url,status,path,bytes,content_type,sha256
https://iclass.tku.edu.tw/,200,raw/iclass.tku.edu.tw/index/index.html,1629,text/html,171ac9a03bce084396b5a56419081fd25911dd9171b24600ed7a5f5cb82aa649
https://iclass.tku.edu.tw/api/,404,raw/iclass.tku.edu.tw/api/index.json,45,application/json,60b6b8c04b6d0fbad792e7395ee7f60dfc0718807869aa7d1fd5131c0d273e2c
https://iclass.tku.edu.tw/api/academic-years,200,raw/iclass.tku.edu.tw/api/academic-years.json,340,application/json,de0aa493a4aec96a2b43aa90903f9971c0a1788cd6fc372031890d340d12920f
"https://iclass.tku.edu.tw/api/academic-years?fields=id,name,sort,is_active",200,raw/iclass.tku.edu.tw/api/academic-years__q_d63a01cb0b.json,519,application/json,fef99ddc2fddb0817d745e0f1d833ad2aeec37a8f1044dce9f109d600def2145
https://iclass.tku.edu.tw/api/activies/classin/join-url,500,raw/iclass.tku.edu.tw/api/activies/classin/join-url.html,1085,text/html; charset=utf-8,df092986fca53fffb12e6116f06e8a2e902b0f81153bd0abac7a6cc2a982e615
https://iclass.tku.edu.tw/api/activies/classin/join-url?course_id=,500,raw/iclass.tku.edu.tw/api/activies/classin/join-url__q_0e8c8d66de.html,1085,text/html; charset=utf-8,df092986fca53fffb12e6116f06e8a2e902b0f81153bd0abac7a6cc2a982e615
https://iclass.tku.edu.tw/api/activities,500,raw/iclass.tku.edu.tw/api/activities.html,1085,text/html; charset=utf-8,df092986fca53fffb12e6116f06e8a2e902b0f81153bd0abac7a6cc2a982e615
https://iclass.tku.edu.tw/api/activities/,404,raw/iclass.tku.edu.tw/api/activities/index.json,45,application/json,60b6b8c04b6d0fbad792e7395ee7f60dfc0718807869aa7d1fd5131c0d273e2c
https://iclass.tku.edu.tw/api/activities/classin/webcast-url,400,raw/iclass.tku.edu.tw/api/activities/classin/webcast-url.json,52,application/json,909a6b3c8f14c9e67ee2cad768fae3ae5087618c4f38d24ecd0f677d2d791eed
https://iclass.tku.edu.tw/api/activities/have-dependents,200,raw/iclass.tku.edu.tw/api/activities/have-dependents.json,25,application/json,08b9d4d3c1bc90887dbf1cc5b97a4f1ef1a06082b0ece0ecd83fc92e894c7d64
https://iclass.tku.edu.tw/api/activities/is-locked?activity_conditions=,500,raw/iclass.tku.edu.tw/api/activities/is-locked__q_046929f855.html,1085,text/html; charset=utf-8,df092986fca53fffb12e6116f06e8a2e902b0f81153bd0abac7a6cc2a982e615
https://iclass.tku.edu.tw/api/activities/resources/,404,raw/iclass.tku.edu.tw/api/activities/resources/index.json,45,application/json,60b6b8c04b6d0fbad792e7395ee7f60dfc0718807869aa7d1fd5131c0d273e2c
https://iclass.tku.edu.tw/api/activity-resort,500,raw/iclass.tku.edu.tw/api/activity-resort.html,1085,text/html; charset=utf-8,df092986fca53fffb12e6116f06e8a2e902b0f81153bd0abac7a6cc2a982e615
https://iclass.tku.edu.tw/api/activity/,404,raw/iclass.tku.edu.tw/api/activity/index.json,45,application/json,60b6b8c04b6d0fbad792e7395ee7f60dfc0718807869aa7d1fd5131c0d273e2c
https://iclass.tku.edu.tw/api/activity/cloud-classroom?start=,200,raw/iclass.tku.edu.tw/api/activity/cloud-classroom__q_3be9190883.json,24,application/json,46d6b1310acc35da022e8ce3ba897cb4a82ee3fc16bb2ab8725dddce500ed322
https://iclass.tku.edu.tw/api/ai-ppt/usage,500,raw/iclass.tku.edu.tw/api/ai-ppt/usage.html,1085,text/html; charset=utf-8,df092986fca53fffb12e6116f06e8a2e902b0f81153bd0abac7a6cc2a982e615
https://iclass.tku.edu.tw/api/ai-ppt/usage/stats,404,raw/iclass.tku.edu.tw/api/ai-ppt/usage/stats.json,45,application/json,60b6b8c04b6d0fbad792e7395ee7f60dfc0718807869aa7d1fd5131c0d273e2c
https://iclass.tku.edu.tw/api/ai-ppt/user-usage/export,500,raw/iclass.tku.edu.tw/api/ai-ppt/user-usage/export.html,1085,text/html; charset=utf-8,df092986fca53fffb12e6116f06e8a2e902b0f81153bd0abac7a6cc2a982e615
https://iclass.tku.edu.tw/api/ai-ppt/user/usage/count,404,raw/iclass.tku.edu.tw/api/ai-ppt/user/usage/count.json,45,application/json,60b6b8c04b6d0fbad792e7395ee7f60dfc0718807869aa7d1fd5131c0d273e2c
https://iclass.tku.edu.tw/api/air-credit/audits,404,raw/iclass.tku.edu.tw/api/air-credit/audits.json,45,application/json,60b6b8c04b6d0fbad792e7395ee7f60dfc0718807869aa7d1fd5131c0d273e2c
https://iclass.tku.edu.tw/api/air-credit/audits/,404,raw/iclass.tku.edu.tw/api/air-credit/audits/index.json,45,application/json,60b6b8c04b6d0fbad792e7395ee7f60dfc0718807869aa7d1fd5131c0d273e2c
https://iclass.tku.edu.tw/api/air-credit/course,404,raw/iclass.tku.edu.tw/api/air-credit/course.json,45,application/json,60b6b8c04b6d0fbad792e7395ee7f60dfc0718807869aa7d1fd5131c0d273e2c
https://iclass.tku.edu.tw/api/air-credit/course/credit-states,404,raw/iclass.tku.edu.tw/api/air-credit/course/credit-states.json,45,application/json,60b6b8c04b6d0fbad792e7395ee7f60dfc0718807869aa7d1fd5131c0d273e2c
https://iclass.tku.edu.tw/api/air-credit/course/credit-states-stats/export,500,raw/iclass.tku.edu.tw/api/air-credit/course/credit-states-stats/export.html,1085,text/html; charset=utf-8,df092986fca53fffb12e6116f06e8a2e902b0f81153bd0abac7a6cc2a982e615
https://iclass.tku.edu.tw/api/air-credit/course/usage-limit,500,raw/iclass.tku.edu.tw/api/air-credit/course/usage-limit.html,1085,text/html; charset=utf-8,df092986fca53fffb12e6116f06e8a2e902b0f81153bd0abac7a6cc2a982e615
https://iclass.tku.edu.tw/api/air-credit/courses/,404,raw/iclass.tku.edu.tw/api/air-credit/courses/index.json,45,application/json,60b6b8c04b6d0fbad792e7395ee7f60dfc0718807869aa7d1fd5131c0d273e2c
https://iclass.tku.edu.tw/api/air-credit/credit-states-stats,404,raw/iclass.tku.edu.tw/api/air-credit/credit-states-stats.json,45,application/json,60b6b8c04b6d0fbad792e7395ee7f60dfc0718807869aa7d1fd5131c0d273e2c
https://iclass.tku.edu.tw/api/air-credit/credit-states-summary,404,raw/iclass.tku.edu.tw/api/air-credit/credit-states-summary.json,45,application/json,60b6b8c04b6d0fbad792e7395ee7f60dfc0718807869aa7d1fd5131c0d273e2c
https://iclass.tku.edu.tw/api/air-credit/credits,500,raw/iclass.tku.edu.tw/api/air-credit/credits.html,1085,text/html; charset=utf-8,df092986fca53fffb12e6116f06e8a2e902b0f81153bd0abac7a6cc2a982e615
https://iclass.tku.edu.tw/api/air-credit/credits/clear-remaining-credits,500,raw/iclass.tku.edu.tw/api/air-credit/credits/clear-remaining-credits.html,1085,text/html; charset=utf-8,df092986fca53fffb12e6116f06e8a2e902b0f81153bd0abac7a6cc2a982e615
https://iclass.tku.edu.tw/api/air-credit/credits/status,500,raw/iclass.tku.edu.tw/api/air-credit/credits/status.html,1085,text/html; charset=utf-8,df092986fca53fffb12e6116f06e8a2e902b0f81153bd0abac7a6cc2a982e615
https://iclass.tku.edu.tw/api/air-credit/instructors/current-semester-courses,200,raw/iclass.tku.edu.tw/api/air-credit/instructors/current-semester-courses.json,3,application/json,ca3d163bab055381827226140568f3bef7eaac187cebd76878e0b63e9e442356
https://iclass.tku.edu.tw/api/air-credit/org/credit-state-info,403,raw/iclass.tku.edu.tw/api/air-credit/org/credit-state-info.json,75,application/json,578f1cc0086e5307ac7f19766e6c82539226c01bed9c4a4a1cacd151e9a1d212
https://iclass.tku.edu.tw/api/air-credit/resources/,404,raw/iclass.tku.edu.tw/api/air-credit/resources/index.json,45,application/json,60b6b8c04b6d0fbad792e7395ee7f60dfc0718807869aa7d1fd5131c0d273e2c
https://iclass.tku.edu.tw/api/air-credit/user,404,raw/iclass.tku.edu.tw/api/air-credit/user.json,45,application/json,60b6b8c04b6d0fbad792e7395ee7f60dfc0718807869aa7d1fd5131c0d273e2c
https://iclass.tku.edu.tw/api/air-credit/user/courses/ai-ability,200,raw/iclass.tku.edu.tw/api/air-credit/user/courses/ai-ability.json,36,application/json,cd674e6bbf0057afd18943ee089d2ba3b85298998a4b1cef852658d097b45bda
https://iclass.tku.edu.tw/api/air-credit/user/credit-states,404,raw/iclass.tku.edu.tw/api/air-credit/user/credit-states.json,45,application/json,60b6b8c04b6d0fbad792e7395ee7f60dfc0718807869aa7d1fd5131c0d273e2c
https://iclass.tku.edu.tw/api/air-credit/user/credit-states-stats/export,500,raw/iclass.tku.edu.tw/api/air-credit/user/credit-states-stats/export.html,1085,text/html; charset=utf-8,df092986fca53fffb12e6116f06e8a2e902b0f81153bd0abac7a6cc2a982e615
https://iclass.tku.edu.tw/api/air-credit/user/token,404,raw/iclass.tku.edu.tw/api/air-credit/user/token.json,45,application/json,60b6b8c04b6d0fbad792e7395ee7f60dfc0718807869aa7d1fd5131c0d273e2c
https://iclass.tku.edu.tw/api/air-credit/users/,404,raw/iclass.tku.edu.tw/api/air-credit/users/index.json,45,application/json,60b6b8c04b6d0fbad792e7395ee7f60dfc0718807869aa7d1fd5131c0d273e2c
https://iclass.tku.edu.tw/api/alert-logs/,404,raw/iclass.tku.edu.tw/api/alert-logs/index.json,45,application/json,60b6b8c04b6d0fbad792e7395ee7f60dfc0718807869aa7d1fd5131c0d273e2c
https://iclass.tku.edu.tw/api/alert/members?user_ids=,403,raw/iclass.tku.edu.tw/api/alert/members__q_1807a3f638.json,75,application/json,578f1cc0086e5307ac7f19766e6c82539226c01bed9c4a4a1cacd151e9a1d212
https://iclass.tku.edu.tw/api/alert/messages,200,raw/iclass.tku.edu.tw/api/alert/messages.json,12,application/json,25ac29823ea32c588d7536a57d86d5eca0f9a65b9f951dabc9de7e8c6560ad90
https://iclass.tku.edu.tw/api/alert/messages/read,500,raw/iclass.tku.edu.tw/api/alert/messages/read.html,1085,text/html; charset=utf-8,df092986fca53fffb12e6116f06e8a2e902b0f81153bd0abac7a6cc2a982e615
https://iclass.tku.edu.tw/api/alerts,404,raw/iclass.tku.edu.tw/api/alerts.json,45,application/json,60b6b8c04b6d0fbad792e7395ee7f60dfc0718807869aa7d1fd5131c0d273e2c
https://iclass.tku.edu.tw/api/alerts/,404,raw/iclass.tku.edu.tw/api/alerts/index.json,45,application/json,60b6b8c04b6d0fbad792e7395ee7f60dfc0718807869aa7d1fd5131c0d273e2c
https://iclass.tku.edu.tw/api/all-orgs,200,raw/iclass.tku.edu.tw/api/all-orgs.json,608,application/json,7a8dd1e19584fb72677a0b220e4f595a854582caa4a77467beb9116c9edde00c
https://iclass.tku.edu.tw/api/announcement,200,raw/iclass.tku.edu.tw/api/announcement.json,21,application/json,552fc7344605827d0a4dc75d2baf66cf7ad9b77b9e400a6cd698f2349c6e962b
https://iclass.tku.edu.tw/api/ask-questions/,404,raw/iclass.tku.edu.tw/api/ask-questions/index.json,45,application/json,60b6b8c04b6d0fbad792e7395ee7f60dfc0718807869aa7d1fd5131c0d273e2c
https://iclass.tku.edu.tw/api/audit/vtrses,403,raw/iclass.tku.edu.tw/api/audit/vtrses.json,75,application/json,578f1cc0086e5307ac7f19766e6c82539226c01bed9c4a4a1cacd151e9a1d212
https://iclass.tku.edu.tw/api/auth_code/auth_validate,403,raw/iclass.tku.edu.tw/api/auth_code/auth_validate.json,75,application/json,578f1cc0086e5307ac7f19766e6c82539226c01bed9c4a4a1cacd151e9a1d212
https://iclass.tku.edu.tw/api/auth_code/get_auth_code,500,raw/iclass.tku.edu.tw/api/auth_code/get_auth_code.html,1085,text/html; charset=utf-8,df092986fca53fffb12e6116f06e8a2e902b0f81153bd0abac7a6cc2a982e615
https://iclass.tku.edu.tw/api/auth_code/validate_auth_code,500,raw/iclass.tku.edu.tw/api/auth_code/validate_auth_code.html,1085,text/html; charset=utf-8,df092986fca53fffb12e6116f06e8a2e902b0f81153bd0abac7a6cc2a982e615
https://iclass.tku.edu.tw/api/authz/,404,raw/iclass.tku.edu.tw/api/authz/index.json,45,application/json,60b6b8c04b6d0fbad792e7395ee7f60dfc0718807869aa7d1fd5131c0d273e2c
https://iclass.tku.edu.tw/api/authz/course-permissions,403,raw/iclass.tku.edu.tw/api/authz/course-permissions.json,75,application/json,578f1cc0086e5307ac7f19766e6c82539226c01bed9c4a4a1cacd151e9a1d212
https://iclass.tku.edu.tw/api/authz/course-role/,404,raw/iclass.tku.edu.tw/api/authz/course-role/index.json,45,application/json,60b6b8c04b6d0fbad792e7395ee7f60dfc0718807869aa7d1fd5131c0d273e2c
https://iclass.tku.edu.tw/api/authz/course-roles,403,raw/iclass.tku.edu.tw/api/authz/course-roles.json,75,application/json,578f1cc0086e5307ac7f19766e6c82539226c01bed9c4a4a1cacd151e9a1d212
https://iclass.tku.edu.tw/api/authz/course-roles/,404,raw/iclass.tku.edu.tw/api/authz/course-roles/index.json,45,application/json,60b6b8c04b6d0fbad792e7395ee7f60dfc0718807869aa7d1fd5131c0d273e2c
https://iclass.tku.edu.tw/api/authz/course-roles?conditions=,403,raw/iclass.tku.edu.tw/api/authz/course-roles__q_312ea1bc9c.json,75,application/json,578f1cc0086e5307ac7f19766e6c82539226c01bed9c4a4a1cacd151e9a1d212
https://iclass.tku.edu.tw/api/authz/courses/,404,raw/iclass.tku.edu.tw/api/authz/courses/index.json,45,application/json,60b6b8c04b6d0fbad792e7395ee7f60dfc0718807869aa7d1fd5131c0d273e2c
https://iclass.tku.edu.tw/api/authz/permissions,403,raw/iclass.tku.edu.tw/api/authz/permissions.json,75,application/json,578f1cc0086e5307ac7f19766e6c82539226c01bed9c4a4a1cacd151e9a1d212
https://iclass.tku.edu.tw/api/authz/roles,403,raw/iclass.tku.edu.tw/api/authz/roles.json,75,application/json,578f1cc0086e5307ac7f19766e6c82539226c01bed9c4a4a1cacd151e9a1d212
https://iclass.tku.edu.tw/api/authz/roles/,404,raw/iclass.tku.edu.tw/api/authz/roles/index.json,45,application/json,60b6b8c04b6d0fbad792e7395ee7f60dfc0718807869aa7d1fd5131c0d273e2c
https://iclass.tku.edu.tw/api/authz/user-roles,500,raw/iclass.tku.edu.tw/api/authz/user-roles.html,1085,text/html; charset=utf-8,df092986fca53fffb12e6116f06e8a2e902b0f81153bd0abac7a6cc2a982e615
https://iclass.tku.edu.tw/api/authz/user-roles?page=,500,raw/iclass.tku.edu.tw/api/authz/user-roles__q_ee1eaef797.html,1085,text/html; charset=utf-8,df092986fca53fffb12e6116f06e8a2e902b0f81153bd0abac7a6cc2a982e615
https://iclass.tku.edu.tw/api/auto-create,500,raw/iclass.tku.edu.tw/api/auto-create.html,1085,text/html; charset=utf-8,df092986fca53fffb12e6116f06e8a2e902b0f81153bd0abac7a6cc2a982e615
https://iclass.tku.edu.tw/api/blueprint/,404,raw/iclass.tku.edu.tw/api/blueprint/index.json,45,application/json,60b6b8c04b6d0fbad792e7395ee7f60dfc0718807869aa7d1fd5131c0d273e2c
https://iclass.tku.edu.tw/api/blueprint/sub-courses/,404,raw/iclass.tku.edu.tw/api/blueprint/sub-courses/index.json,45,application/json,60b6b8c04b6d0fbad792e7395ee7f60dfc0718807869aa7d1fd5131c0d273e2c
https://iclass.tku.edu.tw/api/bulletins/,404,raw/iclass.tku.edu.tw/api/bulletins/index.json,45,application/json,60b6b8c04b6d0fbad792e7395ee7f60dfc0718807869aa7d1fd5131c0d273e2c
https://iclass.tku.edu.tw/api/bulletins/latest,200,raw/iclass.tku.edu.tw/api/bulletins/latest.json,35325,application/json,78d60f87d5cfc5337a0c9fc4f1345796bd506a15f3a814b0162887c3d30a203b
https://iclass.tku.edu.tw/api/calendar-alerts?no-intercept=true,200,raw/iclass.tku.edu.tw/api/calendar-alerts__q_ee79111d36.json,368,application/json,a3ad4d458389ee511a7553e736f856a135dd9f83c0096a782e26f294677c1943
https://iclass.tku.edu.tw/api/calendar-events,200,raw/iclass.tku.edu.tw/api/calendar-events.json,14,application/json,d6053dda260da778dcad98434c1a672afd317805d1079b735aa87943b454e6cf
https://iclass.tku.edu.tw/api/calendar-events/,404,raw/iclass.tku.edu.tw/api/calendar-events/index.json,45,application/json,60b6b8c04b6d0fbad792e7395ee7f60dfc0718807869aa7d1fd5131c0d273e2c
https://iclass.tku.edu.tw/api/calendar-events/users/,404,raw/iclass.tku.edu.tw/api/calendar-events/users/index.json,45,application/json,60b6b8c04b6d0fbad792e7395ee7f60dfc0718807869aa7d1fd5131c0d273e2c
https://iclass.tku.edu.tw/api/calendar-events?no-intercept=true,200,raw/iclass.tku.edu.tw/api/calendar-events__q_ee79111d36.json,14,application/json,d6053dda260da778dcad98434c1a672afd317805d1079b735aa87943b454e6cf
https://iclass.tku.edu.tw/api/calendar-key-events,200,raw/iclass.tku.edu.tw/api/calendar-key-events.json,22,application/json,7ac3302e15f862af7e65e0947db52044d6d658be5acb2e2a24878ae89d114e94
https://iclass.tku.edu.tw/api/calendar-meeting,200,raw/iclass.tku.edu.tw/api/calendar-meeting.json,24,application/json,753eb2111de1b9484bd88fa52cc7f70e40ead408cca9de8764cab2580ef49145
https://iclass.tku.edu.tw/api/calendar-meeting/,404,raw/iclass.tku.edu.tw/api/calendar-meeting/index.json,45,application/json,60b6b8c04b6d0fbad792e7395ee7f60dfc0718807869aa7d1fd5131c0d273e2c
https://iclass.tku.edu.tw/api/calendar-tag,500,raw/iclass.tku.edu.tw/api/calendar-tag.html,1085,text/html; charset=utf-8,df092986fca53fffb12e6116f06e8a2e902b0f81153bd0abac7a6cc2a982e615
https://iclass.tku.edu.tw/api/calendar-tag/,404,raw/iclass.tku.edu.tw/api/calendar-tag/index.json,45,application/json,60b6b8c04b6d0fbad792e7395ee7f60dfc0718807869aa7d1fd5131c0d273e2c
https://iclass.tku.edu.tw/api/calendar-teaching-weeks,500,raw/iclass.tku.edu.tw/api/calendar-teaching-weeks.html,1085,text/html; charset=utf-8,df092986fca53fffb12e6116f06e8a2e902b0f81153bd0abac7a6cc2a982e615
https://iclass.tku.edu.tw/api/calendar-timetables,404,raw/iclass.tku.edu.tw/api/calendar-timetables.json,45,application/json,60b6b8c04b6d0fbad792e7395ee7f60dfc0718807869aa7d1fd5131c0d273e2c
https://iclass.tku.edu.tw/api/calendar-timetables/,404,raw/iclass.tku.edu.tw/api/calendar-timetables/index.json,45,application/json,60b6b8c04b6d0fbad792e7395ee7f60dfc0718807869aa7d1fd5131c0d273e2c
https://iclass.tku.edu.tw/api/calendar-timetables?no-intercept=true,404,raw/iclass.tku.edu.tw/api/calendar-timetables__q_ee79111d36.json,45,application/json,60b6b8c04b6d0fbad792e7395ee7f60dfc0718807869aa7d1fd5131c0d273e2c
https://iclass.tku.edu.tw/api/calendar-timetables?start=,404,raw/iclass.tku.edu.tw/api/calendar-timetables__q_3be9190883.json,45,application/json,60b6b8c04b6d0fbad792e7395ee7f60dfc0718807869aa7d1fd5131c0d273e2c
https://iclass.tku.edu.tw/api/campus-subject-lib/classifications,200,raw/iclass.tku.edu.tw/api/campus-subject-lib/classifications.json,23,application/json,f925a98e3f728485c98fb2cd032fcce06f22483c057f09776b9490328e17ad4f
https://iclass.tku.edu.tw/api/campus-subject-lib/classifications/subject-count,200,raw/iclass.tku.edu.tw/api/campus-subject-lib/classifications/subject-count.json,8,application/json,cd7f8b4cdb05ed7e5104922e74b0af4fef51fb540891ab7fba482611bffb3014
https://iclass.tku.edu.tw/api/campus-subject-lib/combination-subjects,500,raw/iclass.tku.edu.tw/api/campus-subject-lib/combination-subjects.html,1085,text/html; charset=utf-8,df092986fca53fffb12e6116f06e8a2e902b0f81153bd0abac7a6cc2a982e615
https://iclass.tku.edu.tw/api/campus-subject-lib/combination-subjects/,404,raw/iclass.tku.edu.tw/api/campus-subject-lib/combination-subjects/index.json,45,application/json,60b6b8c04b6d0fbad792e7395ee7f60dfc0718807869aa7d1fd5131c0d273e2c
https://iclass.tku.edu.tw/api/campus-subject-lib/subject/publish,500,raw/iclass.tku.edu.tw/api/campus-subject-lib/subject/publish.html,1085,text/html; charset=utf-8,df092986fca53fffb12e6116f06e8a2e902b0f81153bd0abac7a6cc2a982e615
https://iclass.tku.edu.tw/api/campus-subject-lib/subjects,200,raw/iclass.tku.edu.tw/api/campus-subject-lib/subjects.json,78,application/json,4efee40150a3ebac4d4f322b7474cfb8f6765afcd86fa8f9ca81c0bd73786c8c
https://iclass.tku.edu.tw/api/campus-subject-lib/subjects/,404,raw/iclass.tku.edu.tw/api/campus-subject-lib/subjects/index.json,45,application/json,60b6b8c04b6d0fbad792e7395ee7f60dfc0718807869aa7d1fd5131c0d273e2c
https://iclass.tku.edu.tw/api/captcha-code,200,raw/iclass.tku.edu.tw/api/captcha-code.jpg,2701,image/jpeg,5c6a257732ea1126539aeb97e866b5d4aa1ad22b6b380db7ce7576fe37503495
https://iclass.tku.edu.tw/api/captures/,404,raw/iclass.tku.edu.tw/api/captures/index.json,45,application/json,60b6b8c04b6d0fbad792e7395ee7f60dfc0718807869aa7d1fd5131c0d273e2c
https://iclass.tku.edu.tw/api/categories/,404,raw/iclass.tku.edu.tw/api/categories/index.json,45,application/json,60b6b8c04b6d0fbad792e7395ee7f60dfc0718807869aa7d1fd5131c0d273e2c
https://iclass.tku.edu.tw/api/cc-license/groups,200,raw/iclass.tku.edu.tw/api/cc-license/groups.json,940,application/json,d24c4696d54bb67f232be06d952d66ba59491c27da18d86fc8480a4239b5f5ef
https://iclass.tku.edu.tw/api/cc-license/map,200,raw/iclass.tku.edu.tw/api/cc-license/map.json,1887,application/json,74f460fb1df83eaefdf2604d8621da02c0bba81870e62ed28a45d0bfe17cd59d
https://iclass.tku.edu.tw/api/certifications,200,raw/iclass.tku.edu.tw/api/certifications.json,22,application/json,fe1e428d865399b6c94d3794abaabf5f53417453f04b79504d939cae6697c26e
https://iclass.tku.edu.tw/api/certifications-for-management,403,raw/iclass.tku.edu.tw/api/certifications-for-management.json,75,application/json,578f1cc0086e5307ac7f19766e6c82539226c01bed9c4a4a1cacd151e9a1d212
https://iclass.tku.edu.tw/api/chatrooms/,404,raw/iclass.tku.edu.tw/api/chatrooms/index.json,45,application/json,60b6b8c04b6d0fbad792e7395ee7f60dfc0718807869aa7d1fd5131c0d273e2c
https://iclass.tku.edu.tw/api/chinamcloud/resources,400,raw/iclass.tku.edu.tw/api/chinamcloud/resources.json,64,application/json,0bd7401b3f316a94057b232a322647362a1054685634ec2ab4ad364d61a6ee01
https://iclass.tku.edu.tw/api/classes,200,raw/iclass.tku.edu.tw/api/classes.json,3297,application/json,b97111ccd7fe8953469e62703522ba637c04e4da5fa3499cdb73b13ab8015194
https://iclass.tku.edu.tw/api/classes/,404,raw/iclass.tku.edu.tw/api/classes/index.json,45,application/json,60b6b8c04b6d0fbad792e7395ee7f60dfc0718807869aa7d1fd5131c0d273e2c
https://iclass.tku.edu.tw/api/classes?org_id=,200,raw/iclass.tku.edu.tw/api/classes__q_7eb221d14c.json,3297,application/json,b97111ccd7fe8953469e62703522ba637c04e4da5fa3499cdb73b13ab8015194
https://iclass.tku.edu.tw/api/classroom-exams/,404,raw/iclass.tku.edu.tw/api/classroom-exams/index.json,45,application/json,60b6b8c04b6d0fbad792e7395ee7f60dfc0718807869aa7d1fd5131c0d273e2c
https://iclass.tku.edu.tw/api/classroom-report/plugins/,404,raw/iclass.tku.edu.tw/api/classroom-report/plugins/index.json,45,application/json,60b6b8c04b6d0fbad792e7395ee7f60dfc0718807869aa7d1fd5131c0d273e2c
https://iclass.tku.edu.tw/api/classroom/,500,raw/iclass.tku.edu.tw/api/classroom/index.html,1085,text/html; charset=utf-8,df092986fca53fffb12e6116f06e8a2e902b0f81153bd0abac7a6cc2a982e615
https://iclass.tku.edu.tw/api/classrooms/,404,raw/iclass.tku.edu.tw/api/classrooms/index.json,45,application/json,60b6b8c04b6d0fbad792e7395ee7f60dfc0718807869aa7d1fd5131c0d273e2c
https://iclass.tku.edu.tw/api/cloud-classroom/,404,raw/iclass.tku.edu.tw/api/cloud-classroom/index.json,45,application/json,60b6b8c04b6d0fbad792e7395ee7f60dfc0718807869aa7d1fd5131c0d273e2c
https://iclass.tku.edu.tw/api/cloud-classroom/live-classes/export/excel?order_by=,403,raw/iclass.tku.edu.tw/api/cloud-classroom/live-classes/export/excel__q_d70f56dff4.json,75,application/json,578f1cc0086e5307ac7f19766e6c82539226c01bed9c4a4a1cacd151e9a1d212
https://iclass.tku.edu.tw/api/combine-courses,404,raw/iclass.tku.edu.tw/api/combine-courses.json,45,application/json,60b6b8c04b6d0fbad792e7395ee7f60dfc0718807869aa7d1fd5131c0d273e2c
https://iclass.tku.edu.tw/api/combine-courses/,404,raw/iclass.tku.edu.tw/api/combine-courses/index.json,45,application/json,60b6b8c04b6d0fbad792e7395ee7f60dfc0718807869aa7d1fd5131c0d273e2c
https://iclass.tku.edu.tw/api/completion-criteria,500,raw/iclass.tku.edu.tw/api/completion-criteria.html,1085,text/html; charset=utf-8,df092986fca53fffb12e6116f06e8a2e902b0f81153bd0abac7a6cc2a982e615
https://iclass.tku.edu.tw/api/config?no-intercept=true,403,raw/iclass.tku.edu.tw/api/config__q_ee79111d36.html,14,text/html; charset=utf-8,d5ad7509d5480f07527fc1f7b760d9430a2e7fa944b184a6ff8d9318931d5eb9
https://iclass.tku.edu.tw/api/copy-third-part-resources,500,raw/iclass.tku.edu.tw/api/copy-third-part-resources.html,1085,text/html; charset=utf-8,df092986fca53fffb12e6116f06e8a2e902b0f81153bd0abac7a6cc2a982e615
https://iclass.tku.edu.tw/api/correction-books/,404,raw/iclass.tku.edu.tw/api/correction-books/index.json,45,application/json,60b6b8c04b6d0fbad792e7395ee7f60dfc0718807869aa7d1fd5131c0d273e2c
https://iclass.tku.edu.tw/api/course,500,raw/iclass.tku.edu.tw/api/course.html,1085,text/html; charset=utf-8,df092986fca53fffb12e6116f06e8a2e902b0f81153bd0abac7a6cc2a982e615
https://iclass.tku.edu.tw/api/course-bulletins,200,raw/iclass.tku.edu.tw/api/course-bulletins.json,41277,application/json,7e6e83d67fe4d40b017e4628ceb7a78b6ce851f1090d7c87167b818cdb550e81
https://iclass.tku.edu.tw/api/course-classification,500,raw/iclass.tku.edu.tw/api/course-classification.html,1085,text/html; charset=utf-8,df092986fca53fffb12e6116f06e8a2e902b0f81153bd0abac7a6cc2a982e615
https://iclass.tku.edu.tw/api/course-classifications,200,raw/iclass.tku.edu.tw/api/course-classifications.json,970,application/json,5cf2cea8d000be3f9394b4f2c40430a09d6d6bc6fe3c13bf1ec7b6e7d4f900f2
https://iclass.tku.edu.tw/api/course-classifications/,404,raw/iclass.tku.edu.tw/api/course-classifications/index.json,45,application/json,60b6b8c04b6d0fbad792e7395ee7f60dfc0718807869aa7d1fd5131c0d273e2c
https://iclass.tku.edu.tw/api/course-copy/copy,500,raw/iclass.tku.edu.tw/api/course-copy/copy.html,1085,text/html; charset=utf-8,df092986fca53fffb12e6116f06e8a2e902b0f81153bd0abac7a6cc2a982e615
https://iclass.tku.edu.tw/api/course-copy/courses,500,raw/iclass.tku.edu.tw/api/course-copy/courses.html,1085,text/html; charset=utf-8,df092986fca53fffb12e6116f06e8a2e902b0f81153bd0abac7a6cc2a982e615
https://iclass.tku.edu.tw/api/course-estimate,500,raw/iclass.tku.edu.tw/api/course-estimate.html,1085,text/html; charset=utf-8,df092986fca53fffb12e6116f06e8a2e902b0f81153bd0abac7a6cc2a982e615
https://iclass.tku.edu.tw/api/course-estimate-replies/,404,raw/iclass.tku.edu.tw/api/course-estimate-replies/index.json,45,application/json,60b6b8c04b6d0fbad792e7395ee7f60dfc0718807869aa7d1fd5131c0d273e2c
https://iclass.tku.edu.tw/api/course-estimate-reply,500,raw/iclass.tku.edu.tw/api/course-estimate-reply.html,1085,text/html; charset=utf-8,df092986fca53fffb12e6116f06e8a2e902b0f81153bd0abac7a6cc2a982e615
https://iclass.tku.edu.tw/api/course-estimate-reply/,404,raw/iclass.tku.edu.tw/api/course-estimate-reply/index.json,45,application/json,60b6b8c04b6d0fbad792e7395ee7f60dfc0718807869aa7d1fd5131c0d273e2c
https://iclass.tku.edu.tw/api/course-estimate/,404,raw/iclass.tku.edu.tw/api/course-estimate/index.json,45,application/json,60b6b8c04b6d0fbad792e7395ee7f60dfc0718807869aa7d1fd5131c0d273e2c
https://iclass.tku.edu.tw/api/course-estimates-replies/,404,raw/iclass.tku.edu.tw/api/course-estimates-replies/index.json,45,application/json,60b6b8c04b6d0fbad792e7395ee7f60dfc0718807869aa7d1fd5131c0d273e2c
https://iclass.tku.edu.tw/api/course-estimates/,404,raw/iclass.tku.edu.tw/api/course-estimates/index.json,45,application/json,60b6b8c04b6d0fbad792e7395ee7f60dfc0718807869aa7d1fd5131c0d273e2c
https://iclass.tku.edu.tw/api/course-estimates/122209,200,raw/iclass.tku.edu.tw/api/course-estimates/122209.json,24,application/json,03034f0090875d9153a9cccf64d1ef7490dca014e929bcba3b50e9fcfafa0edc
https://iclass.tku.edu.tw/api/course-estimates/170015,200,raw/iclass.tku.edu.tw/api/course-estimates/170015.json,24,application/json,03034f0090875d9153a9cccf64d1ef7490dca014e929bcba3b50e9fcfafa0edc
https://iclass.tku.edu.tw/api/course-estimates/240019,200,raw/iclass.tku.edu.tw/api/course-estimates/240019.json,24,application/json,03034f0090875d9153a9cccf64d1ef7490dca014e929bcba3b50e9fcfafa0edc
https://iclass.tku.edu.tw/api/course-estimates/240020,200,raw/iclass.tku.edu.tw/api/course-estimates/240020.json,266,application/json,1ba63c0893c27126dd71cab46415cc2d94c38a7ca19a4596971ffe1ea66e562a
https://iclass.tku.edu.tw/api/course-estimates/258757,200,raw/iclass.tku.edu.tw/api/course-estimates/258757.json,24,application/json,03034f0090875d9153a9cccf64d1ef7490dca014e929bcba3b50e9fcfafa0edc
https://iclass.tku.edu.tw/api/course-estimates/263201,200,raw/iclass.tku.edu.tw/api/course-estimates/263201.json,24,application/json,03034f0090875d9153a9cccf64d1ef7490dca014e929bcba3b50e9fcfafa0edc
https://iclass.tku.edu.tw/api/course-estimates/34466,200,raw/iclass.tku.edu.tw/api/course-estimates/34466.json,24,application/json,03034f0090875d9153a9cccf64d1ef7490dca014e929bcba3b50e9fcfafa0edc
https://iclass.tku.edu.tw/api/course-estimates/34922,200,raw/iclass.tku.edu.tw/api/course-estimates/34922.json,24,application/json,03034f0090875d9153a9cccf64d1ef7490dca014e929bcba3b50e9fcfafa0edc
https://iclass.tku.edu.tw/api/course-packages,200,raw/iclass.tku.edu.tw/api/course-packages.json,100,application/json,180831f943c919db51684ece93defa0f20136b64c6ddaabf21b9299e836ef655
https://iclass.tku.edu.tw/api/course-packages/,404,raw/iclass.tku.edu.tw/api/course-packages/index.json,45,application/json,60b6b8c04b6d0fbad792e7395ee7f60dfc0718807869aa7d1fd5131c0d273e2c
https://iclass.tku.edu.tw/api/course-subject,500,raw/iclass.tku.edu.tw/api/course-subject.html,1085,text/html; charset=utf-8,df092986fca53fffb12e6116f06e8a2e902b0f81153bd0abac7a6cc2a982e615
https://iclass.tku.edu.tw/api/course-subject/,404,raw/iclass.tku.edu.tw/api/course-subject/index.json,45,application/json,60b6b8c04b6d0fbad792e7395ee7f60dfc0718807869aa7d1fd5131c0d273e2c
https://iclass.tku.edu.tw/api/course-subjects,404,raw/iclass.tku.edu.tw/api/course-subjects.json,45,application/json,60b6b8c04b6d0fbad792e7395ee7f60dfc0718807869aa7d1fd5131c0d273e2c
https://iclass.tku.edu.tw/api/course-subjects/,404,raw/iclass.tku.edu.tw/api/course-subjects/index.json,45,application/json,60b6b8c04b6d0fbad792e7395ee7f60dfc0718807869aa7d1fd5131c0d273e2c
https://iclass.tku.edu.tw/api/course/,404,raw/iclass.tku.edu.tw/api/course/index.json,45,application/json,60b6b8c04b6d0fbad792e7395ee7f60dfc0718807869aa7d1fd5131c0d273e2c
https://iclass.tku.edu.tw/api/course/access-code/,404,raw/iclass.tku.edu.tw/api/course/access-code/index.json,45,application/json,60b6b8c04b6d0fbad792e7395ee7f60dfc0718807869aa7d1fd5131c0d273e2c
https://iclass.tku.edu.tw/api/course/activities-read/,404,raw/iclass.tku.edu.tw/api/course/activities-read/index.json,45,application/json,60b6b8c04b6d0fbad792e7395ee7f60dfc0718807869aa7d1fd5131c0d273e2c
https://iclass.tku.edu.tw/api/course/activities-read/exam/,404,raw/iclass.tku.edu.tw/api/course/activities-read/exam/index.json,45,application/json,60b6b8c04b6d0fbad792e7395ee7f60dfc0718807869aa7d1fd5131c0d273e2c
https://iclass.tku.edu.tw/api/course/activities/,404,raw/iclass.tku.edu.tw/api/course/activities/index.json,45,application/json,60b6b8c04b6d0fbad792e7395ee7f60dfc0718807869aa7d1fd5131c0d273e2c
https://iclass.tku.edu.tw/api/course/activity-read/,404,raw/iclass.tku.edu.tw/api/course/activity-read/index.json,45,application/json,60b6b8c04b6d0fbad792e7395ee7f60dfc0718807869aa7d1fd5131c0d273e2c
https://iclass.tku.edu.tw/api/course/bulletins/,404,raw/iclass.tku.edu.tw/api/course/bulletins/index.json,45,application/json,60b6b8c04b6d0fbad792e7395ee7f60dfc0718807869aa7d1fd5131c0d273e2c
https://iclass.tku.edu.tw/api/course/copy,500,raw/iclass.tku.edu.tw/api/course/copy.html,1085,text/html; charset=utf-8,df092986fca53fffb12e6116f06e8a2e902b0f81153bd0abac7a6cc2a982e615
https://iclass.tku.edu.tw/api/course/copy-meta-course,500,raw/iclass.tku.edu.tw/api/course/copy-meta-course.html,1085,text/html; charset=utf-8,df092986fca53fffb12e6116f06e8a2e902b0f81153bd0abac7a6cc2a982e615
https://iclass.tku.edu.tw/api/course/cover-list,200,raw/iclass.tku.edu.tw/api/course/cover-list.json,3128,application/json,d271deac6ded8f8d0ee18410e2a8160cba787b080243797a115c0a8ed1bcb39e
https://iclass.tku.edu.tw/api/course/custom-score-items/,404,raw/iclass.tku.edu.tw/api/course/custom-score-items/index.json,45,application/json,60b6b8c04b6d0fbad792e7395ee7f60dfc0718807869aa7d1fd5131c0d273e2c
https://iclass.tku.edu.tw/api/course/customize,500,raw/iclass.tku.edu.tw/api/course/customize.html,1085,text/html; charset=utf-8,df092986fca53fffb12e6116f06e8a2e902b0f81153bd0abac7a6cc2a982e615
https://iclass.tku.edu.tw/api/course/enrollments,500,raw/iclass.tku.edu.tw/api/course/enrollments.html,1085,text/html; charset=utf-8,df092986fca53fffb12e6116f06e8a2e902b0f81153bd0abac7a6cc2a982e615
https://iclass.tku.edu.tw/api/course/enrollments/,404,raw/iclass.tku.edu.tw/api/course/enrollments/index.json,45,application/json,60b6b8c04b6d0fbad792e7395ee7f60dfc0718807869aa7d1fd5131c0d273e2c
https://iclass.tku.edu.tw/api/course/mbz/import,500,raw/iclass.tku.edu.tw/api/course/mbz/import.html,1085,text/html; charset=utf-8,df092986fca53fffb12e6116f06e8a2e902b0f81153bd0abac7a6cc2a982e615
https://iclass.tku.edu.tw/api/course/shared-records/,404,raw/iclass.tku.edu.tw/api/course/shared-records/index.json,45,application/json,60b6b8c04b6d0fbad792e7395ee7f60dfc0718807869aa7d1fd5131c0d273e2c
https://iclass.tku.edu.tw/api/course_certification/,404,raw/iclass.tku.edu.tw/api/course_certification/index.json,45,application/json,60b6b8c04b6d0fbad792e7395ee7f60dfc0718807869aa7d1fd5131c0d273e2c
https://iclass.tku.edu.tw/api/course_template,500,raw/iclass.tku.edu.tw/api/course_template.html,1085,text/html; charset=utf-8,df092986fca53fffb12e6116f06e8a2e902b0f81153bd0abac7a6cc2a982e615
https://iclass.tku.edu.tw/api/course_template/,404,raw/iclass.tku.edu.tw/api/course_template/index.json,45,application/json,60b6b8c04b6d0fbad792e7395ee7f60dfc0718807869aa7d1fd5131c0d273e2c
https://iclass.tku.edu.tw/api/course_templates?conditions=,200,raw/iclass.tku.edu.tw/api/course_templates__q_312ea1bc9c.json,3,application/json,ca3d163bab055381827226140568f3bef7eaac187cebd76878e0b63e9e442356
https://iclass.tku.edu.tw/api/course_templates?org_id=,200,raw/iclass.tku.edu.tw/api/course_templates__q_7eb221d14c.json,3,application/json,ca3d163bab055381827226140568f3bef7eaac187cebd76878e0b63e9e442356
https://iclass.tku.edu.tw/api/courses-groups,404,raw/iclass.tku.edu.tw/api/courses-groups.json,45,application/json,60b6b8c04b6d0fbad792e7395ee7f60dfc0718807869aa7d1fd5131c0d273e2c
https://iclass.tku.edu.tw/api/courses-groups/,404,raw/iclass.tku.edu.tw/api/courses-groups/index.json,45,application/json,60b6b8c04b6d0fbad792e7395ee7f60dfc0718807869aa7d1fd5131c0d273e2c
https://iclass.tku.edu.tw/api/courses-homework?fields=,400,raw/iclass.tku.edu.tw/api/courses-homework__q_b2d7469233.json,61,application/json,06467ce63b4b5448994cb3d33e214668ecebb6c6f7364bd9ca987a545cc8974e
https://iclass.tku.edu.tw/api/courses-identities?no-intercept=true,200,raw/iclass.tku.edu.tw/api/courses-identities__q_ee79111d36.json,2567,application/json,c2950fb068ee60e4e3eee316a25fef8d72281d13ffb8c20e4c3dfaa09baf5120
https://iclass.tku.edu.tw/api/courses/,404,raw/iclass.tku.edu.tw/api/courses/index.json,45,application/json,60b6b8c04b6d0fbad792e7395ee7f60dfc0718807869aa7d1fd5131c0d273e2c
https://iclass.tku.edu.tw/api/courses/activities/,404,raw/iclass.tku.edu.tw/api/courses/activities/index.json,45,application/json,60b6b8c04b6d0fbad792e7395ee7f60dfc0718807869aa7d1fd5131c0d273e2c
https://iclass.tku.edu.tw/api/courses/ask-questions/,404,raw/iclass.tku.edu.tw/api/courses/ask-questions/index.json,45,application/json,60b6b8c04b6d0fbad792e7395ee7f60dfc0718807869aa7d1fd5131c0d273e2c
https://iclass.tku.edu.tw/api/courses/count,200,raw/iclass.tku.edu.tw/api/courses/count.json,82,application/json,6788c80c46ce88417c30b1d60dd3a9c6db656a4f91d679e1836034f97adef67d
https://iclass.tku.edu.tw/api/courses/danmu/,404,raw/iclass.tku.edu.tw/api/courses/danmu/index.json,45,application/json,60b6b8c04b6d0fbad792e7395ee7f60dfc0718807869aa7d1fd5131c0d273e2c
https://iclass.tku.edu.tw/api/courses/homeworks-submission-status?no-intercept=true,200,raw/iclass.tku.edu.tw/api/courses/homeworks-submission-status__q_ee79111d36.json,167,application/json,c7deb812a64c3b9b2d874bac18e54ab38a3f0a70e2709a2a5e841333e6380d22
https://iclass.tku.edu.tw/api/courses/inspect-child/,404,raw/iclass.tku.edu.tw/api/courses/inspect-child/index.json,45,application/json,60b6b8c04b6d0fbad792e7395ee7f60dfc0718807869aa7d1fd5131c0d273e2c
https://iclass.tku.edu.tw/api/courses/interactions/,404,raw/iclass.tku.edu.tw/api/courses/interactions/index.json,45,application/json,60b6b8c04b6d0fbad792e7395ee7f60dfc0718807869aa7d1fd5131c0d273e2c
https://iclass.tku.edu.tw/api/courses/interactions/vote/,404,raw/iclass.tku.edu.tw/api/courses/interactions/vote/index.json,45,application/json,60b6b8c04b6d0fbad792e7395ee7f60dfc0718807869aa7d1fd5131c0d273e2c
https://iclass.tku.edu.tw/api/courses/lecture-live-activity/,404,raw/iclass.tku.edu.tw/api/courses/lecture-live-activity/index.json,45,application/json,60b6b8c04b6d0fbad792e7395ee7f60dfc0718807869aa7d1fd5131c0d273e2c
https://iclass.tku.edu.tw/api/courses/lesson-timetable,200,raw/iclass.tku.edu.tw/api/courses/lesson-timetable.json,28,application/json,d0f22e913f031df68bef54d73736f15a1a36606c9ef3f635ecaa0342c9023102
https://iclass.tku.edu.tw/api/courses/public,200,raw/iclass.tku.edu.tw/api/courses/public.json,9870,application/json,d16414597f9ed63b8d170d98f2c709e0227b45ea770afc756558c0a2de4752df
https://iclass.tku.edu.tw/api/courses/public/hot?limit=12,200,raw/iclass.tku.edu.tw/api/courses/public/hot__q_8413e91418.json,5312,application/json,dae4b85bc4d4fca62e1786b7eb64a363317f22b0d07b0e4ce40b42682a169575
https://iclass.tku.edu.tw/api/courses/public/hot?limit=8,200,raw/iclass.tku.edu.tw/api/courses/public/hot__q_1f15a49f42.json,5312,application/json,dae4b85bc4d4fca62e1786b7eb64a363317f22b0d07b0e4ce40b42682a169575
https://iclass.tku.edu.tw/api/courses/public/latest?limit=8,200,raw/iclass.tku.edu.tw/api/courses/public/latest__q_1f15a49f42.json,5312,application/json,76e28e30bcda8cc5f091a602502f3775e6311b57a6b080183df2ab2a1bd0effa
https://iclass.tku.edu.tw/api/courses/research-meeting/,404,raw/iclass.tku.edu.tw/api/courses/research-meeting/index.json,45,application/json,60b6b8c04b6d0fbad792e7395ee7f60dfc0718807869aa7d1fd5131c0d273e2c
https://iclass.tku.edu.tw/api/courses/settings,500,raw/iclass.tku.edu.tw/api/courses/settings.html,1085,text/html; charset=utf-8,df092986fca53fffb12e6116f06e8a2e902b0f81153bd0abac7a6cc2a982e615
https://iclass.tku.edu.tw/api/courses/statistic/resource-audit,200,raw/iclass.tku.edu.tw/api/courses/statistic/resource-audit.json,3,application/json,ca3d163bab055381827226140568f3bef7eaac187cebd76878e0b63e9e442356
https://iclass.tku.edu.tw/api/courses/stats?course_ids=,500,raw/iclass.tku.edu.tw/api/courses/stats__q_bb638ca821.html,1085,text/html; charset=utf-8,df092986fca53fffb12e6116f06e8a2e902b0f81153bd0abac7a6cc2a982e615
https://iclass.tku.edu.tw/api/courses/sync_from_urp,500,raw/iclass.tku.edu.tw/api/courses/sync_from_urp.html,1085,text/html; charset=utf-8,df092986fca53fffb12e6116f06e8a2e902b0f81153bd0abac7a6cc2a982e615
https://iclass.tku.edu.tw/api/courses/tencent-meeting/activities,500,raw/iclass.tku.edu.tw/api/courses/tencent-meeting/activities.html,1085,text/html; charset=utf-8,df092986fca53fffb12e6116f06e8a2e902b0f81153bd0abac7a6cc2a982e615
https://iclass.tku.edu.tw/api/courses/tpdoe/stat-students,404,raw/iclass.tku.edu.tw/api/courses/tpdoe/stat-students.json,45,application/json,60b6b8c04b6d0fbad792e7395ee7f60dfc0718807869aa7d1fd5131c0d273e2c
https://iclass.tku.edu.tw/api/courses?page=,403,raw/iclass.tku.edu.tw/api/courses__q_ee1eaef797.json,75,application/json,578f1cc0086e5307ac7f19766e6c82539226c01bed9c4a4a1cacd151e9a1d212
https://iclass.tku.edu.tw/api/courseware-quiz/activity/,404,raw/iclass.tku.edu.tw/api/courseware-quiz/activity/index.json,45,application/json,60b6b8c04b6d0fbad792e7395ee7f60dfc0718807869aa7d1fd5131c0d273e2c
https://iclass.tku.edu.tw/api/courseware-quiz/format-question,500,raw/iclass.tku.edu.tw/api/courseware-quiz/format-question.html,1085,text/html; charset=utf-8,df092986fca53fffb12e6116f06e8a2e902b0f81153bd0abac7a6cc2a982e615
https://iclass.tku.edu.tw/api/courseware-quiz/generate-subjects,500,raw/iclass.tku.edu.tw/api/courseware-quiz/generate-subjects.html,1085,text/html; charset=utf-8,df092986fca53fffb12e6116f06e8a2e902b0f81153bd0abac7a6cc2a982e615
https://iclass.tku.edu.tw/api/courseware-quiz/generate-subjects-by-text,500,raw/iclass.tku.edu.tw/api/courseware-quiz/generate-subjects-by-text.html,1085,text/html; charset=utf-8,df092986fca53fffb12e6116f06e8a2e902b0f81153bd0abac7a6cc2a982e615
https://iclass.tku.edu.tw/api/courseware-quiz/quiz/,404,raw/iclass.tku.edu.tw/api/courseware-quiz/quiz/index.json,45,application/json,60b6b8c04b6d0fbad792e7395ee7f60dfc0718807869aa7d1fd5131c0d273e2c
https://iclass.tku.edu.tw/api/courseware-quiz/settings,404,raw/iclass.tku.edu.tw/api/courseware-quiz/settings.json,45,application/json,60b6b8c04b6d0fbad792e7395ee7f60dfc0718807869aa7d1fd5131c0d273e2c
https://iclass.tku.edu.tw/api/csp/detect?url=,200,raw/iclass.tku.edu.tw/api/csp/detect__q_c2395fa098.json,27,application/json,a13b529fb94f72cdfb0830256c06f5f3624d3d74674510644f3791933f2d572a
https://iclass.tku.edu.tw/api/current-semester-info,200,raw/iclass.tku.edu.tw/api/current-semester-info.json,295,application/json,39de0bd2dc7ad769079a164d47b6d045347dba53984be4ad6f7c3b16b768009d
https://iclass.tku.edu.tw/api/curriculum,500,raw/iclass.tku.edu.tw/api/curriculum.html,1085,text/html; charset=utf-8,df092986fca53fffb12e6116f06e8a2e902b0f81153bd0abac7a6cc2a982e615
https://iclass.tku.edu.tw/api/curriculum-classifications,404,raw/iclass.tku.edu.tw/api/curriculum-classifications.json,45,application/json,60b6b8c04b6d0fbad792e7395ee7f60dfc0718807869aa7d1fd5131c0d273e2c
https://iclass.tku.edu.tw/api/curriculum-conditions/,404,raw/iclass.tku.edu.tw/api/curriculum-conditions/index.json,45,application/json,60b6b8c04b6d0fbad792e7395ee7f60dfc0718807869aa7d1fd5131c0d273e2c
https://iclass.tku.edu.tw/api/curriculum-conditions/resort,500,raw/iclass.tku.edu.tw/api/curriculum-conditions/resort.html,1085,text/html; charset=utf-8,df092986fca53fffb12e6116f06e8a2e902b0f81153bd0abac7a6cc2a982e615
https://iclass.tku.edu.tw/api/curriculum-enrollments/,404,raw/iclass.tku.edu.tw/api/curriculum-enrollments/index.json,45,application/json,60b6b8c04b6d0fbad792e7395ee7f60dfc0718807869aa7d1fd5131c0d273e2c
https://iclass.tku.edu.tw/api/curriculum-sections/,404,raw/iclass.tku.edu.tw/api/curriculum-sections/index.json,45,application/json,60b6b8c04b6d0fbad792e7395ee7f60dfc0718807869aa7d1fd5131c0d273e2c
https://iclass.tku.edu.tw/api/curriculum-sections/resort,500,raw/iclass.tku.edu.tw/api/curriculum-sections/resort.html,1085,text/html; charset=utf-8,df092986fca53fffb12e6116f06e8a2e902b0f81153bd0abac7a6cc2a982e615
https://iclass.tku.edu.tw/api/curriculum/,404,raw/iclass.tku.edu.tw/api/curriculum/index.json,45,application/json,60b6b8c04b6d0fbad792e7395ee7f60dfc0718807869aa7d1fd5131c0d273e2c
https://iclass.tku.edu.tw/api/curriculums,404,raw/iclass.tku.edu.tw/api/curriculums.json,45,application/json,60b6b8c04b6d0fbad792e7395ee7f60dfc0718807869aa7d1fd5131c0d273e2c
https://iclass.tku.edu.tw/api/curriculums/,404,raw/iclass.tku.edu.tw/api/curriculums/index.json,45,application/json,60b6b8c04b6d0fbad792e7395ee7f60dfc0718807869aa7d1fd5131c0d273e2c
https://iclass.tku.edu.tw/api/custom-knowledge-graph/,404,raw/iclass.tku.edu.tw/api/custom-knowledge-graph/index.json,45,application/json,60b6b8c04b6d0fbad792e7395ee7f60dfc0718807869aa7d1fd5131c0d273e2c
https://iclass.tku.edu.tw/api/custom-knowledge-graph/disciplines,404,raw/iclass.tku.edu.tw/api/custom-knowledge-graph/disciplines.json,45,application/json,60b6b8c04b6d0fbad792e7395ee7f60dfc0718807869aa7d1fd5131c0d273e2c
https://iclass.tku.edu.tw/api/custom-knowledge-graph/export/,404,raw/iclass.tku.edu.tw/api/custom-knowledge-graph/export/index.json,45,application/json,60b6b8c04b6d0fbad792e7395ee7f60dfc0718807869aa7d1fd5131c0d273e2c
https://iclass.tku.edu.tw/api/custom-knowledge-graph/majors,404,raw/iclass.tku.edu.tw/api/custom-knowledge-graph/majors.json,45,application/json,60b6b8c04b6d0fbad792e7395ee7f60dfc0718807869aa7d1fd5131c0d273e2c
https://iclass.tku.edu.tw/api/custom-knowledge-graph/org/department/tree,404,raw/iclass.tku.edu.tw/api/custom-knowledge-graph/org/department/tree.json,45,application/json,60b6b8c04b6d0fbad792e7395ee7f60dfc0718807869aa7d1fd5131c0d273e2c
https://iclass.tku.edu.tw/api/custom-knowledge-graph/plan-courses/,404,raw/iclass.tku.edu.tw/api/custom-knowledge-graph/plan-courses/index.json,45,application/json,60b6b8c04b6d0fbad792e7395ee7f60dfc0718807869aa7d1fd5131c0d273e2c
https://iclass.tku.edu.tw/api/custom-knowledge-graph/plan/,404,raw/iclass.tku.edu.tw/api/custom-knowledge-graph/plan/index.json,45,application/json,60b6b8c04b6d0fbad792e7395ee7f60dfc0718807869aa7d1fd5131c0d273e2c
https://iclass.tku.edu.tw/api/custom-knowledge-graph/program/,404,raw/iclass.tku.edu.tw/api/custom-knowledge-graph/program/index.json,45,application/json,60b6b8c04b6d0fbad792e7395ee7f60dfc0718807869aa7d1fd5131c0d273e2c
https://iclass.tku.edu.tw/api/custom-knowledge-graph/similarity-analysis/task/,404,raw/iclass.tku.edu.tw/api/custom-knowledge-graph/similarity-analysis/task/index.json,45,application/json,60b6b8c04b6d0fbad792e7395ee7f60dfc0718807869aa7d1fd5131c0d273e2c
https://iclass.tku.edu.tw/api/custom-knowledge-graph/stat,404,raw/iclass.tku.edu.tw/api/custom-knowledge-graph/stat.json,45,application/json,60b6b8c04b6d0fbad792e7395ee7f60dfc0718807869aa7d1fd5131c0d273e2c
https://iclass.tku.edu.tw/api/custom-knowledge-graph/workspaces/,404,raw/iclass.tku.edu.tw/api/custom-knowledge-graph/workspaces/index.json,45,application/json,60b6b8c04b6d0fbad792e7395ee7f60dfc0718807869aa7d1fd5131c0d273e2c
https://iclass.tku.edu.tw/api/custom-score-items/,404,raw/iclass.tku.edu.tw/api/custom-score-items/index.json,45,application/json,60b6b8c04b6d0fbad792e7395ee7f60dfc0718807869aa7d1fd5131c0d273e2c
https://iclass.tku.edu.tw/api/data-import/ai-convert,500,raw/iclass.tku.edu.tw/api/data-import/ai-convert.html,1085,text/html; charset=utf-8,df092986fca53fffb12e6116f06e8a2e902b0f81153bd0abac7a6cc2a982e615
https://iclass.tku.edu.tw/api/data-import/chaoxing-score/,404,raw/iclass.tku.edu.tw/api/data-import/chaoxing-score/index.json,45,application/json,60b6b8c04b6d0fbad792e7395ee7f60dfc0718807869aa7d1fd5131c0d273e2c
https://iclass.tku.edu.tw/api/data-import/classroom-exams/,404,raw/iclass.tku.edu.tw/api/data-import/classroom-exams/index.json,45,application/json,60b6b8c04b6d0fbad792e7395ee7f60dfc0718807869aa7d1fd5131c0d273e2c
https://iclass.tku.edu.tw/api/data-import/course-groups,500,raw/iclass.tku.edu.tw/api/data-import/course-groups.html,1085,text/html; charset=utf-8,df092986fca53fffb12e6116f06e8a2e902b0f81153bd0abac7a6cc2a982e615
https://iclass.tku.edu.tw/api/data-import/course/,404,raw/iclass.tku.edu.tw/api/data-import/course/index.json,45,application/json,60b6b8c04b6d0fbad792e7395ee7f60dfc0718807869aa7d1fd5131c0d273e2c
https://iclass.tku.edu.tw/api/data-import/courses,500,raw/iclass.tku.edu.tw/api/data-import/courses.html,1085,text/html; charset=utf-8,df092986fca53fffb12e6116f06e8a2e902b0f81153bd0abac7a6cc2a982e615
https://iclass.tku.edu.tw/api/data-import/curriculum-enrollments,500,raw/iclass.tku.edu.tw/api/data-import/curriculum-enrollments.html,1085,text/html; charset=utf-8,df092986fca53fffb12e6116f06e8a2e902b0f81153bd0abac7a6cc2a982e615
https://iclass.tku.edu.tw/api/data-import/edit-courses,500,raw/iclass.tku.edu.tw/api/data-import/edit-courses.html,1085,text/html; charset=utf-8,df092986fca53fffb12e6116f06e8a2e902b0f81153bd0abac7a6cc2a982e615
https://iclass.tku.edu.tw/api/data-import/enrollments,500,raw/iclass.tku.edu.tw/api/data-import/enrollments.html,1085,text/html; charset=utf-8,df092986fca53fffb12e6116f06e8a2e902b0f81153bd0abac7a6cc2a982e615
https://iclass.tku.edu.tw/api/data-import/enrollments/,404,raw/iclass.tku.edu.tw/api/data-import/enrollments/index.json,45,application/json,60b6b8c04b6d0fbad792e7395ee7f60dfc0718807869aa7d1fd5131c0d273e2c
https://iclass.tku.edu.tw/api/data-import/exams/,404,raw/iclass.tku.edu.tw/api/data-import/exams/index.json,45,application/json,60b6b8c04b6d0fbad792e7395ee7f60dfc0718807869aa7d1fd5131c0d273e2c
https://iclass.tku.edu.tw/api/data-import/from-word,500,raw/iclass.tku.edu.tw/api/data-import/from-word.html,1085,text/html; charset=utf-8,df092986fca53fffb12e6116f06e8a2e902b0f81153bd0abac7a6cc2a982e615
https://iclass.tku.edu.tw/api/data-import/item_scores/,404,raw/iclass.tku.edu.tw/api/data-import/item_scores/index.json,45,application/json,60b6b8c04b6d0fbad792e7395ee7f60dfc0718807869aa7d1fd5131c0d273e2c
https://iclass.tku.edu.tw/api/data-import/scores/,404,raw/iclass.tku.edu.tw/api/data-import/scores/index.json,45,application/json,60b6b8c04b6d0fbad792e7395ee7f60dfc0718807869aa7d1fd5131c0d273e2c
https://iclass.tku.edu.tw/api/data-import/seat-number/,404,raw/iclass.tku.edu.tw/api/data-import/seat-number/index.json,45,application/json,60b6b8c04b6d0fbad792e7395ee7f60dfc0718807869aa7d1fd5131c0d273e2c
https://iclass.tku.edu.tw/api/data-import/subject-libs/,404,raw/iclass.tku.edu.tw/api/data-import/subject-libs/index.json,45,application/json,60b6b8c04b6d0fbad792e7395ee7f60dfc0718807869aa7d1fd5131c0d273e2c
https://iclass.tku.edu.tw/api/data-import/validation,500,raw/iclass.tku.edu.tw/api/data-import/validation.html,1085,text/html; charset=utf-8,df092986fca53fffb12e6116f06e8a2e902b0f81153bd0abac7a6cc2a982e615
https://iclass.tku.edu.tw/api/department/resource-center,500,raw/iclass.tku.edu.tw/api/department/resource-center.html,1085,text/html; charset=utf-8,df092986fca53fffb12e6116f06e8a2e902b0f81153bd0abac7a6cc2a982e615
https://iclass.tku.edu.tw/api/departments,200,raw/iclass.tku.edu.tw/api/departments.json,800128,application/json,b41dea0ee416933de83c0f6ac30643e357c3098ed768a75ee0341d65070cad96
https://iclass.tku.edu.tw/api/departments-for-user,200,raw/iclass.tku.edu.tw/api/departments-for-user.json,301195,application/json,c67179db599aedbc0e46cda5febc94678dff7b7bbe392bbabe7b95a9a663fb53
https://iclass.tku.edu.tw/api/departments/,404,raw/iclass.tku.edu.tw/api/departments/index.json,45,application/json,60b6b8c04b6d0fbad792e7395ee7f60dfc0718807869aa7d1fd5131c0d273e2c
https://iclass.tku.edu.tw/api/departments?for-management=true&fields=,200,raw/iclass.tku.edu.tw/api/departments__q_cc755ac35c.json,46,application/json,a1edd6982da3ff8749f3f31562dca2d068f6033e3afcb6c622d20cdbe358d143
https://iclass.tku.edu.tw/api/departments?no-intercept=true,200,raw/iclass.tku.edu.tw/api/departments__q_ee79111d36.json,800128,application/json,b41dea0ee416933de83c0f6ac30643e357c3098ed768a75ee0341d65070cad96
https://iclass.tku.edu.tw/api/ding-talk/chat?course_id=,400,raw/iclass.tku.edu.tw/api/ding-talk/chat__q_0e8c8d66de.json,37,application/json,87d6a4afd49742108136fba00bdff9d4e2606c0530381a1c10f694634d158cee
https://iclass.tku.edu.tw/api/ding-talk/user-id,400,raw/iclass.tku.edu.tw/api/ding-talk/user-id.json,62,application/json,55bb0f0c13aa5198c8309c70e3ef9685ad0f614a135a82bca569cf4a9e1a8c77
https://iclass.tku.edu.tw/api/dingtalk-lives/,404,raw/iclass.tku.edu.tw/api/dingtalk-lives/index.json,45,application/json,60b6b8c04b6d0fbad792e7395ee7f60dfc0718807869aa7d1fd5131c0d273e2c
https://iclass.tku.edu.tw/api/duplicate-detect/file/,404,raw/iclass.tku.edu.tw/api/duplicate-detect/file/index.json,45,application/json,60b6b8c04b6d0fbad792e7395ee7f60dfc0718807869aa7d1fd5131c0d273e2c
https://iclass.tku.edu.tw/api/edu-scores/get-course-score-rate/,404,raw/iclass.tku.edu.tw/api/edu-scores/get-course-score-rate/index.json,45,application/json,60b6b8c04b6d0fbad792e7395ee7f60dfc0718807869aa7d1fd5131c0d273e2c
https://iclass.tku.edu.tw/api/edu-scores/get-submit-logs/,404,raw/iclass.tku.edu.tw/api/edu-scores/get-submit-logs/index.json,45,application/json,60b6b8c04b6d0fbad792e7395ee7f60dfc0718807869aa7d1fd5131c0d273e2c
https://iclass.tku.edu.tw/api/edu-scores/get-submit-time/,404,raw/iclass.tku.edu.tw/api/edu-scores/get-submit-time/index.json,45,application/json,60b6b8c04b6d0fbad792e7395ee7f60dfc0718807869aa7d1fd5131c0d273e2c
https://iclass.tku.edu.tw/api/enrollment/,404,raw/iclass.tku.edu.tw/api/enrollment/index.json,45,application/json,60b6b8c04b6d0fbad792e7395ee7f60dfc0718807869aa7d1fd5131c0d273e2c
https://iclass.tku.edu.tw/api/enrollments/,404,raw/iclass.tku.edu.tw/api/enrollments/index.json,45,application/json,60b6b8c04b6d0fbad792e7395ee7f60dfc0718807869aa7d1fd5131c0d273e2c
https://iclass.tku.edu.tw/api/enrollments/score,500,raw/iclass.tku.edu.tw/api/enrollments/score.html,1085,text/html; charset=utf-8,df092986fca53fffb12e6116f06e8a2e902b0f81153bd0abac7a6cc2a982e615
https://iclass.tku.edu.tw/api/enrollments/score-book,403,raw/iclass.tku.edu.tw/api/enrollments/score-book.json,75,application/json,578f1cc0086e5307ac7f19766e6c82539226c01bed9c4a4a1cacd151e9a1d212
https://iclass.tku.edu.tw/api/enrollments/score-book?course_id=,403,raw/iclass.tku.edu.tw/api/enrollments/score-book__q_0e8c8d66de.json,75,application/json,578f1cc0086e5307ac7f19766e6c82539226c01bed9c4a4a1cacd151e9a1d212
https://iclass.tku.edu.tw/api/enrollments/total-score?mode=,500,raw/iclass.tku.edu.tw/api/enrollments/total-score__q_da81ccbe76.html,1085,text/html; charset=utf-8,df092986fca53fffb12e6116f06e8a2e902b0f81153bd0abac7a6cc2a982e615
https://iclass.tku.edu.tw/api/entries,200,raw/iclass.tku.edu.tw/api/entries.json,88,application/json,7df7a15871ab1901b5c759d4843de835ac3a5745ca4e54a57833b011db1c5962
https://iclass.tku.edu.tw/api/entries/,404,raw/iclass.tku.edu.tw/api/entries/index.json,45,application/json,60b6b8c04b6d0fbad792e7395ee7f60dfc0718807869aa7d1fd5131c0d273e2c
https://iclass.tku.edu.tw/api/entries/batch-delete,500,raw/iclass.tku.edu.tw/api/entries/batch-delete.html,1085,text/html; charset=utf-8,df092986fca53fffb12e6116f06e8a2e902b0f81153bd0abac7a6cc2a982e615
https://iclass.tku.edu.tw/api/exam-scores,500,raw/iclass.tku.edu.tw/api/exam-scores.html,1085,text/html; charset=utf-8,df092986fca53fffb12e6116f06e8a2e902b0f81153bd0abac7a6cc2a982e615
https://iclass.tku.edu.tw/api/exam-scores/,404,raw/iclass.tku.edu.tw/api/exam-scores/index.json,45,application/json,60b6b8c04b6d0fbad792e7395ee7f60dfc0718807869aa7d1fd5131c0d273e2c
https://iclass.tku.edu.tw/api/exam/,404,raw/iclass.tku.edu.tw/api/exam/index.json,45,application/json,60b6b8c04b6d0fbad792e7395ee7f60dfc0718807869aa7d1fd5131c0d273e2c
https://iclass.tku.edu.tw/api/examinee-actions?exam_id=,404,raw/iclass.tku.edu.tw/api/examinee-actions__q_336041727d.json,45,application/json,60b6b8c04b6d0fbad792e7395ee7f60dfc0718807869aa7d1fd5131c0d273e2c
https://iclass.tku.edu.tw/api/exams/,404,raw/iclass.tku.edu.tw/api/exams/index.json,45,application/json,60b6b8c04b6d0fbad792e7395ee7f60dfc0718807869aa7d1fd5131c0d273e2c
https://iclass.tku.edu.tw/api/exams/batch_delete,500,raw/iclass.tku.edu.tw/api/exams/batch_delete.html,1085,text/html; charset=utf-8,df092986fca53fffb12e6116f06e8a2e902b0f81153bd0abac7a6cc2a982e615
https://iclass.tku.edu.tw/api/exams/submissions/,404,raw/iclass.tku.edu.tw/api/exams/submissions/index.json,45,application/json,60b6b8c04b6d0fbad792e7395ee7f60dfc0718807869aa7d1fd5131c0d273e2c
https://iclass.tku.edu.tw/api/face-recognition/config,500,raw/iclass.tku.edu.tw/api/face-recognition/config.html,1085,text/html; charset=utf-8,df092986fca53fffb12e6116f06e8a2e902b0f81153bd0abac7a6cc2a982e615
https://iclass.tku.edu.tw/api/feature-toggles,200,raw/iclass.tku.edu.tw/api/feature-toggles.json,13032,application/json,34aede7d55c0638bad783182e7e1d7574849229076fc7ff96d9cdaacc6b063ac
https://iclass.tku.edu.tw/api/feedback-activities/,404,raw/iclass.tku.edu.tw/api/feedback-activities/index.json,45,application/json,60b6b8c04b6d0fbad792e7395ee7f60dfc0718807869aa7d1fd5131c0d273e2c
https://iclass.tku.edu.tw/api/feedbacks/,404,raw/iclass.tku.edu.tw/api/feedbacks/index.json,45,application/json,60b6b8c04b6d0fbad792e7395ee7f60dfc0718807869aa7d1fd5131c0d273e2c
https://iclass.tku.edu.tw/api/footprint/tread,500,raw/iclass.tku.edu.tw/api/footprint/tread.html,1085,text/html; charset=utf-8,df092986fca53fffb12e6116f06e8a2e902b0f81153bd0abac7a6cc2a982e615
https://iclass.tku.edu.tw/api/forum/categories/,404,raw/iclass.tku.edu.tw/api/forum/categories/index.json,45,application/json,60b6b8c04b6d0fbad792e7395ee7f60dfc0718807869aa7d1fd5131c0d273e2c
https://iclass.tku.edu.tw/api/forum/topics/,404,raw/iclass.tku.edu.tw/api/forum/topics/index.json,45,application/json,60b6b8c04b6d0fbad792e7395ee7f60dfc0718807869aa7d1fd5131c0d273e2c
https://iclass.tku.edu.tw/api/free-try,500,raw/iclass.tku.edu.tw/api/free-try.html,1085,text/html; charset=utf-8,df092986fca53fffb12e6116f06e8a2e902b0f81153bd0abac7a6cc2a982e615
https://iclass.tku.edu.tw/api/google/auth,500,raw/iclass.tku.edu.tw/api/google/auth.html,1085,text/html; charset=utf-8,df092986fca53fffb12e6116f06e8a2e902b0f81153bd0abac7a6cc2a982e615
https://iclass.tku.edu.tw/api/google/auth/available,404,raw/iclass.tku.edu.tw/api/google/auth/available.json,45,application/json,60b6b8c04b6d0fbad792e7395ee7f60dfc0718807869aa7d1fd5131c0d273e2c
https://iclass.tku.edu.tw/api/google/authorization-url,200,raw/iclass.tku.edu.tw/api/google/authorization-url.json,537,application/json,743874cb5ac7bb9cd3dfe1f8fa13b1d4b5cbd230f99e06ddf84d3e3ffd9eb872
https://iclass.tku.edu.tw/api/google/import,500,raw/iclass.tku.edu.tw/api/google/import.html,1085,text/html; charset=utf-8,df092986fca53fffb12e6116f06e8a2e902b0f81153bd0abac7a6cc2a982e615
https://iclass.tku.edu.tw/api/google/import/resource-groups/,404,raw/iclass.tku.edu.tw/api/google/import/resource-groups/index.json,45,application/json,60b6b8c04b6d0fbad792e7395ee7f60dfc0718807869aa7d1fd5131c0d273e2c
https://iclass.tku.edu.tw/api/google/picker/config,404,raw/iclass.tku.edu.tw/api/google/picker/config.json,45,application/json,60b6b8c04b6d0fbad792e7395ee7f60dfc0718807869aa7d1fd5131c0d273e2c
https://iclass.tku.edu.tw/api/group-sets/,404,raw/iclass.tku.edu.tw/api/group-sets/index.json,45,application/json,60b6b8c04b6d0fbad792e7395ee7f60dfc0718807869aa7d1fd5131c0d273e2c
https://iclass.tku.edu.tw/api/groups/,404,raw/iclass.tku.edu.tw/api/groups/index.json,45,application/json,60b6b8c04b6d0fbad792e7395ee7f60dfc0718807869aa7d1fd5131c0d273e2c
https://iclass.tku.edu.tw/api/h5-courseware/,404,raw/iclass.tku.edu.tw/api/h5-courseware/index.json,45,application/json,60b6b8c04b6d0fbad792e7395ee7f60dfc0718807869aa7d1fd5131c0d273e2c
https://iclass.tku.edu.tw/api/homework/,404,raw/iclass.tku.edu.tw/api/homework/index.json,45,application/json,60b6b8c04b6d0fbad792e7395ee7f60dfc0718807869aa7d1fd5131c0d273e2c
https://iclass.tku.edu.tw/api/homework/submission/,404,raw/iclass.tku.edu.tw/api/homework/submission/index.json,45,application/json,60b6b8c04b6d0fbad792e7395ee7f60dfc0718807869aa7d1fd5131c0d273e2c
https://iclass.tku.edu.tw/api/homeworks/,404,raw/iclass.tku.edu.tw/api/homeworks/index.json,45,application/json,60b6b8c04b6d0fbad792e7395ee7f60dfc0718807869aa7d1fd5131c0d273e2c
https://iclass.tku.edu.tw/api/iactivity/activities?start_date=,400,raw/iclass.tku.edu.tw/api/iactivity/activities__q_10f2513dc3.json,70,application/json,50519ee93a880a4ef65a4649239a72ae4252d89d58a5012cbeab922c861726b4
https://iclass.tku.edu.tw/api/in-progress-homeworks?no-intercept=true,200,raw/iclass.tku.edu.tw/api/in-progress-homeworks__q_ee79111d36.json,988,application/json,2bfc0e64b15f689e4dad7304d2c097884afdd4fc5d06bdd76bae2cfddee473bc
https://iclass.tku.edu.tw/api/inclass-report/,404,raw/iclass.tku.edu.tw/api/inclass-report/index.json,45,application/json,60b6b8c04b6d0fbad792e7395ee7f60dfc0718807869aa7d1fd5131c0d273e2c
https://iclass.tku.edu.tw/api/instruction-team/,404,raw/iclass.tku.edu.tw/api/instruction-team/index.json,45,application/json,60b6b8c04b6d0fbad792e7395ee7f60dfc0718807869aa7d1fd5131c0d273e2c
https://iclass.tku.edu.tw/api/instruction-team/meeting,200,raw/iclass.tku.edu.tw/api/instruction-team/meeting.json,16,application/json,d965837ae61880ff8c57e7453e2edc5e6d914c86b9e2a313dc24a943a3bd0523
https://iclass.tku.edu.tw/api/inter-score-submissions/,404,raw/iclass.tku.edu.tw/api/inter-score-submissions/index.json,45,application/json,60b6b8c04b6d0fbad792e7395ee7f60dfc0718807869aa7d1fd5131c0d273e2c
https://iclass.tku.edu.tw/api/inter-scores/,404,raw/iclass.tku.edu.tw/api/inter-scores/index.json,45,application/json,60b6b8c04b6d0fbad792e7395ee7f60dfc0718807869aa7d1fd5131c0d273e2c
https://iclass.tku.edu.tw/api/interaction-activities/,404,raw/iclass.tku.edu.tw/api/interaction-activities/index.json,45,application/json,60b6b8c04b6d0fbad792e7395ee7f60dfc0718807869aa7d1fd5131c0d273e2c
https://iclass.tku.edu.tw/api/interaction-submissions/,404,raw/iclass.tku.edu.tw/api/interaction-submissions/index.json,45,application/json,60b6b8c04b6d0fbad792e7395ee7f60dfc0718807869aa7d1fd5131c0d273e2c
https://iclass.tku.edu.tw/api/interactions/,404,raw/iclass.tku.edu.tw/api/interactions/index.json,45,application/json,60b6b8c04b6d0fbad792e7395ee7f60dfc0718807869aa7d1fd5131c0d273e2c
https://iclass.tku.edu.tw/api/invites/,404,raw/iclass.tku.edu.tw/api/invites/index.json,45,application/json,60b6b8c04b6d0fbad792e7395ee7f60dfc0718807869aa7d1fd5131c0d273e2c
https://iclass.tku.edu.tw/api/jobs/,404,raw/iclass.tku.edu.tw/api/jobs/index.json,45,application/json,60b6b8c04b6d0fbad792e7395ee7f60dfc0718807869aa7d1fd5131c0d273e2c
https://iclass.tku.edu.tw/api/knowledge-capture-visit,404,raw/iclass.tku.edu.tw/api/knowledge-capture-visit.json,45,application/json,60b6b8c04b6d0fbad792e7395ee7f60dfc0718807869aa7d1fd5131c0d273e2c
https://iclass.tku.edu.tw/api/knowledge-graph/courses/,404,raw/iclass.tku.edu.tw/api/knowledge-graph/courses/index.json,45,application/json,60b6b8c04b6d0fbad792e7395ee7f60dfc0718807869aa7d1fd5131c0d273e2c
https://iclass.tku.edu.tw/api/knowledge-graph/forest-versions/-/stats:batchGet,500,raw/iclass.tku.edu.tw/api/knowledge-graph/forest-versions/-/stats_batchGet.html,1085,text/html; charset=utf-8,df092986fca53fffb12e6116f06e8a2e902b0f81153bd0abac7a6cc2a982e615
https://iclass.tku.edu.tw/api/knowledge-graph/kfs-courses/-/published-forest-versions:batchGet,500,raw/iclass.tku.edu.tw/api/knowledge-graph/kfs-courses/-/published-forest-versions_batchGet.html,1085,text/html; charset=utf-8,df092986fca53fffb12e6116f06e8a2e902b0f81153bd0abac7a6cc2a982e615
https://iclass.tku.edu.tw/api/knowledge-graph/kfs-subjects,500,raw/iclass.tku.edu.tw/api/knowledge-graph/kfs-subjects.html,1085,text/html; charset=utf-8,df092986fca53fffb12e6116f06e8a2e902b0f81153bd0abac7a6cc2a982e615
https://iclass.tku.edu.tw/api/knowledge-node/,404,raw/iclass.tku.edu.tw/api/knowledge-node/index.json,45,application/json,60b6b8c04b6d0fbad792e7395ee7f60dfc0718807869aa7d1fd5131c0d273e2c
https://iclass.tku.edu.tw/api/knowledge-nodes/,404,raw/iclass.tku.edu.tw/api/knowledge-nodes/index.json,45,application/json,60b6b8c04b6d0fbad792e7395ee7f60dfc0718807869aa7d1fd5131c0d273e2c
https://iclass.tku.edu.tw/api/knowledge-nodes/parse/docx,500,raw/iclass.tku.edu.tw/api/knowledge-nodes/parse/docx.html,1085,text/html; charset=utf-8,df092986fca53fffb12e6116f06e8a2e902b0f81153bd0abac7a6cc2a982e615
https://iclass.tku.edu.tw/api/knowledge-resource-visit,404,raw/iclass.tku.edu.tw/api/knowledge-resource-visit.json,45,application/json,60b6b8c04b6d0fbad792e7395ee7f60dfc0718807869aa7d1fd5131c0d273e2c
https://iclass.tku.edu.tw/api/lark/authorization/check,500,raw/iclass.tku.edu.tw/api/lark/authorization/check.html,1085,text/html; charset=utf-8,df092986fca53fffb12e6116f06e8a2e902b0f81153bd0abac7a6cc2a982e615
https://iclass.tku.edu.tw/api/lark/files,404,raw/iclass.tku.edu.tw/api/lark/files.json,45,application/json,60b6b8c04b6d0fbad792e7395ee7f60dfc0718807869aa7d1fd5131c0d273e2c
"https://iclass.tku.edu.tw/api/latest-activities?no-intercept=true&types=material,web_link,slide,online_video,page",200,raw/iclass.tku.edu.tw/api/latest-activities__q_97a147c553.json,518,application/json,4632c24c038227a10ef504c16234cddaf5dd66303448a5b1175ba0fa649c2eaa
https://iclass.tku.edu.tw/api/lecture-live/schedule/,404,raw/iclass.tku.edu.tw/api/lecture-live/schedule/index.json,45,application/json,60b6b8c04b6d0fbad792e7395ee7f60dfc0718807869aa7d1fd5131c0d273e2c
https://iclass.tku.edu.tw/api/lecture-live?jwt=,404,raw/iclass.tku.edu.tw/api/lecture-live__q_a263c00919.json,45,application/json,60b6b8c04b6d0fbad792e7395ee7f60dfc0718807869aa7d1fd5131c0d273e2c
https://iclass.tku.edu.tw/api/lesson-resources/shared-stat,403,raw/iclass.tku.edu.tw/api/lesson-resources/shared-stat.json,15,application/json,fa4b96ffbda28c41f01ae4cdc0879bba9942db4b414cc1cf2a8d64fdbad4d5ac
https://iclass.tku.edu.tw/api/lesson-rooms,200,raw/iclass.tku.edu.tw/api/lesson-rooms.json,3,application/json,ca3d163bab055381827226140568f3bef7eaac187cebd76878e0b63e9e442356
https://iclass.tku.edu.tw/api/lessons/,404,raw/iclass.tku.edu.tw/api/lessons/index.json,45,application/json,60b6b8c04b6d0fbad792e7395ee7f60dfc0718807869aa7d1fd5131c0d273e2c
https://iclass.tku.edu.tw/api/lessons_management/,404,raw/iclass.tku.edu.tw/api/lessons_management/index.json,45,application/json,60b6b8c04b6d0fbad792e7395ee7f60dfc0718807869aa7d1fd5131c0d273e2c
https://iclass.tku.edu.tw/api/lessons_search/agents,200,raw/iclass.tku.edu.tw/api/lessons_search/agents.json,14,application/json,91f57d4092dd2b3037557b6a2556891d1202c0c6f569d32a3aab2c2ec1bf7b50
https://iclass.tku.edu.tw/api/lessons_search/schedule,500,raw/iclass.tku.edu.tw/api/lessons_search/schedule.html,1085,text/html; charset=utf-8,df092986fca53fffb12e6116f06e8a2e902b0f81153bd0abac7a6cc2a982e615
https://iclass.tku.edu.tw/api/lessons_search/schedule/,404,raw/iclass.tku.edu.tw/api/lessons_search/schedule/index.json,45,application/json,60b6b8c04b6d0fbad792e7395ee7f60dfc0718807869aa7d1fd5131c0d273e2c
https://iclass.tku.edu.tw/api/lessons_search/schedules,200,raw/iclass.tku.edu.tw/api/lessons_search/schedules.json,64,application/json,3933f5fd2877346e3f314507b4044d2f7e449cb6e389dbc3607ee224bc40aa30
https://iclass.tku.edu.tw/api/lessons_search/schedules/,404,raw/iclass.tku.edu.tw/api/lessons_search/schedules/index.json,45,application/json,60b6b8c04b6d0fbad792e7395ee7f60dfc0718807869aa7d1fd5131c0d273e2c
https://iclass.tku.edu.tw/api/lessons_search/snapshot/,404,raw/iclass.tku.edu.tw/api/lessons_search/snapshot/index.json,45,application/json,60b6b8c04b6d0fbad792e7395ee7f60dfc0718807869aa7d1fd5131c0d273e2c
https://iclass.tku.edu.tw/api/line-login/auth,500,raw/iclass.tku.edu.tw/api/line-login/auth.html,1085,text/html; charset=utf-8,df092986fca53fffb12e6116f06e8a2e902b0f81153bd0abac7a6cc2a982e615
https://iclass.tku.edu.tw/api/line-login/authorization-url,200,raw/iclass.tku.edu.tw/api/line-login/authorization-url.json,166,application/json,269a0f61973ddf74c3ce5df6e5f8c8761d73ac222f5ffc486e920814c3deeaf8
https://iclass.tku.edu.tw/api/line-notify/auth,500,raw/iclass.tku.edu.tw/api/line-notify/auth.html,1085,text/html; charset=utf-8,df092986fca53fffb12e6116f06e8a2e902b0f81153bd0abac7a6cc2a982e615
https://iclass.tku.edu.tw/api/line-notify/authorization-url,404,raw/iclass.tku.edu.tw/api/line-notify/authorization-url.json,45,application/json,60b6b8c04b6d0fbad792e7395ee7f60dfc0718807869aa7d1fd5131c0d273e2c
https://iclass.tku.edu.tw/api/live-activities/,404,raw/iclass.tku.edu.tw/api/live-activities/index.json,45,application/json,60b6b8c04b6d0fbad792e7395ee7f60dfc0718807869aa7d1fd5131c0d273e2c
https://iclass.tku.edu.tw/api/live-records/,404,raw/iclass.tku.edu.tw/api/live-records/index.json,45,application/json,60b6b8c04b6d0fbad792e7395ee7f60dfc0718807869aa7d1fd5131c0d273e2c
https://iclass.tku.edu.tw/api/login,500,raw/iclass.tku.edu.tw/api/login.html,1085,text/html; charset=utf-8,df092986fca53fffb12e6116f06e8a2e902b0f81153bd0abac7a6cc2a982e615
https://iclass.tku.edu.tw/api/login/check-email-domain,500,raw/iclass.tku.edu.tw/api/login/check-email-domain.html,1085,text/html; charset=utf-8,df092986fca53fffb12e6116f06e8a2e902b0f81153bd0abac7a6cc2a982e615
https://iclass.tku.edu.tw/api/login/check-user-org,500,raw/iclass.tku.edu.tw/api/login/check-user-org.html,1085,text/html; charset=utf-8,df092986fca53fffb12e6116f06e8a2e902b0f81153bd0abac7a6cc2a982e615
https://iclass.tku.edu.tw/api/login/info-update,404,raw/iclass.tku.edu.tw/api/login/info-update.json,45,application/json,60b6b8c04b6d0fbad792e7395ee7f60dfc0718807869aa7d1fd5131c0d273e2c
https://iclass.tku.edu.tw/api/make-up-exams/,404,raw/iclass.tku.edu.tw/api/make-up-exams/index.json,45,application/json,60b6b8c04b6d0fbad792e7395ee7f60dfc0718807869aa7d1fd5131c0d273e2c
https://iclass.tku.edu.tw/api/makeup-exams/,404,raw/iclass.tku.edu.tw/api/makeup-exams/index.json,45,application/json,60b6b8c04b6d0fbad792e7395ee7f60dfc0718807869aa7d1fd5131c0d273e2c
https://iclass.tku.edu.tw/api/manage/vtrses,403,raw/iclass.tku.edu.tw/api/manage/vtrses.json,75,application/json,578f1cc0086e5307ac7f19766e6c82539226c01bed9c4a4a1cacd151e9a1d212
https://iclass.tku.edu.tw/api/management/,404,raw/iclass.tku.edu.tw/api/management/index.json,45,application/json,60b6b8c04b6d0fbad792e7395ee7f60dfc0718807869aa7d1fd5131c0d273e2c
https://iclass.tku.edu.tw/api/management/calendar-meeting/excel,404,raw/iclass.tku.edu.tw/api/management/calendar-meeting/excel.json,45,application/json,60b6b8c04b6d0fbad792e7395ee7f60dfc0718807869aa7d1fd5131c0d273e2c
https://iclass.tku.edu.tw/api/management/calendar-meeting?page=,404,raw/iclass.tku.edu.tw/api/management/calendar-meeting__q_ee1eaef797.json,45,application/json,60b6b8c04b6d0fbad792e7395ee7f60dfc0718807869aa7d1fd5131c0d273e2c
https://iclass.tku.edu.tw/api/media-captions/supported-languages,404,raw/iclass.tku.edu.tw/api/media-captions/supported-languages.json,45,application/json,60b6b8c04b6d0fbad792e7395ee7f60dfc0718807869aa7d1fd5131c0d273e2c
https://iclass.tku.edu.tw/api/media-captions/template?lang=,500,raw/iclass.tku.edu.tw/api/media-captions/template__q_9f3caca8a1.html,141,text/html,33e71e35cf4ad59e34172c62c91ccc13dd44ad9c8459f82c4067440d6508093c
https://iclass.tku.edu.tw/api/media/media-caption-tasks/progress,404,raw/iclass.tku.edu.tw/api/media/media-caption-tasks/progress.json,45,application/json,60b6b8c04b6d0fbad792e7395ee7f60dfc0718807869aa7d1fd5131c0d273e2c
https://iclass.tku.edu.tw/api/media/media-caption-tasks/progress?media_ids=,404,raw/iclass.tku.edu.tw/api/media/media-caption-tasks/progress__q_874e5fea49.json,45,application/json,60b6b8c04b6d0fbad792e7395ee7f60dfc0718807869aa7d1fd5131c0d273e2c
https://iclass.tku.edu.tw/api/meeting/,404,raw/iclass.tku.edu.tw/api/meeting/index.json,45,application/json,60b6b8c04b6d0fbad792e7395ee7f60dfc0718807869aa7d1fd5131c0d273e2c
https://iclass.tku.edu.tw/api/meeting/shanghaitech/,404,raw/iclass.tku.edu.tw/api/meeting/shanghaitech/index.json,45,application/json,60b6b8c04b6d0fbad792e7395ee7f60dfc0718807869aa7d1fd5131c0d273e2c
https://iclass.tku.edu.tw/api/meeting/slot/,404,raw/iclass.tku.edu.tw/api/meeting/slot/index.json,45,application/json,60b6b8c04b6d0fbad792e7395ee7f60dfc0718807869aa7d1fd5131c0d273e2c
https://iclass.tku.edu.tw/api/meeting/slots,500,raw/iclass.tku.edu.tw/api/meeting/slots.html,1085,text/html; charset=utf-8,df092986fca53fffb12e6116f06e8a2e902b0f81153bd0abac7a6cc2a982e615
https://iclass.tku.edu.tw/api/meeting/slots/,404,raw/iclass.tku.edu.tw/api/meeting/slots/index.json,45,application/json,60b6b8c04b6d0fbad792e7395ee7f60dfc0718807869aa7d1fd5131c0d273e2c
https://iclass.tku.edu.tw/api/meeting/week/time-periods,200,raw/iclass.tku.edu.tw/api/meeting/week/time-periods.json,3,application/json,ca3d163bab055381827226140568f3bef7eaac187cebd76878e0b63e9e442356
https://iclass.tku.edu.tw/api/microsoft/auth,500,raw/iclass.tku.edu.tw/api/microsoft/auth.html,1085,text/html; charset=utf-8,df092986fca53fffb12e6116f06e8a2e902b0f81153bd0abac7a6cc2a982e615
https://iclass.tku.edu.tw/api/microsoft/auth/available,400,raw/iclass.tku.edu.tw/api/microsoft/auth/available.json,15,application/json,fa4b96ffbda28c41f01ae4cdc0879bba9942db4b414cc1cf2a8d64fdbad4d5ac
https://iclass.tku.edu.tw/api/microsoft/authorization-url,200,raw/iclass.tku.edu.tw/api/microsoft/authorization-url.json,443,application/json,acaed9ac8ed9a5fc67ea8722415be09cdabfae354c45c5fcae6fa551fd956c15
https://iclass.tku.edu.tw/api/module/,404,raw/iclass.tku.edu.tw/api/module/index.json,45,application/json,60b6b8c04b6d0fbad792e7395ee7f60dfc0718807869aa7d1fd5131c0d273e2c
https://iclass.tku.edu.tw/api/modules/,404,raw/iclass.tku.edu.tw/api/modules/index.json,45,application/json,60b6b8c04b6d0fbad792e7395ee7f60dfc0718807869aa7d1fd5131c0d273e2c
"https://iclass.tku.edu.tw/api/my-academic-years?fields=id,name,sort,is_active",200,raw/iclass.tku.edu.tw/api/my-academic-years__q_d63a01cb0b.json,70,application/json,185fb323b478786fa9b6649f8b690345b2276b78851aa74b44f5418045a08cde
https://iclass.tku.edu.tw/api/my-captures,500,raw/iclass.tku.edu.tw/api/my-captures.html,1085,text/html; charset=utf-8,df092986fca53fffb12e6116f06e8a2e902b0f81153bd0abac7a6cc2a982e615
https://iclass.tku.edu.tw/api/my-classes,200,raw/iclass.tku.edu.tw/api/my-classes.json,78,application/json,58b2c964d7389a0edc5a2d73d85639af18bd1bfdcda114ac664dcd2fa9f5e338
https://iclass.tku.edu.tw/api/my-courses,200,raw/iclass.tku.edu.tw/api/my-courses.json,19256,application/json,a92371351cc4aabae69cb31bf57f232ad3b2bef6353a2a078b92bdfe87efed95
https://iclass.tku.edu.tw/api/my-courses?page=1&page_size=50,200,raw/iclass.tku.edu.tw/api/my-courses__q_5f62ca3338.json,19376,application/json,fc200a72b71851c2e413972e3f5a835d89e983df8b7571bf39111b8336d5eb10
"https://iclass.tku.edu.tw/api/my-curriculum-academic-years?fields=id,name,sort,is_active",404,raw/iclass.tku.edu.tw/api/my-curriculum-academic-years__q_d63a01cb0b.json,45,application/json,60b6b8c04b6d0fbad792e7395ee7f60dfc0718807869aa7d1fd5131c0d273e2c
https://iclass.tku.edu.tw/api/my-curriculum-departments,404,raw/iclass.tku.edu.tw/api/my-curriculum-departments.json,45,application/json,60b6b8c04b6d0fbad792e7395ee7f60dfc0718807869aa7d1fd5131c0d273e2c
https://iclass.tku.edu.tw/api/my-curriculum-semesters,404,raw/iclass.tku.edu.tw/api/my-curriculum-semesters.json,45,application/json,60b6b8c04b6d0fbad792e7395ee7f60dfc0718807869aa7d1fd5131c0d273e2c
https://iclass.tku.edu.tw/api/my-departments,200,raw/iclass.tku.edu.tw/api/my-departments.json,1253,application/json,3e63d8b3888f4b79c90ac8d1b91128f7339fbab733874c906f8c8993ed30398c
https://iclass.tku.edu.tw/api/my-grades,200,raw/iclass.tku.edu.tw/api/my-grades.json,72,application/json,dddbd569388bcd2f4fa891ff0c9800cf56607051a5f77ba2aa23073901f3cb8b
https://iclass.tku.edu.tw/api/my-note,500,raw/iclass.tku.edu.tw/api/my-note.html,1085,text/html; charset=utf-8,df092986fca53fffb12e6116f06e8a2e902b0f81153bd0abac7a6cc2a982e615
https://iclass.tku.edu.tw/api/my-notes/,404,raw/iclass.tku.edu.tw/api/my-notes/index.json,45,application/json,60b6b8c04b6d0fbad792e7395ee7f60dfc0718807869aa7d1fd5131c0d273e2c
https://iclass.tku.edu.tw/api/my-semesters,200,raw/iclass.tku.edu.tw/api/my-semesters.json,195,application/json,97339fa67cf301e4cb9255919def8f6df85f0e1989c6eecb8747c25b03fa5ea6
https://iclass.tku.edu.tw/api/my-semesters-all,200,raw/iclass.tku.edu.tw/api/my-semesters-all.json,4905,application/json,783188d29cf296eda0952085d1bf6172eac494e27342b3c0f2a13d66b54595c8
https://iclass.tku.edu.tw/api/my-teaching-classes,200,raw/iclass.tku.edu.tw/api/my-teaching-classes.json,3,application/json,37517e5f3dc66819f61f5a7bb8ace1921282415f10551d2defa5c3eb0985b570
https://iclass.tku.edu.tw/api/my-tpdoe-courses,404,raw/iclass.tku.edu.tw/api/my-tpdoe-courses.json,45,application/json,60b6b8c04b6d0fbad792e7395ee7f60dfc0718807869aa7d1fd5131c0d273e2c
https://iclass.tku.edu.tw/api/my-urp-courses,404,raw/iclass.tku.edu.tw/api/my-urp-courses.json,45,application/json,60b6b8c04b6d0fbad792e7395ee7f60dfc0718807869aa7d1fd5131c0d273e2c
https://iclass.tku.edu.tw/api/next-academic-years,200,raw/iclass.tku.edu.tw/api/next-academic-years.json,116,application/json,06e7acb8ef866c214e7545e6d2bb824af7db0135fb6a39b6d952384fa0d20297
https://iclass.tku.edu.tw/api/next-semesters,200,raw/iclass.tku.edu.tw/api/next-semesters.json,1548,application/json,f8aba30bd3049a48fdf1f5ca83877201f0d9c60f34966a7864de2eef0a3894bc
https://iclass.tku.edu.tw/api/notes,200,raw/iclass.tku.edu.tw/api/notes.json,13,application/json,afbb9fa162c6cf5d0c8b361b7d04281eb1b201a7e97c3c8f9a447fdaf0b33e82
https://iclass.tku.edu.tw/api/notes/,404,raw/iclass.tku.edu.tw/api/notes/index.json,45,application/json,60b6b8c04b6d0fbad792e7395ee7f60dfc0718807869aa7d1fd5131c0d273e2c
https://iclass.tku.edu.tw/api/notes?course_id=,200,raw/iclass.tku.edu.tw/api/notes__q_0e8c8d66de.json,13,application/json,afbb9fa162c6cf5d0c8b361b7d04281eb1b201a7e97c3c8f9a447fdaf0b33e82
https://iclass.tku.edu.tw/api/obe/existed-metrics?params=,400,raw/iclass.tku.edu.tw/api/obe/existed-metrics__q_1647af518b.json,15,application/json,fa4b96ffbda28c41f01ae4cdc0879bba9942db4b414cc1cf2a8d64fdbad4d5ac
https://iclass.tku.edu.tw/api/online-teachings,404,raw/iclass.tku.edu.tw/api/online-teachings.json,45,application/json,60b6b8c04b6d0fbad792e7395ee7f60dfc0718807869aa7d1fd5131c0d273e2c
https://iclass.tku.edu.tw/api/online-videos/,404,raw/iclass.tku.edu.tw/api/online-videos/index.json,45,application/json,60b6b8c04b6d0fbad792e7395ee7f60dfc0718807869aa7d1fd5131c0d273e2c
https://iclass.tku.edu.tw/api/org,200,raw/iclass.tku.edu.tw/api/org.json,54,application/json,85a5425535146e03faa8efea9c6e4bd83fc9c66aaa22235bb580aeb830e268d1
https://iclass.tku.edu.tw/api/org-bulletin/bulletins,500,raw/iclass.tku.edu.tw/api/org-bulletin/bulletins.html,1085,text/html; charset=utf-8,df092986fca53fffb12e6116f06e8a2e902b0f81153bd0abac7a6cc2a982e615
https://iclass.tku.edu.tw/api/org-bulletin/bulletins/,404,raw/iclass.tku.edu.tw/api/org-bulletin/bulletins/index.json,45,application/json,60b6b8c04b6d0fbad792e7395ee7f60dfc0718807869aa7d1fd5131c0d273e2c
https://iclass.tku.edu.tw/api/org-bulletin/bulletins/latest,200,raw/iclass.tku.edu.tw/api/org-bulletin/bulletins/latest.json,17,application/json,e41cadb2cbcf515d2404330dcfbcc27d19a43a8ae706fe96c517dcef369864ac
https://iclass.tku.edu.tw/api/org-bulletin/bulletins?fields=id,500,raw/iclass.tku.edu.tw/api/org-bulletin/bulletins__q_ff4049a17d.html,1085,text/html; charset=utf-8,df092986fca53fffb12e6116f06e8a2e902b0f81153bd0abac7a6cc2a982e615
https://iclass.tku.edu.tw/api/org-bulletin/classifications,200,raw/iclass.tku.edu.tw/api/org-bulletin/classifications.json,130,application/json,64641bc237d9e82299d39096f03be5d806a715244165fcb32bff3e9894d75c9d
https://iclass.tku.edu.tw/api/org/,404,raw/iclass.tku.edu.tw/api/org/index.json,45,application/json,60b6b8c04b6d0fbad792e7395ee7f60dfc0718807869aa7d1fd5131c0d273e2c
https://iclass.tku.edu.tw/api/org/change-plan-list,404,raw/iclass.tku.edu.tw/api/org/change-plan-list.json,45,application/json,60b6b8c04b6d0fbad792e7395ee7f60dfc0718807869aa7d1fd5131c0d273e2c
https://iclass.tku.edu.tw/api/org/request/change-plan/,404,raw/iclass.tku.edu.tw/api/org/request/change-plan/index.json,45,application/json,60b6b8c04b6d0fbad792e7395ee7f60dfc0718807869aa7d1fd5131c0d273e2c
https://iclass.tku.edu.tw/api/org/request/plan-plus,500,raw/iclass.tku.edu.tw/api/org/request/plan-plus.html,1085,text/html; charset=utf-8,df092986fca53fffb12e6116f06e8a2e902b0f81153bd0abac7a6cc2a982e615
https://iclass.tku.edu.tw/api/orgs,200,raw/iclass.tku.edu.tw/api/orgs.json,12,application/json,bdbd5739e86eb7ea1f256705a3aa8438c40b8ec28e824e3e579edf0c883437a2
https://iclass.tku.edu.tw/api/orgs/,404,raw/iclass.tku.edu.tw/api/orgs/index.json,45,application/json,60b6b8c04b6d0fbad792e7395ee7f60dfc0718807869aa7d1fd5131c0d273e2c
https://iclass.tku.edu.tw/api/orgs/1/lang-settings,200,raw/iclass.tku.edu.tw/api/orgs/1/lang-settings.json,60,application/json,c8fc46e98a14c1e8808e3db2dd0e375d9c8e4563920a190fc835de7f24267478
https://iclass.tku.edu.tw/api/orgs/1/online-users?group_by=role,200,raw/iclass.tku.edu.tw/api/orgs/1/online-users__q_50057dd250.json,47,application/json,ed850a3768c08cc790ae8e8f5d829609121b9e6fb248943ef06d18601bcec08e
https://iclass.tku.edu.tw/api/outline-setting,200,raw/iclass.tku.edu.tw/api/outline-setting.json,1660,application/json,1e868261b0316ddc622cf3acdcb992c19c1dc7e3942543d201cc45984df67ff9
https://iclass.tku.edu.tw/api/outline-setting/,404,raw/iclass.tku.edu.tw/api/outline-setting/index.json,45,application/json,60b6b8c04b6d0fbad792e7395ee7f60dfc0718807869aa7d1fd5131c0d273e2c
https://iclass.tku.edu.tw/api/outline-setting/toggle,500,raw/iclass.tku.edu.tw/api/outline-setting/toggle.html,1085,text/html; charset=utf-8,df092986fca53fffb12e6116f06e8a2e902b0f81153bd0abac7a6cc2a982e615
https://iclass.tku.edu.tw/api/outline/notify,500,raw/iclass.tku.edu.tw/api/outline/notify.html,1085,text/html; charset=utf-8,df092986fca53fffb12e6116f06e8a2e902b0f81153bd0abac7a6cc2a982e615
https://iclass.tku.edu.tw/api/pay/,404,raw/iclass.tku.edu.tw/api/pay/index.json,45,application/json,60b6b8c04b6d0fbad792e7395ee7f60dfc0718807869aa7d1fd5131c0d273e2c
https://iclass.tku.edu.tw/api/plan/request/current,403,raw/iclass.tku.edu.tw/api/plan/request/current.json,75,application/json,578f1cc0086e5307ac7f19766e6c82539226c01bed9c4a4a1cacd151e9a1d212
https://iclass.tku.edu.tw/api/plugins/,404,raw/iclass.tku.edu.tw/api/plugins/index.json,45,application/json,60b6b8c04b6d0fbad792e7395ee7f60dfc0718807869aa7d1fd5131c0d273e2c
https://iclass.tku.edu.tw/api/portal-classifications,200,raw/iclass.tku.edu.tw/api/portal-classifications.json,23,application/json,f925a98e3f728485c98fb2cd032fcce06f22483c057f09776b9490328e17ad4f
https://iclass.tku.edu.tw/api/portal-logo,200,raw/iclass.tku.edu.tw/api/portal-logo.json,13,application/json,5258d7c04a712f9952e88c55380fe6dd6dbdc7e5ce265bb507d7a8227734a818
https://iclass.tku.edu.tw/api/problem-level/,404,raw/iclass.tku.edu.tw/api/problem-level/index.json,45,application/json,60b6b8c04b6d0fbad792e7395ee7f60dfc0718807869aa7d1fd5131c0d273e2c
https://iclass.tku.edu.tw/api/profile,200,raw/iclass.tku.edu.tw/api/profile.json,3276,application/json,ab23d97eb944cdbabe539027743b3c2980ad48adc39dbb4d3d9e73853f92ea8f
https://iclass.tku.edu.tw/api/program/course-programs?department_ids=,200,raw/iclass.tku.edu.tw/api/program/course-programs__q_2abd7bff26.json,22,application/json,0c08b745d7fcb1eb993a6852d2cd3c793f61848ccab8a2635eaad3b29ba0ad29
https://iclass.tku.edu.tw/api/program/user-programs?fields=,200,raw/iclass.tku.edu.tw/api/program/user-programs__q_b2d7469233.json,20,application/json,4aaf3ccea27130e265ceb8b37e1070dade0a3bcba0897a80f5d4ec5792eb93e7
https://iclass.tku.edu.tw/api/project,500,raw/iclass.tku.edu.tw/api/project.html,1085,text/html; charset=utf-8,df092986fca53fffb12e6116f06e8a2e902b0f81153bd0abac7a6cc2a982e615
https://iclass.tku.edu.tw/api/project/,404,raw/iclass.tku.edu.tw/api/project/index.json,45,application/json,60b6b8c04b6d0fbad792e7395ee7f60dfc0718807869aa7d1fd5131c0d273e2c
https://iclass.tku.edu.tw/api/projects,200,raw/iclass.tku.edu.tw/api/projects.json,75,application/json,5bde69fd7510f5cd81b4cfa19c1f110f1396a63c340f0b17f9d26bb03e966aa3
https://iclass.tku.edu.tw/api/projects/,404,raw/iclass.tku.edu.tw/api/projects/index.json,45,application/json,60b6b8c04b6d0fbad792e7395ee7f60dfc0718807869aa7d1fd5131c0d273e2c
https://iclass.tku.edu.tw/api/public-captures,500,raw/iclass.tku.edu.tw/api/public-captures.html,1085,text/html; charset=utf-8,df092986fca53fffb12e6116f06e8a2e902b0f81153bd0abac7a6cc2a982e615
https://iclass.tku.edu.tw/api/public-lives,400,raw/iclass.tku.edu.tw/api/public-lives.json,15,application/json,fa4b96ffbda28c41f01ae4cdc0879bba9942db4b414cc1cf2a8d64fdbad4d5ac
https://iclass.tku.edu.tw/api/public-resources,500,raw/iclass.tku.edu.tw/api/public-resources.html,1085,text/html; charset=utf-8,df092986fca53fffb12e6116f06e8a2e902b0f81153bd0abac7a6cc2a982e615
https://iclass.tku.edu.tw/api/qrcode?url=,200,raw/iclass.tku.edu.tw/api/qrcode__q_c2395fa098.jpg,5620,image/jpeg,22b7e497f1ae4ffa861755b7436639d17f821d5f133f1174b982f01cacaf27bf
https://iclass.tku.edu.tw/api/questionnaire/,404,raw/iclass.tku.edu.tw/api/questionnaire/index.json,45,application/json,60b6b8c04b6d0fbad792e7395ee7f60dfc0718807869aa7d1fd5131c0d273e2c
https://iclass.tku.edu.tw/api/questionnaires/,404,raw/iclass.tku.edu.tw/api/questionnaires/index.json,45,application/json,60b6b8c04b6d0fbad792e7395ee7f60dfc0718807869aa7d1fd5131c0d273e2c
https://iclass.tku.edu.tw/api/replies/,404,raw/iclass.tku.edu.tw/api/replies/index.json,45,application/json,60b6b8c04b6d0fbad792e7395ee7f60dfc0718807869aa7d1fd5131c0d273e2c
https://iclass.tku.edu.tw/api/resource-file,500,raw/iclass.tku.edu.tw/api/resource-file.html,1085,text/html; charset=utf-8,df092986fca53fffb12e6116f06e8a2e902b0f81153bd0abac7a6cc2a982e615
https://iclass.tku.edu.tw/api/resource-file/,404,raw/iclass.tku.edu.tw/api/resource-file/index.json,45,application/json,60b6b8c04b6d0fbad792e7395ee7f60dfc0718807869aa7d1fd5131c0d273e2c
https://iclass.tku.edu.tw/api/resource-file/batch-delete,500,raw/iclass.tku.edu.tw/api/resource-file/batch-delete.html,1085,text/html; charset=utf-8,df092986fca53fffb12e6116f06e8a2e902b0f81153bd0abac7a6cc2a982e615
https://iclass.tku.edu.tw/api/resource-file/org/arrears/,404,raw/iclass.tku.edu.tw/api/resource-file/org/arrears/index.json,45,application/json,60b6b8c04b6d0fbad792e7395ee7f60dfc0718807869aa7d1fd5131c0d273e2c
https://iclass.tku.edu.tw/api/resource-group,500,raw/iclass.tku.edu.tw/api/resource-group.html,1085,text/html; charset=utf-8,df092986fca53fffb12e6116f06e8a2e902b0f81153bd0abac7a6cc2a982e615
https://iclass.tku.edu.tw/api/resource-group/,404,raw/iclass.tku.edu.tw/api/resource-group/index.json,45,application/json,60b6b8c04b6d0fbad792e7395ee7f60dfc0718807869aa7d1fd5131c0d273e2c
https://iclass.tku.edu.tw/api/resource-groups,200,raw/iclass.tku.edu.tw/api/resource-groups.json,23,application/json,b9eed909d4d553b5e63c40ad4aaf0d82947958edd04029a1636a8f61ebad466a
https://iclass.tku.edu.tw/api/resource-groups/,404,raw/iclass.tku.edu.tw/api/resource-groups/index.json,45,application/json,60b6b8c04b6d0fbad792e7395ee7f60dfc0718807869aa7d1fd5131c0d273e2c
https://iclass.tku.edu.tw/api/resource-groups/folders,404,raw/iclass.tku.edu.tw/api/resource-groups/folders.json,45,application/json,60b6b8c04b6d0fbad792e7395ee7f60dfc0718807869aa7d1fd5131c0d273e2c
https://iclass.tku.edu.tw/api/resource-groups/resources,404,raw/iclass.tku.edu.tw/api/resource-groups/resources.json,45,application/json,60b6b8c04b6d0fbad792e7395ee7f60dfc0718807869aa7d1fd5131c0d273e2c
https://iclass.tku.edu.tw/api/resource-groups?fields=,200,raw/iclass.tku.edu.tw/api/resource-groups__q_b2d7469233.json,23,application/json,b9eed909d4d553b5e63c40ad4aaf0d82947958edd04029a1636a8f61ebad466a
https://iclass.tku.edu.tw/api/resource-groups?page=,200,raw/iclass.tku.edu.tw/api/resource-groups__q_ee1eaef797.json,23,application/json,b9eed909d4d553b5e63c40ad4aaf0d82947958edd04029a1636a8f61ebad466a
https://iclass.tku.edu.tw/api/resource/folders,200,raw/iclass.tku.edu.tw/api/resource/folders.json,15,application/json,df9b8c697bba3fbab9df74424d79d75b0abc36722c9574be1b124cab8fde62d4
https://iclass.tku.edu.tw/api/resources/,404,raw/iclass.tku.edu.tw/api/resources/index.json,45,application/json,60b6b8c04b6d0fbad792e7395ee7f60dfc0718807869aa7d1fd5131c0d273e2c
"https://iclass.tku.edu.tw/api/reviewed-courses?all=true&fields=id,name,course_code",500,raw/iclass.tku.edu.tw/api/reviewed-courses__q_f05d198d04.html,1085,text/html; charset=utf-8,df092986fca53fffb12e6116f06e8a2e902b0f81153bd0abac7a6cc2a982e615
https://iclass.tku.edu.tw/api/reviewed-courses?page=,500,raw/iclass.tku.edu.tw/api/reviewed-courses__q_ee1eaef797.html,1085,text/html; charset=utf-8,df092986fca53fffb12e6116f06e8a2e902b0f81153bd0abac7a6cc2a982e615
https://iclass.tku.edu.tw/api/room-locations,200,raw/iclass.tku.edu.tw/api/room-locations.json,13,application/json,8572712d6be698ea5abdd95c47a05f079c21671f3dd8c8a9b5c2cc2c35e16db2
https://iclass.tku.edu.tw/api/rubric/,404,raw/iclass.tku.edu.tw/api/rubric/index.json,45,application/json,60b6b8c04b6d0fbad792e7395ee7f60dfc0718807869aa7d1fd5131c0d273e2c
https://iclass.tku.edu.tw/api/rubrics,200,raw/iclass.tku.edu.tw/api/rubrics.json,15,application/json,f1a6ece3c89a08a1f658133d1806350512f69b3bf27f2347c6d4edf21d5bd913
"https://iclass.tku.edu.tw/api/rubrics-with-resource?no-intercept=true&fields=id,name,conditions,created_by,is_shared_rubric",403,raw/iclass.tku.edu.tw/api/rubrics-with-resource__q_f8fe4f28d6.json,15,application/json,fa4b96ffbda28c41f01ae4cdc0879bba9942db4b414cc1cf2a8d64fdbad4d5ac
https://iclass.tku.edu.tw/api/rubrics-with-resource?page=,403,raw/iclass.tku.edu.tw/api/rubrics-with-resource__q_ee1eaef797.json,15,application/json,fa4b96ffbda28c41f01ae4cdc0879bba9942db4b414cc1cf2a8d64fdbad4d5ac
https://iclass.tku.edu.tw/api/rubrics/,404,raw/iclass.tku.edu.tw/api/rubrics/index.json,45,application/json,60b6b8c04b6d0fbad792e7395ee7f60dfc0718807869aa7d1fd5131c0d273e2c
https://iclass.tku.edu.tw/api/rubrics/generate,500,raw/iclass.tku.edu.tw/api/rubrics/generate.html,1085,text/html; charset=utf-8,df092986fca53fffb12e6116f06e8a2e902b0f81153bd0abac7a6cc2a982e615
https://iclass.tku.edu.tw/api/rubrics/template?no-intercept=true,200,raw/iclass.tku.edu.tw/api/rubrics/template__q_ee79111d36.json,226,application/json,dd5cf138fd335dc5adbf93e08061c5956611ab6583750ffb9e4eea21fcc3d20b
"https://iclass.tku.edu.tw/api/rubrics?fields=id,name,conditions",200,raw/iclass.tku.edu.tw/api/rubrics__q_cec1114a27.json,15,application/json,f1a6ece3c89a08a1f658133d1806350512f69b3bf27f2347c6d4edf21d5bd913
"https://iclass.tku.edu.tw/api/rubrics?fields=id,name,conditions,engage_number,updated_at,created_at",200,raw/iclass.tku.edu.tw/api/rubrics__q_059a74e38e.json,15,application/json,f1a6ece3c89a08a1f658133d1806350512f69b3bf27f2347c6d4edf21d5bd913
"https://iclass.tku.edu.tw/api/rubrics?no-intercept=true&fields=id,name,conditions,created_by,created_at,is_shared_rubric&page=",200,raw/iclass.tku.edu.tw/api/rubrics__q_efc6ce5da9.json,15,application/json,f1a6ece3c89a08a1f658133d1806350512f69b3bf27f2347c6d4edf21d5bd913
"https://iclass.tku.edu.tw/api/rubrics?no-intercept=true&fields=id,name,conditions,created_by,is_shared_rubric",200,raw/iclass.tku.edu.tw/api/rubrics__q_f8fe4f28d6.json,15,application/json,f1a6ece3c89a08a1f658133d1806350512f69b3bf27f2347c6d4edf21d5bd913
https://iclass.tku.edu.tw/api/save-resources,500,raw/iclass.tku.edu.tw/api/save-resources.html,1085,text/html; charset=utf-8,df092986fca53fffb12e6116f06e8a2e902b0f81153bd0abac7a6cc2a982e615
https://iclass.tku.edu.tw/api/save-resources/check,500,raw/iclass.tku.edu.tw/api/save-resources/check.html,1085,text/html; charset=utf-8,df092986fca53fffb12e6116f06e8a2e902b0f81153bd0abac7a6cc2a982e615
https://iclass.tku.edu.tw/api/score-publish-item-maps,500,raw/iclass.tku.edu.tw/api/score-publish-item-maps.html,1085,text/html; charset=utf-8,df092986fca53fffb12e6116f06e8a2e902b0f81153bd0abac7a6cc2a982e615
https://iclass.tku.edu.tw/api/scores/package-excel?conditions=,403,raw/iclass.tku.edu.tw/api/scores/package-excel__q_312ea1bc9c.json,75,application/json,578f1cc0086e5307ac7f19766e6c82539226c01bed9c4a4a1cacd151e9a1d212
https://iclass.tku.edu.tw/api/scores/zip-status,403,raw/iclass.tku.edu.tw/api/scores/zip-status.json,75,application/json,578f1cc0086e5307ac7f19766e6c82539226c01bed9c4a4a1cacd151e9a1d212
https://iclass.tku.edu.tw/api/search,404,raw/iclass.tku.edu.tw/api/search.json,45,application/json,60b6b8c04b6d0fbad792e7395ee7f60dfc0718807869aa7d1fd5131c0d273e2c
https://iclass.tku.edu.tw/api/sections,404,raw/iclass.tku.edu.tw/api/sections.json,45,application/json,60b6b8c04b6d0fbad792e7395ee7f60dfc0718807869aa7d1fd5131c0d273e2c
https://iclass.tku.edu.tw/api/selected-departments,500,raw/iclass.tku.edu.tw/api/selected-departments.html,1085,text/html; charset=utf-8,df092986fca53fffb12e6116f06e8a2e902b0f81153bd0abac7a6cc2a982e615
https://iclass.tku.edu.tw/api/semester-courses/,404,raw/iclass.tku.edu.tw/api/semester-courses/index.json,45,application/json,60b6b8c04b6d0fbad792e7395ee7f60dfc0718807869aa7d1fd5131c0d273e2c
https://iclass.tku.edu.tw/api/semesters,200,raw/iclass.tku.edu.tw/api/semesters.json,4905,application/json,378755dae7d101bbb65c577d4388c83f0cb163b35293e52031e86b8e3f5e64fa
https://iclass.tku.edu.tw/api/shanghaitech/lib-resources?page=,200,raw/iclass.tku.edu.tw/api/shanghaitech/lib-resources__q_ee1eaef797.json,57,application/json,b88d54f009271e0b0eff00bc3566e73a86224c6ec17ea248c731c36d21a34cf8
https://iclass.tku.edu.tw/api/shared-resource/classifications,200,raw/iclass.tku.edu.tw/api/shared-resource/classifications.json,23,application/json,f925a98e3f728485c98fb2cd032fcce06f22483c057f09776b9490328e17ad4f
https://iclass.tku.edu.tw/api/shared-resource/tag,200,raw/iclass.tku.edu.tw/api/shared-resource/tag.json,28,application/json,a458412fecff0c000d1ff823a2287dd5a74bdc8788730ad1263115adb5fff983
https://iclass.tku.edu.tw/api/shared-resources,200,raw/iclass.tku.edu.tw/api/shared-resources.json,17,application/json,7a71deb04dd48a4d22456562ec2aa4e0ae794164ab80d3f5e0a4bc1c91d11908
https://iclass.tku.edu.tw/api/shared-resources-no-repeated?page=,403,raw/iclass.tku.edu.tw/api/shared-resources-no-repeated__q_ee1eaef797.json,75,application/json,578f1cc0086e5307ac7f19766e6c82539226c01bed9c4a4a1cacd151e9a1d212
https://iclass.tku.edu.tw/api/shared-resources-to-me,200,raw/iclass.tku.edu.tw/api/shared-resources-to-me.json,79,application/json,4f3f309d844553bfc56e62ac77b601054af1a93641f93d00858a1ddcc7194737
https://iclass.tku.edu.tw/api/sign-in,500,raw/iclass.tku.edu.tw/api/sign-in.html,1085,text/html; charset=utf-8,df092986fca53fffb12e6116f06e8a2e902b0f81153bd0abac7a6cc2a982e615
https://iclass.tku.edu.tw/api/sign-in/stats,200,raw/iclass.tku.edu.tw/api/sign-in/stats.json,164,application/json,607dabe64d410b2956dea4590a86ff47c4beb5fbb0e935ffa1569ce2bf07ce6a
https://iclass.tku.edu.tw/api/signup,404,raw/iclass.tku.edu.tw/api/signup.html,892,text/html,7a758730ba1df9a4e8b4834ad1401db3228def944a84b49a85eb23044a075643
https://iclass.tku.edu.tw/api/signup/info-update,500,raw/iclass.tku.edu.tw/api/signup/info-update.html,1085,text/html; charset=utf-8,df092986fca53fffb12e6116f06e8a2e902b0f81153bd0abac7a6cc2a982e615
https://iclass.tku.edu.tw/api/slides,200,raw/iclass.tku.edu.tw/api/slides.json,14,application/json,3fe4c928dbf203ab485edc0f320f26212b58df4ee92a3adc1a67c2afaef5a4d8
https://iclass.tku.edu.tw/api/slides/,404,raw/iclass.tku.edu.tw/api/slides/index.json,45,application/json,60b6b8c04b6d0fbad792e7395ee7f60dfc0718807869aa7d1fd5131c0d273e2c
https://iclass.tku.edu.tw/api/slides/published?fields=,200,raw/iclass.tku.edu.tw/api/slides/published__q_b2d7469233.json,14,application/json,3fe4c928dbf203ab485edc0f320f26212b58df4ee92a3adc1a67c2afaef5a4d8
https://iclass.tku.edu.tw/api/slides/records/,404,raw/iclass.tku.edu.tw/api/slides/records/index.json,45,application/json,60b6b8c04b6d0fbad792e7395ee7f60dfc0718807869aa7d1fd5131c0d273e2c
https://iclass.tku.edu.tw/api/slides?keyword=,200,raw/iclass.tku.edu.tw/api/slides__q_634b7b9d78.json,14,application/json,3fe4c928dbf203ab485edc0f320f26212b58df4ee92a3adc1a67c2afaef5a4d8
https://iclass.tku.edu.tw/api/source-department-code-for-user,200,raw/iclass.tku.edu.tw/api/source-department-code-for-user.json,23,application/json,b85fcdc89ff3dbeeb61526cb8d69e909cd9df88684e9e8b63afc42e41eb9c40d
https://iclass.tku.edu.tw/api/stat/activities-for-courses,403,raw/iclass.tku.edu.tw/api/stat/activities-for-courses.json,75,application/json,578f1cc0086e5307ac7f19766e6c82539226c01bed9c4a4a1cacd151e9a1d212
https://iclass.tku.edu.tw/api/stat/bulletins/,404,raw/iclass.tku.edu.tw/api/stat/bulletins/index.json,45,application/json,60b6b8c04b6d0fbad792e7395ee7f60dfc0718807869aa7d1fd5131c0d273e2c
https://iclass.tku.edu.tw/api/stat/courses/,404,raw/iclass.tku.edu.tw/api/stat/courses/index.json,45,application/json,60b6b8c04b6d0fbad792e7395ee7f60dfc0718807869aa7d1fd5131c0d273e2c
https://iclass.tku.edu.tw/api/stat/courses/class-hours/export,403,raw/iclass.tku.edu.tw/api/stat/courses/class-hours/export.json,75,application/json,578f1cc0086e5307ac7f19766e6c82539226c01bed9c4a4a1cacd151e9a1d212
https://iclass.tku.edu.tw/api/stat/courses/export/to/,404,raw/iclass.tku.edu.tw/api/stat/courses/export/to/index.json,45,application/json,60b6b8c04b6d0fbad792e7395ee7f60dfc0718807869aa7d1fd5131c0d273e2c
https://iclass.tku.edu.tw/api/stat/courses/homework-correct/export,403,raw/iclass.tku.edu.tw/api/stat/courses/homework-correct/export.json,75,application/json,578f1cc0086e5307ac7f19766e6c82539226c01bed9c4a4a1cacd151e9a1d212
https://iclass.tku.edu.tw/api/stat/departments/user-attendance/export/,404,raw/iclass.tku.edu.tw/api/stat/departments/user-attendance/export/index.json,45,application/json,60b6b8c04b6d0fbad792e7395ee7f60dfc0718807869aa7d1fd5131c0d273e2c
https://iclass.tku.edu.tw/api/stat/departments/user-attendance?page=,403,raw/iclass.tku.edu.tw/api/stat/departments/user-attendance__q_ee1eaef797.json,75,application/json,578f1cc0086e5307ac7f19766e6c82539226c01bed9c4a4a1cacd151e9a1d212
https://iclass.tku.edu.tw/api/stat/h5_courseware/,404,raw/iclass.tku.edu.tw/api/stat/h5_courseware/index.json,45,application/json,60b6b8c04b6d0fbad792e7395ee7f60dfc0718807869aa7d1fd5131c0d273e2c
https://iclass.tku.edu.tw/api/stat/materials/,404,raw/iclass.tku.edu.tw/api/stat/materials/index.json,45,application/json,60b6b8c04b6d0fbad792e7395ee7f60dfc0718807869aa7d1fd5131c0d273e2c
https://iclass.tku.edu.tw/api/stat/orgs/,404,raw/iclass.tku.edu.tw/api/stat/orgs/index.json,45,application/json,60b6b8c04b6d0fbad792e7395ee7f60dfc0718807869aa7d1fd5131c0d273e2c
https://iclass.tku.edu.tw/api/stat/scorm/,404,raw/iclass.tku.edu.tw/api/stat/scorm/index.json,45,application/json,60b6b8c04b6d0fbad792e7395ee7f60dfc0718807869aa7d1fd5131c0d273e2c
https://iclass.tku.edu.tw/api/stat/semester/,404,raw/iclass.tku.edu.tw/api/stat/semester/index.json,45,application/json,60b6b8c04b6d0fbad792e7395ee7f60dfc0718807869aa7d1fd5131c0d273e2c
https://iclass.tku.edu.tw/api/stat/students/,404,raw/iclass.tku.edu.tw/api/stat/students/index.json,45,application/json,60b6b8c04b6d0fbad792e7395ee7f60dfc0718807869aa7d1fd5131c0d273e2c
https://iclass.tku.edu.tw/api/stat/user-info,200,raw/iclass.tku.edu.tw/api/stat/user-info.json,425,application/json,b5a9487a33e4048f6c7dff034f71f4ccfda42ac70403a0507b016355c14fe49e
https://iclass.tku.edu.tw/api/stat/video/,404,raw/iclass.tku.edu.tw/api/stat/video/index.json,45,application/json,60b6b8c04b6d0fbad792e7395ee7f60dfc0718807869aa7d1fd5131c0d273e2c
https://iclass.tku.edu.tw/api/stat/videos/,404,raw/iclass.tku.edu.tw/api/stat/videos/index.json,45,application/json,60b6b8c04b6d0fbad792e7395ee7f60dfc0718807869aa7d1fd5131c0d273e2c
https://iclass.tku.edu.tw/api/stat/vtrs/enable-status,403,raw/iclass.tku.edu.tw/api/stat/vtrs/enable-status.json,75,application/json,578f1cc0086e5307ac7f19766e6c82539226c01bed9c4a4a1cacd151e9a1d212
https://iclass.tku.edu.tw/api/stat/vtrses/,404,raw/iclass.tku.edu.tw/api/stat/vtrses/index.json,45,application/json,60b6b8c04b6d0fbad792e7395ee7f60dfc0718807869aa7d1fd5131c0d273e2c
https://iclass.tku.edu.tw/api/stat/vtrses/activities,403,raw/iclass.tku.edu.tw/api/stat/vtrses/activities.json,75,application/json,578f1cc0086e5307ac7f19766e6c82539226c01bed9c4a4a1cacd151e9a1d212
https://iclass.tku.edu.tw/api/stat/vtrses/count-info,403,raw/iclass.tku.edu.tw/api/stat/vtrses/count-info.json,75,application/json,578f1cc0086e5307ac7f19766e6c82539226c01bed9c4a4a1cacd151e9a1d212
https://iclass.tku.edu.tw/api/stat/vtrses/data,403,raw/iclass.tku.edu.tw/api/stat/vtrses/data.json,75,application/json,578f1cc0086e5307ac7f19766e6c82539226c01bed9c4a4a1cacd151e9a1d212
https://iclass.tku.edu.tw/api/stat/vtrses/data/export,403,raw/iclass.tku.edu.tw/api/stat/vtrses/data/export.json,75,application/json,578f1cc0086e5307ac7f19766e6c82539226c01bed9c4a4a1cacd151e9a1d212
https://iclass.tku.edu.tw/api/stat/vtrses/resources,403,raw/iclass.tku.edu.tw/api/stat/vtrses/resources.json,75,application/json,578f1cc0086e5307ac7f19766e6c82539226c01bed9c4a4a1cacd151e9a1d212
https://iclass.tku.edu.tw/api/stat/vtrses/teaching-count-info,403,raw/iclass.tku.edu.tw/api/stat/vtrses/teaching-count-info.json,75,application/json,578f1cc0086e5307ac7f19766e6c82539226c01bed9c4a4a1cacd151e9a1d212
https://iclass.tku.edu.tw/api/stat/weblinks/,404,raw/iclass.tku.edu.tw/api/stat/weblinks/index.json,45,application/json,60b6b8c04b6d0fbad792e7395ee7f60dfc0718807869aa7d1fd5131c0d273e2c
https://iclass.tku.edu.tw/api/statistic,404,raw/iclass.tku.edu.tw/api/statistic.json,45,application/json,60b6b8c04b6d0fbad792e7395ee7f60dfc0718807869aa7d1fd5131c0d273e2c
https://iclass.tku.edu.tw/api/studio/,404,raw/iclass.tku.edu.tw/api/studio/index.json,45,application/json,60b6b8c04b6d0fbad792e7395ee7f60dfc0718807869aa7d1fd5131c0d273e2c
https://iclass.tku.edu.tw/api/subject-group/,404,raw/iclass.tku.edu.tw/api/subject-group/index.json,45,application/json,60b6b8c04b6d0fbad792e7395ee7f60dfc0718807869aa7d1fd5131c0d273e2c
https://iclass.tku.edu.tw/api/subject-libs,200,raw/iclass.tku.edu.tw/api/subject-libs.json,20,application/json,3f3c1f6936a634508cfde427963966e395384eb36575346eb83d82df99904493
https://iclass.tku.edu.tw/api/subject-libs/,404,raw/iclass.tku.edu.tw/api/subject-libs/index.json,45,application/json,60b6b8c04b6d0fbad792e7395ee7f60dfc0718807869aa7d1fd5131c0d273e2c
https://iclass.tku.edu.tw/api/subject-libs/batch/copy?courseware_quiz_id=,500,raw/iclass.tku.edu.tw/api/subject-libs/batch/copy__q_d86a510ab0.html,1085,text/html; charset=utf-8,df092986fca53fffb12e6116f06e8a2e902b0f81153bd0abac7a6cc2a982e615
https://iclass.tku.edu.tw/api/subject-libs/check-wmqti,500,raw/iclass.tku.edu.tw/api/subject-libs/check-wmqti.html,1085,text/html; charset=utf-8,df092986fca53fffb12e6116f06e8a2e902b0f81153bd0abac7a6cc2a982e615
https://iclass.tku.edu.tw/api/subject-libs/copy-to-user,500,raw/iclass.tku.edu.tw/api/subject-libs/copy-to-user.html,1085,text/html; charset=utf-8,df092986fca53fffb12e6116f06e8a2e902b0f81153bd0abac7a6cc2a982e615
https://iclass.tku.edu.tw/api/subject-libs/folders,200,raw/iclass.tku.edu.tw/api/subject-libs/folders.json,15,application/json,df9b8c697bba3fbab9df74424d79d75b0abc36722c9574be1b124cab8fde62d4
https://iclass.tku.edu.tw/api/subject-libs/folders?referrer_type=course&referrer_id=,200,raw/iclass.tku.edu.tw/api/subject-libs/folders__q_3cb6332d38.json,15,application/json,df9b8c697bba3fbab9df74424d79d75b0abc36722c9574be1b124cab8fde62d4
https://iclass.tku.edu.tw/api/subject-libs/libs-copy-to,500,raw/iclass.tku.edu.tw/api/subject-libs/libs-copy-to.html,1085,text/html; charset=utf-8,df092986fca53fffb12e6116f06e8a2e902b0f81153bd0abac7a6cc2a982e615
https://iclass.tku.edu.tw/api/subject-libs/libs-move-to,500,raw/iclass.tku.edu.tw/api/subject-libs/libs-move-to.html,1085,text/html; charset=utf-8,df092986fca53fffb12e6116f06e8a2e902b0f81153bd0abac7a6cc2a982e615
https://iclass.tku.edu.tw/api/subject-libs/random,400,raw/iclass.tku.edu.tw/api/subject-libs/random.json,15,application/json,fa4b96ffbda28c41f01ae4cdc0879bba9942db4b414cc1cf2a8d64fdbad4d5ac
https://iclass.tku.edu.tw/api/subject-libs/subjects-movement,500,raw/iclass.tku.edu.tw/api/subject-libs/subjects-movement.html,1085,text/html; charset=utf-8,df092986fca53fffb12e6116f06e8a2e902b0f81153bd0abac7a6cc2a982e615
https://iclass.tku.edu.tw/api/subject-libs/subjects-replication,500,raw/iclass.tku.edu.tw/api/subject-libs/subjects-replication.html,1085,text/html; charset=utf-8,df092986fca53fffb12e6116f06e8a2e902b0f81153bd0abac7a6cc2a982e615
https://iclass.tku.edu.tw/api/subject-libs?lib_type=,200,raw/iclass.tku.edu.tw/api/subject-libs__q_97574b1698.json,20,application/json,3f3c1f6936a634508cfde427963966e395384eb36575346eb83d82df99904493
https://iclass.tku.edu.tw/api/subject-libs?lib_type=folder,200,raw/iclass.tku.edu.tw/api/subject-libs__q_a852d4c863.json,20,application/json,3f3c1f6936a634508cfde427963966e395384eb36575346eb83d82df99904493
https://iclass.tku.edu.tw/api/subject-libs?lib_type=folder&referrer_type=resource_group&referrer_id=,200,raw/iclass.tku.edu.tw/api/subject-libs__q_5fd1423d03.json,20,application/json,3f3c1f6936a634508cfde427963966e395384eb36575346eb83d82df99904493
https://iclass.tku.edu.tw/api/subject-libs?lib_type=questionnaire,200,raw/iclass.tku.edu.tw/api/subject-libs__q_ed969de1cb.json,20,application/json,3f3c1f6936a634508cfde427963966e395384eb36575346eb83d82df99904493
https://iclass.tku.edu.tw/api/subject-libs?with_folder=,200,raw/iclass.tku.edu.tw/api/subject-libs__q_eba4af439b.json,20,application/json,3f3c1f6936a634508cfde427963966e395384eb36575346eb83d82df99904493
https://iclass.tku.edu.tw/api/subjects/,404,raw/iclass.tku.edu.tw/api/subjects/index.json,45,application/json,60b6b8c04b6d0fbad792e7395ee7f60dfc0718807869aa7d1fd5131c0d273e2c
https://iclass.tku.edu.tw/api/submission/,404,raw/iclass.tku.edu.tw/api/submission/index.json,45,application/json,60b6b8c04b6d0fbad792e7395ee7f60dfc0718807869aa7d1fd5131c0d273e2c
https://iclass.tku.edu.tw/api/submission/recommend,500,raw/iclass.tku.edu.tw/api/submission/recommend.html,1085,text/html; charset=utf-8,df092986fca53fffb12e6116f06e8a2e902b0f81153bd0abac7a6cc2a982e615
https://iclass.tku.edu.tw/api/submissions/,404,raw/iclass.tku.edu.tw/api/submissions/index.json,45,application/json,60b6b8c04b6d0fbad792e7395ee7f60dfc0718807869aa7d1fd5131c0d273e2c
https://iclass.tku.edu.tw/api/syllabus,500,raw/iclass.tku.edu.tw/api/syllabus.html,1085,text/html; charset=utf-8,df092986fca53fffb12e6116f06e8a2e902b0f81153bd0abac7a6cc2a982e615
https://iclass.tku.edu.tw/api/syllabus/,404,raw/iclass.tku.edu.tw/api/syllabus/index.json,45,application/json,60b6b8c04b6d0fbad792e7395ee7f60dfc0718807869aa7d1fd5131c0d273e2c
https://iclass.tku.edu.tw/api/syllabus/resort,500,raw/iclass.tku.edu.tw/api/syllabus/resort.html,1085,text/html; charset=utf-8,df092986fca53fffb12e6116f06e8a2e902b0f81153bd0abac7a6cc2a982e615
https://iclass.tku.edu.tw/api/syllabuses/,404,raw/iclass.tku.edu.tw/api/syllabuses/index.json,45,application/json,60b6b8c04b6d0fbad792e7395ee7f60dfc0718807869aa7d1fd5131c0d273e2c
https://iclass.tku.edu.tw/api/task/last?no-intercept=true,400,raw/iclass.tku.edu.tw/api/task/last__q_ee79111d36.json,14,application/json,1c1b4c5e5fbb077bbfdddfdfebc82ab2734f6332b853f4b6b034bac971403c57
https://iclass.tku.edu.tw/api/task?type=,500,raw/iclass.tku.edu.tw/api/task__q_271a9b2829.html,1085,text/html; charset=utf-8,df092986fca53fffb12e6116f06e8a2e902b0f81153bd0abac7a6cc2a982e615
https://iclass.tku.edu.tw/api/teaching-calendar/,404,raw/iclass.tku.edu.tw/api/teaching-calendar/index.json,45,application/json,60b6b8c04b6d0fbad792e7395ee7f60dfc0718807869aa7d1fd5131c0d273e2c
https://iclass.tku.edu.tw/api/teaching-calendars,200,raw/iclass.tku.edu.tw/api/teaching-calendars.json,75,application/json,5bde69fd7510f5cd81b4cfa19c1f110f1396a63c340f0b17f9d26bb03e966aa3
https://iclass.tku.edu.tw/api/tencent-meeting/,404,raw/iclass.tku.edu.tw/api/tencent-meeting/index.json,45,application/json,60b6b8c04b6d0fbad792e7395ee7f60dfc0718807869aa7d1fd5131c0d273e2c
https://iclass.tku.edu.tw/api/tencent-meeting/authorization-url,500,raw/iclass.tku.edu.tw/api/tencent-meeting/authorization-url.html,1085,text/html; charset=utf-8,df092986fca53fffb12e6116f06e8a2e902b0f81153bd0abac7a6cc2a982e615
https://iclass.tku.edu.tw/api/tencent-meeting/statistics,200,raw/iclass.tku.edu.tw/api/tencent-meeting/statistics.json,91,application/json,0f14d6d2664757f36c148202d2c8e5c56f743ca8e4e3f8fdbf85fce20e7366f4
https://iclass.tku.edu.tw/api/tencent-meeting/statistics/excel?conditions=,500,raw/iclass.tku.edu.tw/api/tencent-meeting/statistics/excel__q_312ea1bc9c.html,1085,text/html; charset=utf-8,df092986fca53fffb12e6116f06e8a2e902b0f81153bd0abac7a6cc2a982e615
https://iclass.tku.edu.tw/api/tencent_meeting/check-user-auth,200,raw/iclass.tku.edu.tw/api/tencent_meeting/check-user-auth.json,23,application/json,5b9bfec73a19830b3591e1b5e3bcbaf99d2b1aa5451448cd2d951402c2a55e9b
https://iclass.tku.edu.tw/api/text-optimization,500,raw/iclass.tku.edu.tw/api/text-optimization.html,1085,text/html; charset=utf-8,df092986fca53fffb12e6116f06e8a2e902b0f81153bd0abac7a6cc2a982e615
https://iclass.tku.edu.tw/api/third-party/,404,raw/iclass.tku.edu.tw/api/third-party/index.json,45,application/json,60b6b8c04b6d0fbad792e7395ee7f60dfc0718807869aa7d1fd5131c0d273e2c
https://iclass.tku.edu.tw/api/third-party/info,200,raw/iclass.tku.edu.tw/api/third-party/info.json,48,application/json,935f19b2b03b156a240216ec8f10d223d94589c1231e243cf1e646547597db48
https://iclass.tku.edu.tw/api/timetable_rollcalls,200,raw/iclass.tku.edu.tw/api/timetable_rollcalls.json,17,application/json,09a94889a9b72c30aa7df56812669bb5e388545a665d371a9d22f37552f5ef1b
https://iclass.tku.edu.tw/api/timetables/,404,raw/iclass.tku.edu.tw/api/timetables/index.json,45,application/json,60b6b8c04b6d0fbad792e7395ee7f60dfc0718807869aa7d1fd5131c0d273e2c
https://iclass.tku.edu.tw/api/todos,200,raw/iclass.tku.edu.tw/api/todos.json,611,application/json,9cc6f0bffd316b1f027ee941e58d2cf13e70a7ed9617da4c4a9148662d34e7ce
https://iclass.tku.edu.tw/api/todos?exclude_questionnaire=true,200,raw/iclass.tku.edu.tw/api/todos__q_65b5ceed6b.json,275,application/json,95aa7967d10f44534d0223db0bb0d41c5328fc24da6aceacb3a423edc8e15067
https://iclass.tku.edu.tw/api/todos?no-intercept=true,200,raw/iclass.tku.edu.tw/api/todos__q_ee79111d36.json,611,application/json,9cc6f0bffd316b1f027ee941e58d2cf13e70a7ed9617da4c4a9148662d34e7ce
https://iclass.tku.edu.tw/api/toggle-opened-orgs?toggle=org_team_teaching,400,raw/iclass.tku.edu.tw/api/toggle-opened-orgs__q_d34d96ae68.json,15,application/json,fa4b96ffbda28c41f01ae4cdc0879bba9942db4b414cc1cf2a8d64fdbad4d5ac
https://iclass.tku.edu.tw/api/toggle-opened-orgs?toggle=share_public_course_to_other_orgs,400,raw/iclass.tku.edu.tw/api/toggle-opened-orgs__q_6612dd27b5.json,15,application/json,fa4b96ffbda28c41f01ae4cdc0879bba9942db4b414cc1cf2a8d64fdbad4d5ac
https://iclass.tku.edu.tw/api/toggle-opened-orgs?toggle=share_resource_to_other_orgs&include_current_org=,500,raw/iclass.tku.edu.tw/api/toggle-opened-orgs__q_b9f4bfaf52.html,1085,text/html; charset=utf-8,df092986fca53fffb12e6116f06e8a2e902b0f81153bd0abac7a6cc2a982e615
https://iclass.tku.edu.tw/api/toggle-opened-orgs?toggle=share_resource_to_other_orgs&include_current_org=0,400,raw/iclass.tku.edu.tw/api/toggle-opened-orgs__q_60e1a28315.json,15,application/json,fa4b96ffbda28c41f01ae4cdc0879bba9942db4b414cc1cf2a8d64fdbad4d5ac
https://iclass.tku.edu.tw/api/top-departments,200,raw/iclass.tku.edu.tw/api/top-departments.json,41227,application/json,4dc1457d8d3131a540bf033e82288da4ea8b5323a04ac7e872c846a373434a25
https://iclass.tku.edu.tw/api/top-departments?fields=,200,raw/iclass.tku.edu.tw/api/top-departments__q_b2d7469233.json,324,application/json,63d27b4e6edf772d1585ff0623ef6656e96596f59d94ec5bcf4a657a417f5541
https://iclass.tku.edu.tw/api/topics,500,raw/iclass.tku.edu.tw/api/topics.html,1085,text/html; charset=utf-8,df092986fca53fffb12e6116f06e8a2e902b0f81153bd0abac7a6cc2a982e615
https://iclass.tku.edu.tw/api/topics/,404,raw/iclass.tku.edu.tw/api/topics/index.json,45,application/json,60b6b8c04b6d0fbad792e7395ee7f60dfc0718807869aa7d1fd5131c0d273e2c
https://iclass.tku.edu.tw/api/topics/latest?no-intercept=true&count=,500,raw/iclass.tku.edu.tw/api/topics/latest__q_a8f0b355c5.html,1085,text/html; charset=utf-8,df092986fca53fffb12e6116f06e8a2e902b0f81153bd0abac7a6cc2a982e615
https://iclass.tku.edu.tw/api/tpdoe-courses,404,raw/iclass.tku.edu.tw/api/tpdoe-courses.json,45,application/json,60b6b8c04b6d0fbad792e7395ee7f60dfc0718807869aa7d1fd5131c0d273e2c
https://iclass.tku.edu.tw/api/tpdoe/courses/,404,raw/iclass.tku.edu.tw/api/tpdoe/courses/index.json,45,application/json,60b6b8c04b6d0fbad792e7395ee7f60dfc0718807869aa7d1fd5131c0d273e2c
https://iclass.tku.edu.tw/api/tpdoe/courses?user_id=,500,raw/iclass.tku.edu.tw/api/tpdoe/courses__q_caa13a136c.html,1085,text/html; charset=utf-8,df092986fca53fffb12e6116f06e8a2e902b0f81153bd0abac7a6cc2a982e615
https://iclass.tku.edu.tw/api/tpdoe/enrollments?user_id=,500,raw/iclass.tku.edu.tw/api/tpdoe/enrollments__q_caa13a136c.html,1085,text/html; charset=utf-8,df092986fca53fffb12e6116f06e8a2e902b0f81153bd0abac7a6cc2a982e615
https://iclass.tku.edu.tw/api/tpdoe/week-sections?user_id=,500,raw/iclass.tku.edu.tw/api/tpdoe/week-sections__q_caa13a136c.html,1085,text/html; charset=utf-8,df092986fca53fffb12e6116f06e8a2e902b0f81153bd0abac7a6cc2a982e615
https://iclass.tku.edu.tw/api/uptoken?id=,404,raw/iclass.tku.edu.tw/api/uptoken__q_a5c2f4a93b.json,24,application/json,8699bf1eda7e016dec3efeff8db5e3400183e9ebf6ce42355b97b843def2b035
https://iclass.tku.edu.tw/api/urp/courses,500,raw/iclass.tku.edu.tw/api/urp/courses.html,1085,text/html; charset=utf-8,df092986fca53fffb12e6116f06e8a2e902b0f81153bd0abac7a6cc2a982e615
https://iclass.tku.edu.tw/api/user,403,raw/iclass.tku.edu.tw/api/user.json,75,application/json,578f1cc0086e5307ac7f19766e6c82539226c01bed9c4a4a1cacd151e9a1d212
https://iclass.tku.edu.tw/api/user-actions?jwt=,404,raw/iclass.tku.edu.tw/api/user-actions__q_a263c00919.json,45,application/json,60b6b8c04b6d0fbad792e7395ee7f60dfc0718807869aa7d1fd5131c0d273e2c
https://iclass.tku.edu.tw/api/user-completeness,200,raw/iclass.tku.edu.tw/api/user-completeness.json,47,application/json,9664819d4239fde603df89524d624887bba5d2cd5bf6a8c432cdcb17f57fed7a
https://iclass.tku.edu.tw/api/user-index-stat/courses/info-status,403,raw/iclass.tku.edu.tw/api/user-index-stat/courses/info-status.json,75,application/json,578f1cc0086e5307ac7f19766e6c82539226c01bed9c4a4a1cacd151e9a1d212
https://iclass.tku.edu.tw/api/user-index-stat/org-summary,403,raw/iclass.tku.edu.tw/api/user-index-stat/org-summary.json,75,application/json,578f1cc0086e5307ac7f19766e6c82539226c01bed9c4a4a1cacd151e9a1d212
https://iclass.tku.edu.tw/api/user-visits,404,raw/iclass.tku.edu.tw/api/user-visits.json,45,application/json,60b6b8c04b6d0fbad792e7395ee7f60dfc0718807869aa7d1fd5131c0d273e2c
https://iclass.tku.edu.tw/api/user/,404,raw/iclass.tku.edu.tw/api/user/index.json,45,application/json,60b6b8c04b6d0fbad792e7395ee7f60dfc0718807869aa7d1fd5131c0d273e2c
https://iclass.tku.edu.tw/api/user/academic-learning-resources,500,raw/iclass.tku.edu.tw/api/user/academic-learning-resources.html,1085,text/html; charset=utf-8,df092986fca53fffb12e6116f06e8a2e902b0f81153bd0abac7a6cc2a982e615
https://iclass.tku.edu.tw/api/user/address,500,raw/iclass.tku.edu.tw/api/user/address.html,1085,text/html; charset=utf-8,df092986fca53fffb12e6116f06e8a2e902b0f81153bd0abac7a6cc2a982e615
https://iclass.tku.edu.tw/api/user/addresses,200,raw/iclass.tku.edu.tw/api/user/addresses.json,17,application/json,79166d9332c4d8f2a3b5a3c1a81a681be1bed064b954abc408d341990c94e21b
https://iclass.tku.edu.tw/api/user/addresses/,404,raw/iclass.tku.edu.tw/api/user/addresses/index.json,45,application/json,60b6b8c04b6d0fbad792e7395ee7f60dfc0718807869aa7d1fd5131c0d273e2c
https://iclass.tku.edu.tw/api/user/association-code,500,raw/iclass.tku.edu.tw/api/user/association-code.html,1085,text/html; charset=utf-8,df092986fca53fffb12e6116f06e8a2e902b0f81153bd0abac7a6cc2a982e615
https://iclass.tku.edu.tw/api/user/attributes,500,raw/iclass.tku.edu.tw/api/user/attributes.html,1085,text/html; charset=utf-8,df092986fca53fffb12e6116f06e8a2e902b0f81153bd0abac7a6cc2a982e615
https://iclass.tku.edu.tw/api/user/avatar,500,raw/iclass.tku.edu.tw/api/user/avatar.html,1085,text/html; charset=utf-8,df092986fca53fffb12e6116f06e8a2e902b0f81153bd0abac7a6cc2a982e615
https://iclass.tku.edu.tw/api/user/chat,404,raw/iclass.tku.edu.tw/api/user/chat.json,45,application/json,60b6b8c04b6d0fbad792e7395ee7f60dfc0718807869aa7d1fd5131c0d273e2c
https://iclass.tku.edu.tw/api/user/check-course-graduate,500,raw/iclass.tku.edu.tw/api/user/check-course-graduate.html,1085,text/html; charset=utf-8,df092986fca53fffb12e6116f06e8a2e902b0f81153bd0abac7a6cc2a982e615
https://iclass.tku.edu.tw/api/user/check-curriculum-graduate,500,raw/iclass.tku.edu.tw/api/user/check-curriculum-graduate.html,1085,text/html; charset=utf-8,df092986fca53fffb12e6116f06e8a2e902b0f81153bd0abac7a6cc2a982e615
https://iclass.tku.edu.tw/api/user/check-expired-password,200,raw/iclass.tku.edu.tw/api/user/check-expired-password.json,30,application/json,bbacbf6da816cc2bb764c80c27de005c6509b8fd2ba9e87d5cbfa29ed9707b00
https://iclass.tku.edu.tw/api/user/classes,200,raw/iclass.tku.edu.tw/api/user/classes.json,15,application/json,8dee0ead8ac9d3940793392f60b48d01529dbc8d39b20c6c486606efedc6c35d
https://iclass.tku.edu.tw/api/user/classrooms?start_date=,500,raw/iclass.tku.edu.tw/api/user/classrooms__q_10f2513dc3.html,1085,text/html; charset=utf-8,df092986fca53fffb12e6116f06e8a2e902b0f81153bd0abac7a6cc2a982e615
https://iclass.tku.edu.tw/api/user/course-certification/scores,500,raw/iclass.tku.edu.tw/api/user/course-certification/scores.html,1085,text/html; charset=utf-8,df092986fca53fffb12e6116f06e8a2e902b0f81153bd0abac7a6cc2a982e615
https://iclass.tku.edu.tw/api/user/course/,404,raw/iclass.tku.edu.tw/api/user/course/index.json,45,application/json,60b6b8c04b6d0fbad792e7395ee7f60dfc0718807869aa7d1fd5131c0d273e2c
https://iclass.tku.edu.tw/api/user/courses/activities,200,raw/iclass.tku.edu.tw/api/user/courses/activities.json,3,application/json,ca3d163bab055381827226140568f3bef7eaac187cebd76878e0b63e9e442356
https://iclass.tku.edu.tw/api/user/department,500,raw/iclass.tku.edu.tw/api/user/department.html,1085,text/html; charset=utf-8,df092986fca53fffb12e6116f06e8a2e902b0f81153bd0abac7a6cc2a982e615
https://iclass.tku.edu.tw/api/user/email,500,raw/iclass.tku.edu.tw/api/user/email.html,1085,text/html; charset=utf-8,df092986fca53fffb12e6116f06e8a2e902b0f81153bd0abac7a6cc2a982e615
https://iclass.tku.edu.tw/api/user/failed-courses,200,raw/iclass.tku.edu.tw/api/user/failed-courses.json,15,application/json,e1bcb6ceb3b803a26b650a1cf20c63016bfa51671766b19c7cc25ce2ba5b3644
https://iclass.tku.edu.tw/api/user/first-time-login,500,raw/iclass.tku.edu.tw/api/user/first-time-login.html,1085,text/html; charset=utf-8,df092986fca53fffb12e6116f06e8a2e902b0f81153bd0abac7a6cc2a982e615
https://iclass.tku.edu.tw/api/user/language,500,raw/iclass.tku.edu.tw/api/user/language.html,1085,text/html; charset=utf-8,df092986fca53fffb12e6116f06e8a2e902b0f81153bd0abac7a6cc2a982e615
https://iclass.tku.edu.tw/api/user/lesson-resources/progress?no-intercept=true,200,raw/iclass.tku.edu.tw/api/user/lesson-resources/progress__q_ee79111d36.json,3,application/json,ca3d163bab055381827226140568f3bef7eaac187cebd76878e0b63e9e442356
https://iclass.tku.edu.tw/api/user/links,500,raw/iclass.tku.edu.tw/api/user/links.html,1085,text/html; charset=utf-8,df092986fca53fffb12e6116f06e8a2e902b0f81153bd0abac7a6cc2a982e615
https://iclass.tku.edu.tw/api/user/links/,404,raw/iclass.tku.edu.tw/api/user/links/index.json,45,application/json,60b6b8c04b6d0fbad792e7395ee7f60dfc0718807869aa7d1fd5131c0d273e2c
https://iclass.tku.edu.tw/api/user/mobile-phone,500,raw/iclass.tku.edu.tw/api/user/mobile-phone.html,1085,text/html; charset=utf-8,df092986fca53fffb12e6116f06e8a2e902b0f81153bd0abac7a6cc2a982e615
https://iclass.tku.edu.tw/api/user/my-notes,200,raw/iclass.tku.edu.tw/api/user/my-notes.json,75,application/json,328ae4d95835d490afc5876af272649d1184d8d10727c33942542fe709254000
https://iclass.tku.edu.tw/api/user/name,500,raw/iclass.tku.edu.tw/api/user/name.html,1085,text/html; charset=utf-8,df092986fca53fffb12e6116f06e8a2e902b0f81153bd0abac7a6cc2a982e615
https://iclass.tku.edu.tw/api/user/nickname,500,raw/iclass.tku.edu.tw/api/user/nickname.html,1085,text/html; charset=utf-8,df092986fca53fffb12e6116f06e8a2e902b0f81153bd0abac7a6cc2a982e615
https://iclass.tku.edu.tw/api/user/other-video-resources,500,raw/iclass.tku.edu.tw/api/user/other-video-resources.html,1085,text/html; charset=utf-8,df092986fca53fffb12e6116f06e8a2e902b0f81153bd0abac7a6cc2a982e615
https://iclass.tku.edu.tw/api/user/password,500,raw/iclass.tku.edu.tw/api/user/password.html,1085,text/html; charset=utf-8,df092986fca53fffb12e6116f06e8a2e902b0f81153bd0abac7a6cc2a982e615
https://iclass.tku.edu.tw/api/user/personas,200,raw/iclass.tku.edu.tw/api/user/personas.json,23,application/json,c1e7955c6f09222ff53044b5296344c39edc50589d108a9e9e574ac5ee515be1
https://iclass.tku.edu.tw/api/user/portfolio_url,500,raw/iclass.tku.edu.tw/api/user/portfolio_url.html,1085,text/html; charset=utf-8,df092986fca53fffb12e6116f06e8a2e902b0f81153bd0abac7a6cc2a982e615
https://iclass.tku.edu.tw/api/user/pre-task,200,raw/iclass.tku.edu.tw/api/user/pre-task.json,23,application/json,f227d8c6212551d436db20afcf8603ceec1c0c0cad69018986ad05cbb8597f5f
https://iclass.tku.edu.tw/api/user/profile-stat,200,raw/iclass.tku.edu.tw/api/user/profile-stat.json,153,application/json,a4f575d29e6544c0be11bf3997159f5dc68dd18d0f7943763c533b99581a2336
https://iclass.tku.edu.tw/api/user/recently-visited-courses,200,raw/iclass.tku.edu.tw/api/user/recently-visited-courses.json,2610,application/json,a91f0dcef46ea3a1cb76b25da09184491b0b8abc97932a2b39aef69be13faa07
https://iclass.tku.edu.tw/api/user/resources,200,raw/iclass.tku.edu.tw/api/user/resources.json,9415,application/json,ec90bf178887a8bd4cd70a17d5b88345639c867e8754bacf9e985d7742dbb547
https://iclass.tku.edu.tw/api/user/resources/,404,raw/iclass.tku.edu.tw/api/user/resources/index.json,45,application/json,60b6b8c04b6d0fbad792e7395ee7f60dfc0718807869aa7d1fd5131c0d273e2c
"https://iclass.tku.edu.tw/api/user/resources?conditions=%7B%22keyword%22:%22%22,%22includeSlides%22:false,%22limitTypes%22:%5B%22file%22,%22video%22,%22document%22,%22image%22,%22audio%22,%22scorm%22,%22evercam%22,%22swf%22,%22wmpkg%22,%22link%22%5D,%22fileType%22:%22all%22,%22parentId%22:0,%22sourceType%22:%22MyResourcesFile%22,%22no-intercept%22:true%7D&page=1&page_size=20",200,raw/iclass.tku.edu.tw/api/user/resources__q_420c8f699e.json,18831,application/json,728318594879c850f3f4f8fc77f8dc63697f90b4ca26a975243b86b67c137c65
"https://iclass.tku.edu.tw/api/user/resources?conditions=%7B%22keyword%22:%22%22,%22includeSlides%22:false,%22limitTypes%22:%5B%22folder%22%5D,%22fileType%22:%22all%22,%22parentId%22:0,%22sourceType%22:%22MyResourcesFolder%22,%22no-intercept%22:true%7D&page=1&page_size=20",200,raw/iclass.tku.edu.tw/api/user/resources__q_e7fa3edbca.json,34,application/json,9ad225c2f4e29f6e02b9cbccd255e72973856492f6e0a42bf653a42c481fd9a4
https://iclass.tku.edu.tw/api/user/role,500,raw/iclass.tku.edu.tw/api/user/role.html,1085,text/html; charset=utf-8,df092986fca53fffb12e6116f06e8a2e902b0f81153bd0abac7a6cc2a982e615
https://iclass.tku.edu.tw/api/user/search,200,raw/iclass.tku.edu.tw/api/user/search.json,13,application/json,91e8a8d5a0c478de27b68edfe999a1126b3b5680158fdbd1999b9dab39d646b0
https://iclass.tku.edu.tw/api/user/send_org_sing_up_verification_email,500,raw/iclass.tku.edu.tw/api/user/send_org_sing_up_verification_email.html,1085,text/html; charset=utf-8,df092986fca53fffb12e6116f06e8a2e902b0f81153bd0abac7a6cc2a982e615
https://iclass.tku.edu.tw/api/user/send_verification_email,500,raw/iclass.tku.edu.tw/api/user/send_verification_email.html,1085,text/html; charset=utf-8,df092986fca53fffb12e6116f06e8a2e902b0f81153bd0abac7a6cc2a982e615
https://iclass.tku.edu.tw/api/user/storage-used,200,raw/iclass.tku.edu.tw/api/user/storage-used.json,26,application/json,ddc447f11d87b5d7df0fbfac18ab796a734dd40f1575247c689bbafada97f647
https://iclass.tku.edu.tw/api/user/third-part-resources,500,raw/iclass.tku.edu.tw/api/user/third-part-resources.html,1085,text/html; charset=utf-8,df092986fca53fffb12e6116f06e8a2e902b0f81153bd0abac7a6cc2a982e615
https://iclass.tku.edu.tw/api/user/user-school-photo,404,raw/iclass.tku.edu.tw/api/user/user-school-photo.json,45,application/json,60b6b8c04b6d0fbad792e7395ee7f60dfc0718807869aa7d1fd5131c0d273e2c
https://iclass.tku.edu.tw/api/user?page=,403,raw/iclass.tku.edu.tw/api/user__q_ee1eaef797.json,75,application/json,578f1cc0086e5307ac7f19766e6c82539226c01bed9c4a4a1cacd151e9a1d212
https://iclass.tku.edu.tw/api/user?type=all&response_key=,403,raw/iclass.tku.edu.tw/api/user__q_f23c2273ea.json,75,application/json,578f1cc0086e5307ac7f19766e6c82539226c01bed9c4a4a1cacd151e9a1d212
https://iclass.tku.edu.tw/api/user?type=instructor,403,raw/iclass.tku.edu.tw/api/user__q_562fb3401e.json,75,application/json,578f1cc0086e5307ac7f19766e6c82539226c01bed9c4a4a1cacd151e9a1d212
https://iclass.tku.edu.tw/api/users/,404,raw/iclass.tku.edu.tw/api/users/index.json,45,application/json,60b6b8c04b6d0fbad792e7395ee7f60dfc0718807869aa7d1fd5131c0d273e2c
https://iclass.tku.edu.tw/api/users/without_authz_roles?ignore_avatar=false&page=,500,raw/iclass.tku.edu.tw/api/users/without_authz_roles__q_772d0fcbda.html,1085,text/html; charset=utf-8,df092986fca53fffb12e6116f06e8a2e902b0f81153bd0abac7a6cc2a982e615
https://iclass.tku.edu.tw/api/users?for_management=true&page=1&page_size=2000,403,raw/iclass.tku.edu.tw/api/users__q_fa0a22a87e.json,75,application/json,578f1cc0086e5307ac7f19766e6c82539226c01bed9c4a4a1cacd151e9a1d212
https://iclass.tku.edu.tw/api/users?ignore_avatar=false&page=,403,raw/iclass.tku.edu.tw/api/users__q_772d0fcbda.json,75,application/json,578f1cc0086e5307ac7f19766e6c82539226c01bed9c4a4a1cacd151e9a1d212
https://iclass.tku.edu.tw/api/users?page=,403,raw/iclass.tku.edu.tw/api/users__q_ee1eaef797.json,75,application/json,578f1cc0086e5307ac7f19766e6c82539226c01bed9c4a4a1cacd151e9a1d212
https://iclass.tku.edu.tw/api/v1,404,raw/iclass.tku.edu.tw/api/v1.json,45,application/json,60b6b8c04b6d0fbad792e7395ee7f60dfc0718807869aa7d1fd5131c0d273e2c
https://iclass.tku.edu.tw/api/v2/exams/,404,raw/iclass.tku.edu.tw/api/v2/exams/index.json,45,application/json,60b6b8c04b6d0fbad792e7395ee7f60dfc0718807869aa7d1fd5131c0d273e2c
https://iclass.tku.edu.tw/api/video-quizzes,500,raw/iclass.tku.edu.tw/api/video-quizzes.html,1085,text/html; charset=utf-8,df092986fca53fffb12e6116f06e8a2e902b0f81153bd0abac7a6cc2a982e615
https://iclass.tku.edu.tw/api/video-quizzes/,404,raw/iclass.tku.edu.tw/api/video-quizzes/index.json,45,application/json,60b6b8c04b6d0fbad792e7395ee7f60dfc0718807869aa7d1fd5131c0d273e2c
https://iclass.tku.edu.tw/api/video-quizzes/org/arrears/,404,raw/iclass.tku.edu.tw/api/video-quizzes/org/arrears/index.json,45,application/json,60b6b8c04b6d0fbad792e7395ee7f60dfc0718807869aa7d1fd5131c0d273e2c
https://iclass.tku.edu.tw/api/video-suite/comments/,404,raw/iclass.tku.edu.tw/api/video-suite/comments/index.json,45,application/json,60b6b8c04b6d0fbad792e7395ee7f60dfc0718807869aa7d1fd5131c0d273e2c
https://iclass.tku.edu.tw/api/video-suites/,404,raw/iclass.tku.edu.tw/api/video-suites/index.json,45,application/json,60b6b8c04b6d0fbad792e7395ee7f60dfc0718807869aa7d1fd5131c0d273e2c
https://iclass.tku.edu.tw/api/virtual-classroom-resources,404,raw/iclass.tku.edu.tw/api/virtual-classroom-resources.json,45,application/json,60b6b8c04b6d0fbad792e7395ee7f60dfc0718807869aa7d1fd5131c0d273e2c
https://iclass.tku.edu.tw/api/virtual-experiments/,404,raw/iclass.tku.edu.tw/api/virtual-experiments/index.json,45,application/json,60b6b8c04b6d0fbad792e7395ee7f60dfc0718807869aa7d1fd5131c0d273e2c
https://iclass.tku.edu.tw/api/votes/,404,raw/iclass.tku.edu.tw/api/votes/index.json,45,application/json,60b6b8c04b6d0fbad792e7395ee7f60dfc0718807869aa7d1fd5131c0d273e2c
https://iclass.tku.edu.tw/api/vtrs,500,raw/iclass.tku.edu.tw/api/vtrs.html,1085,text/html; charset=utf-8,df092986fca53fffb12e6116f06e8a2e902b0f81153bd0abac7a6cc2a982e615
https://iclass.tku.edu.tw/api/vtrses,200,raw/iclass.tku.edu.tw/api/vtrses.json,3,application/json,37517e5f3dc66819f61f5a7bb8ace1921282415f10551d2defa5c3eb0985b570
https://iclass.tku.edu.tw/api/vtrses/,404,raw/iclass.tku.edu.tw/api/vtrses/index.json,45,application/json,60b6b8c04b6d0fbad792e7395ee7f60dfc0718807869aa7d1fd5131c0d273e2c
https://iclass.tku.edu.tw/api/vtrses/access-code/,404,raw/iclass.tku.edu.tw/api/vtrses/access-code/index.json,45,application/json,60b6b8c04b6d0fbad792e7395ee7f60dfc0718807869aa7d1fd5131c0d273e2c
https://iclass.tku.edu.tw/api/vtrses/application-stat,200,raw/iclass.tku.edu.tw/api/vtrses/application-stat.json,36,application/json,1610e8fd5ac7710cd190686285bc50ada2e824fd098e63ffd741a15094c3f8e8
https://iclass.tku.edu.tw/api/vtrses/applications,200,raw/iclass.tku.edu.tw/api/vtrses/applications.json,75,application/json,5bde69fd7510f5cd81b4cfa19c1f110f1396a63c340f0b17f9d26bb03e966aa3
https://iclass.tku.edu.tw/api/vtrses/meetings/classifications/,404,raw/iclass.tku.edu.tw/api/vtrses/meetings/classifications/index.json,45,application/json,60b6b8c04b6d0fbad792e7395ee7f60dfc0718807869aa7d1fd5131c0d273e2c
https://iclass.tku.edu.tw/api/vtrses/resources/classifications/,404,raw/iclass.tku.edu.tw/api/vtrses/resources/classifications/index.json,45,application/json,60b6b8c04b6d0fbad792e7395ee7f60dfc0718807869aa7d1fd5131c0d273e2c
https://iclass.tku.edu.tw/api/vtrses/share-resources,200,raw/iclass.tku.edu.tw/api/vtrses/share-resources.json,88,application/json,e99ab165217d59263bc4437e34a914c54a28146b25e84203e5df6032f8ffa127
https://iclass.tku.edu.tw/api/vtrses/subject-libs,200,raw/iclass.tku.edu.tw/api/vtrses/subject-libs.json,20,application/json,3f3c1f6936a634508cfde427963966e395384eb36575346eb83d82df99904493
https://iclass.tku.edu.tw/api/warning/student/,404,raw/iclass.tku.edu.tw/api/warning/student/index.json,45,application/json,60b6b8c04b6d0fbad792e7395ee7f60dfc0718807869aa7d1fd5131c0d273e2c
https://iclass.tku.edu.tw/api/webex/auth,500,raw/iclass.tku.edu.tw/api/webex/auth.html,1085,text/html; charset=utf-8,df092986fca53fffb12e6116f06e8a2e902b0f81153bd0abac7a6cc2a982e615
https://iclass.tku.edu.tw/api/webex/authorization-url,404,raw/iclass.tku.edu.tw/api/webex/authorization-url.json,45,application/json,60b6b8c04b6d0fbad792e7395ee7f60dfc0718807869aa7d1fd5131c0d273e2c
https://iclass.tku.edu.tw/api/wedrive/files?page=,500,raw/iclass.tku.edu.tw/api/wedrive/files__q_ee1eaef797.html,1085,text/html; charset=utf-8,df092986fca53fffb12e6116f06e8a2e902b0f81153bd0abac7a6cc2a982e615
https://iclass.tku.edu.tw/api/wedrive/files?page=1&page_size=1000,500,raw/iclass.tku.edu.tw/api/wedrive/files__q_bbf650a154.html,1085,text/html; charset=utf-8,df092986fca53fffb12e6116f06e8a2e902b0f81153bd0abac7a6cc2a982e615
https://iclass.tku.edu.tw/api/wg-admin/orgs/request,500,raw/iclass.tku.edu.tw/api/wg-admin/orgs/request.html,1085,text/html; charset=utf-8,df092986fca53fffb12e6116f06e8a2e902b0f81153bd0abac7a6cc2a982e615
https://iclass.tku.edu.tw/api/wg-admin/orgs/requests,403,raw/iclass.tku.edu.tw/api/wg-admin/orgs/requests.json,15,application/json,fa4b96ffbda28c41f01ae4cdc0879bba9942db4b414cc1cf2a8d64fdbad4d5ac
https://iclass.tku.edu.tw/api/zip-status/COURSE_STAT_EXPORT:,404,raw/iclass.tku.edu.tw/api/zip-status/COURSE_STAT_EXPORT_.json,45,application/json,60b6b8c04b6d0fbad792e7395ee7f60dfc0718807869aa7d1fd5131c0d273e2c
https://iclass.tku.edu.tw/api/zip-status/homework-zip/,404,raw/iclass.tku.edu.tw/api/zip-status/homework-zip/index.json,45,application/json,60b6b8c04b6d0fbad792e7395ee7f60dfc0718807869aa7d1fd5131c0d273e2c
https://iclass.tku.edu.tw/course,404,raw/iclass.tku.edu.tw/course.html,454464,text/html; charset=utf-8,6db9b9d69ce7f72fc686766ef25c0e7cd9d6770655ce81b0c67c2641061e5499
https://iclass.tku.edu.tw/course-advance-setting,404,raw/iclass.tku.edu.tw/course-advance-setting.html,454469,text/html; charset=utf-8,7fdb996c803263dbf0a672074d08122b6eecf035d4c491998f457d3418a2b43a
https://iclass.tku.edu.tw/course-audits,404,raw/iclass.tku.edu.tw/course-audits.html,454464,text/html; charset=utf-8,f59a104b5ae7f2e8bcd1cc63ec72b3ba63024de5628d3fbb608f1c2b4eebaa9e
https://iclass.tku.edu.tw/course-catalog-wrapper,404,raw/iclass.tku.edu.tw/course-catalog-wrapper.html,454457,text/html; charset=utf-8,779f55a05f1004dfdbd15b50318432c0a3cdaafeef5224f751fbabcf359b4e6e
https://iclass.tku.edu.tw/course-classifications,404,raw/iclass.tku.edu.tw/course-classifications.html,454456,text/html; charset=utf-8,3c0202f72b0e26c3ca9e50276580528018cee1aebef739325d92232952bcbf3d
https://iclass.tku.edu.tw/course-completeness?page=,404,raw/iclass.tku.edu.tw/course-completeness__q_ee1eaef797.html,454458,text/html; charset=utf-8,589806490b77a5448c2f9160f5fce5eaad393faeec2af8fb359271515ad3644a
https://iclass.tku.edu.tw/course-cover,404,raw/iclass.tku.edu.tw/course-cover.html,454466,text/html; charset=utf-8,800fffcc54c74068c6c323706a3af1cdf2a0938a1b59887eccffb7656a54cfab
https://iclass.tku.edu.tw/course-credit-setting,404,raw/iclass.tku.edu.tw/course-credit-setting.html,454452,text/html; charset=utf-8,f5f8f51b7c4c37c0acdaced0b5c96892e54bbe1aa5912f6d30d29c1706bab597
https://iclass.tku.edu.tw/course-estimate-wrapper,404,raw/iclass.tku.edu.tw/course-estimate-wrapper.html,454457,text/html; charset=utf-8,779f55a05f1004dfdbd15b50318432c0a3cdaafeef5224f751fbabcf359b4e6e
https://iclass.tku.edu.tw/course-estimates-replies/,404,raw/iclass.tku.edu.tw/course-estimates-replies/index.html,454456,text/html; charset=utf-8,3c0202f72b0e26c3ca9e50276580528018cee1aebef739325d92232952bcbf3d
https://iclass.tku.edu.tw/course-estimates-replies/avatarSmallUrl,404,raw/iclass.tku.edu.tw/course-estimates-replies/avatarSmallUrl.html,454454,text/html; charset=utf-8,96e678bb2a3915551dcaa735e6eef0c32f7fea0fe5f66b3ec642b44adfd4a353
https://iclass.tku.edu.tw/course-estimates-replies/capture_url,404,raw/iclass.tku.edu.tw/course-estimates-replies/capture_url.html,454454,text/html; charset=utf-8,96e678bb2a3915551dcaa735e6eef0c32f7fea0fe5f66b3ec642b44adfd4a353
https://iclass.tku.edu.tw/course-estimates-replies/lesson_resource_url,404,raw/iclass.tku.edu.tw/course-estimates-replies/lesson_resource_url.html,454454,text/html; charset=utf-8,96e678bb2a3915551dcaa735e6eef0c32f7fea0fe5f66b3ec642b44adfd4a353
https://iclass.tku.edu.tw/course-estimates-replies/manualUrl,404,raw/iclass.tku.edu.tw/course-estimates-replies/manualUrl.html,454454,text/html; charset=utf-8,96e678bb2a3915551dcaa735e6eef0c32f7fea0fe5f66b3ec642b44adfd4a353
https://iclass.tku.edu.tw/course-estimates/,404,raw/iclass.tku.edu.tw/course-estimates/index.html,454456,text/html; charset=utf-8,3c0202f72b0e26c3ca9e50276580528018cee1aebef739325d92232952bcbf3d
https://iclass.tku.edu.tw/course-estimates/avatarSmallUrl,404,raw/iclass.tku.edu.tw/course-estimates/avatarSmallUrl.html,454454,text/html; charset=utf-8,96e678bb2a3915551dcaa735e6eef0c32f7fea0fe5f66b3ec642b44adfd4a353
https://iclass.tku.edu.tw/course-estimates/capture_url,404,raw/iclass.tku.edu.tw/course-estimates/capture_url.html,454454,text/html; charset=utf-8,96e678bb2a3915551dcaa735e6eef0c32f7fea0fe5f66b3ec642b44adfd4a353
https://iclass.tku.edu.tw/course-estimates/lesson_resource_url,404,raw/iclass.tku.edu.tw/course-estimates/lesson_resource_url.html,454454,text/html; charset=utf-8,96e678bb2a3915551dcaa735e6eef0c32f7fea0fe5f66b3ec642b44adfd4a353
https://iclass.tku.edu.tw/course-estimates/manualUrl,404,raw/iclass.tku.edu.tw/course-estimates/manualUrl.html,454454,text/html; charset=utf-8,96e678bb2a3915551dcaa735e6eef0c32f7fea0fe5f66b3ec642b44adfd4a353
https://iclass.tku.edu.tw/course-package,404,raw/iclass.tku.edu.tw/course-package.html,454462,text/html; charset=utf-8,46c02e57c21c76bf968e2be9556fa3764910c1cba197b32180a8d9b47b987107
https://iclass.tku.edu.tw/course-package/avatarSmallUrl,404,raw/iclass.tku.edu.tw/course-package/avatarSmallUrl.html,454458,text/html; charset=utf-8,0641766613ab9c9cfe58d42be4b344ee137380f5390ad40560aeef904ca3543b
https://iclass.tku.edu.tw/course-package/capture_url,404,raw/iclass.tku.edu.tw/course-package/capture_url.html,454454,text/html; charset=utf-8,96e678bb2a3915551dcaa735e6eef0c32f7fea0fe5f66b3ec642b44adfd4a353
https://iclass.tku.edu.tw/course-package/export,404,raw/iclass.tku.edu.tw/course-package/export.html,454462,text/html; charset=utf-8,46c02e57c21c76bf968e2be9556fa3764910c1cba197b32180a8d9b47b987107
https://iclass.tku.edu.tw/course-package/lesson_resource_url,404,raw/iclass.tku.edu.tw/course-package/lesson_resource_url.html,454454,text/html; charset=utf-8,96e678bb2a3915551dcaa735e6eef0c32f7fea0fe5f66b3ec642b44adfd4a353
https://iclass.tku.edu.tw/course-package/manualUrl,404,raw/iclass.tku.edu.tw/course-package/manualUrl.html,454458,text/html; charset=utf-8,0641766613ab9c9cfe58d42be4b344ee137380f5390ad40560aeef904ca3543b
https://iclass.tku.edu.tw/course-package/status,404,raw/iclass.tku.edu.tw/course-package/status.html,454462,text/html; charset=utf-8,46c02e57c21c76bf968e2be9556fa3764910c1cba197b32180a8d9b47b987107
https://iclass.tku.edu.tw/course-roles,404,raw/iclass.tku.edu.tw/course-roles.html,454458,text/html; charset=utf-8,0641766613ab9c9cfe58d42be4b344ee137380f5390ad40560aeef904ca3543b
https://iclass.tku.edu.tw/course-roles/,404,raw/iclass.tku.edu.tw/course-roles/index.html,454476,text/html; charset=utf-8,a4cf31df45a64c542e1eff558239469384bd9dd0f7362711dc62d27ed518291d
https://iclass.tku.edu.tw/course-roles/:roleId/course/:courseId,404,raw/iclass.tku.edu.tw/course-roles/_roleId/course/_courseId.html,454458,text/html; charset=utf-8,0641766613ab9c9cfe58d42be4b344ee137380f5390ad40560aeef904ca3543b
https://iclass.tku.edu.tw/course-roles/:roleId/edit,404,raw/iclass.tku.edu.tw/course-roles/_roleId/edit.html,454458,text/html; charset=utf-8,0641766613ab9c9cfe58d42be4b344ee137380f5390ad40560aeef904ca3543b
https://iclass.tku.edu.tw/course-roles/add,404,raw/iclass.tku.edu.tw/course-roles/add.html,454458,text/html; charset=utf-8,0641766613ab9c9cfe58d42be4b344ee137380f5390ad40560aeef904ca3543b
https://iclass.tku.edu.tw/course-roles/avatarSmallUrl,404,raw/iclass.tku.edu.tw/course-roles/avatarSmallUrl.html,454476,text/html; charset=utf-8,6fd83934797889817358f2b4e586a320b02a92df99cac1620275fbade16a3f21
https://iclass.tku.edu.tw/course-roles/capture_url,404,raw/iclass.tku.edu.tw/course-roles/capture_url.html,454453,text/html; charset=utf-8,b3456d4c01a2d8eb506bc58cd08753546b2e9e3d839b46d7c73f3797ffce1bce
https://iclass.tku.edu.tw/course-roles/lesson_resource_url,404,raw/iclass.tku.edu.tw/course-roles/lesson_resource_url.html,454476,text/html; charset=utf-8,6fd83934797889817358f2b4e586a320b02a92df99cac1620275fbade16a3f21
https://iclass.tku.edu.tw/course-roles/manualUrl,404,raw/iclass.tku.edu.tw/course-roles/manualUrl.html,454476,text/html; charset=utf-8,6fd83934797889817358f2b4e586a320b02a92df99cac1620275fbade16a3f21
https://iclass.tku.edu.tw/course-summary-wrapper,404,raw/iclass.tku.edu.tw/course-summary-wrapper.html,454464,text/html; charset=utf-8,6db9b9d69ce7f72fc686766ef25c0e7cd9d6770655ce81b0c67c2641061e5499
https://iclass.tku.edu.tw/course-themes,404,raw/iclass.tku.edu.tw/course-themes.html,454452,text/html; charset=utf-8,f5f8f51b7c4c37c0acdaced0b5c96892e54bbe1aa5912f6d30d29c1706bab597
https://iclass.tku.edu.tw/course/,404,raw/iclass.tku.edu.tw/course/index.html,454466,text/html; charset=utf-8,800fffcc54c74068c6c323706a3af1cdf2a0938a1b59887eccffb7656a54cfab
https://iclass.tku.edu.tw/course/260584/avatarSmallUrl,404,raw/iclass.tku.edu.tw/course/260584/avatarSmallUrl.html,454472,text/html; charset=utf-8,fb92c4693b643f0f75e94e298d46afeff7a18e39c7712f3a2b8aa528c9a0f03a
https://iclass.tku.edu.tw/course/260584/bulletin,200,raw/iclass.tku.edu.tw/course/260584/bulletin.html,516044,text/html; charset=utf-8,ddef533848fe5c141f9d4c3e6af3ed38df6a086f7ec4de4efa32d2d73d4c0217
https://iclass.tku.edu.tw/course/260584/classroom,200,raw/iclass.tku.edu.tw/course/260584/classroom.html,490966,text/html; charset=utf-8,2396036b0506a9751041e4275403d30bbf53f2474eed9f09c7f27fe03d7001f4
https://iclass.tku.edu.tw/course/260584/content,200,raw/iclass.tku.edu.tw/course/260584/content.html,1122672,text/html; charset=utf-8,612b158dc3cda5d566aeab9a83fc9df47a01cdec8f76d75d35a6e7a3badb6121
https://iclass.tku.edu.tw/course/260584/courseware,200,raw/iclass.tku.edu.tw/course/260584/courseware.html,1060670,text/html; charset=utf-8,9cfe2fbaaa0d5648a0c82475da9c87a05448b1cb76529534288a08aaf7d6ec85
https://iclass.tku.edu.tw/course/260584/enrollments,200,raw/iclass.tku.edu.tw/course/260584/enrollments.html,505195,text/html; charset=utf-8,ee0e96280f614ba25d1f4f1b87985c2fffa6dc02f15c4e7bb4fa8edf1600921a
https://iclass.tku.edu.tw/course/260584/evaluation,500,raw/iclass.tku.edu.tw/course/260584/evaluation.html,1085,text/html; charset=utf-8,df092986fca53fffb12e6116f06e8a2e902b0f81153bd0abac7a6cc2a982e615
https://iclass.tku.edu.tw/course/260584/exam,200,raw/iclass.tku.edu.tw/course/260584/exam.html,499361,text/html; charset=utf-8,4d69078c885587007949dd5544f6afda7bc0d4d551be69dc767ae0149fa7f800
https://iclass.tku.edu.tw/course/260584/forum,200,raw/iclass.tku.edu.tw/course/260584/forum.html,728721,text/html; charset=utf-8,2d7f1d822025e25c12e25816ea46eec4c1ee5ee79be248cc8bc6fe92c03ed875
https://iclass.tku.edu.tw/course/260584/group-set,200,raw/iclass.tku.edu.tw/course/260584/group-set.html,775677,text/html; charset=utf-8,95161d5cbeb8cfdda8ca9a2c367252fe1df7477bbfc2669421022e47a7b47ded
https://iclass.tku.edu.tw/course/260584/homework,200,raw/iclass.tku.edu.tw/course/260584/homework.html,664800,text/html; charset=utf-8,fdff1c7b9e4d5a49c6b55ea8b24fab0435bdb0e8a0e57ad02abd4ee38335199e
https://iclass.tku.edu.tw/course/260584/lesson_resource_url,404,raw/iclass.tku.edu.tw/course/260584/lesson_resource_url.html,454458,text/html; charset=utf-8,40c988e2d42f1a3128af5d32095e5e45ade8fd71a3df8183d13f74b28fb5f49e
https://iclass.tku.edu.tw/course/260584/live-activities,200,raw/iclass.tku.edu.tw/course/260584/live-activities.html,555238,text/html; charset=utf-8,97075824fc3e04d35b1eb6b5900eb67fceeef92cf4c60addfd9e83a8c6b86e08
https://iclass.tku.edu.tw/course/260584/manualUrl,404,raw/iclass.tku.edu.tw/course/260584/manualUrl.html,454458,text/html; charset=utf-8,40c988e2d42f1a3128af5d32095e5e45ade8fd71a3df8183d13f74b28fb5f49e
https://iclass.tku.edu.tw/course/260584/my-stat,200,raw/iclass.tku.edu.tw/course/260584/my-stat.html,457801,text/html; charset=utf-8,af9edeac5d618d77d936445eb0ff6200f68063811f662b67e67ebce0e0d5ba93
https://iclass.tku.edu.tw/course/260584/note,200,raw/iclass.tku.edu.tw/course/260584/note.html,679006,text/html; charset=utf-8,1f656adc39a9cfc38cf9f0e31ebd2e2cc296139d8ce5e0f4d5752c3a6559e9b3
https://iclass.tku.edu.tw/course/260584/outline,200,raw/iclass.tku.edu.tw/course/260584/outline.html,503102,text/html; charset=utf-8,688dd6a4f8605985f8c51bf68f2bf460eda12ba0a4b9f21d0b3d2f53ed1c392c
https://iclass.tku.edu.tw/course/260584/questionnaire,200,raw/iclass.tku.edu.tw/course/260584/questionnaire.html,486560,text/html; charset=utf-8,ba12f8a070c21678afd5ca956fa244293eb4922c1dcf2fefeba163355c811295
https://iclass.tku.edu.tw/course/260584/rollcall,200,raw/iclass.tku.edu.tw/course/260584/rollcall.html,481457,text/html; charset=utf-8,6f52a7160b6345551d73e70efca4c0ea1b56d86acb00648ffbd14f0ae8624f56
https://iclass.tku.edu.tw/course/260584/score,200,raw/iclass.tku.edu.tw/course/260584/score.html,544286,text/html; charset=utf-8,c0a6147c211d002810273f91e319b49826f97ce59dbad3fafa1c915486097381
https://iclass.tku.edu.tw/course/260584/true,404,raw/iclass.tku.edu.tw/course/260584/true.html,454458,text/html; charset=utf-8,40c988e2d42f1a3128af5d32095e5e45ade8fd71a3df8183d13f74b28fb5f49e
https://iclass.tku.edu.tw/course/261155/content,200,raw/iclass.tku.edu.tw/course/261155/content.html,1122673,text/html; charset=utf-8,ddffad222b884fc766b256fbdd36c7ef2298f5754cd533317184c044c2a36e79
https://iclass.tku.edu.tw/course/261157/avatarSmallUrl,404,raw/iclass.tku.edu.tw/course/261157/avatarSmallUrl.html,454473,text/html; charset=utf-8,aeb64bd735e88fb836d9961e6328bd99b009470f8fd1274abc47620c62b7ec9c
https://iclass.tku.edu.tw/course/261157/bulletin,200,raw/iclass.tku.edu.tw/course/261157/bulletin.html,516033,text/html; charset=utf-8,f6c43a6bb8f61f99ca60cf809ab01b2f46dd5861089453239f1f4d8400ed63ac
https://iclass.tku.edu.tw/course/261157/capture_url,404,raw/iclass.tku.edu.tw/course/261157/capture_url.html,454472,text/html; charset=utf-8,fb92c4693b643f0f75e94e298d46afeff7a18e39c7712f3a2b8aa528c9a0f03a
https://iclass.tku.edu.tw/course/261157/classroom,200,raw/iclass.tku.edu.tw/course/261157/classroom.html,490954,text/html; charset=utf-8,8115e5c9da5072a6efeacc01bf9f65e292edaeeaaac730c2576236025cf67f3b
https://iclass.tku.edu.tw/course/261157/content,200,raw/iclass.tku.edu.tw/course/261157/content.html,1122645,text/html; charset=utf-8,370ac002003252bbb5cd4fcfb492c5e7ecae90a0d2381ad89d7a6221c77d5d80
https://iclass.tku.edu.tw/course/261157/courseware,200,raw/iclass.tku.edu.tw/course/261157/courseware.html,1060659,text/html; charset=utf-8,7cd1c9fde7e43fe3a7cc1051f269e4a8f19a06975ce230f84b1556d3e4bd5f71
https://iclass.tku.edu.tw/course/261157/enrollments,200,raw/iclass.tku.edu.tw/course/261157/enrollments.html,505169,text/html; charset=utf-8,63c48c2c45e744f9c90c1d5078655b8ad969de1ebf150947ed190dc6ff255d58
https://iclass.tku.edu.tw/course/261157/evaluation,500,raw/iclass.tku.edu.tw/course/261157/evaluation.html,1085,text/html; charset=utf-8,df092986fca53fffb12e6116f06e8a2e902b0f81153bd0abac7a6cc2a982e615
https://iclass.tku.edu.tw/course/261157/exam,200,raw/iclass.tku.edu.tw/course/261157/exam.html,499350,text/html; charset=utf-8,312afd933170c9d2fe104ccd439de872a1eeb8b50b745ee26fe6c0d1bdfc7dd5
https://iclass.tku.edu.tw/course/261157/forum,200,raw/iclass.tku.edu.tw/course/261157/forum.html,728710,text/html; charset=utf-8,5dc06130230c12dbadbd929a969d5f66765eca2ba5893296cd61186e3561b6a3
https://iclass.tku.edu.tw/course/261157/group-set,200,raw/iclass.tku.edu.tw/course/261157/group-set.html,775665,text/html; charset=utf-8,d71e3805ff13cb6b478c7855fddf266c104a3cef25d243b9b9d55482dfc4cdd2
https://iclass.tku.edu.tw/course/261157/homework,200,raw/iclass.tku.edu.tw/course/261157/homework.html,664789,text/html; charset=utf-8,c6da502e641abfa397ed1596396eb4a061be0fa606ce43d09c48f43270516f39
https://iclass.tku.edu.tw/course/261157/lesson_resource_url,404,raw/iclass.tku.edu.tw/course/261157/lesson_resource_url.html,454472,text/html; charset=utf-8,fb92c4693b643f0f75e94e298d46afeff7a18e39c7712f3a2b8aa528c9a0f03a
https://iclass.tku.edu.tw/course/261157/live-activities,200,raw/iclass.tku.edu.tw/course/261157/live-activities.html,555225,text/html; charset=utf-8,1c53bb6294077c505dfa0e103f0babe90bc4870dc5b1a6b8b7dce047a84d8626
https://iclass.tku.edu.tw/course/261157/manualUrl,404,raw/iclass.tku.edu.tw/course/261157/manualUrl.html,454472,text/html; charset=utf-8,fb92c4693b643f0f75e94e298d46afeff7a18e39c7712f3a2b8aa528c9a0f03a
https://iclass.tku.edu.tw/course/261157/my-stat,200,raw/iclass.tku.edu.tw/course/261157/my-stat.html,457790,text/html; charset=utf-8,668ca80d4104347cbdc051982f04ab21db1dfceda565e4f9c613a95feb643793
https://iclass.tku.edu.tw/course/261157/note,200,raw/iclass.tku.edu.tw/course/261157/note.html,678994,text/html; charset=utf-8,59afa18d7174271775a1698322cd586cf1206295f87a75ad6e94706d208418ac
https://iclass.tku.edu.tw/course/261157/outline,200,raw/iclass.tku.edu.tw/course/261157/outline.html,503091,text/html; charset=utf-8,497d510c44de2b2e832b65dabec4dad2a5533adfe76e28773c5365622a7e45ed
https://iclass.tku.edu.tw/course/261157/questionnaire,200,raw/iclass.tku.edu.tw/course/261157/questionnaire.html,486549,text/html; charset=utf-8,ac4e41d644ebd33e3ecf2654466e198b427bd0dc25d75ba0acc98dc3b11618c4
https://iclass.tku.edu.tw/course/261157/rollcall,200,raw/iclass.tku.edu.tw/course/261157/rollcall.html,481431,text/html; charset=utf-8,a5fbfac09bdda00575377ec7135b7cd1df02724d4711d3d65f4967ed89d2defa
https://iclass.tku.edu.tw/course/261157/score,200,raw/iclass.tku.edu.tw/course/261157/score.html,544275,text/html; charset=utf-8,d2ea0a7dbbc88e87f95335b9469085e9c2fa7af45b6d16f071c1150f8a25b8ee
https://iclass.tku.edu.tw/course/261157/true,404,raw/iclass.tku.edu.tw/course/261157/true.html,454472,text/html; charset=utf-8,fb92c4693b643f0f75e94e298d46afeff7a18e39c7712f3a2b8aa528c9a0f03a
https://iclass.tku.edu.tw/course/261159/content,200,raw/iclass.tku.edu.tw/course/261159/content.html,1122666,text/html; charset=utf-8,a886838335fcef101e80af48bd97fb92782aecffa5ac3ea1a01f46f37d6f3ace
https://iclass.tku.edu.tw/course/261161/content,200,raw/iclass.tku.edu.tw/course/261161/content.html,1122676,text/html; charset=utf-8,b4dfe8fbe82ebefd9226b19e70b83d0203a2251b1d255b0dfb559eb261165c23
https://iclass.tku.edu.tw/course/262426/content,200,raw/iclass.tku.edu.tw/course/262426/content.html,1122659,text/html; charset=utf-8,f7fba5575fe4ae934f1efeb798cf529d74015b1a61955441328b041bd356d2e1
https://iclass.tku.edu.tw/course/add?course_type=13,404,raw/iclass.tku.edu.tw/course/add__q_515421e58e.html,454464,text/html; charset=utf-8,f59a104b5ae7f2e8bcd1cc63ec72b3ba63024de5628d3fbb608f1c2b4eebaa9e
https://iclass.tku.edu.tw/course/avatarSmallUrl,404,raw/iclass.tku.edu.tw/course/avatarSmallUrl.html,454460,text/html; charset=utf-8,dbbecfcb39810c401fd78ed385d3ca00601dc26d5b37c587c2697ddb4315f866
https://iclass.tku.edu.tw/course/capture_url,404,raw/iclass.tku.edu.tw/course/capture_url.html,454460,text/html; charset=utf-8,dbbecfcb39810c401fd78ed385d3ca00601dc26d5b37c587c2697ddb4315f866
https://iclass.tku.edu.tw/course/classroom-exam/,404,raw/iclass.tku.edu.tw/course/classroom-exam/index.html,454456,text/html; charset=utf-8,3c0202f72b0e26c3ca9e50276580528018cee1aebef739325d92232952bcbf3d
https://iclass.tku.edu.tw/course/classroom-exam/avatarSmallUrl,404,raw/iclass.tku.edu.tw/course/classroom-exam/avatarSmallUrl.html,454454,text/html; charset=utf-8,96e678bb2a3915551dcaa735e6eef0c32f7fea0fe5f66b3ec642b44adfd4a353
https://iclass.tku.edu.tw/course/classroom-exam/capture_url,404,raw/iclass.tku.edu.tw/course/classroom-exam/capture_url.html,454454,text/html; charset=utf-8,96e678bb2a3915551dcaa735e6eef0c32f7fea0fe5f66b3ec642b44adfd4a353
https://iclass.tku.edu.tw/course/classroom-exam/lesson_resource_url,404,raw/iclass.tku.edu.tw/course/classroom-exam/lesson_resource_url.html,454454,text/html; charset=utf-8,96e678bb2a3915551dcaa735e6eef0c32f7fea0fe5f66b3ec642b44adfd4a353
https://iclass.tku.edu.tw/course/classroom-exam/manualUrl,404,raw/iclass.tku.edu.tw/course/classroom-exam/manualUrl.html,454454,text/html; charset=utf-8,96e678bb2a3915551dcaa735e6eef0c32f7fea0fe5f66b3ec642b44adfd4a353
https://iclass.tku.edu.tw/course/classroom-subjects-import-help?mode=word,200,raw/iclass.tku.edu.tw/course/classroom-subjects-import-help__q_351366dd3a.html,291061,text/html; charset=utf-8,c3a11028a1eddf00db0e98c3f129cb8d7c604eab8816b188ef1c69550ac0ab20
https://iclass.tku.edu.tw/course/course_template/,404,raw/iclass.tku.edu.tw/course/course_template/index.html,454452,text/html; charset=utf-8,f5f8f51b7c4c37c0acdaced0b5c96892e54bbe1aa5912f6d30d29c1706bab597
https://iclass.tku.edu.tw/course/course_template/0/capture_url,404,raw/iclass.tku.edu.tw/course/course_template/0/capture_url.html,454476,text/html; charset=utf-8,6fd83934797889817358f2b4e586a320b02a92df99cac1620275fbade16a3f21
https://iclass.tku.edu.tw/course/course_template/0/lesson_resource_url,404,raw/iclass.tku.edu.tw/course/course_template/0/lesson_resource_url.html,454476,text/html; charset=utf-8,6fd83934797889817358f2b4e586a320b02a92df99cac1620275fbade16a3f21
https://iclass.tku.edu.tw/course/course_template/0/preview,200,raw/iclass.tku.edu.tw/course/course_template/0/preview.html,290084,text/html; charset=utf-8,33afef1153dd5686c0e5c3f5c48e623d3e8582f5772fb29bfc1c1b8435bded44
https://iclass.tku.edu.tw/course/course_template/avatarSmallUrl,404,raw/iclass.tku.edu.tw/course/course_template/avatarSmallUrl.html,454453,text/html; charset=utf-8,b3456d4c01a2d8eb506bc58cd08753546b2e9e3d839b46d7c73f3797ffce1bce
https://iclass.tku.edu.tw/course/course_template/capture_url,404,raw/iclass.tku.edu.tw/course/course_template/capture_url.html,454453,text/html; charset=utf-8,b3456d4c01a2d8eb506bc58cd08753546b2e9e3d839b46d7c73f3797ffce1bce
https://iclass.tku.edu.tw/course/course_template/lesson_resource_url,404,raw/iclass.tku.edu.tw/course/course_template/lesson_resource_url.html,454453,text/html; charset=utf-8,b3456d4c01a2d8eb506bc58cd08753546b2e9e3d839b46d7c73f3797ffce1bce
https://iclass.tku.edu.tw/course/course_template/manualUrl,404,raw/iclass.tku.edu.tw/course/course_template/manualUrl.html,454453,text/html; charset=utf-8,b3456d4c01a2d8eb506bc58cd08753546b2e9e3d839b46d7c73f3797ffce1bce
https://iclass.tku.edu.tw/course/exam-subjects-import-help?mode=word&show_knowledge_node=,200,raw/iclass.tku.edu.tw/course/exam-subjects-import-help__q_d5507f9e99.html,297207,text/html; charset=utf-8,e9615cbc52fa6aa75eabfde945ed24c7092c023d5b0c8fc2c705ff3e6e624f13
https://iclass.tku.edu.tw/course/join/,404,raw/iclass.tku.edu.tw/course/join/index.html,454466,text/html; charset=utf-8,513f75fc0b55025d8265c50a410be40d4822a75885a00b4fe0c559509a624f98
https://iclass.tku.edu.tw/course/join/avatarSmallUrl,404,raw/iclass.tku.edu.tw/course/join/avatarSmallUrl.html,454462,text/html; charset=utf-8,b5a0e598c0c1719aeda774e32fdeb392877896e28cb8e8fb509ac08102ea9290
https://iclass.tku.edu.tw/course/join/capture_url,404,raw/iclass.tku.edu.tw/course/join/capture_url.html,454470,text/html; charset=utf-8,2138ca9ffd9eca3f9d679529aa56f34248ebe99c88db87f594f49fa26ee0e576
https://iclass.tku.edu.tw/course/join/lesson_resource_url,404,raw/iclass.tku.edu.tw/course/join/lesson_resource_url.html,454470,text/html; charset=utf-8,2138ca9ffd9eca3f9d679529aa56f34248ebe99c88db87f594f49fa26ee0e576
https://iclass.tku.edu.tw/course/join/manualUrl,404,raw/iclass.tku.edu.tw/course/join/manualUrl.html,454462,text/html; charset=utf-8,b5a0e598c0c1719aeda774e32fdeb392877896e28cb8e8fb509ac08102ea9290
https://iclass.tku.edu.tw/course/lesson_resource_url,404,raw/iclass.tku.edu.tw/course/lesson_resource_url.html,454460,text/html; charset=utf-8,dbbecfcb39810c401fd78ed385d3ca00601dc26d5b37c587c2697ddb4315f866
https://iclass.tku.edu.tw/course/library-subjects-import-help?mode=word&show_knowledge_node=,200,raw/iclass.tku.edu.tw/course/library-subjects-import-help__q_d5507f9e99.html,297098,text/html; charset=utf-8,f70fafa1b123639c3e6b7c7a5b906608f2e1d0ff93c8b9c908a395cacfda6574
https://iclass.tku.edu.tw/course/manualUrl,404,raw/iclass.tku.edu.tw/course/manualUrl.html,454460,text/html; charset=utf-8,dbbecfcb39810c401fd78ed385d3ca00601dc26d5b37c587c2697ddb4315f866
https://iclass.tku.edu.tw/course/my-stat/note,200,raw/iclass.tku.edu.tw/course/my-stat/note.html,11040,text/html; charset=utf-8,d52fd7063e7f05c0f2009d325e3c51b86f5ddec477aafe5b4f5a6972487aad50
https://iclass.tku.edu.tw/course/package/,404,raw/iclass.tku.edu.tw/course/package/index.html,454458,text/html; charset=utf-8,589806490b77a5448c2f9160f5fce5eaad393faeec2af8fb359271515ad3644a
https://iclass.tku.edu.tw/course/package/avatarSmallUrl,404,raw/iclass.tku.edu.tw/course/package/avatarSmallUrl.html,454453,text/html; charset=utf-8,b3456d4c01a2d8eb506bc58cd08753546b2e9e3d839b46d7c73f3797ffce1bce
https://iclass.tku.edu.tw/course/package/capture_url,404,raw/iclass.tku.edu.tw/course/package/capture_url.html,454453,text/html; charset=utf-8,b3456d4c01a2d8eb506bc58cd08753546b2e9e3d839b46d7c73f3797ffce1bce
https://iclass.tku.edu.tw/course/package/lesson_resource_url,404,raw/iclass.tku.edu.tw/course/package/lesson_resource_url.html,454453,text/html; charset=utf-8,b3456d4c01a2d8eb506bc58cd08753546b2e9e3d839b46d7c73f3797ffce1bce
https://iclass.tku.edu.tw/course/package/manualUrl,404,raw/iclass.tku.edu.tw/course/package/manualUrl.html,454453,text/html; charset=utf-8,b3456d4c01a2d8eb506bc58cd08753546b2e9e3d839b46d7c73f3797ffce1bce
https://iclass.tku.edu.tw/course/questionnaire-exam/,404,raw/iclass.tku.edu.tw/course/questionnaire-exam/index.html,454460,text/html; charset=utf-8,dbbecfcb39810c401fd78ed385d3ca00601dc26d5b37c587c2697ddb4315f866
https://iclass.tku.edu.tw/course/questionnaire-exam/avatarSmallUrl,404,raw/iclass.tku.edu.tw/course/questionnaire-exam/avatarSmallUrl.html,454469,text/html; charset=utf-8,3eaee669e0aac096e12203984990c849a8351b1c6f29f593bc7fc6a81cd6dc1a
https://iclass.tku.edu.tw/course/questionnaire-exam/capture_url,404,raw/iclass.tku.edu.tw/course/questionnaire-exam/capture_url.html,454469,text/html; charset=utf-8,3eaee669e0aac096e12203984990c849a8351b1c6f29f593bc7fc6a81cd6dc1a
https://iclass.tku.edu.tw/course/questionnaire-exam/lesson_resource_url,404,raw/iclass.tku.edu.tw/course/questionnaire-exam/lesson_resource_url.html,454469,text/html; charset=utf-8,3eaee669e0aac096e12203984990c849a8351b1c6f29f593bc7fc6a81cd6dc1a
https://iclass.tku.edu.tw/course/questionnaire-exam/manualUrl,404,raw/iclass.tku.edu.tw/course/questionnaire-exam/manualUrl.html,454469,text/html; charset=utf-8,3eaee669e0aac096e12203984990c849a8351b1c6f29f593bc7fc6a81cd6dc1a
https://iclass.tku.edu.tw/course/stat,404,raw/iclass.tku.edu.tw/course/stat.html,454457,text/html; charset=utf-8,4e95fa2dd729ac1eb99cfb38b8de35b79efd239fbe9225490deec52971e0ac98
https://iclass.tku.edu.tw/course/stat/note,200,raw/iclass.tku.edu.tw/course/stat/note.html,13896,text/html; charset=utf-8,3b925b0d25e823172516eeed84580bf93983285bba556964ab3fdfaac6b765b6
https://iclass.tku.edu.tw/course/virtual-experiments/,404,raw/iclass.tku.edu.tw/course/virtual-experiments/index.html,454456,text/html; charset=utf-8,3c0202f72b0e26c3ca9e50276580528018cee1aebef739325d92232952bcbf3d
https://iclass.tku.edu.tw/course/virtual-experiments/avatarSmallUrl,404,raw/iclass.tku.edu.tw/course/virtual-experiments/avatarSmallUrl.html,454454,text/html; charset=utf-8,96e678bb2a3915551dcaa735e6eef0c32f7fea0fe5f66b3ec642b44adfd4a353
https://iclass.tku.edu.tw/course/virtual-experiments/capture_url,404,raw/iclass.tku.edu.tw/course/virtual-experiments/capture_url.html,454454,text/html; charset=utf-8,96e678bb2a3915551dcaa735e6eef0c32f7fea0fe5f66b3ec642b44adfd4a353
https://iclass.tku.edu.tw/course/virtual-experiments/lesson_resource_url,404,raw/iclass.tku.edu.tw/course/virtual-experiments/lesson_resource_url.html,454454,text/html; charset=utf-8,96e678bb2a3915551dcaa735e6eef0c32f7fea0fe5f66b3ec642b44adfd4a353
https://iclass.tku.edu.tw/course/virtual-experiments/manualUrl,404,raw/iclass.tku.edu.tw/course/virtual-experiments/manualUrl.html,454454,text/html; charset=utf-8,96e678bb2a3915551dcaa735e6eef0c32f7fea0fe5f66b3ec642b44adfd4a353
https://iclass.tku.edu.tw/course_library,404,raw/iclass.tku.edu.tw/course_library.html,454476,text/html; charset=utf-8,a4cf31df45a64c542e1eff558239469384bd9dd0f7362711dc62d27ed518291d
https://iclass.tku.edu.tw/course_library/parent_id/:parent_id,404,raw/iclass.tku.edu.tw/course_library/parent_id/_parent_id.html,454476,text/html; charset=utf-8,a4cf31df45a64c542e1eff558239469384bd9dd0f7362711dc62d27ed518291d
https://iclass.tku.edu.tw/course_library/parent_id/avatarSmallUrl,404,raw/iclass.tku.edu.tw/course_library/parent_id/avatarSmallUrl.html,454453,text/html; charset=utf-8,b3456d4c01a2d8eb506bc58cd08753546b2e9e3d839b46d7c73f3797ffce1bce
https://iclass.tku.edu.tw/course_library/parent_id/capture_url,404,raw/iclass.tku.edu.tw/course_library/parent_id/capture_url.html,454453,text/html; charset=utf-8,b3456d4c01a2d8eb506bc58cd08753546b2e9e3d839b46d7c73f3797ffce1bce
https://iclass.tku.edu.tw/course_library/parent_id/lesson_resource_url,404,raw/iclass.tku.edu.tw/course_library/parent_id/lesson_resource_url.html,454453,text/html; charset=utf-8,b3456d4c01a2d8eb506bc58cd08753546b2e9e3d839b46d7c73f3797ffce1bce
https://iclass.tku.edu.tw/course_library/parent_id/manualUrl,404,raw/iclass.tku.edu.tw/course_library/parent_id/manualUrl.html,454453,text/html; charset=utf-8,b3456d4c01a2d8eb506bc58cd08753546b2e9e3d839b46d7c73f3797ffce1bce
https://iclass.tku.edu.tw/courses,404,raw/iclass.tku.edu.tw/courses.html,454474,text/html; charset=utf-8,ea3dcfaf5492963a0a2becc9ba35a21a6e331f1e43029f1e4045724322d90a14
https://iclass.tku.edu.tw/courses-for-copy,404,raw/iclass.tku.edu.tw/courses-for-copy.html,454462,text/html; charset=utf-8,67d6ca40c6bd3c8a2e4cecbbf86f0b3289a579af1d9942ce47dcb7ca172856c6
https://iclass.tku.edu.tw/courses-group/,404,raw/iclass.tku.edu.tw/courses-group/index.html,454458,text/html; charset=utf-8,589806490b77a5448c2f9160f5fce5eaad393faeec2af8fb359271515ad3644a
https://iclass.tku.edu.tw/courses-group/avatarSmallUrl,404,raw/iclass.tku.edu.tw/courses-group/avatarSmallUrl.html,454453,text/html; charset=utf-8,b3456d4c01a2d8eb506bc58cd08753546b2e9e3d839b46d7c73f3797ffce1bce
https://iclass.tku.edu.tw/courses-group/capture_url,404,raw/iclass.tku.edu.tw/courses-group/capture_url.html,454453,text/html; charset=utf-8,b3456d4c01a2d8eb506bc58cd08753546b2e9e3d839b46d7c73f3797ffce1bce
https://iclass.tku.edu.tw/courses-group/lesson_resource_url,404,raw/iclass.tku.edu.tw/courses-group/lesson_resource_url.html,454453,text/html; charset=utf-8,b3456d4c01a2d8eb506bc58cd08753546b2e9e3d839b46d7c73f3797ffce1bce
https://iclass.tku.edu.tw/courses-group/manualUrl,404,raw/iclass.tku.edu.tw/courses-group/manualUrl.html,454453,text/html; charset=utf-8,b3456d4c01a2d8eb506bc58cd08753546b2e9e3d839b46d7c73f3797ffce1bce
https://iclass.tku.edu.tw/courses-number,404,raw/iclass.tku.edu.tw/courses-number.html,454460,text/html; charset=utf-8,7908b76373f244225d28b1db45bee675c3e51fa29551b9bc26c89dbc3bf63e14
https://iclass.tku.edu.tw/courses-to-merged,404,raw/iclass.tku.edu.tw/courses-to-merged.html,454461,text/html; charset=utf-8,2b3494c9fb9fd98009ab99aa59f3aaaff93f20521ffab6d1e9d6038692411be9
https://iclass.tku.edu.tw/courses/,404,raw/iclass.tku.edu.tw/courses/index.html,454461,text/html; charset=utf-8,2b3494c9fb9fd98009ab99aa59f3aaaff93f20521ffab6d1e9d6038692411be9
https://iclass.tku.edu.tw/courses/avatarSmallUrl,404,raw/iclass.tku.edu.tw/courses/avatarSmallUrl.html,454458,text/html; charset=utf-8,ce9f7680f92acba3a9a39922b3a812b2e0c3771480978016cca243b0baa198b1
https://iclass.tku.edu.tw/courses/capture_url,404,raw/iclass.tku.edu.tw/courses/capture_url.html,454458,text/html; charset=utf-8,ce9f7680f92acba3a9a39922b3a812b2e0c3771480978016cca243b0baa198b1
https://iclass.tku.edu.tw/courses/count,404,raw/iclass.tku.edu.tw/courses/count.html,454457,text/html; charset=utf-8,4e95fa2dd729ac1eb99cfb38b8de35b79efd239fbe9225490deec52971e0ac98
https://iclass.tku.edu.tw/courses/count?conditions=,404,raw/iclass.tku.edu.tw/courses/count__q_312ea1bc9c.html,454457,text/html; charset=utf-8,4e95fa2dd729ac1eb99cfb38b8de35b79efd239fbe9225490deec52971e0ac98
https://iclass.tku.edu.tw/courses/lesson_resource_url,404,raw/iclass.tku.edu.tw/courses/lesson_resource_url.html,454458,text/html; charset=utf-8,ce9f7680f92acba3a9a39922b3a812b2e0c3771480978016cca243b0baa198b1
https://iclass.tku.edu.tw/courses/manualUrl,404,raw/iclass.tku.edu.tw/courses/manualUrl.html,454458,text/html; charset=utf-8,ce9f7680f92acba3a9a39922b3a812b2e0c3771480978016cca243b0baa198b1
https://iclass.tku.edu.tw/courses/public,404,raw/iclass.tku.edu.tw/courses/public.html,454456,text/html; charset=utf-8,3c0202f72b0e26c3ca9e50276580528018cee1aebef739325d92232952bcbf3d
https://iclass.tku.edu.tw/courses/public/avatarSmallUrl,404,raw/iclass.tku.edu.tw/courses/public/avatarSmallUrl.html,454454,text/html; charset=utf-8,96e678bb2a3915551dcaa735e6eef0c32f7fea0fe5f66b3ec642b44adfd4a353
https://iclass.tku.edu.tw/courses/public/capture_url,404,raw/iclass.tku.edu.tw/courses/public/capture_url.html,454469,text/html; charset=utf-8,3eaee669e0aac096e12203984990c849a8351b1c6f29f593bc7fc6a81cd6dc1a
https://iclass.tku.edu.tw/courses/public/hot?limit=12,404,raw/iclass.tku.edu.tw/courses/public/hot__q_8413e91418.html,454458,text/html; charset=utf-8,589806490b77a5448c2f9160f5fce5eaad393faeec2af8fb359271515ad3644a
https://iclass.tku.edu.tw/courses/public/latest?limit=8,404,raw/iclass.tku.edu.tw/courses/public/latest__q_1f15a49f42.html,454464,text/html; charset=utf-8,f59a104b5ae7f2e8bcd1cc63ec72b3ba63024de5628d3fbb608f1c2b4eebaa9e
https://iclass.tku.edu.tw/courses/public/lesson_resource_url,404,raw/iclass.tku.edu.tw/courses/public/lesson_resource_url.html,454469,text/html; charset=utf-8,3eaee669e0aac096e12203984990c849a8351b1c6f29f593bc7fc6a81cd6dc1a
https://iclass.tku.edu.tw/courses/public/manualUrl,404,raw/iclass.tku.edu.tw/courses/public/manualUrl.html,454454,text/html; charset=utf-8,96e678bb2a3915551dcaa735e6eef0c32f7fea0fe5f66b3ec642b44adfd4a353
https://iclass.tku.edu.tw/courses/public/stats,404,raw/iclass.tku.edu.tw/courses/public/stats.html,454460,text/html; charset=utf-8,dbbecfcb39810c401fd78ed385d3ca00601dc26d5b37c587c2697ddb4315f866
https://iclass.tku.edu.tw/courses?fields=,404,raw/iclass.tku.edu.tw/courses__q_b2d7469233.html,454469,text/html; charset=utf-8,7fdb996c803263dbf0a672074d08122b6eecf035d4c491998f457d3418a2b43a
https://iclass.tku.edu.tw/courses?no-intercept=true,404,raw/iclass.tku.edu.tw/courses__q_ee79111d36.html,454466,text/html; charset=utf-8,3a171e715565cd46e37e66c446cbdcdded7cb178e15838beeafdc39594d71f55
https://iclass.tku.edu.tw/courseware,404,raw/iclass.tku.edu.tw/courseware.html,454477,text/html; charset=utf-8,1a72e9050c58a583f125841acebf32059bbc3afd2b6b97c35576c1b05affad48
https://iclass.tku.edu.tw/courseware-activities,404,raw/iclass.tku.edu.tw/courseware-activities.html,454468,text/html; charset=utf-8,cf735092071c9089a6d21bc8f25dc56ebe8aab855a9f9f3d3b3f2b84f8994f16
https://iclass.tku.edu.tw/courseware-quiz/quiz/,404,raw/iclass.tku.edu.tw/courseware-quiz/quiz/index.html,454474,text/html; charset=utf-8,ea3dcfaf5492963a0a2becc9ba35a21a6e331f1e43029f1e4045724322d90a14
https://iclass.tku.edu.tw/courseware-quiz/quiz/avatarSmallUrl,404,raw/iclass.tku.edu.tw/courseware-quiz/quiz/avatarSmallUrl.html,454470,text/html; charset=utf-8,2138ca9ffd9eca3f9d679529aa56f34248ebe99c88db87f594f49fa26ee0e576
https://iclass.tku.edu.tw/courseware-quiz/quiz/capture_url,404,raw/iclass.tku.edu.tw/courseware-quiz/quiz/capture_url.html,454462,text/html; charset=utf-8,b5a0e598c0c1719aeda774e32fdeb392877896e28cb8e8fb509ac08102ea9290
https://iclass.tku.edu.tw/courseware-quiz/quiz/lesson_resource_url,404,raw/iclass.tku.edu.tw/courseware-quiz/quiz/lesson_resource_url.html,454470,text/html; charset=utf-8,2138ca9ffd9eca3f9d679529aa56f34248ebe99c88db87f594f49fa26ee0e576
https://iclass.tku.edu.tw/courseware-quiz/quiz/manualUrl,404,raw/iclass.tku.edu.tw/courseware-quiz/quiz/manualUrl.html,454470,text/html; charset=utf-8,2138ca9ffd9eca3f9d679529aa56f34248ebe99c88db87f594f49fa26ee0e576
https://iclass.tku.edu.tw/coursewares,404,raw/iclass.tku.edu.tw/coursewares.html,454457,text/html; charset=utf-8,4e95fa2dd729ac1eb99cfb38b8de35b79efd239fbe9225490deec52971e0ac98
https://iclass.tku.edu.tw/iportal,200,raw/iclass.tku.edu.tw/iportal.html,98161,text/html; charset=utf-8,91982f619a206be20e1056b719273a7c2b59c53af1c50d96caca93e034d2cb91
https://iclass.tku.edu.tw/public-course,200,raw/iclass.tku.edu.tw/public-course.html,476939,text/html; charset=utf-8,cd767b160c9ce581b13624495b70318b9f2ab42399aaf4244e33d603a59ae0a2
https://iclass.tku.edu.tw/static/10035.8c0d0988.js,200,raw/iclass.tku.edu.tw/static/10035.8c0d0988.js,10454,application/javascript,2bc611ce1afa6cd6992c03a8fac3f13ec179cb796816438ba44d7a6c7ebfb334
https://iclass.tku.edu.tw/static/10067.39ff48db.js,200,raw/iclass.tku.edu.tw/static/10067.39ff48db.js,49724,application/javascript,df5a75a6ba6e0562951b043154b891478a6ff09a2f6170de9d80be21acae1441
https://iclass.tku.edu.tw/static/1014.fa0d2a58.js,200,raw/iclass.tku.edu.tw/static/1014.fa0d2a58.js,18820,application/javascript,e3fc3a310a3734066e2584ea003b869b944fa9cf1430fa98fef4422abaea751e
https://iclass.tku.edu.tw/static/10188.a4d7bd73.js,200,raw/iclass.tku.edu.tw/static/10188.a4d7bd73.js,120233,application/javascript,aad1c96fa93e30e30c99d7f83f9ec67d49c9ae7cc1bc3ac1503ed48795dbc53f
https://iclass.tku.edu.tw/static/10242.1acb04a8.js,200,raw/iclass.tku.edu.tw/static/10242.1acb04a8.js,15310,application/javascript,06747b5162a0cff7fbc3a29839a5813183f77cdaf9d82499f8dbaf1a90469eb6
https://iclass.tku.edu.tw/static/10246-494b2baa.js,200,raw/iclass.tku.edu.tw/static/10246-494b2baa.js,44823,application/javascript,378bd5d522edf024a82d682627f3869b4a50df7154ba5608aa9a0a77593bfad7
https://iclass.tku.edu.tw/static/10248-98bfa44a.chunk.css,200,raw/iclass.tku.edu.tw/static/10248-98bfa44a.chunk.css,245,text/css,58e5274e74ee5dbb42bfc5c4b55deaf50ded23296673ba2a53e111972bdf0407
https://iclass.tku.edu.tw/static/10248.e193e757.js,200,raw/iclass.tku.edu.tw/static/10248.e193e757.js,16560,application/javascript,bb871027c289d94e86bdaee44763de8bebc765018cbe94b1a9cdf147911f6100
https://iclass.tku.edu.tw/static/10257.5f75a4b2.js,200,raw/iclass.tku.edu.tw/static/10257.5f75a4b2.js,30486,application/javascript,985afd6cf1676830b3c46f07b4b4faf86b80d789038d610a8399de968ae7465d
https://iclass.tku.edu.tw/static/10309.2e240c82.js,200,raw/iclass.tku.edu.tw/static/10309.2e240c82.js,1860,application/javascript,ad87147903d899d6b85ee73c751d5ff691dac332e127cf5dc23711ed9d904489
https://iclass.tku.edu.tw/static/10310.1168e67d.js,200,raw/iclass.tku.edu.tw/static/10310.1168e67d.js,2247,application/javascript,ab90ecc0821ba9b2873ad08bcbe844765f99a4bdd79a884036748b99d698a88e
https://iclass.tku.edu.tw/static/10380.988cf572.js,200,raw/iclass.tku.edu.tw/static/10380.988cf572.js,2855,application/javascript,e698e1f16e8d04a528e2147ad78f37f2e2e3cf91323502fcf7642ba0a1b57111
https://iclass.tku.edu.tw/static/10383-960bbf42.chunk.css,200,raw/iclass.tku.edu.tw/static/10383-960bbf42.chunk.css,2570,text/css,712724769e6b2e09884b2c95b5e10924c12afabc875d6aa71d8081a0fbd87e5b
https://iclass.tku.edu.tw/static/10383.d04ce83a.js,200,raw/iclass.tku.edu.tw/static/10383.d04ce83a.js,13735,application/javascript,d523c3e6d5cd5bbd997e0d91e12ded4a40b6a654328058bf24a5c0df9e894d75
https://iclass.tku.edu.tw/static/10409.3c0dcb73.js,200,raw/iclass.tku.edu.tw/static/10409.3c0dcb73.js,2955,application/javascript,204cc507929ac0f6e514b9d84a24ce8138acf06b138a7e5c00f1a523742c08fb
https://iclass.tku.edu.tw/static/10844.0d26da39.js,200,raw/iclass.tku.edu.tw/static/10844.0d26da39.js,2769,application/javascript,488726cb6d2d10976d0031785a94a226f62057e8b9f995f6a684461e5c13ff37
https://iclass.tku.edu.tw/static/1104.a7791db6.js,200,raw/iclass.tku.edu.tw/static/1104.a7791db6.js,19668,application/javascript,f791d73b1866f60baf028c5b0ef1f87477dfbaa6bf6e6154e32138e3eb80d6f6
https://iclass.tku.edu.tw/static/11164-65d40ed7.chunk.css,200,raw/iclass.tku.edu.tw/static/11164-65d40ed7.chunk.css,22446,text/css,7e47522d2657ff432d74288356c41c4e2890b6b55a2d9899e4a6ad66c1428318
https://iclass.tku.edu.tw/static/11164.fc8d8feb.js,200,raw/iclass.tku.edu.tw/static/11164.fc8d8feb.js,32588,application/javascript,feb59740363636a007225ea88524634d43697970f06c85ba65f27245b64e93ae
https://iclass.tku.edu.tw/static/11580.a7791db6.js,200,raw/iclass.tku.edu.tw/static/11580.a7791db6.js,19668,application/javascript,f791d73b1866f60baf028c5b0ef1f87477dfbaa6bf6e6154e32138e3eb80d6f6
https://iclass.tku.edu.tw/static/11708.a556fce2.js,200,raw/iclass.tku.edu.tw/static/11708.a556fce2.js,2692,application/javascript,9547628c12870335f7a1b0a27b6bf1cd1f4ba5e1ef95ed4f0ff500cad077bfd4
https://iclass.tku.edu.tw/static/11743-cc958aa4.chunk.css,200,raw/iclass.tku.edu.tw/static/11743-cc958aa4.chunk.css,18552,text/css,510b405ce73a6f45d27b3b545e48cbda71e11f94961b5a21f773d327c77ecc1f
https://iclass.tku.edu.tw/static/11743.09adfa43.js,200,raw/iclass.tku.edu.tw/static/11743.09adfa43.js,5394,application/javascript,88811734a82adee09431a0ef708f3bd7fe095d6363a172d7b62fb6efd6fe90d8
https://iclass.tku.edu.tw/static/11806-3613432e.chunk.css,200,raw/iclass.tku.edu.tw/static/11806-3613432e.chunk.css,1401,text/css,7274ddec549450c70d5f46d240bdab7e99efe6be0a168c198be4c1c3b30eea60
https://iclass.tku.edu.tw/static/11806.d1a5eb44.js,200,raw/iclass.tku.edu.tw/static/11806.d1a5eb44.js,11585,application/javascript,1dfba2d5f97ba8caa19a5209958919cb47856448174d6a6c0aadf50493e87069
https://iclass.tku.edu.tw/static/11812.3542943f.js,200,raw/iclass.tku.edu.tw/static/11812.3542943f.js,27658,application/javascript,dfb914b85beb6e97274d06a2aafeb3b48d13c33c44b3cca71620368ac4794357
https://iclass.tku.edu.tw/static/11823-56e1d7f3.chunk.css,200,raw/iclass.tku.edu.tw/static/11823-56e1d7f3.chunk.css,1399,text/css,16c25e5aa488d071a62d1704400efc9808d69c7c7f037914e5e8402cf852767a
https://iclass.tku.edu.tw/static/11823.97354192.js,200,raw/iclass.tku.edu.tw/static/11823.97354192.js,22632,application/javascript,7f05de6b2cfaf64eaae56afeb3eb2d2288bb2ef11f744edeeeafab4cc3deb265
https://iclass.tku.edu.tw/static/11836-7c4b2711.chunk.css,200,raw/iclass.tku.edu.tw/static/11836-7c4b2711.chunk.css,3651,text/css,46162cb0dee04ef59ca65b31781189c25d54a434a086f3f0a09c2fdeb5c8c166
https://iclass.tku.edu.tw/static/11836.f57019c4.js,200,raw/iclass.tku.edu.tw/static/11836.f57019c4.js,74268,application/javascript,99b40e1b93874f0fa9bdcd5c273dd3e2267143d79006b53a8d64748860867aff
https://iclass.tku.edu.tw/static/11903.fdf6e5ec.js,200,raw/iclass.tku.edu.tw/static/11903.fdf6e5ec.js,2231,application/javascript,e62f8033891eea9f1c1d533b28798eca19a04bfd00241c2ef598962d61c91bee
https://iclass.tku.edu.tw/static/120-2ca4a78b.chunk.css,200,raw/iclass.tku.edu.tw/static/120-2ca4a78b.chunk.css,3033,text/css,fa2cd50eaa9332783c456777dfb234ef199007db37f2aab8e2d0b9f64fc9e89a
https://iclass.tku.edu.tw/static/120.e0d9ff72.js,200,raw/iclass.tku.edu.tw/static/120.e0d9ff72.js,16963,application/javascript,4aaf8e3be5c578f600d5a2d5b681ef9e9404ba50fea1263db6dc7daf76540f4e
https://iclass.tku.edu.tw/static/12117.5d797f28.js,200,raw/iclass.tku.edu.tw/static/12117.5d797f28.js,23781,application/javascript,44de6c3d8485b6ba53f7fc1506657076597a3cbfcf4b4b0389f61ff8ab7d6e09
https://iclass.tku.edu.tw/static/12149.3c82261f.js,200,raw/iclass.tku.edu.tw/static/12149.3c82261f.js,27746,application/javascript,e3a7006d11798a8584790c5162aa5a285c34a3b50af3da5f27759de42ba79063
https://iclass.tku.edu.tw/static/12159-e10443e1.chunk.css,200,raw/iclass.tku.edu.tw/static/12159-e10443e1.chunk.css,52919,text/css,77b67088428aa49a5304a0867c16ae635fb9d72a4504c5c88d29694988c3e07c
https://iclass.tku.edu.tw/static/12159.899c0f01.js,200,raw/iclass.tku.edu.tw/static/12159.899c0f01.js,376200,application/javascript,69c173518627f4ab96be9c8bf3b98a612bd6f31f8c9363bbdf51b5b3057f4c6c
https://iclass.tku.edu.tw/static/12308.ea29ac7a.js,200,raw/iclass.tku.edu.tw/static/12308.ea29ac7a.js,16577,application/javascript,8fe03f533b2fd94113c971473afd8aeefa45eab86c526216b986f676657d992c
https://iclass.tku.edu.tw/static/12459.b3a383cc.js,200,raw/iclass.tku.edu.tw/static/12459.b3a383cc.js,27192,application/javascript,e2ad98acb0eba3f1b8103687293f7cc2a39b71f583b9392ac3214ff9b1275fa0
https://iclass.tku.edu.tw/static/12472.934ad466.js,200,raw/iclass.tku.edu.tw/static/12472.934ad466.js,6517,application/javascript,53a1f47140f4058d405f6203148646aa2fbde461606603d702e0b614b5ad42ed
https://iclass.tku.edu.tw/static/12798-c867edb0.chunk.css,200,raw/iclass.tku.edu.tw/static/12798-c867edb0.chunk.css,3095,text/css,56195e15c49564e4c790eb6cea2ac2c1964d02c39d2429f6997bba00d1d7c957
https://iclass.tku.edu.tw/static/12798.0fbe5454.js,200,raw/iclass.tku.edu.tw/static/12798.0fbe5454.js,77316,application/javascript,e07306842ca4cdd5a242c02c1a2d20a4f2faa654a5daf2ff5c42410d9d45102f
https://iclass.tku.edu.tw/static/12855-d64fef13.chunk.css,200,raw/iclass.tku.edu.tw/static/12855-d64fef13.chunk.css,24386,text/css,adafd49f0c144abf2085bbc3cb9385618a946b400a6ce75e73d2fedcf3295134
https://iclass.tku.edu.tw/static/12919.6fa9ad31.js,200,raw/iclass.tku.edu.tw/static/12919.6fa9ad31.js,6929,application/javascript,bf3e4390731336e5f0a4b6a972493d4bd40d952709b4789e80a692e15736df15
https://iclass.tku.edu.tw/static/13067-3b42e012.js,200,raw/iclass.tku.edu.tw/static/13067-3b42e012.js,36494,application/javascript,d71b62105568712982a6b69a30d0e742c180c1627cd9c29514041239cf72af18
https://iclass.tku.edu.tw/static/13149-ab088423.js,200,raw/iclass.tku.edu.tw/static/13149-ab088423.js,28585,application/javascript,a23010c11c5f0dfaa88841dbb86c2011c2db06d0e9b13e1335bb868624011f69
https://iclass.tku.edu.tw/static/13529.d8cb667c.js,200,raw/iclass.tku.edu.tw/static/13529.d8cb667c.js,6090,application/javascript,22751cb79584aac90c4c0c349f2f97c293534146c73ea1cf80e7d2357de2b607
https://iclass.tku.edu.tw/static/13642.2932c270.js,200,raw/iclass.tku.edu.tw/static/13642.2932c270.js,2075,application/javascript,2c3bc28bdc815389b3c78e7e3f5c58692b9750e4fd31ffcec2dab5e76cebf663
https://iclass.tku.edu.tw/static/13701-02895363.chunk.css,200,raw/iclass.tku.edu.tw/static/13701-02895363.chunk.css,6121,text/css,ad017dba25bb8d9b9c06babbdb62db7b5deb7f041974afb2e626380666e2f1fb
https://iclass.tku.edu.tw/static/13701.211c2be4.js,200,raw/iclass.tku.edu.tw/static/13701.211c2be4.js,20250,application/javascript,4365ce0266d870c50ac1df59d2c7ac40cedd12ef96546900176a981e46adbd5e
https://iclass.tku.edu.tw/static/13706.e0d1043a.js,200,raw/iclass.tku.edu.tw/static/13706.e0d1043a.js,17558,application/javascript,63bf78efc5a006d89c0256f7ae80cc1f79fe88074287920d49fd466c22e54a7a
https://iclass.tku.edu.tw/static/13709-b1e35863.js,200,raw/iclass.tku.edu.tw/static/13709-b1e35863.js,33156,application/javascript,e8d9359ac1db3e2603d9c0bbe2c90eac4d7e97206f1e4bbc4e980d9c7c2c01fd
https://iclass.tku.edu.tw/static/13775.3b2bed97.js,200,raw/iclass.tku.edu.tw/static/13775.3b2bed97.js,661,application/javascript,9cf365bf879943719b65515b45c7c07d8a70615ad0af8631f0548795730f0e3d
https://iclass.tku.edu.tw/static/13821.33a6dc05.js,200,raw/iclass.tku.edu.tw/static/13821.33a6dc05.js,108979,application/javascript,c8d55eeebc1f3b461155d4e2b35f63d9eff9e44bebe5b4cc74ac3cd655d1288f
https://iclass.tku.edu.tw/static/13856.b8c445c8.js,200,raw/iclass.tku.edu.tw/static/13856.b8c445c8.js,13384,application/javascript,7e2b41e1dd2998ead1c1a56a0d9a8e9c2b2cba612c2636046ef6f7a7685359d2
https://iclass.tku.edu.tw/static/13958-91152030.js,200,raw/iclass.tku.edu.tw/static/13958-91152030.js,108898,application/javascript,e6451004e10a41f78bdaa20b6a890271a2c56fd8edd4c9615ac344edf43ba45c
https://iclass.tku.edu.tw/static/14054-3613432e.chunk.css,200,raw/iclass.tku.edu.tw/static/14054-3613432e.chunk.css,1401,text/css,7274ddec549450c70d5f46d240bdab7e99efe6be0a168c198be4c1c3b30eea60
https://iclass.tku.edu.tw/static/14054.cec4ff15.js,200,raw/iclass.tku.edu.tw/static/14054.cec4ff15.js,10392,application/javascript,94ef1289cdd30586c3d07d9d44e002ca57e03ad6031b630f1dd0443d79fd9c69
https://iclass.tku.edu.tw/static/14068.31ea119d.js,200,raw/iclass.tku.edu.tw/static/14068.31ea119d.js,1542,application/javascript,95cd69439bfc845df6f41531433fae6c9ecb5da301a4b205ca3b0b164d12b9cd
https://iclass.tku.edu.tw/static/14279.f75486f1.js,200,raw/iclass.tku.edu.tw/static/14279.f75486f1.js,2629,application/javascript,708976b3bbdd654ea78ddf1a7220dff50ac5e0c74668210306f32eb09c3e61ae
https://iclass.tku.edu.tw/static/14433.8da36488.js,200,raw/iclass.tku.edu.tw/static/14433.8da36488.js,12729,application/javascript,eb0c3ab078e31f75a3fa48cac4c71be54be08c1dd8fb05f61a78868728938c3c
https://iclass.tku.edu.tw/static/14443.1c99581a.js,200,raw/iclass.tku.edu.tw/static/14443.1c99581a.js,46549,application/javascript,dab02afd87f4fe62efd0699a4e657a24d0e40d476d40cd488d46a5cede5543cb
https://iclass.tku.edu.tw/static/14891-1970a0da.js,200,raw/iclass.tku.edu.tw/static/14891-1970a0da.js,33052,application/javascript,ed08a6c0c4cc0863a1cc165f75c4acfd326c5376f762c09be760062cae3c599d
https://iclass.tku.edu.tw/static/14928.4c317cb2.js,200,raw/iclass.tku.edu.tw/static/14928.4c317cb2.js,48454,application/javascript,061d09cbae0d15a1f5888d56d43b164aa67ee591cae0386fb4b29fe615fd9355
https://iclass.tku.edu.tw/static/15134.dcd0c372.js,200,raw/iclass.tku.edu.tw/static/15134.dcd0c372.js,11280,application/javascript,d382058e475b467bc2454aac88ed7bd45932c950a6379e154a771559c5db1edb
https://iclass.tku.edu.tw/static/15175.90f6375a.js,200,raw/iclass.tku.edu.tw/static/15175.90f6375a.js,134108,application/javascript,a9eba2e65d8c0df7674005302af43d557202e8beb35cc11f6cbd2991eb006c24
https://iclass.tku.edu.tw/static/15308-97fc56c1.chunk.css,200,raw/iclass.tku.edu.tw/static/15308-97fc56c1.chunk.css,11256,text/css,c9cc8f9ff8b2c27c8a3ebe71d429837b2344f7ab30a6f83d7149bcde8eee5162
https://iclass.tku.edu.tw/static/15308.55a1cc0f.js,200,raw/iclass.tku.edu.tw/static/15308.55a1cc0f.js,7440,application/javascript,5d1bcfc4b13ec8d081218317e904878d95513144c0e3cdfb12ad65a40fcbb759
https://iclass.tku.edu.tw/static/15435.660824cb.js,200,raw/iclass.tku.edu.tw/static/15435.660824cb.js,23960,application/javascript,0bae6a7d256cf50148605edd603ebb756f1c60c49524acc2c63b54d7b85ac7c5
https://iclass.tku.edu.tw/static/15448.d1593c31.js,200,raw/iclass.tku.edu.tw/static/15448.d1593c31.js,153070,application/javascript,243e2bbda0813c5e847fad3939263cc85fc00291d5c8a9826b0c7d50ad39644d
https://iclass.tku.edu.tw/static/15471.dc6bebd9.js,200,raw/iclass.tku.edu.tw/static/15471.dc6bebd9.js,23353,application/javascript,f0cd80b4ec0e35b4a889bd84897cffe58f73a85bc03e1e274258c3b5d6f3d2b1
https://iclass.tku.edu.tw/static/15587-364162b9.chunk.css,200,raw/iclass.tku.edu.tw/static/15587-364162b9.chunk.css,13225,text/css,02c6fe67c4f2b8946749e4fbda88b58222cf4cca99bca7534c9af1789cc98c3f
https://iclass.tku.edu.tw/static/15587.dbb2fed1.js,200,raw/iclass.tku.edu.tw/static/15587.dbb2fed1.js,19887,application/javascript,db399bda94a4d1551171574ad56fd9675fe2ef910ef092c31458194e665ec6c3
https://iclass.tku.edu.tw/static/1561-3ff15ef9.css,200,raw/iclass.tku.edu.tw/static/1561-3ff15ef9.css,21074,text/css,c907e8821c6477f0795e6d9b108aa236d1e6adb430720c9feb000723dd18bdc4
https://iclass.tku.edu.tw/static/15731.bd0f7825.js,200,raw/iclass.tku.edu.tw/static/15731.bd0f7825.js,9462,application/javascript,5db1a5c7f54747e58f031f0be722d30c9249ac040eb99c03d99e46cc2e8a8675
https://iclass.tku.edu.tw/static/15770.c0eea2d2.js,200,raw/iclass.tku.edu.tw/static/15770.c0eea2d2.js,349244,application/javascript,ce14dba778711ca69deca7ac6888ead5a81cc51c61dd7dd2d8603df866523292
https://iclass.tku.edu.tw/static/16064-89607b11.chunk.css,200,raw/iclass.tku.edu.tw/static/16064-89607b11.chunk.css,8168,text/css,39b94da1699cfc2f3517529429664b6f50ac0c7a607ed1e62b85ba1c52596d45
https://iclass.tku.edu.tw/static/16064.6c2c8939.js,200,raw/iclass.tku.edu.tw/static/16064.6c2c8939.js,21585,application/javascript,cc3cdb3de9d15c5395391aeb02ff1088895cde9cd39548a51a21f58e0861962b
https://iclass.tku.edu.tw/static/16065.678691a0.js,200,raw/iclass.tku.edu.tw/static/16065.678691a0.js,27969,application/javascript,fee2a9b19500d7657c876265005eeb3e8aaeb27ebed85efae568c39273dceddb
https://iclass.tku.edu.tw/static/16761-9275ca8e.chunk.css,200,raw/iclass.tku.edu.tw/static/16761-9275ca8e.chunk.css,8497,text/css,24cc987c94ca94f6618c7fcbae13a3e390b16cd44c26c71049ecf5e1aadd887c
https://iclass.tku.edu.tw/static/16761.11351936.js,200,raw/iclass.tku.edu.tw/static/16761.11351936.js,5096,application/javascript,a9d08e2717b244670fc0dd2865640981c1c72db01b90a055208f32adce8dfb7d
https://iclass.tku.edu.tw/static/16831.0e61d4ab.js,200,raw/iclass.tku.edu.tw/static/16831.0e61d4ab.js,59277,application/javascript,fa1ecca2ce9c194cc02f7d809037f5572e9b2af526f368d18fed463502f4eeaa
https://iclass.tku.edu.tw/static/16985.5dac5529.js,200,raw/iclass.tku.edu.tw/static/16985.5dac5529.js,55144,application/javascript,cd583103354e76181389b2d8eb4914a9c9efc68670a1395c3e46877312324daa
https://iclass.tku.edu.tw/static/17224.1924c797.js,200,raw/iclass.tku.edu.tw/static/17224.1924c797.js,67305,application/javascript,c51638927840e6297e1f89f74d704b1193426977a787e04bbec7ac4fabb43cd1
https://iclass.tku.edu.tw/static/17246.71419e29.js,200,raw/iclass.tku.edu.tw/static/17246.71419e29.js,7476,application/javascript,515a124b37409baedc57dcafc1c605a984c10d7e191fba2c06538395f61a9afa
https://iclass.tku.edu.tw/static/17261.40691132.js,200,raw/iclass.tku.edu.tw/static/17261.40691132.js,9009,application/javascript,280c443bf2d2104c54e86960da66bcc48b2b16aa97cf3eb1946e01225e556178
https://iclass.tku.edu.tw/static/17414.7596b044.js,200,raw/iclass.tku.edu.tw/static/17414.7596b044.js,5998,application/javascript,1ce572fdad79c042a8e71144c2e16719f3fe229938ec6c83f768ef09402e752c
https://iclass.tku.edu.tw/static/17473-9fd87fa4.chunk.css,200,raw/iclass.tku.edu.tw/static/17473-9fd87fa4.chunk.css,12658,text/css,5cc2d29e8c7576ab33ab9942e150f02183599858fc152180baca7f2345e40edc
https://iclass.tku.edu.tw/static/17473.e1d111df.js,200,raw/iclass.tku.edu.tw/static/17473.e1d111df.js,37965,application/javascript,cc2bfedcf05d2745c24a57c1534c749cf4c3fd5b755d41f65edf7b7118abd243
https://iclass.tku.edu.tw/static/17621.f956d0b8.js,200,raw/iclass.tku.edu.tw/static/17621.f956d0b8.js,42849,application/javascript,b17025a193cb07254d7d8413b9999d4d072421f14b951eff93a4642f802b2469
https://iclass.tku.edu.tw/static/17636.a056dd6d.js,200,raw/iclass.tku.edu.tw/static/17636.a056dd6d.js,764,application/javascript,96c00e52291a374cd77d1df6f150a0334c22d1fc367abea386f3ccf4df6d5845
https://iclass.tku.edu.tw/static/17767.aae6c84c.js,200,raw/iclass.tku.edu.tw/static/17767.aae6c84c.js,2042,application/javascript,0974b18e948004372622170e0754221fca540135be806681f57f397b4f5d2806
https://iclass.tku.edu.tw/static/17983.a5926995.js,200,raw/iclass.tku.edu.tw/static/17983.a5926995.js,2291,application/javascript,5707a5b1a82ba8ceb591772373761fe2886c794fe72471c046a944290bdfa0a9
https://iclass.tku.edu.tw/static/18012.8701c2e1.js,200,raw/iclass.tku.edu.tw/static/18012.8701c2e1.js,9662,application/javascript,b5dbc6d0927a472f7e629cc96fd2d831334733a66fa4caf03f53f298b1b87c64
https://iclass.tku.edu.tw/static/18041.e129ba21.js,200,raw/iclass.tku.edu.tw/static/18041.e129ba21.js,77287,application/javascript,7b306e964cc3e3bbee4fad01d6927c183007c1cfda0846110775fd4bf2e56c24
https://iclass.tku.edu.tw/static/18278.e25f810b.js,200,raw/iclass.tku.edu.tw/static/18278.e25f810b.js,2435,application/javascript,9edaafe0fa782e54ea28ac4eb1fb6b355e966ca100721a7dd0c5eeaa98020749
https://iclass.tku.edu.tw/static/18283-93850a95.chunk.css,200,raw/iclass.tku.edu.tw/static/18283-93850a95.chunk.css,719,text/css,a8099816453bff3aaec1747b531c851bb6939604985b6a5fa75f7430a3615f2e
https://iclass.tku.edu.tw/static/18283.f40cd1f6.js,200,raw/iclass.tku.edu.tw/static/18283.f40cd1f6.js,7781,application/javascript,88ca75af81dcf7a8e2c5a26382439d13af4d6865a764f801c4ea3e3fba8f542f
https://iclass.tku.edu.tw/static/18326.6912051a.js,200,raw/iclass.tku.edu.tw/static/18326.6912051a.js,65311,application/javascript,11af524072723afef43d204635c5fd23ff6f067e5a5ed523bc5a6f0bb6d73953
https://iclass.tku.edu.tw/static/18387-ea63d848.chunk.css,200,raw/iclass.tku.edu.tw/static/18387-ea63d848.chunk.css,20426,text/css,6d46c239f872a1dab1220f2ccefe92a33bfb137f1bedc2a8c36da3e769cb2a42
https://iclass.tku.edu.tw/static/18387.fd521ee7.js,200,raw/iclass.tku.edu.tw/static/18387.fd521ee7.js,53629,application/javascript,62ef414fbb5cf720146a44c74c14b07ecb27a46b58d7a3b9c385f83fddb16633
https://iclass.tku.edu.tw/static/18406.eb86529e.js,200,raw/iclass.tku.edu.tw/static/18406.eb86529e.js,20973,application/javascript,a97f3fa6c8312a455ee7d3392322c2f12c9f964683b7bebe64ca1daf905a2399
https://iclass.tku.edu.tw/static/18441-c76e4083.chunk.css,200,raw/iclass.tku.edu.tw/static/18441-c76e4083.chunk.css,66,text/css,b4f511aee4c95e1d33c5c02f4add4bd0da80b4fe11f26184ee21988e5f019a43
https://iclass.tku.edu.tw/static/18441.c88d4756.js,200,raw/iclass.tku.edu.tw/static/18441.c88d4756.js,46718,application/javascript,5ad011c2e7e055bb760a5fa32a37aee5d5bea391a5ab533413e1e1d24baeab88
https://iclass.tku.edu.tw/static/18464-35ceaff8.chunk.css,200,raw/iclass.tku.edu.tw/static/18464-35ceaff8.chunk.css,4265,text/css,f0809c89ca062f6349d5bd2ddf3d401b3ca4a34243f535410b8c3eb71d2e35e2
https://iclass.tku.edu.tw/static/18464.45bffd86.js,200,raw/iclass.tku.edu.tw/static/18464.45bffd86.js,9936,application/javascript,6dff76a164670569685be055c5556a3d840dee3e8ae46537cb506b094ec2791a
https://iclass.tku.edu.tw/static/1872.dfc6f143.js,200,raw/iclass.tku.edu.tw/static/1872.dfc6f143.js,15417,application/javascript,8605d1a50b0d06481ddd50b5ad76826881a482a30136421789e0f009ffcdb0cc
https://iclass.tku.edu.tw/static/18835.4a84ef1e.js,200,raw/iclass.tku.edu.tw/static/18835.4a84ef1e.js,20246,application/javascript,2489b4a977d1d857f9acdb178dc864d7f9a58e8c5e1395c0d191a1064568b056
https://iclass.tku.edu.tw/static/1893.5a13c4ac.js,200,raw/iclass.tku.edu.tw/static/1893.5a13c4ac.js,1344,application/javascript,773ad1e6f376a8c14d30cfe65db4b12796cbb72451647000bdcfe95b1fcb4043
https://iclass.tku.edu.tw/static/19169-37d0ae46.chunk.css,200,raw/iclass.tku.edu.tw/static/19169-37d0ae46.chunk.css,8357,text/css,d466347d459b514a8f42509109be1374cfc0b037f186e21c4ac3837197f619b0
https://iclass.tku.edu.tw/static/19169.ff80e2c4.js,200,raw/iclass.tku.edu.tw/static/19169.ff80e2c4.js,34120,application/javascript,bddd72e9bef3ad21a790fabfdb252221d37c64d7be21b2b5d7491d7fdd242c6b
https://iclass.tku.edu.tw/static/19186.c2183f69.js,200,raw/iclass.tku.edu.tw/static/19186.c2183f69.js,19069,application/javascript,68fa516a60915e5e073c549895df30c2f1cef2c5d093744c8c58194c7d80b096
https://iclass.tku.edu.tw/static/19326-9deb26f0.js,200,raw/iclass.tku.edu.tw/static/19326-9deb26f0.js,72550,application/javascript,d698122491ba41a60b66e710a1897b8d48c9c7b3a8f0ab6b43444e0c690cdfa6
https://iclass.tku.edu.tw/static/19332.1c341036.js,200,raw/iclass.tku.edu.tw/static/19332.1c341036.js,2628,application/javascript,fa4e2397fa3b7fb253cd27afd9f4a0eef8d590796a049c9bc249c452d38f2768
https://iclass.tku.edu.tw/static/19380-b69f6a0d.chunk.css,200,raw/iclass.tku.edu.tw/static/19380-b69f6a0d.chunk.css,7384,text/css,bca71f8683964da4a8be692ed6de67c52a0699226c29b3d032f79a2119f6a49b
https://iclass.tku.edu.tw/static/19380.469dbabd.js,200,raw/iclass.tku.edu.tw/static/19380.469dbabd.js,5247,application/javascript,fa51ccfe60cdb45f0419433504b59c17cfd5d3d735eab92e7f67885bf7901ff8
https://iclass.tku.edu.tw/static/19446.61e9d176.js,200,raw/iclass.tku.edu.tw/static/19446.61e9d176.js,37771,application/javascript,4a4c4fa85af77922ec9a410a338a178857fd59d2793d0d9c3c70648f398276c9
https://iclass.tku.edu.tw/static/19619-92f29745.chunk.css,200,raw/iclass.tku.edu.tw/static/19619-92f29745.chunk.css,4864,text/css,cf0a80ab970353b6362fe99153bfec56a24564eafd0dfb8f4fd8b739407231b5
https://iclass.tku.edu.tw/static/19619.916f6256.js,200,raw/iclass.tku.edu.tw/static/19619.916f6256.js,16611,application/javascript,05e8982107f60cb002ce0309f9ac19e09470975143d13ca4c4edd32de703f34a
https://iclass.tku.edu.tw/static/19707-f61245e0.chunk.css,200,raw/iclass.tku.edu.tw/static/19707-f61245e0.chunk.css,1123,text/css,3c492e18de2dfc0f92558650cfdb40b27019dbb4a2e2d6927d7da065b9c3d660
https://iclass.tku.edu.tw/static/19707.41fb3387.js,200,raw/iclass.tku.edu.tw/static/19707.41fb3387.js,8969,application/javascript,d698ab416e67455b795d60a0d40fd87a9d5ace15074c927f34c6c2558fe88455
https://iclass.tku.edu.tw/static/19832-61b2e8e9.chunk.css,200,raw/iclass.tku.edu.tw/static/19832-61b2e8e9.chunk.css,12260,text/css,eb6c8c27278928d23b45784228c957d04f9f548f2aebfb641aedd307c8c442af
https://iclass.tku.edu.tw/static/19832.d38ed639.js,200,raw/iclass.tku.edu.tw/static/19832.d38ed639.js,23974,application/javascript,3b5b8c596cf42bbd8780f9d090c9856eb22fcf6b9cfb094a690d659f8776828f
https://iclass.tku.edu.tw/static/19981.0db9110e.js,200,raw/iclass.tku.edu.tw/static/19981.0db9110e.js,1764,application/javascript,09d89e645c63829df1bfb2408fc2214f9e841e82c8d64290786bdf0db3677d61
https://iclass.tku.edu.tw/static/20152.3ad1066f.js,200,raw/iclass.tku.edu.tw/static/20152.3ad1066f.js,2345,application/javascript,9325e317ac6407cb0759aa79bcb2dd1972f76c8c5bb4ab7829973aacb10d7974
https://iclass.tku.edu.tw/static/20215.c33a19b6.js,200,raw/iclass.tku.edu.tw/static/20215.c33a19b6.js,15620,application/javascript,324ee8c5768e30462b61c43453ae48db688f82ad3fb6da5f58112222ccd60196
https://iclass.tku.edu.tw/static/20307-15c83c94.js,200,raw/iclass.tku.edu.tw/static/20307-15c83c94.js,43118,application/javascript,1f4f3885f792bd3852e0452b54b62bf5bcaba2e1de199176ee1d2357b531b641
https://iclass.tku.edu.tw/static/20394-7340a6c2.chunk.css,200,raw/iclass.tku.edu.tw/static/20394-7340a6c2.chunk.css,18197,text/css,850cab398c35b1c5ebdb4860a4ef660eb619c905e6461a97b764cec948106ef7
https://iclass.tku.edu.tw/static/20394.5157907e.js,200,raw/iclass.tku.edu.tw/static/20394.5157907e.js,35288,application/javascript,6e0b31e703aadaf861e8de34ee6a4e600dea7c6e2d061bdbfcd4b879de77f9b7
https://iclass.tku.edu.tw/static/20591.f56df586.js,200,raw/iclass.tku.edu.tw/static/20591.f56df586.js,15443,application/javascript,6dc4c3798ca637ce47dcee5316a38ce04346388c9e8c43e078f3436b76dac9b3
https://iclass.tku.edu.tw/static/20807.fed7a5e0.js,200,raw/iclass.tku.edu.tw/static/20807.fed7a5e0.js,2288,application/javascript,ae564f06fcbbdc075a7def82a8c29b40d029bb91654a575788fec246206d33ac
https://iclass.tku.edu.tw/static/20808-3613432e.chunk.css,200,raw/iclass.tku.edu.tw/static/20808-3613432e.chunk.css,1401,text/css,7274ddec549450c70d5f46d240bdab7e99efe6be0a168c198be4c1c3b30eea60
https://iclass.tku.edu.tw/static/20808.0517c4db.js,200,raw/iclass.tku.edu.tw/static/20808.0517c4db.js,9942,application/javascript,a0ae0965dfc24eb0721c03f55671eb87866c8631b4724f5bc1f30d5c011dc315
https://iclass.tku.edu.tw/static/20921-f11e1dcb.chunk.css,200,raw/iclass.tku.edu.tw/static/20921-f11e1dcb.chunk.css,3298,text/css,16d8180550fbc48a31e8ff3ebde9325ac6930466a6fbfd93752555b94626c250
https://iclass.tku.edu.tw/static/20921.704e0229.js,200,raw/iclass.tku.edu.tw/static/20921.704e0229.js,781,application/javascript,7658b926dbbe432ffb706bdb0dba8d63cad11f779f95a66aa1c86109155fabd8
https://iclass.tku.edu.tw/static/2105-fd07c71f.chunk.css,200,raw/iclass.tku.edu.tw/static/2105-fd07c71f.chunk.css,1868,text/css,da4edbbc92c376cad3899a4844d7c731a29cb8bf401fcdfd18bdff3abac67359
https://iclass.tku.edu.tw/static/2105.8004fd54.js,200,raw/iclass.tku.edu.tw/static/2105.8004fd54.js,8412,application/javascript,8f849465bc00ea5e445de42a641adb2f0a135a1b02449c5ae45e6883d912a06a
https://iclass.tku.edu.tw/static/21093-1aa02d68.js,200,raw/iclass.tku.edu.tw/static/21093-1aa02d68.js,37167,application/javascript,e5f627af1ebed4ad16419700d98bf2e3798eade3804d545fc26c0707c134b597
https://iclass.tku.edu.tw/static/21116-2920ba4d.chunk.css,200,raw/iclass.tku.edu.tw/static/21116-2920ba4d.chunk.css,11927,text/css,e7e30bfc210ef3a3abd04dd38ad5a0032052ce2dcf02ec96336e093b03a6850d
https://iclass.tku.edu.tw/static/21116.a8b990ed.js,200,raw/iclass.tku.edu.tw/static/21116.a8b990ed.js,34093,application/javascript,3c429f2015ae0206b3ce26434d358c09e3b123ef6a622d1578dcf84bd46340d8
https://iclass.tku.edu.tw/static/212-bb9a7d4c.chunk.css,200,raw/iclass.tku.edu.tw/static/212-bb9a7d4c.chunk.css,2429,text/css,89769127aa2b384a3f1016b1da3e2cf22092f9142319b7fcb0355c85a3b01b15
https://iclass.tku.edu.tw/static/2127.4c152ed5.js,200,raw/iclass.tku.edu.tw/static/2127.4c152ed5.js,13930,application/javascript,86f256566b6bfde1d085abfc0b76ccb880d9187f07110fce80f10778213f0af7
https://iclass.tku.edu.tw/static/21436.f8fd6f8c.js,200,raw/iclass.tku.edu.tw/static/21436.f8fd6f8c.js,113175,application/javascript,94704a96bf7c1c62d6649a2ef0dddb5171a6636f29898e93f6ba8051809c428a
https://iclass.tku.edu.tw/static/21443.6aaf6134.js,200,raw/iclass.tku.edu.tw/static/21443.6aaf6134.js,10813,application/javascript,c3cd9e262da68fb666a00c833d74d91a34d5c8a380456c847dd76384f3007dfa
https://iclass.tku.edu.tw/static/21589-4ec40a1d.chunk.css,200,raw/iclass.tku.edu.tw/static/21589-4ec40a1d.chunk.css,6740,text/css,608ca081baa477b82b19e9c09677c2a6a47c14fa3a32a876a7b4edf87f989617
https://iclass.tku.edu.tw/static/21589.1cb4bdcf.js,200,raw/iclass.tku.edu.tw/static/21589.1cb4bdcf.js,33677,application/javascript,6f6a954537f5af610636fad7c9a0f4944b00a1c2c39cddd522fa2d2edf0101fe
https://iclass.tku.edu.tw/static/21892-03cda66b.js,200,raw/iclass.tku.edu.tw/static/21892-03cda66b.js,155425,application/javascript,6690cc46c79d42f378566d792d1a45e9fb1d0598ba0b75ccd8118d2f7e03c595
https://iclass.tku.edu.tw/static/21943.5dca6268.js,200,raw/iclass.tku.edu.tw/static/21943.5dca6268.js,15347,application/javascript,8628d3399de8f89dedcfbc5a0448fed9fb8f336dfb83cf46539b70d8183f57b5
https://iclass.tku.edu.tw/static/22511-8beb36e2.chunk.css,200,raw/iclass.tku.edu.tw/static/22511-8beb36e2.chunk.css,16515,text/css,086886b70b97a0a67a91d7cc3b009c18520599eed6dc0fdaee09d55d7b61f8f1
https://iclass.tku.edu.tw/static/22511.e670cee0.js,200,raw/iclass.tku.edu.tw/static/22511.e670cee0.js,12276,application/javascript,aafe432ae1549cd0f25dc7f4e0c48dc8e1afe2d50ad4114bc36845b3ede98c1a
https://iclass.tku.edu.tw/static/22522.777285ba.js,200,raw/iclass.tku.edu.tw/static/22522.777285ba.js,1924,application/javascript,cdd05409abe10fa1c5a6146dafe59f4dcce975cc5833bad64f7c0f5a1b7e5653
https://iclass.tku.edu.tw/static/22541-d625efdb.js,200,raw/iclass.tku.edu.tw/static/22541-d625efdb.js,26356,application/javascript,0385835cebc9c431b20db682c1c087b26da7fb050283d0479f84135f03e5508c
https://iclass.tku.edu.tw/static/22650.905921c5.js,200,raw/iclass.tku.edu.tw/static/22650.905921c5.js,72886,application/javascript,86747f768806dd197516281e8e8c888c8121e13a20b704e2c23950e25d77ce59
https://iclass.tku.edu.tw/static/2276.3be31d36.js,200,raw/iclass.tku.edu.tw/static/2276.3be31d36.js,29363,application/javascript,b6cb16dbc91a1f771442479cef5eedc8d7b3eb3eadd87bc736b709c1e6bc03d2
https://iclass.tku.edu.tw/static/22787-bd07e80f.chunk.css,200,raw/iclass.tku.edu.tw/static/22787-bd07e80f.chunk.css,10226,text/css,e9902b557dfccd36bb3e4f38e4ede5ff6c71a1a11e7f36f573202dec17afa7e9
https://iclass.tku.edu.tw/static/22787.a70ab1cd.js,200,raw/iclass.tku.edu.tw/static/22787.a70ab1cd.js,75338,application/javascript,48aeacf19e86970e0eede49a301685131101adf0fbdb69576b37e10d8f597dc0
https://iclass.tku.edu.tw/static/2298.81c6c2ad.js,200,raw/iclass.tku.edu.tw/static/2298.81c6c2ad.js,1859,application/javascript,408ba48a61bbcd24ec563ec8e74aa2b182711bad17b4546dac1f13eae88362d5
https://iclass.tku.edu.tw/static/23015.8b8960ab.js,200,raw/iclass.tku.edu.tw/static/23015.8b8960ab.js,17414,application/javascript,63ba30ce388012aedd869a791b306b6026826536fd403e6914c1e12b2f5dee0b
https://iclass.tku.edu.tw/static/23223-9b89ab86.js,200,raw/iclass.tku.edu.tw/static/23223-9b89ab86.js,130095,application/javascript,05dd8d818b91f9a40a85afad3ebb2e7848739f75d1b94c2207599fbc258faafd
https://iclass.tku.edu.tw/static/23268-40f6b5e5.js,200,raw/iclass.tku.edu.tw/static/23268-40f6b5e5.js,81138,application/javascript,3dd8ba0f403b8b30deef9dffa203f820698818fa98678ad0fcb95961e03b694d
https://iclass.tku.edu.tw/static/23467.58f50ede.js,200,raw/iclass.tku.edu.tw/static/23467.58f50ede.js,1250,application/javascript,5a677682d0e96dfbb2dec4415b860e4ce2f96b62e64f6162520be4fd937cefd5
https://iclass.tku.edu.tw/static/23719.0f493096.js,200,raw/iclass.tku.edu.tw/static/23719.0f493096.js,1528,application/javascript,23900413a3660b6a57da614c0b896622e3fa4f3017f02891975b6f4d92bbbf81
https://iclass.tku.edu.tw/static/23977-575e4297.chunk.css,200,raw/iclass.tku.edu.tw/static/23977-575e4297.chunk.css,13805,text/css,d02d65cc1082e7f3718daf095db459097997842c0cc5d85ef31443f7de1accfb
https://iclass.tku.edu.tw/static/23977.ebaa5322.js,200,raw/iclass.tku.edu.tw/static/23977.ebaa5322.js,78932,application/javascript,a4955e3047ed0e93844c81fdbdde89ebd2f13fb69099353f4ff713247433e449
https://iclass.tku.edu.tw/static/23983.cb96526d.js,200,raw/iclass.tku.edu.tw/static/23983.cb96526d.js,106987,application/javascript,c91dfe31b125876358d339f9a0baf564d81daef72908bbc9f709c433fbc56f7b
https://iclass.tku.edu.tw/static/24262.bfbc60d3.js,200,raw/iclass.tku.edu.tw/static/24262.bfbc60d3.js,13800,application/javascript,5a910fb01a76d00455c8af3a457fd8464ce898185176556e0388359a2831e34b
https://iclass.tku.edu.tw/static/24381.f6c5a4b7.js,200,raw/iclass.tku.edu.tw/static/24381.f6c5a4b7.js,9973,application/javascript,ab384a4963078af3236ddc0f28d02dfa56dc36213b73d94666fa3bd80d9b4ada
https://iclass.tku.edu.tw/static/24418.a3bc3234.js,200,raw/iclass.tku.edu.tw/static/24418.a3bc3234.js,12615,application/javascript,77d8b61e082219c5602e68c863901305f526d1160fcc0faedeaeaacc825cef53
https://iclass.tku.edu.tw/static/24549.836d9ec0.js,200,raw/iclass.tku.edu.tw/static/24549.836d9ec0.js,3525621,application/javascript,3eb7a3319cbb25852cb0850f5844fd7a890abe20a9972b5ec13b48bcaef82cc4
https://iclass.tku.edu.tw/static/24598.127c6b42.js,200,raw/iclass.tku.edu.tw/static/24598.127c6b42.js,110826,application/javascript,6ce3908e3406121efb63af6959840d6a240ee453e730c0e4a60e404a88565a38
https://iclass.tku.edu.tw/static/2469.ebe8f0ef.js,200,raw/iclass.tku.edu.tw/static/2469.ebe8f0ef.js,17823,application/javascript,54bf5fd0b2ac0e27e60fdcc95943ac3fd94dc889121bfc18da494feb37933167
https://iclass.tku.edu.tw/static/24712-18317acc.js,200,raw/iclass.tku.edu.tw/static/24712-18317acc.js,10304,application/javascript,6814687c533168b4aae9d870682d34a65a9c4dff55e4c57b603eedd8eadbea72
https://iclass.tku.edu.tw/static/24807.fc737646.js,200,raw/iclass.tku.edu.tw/static/24807.fc737646.js,44970,application/javascript,4dbfcc780fd963e20145efaac8dd0b3e3ed4d6ae77d3af539d6cecc37f2cbff9
https://iclass.tku.edu.tw/static/24814.1f61e344.js,200,raw/iclass.tku.edu.tw/static/24814.1f61e344.js,54348,application/javascript,a699e606fea70e831425de84bdeb26bc457381bf2dd924edfc9379402fd02769
https://iclass.tku.edu.tw/static/24899.97a3af73.js,200,raw/iclass.tku.edu.tw/static/24899.97a3af73.js,18957,application/javascript,7add9419c4521f2e85f46d81fea92e143784747d8c8d65009fed61ba725757ea
https://iclass.tku.edu.tw/static/24902-95548695.js,200,raw/iclass.tku.edu.tw/static/24902-95548695.js,87693,application/javascript,e332ef3140f7c987c5fe9afb9b5d1a99d0a5600d2b6bfa6efe6f04669d7ecb70
https://iclass.tku.edu.tw/static/24902-b98fc108.css,200,raw/iclass.tku.edu.tw/static/24902-b98fc108.css,70125,text/css,4a0b7b97df63aec52bfd140aa5ec2b0cd72f31ab67dbbf3480c5ddff9667c6aa
https://iclass.tku.edu.tw/static/25108.9c7b26f0.js,200,raw/iclass.tku.edu.tw/static/25108.9c7b26f0.js,76154,application/javascript,1d4dfaad953b05ebb650494fd7e72e077104ebfca6348c854047d2ba3ef88502
https://iclass.tku.edu.tw/static/25163.4f7c3b16.js,200,raw/iclass.tku.edu.tw/static/25163.4f7c3b16.js,17811,application/javascript,717377f87fc02d933bb6d8864c37e0d49e3e0e3de3f4a8512389a50be3bdbc82
https://iclass.tku.edu.tw/static/25169-bd964bec.chunk.css,200,raw/iclass.tku.edu.tw/static/25169-bd964bec.chunk.css,2730,text/css,c1b50f74d6370c13399425fb948548bb4725057970a4fe77b7764ae9ddf93d9c
https://iclass.tku.edu.tw/static/25169.146cd9e4.js,200,raw/iclass.tku.edu.tw/static/25169.146cd9e4.js,12393,application/javascript,36940af649e0b0e63514a988a6386fbc0e640060e826d9bae707adc4811f5128
https://iclass.tku.edu.tw/static/25170.58b640ff.js,200,raw/iclass.tku.edu.tw/static/25170.58b640ff.js,36054,application/javascript,ad23d703c67dddf50faed6c0364c22dd4c824d377ef214e63bc01be521578697
https://iclass.tku.edu.tw/static/25177.a00d3fc0.js,200,raw/iclass.tku.edu.tw/static/25177.a00d3fc0.js,2260,application/javascript,916bd469da9b05e42a3f15fcd6d8f181764d41fbf4a4a7f41a4f350e96ca6c55
https://iclass.tku.edu.tw/static/25223.d9348946.js,200,raw/iclass.tku.edu.tw/static/25223.d9348946.js,25950,application/javascript,b4df0c20cef4a3c937860278180d30ac2db79c7700047cea55d1f5b2057b52f6
https://iclass.tku.edu.tw/static/2540-52ca160c.chunk.css,200,raw/iclass.tku.edu.tw/static/2540-52ca160c.chunk.css,20094,text/css,d5129dadadace2758388769f62028d46bf336cc84f72b75f356a25a729605d71
https://iclass.tku.edu.tw/static/2540.a80c2842.js,200,raw/iclass.tku.edu.tw/static/2540.a80c2842.js,93402,application/javascript,a6f68d47dc0dd9793ef559cf306dbac24fb18b581d1a795f458b756377612c57
https://iclass.tku.edu.tw/static/25489.a2b39580.js,200,raw/iclass.tku.edu.tw/static/25489.a2b39580.js,2796,application/javascript,54cd4d72f79c80c0617066ec3b01f08b690ee192b34f208e76e43efdf8e98a2f
https://iclass.tku.edu.tw/static/25606.d2c797ca.js,200,raw/iclass.tku.edu.tw/static/25606.d2c797ca.js,24011,application/javascript,655eccb4bba84f6a8088ba1a2f38062083b928cd44311fd680d93e59732fb4cf
https://iclass.tku.edu.tw/static/2562.122fcbdf.js,200,raw/iclass.tku.edu.tw/static/2562.122fcbdf.js,66386,application/javascript,a42c4556d70c972dcb3140ef3244af8d184c0f1872c8f6d5a4c397c5d9e62fd9
https://iclass.tku.edu.tw/static/25690.6f62ca93.js,200,raw/iclass.tku.edu.tw/static/25690.6f62ca93.js,2636,application/javascript,c0896eed7e5980782cbe25bcfa17d17cd3e9cbb412efdd2e96f25055eaa2f9ba
https://iclass.tku.edu.tw/static/25753.37cd961f.js,200,raw/iclass.tku.edu.tw/static/25753.37cd961f.js,26509,application/javascript,3fb9cc2e3647506e1683b30da53d046f4d3c97ad5c4a4d2a9acbd09917469d2e
https://iclass.tku.edu.tw/static/25802.4c78f3e9.js,200,raw/iclass.tku.edu.tw/static/25802.4c78f3e9.js,26295,application/javascript,d761be18259e452504a822ec81361554eed5b21a8600a8f68612655d6cb074a0
https://iclass.tku.edu.tw/static/25996-369ed60a.js,200,raw/iclass.tku.edu.tw/static/25996-369ed60a.js,27905,application/javascript,1d2db6888d3f89dff345f8da0c9f26af67fccb4680b2f8a797a3f54df1e0d3de
https://iclass.tku.edu.tw/static/26039.b4a636ae.js,200,raw/iclass.tku.edu.tw/static/26039.b4a636ae.js,22263,application/javascript,02a68a17ad9687d0384d47e043f2e5b1564558c615a61d939c64ac8197008e0a
https://iclass.tku.edu.tw/static/26132-3e4ab0d2.js,200,raw/iclass.tku.edu.tw/static/26132-3e4ab0d2.js,34984,application/javascript,41645576b7cee8f3d211e2b5687e5d17362cc3fb1fd099a2ea99db4b3c28be58
https://iclass.tku.edu.tw/static/26155-18604e98.chunk.css,200,raw/iclass.tku.edu.tw/static/26155-18604e98.chunk.css,3067,text/css,88d2a66a81bb37ac17036ed24397a39b76f2fbc6f2fd666ef08f66cf0e1ed98e
https://iclass.tku.edu.tw/static/26155.fb0dcb45.js,200,raw/iclass.tku.edu.tw/static/26155.fb0dcb45.js,8917,application/javascript,79d7e58179b0ac29dd035a2fcbc701d94a839440aa5deaa4e0fe6c2ff807f3d1
https://iclass.tku.edu.tw/static/26296-0d2e8412.js,200,raw/iclass.tku.edu.tw/static/26296-0d2e8412.js,154801,application/javascript,9cbbfa39fae27dde86bbd623cf179f3a798a9583bb78d23571870afb77c2ce12
https://iclass.tku.edu.tw/static/26308-8adceacd.chunk.css,200,raw/iclass.tku.edu.tw/static/26308-8adceacd.chunk.css,209,text/css,d8d8b28bce244d751741722e58915f2e778974d05bd676a4c72e5fc819e5036b
https://iclass.tku.edu.tw/static/26308.440652eb.js,200,raw/iclass.tku.edu.tw/static/26308.440652eb.js,62789,application/javascript,61a8e390efec07e016f82ba2f76621c76d4749b3528ceb158278c9ea9f573033
https://iclass.tku.edu.tw/static/26359-4b776c7f.js,200,raw/iclass.tku.edu.tw/static/26359-4b776c7f.js,78432,application/javascript,8c87c5ccabf48a7105ad0c9c7ef699c88f9de83e31583ddf5c6b9f2259f85d0f
https://iclass.tku.edu.tw/static/26493.75189e41.js,200,raw/iclass.tku.edu.tw/static/26493.75189e41.js,75827,application/javascript,37a07ca5fbd5ff9661fae864478d2f59891909d533e4ef1a2b6197c71da002db
https://iclass.tku.edu.tw/static/26541-04ca0d0c.chunk.css,200,raw/iclass.tku.edu.tw/static/26541-04ca0d0c.chunk.css,4456,text/css,f33f2e25e02042faeae6e6171e5b314d2e389d511ff1ae6c5c609703eb52df85
https://iclass.tku.edu.tw/static/26541.02bf130a.js,200,raw/iclass.tku.edu.tw/static/26541.02bf130a.js,7853,application/javascript,7071c52eeaf1493591f6e49ad97850a3282b3791b30b041fb7130f197380df02
https://iclass.tku.edu.tw/static/26645.3b73314d.js,200,raw/iclass.tku.edu.tw/static/26645.3b73314d.js,25983,application/javascript,1ba44476c342a0cec09b7647ca567e065906c7769f4748f0b1e7972202066faf
https://iclass.tku.edu.tw/static/26648.5d159b57.js,200,raw/iclass.tku.edu.tw/static/26648.5d159b57.js,55538,application/javascript,9d3de17165876f70f4c7c78a2c56a7d0bcbe5b0ef7fbdfcfec27d512b40ed57c
https://iclass.tku.edu.tw/static/26667.949e2457.js,200,raw/iclass.tku.edu.tw/static/26667.949e2457.js,82824,application/javascript,a558e8634219371ca2001372a1179c972a15171dede373d43f90cb15c8407235
https://iclass.tku.edu.tw/static/26680-f0cc3b75.chunk.css,200,raw/iclass.tku.edu.tw/static/26680-f0cc3b75.chunk.css,9973,text/css,d86b6fcfaea69192c234298bd24691504c7de3bb9d3d710b7bc703eb8b0e9c98
https://iclass.tku.edu.tw/static/26680.eb9e3dcc.js,200,raw/iclass.tku.edu.tw/static/26680.eb9e3dcc.js,48338,application/javascript,494ca466968d640cc6ec75fa9704431ae23d28e5e3060f709f8b9b8844c65135
https://iclass.tku.edu.tw/static/26703.244911cf.js,200,raw/iclass.tku.edu.tw/static/26703.244911cf.js,23695,application/javascript,9f8b0cf16bd2af98f956aa89ca12e85bd8b5c2fcda82a47ff5a0a15adf441f3d
https://iclass.tku.edu.tw/static/26755.0336f93f.js,200,raw/iclass.tku.edu.tw/static/26755.0336f93f.js,16997,application/javascript,f304531a149bddeacbcfaecf7fc037cb9b3159884cbb025ff23ad40c97722d77
https://iclass.tku.edu.tw/static/27035-3a5c2bf1.chunk.css,200,raw/iclass.tku.edu.tw/static/27035-3a5c2bf1.chunk.css,1658,text/css,a06eac12f53b0c7e897226c2131a1ea41638a6a052429e95c9b53cfdb9a1449c
https://iclass.tku.edu.tw/static/27035.535cd1b8.js,200,raw/iclass.tku.edu.tw/static/27035.535cd1b8.js,52022,application/javascript,47aa69e3320bb9259f5244dd591456d8d4f8af8c73fbe4d1bbf885954ad8becb
https://iclass.tku.edu.tw/static/27124.080abd31.js,200,raw/iclass.tku.edu.tw/static/27124.080abd31.js,2254,application/javascript,9fcc29280ffe065a9632407521150f9f1952c89cc5bbada03659d5c31e9039d7
https://iclass.tku.edu.tw/static/27148.dc9a1b6d.js,200,raw/iclass.tku.edu.tw/static/27148.dc9a1b6d.js,180392,application/javascript,1e260adb66edb02f60187cb66ab1db2396c4026dbb632710bc69b34282e4cbbb
https://iclass.tku.edu.tw/static/27605-03a7569e.chunk.css,200,raw/iclass.tku.edu.tw/static/27605-03a7569e.chunk.css,71384,text/css,17441bfeb33aa31e66711c2ccf4fa783f14afcf58034e5353d125718b17bb994
https://iclass.tku.edu.tw/static/27605.cb953088.js,200,raw/iclass.tku.edu.tw/static/27605.cb953088.js,292439,application/javascript,382360b8d1e0d47e4fc7d097a84c0fb9bc85a8290861451b32b15888ec478afe
https://iclass.tku.edu.tw/static/27609-988062d9.chunk.css,200,raw/iclass.tku.edu.tw/static/27609-988062d9.chunk.css,21421,text/css,87c17a70b9a9b470a54751e06e66a13823e0df4bbf3e170fb431c1f591c0b8f3
https://iclass.tku.edu.tw/static/27609.04e6959b.js,200,raw/iclass.tku.edu.tw/static/27609.04e6959b.js,100474,application/javascript,e29b6cf3c8141a36b1180964f2cc8a297357a8dbbf26c6fe07f355e96c66cb6d
https://iclass.tku.edu.tw/static/2764-f443c550.js,200,raw/iclass.tku.edu.tw/static/2764-f443c550.js,30037,application/javascript,4d5daeb042ec16a6bb6ed7be54c43d77b71af5dba0e6713cb4c8e058867ca80a
https://iclass.tku.edu.tw/static/27718.f3eb488f.js,200,raw/iclass.tku.edu.tw/static/27718.f3eb488f.js,5310,application/javascript,07708b67fee01931417a1702c14b96dd1b0a9aaaaf7738428e481b7d8432429f
https://iclass.tku.edu.tw/static/27724.2ef3f54f.js,200,raw/iclass.tku.edu.tw/static/27724.2ef3f54f.js,30734,application/javascript,d7c2eeffe08040ec7cad06e14f10cd584747e3a84916c879d1436503b4ccba2e
https://iclass.tku.edu.tw/static/27783-f0ef0edb.js,200,raw/iclass.tku.edu.tw/static/27783-f0ef0edb.js,41931,application/javascript,7f636a4bf91c2c4f690a89d5ca00185c36e1195060cb4707718639f9e2775bcb
https://iclass.tku.edu.tw/static/27968-85c3bf0b.chunk.css,200,raw/iclass.tku.edu.tw/static/27968-85c3bf0b.chunk.css,11793,text/css,2a9c714db8353350e63fd92aeff0ba64b185da3c1ba8734d53ac5cb0e53156f6
https://iclass.tku.edu.tw/static/28053.55204cf2.js,200,raw/iclass.tku.edu.tw/static/28053.55204cf2.js,2437,application/javascript,f012ea67b6ef01c1a5b634789af2b8e7e115c706cf89327b1c0860965960d55e
https://iclass.tku.edu.tw/static/28230.a1d0d664.js,200,raw/iclass.tku.edu.tw/static/28230.a1d0d664.js,2371,application/javascript,d4682fee738b4ab6970e8671130f4bc056b3deb520f3c36f302d2fd4369bbead
https://iclass.tku.edu.tw/static/28245-9485b80f.chunk.css,200,raw/iclass.tku.edu.tw/static/28245-9485b80f.chunk.css,8411,text/css,a9e0e86b139ff060684165bd362c3b374c9735ee65eb7f660c03baa79600163c
https://iclass.tku.edu.tw/static/28245.a40aff1c.js,200,raw/iclass.tku.edu.tw/static/28245.a40aff1c.js,152826,application/javascript,b9da90d8f833bda99d7299dd2724b1018ca8fa82e5490e73a53ac6f82e3c01ef
https://iclass.tku.edu.tw/static/28391-2cabc9af.js,200,raw/iclass.tku.edu.tw/static/28391-2cabc9af.js,825477,application/javascript,c85869979b530bbc6894ba898a65e5f20f8f958e20cc0c5fbdf812d6fe6910b5
https://iclass.tku.edu.tw/static/28391-b2320123.css,200,raw/iclass.tku.edu.tw/static/28391-b2320123.css,285720,text/css,4ab25a5820c375b763e7d2b0d066eba6e02bebe4f5253fb54071aeab9adad0ed
https://iclass.tku.edu.tw/static/28413.4c7bdb68.js,200,raw/iclass.tku.edu.tw/static/28413.4c7bdb68.js,163332,application/javascript,a043f64384c219b412f366ba32c4bc48f55845e0eeaac15e6d108b0a204824d4
https://iclass.tku.edu.tw/static/28492.0435f6c8.js,200,raw/iclass.tku.edu.tw/static/28492.0435f6c8.js,10244,application/javascript,a2c654658b459246d506ad9f53125e1eeac16a2738f422a86d77eb5e82f53ec0
https://iclass.tku.edu.tw/static/28605.7b75b9a5.js,200,raw/iclass.tku.edu.tw/static/28605.7b75b9a5.js,32823,application/javascript,007da13bacabc5f31742e432ecba2d8054cd16a6e4fe97fa7c48b76d35ee9340
https://iclass.tku.edu.tw/static/28606.8923b616.js,200,raw/iclass.tku.edu.tw/static/28606.8923b616.js,16856,application/javascript,41969ce29dce8a426a0be8b6bde88829ca25a4523a293cabd8058f4ed9794aae
https://iclass.tku.edu.tw/static/28794.ce183abf.js,200,raw/iclass.tku.edu.tw/static/28794.ce183abf.js,1405,application/javascript,99d24a07a4c2e65ab717608c26cf994b2407d866619cdd5f220cea7bc9c80fe9
https://iclass.tku.edu.tw/static/28921-c44e901e.js,200,raw/iclass.tku.edu.tw/static/28921-c44e901e.js,35442,application/javascript,6e08a6aca87498ab48df09753fec4f128d914e01d133c937d2e51478720f9c78
https://iclass.tku.edu.tw/static/2896.cb9c90cd.js,200,raw/iclass.tku.edu.tw/static/2896.cb9c90cd.js,40013,application/javascript,952e50c4c97ac3e25cf9a4fd917d41c63364d322f69d51f6f24fd86972a65f31
https://iclass.tku.edu.tw/static/29155.ad8982cf.js,200,raw/iclass.tku.edu.tw/static/29155.ad8982cf.js,21060,application/javascript,2d8e4d42dcaff51a396da2f29a40b8d77f8dd8972bfc8ed165369c913efda501
https://iclass.tku.edu.tw/static/29180-6ab28c7d.chunk.css,200,raw/iclass.tku.edu.tw/static/29180-6ab28c7d.chunk.css,8456,text/css,fa14f788f4528e4ae3417f865985b759e2c1cb290d8c9395cd8ccc816bf69bd4
https://iclass.tku.edu.tw/static/29180.f763abc6.js,200,raw/iclass.tku.edu.tw/static/29180.f763abc6.js,4736,application/javascript,fc4c8e1981e60e942e257b785aca67fb942624495c8009637dad4589a813bcd8
https://iclass.tku.edu.tw/static/29408-3283f5c7.js,200,raw/iclass.tku.edu.tw/static/29408-3283f5c7.js,72099,application/javascript,0ebb3caa64d338beafec44f786c5d1214cbb5b3dc3604430b9d76b237e10fd1b
https://iclass.tku.edu.tw/static/30027.7e8aebed.js,200,raw/iclass.tku.edu.tw/static/30027.7e8aebed.js,1878,application/javascript,d2b97f9b3389b9e095328cf9048cb658740066842cad34550d95005c4d13b1d8
https://iclass.tku.edu.tw/static/30075.1049a74f.js,200,raw/iclass.tku.edu.tw/static/30075.1049a74f.js,50674,application/javascript,683d1430d762185038e45c51c6dad2ffb1b20d5c18fa885777c3bf262d6c0054
https://iclass.tku.edu.tw/static/30424.727a85a7.js,200,raw/iclass.tku.edu.tw/static/30424.727a85a7.js,34932,application/javascript,40e846f359afbc9d9d94aacf73d6158ed572bbc3dc1fe03796ec971375663a55
https://iclass.tku.edu.tw/static/30646.8e97ad02.js,200,raw/iclass.tku.edu.tw/static/30646.8e97ad02.js,59547,application/javascript,2907ec6b68ebd7c49e64e13b47ce7ce93b65c4633578d2b8d19785f5e8fed39b
https://iclass.tku.edu.tw/static/30699-fba5d5f5.chunk.css,200,raw/iclass.tku.edu.tw/static/30699-fba5d5f5.chunk.css,13107,text/css,a25c68434b7de3c2542dc0a624d2bcba269f2aba2bfc96546d9cadc6079c9c13
https://iclass.tku.edu.tw/static/30699.190d3e8e.js,200,raw/iclass.tku.edu.tw/static/30699.190d3e8e.js,49469,application/javascript,abfcc1341714ab464ab882c515dd9d8043699a02911c998304792d7419ef0571
https://iclass.tku.edu.tw/static/30801-25982468.js,200,raw/iclass.tku.edu.tw/static/30801-25982468.js,29459,application/javascript,d383a6a65951b739a31d4f48ba1e70db257c1dbd9e9f082088165612d5e4fd9b
https://iclass.tku.edu.tw/static/30802.e40e015e.js,200,raw/iclass.tku.edu.tw/static/30802.e40e015e.js,16551,application/javascript,3414ca167bbe567ce6b4d60635c5e926ccaf1297cb417e8f5a9127429e99d69e
https://iclass.tku.edu.tw/static/30803-7b1f840f.js,200,raw/iclass.tku.edu.tw/static/30803-7b1f840f.js,1055724,application/javascript,7de33cde974e5dc5dbc39af6d846d52a6f60aa5f0abdb0d2ec2f2441162aeb0e
https://iclass.tku.edu.tw/static/30851.b313f6ae.js,200,raw/iclass.tku.edu.tw/static/30851.b313f6ae.js,20670,application/javascript,dabfc2fb14b864bc7ab5d856a8b30cc5e95984401ca4650755997de2ec50913a
https://iclass.tku.edu.tw/static/31066.44f183d5.js,200,raw/iclass.tku.edu.tw/static/31066.44f183d5.js,63526,application/javascript,77365f794d1e595668b5b3f8ef12b66d7fe74b1140a1c635d605e58d187d902d
https://iclass.tku.edu.tw/static/31076.a8c88684.js,200,raw/iclass.tku.edu.tw/static/31076.a8c88684.js,380140,application/javascript,f3e88bc1fbe38f326e9cce85df470297dc544e7d15637bc3057a16cc07e7e36c
https://iclass.tku.edu.tw/static/31275.6c55dd42.js,200,raw/iclass.tku.edu.tw/static/31275.6c55dd42.js,13145,application/javascript,4c5fba46b303013b1563d492dca4d53abfd42b80c813c606c3840adfd79a1df7
https://iclass.tku.edu.tw/static/31345.ad1e1769.js,200,raw/iclass.tku.edu.tw/static/31345.ad1e1769.js,19615,application/javascript,4f24055db037dcba11ed583388c5d5f104aaa8f443d1a940dfe66228e29bef0a
https://iclass.tku.edu.tw/static/31348.dc0becf0.js,200,raw/iclass.tku.edu.tw/static/31348.dc0becf0.js,2596,application/javascript,78f70f99041cea22bbefd5f40ebfc54451fc6b2e13a6bcb0ead11f4c7e857252
https://iclass.tku.edu.tw/static/31417-0c1728e8.js,200,raw/iclass.tku.edu.tw/static/31417-0c1728e8.js,43923,application/javascript,91b78c329fa6b53a61d7f334002bf1ae490e2e6dbd1b87837ef0e9e710018fa5
https://iclass.tku.edu.tw/static/31510-0292ff20.chunk.css,200,raw/iclass.tku.edu.tw/static/31510-0292ff20.chunk.css,19459,text/css,abd1824f6a884e381d3116923123ff2e4e0fc1cb655844f0fd5ddc20c55e7341
https://iclass.tku.edu.tw/static/31510.80e95dbb.js,200,raw/iclass.tku.edu.tw/static/31510.80e95dbb.js,70959,application/javascript,0948c3c2622558dd73994ef244d211a5e244e74db039d2244a5cd28d3d9ea08d
https://iclass.tku.edu.tw/static/31552-ff4013ad.chunk.css,200,raw/iclass.tku.edu.tw/static/31552-ff4013ad.chunk.css,628,text/css,7926842c3db3c0a34dba4d5a3724b0c2e682d7b4b4f2f4ad33f712582312863d
https://iclass.tku.edu.tw/static/31552.691da904.js,200,raw/iclass.tku.edu.tw/static/31552.691da904.js,11262,application/javascript,eeeedf8cd8ae56aded706c8a8c2f699846775aa0db6290abf00e1318499bfdba
https://iclass.tku.edu.tw/static/31651-b6c6ca18.chunk.css,200,raw/iclass.tku.edu.tw/static/31651-b6c6ca18.chunk.css,56649,text/css,166895fb9b81fe62ccc3741de6dc01c89116f3c253fcbac807c59a6ea396024a
https://iclass.tku.edu.tw/static/31651.d09dff55.js,200,raw/iclass.tku.edu.tw/static/31651.d09dff55.js,157289,application/javascript,321864ac1c174eedda56193c6e6e911f195b6701307eef55651e6a40d482e804
https://iclass.tku.edu.tw/static/31734-d6da493d.chunk.css,200,raw/iclass.tku.edu.tw/static/31734-d6da493d.chunk.css,1841,text/css,040721073efccca423618a9fb310450a4f48ecf9d463d26a6496624162ea84ca
https://iclass.tku.edu.tw/static/31734.96c0b469.js,200,raw/iclass.tku.edu.tw/static/31734.96c0b469.js,33997,application/javascript,f6179aedcf816495adf03780337164c490f8cb85b4f5f2296fdab1a65b41f7de
https://iclass.tku.edu.tw/static/31786-bdcd1a7c.chunk.css,200,raw/iclass.tku.edu.tw/static/31786-bdcd1a7c.chunk.css,55,text/css,e70ffc9e461842ea1cd8b589e6f82b1a45f988b567d8d63ad16da4cef040d144
https://iclass.tku.edu.tw/static/31786.40986fe8.js,200,raw/iclass.tku.edu.tw/static/31786.40986fe8.js,10543,application/javascript,dafc57c566d40f842e6cbdbefa12fdcab5aeac7a37e3f6878a5c0d4f134155a3
https://iclass.tku.edu.tw/static/31937.90fe4179.js,200,raw/iclass.tku.edu.tw/static/31937.90fe4179.js,100506,application/javascript,bd9f1f93c0f7baf0ae6d013510c150a160c7271b5f35620d71020d533a79249b
https://iclass.tku.edu.tw/static/31975.e0a4fe1f.js,200,raw/iclass.tku.edu.tw/static/31975.e0a4fe1f.js,73971,application/javascript,dc95d784e7b117b4c7867d3d2d06328ba0912444299fb678147a9878f20e0c9b
https://iclass.tku.edu.tw/static/32177.150c6749.js,200,raw/iclass.tku.edu.tw/static/32177.150c6749.js,21849,application/javascript,82f2861f551692f5ae696008617607f655f673b6fe93049c2a9afebacd309a01
https://iclass.tku.edu.tw/static/32352-2d5449e8.chunk.css,200,raw/iclass.tku.edu.tw/static/32352-2d5449e8.chunk.css,7199,text/css,7e64d27eba230b5e10242756393e1fc394d9817ce86dcdebced7ad7aaaff94b1
https://iclass.tku.edu.tw/static/32419.cdd214b3.js,200,raw/iclass.tku.edu.tw/static/32419.cdd214b3.js,24057,application/javascript,64a1461dbaa306725f98142399004de718b2c9dc8922f57acd18de3ee0dd64c6
https://iclass.tku.edu.tw/static/32622.74d60e4a.js,200,raw/iclass.tku.edu.tw/static/32622.74d60e4a.js,107822,application/javascript,96efff23a0d8f5a415a22ae596d300d16938647e7fe7e34b2f9609de2e94aad4
https://iclass.tku.edu.tw/static/32655.2fc40410.js,200,raw/iclass.tku.edu.tw/static/32655.2fc40410.js,57724,application/javascript,3858c30ca805e1f4ab7d38c35c471c7818bb34ecd6c05feffc00236bf8aa7032
https://iclass.tku.edu.tw/static/32757.c48389b1.js,200,raw/iclass.tku.edu.tw/static/32757.c48389b1.js,61540,application/javascript,db7cce462308b49f95c4a4e94ae3babd75dc3036b2993d7e18f0f9899caabb0f
https://iclass.tku.edu.tw/static/32767.abfcc0ce.js,200,raw/iclass.tku.edu.tw/static/32767.abfcc0ce.js,574,application/javascript,2a2b5cc7217d94f499382b1c023df10750ba7de4fdc541b0ea9a2e8133f60549
https://iclass.tku.edu.tw/static/328.7ecb97ad.js,200,raw/iclass.tku.edu.tw/static/328.7ecb97ad.js,2230,application/javascript,d4ef3f03f67d75a4afdd8a9c44a1502294e028ad1f05a4d1e8f109cca4ed8fff
https://iclass.tku.edu.tw/static/32862.4dbbb627.js,200,raw/iclass.tku.edu.tw/static/32862.4dbbb627.js,5025,application/javascript,4443bc4f977a502a06ced9e161e663a5ea19768d3f3a3fb5f5378b320e660c45
https://iclass.tku.edu.tw/static/33489-328d8393.js,200,raw/iclass.tku.edu.tw/static/33489-328d8393.js,180301,application/javascript,0c2d4f1167cabcbbead4add5a39ebf9dae5523ab3efc10ff8199739447c443b6
https://iclass.tku.edu.tw/static/3351-a946de96.chunk.css,200,raw/iclass.tku.edu.tw/static/3351-a946de96.chunk.css,833,text/css,7bf46b7b395846124fdadab1696a68cb5144ada91f1ff5235f524a6ae7ad69e5
https://iclass.tku.edu.tw/static/3351.be031304.js,200,raw/iclass.tku.edu.tw/static/3351.be031304.js,120873,application/javascript,10ae7118ebb6fef28d8b1b3704b866fc66188522f7944a14655b009d2f990b62
https://iclass.tku.edu.tw/static/33589-7dd9bc8f.chunk.css,200,raw/iclass.tku.edu.tw/static/33589-7dd9bc8f.chunk.css,7094,text/css,2c55d61d3e73e5a104ea527b23ddc5e08907e26c7bffac2f603fd9a1cbab0b46
https://iclass.tku.edu.tw/static/33589.3ce833c7.js,200,raw/iclass.tku.edu.tw/static/33589.3ce833c7.js,15788,application/javascript,99bc86268cf9092ea37ceca4720b3350abe02839f276d1d439a13c60c9123afb
https://iclass.tku.edu.tw/static/33655.ef38fe8c.js,200,raw/iclass.tku.edu.tw/static/33655.ef38fe8c.js,1624,application/javascript,0761a7a0d3cd3db88b3a3c02fa2d72a7956ffac35dd51ce6fed1f250a27e4055
https://iclass.tku.edu.tw/static/33659-64ed8510.chunk.css,200,raw/iclass.tku.edu.tw/static/33659-64ed8510.chunk.css,1249,text/css,f9c3cd4fae852a04c3da1fd940d8d8346f607b38330a17f41c5184c3a174e4d0
https://iclass.tku.edu.tw/static/33659.837adcb3.js,200,raw/iclass.tku.edu.tw/static/33659.837adcb3.js,2337,application/javascript,e721101fd13a59b3a8fe6e7a5dcfe8bbdd8de252a2ddad5cd511532f9696f51b
https://iclass.tku.edu.tw/static/339.eaa62448.js,200,raw/iclass.tku.edu.tw/static/339.eaa62448.js,6486,application/javascript,b458000880de9b63620c5fa50b1af3d5a2e94de09833ab5efb98aa9e44e06747
https://iclass.tku.edu.tw/static/33919.e6779140.js,200,raw/iclass.tku.edu.tw/static/33919.e6779140.js,46395,application/javascript,ecbea5371375eb22f68a1d0d1c22903e83bb305635e6ccdd9b1ad7ea25c1ea79
https://iclass.tku.edu.tw/static/33961.a7791db6.js,200,raw/iclass.tku.edu.tw/static/33961.a7791db6.js,19668,application/javascript,f791d73b1866f60baf028c5b0ef1f87477dfbaa6bf6e6154e32138e3eb80d6f6
https://iclass.tku.edu.tw/static/33991.f9c20509.js,200,raw/iclass.tku.edu.tw/static/33991.f9c20509.js,154023,application/javascript,ed8563faa97049984a2d4c4522ec841e38c31e1b8d92f1aa04b96b0274c11f70
https://iclass.tku.edu.tw/static/34019-6a795072.chunk.css,200,raw/iclass.tku.edu.tw/static/34019-6a795072.chunk.css,2739,text/css,815d5a09873356846751ee55635257e79f16e06f7fbd0169c5988ef968023496
https://iclass.tku.edu.tw/static/34019.031e8874.js,200,raw/iclass.tku.edu.tw/static/34019.031e8874.js,2673,application/javascript,355c18743f578e1bc7ae3579e3394069924d1fe24bb502d9cb0692f3dcc55b55
https://iclass.tku.edu.tw/static/34059.dd17524e.js,200,raw/iclass.tku.edu.tw/static/34059.dd17524e.js,2407,application/javascript,63854f551136c24fdaa58de0bde9b428c45841c8530826ed7abb9d9cf517ee9c
https://iclass.tku.edu.tw/static/34149.3de6ebe0.js,200,raw/iclass.tku.edu.tw/static/34149.3de6ebe0.js,11510,application/javascript,9f88c871c16a5190f2763e998e21e01f5013d1c5c23f8153eb3d63293aefe9f4
https://iclass.tku.edu.tw/static/34150-ad8f26f9.chunk.css,200,raw/iclass.tku.edu.tw/static/34150-ad8f26f9.chunk.css,1380,text/css,5e07fd761c2145a2ca2b59870d663842890329aa1a0d2c84554d802fc27bf01d
https://iclass.tku.edu.tw/static/34150.cc77b606.js,200,raw/iclass.tku.edu.tw/static/34150.cc77b606.js,69975,application/javascript,24a71ddabe6cbf06efd05ffb4018df9a827272355e5c777099fbfad986d5926d
https://iclass.tku.edu.tw/static/3421.4c78f3e9.js,200,raw/iclass.tku.edu.tw/static/3421.4c78f3e9.js,26295,application/javascript,d761be18259e452504a822ec81361554eed5b21a8600a8f68612655d6cb074a0
https://iclass.tku.edu.tw/static/34215.2a3d2592.js,200,raw/iclass.tku.edu.tw/static/34215.2a3d2592.js,129554,application/javascript,6363d302b0ee008a1f818eebeeb90cd5f4d5ebb0874896f276e6cb4531ee76d1
https://iclass.tku.edu.tw/static/34229-f7b347d7.chunk.css,200,raw/iclass.tku.edu.tw/static/34229-f7b347d7.chunk.css,13447,text/css,47a7a9f59553abbb479dc3387a71e87cc88bd45028a410abd126edea4a1337c8
https://iclass.tku.edu.tw/static/34229.20c1983d.js,200,raw/iclass.tku.edu.tw/static/34229.20c1983d.js,476,application/javascript,6e8a195bd02f72d60a26860cfff110a4c7aadc95eb6e7a897ad0266c8e1d8506
https://iclass.tku.edu.tw/static/34423.0c56d42b.js,200,raw/iclass.tku.edu.tw/static/34423.0c56d42b.js,28736,application/javascript,76e4dd417157a455275868b86a644273ace6947e10465fe1521680e82bbf0463
https://iclass.tku.edu.tw/static/34493.159b4d7b.js,200,raw/iclass.tku.edu.tw/static/34493.159b4d7b.js,94355,application/javascript,1c8f3754092757e073d3c0ee7f9293cfaf9e4128d2efc0478ff024d5083dd5f4
https://iclass.tku.edu.tw/static/34671-8488398e.chunk.css,200,raw/iclass.tku.edu.tw/static/34671-8488398e.chunk.css,29430,text/css,d5e6b90f9634d77165f6083730b54453e3d1e24cbc52d42b519497d1dc48d2cd
https://iclass.tku.edu.tw/static/34671.617c3475.js,200,raw/iclass.tku.edu.tw/static/34671.617c3475.js,71086,application/javascript,15e6f9f7d7c8a4a5a900c06b6c2a54c7a82636e6b851c4dd450ce7add00b1c7c
https://iclass.tku.edu.tw/static/34673.1196ba35.js,200,raw/iclass.tku.edu.tw/static/34673.1196ba35.js,17920,application/javascript,980d88590d5f4be4c1a2ae30693a8f8c7dfbe31ae4a25649a74756185e519953
https://iclass.tku.edu.tw/static/34691.e56ece8d.js,200,raw/iclass.tku.edu.tw/static/34691.e56ece8d.js,46472,application/javascript,5786bbcbc7f1facc9553e104273e93c868b068f8121cbd0ff7d9b9ab10269ac9
https://iclass.tku.edu.tw/static/34908-683cb506.js,200,raw/iclass.tku.edu.tw/static/34908-683cb506.js,26852,application/javascript,74423816744fa0c2595100b9062389031bc8e658f09cff5b8e48f575aca7e419
https://iclass.tku.edu.tw/static/34918-e9199d6f.chunk.css,200,raw/iclass.tku.edu.tw/static/34918-e9199d6f.chunk.css,2008,text/css,6033889bb69bd19ea6b05557b12979b2260c0dc5329affed332c81e3d46e0859
https://iclass.tku.edu.tw/static/34918.2e4498f0.js,200,raw/iclass.tku.edu.tw/static/34918.2e4498f0.js,11645,application/javascript,19e50d4ada42a310ac3096005dc3d0454b621ea7f2335f9d3281a945dd21aae2
https://iclass.tku.edu.tw/static/34964-234863b4.chunk.css,200,raw/iclass.tku.edu.tw/static/34964-234863b4.chunk.css,2122,text/css,375639beb3b856390529c714a6a399d0e07382fb281931a43fcd582621ccfdad
https://iclass.tku.edu.tw/static/34964.401287a2.js,200,raw/iclass.tku.edu.tw/static/34964.401287a2.js,14127,application/javascript,6e7efeaeba4e81ce668e02b921c49b7a00c41d54f459758fe7183fa993743e7b
https://iclass.tku.edu.tw/static/3498-c76e4083.chunk.css,200,raw/iclass.tku.edu.tw/static/3498-c76e4083.chunk.css,66,text/css,b4f511aee4c95e1d33c5c02f4add4bd0da80b4fe11f26184ee21988e5f019a43
https://iclass.tku.edu.tw/static/3498.e1d7690c.js,200,raw/iclass.tku.edu.tw/static/3498.e1d7690c.js,45984,application/javascript,9b4570b89b4e297306b7bc32ef0a05fe5fb99770c611b56cfdafc412f738091f
https://iclass.tku.edu.tw/static/35045-d53c237b.chunk.css,200,raw/iclass.tku.edu.tw/static/35045-d53c237b.chunk.css,2782,text/css,496e21a7102d381291569dc9a1b7ddde3048391b409f4d0cf05d949029bec93e
https://iclass.tku.edu.tw/static/35045.42d7f4d9.js,200,raw/iclass.tku.edu.tw/static/35045.42d7f4d9.js,7677,application/javascript,c951d20e23d809385f4cbe2173f9194d0586fab8bc8a33ce24c5541c50cf02e9
https://iclass.tku.edu.tw/static/35205.e3e44ba5.js,200,raw/iclass.tku.edu.tw/static/35205.e3e44ba5.js,17084,application/javascript,da6d2b9dd02cfec8bf7f8959cfe37fb90be4db98062eb62435c8fbf6d0f4e2b0
https://iclass.tku.edu.tw/static/35455.ff8a7c72.js,200,raw/iclass.tku.edu.tw/static/35455.ff8a7c72.js,1828,application/javascript,dea15733e3f419c39fd78dfcedbe497fbba07196931915d0ac415dd567b5beb1
https://iclass.tku.edu.tw/static/35552-9cb6cec8.chunk.css,200,raw/iclass.tku.edu.tw/static/35552-9cb6cec8.chunk.css,3285,text/css,f03a91a2e4395a355a446b3645fd7152c48bdeba600fbf32ad84b56789c56c37
https://iclass.tku.edu.tw/static/35552.0ab94f1d.js,200,raw/iclass.tku.edu.tw/static/35552.0ab94f1d.js,77384,application/javascript,93d6eafa15f92fbbcdc3c3e0622ba39722d34605c9e009b7ca9c172161a12c83
https://iclass.tku.edu.tw/static/35636.d4d67afe.js,200,raw/iclass.tku.edu.tw/static/35636.d4d67afe.js,26243,application/javascript,e545451de74c506d7d568d723456ce464e133c34d138eed63f3f085ca1588801
https://iclass.tku.edu.tw/static/3564.4c451cda.js,200,raw/iclass.tku.edu.tw/static/3564.4c451cda.js,22201,application/javascript,df7af29eecef2bfe1a2e273100ca5e644f672ccd526056c0de48aa88d360ab8b
https://iclass.tku.edu.tw/static/35655.2969eda4.js,200,raw/iclass.tku.edu.tw/static/35655.2969eda4.js,2240,application/javascript,6669ea46feceb632989b01bafefae9a86e0d25b509feeb263d2f458479466c36
https://iclass.tku.edu.tw/static/35675.a6fc6285.js,200,raw/iclass.tku.edu.tw/static/35675.a6fc6285.js,15566,application/javascript,6d67dd1ec1ecbc0a51c02c029d9efddf54831b5b37f3839f57c9675de91f670b
https://iclass.tku.edu.tw/static/35684.22e582e5.js,200,raw/iclass.tku.edu.tw/static/35684.22e582e5.js,101117,application/javascript,d12eba957f73446fe70d7154b7610c47cb891f180c775cb29addafb97bba03f1
https://iclass.tku.edu.tw/static/35918-9f18f5e8.chunk.css,200,raw/iclass.tku.edu.tw/static/35918-9f18f5e8.chunk.css,11725,text/css,49bc438116bbfed599753149b5f1076354f87ae7af1de901cc1e4e71e213e1ca
https://iclass.tku.edu.tw/static/35918.b5c140f6.js,200,raw/iclass.tku.edu.tw/static/35918.b5c140f6.js,43943,application/javascript,06735a3a11b3a3f08d9dadba7813878bfb0cb7f198daeb89425f04e029d3511e
https://iclass.tku.edu.tw/static/35995-c29fcc41.js,200,raw/iclass.tku.edu.tw/static/35995-c29fcc41.js,39434,application/javascript,7204e1b2adf15f9b0193ef5e575084904b48bda61116e3df417dc8b54df4e652
https://iclass.tku.edu.tw/static/36105.3af57479.js,200,raw/iclass.tku.edu.tw/static/36105.3af57479.js,16165,application/javascript,eacfcaceb99e0ea3f3eaa872fd938ed1eef2fbf95236ce1bc020412d0cea2d89
https://iclass.tku.edu.tw/static/36162.22238ca1.js,200,raw/iclass.tku.edu.tw/static/36162.22238ca1.js,3224,application/javascript,b6bf0a416bc7fbc66db08d4b1b0abac7be3667508336d76fb7b556949c5c068b
https://iclass.tku.edu.tw/static/36692-44c98481.chunk.css,200,raw/iclass.tku.edu.tw/static/36692-44c98481.chunk.css,10069,text/css,389e53460caa455187c19fbcc84e5eea7fe2e4204a6d9d18d024b4a978093359
https://iclass.tku.edu.tw/static/36692.f7864f81.js,200,raw/iclass.tku.edu.tw/static/36692.f7864f81.js,3608,application/javascript,be3b67bae9c14feda10c75044d94e1ea4e218739896d17a2e391018e0536000e
https://iclass.tku.edu.tw/static/36813.2216cbed.js,200,raw/iclass.tku.edu.tw/static/36813.2216cbed.js,2344,application/javascript,599613b5822ba6005014fb351381fbaa76c6b63601fb5e3e23f98d47d22e5477
https://iclass.tku.edu.tw/static/36824.6e5701e1.js,200,raw/iclass.tku.edu.tw/static/36824.6e5701e1.js,7649,application/javascript,8a6aa4ced919cca48b3fcdc4aabab986dec425f580b67daed3c568f75ebe39d0
https://iclass.tku.edu.tw/static/36972-c76e4083.chunk.css,200,raw/iclass.tku.edu.tw/static/36972-c76e4083.chunk.css,66,text/css,b4f511aee4c95e1d33c5c02f4add4bd0da80b4fe11f26184ee21988e5f019a43
https://iclass.tku.edu.tw/static/36972.11466daf.js,200,raw/iclass.tku.edu.tw/static/36972.11466daf.js,46197,application/javascript,89e90c862955d035236cb40eb4cb72aa2bab063837a982a058b870b3899250b4
https://iclass.tku.edu.tw/static/37135.fcaaadd2.js,200,raw/iclass.tku.edu.tw/static/37135.fcaaadd2.js,2964,application/javascript,4454375cfa7032c9277bcbe193aa71e59710f26674d809da9c8ea3641280443a
https://iclass.tku.edu.tw/static/37192-9a63a566.chunk.css,200,raw/iclass.tku.edu.tw/static/37192-9a63a566.chunk.css,4708,text/css,42d42cf83ee345680a9edc4f89933aad9476458bde0c6c3d150b9f846b93917c
https://iclass.tku.edu.tw/static/37192.e1f81dae.js,200,raw/iclass.tku.edu.tw/static/37192.e1f81dae.js,30772,application/javascript,4ea1c8592e2bb643ef4064be4e542284279a66472cc427ac9c5fa895472a8077
https://iclass.tku.edu.tw/static/37275.2912d9c7.js,200,raw/iclass.tku.edu.tw/static/37275.2912d9c7.js,10504,application/javascript,cbb845d0878eb990743d372bbb49f5ecf65e0fda296c712ae38a4260099fae7e
https://iclass.tku.edu.tw/static/37291-b52e91d2.chunk.css,200,raw/iclass.tku.edu.tw/static/37291-b52e91d2.chunk.css,1575,text/css,cd1f14eaec972267217efadf7ccb1c276fd3483aca76543f0651fc74cf661616
https://iclass.tku.edu.tw/static/37291.dc77dff6.js,200,raw/iclass.tku.edu.tw/static/37291.dc77dff6.js,6196,application/javascript,45f9b24b4347af0e10361f056fe88b55446bd4b976a11ddc9e22bf5f8cb94d83
https://iclass.tku.edu.tw/static/37336-2f5a7ac2.chunk.css,200,raw/iclass.tku.edu.tw/static/37336-2f5a7ac2.chunk.css,30174,text/css,a5d600de70536bcdc3e878e0496d6f3254867f0e16dfce7b554d7062c3692c37
https://iclass.tku.edu.tw/static/37336.23c58234.js,200,raw/iclass.tku.edu.tw/static/37336.23c58234.js,119034,application/javascript,58088a567a0337a86813aa5073e902161b0a2fbda191001e5576926b9e8b416b
https://iclass.tku.edu.tw/static/3734.fcaf65a6.js,200,raw/iclass.tku.edu.tw/static/3734.fcaf65a6.js,109469,application/javascript,57ebe54af83b845e4896bc63f537c00321cfd118c6a386fb8458d8fc21914008
https://iclass.tku.edu.tw/static/3738-63068e80.js,200,raw/iclass.tku.edu.tw/static/3738-63068e80.js,30627,application/javascript,e3fde5341acbc2b65615f4eb6c4900739da114efe400adcdb34e6739b1381762
https://iclass.tku.edu.tw/static/37464-b0fb534c.js,200,raw/iclass.tku.edu.tw/static/37464-b0fb534c.js,72918,application/javascript,ac3f4c5c2fba5dbc02e233ed604801bae6ae7feea13699761b4fb87d8f23a62a
https://iclass.tku.edu.tw/static/37505.f34b09d1.js,200,raw/iclass.tku.edu.tw/static/37505.f34b09d1.js,122816,application/javascript,cc3a2f31699a600f0933d84920a06181b0d3588b233eb2b027b537d740bb7f52
https://iclass.tku.edu.tw/static/37519-03d899c1.js,200,raw/iclass.tku.edu.tw/static/37519-03d899c1.js,28273,application/javascript,338001fc48dc237bd587ea418e173e4f3baabbd689d3c2062c50e1b33fb7be1e
https://iclass.tku.edu.tw/static/37705.d942f4e7.js,200,raw/iclass.tku.edu.tw/static/37705.d942f4e7.js,1712,application/javascript,fd6bf29d5fcee128a03e26d9b743135e4a063cae4a07e6afa99e008828a8575c
https://iclass.tku.edu.tw/static/37873-2905b78d.chunk.css,200,raw/iclass.tku.edu.tw/static/37873-2905b78d.chunk.css,6156,text/css,e09fd14fe55db18f66ff87344661fde7289f7712b9e68f04ae83b5c20248707e
https://iclass.tku.edu.tw/static/37873.f1187b3e.js,200,raw/iclass.tku.edu.tw/static/37873.f1187b3e.js,16454,application/javascript,f7439d5146f727c640122b6da2dd3cf13a1a6c6d67998fe6078e56a37bb0a531
https://iclass.tku.edu.tw/static/37879.5d0a7ab6.js,200,raw/iclass.tku.edu.tw/static/37879.5d0a7ab6.js,5240,application/javascript,371d93d0f24db55155827e0bf6e5551e768aafddef3437cfe6f66be2f631bb8d
https://iclass.tku.edu.tw/static/37884-2a47e3e4.css,200,raw/iclass.tku.edu.tw/static/37884-2a47e3e4.css,663446,text/css,8b5353de3ae6eee542d4fc33cb80ad5e36aa1fc429da16e58d05cc7e9c7d64fa
https://iclass.tku.edu.tw/static/37942.e77db94b.js,200,raw/iclass.tku.edu.tw/static/37942.e77db94b.js,162607,application/javascript,4f1d00fd128697638174ac041e1b4807555ff2947ea975500c3fa5a04674cbb5
https://iclass.tku.edu.tw/static/37967-9e58a0c0.chunk.css,200,raw/iclass.tku.edu.tw/static/37967-9e58a0c0.chunk.css,1006,text/css,27ff7bcc9c554642dec0f81a6470eaf2b8bce90906fe89aa1416042caddbf0b5
https://iclass.tku.edu.tw/static/37967.9cc01d62.js,200,raw/iclass.tku.edu.tw/static/37967.9cc01d62.js,3628,application/javascript,f6a1a3df7a7bba96e89278ad3b3122d0fa21e3e44fc17084eec7672e36e201b2
https://iclass.tku.edu.tw/static/38151.d6392c70.js,200,raw/iclass.tku.edu.tw/static/38151.d6392c70.js,25913,application/javascript,60599e1e65845a604e6431efc73fbd9f3471014b5c9e23614aa67025ddadcc8c
https://iclass.tku.edu.tw/static/38189.4905d083.js,200,raw/iclass.tku.edu.tw/static/38189.4905d083.js,904,application/javascript,31db8f5ba8df28ce53aa56ba4e05043f06244db775490d3f87d1f29b03c67c7b
https://iclass.tku.edu.tw/static/38329.b5c33dfa.js,200,raw/iclass.tku.edu.tw/static/38329.b5c33dfa.js,57972,application/javascript,b3ded79dacf49d1893bf6ce7b009356e2dcab96a382173e82f0684d6ee368ee4
https://iclass.tku.edu.tw/static/38480-b611bdce.chunk.css,200,raw/iclass.tku.edu.tw/static/38480-b611bdce.chunk.css,109,text/css,c2008d24313ac411304bbe32fba51e3dd4712df5b3fa989eb1df713be19af0ee
https://iclass.tku.edu.tw/static/38480.defdcfac.js,200,raw/iclass.tku.edu.tw/static/38480.defdcfac.js,25705,application/javascript,1f7fd6372e6355ea2022b6467ef4886ff240838dd4f560c481294f2ce73454ed
https://iclass.tku.edu.tw/static/38849.f0738bfd.js,200,raw/iclass.tku.edu.tw/static/38849.f0738bfd.js,13733,application/javascript,992969d7899c2d7402edc201297b57ebf9c3942d6df447cc7b4dbbbe0ca18132
https://iclass.tku.edu.tw/static/38941.c87e76c7.js,200,raw/iclass.tku.edu.tw/static/38941.c87e76c7.js,2398,application/javascript,d180fb0bfb677b524246243ef9aa16d0471d76107e226b469fbb52fa4e21e18c
https://iclass.tku.edu.tw/static/39176-82f1062e.js,200,raw/iclass.tku.edu.tw/static/39176-82f1062e.js,195572,application/javascript,93a3a040c61838e986d944bd5ac0981a0413476bbedfbd146cc9760a2cd69aac
https://iclass.tku.edu.tw/static/39370-ff09ccaa.chunk.css,200,raw/iclass.tku.edu.tw/static/39370-ff09ccaa.chunk.css,3882,text/css,2000a1aa068b4bb76baaeda88ec4af55521ba6304fcd6477f262f72eddfd81c3
https://iclass.tku.edu.tw/static/39370.ef589feb.js,200,raw/iclass.tku.edu.tw/static/39370.ef589feb.js,8183,application/javascript,0226f10e1a3f124fc6247f239a3a1f99911ef1aa7191a7b26a5973578cbeb240
https://iclass.tku.edu.tw/static/39538-4ec91da4.chunk.css,200,raw/iclass.tku.edu.tw/static/39538-4ec91da4.chunk.css,18778,text/css,e2ad3063eb7b4db46e3756338109f96214fe6d0e24954c1793bcd3bb282d60c2
https://iclass.tku.edu.tw/static/39538.e12d5a24.js,200,raw/iclass.tku.edu.tw/static/39538.e12d5a24.js,48290,application/javascript,f672bd1f5354e34ee8260ddb4d5cfe223dc6a2cdf55670071c93c33e09c09945
https://iclass.tku.edu.tw/static/39621-e8f829e2.chunk.css,200,raw/iclass.tku.edu.tw/static/39621-e8f829e2.chunk.css,16956,text/css,4c314f71fa989b06bd70178adae8975b300ed7462c7ed7ee2fe8ede6e23c0757
https://iclass.tku.edu.tw/static/39621.74ac9825.js,200,raw/iclass.tku.edu.tw/static/39621.74ac9825.js,36145,application/javascript,68a1dfc5afd678e77aba59fc7fb6b072c2413169b05561470c44566b3ca74ec3
https://iclass.tku.edu.tw/static/3998-37a9d468.chunk.css,200,raw/iclass.tku.edu.tw/static/3998-37a9d468.chunk.css,7209,text/css,0e0e9ff31e6960dba0a2e4c8b16a9a6b3b7bfd66d8ad61e9423b241ea6e9c8db
https://iclass.tku.edu.tw/static/3998.fd6d67c1.js,200,raw/iclass.tku.edu.tw/static/3998.fd6d67c1.js,5731,application/javascript,387d19bec9e450408d9125046791840f3b4fee49ddd6acbf4da40b0c2e3bc166
https://iclass.tku.edu.tw/static/40002.f956d0b8.js,200,raw/iclass.tku.edu.tw/static/40002.f956d0b8.js,42849,application/javascript,b17025a193cb07254d7d8413b9999d4d072421f14b951eff93a4642f802b2469
https://iclass.tku.edu.tw/static/40173.0a285bf5.js,200,raw/iclass.tku.edu.tw/static/40173.0a285bf5.js,29057,application/javascript,ead604b7183a03bf7284581fc78c21b1517735cce97a55ca88252ae28c9aea99
https://iclass.tku.edu.tw/static/40204.c188cd0b.js,200,raw/iclass.tku.edu.tw/static/40204.c188cd0b.js,14263,application/javascript,662df823c15e3dc74f4847aacaba4fbb6ed62577966758182197f3577cf5272e
https://iclass.tku.edu.tw/static/40251-ba8c4104.chunk.css,200,raw/iclass.tku.edu.tw/static/40251-ba8c4104.chunk.css,7752,text/css,b8791e5ab64becf3301c4695b9c3cd983904a97548dd896c8c5a678f1479208c
https://iclass.tku.edu.tw/static/40251.aa7969d3.js,200,raw/iclass.tku.edu.tw/static/40251.aa7969d3.js,70266,application/javascript,5a3fe52011c416490fc71fbd94bcc4dd74959b9340ddec783769877ba44e853a
https://iclass.tku.edu.tw/static/40300.21daea91.js,200,raw/iclass.tku.edu.tw/static/40300.21daea91.js,63471,application/javascript,352c2cc99f5d8a53211b41bc40ce0c030403f82b36ec456660376ee891a7529d
https://iclass.tku.edu.tw/static/40365-62f8dd71.chunk.css,200,raw/iclass.tku.edu.tw/static/40365-62f8dd71.chunk.css,8269,text/css,301e0505ef6d882fca622eb5fc54c870312be90cc40bcd931699f678d45a4043
https://iclass.tku.edu.tw/static/40365.c0d27397.js,200,raw/iclass.tku.edu.tw/static/40365.c0d27397.js,9891,application/javascript,d24b571f6c9534cd67c6ea88371052d2477f5807dd05be035400bb90f504568d
https://iclass.tku.edu.tw/static/40496.cb62b1bd.js,200,raw/iclass.tku.edu.tw/static/40496.cb62b1bd.js,1124,application/javascript,a46fa4546e2540ceb015aa8bbadf343b78ab66bb1b88328bdfa55e94a35fd3e1
https://iclass.tku.edu.tw/static/4064-f4a8af25.chunk.css,200,raw/iclass.tku.edu.tw/static/4064-f4a8af25.chunk.css,3573,text/css,d8df310f70b836a7ad2e63494a07a989702cefc3d2a5c2f40b307551bb88e1c1
https://iclass.tku.edu.tw/static/4064.23477b84.js,200,raw/iclass.tku.edu.tw/static/4064.23477b84.js,15573,application/javascript,0a3ed7774bf3609c50e007665e5c437db467746a5628efa5d943d948e06875d4
https://iclass.tku.edu.tw/static/40661-c706bf0b.js,200,raw/iclass.tku.edu.tw/static/40661-c706bf0b.js,89927,application/javascript,4ceadc27a2809e370e89ca1a612fe66ad9ab8eb704b526ea15e5e0bd656998cf
https://iclass.tku.edu.tw/static/40822-c76e4083.chunk.css,200,raw/iclass.tku.edu.tw/static/40822-c76e4083.chunk.css,66,text/css,b4f511aee4c95e1d33c5c02f4add4bd0da80b4fe11f26184ee21988e5f019a43
https://iclass.tku.edu.tw/static/40822.6f1ce6bc.js,200,raw/iclass.tku.edu.tw/static/40822.6f1ce6bc.js,46944,application/javascript,57f6032c9b81185f9dad8b3a5adace0d5d11f23858c6010403560625e3094879
https://iclass.tku.edu.tw/static/40827-49d40f79.chunk.css,200,raw/iclass.tku.edu.tw/static/40827-49d40f79.chunk.css,4386,text/css,115d767f315ab0ff40c11f6bcc2a1958b23df2aa381f7163e245eb94ee9101e8
https://iclass.tku.edu.tw/static/40827.adb082b0.js,200,raw/iclass.tku.edu.tw/static/40827.adb082b0.js,27032,application/javascript,5082770e01a3975d286e193408ecb73f7ced896793aa6d848b6d755322674a4e
https://iclass.tku.edu.tw/static/41567.34eed4ea.js,200,raw/iclass.tku.edu.tw/static/41567.34eed4ea.js,39449,application/javascript,409de099f02b549ab03e97b7c0d6511b4b0f043b8e77db685f5038fcb0c18efa
https://iclass.tku.edu.tw/static/41568-e639f9bd.chunk.css,200,raw/iclass.tku.edu.tw/static/41568-e639f9bd.chunk.css,10922,text/css,49e09cd1f332911025437af8457196c17c75d5cc42dbf9c459ff72f4dcbcadae
https://iclass.tku.edu.tw/static/41568.e7858592.js,200,raw/iclass.tku.edu.tw/static/41568.e7858592.js,46560,application/javascript,c5c42c3b65e348cd1ad32ab576052fcc17665e7f88cd722ba7f8fa9f9a45bbe9
https://iclass.tku.edu.tw/static/41594.1a10db7f.js,200,raw/iclass.tku.edu.tw/static/41594.1a10db7f.js,23695,application/javascript,299348d6455c7349226bd247999b989a45dd5e94927cd32047c45e81352e814a
https://iclass.tku.edu.tw/static/4162.94ef477d.js,200,raw/iclass.tku.edu.tw/static/4162.94ef477d.js,127382,application/javascript,b7c8ecf220560e2ce76047d8f075e109c215f206b49ceead31848fde751d0ecf
https://iclass.tku.edu.tw/static/41962.10e90e4c.js,200,raw/iclass.tku.edu.tw/static/41962.10e90e4c.js,24735,application/javascript,395fbbba57121af7b9e9e2f9c39877ceff3fdcdaa13eca7a4d8c6b39714bf217
https://iclass.tku.edu.tw/static/42041.c3faf34c.js,200,raw/iclass.tku.edu.tw/static/42041.c3faf34c.js,19811,application/javascript,288e61e4c993b65f061bfab45f4aef272f42947f558966e8a6e41371a753ea5c
https://iclass.tku.edu.tw/static/42088.8de37de0.js,200,raw/iclass.tku.edu.tw/static/42088.8de37de0.js,2093,application/javascript,b34efd924d9162b6bf67b937d2de060dab308d7bfb25d95e0d498ec0fef2db31
https://iclass.tku.edu.tw/static/4216.4d23f2ad.js,200,raw/iclass.tku.edu.tw/static/4216.4d23f2ad.js,21677,application/javascript,c2583557d755aef4c2996c93450a23c6669c60c4eb737216f1c1e8df252d5e33
https://iclass.tku.edu.tw/static/42227.9531c22f.js,200,raw/iclass.tku.edu.tw/static/42227.9531c22f.js,75272,application/javascript,a12bfcc768b5877ab98bc46679508d47579b7c14966c0c2eb7b56c9766e93717
https://iclass.tku.edu.tw/static/42431.4a39f309.js,200,raw/iclass.tku.edu.tw/static/42431.4a39f309.js,173,application/javascript,dc0873a69600dd5f3a26ded0a6dee13a93e5cd25fb05d41b24ffe0312580efb5
https://iclass.tku.edu.tw/static/42535.1c3df5f8.js,200,raw/iclass.tku.edu.tw/static/42535.1c3df5f8.js,16209,application/javascript,a23c8de05a09d57c37cfd68850a81130b1a155752924d45b6a020eb57d8ce34a
https://iclass.tku.edu.tw/static/42585-26de1557.chunk.css,200,raw/iclass.tku.edu.tw/static/42585-26de1557.chunk.css,20613,text/css,182e4880ddb6f041ba01cf960b15f2e1c1b0e482ec7acf900d05c1a8fe813c7b
https://iclass.tku.edu.tw/static/42585.6adea1ab.js,200,raw/iclass.tku.edu.tw/static/42585.6adea1ab.js,110606,application/javascript,a458205289808fd9982f8249f7b7ae88c3cf400372d899c674c6c4f55af0bb28
https://iclass.tku.edu.tw/static/42714-7b76587c.chunk.css,200,raw/iclass.tku.edu.tw/static/42714-7b76587c.chunk.css,9548,text/css,c1c127123025a688ece81598255c1857037d9a00858c9b25628d1d33cc9bbd68
https://iclass.tku.edu.tw/static/42714.7b4e697d.js,200,raw/iclass.tku.edu.tw/static/42714.7b4e697d.js,33650,application/javascript,78ace0fd80a5b980449967f7deab55d3364c78d24bc435bb177738f6f114971e
https://iclass.tku.edu.tw/static/42748.fd2e7477.js,200,raw/iclass.tku.edu.tw/static/42748.fd2e7477.js,1916,application/javascript,91ecc3b326fc284e1ea7b7f8408d4fdff293c2777719134a8f4e369cfadc5d08
https://iclass.tku.edu.tw/static/42753.47feb217.js,200,raw/iclass.tku.edu.tw/static/42753.47feb217.js,304677,application/javascript,da51fb78ade6b7f006ee93b64246e33cd5c400f6e0709cde6e85edd93a48ca42
https://iclass.tku.edu.tw/static/42789-f3817b0b.js,200,raw/iclass.tku.edu.tw/static/42789-f3817b0b.js,153810,application/javascript,1fa9e404642d58dd7e41a6a03a4dc6dae1d166a030d32b962becf8119ac20796
https://iclass.tku.edu.tw/static/42858.70ea2f3a.js,200,raw/iclass.tku.edu.tw/static/42858.70ea2f3a.js,64196,application/javascript,39edd2e583a6c4c4aacf93c26ef77f54a0a72a9ded90f6cd4c115f8faf641f7f
https://iclass.tku.edu.tw/static/42929-b8174e31.chunk.css,200,raw/iclass.tku.edu.tw/static/42929-b8174e31.chunk.css,2125,text/css,62a2172f1a7685615467bc6566bef0ac06996a38f7b4c1ac66acab21f933e460
https://iclass.tku.edu.tw/static/42929.d8d41bb3.js,200,raw/iclass.tku.edu.tw/static/42929.d8d41bb3.js,12166,application/javascript,e9cfd521ebe1c40189af6e44915bcaf8605697dfe2d205fca86f0e5353293955
https://iclass.tku.edu.tw/static/42962-a2c070d7.js,200,raw/iclass.tku.edu.tw/static/42962-a2c070d7.js,23812,application/javascript,f5e0555022a05d25844550200257c21bf9df7ec7b4ba5b2348ba1fa73c1f3dea
https://iclass.tku.edu.tw/static/43087.29e56a91.js,200,raw/iclass.tku.edu.tw/static/43087.29e56a91.js,501,application/javascript,9cbd7f6bf4435ebaae4f0a1b8a330e77132da6cdf8b2a03da30791fdaabadb82
https://iclass.tku.edu.tw/static/43107.3fe4db7f.js,200,raw/iclass.tku.edu.tw/static/43107.3fe4db7f.js,1872,application/javascript,76116f8cc3bbe10fa0296a709a46020b498aacc7c84c2b40eba1cc85a50e6a98
https://iclass.tku.edu.tw/static/43161.4bd4e9a7.js,200,raw/iclass.tku.edu.tw/static/43161.4bd4e9a7.js,78798,application/javascript,f253a0f3aab780c47976b85a4b4b9dfeed3b0927391c5aa2d4bfead3fcb05d32
https://iclass.tku.edu.tw/static/432-55bea773.js,200,raw/iclass.tku.edu.tw/static/432-55bea773.js,70293,application/javascript,7cf18ab11b1845577ab76723c52b0b668fb172c6061ca0729631f755a2139dc6
https://iclass.tku.edu.tw/static/43474-976cb470.chunk.css,200,raw/iclass.tku.edu.tw/static/43474-976cb470.chunk.css,7384,text/css,a21f33e65e8dfbda05d19742ffc107d00dd4e54f62fb7c0809ee46e604dac11f
https://iclass.tku.edu.tw/static/43474.eaf27b65.js,200,raw/iclass.tku.edu.tw/static/43474.eaf27b65.js,5255,application/javascript,638fdfc7da5b748e5cf83c82c0925b7f17ac9aea0b3395bcbddb0ef4eab914bc
https://iclass.tku.edu.tw/static/43812-e1337cd5.js,200,raw/iclass.tku.edu.tw/static/43812-e1337cd5.js,90146,application/javascript,5eeb99e40f65299af68bb0b91b8a114efbb0c9360d8e6965a3564388fe8f9a77
https://iclass.tku.edu.tw/static/43823-bfba4179.js,200,raw/iclass.tku.edu.tw/static/43823-bfba4179.js,21126,application/javascript,3fd7029f6c8524d437d5ec9e8ff990fb78c451f712cd465bd129e7f9784027ff
https://iclass.tku.edu.tw/static/4396.5f753c9d.js,200,raw/iclass.tku.edu.tw/static/4396.5f753c9d.js,21723,application/javascript,8b93c8bc54b07f44a58762586ba46c367c2755327cdd9751717ed61ae533a642
https://iclass.tku.edu.tw/static/4408.799f2f84.js,200,raw/iclass.tku.edu.tw/static/4408.799f2f84.js,1067,application/javascript,3581fa5ac1f6fa33d212936a17a89f7e7af1508d04f2fc04b5ea997bc84befda
https://iclass.tku.edu.tw/static/44093-6007d9dd.chunk.css,200,raw/iclass.tku.edu.tw/static/44093-6007d9dd.chunk.css,19478,text/css,9942077739abc2bd6a3774d10892ac8c1bf428591339b85c3704181e665e9ed6
https://iclass.tku.edu.tw/static/44093.0493c04d.js,200,raw/iclass.tku.edu.tw/static/44093.0493c04d.js,30586,application/javascript,6acf0eb0d7a5269110be844766dc6e402ecf60ab37f327bb666f2a558ab9adab
https://iclass.tku.edu.tw/static/4413-b3416b81.chunk.css,200,raw/iclass.tku.edu.tw/static/4413-b3416b81.chunk.css,10492,text/css,c051f2a93282186efbcf4b5579c4dcfa1a6e8908ee55eb6f52db4ed33c6f0de6
https://iclass.tku.edu.tw/static/4413.48fd5df4.js,200,raw/iclass.tku.edu.tw/static/4413.48fd5df4.js,27368,application/javascript,325203e78c58355d7cb151cbc334da8b21bcd90a6927b1a4eafad4271276da33
https://iclass.tku.edu.tw/static/44184-695366db.chunk.css,200,raw/iclass.tku.edu.tw/static/44184-695366db.chunk.css,4382,text/css,22c7831fb11a56ab7df47b81d3582a850e38a29e5da23c5b7a57f75e2b9d3bec
https://iclass.tku.edu.tw/static/44184.dca4024a.js,200,raw/iclass.tku.edu.tw/static/44184.dca4024a.js,10098,application/javascript,89b6714337b77dddebb7b9ebbfd4532a4afff6707307a91751ff685748743c71
https://iclass.tku.edu.tw/static/44296.a19be59d.js,200,raw/iclass.tku.edu.tw/static/44296.a19be59d.js,1851,application/javascript,05c242a93622023fc651d49d177af0d5d0a8dbb4c7a5a20502795dcf0308dc37
https://iclass.tku.edu.tw/static/44346-e0cc4445.chunk.css,200,raw/iclass.tku.edu.tw/static/44346-e0cc4445.chunk.css,40781,text/css,b8598867798bf6c8c65215e91b5ba673823db810389b88e917c974e5f7202cd4
https://iclass.tku.edu.tw/static/44346.49fc4248.js,200,raw/iclass.tku.edu.tw/static/44346.49fc4248.js,198862,application/javascript,4fc20558306d2d6d7ad40916483f186f828654a4ec163d4f3f272effbbfa5132
https://iclass.tku.edu.tw/static/44388.62ba1a0b.js,200,raw/iclass.tku.edu.tw/static/44388.62ba1a0b.js,11316,application/javascript,51de80c078d7e5a42bad515224398e5845f155024be4c7742817d71392caf890
https://iclass.tku.edu.tw/static/44404-25a60c5d.chunk.css,200,raw/iclass.tku.edu.tw/static/44404-25a60c5d.chunk.css,7368,text/css,2d2269fa38930de03b69691a32388aebf131f17d46f33d29cf221fcdef86924d
https://iclass.tku.edu.tw/static/44404.b4467c25.js,200,raw/iclass.tku.edu.tw/static/44404.b4467c25.js,35344,application/javascript,4297fcf2afbb7e5d9c234c4752415191654473c8236e417b8e9d879937589ede
https://iclass.tku.edu.tw/static/44437.a7791db6.js,200,raw/iclass.tku.edu.tw/static/44437.a7791db6.js,19668,application/javascript,f791d73b1866f60baf028c5b0ef1f87477dfbaa6bf6e6154e32138e3eb80d6f6
https://iclass.tku.edu.tw/static/44443-2e0d4f74.chunk.css,200,raw/iclass.tku.edu.tw/static/44443-2e0d4f74.chunk.css,261,text/css,ca90c90f87d598c3383a4f409526a6ea53732487bbd68885697160ff74da0683
https://iclass.tku.edu.tw/static/44443.e6f5eb69.js,200,raw/iclass.tku.edu.tw/static/44443.e6f5eb69.js,510,application/javascript,bb3d1f43b6472f280976b198bcd55f2229f52d28bdb01f2290c5f4efc01b3fb2
https://iclass.tku.edu.tw/static/44449-627731f2.chunk.css,200,raw/iclass.tku.edu.tw/static/44449-627731f2.chunk.css,51,text/css,070d38dbc60fe4e57fecddab227760c25d4638c7a2b11ed815fee57a2d76efee
https://iclass.tku.edu.tw/static/44449.71f5c8bd.js,200,raw/iclass.tku.edu.tw/static/44449.71f5c8bd.js,2318,application/javascript,0e88aab4643ba553d989577acde53123236051ad506d0ace763fbad74da20a6d
https://iclass.tku.edu.tw/static/44617.0bd4d631.js,200,raw/iclass.tku.edu.tw/static/44617.0bd4d631.js,1746,application/javascript,aad9667d04e3f4a8120a3d577b3adc56f7a9857126f26a0100f27ad3e942af05
https://iclass.tku.edu.tw/static/44703.39c3b675.js,200,raw/iclass.tku.edu.tw/static/44703.39c3b675.js,62950,application/javascript,8b2d447a70940f326345c985f3aac875c3921e9188224bb5112b6f0403e24fc4
https://iclass.tku.edu.tw/static/4485.bc892e89.js,200,raw/iclass.tku.edu.tw/static/4485.bc892e89.js,53644,application/javascript,4a196352ba8f515b2b475fc55e207e961a34fe5de0be13460f76b6757029ce6f
https://iclass.tku.edu.tw/static/44893.980c030a.js,200,raw/iclass.tku.edu.tw/static/44893.980c030a.js,58573,application/javascript,62fef84f620766d030285af1f90896c9f1925c256f63142848cd814a0778c695
https://iclass.tku.edu.tw/static/4495.92a6bcab.js,200,raw/iclass.tku.edu.tw/static/4495.92a6bcab.js,11098,application/javascript,1561069e23c1cbdbf519365e4898b119a8c583dfff4bb5551f620de69f5a4df2
https://iclass.tku.edu.tw/static/44961-3262ec85.js,200,raw/iclass.tku.edu.tw/static/44961-3262ec85.js,77817,application/javascript,56813430a8dd180621a45a992b5bb122ba6bb66085abf2ffd1cdd00248470902
https://iclass.tku.edu.tw/static/44975-c76e4083.chunk.css,200,raw/iclass.tku.edu.tw/static/44975-c76e4083.chunk.css,66,text/css,b4f511aee4c95e1d33c5c02f4add4bd0da80b4fe11f26184ee21988e5f019a43
https://iclass.tku.edu.tw/static/44975.db8b7330.js,200,raw/iclass.tku.edu.tw/static/44975.db8b7330.js,45409,application/javascript,ffc1ea30da733fc27e190fd7c42d05f23d1f7152ef1329d8d140036a3213ed5f
https://iclass.tku.edu.tw/static/45109-b9de6e0e.chunk.css,200,raw/iclass.tku.edu.tw/static/45109-b9de6e0e.chunk.css,5742,text/css,7108c03e3e52c9e7877c313c5a79889aaf682439f64f8c56eb200f8d17e08bd7
https://iclass.tku.edu.tw/static/45109.5f739864.js,200,raw/iclass.tku.edu.tw/static/45109.5f739864.js,7714,application/javascript,1ec79403dc30bbac0c4122c3dcebc4de25d854f47c3d919d1be8c8f516269b16
https://iclass.tku.edu.tw/static/45286-95a81a23.js,200,raw/iclass.tku.edu.tw/static/45286-95a81a23.js,170977,application/javascript,36b89c85a3031c283a910b0754d5ad8f07a468d105b1190aee86801fecb78548
https://iclass.tku.edu.tw/static/45567-894f4440.chunk.css,200,raw/iclass.tku.edu.tw/static/45567-894f4440.chunk.css,25285,text/css,66bdc7d6185779545b5e229b37662144ece4734bc22a035fc65e8650f5f4ddba
https://iclass.tku.edu.tw/static/45567.7b39eaa5.js,200,raw/iclass.tku.edu.tw/static/45567.7b39eaa5.js,37193,application/javascript,e6759b4f38f5416092ad1686318a945ca855387bce4eae7a8553fef803717cdb
https://iclass.tku.edu.tw/static/45605.d7e10a35.js,200,raw/iclass.tku.edu.tw/static/45605.d7e10a35.js,77314,application/javascript,092fd0a07679d063ab6ceef37b52603781ef25604a1640307749a8221d89ad55
https://iclass.tku.edu.tw/static/45683.ce64f0f8.js,200,raw/iclass.tku.edu.tw/static/45683.ce64f0f8.js,63733,application/javascript,b5d0c3073332c32da1a8536345c404b10857b8b970383091fb17a69c57b3c237
https://iclass.tku.edu.tw/static/45699-eddae570.chunk.css,200,raw/iclass.tku.edu.tw/static/45699-eddae570.chunk.css,4000,text/css,53fd7c9da84c5ed422d9f065ea389e58fe466a2998e6d61d126f8dde2609b9ed
https://iclass.tku.edu.tw/static/45699.0e1f997c.js,200,raw/iclass.tku.edu.tw/static/45699.0e1f997c.js,12963,application/javascript,73908b8b7669a6e46cf08b4f116d707ef2028d5814bf857e515b81781fd17d9d
https://iclass.tku.edu.tw/static/46056-f975a1b2.js,200,raw/iclass.tku.edu.tw/static/46056-f975a1b2.js,26956,application/javascript,953fdf4a6bffa4fbfdd41d109afadffc108fd9785d96f29884267b27878ea8df
https://iclass.tku.edu.tw/static/46745-fc83bb20.chunk.css,200,raw/iclass.tku.edu.tw/static/46745-fc83bb20.chunk.css,20442,text/css,488c8538b250911e2e1a5630213a82135fe09b0b674f8955ee3dee06df8834b4
https://iclass.tku.edu.tw/static/46745.7e1df7ef.js,200,raw/iclass.tku.edu.tw/static/46745.7e1df7ef.js,43273,application/javascript,863c4087440e6568240cd1da65a038c7ecb357b26e849c8e50a189522d15edf5
https://iclass.tku.edu.tw/static/46780-7b98e7c2.chunk.css,200,raw/iclass.tku.edu.tw/static/46780-7b98e7c2.chunk.css,4178,text/css,ed792b8e9523394a037cc51256bcb6ee670837ec8ff5952f64a7bb6b88aa623f
https://iclass.tku.edu.tw/static/46780.0afa78f3.js,200,raw/iclass.tku.edu.tw/static/46780.0afa78f3.js,12910,application/javascript,4420c86146464789b16952d64a38cfeb51dec9af5ebd7d2d8824dac2b4f05fb6
https://iclass.tku.edu.tw/static/46865.870c4965.js,200,raw/iclass.tku.edu.tw/static/46865.870c4965.js,52900,application/javascript,7473dabc800d698bcd7dc241a1ea3738801ba05219dba53ab7ea25b2ff992b73
https://iclass.tku.edu.tw/static/4706.a4501a25.js,200,raw/iclass.tku.edu.tw/static/4706.a4501a25.js,43348,application/javascript,bcdc8f8a8edf80b9740f73311defd379e62163629b3aebfae2f189e06d9188fe
https://iclass.tku.edu.tw/static/47219.985432f4.js,200,raw/iclass.tku.edu.tw/static/47219.985432f4.js,23699,application/javascript,38bdcfe47019b48f0d666a8f7d3f306fe671a5eff3759532b36807fb8e802315
https://iclass.tku.edu.tw/static/47303-8514fba9.chunk.css,200,raw/iclass.tku.edu.tw/static/47303-8514fba9.chunk.css,10550,text/css,9ce9c33280957c656e7de01d2563ab29fbe4e9ceb38b07b80a188dbb66a19d94
https://iclass.tku.edu.tw/static/4742-61f31323.chunk.css,200,raw/iclass.tku.edu.tw/static/4742-61f31323.chunk.css,966,text/css,2b710779c2120f08719a2ad0333edf151bd52b3e60ee111eee53386a903dd6ec
https://iclass.tku.edu.tw/static/4742.b8a8d253.js,200,raw/iclass.tku.edu.tw/static/4742.b8a8d253.js,7165,application/javascript,f1c06bfa5f869311a3a379fd80b6baa36b709ec6985df2dc4be5777afa0208e3
https://iclass.tku.edu.tw/static/47485-34a61aef.js,200,raw/iclass.tku.edu.tw/static/47485-34a61aef.js,52439,application/javascript,c41ea06b993206aa4d08c82ffa4a09abd9d6cbccf2ace4911aada70ba9fee39d
https://iclass.tku.edu.tw/static/47578-3880a424.chunk.css,200,raw/iclass.tku.edu.tw/static/47578-3880a424.chunk.css,26775,text/css,504d8be85e13cbc94ec491dbd06c9c16bc3befa9dd811b625c5e3d85a2d5e811
https://iclass.tku.edu.tw/static/47578.6f793523.js,200,raw/iclass.tku.edu.tw/static/47578.6f793523.js,91,application/javascript,eef8a0c8f4b3ef779992b01f83e78c61b851acd05942335eb7afcc43bb28bd0c
https://iclass.tku.edu.tw/static/47582-21ad14e3.js,200,raw/iclass.tku.edu.tw/static/47582-21ad14e3.js,53447,application/javascript,3bf302d0845b5b964c3fe457a1e917191ba95f11b88827a7064dac09cd4f70ab
https://iclass.tku.edu.tw/static/47611.f7ebbf78.js,200,raw/iclass.tku.edu.tw/static/47611.f7ebbf78.js,134637,application/javascript,fd08b197565dee379857a96dfcf91f3efe1886a16fc002969c6adffd38e3ebbd
https://iclass.tku.edu.tw/static/47678.6fd39676.js,200,raw/iclass.tku.edu.tw/static/47678.6fd39676.js,173,application/javascript,3ba8cf3f22375fac0a78e7520c7bacae328dfe106937467fc904a1e296374dd8
https://iclass.tku.edu.tw/static/47695-948c96b0.chunk.css,200,raw/iclass.tku.edu.tw/static/47695-948c96b0.chunk.css,7060,text/css,3a1ff542576df68c3900fce63fca70ec58cb229439575fc48c0b069e2400483b
https://iclass.tku.edu.tw/static/47695.1d992af3.js,200,raw/iclass.tku.edu.tw/static/47695.1d992af3.js,23062,application/javascript,7807663922b044d6de35bc4ea885233546ba1e050a3eff52b58923330ee72cf6
https://iclass.tku.edu.tw/static/47959-8670e637.js,200,raw/iclass.tku.edu.tw/static/47959-8670e637.js,95033,application/javascript,8f362776f86a7ea28f10e434c4213cd399e2ef1410fa365326133f872dabb043
https://iclass.tku.edu.tw/static/48423-963338af.chunk.css,200,raw/iclass.tku.edu.tw/static/48423-963338af.chunk.css,338,text/css,f2ab5d64bf0eabfe8fdca2ce1a258ed234ea17e223144890e26974c25e1f90af
https://iclass.tku.edu.tw/static/48423.d255ae31.js,200,raw/iclass.tku.edu.tw/static/48423.d255ae31.js,2082,application/javascript,601c2d7c0f62b65a17f9cc423f509eb7656ad1f984c794dc4405a8cf09c996ae
https://iclass.tku.edu.tw/static/48444-931748e3.js,200,raw/iclass.tku.edu.tw/static/48444-931748e3.js,23637,application/javascript,df6297937b0c908e06d447b872388838d0e791605c54e5a756786714b6ddefa7
https://iclass.tku.edu.tw/static/48446-82e08a76.chunk.css,200,raw/iclass.tku.edu.tw/static/48446-82e08a76.chunk.css,9184,text/css,3fc9e2980790217bbb72c5b7dbe20cf9ace03f81e6b4910a76035ad8a1d958db
https://iclass.tku.edu.tw/static/48446.adcff68e.js,200,raw/iclass.tku.edu.tw/static/48446.adcff68e.js,32525,application/javascript,a9423931d9210ecb23f7fc14e5c261b0b7fd98c5261572e3aae14282a5d348fe
https://iclass.tku.edu.tw/static/48458.79f85e9e.js,200,raw/iclass.tku.edu.tw/static/48458.79f85e9e.js,84814,application/javascript,a1705365fc42f5c6221afbc87f69ea30be04c7ddbc372e6f11e8300b3d6fc7b2
https://iclass.tku.edu.tw/static/48471.89184ab3.js,200,raw/iclass.tku.edu.tw/static/48471.89184ab3.js,10082,application/javascript,9d3408a6fa8f152e3f03fa050210919651f3baeb6d0092b848c6b0c270eb7c9f
https://iclass.tku.edu.tw/static/48597.fe53365b.js,200,raw/iclass.tku.edu.tw/static/48597.fe53365b.js,2905,application/javascript,95227a8086e6b2feceb33b0e6baa298e9b58b7d92288b7d6e74e67e1fdc74de6
https://iclass.tku.edu.tw/static/48938-ac64b718.js,200,raw/iclass.tku.edu.tw/static/48938-ac64b718.js,48584,application/javascript,c474f6fb9f76894a8a0a861aa4498bb114e09935928c2ead7d0cb725ecefdc72
https://iclass.tku.edu.tw/static/48941.0b4428ed.js,200,raw/iclass.tku.edu.tw/static/48941.0b4428ed.js,19142,application/javascript,72406a1ed0dc9a120556c4ce9ee9681428d631bb169a6448ed320b326714d903
https://iclass.tku.edu.tw/static/48987.b8a8e04f.js,200,raw/iclass.tku.edu.tw/static/48987.b8a8e04f.js,23818,application/javascript,cf82261948f76d5e5097e5c527d4483a530893d44e595413c853f57876c2ba24
https://iclass.tku.edu.tw/static/4899-f746e58c.chunk.css,200,raw/iclass.tku.edu.tw/static/4899-f746e58c.chunk.css,9429,text/css,b93b74c417e7d8dedc1eae7a851684dc2e1f43bbfd1d1dece8a38d34972871c9
https://iclass.tku.edu.tw/static/4899.ac95a13b.js,200,raw/iclass.tku.edu.tw/static/4899.ac95a13b.js,20344,application/javascript,dcb4c05577958d7ea5af5be98fe760ecde4e65f6c1d29a7f9f6ffa1cbf3c679c
https://iclass.tku.edu.tw/static/49009.a1deb8c2.js,200,raw/iclass.tku.edu.tw/static/49009.a1deb8c2.js,26520,application/javascript,8b010e3097c4d69c17b68eafad6babbed80cf6ba3648e39a880ab8bea6a90864
https://iclass.tku.edu.tw/static/4909.e8262a56.js,200,raw/iclass.tku.edu.tw/static/4909.e8262a56.js,521,application/javascript,863b92b9365148982566251ac2bc2529b8b0081cd8e5ecd5729404167343d1bb
https://iclass.tku.edu.tw/static/49111.059def0d.js,200,raw/iclass.tku.edu.tw/static/49111.059def0d.js,2876,application/javascript,723e857ea4166d0fe6bf7fc88f0a9c61d4aa83a8dbb5b037c5e85c71231cf12c
https://iclass.tku.edu.tw/static/49116-0857b3d5.chunk.css,200,raw/iclass.tku.edu.tw/static/49116-0857b3d5.chunk.css,9184,text/css,9d4be8d5afa5d276950840bc9376430a86df3c4a9d0b55770612456f58ec19c8
https://iclass.tku.edu.tw/static/49116.4e33c3c8.js,200,raw/iclass.tku.edu.tw/static/49116.4e33c3c8.js,23464,application/javascript,64ac8b98e9fd44559b3b74d688259d7e321748e8ca38022caf2494ef2887a9be
https://iclass.tku.edu.tw/static/49123-8cda630f.js,200,raw/iclass.tku.edu.tw/static/49123-8cda630f.js,62591,application/javascript,cc1d23f8117c5940eafcf729f783ea4d19e57d391938fefd66297cbc10dc4164
https://iclass.tku.edu.tw/static/49134-3837f4ce.chunk.css,200,raw/iclass.tku.edu.tw/static/49134-3837f4ce.chunk.css,986,text/css,d1882b5b413229007b0f7169f215476cb595641160e5fd34330a3a96d8782f44
https://iclass.tku.edu.tw/static/49134.96862b43.js,200,raw/iclass.tku.edu.tw/static/49134.96862b43.js,1701,application/javascript,3ed1757b08dd2b48c8e91598d7730d53cf7b61269aff8053f085fa13f86ecee1
https://iclass.tku.edu.tw/static/49294-fc45138a.chunk.css,200,raw/iclass.tku.edu.tw/static/49294-fc45138a.chunk.css,83771,text/css,89cd73f2754a7aa128da17d9bd599d27e710555fbd3fdba0e39571b19c318237
https://iclass.tku.edu.tw/static/49294.ac62934d.js,200,raw/iclass.tku.edu.tw/static/49294.ac62934d.js,293169,application/javascript,46f5e2b2b6f758b46a2a5deb7ca6b5b14db2fd93d293325f19ea8d39f2aa99e9
https://iclass.tku.edu.tw/static/4942-43c6a074.js,200,raw/iclass.tku.edu.tw/static/4942-43c6a074.js,233517,application/javascript,39faec2296fa8fbb94445ad8817c90c534d766e7817db4cec3038185c9014bef
https://iclass.tku.edu.tw/static/49420.e71d3279.js,200,raw/iclass.tku.edu.tw/static/49420.e71d3279.js,32641,application/javascript,a7079201a33e65edadf02c3565cef242e59ac2077b7e810d6508aaf5381966fc
https://iclass.tku.edu.tw/static/49430-fc436d96.chunk.css,200,raw/iclass.tku.edu.tw/static/49430-fc436d96.chunk.css,8900,text/css,5f49777a3401afe49c2251d7937d00655dda16b9eb0dbe4267a21884f7728ff9
https://iclass.tku.edu.tw/static/49430.5dab1d92.js,200,raw/iclass.tku.edu.tw/static/49430.5dab1d92.js,32329,application/javascript,32a39acfcdca0e7483f09c3b1c662de528659693c390de4af8f4f64d5dc73963
https://iclass.tku.edu.tw/static/49510-505c6ec3.chunk.css,200,raw/iclass.tku.edu.tw/static/49510-505c6ec3.chunk.css,12320,text/css,23eaa0131b5367e91f9e6164febfa30a941b2be6ef696a6859682f7d2d400a75
https://iclass.tku.edu.tw/static/49510.22e934a8.js,200,raw/iclass.tku.edu.tw/static/49510.22e934a8.js,14330,application/javascript,bcfdd80b1793baa22c700099d0ac712e744cca8b36aa26d81a158bf44cd075c7
https://iclass.tku.edu.tw/static/49592.6548848f.js,200,raw/iclass.tku.edu.tw/static/49592.6548848f.js,101385,application/javascript,dc16cf2e944a5c1c5ccf6937c0fd1ee548fd5fd5024f24f12d9e58987af02149
https://iclass.tku.edu.tw/static/49666.78967a94.js,200,raw/iclass.tku.edu.tw/static/49666.78967a94.js,1665,application/javascript,8c45aafcda4b1f0f77a71ae9121b9e1cb081efde06121cae9f0543ed16e99a67
https://iclass.tku.edu.tw/static/50446.7594af6d.js,200,raw/iclass.tku.edu.tw/static/50446.7594af6d.js,84759,application/javascript,bb94861cdaec4c9935b796f20b94177158cff875d3c8af7dc0d630a9b83b6bc9
https://iclass.tku.edu.tw/static/50486.160a93e5.js,200,raw/iclass.tku.edu.tw/static/50486.160a93e5.js,21715,application/javascript,83f4019849bfbb9a978455693ba0b1321fb4588ed883327674534eb9907ca292
https://iclass.tku.edu.tw/static/50559-dde9bd1a.chunk.css,200,raw/iclass.tku.edu.tw/static/50559-dde9bd1a.chunk.css,12540,text/css,b7413bcecdcc6315a55ae6f8865711685f37a151bd14678dbe0f76529655fac0
https://iclass.tku.edu.tw/static/50559.4ceaee03.js,200,raw/iclass.tku.edu.tw/static/50559.4ceaee03.js,138745,application/javascript,02953fdf0761cc4fba9f6b79829893a976965b13bd15d9fcbd1216930e21c2da
https://iclass.tku.edu.tw/static/50600.2a8f1b1f.js,200,raw/iclass.tku.edu.tw/static/50600.2a8f1b1f.js,4274,application/javascript,f2c84be664aa4cb0a4926ac0585e7f4a5cee48dae27c9d974295154c005b4348
https://iclass.tku.edu.tw/static/50625-0c27f6fd.js,200,raw/iclass.tku.edu.tw/static/50625-0c27f6fd.js,71579,application/javascript,8d9e4bcb86b9c28fdac4f50d519c0c8072a835c2c5c206b476feb70e20284c35
https://iclass.tku.edu.tw/static/50644.637f2f6f.js,200,raw/iclass.tku.edu.tw/static/50644.637f2f6f.js,65946,application/javascript,a65b806e8163facff2b18334a4724504e868aae0df738c80c492fd00bb4906ce
https://iclass.tku.edu.tw/static/50674-0e23c731.chunk.css,200,raw/iclass.tku.edu.tw/static/50674-0e23c731.chunk.css,15182,text/css,b246941648e04a7b48da5d36bed02fff542ee6c4bc9f25f727c84df245385aa6
https://iclass.tku.edu.tw/static/50674.577c5280.js,200,raw/iclass.tku.edu.tw/static/50674.577c5280.js,18272,application/javascript,883b561b1accbb5390386ea7a9c84b328f6669420221c1a4630f5128c86eb31f
https://iclass.tku.edu.tw/static/50759.dc49b428.js,200,raw/iclass.tku.edu.tw/static/50759.dc49b428.js,82141,application/javascript,3e3644a4acb8dca621357046e6de682b72cd61c1ba62bc42d066f951aebbdc69
https://iclass.tku.edu.tw/static/50963-02eb8433.chunk.css,200,raw/iclass.tku.edu.tw/static/50963-02eb8433.chunk.css,17437,text/css,66c3bafc7fb5a5dcaf93d21c832c4b8243668621db09e5b3a366df2137c7600c
https://iclass.tku.edu.tw/static/50963.a878d256.js,200,raw/iclass.tku.edu.tw/static/50963.a878d256.js,11606,application/javascript,4f87a3807c4b785cd252e7f3d6d1bd7e78684078141ee39d53e92e05599eeb94
https://iclass.tku.edu.tw/static/51217.afd18812.js,200,raw/iclass.tku.edu.tw/static/51217.afd18812.js,165556,application/javascript,d26090a3e7576700f88431d6d61911ed0b16da05926e32b0296dad91ed768614
https://iclass.tku.edu.tw/static/51223.6186db26.js,200,raw/iclass.tku.edu.tw/static/51223.6186db26.js,1865,application/javascript,4132806a1f4dcafb1d1ef9b43838e09fdbfa2fc43702006cff20f9ed2408d590
https://iclass.tku.edu.tw/static/51412.4dc52355.js,200,raw/iclass.tku.edu.tw/static/51412.4dc52355.js,19130,application/javascript,90a5f3336bd9dc722576b94409a710f09752cba211ac0fdcb020b7689f3104e0
https://iclass.tku.edu.tw/static/51533.32779be1.js,200,raw/iclass.tku.edu.tw/static/51533.32779be1.js,3642,application/javascript,6e6e36f6e5ecc8f8e4b70904db2ad69e005c78a4b0c079eb7247b6d00bdf181c
https://iclass.tku.edu.tw/static/51607-31ac8894.chunk.css,200,raw/iclass.tku.edu.tw/static/51607-31ac8894.chunk.css,3479,text/css,6804db9ecc82d0dfcbcba4a923c276918e83556a2d057a13c3ed062bd1ac2fe5
https://iclass.tku.edu.tw/static/51607.82034101.js,200,raw/iclass.tku.edu.tw/static/51607.82034101.js,5625,application/javascript,6c316559985b63e62f79092b3277631d612f00eee9fe1b7478278112f6de8340
https://iclass.tku.edu.tw/static/51708.7caf5b94.js,200,raw/iclass.tku.edu.tw/static/51708.7caf5b94.js,24867,application/javascript,03ac3992fb1e3f821c59eabc0c81a7321340f2ea6fa9b83d46fb183bee08854a
https://iclass.tku.edu.tw/static/51713.3931dcf9.js,200,raw/iclass.tku.edu.tw/static/51713.3931dcf9.js,11235,application/javascript,ca3ea802e06389e74b898e87d79164f7c7f0d95bbfb540df61052b654e981ed8
https://iclass.tku.edu.tw/static/52003.a789feda.js,200,raw/iclass.tku.edu.tw/static/52003.a789feda.js,61403,application/javascript,953062cdf3d121e0ce85ea7075332509642ae5bc173e6dad0eb0f16737e2b3a9
https://iclass.tku.edu.tw/static/52032.4098b658.js,200,raw/iclass.tku.edu.tw/static/52032.4098b658.js,12213,application/javascript,bd8d5f3fce93fe08a3028cc1228bba3e6216887d25c9bd9dc1fee4a246e4beb2
https://iclass.tku.edu.tw/static/52042.ed0e59eb.js,200,raw/iclass.tku.edu.tw/static/52042.ed0e59eb.js,55414,application/javascript,119efe4277f4c77bb93520e2de4cc6e63d1d0e6d6854875f217fdb3283d06c0f
https://iclass.tku.edu.tw/static/52089.8e7a116e.js,200,raw/iclass.tku.edu.tw/static/52089.8e7a116e.js,137912,application/javascript,e4e2cfeb924c46e87417ef13339efff9eee7bcdf51f7aca3e9b55a7f2bbf7c35
https://iclass.tku.edu.tw/static/5247.66a7f918.js,200,raw/iclass.tku.edu.tw/static/5247.66a7f918.js,2258,application/javascript,8336ee1f60961133936f42d924a750adc9efbb2f22fd64d54f07435efdd2de74
https://iclass.tku.edu.tw/static/52497.cd3c0177.js,200,raw/iclass.tku.edu.tw/static/52497.cd3c0177.js,3286,application/javascript,880d58cddccaa6d0f8b08e7e0736c8ab46d26003483b0c286ec345503922a050
https://iclass.tku.edu.tw/static/52580-5ab45eee.chunk.css,200,raw/iclass.tku.edu.tw/static/52580-5ab45eee.chunk.css,51,text/css,77587743dae0ffc1d989a9ff49adb590daf1e7a0c768ef23b409b0f99a4efdd2
https://iclass.tku.edu.tw/static/52580.bfff837c.js,200,raw/iclass.tku.edu.tw/static/52580.bfff837c.js,7218,application/javascript,b291b691faabd1b70a08150f43e9f8d89a19a67ee296058f8334cd6eafe5e5f4
https://iclass.tku.edu.tw/static/52655.be43f9ac.js,200,raw/iclass.tku.edu.tw/static/52655.be43f9ac.js,1730,application/javascript,cdc9d6fe83c9d13d80f51dc637696523af6fd1efb4b23d56348127139e7705cf
https://iclass.tku.edu.tw/static/52751.70ce00c5.js,200,raw/iclass.tku.edu.tw/static/52751.70ce00c5.js,16786,application/javascript,ca70975b40d9eaf1e1f04d298b353a37e59d9623773564561f8a7e3d3b7a097d
https://iclass.tku.edu.tw/static/52978-69793388.chunk.css,200,raw/iclass.tku.edu.tw/static/52978-69793388.chunk.css,28738,text/css,7eb8dfb96672dc838960602e59820c6ce152fa89fabc9d1a101b979a5961fa3c
https://iclass.tku.edu.tw/static/52978.5ad543d3.js,200,raw/iclass.tku.edu.tw/static/52978.5ad543d3.js,168347,application/javascript,342492742cefebc5ccb282c69a3bc92ca2484b23a4cbcde041588bad42fcfc48
https://iclass.tku.edu.tw/static/53.c0cbc657.js,200,raw/iclass.tku.edu.tw/static/53.c0cbc657.js,109861,application/javascript,79e1a78a62e1d477a95aa7b920e0b092c8207039cebc41da5b35233f98cadd1c
https://iclass.tku.edu.tw/static/53105.25c1a9ff.js,200,raw/iclass.tku.edu.tw/static/53105.25c1a9ff.js,70156,application/javascript,11b5aaa3d31375c84ea1224b287ba88190c30c855c0162f24651c656560ca5bf
https://iclass.tku.edu.tw/static/53118.9e442bef.js,200,raw/iclass.tku.edu.tw/static/53118.9e442bef.js,9507,application/javascript,b113bdbb6681a7e0a06d6ebc54d744480ced1d3ba7a3f528f2882ddd571e4c4d
https://iclass.tku.edu.tw/static/53193.a73c57fa.js,200,raw/iclass.tku.edu.tw/static/53193.a73c57fa.js,130,application/javascript,443b16ac8909c92a0ad81ef3819585156a389db101472362da83bcdad61e2198
https://iclass.tku.edu.tw/static/5324-3afdb00e.chunk.css,200,raw/iclass.tku.edu.tw/static/5324-3afdb00e.chunk.css,3635,text/css,0af9cab8cca63b3c3730ca6424ee3ba49f12a7889ba5eb1d337b03a1363d64ec
https://iclass.tku.edu.tw/static/5324.24c49169.js,200,raw/iclass.tku.edu.tw/static/5324.24c49169.js,78806,application/javascript,5fe6f4de3df4a8c74e7b1e38daf694142f3bcfe456d8560065ab9d8626e366b8
https://iclass.tku.edu.tw/static/53352.f9681ec0.js,200,raw/iclass.tku.edu.tw/static/53352.f9681ec0.js,30337,application/javascript,f064c9acb69c2375a0a5f03be192dc8c534f2ae79f3bf237fe50b3176b050b46
https://iclass.tku.edu.tw/static/53360-2302b21d.chunk.css,200,raw/iclass.tku.edu.tw/static/53360-2302b21d.chunk.css,1412,text/css,3fb77264f62c36ea3e910dce323627c799b3de151a90b47cba28ce8eab91d70d
https://iclass.tku.edu.tw/static/53360.a5618221.js,200,raw/iclass.tku.edu.tw/static/53360.a5618221.js,7697,application/javascript,64d7648e60abce056d3e09ae7add97ac7c9df06ae7fb8394a2101451933804df
https://iclass.tku.edu.tw/static/53501-8dcadc31.chunk.css,200,raw/iclass.tku.edu.tw/static/53501-8dcadc31.chunk.css,8720,text/css,15d02405e24989a65a24a5b3adbed41de64c0d810f1c973c78c46688450d56ab
https://iclass.tku.edu.tw/static/53501.754a9c4f.js,200,raw/iclass.tku.edu.tw/static/53501.754a9c4f.js,31005,application/javascript,47cab15b9283b8af4edce9a182979117a9e7d03b3903d91f782934d19845c0bd
https://iclass.tku.edu.tw/static/53701.f59fbfcc.js,200,raw/iclass.tku.edu.tw/static/53701.f59fbfcc.js,167388,application/javascript,a56601ed0c40a8d1d9d71fdc9f2cb0158998cf94946fa400c3ae40064ba6270d
https://iclass.tku.edu.tw/static/53726.ad1e1769.js,200,raw/iclass.tku.edu.tw/static/53726.ad1e1769.js,19615,application/javascript,4f24055db037dcba11ed583388c5d5f104aaa8f443d1a940dfe66228e29bef0a
https://iclass.tku.edu.tw/static/53728-589401f8.chunk.css,200,raw/iclass.tku.edu.tw/static/53728-589401f8.chunk.css,31157,text/css,f94ac1ffb20ffe39c7ff0d51fd17254bb5811e7df214fec02f6ccc4955ab48a1
https://iclass.tku.edu.tw/static/53728.9ede78a6.js,200,raw/iclass.tku.edu.tw/static/53728.9ede78a6.js,71243,application/javascript,e5d27066fdb7f9d424617526ca11a95db78296b547d1a129c8fd39158b804424
https://iclass.tku.edu.tw/static/53744.b15db598.js,200,raw/iclass.tku.edu.tw/static/53744.b15db598.js,2984,application/javascript,73b52b5184b1cae17e7fb9aafcf6320b66dc23e26cd74e7706b2518260664088
https://iclass.tku.edu.tw/static/53787.eb778bc6.js,200,raw/iclass.tku.edu.tw/static/53787.eb778bc6.js,5558,application/javascript,5021a82f03bb9dc69a7bb376233a419cd6cd74ed1b2a7003f27e26c913f1a8bb
https://iclass.tku.edu.tw/static/5380.198de5fe.js,200,raw/iclass.tku.edu.tw/static/5380.198de5fe.js,2740,application/javascript,903084e3efe21411e4b8928e1184dfcf6ec0f41238c01a95d3b0ab84a1c0a278
https://iclass.tku.edu.tw/static/54032.7674116c.js,200,raw/iclass.tku.edu.tw/static/54032.7674116c.js,2677,application/javascript,184e4c35a1853758116428908d8387cab2d953b66c3fd21cef5215e7ee823b79
https://iclass.tku.edu.tw/static/54501.8d428f86.js,200,raw/iclass.tku.edu.tw/static/54501.8d428f86.js,43497,application/javascript,2645e5131c428d23586baa5dcc3ff99477c3beb91b4e7d3fb4530014e848f1c5
https://iclass.tku.edu.tw/static/5473-f11e852f.chunk.css,200,raw/iclass.tku.edu.tw/static/5473-f11e852f.chunk.css,1200,text/css,9e31ec1ab2a09a1759f3eb0f4a021dad7b7104502b12fd22017961aef50b4ca6
https://iclass.tku.edu.tw/static/5473.3b539b48.js,200,raw/iclass.tku.edu.tw/static/5473.3b539b48.js,13138,application/javascript,96600533d1ebd2746fb204b43faf1bca47a8613c56e381d6de5816bfed21a9bc
https://iclass.tku.edu.tw/static/54941-d596ad0b.chunk.css,200,raw/iclass.tku.edu.tw/static/54941-d596ad0b.chunk.css,27942,text/css,de3edad5db8d025e4335e81a4b1854e365557970eb61671b7fbeae26eb6d83bd
https://iclass.tku.edu.tw/static/54941.87cf006d.js,200,raw/iclass.tku.edu.tw/static/54941.87cf006d.js,78937,application/javascript,e4b03b83c065b7b03231cbfaee68e4309d0603fa97ad7765490b9a88979693a1
https://iclass.tku.edu.tw/static/54964-f42ad8f2.js,200,raw/iclass.tku.edu.tw/static/54964-f42ad8f2.js,43313,application/javascript,17d663bdc243071249ae852c24b93c6644af059020c19e2c3d39432ad5808142
https://iclass.tku.edu.tw/static/54989-20b6b615.js,200,raw/iclass.tku.edu.tw/static/54989-20b6b615.js,520,application/javascript,274734abb3b1225496745158ae16949e8e3a7339da5a7387cdf4522da2d32398
https://iclass.tku.edu.tw/static/55054-c6f7d5e3.js,200,raw/iclass.tku.edu.tw/static/55054-c6f7d5e3.js,4366529,application/javascript,c18a89446c189255de2f2e77afcbfa90260b550a447a5670b3bcfd77352f9772
https://iclass.tku.edu.tw/static/55224.939853c3.js,200,raw/iclass.tku.edu.tw/static/55224.939853c3.js,7505,application/javascript,f6d1449dd3344f50c88c9c0f251dad9bd235da2594cc71c564bdf3ef81a80870
https://iclass.tku.edu.tw/static/55269-55b3198d.chunk.css,200,raw/iclass.tku.edu.tw/static/55269-55b3198d.chunk.css,2967,text/css,05b05110b81a0286713c683d4513c27846ffec16376f48364cfd30a0270d7da8
https://iclass.tku.edu.tw/static/55269.751db329.js,200,raw/iclass.tku.edu.tw/static/55269.751db329.js,13961,application/javascript,a34223f0b46a409aaa09402fa827bea98e07546fec1d550d23231bcb41100447
https://iclass.tku.edu.tw/static/55430.e7db0da9.js,200,raw/iclass.tku.edu.tw/static/55430.e7db0da9.js,452,application/javascript,d093f6d1de5b1072b8ad4efdb461ad7953f2b3f038addbfa796a662140e8ab10
https://iclass.tku.edu.tw/static/5552.a05f048d.js,200,raw/iclass.tku.edu.tw/static/5552.a05f048d.js,20609,application/javascript,6efe539e09d05e16a4b64df3c2cd9e3b97326039a65f266a3454b98097c2b24f
https://iclass.tku.edu.tw/static/55789-71944412.js,200,raw/iclass.tku.edu.tw/static/55789-71944412.js,37847,application/javascript,d314de627993a8e384d4e221c7181d2ed321597deb0bb5dc273c5e2798cba28a
https://iclass.tku.edu.tw/static/5587.35565f0b.js,200,raw/iclass.tku.edu.tw/static/5587.35565f0b.js,63257,application/javascript,6497bd4ca7d87c7a9bc5244c49dc3079c84f5190983ba8b036477765a62dd209
https://iclass.tku.edu.tw/static/55883.0348e351.js,200,raw/iclass.tku.edu.tw/static/55883.0348e351.js,13291,application/javascript,f29ada89795d3e4992cb874bd624e7272bae812fbefc395cacd53c9f943aacad
https://iclass.tku.edu.tw/static/5593.57c96709.js,200,raw/iclass.tku.edu.tw/static/5593.57c96709.js,38251,application/javascript,4cf1384c762030c55ce7720feccc1c98edb1fc508c8002efc6f017bc0aa6d4a7
https://iclass.tku.edu.tw/static/56029-a5e838cb.js,200,raw/iclass.tku.edu.tw/static/56029-a5e838cb.js,185096,application/javascript,37bafc79c18dab3b41830a33a05cb308b0fd4605d0433dc7412a7662b017a094
https://iclass.tku.edu.tw/static/56097.6e052f70.js,200,raw/iclass.tku.edu.tw/static/56097.6e052f70.js,3071,application/javascript,dc332e4e60f40659d90f31bec509fce627b181486d8309fde5cc521c591cc384
https://iclass.tku.edu.tw/static/56238-e6d14d32.chunk.css,200,raw/iclass.tku.edu.tw/static/56238-e6d14d32.chunk.css,217,text/css,aad1ee4da91870621f3a7525a63a57748b84152f6fdd9dc3b22ca1542d3ce5b2
https://iclass.tku.edu.tw/static/56238.f31939a7.js,200,raw/iclass.tku.edu.tw/static/56238.f31939a7.js,7386,application/javascript,52ce5d9f9bb40c9b931fa86d90e9eb9edcff4b17f3eeac5d5f4ad754d3b4bdc3
https://iclass.tku.edu.tw/static/5625-d963ac4f.chunk.css,200,raw/iclass.tku.edu.tw/static/5625-d963ac4f.chunk.css,4489,text/css,0fdf2c44d2c918e5218e6019192370c29d1d4d86e6129e6cb410ad413e3935ae
https://iclass.tku.edu.tw/static/5625.8062f156.js,200,raw/iclass.tku.edu.tw/static/5625.8062f156.js,34427,application/javascript,b012cf7e8c9db81f1de33964d3ab89bc6f79aa7183ef95fb1f1f72aa029de7eb
https://iclass.tku.edu.tw/static/56342.a7791db6.js,200,raw/iclass.tku.edu.tw/static/56342.a7791db6.js,19668,application/javascript,f791d73b1866f60baf028c5b0ef1f87477dfbaa6bf6e6154e32138e3eb80d6f6
https://iclass.tku.edu.tw/static/56473.b200a1ad.js,200,raw/iclass.tku.edu.tw/static/56473.b200a1ad.js,19917,application/javascript,16a41b68668c308ca784afcec8cfb9c2f17c23dd60428b797110e8d9a0c40802
https://iclass.tku.edu.tw/static/56586-ee6d4aaf.chunk.css,200,raw/iclass.tku.edu.tw/static/56586-ee6d4aaf.chunk.css,8978,text/css,77dc473851fb4823e136cc42b86685ca309ce354f8eab8eafbdec84946cd7b64
https://iclass.tku.edu.tw/static/56586.a238b339.js,200,raw/iclass.tku.edu.tw/static/56586.a238b339.js,22752,application/javascript,88df911cfd4a53cfedd84439e823262f661eb128410d86dbdb25a52c1e873e34
https://iclass.tku.edu.tw/static/56662-98922b29.js,200,raw/iclass.tku.edu.tw/static/56662-98922b29.js,33366,application/javascript,a57976f30bd4080d65dc4dba7d4fbb5170b47ed9a58c78e9053e12e5dcba3c60
https://iclass.tku.edu.tw/static/5667-301ee21f.js,200,raw/iclass.tku.edu.tw/static/5667-301ee21f.js,30208,application/javascript,6869e9b795c489cc228cdae0dd3d2a778b5328759405a2939b1f933a8146902f
https://iclass.tku.edu.tw/static/56690.f382cd2d.js,200,raw/iclass.tku.edu.tw/static/56690.f382cd2d.js,3963,application/javascript,3aee0777075b1811c04a513da18185288db97c957e6214bcaa16bb37557d1ecf
https://iclass.tku.edu.tw/static/56713.b99c62e5.js,200,raw/iclass.tku.edu.tw/static/56713.b99c62e5.js,12523,application/javascript,2a9afcf38beb2ada0ab8dde67c848f315da3f58f569607bea6179126ec48ef1a
https://iclass.tku.edu.tw/static/56748-1ed951f8.js,200,raw/iclass.tku.edu.tw/static/56748-1ed951f8.js,31180,application/javascript,edde67020facb70c68756cabf98d4dfaae0059d30bc8dae8c0c9d1f2ae2c1459
https://iclass.tku.edu.tw/static/56821.10ffdb15.js,200,raw/iclass.tku.edu.tw/static/56821.10ffdb15.js,5308,application/javascript,f83a71e6aa02003793c9d3ce3a2dbbb76e408cb9ec48a1cede3163f6c9715f28
https://iclass.tku.edu.tw/static/56834-44a72033.js,200,raw/iclass.tku.edu.tw/static/56834-44a72033.js,122904,application/javascript,bb2f22c19a8dabd06a8cfebd1123be88cb51750d6d1721ae7a1665bfb4ca23a1
https://iclass.tku.edu.tw/static/56846.da5b0c86.js,200,raw/iclass.tku.edu.tw/static/56846.da5b0c86.js,6378,application/javascript,4ea89512f0688a0d5434c8fa252797869594b1d3045cb689789e8b4a221cd9f9
https://iclass.tku.edu.tw/static/56863.f4fc13e3.js,200,raw/iclass.tku.edu.tw/static/56863.f4fc13e3.js,102925,application/javascript,adcd89c2ca7bba49b95b2aeff773c22bb5b4c1250aecea46feeafa92855c576d
https://iclass.tku.edu.tw/static/56964-1b41e91f.js,200,raw/iclass.tku.edu.tw/static/56964-1b41e91f.js,360673,application/javascript,5cdca5c2a2f9b440903b1bd3cbd4026620bde63810293d866fabe8d0baa72e2d
https://iclass.tku.edu.tw/static/56998.6f4a56d4.js,200,raw/iclass.tku.edu.tw/static/56998.6f4a56d4.js,34122,application/javascript,63944b3315c7c70f9e2077d67689bed22349b768b4716529b53e922c590c3ff4
https://iclass.tku.edu.tw/static/57006.98dfde3c.js,200,raw/iclass.tku.edu.tw/static/57006.98dfde3c.js,28741,application/javascript,dbaaf531f0a276b53e29fdf144ee946b9126b3c3cb800a4baaf7819f32657813
https://iclass.tku.edu.tw/static/57105.8d4f2c6b.js,200,raw/iclass.tku.edu.tw/static/57105.8d4f2c6b.js,2564,application/javascript,3c6b1bf81cbb866f9d355d575cf6b391eccc5ba2f0cd03cf3c492dacc3cf2690
https://iclass.tku.edu.tw/static/57113.5df0efb5.js,200,raw/iclass.tku.edu.tw/static/57113.5df0efb5.js,74619,application/javascript,69bbc61a7d177be04a4dc9dfd76a04a35b66c6a3ef46f8385e669a033770728e
https://iclass.tku.edu.tw/static/57123.05c32fa9.js,200,raw/iclass.tku.edu.tw/static/57123.05c32fa9.js,405,application/javascript,409b1b51e9ee26bac5da864e55a6a87b40ddc8bb81bfdba4f9c1cfaa3661ec13
https://iclass.tku.edu.tw/static/57143.4e035d36.js,200,raw/iclass.tku.edu.tw/static/57143.4e035d36.js,37632,application/javascript,6eb14796a6fab368a4ec3336d67f0c1c044b8f07a5302934f41c7ed3bcdffe5c
https://iclass.tku.edu.tw/static/5727-bec18a03.chunk.css,200,raw/iclass.tku.edu.tw/static/5727-bec18a03.chunk.css,30246,text/css,2dfde9466caa623e1c1e8c75691e3c323a6abdd81153a397b3c7eb01470178a3
https://iclass.tku.edu.tw/static/5727.a2683609.js,200,raw/iclass.tku.edu.tw/static/5727.a2683609.js,74283,application/javascript,37fb2f6faa6185bf3d9dc2fb51fa6a271944ac6c04c8cf8ce0d3f5db97e64e3b
https://iclass.tku.edu.tw/static/57492-7f0270f4.chunk.css,200,raw/iclass.tku.edu.tw/static/57492-7f0270f4.chunk.css,3014,text/css,e4d65b2cc88b0f52c486e623c691e0530602c8f80642e2fa1046466c178cfa0c
https://iclass.tku.edu.tw/static/57492.99dce2e4.js,200,raw/iclass.tku.edu.tw/static/57492.99dce2e4.js,31146,application/javascript,590c4a7fe02970b515772eb80c95545c9a3eeab4ba7e50100352536d92e685ed
https://iclass.tku.edu.tw/static/577-fe65fcbb.chunk.css,200,raw/iclass.tku.edu.tw/static/577-fe65fcbb.chunk.css,3980,text/css,6a873ec50ae2553a2a136ddae6637b0aae7e986588013c583e096f25d3fc534f
https://iclass.tku.edu.tw/static/577.79664bc6.js,200,raw/iclass.tku.edu.tw/static/577.79664bc6.js,50410,application/javascript,e11ffa18708ef4aa475dce0427ae2e5c1db312e4239eb2bc6f4f80da50d782e5
https://iclass.tku.edu.tw/static/57717.10d6c03a.js,200,raw/iclass.tku.edu.tw/static/57717.10d6c03a.js,1577,application/javascript,d0579a4effc1cfa512e1f0634e65001416727d398b191496b0778675bc5ce579
https://iclass.tku.edu.tw/static/57883.42b1c386.js,200,raw/iclass.tku.edu.tw/static/57883.42b1c386.js,71912,application/javascript,55f89330e1b8d7a4d1de162a101d5ab3983da8662f6762c2580f067a03c19c26
https://iclass.tku.edu.tw/static/58058.a105ea5a.js,200,raw/iclass.tku.edu.tw/static/58058.a105ea5a.js,443,application/javascript,35422ec5d225799663bdf4ae5c289c9fe67b396b89a655a53567d6741f8aeffe
https://iclass.tku.edu.tw/static/58273-c528e370.chunk.css,200,raw/iclass.tku.edu.tw/static/58273-c528e370.chunk.css,51248,text/css,7426cc22c19333a85f4c8ac3acf894f01c068eecfef50382c07bbd1d8ce0a7b5
https://iclass.tku.edu.tw/static/58273.0c6eb6f2.js,200,raw/iclass.tku.edu.tw/static/58273.0c6eb6f2.js,99366,application/javascript,fd0ee238ed9563bc5f1cc8e132432cd0061d3dfb6d0149d095f9e32bde8daa8c
https://iclass.tku.edu.tw/static/58305.075ff37e.js,200,raw/iclass.tku.edu.tw/static/58305.075ff37e.js,1741,application/javascript,233730f8a59feac6df2148896682246209d0eb358692ae34520e086d89972b2e
https://iclass.tku.edu.tw/static/58315-efee6077.chunk.css,200,raw/iclass.tku.edu.tw/static/58315-efee6077.chunk.css,14668,text/css,7c22aebe5e689c3c467ec7e8e584c08368acfce4bca814ca77aec8230b3b9782
https://iclass.tku.edu.tw/static/58315.5206b873.js,200,raw/iclass.tku.edu.tw/static/58315.5206b873.js,25428,application/javascript,07b9bdb79f5336f6b702119aea6ed75c13b71cc3d6ccb5c9309e97740b4021e3
https://iclass.tku.edu.tw/static/58354.7f76f53b.js,200,raw/iclass.tku.edu.tw/static/58354.7f76f53b.js,310621,application/javascript,bfa7c64074868fddd1f4e75186626f5913bc98769712315e8579bb6071b0d9df
https://iclass.tku.edu.tw/static/58605.e8c4b20e.js,200,raw/iclass.tku.edu.tw/static/58605.e8c4b20e.js,1076,application/javascript,5a6f37d0f8f37882a321d191596fa1dcaa932a56f56292d9f310ebba862ed836
https://iclass.tku.edu.tw/static/58675.04b6ab05.js,200,raw/iclass.tku.edu.tw/static/58675.04b6ab05.js,133138,application/javascript,bc848d6a17292353614d96a68118a3f1c81450a6cf50331b858da46be066a22b
https://iclass.tku.edu.tw/static/58679.3fba6252.js,200,raw/iclass.tku.edu.tw/static/58679.3fba6252.js,73232,application/javascript,41035b29cb2d70e37826c5e6e0eff1785d9dac403f99e0e45eaaf2ae1b51632a
https://iclass.tku.edu.tw/static/58684-e3e80b5d.chunk.css,200,raw/iclass.tku.edu.tw/static/58684-e3e80b5d.chunk.css,815,text/css,cae6786cf3b2a215b4efede84601ceb59d2575189a80402fc4834d2b96347213
https://iclass.tku.edu.tw/static/58684.3cdb0fac.js,200,raw/iclass.tku.edu.tw/static/58684.3cdb0fac.js,28691,application/javascript,1d524732ed58b4cad066e99c2f8bc1bf2a4da14d159c2d565ad0afaa3e163ec6
https://iclass.tku.edu.tw/static/58791-8786fc4a.chunk.css,200,raw/iclass.tku.edu.tw/static/58791-8786fc4a.chunk.css,7292,text/css,6b7dc391705d43baed50041e7326b95e2a93185bc98b47467d73532dc394354e
https://iclass.tku.edu.tw/static/58791.0d781150.js,200,raw/iclass.tku.edu.tw/static/58791.0d781150.js,80424,application/javascript,6bc15db49c6d533ef9bd0a34645266e34e52735c3f1ecab26a069d895683ccc4
https://iclass.tku.edu.tw/static/58960.1daf8fad.js,200,raw/iclass.tku.edu.tw/static/58960.1daf8fad.js,24002,application/javascript,54281c6be6971a3aff81738fe7a980456d82d0b694d183da2491c4337741bca6
https://iclass.tku.edu.tw/static/58977.171e1344.js,200,raw/iclass.tku.edu.tw/static/58977.171e1344.js,14066,application/javascript,a07f3c335a9b70595ef7c97808cf88a5a25fb5517e59d41bdfd9d8e6853106ac
https://iclass.tku.edu.tw/static/58983-dd9baae6.js,200,raw/iclass.tku.edu.tw/static/58983-dd9baae6.js,27401,application/javascript,f25a1d98607d57f34dae2ada583bb716eea83c74ed53ea676347f60b3e3abc2e
https://iclass.tku.edu.tw/static/58986.b8ea3e0e.js,200,raw/iclass.tku.edu.tw/static/58986.b8ea3e0e.js,1973,application/javascript,c29475a2485a1011edf78618456a922b8e2cc59dd7937c9bf0912e867baf506a
https://iclass.tku.edu.tw/static/59127-e4158134.chunk.css,200,raw/iclass.tku.edu.tw/static/59127-e4158134.chunk.css,2421,text/css,894f57de9679facb3129e386309eef097dd27a47cde754c50bc90ee103496a53
https://iclass.tku.edu.tw/static/59127.d25a97b1.js,200,raw/iclass.tku.edu.tw/static/59127.d25a97b1.js,4354,application/javascript,af9b27f65c11e22b6f08e8fe89e8630e58b2106e3167a4428322f20af134fd83
https://iclass.tku.edu.tw/static/59241-2c6c4de7.chunk.css,200,raw/iclass.tku.edu.tw/static/59241-2c6c4de7.chunk.css,2489,text/css,781d4751c9ba96dd49434c358d057e43e0d94ebbbeb424100da00aed1fce006f
https://iclass.tku.edu.tw/static/59241.4f8fae2d.js,200,raw/iclass.tku.edu.tw/static/59241.4f8fae2d.js,15574,application/javascript,aeb67e272ecb793b3a62713a2fc69fbb2686fd7fe260c90d6d83c8c0de987efe
https://iclass.tku.edu.tw/static/59246.8d60d936.js,200,raw/iclass.tku.edu.tw/static/59246.8d60d936.js,13091,application/javascript,11fafecad361fc4d5c7aef4095b28a0a6a75160063bad62fa0b032ec72cf686c
https://iclass.tku.edu.tw/static/59414.7893dd9b.js,200,raw/iclass.tku.edu.tw/static/59414.7893dd9b.js,6287,application/javascript,a1cf4f3291f4feb93b729ec971f47281a39eaee86b0108846808d247dcb99a34
https://iclass.tku.edu.tw/static/59576.7aadb53f.js,200,raw/iclass.tku.edu.tw/static/59576.7aadb53f.js,369118,application/javascript,77e5c31edde0b221256ed48b571c5960a9f4301062b0f85243626441716f78bb
https://iclass.tku.edu.tw/static/59611-4fe84569.chunk.css,200,raw/iclass.tku.edu.tw/static/59611-4fe84569.chunk.css,425,text/css,ded779e9776f5c22f0551084695e552462f3d62686e8c7464c3a375704bd0baa
https://iclass.tku.edu.tw/static/59611.26dbf0b9.js,200,raw/iclass.tku.edu.tw/static/59611.26dbf0b9.js,8756,application/javascript,aad01149069af1dc8a10a27530a635cbb9b20ac9c2a292d992dc294cd41d343b
https://iclass.tku.edu.tw/static/59661-d1719dd8.chunk.css,200,raw/iclass.tku.edu.tw/static/59661-d1719dd8.chunk.css,84,text/css,83b232d573fc9f689fed211d42b022490485f98982d5d3ec15baef40795b42d9
https://iclass.tku.edu.tw/static/59661.91f42efe.js,200,raw/iclass.tku.edu.tw/static/59661.91f42efe.js,354,application/javascript,6b3c9f3dbccf69bbcacff01107f9ee7f4b34b5f5a9798cea29844d4e31fe3a93
https://iclass.tku.edu.tw/static/59886.f34b09d1.js,200,raw/iclass.tku.edu.tw/static/59886.f34b09d1.js,122816,application/javascript,cc3a2f31699a600f0933d84920a06181b0d3588b233eb2b027b537d740bb7f52
https://iclass.tku.edu.tw/static/59925-af926177.js,200,raw/iclass.tku.edu.tw/static/59925-af926177.js,403033,application/javascript,7f326d1fc9ff49ff4c0d7e25d6a7e576363e9f1f037d2c8c68baec70a1f056e7
https://iclass.tku.edu.tw/static/59931.099d6bf9.js,200,raw/iclass.tku.edu.tw/static/59931.099d6bf9.js,28528,application/javascript,ae0004bdb26509f503d5e67e32cac756a92dc9fcaaa084f487a1d2dec8e39cf0
https://iclass.tku.edu.tw/static/59988-09b8540a.js,200,raw/iclass.tku.edu.tw/static/59988-09b8540a.js,48441,application/javascript,0c76c5843861ad9251e626308fa485912677687cf376226b0c584ddb170c3a24
https://iclass.tku.edu.tw/static/60004-96de9cbd.chunk.css,200,raw/iclass.tku.edu.tw/static/60004-96de9cbd.chunk.css,7369,text/css,30099e008b2b891d01d2927786c1f1088393a4eb86fa954055ef22d57e814304
https://iclass.tku.edu.tw/static/60004.6cb01d76.js,200,raw/iclass.tku.edu.tw/static/60004.6cb01d76.js,29011,application/javascript,55970130211ad5fa476e1a8cd720ec59dff73d99f16ac7c2febef72c0bd218a9
https://iclass.tku.edu.tw/static/60088.2732e1e3.js,200,raw/iclass.tku.edu.tw/static/60088.2732e1e3.js,1265,application/javascript,05c0b08e3028f988f9f75da5e58829b9ab98565d47e79a80df53bbd4aedde15b
https://iclass.tku.edu.tw/static/60532.d6392c70.js,200,raw/iclass.tku.edu.tw/static/60532.d6392c70.js,25913,application/javascript,60599e1e65845a604e6431efc73fbd9f3471014b5c9e23614aa67025ddadcc8c
https://iclass.tku.edu.tw/static/60648.4f93b3a9.js,200,raw/iclass.tku.edu.tw/static/60648.4f93b3a9.js,150157,application/javascript,77cd50f2e51fb9ff275eab8aaef71b157e8ee9be40def331f3ddb9451f4dc578
https://iclass.tku.edu.tw/static/6066.db556320.js,200,raw/iclass.tku.edu.tw/static/6066.db556320.js,2400,application/javascript,b8c5fcadcbdb5e604b6dc13ce8022f18e528b98f63030f05c12c71a6405c40d3
https://iclass.tku.edu.tw/static/60732-849ce1e5.chunk.css,200,raw/iclass.tku.edu.tw/static/60732-849ce1e5.chunk.css,25331,text/css,f709d371f975090bdf2dab9ba5938457f5ee95e7391c1bf95047f4ceefee263e
https://iclass.tku.edu.tw/static/60732.b5cf7bfd.js,200,raw/iclass.tku.edu.tw/static/60732.b5cf7bfd.js,31199,application/javascript,e40ce24a61e100ed2b36a96fb742ca8fca7a872f5c0ccfdf47494766be7811df
https://iclass.tku.edu.tw/static/60797-e6b2c218.chunk.css,200,raw/iclass.tku.edu.tw/static/60797-e6b2c218.chunk.css,5741,text/css,4e8e1f1feca517b1ef47b1370012ff19d765e82f24301eac41107b5938602282
https://iclass.tku.edu.tw/static/60797.036cfe1d.js,200,raw/iclass.tku.edu.tw/static/60797.036cfe1d.js,16052,application/javascript,508ec8a7c08f5f51deac184aaa92ca341c84e3fcd2e9f21ba6bfaf5cd52af008
https://iclass.tku.edu.tw/static/60808.eaed23a8.js,200,raw/iclass.tku.edu.tw/static/60808.eaed23a8.js,12157,application/javascript,a3eef8e9a1af64feef8e50d6124d3ed4706766c31cb58eb387bdba5773d054e5
https://iclass.tku.edu.tw/static/60859-2c42871a.js,200,raw/iclass.tku.edu.tw/static/60859-2c42871a.js,36906,application/javascript,f447afc043fec852d6131c3f216e271fe3dc1ed99d85e154b6b6d4b5d8e922e5
https://iclass.tku.edu.tw/static/61116.cffc9940.js,200,raw/iclass.tku.edu.tw/static/61116.cffc9940.js,18803,application/javascript,0a7b449051ec0646da4310f6258f2994ae3c0896d5bac54ee55e61eb101a39b5
https://iclass.tku.edu.tw/static/61141.8306379c.js,200,raw/iclass.tku.edu.tw/static/61141.8306379c.js,106236,application/javascript,539396aa293626e2f05714c186e6b1df30a1e355de2e64c0a1a939a8f472254e
https://iclass.tku.edu.tw/static/61268.45d99379.js,200,raw/iclass.tku.edu.tw/static/61268.45d99379.js,58819,application/javascript,16382f0d37b24d4fb460b4ceaba39b74ad0ab3340d6334f41bc4ba122d4ac1db
https://iclass.tku.edu.tw/static/61362-6401467b.chunk.css,200,raw/iclass.tku.edu.tw/static/61362-6401467b.chunk.css,18500,text/css,8d49236ef5773ebe6ae26d8b7039b24c5bd41d8ad0459088614e859b99a8e612
https://iclass.tku.edu.tw/static/61362.bfd86d99.js,200,raw/iclass.tku.edu.tw/static/61362.bfd86d99.js,19622,application/javascript,257c188d552c1f5104f2185883365246d67ac36743f6f9a4b7846ba5a6b8f90b
https://iclass.tku.edu.tw/static/61400-f3dd42a4.chunk.css,200,raw/iclass.tku.edu.tw/static/61400-f3dd42a4.chunk.css,9756,text/css,b32f90108750535dfcd2551dbf9382908dd572b627f0969f8370d0632e6b750c
https://iclass.tku.edu.tw/static/61400.78d9abe8.js,200,raw/iclass.tku.edu.tw/static/61400.78d9abe8.js,62755,application/javascript,215ff12096e8392a788181134f5fb46d228d5c03e459e142ccaaac0b2c9412b3
https://iclass.tku.edu.tw/static/61409-cf835457.js,200,raw/iclass.tku.edu.tw/static/61409-cf835457.js,786275,application/javascript,3d13d23916949d3c7f2fcf12cc0b529d293f662fc7594b418ec66cfe540aa6cb
https://iclass.tku.edu.tw/static/61479.770d5a68.js,200,raw/iclass.tku.edu.tw/static/61479.770d5a68.js,73268,application/javascript,ffb30a81d129bf8fe60d35695a87b17e73566198c4e6a2fdc91b4417ce91632e
https://iclass.tku.edu.tw/static/61813-f9d62ef1.chunk.css,200,raw/iclass.tku.edu.tw/static/61813-f9d62ef1.chunk.css,4886,text/css,86d66984a5f0925f71b90609ec178249e36091d1d3861aa02ce8819a555f13bb
https://iclass.tku.edu.tw/static/61813.953957a8.js,200,raw/iclass.tku.edu.tw/static/61813.953957a8.js,58421,application/javascript,ebaea3dfceea03d8f431f4032c3a11ac1e583bb95a0439f3c7fd89aca53655d5
https://iclass.tku.edu.tw/static/61827.21c6f16e.js,200,raw/iclass.tku.edu.tw/static/61827.21c6f16e.js,88745,application/javascript,47bfd239d1c2ecdb81fbc3bebcf1f725dc5b9e93713701f2721302c8071ef490
https://iclass.tku.edu.tw/static/6194-2099889d.chunk.css,200,raw/iclass.tku.edu.tw/static/6194-2099889d.chunk.css,19830,text/css,ca6924102eb2ae60929ce7d6341aaf6c36de8b36196718e78574292fc471a29b
https://iclass.tku.edu.tw/static/6194.9278dbfd.js,200,raw/iclass.tku.edu.tw/static/6194.9278dbfd.js,12336,application/javascript,21625ab66604fe0bb778a5befcb2b5abe14d548838c1895e212e955293701a02
https://iclass.tku.edu.tw/static/61977.30ecd202.js,200,raw/iclass.tku.edu.tw/static/61977.30ecd202.js,2425,application/javascript,6b79fc24b7ad42ebeb5b086571694e7f0cd0eb57ea353ddc1e2c2f7ffaddf5b6
https://iclass.tku.edu.tw/static/62383.f956d0b8.js,200,raw/iclass.tku.edu.tw/static/62383.f956d0b8.js,42849,application/javascript,b17025a193cb07254d7d8413b9999d4d072421f14b951eff93a4642f802b2469
https://iclass.tku.edu.tw/static/62431-eea2ade2.chunk.css,200,raw/iclass.tku.edu.tw/static/62431-eea2ade2.chunk.css,56,text/css,cebfa10d9d2521dbef94b1a74c18312aa55520794357423946cced5f32b3cfda
https://iclass.tku.edu.tw/static/62431.78010141.js,200,raw/iclass.tku.edu.tw/static/62431.78010141.js,10488,application/javascript,b00aab0d0dfa17787da6958a1d85b29a8a5bd97ef7653da2a505698bf7f22410
https://iclass.tku.edu.tw/static/62481-17fb0552.css,200,raw/iclass.tku.edu.tw/static/62481-17fb0552.css,16248,text/css,dcea87b1ecb162bee2587264d54e99ea9b75c14b159057b554009cce6fd9fed2
https://iclass.tku.edu.tw/static/6258.d663801d.js,200,raw/iclass.tku.edu.tw/static/6258.d663801d.js,2643,application/javascript,2fc62326772dd267bbf49fa5ae6250b7ba51e6a0dda136ea25d7e9654f22757f
https://iclass.tku.edu.tw/static/62691.5eda5538.js,200,raw/iclass.tku.edu.tw/static/62691.5eda5538.js,5224,application/javascript,18c9f9c71ed2714794890babbe51acb72c90de95e0dd78a499e4ae38d809a24c
https://iclass.tku.edu.tw/static/62699.d8a837e2.js,200,raw/iclass.tku.edu.tw/static/62699.d8a837e2.js,20315,application/javascript,59d034e26841dd02174dcc6ccaab821637d91395604eaf83150e42ea97ce92aa
https://iclass.tku.edu.tw/static/62893-20da0904.js,200,raw/iclass.tku.edu.tw/static/62893-20da0904.js,93965,application/javascript,adc8a26091e411a86ed1fb1a9e8b06cf09f1dd2f396402527e936bd496ee7262
https://iclass.tku.edu.tw/static/62964.d4f645ea.js,200,raw/iclass.tku.edu.tw/static/62964.d4f645ea.js,2398,application/javascript,1aad12bfba16b1ac35fb6eb5940a3f408401e1a18927bc07de204ca076359627
https://iclass.tku.edu.tw/static/63203-c76e4083.chunk.css,200,raw/iclass.tku.edu.tw/static/63203-c76e4083.chunk.css,66,text/css,b4f511aee4c95e1d33c5c02f4add4bd0da80b4fe11f26184ee21988e5f019a43
https://iclass.tku.edu.tw/static/63203.dad5d7b0.js,200,raw/iclass.tku.edu.tw/static/63203.dad5d7b0.js,74467,application/javascript,cdaa0f887a01c9fc571a02c0c31602179548ae826b62c6d7dcc86fa7a753f1a7
https://iclass.tku.edu.tw/static/63226-bccf16b4.chunk.css,200,raw/iclass.tku.edu.tw/static/63226-bccf16b4.chunk.css,2843,text/css,65e274818ed80362e32979af5654bb738690d0a55e4cbf2d3215c1b67882bf94
https://iclass.tku.edu.tw/static/63226.ebd683a4.js,200,raw/iclass.tku.edu.tw/static/63226.ebd683a4.js,4958,application/javascript,92fbf1b975fcfa8ea355b0c50129b1a9984c8be38a5db29ccb6ede666f19374a
https://iclass.tku.edu.tw/static/63256.4f5f228e.js,200,raw/iclass.tku.edu.tw/static/63256.4f5f228e.js,36975,application/javascript,5b20b92519ec9b507ed377cd2ccf73368471d2790aae1a1e0e395a6b02783ff6
https://iclass.tku.edu.tw/static/63294.a7cff4a3.js,200,raw/iclass.tku.edu.tw/static/63294.a7cff4a3.js,21347,application/javascript,3be1eb6fc66e60b6383dd71ccb2fc02adec0550c25628b38fe5c7efa269b98e5
https://iclass.tku.edu.tw/static/63328.1e42b11a.js,200,raw/iclass.tku.edu.tw/static/63328.1e42b11a.js,564,application/javascript,a9924c4ee54ed3f9794593c1987d797fce858113cb092b2725ba303537cdbc58
https://iclass.tku.edu.tw/static/63343-78726a68.js,200,raw/iclass.tku.edu.tw/static/63343-78726a68.js,66703,application/javascript,e307720cce2efa079c7e34effb5fd2ca15a1c842438d93a731591cd1915e47f7
https://iclass.tku.edu.tw/static/63347.c2a6cda9.js,200,raw/iclass.tku.edu.tw/static/63347.c2a6cda9.js,10498,application/javascript,b21359e92926472bce5da56e91a27c185a4befc6ce37216b0a3092de1314c7e7
https://iclass.tku.edu.tw/static/63394-9ecb7d75.chunk.css,200,raw/iclass.tku.edu.tw/static/63394-9ecb7d75.chunk.css,10127,text/css,261e411e333b7aa80f32130f737639728fca0171d5776a67b74f0cf380654049
https://iclass.tku.edu.tw/static/63394.db235a9c.js,200,raw/iclass.tku.edu.tw/static/63394.db235a9c.js,14779,application/javascript,c22a2d81cad4dfecaeb15c8bfdb4726a3f7c07a976fe7f12c72f2c4c615856d7
https://iclass.tku.edu.tw/static/63534.15e051cd.js,200,raw/iclass.tku.edu.tw/static/63534.15e051cd.js,2425,application/javascript,a2d376899820e20e3f2acb6792222542ea909fc82ad1eb1e450cb71e5c5b6136
https://iclass.tku.edu.tw/static/63597-394f2191.chunk.css,200,raw/iclass.tku.edu.tw/static/63597-394f2191.chunk.css,53,text/css,9d35f81969f618d009747be82649e0f4cbc5836e1f35e6e7139803d98e08c8c1
https://iclass.tku.edu.tw/static/63597.18a3e573.js,200,raw/iclass.tku.edu.tw/static/63597.18a3e573.js,3774,application/javascript,b4b5a5114161bbb7b2bf5e18ab17b5dd7f7e1b1d0f4ca59643fd78136ac0cecb
https://iclass.tku.edu.tw/static/63694.55639e9f.js,200,raw/iclass.tku.edu.tw/static/63694.55639e9f.js,2811,application/javascript,c01c40ffe5e08897ba96b93a90e76fdda9812d16f380d05a75db80a0e3aa2679
https://iclass.tku.edu.tw/static/63756-2279254e.js,200,raw/iclass.tku.edu.tw/static/63756-2279254e.js,57058,application/javascript,c720e42b5df848d2876df1fec5bf83b193129c50e92c98879881de80c14e9233
https://iclass.tku.edu.tw/static/63893.03385094.js,200,raw/iclass.tku.edu.tw/static/63893.03385094.js,5072,application/javascript,88219f27b59b0ece5e11664bf9bd61ec79f38c2c4dd496072e48a865df06091c
https://iclass.tku.edu.tw/static/63918-d58e56c6.chunk.css,200,raw/iclass.tku.edu.tw/static/63918-d58e56c6.chunk.css,8450,text/css,079a0f956266708fa832fd3fb8a91f5792c027811549966498f10a46db67d743
https://iclass.tku.edu.tw/static/63918.0915f565.js,200,raw/iclass.tku.edu.tw/static/63918.0915f565.js,44410,application/javascript,c0f64ea31c55df856c47036fd9bfe19d91449c3ca82d73ca821693f1a735ad88
https://iclass.tku.edu.tw/static/64096-b5691886.chunk.css,200,raw/iclass.tku.edu.tw/static/64096-b5691886.chunk.css,1622,text/css,ea955eae27c3351fb9458d831416233bfe19ed87410304d69e7f930a5ae19c50
https://iclass.tku.edu.tw/static/64096.4838f616.js,200,raw/iclass.tku.edu.tw/static/64096.4838f616.js,3181,application/javascript,2f58da7380929800f02545873607bb31a4ce045756b5cb57eb2d5facdd0d89a1
https://iclass.tku.edu.tw/static/6411.2a21fe06.js,200,raw/iclass.tku.edu.tw/static/6411.2a21fe06.js,107546,application/javascript,b9df7ae6809aa7499d33fece14193f22750cef220982ec71d3c9caa949756d71
https://iclass.tku.edu.tw/static/64274.801be9be.js,200,raw/iclass.tku.edu.tw/static/64274.801be9be.js,67313,application/javascript,9b018d93e7445a068f00ddd63ac629d3adc2bc399094e3667c1804fe2ccbda9d
https://iclass.tku.edu.tw/static/64288-e49c4b74.chunk.css,200,raw/iclass.tku.edu.tw/static/64288-e49c4b74.chunk.css,1218,text/css,351174a47c96f6f6ea894c60baef7076dfe34936b90e3c195b7bcfbe598e6b47
https://iclass.tku.edu.tw/static/64288.4ba4300d.js,200,raw/iclass.tku.edu.tw/static/64288.4ba4300d.js,13231,application/javascript,79c475049813f52f1c02eeead2c7d9ca736c028cec60651be593d35572777bb2
https://iclass.tku.edu.tw/static/64422.c3faf34c.js,200,raw/iclass.tku.edu.tw/static/64422.c3faf34c.js,19811,application/javascript,288e61e4c993b65f061bfab45f4aef272f42947f558966e8a6e41371a753ea5c
https://iclass.tku.edu.tw/static/64524-c1849d25.chunk.css,200,raw/iclass.tku.edu.tw/static/64524-c1849d25.chunk.css,11297,text/css,11d7a7b1d556e23b8967b7af105c13afbc7b6b2a9bec8c61812df6f88e2e5e62
https://iclass.tku.edu.tw/static/64524.d80152af.js,200,raw/iclass.tku.edu.tw/static/64524.d80152af.js,68484,application/javascript,1f30c06e39c8ceca717ed0c58264b7eb9b8c90079f5647af5835a0035c6ba416
https://iclass.tku.edu.tw/static/64608.9531c22f.js,200,raw/iclass.tku.edu.tw/static/64608.9531c22f.js,75272,application/javascript,a12bfcc768b5877ab98bc46679508d47579b7c14966c0c2eb7b56c9766e93717
https://iclass.tku.edu.tw/static/64611.ccf22dfb.js,200,raw/iclass.tku.edu.tw/static/64611.ccf22dfb.js,2983,application/javascript,4b090c1aef8c6f4c52f3dd5e2f1d77b09898b49714881a29981d0f91fca4fab4
https://iclass.tku.edu.tw/static/64727-2fa6f7b7.chunk.css,200,raw/iclass.tku.edu.tw/static/64727-2fa6f7b7.chunk.css,11443,text/css,b08804f42aa6ac20a8e039bd7577cd8e71336cad658e1308cfd8ad925ea18217
https://iclass.tku.edu.tw/static/64727.776678f0.js,200,raw/iclass.tku.edu.tw/static/64727.776678f0.js,21853,application/javascript,80cbbd5a0f6bebbc7c92bd8e5260f69e33fc08ac4609eae091a3fc2ad789d931
https://iclass.tku.edu.tw/static/6485-9ef9b8a8.js,200,raw/iclass.tku.edu.tw/static/6485-9ef9b8a8.js,42722,application/javascript,3286ddac5d91577a4fd8c5de61b8849c2cd14899773ae1ce4becaee87845cff0
https://iclass.tku.edu.tw/static/64911-bfa95e02.chunk.css,200,raw/iclass.tku.edu.tw/static/64911-bfa95e02.chunk.css,7363,text/css,c89feae8dba82fdba2cd9afc964b5ab8da2af955f9fa21befb13635476bf7488
https://iclass.tku.edu.tw/static/64911.6928a4ad.js,200,raw/iclass.tku.edu.tw/static/64911.6928a4ad.js,29110,application/javascript,3309c596f629d0bc84af1f5a7270756d1e87854ae32bf0bf03e3148cf2a63658
https://iclass.tku.edu.tw/static/64918.24ecb27b.js,200,raw/iclass.tku.edu.tw/static/64918.24ecb27b.js,2154,application/javascript,3dfd42b3ddd3aa6b2f8d5ac8e71fee7511da44226d14bc53892e0d74b6537d8a
https://iclass.tku.edu.tw/static/651.c5c890af.js,200,raw/iclass.tku.edu.tw/static/651.c5c890af.js,1584,application/javascript,56551793c73974d47a77a1709d739c60c95077c7c0640597957daba86b81fb68
https://iclass.tku.edu.tw/static/65174.dce3e42d.js,200,raw/iclass.tku.edu.tw/static/65174.dce3e42d.js,16902,application/javascript,2cf85b796ed21cd89bb3a19bd177446f9ad54ba5c20f29685e385b88aeac7644
https://iclass.tku.edu.tw/static/65396.0ed9096a.js,200,raw/iclass.tku.edu.tw/static/65396.0ed9096a.js,77429,application/javascript,60cd52215cd56b8d356e7c9b36c7401eaf3ce4cfbc39ec0148d5f3fa717d5400
https://iclass.tku.edu.tw/static/65748-ba313536.css,200,raw/iclass.tku.edu.tw/static/65748-ba313536.css,436607,text/css,ef6ab9c3c1c9a4465dda2ff6c5c01c5dd5804841dab23cbf74a08c945ea9fad5
https://iclass.tku.edu.tw/static/66196.9954a543.js,200,raw/iclass.tku.edu.tw/static/66196.9954a543.js,12233,application/javascript,31c8f0fce3f67624166d6f20236027253fa87eae3fced1f9542cabb3dd6184ca
https://iclass.tku.edu.tw/static/66278-ce5b93dc.chunk.css,200,raw/iclass.tku.edu.tw/static/66278-ce5b93dc.chunk.css,4563,text/css,014d8d0949424f15a822b446a677607cacabfc74eba6a6aed47eb70cf75e22a2
https://iclass.tku.edu.tw/static/66278.7b246336.js,200,raw/iclass.tku.edu.tw/static/66278.7b246336.js,23244,application/javascript,3543288e661af5346b3f6f49217aa6569491fe86e4d9089d25f19fac09907b34
https://iclass.tku.edu.tw/static/66297-894f4440.chunk.css,200,raw/iclass.tku.edu.tw/static/66297-894f4440.chunk.css,25285,text/css,66bdc7d6185779545b5e229b37662144ece4734bc22a035fc65e8650f5f4ddba
https://iclass.tku.edu.tw/static/66297.0d3af197.js,200,raw/iclass.tku.edu.tw/static/66297.0d3af197.js,71406,application/javascript,412bfe196ee3c34ec6813a5f0940a4b4ccdaea1ece316928b65459192f8d3fa9
https://iclass.tku.edu.tw/static/66340.0dccdcc1.js,200,raw/iclass.tku.edu.tw/static/66340.0dccdcc1.js,28704,application/javascript,b8464672abffa66e2ba69394944ecdb2cc2bdef5e4c2b4835d9c1a25c3f027ba
https://iclass.tku.edu.tw/static/66352.14f63935.js,200,raw/iclass.tku.edu.tw/static/66352.14f63935.js,31259,application/javascript,de1eecd59380884e0fc2e6d0b8652ca66a616dc11b8d098bea9d79bbf0840aa6
https://iclass.tku.edu.tw/static/6641-b0587888.js,200,raw/iclass.tku.edu.tw/static/6641-b0587888.js,51020,application/javascript,fc60dc93a67956a4822d879c252cc9dbd48e00ec4d90197efaa53b6d52cdf8aa
https://iclass.tku.edu.tw/static/66491-8f0068cd.js,200,raw/iclass.tku.edu.tw/static/66491-8f0068cd.js,20461,application/javascript,8a696c47b5ed750d147e5a7f9e0f3374c3e39d92d536fcdae44906829934df3c
https://iclass.tku.edu.tw/static/66498.ce4f1ab9.js,200,raw/iclass.tku.edu.tw/static/66498.ce4f1ab9.js,60134,application/javascript,8cd11639c0ea7f387e7bbccc775de345f3bbe04fa3ee75ecfcbff2057a2a83b1
https://iclass.tku.edu.tw/static/66543.3ea1411c.js,200,raw/iclass.tku.edu.tw/static/66543.3ea1411c.js,158,application/javascript,a545666d2b52d40c654b2de445053a6a4b8c1d95991573a6484fa863bb64a84f
https://iclass.tku.edu.tw/static/66563.ae6e7541.js,200,raw/iclass.tku.edu.tw/static/66563.ae6e7541.js,35303,application/javascript,7aba5f934996b8e9add4ebcfa7723ae479a68fb7113485952857e6f4ae916087
https://iclass.tku.edu.tw/static/6670.d8c7a443.js,200,raw/iclass.tku.edu.tw/static/6670.d8c7a443.js,11392,application/javascript,8a7a09020a4eff8a3e0b32127d3fc2c77be48a160390fb22607c1df515acbf43
https://iclass.tku.edu.tw/static/66800-fcc30290.js,200,raw/iclass.tku.edu.tw/static/66800-fcc30290.js,30608,application/javascript,169040e43eea0cfb6eee74b200b2ce75d2f7d01393efd72d0deb1c367dd961c2
https://iclass.tku.edu.tw/static/66818.a7791db6.js,200,raw/iclass.tku.edu.tw/static/66818.a7791db6.js,19668,application/javascript,f791d73b1866f60baf028c5b0ef1f87477dfbaa6bf6e6154e32138e3eb80d6f6
https://iclass.tku.edu.tw/static/66824.03546cd1.js,200,raw/iclass.tku.edu.tw/static/66824.03546cd1.js,2335,application/javascript,1d5eef989de5ee4c51a015378cc31725900ec5f24ede234559553f9203dcb04a
https://iclass.tku.edu.tw/static/6696.09ad5e2b.js,200,raw/iclass.tku.edu.tw/static/6696.09ad5e2b.js,36875,application/javascript,2b146e57b412081f5b8da3d5d3d58388499742d5b8841c587ca7f0ed815ef151
https://iclass.tku.edu.tw/static/67104-29e7c17e.chunk.css,200,raw/iclass.tku.edu.tw/static/67104-29e7c17e.chunk.css,25555,text/css,e58912d9976b0d3ace7857b30167b34d58aff4d34e6e8b2b87147c8032aa59df
https://iclass.tku.edu.tw/static/67104.f498ea14.js,200,raw/iclass.tku.edu.tw/static/67104.f498ea14.js,78862,application/javascript,74b9a480545294916329ef757147d2e9a50269c6db0ee0a984abc2f5ed70db37
https://iclass.tku.edu.tw/static/67133.a68e0726.js,200,raw/iclass.tku.edu.tw/static/67133.a68e0726.js,29035,application/javascript,a2d5660c608c04232c2c239e65616d1b2414f8ec3c8a73485d742c3eda8781f3
https://iclass.tku.edu.tw/static/67206.a13276c1.js,200,raw/iclass.tku.edu.tw/static/67206.a13276c1.js,2576,application/javascript,9a712a3ecb05b23b1552df50dae6bc02057d4fdc2492136ee3a41a8cee7bad14
https://iclass.tku.edu.tw/static/67243.c3410563.js,200,raw/iclass.tku.edu.tw/static/67243.c3410563.js,142826,application/javascript,a5279564835b77d08dda80590012f6c76eff16b76d205549549b9f49e0d1462d
https://iclass.tku.edu.tw/static/67409-e449dddc.chunk.css,200,raw/iclass.tku.edu.tw/static/67409-e449dddc.chunk.css,51,text/css,aabb5ae523cbff7a5385cc62365fda9f4b025fa028b1f7991ced0b0f21c31c09
https://iclass.tku.edu.tw/static/67409.a640391a.js,200,raw/iclass.tku.edu.tw/static/67409.a640391a.js,1129,application/javascript,1bbe5562a0b8183fe680b08816a6ffecd4ac883767ed9051de85d59fe33839cf
https://iclass.tku.edu.tw/static/67853-6eb5a068.js,200,raw/iclass.tku.edu.tw/static/67853-6eb5a068.js,28438,application/javascript,19dfdf012559f026ca9fcfbc38a222cd0662e8e014c9b37eb2e0d1d5a5a8367b
https://iclass.tku.edu.tw/static/67888-d4f94fbf.js,200,raw/iclass.tku.edu.tw/static/67888-d4f94fbf.js,50880,application/javascript,9a62ad90708176559f53fb1ded75a7cc8f19af5231b948f26a66eb86b9399bb0
https://iclass.tku.edu.tw/static/68610.a1465cdd.js,200,raw/iclass.tku.edu.tw/static/68610.a1465cdd.js,70769,application/javascript,69561499e8c670911a5121ac812646b898aa9e1ee0b6e225c5acf0cc0018fd12
https://iclass.tku.edu.tw/static/68782-b4e9343e.chunk.css,200,raw/iclass.tku.edu.tw/static/68782-b4e9343e.chunk.css,13498,text/css,9c7026850d943934d68b2a05711e1e7d380780dcfbb2fad60da3830942b2ee54
https://iclass.tku.edu.tw/static/68782.43de5e33.js,200,raw/iclass.tku.edu.tw/static/68782.43de5e33.js,15021,application/javascript,0842472c506a28b93d85df5d9ca8d419dd9e6ad8b7df3e28633d646ac9a5b602
https://iclass.tku.edu.tw/static/68805.0b299537.js,200,raw/iclass.tku.edu.tw/static/68805.0b299537.js,223868,application/javascript,8533df777e86ae60b89d7dce112a4555588a75f4efc243962b3037d76b5dc9b7
https://iclass.tku.edu.tw/static/68924-a30f5597.js,200,raw/iclass.tku.edu.tw/static/68924-a30f5597.js,285956,application/javascript,76e0171208e4baf03a4b9afd09bf4559044435a6ed92851d1890632fdcdacdbd
https://iclass.tku.edu.tw/static/68932.dcb81e7e.js,200,raw/iclass.tku.edu.tw/static/68932.dcb81e7e.js,4102,application/javascript,d9ef524bba1afac57b6e91ed9a56ce8a8729716c86e4cf26d5c095c08282c679
https://iclass.tku.edu.tw/static/69119-8ff8637a.chunk.css,200,raw/iclass.tku.edu.tw/static/69119-8ff8637a.chunk.css,7765,text/css,9cd68b7997e2924df5074fff5148b05cae59861a49fbbf93a0ff7d398921cc5c
https://iclass.tku.edu.tw/static/69119.3d53b5e8.js,200,raw/iclass.tku.edu.tw/static/69119.3d53b5e8.js,21151,application/javascript,d43762da4275ad307b17214ac2774e68d27e3d458f910d6605cf99c86ce4d28f
https://iclass.tku.edu.tw/static/69310-5bfb4315.chunk.css,200,raw/iclass.tku.edu.tw/static/69310-5bfb4315.chunk.css,375,text/css,761c8c66c33be5a5d41bc17c46c4df230bc4e6782c237a124a848f7fc463ecc1
https://iclass.tku.edu.tw/static/69310.fb963ca0.js,200,raw/iclass.tku.edu.tw/static/69310.fb963ca0.js,3631,application/javascript,4694c455a9ad7c793912b38dddf682bbe43bab2559753ff3849ddee0812f44cf
https://iclass.tku.edu.tw/static/69385-ee055694.chunk.css,200,raw/iclass.tku.edu.tw/static/69385-ee055694.chunk.css,7292,text/css,062ba50c1165b934801fce3abfeeddbc2c33f591b3c0b3ab7b24d94627c85134
https://iclass.tku.edu.tw/static/69385.e9b89c36.js,200,raw/iclass.tku.edu.tw/static/69385.e9b89c36.js,80721,application/javascript,d097751d95485ab413a40f84ebcab2e6be6eba23560f3ac212ce561f4e3c5262
https://iclass.tku.edu.tw/static/69491.6cdc5b39.js,200,raw/iclass.tku.edu.tw/static/69491.6cdc5b39.js,278558,application/javascript,b000cbea34de17bf482053642dc592d22aadb8c49a46ee577130937a46724595
https://iclass.tku.edu.tw/static/69624.97c435f8.js,200,raw/iclass.tku.edu.tw/static/69624.97c435f8.js,117747,application/javascript,0123fdfd1109eaa033bc3e24b45e11ed6f10620dec2ee029628804bd004ec083
https://iclass.tku.edu.tw/static/69818-74de9a75.chunk.css,200,raw/iclass.tku.edu.tw/static/69818-74de9a75.chunk.css,26935,text/css,0f78711f7f09d51d8e87a19689e2a796c09a28493e42c696ce65ce58cb86e8fc
https://iclass.tku.edu.tw/static/69818.9b77c722.js,200,raw/iclass.tku.edu.tw/static/69818.9b77c722.js,71184,application/javascript,c0867cd482c07c68b751d8fb25dec0fb1cb9090c0c397194a552a07e3d5be9d4
https://iclass.tku.edu.tw/static/69847-4ca30ed3.chunk.css,200,raw/iclass.tku.edu.tw/static/69847-4ca30ed3.chunk.css,7328,text/css,0c3315d6617d46ef538eaac3d870a24bb4affb8b10f1e8aa1f4c39f1d229fc1b
https://iclass.tku.edu.tw/static/69847.a8ffeea2.js,200,raw/iclass.tku.edu.tw/static/69847.a8ffeea2.js,8975,application/javascript,45dabb3638746bf8d7691c10559e335b50b31c054bb4c1f59320a9b468509545
https://iclass.tku.edu.tw/static/69895.09b1942e.js,200,raw/iclass.tku.edu.tw/static/69895.09b1942e.js,2014,application/javascript,74ccffce0ce1d1a4309f3894937c56b00b765eb9cb5373d11d8eac8b8cd2fac2
https://iclass.tku.edu.tw/static/69931.fc821509.js,200,raw/iclass.tku.edu.tw/static/69931.fc821509.js,1850,application/javascript,c1d7ec8aebd13b9416c0091f6207a44442fbf7b052aad6fa23e9b0b234dbe7a4
https://iclass.tku.edu.tw/static/70050-769538b7.js,200,raw/iclass.tku.edu.tw/static/70050-769538b7.js,59231,application/javascript,bb403c39afa1032ff5116f0058d1ad2c7c0fcd73eb5b0a83a98eb03f9edec4df
https://iclass.tku.edu.tw/static/70397-3a79603d.chunk.css,200,raw/iclass.tku.edu.tw/static/70397-3a79603d.chunk.css,37903,text/css,335e21d384a99025475d08c9bcee47b6e8e113ceee8f7f29d0764abc89d59946
https://iclass.tku.edu.tw/static/70397.ead32b01.js,200,raw/iclass.tku.edu.tw/static/70397.ead32b01.js,48587,application/javascript,100dc40686a0a0b23d6496cacb62786bfd388e644b9955647433c26756881980
https://iclass.tku.edu.tw/static/70413.90f6375a.js,200,raw/iclass.tku.edu.tw/static/70413.90f6375a.js,134108,application/javascript,a9eba2e65d8c0df7674005302af43d557202e8beb35cc11f6cbd2991eb006c24
https://iclass.tku.edu.tw/static/70452.c1254ddb.js,200,raw/iclass.tku.edu.tw/static/70452.c1254ddb.js,103074,application/javascript,689f08094c635e7220fb37b14e41e77cd440c827f2788fab4c91fe981a0c501c
https://iclass.tku.edu.tw/static/70536.a9427994.js,200,raw/iclass.tku.edu.tw/static/70536.a9427994.js,16458,application/javascript,928bbab426d56c4128a92f4ee7116ecaf17e6d74add41067210b305a588502c2
https://iclass.tku.edu.tw/static/70650-b5e8d981.js,200,raw/iclass.tku.edu.tw/static/70650-b5e8d981.js,535857,application/javascript,a5104036fc95f8350734fcb6a3b1d42a938ca78bfc2981f88ed2dbd2d148ecaf
https://iclass.tku.edu.tw/static/70818-11026d4b.chunk.css,200,raw/iclass.tku.edu.tw/static/70818-11026d4b.chunk.css,11296,text/css,f05bb2c919ede45e7d33c9e9c6c044b6d62188a104960fb69208d4b6748566f0
https://iclass.tku.edu.tw/static/70818.a58dcf76.js,200,raw/iclass.tku.edu.tw/static/70818.a58dcf76.js,84215,application/javascript,bb32b8508670679c30193bbfb59caf82621df754e55287c074c7d72cd054d00e
https://iclass.tku.edu.tw/static/70925-f96a2676.chunk.css,200,raw/iclass.tku.edu.tw/static/70925-f96a2676.chunk.css,119962,text/css,7d4020ceb9e0ed75b0088bbce182b2f3e7d4c9e7fbc1109e3ecfb66bf23191c8
https://iclass.tku.edu.tw/static/70925.0642e290.js,200,raw/iclass.tku.edu.tw/static/70925.0642e290.js,202023,application/javascript,5cbd31d2e15ba19425a3bc39fd98b08ae4b568dfe119f162416d1d81e08cdb33
https://iclass.tku.edu.tw/static/71218.801909bf.js,200,raw/iclass.tku.edu.tw/static/71218.801909bf.js,21626,application/javascript,8b72afc102e4bc2e28d68624900cd540259fce9d54bb7fa4575ff2886fed0422
https://iclass.tku.edu.tw/static/71307.f18bb4c2.js,200,raw/iclass.tku.edu.tw/static/71307.f18bb4c2.js,1393,application/javascript,995b7c06138936683ed52057768b2c9a31d8c4ec8bfed7b3e48b2710556222e8
https://iclass.tku.edu.tw/static/71409.b3a7508b.js,200,raw/iclass.tku.edu.tw/static/71409.b3a7508b.js,74979,application/javascript,603852e8de3369a2e2e74044c672450e684c194bf466e1f0526a605fb325aa10
https://iclass.tku.edu.tw/static/7145.f956d0b8.js,200,raw/iclass.tku.edu.tw/static/7145.f956d0b8.js,42849,application/javascript,b17025a193cb07254d7d8413b9999d4d072421f14b951eff93a4642f802b2469
https://iclass.tku.edu.tw/static/71487.5020ad6b.js,200,raw/iclass.tku.edu.tw/static/71487.5020ad6b.js,11647,application/javascript,fad11187ef1702eb35cc8cdddeb13140313995cb7f89610f223f5fda591ad2a8
https://iclass.tku.edu.tw/static/71492.b1878ad3.js,200,raw/iclass.tku.edu.tw/static/71492.b1878ad3.js,7399,application/javascript,39bb7c0ca21ae7e9b7cb5236cf93cd432692685e31a5c45b8d25dc46d847171d
https://iclass.tku.edu.tw/static/71801.5840c816.js,200,raw/iclass.tku.edu.tw/static/71801.5840c816.js,39776,application/javascript,ed20130dbfee748c29c5129d6131570d460a1122888cc2ad527b6e3448e61956
https://iclass.tku.edu.tw/static/71803-e0241a2a.chunk.css,200,raw/iclass.tku.edu.tw/static/71803-e0241a2a.chunk.css,875,text/css,fdf0a5ed5c1b17af240ed5e3edb1c64ec6b00e0996ca3528fdb2fad28721c866
https://iclass.tku.edu.tw/static/71803.e3212d70.js,200,raw/iclass.tku.edu.tw/static/71803.e3212d70.js,44389,application/javascript,4d3f55363272959733a474c9eb22b579d0cb1acb3b20a9706cf1037f944500f6
https://iclass.tku.edu.tw/static/71822-f1626d5c.chunk.css,200,raw/iclass.tku.edu.tw/static/71822-f1626d5c.chunk.css,30830,text/css,fa89b8a97dcd1e4bdfa0bf3405f839acb5a49fa57c8f765739c31ce87edb6382
https://iclass.tku.edu.tw/static/71822.803a50c7.js,200,raw/iclass.tku.edu.tw/static/71822.803a50c7.js,91835,application/javascript,2d09866ee9a3cbca9f8da44de63af76cfe8c09bf463244a314adcb61dd9a0c18
https://iclass.tku.edu.tw/static/71852.f013338f.js,200,raw/iclass.tku.edu.tw/static/71852.f013338f.js,2953,application/javascript,92d56aeeb4c06eab3cc9fa62712385de02ac896c4bf77992fc5eb5ee16cde071
https://iclass.tku.edu.tw/static/71999-e66f2ab9.chunk.css,200,raw/iclass.tku.edu.tw/static/71999-e66f2ab9.chunk.css,21300,text/css,7b3afc618031d5fad0c37481487c3fea83d453c56bb9fd09037dc7566071e800
https://iclass.tku.edu.tw/static/71999.889e7289.js,200,raw/iclass.tku.edu.tw/static/71999.889e7289.js,59461,application/javascript,3899ce1d65307ecc0d488e6bda1250e3d2cb5f57ed8d6959b9e2657bfbe3e039
https://iclass.tku.edu.tw/static/72088.99a96a97.js,200,raw/iclass.tku.edu.tw/static/72088.99a96a97.js,55854,application/javascript,27b716586219ae25d0fc51e7f0a0e208614cc2f9f789a56e5750abc197ad2017
https://iclass.tku.edu.tw/static/72203.f1723e36.js,200,raw/iclass.tku.edu.tw/static/72203.f1723e36.js,24041,application/javascript,23074cbf932da53b620bf4d59ede7b0b75eedf7d18312380099b9af7da077ea2
https://iclass.tku.edu.tw/static/72308.a63c6025.js,200,raw/iclass.tku.edu.tw/static/72308.a63c6025.js,13561,application/javascript,973d21674fadb70062924c53273de7a8d6154659da59c04ae0814b9d3a0d9cf2
https://iclass.tku.edu.tw/static/72366.cf741b4a.js,200,raw/iclass.tku.edu.tw/static/72366.cf741b4a.js,72610,application/javascript,c18800494766779f48ea3bac8f4722effc0e46d019871bf0db20650af7b73303
https://iclass.tku.edu.tw/static/72525.33abe4a4.js,200,raw/iclass.tku.edu.tw/static/72525.33abe4a4.js,29647,application/javascript,9e5a400c4cada18ce08b93fa3f7ec2c62bbb971f72eee52b07b3c54889a3f925
https://iclass.tku.edu.tw/static/72581.a741bb8b.js,200,raw/iclass.tku.edu.tw/static/72581.a741bb8b.js,208109,application/javascript,7f4c7783d54e66e225447a1328114e28b6019f6db2d1d3fd4832e67ccd8767c9
https://iclass.tku.edu.tw/static/72592.c40f882e.js,200,raw/iclass.tku.edu.tw/static/72592.c40f882e.js,24685,application/javascript,1d77ab5baa727b6d2a418e4f18a1db807b36062b3f469d8471393b0c3d6aa2e2
https://iclass.tku.edu.tw/static/72698-c289ae89.chunk.css,200,raw/iclass.tku.edu.tw/static/72698-c289ae89.chunk.css,8433,text/css,7b3975bc43b8f4bfe7ac7a1c4a7b465d3f1f259b5ba60181cacc678013197652
https://iclass.tku.edu.tw/static/72698.25719124.js,200,raw/iclass.tku.edu.tw/static/72698.25719124.js,4664,application/javascript,4adc0938695632fa36c0321fcf1b1f96fd0b89dd5bb641e719d57828f3cf3c70
https://iclass.tku.edu.tw/static/72784.c98de2e9.js,200,raw/iclass.tku.edu.tw/static/72784.c98de2e9.js,2533,application/javascript,aab915a2301afcaa159e75c548f3c4d32a972c96481095f835d558b7a788bcdd
https://iclass.tku.edu.tw/static/73096.41e0a073.js,200,raw/iclass.tku.edu.tw/static/73096.41e0a073.js,43987,application/javascript,65969a84c271fee4d5f76a1195d19dbacb6e51dbbf2795762ba1dffc677a85b2
https://iclass.tku.edu.tw/static/73178-c948a595.chunk.css,200,raw/iclass.tku.edu.tw/static/73178-c948a595.chunk.css,2995,text/css,8edc2574fb429597df69aa19d48c6922a468accb2fe0b59afb53d04f60c928a9
https://iclass.tku.edu.tw/static/73178.f63ac76c.js,200,raw/iclass.tku.edu.tw/static/73178.f63ac76c.js,6296,application/javascript,e94d2aed2ca567faa3b2c81c3d62fff6be1e19311058974739094d28b5920b39
https://iclass.tku.edu.tw/static/73226.e0f58569.js,200,raw/iclass.tku.edu.tw/static/73226.e0f58569.js,45693,application/javascript,5a8f02bb992cbc316e7e652df1a8d38be276ce44186baa256714d51b5d0bcc55
https://iclass.tku.edu.tw/static/73384-83ff3b27.js,200,raw/iclass.tku.edu.tw/static/73384-83ff3b27.js,78128,application/javascript,938ad58501cbe093beac82442391c93b3be35c51176e11954f65e5256a6a6234
https://iclass.tku.edu.tw/static/73391.4d36f82b.js,200,raw/iclass.tku.edu.tw/static/73391.4d36f82b.js,2617,application/javascript,cd44d05183068c7a5ba3758a5129b361401b65059dfa763f228443e055906720
https://iclass.tku.edu.tw/static/73419.af2cf779.js,200,raw/iclass.tku.edu.tw/static/73419.af2cf779.js,521,application/javascript,62b865c7a1558a7b926fea5bcb3abf10d4f0143ac30beb42fa8c8247e8b2f8d6
https://iclass.tku.edu.tw/static/73559.02987d61.js,200,raw/iclass.tku.edu.tw/static/73559.02987d61.js,86494,application/javascript,d26fac1558e114213c326cb1482ba82222e3bbfe382ecf2120eaf9e1a9d1da80
https://iclass.tku.edu.tw/static/73644.c84e415d.js,200,raw/iclass.tku.edu.tw/static/73644.c84e415d.js,21735,application/javascript,c352346fc798d5ce97508f4f1cf32dfc045b19af4c1ffd9cd71a1d9960e60ccd
https://iclass.tku.edu.tw/static/73679.df4f3b27.js,200,raw/iclass.tku.edu.tw/static/73679.df4f3b27.js,31067,application/javascript,13f19a68bd3da0e2edae5e80ccf66410c4a702f58b496dc64b5fff553408b5dd
https://iclass.tku.edu.tw/static/74184.eb9a6df6.js,200,raw/iclass.tku.edu.tw/static/74184.eb9a6df6.js,40639,application/javascript,78ddc43eeba5c5a58661c7a24cfdd8f604ee062d6f4d140e5c84d0c526082955
https://iclass.tku.edu.tw/static/74211.ce3083a7.js,200,raw/iclass.tku.edu.tw/static/74211.ce3083a7.js,41133,application/javascript,2ffc74e946998a386b9d5e21c090ab3a2a66a57195f8e5887947dc2411914010
https://iclass.tku.edu.tw/static/74254-72090235.js,200,raw/iclass.tku.edu.tw/static/74254-72090235.js,30172,application/javascript,9d9c9dbb8fca8428cf0c7188d7d652c71b6a7e21888172f89754ec7d1033e990
https://iclass.tku.edu.tw/static/74300.09f2d062.js,200,raw/iclass.tku.edu.tw/static/74300.09f2d062.js,6541,application/javascript,21cedb82d618b3722be4274922771599c83232261916ab0368d398a61bac1d75
https://iclass.tku.edu.tw/static/74302.a9e02d94.js,200,raw/iclass.tku.edu.tw/static/74302.a9e02d94.js,21157,application/javascript,f53f59be20d3c9b683639a8b6b0380eab0120864498596299247179354bf443c
https://iclass.tku.edu.tw/static/74405-dae1a8d2.chunk.css,200,raw/iclass.tku.edu.tw/static/74405-dae1a8d2.chunk.css,854,text/css,6366201cda3ed35e7813716d0f1877df19c2c22eae7e1cb913bca94fef2ca210
https://iclass.tku.edu.tw/static/74405.8daaabec.js,200,raw/iclass.tku.edu.tw/static/74405.8daaabec.js,11879,application/javascript,26e2043665a0b9452e151fb1c8156bafd2072343a8c7df6b0689a0fdcae598ba
https://iclass.tku.edu.tw/static/7449.21c63a90.js,200,raw/iclass.tku.edu.tw/static/7449.21c63a90.js,130497,application/javascript,a4e8aa64de74683eb6500326eeb183e4910a2caa1f5d1149ac007066c3b2f1d0
https://iclass.tku.edu.tw/static/74648-36765c06.chunk.css,200,raw/iclass.tku.edu.tw/static/74648-36765c06.chunk.css,763,text/css,c59139f118d3b190432ed88c2b0812271bc8ee905ad935546707dda5293dedff
https://iclass.tku.edu.tw/static/74648.4d9950d2.js,200,raw/iclass.tku.edu.tw/static/74648.4d9950d2.js,1607,application/javascript,6208fc4be18900bb3e5420187728ad9bd09fc1147f765d5ff2171e558418beac
https://iclass.tku.edu.tw/static/74722.06ac839e.js,200,raw/iclass.tku.edu.tw/static/74722.06ac839e.js,9710,application/javascript,6eff9623696cebf6f5d47f604e600d04144c69a24474c644c357ac695bf58010
https://iclass.tku.edu.tw/static/74753.00805e88.js,200,raw/iclass.tku.edu.tw/static/74753.00805e88.js,101566,application/javascript,6146337f5ba8c75428517ab2b55b62f9c149ff4d41cb8979260a29432917fea9
https://iclass.tku.edu.tw/static/74927.c4fad5cf.js,200,raw/iclass.tku.edu.tw/static/74927.c4fad5cf.js,437507,application/javascript,06401c1e76368526a9d0c9a6ae1167634d00778c51d70c5da6819a7f3e3dba6f
https://iclass.tku.edu.tw/static/75086.6771c875.js,200,raw/iclass.tku.edu.tw/static/75086.6771c875.js,2406,application/javascript,9a42c07d5343081bc437f79a8210a05d2fd28eb4383c483a63d5d4dd10db81cb
https://iclass.tku.edu.tw/static/75115.fac54515.js,200,raw/iclass.tku.edu.tw/static/75115.fac54515.js,21414,application/javascript,c0f87ecf8c51a96b4f26b7591074f9247ca0a98e00068014191a71fa7bd593a7
https://iclass.tku.edu.tw/static/75360-4667ba77.js,200,raw/iclass.tku.edu.tw/static/75360-4667ba77.js,365999,application/javascript,b5f8d1b83303b25387d40a30b9f7750885bc134a9fb5661c699383c84f54f5ec
https://iclass.tku.edu.tw/static/75405-1f7d8532.js,200,raw/iclass.tku.edu.tw/static/75405-1f7d8532.js,14335,application/javascript,31c505bbebf3131c73d0e0013031107342277580f91fb207113431cafe9f7012
https://iclass.tku.edu.tw/static/75513.ea46b502.js,200,raw/iclass.tku.edu.tw/static/75513.ea46b502.js,76373,application/javascript,64bcb512b0f82d3da310942d43914f5023d505f403d20536b57101a2fb2a5ac5
https://iclass.tku.edu.tw/static/75679.dae04b74.js,200,raw/iclass.tku.edu.tw/static/75679.dae04b74.js,1367,application/javascript,8dfaca6615f70feeda5729de42898f8fa2f45a8638f707b37809c4eba3c1f01d
https://iclass.tku.edu.tw/static/75789.017d3b22.js,200,raw/iclass.tku.edu.tw/static/75789.017d3b22.js,51487,application/javascript,e830b13485d225176c82314f1c443c2eddf73e73b97e4cf6eefcf06a161e2b13
https://iclass.tku.edu.tw/static/75978.a48c8fb8.js,200,raw/iclass.tku.edu.tw/static/75978.a48c8fb8.js,3261,application/javascript,73cec9455b077a89ecd26cf9d582a0f19d3c2b870f7cbd84d0d83d8cbea94b12
https://iclass.tku.edu.tw/static/7623.9a1c3c98.js,200,raw/iclass.tku.edu.tw/static/7623.9a1c3c98.js,100101,application/javascript,fe780e67e5fd62de74dc322266ffac8ef55e83ea92aa9572490aac3c7a642cdc
https://iclass.tku.edu.tw/static/76541-f45c96fd.js,200,raw/iclass.tku.edu.tw/static/76541-f45c96fd.js,23087,application/javascript,650f436a9a71e38189f56d192e311084d9d2904ec8dc460c8900ffa59b4fb764
https://iclass.tku.edu.tw/static/76546.56ad0d6e.js,200,raw/iclass.tku.edu.tw/static/76546.56ad0d6e.js,132661,application/javascript,1073184faea89a792cb187e1d85b6076514b6e33059b16a00f6517ff9e1217ef
https://iclass.tku.edu.tw/static/76657.045a1940.js,200,raw/iclass.tku.edu.tw/static/76657.045a1940.js,2398,application/javascript,4f2ef0a847f0d389126ba529d25eec2a80c7517fce942882a1e440ad7a15f6ac
https://iclass.tku.edu.tw/static/76679-669c788f.chunk.css,200,raw/iclass.tku.edu.tw/static/76679-669c788f.chunk.css,5247,text/css,d9ab038f1af08a65b66e86625e9607a49bdf12cd49632e75fe9a4c93170c63b0
https://iclass.tku.edu.tw/static/76679.ac1eb26c.js,200,raw/iclass.tku.edu.tw/static/76679.ac1eb26c.js,26325,application/javascript,5ec11b22d5a78c9f66215161a9d75fffe0cf59010960da1591222cf6178463ff
https://iclass.tku.edu.tw/static/76756-894f4440.chunk.css,200,raw/iclass.tku.edu.tw/static/76756-894f4440.chunk.css,25285,text/css,66bdc7d6185779545b5e229b37662144ece4734bc22a035fc65e8650f5f4ddba
https://iclass.tku.edu.tw/static/76756.00e99b75.js,200,raw/iclass.tku.edu.tw/static/76756.00e99b75.js,123242,application/javascript,9fa70d6ae45c0a2e06980eebb4cc8787539d0e9855478b93255d5114352bee4a
https://iclass.tku.edu.tw/static/7693.ad224143.js,200,raw/iclass.tku.edu.tw/static/7693.ad224143.js,71230,application/javascript,acc187de95bbc584aa2c338c4c7f4ad7fe6aee12783e2e0c9a81b15557a43057
https://iclass.tku.edu.tw/static/76987.9d0adda9.js,200,raw/iclass.tku.edu.tw/static/76987.9d0adda9.js,30506,application/javascript,b0683156059c047712d3b2458276bab713dcef80491094ffce3d1271a5b08c24
https://iclass.tku.edu.tw/static/77089-3ef1dc53.chunk.css,200,raw/iclass.tku.edu.tw/static/77089-3ef1dc53.chunk.css,235,text/css,2fcf4f35439b3f8615c91adb491dfe06c468cffefc24f9bde2ce1c45a7f0f3e1
https://iclass.tku.edu.tw/static/77089.2a979735.js,200,raw/iclass.tku.edu.tw/static/77089.2a979735.js,8688,application/javascript,aa3e23c606042c778448c715a8eb637901a1d0663075256ff8c25b2eb46bc4a0
https://iclass.tku.edu.tw/static/77144.a87fb567.js,200,raw/iclass.tku.edu.tw/static/77144.a87fb567.js,28083,application/javascript,a32c066f622ce645aab1c0e5301421e45a9ce4f904c63ef1740ba03940cbf8ca
https://iclass.tku.edu.tw/static/77444.f1068012.js,200,raw/iclass.tku.edu.tw/static/77444.f1068012.js,95656,application/javascript,61e0fe7fdfba3ad66b1d57fb91463819d7d3e3c13530ee75a7b135a3fe09fbd6
https://iclass.tku.edu.tw/static/77547-c777c935.chunk.css,200,raw/iclass.tku.edu.tw/static/77547-c777c935.chunk.css,12514,text/css,508dfe82c527e424e0fded1b8e062b006a403b29887042388bef7ddb7aea37bb
https://iclass.tku.edu.tw/static/77547.43c71968.js,200,raw/iclass.tku.edu.tw/static/77547.43c71968.js,111805,application/javascript,db3c9b7c459007ff14f62b181e07984ae15aeac232a0cfdcab75bace412dcf7a
https://iclass.tku.edu.tw/static/77639-1602a6c5.js,200,raw/iclass.tku.edu.tw/static/77639-1602a6c5.js,418879,application/javascript,d82623c3bc81e5025920535b355bd622ea8f40e649468a4864da8fa3b8f35820
https://iclass.tku.edu.tw/static/77680.6fd1da8f.js,200,raw/iclass.tku.edu.tw/static/77680.6fd1da8f.js,254488,application/javascript,8399f48460299cc8b79ee0216548c7b564deb1a3125924d3de426f1aa9befe76
https://iclass.tku.edu.tw/static/77887.e982b363.js,200,raw/iclass.tku.edu.tw/static/77887.e982b363.js,30624,application/javascript,acfc9c9621fd98b8aa067a10691ac48f6ec4ef5406d9c481013bc75e7f907e51
https://iclass.tku.edu.tw/static/77896.06f7acf5.js,200,raw/iclass.tku.edu.tw/static/77896.06f7acf5.js,12531,application/javascript,16c570f5517892ed6c164b6e4d169d9301207d74bc55e2c8f97ed08b2444fb24
https://iclass.tku.edu.tw/static/7796-28ebd2f3.js,200,raw/iclass.tku.edu.tw/static/7796-28ebd2f3.js,14733,application/javascript,f0ce39d78a040870ab0a90f175587d5f17ea3445c1ea07ba012b497f1393d4dd
https://iclass.tku.edu.tw/static/78033-8becd049.chunk.css,200,raw/iclass.tku.edu.tw/static/78033-8becd049.chunk.css,26386,text/css,61ccc6e49649f5636b1819b823c0aaeb3a04025f9f3bfc89c67f7617082a9f26
https://iclass.tku.edu.tw/static/78033.59fe0eee.js,200,raw/iclass.tku.edu.tw/static/78033.59fe0eee.js,64765,application/javascript,3315d531fadfe6c9ac8a5214da89a5d37d77c68f451e6bf224eaf7395016f0e7
https://iclass.tku.edu.tw/static/78262-0fce83fa.chunk.css,200,raw/iclass.tku.edu.tw/static/78262-0fce83fa.chunk.css,26468,text/css,d443975a4cee2cb55464022d9365cfc6e20fc85e4af4e152ecc6b7ed8596ad4c
https://iclass.tku.edu.tw/static/78262.20b1f323.js,200,raw/iclass.tku.edu.tw/static/78262.20b1f323.js,25180,application/javascript,526cbe114d4e7b07e02dd0c32ad8f776b06077b0efda2a5de5042d31fd1835a3
https://iclass.tku.edu.tw/static/78264.e0553fe8.js,200,raw/iclass.tku.edu.tw/static/78264.e0553fe8.js,24652,application/javascript,fe8a47e2f3c0f331bbdc6cfb98d2faf0b3e24c77683784400a6b418e3d82d71a
https://iclass.tku.edu.tw/static/78310-c528e370.chunk.css,200,raw/iclass.tku.edu.tw/static/78310-c528e370.chunk.css,51248,text/css,7426cc22c19333a85f4c8ac3acf894f01c068eecfef50382c07bbd1d8ce0a7b5
https://iclass.tku.edu.tw/static/78310.1f19d6f0.js,200,raw/iclass.tku.edu.tw/static/78310.1f19d6f0.js,85557,application/javascript,5ab3a6907ad9aa8e6c400194b4821a9d2b4903e1362f49ab131d45edf75c4d33
https://iclass.tku.edu.tw/static/78358.9dac5b69.js,200,raw/iclass.tku.edu.tw/static/78358.9dac5b69.js,165259,application/javascript,cd5add26df112201d5fb1fdf110cc15a98752aa884f55564bb92b3b662827748
https://iclass.tku.edu.tw/static/78435-bff624c3.js,200,raw/iclass.tku.edu.tw/static/78435-bff624c3.js,297415,application/javascript,c4104534b03cead19ee86cda23fdd293dea8633541eeaf3f2dac38f87bc8ea33
https://iclass.tku.edu.tw/static/78723.09319a01.js,200,raw/iclass.tku.edu.tw/static/78723.09319a01.js,67788,application/javascript,c01e7308738e40e079120e8f8027ca14604cb0073721704148bd326899dc9e22
https://iclass.tku.edu.tw/static/78796-456055c5.css,200,raw/iclass.tku.edu.tw/static/78796-456055c5.css,686790,text/css,da06733cee0e4b6923196ae003b37982925cb3b5158c930b357eaaa05b6d9f50
https://iclass.tku.edu.tw/static/78797.e8389488.js,200,raw/iclass.tku.edu.tw/static/78797.e8389488.js,2842,application/javascript,5631287fd5d71c8fc7711ba8ebc763fc87155d7f84d8464b5d9954c2f38862f5
https://iclass.tku.edu.tw/static/78959-6806da28.chunk.css,200,raw/iclass.tku.edu.tw/static/78959-6806da28.chunk.css,63,text/css,5b912731f7f0d7560091876db8d6a9a36a9c1a9b902f4c49ecdcad9064eac724
https://iclass.tku.edu.tw/static/78959.55532c1d.js,200,raw/iclass.tku.edu.tw/static/78959.55532c1d.js,6492,application/javascript,fb969059324ef666bbab25f06d4b4d6d2674896da1d49108828699035710439a
https://iclass.tku.edu.tw/static/79001.978df930.js,200,raw/iclass.tku.edu.tw/static/79001.978df930.js,141228,application/javascript,c4538c818e692e6da5ddde846ac1090a0820b66a704dd5f9f0ef7f7473db0481
https://iclass.tku.edu.tw/static/79055.ee36c6a2.js,200,raw/iclass.tku.edu.tw/static/79055.ee36c6a2.js,21099,application/javascript,39ca34878c3c8ee3a5f7ed01bf8ea76ddca17df9c9e69c78577d7744f413d019
https://iclass.tku.edu.tw/static/79067-eece7788.chunk.css,200,raw/iclass.tku.edu.tw/static/79067-eece7788.chunk.css,138,text/css,853a56375b405462a1728686c5987b4ed821749049697b81504da83005130286
https://iclass.tku.edu.tw/static/79067.05f2a8e7.js,200,raw/iclass.tku.edu.tw/static/79067.05f2a8e7.js,31255,application/javascript,f56b6c57f550b1dc112964f830811af19c7092d62f09a2b19ccfd289e9f746bb
https://iclass.tku.edu.tw/static/79137.297b7398.js,200,raw/iclass.tku.edu.tw/static/79137.297b7398.js,26312,application/javascript,6605e3975a1ac5980b72ba4983faadc31e00c829d045fef0f4677ed5db461122
https://iclass.tku.edu.tw/static/79157-e4bd0eb5.chunk.css,200,raw/iclass.tku.edu.tw/static/79157-e4bd0eb5.chunk.css,7267,text/css,d2469ad8eb8425957ad156f0ec2a34312dd2bf256002a9d0fdb7c656c456f667
https://iclass.tku.edu.tw/static/79157.b8c9b644.js,200,raw/iclass.tku.edu.tw/static/79157.b8c9b644.js,101303,application/javascript,851a9d1a69f0a3d214ab194e599722490b26a0091dddca52c04dc9b32106aad4
https://iclass.tku.edu.tw/static/79189.267840be.js,200,raw/iclass.tku.edu.tw/static/79189.267840be.js,2644,application/javascript,c053cdd8085dc6340f38456dc24d76ce5e90a3f023cfd4e8cb292cdfc08877b5
https://iclass.tku.edu.tw/static/79240-1e2330b5.chunk.css,200,raw/iclass.tku.edu.tw/static/79240-1e2330b5.chunk.css,1140,text/css,2b69467b01869cb017b2f2cb3f9af10cd6a662cd93827329d77980da41508ff1
https://iclass.tku.edu.tw/static/79240.c2356336.js,200,raw/iclass.tku.edu.tw/static/79240.c2356336.js,14471,application/javascript,8f2d79fa45bab98aaf8e17072d6804e99b1b7e793d44083c0288dd2cc94dec7c
https://iclass.tku.edu.tw/static/79278-3da74896.js,200,raw/iclass.tku.edu.tw/static/79278-3da74896.js,1890360,application/javascript,c104590475978dc549c2dfa79d293e982b43efb5e5c0e103ae5000d9d53ca712
https://iclass.tku.edu.tw/static/79392-680445ea.js,200,raw/iclass.tku.edu.tw/static/79392-680445ea.js,11664,application/javascript,66779b5e8146a4af1860a1d2c684ff212548597b1a33a056b82eff5726c920aa
https://iclass.tku.edu.tw/static/79494.a9faaec3.js,200,raw/iclass.tku.edu.tw/static/79494.a9faaec3.js,2456,application/javascript,bdb3266bdc5a15bf9252537e859c48f02ef7595a4f35a09112e3ab99684d1d02
https://iclass.tku.edu.tw/static/7974.c6317f1b.js,200,raw/iclass.tku.edu.tw/static/7974.c6317f1b.js,13058,application/javascript,bd6897701872df8ad3a7777ba296a3b48709538ad03ec887844fffdd4a121d41
https://iclass.tku.edu.tw/static/79763.41a8755f.js,200,raw/iclass.tku.edu.tw/static/79763.41a8755f.js,434228,application/javascript,30af69eb34e358433de4cecd7c193f8d38cb9ce678528417fdcdb2db3389b50f
https://iclass.tku.edu.tw/static/7977.4109a600.js,200,raw/iclass.tku.edu.tw/static/7977.4109a600.js,79924,application/javascript,8e60b190d242548db746d288895f0ada555882474b12085afd0f095e29e6944a
https://iclass.tku.edu.tw/static/80123.00a036be.js,200,raw/iclass.tku.edu.tw/static/80123.00a036be.js,29596,application/javascript,ec3d4cdf49d7501e3e6d9b440bbb6873e036d87c3f86a9e53da97e5907044dcf
https://iclass.tku.edu.tw/static/80232.4f121263.js,200,raw/iclass.tku.edu.tw/static/80232.4f121263.js,2165,application/javascript,4f099f312301bd718f2a68de5d101fe0076d23dd19a542d8874b40067d0247f2
https://iclass.tku.edu.tw/static/80243-fbb4505d.chunk.css,200,raw/iclass.tku.edu.tw/static/80243-fbb4505d.chunk.css,839,text/css,c796e2f89ea20d8fc4615b901259d0e5b14f34391835734352ffbc3ba1a2ed22
https://iclass.tku.edu.tw/static/80243.eb4c2912.js,200,raw/iclass.tku.edu.tw/static/80243.eb4c2912.js,53127,application/javascript,19114f705f2ec4b13c9278ad29a3c11fa0b7ac024b7ecfffd37367b13ad0764d
https://iclass.tku.edu.tw/static/80340.f2ff420d.js,200,raw/iclass.tku.edu.tw/static/80340.f2ff420d.js,127272,application/javascript,7fde0b1ce2c698b8bdbd47c7f1eb50f021e2e0a5ac7cfd80d1d0dae21b0df9f7
https://iclass.tku.edu.tw/static/80517.6c77f719.js,200,raw/iclass.tku.edu.tw/static/80517.6c77f719.js,41414,application/javascript,b08a70bfa810faf56b5a202f9380a066534f0365b817a2c4ac01e665e2d5dcf0
https://iclass.tku.edu.tw/static/80575.32ea74f5.js,200,raw/iclass.tku.edu.tw/static/80575.32ea74f5.js,628972,application/javascript,9dce03dab9cc927bbb8741deaa8f2ec13fae7eba966bca97c71bfa244f3420d3
https://iclass.tku.edu.tw/static/80688.cdddfc22.js,200,raw/iclass.tku.edu.tw/static/80688.cdddfc22.js,20265,application/javascript,38c2a5b937062dfc4303eea3465a230b4683d23542e9c806020e90def64aa1ee
https://iclass.tku.edu.tw/static/80824.30d4b893.js,200,raw/iclass.tku.edu.tw/static/80824.30d4b893.js,21210,application/javascript,21bd81d8604671e4f2b3649d99db7d30675cad6cd8007e6654cd93e655c71155
https://iclass.tku.edu.tw/static/8110-342cf4b8.chunk.css,200,raw/iclass.tku.edu.tw/static/8110-342cf4b8.chunk.css,3092,text/css,ff2a493edb3f3acda6606cc951797c53b4a6737021c17896ccfbd4335c9805fa
https://iclass.tku.edu.tw/static/8110.900a44fb.js,200,raw/iclass.tku.edu.tw/static/8110.900a44fb.js,8062,application/javascript,b1c5257755c9c21fa54a0bef9f8775f54b58ca11bc75f48abbe5d7e1f1ca8229
https://iclass.tku.edu.tw/static/81169.86495dea.js,200,raw/iclass.tku.edu.tw/static/81169.86495dea.js,159,application/javascript,ec942712f5b0bf3fcc89c9503ef73e8d2ec85c6412b3cc11cfd1c8e909ccd190
https://iclass.tku.edu.tw/static/81401.5b776cb7.js,200,raw/iclass.tku.edu.tw/static/81401.5b776cb7.js,36219,application/javascript,1f941ae131031a956a1fbde153806b4cf5d758e432a4ab4922ea06a2b3a7404a
https://iclass.tku.edu.tw/static/81635.6818788a.js,200,raw/iclass.tku.edu.tw/static/81635.6818788a.js,80,application/javascript,3a91e01332f101b6e365a1a2cdfd8b6c62dee6723ec95b379c8bd8988586e339
https://iclass.tku.edu.tw/static/81854.5595ac26.js,200,raw/iclass.tku.edu.tw/static/81854.5595ac26.js,75963,application/javascript,0055c5b4a9ba71bfc51d8a942a244a4ad544db831f47209a66a96e6e79984808
https://iclass.tku.edu.tw/static/81931.d129fe73.js,200,raw/iclass.tku.edu.tw/static/81931.d129fe73.js,2335,application/javascript,7b39173254d4d15a03173cad9520d27b1ad9e43572940b805f131e07b4b1abe6
https://iclass.tku.edu.tw/static/81959.f1d9d1b3.js,200,raw/iclass.tku.edu.tw/static/81959.f1d9d1b3.js,17536,application/javascript,67aab94add4033e0eebab419c94ae5650a186e484703e60c848e98a6c4b61b44
https://iclass.tku.edu.tw/static/82097-edb3ff17.chunk.css,200,raw/iclass.tku.edu.tw/static/82097-edb3ff17.chunk.css,11951,text/css,1111c5087fada34eac4ab40eda854095c76b3cdc836ced5dcbdeeee6b09a86d4
https://iclass.tku.edu.tw/static/82097.57e694a1.js,200,raw/iclass.tku.edu.tw/static/82097.57e694a1.js,200522,application/javascript,b7b03369b37158fc696a8838bd4dbd0fb98188feebf0e46f76f720462b16dc2c
https://iclass.tku.edu.tw/static/821-94dae48f.chunk.css,200,raw/iclass.tku.edu.tw/static/821-94dae48f.chunk.css,26838,text/css,6e436ec152ca76fecb3f9188fde552c5d6a070d78c690286b748865613d70c07
https://iclass.tku.edu.tw/static/821.de1badca.js,200,raw/iclass.tku.edu.tw/static/821.de1badca.js,18572,application/javascript,afb42ed164848571c00928d80c2d0ade48cd6425ed679b0a1ef216e71c4e7053
https://iclass.tku.edu.tw/static/82199-32c8112e.js,200,raw/iclass.tku.edu.tw/static/82199-32c8112e.js,313875,application/javascript,7f0ee78ff08cb0a5060a9fbaa8eed52c3a568997de581f5d56bc7eb8e753b0cc
https://iclass.tku.edu.tw/static/82199-6b4a37ed.css,200,raw/iclass.tku.edu.tw/static/82199-6b4a37ed.css,82130,text/css,483f1f30bc11c95f5ded62b605054180240267199a4b487bfcec21c9a6642597
https://iclass.tku.edu.tw/static/82236.cce04de7.js,200,raw/iclass.tku.edu.tw/static/82236.cce04de7.js,35234,application/javascript,b45d33fd119be61beaf0a365b0ddb54354769c05898b0144384ac83036db4a2f
https://iclass.tku.edu.tw/static/82438.2858f04a.js,200,raw/iclass.tku.edu.tw/static/82438.2858f04a.js,2600,application/javascript,221aaab2c693d03ea7a7633d616b33dd5eb7e9d09425a7a4eaef17ceb6c2030f
https://iclass.tku.edu.tw/static/82440.2e3d1706.js,200,raw/iclass.tku.edu.tw/static/82440.2e3d1706.js,23399,application/javascript,4a27d5e85cf1935e75be2713022d1ee2a09339615f260ded232b9b092e31a744
https://iclass.tku.edu.tw/static/82578.90bfe8a8.js,200,raw/iclass.tku.edu.tw/static/82578.90bfe8a8.js,205704,application/javascript,f201c12aeb8400ccb06190d32edb1d50e448c1105508899d80fbad2bd0bb9eac
https://iclass.tku.edu.tw/static/82636-e7b10851.chunk.css,200,raw/iclass.tku.edu.tw/static/82636-e7b10851.chunk.css,25673,text/css,40b64b9dfe3a3a5903a76f31d2ca63fc6ce8244806322f1120f7be2eace003aa
https://iclass.tku.edu.tw/static/82636.1fe0fe8f.js,200,raw/iclass.tku.edu.tw/static/82636.1fe0fe8f.js,24721,application/javascript,d689fb21368b6b11d7b7d2c6a20c6ab1a5335e29ced340fb109f298aeea08732
https://iclass.tku.edu.tw/static/82831.135ef996.js,200,raw/iclass.tku.edu.tw/static/82831.135ef996.js,222875,application/javascript,2ab013a826c7bea8cb20d29886f512206a1971640ce2d259f76785582d458cc5
https://iclass.tku.edu.tw/static/82906.5e360954.js,200,raw/iclass.tku.edu.tw/static/82906.5e360954.js,26094,application/javascript,e518a2ff274141d34b5e704bef197b15a1804b6091a8e98eb2f8eccbbf7f254a
https://iclass.tku.edu.tw/static/82927-dff674d2.js,200,raw/iclass.tku.edu.tw/static/82927-dff674d2.js,14028,application/javascript,2ab4c9a15999e35d060829ca5f635233d3749572921d27ddbdc2697203cfd3c8
https://iclass.tku.edu.tw/static/83170-1ffef691.js,200,raw/iclass.tku.edu.tw/static/83170-1ffef691.js,159219,application/javascript,bf98fe715fd9452fa6f0a3633388bcfbffc3cc2dcdba3827f97c6428159b38f8
https://iclass.tku.edu.tw/static/83176-54ecd42b.chunk.css,200,raw/iclass.tku.edu.tw/static/83176-54ecd42b.chunk.css,11215,text/css,249f8884cefc4982f3933d9f8e7a668738e28bdba96863ba69a171a67d4b0140
https://iclass.tku.edu.tw/static/83176.908d40cb.js,200,raw/iclass.tku.edu.tw/static/83176.908d40cb.js,36536,application/javascript,4bc57ee21b95bef60fe202303b2fee72ab0ec63a9686c193b10c9db6d717b7c0
https://iclass.tku.edu.tw/static/83383.c4e6a35f.js,200,raw/iclass.tku.edu.tw/static/83383.c4e6a35f.js,2842,application/javascript,f15f6be1f1b28d391b033229c6a8ac21440e0de7b872de80c6e2034f83f6fcac
https://iclass.tku.edu.tw/static/83434.22d95809.js,200,raw/iclass.tku.edu.tw/static/83434.22d95809.js,1488,application/javascript,3737d3c703a0cf9235226c8aa7156a91d25e2b00b4077667a1fe2d6800f0bf81
https://iclass.tku.edu.tw/static/83440.3b6f5365.js,200,raw/iclass.tku.edu.tw/static/83440.3b6f5365.js,3739,application/javascript,11c341640d0cf9f998cc07c437fc0c342dca8755302d8bbf27e0de5d7d6f7249
https://iclass.tku.edu.tw/static/83522.8306379c.js,200,raw/iclass.tku.edu.tw/static/83522.8306379c.js,106236,application/javascript,539396aa293626e2f05714c186e6b1df30a1e355de2e64c0a1a939a8f472254e
https://iclass.tku.edu.tw/static/83564.7e35e3f5.js,200,raw/iclass.tku.edu.tw/static/83564.7e35e3f5.js,72745,application/javascript,a4182804713ea476bed76e6f149097c5304f16e9489f973693ef06ca76f7974a
https://iclass.tku.edu.tw/static/83595-83003043.chunk.css,200,raw/iclass.tku.edu.tw/static/83595-83003043.chunk.css,925,text/css,95e43b1445df6c8a39534d0674c5baf1f43479dec1474b76c6002b3dde0d49d2
https://iclass.tku.edu.tw/static/83595.147fb33c.js,200,raw/iclass.tku.edu.tw/static/83595.147fb33c.js,6132,application/javascript,2c6cd6714517ff8258b2cf18bddd25abf43ec678d99389e4ab9b3dd5e87150ad
https://iclass.tku.edu.tw/static/83696-11535847.chunk.css,200,raw/iclass.tku.edu.tw/static/83696-11535847.chunk.css,1112,text/css,c8eb6db12b3f20119cb5a3da39edc53d830512bbeed35a455913c99a7ce6953b
https://iclass.tku.edu.tw/static/83696.130941ed.js,200,raw/iclass.tku.edu.tw/static/83696.130941ed.js,25310,application/javascript,e9720971a0a086c09fd98f7a4a3bca6f3fc2d753a38dbaa336a0427f5f1e6efb
https://iclass.tku.edu.tw/static/83727.9e531459.js,200,raw/iclass.tku.edu.tw/static/83727.9e531459.js,56526,application/javascript,a41a9f28106d2d618a0c9023da328f26d113329ef174304529b0e2957e47091e
https://iclass.tku.edu.tw/static/83735-784775ae.js,200,raw/iclass.tku.edu.tw/static/83735-784775ae.js,33297,application/javascript,80eb1c9441e3d2e239c19387b6a9ec45a037e43caf7401d65dc9e926a6a25b60
https://iclass.tku.edu.tw/static/84010.80f573aa.js,200,raw/iclass.tku.edu.tw/static/84010.80f573aa.js,65687,application/javascript,eecfa0d95bfb2e0546a6dd1144297546cf1627f0099856265a289db38f969b59
https://iclass.tku.edu.tw/static/84027-f7869d26.js,200,raw/iclass.tku.edu.tw/static/84027-f7869d26.js,640160,application/javascript,dc9e023aed4b99b8a1cb0bf3847195e91c2e88ca70e7a69adc82438c3621e724
https://iclass.tku.edu.tw/static/84208.21c6f16e.js,200,raw/iclass.tku.edu.tw/static/84208.21c6f16e.js,88745,application/javascript,47bfd239d1c2ecdb81fbc3bebcf1f725dc5b9e93713701f2721302c8071ef490
https://iclass.tku.edu.tw/static/84419-83c45f33.chunk.css,200,raw/iclass.tku.edu.tw/static/84419-83c45f33.chunk.css,4265,text/css,711f2b6ad69574c1a2bccecf8ecd6599a32d7de914a4990e66f7f1a33e6b26b0
https://iclass.tku.edu.tw/static/84582.27e1aeb1.js,200,raw/iclass.tku.edu.tw/static/84582.27e1aeb1.js,12324,application/javascript,8b4c9ba1c1cebc477114c8b29a0dd7b4c731acb35d8fe155a7c11a56b6e2a2a4
https://iclass.tku.edu.tw/static/84711.cdc9aeb9.js,200,raw/iclass.tku.edu.tw/static/84711.cdc9aeb9.js,3090,application/javascript,9df497032b0edd8e5823575cb7236d2646916eb46ab44efb785e6c722c72e5e5
https://iclass.tku.edu.tw/static/84764.f956d0b8.js,200,raw/iclass.tku.edu.tw/static/84764.f956d0b8.js,42849,application/javascript,b17025a193cb07254d7d8413b9999d4d072421f14b951eff93a4642f802b2469
https://iclass.tku.edu.tw/static/84769-c448a950.chunk.css,200,raw/iclass.tku.edu.tw/static/84769-c448a950.chunk.css,856,text/css,e06c1e54be4b26e76259f0e243fb72212f1f62b805744ba3bc39874beb1c00aa
https://iclass.tku.edu.tw/static/84769.6cb6a87f.js,200,raw/iclass.tku.edu.tw/static/84769.6cb6a87f.js,22436,application/javascript,a16a7c1607ebadfa9820fb453c4822af370b273254f9a715531572e93abb8085
https://iclass.tku.edu.tw/static/84777-351fe131.js,200,raw/iclass.tku.edu.tw/static/84777-351fe131.js,146040,application/javascript,62f8b8355b0c23cd51a98069d433a593b8d873497b3b343f80e797e7e0f46909
https://iclass.tku.edu.tw/static/8484-9010b784.chunk.css,200,raw/iclass.tku.edu.tw/static/8484-9010b784.chunk.css,15738,text/css,ebe626acbdefa07e7b15d301688cd7e68ec4b1d77b37695c7ba77abd77d72242
https://iclass.tku.edu.tw/static/8484.b04c28f0.js,200,raw/iclass.tku.edu.tw/static/8484.b04c28f0.js,87397,application/javascript,81d005c21503c99c15cbe269974adc5780796958f1aa05e84246e1070a04fe1d
https://iclass.tku.edu.tw/static/84840.e90aab1a.js,200,raw/iclass.tku.edu.tw/static/84840.e90aab1a.js,5301,application/javascript,de63f27b8fc2ab0697c8c5c3e5eb26c556ae8afaca9366b442eb596170a18d14
https://iclass.tku.edu.tw/static/85080.d8a837e2.js,200,raw/iclass.tku.edu.tw/static/85080.d8a837e2.js,20315,application/javascript,59d034e26841dd02174dcc6ccaab821637d91395604eaf83150e42ea97ce92aa
https://iclass.tku.edu.tw/static/85489.8195efca.js,200,raw/iclass.tku.edu.tw/static/85489.8195efca.js,33929,application/javascript,46b078a66ef164134a115d8fb814df09f527db73a351d8327ec410e41721f48b
https://iclass.tku.edu.tw/static/85497-7a0593bc.chunk.css,200,raw/iclass.tku.edu.tw/static/85497-7a0593bc.chunk.css,11030,text/css,9341b553aac8c295ab2bd0eb3fe859f1e009e10591b69b9beb967dc47bae815d
https://iclass.tku.edu.tw/static/85559.cd746466.js,200,raw/iclass.tku.edu.tw/static/85559.cd746466.js,5280,application/javascript,231670ed3653e5460dc4867baca7bfdb800a9d26847a991fb02b053e15811e9b
https://iclass.tku.edu.tw/static/85584-c76e4083.chunk.css,200,raw/iclass.tku.edu.tw/static/85584-c76e4083.chunk.css,66,text/css,b4f511aee4c95e1d33c5c02f4add4bd0da80b4fe11f26184ee21988e5f019a43
https://iclass.tku.edu.tw/static/85584.3eacd85b.js,200,raw/iclass.tku.edu.tw/static/85584.3eacd85b.js,75220,application/javascript,ab049d10edb4a93be85e648c8da869d7cff99c50b2b1c7047af668cb1f3ed394
https://iclass.tku.edu.tw/static/85598.6b20bcca.js,200,raw/iclass.tku.edu.tw/static/85598.6b20bcca.js,7936,application/javascript,509c94003a50e6a64543ee8062a78fea092ac2ce3eeb4ac0b7e2b4fb0b380f77
https://iclass.tku.edu.tw/static/85728.c2a6cda9.js,200,raw/iclass.tku.edu.tw/static/85728.c2a6cda9.js,10498,application/javascript,b21359e92926472bce5da56e91a27c185a4befc6ce37216b0a3092de1314c7e7
https://iclass.tku.edu.tw/static/86066.8fa17c6e.js,200,raw/iclass.tku.edu.tw/static/86066.8fa17c6e.js,71422,application/javascript,c9c98f6d16990cf51ecc2e35d1cdd20da0abcd63dc4a6e82c4a92e418b389a23
https://iclass.tku.edu.tw/static/8609.eb461692.js,200,raw/iclass.tku.edu.tw/static/8609.eb461692.js,61195,application/javascript,43d173ecf566cc3a1061c9770e658025cef1cc43e833c76f0c8c490223093c22
https://iclass.tku.edu.tw/static/86295-514129b9.chunk.css,200,raw/iclass.tku.edu.tw/static/86295-514129b9.chunk.css,13793,text/css,793b3ef44d5b076c7e1e4ce369e09a6feb7cd7caaf6c66efc6ed5a3f68ef2c89
https://iclass.tku.edu.tw/static/86295.faa6b267.js,200,raw/iclass.tku.edu.tw/static/86295.faa6b267.js,19538,application/javascript,043fcd6deb3a4ae4046c2a8436e41f17a813d826644eb963b4dd17a03874be41
https://iclass.tku.edu.tw/static/86325.ebafe1db.js,200,raw/iclass.tku.edu.tw/static/86325.ebafe1db.js,1870,application/javascript,aa3041713c95236a0eff1b78b363a3c2eebcc799a09247a01b312043997f8e8a
https://iclass.tku.edu.tw/static/86422.e8b1bd26.js,200,raw/iclass.tku.edu.tw/static/86422.e8b1bd26.js,24002,application/javascript,ffe5eaf110f12ed64b489ee6912f385c669ad4910e61aa07388e80f89e6aa3c2
https://iclass.tku.edu.tw/static/86630.be23391e.js,200,raw/iclass.tku.edu.tw/static/86630.be23391e.js,26402,application/javascript,9957c3a7a5d271409c248f6e8a3e75357e1c469c5d37cd5b21528915143d178d
https://iclass.tku.edu.tw/static/86826.fd8d4ff1.js,200,raw/iclass.tku.edu.tw/static/86826.fd8d4ff1.js,10494,application/javascript,96ea7c88c6994ca3337db5c0e8682f3b6736440f1d9afeb367c62cbd99025498
https://iclass.tku.edu.tw/static/87056-42fea3d8.chunk.css,200,raw/iclass.tku.edu.tw/static/87056-42fea3d8.chunk.css,8034,text/css,9e639aebb8142075ae7f37cdc25775292ae02e2bc0d2ed73c185f929b4991385
https://iclass.tku.edu.tw/static/87056.5d7f912b.js,200,raw/iclass.tku.edu.tw/static/87056.5d7f912b.js,15889,application/javascript,10b16bf0834008be69abe4c2d0fecc020972aa4948b7610d62acc6558260b3a0
https://iclass.tku.edu.tw/static/87219.2ace1570.js,200,raw/iclass.tku.edu.tw/static/87219.2ace1570.js,4398,application/javascript,718d239c69da65cd589daaea65e7af3bcfc01eb3c14151e496654b31bc26eb47
https://iclass.tku.edu.tw/static/87298.2dc9119d.js,200,raw/iclass.tku.edu.tw/static/87298.2dc9119d.js,883,application/javascript,cbaf1bdc354bf29196f1c762b1827093ed77a35df35fd9c689edc226b3e11f2e
https://iclass.tku.edu.tw/static/87474.3dfe9474.js,200,raw/iclass.tku.edu.tw/static/87474.3dfe9474.js,144,application/javascript,5a4c24136d726edbbe5141046c79676d4a3a494181d9e3d39b92c16305859d07
https://iclass.tku.edu.tw/static/8751.09360549.js,200,raw/iclass.tku.edu.tw/static/8751.09360549.js,54149,application/javascript,b0d9474d777edbb4ce22b4ca7371e8686911717266ec49d603964d9ec3aea0ef
https://iclass.tku.edu.tw/static/87599.151f3a74.js,200,raw/iclass.tku.edu.tw/static/87599.151f3a74.js,57243,application/javascript,333c9fcef653e31a1f564044ebadf1c63558e885409e17b8be2b614d3e9a3dca
https://iclass.tku.edu.tw/static/87863.5d85bf1f.js,200,raw/iclass.tku.edu.tw/static/87863.5d85bf1f.js,6154,application/javascript,834dce5667fdab997525404cd6f000d1330fd7f019501d2099a0cb171f0897b1
https://iclass.tku.edu.tw/static/87899-2c919b23.chunk.css,200,raw/iclass.tku.edu.tw/static/87899-2c919b23.chunk.css,559,text/css,b487ff416fe636cdadecffef9453f332229afa977175dd4788a043d5ceab4355
https://iclass.tku.edu.tw/static/87899.f2d33e40.js,200,raw/iclass.tku.edu.tw/static/87899.f2d33e40.js,23290,application/javascript,5a402c31ec6931a551f32a6e74808bce520cb2a3a396630ca1d13ba270cbdd4e
https://iclass.tku.edu.tw/static/87925.0d6e0258.js,200,raw/iclass.tku.edu.tw/static/87925.0d6e0258.js,1886,application/javascript,eab30c882f2350904b431cee7f6e4ee8e4bb8b0ac3dd5aeb3326141bb0bfa6aa
https://iclass.tku.edu.tw/static/87942-dc90e165.chunk.css,200,raw/iclass.tku.edu.tw/static/87942-dc90e165.chunk.css,7310,text/css,e3b8802685f337caa42b1cb2abe3c1bcd60f5530c90b4d87f2f5fafb9cd1d79d
https://iclass.tku.edu.tw/static/87966.b48076d1.js,200,raw/iclass.tku.edu.tw/static/87966.b48076d1.js,73249,application/javascript,4149e52a1e8b663d0ef4aa16e21570c72187cd38b2f286384b3dd498e0975444
https://iclass.tku.edu.tw/static/8820-167f9e35.js,200,raw/iclass.tku.edu.tw/static/8820-167f9e35.js,202900,application/javascript,0d6d5edf737ae03390ffd874d953817d85afef4ebab41a6b5e592bb1ee8ca99b
https://iclass.tku.edu.tw/static/88465-f841f4bf.chunk.css,200,raw/iclass.tku.edu.tw/static/88465-f841f4bf.chunk.css,3551,text/css,670284023ce687e9b0e75a05673f642514dcca9893d1b3bff154e417367bfee9
https://iclass.tku.edu.tw/static/88465.7abac50f.js,200,raw/iclass.tku.edu.tw/static/88465.7abac50f.js,18369,application/javascript,2fe622b8ceae32060b2acba6187cc696181124851f8c89610ca89b09c2684f71
https://iclass.tku.edu.tw/static/88478.a888aade.js,200,raw/iclass.tku.edu.tw/static/88478.a888aade.js,5070,application/javascript,30b796ee10e9b0137464272e0e0abf33026be056d1e7c71380a41db08a148325
https://iclass.tku.edu.tw/static/88518.164d9e78.js,200,raw/iclass.tku.edu.tw/static/88518.164d9e78.js,2652,application/javascript,4f0ade941dfa381f3f6ff569826de96776080aab0c7311802091e7e4b7352eed
https://iclass.tku.edu.tw/static/88591.8be95795.js,200,raw/iclass.tku.edu.tw/static/88591.8be95795.js,1739,application/javascript,e40c6087740c05e616db51d35f4658d55a302073a6406823e389c09e334695bd
https://iclass.tku.edu.tw/static/88608.f901def8.js,200,raw/iclass.tku.edu.tw/static/88608.f901def8.js,80323,application/javascript,1555c1a67949e564f6260f8a5f19cedf28b537e2038db515d0ff0235cd9705ce
https://iclass.tku.edu.tw/static/8870.aeb2c944.js,200,raw/iclass.tku.edu.tw/static/8870.aeb2c944.js,9714,application/javascript,53f0877a9d33b99ea77df203d0c0b5e0d0a04263b949b1eee6f3a0186ed8c1a2
https://iclass.tku.edu.tw/static/88712-e63b5608.js,200,raw/iclass.tku.edu.tw/static/88712-e63b5608.js,30455,application/javascript,22718d80e948f525e2246f9988f0f395d1f4f09a59b47239b6830c8fa46cf089
https://iclass.tku.edu.tw/static/88788-aad13dc1.chunk.css,200,raw/iclass.tku.edu.tw/static/88788-aad13dc1.chunk.css,56996,text/css,4b03eb9b3ff8e8d82c16e1e2b1277d639227b4f7e15dbc0adbf34900c3e52137
https://iclass.tku.edu.tw/static/88788.142d7e76.js,200,raw/iclass.tku.edu.tw/static/88788.142d7e76.js,406883,application/javascript,00e79e60c871d8a7185ceee2fab0abc1fa894a23bced2d0ae5f9b19a7a51b191
https://iclass.tku.edu.tw/static/88951.3d50816c.js,200,raw/iclass.tku.edu.tw/static/88951.3d50816c.js,5669,application/javascript,1df6145dcb3b8446acb5a36fdd3229125b839ec1bf40ce1d9281fbb4f1fa0d26
https://iclass.tku.edu.tw/static/89087.e4029a95.js,200,raw/iclass.tku.edu.tw/static/89087.e4029a95.js,47663,application/javascript,a6ab5f5cd2b746d69169689b1e9c8cf0605fe8f3e918313a9982ce2620c3aee7
https://iclass.tku.edu.tw/static/89151-7a970f2f.chunk.css,200,raw/iclass.tku.edu.tw/static/89151-7a970f2f.chunk.css,6890,text/css,c8797fb196a660497b7be5e36f3b13417c8cf54c00e994845b5f7e50eb9d24ea
https://iclass.tku.edu.tw/static/89151.d555e2cf.js,200,raw/iclass.tku.edu.tw/static/89151.d555e2cf.js,60859,application/javascript,a7cd0ce29ddbbefa5fe5b5569087f765f727a189ec410b5c96bedd6fd5eb686b
https://iclass.tku.edu.tw/static/89163.40489500.js,200,raw/iclass.tku.edu.tw/static/89163.40489500.js,987,application/javascript,00bbfc7f4378c5a1cbc6437b63f1baeba8c3ae4382a65b17263fc4121d3d946f
https://iclass.tku.edu.tw/static/8919.8bd55166.js,200,raw/iclass.tku.edu.tw/static/8919.8bd55166.js,65281,application/javascript,2079252676a03b7b56cdbb6f0f49374f94de160376a9f523d74ba084b7f4b1ca
https://iclass.tku.edu.tw/static/89199.a7791db6.js,200,raw/iclass.tku.edu.tw/static/89199.a7791db6.js,19668,application/javascript,f791d73b1866f60baf028c5b0ef1f87477dfbaa6bf6e6154e32138e3eb80d6f6
https://iclass.tku.edu.tw/static/8937-61055b8c.chunk.css,200,raw/iclass.tku.edu.tw/static/8937-61055b8c.chunk.css,602,text/css,0edac3746c8aa7a19e3549523f6cfc2ded765df712391a4660b2f426ad05ab0b
https://iclass.tku.edu.tw/static/8937.4afa2aa4.js,200,raw/iclass.tku.edu.tw/static/8937.4afa2aa4.js,1503,application/javascript,ec2eeb35e440b4400be859468f33031423918863423bf064187764501e087be9
https://iclass.tku.edu.tw/static/89781.8f83b56c.js,200,raw/iclass.tku.edu.tw/static/89781.8f83b56c.js,3327,application/javascript,be010d38862873ecef90a98948b6241733570cc6f6e01187ea7b763664cb163b
https://iclass.tku.edu.tw/static/8979.dc3bd748.js,200,raw/iclass.tku.edu.tw/static/8979.dc3bd748.js,44031,application/javascript,76e93689a61af505c2cee375fc8c1c4c7583d13b708a9b02809ae3f7d0ecfa4c
https://iclass.tku.edu.tw/static/89898-5ef99534.chunk.css,200,raw/iclass.tku.edu.tw/static/89898-5ef99534.chunk.css,1143,text/css,2c4d8363142a812910a7310f51197d7d474251e052df2a04ad8b0ecd3b73b0d1
https://iclass.tku.edu.tw/static/89898.db04bbea.js,200,raw/iclass.tku.edu.tw/static/89898.db04bbea.js,27648,application/javascript,6d97c2300b2a4868b5145f3c5611d04bb876fa2097b1f62a79e9eadf983e4dce
https://iclass.tku.edu.tw/static/90201-2d59482e.chunk.css,200,raw/iclass.tku.edu.tw/static/90201-2d59482e.chunk.css,3781,text/css,92ec7f2af9cad4abe830724eef79d16dc18bab17909edba5891bb5cb5d1f680b
https://iclass.tku.edu.tw/static/90201.ffeacf58.js,200,raw/iclass.tku.edu.tw/static/90201.ffeacf58.js,13255,application/javascript,df8b8a7e5cf2078e1fafab14f39d33a7ea8400db1a4257bec9300ca93cf8abf0
https://iclass.tku.edu.tw/static/90406.19f9839b.js,200,raw/iclass.tku.edu.tw/static/90406.19f9839b.js,29949,application/javascript,01d4e4d4a3a697211132c292b3e3bb71e11811878d6d649b37bacfcc9b93a4f0
https://iclass.tku.edu.tw/static/90525.dbf7e0f1.js,200,raw/iclass.tku.edu.tw/static/90525.dbf7e0f1.js,1877,application/javascript,d561662e641f288e67f1e1eb71a6f2ff93192ebf1f8c2851e6c2a352efd38bd0
https://iclass.tku.edu.tw/static/90625-60e50e58.chunk.css,200,raw/iclass.tku.edu.tw/static/90625-60e50e58.chunk.css,17421,text/css,7ab86f6a69d14883213cbf62d4fa6a17a87121b2c30ac0ca4d197f738d8d7664
https://iclass.tku.edu.tw/static/90625.550ad754.js,200,raw/iclass.tku.edu.tw/static/90625.550ad754.js,65939,application/javascript,a00d19a2c337e9d83d678279f013538bdad14e9313bd9cc2107bee822edb1d7d
https://iclass.tku.edu.tw/static/90679.00a1195d.js,200,raw/iclass.tku.edu.tw/static/90679.00a1195d.js,38114,application/javascript,d580bc54cac61a25312dae1ede9aeccd3d9184f59c28106da2d50c42ab0e82be
https://iclass.tku.edu.tw/static/90719-920047c0.chunk.css,200,raw/iclass.tku.edu.tw/static/90719-920047c0.chunk.css,1538,text/css,785c6fd2fb96b33fb35ce371f565afc54f8ca8a9278c1300ee83089d9f865bc5
https://iclass.tku.edu.tw/static/90719.41523feb.js,200,raw/iclass.tku.edu.tw/static/90719.41523feb.js,25547,application/javascript,22b07bc7511f0b8f791765a7b29d90d903d6b1f64cfe8633affb0bd2dd572886
https://iclass.tku.edu.tw/static/90775.e33dd884.js,200,raw/iclass.tku.edu.tw/static/90775.e33dd884.js,2570,application/javascript,b95424a8ee13175db9752b794727290abb8347809f81717a2b437807547ede9c
https://iclass.tku.edu.tw/static/90887-960c0753.js,200,raw/iclass.tku.edu.tw/static/90887-960c0753.js,90144,application/javascript,8cf8f6d9022453ca7252b12e5062e0ecae85ab19f39b9e2a32c3fffb41ab4b0e
https://iclass.tku.edu.tw/static/90924.0f5da29e.js,200,raw/iclass.tku.edu.tw/static/90924.0f5da29e.js,10567,application/javascript,6af6e036c476cc55d138ff6956dceb938df7c4bdf63f8225efdc976b9c98e426
https://iclass.tku.edu.tw/static/90936-350031f2.chunk.css,200,raw/iclass.tku.edu.tw/static/90936-350031f2.chunk.css,2106,text/css,96abf19984805fab22a473b5da3bfeb4c5f7189df7c56b7c82c96b6ac185faf0
https://iclass.tku.edu.tw/static/90936.745ec6a9.js,200,raw/iclass.tku.edu.tw/static/90936.745ec6a9.js,8101,application/javascript,753b8a7470a7d135e677803ee0b313fad3dd9d1914a2fc09d71b2df92f439ee6
https://iclass.tku.edu.tw/static/91021-161af06c.chunk.css,200,raw/iclass.tku.edu.tw/static/91021-161af06c.chunk.css,37676,text/css,0b1aeeac24348a03b796ea36567c1b606445764f6360c5bf88427fd000f706c3
https://iclass.tku.edu.tw/static/91021.9c65ef13.js,200,raw/iclass.tku.edu.tw/static/91021.9c65ef13.js,110645,application/javascript,80fe0606a9718d3141da9e894d60fd243a0d3e4ebad75c4aaf21de70cffd2a5d
https://iclass.tku.edu.tw/static/91320.dc249eac.js,200,raw/iclass.tku.edu.tw/static/91320.dc249eac.js,23105,application/javascript,c083b7faad54f2c525c8a3cfdfd0a0689828a3306d360c3ce03efb2574792329
https://iclass.tku.edu.tw/static/91852.23e651fd.js,200,raw/iclass.tku.edu.tw/static/91852.23e651fd.js,31837,application/javascript,d115e7adf01f1aa4b032f43e9406e33b86549cfa2da3576faa77b98eee835059
https://iclass.tku.edu.tw/static/91882.ab0217bc.js,200,raw/iclass.tku.edu.tw/static/91882.ab0217bc.js,94065,application/javascript,6dba5e002c34c59341ba4b866de771c0171ea43cec88fd289d9d4a90d78404a7
https://iclass.tku.edu.tw/static/91915-54b34f10.js,200,raw/iclass.tku.edu.tw/static/91915-54b34f10.js,138902,application/javascript,d84a1cb00b76716167320e7fc2fd6b42d769bacec9870349c0310a0f4bb58032
https://iclass.tku.edu.tw/static/91962-12602e29.js,200,raw/iclass.tku.edu.tw/static/91962-12602e29.js,36805,application/javascript,23ea7c76941f5a16a13b6a543f9be565cc282b98f3bfab34cd421c791bd37d61
https://iclass.tku.edu.tw/static/92082-209ef185.chunk.css,200,raw/iclass.tku.edu.tw/static/92082-209ef185.chunk.css,2860,text/css,a8494104baa19fea5836737d36ee2c96c42edb8995848e527f3d0da1023327f9
https://iclass.tku.edu.tw/static/92082.4c9d5e26.js,200,raw/iclass.tku.edu.tw/static/92082.4c9d5e26.js,45857,application/javascript,daf952d35d171b8bb0e1bbfefb1abd7cff79aaa30f0991610c344c8e979cf12e
https://iclass.tku.edu.tw/static/92085.9f610fe1.js,200,raw/iclass.tku.edu.tw/static/92085.9f610fe1.js,2625,application/javascript,5228be3cb62bf6df66c0d406252cd92725c674e51e4591a2b2acb3f7118041a8
https://iclass.tku.edu.tw/static/9217-a2327fc4.chunk.css,200,raw/iclass.tku.edu.tw/static/9217-a2327fc4.chunk.css,7829,text/css,031fb002239d3e3a5d6a3efd36d9bef5a5226eb389bf613b7d770728c23d4d74
https://iclass.tku.edu.tw/static/9217.bf4edebc.js,200,raw/iclass.tku.edu.tw/static/9217.bf4edebc.js,24050,application/javascript,83d0bff3e3fa944ee7605145069b7ee7e5fa14c153d19e44e8b4ea0640e28835
https://iclass.tku.edu.tw/static/92245-6062b7bb.chunk.css,200,raw/iclass.tku.edu.tw/static/92245-6062b7bb.chunk.css,1179,text/css,38050b29d1691af3f1a7d654acc3e1b510d8635319d8bb154550fab3b0b238a7
https://iclass.tku.edu.tw/static/92245.6ff6b631.js,200,raw/iclass.tku.edu.tw/static/92245.6ff6b631.js,23262,application/javascript,4a79230fbed99957a8f7e4fe609ea1a00b79b242e877171ace18f9b6f508b740
https://iclass.tku.edu.tw/static/92455-93af5f94.chunk.css,200,raw/iclass.tku.edu.tw/static/92455-93af5f94.chunk.css,3914,text/css,52891ea51abb525e5bc82a08871d0296b28fd20be09da3f11689fa465954c35e
https://iclass.tku.edu.tw/static/92455.9596e32b.js,200,raw/iclass.tku.edu.tw/static/92455.9596e32b.js,16034,application/javascript,ea3ad4bc9bb8eb9db56eddff2bf8ad22f5f0291cf81ccd4158890677bb19660c
https://iclass.tku.edu.tw/static/92519.1c10a6fc.js,200,raw/iclass.tku.edu.tw/static/92519.1c10a6fc.js,12608,application/javascript,a307f1a98b9733b62029baab89326fe66c11c092e6fcef36c131aba18829463d
https://iclass.tku.edu.tw/static/92556.15283730.js,200,raw/iclass.tku.edu.tw/static/92556.15283730.js,2383,application/javascript,3c0c40ff203aa692e5b526e4a5ef49234031625a87ff0548b21d96bd86dab103
https://iclass.tku.edu.tw/static/92702-e80c4026.chunk.css,200,raw/iclass.tku.edu.tw/static/92702-e80c4026.chunk.css,3735,text/css,2e1b6dcdc66dc7ad377eeb91818b03e4a8709ab36c68d058115385600003107f
https://iclass.tku.edu.tw/static/92794.90f6375a.js,200,raw/iclass.tku.edu.tw/static/92794.90f6375a.js,134108,application/javascript,a9eba2e65d8c0df7674005302af43d557202e8beb35cc11f6cbd2991eb006c24
https://iclass.tku.edu.tw/static/93084.502a2adb.js,200,raw/iclass.tku.edu.tw/static/93084.502a2adb.js,1860,application/javascript,3aff9aa95dcf3917c2a1b0eaa310e18d9d4c6c9676940deba9778ad272259f0a
https://iclass.tku.edu.tw/static/93155.0c0ec13a.js,200,raw/iclass.tku.edu.tw/static/93155.0c0ec13a.js,17134,application/javascript,7483a46a9a5b06f62c5910b939d870e5cc95ae0847dcd3ca6188c43e2028341c
https://iclass.tku.edu.tw/static/93171.b583fe89.js,200,raw/iclass.tku.edu.tw/static/93171.b583fe89.js,275,application/javascript,90f2b330374de3bc810261de829aa053ef82cca8d992c60362958f544dc876e9
https://iclass.tku.edu.tw/static/93198.dceb561e.js,200,raw/iclass.tku.edu.tw/static/93198.dceb561e.js,1847,application/javascript,7a109e3833f8c1e691296788212b525579637f879303f579a6b76a932242d41d
https://iclass.tku.edu.tw/static/93341-28b62aba.chunk.css,200,raw/iclass.tku.edu.tw/static/93341-28b62aba.chunk.css,6369,text/css,7f8f1054f8842aa6cc979fe1d4aa858efa2e726147b1d08dad703a5357c47e88
https://iclass.tku.edu.tw/static/93341.d3187e73.js,200,raw/iclass.tku.edu.tw/static/93341.d3187e73.js,81444,application/javascript,8b18368c292484830c19a265dbb166a4ac2624a4657b12d2889d5b1accdea8f3
https://iclass.tku.edu.tw/static/93366-9ec5bda6.chunk.css,200,raw/iclass.tku.edu.tw/static/93366-9ec5bda6.chunk.css,10283,text/css,5fe34c0ae4130da36acf3a999ec0a7161416118acb2363857eb6cd0753e624b0
https://iclass.tku.edu.tw/static/93366.14a0fcf7.js,200,raw/iclass.tku.edu.tw/static/93366.14a0fcf7.js,36479,application/javascript,6ede6a455c623d3313a9bac74eed49a9cbffc4736905f673b67aac5958963b0f
https://iclass.tku.edu.tw/static/93610-bf30ee0d.chunk.css,200,raw/iclass.tku.edu.tw/static/93610-bf30ee0d.chunk.css,2860,text/css,a7fb2ba1c1b02733786e7e4a1df9e2334f004950d32c37e4406bdf77a114d708
https://iclass.tku.edu.tw/static/93610.6936aa9a.js,200,raw/iclass.tku.edu.tw/static/93610.6936aa9a.js,58755,application/javascript,c4f85e1087ba88187029210a58ff239d3b7a15b59e403b26d0c5c00e856ec2b0
https://iclass.tku.edu.tw/static/93714.ed691a45.js,200,raw/iclass.tku.edu.tw/static/93714.ed691a45.js,30939,application/javascript,773abdc5934e9e805f747e564d1c33e4f8880a9fc90f50ca286cc44d8d882800
https://iclass.tku.edu.tw/static/93746.df010f77.js,200,raw/iclass.tku.edu.tw/static/93746.df010f77.js,265844,application/javascript,c4783b05f026545a8190b81f88b4c8a0244cf182a6be4f1aec0108fbfa5c1742
https://iclass.tku.edu.tw/static/93780.c5d539c8.js,200,raw/iclass.tku.edu.tw/static/93780.c5d539c8.js,18080,application/javascript,1cc168f626ec47eb4077af2f889e87cc788dca324134483de8d3048c13812573
https://iclass.tku.edu.tw/static/93884.fff48217.js,200,raw/iclass.tku.edu.tw/static/93884.fff48217.js,2636,application/javascript,d0165c0d7ce369251051f34932db89aded8df3a70f76d5cbc711d06876c53d83
https://iclass.tku.edu.tw/static/93926.b408e087.js,200,raw/iclass.tku.edu.tw/static/93926.b408e087.js,14982,application/javascript,95d1b2608d18f0b97238fc0ab7e4948d4d6e46a211401c0a0052f375dbe6791c
https://iclass.tku.edu.tw/static/94064.3246640d.js,200,raw/iclass.tku.edu.tw/static/94064.3246640d.js,1869,application/javascript,cf2abdc6189a284f58ecd1f052e571c96aff6a9c130d6b02e6a24de236983dff
https://iclass.tku.edu.tw/static/94084-ab9204f8.chunk.css,200,raw/iclass.tku.edu.tw/static/94084-ab9204f8.chunk.css,5774,text/css,0c7bf5a7fd217bdd4fc2c94fa2e85cbb1e035d4abb1fc07098a6e4db240a0873
https://iclass.tku.edu.tw/static/94084.22ce1a21.js,200,raw/iclass.tku.edu.tw/static/94084.22ce1a21.js,36704,application/javascript,b04e066d4804b2cead74d710318ead590ba194cf14df641dc27749e2c9799193
https://iclass.tku.edu.tw/static/94119.6a53ddb1.js,200,raw/iclass.tku.edu.tw/static/94119.6a53ddb1.js,2783,application/javascript,a043b3e009865c3adc2fcfe509d42eb043690f3419752869a0e30ad8617bc95a
https://iclass.tku.edu.tw/static/94170.152a6707.js,200,raw/iclass.tku.edu.tw/static/94170.152a6707.js,37338,application/javascript,2b14e2920f2ed11d4be422f04a14b54bae296c186a9f77f542cb347df063b693
https://iclass.tku.edu.tw/static/94207.55993ecf.js,200,raw/iclass.tku.edu.tw/static/94207.55993ecf.js,18528,application/javascript,9f1fd533431a829349e09b73e0081252fb89e1b696e9d0a1c024e847507eb1c4
https://iclass.tku.edu.tw/static/94266-82908132.chunk.css,200,raw/iclass.tku.edu.tw/static/94266-82908132.chunk.css,5300,text/css,bad593ac94f14d21219692c87a8f0d414b8d0ade2ea75452dddff2f2104f9a85
https://iclass.tku.edu.tw/static/94266.e5ff0ac2.js,200,raw/iclass.tku.edu.tw/static/94266.e5ff0ac2.js,25659,application/javascript,54256dd70043a55664f32761bc2d3a520a3aa556690c8646bcc2af5cb2519193
https://iclass.tku.edu.tw/static/943-eece7788.chunk.css,200,raw/iclass.tku.edu.tw/static/943-eece7788.chunk.css,138,text/css,853a56375b405462a1728686c5987b4ed821749049697b81504da83005130286
https://iclass.tku.edu.tw/static/943.4484e3cb.js,200,raw/iclass.tku.edu.tw/static/943.4484e3cb.js,2252,application/javascript,84927c2a1bf545239cde56bec4e267597b2a61d7159f18258ce6c6f630fda5ad
https://iclass.tku.edu.tw/static/94591.2a6f5e72.js,200,raw/iclass.tku.edu.tw/static/94591.2a6f5e72.js,72090,application/javascript,dd361fe64df62bf2799957d63d0602f0dad608216d0e8e016d57b3e6f4e613b6
https://iclass.tku.edu.tw/static/94674.8d5a1f59.js,200,raw/iclass.tku.edu.tw/static/94674.8d5a1f59.js,25831,application/javascript,ffcfe9394928fedfa1282d799d624b31b75ff71532f0b14d4b8ee87ecc16bae8
https://iclass.tku.edu.tw/static/94795.2ff75664.js,200,raw/iclass.tku.edu.tw/static/94795.2ff75664.js,18570,application/javascript,d28a55265e49f80293cd7b58131243efdcce5f1ec5bfec9f4b9e291d9a2458e3
https://iclass.tku.edu.tw/static/94862.200578e9.js,200,raw/iclass.tku.edu.tw/static/94862.200578e9.js,48714,application/javascript,d9312292a4cf3254ec93a324aad7632074af74e72c956164f5bbe9e1d9d197db
https://iclass.tku.edu.tw/static/95078.92c956e9.js,200,raw/iclass.tku.edu.tw/static/95078.92c956e9.js,13062,application/javascript,54fbac58cae80ee94214b34c1226b808063e43c3361a48645174d1ddccb763a8
https://iclass.tku.edu.tw/static/95093-78347e93.js,200,raw/iclass.tku.edu.tw/static/95093-78347e93.js,61229,application/javascript,a7a24013b623effb97bf2bf578b7a9ca4040caf806c97a5f78eb9b91cebf16b0
https://iclass.tku.edu.tw/static/95128.8705b488.js,200,raw/iclass.tku.edu.tw/static/95128.8705b488.js,3224,application/javascript,947fba2a7d33184ac1c8cab6bf4491c462e3d6b0ffaa3511406f3240c94a64f6
https://iclass.tku.edu.tw/static/95397-5f6909f9.chunk.css,200,raw/iclass.tku.edu.tw/static/95397-5f6909f9.chunk.css,4587,text/css,05293d514dc7e08d6ef832f04a34e23e646ecb497dff6803f1f28afc4b9ec383
https://iclass.tku.edu.tw/static/95397.bb70580d.js,200,raw/iclass.tku.edu.tw/static/95397.bb70580d.js,28915,application/javascript,fdf6f9be1eab8402c9d80ff97158728851196189add65c57b46fb1dc5e391744
https://iclass.tku.edu.tw/static/95526.f68dcdae.js,200,raw/iclass.tku.edu.tw/static/95526.f68dcdae.js,1661,application/javascript,8762e4d63efded083aae26801fbef457fdd8d922a5bc91bb35b7e6d2e5618b8f
https://iclass.tku.edu.tw/static/95738-3a84cfeb.js,200,raw/iclass.tku.edu.tw/static/95738-3a84cfeb.js,17824,application/javascript,4a98c64daee6b238e026edb55cc981b30a8e69ee3ac7d7dc39d1f5667a7b4b6a
https://iclass.tku.edu.tw/static/95825.9d586b3c.js,200,raw/iclass.tku.edu.tw/static/95825.9d586b3c.js,1557,application/javascript,2e77f9fa514a06838e34eab653e5412d90e54ae6b07c85fb15329132af9c47cd
https://iclass.tku.edu.tw/static/96140-2276bc17.chunk.css,200,raw/iclass.tku.edu.tw/static/96140-2276bc17.chunk.css,1684,text/css,3a5dbd4df0fe92d06ddbbe473a88df698e4892167a2121e750429d0d401b9f9e
https://iclass.tku.edu.tw/static/96140.a5ad6c1d.js,200,raw/iclass.tku.edu.tw/static/96140.a5ad6c1d.js,5614,application/javascript,9f5ef3671da39565cb3aba132d80041d1bbebba7a97d890a6bcda6287d6369a8
https://iclass.tku.edu.tw/static/96190.4e7c05f5.js,200,raw/iclass.tku.edu.tw/static/96190.4e7c05f5.js,4580,application/javascript,2d33a04512b2f390671476cc294d56f3df291ce538fa69afead08988fa388d60
https://iclass.tku.edu.tw/static/96209-7e6b6625.chunk.css,200,raw/iclass.tku.edu.tw/static/96209-7e6b6625.chunk.css,4293,text/css,27c5196c98c4a82a8dbce3d593da445d62be4d1ee74ae772e41fd236b6ffe63f
https://iclass.tku.edu.tw/static/96209.eab6623e.js,200,raw/iclass.tku.edu.tw/static/96209.eab6623e.js,25885,application/javascript,8fa42fc013196e099d706f447c2384899c022136f5379d8b5c65680e9ed8029d
https://iclass.tku.edu.tw/static/96258.25a0a2a3.js,200,raw/iclass.tku.edu.tw/static/96258.25a0a2a3.js,1167,application/javascript,a17e98c03825ac98e2330adcdec5adbd05b0a1af93dd9ef103662522d85cf7f0
https://iclass.tku.edu.tw/static/96431-8c3957af.js,200,raw/iclass.tku.edu.tw/static/96431-8c3957af.js,53388,application/javascript,767a94e2e0f41d59d0194627660383018bc4f7628515091f436a02bddfbcd7d9
https://iclass.tku.edu.tw/static/96531.6cf2d69c.js,200,raw/iclass.tku.edu.tw/static/96531.6cf2d69c.js,539,application/javascript,c9b76ee2f121b6347e9a19c01f5975b9531b293d4fc2d48912179d2279847838
https://iclass.tku.edu.tw/static/96553.acc9dcc4.js,200,raw/iclass.tku.edu.tw/static/96553.acc9dcc4.js,2552,application/javascript,ea71186413aeb778b8d29f049b5a93bcaea2f89ae9d505d7a91f55ef160a4a37
https://iclass.tku.edu.tw/static/96594.16884283.js,200,raw/iclass.tku.edu.tw/static/96594.16884283.js,25701,application/javascript,30bf9f24108b3adbb49bd4ea19485828a72f522b4c81bd689161a94f769fe487
https://iclass.tku.edu.tw/static/96717.643d9050.js,200,raw/iclass.tku.edu.tw/static/96717.643d9050.js,2507,application/javascript,3eeee8191b244b491dc62306032d6f653a3240dc86fe18a4bb3acd2e3afad7ff
https://iclass.tku.edu.tw/static/96966.c8730371.js,200,raw/iclass.tku.edu.tw/static/96966.c8730371.js,12633,application/javascript,aaac873c7a8350af3b50cf4a78c866cb8ae09319f62172c089a1ff7f7adceeb6
https://iclass.tku.edu.tw/static/97170.21bce3c1.js,200,raw/iclass.tku.edu.tw/static/97170.21bce3c1.js,1665,application/javascript,e1f3976c571aa1d1396e60c801c0d3bb350296c160d161ec0711e378e69fe53f
https://iclass.tku.edu.tw/static/97222-7a130436.js,200,raw/iclass.tku.edu.tw/static/97222-7a130436.js,26762,application/javascript,93e3ac0681a85db5c2f6f7e47c81038d151921884200f1911fc5b49341292b89
https://iclass.tku.edu.tw/static/9727.7ea218be.js,200,raw/iclass.tku.edu.tw/static/9727.7ea218be.js,31483,application/javascript,202c312ec0352f7dc84e09db70f96aac9346d7b6ce6797c12833efcfb2ac583a
https://iclass.tku.edu.tw/static/9733.84b971ed.js,200,raw/iclass.tku.edu.tw/static/9733.84b971ed.js,109139,application/javascript,851eb3f7b321a3234637055154d84819ec181f82ca13b7f618775d27c9f6271e
https://iclass.tku.edu.tw/static/97381-087aef3b.chunk.css,200,raw/iclass.tku.edu.tw/static/97381-087aef3b.chunk.css,15650,text/css,65587488b8faca77c706ef9bc8ad908f40d59c61fde65643c294c24e314a46e5
https://iclass.tku.edu.tw/static/97381.d0865143.js,200,raw/iclass.tku.edu.tw/static/97381.d0865143.js,17546,application/javascript,f0a742f7c8f11b36a4a58a185ae85b8944f5c86170c7d55e4aa32441ea7ec427
https://iclass.tku.edu.tw/static/97620-989c9fdb.chunk.css,200,raw/iclass.tku.edu.tw/static/97620-989c9fdb.chunk.css,10990,text/css,f2bf1e730e7c146e4707602b41061481023cb3510c226649c9644573ca2d4ff6
https://iclass.tku.edu.tw/static/97620.9a25c9b6.js,200,raw/iclass.tku.edu.tw/static/97620.9a25c9b6.js,462731,application/javascript,a241969cd8f56875d223c6a162205f550f35fd586a17a79968067093f715ebcc
https://iclass.tku.edu.tw/static/97675.79548d56.js,200,raw/iclass.tku.edu.tw/static/97675.79548d56.js,1523,application/javascript,ca89748351fb424dde940337f48e313c01a9fc49af73f5f4ea9fbf0cfbd3645e
https://iclass.tku.edu.tw/static/97786-c0269ad9.js,200,raw/iclass.tku.edu.tw/static/97786-c0269ad9.js,16585,application/javascript,48726515283fb1602a81525f3b8aa0f1836722c20a090184975c09bf96ffb999
https://iclass.tku.edu.tw/static/97992.59d1ce65.js,200,raw/iclass.tku.edu.tw/static/97992.59d1ce65.js,1668,application/javascript,1fd505af850fd64d4b5fa57fb62cd2206fe26a22e882b5d3e8f23de3995bc9c1
https://iclass.tku.edu.tw/static/98108-8b9c8b37.js,200,raw/iclass.tku.edu.tw/static/98108-8b9c8b37.js,28868,application/javascript,6c9a59ea35154f7b86f30593b8df39136852d2306e155ce2c502c9efe904b14f
https://iclass.tku.edu.tw/static/98133-474d681d.js,200,raw/iclass.tku.edu.tw/static/98133-474d681d.js,33789,application/javascript,98c2471cc98d41e2abff1a8a558018f51654e0d3c62e7d7bd057f8d45c0b2ace
https://iclass.tku.edu.tw/static/98222-8a4fb695.chunk.css,200,raw/iclass.tku.edu.tw/static/98222-8a4fb695.chunk.css,4624,text/css,8a8c2ab211eb352292ed22f272fdd5b59db48ea8e6c70f876e9c5b8524e8b369
https://iclass.tku.edu.tw/static/98222.adcd2542.js,200,raw/iclass.tku.edu.tw/static/98222.adcd2542.js,30303,application/javascript,bd0d4ac6a0dacfd7cec7995c90af8d996b51cf0ee1814e50d34348b3fc7e8c76
https://iclass.tku.edu.tw/static/98451.e84ea91c.js,200,raw/iclass.tku.edu.tw/static/98451.e84ea91c.js,1002,application/javascript,18822c0464c9b7dd2ab928b48091f5f5a71b99999e979f742f3f5e24a14b62bd
https://iclass.tku.edu.tw/static/9862.d5cc01ba.js,200,raw/iclass.tku.edu.tw/static/9862.d5cc01ba.js,505450,application/javascript,0703e6d5c9ad31d474e399822765f902541afde919dba8cf9e6917d54eaa4821
https://iclass.tku.edu.tw/static/9865.91daaf90.js,200,raw/iclass.tku.edu.tw/static/9865.91daaf90.js,26382,application/javascript,d5de7aefc2764ff90caea16bd2bd4530cb96ef6e1277be5e722303a6db55e28b
https://iclass.tku.edu.tw/static/98747.94546323.js,200,raw/iclass.tku.edu.tw/static/98747.94546323.js,26946,application/javascript,a541dff4bb50827c24f34785f8e58a6c8fa8cbe4d21e8ce4046f261b52b5bca6
https://iclass.tku.edu.tw/static/98766.dfd08580.js,200,raw/iclass.tku.edu.tw/static/98766.dfd08580.js,1258,application/javascript,1c250fa09726006862c094275a818f5f19d69046985cc32b30783e4108223a6e
https://iclass.tku.edu.tw/static/99006-bf30ee0d.chunk.css,200,raw/iclass.tku.edu.tw/static/99006-bf30ee0d.chunk.css,2860,text/css,a7fb2ba1c1b02733786e7e4a1df9e2334f004950d32c37e4406bdf77a114d708
https://iclass.tku.edu.tw/static/99006.29f25df3.js,200,raw/iclass.tku.edu.tw/static/99006.29f25df3.js,35372,application/javascript,f5c2584d113eca404e316c5fdd027e30b8bad1ccdedef1fa0dcbef1d00e16b66
https://iclass.tku.edu.tw/static/99113.4bb3dd4a.js,200,raw/iclass.tku.edu.tw/static/99113.4bb3dd4a.js,2351,application/javascript,5ff20210fc57659596800c4709a0e05e88e8e5936342a6b4d7994a2d030fcbb1
https://iclass.tku.edu.tw/static/99393-9568e05c.chunk.css,200,raw/iclass.tku.edu.tw/static/99393-9568e05c.chunk.css,22896,text/css,1308d69f918bfbd895202b3e571352e1d3fc521890335a17ba8176fb82849017
https://iclass.tku.edu.tw/static/99393.36cb5bd7.js,200,raw/iclass.tku.edu.tw/static/99393.36cb5bd7.js,143387,application/javascript,8146345f95a5d49e1a1fbc41631c7025a0294eccdaa5c8738df588f132c53bc6
https://iclass.tku.edu.tw/static/99418-8d2e703c.js,200,raw/iclass.tku.edu.tw/static/99418-8d2e703c.js,21976,application/javascript,81ca19e24691e5534da94e4ca3ba354ee88ae8c2d174fb6e4e57bed44881b762
https://iclass.tku.edu.tw/static/99439-a70472ff.chunk.css,200,raw/iclass.tku.edu.tw/static/99439-a70472ff.chunk.css,4317,text/css,f60dbec666ef667c91008d0082782a87dff20082a768a3c702cd667fe6aab0fa
https://iclass.tku.edu.tw/static/99439.0d4c2abb.js,200,raw/iclass.tku.edu.tw/static/99439.0d4c2abb.js,14987,application/javascript,c4b5717688b6ad1f23de90e5eb10a830bbf1fe8ab158538d6f9c521691b56a99
https://iclass.tku.edu.tw/static/99560-dad24394.chunk.css,200,raw/iclass.tku.edu.tw/static/99560-dad24394.chunk.css,106047,text/css,5f407a92e49a96e58b8873cf9ad57c2b229eb85279880537c28283421d385ed9
https://iclass.tku.edu.tw/static/assets/extra_fonts/114a8f6f0ec20793d78f.woff,200,raw/iclass.tku.edu.tw/static/assets/extra_fonts/114a8f6f0ec20793d78f.woff,20928,font/woff,1bc9dd574d163f4b85de267f47a8fe263d25cae099ea8e9ea8af4c8684fadead
https://iclass.tku.edu.tw/static/assets/extra_fonts/1d0dc3a504e1069b9805.woff2,200,raw/iclass.tku.edu.tw/static/assets/extra_fonts/1d0dc3a504e1069b9805.woff2,14460,font/woff2,ba3e6e5368c33e640ca097225639821748efe366c857ec54ff84a117800934da
https://iclass.tku.edu.tw/static/assets/extra_fonts/3272f2092c37fd80521e.woff,200,raw/iclass.tku.edu.tw/static/assets/extra_fonts/3272f2092c37fd80521e.woff,33488,font/woff,0890cee5d3fa5a41dca0d64dd7be29d9bb845baa5163520611f77b3a7e84c5ce
https://iclass.tku.edu.tw/static/assets/extra_fonts/513bab3282b7bee6a969.ttf,200,raw/iclass.tku.edu.tw/static/assets/extra_fonts/513bab3282b7bee6a969.ttf,47140,application/octet-stream,2e69a5fdc5eff2ca96ee780d8ecffafd4aab09e4e78c85cb4f6b44406ffc7516
https://iclass.tku.edu.tw/static/assets/extra_fonts/5174cacc5ae612ded9b5.ttf,200,raw/iclass.tku.edu.tw/static/assets/extra_fonts/5174cacc5ae612ded9b5.ttf,496780,application/octet-stream,faf309f7eb1b130e19ffbfefe26ecbd5a6dac277d3ab042005d12dd5231cb1fb
https://iclass.tku.edu.tw/static/assets/extra_fonts/84e3304f176e15a7b54b.ttf,200,raw/iclass.tku.edu.tw/static/assets/extra_fonts/84e3304f176e15a7b54b.ttf,44708,application/octet-stream,11d6c8689c9c08a779f7a6b39e0666da3b0b77b706ed78a17ea47b8f8615da3b
https://iclass.tku.edu.tw/static/assets/extra_fonts/b566c149529e611ff2aa.woff,200,raw/iclass.tku.edu.tw/static/assets/extra_fonts/b566c149529e611ff2aa.woff,32776,font/woff,b2e41142e9b3fe46d5966ea8c1a0845ee782fbca8e4a01c0437d2be76d3bdbe8
https://iclass.tku.edu.tw/static/assets/extra_fonts/c5d25fbe49c00b551c25.woff,200,raw/iclass.tku.edu.tw/static/assets/extra_fonts/c5d25fbe49c00b551c25.woff,2385532,font/woff,9735bb2f661631f54f2d62f48539f0a447c08e4632ac902cce2a51eaf43513a1
https://iclass.tku.edu.tw/static/assets/extra_fonts/ecbf246cd323976c0bd3.ttf,200,raw/iclass.tku.edu.tw/static/assets/extra_fonts/ecbf246cd323976c0bd3.ttf,4293380,application/octet-stream,a57716af4c432b673f000b26205bcca2e51456770a389468f8cde0e054ada474
https://iclass.tku.edu.tw/static/assets/extra_fonts/f438d17303b5f7ff7296.woff,200,raw/iclass.tku.edu.tw/static/assets/extra_fonts/f438d17303b5f7ff7296.woff,213640,font/woff,231ae5a5652df6aed9e2e32034e9c484192e017732104f3368deaedebb145dce
https://iclass.tku.edu.tw/static/assets/extra_fonts/fe7977d3912de0428b66.ttf,200,raw/iclass.tku.edu.tw/static/assets/extra_fonts/fe7977d3912de0428b66.ttf,46828,application/octet-stream,c87211b0403e88bfd50c1cd22fe930b294ecb35dca3c3e27bf62180244452d69
https://iclass.tku.edu.tw/static/assets/fonts/svg/601b1543dbc102c4bac9.svg,200,raw/iclass.tku.edu.tw/static/assets/fonts/svg/601b1543dbc102c4bac9.svg,3196,image/svg+xml,7afb2d48f3b314014e5b55f540259b3346d7eae02a65d7f0aaad62c7a3f538e7
https://iclass.tku.edu.tw/static/assets/fonts/svg/ai/8ba49408833e983d0fec.svg,200,raw/iclass.tku.edu.tw/static/assets/fonts/svg/ai/8ba49408833e983d0fec.svg,3530,image/svg+xml,851766f7386fedd5b6fb393ece6390af4374797a5ce05ec98a720ffe3099bdf8
https://iclass.tku.edu.tw/static/assets/images/6f46a45f0ea3eb69f245.png,200,raw/iclass.tku.edu.tw/static/assets/images/6f46a45f0ea3eb69f245.png,7739,image/png,3c7d5b458b59224dcf7a9991db135e340df2047405327dd992204de7813b44d4
https://iclass.tku.edu.tw/static/assets/images/75b9c86bf1a2f5d2896b.png,200,raw/iclass.tku.edu.tw/static/assets/images/75b9c86bf1a2f5d2896b.png,3145,image/png,1790901f3139d5bb036185d3313758fa329a709e2a3d83fd9f3141c87436dc98
https://iclass.tku.edu.tw/static/assets/images/9e492501113e46f582d8.png,200,raw/iclass.tku.edu.tw/static/assets/images/9e492501113e46f582d8.png,303036,image/png,5aa31b47b0836a48b054674c2520aeba8c050e64479a4c8cc38ef3d88d533fbb
https://iclass.tku.edu.tw/static/assets/images/adobe/161e7e7710f77187958c.png,200,raw/iclass.tku.edu.tw/static/assets/images/adobe/161e7e7710f77187958c.png,10241,image/png,cf50ea68000eb50fb93aaa5e03decbc081370c9292c2b54a24ff6410be0fe6f2
https://iclass.tku.edu.tw/static/assets/images/adobe/19401ee4aca67e3fff21.png,200,raw/iclass.tku.edu.tw/static/assets/images/adobe/19401ee4aca67e3fff21.png,10035,image/png,737637554f75dbeb62c7fa0e9f8b278d5b395b28807f664268e7d645a71ddfee
https://iclass.tku.edu.tw/static/assets/images/adobe/82a535e3aae5881dda22.png,200,raw/iclass.tku.edu.tw/static/assets/images/adobe/82a535e3aae5881dda22.png,25686,image/png,b9f31b7805f40e3baad85842d77ae899c5955255fa26ae4e4801f37d07fc93f4
https://iclass.tku.edu.tw/static/assets/images/adobe/abf6e7e85bd478856ea9.png,200,raw/iclass.tku.edu.tw/static/assets/images/adobe/abf6e7e85bd478856ea9.png,19738,image/png,bd966456b027bba8ac8b04bcbcefb6989c2c39e057d39cb900b05b9ed6bed4a8
https://iclass.tku.edu.tw/static/assets/images/air/d1de5cd9ef7e200e94a4.svg,200,raw/iclass.tku.edu.tw/static/assets/images/air/d1de5cd9ef7e200e94a4.svg,12494,image/svg+xml,52675d866c23a5bc69139dc9bc9aec8ddf7eb8fea2e3a256b3a2f5c2e718367e
https://iclass.tku.edu.tw/static/assets/images/b3e824bb5992691874f3.svg,200,raw/iclass.tku.edu.tw/static/assets/images/b3e824bb5992691874f3.svg,1233,image/svg+xml,59948b7c61f8931b5125796e35b8d50904fbad67669a187078f5171960e70072
https://iclass.tku.edu.tw/static/assets/images/b420ac72c8d99f097fad.ico,200,raw/iclass.tku.edu.tw/static/assets/images/b420ac72c8d99f097fad.ico,16958,image/x-icon,e7d1d660ba84873c05320475a762c9b928f1389b20efe74e499a32d2b8f53d15
https://iclass.tku.edu.tw/static/assets/images/b9f7ea2382c647ca49d4.png,200,raw/iclass.tku.edu.tw/static/assets/images/b9f7ea2382c647ca49d4.png,5509,image/png,36f6787a90accee6eb5b01f4b5d7f22c8a818c6b4ad25568846a10bf7506f372
https://iclass.tku.edu.tw/static/assets/images/course-cover/education/17e1f34788bd1e964515.jpg,200,raw/iclass.tku.edu.tw/static/assets/images/course-cover/education/17e1f34788bd1e964515.jpg,17068,image/jpeg,dbc9d71bae54470bed31efeff1655bf58a2ae3c6a5fce00561d46222bf5203a8
https://iclass.tku.edu.tw/static/assets/images/course-cover/education/e7722d2f0ff2b85986e1.jpg,200,raw/iclass.tku.edu.tw/static/assets/images/course-cover/education/e7722d2f0ff2b85986e1.jpg,44436,image/jpeg,eb89ee81643fa95a8fb0563be14e37df5079214670f52d8e19c5288290ccd65e
https://iclass.tku.edu.tw/static/assets/images/islide/033fd8e64be954cbb54f.png,200,raw/iclass.tku.edu.tw/static/assets/images/islide/033fd8e64be954cbb54f.png,1320,image/png,1e77e9ea7adbd4e96e2d2de08a9876731bec0a93935f49097ae074c4f0ff2824
https://iclass.tku.edu.tw/static/assets/images/islide/5599715a59b2c540459e.png,200,raw/iclass.tku.edu.tw/static/assets/images/islide/5599715a59b2c540459e.png,1790,image/png,e778dae97fff4d210f04bada8669aa00e5d039b68191a9449e940ed9ef38a02c
https://iclass.tku.edu.tw/static/assets/images/islide/83825940c36c82017443.png,200,raw/iclass.tku.edu.tw/static/assets/images/islide/83825940c36c82017443.png,2042,image/png,755f0c8907d1c459bf661ded1586164cdba0cc85ce0cc870c79cadee34e3b3c2
https://iclass.tku.edu.tw/static/assets/images/islide/f632b9f3de0fb2ce0dd0.png,200,raw/iclass.tku.edu.tw/static/assets/images/islide/f632b9f3de0fb2ce0dd0.png,916,image/png,9be6f31c3aeec077458afed3bfb5512af3272be8456aec1bc476e7ecf8b6b587
https://iclass.tku.edu.tw/static/assets/images/knowledge-node/0c3255c62d5219b72fed.svg,200,raw/iclass.tku.edu.tw/static/assets/images/knowledge-node/0c3255c62d5219b72fed.svg,4386,image/svg+xml,49ce786a055fb8b3bc96a7c2632f30cc87a8b21440ab9b2ee74d9271683745c2
https://iclass.tku.edu.tw/static/assets/images/knowledge-node/1fee842745c5f8c14767.png,200,raw/iclass.tku.edu.tw/static/assets/images/knowledge-node/1fee842745c5f8c14767.png,6301,image/png,090085a03ada64c4a7080506a7d46fecfd76b5f14f23e604cdf69b6a9e6a4fa4
https://iclass.tku.edu.tw/static/assets/images/knowledge-node/234a36768ff31bf18d9f.png,200,raw/iclass.tku.edu.tw/static/assets/images/knowledge-node/234a36768ff31bf18d9f.png,78351,image/png,f1bef424ad2b4450f4b95f0f95b0ca52bce40d2783e6901ca8e373ea0c07ad5a
https://iclass.tku.edu.tw/static/assets/images/knowledge-node/556d6618d497dc5332af.png,200,raw/iclass.tku.edu.tw/static/assets/images/knowledge-node/556d6618d497dc5332af.png,25684,image/png,bc0077d7c947bec6cbb5cedd58b13010fe8bd88899c9d357c17f67622d340a2b
https://iclass.tku.edu.tw/static/assets/images/knowledge-node/5683346d3ae0bd3909a3.svg,200,raw/iclass.tku.edu.tw/static/assets/images/knowledge-node/5683346d3ae0bd3909a3.svg,12088,image/svg+xml,3bbbd6ccaf31f5a9438f32b017d994025b1f699d6f5d1792a2acfe12f3619c4e
https://iclass.tku.edu.tw/static/assets/images/knowledge-node/5f4333544af0d8cbaf7b.svg,200,raw/iclass.tku.edu.tw/static/assets/images/knowledge-node/5f4333544af0d8cbaf7b.svg,10268,image/svg+xml,093f259c19c2d768dae058287affecef6c19edfb341d7206798c43e1a81d3edb
https://iclass.tku.edu.tw/static/assets/images/knowledge-node/6473cf502cdf99c261d5.png,200,raw/iclass.tku.edu.tw/static/assets/images/knowledge-node/6473cf502cdf99c261d5.png,17101,image/png,9f7c32156dddbbdd736808c573cded2b81a80e3c8d5e25ccf3e1f5e1a284e6f5
https://iclass.tku.edu.tw/static/assets/images/knowledge-node/6e12eab03733f7849590.png,200,raw/iclass.tku.edu.tw/static/assets/images/knowledge-node/6e12eab03733f7849590.png,14364,image/png,87942e3fe48c0e916226e41bfc5cf40ec84d1cc2b704a5d9a6d49a3e1be9b2fb
https://iclass.tku.edu.tw/static/assets/images/knowledge-node/72a725b5627dc6ad0734.png,200,raw/iclass.tku.edu.tw/static/assets/images/knowledge-node/72a725b5627dc6ad0734.png,21449,image/png,22c218e1d717554bd66ec3761200d16f33b31a83e254800315e11cd80a63cfd2
https://iclass.tku.edu.tw/static/assets/images/knowledge-node/84accd04bc384ccd76b6.png,200,raw/iclass.tku.edu.tw/static/assets/images/knowledge-node/84accd04bc384ccd76b6.png,912357,image/png,0f054125b89a4f14ca5725e964c9c26fecd66033e39c16d3f4a5cc7f396b917a
https://iclass.tku.edu.tw/static/assets/images/knowledge-node/85f95b747dbf80c04743.png,200,raw/iclass.tku.edu.tw/static/assets/images/knowledge-node/85f95b747dbf80c04743.png,46507,image/png,16e23c76955d925f1db9d475589d50619ecc8a3390c2d798d0b411d4702c5191
https://iclass.tku.edu.tw/static/assets/images/knowledge-node/8d38395aac21cfb72fcf.png,200,raw/iclass.tku.edu.tw/static/assets/images/knowledge-node/8d38395aac21cfb72fcf.png,685589,image/png,8271287d4417e965cd4f467b245b925e18fcbeb807496325d3b50dbac93bc9b7
https://iclass.tku.edu.tw/static/assets/images/knowledge-node/b3270595e5f39967e952.png,200,raw/iclass.tku.edu.tw/static/assets/images/knowledge-node/b3270595e5f39967e952.png,22783,image/png,a398f912fa6d9031557b03ecd0fedc339129e5663305f894dbc8007698ec58fc
https://iclass.tku.edu.tw/static/assets/images/knowledge-node/c12eadd3a3aa9c064d11.png,200,raw/iclass.tku.edu.tw/static/assets/images/knowledge-node/c12eadd3a3aa9c064d11.png,61892,image/png,f46fd60840d55a7a7fe944ec76877be1bb3e577ed0bc7e390139d612ce5a3e02
https://iclass.tku.edu.tw/static/assets/images/knowledge-node/tongji/209e05ae3f7e0e0e2453.png,200,raw/iclass.tku.edu.tw/static/assets/images/knowledge-node/tongji/209e05ae3f7e0e0e2453.png,82750,image/png,d083db2176700548851d900441aef7a3455109521beafebf7940f4ace785a127
https://iclass.tku.edu.tw/static/assets/images/knowledge-node/tongji/2a834099c0e107b55be6.png,200,raw/iclass.tku.edu.tw/static/assets/images/knowledge-node/tongji/2a834099c0e107b55be6.png,161832,image/png,f41be2d34a975d2874d8f53fd0e828ffd250951fbec82b99c390c6e69ae28f36
https://iclass.tku.edu.tw/static/assets/images/knowledge-node/tongji/3b37fbbfd91fe8564542.png,200,raw/iclass.tku.edu.tw/static/assets/images/knowledge-node/tongji/3b37fbbfd91fe8564542.png,1457844,image/png,b1949509202fda880c2b78572a8a7701948f60c8eadf2b7fe18005d5d30dfa23
https://iclass.tku.edu.tw/static/assets/images/knowledge-node/tongji/55bf7edddd629f95ed24.png,200,raw/iclass.tku.edu.tw/static/assets/images/knowledge-node/tongji/55bf7edddd629f95ed24.png,26459,image/png,4c8afe6fce6789e118a37c1952f7f150e4a943a7a969ea310dff3b85f59f668a
https://iclass.tku.edu.tw/static/assets/images/knowledge-node/tongji/b7c1617572686e811b98.png,200,raw/iclass.tku.edu.tw/static/assets/images/knowledge-node/tongji/b7c1617572686e811b98.png,6412,image/png,f15040e019de0f3152fd4246cb26b5a7a3ba9509f47d1f832917728f04d47a1b
https://iclass.tku.edu.tw/static/assets/images/knowledge-node/tongji/cb5c764c5aac9d838999.png,200,raw/iclass.tku.edu.tw/static/assets/images/knowledge-node/tongji/cb5c764c5aac9d838999.png,46899,image/png,0bb29c0cd20617f764d33345e94cc0af74b21083026f61fd8b64c83ef95d05e8
https://iclass.tku.edu.tw/static/assets/images/large/014a52fc2ec75efbb2da.png,200,raw/iclass.tku.edu.tw/static/assets/images/large/014a52fc2ec75efbb2da.png,111764,image/png,536defb7995985cf3b62b6c052c8d5acaf0156dd4fc5288c67d8e01db5c68d4d
https://iclass.tku.edu.tw/static/assets/images/large/0543167fdd32fc7a1014.png,200,raw/iclass.tku.edu.tw/static/assets/images/large/0543167fdd32fc7a1014.png,66233,image/png,09438d8df246f6d8bb6936c74fd8038c010845f3792ec7be6edcf6dbd7971698
https://iclass.tku.edu.tw/static/assets/images/large/0572717aa23699574dca.png,200,raw/iclass.tku.edu.tw/static/assets/images/large/0572717aa23699574dca.png,339186,image/png,4760e369fe133e529294e72dc21692c412da75418822ac44d6ee4026e67a10f4
https://iclass.tku.edu.tw/static/assets/images/large/07b67b3ebfa4ee2e48e5.png,200,raw/iclass.tku.edu.tw/static/assets/images/large/07b67b3ebfa4ee2e48e5.png,3556,image/png,7d7556495f0cd1f034a376f86e8992d9cb81e986a82490434d4e9109fe7418dc
https://iclass.tku.edu.tw/static/assets/images/large/1410c34fb8f536875174.png,200,raw/iclass.tku.edu.tw/static/assets/images/large/1410c34fb8f536875174.png,135218,image/png,2e4e328252b7167f149d3a238dea07bd9d4a97d3fd2850c094090481760665e9
https://iclass.tku.edu.tw/static/assets/images/large/1810f5189f58a4919177.png,200,raw/iclass.tku.edu.tw/static/assets/images/large/1810f5189f58a4919177.png,339,image/png,84470eab9f0efd0c0d742cd12000edb0194063507589a8ec8a5205fb6364a3b9
https://iclass.tku.edu.tw/static/assets/images/large/2000fc3de383a7a9de9a.png,200,raw/iclass.tku.edu.tw/static/assets/images/large/2000fc3de383a7a9de9a.png,7650,image/png,7aa470fb8e2ecaad4bc36b259e1e5aedb36dd8b64e6feaa9fc5ff635fcb51a29
https://iclass.tku.edu.tw/static/assets/images/large/26fefa13897460bca838.png,200,raw/iclass.tku.edu.tw/static/assets/images/large/26fefa13897460bca838.png,851,image/png,0ff618d2413f641a86c0d426f74856125e5fa30e2069eb92d10c81acc0afae4c
https://iclass.tku.edu.tw/static/assets/images/large/2c0e0be7686d05b9af3a.png,200,raw/iclass.tku.edu.tw/static/assets/images/large/2c0e0be7686d05b9af3a.png,1861025,image/png,53d0b8eb8af0f0f52c961ad6603a086e44be3499abbb12aed045e4b34a34a9f6
https://iclass.tku.edu.tw/static/assets/images/large/2d91736ba73fd3813453.png,200,raw/iclass.tku.edu.tw/static/assets/images/large/2d91736ba73fd3813453.png,1482,image/png,67c27db5643a1029f1f3ae8706f30b6a724242dd48573129ff85754a7a50f507
https://iclass.tku.edu.tw/static/assets/images/large/2fd682688a719b3e125f.png,200,raw/iclass.tku.edu.tw/static/assets/images/large/2fd682688a719b3e125f.png,5945,image/png,9391fd2422e61462a652f371cc325f8131f9c643d2333eee8e6cd74357b05b36
https://iclass.tku.edu.tw/static/assets/images/large/35716c780ab7a4f4ae62.png,200,raw/iclass.tku.edu.tw/static/assets/images/large/35716c780ab7a4f4ae62.png,83310,image/png,527347bb4f6e7d18cf103d838b95094fa7a17c60dd1431194c1ce362b426c217
https://iclass.tku.edu.tw/static/assets/images/large/35f544408112f0f7e74d.png,200,raw/iclass.tku.edu.tw/static/assets/images/large/35f544408112f0f7e74d.png,13748,image/png,ed2ef261553b24f51dacc10b9384ae72ef7dadcbb9a8cc53cc7ce9016935eaae
https://iclass.tku.edu.tw/static/assets/images/large/361e8d875e0f0192b425.png,200,raw/iclass.tku.edu.tw/static/assets/images/large/361e8d875e0f0192b425.png,16835,image/png,4c197bb6f9bfed5c2b02d3291a8ff2d17956c66779c6fe81e8857b1a4e0017c8
https://iclass.tku.edu.tw/static/assets/images/large/3a24b7fedcab3b17d493.png,200,raw/iclass.tku.edu.tw/static/assets/images/large/3a24b7fedcab3b17d493.png,386,image/png,a4418699cc9220d167649c9e87a7021364c42fb752692ab086dfd2cc1528e547
https://iclass.tku.edu.tw/static/assets/images/large/3cecd14024a08ec7f828.png,200,raw/iclass.tku.edu.tw/static/assets/images/large/3cecd14024a08ec7f828.png,14739,image/png,b5306e12bfb17b7ba66d9047477aba7cb16382a0297681a362b784765349fca5
https://iclass.tku.edu.tw/static/assets/images/large/3d154ad6e7d712a063e8.png,200,raw/iclass.tku.edu.tw/static/assets/images/large/3d154ad6e7d712a063e8.png,65068,image/png,0c460bfa69ecf58e2e80b193a752ff96c0abb757a49271c8827aa01622cfca8e
https://iclass.tku.edu.tw/static/assets/images/large/46d43f7de645e8ce385b.png,200,raw/iclass.tku.edu.tw/static/assets/images/large/46d43f7de645e8ce385b.png,3378,image/png,fdc2e6bd13605b57f457f7e8781ca760108646fe0babc3a01ce7bf88e0fe96f0
https://iclass.tku.edu.tw/static/assets/images/large/4a9959bab59870eded22.png,200,raw/iclass.tku.edu.tw/static/assets/images/large/4a9959bab59870eded22.png,37971,image/png,ebb6783b00f91377aeea931d203b9a90c6ccd6512bbe01e102c8f6c08c74c7f6
https://iclass.tku.edu.tw/static/assets/images/large/4c9ffa693913d77779e5.png,200,raw/iclass.tku.edu.tw/static/assets/images/large/4c9ffa693913d77779e5.png,4046,image/png,0efe9e90190609dd1908be98322c460ca22cab100761d56b129d5e9748ceee70
https://iclass.tku.edu.tw/static/assets/images/large/4d2323302f1274bef9f3.png,200,raw/iclass.tku.edu.tw/static/assets/images/large/4d2323302f1274bef9f3.png,76278,image/png,ebe9413a3f94cecac4c7b7570a80d00e9c0aa80e04f4aa830c25234266974828
https://iclass.tku.edu.tw/static/assets/images/large/523477c9ae54abcac4d8.png,200,raw/iclass.tku.edu.tw/static/assets/images/large/523477c9ae54abcac4d8.png,873,image/png,f20e1ab7bda3e6320a7d49b3158c911f32b79df74609f846ce6b399ae3a0fa8b
https://iclass.tku.edu.tw/static/assets/images/large/59054818e89095e3ba82.png,200,raw/iclass.tku.edu.tw/static/assets/images/large/59054818e89095e3ba82.png,1538,image/png,c910ef26e076fab504ff4572b5b4a8018684e01a2ed3be21ca4bbd10851ff4d5
https://iclass.tku.edu.tw/static/assets/images/large/696612e0526ed233bb76.png,200,raw/iclass.tku.edu.tw/static/assets/images/large/696612e0526ed233bb76.png,13939,image/png,87a24ef252b525d4a060c13d6f64d080d4af46f10c0fb5e1c826f24878d27492
https://iclass.tku.edu.tw/static/assets/images/large/70b6574e0fdc0be60768.png,200,raw/iclass.tku.edu.tw/static/assets/images/large/70b6574e0fdc0be60768.png,133716,image/png,1375f48d674e1cc4476471a354456318255d606e924ff6b0475a839ff9b36751
https://iclass.tku.edu.tw/static/assets/images/large/74db89b7f92df4c9f372.png,200,raw/iclass.tku.edu.tw/static/assets/images/large/74db89b7f92df4c9f372.png,27044,image/png,0b0df27e098b15380a6dff810fd2c668a35bd7e31e2011148cc0729b99ae2374
https://iclass.tku.edu.tw/static/assets/images/large/891b526fc9942bfb5cec.png,200,raw/iclass.tku.edu.tw/static/assets/images/large/891b526fc9942bfb5cec.png,481164,image/png,4009c03cd37cee2370b3a096c0e9cd7c7b423ddc5e15fe9ff07f9aab8e2b41b7
https://iclass.tku.edu.tw/static/assets/images/large/897b04129c8072414aab.png,200,raw/iclass.tku.edu.tw/static/assets/images/large/897b04129c8072414aab.png,1005,image/png,6f2c6734d88a0fa38a9f9a3262e2ef425d5194bd9fbfefaf2bad3aac6031b2a5
https://iclass.tku.edu.tw/static/assets/images/large/8a12b363ff1e61c9f83e.png,200,raw/iclass.tku.edu.tw/static/assets/images/large/8a12b363ff1e61c9f83e.png,20649,image/png,b4ecf2ee382cd386f029100f52680350ec5539f55ed89ce554cb4a775d1fc490
https://iclass.tku.edu.tw/static/assets/images/large/8c3af19a6f44c82ed520.png,200,raw/iclass.tku.edu.tw/static/assets/images/large/8c3af19a6f44c82ed520.png,214069,image/png,a17eb28552cee7184c53c29431ff36be18f4a592dfe1fe8b74e3ba7bed2a0a84
https://iclass.tku.edu.tw/static/assets/images/large/909a20f4179a6a1f3f9e.png,200,raw/iclass.tku.edu.tw/static/assets/images/large/909a20f4179a6a1f3f9e.png,131,image/png,f265cd084a54a438077067901878d134886117a27793b981d288ddf907f7c5d7
https://iclass.tku.edu.tw/static/assets/images/large/90b9c88fc0710a5f73e2.png,200,raw/iclass.tku.edu.tw/static/assets/images/large/90b9c88fc0710a5f73e2.png,13997,image/png,da85dfdbb78af3998fb819dc05108d474acf23500c76d1fe8ebdcbf3523ab2ea
https://iclass.tku.edu.tw/static/assets/images/large/94b50490320c2eeb1306.png,200,raw/iclass.tku.edu.tw/static/assets/images/large/94b50490320c2eeb1306.png,1552,image/png,27d4a4222b3f5e9720a7029d1a87b0ab6bb71966ae399334f510e31bf3f2084a
https://iclass.tku.edu.tw/static/assets/images/large/9c84d08375469ee524db.png,200,raw/iclass.tku.edu.tw/static/assets/images/large/9c84d08375469ee524db.png,3203,image/png,4d0810227b3a6cf81002c81124280d02a10fb0b972fe4f7a5ba9f006c55e611e
https://iclass.tku.edu.tw/static/assets/images/large/9ca3ee66b090910e55ba.png,200,raw/iclass.tku.edu.tw/static/assets/images/large/9ca3ee66b090910e55ba.png,866,image/png,e23dd8e4336ff871614bb91e91930094656b7390862c222cde588d3e9e9da151
https://iclass.tku.edu.tw/static/assets/images/large/a943fc0f5f2734e0ccbd.jpg,200,raw/iclass.tku.edu.tw/static/assets/images/large/a943fc0f5f2734e0ccbd.jpg,10932,image/jpeg,b0c854df67519a53e674d1600f4dda5fee4bbc9d34c626a12a74079952fa4405
https://iclass.tku.edu.tw/static/assets/images/large/aabc0a38fcb2bc9065d4.png,200,raw/iclass.tku.edu.tw/static/assets/images/large/aabc0a38fcb2bc9065d4.png,4529,image/png,0ab00414573b9c8772e49c21125432dcbfbfe106f8bd7452154078850a637720
https://iclass.tku.edu.tw/static/assets/images/large/abd7fa87365977275e59.png,200,raw/iclass.tku.edu.tw/static/assets/images/large/abd7fa87365977275e59.png,4108,image/png,995815ab0083f8faf17b3043c4c5c396c6bcae4b92bbd4e1646eea94ce66c751
https://iclass.tku.edu.tw/static/assets/images/large/abed9601474fc6661db2.png,200,raw/iclass.tku.edu.tw/static/assets/images/large/abed9601474fc6661db2.png,419,image/png,a00c73aaa50d52c6f7699cb2ecc31e687f0632d6a31706809c93edba066c6034
https://iclass.tku.edu.tw/static/assets/images/large/admin-import-users/2c163439eb95259d1408.png,200,raw/iclass.tku.edu.tw/static/assets/images/large/admin-import-users/2c163439eb95259d1408.png,1636,image/png,1518a2723b84c7f47dc3291dfae75385aa76c0c5494bc8859496481292f0dcfc
https://iclass.tku.edu.tw/static/assets/images/large/admin-import-users/d1e9b97b626af3a347f8.png,200,raw/iclass.tku.edu.tw/static/assets/images/large/admin-import-users/d1e9b97b626af3a347f8.png,846,image/png,1c03e7ecb57f6eb61587278e09fb9e585a89c1fed787f7cc1149760aea5230c7
https://iclass.tku.edu.tw/static/assets/images/large/b74587f4accd07fa5818.png,200,raw/iclass.tku.edu.tw/static/assets/images/large/b74587f4accd07fa5818.png,14526,image/png,33cf792afcef35dd3d18c4ddea29a671606a9aa759ecb3b6d36793f75a950e9a
https://iclass.tku.edu.tw/static/assets/images/large/b8ac775c50f15d8c8fac.png,200,raw/iclass.tku.edu.tw/static/assets/images/large/b8ac775c50f15d8c8fac.png,4910,image/png,8a65440020793c34ad8d468f51c40df88f67209ba43089aa08035aeca37dc3d1
https://iclass.tku.edu.tw/static/assets/images/large/b8c6bd0a6158ece4ee5a.png,200,raw/iclass.tku.edu.tw/static/assets/images/large/b8c6bd0a6158ece4ee5a.png,5931,image/png,d6a62950e23fa0a9258d6dddffcd85d09626e091514dfd23165e10f0fab2070f
https://iclass.tku.edu.tw/static/assets/images/large/c418b9a11a08f09cfa00.png,200,raw/iclass.tku.edu.tw/static/assets/images/large/c418b9a11a08f09cfa00.png,1039,image/png,37e55f2bbfc837211c7499c378d76b251434be8938f27d1c8bc30c4099d31e5b
https://iclass.tku.edu.tw/static/assets/images/large/c7cc4d2a64fdb27522ed.png,200,raw/iclass.tku.edu.tw/static/assets/images/large/c7cc4d2a64fdb27522ed.png,30484,image/png,25e9ad158ee517fbb145404d389b4c999deedd9ebf7cc1166fc9b61793ca92ad
https://iclass.tku.edu.tw/static/assets/images/large/cf8c50244250b6e089b0.png,200,raw/iclass.tku.edu.tw/static/assets/images/large/cf8c50244250b6e089b0.png,6393,image/png,9d90e1a23922d52d2496ad330cdad662dbc52d22c337274f9e6aede2b01a0126
https://iclass.tku.edu.tw/static/assets/images/large/d2ddb74c21d96d22ec8b.png,200,raw/iclass.tku.edu.tw/static/assets/images/large/d2ddb74c21d96d22ec8b.png,135,image/png,d71b880b5f7a654678b6bb8a97cca7d200a0cfd61e3798335da1dacc7e3a7e92
https://iclass.tku.edu.tw/static/assets/images/large/d5045d1f4f14b8e40179.png,200,raw/iclass.tku.edu.tw/static/assets/images/large/d5045d1f4f14b8e40179.png,3413,image/png,0369f64ad37ded86fcf3fe88979beec2c6f083803b844d3e8c6c55b382c9f0e0
https://iclass.tku.edu.tw/static/assets/images/large/d6323ad6e14ccd67c4e0.png,200,raw/iclass.tku.edu.tw/static/assets/images/large/d6323ad6e14ccd67c4e0.png,143588,image/png,ad75b7c61e1dded715ab23cb5dbebaf1d0a87f80d747649914675be7f24e8a15
https://iclass.tku.edu.tw/static/assets/images/large/d95178fa4a713c39b9dc.png,200,raw/iclass.tku.edu.tw/static/assets/images/large/d95178fa4a713c39b9dc.png,130492,image/png,ead9f6e78f9a7494444c15b17b8b0363583874521bdd37dbb71b48ec1956e2ff
https://iclass.tku.edu.tw/static/assets/images/large/de1a03e9ff925851bdd1.png,200,raw/iclass.tku.edu.tw/static/assets/images/large/de1a03e9ff925851bdd1.png,11927,image/png,9af958e68c0970d02d3db1523834756490a88629dd3b7444bee94845ec1f3e0e
https://iclass.tku.edu.tw/static/assets/images/large/e3d9d0754482db5a7abf.png,200,raw/iclass.tku.edu.tw/static/assets/images/large/e3d9d0754482db5a7abf.png,65991,image/png,d811e12451719ee6c6cc921e3190f6848cdf6485a3edf8e278bd211a139ac5b7
https://iclass.tku.edu.tw/static/assets/images/large/e81851650eb0fca3c002.png,200,raw/iclass.tku.edu.tw/static/assets/images/large/e81851650eb0fca3c002.png,131068,image/png,07d0af7a57a7925b7540959d8ce723894ffcc8d8cdf502a77f7a4eda6729fd75
https://iclass.tku.edu.tw/static/assets/images/large/fa494b1a01ab328763a4.png,200,raw/iclass.tku.edu.tw/static/assets/images/large/fa494b1a01ab328763a4.png,415359,image/png,dd65ca680306b84f1093b6d44ae4f340435c70cc1a6d5183eb5c82ce07cb2f91
https://iclass.tku.edu.tw/static/assets/images/large/fe4b5803bb09db57bab8.png,200,raw/iclass.tku.edu.tw/static/assets/images/large/fe4b5803bb09db57bab8.png,11974,image/png,95f6f702c0d9ac876ac9ad691933382bda54d7e5c70473a0569ab529fcdd2878
https://iclass.tku.edu.tw/static/assets/images/large/homework/1e1316e01f28c0922eed.png,200,raw/iclass.tku.edu.tw/static/assets/images/large/homework/1e1316e01f28c0922eed.png,475,image/png,b5268262b15074275fdb9f21a63a91a53a77eb0a1904ab3c0c39083944c12103
https://iclass.tku.edu.tw/static/assets/images/large/online-video/441daf50d69dfe992b49.png,200,raw/iclass.tku.edu.tw/static/assets/images/large/online-video/441daf50d69dfe992b49.png,92540,image/png,9a756cde03f5db4740d533b766acc307851c915088f8ca7c421f94229d98a2bd
https://iclass.tku.edu.tw/static/assets/images/large/online-video/eaff632eb39435509eab.png,200,raw/iclass.tku.edu.tw/static/assets/images/large/online-video/eaff632eb39435509eab.png,91726,image/png,dd0fcc94c1632e43cc756f88454fe71dc00936424cc225aeacef95ae4bee9f49
https://iclass.tku.edu.tw/static/assets/images/large/portal/24d339dc721df29d1ee4.png,200,raw/iclass.tku.edu.tw/static/assets/images/large/portal/24d339dc721df29d1ee4.png,572,image/png,ed281654b63da94e961d1c47a9033fa528b41698010cf22998df905fe6b81dc1
https://iclass.tku.edu.tw/static/assets/images/large/portal/49c8eadecf0cebe2b70b.png,200,raw/iclass.tku.edu.tw/static/assets/images/large/portal/49c8eadecf0cebe2b70b.png,293,image/png,e5bafa711925f5b8ee6e945da5bb393fc5ab2ef6323a9e7fcd689e3d263400b9
https://iclass.tku.edu.tw/static/assets/images/large/portal/577b564ea3d202a037ca.png,200,raw/iclass.tku.edu.tw/static/assets/images/large/portal/577b564ea3d202a037ca.png,331,image/png,b610f878def691789f009180d668af72905dbcfa7d42cd358f723fdb1e9f5d6a
https://iclass.tku.edu.tw/static/assets/images/large/portal/7109420bb186bc11b2a3.png,200,raw/iclass.tku.edu.tw/static/assets/images/large/portal/7109420bb186bc11b2a3.png,373,image/png,8d2f5a32daffa6b0780d1ba0c34cd24bf240c813259611c38e00408094636846
https://iclass.tku.edu.tw/static/assets/images/large/portal/8fded04ca2fe047bd11c.png,200,raw/iclass.tku.edu.tw/static/assets/images/large/portal/8fded04ca2fe047bd11c.png,659,image/png,ecca66a84fef4f94fbb010b2137d0670713c5f46d378a6b7e813b8bab7b4c63f
https://iclass.tku.edu.tw/static/assets/images/large/portal/ae2c89ef191fc2eb1528.png,200,raw/iclass.tku.edu.tw/static/assets/images/large/portal/ae2c89ef191fc2eb1528.png,431,image/png,8407693b75df52c4fd69e00106f94566c74ddf7087abd66c405c1185381674a9
https://iclass.tku.edu.tw/static/assets/images/large/portal/bb872c063207177c2d34.png,200,raw/iclass.tku.edu.tw/static/assets/images/large/portal/bb872c063207177c2d34.png,433,image/png,ed0282ca4d010fd61d1258fee83ca71e6cdc9134b1398d04e18674e76f81ac29
https://iclass.tku.edu.tw/static/assets/images/large/portal/cdc6b809421881cd2a08.png,200,raw/iclass.tku.edu.tw/static/assets/images/large/portal/cdc6b809421881cd2a08.png,255,image/png,76e1fa1af61ee7e7ac174efd4420bebe89acbcd428ba7bef967320180e42d5b4
https://iclass.tku.edu.tw/static/assets/images/large/portal/e75170c12a76adf8ecfb.png,200,raw/iclass.tku.edu.tw/static/assets/images/large/portal/e75170c12a76adf8ecfb.png,116,image/png,1d2314051fac5fdc37afc9cc275e5840dba27c3a94c207a37ba882e466393970
https://iclass.tku.edu.tw/static/assets/images/large/portal/e8e663c73def6b67627c.png,200,raw/iclass.tku.edu.tw/static/assets/images/large/portal/e8e663c73def6b67627c.png,262,image/png,f47cf54f3dadf63227f304d39b5621e7c0da7f2a4f4fc9456ae384c82dfd1c33
https://iclass.tku.edu.tw/static/assets/images/large/portal/ffa6ce4036a8cb93e891.png,200,raw/iclass.tku.edu.tw/static/assets/images/large/portal/ffa6ce4036a8cb93e891.png,560,image/png,a712a1dce0d4202a7a00d8e575a03d4eb60a0fb1d21d63e1ddbef554bdbe08a8
https://iclass.tku.edu.tw/static/assets/images/large/security/184e625767df36fbfee9.png,200,raw/iclass.tku.edu.tw/static/assets/images/large/security/184e625767df36fbfee9.png,3389,image/png,ccaa964788f8c0964819147a0980ac9d96779cd0c5cd2a2c88cc6598a34a0102
https://iclass.tku.edu.tw/static/assets/images/large/shared-resource/4acb072e19602fd96ba6.png,200,raw/iclass.tku.edu.tw/static/assets/images/large/shared-resource/4acb072e19602fd96ba6.png,33471,image/png,0f21d7e06f22a92e685e4756be7536f79a01149285c41c91783df9e57bef6059
https://iclass.tku.edu.tw/static/assets/images/large/shared-resource/9a212fc3711045296dfc.png,200,raw/iclass.tku.edu.tw/static/assets/images/large/shared-resource/9a212fc3711045296dfc.png,2953,image/png,84aa1e6bd1963b157397c1c674cc57f7ae9541740d0825a594df177aa71ac053
https://iclass.tku.edu.tw/static/assets/images/large/shared-resource/ccb72a75812833c7a1a8.png,200,raw/iclass.tku.edu.tw/static/assets/images/large/shared-resource/ccb72a75812833c7a1a8.png,10919,image/png,350561c088678faf0ae11340fafd3b92776b68d307acdc34672cbcd2b53aa0fc
https://iclass.tku.edu.tw/static/assets/images/large/shared-resource/fcc52a03364385784025.png,200,raw/iclass.tku.edu.tw/static/assets/images/large/shared-resource/fcc52a03364385784025.png,10030,image/png,d394cedf44e1e7d105fac83928f3059143f4ef69539bd0d408294c0c7ed6a626
https://iclass.tku.edu.tw/static/assets/images/large/sites-menu/01162dd4d94d62e54836.png,200,raw/iclass.tku.edu.tw/static/assets/images/large/sites-menu/01162dd4d94d62e54836.png,3596,image/png,057b4412c58fd553ec49810a11f1ffc5ecab851a545d382ffd45c5a9e79a8c60
https://iclass.tku.edu.tw/static/assets/images/large/sites-menu/04cb8d72771a0bdc85c6.png,200,raw/iclass.tku.edu.tw/static/assets/images/large/sites-menu/04cb8d72771a0bdc85c6.png,21837,image/png,11268b1d1ec6fb828b87de0c9273faa5324009d3664d4f3e6d73a392c32ce3ba
https://iclass.tku.edu.tw/static/assets/images/large/sites-menu/0c1045f3fa44401c5b01.png,200,raw/iclass.tku.edu.tw/static/assets/images/large/sites-menu/0c1045f3fa44401c5b01.png,4899,image/png,ade6906c21040638df9f5641e0e245e8a2831f7773e208565d6fedf2a27882a6
https://iclass.tku.edu.tw/static/assets/images/large/sites-menu/1417ceb0fee31fc3c09f.png,200,raw/iclass.tku.edu.tw/static/assets/images/large/sites-menu/1417ceb0fee31fc3c09f.png,2074,image/png,d582012bc9299aff1d0b45f6e42fb8e845233fdbf86000c9bce11336ee458105
https://iclass.tku.edu.tw/static/assets/images/large/sites-menu/1aea3416b8d657d77adc.png,200,raw/iclass.tku.edu.tw/static/assets/images/large/sites-menu/1aea3416b8d657d77adc.png,2578,image/png,827954fac3c0acd2b7cfaa2268643c77094e5ca2a5d20b690b42724decba447e
https://iclass.tku.edu.tw/static/assets/images/large/sites-menu/29f92dbe5d1dfec9091a.png,200,raw/iclass.tku.edu.tw/static/assets/images/large/sites-menu/29f92dbe5d1dfec9091a.png,12953,image/png,bd1b2dd2a550d58759549a6205de6c576ac8caa7fce4f5575c0ac6681b42ec52
https://iclass.tku.edu.tw/static/assets/images/large/sites-menu/2f2ff624d0c5a7355308.png,200,raw/iclass.tku.edu.tw/static/assets/images/large/sites-menu/2f2ff624d0c5a7355308.png,2438,image/png,6991cbfc8e27c49a71864cf4cc618373f16759da2d3da531c050e15b5b86b5f9
https://iclass.tku.edu.tw/static/assets/images/large/sites-menu/3306e19d2ed2a52ae91e.png,200,raw/iclass.tku.edu.tw/static/assets/images/large/sites-menu/3306e19d2ed2a52ae91e.png,3167,image/png,25ec7a12845d99ae519daf067a93aface482abc900247b76076112231270d56c
https://iclass.tku.edu.tw/static/assets/images/large/sites-menu/3482fa5a3994498a1431.png,200,raw/iclass.tku.edu.tw/static/assets/images/large/sites-menu/3482fa5a3994498a1431.png,3449,image/png,d750651ab93823cc3646470d66ccb16ce33451a3fd4d1ebe69baa7864fcc1f08
https://iclass.tku.edu.tw/static/assets/images/large/sites-menu/374916483c2a89d0b9be.png,200,raw/iclass.tku.edu.tw/static/assets/images/large/sites-menu/374916483c2a89d0b9be.png,2866,image/png,b085d90bad70943db5edf0bfaa8aef6750325ff95e7b23f2dafa6854a8109b61
https://iclass.tku.edu.tw/static/assets/images/large/sites-menu/3c82e2b30a96079109aa.png,200,raw/iclass.tku.edu.tw/static/assets/images/large/sites-menu/3c82e2b30a96079109aa.png,4026,image/png,c57bd2116c5b3ed522b031d8a9ec3ff7f757981634e109b21682bce158109ea3
https://iclass.tku.edu.tw/static/assets/images/large/sites-menu/418a25da5b630f1bb1be.png,200,raw/iclass.tku.edu.tw/static/assets/images/large/sites-menu/418a25da5b630f1bb1be.png,9638,image/png,baaf2f1ef759f1d3113c07d37c21fdc303a9407ad007d23109f3033fc76f6626
https://iclass.tku.edu.tw/static/assets/images/large/sites-menu/43972057486430f18b2e.png,200,raw/iclass.tku.edu.tw/static/assets/images/large/sites-menu/43972057486430f18b2e.png,1750,image/png,bc424418e91a796df37950aac7039e229ef7ff4531c2490811c2b9474ce571da
https://iclass.tku.edu.tw/static/assets/images/large/sites-menu/578fb316e23185e95b0a.png,200,raw/iclass.tku.edu.tw/static/assets/images/large/sites-menu/578fb316e23185e95b0a.png,3288,image/png,c0b1bfabe73b5cc4781096decb7cb3ff0622fe4bb46c3bc2fb1644bf3700c63b
https://iclass.tku.edu.tw/static/assets/images/large/sites-menu/614cd7e55229e48acf62.png,200,raw/iclass.tku.edu.tw/static/assets/images/large/sites-menu/614cd7e55229e48acf62.png,1912,image/png,4e5bd6d218ec4adb407768f99d0f74e5598333cc6b1df2e4638f906cde73f2c7
https://iclass.tku.edu.tw/static/assets/images/large/sites-menu/67ab298863154a12d054.png,200,raw/iclass.tku.edu.tw/static/assets/images/large/sites-menu/67ab298863154a12d054.png,3110,image/png,125444995d202888e4e297a56c54ee4a5586665143e3b18a6a62c51382d77b11
https://iclass.tku.edu.tw/static/assets/images/large/sites-menu/686acd5b56aebc65c54f.png,200,raw/iclass.tku.edu.tw/static/assets/images/large/sites-menu/686acd5b56aebc65c54f.png,3721,image/png,41f29de6fed36e2b90fe6c96d056d98f2cb5b308fd3038722f7a7fefdc6a5275
https://iclass.tku.edu.tw/static/assets/images/large/sites-menu/69c3fc7b029df2a91faa.png,200,raw/iclass.tku.edu.tw/static/assets/images/large/sites-menu/69c3fc7b029df2a91faa.png,2120,image/png,644df4334d889a16c786d7d6002980124bd82de3936beedfc522585e801a9bbd
https://iclass.tku.edu.tw/static/assets/images/large/sites-menu/6abd98921cc5ce264c20.png,200,raw/iclass.tku.edu.tw/static/assets/images/large/sites-menu/6abd98921cc5ce264c20.png,2839,image/png,7094947384ca41ac660bae202a92d1603519d6c51bce1166de03a20dc280a627
https://iclass.tku.edu.tw/static/assets/images/large/sites-menu/76377a2001666a18bcfd.png,200,raw/iclass.tku.edu.tw/static/assets/images/large/sites-menu/76377a2001666a18bcfd.png,2118,image/png,934910c2f35ad79d85e1c0bc8d5962cee742d38e360388bcb11c36a339b68677
https://iclass.tku.edu.tw/static/assets/images/large/sites-menu/76e3626775fa57c43297.png,200,raw/iclass.tku.edu.tw/static/assets/images/large/sites-menu/76e3626775fa57c43297.png,1545,image/png,285b75619dcd588443bd990d5980b66d6f730104b953aa40ba0ece955b469a09
https://iclass.tku.edu.tw/static/assets/images/large/sites-menu/789d7afaaa0681c776f2.png,200,raw/iclass.tku.edu.tw/static/assets/images/large/sites-menu/789d7afaaa0681c776f2.png,2474,image/png,035caba3e833691484ff05fdb4ed27c5271e9aafedb46f36f3b044db6224b4c8
https://iclass.tku.edu.tw/static/assets/images/large/sites-menu/80b5d124adb3d1351245.png,200,raw/iclass.tku.edu.tw/static/assets/images/large/sites-menu/80b5d124adb3d1351245.png,2609,image/png,bc2a444bd626dbbc41a4ee07e4fd60b91d87f9bd494711f5b4b27013ab64fe4e
https://iclass.tku.edu.tw/static/assets/images/large/sites-menu/80ba25c7388a0c10cea6.png,200,raw/iclass.tku.edu.tw/static/assets/images/large/sites-menu/80ba25c7388a0c10cea6.png,2168,image/png,50c10c13f7f776738a8820e9cc520f875b6f08c54bf98f9858e49f2ceaf7dd5d
https://iclass.tku.edu.tw/static/assets/images/large/sites-menu/888e2a6189b03edd81da.png,200,raw/iclass.tku.edu.tw/static/assets/images/large/sites-menu/888e2a6189b03edd81da.png,2632,image/png,3f352bc92b92b1d88d2b67ec406bb8881baae17af98c40351f5412941ada4185
https://iclass.tku.edu.tw/static/assets/images/large/sites-menu/90f4e73766043deb4d45.png,200,raw/iclass.tku.edu.tw/static/assets/images/large/sites-menu/90f4e73766043deb4d45.png,2124,image/png,0e17d6bd9a6b21475897e2532a5a5e88b31505e9e2e18b6129a34480dd7d51bb
https://iclass.tku.edu.tw/static/assets/images/large/sites-menu/9a3b1adb3b8ff0f4778b.png,200,raw/iclass.tku.edu.tw/static/assets/images/large/sites-menu/9a3b1adb3b8ff0f4778b.png,3124,image/png,9fbb5dcd0b788fd1220952f9a055cc28cd64cb56db0087a6fa05edce7733fd5e
https://iclass.tku.edu.tw/static/assets/images/large/sites-menu/a770e4c0df466469e222.png,200,raw/iclass.tku.edu.tw/static/assets/images/large/sites-menu/a770e4c0df466469e222.png,1947,image/png,e276b1e98ba1bcaecf3a79339b11b46a3f23c0016946a1bca59c85c6e514fbdb
https://iclass.tku.edu.tw/static/assets/images/large/sites-menu/b4f8adabcb17af124404.png,200,raw/iclass.tku.edu.tw/static/assets/images/large/sites-menu/b4f8adabcb17af124404.png,3818,image/png,e51f9b33e014d0541786d29b31e6bce7615f3dd90ec9e3593ded16ca91406eed
https://iclass.tku.edu.tw/static/assets/images/large/sites-menu/c42279477a0986c0fa51.png,200,raw/iclass.tku.edu.tw/static/assets/images/large/sites-menu/c42279477a0986c0fa51.png,3217,image/png,88dcd836887b4b6132e49dfcc94cf68a68420b839bb0b5a0c596f758b135124b
https://iclass.tku.edu.tw/static/assets/images/large/sites-menu/c737751128981bf654d4.png,200,raw/iclass.tku.edu.tw/static/assets/images/large/sites-menu/c737751128981bf654d4.png,2729,image/png,0850f3ec6333ce5b7d0d2e5cda0d1770fde2361353389d345d76859ef54d0620
https://iclass.tku.edu.tw/static/assets/images/large/sites-menu/c8794799061de7bec9d4.png,200,raw/iclass.tku.edu.tw/static/assets/images/large/sites-menu/c8794799061de7bec9d4.png,3792,image/png,26cec3ffd7007c03601e45ffd98466b8fb58c2602cabc3036daad5a77ae2ae03
https://iclass.tku.edu.tw/static/assets/images/large/sites-menu/cf5cc3671df92625ebc7.png,200,raw/iclass.tku.edu.tw/static/assets/images/large/sites-menu/cf5cc3671df92625ebc7.png,3080,image/png,055e76aa6da51284b366c9004c042b139872c739530a2b9d47df920536640ecd
https://iclass.tku.edu.tw/static/assets/images/large/sites-menu/d138f5b1bda56df291ff.png,200,raw/iclass.tku.edu.tw/static/assets/images/large/sites-menu/d138f5b1bda56df291ff.png,2424,image/png,0d0cd65e3a3ce0bc1a14fde3bfb436205a37dcaac037b7af25a2c729b15aca51
https://iclass.tku.edu.tw/static/assets/images/large/sites-menu/d2b89c68ba54ce78b285.png,200,raw/iclass.tku.edu.tw/static/assets/images/large/sites-menu/d2b89c68ba54ce78b285.png,2335,image/png,7d899278bbe584d036d0042fded64abbe98af36c6e2980a56a53883e98911140
https://iclass.tku.edu.tw/static/assets/images/large/sites-menu/dbed9883ae4c8a0d36be.png,200,raw/iclass.tku.edu.tw/static/assets/images/large/sites-menu/dbed9883ae4c8a0d36be.png,3629,image/png,eac0787a21394c902bd99115325c178a4b50d3812babfcbe1305f63e897823dd
https://iclass.tku.edu.tw/static/assets/images/large/sites-menu/e45779bcba98dccddd2e.png,200,raw/iclass.tku.edu.tw/static/assets/images/large/sites-menu/e45779bcba98dccddd2e.png,1116,image/png,5f88e4ab30e4fb5fbe9d583082dc2e8270a6634e6eb488c3a0e0699899ac996f
https://iclass.tku.edu.tw/static/assets/images/large/sites-menu/ea04377242fdf765b741.png,200,raw/iclass.tku.edu.tw/static/assets/images/large/sites-menu/ea04377242fdf765b741.png,2430,image/png,d8c0aaa6f75d4da2ccc8d6e46e2bb077c49378c5cb60e59b20b5a40ee3dce6e7
https://iclass.tku.edu.tw/static/assets/images/large/sites-menu/eccd86495dbbea9e6aa1.png,200,raw/iclass.tku.edu.tw/static/assets/images/large/sites-menu/eccd86495dbbea9e6aa1.png,1711,image/png,484d682f85a97eaff85571a7aab52ce41d2fe5d7ad988d6feabbda42e9b9b2c0
https://iclass.tku.edu.tw/static/assets/images/large/sites-menu/efe6511f8d7097a9fcbe.png,200,raw/iclass.tku.edu.tw/static/assets/images/large/sites-menu/efe6511f8d7097a9fcbe.png,2231,image/png,544ce2eb7b2e0225db500f36d188dada7ca82dcecf8a26a5d1b2ab86a140cf3b
https://iclass.tku.edu.tw/static/assets/images/large/sites-menu/f283cf3b872aec616bba.png,200,raw/iclass.tku.edu.tw/static/assets/images/large/sites-menu/f283cf3b872aec616bba.png,1940,image/png,4ad4072a697ea4f9eecbede907b90334abc625cb247b0f9cd0e04aee49704678
https://iclass.tku.edu.tw/static/assets/images/large/sites-menu/f616f21aa663c6a77f45.png,200,raw/iclass.tku.edu.tw/static/assets/images/large/sites-menu/f616f21aa663c6a77f45.png,2317,image/png,b3e11a6b6093cc2cf946435a6fe1521d6431ab6447922830a80bd4fce5137223
https://iclass.tku.edu.tw/static/assets/images/large/sites-menu/f64378eb412e3e8c6aac.png,200,raw/iclass.tku.edu.tw/static/assets/images/large/sites-menu/f64378eb412e3e8c6aac.png,14000,image/png,95471be71d22fd8689f1694eaf584bdddaa965865007fbe31f35cf7371e3b4b9
https://iclass.tku.edu.tw/static/assets/images/large/sites-menu/f90a1b81f2ff0a113811.png,200,raw/iclass.tku.edu.tw/static/assets/images/large/sites-menu/f90a1b81f2ff0a113811.png,13210,image/png,ee9da75d097a1131bb62945a74539e3360458e81e92374386c99c70e23c469f9
https://iclass.tku.edu.tw/static/assets/images/large/sites-menu/ff2f1f9e0ac67e07e33a.png,200,raw/iclass.tku.edu.tw/static/assets/images/large/sites-menu/ff2f1f9e0ac67e07e33a.png,3540,image/png,08565cd5e40ce8eaec1a368719815495b707e20df297bde2152783f9107142fc
https://iclass.tku.edu.tw/static/assets/images/large/small-header/0a7a6f2963ed8a9a7e1e.png,200,raw/iclass.tku.edu.tw/static/assets/images/large/small-header/0a7a6f2963ed8a9a7e1e.png,3163,image/png,3cb1c89cb52fedf29577097a0b495ecb9179d99eb573f5553876db6a44b29086
https://iclass.tku.edu.tw/static/assets/images/large/small-header/3a3f4a2938da30874a91.png,200,raw/iclass.tku.edu.tw/static/assets/images/large/small-header/3a3f4a2938da30874a91.png,3138,image/png,a7b1dc90239c5fca58d5ab0c040f75f146ffca3d8188e4b5e558592cc8c78f61
https://iclass.tku.edu.tw/static/assets/images/large/small-header/76822116bf380e0152dd.png,200,raw/iclass.tku.edu.tw/static/assets/images/large/small-header/76822116bf380e0152dd.png,1082,image/png,0fb211574c579e1e54f65bb822c1700ed55422cc02f5af2f00140b2d80b65a33
https://iclass.tku.edu.tw/static/assets/images/large/small-header/7edcdfb95394b6317072.png,200,raw/iclass.tku.edu.tw/static/assets/images/large/small-header/7edcdfb95394b6317072.png,3137,image/png,9fcbc59f3335a29a49ab76e72dfd4e0c0e94a4a06429fb8f42879e0310ec6223
https://iclass.tku.edu.tw/static/assets/images/large/small-header/cff55a601887fd788793.png,200,raw/iclass.tku.edu.tw/static/assets/images/large/small-header/cff55a601887fd788793.png,869,image/png,197b832f236ea70a89866fb1ccb3210a6548f5499a17b69911d4e2006798bc98
https://iclass.tku.edu.tw/static/assets/images/large/small-header/d3bfdc9e2acc0812f0f9.png,200,raw/iclass.tku.edu.tw/static/assets/images/large/small-header/d3bfdc9e2acc0812f0f9.png,874,image/png,c16177f4a161f0e340a4250aeeb5558c5b6739bca22d1a6890762ed6dd0c1cb0
https://iclass.tku.edu.tw/static/assets/images/large/small-header/db6a3f9dcbd89f793676.png,200,raw/iclass.tku.edu.tw/static/assets/images/large/small-header/db6a3f9dcbd89f793676.png,707,image/png,a302f96ee48f9fa72cd4e83f809c10b9e5a93427cb86c4892df39e8e2aa23d7d
https://iclass.tku.edu.tw/static/assets/images/large/small-header/de293cd6caca77de2a1f.png,200,raw/iclass.tku.edu.tw/static/assets/images/large/small-header/de293cd6caca77de2a1f.png,3140,image/png,b770b1e38f92e670cdadb857b0ce4bc8ecbecfe2061d8da8ef7bf62d5615dc8a
https://iclass.tku.edu.tw/static/assets/images/large/small-header/ffdbaa063bd3a3e4d0b2.png,200,raw/iclass.tku.edu.tw/static/assets/images/large/small-header/ffdbaa063bd3a3e4d0b2.png,3189,image/png,f5d86e7e2d53092762c49a42172264827cd01013a0d1cd3e252e8d4ef05f2d3a
https://iclass.tku.edu.tw/static/assets/images/large/time-table/402f94ec037846622294.png,200,raw/iclass.tku.edu.tw/static/assets/images/large/time-table/402f94ec037846622294.png,12696,image/png,bda9fa2ded17152c997f8642bc933995990a7a44ae59c627610940ad3eaadad6
https://iclass.tku.edu.tw/static/assets/images/large/user/26c9773c86ab7e92fca2.png,200,raw/iclass.tku.edu.tw/static/assets/images/large/user/26c9773c86ab7e92fca2.png,26742,image/png,f51461031b25c733fd5dcf61393527d1f8decdab0676fc0c45c3f392cf980f95
https://iclass.tku.edu.tw/static/assets/images/large/user/f6a3eb4a21066e3fc09c.png,200,raw/iclass.tku.edu.tw/static/assets/images/large/user/f6a3eb4a21066e3fc09c.png,10794,image/png,97531658467af86c468e4f81b4e51dda622bb3c14127e40aafc4b2c2a2ba3fba
https://iclass.tku.edu.tw/static/assets/images/large/video/d5b96debd47a6bed1e99.png,200,raw/iclass.tku.edu.tw/static/assets/images/large/video/d5b96debd47a6bed1e99.png,44854,image/png,cd5bf955c2cf56627fd663bf6c7e88cfbdbe15b734496f084af6cc5ea11fdabe
https://iclass.tku.edu.tw/static/assets/images/live-activities/4c824666934cec3c2422.svg,200,raw/iclass.tku.edu.tw/static/assets/images/live-activities/4c824666934cec3c2422.svg,1134,image/svg+xml,dc2a130e03981dbc5056a17f38aaae3887360e06662c6419fb027f18327fef95
https://iclass.tku.edu.tw/static/assets/images/live-activities/60b0a61828fef2b3d227.svg,200,raw/iclass.tku.edu.tw/static/assets/images/live-activities/60b0a61828fef2b3d227.svg,1776,image/svg+xml,5751ec69d41f450333e4cae922500922b3d879301c0dc751327ae03f421baa99
https://iclass.tku.edu.tw/static/assets/images/live-activities/832bb63134ccab5ec194.svg,200,raw/iclass.tku.edu.tw/static/assets/images/live-activities/832bb63134ccab5ec194.svg,2905,image/svg+xml,4e5c174c1b94a3e697ccff85e7c4eeea122d6d9d5330453716b6508442db0de0
https://iclass.tku.edu.tw/static/assets/images/live-activities/a1596fcd94ada23adb5e.svg,200,raw/iclass.tku.edu.tw/static/assets/images/live-activities/a1596fcd94ada23adb5e.svg,3207,image/svg+xml,16c91a09aba94fdcb06cab526f4ee3e31aecdf7c4b2df06afe95c83c52b39735
https://iclass.tku.edu.tw/static/assets/images/live-activities/e2dde7f9cbbbe73de61f.svg,200,raw/iclass.tku.edu.tw/static/assets/images/live-activities/e2dde7f9cbbbe73de61f.svg,10745,image/svg+xml,fd5e5ea751d4305fa1557f570b4cc14aadb0b97ab9b25338dfcfc7bc602fef90
https://iclass.tku.edu.tw/static/assets/images/njtc-portal/91f3c9410e3063d48db3.png,200,raw/iclass.tku.edu.tw/static/assets/images/njtc-portal/91f3c9410e3063d48db3.png,218057,image/png,01964dd1df94f0090350e2a1e9d87642fece82172bf1171ede18b2ffe5b58d8b
https://iclass.tku.edu.tw/static/assets/images/official-site-v3/056d5d6d7814561be67c.png,200,raw/iclass.tku.edu.tw/static/assets/images/official-site-v3/056d5d6d7814561be67c.png,6135,image/png,f504f88dc11e8375025c89f823dec134321e8a8be3fb02919f1c35705742f6b8
https://iclass.tku.edu.tw/static/assets/images/official-site-v3/1bc646085d73018e81fb.png,200,raw/iclass.tku.edu.tw/static/assets/images/official-site-v3/1bc646085d73018e81fb.png,3770,image/png,35bdff36e75f7aeb7b8e4d3dbffca7f54756fc972f238a867ab4e10aad637fb9
https://iclass.tku.edu.tw/static/assets/images/official-site-v3/655b8376cf54b50bbb5a.png,200,raw/iclass.tku.edu.tw/static/assets/images/official-site-v3/655b8376cf54b50bbb5a.png,2701,image/png,830d7e4f44f05f03638e358e620b2e816c06bee06890a3d9009880acd8519e6e
https://iclass.tku.edu.tw/static/assets/images/official-site-v3/8eec65eecc39d47e4eb9.gif,200,raw/iclass.tku.edu.tw/static/assets/images/official-site-v3/8eec65eecc39d47e4eb9.gif,1177,image/gif,dc6fabd893a83c77159a74e011302ec895e8c0d963843dba25c09e1279d6fba8
https://iclass.tku.edu.tw/static/assets/images/official-site-v3/b3579469e7e0658b8471.png,200,raw/iclass.tku.edu.tw/static/assets/images/official-site-v3/b3579469e7e0658b8471.png,796,image/png,45479fe2be2f5f9cd1e9008cc8817b0a8a4b1e91ae602bc1ce469aa3b6723e02
https://iclass.tku.edu.tw/static/assets/images/official-site-v3/b9b8f85422973bf11a92.png,200,raw/iclass.tku.edu.tw/static/assets/images/official-site-v3/b9b8f85422973bf11a92.png,217,image/png,b436a8851a3d7efb37ef76386d4022d7f60990281a64b546f2f060c1043d9640
https://iclass.tku.edu.tw/static/assets/images/official-site-v3/ca9a441fb935705306aa.gif,200,raw/iclass.tku.edu.tw/static/assets/images/official-site-v3/ca9a441fb935705306aa.gif,1177,image/gif,0979ce89c4c86eb69b94c0dea2fd5e5b9fe217bf4e15eb17b4bd41e2a8ba14af
https://iclass.tku.edu.tw/static/assets/images/stat-note-for-student/0d4d18d9a4359dc0f24f.png,200,raw/iclass.tku.edu.tw/static/assets/images/stat-note-for-student/0d4d18d9a4359dc0f24f.png,9866,image/png,ad38142294e78ef957798a719001d15096f6a47b9c3732703b6d52addc2741aa
https://iclass.tku.edu.tw/static/assets/images/stat-note-for-student/3ff086b426e566b3bb57.png,200,raw/iclass.tku.edu.tw/static/assets/images/stat-note-for-student/3ff086b426e566b3bb57.png,10776,image/png,0e779ced8113aa05cfb5c72622a7612f00bd53b2cdf4bc8bfb814cfbb6fe5a1d
https://iclass.tku.edu.tw/static/assets/images/stat-note-for-student/4e1823cdc2207c754589.png,200,raw/iclass.tku.edu.tw/static/assets/images/stat-note-for-student/4e1823cdc2207c754589.png,3836,image/png,4b76e5dce5ed45127aca148cefffbe52382b390ede0e7df65817916cfcba1b88
https://iclass.tku.edu.tw/static/assets/images/stat-note-for-student/5dfe0ede72b3f336eb64.png,200,raw/iclass.tku.edu.tw/static/assets/images/stat-note-for-student/5dfe0ede72b3f336eb64.png,108198,image/png,e6a234abadb86a3d506095c388bd61dc81f9b83d9043f03864ffeb9c1ef88d5c
https://iclass.tku.edu.tw/static/assets/images/stat-note-for-student/7c6c8097ac328a737388.png,200,raw/iclass.tku.edu.tw/static/assets/images/stat-note-for-student/7c6c8097ac328a737388.png,3288,image/png,78a788695541e4a276939a40b19e5cb8d5ec208e45fb21195f50ff1f81ebbc29
https://iclass.tku.edu.tw/static/assets/images/stat-note-for-student/7da23b613c8489cefcb3.png,200,raw/iclass.tku.edu.tw/static/assets/images/stat-note-for-student/7da23b613c8489cefcb3.png,522848,image/png,caf63de4e5518b4a00cb36bcd591ef01334207a1b1bb4af5c3e13342aae45c55
https://iclass.tku.edu.tw/static/assets/images/stat-note-for-student/80cf96aef1a9103633ae.png,200,raw/iclass.tku.edu.tw/static/assets/images/stat-note-for-student/80cf96aef1a9103633ae.png,2953,image/png,f54de1b2c61438fc71950fad4b90062820a3ea2e9d3a3685dcc015e98a58b5c0
https://iclass.tku.edu.tw/static/assets/images/stat-note-for-student/bb49b281b8a64846c1f3.png,200,raw/iclass.tku.edu.tw/static/assets/images/stat-note-for-student/bb49b281b8a64846c1f3.png,4723,image/png,9aa93d63875aaa5a271bb84fd8da33cef9897665d4a61ae8848fec2646ed468a
https://iclass.tku.edu.tw/static/assets/images/stat-note-for-student/c04c3ddbf37b14744cf9.png,200,raw/iclass.tku.edu.tw/static/assets/images/stat-note-for-student/c04c3ddbf37b14744cf9.png,3452,image/png,9eff34807699d483ac4ee18d51ba1e7a126c997e30597640afa3618f2f379b41
https://iclass.tku.edu.tw/static/assets/images/stat/109f27f7a3fad01b6e42.png,200,raw/iclass.tku.edu.tw/static/assets/images/stat/109f27f7a3fad01b6e42.png,3416,image/png,66cf97d9757221fffa2aaf453ae1891b363b41ee460cafcfc0dd0f1704fa0c6b
https://iclass.tku.edu.tw/static/assets/images/stat/8629f1a979a1b80bf9a5.png,200,raw/iclass.tku.edu.tw/static/assets/images/stat/8629f1a979a1b80bf9a5.png,3584,image/png,c67d7cc9b10ddbf24c470616cfc3c4fb20c1c14b57f975fd51998a3bb0fb43e9
https://iclass.tku.edu.tw/static/assets/images/stat/8cac1e214d75f3cb9c41.png,200,raw/iclass.tku.edu.tw/static/assets/images/stat/8cac1e214d75f3cb9c41.png,4005,image/png,683bc97e06dabc406d0a46c54010e6181375dd172b024cc7f079a6e91f9ecc3a
https://iclass.tku.edu.tw/static/assets/images/stat/c2e17532bf56e2955b1d.png,200,raw/iclass.tku.edu.tw/static/assets/images/stat/c2e17532bf56e2955b1d.png,3938,image/png,1c93a6ed852589d4a87cac739804c1c378ba0b36f509fa944c415075adabd7f0
https://iclass.tku.edu.tw/static/assets/images/toast/24ec35e5fe11845c3939.png,200,raw/iclass.tku.edu.tw/static/assets/images/toast/24ec35e5fe11845c3939.png,726,image/png,f27dbd720b2e9254fb7a8ce267a62f5673b2f75500a4d5c02e21600f2498a102
https://iclass.tku.edu.tw/static/assets/images/toast/4f0e2dc29e3479b72c78.png,200,raw/iclass.tku.edu.tw/static/assets/images/toast/4f0e2dc29e3479b72c78.png,633,image/png,b0eab0cfec281bc0702bc9cc649f5f5f61d4e9da022bd254f00742780364cf54
https://iclass.tku.edu.tw/static/assets/images/toast/6f9a56bfd322fcc528b4.png,200,raw/iclass.tku.edu.tw/static/assets/images/toast/6f9a56bfd322fcc528b4.png,666,image/png,bb92dc902456fd2aa2edaed2721c4c9173b65b345c340e6da948599fb800c9c4
https://iclass.tku.edu.tw/static/assets/images/toast/a1fa1152686c2af288cb.png,200,raw/iclass.tku.edu.tw/static/assets/images/toast/a1fa1152686c2af288cb.png,693,image/png,6c3d9275925225c3f84d57b605dcda69b5b4369691fb737326063a1b0099d966
https://iclass.tku.edu.tw/static/assets/images/zoom/0605b4a2f3dfab6a7547.png,200,raw/iclass.tku.edu.tw/static/assets/images/zoom/0605b4a2f3dfab6a7547.png,57115,image/png,89ceeb7d25b440a91ce8fa4fb80aa5734b59b2aaa846613bc47b55f9c5022162
https://iclass.tku.edu.tw/static/assets/images/zoom/6a52afaea74ac4fe7d0f.png,200,raw/iclass.tku.edu.tw/static/assets/images/zoom/6a52afaea74ac4fe7d0f.png,70793,image/png,4b5f98dd4352f494ee67a8f86f213ff65d0b020a8bdb8ba4f585cab5497546c0
https://iclass.tku.edu.tw/static/assets/images/zoom/705fb05723534e91b146.png,200,raw/iclass.tku.edu.tw/static/assets/images/zoom/705fb05723534e91b146.png,54595,image/png,7988137a0c216991957a2621dbf7e375c22e216caca531f32848b3dbd0f710ac
https://iclass.tku.edu.tw/static/assets/images/zoom/72141c7ffdb20cdaf18a.png,200,raw/iclass.tku.edu.tw/static/assets/images/zoom/72141c7ffdb20cdaf18a.png,109472,image/png,0c0e3e0ab12cc30136ce15f22757d6f97bfc0a97db87f9c28844aa8e45f34a02
https://iclass.tku.edu.tw/static/assets/images/zoom/8443ac0f9ccff2a9ff28.png,200,raw/iclass.tku.edu.tw/static/assets/images/zoom/8443ac0f9ccff2a9ff28.png,43936,image/png,b0f0aa8dac784e334389b3a98c8937b3293c4fd6288d0bbd77df7dc44e56de4f
https://iclass.tku.edu.tw/static/assets/images/zoom/9852f47b393c044ab4ab.png,200,raw/iclass.tku.edu.tw/static/assets/images/zoom/9852f47b393c044ab4ab.png,50038,image/png,b48ac78567020a70b21f5371b04244637e35b35a5d658904ba74e91862261f02
https://iclass.tku.edu.tw/static/assets/images/zoom/dac7fb7fc9ac7935cbd0.png,200,raw/iclass.tku.edu.tw/static/assets/images/zoom/dac7fb7fc9ac7935cbd0.png,46413,image/png,e4a845faac8d16a894943941c5ff276b77cc0208e77fe9099795319178804aa3
https://iclass.tku.edu.tw/static/assets/images/zoom/f3be7966239c58fe4f1f.png,200,raw/iclass.tku.edu.tw/static/assets/images/zoom/f3be7966239c58fe4f1f.png,49681,image/png,c95bed31f185fd6bb92e48a56abc8436f2a9e36d44c0f7c1732685bc0e775489
https://iclass.tku.edu.tw/static/assets/images/zoom/f465b37862a00e03c6e1.png,200,raw/iclass.tku.edu.tw/static/assets/images/zoom/f465b37862a00e03c6e1.png,102935,image/png,9f44e09b5c9fce7f50a90adac5e74b65401df481198fc8ae109c7033bd36c025
https://iclass.tku.edu.tw/static/assets/images/zoom/f594a78f9547136ec76e.png,200,raw/iclass.tku.edu.tw/static/assets/images/zoom/f594a78f9547136ec76e.png,53495,image/png,ababa720270a3da5ddaea608b3c7af361a63f5587b1f2dc765ded976a94c6ebe
https://iclass.tku.edu.tw/static/assets/images/zoom/fb038232928cfcb27a63.png,200,raw/iclass.tku.edu.tw/static/assets/images/zoom/fb038232928cfcb27a63.png,47022,image/png,97c096e0534579b28ceb9381231069049ab6ef3c21890fdde0c98b0e0a6c6c99
https://iclass.tku.edu.tw/static/assets/images/zoom/fe13d6906189c44c0d19.png,200,raw/iclass.tku.edu.tw/static/assets/images/zoom/fe13d6906189c44c0d19.png,49137,image/png,54623a14bca312d8b855033eb16ab8086526127fde7999594bed18e374c874f2
https://iclass.tku.edu.tw/static/assets/js/vue/styles/vue-treeselect/assets/2b2a04bd2627065d03cc.png,200,raw/iclass.tku.edu.tw/static/assets/js/vue/styles/vue-treeselect/assets/2b2a04bd2627065d03cc.png,264,image/png,7fb002b73cb85ba58d668fa888d33f43af61eef04c2b6bca8a101e8878251365
https://iclass.tku.edu.tw/static/assets/js/vue/styles/vue-treeselect/assets/327af92b27004d7055b2.png,200,raw/iclass.tku.edu.tw/static/assets/js/vue/styles/vue-treeselect/assets/327af92b27004d7055b2.png,121,image/png,8a562d344f7c7f65635638a2a7d64ff327481f31bef5f717a40edbae1d996204
https://iclass.tku.edu.tw/static/assets/js/vue/styles/vue-treeselect/assets/548777f8b4e5335c1ca0.png,200,raw/iclass.tku.edu.tw/static/assets/js/vue/styles/vue-treeselect/assets/548777f8b4e5335c1ca0.png,136,image/png,6c37e0e167dc2ef0aff2912de1c113fa9a448f04bd157d611c0df89f1451f0cf
https://iclass.tku.edu.tw/static/assets/js/vue/styles/vue-treeselect/assets/6740d30df669eb74bbea.png,200,raw/iclass.tku.edu.tw/static/assets/js/vue/styles/vue-treeselect/assets/6740d30df669eb74bbea.png,224,image/png,43408a300ff80c48476ee727d6644b76447d4f5616352daf09e4cf776a75947f
https://iclass.tku.edu.tw/static/assets/js/vue/styles/vue-treeselect/assets/80e6cffa23f246b3fd33.png,200,raw/iclass.tku.edu.tw/static/assets/js/vue/styles/vue-treeselect/assets/80e6cffa23f246b3fd33.png,136,image/png,b0dbc6ca415949f7a56ca46cc1a095b2bf40ba69054a97537c4b23908775f369
https://iclass.tku.edu.tw/static/assets/js/vue/styles/vue-treeselect/assets/84dfd1b5503e4127f1ea.png,200,raw/iclass.tku.edu.tw/static/assets/js/vue/styles/vue-treeselect/assets/84dfd1b5503e4127f1ea.png,158,image/png,66c264d02af4cac98791c2e9f2e1d7f9bfc1f932934566f0417012b544b01f64
https://iclass.tku.edu.tw/static/assets/js/vue/styles/vue-treeselect/assets/8ec9b65cf4fc80cf6142.png,200,raw/iclass.tku.edu.tw/static/assets/js/vue/styles/vue-treeselect/assets/8ec9b65cf4fc80cf6142.png,286,image/png,b9619d3517bddbba3279ed76e74e6c32b2a9ecc511f840a693f1575e660c9ed7
https://iclass.tku.edu.tw/static/assets/js/vue/styles/vue-treeselect/assets/9ab79ec43dea219cb626.png,200,raw/iclass.tku.edu.tw/static/assets/js/vue/styles/vue-treeselect/assets/9ab79ec43dea219cb626.png,119,image/png,883f476bee2a4960db456857ca35dbc98003de54b9ef5395dbd0b8134a32163b
https://iclass.tku.edu.tw/static/assets/js/vue/styles/vue-treeselect/assets/b0e92cb0e770759731f3.png,200,raw/iclass.tku.edu.tw/static/assets/js/vue/styles/vue-treeselect/assets/b0e92cb0e770759731f3.png,184,image/png,4518a331ef8952cd58d96d845c2cbbe82f5209e803a013d45267e66f8524f50f
https://iclass.tku.edu.tw/static/assets/js/vue/styles/vue-treeselect/assets/c602524d0f2755b6fe2a.png,200,raw/iclass.tku.edu.tw/static/assets/js/vue/styles/vue-treeselect/assets/c602524d0f2755b6fe2a.png,107,image/png,4d77933b1178bb1e36c15b2422ce09f94b0e6b377b4145ab1cf0a13f29a63737
https://iclass.tku.edu.tw/static/assets/js/vue/styles/vue-treeselect/assets/ccf6e142568d8e11d44f.png,200,raw/iclass.tku.edu.tw/static/assets/js/vue/styles/vue-treeselect/assets/ccf6e142568d8e11d44f.png,102,image/png,6a9ff04506fe323303d65a5d6a9681d91930e9111ebd65c0a006730a5e5f6fb9
https://iclass.tku.edu.tw/static/assets/js/vue/styles/vue-treeselect/assets/f662712ed753cfb3f16a.png,200,raw/iclass.tku.edu.tw/static/assets/js/vue/styles/vue-treeselect/assets/f662712ed753cfb3f16a.png,264,image/png,1e12eea4d0a5f97273eae128bf52b053ccdc50fda4569ad4e1765321274b6f6a
https://iclass.tku.edu.tw/static/assets/js/vue/views/course/public-course/imgs/49cbcdb698861d1c8372.png,200,raw/iclass.tku.edu.tw/static/assets/js/vue/views/course/public-course/imgs/49cbcdb698861d1c8372.png,110032,image/png,d97ce5dd6158ea3b384e5bd292b29aa75a735f6d2a1b94498138001094cff943
https://iclass.tku.edu.tw/static/assets/js/vue/views/course/public-course/imgs/8b4e5ee4436b9f605810.png,200,raw/iclass.tku.edu.tw/static/assets/js/vue/views/course/public-course/imgs/8b4e5ee4436b9f605810.png,187929,image/png,77b9b68ea0dabae76cca6f13bb895b5be33912bac9c6b0b463d1fa6958e41b83
https://iclass.tku.edu.tw/static/assets/js/vue/views/course/public-course/imgs/f4117364b3a17a28610a.png,200,raw/iclass.tku.edu.tw/static/assets/js/vue/views/course/public-course/imgs/f4117364b3a17a28610a.png,830543,image/png,33fe82113a172ae1b0b28c76989aecdfa9393cbd3824e85e09891b4af09ae050
https://iclass.tku.edu.tw/static/assets/js/vue/views/knowledge-graph/g6-graph/img/3a5f49a633bfd99dfd9b.png,200,raw/iclass.tku.edu.tw/static/assets/js/vue/views/knowledge-graph/g6-graph/img/3a5f49a633bfd99dfd9b.png,692457,image/png,830fb561236a11c727256eff6672331cfa88a68d2c1ee0740ca2832ad11e2aa6
https://iclass.tku.edu.tw/static/assets/js/vue/views/knowledge-graph/g6-graph/img/db1af0ce49e0bb735395.png,200,raw/iclass.tku.edu.tw/static/assets/js/vue/views/knowledge-graph/g6-graph/img/db1af0ce49e0bb735395.png,741038,image/png,26e37e056717263e3097f0ca841a283065b03a2f2e24fa004edb359cf7524d9b
https://iclass.tku.edu.tw/static/assets/scss/spritesmith-generated/737c154fdaf56db1ab13.png,200,raw/iclass.tku.edu.tw/static/assets/scss/spritesmith-generated/737c154fdaf56db1ab13.png,632741,image/png,0b0fbcff7b6215efec486536c42772c6684879850aab5b106f4dfab600d60423
https://iclass.tku.edu.tw/static/assets/sprites/icons/exam/2282f8c971c7dd51dc0c.png,200,raw/iclass.tku.edu.tw/static/assets/sprites/icons/exam/2282f8c971c7dd51dc0c.png,343,image/png,076016b7147ad0827e72ca684405aa57a7376d445664d383592f8b55ab67bcbe
https://iclass.tku.edu.tw/static/assets/sprites/icons/exam/bf2d01eaa8a3c84aa561.png,200,raw/iclass.tku.edu.tw/static/assets/sprites/icons/exam/bf2d01eaa8a3c84aa561.png,424,image/png,b0aa2de52b4b896b680d39bc8126dae08fa9bc4412cb109a84c93768fba4d4cc
https://iclass.tku.edu.tw/static/js/iframeResizer.map,403,raw/iclass.tku.edu.tw/static/js/iframeResizer.map,600,text/html,c829da6e1f4ce665511885618669a79aaaa316cd7cdeb55ab1f65c742f8f77a7
https://iclass.tku.edu.tw/static/js/iframeResizer.min.js?v=1.77.117541-hotfix-v1-77-7d747e6d,200,raw/iclass.tku.edu.tw/static/js/iframeResizer.min__q_19ef8e292e.js,14166,application/javascript,f3a17dbeb1279ddd9aa45595a39b0dc40ada6fa4fc2f4e3c7cf3e460e3410c76
https://iclass.tku.edu.tw/static/js/lms-main-c9dd7ace.css,200,raw/iclass.tku.edu.tw/static/js/lms-main-c9dd7ace.css,45675,text/css,b3f5370afe062cd873f9346dc0458dacc480a286348a4dc4e2eef2d326545a11
https://iclass.tku.edu.tw/static/js/lms-main-dffe463e.js,200,raw/iclass.tku.edu.tw/static/js/lms-main-dffe463e.js,214260,application/javascript,2fb3bb13ec41c1dd63579b5298cd30eb3d014263cb45d409fdc7bdecc79c9c57
https://iclass.tku.edu.tw/static/js/main-portal-48fa8283.js,200,raw/iclass.tku.edu.tw/static/js/main-portal-48fa8283.js,223729,application/javascript,5c0d753732a356397b055fe8ac9c1ec8056e341ff5c176def1fc39bef6aacc8c
https://iclass.tku.edu.tw/static/js/main-portal-c353cedb.css,200,raw/iclass.tku.edu.tw/static/js/main-portal-c353cedb.css,40801,text/css,9631dd2bbd4f1001021c30c381cde5e210ea42ecaacaf8488e22bcbb0ca2acf8
https://iclass.tku.edu.tw/static/js/main-public-course-d8b2890d.js,200,raw/iclass.tku.edu.tw/static/js/main-public-course-d8b2890d.js,214304,application/javascript,b03471f1393dffee1d7b83409ee403ccf77c22f74301dafac940d381514a5d78
https://iclass.tku.edu.tw/static/js/main-public-course-e8564729.css,200,raw/iclass.tku.edu.tw/static/js/main-public-course-e8564729.css,43621,text/css,e3992e58080709ac9dc53320cc8869a397725febd264d26dc9da45a860a6fd92
https://iclass.tku.edu.tw/static/js/mathjax/es5/tex-mml-svg.js,200,raw/iclass.tku.edu.tw/static/js/mathjax/es5/tex-mml-svg.js,2120598,application/javascript,1f17a7ed95ff4a4b27d16bf0fb5f80b915686ee8673e82983a2876ecf8cb9fae
https://iclass.tku.edu.tw/static/json/countries-states-cities-regions-en-US.json,200,raw/iclass.tku.edu.tw/static/json/countries-states-cities-regions-en-US.json,324160,application/json,55a1203a521dd06e6c02a94251451ca7bae3302366d40745027415fc9a301357
https://iclass.tku.edu.tw/static/json/countries-states-cities-regions-zh_Hans_CN.json,200,raw/iclass.tku.edu.tw/static/json/countries-states-cities-regions-zh_Hans_CN.json,593104,application/json,42b7ee8adc62e4ba85482b8226cc28e290432b8ddf9a9ce871287f9cf19c4712
https://iclass.tku.edu.tw/static/json/countries-states-cities-regions-zh_Hans_TW.json,200,raw/iclass.tku.edu.tw/static/json/countries-states-cities-regions-zh_Hans_TW.json,617575,application/json,ec0297f6c41b8d08cf02ad6df4004ab0496390b4f808a280c9e0c1172fb12dc5
https://iclass.tku.edu.tw/static/lms/static/tronclass.6757e3ec76849954f291e678c740f7a8.ttf,200,raw/iclass.tku.edu.tw/static/lms/static/tronclass.6757e3ec76849954f291e678c740f7a8.ttf,383744,application/octet-stream,904a8ae4d819fb530a701f74380755cc3636c6bacb1af24a133aeea6f466b6c5
https://iclass.tku.edu.tw/static/lms/static/tronclass.676cd52b0c9a9fb052e923e49b6f296e.woff,200,raw/iclass.tku.edu.tw/static/lms/static/tronclass.676cd52b0c9a9fb052e923e49b6f296e.woff,149016,font/woff,9b83157139ff5eaf920d79c5d80c7d13f36cf84adb4fbbb09851e5ba1d926f3d
https://iclass.tku.edu.tw/static/lms/static/tronclass.8265f7da2c99b7c98881b454dcda3a20.woff2,200,raw/iclass.tku.edu.tw/static/lms/static/tronclass.8265f7da2c99b7c98881b454dcda3a20.woff2,119796,font/woff2,ca780f13c8e96c819fa536e8cb1d636fb4858ce231f2442fca652b0fa176cc8a
https://iclass.tku.edu.tw/static/node_modules/@wisdomgarden/view-design/src/styles/common/iconfont/fonts/161d3f803b0df6f22445.ttf?v=3.0.0,200,raw/iclass.tku.edu.tw/static/node_modules/@wisdomgarden/view-design/src/styles/common/iconfont/fonts/161d3f803b0df6f22445__q_2953147403.ttf,197664,application/octet-stream,13d29fa1b804cd295603d17a7c9296c425af2724feaac7ce621f7cad43d8a31d
https://iclass.tku.edu.tw/static/node_modules/@wisdomgarden/view-design/src/styles/common/iconfont/fonts/98a02ea1befce507ba6f.woff2?v=3.0.0,200,raw/iclass.tku.edu.tw/static/node_modules/@wisdomgarden/view-design/src/styles/common/iconfont/fonts/98a02ea1befce507ba6f__q_2953147403.woff2,82216,font/woff2,503dc6b7a4b1ef89aac99bf92eab623f06d00ca212630514b660fa6ee52c437c
https://iclass.tku.edu.tw/static/node_modules/@wisdomgarden/view-design/src/styles/common/iconfont/fonts/b706eeb61918944c52f9.svg?v=3.0.0,200,raw/iclass.tku.edu.tw/static/node_modules/@wisdomgarden/view-design/src/styles/common/iconfont/fonts/b706eeb61918944c52f9__q_2953147403.svg,555353,image/svg+xml,3cccccf5fd1e61b09425fdd50011e83d55bab659c8c6cd664712d45d1d7bd8f4
https://iclass.tku.edu.tw/static/node_modules/@wisdomgarden/view-design/src/styles/common/iconfont/fonts/f20ea7374f9ec83ea6ad.woff?v=3.0.0,200,raw/iclass.tku.edu.tw/static/node_modules/@wisdomgarden/view-design/src/styles/common/iconfont/fonts/f20ea7374f9ec83ea6ad__q_2953147403.woff,197740,font/woff,fe9ddf45f6f18308c6a5d71a09bd570df4f70f007e2e947c72d58deb7eb3ef2f
https://iclass.tku.edu.tw/static/node_modules/webui-popover/img/34eca7125f2f3be0eb4c.gif,200,raw/iclass.tku.edu.tw/static/node_modules/webui-popover/img/34eca7125f2f3be0eb4c.gif,1787,image/gif,16ea0cf66d51efdbbc2a62b11ab0419fa72fb3320844f1d0d710480245ac9925
https://iclass.tku.edu.tw/static/runtime~js/lms-main-d01aa8bf.js,200,raw/iclass.tku.edu.tw/static/runtime~js/lms-main-d01aa8bf.js,24747,application/javascript,71448e04ee972b2d1d2fc61f95ad6165d99124bc0ab11795bd9f831286a7dedb
https://iclass.tku.edu.tw/static/runtime~js/main-portal-3cc2b87f.js,200,raw/iclass.tku.edu.tw/static/runtime~js/main-portal-3cc2b87f.js,22818,application/javascript,2afd4fe67abcce4f83c4fe064906a77c535bef87893419532c4f8a6fe8609234
https://iclass.tku.edu.tw/static/runtime~js/main-public-course-332dec27.js,200,raw/iclass.tku.edu.tw/static/runtime~js/main-public-course-332dec27.js,24758,application/javascript,dadb7d9f64eb54cb37036a939eb2e4a8818e4bf74cc59314453bf0b49faab8ce
https://iclass.tku.edu.tw/static/styles-base-040084be.css,200,raw/iclass.tku.edu.tw/static/styles-base-040084be.css,99155,text/css,6de1e2c79f657ec6e434b1921afc87b843b019626766ef5986a6a2d517696d8d
https://iclass.tku.edu.tw/static/styles-course-037f0dda-89a9c5b1.css,200,raw/iclass.tku.edu.tw/static/styles-course-037f0dda-89a9c5b1.css,203661,text/css,d9344d4a422e4c98755499741dfbd398d68f0bf43772c93b6396e10503b3cdc0
https://iclass.tku.edu.tw/static/styles-course-127037c2-ffb16a6e.css,200,raw/iclass.tku.edu.tw/static/styles-course-127037c2-ffb16a6e.css,910778,text/css,2c85b4a66d3b8e5b1438b405d939186fd1255b7a350dad2199e30ba6334c1726
https://iclass.tku.edu.tw/static/styles-course-30349872-840d1382.css,200,raw/iclass.tku.edu.tw/static/styles-course-30349872-840d1382.css,94355,text/css,7c90ff2d06dab6968ba0f6bb27fa0071e518729d2a74fedbe178060d9563caa5
https://iclass.tku.edu.tw/static/styles-course-ce409320-bcaa303f.css,200,raw/iclass.tku.edu.tw/static/styles-course-ce409320-bcaa303f.css,281860,text/css,25c263ab1709787d6e4264a356901ae5f356cd869e071eafab15780524539c0a
https://iclass.tku.edu.tw/static/styles-course-f15203a0-8f84d7c9.css,200,raw/iclass.tku.edu.tw/static/styles-course-f15203a0-8f84d7c9.css,757658,text/css,5b1b014ffb8467bd1c67cfc5f1fdab98390d883fc62a33880c538b7b9cce5fab
https://iclass.tku.edu.tw/static/styles-iview-58339d95.css,200,raw/iclass.tku.edu.tw/static/styles-iview-58339d95.css,296586,text/css,90800d68eeccc229a25ae39669312bd23550ff15711b90794915b4bb12abd473
https://iclass.tku.edu.tw/static/styles-lms-main-ef469ef3.css,200,raw/iclass.tku.edu.tw/static/styles-lms-main-ef469ef3.css,1040347,text/css,b4314d854c9ec0d78894b524f5c5e6b5887fb1fd3a28bf6e8633f8671971fa3f
https://iclass.tku.edu.tw/static/vendor/foundation-datetimepicker/build/images/717caa8dac3979879fc0.svg,200,raw/iclass.tku.edu.tw/static/vendor/foundation-datetimepicker/build/images/717caa8dac3979879fc0.svg,1579,image/svg+xml,2c46ded2bcf064e8e0978995d4dbfd96caa3237ab546b6b50ec5d09c31359ce4
https://iclass.tku.edu.tw/static/vendor/foundation-datetimepicker/build/images/76fff0759a848c9f0616.svg,200,raw/iclass.tku.edu.tw/static/vendor/foundation-datetimepicker/build/images/76fff0759a848c9f0616.svg,518,image/svg+xml,537e621f61c35d88664dd2df842fd4f581c71eb245a517d5a6f82118fdcb7424
https://iclass.tku.edu.tw/static/vendor/foundation-datetimepicker/build/images/773b7ee5708acb39623a.svg,200,raw/iclass.tku.edu.tw/static/vendor/foundation-datetimepicker/build/images/773b7ee5708acb39623a.svg,943,image/svg+xml,99926423102c226db546e7db733634c81b59b4ba83e27f712b1ba4b7702fc900
https://iclass.tku.edu.tw/static/vendor/foundation-datetimepicker/build/images/f671e10d6d3d6cb88fe9.svg,200,raw/iclass.tku.edu.tw/static/vendor/foundation-datetimepicker/build/images/f671e10d6d3d6cb88fe9.svg,518,image/svg+xml,fe4031612eb8eca7d542a7fa18224c1581c6ba8b7667e3c396402e6b17e4193d
https://iclass.tku.edu.tw/static/vendor/select2/56d4c7ce2d3591a02107.gif,200,raw/iclass.tku.edu.tw/static/vendor/select2/56d4c7ce2d3591a02107.gif,1849,image/gif,f6ecff617ec2ba7f559e6f535cad9b70a3f91120737535dab4d4548a6c83576c
https://iclass.tku.edu.tw/static/vendor/select2/688bccf95583ddf2ba42.png,200,raw/iclass.tku.edu.tw/static/vendor/select2/688bccf95583ddf2ba42.png,845,image/png,6fe28d687dc0ed4d96016238c608ba1e7198c9c9accfa0b360b78018b9fb9bc2
https://iclass.tku.edu.tw/static/vendor/select2/c07457739c183c845cac.png,200,raw/iclass.tku.edu.tw/static/vendor/select2/c07457739c183c845cac.png,613,image/png,d6b5d8d83dbc18fb8d77c8761d331cd9e5123c9684950bab0406e98a24ac5ae8
https://iclass.tku.edu.tw/static/vendor/slick-carousel/slick/fb6f3c230cb846e25247.gif,200,raw/iclass.tku.edu.tw/static/vendor/slick-carousel/slick/fb6f3c230cb846e25247.gif,4178,image/gif,e7b44c86b050fca766a96ddac2d0932af0126da6f2305280342d909168dcce6b
https://iclass.tku.edu.tw/static/vendor/slick-carousel/slick/fonts/2630a3e3eab21c607e21.svg,200,raw/iclass.tku.edu.tw/static/vendor/slick-carousel/slick/fonts/2630a3e3eab21c607e21.svg,2152,image/svg+xml,12459f221a0b787bf1eaebf2e4c48fca2bd9f8493f71256c3043e7a0c7e932f6
https://iclass.tku.edu.tw/static/vendor/slick-carousel/slick/fonts/295183786cd8a1389865.woff,200,raw/iclass.tku.edu.tw/static/vendor/slick-carousel/slick/fonts/295183786cd8a1389865.woff,1380,font/woff,26726bac4060abb1226e6ceebc1336e84930fe7a7af1b3895a109d067f5b5dcc
https://iclass.tku.edu.tw/static/vendor/slick-carousel/slick/fonts/a4e97f5a2a64f0ab1323.eot,200,raw/iclass.tku.edu.tw/static/vendor/slick-carousel/slick/fonts/a4e97f5a2a64f0ab1323.eot,2048,application/vnd.ms-fontobject,06d80cf01250132fd1068701108453feee68854b750d22c344ffc0de395e1dcb
https://iclass.tku.edu.tw/static/vendor/slick-carousel/slick/fonts/a4e97f5a2a64f0ab1323.eot??,200,raw/iclass.tku.edu.tw/static/vendor/slick-carousel/slick/fonts/a4e97f5a2a64f0ab1323__q_5bab61eb53.eot,2048,application/vnd.ms-fontobject,06d80cf01250132fd1068701108453feee68854b750d22c344ffc0de395e1dcb
https://iclass.tku.edu.tw/static/vendor/slick-carousel/slick/fonts/c94f7671dcc99dce43e2.ttf,200,raw/iclass.tku.edu.tw/static/vendor/slick-carousel/slick/fonts/c94f7671dcc99dce43e2.ttf,1892,application/octet-stream,37bc99cfdbbc046193a26396787374d00e7b10d3a758a36045c07bd8886360d2
https://iclass.tku.edu.tw/static/vendor/video.js-5.15.1/dist/font/282afd53e92b065a0ee9.eot,200,raw/iclass.tku.edu.tw/static/vendor/video.js-5.15.1/dist/font/282afd53e92b065a0ee9.eot,5900,application/vnd.ms-fontobject,b59c6b140454cfbc4ae3ac6d8b888dac7f0e0bfa20590b485615d9ebce1ab370
https://iclass.tku.edu.tw/user-completeness,404,raw/iclass.tku.edu.tw/user-completeness.html,454458,text/html; charset=utf-8,589806490b77a5448c2f9160f5fce5eaad393faeec2af8fb359271515ad3644a
https://iclass.tku.edu.tw/user-roles,404,raw/iclass.tku.edu.tw/user-roles.html,454476,text/html; charset=utf-8,a4cf31df45a64c542e1eff558239469384bd9dd0f7362711dc62d27ed518291d
https://iclass.tku.edu.tw/user-visits,404,raw/iclass.tku.edu.tw/user-visits.html,454474,text/html; charset=utf-8,ea3dcfaf5492963a0a2becc9ba35a21a6e331f1e43029f1e4045724322d90a14
https://iclass.tku.edu.tw/user-visits/avatarSmallUrl,404,raw/iclass.tku.edu.tw/user-visits/avatarSmallUrl.html,454462,text/html; charset=utf-8,b5a0e598c0c1719aeda774e32fdeb392877896e28cb8e8fb509ac08102ea9290
https://iclass.tku.edu.tw/user-visits/browsers?days=,404,raw/iclass.tku.edu.tw/user-visits/browsers__q_f462bfe880.html,454462,text/html; charset=utf-8,c2bb93b06d511f34ce782d21e637430efab054aab83f93aa3f0a9bdf178d03cc
https://iclass.tku.edu.tw/user-visits/capture_url,404,raw/iclass.tku.edu.tw/user-visits/capture_url.html,454462,text/html; charset=utf-8,b5a0e598c0c1719aeda774e32fdeb392877896e28cb8e8fb509ac08102ea9290
https://iclass.tku.edu.tw/user-visits/date-range/apps?jwt=,404,raw/iclass.tku.edu.tw/user-visits/date-range/apps__q_a263c00919.html,454460,text/html; charset=utf-8,7908b76373f244225d28b1db45bee675c3e51fa29551b9bc26c89dbc3bf63e14
https://iclass.tku.edu.tw/user-visits/date-range/avatarSmallUrl,404,raw/iclass.tku.edu.tw/user-visits/date-range/avatarSmallUrl.html,454458,text/html; charset=utf-8,ce9f7680f92acba3a9a39922b3a812b2e0c3771480978016cca243b0baa198b1
https://iclass.tku.edu.tw/user-visits/date-range/browsers?jwt=,404,raw/iclass.tku.edu.tw/user-visits/date-range/browsers__q_a263c00919.html,454460,text/html; charset=utf-8,7908b76373f244225d28b1db45bee675c3e51fa29551b9bc26c89dbc3bf63e14
https://iclass.tku.edu.tw/user-visits/date-range/browsers?start_date=,404,raw/iclass.tku.edu.tw/user-visits/date-range/browsers__q_10f2513dc3.html,454462,text/html; charset=utf-8,c2bb93b06d511f34ce782d21e637430efab054aab83f93aa3f0a9bdf178d03cc
https://iclass.tku.edu.tw/user-visits/date-range/capture_url,404,raw/iclass.tku.edu.tw/user-visits/date-range/capture_url.html,454458,text/html; charset=utf-8,ce9f7680f92acba3a9a39922b3a812b2e0c3771480978016cca243b0baa198b1
https://iclass.tku.edu.tw/user-visits/date-range/lesson_resource_url,404,raw/iclass.tku.edu.tw/user-visits/date-range/lesson_resource_url.html,454458,text/html; charset=utf-8,ce9f7680f92acba3a9a39922b3a812b2e0c3771480978016cca243b0baa198b1
https://iclass.tku.edu.tw/user-visits/date-range/manualUrl,404,raw/iclass.tku.edu.tw/user-visits/date-range/manualUrl.html,454458,text/html; charset=utf-8,ce9f7680f92acba3a9a39922b3a812b2e0c3771480978016cca243b0baa198b1
https://iclass.tku.edu.tw/user-visits/lesson_resource_url,404,raw/iclass.tku.edu.tw/user-visits/lesson_resource_url.html,454462,text/html; charset=utf-8,b5a0e598c0c1719aeda774e32fdeb392877896e28cb8e8fb509ac08102ea9290
https://iclass.tku.edu.tw/user-visits/manualUrl,404,raw/iclass.tku.edu.tw/user-visits/manualUrl.html,454462,text/html; charset=utf-8,b5a0e598c0c1719aeda774e32fdeb392877896e28cb8e8fb509ac08102ea9290
https://iclass.tku.edu.tw/user-visits/metrics,404,raw/iclass.tku.edu.tw/user-visits/metrics.html,454474,text/html; charset=utf-8,ea3dcfaf5492963a0a2becc9ba35a21a6e331f1e43029f1e4045724322d90a14
https://iclass.tku.edu.tw/user-visits/metrics?activity_type=,404,raw/iclass.tku.edu.tw/user-visits/metrics__q_1779bf8de6.html,454474,text/html; charset=utf-8,ea3dcfaf5492963a0a2becc9ba35a21a6e331f1e43029f1e4045724322d90a14
https://iclass.tku.edu.tw/user-visits/metrics?group=,404,raw/iclass.tku.edu.tw/user-visits/metrics__q_a47d98bf86.html,454474,text/html; charset=utf-8,ea3dcfaf5492963a0a2becc9ba35a21a6e331f1e43029f1e4045724322d90a14
"https://iclass.tku.edu.tw/user-visits/metrics?group_by=activity,group,type",404,raw/iclass.tku.edu.tw/user-visits/metrics__q_9e12186284.html,454474,text/html; charset=utf-8,ea3dcfaf5492963a0a2becc9ba35a21a6e331f1e43029f1e4045724322d90a14
"https://iclass.tku.edu.tw/user-visits/metrics?group_by=activity,group,type&time_restrict=day",404,raw/iclass.tku.edu.tw/user-visits/metrics__q_13072ad053.html,454462,text/html; charset=utf-8,c2bb93b06d511f34ce782d21e637430efab054aab83f93aa3f0a9bdf178d03cc
https://iclass.tku.edu.tw/user-visits/metrics?group_by=user,404,raw/iclass.tku.edu.tw/user-visits/metrics__q_dbbfe96229.html,454474,text/html; charset=utf-8,ea3dcfaf5492963a0a2becc9ba35a21a6e331f1e43029f1e4045724322d90a14
https://iclass.tku.edu.tw/user-visits/metrics?group_by=user&jwt=,404,raw/iclass.tku.edu.tw/user-visits/metrics__q_eee5cd0104.html,454460,text/html; charset=utf-8,7908b76373f244225d28b1db45bee675c3e51fa29551b9bc26c89dbc3bf63e14
https://iclass.tku.edu.tw/user-visits/metrics?jwt=,404,raw/iclass.tku.edu.tw/user-visits/metrics__q_a263c00919.html,454460,text/html; charset=utf-8,dbbecfcb39810c401fd78ed385d3ca00601dc26d5b37c587c2697ddb4315f866
https://iclass.tku.edu.tw/user-visits/metrics?time_restrict=,404,raw/iclass.tku.edu.tw/user-visits/metrics__q_b44e51afa1.html,454474,text/html; charset=utf-8,ea3dcfaf5492963a0a2becc9ba35a21a6e331f1e43029f1e4045724322d90a14
https://iclass.tku.edu.tw/user-visits/metrics?time_restrict=date-range&start_date=,404,raw/iclass.tku.edu.tw/user-visits/metrics__q_8c9e265bc2.html,454462,text/html; charset=utf-8,c2bb93b06d511f34ce782d21e637430efab054aab83f93aa3f0a9bdf178d03cc
https://iclass.tku.edu.tw/user-visits/metrics?time_restrict=day,404,raw/iclass.tku.edu.tw/user-visits/metrics__q_e893a4a9db.html,454462,text/html; charset=utf-8,c2bb93b06d511f34ce782d21e637430efab054aab83f93aa3f0a9bdf178d03cc
"https://iclass.tku.edu.tw/user-visits/metrics?time_restrict=day&group_by=activity,group,type",404,raw/iclass.tku.edu.tw/user-visits/metrics__q_def6069d15.html,454462,text/html; charset=utf-8,c2bb93b06d511f34ce782d21e637430efab054aab83f93aa3f0a9bdf178d03cc
https://iclass.tku.edu.tw/user-visits/metrics?time_restrict=hour,404,raw/iclass.tku.edu.tw/user-visits/metrics__q_a0ca406ed7.html,454462,text/html; charset=utf-8,c2bb93b06d511f34ce782d21e637430efab054aab83f93aa3f0a9bdf178d03cc
"https://iclass.tku.edu.tw/user-visits/metrics?time_restrict=hour&group_by=activity,group,type",404,raw/iclass.tku.edu.tw/user-visits/metrics__q_0c80a45bbd.html,454462,text/html; charset=utf-8,c2bb93b06d511f34ce782d21e637430efab054aab83f93aa3f0a9bdf178d03cc
https://iclass.tku.edu.tw/user-visits/metrics?time_restrict=month,404,raw/iclass.tku.edu.tw/user-visits/metrics__q_8576cdb008.html,454462,text/html; charset=utf-8,c2bb93b06d511f34ce782d21e637430efab054aab83f93aa3f0a9bdf178d03cc
"https://iclass.tku.edu.tw/user-visits/metrics?time_restrict=month&group_by=activity,group,type",404,raw/iclass.tku.edu.tw/user-visits/metrics__q_a520f79c32.html,454462,text/html; charset=utf-8,c2bb93b06d511f34ce782d21e637430efab054aab83f93aa3f0a9bdf178d03cc
https://iclass.tku.edu.tw/user-visits/visits?start=,404,raw/iclass.tku.edu.tw/user-visits/visits__q_3be9190883.html,454462,text/html; charset=utf-8,c2bb93b06d511f34ce782d21e637430efab054aab83f93aa3f0a9bdf178d03cc
https://iclass.tku.edu.tw/user/,404,raw/iclass.tku.edu.tw/user/index.html,454477,text/html; charset=utf-8,1a72e9050c58a583f125841acebf32059bbc3afd2b6b97c35576c1b05affad48
https://iclass.tku.edu.tw/user/avatarBigUrl,404,raw/iclass.tku.edu.tw/user/avatarBigUrl.html,454466,text/html; charset=utf-8,800fffcc54c74068c6c323706a3af1cdf2a0938a1b59887eccffb7656a54cfab
https://iclass.tku.edu.tw/user/avatarSmallUrl,404,raw/iclass.tku.edu.tw/user/avatarSmallUrl.html,454466,text/html; charset=utf-8,800fffcc54c74068c6c323706a3af1cdf2a0938a1b59887eccffb7656a54cfab
https://iclass.tku.edu.tw/user/capture_url,404,raw/iclass.tku.edu.tw/user/capture_url.html,454466,text/html; charset=utf-8,800fffcc54c74068c6c323706a3af1cdf2a0938a1b59887eccffb7656a54cfab
https://iclass.tku.edu.tw/user/certificate/student/,404,raw/iclass.tku.edu.tw/user/certificate/student/index.html,454460,text/html; charset=utf-8,7908b76373f244225d28b1db45bee675c3e51fa29551b9bc26c89dbc3bf63e14
https://iclass.tku.edu.tw/user/certificate/student/avatarSmallUrl,404,raw/iclass.tku.edu.tw/user/certificate/student/avatarSmallUrl.html,454476,text/html; charset=utf-8,6fd83934797889817358f2b4e586a320b02a92df99cac1620275fbade16a3f21
https://iclass.tku.edu.tw/user/certificate/student/capture_url,404,raw/iclass.tku.edu.tw/user/certificate/student/capture_url.html,454469,text/html; charset=utf-8,3eaee669e0aac096e12203984990c849a8351b1c6f29f593bc7fc6a81cd6dc1a
https://iclass.tku.edu.tw/user/certificate/student/lesson_resource_url,404,raw/iclass.tku.edu.tw/user/certificate/student/lesson_resource_url.html,454469,text/html; charset=utf-8,3eaee669e0aac096e12203984990c849a8351b1c6f29f593bc7fc6a81cd6dc1a
https://iclass.tku.edu.tw/user/certificate/student/manualUrl,404,raw/iclass.tku.edu.tw/user/certificate/student/manualUrl.html,454469,text/html; charset=utf-8,3eaee669e0aac096e12203984990c849a8351b1c6f29f593bc7fc6a81cd6dc1a
https://iclass.tku.edu.tw/user/chatrooms/,404,raw/iclass.tku.edu.tw/user/chatrooms/index.html,454464,text/html; charset=utf-8,f59a104b5ae7f2e8bcd1cc63ec72b3ba63024de5628d3fbb608f1c2b4eebaa9e
https://iclass.tku.edu.tw/user/chatrooms/avatarSmallUrl,200,raw/iclass.tku.edu.tw/user/chatrooms/avatarSmallUrl.html,162,text/html; charset=utf-8,e38b2d877a1db5e4b5b581fedec02b4de5613b2df4d02c057312a59e24195741
https://iclass.tku.edu.tw/user/chatrooms/capture_url,200,raw/iclass.tku.edu.tw/user/chatrooms/capture_url.html,159,text/html; charset=utf-8,3ed5a8b671b9df9f381dfa7ff7649fcb796ade7657489d336205994c2286257d
https://iclass.tku.edu.tw/user/chatrooms/lesson_resource_url,200,raw/iclass.tku.edu.tw/user/chatrooms/lesson_resource_url.html,167,text/html; charset=utf-8,17570f9b69e2655e4860f97ee6d7407985541727aa7d24cb48bf08bc486b4b80
https://iclass.tku.edu.tw/user/chatrooms/manualUrl,200,raw/iclass.tku.edu.tw/user/chatrooms/manualUrl.html,157,text/html; charset=utf-8,c264e08637b4b67583b47996252c53442439dda3ebfa75ccc683cd648dc5e6cf
https://iclass.tku.edu.tw/user/combine-courses,404,raw/iclass.tku.edu.tw/user/combine-courses.html,454458,text/html; charset=utf-8,ce9f7680f92acba3a9a39922b3a812b2e0c3771480978016cca243b0baa198b1
https://iclass.tku.edu.tw/user/courses,200,raw/iclass.tku.edu.tw/user/courses.html,492713,text/html; charset=utf-8,6aba81dd2d8d0f97873129488ad2225431862585b40f9f45f200846e34e68628
https://iclass.tku.edu.tw/user/courses?keyword=,200,raw/iclass.tku.edu.tw/user/courses__q_634b7b9d78.html,492716,text/html; charset=utf-8,dd4e9b203ec308f969f43d042aef086d674b792ee55bbae88faae4d563701d6e
https://iclass.tku.edu.tw/user/index,200,raw/iclass.tku.edu.tw/user/index.html,454477,text/html; charset=utf-8,1a72e9050c58a583f125841acebf32059bbc3afd2b6b97c35576c1b05affad48
https://iclass.tku.edu.tw/user/index?version=v0,200,raw/iclass.tku.edu.tw/user/index__q_7833fea385.html,824463,text/html; charset=utf-8,6522860fad0e18cf3c2bf63909c344c7e61e10926bcedfea9ade518c5fe91065
https://iclass.tku.edu.tw/user/lesson_resource_url,404,raw/iclass.tku.edu.tw/user/lesson_resource_url.html,454466,text/html; charset=utf-8,800fffcc54c74068c6c323706a3af1cdf2a0938a1b59887eccffb7656a54cfab
https://iclass.tku.edu.tw/user/manualUrl,404,raw/iclass.tku.edu.tw/user/manualUrl.html,454466,text/html; charset=utf-8,800fffcc54c74068c6c323706a3af1cdf2a0938a1b59887eccffb7656a54cfab
https://iclass.tku.edu.tw/user/notes,404,raw/iclass.tku.edu.tw/user/notes.html,454458,text/html; charset=utf-8,ce9f7680f92acba3a9a39922b3a812b2e0c3771480978016cca243b0baa198b1
https://iclass.tku.edu.tw/user/profile,404,raw/iclass.tku.edu.tw/user/profile.html,454458,text/html; charset=utf-8,0641766613ab9c9cfe58d42be4b344ee137380f5390ad40560aeef904ca3543b
https://iclass.tku.edu.tw/user/project,404,raw/iclass.tku.edu.tw/user/project.html,454466,text/html; charset=utf-8,513f75fc0b55025d8265c50a410be40d4822a75885a00b4fe0c559509a624f98
https://iclass.tku.edu.tw/user/project?keyword=,404,raw/iclass.tku.edu.tw/user/project__q_634b7b9d78.html,454460,text/html; charset=utf-8,a64a41e75b54a68ce5d394fd3337f04db4e07fb78876201061000b46a6477ed6
https://iclass.tku.edu.tw/user/record-preview/,404,raw/iclass.tku.edu.tw/user/record-preview/index.html,454477,text/html; charset=utf-8,1a72e9050c58a583f125841acebf32059bbc3afd2b6b97c35576c1b05affad48
https://iclass.tku.edu.tw/user/record-preview/avatarSmallUrl,404,raw/iclass.tku.edu.tw/user/record-preview/avatarSmallUrl.html,454476,text/html; charset=utf-8,6fd83934797889817358f2b4e586a320b02a92df99cac1620275fbade16a3f21
https://iclass.tku.edu.tw/user/record-preview/capture_url,404,raw/iclass.tku.edu.tw/user/record-preview/capture_url.html,454476,text/html; charset=utf-8,6fd83934797889817358f2b4e586a320b02a92df99cac1620275fbade16a3f21
https://iclass.tku.edu.tw/user/record-preview/lesson_resource_url,404,raw/iclass.tku.edu.tw/user/record-preview/lesson_resource_url.html,454476,text/html; charset=utf-8,6fd83934797889817358f2b4e586a320b02a92df99cac1620275fbade16a3f21
https://iclass.tku.edu.tw/user/record-preview/manualUrl,404,raw/iclass.tku.edu.tw/user/record-preview/manualUrl.html,454476,text/html; charset=utf-8,6fd83934797889817358f2b4e586a320b02a92df99cac1620275fbade16a3f21
https://iclass.tku.edu.tw/user/resource-groups,200,raw/iclass.tku.edu.tw/user/resource-groups.html,622976,text/html; charset=utf-8,69f59c50bc79bddc9633dfef9eeaf4276ea036c3f9d3cd2823fc49cfeae86c9a
https://iclass.tku.edu.tw/user/resource-groups/resource/,404,raw/iclass.tku.edu.tw/user/resource-groups/resource/index.html,454458,text/html; charset=utf-8,589806490b77a5448c2f9160f5fce5eaad393faeec2af8fb359271515ad3644a
https://iclass.tku.edu.tw/user/resource-groups/resource/avatarSmallUrl,404,raw/iclass.tku.edu.tw/user/resource-groups/resource/avatarSmallUrl.html,454453,text/html; charset=utf-8,b3456d4c01a2d8eb506bc58cd08753546b2e9e3d839b46d7c73f3797ffce1bce
https://iclass.tku.edu.tw/user/resource-groups/resource/capture_url,404,raw/iclass.tku.edu.tw/user/resource-groups/resource/capture_url.html,454473,text/html; charset=utf-8,aeb64bd735e88fb836d9961e6328bd99b009470f8fd1274abc47620c62b7ec9c
https://iclass.tku.edu.tw/user/resource-groups/resource/lesson_resource_url,404,raw/iclass.tku.edu.tw/user/resource-groups/resource/lesson_resource_url.html,454473,text/html; charset=utf-8,aeb64bd735e88fb836d9961e6328bd99b009470f8fd1274abc47620c62b7ec9c
https://iclass.tku.edu.tw/user/resource-groups/resource/manualUrl,404,raw/iclass.tku.edu.tw/user/resource-groups/resource/manualUrl.html,454453,text/html; charset=utf-8,b3456d4c01a2d8eb506bc58cd08753546b2e9e3d839b46d7c73f3797ffce1bce
https://iclass.tku.edu.tw/user/resources/avatarBigUrl,404,raw/iclass.tku.edu.tw/user/resources/avatarBigUrl.html,454466,text/html; charset=utf-8,800fffcc54c74068c6c323706a3af1cdf2a0938a1b59887eccffb7656a54cfab
https://iclass.tku.edu.tw/user/resources/avatarSmallUrl,404,raw/iclass.tku.edu.tw/user/resources/avatarSmallUrl.html,454466,text/html; charset=utf-8,800fffcc54c74068c6c323706a3af1cdf2a0938a1b59887eccffb7656a54cfab
https://iclass.tku.edu.tw/user/resources/capture_url,404,raw/iclass.tku.edu.tw/user/resources/capture_url.html,454466,text/html; charset=utf-8,800fffcc54c74068c6c323706a3af1cdf2a0938a1b59887eccffb7656a54cfab
https://iclass.tku.edu.tw/user/resources/collection,200,raw/iclass.tku.edu.tw/user/resources/collection.html,474185,text/html; charset=utf-8,a82f3b1127b197e4ebd2e014cf83fb529409d1a9a7c53081ca5f297b83b41c3c
https://iclass.tku.edu.tw/user/resources/course-packages,404,raw/iclass.tku.edu.tw/user/resources/course-packages.html,454472,text/html; charset=utf-8,fb92c4693b643f0f75e94e298d46afeff7a18e39c7712f3a2b8aa528c9a0f03a
https://iclass.tku.edu.tw/user/resources/entries/,404,raw/iclass.tku.edu.tw/user/resources/entries/index.html,454460,text/html; charset=utf-8,7908b76373f244225d28b1db45bee675c3e51fa29551b9bc26c89dbc3bf63e14
https://iclass.tku.edu.tw/user/resources/entries/avatarSmallUrl,404,raw/iclass.tku.edu.tw/user/resources/entries/avatarSmallUrl.html,454469,text/html; charset=utf-8,3eaee669e0aac096e12203984990c849a8351b1c6f29f593bc7fc6a81cd6dc1a
https://iclass.tku.edu.tw/user/resources/entries/capture_url,404,raw/iclass.tku.edu.tw/user/resources/entries/capture_url.html,454476,text/html; charset=utf-8,6fd83934797889817358f2b4e586a320b02a92df99cac1620275fbade16a3f21
https://iclass.tku.edu.tw/user/resources/entries/lesson_resource_url,404,raw/iclass.tku.edu.tw/user/resources/entries/lesson_resource_url.html,454469,text/html; charset=utf-8,3eaee669e0aac096e12203984990c849a8351b1c6f29f593bc7fc6a81cd6dc1a
https://iclass.tku.edu.tw/user/resources/entries/manualUrl,404,raw/iclass.tku.edu.tw/user/resources/entries/manualUrl.html,454469,text/html; charset=utf-8,3eaee669e0aac096e12203984990c849a8351b1c6f29f593bc7fc6a81cd6dc1a
https://iclass.tku.edu.tw/user/resources/files,200,raw/iclass.tku.edu.tw/user/resources/files.html,570565,text/html; charset=utf-8,c81b8c7f62fbc188fedb532568dce6e4cd1e81d8c82db7757a02473652c1d4ee
https://iclass.tku.edu.tw/user/resources/lesson_resource_url,404,raw/iclass.tku.edu.tw/user/resources/lesson_resource_url.html,454466,text/html; charset=utf-8,800fffcc54c74068c6c323706a3af1cdf2a0938a1b59887eccffb7656a54cfab
https://iclass.tku.edu.tw/user/resources/manualUrl,404,raw/iclass.tku.edu.tw/user/resources/manualUrl.html,454466,text/html; charset=utf-8,800fffcc54c74068c6c323706a3af1cdf2a0938a1b59887eccffb7656a54cfab
https://iclass.tku.edu.tw/user/resources/rubrics,404,raw/iclass.tku.edu.tw/user/resources/rubrics.html,454458,text/html; charset=utf-8,ce9f7680f92acba3a9a39922b3a812b2e0c3771480978016cca243b0baa198b1
https://iclass.tku.edu.tw/user/resources/share-to-courses?upload_ids=,404,raw/iclass.tku.edu.tw/user/resources/share-to-courses__q_f330520a40.html,454476,text/html; charset=utf-8,a4cf31df45a64c542e1eff558239469384bd9dd0f7362711dc62d27ed518291d
https://iclass.tku.edu.tw/user/resources/shared,200,raw/iclass.tku.edu.tw/user/resources/shared.html,508874,text/html; charset=utf-8,2dfc05bc7d6df8ef8905f249ed10f91eb0ac4c90bd21b26aefb78c223877cf42
https://iclass.tku.edu.tw/user/resources/slides,200,raw/iclass.tku.edu.tw/user/resources/slides.html,505148,text/html; charset=utf-8,a5251adf7db2f1faebf98735d1504cff99d42b744bb1e4a533d58a8a1f3e3b92
https://iclass.tku.edu.tw/user/resources/subject-libs,200,raw/iclass.tku.edu.tw/user/resources/subject-libs.html,559468,text/html; charset=utf-8,f978d138e6c681c59d026a1f762e4b551cbdb90d0a2f1704f3716cc41b9929d1
https://iclass.tku.edu.tw/user/resources/track-user,200,raw/iclass.tku.edu.tw/user/resources/track-user.html,468829,text/html; charset=utf-8,d58cf83fb3e46d5512aa2577dcf03b01f95e8ebb08ddf73b7ea5434a86ed2c14
https://iclass.tku.edu.tw/user/resources/trustSrc,404,raw/iclass.tku.edu.tw/user/resources/trustSrc.html,454460,text/html; charset=utf-8,dbbecfcb39810c401fd78ed385d3ca00601dc26d5b37c587c2697ddb4315f866
https://iclass.tku.edu.tw/user/resources/video-quizzes,200,raw/iclass.tku.edu.tw/user/resources/video-quizzes.html,481612,text/html; charset=utf-8,0d7119e4c8107aa128ae91efc6cb18a0ece67322b2479f09cf5497d7c3890a15
https://iclass.tku.edu.tw/user/resources/video_storage,404,raw/iclass.tku.edu.tw/user/resources/video_storage.html,454466,text/html; charset=utf-8,800fffcc54c74068c6c323706a3af1cdf2a0938a1b59887eccffb7656a54cfab
https://iclass.tku.edu.tw/user/search,404,raw/iclass.tku.edu.tw/user/search.html,454457,text/html; charset=utf-8,4e95fa2dd729ac1eb99cfb38b8de35b79efd239fbe9225490deec52971e0ac98
https://iclass.tku.edu.tw/user/settings,200,raw/iclass.tku.edu.tw/user/settings.html,484333,text/html; charset=utf-8,be46a381f8d4a67b522241fc87a59754f07770208ab5195b968d5e1d26332990
https://iclass.tku.edu.tw/user/settings?bindMobile,200,raw/iclass.tku.edu.tw/user/settings__q_5fcfc32b26.html,484330,text/html; charset=utf-8,9ac6d4fea9dc3ddc21ef18130fa1e77478ab9d3e095e8573207dfedc57a435a7
https://iclass.tku.edu.tw/user/sites-menu,200,raw/iclass.tku.edu.tw/user/sites-menu.html,454405,text/html; charset=utf-8,e11fa5f8d31d4a4829e5bf87f754a07dffa45f51c50b2a3988a76d255e0e6735
https://iclass.tku.edu.tw/user/slides/,404,raw/iclass.tku.edu.tw/user/slides/index.html,454450,text/html; charset=utf-8,47d30711b82c9eaea2915803ea4c740d2d24d12b9ad8b05ed5086516f2a88805
https://iclass.tku.edu.tw/user/slides/avatarSmallUrl,200,raw/iclass.tku.edu.tw/user/slides/avatarSmallUrl.html,148,text/html; charset=utf-8,657fb6340d19a41cb17db58151d899a39658819faf1c54f4de600e577e942d3b
https://iclass.tku.edu.tw/user/slides/capture_url,200,raw/iclass.tku.edu.tw/user/slides/capture_url.html,145,text/html; charset=utf-8,72adca41d90e26ea6e07bbb8a1601a21d8be793b9127f96b80214e4602bf94de
https://iclass.tku.edu.tw/user/slides/lesson_resource_url,200,raw/iclass.tku.edu.tw/user/slides/lesson_resource_url.html,153,text/html; charset=utf-8,83c50aabecc60b1235de8401654ce2a7decd03c0a5dc66b7d716efa0e63897fb
https://iclass.tku.edu.tw/user/slides/manualUrl,200,raw/iclass.tku.edu.tw/user/slides/manualUrl.html,143,text/html; charset=utf-8,15d5c27b792f70a3b456913fe169d6857464308e85604b23261f9f7a2d1e673e
https://iclass.tku.edu.tw/user/studios,404,raw/iclass.tku.edu.tw/user/studios.html,454468,text/html; charset=utf-8,5615c968d70421bcf89083098cb2b655e2727a711f3be81cf04746fb09cf3501
https://iclass.tku.edu.tw/user/supervision-reports,200,raw/iclass.tku.edu.tw/user/supervision-reports.html,459610,text/html; charset=utf-8,3d37566a8b749606d6fdc94d4f3ff009205465ba54e6911f8a73a80edd06b256
https://iclass.tku.edu.tw/user/trustSrc,404,raw/iclass.tku.edu.tw/user/trustSrc.html,454470,text/html; charset=utf-8,2138ca9ffd9eca3f9d679529aa56f34248ebe99c88db87f594f49fa26ee0e576
https://iclass.tku.edu.tw/user/vtrses,404,raw/iclass.tku.edu.tw/user/vtrses.html,454458,text/html; charset=utf-8,589806490b77a5448c2f9160f5fce5eaad393faeec2af8fb359271515ad3644a
https://iclass.tku.edu.tw/users,404,raw/iclass.tku.edu.tw/users.html,454456,text/html; charset=utf-8,3c0202f72b0e26c3ca9e50276580528018cee1aebef739325d92232952bcbf3d
https://iclass.tku.edu.tw/users-avatars?type=big,404,raw/iclass.tku.edu.tw/users-avatars__q_e0722ac59b.html,454457,text/html; charset=utf-8,4e95fa2dd729ac1eb99cfb38b8de35b79efd239fbe9225490deec52971e0ac98
https://iclass.tku.edu.tw/users-small-avatars,404,raw/iclass.tku.edu.tw/users-small-avatars.html,454469,text/html; charset=utf-8,7fdb996c803263dbf0a672074d08122b6eecf035d4c491998f457d3418a2b43a
https://iclass.tku.edu.tw/users/,404,raw/iclass.tku.edu.tw/users/index.html,454474,text/html; charset=utf-8,ea3dcfaf5492963a0a2becc9ba35a21a6e331f1e43029f1e4045724322d90a14
https://iclass.tku.edu.tw/users/add?keyword=,404,raw/iclass.tku.edu.tw/users/add__q_634b7b9d78.html,454458,text/html; charset=utf-8,ce9f7680f92acba3a9a39922b3a812b2e0c3771480978016cca243b0baa198b1
https://iclass.tku.edu.tw/users/avatarSmallUrl,404,raw/iclass.tku.edu.tw/users/avatarSmallUrl.html,454462,text/html; charset=utf-8,b5a0e598c0c1719aeda774e32fdeb392877896e28cb8e8fb509ac08102ea9290
https://iclass.tku.edu.tw/users/capture_url,404,raw/iclass.tku.edu.tw/users/capture_url.html,454462,text/html; charset=utf-8,b5a0e598c0c1719aeda774e32fdeb392877896e28cb8e8fb509ac08102ea9290
https://iclass.tku.edu.tw/users/edit,404,raw/iclass.tku.edu.tw/users/edit.html,454458,text/html; charset=utf-8,ce9f7680f92acba3a9a39922b3a812b2e0c3771480978016cca243b0baa198b1
https://iclass.tku.edu.tw/users/edit?userIds=,404,raw/iclass.tku.edu.tw/users/edit__q_6372a35dd8.html,454458,text/html; charset=utf-8,ce9f7680f92acba3a9a39922b3a812b2e0c3771480978016cca243b0baa198b1
https://iclass.tku.edu.tw/users/lesson_resource_url,404,raw/iclass.tku.edu.tw/users/lesson_resource_url.html,454462,text/html; charset=utf-8,b5a0e598c0c1719aeda774e32fdeb392877896e28cb8e8fb509ac08102ea9290
https://iclass.tku.edu.tw/users/manualUrl,404,raw/iclass.tku.edu.tw/users/manualUrl.html,454462,text/html; charset=utf-8,b5a0e598c0c1719aeda774e32fdeb392877896e28cb8e8fb509ac08102ea9290
https://iclass.tku.edu.tw/users/user-visits/avatarSmallUrl,404,raw/iclass.tku.edu.tw/users/user-visits/avatarSmallUrl.html,454462,text/html; charset=utf-8,b5a0e598c0c1719aeda774e32fdeb392877896e28cb8e8fb509ac08102ea9290
https://iclass.tku.edu.tw/users/user-visits/capture_url,404,raw/iclass.tku.edu.tw/users/user-visits/capture_url.html,454458,text/html; charset=utf-8,ce9f7680f92acba3a9a39922b3a812b2e0c3771480978016cca243b0baa198b1
https://iclass.tku.edu.tw/users/user-visits/lesson_resource_url,404,raw/iclass.tku.edu.tw/users/user-visits/lesson_resource_url.html,454462,text/html; charset=utf-8,b5a0e598c0c1719aeda774e32fdeb392877896e28cb8e8fb509ac08102ea9290
https://iclass.tku.edu.tw/users/user-visits/manualUrl,404,raw/iclass.tku.edu.tw/users/user-visits/manualUrl.html,454462,text/html; charset=utf-8,b5a0e598c0c1719aeda774e32fdeb392877896e28cb8e8fb509ac08102ea9290
https://iclass.tku.edu.tw/users/user-visits/visits?jwt=,404,raw/iclass.tku.edu.tw/users/user-visits/visits__q_a263c00919.html,454460,text/html; charset=utf-8,7908b76373f244225d28b1db45bee675c3e51fa29551b9bc26c89dbc3bf63e14
https://iclass.tku.edu.tw/users/user-visits/visits?start=,404,raw/iclass.tku.edu.tw/users/user-visits/visits__q_3be9190883.html,454462,text/html; charset=utf-8,c2bb93b06d511f34ce782d21e637430efab054aab83f93aa3f0a9bdf178d03cc
https://iclass.tku.edu.tw/users/visits,404,raw/iclass.tku.edu.tw/users/visits.html,454461,text/html; charset=utf-8,2b3494c9fb9fd98009ab99aa59f3aaaff93f20521ffab6d1e9d6038692411be9
"https://sso.tku.edu.tw/auth/realms/TKU/protocol/openid-connect/auth?client_id=pdsiclass&response_type=code&redirect_uri=https://iclass.tku.edu.tw/login&state=L2lwb3J0YWw=&scope=openid,public_profile,email",200,raw/sso.tku.edu.tw/auth/realms/TKU/protocol/openid-connect/auth__q_38dc02d4d8.html,3350,text/html,a8ac54d718128b04269f95b7d141a6a7e28ee22baf1a702ebd6cb7e0e938a741
https://www.googletagmanager.com/gtag/js,200,raw/www.googletagmanager.com/gtag/js.js,233914,application/javascript; charset=UTF-8,0426d02e9723b4d657871ce4cb45597a1b5f2b5e8b7bb7ed1bd021a5110567fb
https://www.googletagmanager.com/gtag/js?id=G-4EQ9Z50LKC&cx=c&gtm=4e65k1,200,raw/www.googletagmanager.com/gtag/js__q_a5aaac809c.js,450968,application/javascript; charset=UTF-8,ae0f32a46919b1b71f1480d7ca8c9680a4721dbf76ed7f47f86ab49762838097
https://www.googletagmanager.com/gtag/js?id=G-YY6C7VCWEY&cx=c&gtm=4e65k1,200,raw/www.googletagmanager.com/gtag/js__q_9486b7e461.js,469041,application/javascript; charset=UTF-8,919930cc676672c9b37f327c86ab39fdc63b38d957f7d0f65c6d477bc1f988e9
