url,status,path,bytes,content_type,sha256,extension,line_count,avg_line_bytes,is_minified_or_single_line,has_webpack_runtime_marker,has_source_map_comment,source_map_comment_count,real_source_map_refs,embedded_source_map_refs
https://iclass.tku.edu.tw/static/10035.8c0d0988.js,200,raw/iclass.tku.edu.tw/static/10035.8c0d0988.js,10454,application/javascript,2bc611ce1afa6cd6992c03a8fac3f13ec179cb796816438ba44d7a6c7ebfb334,.js,1,10454.0,True,True,False,0,,0
https://iclass.tku.edu.tw/static/10067.39ff48db.js,200,raw/iclass.tku.edu.tw/static/10067.39ff48db.js,49724,application/javascript,df5a75a6ba6e0562951b043154b891478a6ff09a2f6170de9d80be21acae1441,.js,1,49724.0,True,True,False,0,,0
https://iclass.tku.edu.tw/static/1014.fa0d2a58.js,200,raw/iclass.tku.edu.tw/static/1014.fa0d2a58.js,18820,application/javascript,e3fc3a310a3734066e2584ea003b869b944fa9cf1430fa98fef4422abaea751e,.js,1,18820.0,True,True,False,0,,0
https://iclass.tku.edu.tw/static/10188.a4d7bd73.js,200,raw/iclass.tku.edu.tw/static/10188.a4d7bd73.js,120233,application/javascript,aad1c96fa93e30e30c99d7f83f9ec67d49c9ae7cc1bc3ac1503ed48795dbc53f,.js,1,120233.0,True,True,False,0,,0
https://iclass.tku.edu.tw/static/10242.1acb04a8.js,200,raw/iclass.tku.edu.tw/static/10242.1acb04a8.js,15310,application/javascript,06747b5162a0cff7fbc3a29839a5813183f77cdaf9d82499f8dbaf1a90469eb6,.js,1,15310.0,True,True,False,0,,0
https://iclass.tku.edu.tw/static/10246-494b2baa.js,200,raw/iclass.tku.edu.tw/static/10246-494b2baa.js,44823,application/javascript,378bd5d522edf024a82d682627f3869b4a50df7154ba5608aa9a0a77593bfad7,.js,1,44823.0,True,True,False,0,,0
https://iclass.tku.edu.tw/static/10248-98bfa44a.chunk.css,200,raw/iclass.tku.edu.tw/static/10248-98bfa44a.chunk.css,245,text/css,58e5274e74ee5dbb42bfc5c4b55deaf50ded23296673ba2a53e111972bdf0407,.css,1,245.0,True,False,False,0,,0
https://iclass.tku.edu.tw/static/10248.e193e757.js,200,raw/iclass.tku.edu.tw/static/10248.e193e757.js,16560,application/javascript,bb871027c289d94e86bdaee44763de8bebc765018cbe94b1a9cdf147911f6100,.js,1,16560.0,True,True,False,0,,0
https://iclass.tku.edu.tw/static/10257.5f75a4b2.js,200,raw/iclass.tku.edu.tw/static/10257.5f75a4b2.js,30486,application/javascript,985afd6cf1676830b3c46f07b4b4faf86b80d789038d610a8399de968ae7465d,.js,1,30486.0,True,True,False,0,,0
https://iclass.tku.edu.tw/static/10309.2e240c82.js,200,raw/iclass.tku.edu.tw/static/10309.2e240c82.js,1860,application/javascript,ad87147903d899d6b85ee73c751d5ff691dac332e127cf5dc23711ed9d904489,.js,1,1860.0,True,True,False,0,,0
https://iclass.tku.edu.tw/static/10310.1168e67d.js,200,raw/iclass.tku.edu.tw/static/10310.1168e67d.js,2247,application/javascript,ab90ecc0821ba9b2873ad08bcbe844765f99a4bdd79a884036748b99d698a88e,.js,1,2247.0,True,True,False,0,,0
https://iclass.tku.edu.tw/static/10380.988cf572.js,200,raw/iclass.tku.edu.tw/static/10380.988cf572.js,2855,application/javascript,e698e1f16e8d04a528e2147ad78f37f2e2e3cf91323502fcf7642ba0a1b57111,.js,1,2855.0,True,True,False,0,,0
https://iclass.tku.edu.tw/static/10383-960bbf42.chunk.css,200,raw/iclass.tku.edu.tw/static/10383-960bbf42.chunk.css,2570,text/css,712724769e6b2e09884b2c95b5e10924c12afabc875d6aa71d8081a0fbd87e5b,.css,1,2570.0,True,False,False,0,,0
https://iclass.tku.edu.tw/static/10383.d04ce83a.js,200,raw/iclass.tku.edu.tw/static/10383.d04ce83a.js,13735,application/javascript,d523c3e6d5cd5bbd997e0d91e12ded4a40b6a654328058bf24a5c0df9e894d75,.js,1,13735.0,True,True,False,0,,0
https://iclass.tku.edu.tw/static/10409.3c0dcb73.js,200,raw/iclass.tku.edu.tw/static/10409.3c0dcb73.js,2955,application/javascript,204cc507929ac0f6e514b9d84a24ce8138acf06b138a7e5c00f1a523742c08fb,.js,1,2955.0,True,True,False,0,,0
https://iclass.tku.edu.tw/static/10844.0d26da39.js,200,raw/iclass.tku.edu.tw/static/10844.0d26da39.js,2769,application/javascript,488726cb6d2d10976d0031785a94a226f62057e8b9f995f6a684461e5c13ff37,.js,1,2769.0,True,True,False,0,,0
https://iclass.tku.edu.tw/static/1104.a7791db6.js,200,raw/iclass.tku.edu.tw/static/1104.a7791db6.js,19668,application/javascript,f791d73b1866f60baf028c5b0ef1f87477dfbaa6bf6e6154e32138e3eb80d6f6,.js,1,19668.0,True,True,False,0,,0
https://iclass.tku.edu.tw/static/11164-65d40ed7.chunk.css,200,raw/iclass.tku.edu.tw/static/11164-65d40ed7.chunk.css,22446,text/css,7e47522d2657ff432d74288356c41c4e2890b6b55a2d9899e4a6ad66c1428318,.css,1,22446.0,True,False,False,0,,0
https://iclass.tku.edu.tw/static/11164.fc8d8feb.js,200,raw/iclass.tku.edu.tw/static/11164.fc8d8feb.js,32588,application/javascript,feb59740363636a007225ea88524634d43697970f06c85ba65f27245b64e93ae,.js,1,32588.0,True,True,False,0,,0
https://iclass.tku.edu.tw/static/11580.a7791db6.js,200,raw/iclass.tku.edu.tw/static/11580.a7791db6.js,19668,application/javascript,f791d73b1866f60baf028c5b0ef1f87477dfbaa6bf6e6154e32138e3eb80d6f6,.js,1,19668.0,True,True,False,0,,0
https://iclass.tku.edu.tw/static/11708.a556fce2.js,200,raw/iclass.tku.edu.tw/static/11708.a556fce2.js,2692,application/javascript,9547628c12870335f7a1b0a27b6bf1cd1f4ba5e1ef95ed4f0ff500cad077bfd4,.js,1,2692.0,True,True,False,0,,0
https://iclass.tku.edu.tw/static/11743-cc958aa4.chunk.css,200,raw/iclass.tku.edu.tw/static/11743-cc958aa4.chunk.css,18552,text/css,510b405ce73a6f45d27b3b545e48cbda71e11f94961b5a21f773d327c77ecc1f,.css,1,18552.0,True,False,False,0,,0
https://iclass.tku.edu.tw/static/11743.09adfa43.js,200,raw/iclass.tku.edu.tw/static/11743.09adfa43.js,5394,application/javascript,88811734a82adee09431a0ef708f3bd7fe095d6363a172d7b62fb6efd6fe90d8,.js,1,5394.0,True,True,False,0,,0
https://iclass.tku.edu.tw/static/11806-3613432e.chunk.css,200,raw/iclass.tku.edu.tw/static/11806-3613432e.chunk.css,1401,text/css,7274ddec549450c70d5f46d240bdab7e99efe6be0a168c198be4c1c3b30eea60,.css,1,1401.0,True,False,False,0,,0
https://iclass.tku.edu.tw/static/11806.d1a5eb44.js,200,raw/iclass.tku.edu.tw/static/11806.d1a5eb44.js,11585,application/javascript,1dfba2d5f97ba8caa19a5209958919cb47856448174d6a6c0aadf50493e87069,.js,1,11585.0,True,True,False,0,,0
https://iclass.tku.edu.tw/static/11812.3542943f.js,200,raw/iclass.tku.edu.tw/static/11812.3542943f.js,27658,application/javascript,dfb914b85beb6e97274d06a2aafeb3b48d13c33c44b3cca71620368ac4794357,.js,1,27658.0,True,True,False,0,,0
https://iclass.tku.edu.tw/static/11823-56e1d7f3.chunk.css,200,raw/iclass.tku.edu.tw/static/11823-56e1d7f3.chunk.css,1399,text/css,16c25e5aa488d071a62d1704400efc9808d69c7c7f037914e5e8402cf852767a,.css,1,1399.0,True,False,False,0,,0
https://iclass.tku.edu.tw/static/11823.97354192.js,200,raw/iclass.tku.edu.tw/static/11823.97354192.js,22632,application/javascript,7f05de6b2cfaf64eaae56afeb3eb2d2288bb2ef11f744edeeeafab4cc3deb265,.js,1,22632.0,True,True,False,0,,0
https://iclass.tku.edu.tw/static/11836-7c4b2711.chunk.css,200,raw/iclass.tku.edu.tw/static/11836-7c4b2711.chunk.css,3651,text/css,46162cb0dee04ef59ca65b31781189c25d54a434a086f3f0a09c2fdeb5c8c166,.css,1,3651.0,True,False,False,0,,0
https://iclass.tku.edu.tw/static/11836.f57019c4.js,200,raw/iclass.tku.edu.tw/static/11836.f57019c4.js,74268,application/javascript,99b40e1b93874f0fa9bdcd5c273dd3e2267143d79006b53a8d64748860867aff,.js,1,74268.0,True,True,False,0,,0
https://iclass.tku.edu.tw/static/11903.fdf6e5ec.js,200,raw/iclass.tku.edu.tw/static/11903.fdf6e5ec.js,2231,application/javascript,e62f8033891eea9f1c1d533b28798eca19a04bfd00241c2ef598962d61c91bee,.js,1,2231.0,True,True,False,0,,0
https://iclass.tku.edu.tw/static/120-2ca4a78b.chunk.css,200,raw/iclass.tku.edu.tw/static/120-2ca4a78b.chunk.css,3033,text/css,fa2cd50eaa9332783c456777dfb234ef199007db37f2aab8e2d0b9f64fc9e89a,.css,1,3033.0,True,False,False,0,,0
https://iclass.tku.edu.tw/static/120.e0d9ff72.js,200,raw/iclass.tku.edu.tw/static/120.e0d9ff72.js,16963,application/javascript,4aaf8e3be5c578f600d5a2d5b681ef9e9404ba50fea1263db6dc7daf76540f4e,.js,1,16963.0,True,True,False,0,,0
https://iclass.tku.edu.tw/static/12117.5d797f28.js,200,raw/iclass.tku.edu.tw/static/12117.5d797f28.js,23781,application/javascript,44de6c3d8485b6ba53f7fc1506657076597a3cbfcf4b4b0389f61ff8ab7d6e09,.js,1,23781.0,True,True,False,0,,0
https://iclass.tku.edu.tw/static/12149.3c82261f.js,200,raw/iclass.tku.edu.tw/static/12149.3c82261f.js,27746,application/javascript,e3a7006d11798a8584790c5162aa5a285c34a3b50af3da5f27759de42ba79063,.js,1,27746.0,True,True,False,0,,0
https://iclass.tku.edu.tw/static/12159-e10443e1.chunk.css,200,raw/iclass.tku.edu.tw/static/12159-e10443e1.chunk.css,52919,text/css,77b67088428aa49a5304a0867c16ae635fb9d72a4504c5c88d29694988c3e07c,.css,1,52919.0,True,False,False,0,,0
https://iclass.tku.edu.tw/static/12159.899c0f01.js,200,raw/iclass.tku.edu.tw/static/12159.899c0f01.js,376200,application/javascript,69c173518627f4ab96be9c8bf3b98a612bd6f31f8c9363bbdf51b5b3057f4c6c,.js,1,376200.0,True,True,False,0,,0
https://iclass.tku.edu.tw/static/12308.ea29ac7a.js,200,raw/iclass.tku.edu.tw/static/12308.ea29ac7a.js,16577,application/javascript,8fe03f533b2fd94113c971473afd8aeefa45eab86c526216b986f676657d992c,.js,1,16577.0,True,True,False,0,,0
https://iclass.tku.edu.tw/static/12459.b3a383cc.js,200,raw/iclass.tku.edu.tw/static/12459.b3a383cc.js,27192,application/javascript,e2ad98acb0eba3f1b8103687293f7cc2a39b71f583b9392ac3214ff9b1275fa0,.js,1,27192.0,True,True,False,0,,0
https://iclass.tku.edu.tw/static/12472.934ad466.js,200,raw/iclass.tku.edu.tw/static/12472.934ad466.js,6517,application/javascript,53a1f47140f4058d405f6203148646aa2fbde461606603d702e0b614b5ad42ed,.js,1,6517.0,True,True,False,0,,0
https://iclass.tku.edu.tw/static/12798-c867edb0.chunk.css,200,raw/iclass.tku.edu.tw/static/12798-c867edb0.chunk.css,3095,text/css,56195e15c49564e4c790eb6cea2ac2c1964d02c39d2429f6997bba00d1d7c957,.css,1,3095.0,True,False,False,0,,0
https://iclass.tku.edu.tw/static/12798.0fbe5454.js,200,raw/iclass.tku.edu.tw/static/12798.0fbe5454.js,77316,application/javascript,e07306842ca4cdd5a242c02c1a2d20a4f2faa654a5daf2ff5c42410d9d45102f,.js,1,77316.0,True,True,False,0,,0
https://iclass.tku.edu.tw/static/12855-d64fef13.chunk.css,200,raw/iclass.tku.edu.tw/static/12855-d64fef13.chunk.css,24386,text/css,adafd49f0c144abf2085bbc3cb9385618a946b400a6ce75e73d2fedcf3295134,.css,1,24386.0,True,False,False,0,,0
https://iclass.tku.edu.tw/static/12919.6fa9ad31.js,200,raw/iclass.tku.edu.tw/static/12919.6fa9ad31.js,6929,application/javascript,bf3e4390731336e5f0a4b6a972493d4bd40d952709b4789e80a692e15736df15,.js,1,6929.0,True,True,False,0,,0
https://iclass.tku.edu.tw/static/13067-3b42e012.js,200,raw/iclass.tku.edu.tw/static/13067-3b42e012.js,36494,application/javascript,d71b62105568712982a6b69a30d0e742c180c1627cd9c29514041239cf72af18,.js,1,36494.0,True,True,False,0,,0
https://iclass.tku.edu.tw/static/13149-ab088423.js,200,raw/iclass.tku.edu.tw/static/13149-ab088423.js,28585,application/javascript,a23010c11c5f0dfaa88841dbb86c2011c2db06d0e9b13e1335bb868624011f69,.js,1,28585.0,True,True,False,0,,0
https://iclass.tku.edu.tw/static/13529.d8cb667c.js,200,raw/iclass.tku.edu.tw/static/13529.d8cb667c.js,6090,application/javascript,22751cb79584aac90c4c0c349f2f97c293534146c73ea1cf80e7d2357de2b607,.js,1,6090.0,True,True,False,0,,0
https://iclass.tku.edu.tw/static/13642.2932c270.js,200,raw/iclass.tku.edu.tw/static/13642.2932c270.js,2075,application/javascript,2c3bc28bdc815389b3c78e7e3f5c58692b9750e4fd31ffcec2dab5e76cebf663,.js,1,2075.0,True,True,False,0,,0
https://iclass.tku.edu.tw/static/13701-02895363.chunk.css,200,raw/iclass.tku.edu.tw/static/13701-02895363.chunk.css,6121,text/css,ad017dba25bb8d9b9c06babbdb62db7b5deb7f041974afb2e626380666e2f1fb,.css,1,6121.0,True,False,False,0,,0
https://iclass.tku.edu.tw/static/13701.211c2be4.js,200,raw/iclass.tku.edu.tw/static/13701.211c2be4.js,20250,application/javascript,4365ce0266d870c50ac1df59d2c7ac40cedd12ef96546900176a981e46adbd5e,.js,1,20250.0,True,True,False,0,,0
https://iclass.tku.edu.tw/static/13706.e0d1043a.js,200,raw/iclass.tku.edu.tw/static/13706.e0d1043a.js,17558,application/javascript,63bf78efc5a006d89c0256f7ae80cc1f79fe88074287920d49fd466c22e54a7a,.js,1,17558.0,True,True,False,0,,0
https://iclass.tku.edu.tw/static/13709-b1e35863.js,200,raw/iclass.tku.edu.tw/static/13709-b1e35863.js,33156,application/javascript,e8d9359ac1db3e2603d9c0bbe2c90eac4d7e97206f1e4bbc4e980d9c7c2c01fd,.js,1,33156.0,True,True,False,0,,0
https://iclass.tku.edu.tw/static/13775.3b2bed97.js,200,raw/iclass.tku.edu.tw/static/13775.3b2bed97.js,661,application/javascript,9cf365bf879943719b65515b45c7c07d8a70615ad0af8631f0548795730f0e3d,.js,1,661.0,True,True,False,0,,0
https://iclass.tku.edu.tw/static/13821.33a6dc05.js,200,raw/iclass.tku.edu.tw/static/13821.33a6dc05.js,108979,application/javascript,c8d55eeebc1f3b461155d4e2b35f63d9eff9e44bebe5b4cc74ac3cd655d1288f,.js,1,108979.0,True,True,False,0,,0
https://iclass.tku.edu.tw/static/13856.b8c445c8.js,200,raw/iclass.tku.edu.tw/static/13856.b8c445c8.js,13384,application/javascript,7e2b41e1dd2998ead1c1a56a0d9a8e9c2b2cba612c2636046ef6f7a7685359d2,.js,1,13384.0,True,True,False,0,,0
https://iclass.tku.edu.tw/static/13958-91152030.js,200,raw/iclass.tku.edu.tw/static/13958-91152030.js,108898,application/javascript,e6451004e10a41f78bdaa20b6a890271a2c56fd8edd4c9615ac344edf43ba45c,.js,1,108898.0,True,True,False,0,,0
https://iclass.tku.edu.tw/static/14054-3613432e.chunk.css,200,raw/iclass.tku.edu.tw/static/14054-3613432e.chunk.css,1401,text/css,7274ddec549450c70d5f46d240bdab7e99efe6be0a168c198be4c1c3b30eea60,.css,1,1401.0,True,False,False,0,,0
https://iclass.tku.edu.tw/static/14054.cec4ff15.js,200,raw/iclass.tku.edu.tw/static/14054.cec4ff15.js,10392,application/javascript,94ef1289cdd30586c3d07d9d44e002ca57e03ad6031b630f1dd0443d79fd9c69,.js,1,10392.0,True,True,False,0,,0
https://iclass.tku.edu.tw/static/14068.31ea119d.js,200,raw/iclass.tku.edu.tw/static/14068.31ea119d.js,1542,application/javascript,95cd69439bfc845df6f41531433fae6c9ecb5da301a4b205ca3b0b164d12b9cd,.js,1,1542.0,True,True,False,0,,0
https://iclass.tku.edu.tw/static/14279.f75486f1.js,200,raw/iclass.tku.edu.tw/static/14279.f75486f1.js,2629,application/javascript,708976b3bbdd654ea78ddf1a7220dff50ac5e0c74668210306f32eb09c3e61ae,.js,1,2629.0,True,True,False,0,,0
https://iclass.tku.edu.tw/static/14433.8da36488.js,200,raw/iclass.tku.edu.tw/static/14433.8da36488.js,12729,application/javascript,eb0c3ab078e31f75a3fa48cac4c71be54be08c1dd8fb05f61a78868728938c3c,.js,1,12729.0,True,True,False,0,,0
https://iclass.tku.edu.tw/static/14443.1c99581a.js,200,raw/iclass.tku.edu.tw/static/14443.1c99581a.js,46549,application/javascript,dab02afd87f4fe62efd0699a4e657a24d0e40d476d40cd488d46a5cede5543cb,.js,1,46549.0,True,True,False,0,,0
https://iclass.tku.edu.tw/static/14891-1970a0da.js,200,raw/iclass.tku.edu.tw/static/14891-1970a0da.js,33052,application/javascript,ed08a6c0c4cc0863a1cc165f75c4acfd326c5376f762c09be760062cae3c599d,.js,1,33052.0,True,True,False,0,,0
https://iclass.tku.edu.tw/static/14928.4c317cb2.js,200,raw/iclass.tku.edu.tw/static/14928.4c317cb2.js,48454,application/javascript,061d09cbae0d15a1f5888d56d43b164aa67ee591cae0386fb4b29fe615fd9355,.js,1,48454.0,True,True,False,0,,0
https://iclass.tku.edu.tw/static/15134.dcd0c372.js,200,raw/iclass.tku.edu.tw/static/15134.dcd0c372.js,11280,application/javascript,d382058e475b467bc2454aac88ed7bd45932c950a6379e154a771559c5db1edb,.js,1,11280.0,True,True,False,0,,0
https://iclass.tku.edu.tw/static/15175.90f6375a.js,200,raw/iclass.tku.edu.tw/static/15175.90f6375a.js,134108,application/javascript,a9eba2e65d8c0df7674005302af43d557202e8beb35cc11f6cbd2991eb006c24,.js,1,134108.0,True,True,False,0,,0
https://iclass.tku.edu.tw/static/15308-97fc56c1.chunk.css,200,raw/iclass.tku.edu.tw/static/15308-97fc56c1.chunk.css,11256,text/css,c9cc8f9ff8b2c27c8a3ebe71d429837b2344f7ab30a6f83d7149bcde8eee5162,.css,1,11256.0,True,False,False,0,,0
https://iclass.tku.edu.tw/static/15308.55a1cc0f.js,200,raw/iclass.tku.edu.tw/static/15308.55a1cc0f.js,7440,application/javascript,5d1bcfc4b13ec8d081218317e904878d95513144c0e3cdfb12ad65a40fcbb759,.js,1,7440.0,True,True,False,0,,0
https://iclass.tku.edu.tw/static/15435.660824cb.js,200,raw/iclass.tku.edu.tw/static/15435.660824cb.js,23960,application/javascript,0bae6a7d256cf50148605edd603ebb756f1c60c49524acc2c63b54d7b85ac7c5,.js,1,23960.0,True,True,False,0,,0
https://iclass.tku.edu.tw/static/15448.d1593c31.js,200,raw/iclass.tku.edu.tw/static/15448.d1593c31.js,153070,application/javascript,243e2bbda0813c5e847fad3939263cc85fc00291d5c8a9826b0c7d50ad39644d,.js,1,153070.0,True,True,False,0,,0
https://iclass.tku.edu.tw/static/15471.dc6bebd9.js,200,raw/iclass.tku.edu.tw/static/15471.dc6bebd9.js,23353,application/javascript,f0cd80b4ec0e35b4a889bd84897cffe58f73a85bc03e1e274258c3b5d6f3d2b1,.js,1,23353.0,True,True,False,0,,0
https://iclass.tku.edu.tw/static/15587-364162b9.chunk.css,200,raw/iclass.tku.edu.tw/static/15587-364162b9.chunk.css,13225,text/css,02c6fe67c4f2b8946749e4fbda88b58222cf4cca99bca7534c9af1789cc98c3f,.css,1,13225.0,True,False,False,0,,0
https://iclass.tku.edu.tw/static/15587.dbb2fed1.js,200,raw/iclass.tku.edu.tw/static/15587.dbb2fed1.js,19887,application/javascript,db399bda94a4d1551171574ad56fd9675fe2ef910ef092c31458194e665ec6c3,.js,1,19887.0,True,True,False,0,,0
https://iclass.tku.edu.tw/static/1561-3ff15ef9.css,200,raw/iclass.tku.edu.tw/static/1561-3ff15ef9.css,21074,text/css,c907e8821c6477f0795e6d9b108aa236d1e6adb430720c9feb000723dd18bdc4,.css,1,21074.0,True,False,False,0,,0
https://iclass.tku.edu.tw/static/15731.bd0f7825.js,200,raw/iclass.tku.edu.tw/static/15731.bd0f7825.js,9462,application/javascript,5db1a5c7f54747e58f031f0be722d30c9249ac040eb99c03d99e46cc2e8a8675,.js,1,9462.0,True,True,False,0,,0
https://iclass.tku.edu.tw/static/15770.c0eea2d2.js,200,raw/iclass.tku.edu.tw/static/15770.c0eea2d2.js,349244,application/javascript,ce14dba778711ca69deca7ac6888ead5a81cc51c61dd7dd2d8603df866523292,.js,1,349244.0,True,True,False,0,,0
https://iclass.tku.edu.tw/static/16064-89607b11.chunk.css,200,raw/iclass.tku.edu.tw/static/16064-89607b11.chunk.css,8168,text/css,39b94da1699cfc2f3517529429664b6f50ac0c7a607ed1e62b85ba1c52596d45,.css,1,8168.0,True,False,False,0,,0
https://iclass.tku.edu.tw/static/16064.6c2c8939.js,200,raw/iclass.tku.edu.tw/static/16064.6c2c8939.js,21585,application/javascript,cc3cdb3de9d15c5395391aeb02ff1088895cde9cd39548a51a21f58e0861962b,.js,1,21585.0,True,True,False,0,,0
https://iclass.tku.edu.tw/static/16065.678691a0.js,200,raw/iclass.tku.edu.tw/static/16065.678691a0.js,27969,application/javascript,fee2a9b19500d7657c876265005eeb3e8aaeb27ebed85efae568c39273dceddb,.js,1,27969.0,True,True,False,0,,0
https://iclass.tku.edu.tw/static/16761-9275ca8e.chunk.css,200,raw/iclass.tku.edu.tw/static/16761-9275ca8e.chunk.css,8497,text/css,24cc987c94ca94f6618c7fcbae13a3e390b16cd44c26c71049ecf5e1aadd887c,.css,1,8497.0,True,False,False,0,,0
https://iclass.tku.edu.tw/static/16761.11351936.js,200,raw/iclass.tku.edu.tw/static/16761.11351936.js,5096,application/javascript,a9d08e2717b244670fc0dd2865640981c1c72db01b90a055208f32adce8dfb7d,.js,1,5096.0,True,True,False,0,,0
https://iclass.tku.edu.tw/static/16831.0e61d4ab.js,200,raw/iclass.tku.edu.tw/static/16831.0e61d4ab.js,59277,application/javascript,fa1ecca2ce9c194cc02f7d809037f5572e9b2af526f368d18fed463502f4eeaa,.js,1,59277.0,True,True,False,0,,0
https://iclass.tku.edu.tw/static/16985.5dac5529.js,200,raw/iclass.tku.edu.tw/static/16985.5dac5529.js,55144,application/javascript,cd583103354e76181389b2d8eb4914a9c9efc68670a1395c3e46877312324daa,.js,1,55144.0,True,True,False,0,,0
https://iclass.tku.edu.tw/static/17224.1924c797.js,200,raw/iclass.tku.edu.tw/static/17224.1924c797.js,67305,application/javascript,c51638927840e6297e1f89f74d704b1193426977a787e04bbec7ac4fabb43cd1,.js,1,67305.0,True,True,False,0,,0
https://iclass.tku.edu.tw/static/17246.71419e29.js,200,raw/iclass.tku.edu.tw/static/17246.71419e29.js,7476,application/javascript,515a124b37409baedc57dcafc1c605a984c10d7e191fba2c06538395f61a9afa,.js,1,7476.0,True,True,False,0,,0
https://iclass.tku.edu.tw/static/17261.40691132.js,200,raw/iclass.tku.edu.tw/static/17261.40691132.js,9009,application/javascript,280c443bf2d2104c54e86960da66bcc48b2b16aa97cf3eb1946e01225e556178,.js,1,9009.0,True,True,False,0,,0
https://iclass.tku.edu.tw/static/17414.7596b044.js,200,raw/iclass.tku.edu.tw/static/17414.7596b044.js,5998,application/javascript,1ce572fdad79c042a8e71144c2e16719f3fe229938ec6c83f768ef09402e752c,.js,1,5998.0,True,True,False,0,,0
https://iclass.tku.edu.tw/static/17473-9fd87fa4.chunk.css,200,raw/iclass.tku.edu.tw/static/17473-9fd87fa4.chunk.css,12658,text/css,5cc2d29e8c7576ab33ab9942e150f02183599858fc152180baca7f2345e40edc,.css,1,12658.0,True,False,False,0,,0
https://iclass.tku.edu.tw/static/17473.e1d111df.js,200,raw/iclass.tku.edu.tw/static/17473.e1d111df.js,37965,application/javascript,cc2bfedcf05d2745c24a57c1534c749cf4c3fd5b755d41f65edf7b7118abd243,.js,1,37965.0,True,True,False,0,,0
https://iclass.tku.edu.tw/static/17621.f956d0b8.js,200,raw/iclass.tku.edu.tw/static/17621.f956d0b8.js,42849,application/javascript,b17025a193cb07254d7d8413b9999d4d072421f14b951eff93a4642f802b2469,.js,1,42849.0,True,True,False,0,,0
https://iclass.tku.edu.tw/static/17636.a056dd6d.js,200,raw/iclass.tku.edu.tw/static/17636.a056dd6d.js,764,application/javascript,96c00e52291a374cd77d1df6f150a0334c22d1fc367abea386f3ccf4df6d5845,.js,1,764.0,True,True,False,0,,0
https://iclass.tku.edu.tw/static/17767.aae6c84c.js,200,raw/iclass.tku.edu.tw/static/17767.aae6c84c.js,2042,application/javascript,0974b18e948004372622170e0754221fca540135be806681f57f397b4f5d2806,.js,1,2042.0,True,True,False,0,,0
https://iclass.tku.edu.tw/static/17983.a5926995.js,200,raw/iclass.tku.edu.tw/static/17983.a5926995.js,2291,application/javascript,5707a5b1a82ba8ceb591772373761fe2886c794fe72471c046a944290bdfa0a9,.js,1,2291.0,True,True,False,0,,0
https://iclass.tku.edu.tw/static/18012.8701c2e1.js,200,raw/iclass.tku.edu.tw/static/18012.8701c2e1.js,9662,application/javascript,b5dbc6d0927a472f7e629cc96fd2d831334733a66fa4caf03f53f298b1b87c64,.js,1,9662.0,True,True,False,0,,0
https://iclass.tku.edu.tw/static/18041.e129ba21.js,200,raw/iclass.tku.edu.tw/static/18041.e129ba21.js,77287,application/javascript,7b306e964cc3e3bbee4fad01d6927c183007c1cfda0846110775fd4bf2e56c24,.js,1,77287.0,True,True,False,0,,0
https://iclass.tku.edu.tw/static/18278.e25f810b.js,200,raw/iclass.tku.edu.tw/static/18278.e25f810b.js,2435,application/javascript,9edaafe0fa782e54ea28ac4eb1fb6b355e966ca100721a7dd0c5eeaa98020749,.js,1,2435.0,True,True,False,0,,0
https://iclass.tku.edu.tw/static/18283-93850a95.chunk.css,200,raw/iclass.tku.edu.tw/static/18283-93850a95.chunk.css,719,text/css,a8099816453bff3aaec1747b531c851bb6939604985b6a5fa75f7430a3615f2e,.css,1,719.0,True,False,False,0,,0
https://iclass.tku.edu.tw/static/18283.f40cd1f6.js,200,raw/iclass.tku.edu.tw/static/18283.f40cd1f6.js,7781,application/javascript,88ca75af81dcf7a8e2c5a26382439d13af4d6865a764f801c4ea3e3fba8f542f,.js,1,7781.0,True,True,False,0,,0
https://iclass.tku.edu.tw/static/18326.6912051a.js,200,raw/iclass.tku.edu.tw/static/18326.6912051a.js,65311,application/javascript,11af524072723afef43d204635c5fd23ff6f067e5a5ed523bc5a6f0bb6d73953,.js,1,65311.0,True,True,False,0,,0
https://iclass.tku.edu.tw/static/18387-ea63d848.chunk.css,200,raw/iclass.tku.edu.tw/static/18387-ea63d848.chunk.css,20426,text/css,6d46c239f872a1dab1220f2ccefe92a33bfb137f1bedc2a8c36da3e769cb2a42,.css,1,20426.0,True,False,False,0,,0
https://iclass.tku.edu.tw/static/18387.fd521ee7.js,200,raw/iclass.tku.edu.tw/static/18387.fd521ee7.js,53629,application/javascript,62ef414fbb5cf720146a44c74c14b07ecb27a46b58d7a3b9c385f83fddb16633,.js,1,53629.0,True,True,False,0,,0
https://iclass.tku.edu.tw/static/18406.eb86529e.js,200,raw/iclass.tku.edu.tw/static/18406.eb86529e.js,20973,application/javascript,a97f3fa6c8312a455ee7d3392322c2f12c9f964683b7bebe64ca1daf905a2399,.js,1,20973.0,True,True,False,0,,0
https://iclass.tku.edu.tw/static/18441-c76e4083.chunk.css,200,raw/iclass.tku.edu.tw/static/18441-c76e4083.chunk.css,66,text/css,b4f511aee4c95e1d33c5c02f4add4bd0da80b4fe11f26184ee21988e5f019a43,.css,1,66.0,True,False,False,0,,0
https://iclass.tku.edu.tw/static/18441.c88d4756.js,200,raw/iclass.tku.edu.tw/static/18441.c88d4756.js,46718,application/javascript,5ad011c2e7e055bb760a5fa32a37aee5d5bea391a5ab533413e1e1d24baeab88,.js,1,46718.0,True,True,False,0,,0
https://iclass.tku.edu.tw/static/18464-35ceaff8.chunk.css,200,raw/iclass.tku.edu.tw/static/18464-35ceaff8.chunk.css,4265,text/css,f0809c89ca062f6349d5bd2ddf3d401b3ca4a34243f535410b8c3eb71d2e35e2,.css,1,4265.0,True,False,False,0,,0
https://iclass.tku.edu.tw/static/18464.45bffd86.js,200,raw/iclass.tku.edu.tw/static/18464.45bffd86.js,9936,application/javascript,6dff76a164670569685be055c5556a3d840dee3e8ae46537cb506b094ec2791a,.js,1,9936.0,True,True,False,0,,0
https://iclass.tku.edu.tw/static/1872.dfc6f143.js,200,raw/iclass.tku.edu.tw/static/1872.dfc6f143.js,15417,application/javascript,8605d1a50b0d06481ddd50b5ad76826881a482a30136421789e0f009ffcdb0cc,.js,1,15417.0,True,True,False,0,,0
https://iclass.tku.edu.tw/static/18835.4a84ef1e.js,200,raw/iclass.tku.edu.tw/static/18835.4a84ef1e.js,20246,application/javascript,2489b4a977d1d857f9acdb178dc864d7f9a58e8c5e1395c0d191a1064568b056,.js,1,20246.0,True,True,False,0,,0
https://iclass.tku.edu.tw/static/1893.5a13c4ac.js,200,raw/iclass.tku.edu.tw/static/1893.5a13c4ac.js,1344,application/javascript,773ad1e6f376a8c14d30cfe65db4b12796cbb72451647000bdcfe95b1fcb4043,.js,1,1344.0,True,True,False,0,,0
https://iclass.tku.edu.tw/static/19169-37d0ae46.chunk.css,200,raw/iclass.tku.edu.tw/static/19169-37d0ae46.chunk.css,8357,text/css,d466347d459b514a8f42509109be1374cfc0b037f186e21c4ac3837197f619b0,.css,1,8357.0,True,False,False,0,,0
https://iclass.tku.edu.tw/static/19169.ff80e2c4.js,200,raw/iclass.tku.edu.tw/static/19169.ff80e2c4.js,34120,application/javascript,bddd72e9bef3ad21a790fabfdb252221d37c64d7be21b2b5d7491d7fdd242c6b,.js,1,34120.0,True,True,False,0,,0
https://iclass.tku.edu.tw/static/19186.c2183f69.js,200,raw/iclass.tku.edu.tw/static/19186.c2183f69.js,19069,application/javascript,68fa516a60915e5e073c549895df30c2f1cef2c5d093744c8c58194c7d80b096,.js,1,19069.0,True,True,False,0,,0
https://iclass.tku.edu.tw/static/19326-9deb26f0.js,200,raw/iclass.tku.edu.tw/static/19326-9deb26f0.js,72550,application/javascript,d698122491ba41a60b66e710a1897b8d48c9c7b3a8f0ab6b43444e0c690cdfa6,.js,1,72550.0,True,True,False,0,,0
https://iclass.tku.edu.tw/static/19332.1c341036.js,200,raw/iclass.tku.edu.tw/static/19332.1c341036.js,2628,application/javascript,fa4e2397fa3b7fb253cd27afd9f4a0eef8d590796a049c9bc249c452d38f2768,.js,1,2628.0,True,True,False,0,,0
https://iclass.tku.edu.tw/static/19380-b69f6a0d.chunk.css,200,raw/iclass.tku.edu.tw/static/19380-b69f6a0d.chunk.css,7384,text/css,bca71f8683964da4a8be692ed6de67c52a0699226c29b3d032f79a2119f6a49b,.css,1,7384.0,True,False,False,0,,0
https://iclass.tku.edu.tw/static/19380.469dbabd.js,200,raw/iclass.tku.edu.tw/static/19380.469dbabd.js,5247,application/javascript,fa51ccfe60cdb45f0419433504b59c17cfd5d3d735eab92e7f67885bf7901ff8,.js,1,5247.0,True,True,False,0,,0
https://iclass.tku.edu.tw/static/19446.61e9d176.js,200,raw/iclass.tku.edu.tw/static/19446.61e9d176.js,37771,application/javascript,4a4c4fa85af77922ec9a410a338a178857fd59d2793d0d9c3c70648f398276c9,.js,1,37771.0,True,True,False,0,,0
https://iclass.tku.edu.tw/static/19619-92f29745.chunk.css,200,raw/iclass.tku.edu.tw/static/19619-92f29745.chunk.css,4864,text/css,cf0a80ab970353b6362fe99153bfec56a24564eafd0dfb8f4fd8b739407231b5,.css,1,4864.0,True,False,False,0,,0
https://iclass.tku.edu.tw/static/19619.916f6256.js,200,raw/iclass.tku.edu.tw/static/19619.916f6256.js,16611,application/javascript,05e8982107f60cb002ce0309f9ac19e09470975143d13ca4c4edd32de703f34a,.js,1,16611.0,True,True,False,0,,0
https://iclass.tku.edu.tw/static/19707-f61245e0.chunk.css,200,raw/iclass.tku.edu.tw/static/19707-f61245e0.chunk.css,1123,text/css,3c492e18de2dfc0f92558650cfdb40b27019dbb4a2e2d6927d7da065b9c3d660,.css,1,1123.0,True,False,False,0,,0
https://iclass.tku.edu.tw/static/19707.41fb3387.js,200,raw/iclass.tku.edu.tw/static/19707.41fb3387.js,8969,application/javascript,d698ab416e67455b795d60a0d40fd87a9d5ace15074c927f34c6c2558fe88455,.js,1,8969.0,True,True,False,0,,0
https://iclass.tku.edu.tw/static/19832-61b2e8e9.chunk.css,200,raw/iclass.tku.edu.tw/static/19832-61b2e8e9.chunk.css,12260,text/css,eb6c8c27278928d23b45784228c957d04f9f548f2aebfb641aedd307c8c442af,.css,1,12260.0,True,False,False,0,,0
https://iclass.tku.edu.tw/static/19832.d38ed639.js,200,raw/iclass.tku.edu.tw/static/19832.d38ed639.js,23974,application/javascript,3b5b8c596cf42bbd8780f9d090c9856eb22fcf6b9cfb094a690d659f8776828f,.js,1,23974.0,True,True,False,0,,0
https://iclass.tku.edu.tw/static/19981.0db9110e.js,200,raw/iclass.tku.edu.tw/static/19981.0db9110e.js,1764,application/javascript,09d89e645c63829df1bfb2408fc2214f9e841e82c8d64290786bdf0db3677d61,.js,1,1764.0,True,True,False,0,,0
https://iclass.tku.edu.tw/static/20152.3ad1066f.js,200,raw/iclass.tku.edu.tw/static/20152.3ad1066f.js,2345,application/javascript,9325e317ac6407cb0759aa79bcb2dd1972f76c8c5bb4ab7829973aacb10d7974,.js,1,2345.0,True,True,False,0,,0
https://iclass.tku.edu.tw/static/20215.c33a19b6.js,200,raw/iclass.tku.edu.tw/static/20215.c33a19b6.js,15620,application/javascript,324ee8c5768e30462b61c43453ae48db688f82ad3fb6da5f58112222ccd60196,.js,1,15620.0,True,True,False,0,,0
https://iclass.tku.edu.tw/static/20307-15c83c94.js,200,raw/iclass.tku.edu.tw/static/20307-15c83c94.js,43118,application/javascript,1f4f3885f792bd3852e0452b54b62bf5bcaba2e1de199176ee1d2357b531b641,.js,1,43118.0,True,True,False,0,,0
https://iclass.tku.edu.tw/static/20394-7340a6c2.chunk.css,200,raw/iclass.tku.edu.tw/static/20394-7340a6c2.chunk.css,18197,text/css,850cab398c35b1c5ebdb4860a4ef660eb619c905e6461a97b764cec948106ef7,.css,1,18197.0,True,False,False,0,,0
https://iclass.tku.edu.tw/static/20394.5157907e.js,200,raw/iclass.tku.edu.tw/static/20394.5157907e.js,35288,application/javascript,6e0b31e703aadaf861e8de34ee6a4e600dea7c6e2d061bdbfcd4b879de77f9b7,.js,1,35288.0,True,True,False,0,,0
https://iclass.tku.edu.tw/static/20591.f56df586.js,200,raw/iclass.tku.edu.tw/static/20591.f56df586.js,15443,application/javascript,6dc4c3798ca637ce47dcee5316a38ce04346388c9e8c43e078f3436b76dac9b3,.js,1,15443.0,True,True,False,0,,0
https://iclass.tku.edu.tw/static/20807.fed7a5e0.js,200,raw/iclass.tku.edu.tw/static/20807.fed7a5e0.js,2288,application/javascript,ae564f06fcbbdc075a7def82a8c29b40d029bb91654a575788fec246206d33ac,.js,1,2288.0,True,True,False,0,,0
https://iclass.tku.edu.tw/static/20808-3613432e.chunk.css,200,raw/iclass.tku.edu.tw/static/20808-3613432e.chunk.css,1401,text/css,7274ddec549450c70d5f46d240bdab7e99efe6be0a168c198be4c1c3b30eea60,.css,1,1401.0,True,False,False,0,,0
https://iclass.tku.edu.tw/static/20808.0517c4db.js,200,raw/iclass.tku.edu.tw/static/20808.0517c4db.js,9942,application/javascript,a0ae0965dfc24eb0721c03f55671eb87866c8631b4724f5bc1f30d5c011dc315,.js,1,9942.0,True,True,False,0,,0
https://iclass.tku.edu.tw/static/20921-f11e1dcb.chunk.css,200,raw/iclass.tku.edu.tw/static/20921-f11e1dcb.chunk.css,3298,text/css,16d8180550fbc48a31e8ff3ebde9325ac6930466a6fbfd93752555b94626c250,.css,1,3298.0,True,False,False,0,,0
https://iclass.tku.edu.tw/static/20921.704e0229.js,200,raw/iclass.tku.edu.tw/static/20921.704e0229.js,781,application/javascript,7658b926dbbe432ffb706bdb0dba8d63cad11f779f95a66aa1c86109155fabd8,.js,1,781.0,True,True,False,0,,0
https://iclass.tku.edu.tw/static/2105-fd07c71f.chunk.css,200,raw/iclass.tku.edu.tw/static/2105-fd07c71f.chunk.css,1868,text/css,da4edbbc92c376cad3899a4844d7c731a29cb8bf401fcdfd18bdff3abac67359,.css,1,1868.0,True,False,False,0,,0
https://iclass.tku.edu.tw/static/2105.8004fd54.js,200,raw/iclass.tku.edu.tw/static/2105.8004fd54.js,8412,application/javascript,8f849465bc00ea5e445de42a641adb2f0a135a1b02449c5ae45e6883d912a06a,.js,1,8412.0,True,True,False,0,,0
https://iclass.tku.edu.tw/static/21093-1aa02d68.js,200,raw/iclass.tku.edu.tw/static/21093-1aa02d68.js,37167,application/javascript,e5f627af1ebed4ad16419700d98bf2e3798eade3804d545fc26c0707c134b597,.js,1,37167.0,True,True,False,0,,0
https://iclass.tku.edu.tw/static/21116-2920ba4d.chunk.css,200,raw/iclass.tku.edu.tw/static/21116-2920ba4d.chunk.css,11927,text/css,e7e30bfc210ef3a3abd04dd38ad5a0032052ce2dcf02ec96336e093b03a6850d,.css,1,11927.0,True,False,False,0,,0
https://iclass.tku.edu.tw/static/21116.a8b990ed.js,200,raw/iclass.tku.edu.tw/static/21116.a8b990ed.js,34093,application/javascript,3c429f2015ae0206b3ce26434d358c09e3b123ef6a622d1578dcf84bd46340d8,.js,1,34093.0,True,True,False,0,,0
https://iclass.tku.edu.tw/static/212-bb9a7d4c.chunk.css,200,raw/iclass.tku.edu.tw/static/212-bb9a7d4c.chunk.css,2429,text/css,89769127aa2b384a3f1016b1da3e2cf22092f9142319b7fcb0355c85a3b01b15,.css,1,2429.0,True,False,False,0,,0
https://iclass.tku.edu.tw/static/2127.4c152ed5.js,200,raw/iclass.tku.edu.tw/static/2127.4c152ed5.js,13930,application/javascript,86f256566b6bfde1d085abfc0b76ccb880d9187f07110fce80f10778213f0af7,.js,1,13930.0,True,True,False,0,,0
https://iclass.tku.edu.tw/static/21436.f8fd6f8c.js,200,raw/iclass.tku.edu.tw/static/21436.f8fd6f8c.js,113175,application/javascript,94704a96bf7c1c62d6649a2ef0dddb5171a6636f29898e93f6ba8051809c428a,.js,1,113175.0,True,True,False,0,,0
https://iclass.tku.edu.tw/static/21443.6aaf6134.js,200,raw/iclass.tku.edu.tw/static/21443.6aaf6134.js,10813,application/javascript,c3cd9e262da68fb666a00c833d74d91a34d5c8a380456c847dd76384f3007dfa,.js,1,10813.0,True,True,False,0,,0
https://iclass.tku.edu.tw/static/21589-4ec40a1d.chunk.css,200,raw/iclass.tku.edu.tw/static/21589-4ec40a1d.chunk.css,6740,text/css,608ca081baa477b82b19e9c09677c2a6a47c14fa3a32a876a7b4edf87f989617,.css,1,6740.0,True,False,False,0,,0
https://iclass.tku.edu.tw/static/21589.1cb4bdcf.js,200,raw/iclass.tku.edu.tw/static/21589.1cb4bdcf.js,33677,application/javascript,6f6a954537f5af610636fad7c9a0f4944b00a1c2c39cddd522fa2d2edf0101fe,.js,1,33677.0,True,True,False,0,,0
https://iclass.tku.edu.tw/static/21892-03cda66b.js,200,raw/iclass.tku.edu.tw/static/21892-03cda66b.js,155425,application/javascript,6690cc46c79d42f378566d792d1a45e9fb1d0598ba0b75ccd8118d2f7e03c595,.js,1,155425.0,True,True,False,0,,0
https://iclass.tku.edu.tw/static/21943.5dca6268.js,200,raw/iclass.tku.edu.tw/static/21943.5dca6268.js,15347,application/javascript,8628d3399de8f89dedcfbc5a0448fed9fb8f336dfb83cf46539b70d8183f57b5,.js,1,15347.0,True,True,False,0,,0
https://iclass.tku.edu.tw/static/22511-8beb36e2.chunk.css,200,raw/iclass.tku.edu.tw/static/22511-8beb36e2.chunk.css,16515,text/css,086886b70b97a0a67a91d7cc3b009c18520599eed6dc0fdaee09d55d7b61f8f1,.css,1,16515.0,True,False,False,0,,0
https://iclass.tku.edu.tw/static/22511.e670cee0.js,200,raw/iclass.tku.edu.tw/static/22511.e670cee0.js,12276,application/javascript,aafe432ae1549cd0f25dc7f4e0c48dc8e1afe2d50ad4114bc36845b3ede98c1a,.js,1,12276.0,True,True,False,0,,0
https://iclass.tku.edu.tw/static/22522.777285ba.js,200,raw/iclass.tku.edu.tw/static/22522.777285ba.js,1924,application/javascript,cdd05409abe10fa1c5a6146dafe59f4dcce975cc5833bad64f7c0f5a1b7e5653,.js,1,1924.0,True,True,False,0,,0
https://iclass.tku.edu.tw/static/22541-d625efdb.js,200,raw/iclass.tku.edu.tw/static/22541-d625efdb.js,26356,application/javascript,0385835cebc9c431b20db682c1c087b26da7fb050283d0479f84135f03e5508c,.js,1,26356.0,True,True,False,0,,0
https://iclass.tku.edu.tw/static/22650.905921c5.js,200,raw/iclass.tku.edu.tw/static/22650.905921c5.js,72886,application/javascript,86747f768806dd197516281e8e8c888c8121e13a20b704e2c23950e25d77ce59,.js,1,72886.0,True,True,False,0,,0
https://iclass.tku.edu.tw/static/2276.3be31d36.js,200,raw/iclass.tku.edu.tw/static/2276.3be31d36.js,29363,application/javascript,b6cb16dbc91a1f771442479cef5eedc8d7b3eb3eadd87bc736b709c1e6bc03d2,.js,1,29363.0,True,True,False,0,,0
https://iclass.tku.edu.tw/static/22787-bd07e80f.chunk.css,200,raw/iclass.tku.edu.tw/static/22787-bd07e80f.chunk.css,10226,text/css,e9902b557dfccd36bb3e4f38e4ede5ff6c71a1a11e7f36f573202dec17afa7e9,.css,1,10226.0,True,False,False,0,,0
https://iclass.tku.edu.tw/static/22787.a70ab1cd.js,200,raw/iclass.tku.edu.tw/static/22787.a70ab1cd.js,75338,application/javascript,48aeacf19e86970e0eede49a301685131101adf0fbdb69576b37e10d8f597dc0,.js,1,75338.0,True,True,False,0,,0
https://iclass.tku.edu.tw/static/2298.81c6c2ad.js,200,raw/iclass.tku.edu.tw/static/2298.81c6c2ad.js,1859,application/javascript,408ba48a61bbcd24ec563ec8e74aa2b182711bad17b4546dac1f13eae88362d5,.js,1,1859.0,True,True,False,0,,0
https://iclass.tku.edu.tw/static/23015.8b8960ab.js,200,raw/iclass.tku.edu.tw/static/23015.8b8960ab.js,17414,application/javascript,63ba30ce388012aedd869a791b306b6026826536fd403e6914c1e12b2f5dee0b,.js,1,17414.0,True,True,False,0,,0
https://iclass.tku.edu.tw/static/23223-9b89ab86.js,200,raw/iclass.tku.edu.tw/static/23223-9b89ab86.js,130095,application/javascript,05dd8d818b91f9a40a85afad3ebb2e7848739f75d1b94c2207599fbc258faafd,.js,1,130095.0,True,True,False,0,,0
https://iclass.tku.edu.tw/static/23268-40f6b5e5.js,200,raw/iclass.tku.edu.tw/static/23268-40f6b5e5.js,81138,application/javascript,3dd8ba0f403b8b30deef9dffa203f820698818fa98678ad0fcb95961e03b694d,.js,1,81138.0,True,True,True,2,,2
https://iclass.tku.edu.tw/static/23467.58f50ede.js,200,raw/iclass.tku.edu.tw/static/23467.58f50ede.js,1250,application/javascript,5a677682d0e96dfbb2dec4415b860e4ce2f96b62e64f6162520be4fd937cefd5,.js,1,1250.0,True,True,False,0,,0
https://iclass.tku.edu.tw/static/23719.0f493096.js,200,raw/iclass.tku.edu.tw/static/23719.0f493096.js,1528,application/javascript,23900413a3660b6a57da614c0b896622e3fa4f3017f02891975b6f4d92bbbf81,.js,1,1528.0,True,True,False,0,,0
https://iclass.tku.edu.tw/static/23977-575e4297.chunk.css,200,raw/iclass.tku.edu.tw/static/23977-575e4297.chunk.css,13805,text/css,d02d65cc1082e7f3718daf095db459097997842c0cc5d85ef31443f7de1accfb,.css,1,13805.0,True,False,False,0,,0
https://iclass.tku.edu.tw/static/23977.ebaa5322.js,200,raw/iclass.tku.edu.tw/static/23977.ebaa5322.js,78932,application/javascript,a4955e3047ed0e93844c81fdbdde89ebd2f13fb69099353f4ff713247433e449,.js,1,78932.0,True,True,False,0,,0
https://iclass.tku.edu.tw/static/23983.cb96526d.js,200,raw/iclass.tku.edu.tw/static/23983.cb96526d.js,106987,application/javascript,c91dfe31b125876358d339f9a0baf564d81daef72908bbc9f709c433fbc56f7b,.js,1,106987.0,True,True,False,0,,0
https://iclass.tku.edu.tw/static/24262.bfbc60d3.js,200,raw/iclass.tku.edu.tw/static/24262.bfbc60d3.js,13800,application/javascript,5a910fb01a76d00455c8af3a457fd8464ce898185176556e0388359a2831e34b,.js,1,13800.0,True,True,False,0,,0
https://iclass.tku.edu.tw/static/24381.f6c5a4b7.js,200,raw/iclass.tku.edu.tw/static/24381.f6c5a4b7.js,9973,application/javascript,ab384a4963078af3236ddc0f28d02dfa56dc36213b73d94666fa3bd80d9b4ada,.js,1,9973.0,True,True,False,0,,0
https://iclass.tku.edu.tw/static/24418.a3bc3234.js,200,raw/iclass.tku.edu.tw/static/24418.a3bc3234.js,12615,application/javascript,77d8b61e082219c5602e68c863901305f526d1160fcc0faedeaeaacc825cef53,.js,1,12615.0,True,True,False,0,,0
https://iclass.tku.edu.tw/static/24549.836d9ec0.js,200,raw/iclass.tku.edu.tw/static/24549.836d9ec0.js,3525621,application/javascript,3eb7a3319cbb25852cb0850f5844fd7a890abe20a9972b5ec13b48bcaef82cc4,.js,1,3525621.0,True,True,False,0,,0
https://iclass.tku.edu.tw/static/24598.127c6b42.js,200,raw/iclass.tku.edu.tw/static/24598.127c6b42.js,110826,application/javascript,6ce3908e3406121efb63af6959840d6a240ee453e730c0e4a60e404a88565a38,.js,1,110826.0,True,True,False,0,,0
https://iclass.tku.edu.tw/static/2469.ebe8f0ef.js,200,raw/iclass.tku.edu.tw/static/2469.ebe8f0ef.js,17823,application/javascript,54bf5fd0b2ac0e27e60fdcc95943ac3fd94dc889121bfc18da494feb37933167,.js,1,17823.0,True,True,False,0,,0
https://iclass.tku.edu.tw/static/24712-18317acc.js,200,raw/iclass.tku.edu.tw/static/24712-18317acc.js,10304,application/javascript,6814687c533168b4aae9d870682d34a65a9c4dff55e4c57b603eedd8eadbea72,.js,1,10304.0,True,True,False,0,,0
https://iclass.tku.edu.tw/static/24807.fc737646.js,200,raw/iclass.tku.edu.tw/static/24807.fc737646.js,44970,application/javascript,4dbfcc780fd963e20145efaac8dd0b3e3ed4d6ae77d3af539d6cecc37f2cbff9,.js,1,44970.0,True,True,False,0,,0
https://iclass.tku.edu.tw/static/24814.1f61e344.js,200,raw/iclass.tku.edu.tw/static/24814.1f61e344.js,54348,application/javascript,a699e606fea70e831425de84bdeb26bc457381bf2dd924edfc9379402fd02769,.js,1,54348.0,True,True,False,0,,0
https://iclass.tku.edu.tw/static/24899.97a3af73.js,200,raw/iclass.tku.edu.tw/static/24899.97a3af73.js,18957,application/javascript,7add9419c4521f2e85f46d81fea92e143784747d8c8d65009fed61ba725757ea,.js,1,18957.0,True,True,False,0,,0
https://iclass.tku.edu.tw/static/24902-95548695.js,200,raw/iclass.tku.edu.tw/static/24902-95548695.js,87693,application/javascript,e332ef3140f7c987c5fe9afb9b5d1a99d0a5600d2b6bfa6efe6f04669d7ecb70,.js,1,87693.0,True,True,False,0,,0
https://iclass.tku.edu.tw/static/24902-b98fc108.css,200,raw/iclass.tku.edu.tw/static/24902-b98fc108.css,70125,text/css,4a0b7b97df63aec52bfd140aa5ec2b0cd72f31ab67dbbf3480c5ddff9667c6aa,.css,1,70125.0,True,False,False,0,,0
https://iclass.tku.edu.tw/static/25108.9c7b26f0.js,200,raw/iclass.tku.edu.tw/static/25108.9c7b26f0.js,76154,application/javascript,1d4dfaad953b05ebb650494fd7e72e077104ebfca6348c854047d2ba3ef88502,.js,1,76154.0,True,True,False,0,,0
https://iclass.tku.edu.tw/static/25163.4f7c3b16.js,200,raw/iclass.tku.edu.tw/static/25163.4f7c3b16.js,17811,application/javascript,717377f87fc02d933bb6d8864c37e0d49e3e0e3de3f4a8512389a50be3bdbc82,.js,1,17811.0,True,True,False,0,,0
https://iclass.tku.edu.tw/static/25169-bd964bec.chunk.css,200,raw/iclass.tku.edu.tw/static/25169-bd964bec.chunk.css,2730,text/css,c1b50f74d6370c13399425fb948548bb4725057970a4fe77b7764ae9ddf93d9c,.css,1,2730.0,True,False,False,0,,0
https://iclass.tku.edu.tw/static/25169.146cd9e4.js,200,raw/iclass.tku.edu.tw/static/25169.146cd9e4.js,12393,application/javascript,36940af649e0b0e63514a988a6386fbc0e640060e826d9bae707adc4811f5128,.js,1,12393.0,True,True,False,0,,0
https://iclass.tku.edu.tw/static/25170.58b640ff.js,200,raw/iclass.tku.edu.tw/static/25170.58b640ff.js,36054,application/javascript,ad23d703c67dddf50faed6c0364c22dd4c824d377ef214e63bc01be521578697,.js,1,36054.0,True,True,False,0,,0
https://iclass.tku.edu.tw/static/25177.a00d3fc0.js,200,raw/iclass.tku.edu.tw/static/25177.a00d3fc0.js,2260,application/javascript,916bd469da9b05e42a3f15fcd6d8f181764d41fbf4a4a7f41a4f350e96ca6c55,.js,1,2260.0,True,True,False,0,,0
https://iclass.tku.edu.tw/static/25223.d9348946.js,200,raw/iclass.tku.edu.tw/static/25223.d9348946.js,25950,application/javascript,b4df0c20cef4a3c937860278180d30ac2db79c7700047cea55d1f5b2057b52f6,.js,1,25950.0,True,True,False,0,,0
https://iclass.tku.edu.tw/static/2540-52ca160c.chunk.css,200,raw/iclass.tku.edu.tw/static/2540-52ca160c.chunk.css,20094,text/css,d5129dadadace2758388769f62028d46bf336cc84f72b75f356a25a729605d71,.css,1,20094.0,True,False,False,0,,0
https://iclass.tku.edu.tw/static/2540.a80c2842.js,200,raw/iclass.tku.edu.tw/static/2540.a80c2842.js,93402,application/javascript,a6f68d47dc0dd9793ef559cf306dbac24fb18b581d1a795f458b756377612c57,.js,1,93402.0,True,True,False,0,,0
https://iclass.tku.edu.tw/static/25489.a2b39580.js,200,raw/iclass.tku.edu.tw/static/25489.a2b39580.js,2796,application/javascript,54cd4d72f79c80c0617066ec3b01f08b690ee192b34f208e76e43efdf8e98a2f,.js,1,2796.0,True,True,False,0,,0
https://iclass.tku.edu.tw/static/25606.d2c797ca.js,200,raw/iclass.tku.edu.tw/static/25606.d2c797ca.js,24011,application/javascript,655eccb4bba84f6a8088ba1a2f38062083b928cd44311fd680d93e59732fb4cf,.js,1,24011.0,True,True,False,0,,0
https://iclass.tku.edu.tw/static/2562.122fcbdf.js,200,raw/iclass.tku.edu.tw/static/2562.122fcbdf.js,66386,application/javascript,a42c4556d70c972dcb3140ef3244af8d184c0f1872c8f6d5a4c397c5d9e62fd9,.js,1,66386.0,True,True,False,0,,0
https://iclass.tku.edu.tw/static/25690.6f62ca93.js,200,raw/iclass.tku.edu.tw/static/25690.6f62ca93.js,2636,application/javascript,c0896eed7e5980782cbe25bcfa17d17cd3e9cbb412efdd2e96f25055eaa2f9ba,.js,1,2636.0,True,True,False,0,,0
https://iclass.tku.edu.tw/static/25753.37cd961f.js,200,raw/iclass.tku.edu.tw/static/25753.37cd961f.js,26509,application/javascript,3fb9cc2e3647506e1683b30da53d046f4d3c97ad5c4a4d2a9acbd09917469d2e,.js,1,26509.0,True,True,False,0,,0
https://iclass.tku.edu.tw/static/25802.4c78f3e9.js,200,raw/iclass.tku.edu.tw/static/25802.4c78f3e9.js,26295,application/javascript,d761be18259e452504a822ec81361554eed5b21a8600a8f68612655d6cb074a0,.js,1,26295.0,True,True,False,0,,0
https://iclass.tku.edu.tw/static/25996-369ed60a.js,200,raw/iclass.tku.edu.tw/static/25996-369ed60a.js,27905,application/javascript,1d2db6888d3f89dff345f8da0c9f26af67fccb4680b2f8a797a3f54df1e0d3de,.js,1,27905.0,True,True,False,0,,0
https://iclass.tku.edu.tw/static/26039.b4a636ae.js,200,raw/iclass.tku.edu.tw/static/26039.b4a636ae.js,22263,application/javascript,02a68a17ad9687d0384d47e043f2e5b1564558c615a61d939c64ac8197008e0a,.js,1,22263.0,True,True,False,0,,0
https://iclass.tku.edu.tw/static/26132-3e4ab0d2.js,200,raw/iclass.tku.edu.tw/static/26132-3e4ab0d2.js,34984,application/javascript,41645576b7cee8f3d211e2b5687e5d17362cc3fb1fd099a2ea99db4b3c28be58,.js,1,34984.0,True,True,False,0,,0
https://iclass.tku.edu.tw/static/26155-18604e98.chunk.css,200,raw/iclass.tku.edu.tw/static/26155-18604e98.chunk.css,3067,text/css,88d2a66a81bb37ac17036ed24397a39b76f2fbc6f2fd666ef08f66cf0e1ed98e,.css,1,3067.0,True,False,False,0,,0
https://iclass.tku.edu.tw/static/26155.fb0dcb45.js,200,raw/iclass.tku.edu.tw/static/26155.fb0dcb45.js,8917,application/javascript,79d7e58179b0ac29dd035a2fcbc701d94a839440aa5deaa4e0fe6c2ff807f3d1,.js,1,8917.0,True,True,False,0,,0
https://iclass.tku.edu.tw/static/26296-0d2e8412.js,200,raw/iclass.tku.edu.tw/static/26296-0d2e8412.js,154801,application/javascript,9cbbfa39fae27dde86bbd623cf179f3a798a9583bb78d23571870afb77c2ce12,.js,1,154801.0,True,True,False,0,,0
https://iclass.tku.edu.tw/static/26308-8adceacd.chunk.css,200,raw/iclass.tku.edu.tw/static/26308-8adceacd.chunk.css,209,text/css,d8d8b28bce244d751741722e58915f2e778974d05bd676a4c72e5fc819e5036b,.css,1,209.0,True,False,False,0,,0
https://iclass.tku.edu.tw/static/26308.440652eb.js,200,raw/iclass.tku.edu.tw/static/26308.440652eb.js,62789,application/javascript,61a8e390efec07e016f82ba2f76621c76d4749b3528ceb158278c9ea9f573033,.js,1,62789.0,True,True,False,0,,0
https://iclass.tku.edu.tw/static/26359-4b776c7f.js,200,raw/iclass.tku.edu.tw/static/26359-4b776c7f.js,78432,application/javascript,8c87c5ccabf48a7105ad0c9c7ef699c88f9de83e31583ddf5c6b9f2259f85d0f,.js,1,78432.0,True,True,False,0,,0
https://iclass.tku.edu.tw/static/26493.75189e41.js,200,raw/iclass.tku.edu.tw/static/26493.75189e41.js,75827,application/javascript,37a07ca5fbd5ff9661fae864478d2f59891909d533e4ef1a2b6197c71da002db,.js,1,75827.0,True,True,False,0,,0
https://iclass.tku.edu.tw/static/26541-04ca0d0c.chunk.css,200,raw/iclass.tku.edu.tw/static/26541-04ca0d0c.chunk.css,4456,text/css,f33f2e25e02042faeae6e6171e5b314d2e389d511ff1ae6c5c609703eb52df85,.css,1,4456.0,True,False,False,0,,0
https://iclass.tku.edu.tw/static/26541.02bf130a.js,200,raw/iclass.tku.edu.tw/static/26541.02bf130a.js,7853,application/javascript,7071c52eeaf1493591f6e49ad97850a3282b3791b30b041fb7130f197380df02,.js,1,7853.0,True,True,False,0,,0
https://iclass.tku.edu.tw/static/26645.3b73314d.js,200,raw/iclass.tku.edu.tw/static/26645.3b73314d.js,25983,application/javascript,1ba44476c342a0cec09b7647ca567e065906c7769f4748f0b1e7972202066faf,.js,1,25983.0,True,True,False,0,,0
https://iclass.tku.edu.tw/static/26648.5d159b57.js,200,raw/iclass.tku.edu.tw/static/26648.5d159b57.js,55538,application/javascript,9d3de17165876f70f4c7c78a2c56a7d0bcbe5b0ef7fbdfcfec27d512b40ed57c,.js,1,55538.0,True,True,False,0,,0
https://iclass.tku.edu.tw/static/26667.949e2457.js,200,raw/iclass.tku.edu.tw/static/26667.949e2457.js,82824,application/javascript,a558e8634219371ca2001372a1179c972a15171dede373d43f90cb15c8407235,.js,1,82824.0,True,True,False,0,,0
https://iclass.tku.edu.tw/static/26680-f0cc3b75.chunk.css,200,raw/iclass.tku.edu.tw/static/26680-f0cc3b75.chunk.css,9973,text/css,d86b6fcfaea69192c234298bd24691504c7de3bb9d3d710b7bc703eb8b0e9c98,.css,1,9973.0,True,False,False,0,,0
https://iclass.tku.edu.tw/static/26680.eb9e3dcc.js,200,raw/iclass.tku.edu.tw/static/26680.eb9e3dcc.js,48338,application/javascript,494ca466968d640cc6ec75fa9704431ae23d28e5e3060f709f8b9b8844c65135,.js,1,48338.0,True,True,False,0,,0
https://iclass.tku.edu.tw/static/26703.244911cf.js,200,raw/iclass.tku.edu.tw/static/26703.244911cf.js,23695,application/javascript,9f8b0cf16bd2af98f956aa89ca12e85bd8b5c2fcda82a47ff5a0a15adf441f3d,.js,1,23695.0,True,True,False,0,,0
https://iclass.tku.edu.tw/static/26755.0336f93f.js,200,raw/iclass.tku.edu.tw/static/26755.0336f93f.js,16997,application/javascript,f304531a149bddeacbcfaecf7fc037cb9b3159884cbb025ff23ad40c97722d77,.js,1,16997.0,True,True,False,0,,0
https://iclass.tku.edu.tw/static/27035-3a5c2bf1.chunk.css,200,raw/iclass.tku.edu.tw/static/27035-3a5c2bf1.chunk.css,1658,text/css,a06eac12f53b0c7e897226c2131a1ea41638a6a052429e95c9b53cfdb9a1449c,.css,1,1658.0,True,False,False,0,,0
https://iclass.tku.edu.tw/static/27035.535cd1b8.js,200,raw/iclass.tku.edu.tw/static/27035.535cd1b8.js,52022,application/javascript,47aa69e3320bb9259f5244dd591456d8d4f8af8c73fbe4d1bbf885954ad8becb,.js,1,52022.0,True,True,False,0,,0
https://iclass.tku.edu.tw/static/27124.080abd31.js,200,raw/iclass.tku.edu.tw/static/27124.080abd31.js,2254,application/javascript,9fcc29280ffe065a9632407521150f9f1952c89cc5bbada03659d5c31e9039d7,.js,1,2254.0,True,True,False,0,,0
https://iclass.tku.edu.tw/static/27148.dc9a1b6d.js,200,raw/iclass.tku.edu.tw/static/27148.dc9a1b6d.js,180392,application/javascript,1e260adb66edb02f60187cb66ab1db2396c4026dbb632710bc69b34282e4cbbb,.js,1,180392.0,True,True,False,0,,0
https://iclass.tku.edu.tw/static/27605-03a7569e.chunk.css,200,raw/iclass.tku.edu.tw/static/27605-03a7569e.chunk.css,71384,text/css,17441bfeb33aa31e66711c2ccf4fa783f14afcf58034e5353d125718b17bb994,.css,1,71384.0,True,False,False,0,,0
https://iclass.tku.edu.tw/static/27605.cb953088.js,200,raw/iclass.tku.edu.tw/static/27605.cb953088.js,292439,application/javascript,382360b8d1e0d47e4fc7d097a84c0fb9bc85a8290861451b32b15888ec478afe,.js,1,292439.0,True,True,False,0,,0
https://iclass.tku.edu.tw/static/27609-988062d9.chunk.css,200,raw/iclass.tku.edu.tw/static/27609-988062d9.chunk.css,21421,text/css,87c17a70b9a9b470a54751e06e66a13823e0df4bbf3e170fb431c1f591c0b8f3,.css,1,21421.0,True,False,False,0,,0
https://iclass.tku.edu.tw/static/27609.04e6959b.js,200,raw/iclass.tku.edu.tw/static/27609.04e6959b.js,100474,application/javascript,e29b6cf3c8141a36b1180964f2cc8a297357a8dbbf26c6fe07f355e96c66cb6d,.js,1,100474.0,True,True,False,0,,0
https://iclass.tku.edu.tw/static/2764-f443c550.js,200,raw/iclass.tku.edu.tw/static/2764-f443c550.js,30037,application/javascript,4d5daeb042ec16a6bb6ed7be54c43d77b71af5dba0e6713cb4c8e058867ca80a,.js,1,30037.0,True,True,False,0,,0
https://iclass.tku.edu.tw/static/27718.f3eb488f.js,200,raw/iclass.tku.edu.tw/static/27718.f3eb488f.js,5310,application/javascript,07708b67fee01931417a1702c14b96dd1b0a9aaaaf7738428e481b7d8432429f,.js,1,5310.0,True,True,False,0,,0
https://iclass.tku.edu.tw/static/27724.2ef3f54f.js,200,raw/iclass.tku.edu.tw/static/27724.2ef3f54f.js,30734,application/javascript,d7c2eeffe08040ec7cad06e14f10cd584747e3a84916c879d1436503b4ccba2e,.js,1,30734.0,True,True,False,0,,0
https://iclass.tku.edu.tw/static/27783-f0ef0edb.js,200,raw/iclass.tku.edu.tw/static/27783-f0ef0edb.js,41931,application/javascript,7f636a4bf91c2c4f690a89d5ca00185c36e1195060cb4707718639f9e2775bcb,.js,1,41931.0,True,True,False,0,,0
https://iclass.tku.edu.tw/static/27968-85c3bf0b.chunk.css,200,raw/iclass.tku.edu.tw/static/27968-85c3bf0b.chunk.css,11793,text/css,2a9c714db8353350e63fd92aeff0ba64b185da3c1ba8734d53ac5cb0e53156f6,.css,1,11793.0,True,False,False,0,,0
https://iclass.tku.edu.tw/static/28053.55204cf2.js,200,raw/iclass.tku.edu.tw/static/28053.55204cf2.js,2437,application/javascript,f012ea67b6ef01c1a5b634789af2b8e7e115c706cf89327b1c0860965960d55e,.js,1,2437.0,True,True,False,0,,0
https://iclass.tku.edu.tw/static/28230.a1d0d664.js,200,raw/iclass.tku.edu.tw/static/28230.a1d0d664.js,2371,application/javascript,d4682fee738b4ab6970e8671130f4bc056b3deb520f3c36f302d2fd4369bbead,.js,1,2371.0,True,True,False,0,,0
https://iclass.tku.edu.tw/static/28245-9485b80f.chunk.css,200,raw/iclass.tku.edu.tw/static/28245-9485b80f.chunk.css,8411,text/css,a9e0e86b139ff060684165bd362c3b374c9735ee65eb7f660c03baa79600163c,.css,1,8411.0,True,False,False,0,,0
https://iclass.tku.edu.tw/static/28245.a40aff1c.js,200,raw/iclass.tku.edu.tw/static/28245.a40aff1c.js,152826,application/javascript,b9da90d8f833bda99d7299dd2724b1018ca8fa82e5490e73a53ac6f82e3c01ef,.js,1,152826.0,True,True,False,0,,0
https://iclass.tku.edu.tw/static/28391-2cabc9af.js,200,raw/iclass.tku.edu.tw/static/28391-2cabc9af.js,825477,application/javascript,c85869979b530bbc6894ba898a65e5f20f8f958e20cc0c5fbdf812d6fe6910b5,.js,1,825477.0,True,True,False,0,,0
https://iclass.tku.edu.tw/static/28391-b2320123.css,200,raw/iclass.tku.edu.tw/static/28391-b2320123.css,285720,text/css,4ab25a5820c375b763e7d2b0d066eba6e02bebe4f5253fb54071aeab9adad0ed,.css,1,285720.0,True,False,False,0,,0
https://iclass.tku.edu.tw/static/28413.4c7bdb68.js,200,raw/iclass.tku.edu.tw/static/28413.4c7bdb68.js,163332,application/javascript,a043f64384c219b412f366ba32c4bc48f55845e0eeaac15e6d108b0a204824d4,.js,1,163332.0,True,True,False,0,,0
https://iclass.tku.edu.tw/static/28492.0435f6c8.js,200,raw/iclass.tku.edu.tw/static/28492.0435f6c8.js,10244,application/javascript,a2c654658b459246d506ad9f53125e1eeac16a2738f422a86d77eb5e82f53ec0,.js,1,10244.0,True,True,False,0,,0
https://iclass.tku.edu.tw/static/28605.7b75b9a5.js,200,raw/iclass.tku.edu.tw/static/28605.7b75b9a5.js,32823,application/javascript,007da13bacabc5f31742e432ecba2d8054cd16a6e4fe97fa7c48b76d35ee9340,.js,1,32823.0,True,True,False,0,,0
https://iclass.tku.edu.tw/static/28606.8923b616.js,200,raw/iclass.tku.edu.tw/static/28606.8923b616.js,16856,application/javascript,41969ce29dce8a426a0be8b6bde88829ca25a4523a293cabd8058f4ed9794aae,.js,1,16856.0,True,True,False,0,,0
https://iclass.tku.edu.tw/static/28794.ce183abf.js,200,raw/iclass.tku.edu.tw/static/28794.ce183abf.js,1405,application/javascript,99d24a07a4c2e65ab717608c26cf994b2407d866619cdd5f220cea7bc9c80fe9,.js,1,1405.0,True,True,False,0,,0
https://iclass.tku.edu.tw/static/28921-c44e901e.js,200,raw/iclass.tku.edu.tw/static/28921-c44e901e.js,35442,application/javascript,6e08a6aca87498ab48df09753fec4f128d914e01d133c937d2e51478720f9c78,.js,1,35442.0,True,True,False,0,,0
https://iclass.tku.edu.tw/static/2896.cb9c90cd.js,200,raw/iclass.tku.edu.tw/static/2896.cb9c90cd.js,40013,application/javascript,952e50c4c97ac3e25cf9a4fd917d41c63364d322f69d51f6f24fd86972a65f31,.js,1,40013.0,True,True,False,0,,0
https://iclass.tku.edu.tw/static/29155.ad8982cf.js,200,raw/iclass.tku.edu.tw/static/29155.ad8982cf.js,21060,application/javascript,2d8e4d42dcaff51a396da2f29a40b8d77f8dd8972bfc8ed165369c913efda501,.js,1,21060.0,True,True,False,0,,0
https://iclass.tku.edu.tw/static/29180-6ab28c7d.chunk.css,200,raw/iclass.tku.edu.tw/static/29180-6ab28c7d.chunk.css,8456,text/css,fa14f788f4528e4ae3417f865985b759e2c1cb290d8c9395cd8ccc816bf69bd4,.css,1,8456.0,True,False,False,0,,0
https://iclass.tku.edu.tw/static/29180.f763abc6.js,200,raw/iclass.tku.edu.tw/static/29180.f763abc6.js,4736,application/javascript,fc4c8e1981e60e942e257b785aca67fb942624495c8009637dad4589a813bcd8,.js,1,4736.0,True,True,False,0,,0
https://iclass.tku.edu.tw/static/29408-3283f5c7.js,200,raw/iclass.tku.edu.tw/static/29408-3283f5c7.js,72099,application/javascript,0ebb3caa64d338beafec44f786c5d1214cbb5b3dc3604430b9d76b237e10fd1b,.js,1,72099.0,True,True,False,0,,0
https://iclass.tku.edu.tw/static/30027.7e8aebed.js,200,raw/iclass.tku.edu.tw/static/30027.7e8aebed.js,1878,application/javascript,d2b97f9b3389b9e095328cf9048cb658740066842cad34550d95005c4d13b1d8,.js,1,1878.0,True,True,False,0,,0
https://iclass.tku.edu.tw/static/30075.1049a74f.js,200,raw/iclass.tku.edu.tw/static/30075.1049a74f.js,50674,application/javascript,683d1430d762185038e45c51c6dad2ffb1b20d5c18fa885777c3bf262d6c0054,.js,1,50674.0,True,True,False,0,,0
https://iclass.tku.edu.tw/static/30424.727a85a7.js,200,raw/iclass.tku.edu.tw/static/30424.727a85a7.js,34932,application/javascript,40e846f359afbc9d9d94aacf73d6158ed572bbc3dc1fe03796ec971375663a55,.js,1,34932.0,True,True,False,0,,0
https://iclass.tku.edu.tw/static/30646.8e97ad02.js,200,raw/iclass.tku.edu.tw/static/30646.8e97ad02.js,59547,application/javascript,2907ec6b68ebd7c49e64e13b47ce7ce93b65c4633578d2b8d19785f5e8fed39b,.js,1,59547.0,True,True,False,0,,0
https://iclass.tku.edu.tw/static/30699-fba5d5f5.chunk.css,200,raw/iclass.tku.edu.tw/static/30699-fba5d5f5.chunk.css,13107,text/css,a25c68434b7de3c2542dc0a624d2bcba269f2aba2bfc96546d9cadc6079c9c13,.css,1,13107.0,True,False,False,0,,0
https://iclass.tku.edu.tw/static/30699.190d3e8e.js,200,raw/iclass.tku.edu.tw/static/30699.190d3e8e.js,49469,application/javascript,abfcc1341714ab464ab882c515dd9d8043699a02911c998304792d7419ef0571,.js,1,49469.0,True,True,False,0,,0
https://iclass.tku.edu.tw/static/30801-25982468.js,200,raw/iclass.tku.edu.tw/static/30801-25982468.js,29459,application/javascript,d383a6a65951b739a31d4f48ba1e70db257c1dbd9e9f082088165612d5e4fd9b,.js,1,29459.0,True,True,False,0,,0
https://iclass.tku.edu.tw/static/30802.e40e015e.js,200,raw/iclass.tku.edu.tw/static/30802.e40e015e.js,16551,application/javascript,3414ca167bbe567ce6b4d60635c5e926ccaf1297cb417e8f5a9127429e99d69e,.js,1,16551.0,True,True,False,0,,0
https://iclass.tku.edu.tw/static/30803-7b1f840f.js,200,raw/iclass.tku.edu.tw/static/30803-7b1f840f.js,1055724,application/javascript,7de33cde974e5dc5dbc39af6d846d52a6f60aa5f0abdb0d2ec2f2441162aeb0e,.js,1,1055724.0,True,True,False,0,,0
https://iclass.tku.edu.tw/static/30851.b313f6ae.js,200,raw/iclass.tku.edu.tw/static/30851.b313f6ae.js,20670,application/javascript,dabfc2fb14b864bc7ab5d856a8b30cc5e95984401ca4650755997de2ec50913a,.js,1,20670.0,True,True,False,0,,0
https://iclass.tku.edu.tw/static/31066.44f183d5.js,200,raw/iclass.tku.edu.tw/static/31066.44f183d5.js,63526,application/javascript,77365f794d1e595668b5b3f8ef12b66d7fe74b1140a1c635d605e58d187d902d,.js,1,63526.0,True,True,False,0,,0
https://iclass.tku.edu.tw/static/31076.a8c88684.js,200,raw/iclass.tku.edu.tw/static/31076.a8c88684.js,380140,application/javascript,f3e88bc1fbe38f326e9cce85df470297dc544e7d15637bc3057a16cc07e7e36c,.js,1,380140.0,True,True,False,0,,0
https://iclass.tku.edu.tw/static/31275.6c55dd42.js,200,raw/iclass.tku.edu.tw/static/31275.6c55dd42.js,13145,application/javascript,4c5fba46b303013b1563d492dca4d53abfd42b80c813c606c3840adfd79a1df7,.js,1,13145.0,True,True,False,0,,0
https://iclass.tku.edu.tw/static/31345.ad1e1769.js,200,raw/iclass.tku.edu.tw/static/31345.ad1e1769.js,19615,application/javascript,4f24055db037dcba11ed583388c5d5f104aaa8f443d1a940dfe66228e29bef0a,.js,1,19615.0,True,True,False,0,,0
https://iclass.tku.edu.tw/static/31348.dc0becf0.js,200,raw/iclass.tku.edu.tw/static/31348.dc0becf0.js,2596,application/javascript,78f70f99041cea22bbefd5f40ebfc54451fc6b2e13a6bcb0ead11f4c7e857252,.js,1,2596.0,True,True,False,0,,0
https://iclass.tku.edu.tw/static/31417-0c1728e8.js,200,raw/iclass.tku.edu.tw/static/31417-0c1728e8.js,43923,application/javascript,91b78c329fa6b53a61d7f334002bf1ae490e2e6dbd1b87837ef0e9e710018fa5,.js,1,43923.0,True,True,False,0,,0
https://iclass.tku.edu.tw/static/31510-0292ff20.chunk.css,200,raw/iclass.tku.edu.tw/static/31510-0292ff20.chunk.css,19459,text/css,abd1824f6a884e381d3116923123ff2e4e0fc1cb655844f0fd5ddc20c55e7341,.css,1,19459.0,True,False,False,0,,0
https://iclass.tku.edu.tw/static/31510.80e95dbb.js,200,raw/iclass.tku.edu.tw/static/31510.80e95dbb.js,70959,application/javascript,0948c3c2622558dd73994ef244d211a5e244e74db039d2244a5cd28d3d9ea08d,.js,1,70959.0,True,True,False,0,,0
https://iclass.tku.edu.tw/static/31552-ff4013ad.chunk.css,200,raw/iclass.tku.edu.tw/static/31552-ff4013ad.chunk.css,628,text/css,7926842c3db3c0a34dba4d5a3724b0c2e682d7b4b4f2f4ad33f712582312863d,.css,1,628.0,True,False,False,0,,0
https://iclass.tku.edu.tw/static/31552.691da904.js,200,raw/iclass.tku.edu.tw/static/31552.691da904.js,11262,application/javascript,eeeedf8cd8ae56aded706c8a8c2f699846775aa0db6290abf00e1318499bfdba,.js,1,11262.0,True,True,False,0,,0
https://iclass.tku.edu.tw/static/31651-b6c6ca18.chunk.css,200,raw/iclass.tku.edu.tw/static/31651-b6c6ca18.chunk.css,56649,text/css,166895fb9b81fe62ccc3741de6dc01c89116f3c253fcbac807c59a6ea396024a,.css,1,56649.0,True,False,False,0,,0
https://iclass.tku.edu.tw/static/31651.d09dff55.js,200,raw/iclass.tku.edu.tw/static/31651.d09dff55.js,157289,application/javascript,321864ac1c174eedda56193c6e6e911f195b6701307eef55651e6a40d482e804,.js,1,157289.0,True,True,False,0,,0
https://iclass.tku.edu.tw/static/31734-d6da493d.chunk.css,200,raw/iclass.tku.edu.tw/static/31734-d6da493d.chunk.css,1841,text/css,040721073efccca423618a9fb310450a4f48ecf9d463d26a6496624162ea84ca,.css,1,1841.0,True,False,False,0,,0
https://iclass.tku.edu.tw/static/31734.96c0b469.js,200,raw/iclass.tku.edu.tw/static/31734.96c0b469.js,33997,application/javascript,f6179aedcf816495adf03780337164c490f8cb85b4f5f2296fdab1a65b41f7de,.js,1,33997.0,True,True,False,0,,0
https://iclass.tku.edu.tw/static/31786-bdcd1a7c.chunk.css,200,raw/iclass.tku.edu.tw/static/31786-bdcd1a7c.chunk.css,55,text/css,e70ffc9e461842ea1cd8b589e6f82b1a45f988b567d8d63ad16da4cef040d144,.css,1,55.0,True,False,False,0,,0
https://iclass.tku.edu.tw/static/31786.40986fe8.js,200,raw/iclass.tku.edu.tw/static/31786.40986fe8.js,10543,application/javascript,dafc57c566d40f842e6cbdbefa12fdcab5aeac7a37e3f6878a5c0d4f134155a3,.js,1,10543.0,True,True,False,0,,0
https://iclass.tku.edu.tw/static/31937.90fe4179.js,200,raw/iclass.tku.edu.tw/static/31937.90fe4179.js,100506,application/javascript,bd9f1f93c0f7baf0ae6d013510c150a160c7271b5f35620d71020d533a79249b,.js,1,100506.0,True,True,False,0,,0
https://iclass.tku.edu.tw/static/31975.e0a4fe1f.js,200,raw/iclass.tku.edu.tw/static/31975.e0a4fe1f.js,73971,application/javascript,dc95d784e7b117b4c7867d3d2d06328ba0912444299fb678147a9878f20e0c9b,.js,1,73971.0,True,True,False,0,,0
https://iclass.tku.edu.tw/static/32177.150c6749.js,200,raw/iclass.tku.edu.tw/static/32177.150c6749.js,21849,application/javascript,82f2861f551692f5ae696008617607f655f673b6fe93049c2a9afebacd309a01,.js,1,21849.0,True,True,False,0,,0
https://iclass.tku.edu.tw/static/32352-2d5449e8.chunk.css,200,raw/iclass.tku.edu.tw/static/32352-2d5449e8.chunk.css,7199,text/css,7e64d27eba230b5e10242756393e1fc394d9817ce86dcdebced7ad7aaaff94b1,.css,1,7199.0,True,False,False,0,,0
https://iclass.tku.edu.tw/static/32419.cdd214b3.js,200,raw/iclass.tku.edu.tw/static/32419.cdd214b3.js,24057,application/javascript,64a1461dbaa306725f98142399004de718b2c9dc8922f57acd18de3ee0dd64c6,.js,1,24057.0,True,True,False,0,,0
https://iclass.tku.edu.tw/static/32622.74d60e4a.js,200,raw/iclass.tku.edu.tw/static/32622.74d60e4a.js,107822,application/javascript,96efff23a0d8f5a415a22ae596d300d16938647e7fe7e34b2f9609de2e94aad4,.js,1,107822.0,True,True,False,0,,0
https://iclass.tku.edu.tw/static/32655.2fc40410.js,200,raw/iclass.tku.edu.tw/static/32655.2fc40410.js,57724,application/javascript,3858c30ca805e1f4ab7d38c35c471c7818bb34ecd6c05feffc00236bf8aa7032,.js,1,57724.0,True,True,False,0,,0
https://iclass.tku.edu.tw/static/32757.c48389b1.js,200,raw/iclass.tku.edu.tw/static/32757.c48389b1.js,61540,application/javascript,db7cce462308b49f95c4a4e94ae3babd75dc3036b2993d7e18f0f9899caabb0f,.js,1,61540.0,True,True,False,0,,0
https://iclass.tku.edu.tw/static/32767.abfcc0ce.js,200,raw/iclass.tku.edu.tw/static/32767.abfcc0ce.js,574,application/javascript,2a2b5cc7217d94f499382b1c023df10750ba7de4fdc541b0ea9a2e8133f60549,.js,1,574.0,True,True,False,0,,0
https://iclass.tku.edu.tw/static/328.7ecb97ad.js,200,raw/iclass.tku.edu.tw/static/328.7ecb97ad.js,2230,application/javascript,d4ef3f03f67d75a4afdd8a9c44a1502294e028ad1f05a4d1e8f109cca4ed8fff,.js,1,2230.0,True,True,False,0,,0
https://iclass.tku.edu.tw/static/32862.4dbbb627.js,200,raw/iclass.tku.edu.tw/static/32862.4dbbb627.js,5025,application/javascript,4443bc4f977a502a06ced9e161e663a5ea19768d3f3a3fb5f5378b320e660c45,.js,1,5025.0,True,True,False,0,,0
https://iclass.tku.edu.tw/static/33489-328d8393.js,200,raw/iclass.tku.edu.tw/static/33489-328d8393.js,180301,application/javascript,0c2d4f1167cabcbbead4add5a39ebf9dae5523ab3efc10ff8199739447c443b6,.js,1,180301.0,True,True,False,0,,0
https://iclass.tku.edu.tw/static/3351-a946de96.chunk.css,200,raw/iclass.tku.edu.tw/static/3351-a946de96.chunk.css,833,text/css,7bf46b7b395846124fdadab1696a68cb5144ada91f1ff5235f524a6ae7ad69e5,.css,1,833.0,True,False,False,0,,0
https://iclass.tku.edu.tw/static/3351.be031304.js,200,raw/iclass.tku.edu.tw/static/3351.be031304.js,120873,application/javascript,10ae7118ebb6fef28d8b1b3704b866fc66188522f7944a14655b009d2f990b62,.js,1,120873.0,True,True,False,0,,0
https://iclass.tku.edu.tw/static/33589-7dd9bc8f.chunk.css,200,raw/iclass.tku.edu.tw/static/33589-7dd9bc8f.chunk.css,7094,text/css,2c55d61d3e73e5a104ea527b23ddc5e08907e26c7bffac2f603fd9a1cbab0b46,.css,1,7094.0,True,False,False,0,,0
https://iclass.tku.edu.tw/static/33589.3ce833c7.js,200,raw/iclass.tku.edu.tw/static/33589.3ce833c7.js,15788,application/javascript,99bc86268cf9092ea37ceca4720b3350abe02839f276d1d439a13c60c9123afb,.js,1,15788.0,True,True,False,0,,0
https://iclass.tku.edu.tw/static/33655.ef38fe8c.js,200,raw/iclass.tku.edu.tw/static/33655.ef38fe8c.js,1624,application/javascript,0761a7a0d3cd3db88b3a3c02fa2d72a7956ffac35dd51ce6fed1f250a27e4055,.js,1,1624.0,True,True,False,0,,0
https://iclass.tku.edu.tw/static/33659-64ed8510.chunk.css,200,raw/iclass.tku.edu.tw/static/33659-64ed8510.chunk.css,1249,text/css,f9c3cd4fae852a04c3da1fd940d8d8346f607b38330a17f41c5184c3a174e4d0,.css,1,1249.0,True,False,False,0,,0
https://iclass.tku.edu.tw/static/33659.837adcb3.js,200,raw/iclass.tku.edu.tw/static/33659.837adcb3.js,2337,application/javascript,e721101fd13a59b3a8fe6e7a5dcfe8bbdd8de252a2ddad5cd511532f9696f51b,.js,1,2337.0,True,True,False,0,,0
https://iclass.tku.edu.tw/static/339.eaa62448.js,200,raw/iclass.tku.edu.tw/static/339.eaa62448.js,6486,application/javascript,b458000880de9b63620c5fa50b1af3d5a2e94de09833ab5efb98aa9e44e06747,.js,1,6486.0,True,True,False,0,,0
https://iclass.tku.edu.tw/static/33919.e6779140.js,200,raw/iclass.tku.edu.tw/static/33919.e6779140.js,46395,application/javascript,ecbea5371375eb22f68a1d0d1c22903e83bb305635e6ccdd9b1ad7ea25c1ea79,.js,1,46395.0,True,True,False,0,,0
https://iclass.tku.edu.tw/static/33961.a7791db6.js,200,raw/iclass.tku.edu.tw/static/33961.a7791db6.js,19668,application/javascript,f791d73b1866f60baf028c5b0ef1f87477dfbaa6bf6e6154e32138e3eb80d6f6,.js,1,19668.0,True,True,False,0,,0
https://iclass.tku.edu.tw/static/33991.f9c20509.js,200,raw/iclass.tku.edu.tw/static/33991.f9c20509.js,154023,application/javascript,ed8563faa97049984a2d4c4522ec841e38c31e1b8d92f1aa04b96b0274c11f70,.js,1,154023.0,True,True,False,0,,0
https://iclass.tku.edu.tw/static/34019-6a795072.chunk.css,200,raw/iclass.tku.edu.tw/static/34019-6a795072.chunk.css,2739,text/css,815d5a09873356846751ee55635257e79f16e06f7fbd0169c5988ef968023496,.css,1,2739.0,True,False,False,0,,0
https://iclass.tku.edu.tw/static/34019.031e8874.js,200,raw/iclass.tku.edu.tw/static/34019.031e8874.js,2673,application/javascript,355c18743f578e1bc7ae3579e3394069924d1fe24bb502d9cb0692f3dcc55b55,.js,1,2673.0,True,True,False,0,,0
https://iclass.tku.edu.tw/static/34059.dd17524e.js,200,raw/iclass.tku.edu.tw/static/34059.dd17524e.js,2407,application/javascript,63854f551136c24fdaa58de0bde9b428c45841c8530826ed7abb9d9cf517ee9c,.js,1,2407.0,True,True,False,0,,0
https://iclass.tku.edu.tw/static/34149.3de6ebe0.js,200,raw/iclass.tku.edu.tw/static/34149.3de6ebe0.js,11510,application/javascript,9f88c871c16a5190f2763e998e21e01f5013d1c5c23f8153eb3d63293aefe9f4,.js,1,11510.0,True,True,False,0,,0
https://iclass.tku.edu.tw/static/34150-ad8f26f9.chunk.css,200,raw/iclass.tku.edu.tw/static/34150-ad8f26f9.chunk.css,1380,text/css,5e07fd761c2145a2ca2b59870d663842890329aa1a0d2c84554d802fc27bf01d,.css,1,1380.0,True,False,False,0,,0
https://iclass.tku.edu.tw/static/34150.cc77b606.js,200,raw/iclass.tku.edu.tw/static/34150.cc77b606.js,69975,application/javascript,24a71ddabe6cbf06efd05ffb4018df9a827272355e5c777099fbfad986d5926d,.js,1,69975.0,True,True,False,0,,0
https://iclass.tku.edu.tw/static/3421.4c78f3e9.js,200,raw/iclass.tku.edu.tw/static/3421.4c78f3e9.js,26295,application/javascript,d761be18259e452504a822ec81361554eed5b21a8600a8f68612655d6cb074a0,.js,1,26295.0,True,True,False,0,,0
https://iclass.tku.edu.tw/static/34215.2a3d2592.js,200,raw/iclass.tku.edu.tw/static/34215.2a3d2592.js,129554,application/javascript,6363d302b0ee008a1f818eebeeb90cd5f4d5ebb0874896f276e6cb4531ee76d1,.js,1,129554.0,True,True,False,0,,0
https://iclass.tku.edu.tw/static/34229-f7b347d7.chunk.css,200,raw/iclass.tku.edu.tw/static/34229-f7b347d7.chunk.css,13447,text/css,47a7a9f59553abbb479dc3387a71e87cc88bd45028a410abd126edea4a1337c8,.css,1,13447.0,True,False,False,0,,0
https://iclass.tku.edu.tw/static/34229.20c1983d.js,200,raw/iclass.tku.edu.tw/static/34229.20c1983d.js,476,application/javascript,6e8a195bd02f72d60a26860cfff110a4c7aadc95eb6e7a897ad0266c8e1d8506,.js,1,476.0,True,True,False,0,,0
https://iclass.tku.edu.tw/static/34423.0c56d42b.js,200,raw/iclass.tku.edu.tw/static/34423.0c56d42b.js,28736,application/javascript,76e4dd417157a455275868b86a644273ace6947e10465fe1521680e82bbf0463,.js,1,28736.0,True,True,False,0,,0
https://iclass.tku.edu.tw/static/34493.159b4d7b.js,200,raw/iclass.tku.edu.tw/static/34493.159b4d7b.js,94355,application/javascript,1c8f3754092757e073d3c0ee7f9293cfaf9e4128d2efc0478ff024d5083dd5f4,.js,1,94355.0,True,True,False,0,,0
https://iclass.tku.edu.tw/static/34671-8488398e.chunk.css,200,raw/iclass.tku.edu.tw/static/34671-8488398e.chunk.css,29430,text/css,d5e6b90f9634d77165f6083730b54453e3d1e24cbc52d42b519497d1dc48d2cd,.css,1,29430.0,True,False,False,0,,0
https://iclass.tku.edu.tw/static/34671.617c3475.js,200,raw/iclass.tku.edu.tw/static/34671.617c3475.js,71086,application/javascript,15e6f9f7d7c8a4a5a900c06b6c2a54c7a82636e6b851c4dd450ce7add00b1c7c,.js,1,71086.0,True,True,False,0,,0
https://iclass.tku.edu.tw/static/34673.1196ba35.js,200,raw/iclass.tku.edu.tw/static/34673.1196ba35.js,17920,application/javascript,980d88590d5f4be4c1a2ae30693a8f8c7dfbe31ae4a25649a74756185e519953,.js,1,17920.0,True,True,False,0,,0
https://iclass.tku.edu.tw/static/34691.e56ece8d.js,200,raw/iclass.tku.edu.tw/static/34691.e56ece8d.js,46472,application/javascript,5786bbcbc7f1facc9553e104273e93c868b068f8121cbd0ff7d9b9ab10269ac9,.js,1,46472.0,True,True,False,0,,0
https://iclass.tku.edu.tw/static/34908-683cb506.js,200,raw/iclass.tku.edu.tw/static/34908-683cb506.js,26852,application/javascript,74423816744fa0c2595100b9062389031bc8e658f09cff5b8e48f575aca7e419,.js,1,26852.0,True,True,False,0,,0
https://iclass.tku.edu.tw/static/34918-e9199d6f.chunk.css,200,raw/iclass.tku.edu.tw/static/34918-e9199d6f.chunk.css,2008,text/css,6033889bb69bd19ea6b05557b12979b2260c0dc5329affed332c81e3d46e0859,.css,1,2008.0,True,False,False,0,,0
https://iclass.tku.edu.tw/static/34918.2e4498f0.js,200,raw/iclass.tku.edu.tw/static/34918.2e4498f0.js,11645,application/javascript,19e50d4ada42a310ac3096005dc3d0454b621ea7f2335f9d3281a945dd21aae2,.js,1,11645.0,True,True,False,0,,0
https://iclass.tku.edu.tw/static/34964-234863b4.chunk.css,200,raw/iclass.tku.edu.tw/static/34964-234863b4.chunk.css,2122,text/css,375639beb3b856390529c714a6a399d0e07382fb281931a43fcd582621ccfdad,.css,1,2122.0,True,False,False,0,,0
https://iclass.tku.edu.tw/static/34964.401287a2.js,200,raw/iclass.tku.edu.tw/static/34964.401287a2.js,14127,application/javascript,6e7efeaeba4e81ce668e02b921c49b7a00c41d54f459758fe7183fa993743e7b,.js,1,14127.0,True,True,False,0,,0
https://iclass.tku.edu.tw/static/3498-c76e4083.chunk.css,200,raw/iclass.tku.edu.tw/static/3498-c76e4083.chunk.css,66,text/css,b4f511aee4c95e1d33c5c02f4add4bd0da80b4fe11f26184ee21988e5f019a43,.css,1,66.0,True,False,False,0,,0
https://iclass.tku.edu.tw/static/3498.e1d7690c.js,200,raw/iclass.tku.edu.tw/static/3498.e1d7690c.js,45984,application/javascript,9b4570b89b4e297306b7bc32ef0a05fe5fb99770c611b56cfdafc412f738091f,.js,1,45984.0,True,True,False,0,,0
https://iclass.tku.edu.tw/static/35045-d53c237b.chunk.css,200,raw/iclass.tku.edu.tw/static/35045-d53c237b.chunk.css,2782,text/css,496e21a7102d381291569dc9a1b7ddde3048391b409f4d0cf05d949029bec93e,.css,1,2782.0,True,False,False,0,,0
https://iclass.tku.edu.tw/static/35045.42d7f4d9.js,200,raw/iclass.tku.edu.tw/static/35045.42d7f4d9.js,7677,application/javascript,c951d20e23d809385f4cbe2173f9194d0586fab8bc8a33ce24c5541c50cf02e9,.js,1,7677.0,True,True,False,0,,0
https://iclass.tku.edu.tw/static/35205.e3e44ba5.js,200,raw/iclass.tku.edu.tw/static/35205.e3e44ba5.js,17084,application/javascript,da6d2b9dd02cfec8bf7f8959cfe37fb90be4db98062eb62435c8fbf6d0f4e2b0,.js,1,17084.0,True,True,False,0,,0
https://iclass.tku.edu.tw/static/35455.ff8a7c72.js,200,raw/iclass.tku.edu.tw/static/35455.ff8a7c72.js,1828,application/javascript,dea15733e3f419c39fd78dfcedbe497fbba07196931915d0ac415dd567b5beb1,.js,1,1828.0,True,True,False,0,,0
https://iclass.tku.edu.tw/static/35552-9cb6cec8.chunk.css,200,raw/iclass.tku.edu.tw/static/35552-9cb6cec8.chunk.css,3285,text/css,f03a91a2e4395a355a446b3645fd7152c48bdeba600fbf32ad84b56789c56c37,.css,1,3285.0,True,False,False,0,,0
https://iclass.tku.edu.tw/static/35552.0ab94f1d.js,200,raw/iclass.tku.edu.tw/static/35552.0ab94f1d.js,77384,application/javascript,93d6eafa15f92fbbcdc3c3e0622ba39722d34605c9e009b7ca9c172161a12c83,.js,1,77384.0,True,True,False,0,,0
https://iclass.tku.edu.tw/static/35636.d4d67afe.js,200,raw/iclass.tku.edu.tw/static/35636.d4d67afe.js,26243,application/javascript,e545451de74c506d7d568d723456ce464e133c34d138eed63f3f085ca1588801,.js,1,26243.0,True,True,False,0,,0
https://iclass.tku.edu.tw/static/3564.4c451cda.js,200,raw/iclass.tku.edu.tw/static/3564.4c451cda.js,22201,application/javascript,df7af29eecef2bfe1a2e273100ca5e644f672ccd526056c0de48aa88d360ab8b,.js,1,22201.0,True,True,False,0,,0
https://iclass.tku.edu.tw/static/35655.2969eda4.js,200,raw/iclass.tku.edu.tw/static/35655.2969eda4.js,2240,application/javascript,6669ea46feceb632989b01bafefae9a86e0d25b509feeb263d2f458479466c36,.js,1,2240.0,True,True,False,0,,0
https://iclass.tku.edu.tw/static/35675.a6fc6285.js,200,raw/iclass.tku.edu.tw/static/35675.a6fc6285.js,15566,application/javascript,6d67dd1ec1ecbc0a51c02c029d9efddf54831b5b37f3839f57c9675de91f670b,.js,1,15566.0,True,True,False,0,,0
https://iclass.tku.edu.tw/static/35684.22e582e5.js,200,raw/iclass.tku.edu.tw/static/35684.22e582e5.js,101117,application/javascript,d12eba957f73446fe70d7154b7610c47cb891f180c775cb29addafb97bba03f1,.js,1,101117.0,True,True,False,0,,0
https://iclass.tku.edu.tw/static/35918-9f18f5e8.chunk.css,200,raw/iclass.tku.edu.tw/static/35918-9f18f5e8.chunk.css,11725,text/css,49bc438116bbfed599753149b5f1076354f87ae7af1de901cc1e4e71e213e1ca,.css,1,11725.0,True,False,False,0,,0
https://iclass.tku.edu.tw/static/35918.b5c140f6.js,200,raw/iclass.tku.edu.tw/static/35918.b5c140f6.js,43943,application/javascript,06735a3a11b3a3f08d9dadba7813878bfb0cb7f198daeb89425f04e029d3511e,.js,1,43943.0,True,True,False,0,,0
https://iclass.tku.edu.tw/static/35995-c29fcc41.js,200,raw/iclass.tku.edu.tw/static/35995-c29fcc41.js,39434,application/javascript,7204e1b2adf15f9b0193ef5e575084904b48bda61116e3df417dc8b54df4e652,.js,1,39434.0,True,True,False,0,,0
https://iclass.tku.edu.tw/static/36105.3af57479.js,200,raw/iclass.tku.edu.tw/static/36105.3af57479.js,16165,application/javascript,eacfcaceb99e0ea3f3eaa872fd938ed1eef2fbf95236ce1bc020412d0cea2d89,.js,1,16165.0,True,True,False,0,,0
https://iclass.tku.edu.tw/static/36162.22238ca1.js,200,raw/iclass.tku.edu.tw/static/36162.22238ca1.js,3224,application/javascript,b6bf0a416bc7fbc66db08d4b1b0abac7be3667508336d76fb7b556949c5c068b,.js,1,3224.0,True,True,False,0,,0
https://iclass.tku.edu.tw/static/36692-44c98481.chunk.css,200,raw/iclass.tku.edu.tw/static/36692-44c98481.chunk.css,10069,text/css,389e53460caa455187c19fbcc84e5eea7fe2e4204a6d9d18d024b4a978093359,.css,1,10069.0,True,False,False,0,,0
https://iclass.tku.edu.tw/static/36692.f7864f81.js,200,raw/iclass.tku.edu.tw/static/36692.f7864f81.js,3608,application/javascript,be3b67bae9c14feda10c75044d94e1ea4e218739896d17a2e391018e0536000e,.js,1,3608.0,True,True,False,0,,0
https://iclass.tku.edu.tw/static/36813.2216cbed.js,200,raw/iclass.tku.edu.tw/static/36813.2216cbed.js,2344,application/javascript,599613b5822ba6005014fb351381fbaa76c6b63601fb5e3e23f98d47d22e5477,.js,1,2344.0,True,True,False,0,,0
https://iclass.tku.edu.tw/static/36824.6e5701e1.js,200,raw/iclass.tku.edu.tw/static/36824.6e5701e1.js,7649,application/javascript,8a6aa4ced919cca48b3fcdc4aabab986dec425f580b67daed3c568f75ebe39d0,.js,1,7649.0,True,True,False,0,,0
https://iclass.tku.edu.tw/static/36972-c76e4083.chunk.css,200,raw/iclass.tku.edu.tw/static/36972-c76e4083.chunk.css,66,text/css,b4f511aee4c95e1d33c5c02f4add4bd0da80b4fe11f26184ee21988e5f019a43,.css,1,66.0,True,False,False,0,,0
https://iclass.tku.edu.tw/static/36972.11466daf.js,200,raw/iclass.tku.edu.tw/static/36972.11466daf.js,46197,application/javascript,89e90c862955d035236cb40eb4cb72aa2bab063837a982a058b870b3899250b4,.js,1,46197.0,True,True,False,0,,0
https://iclass.tku.edu.tw/static/37135.fcaaadd2.js,200,raw/iclass.tku.edu.tw/static/37135.fcaaadd2.js,2964,application/javascript,4454375cfa7032c9277bcbe193aa71e59710f26674d809da9c8ea3641280443a,.js,1,2964.0,True,True,False,0,,0
https://iclass.tku.edu.tw/static/37192-9a63a566.chunk.css,200,raw/iclass.tku.edu.tw/static/37192-9a63a566.chunk.css,4708,text/css,42d42cf83ee345680a9edc4f89933aad9476458bde0c6c3d150b9f846b93917c,.css,1,4708.0,True,False,False,0,,0
https://iclass.tku.edu.tw/static/37192.e1f81dae.js,200,raw/iclass.tku.edu.tw/static/37192.e1f81dae.js,30772,application/javascript,4ea1c8592e2bb643ef4064be4e542284279a66472cc427ac9c5fa895472a8077,.js,1,30772.0,True,True,False,0,,0
https://iclass.tku.edu.tw/static/37275.2912d9c7.js,200,raw/iclass.tku.edu.tw/static/37275.2912d9c7.js,10504,application/javascript,cbb845d0878eb990743d372bbb49f5ecf65e0fda296c712ae38a4260099fae7e,.js,1,10504.0,True,True,False,0,,0
https://iclass.tku.edu.tw/static/37291-b52e91d2.chunk.css,200,raw/iclass.tku.edu.tw/static/37291-b52e91d2.chunk.css,1575,text/css,cd1f14eaec972267217efadf7ccb1c276fd3483aca76543f0651fc74cf661616,.css,1,1575.0,True,False,False,0,,0
https://iclass.tku.edu.tw/static/37291.dc77dff6.js,200,raw/iclass.tku.edu.tw/static/37291.dc77dff6.js,6196,application/javascript,45f9b24b4347af0e10361f056fe88b55446bd4b976a11ddc9e22bf5f8cb94d83,.js,1,6196.0,True,True,False,0,,0
https://iclass.tku.edu.tw/static/37336-2f5a7ac2.chunk.css,200,raw/iclass.tku.edu.tw/static/37336-2f5a7ac2.chunk.css,30174,text/css,a5d600de70536bcdc3e878e0496d6f3254867f0e16dfce7b554d7062c3692c37,.css,1,30174.0,True,False,False,0,,0
https://iclass.tku.edu.tw/static/37336.23c58234.js,200,raw/iclass.tku.edu.tw/static/37336.23c58234.js,119034,application/javascript,58088a567a0337a86813aa5073e902161b0a2fbda191001e5576926b9e8b416b,.js,1,119034.0,True,True,False,0,,0
https://iclass.tku.edu.tw/static/3734.fcaf65a6.js,200,raw/iclass.tku.edu.tw/static/3734.fcaf65a6.js,109469,application/javascript,57ebe54af83b845e4896bc63f537c00321cfd118c6a386fb8458d8fc21914008,.js,1,109469.0,True,True,False,0,,0
https://iclass.tku.edu.tw/static/3738-63068e80.js,200,raw/iclass.tku.edu.tw/static/3738-63068e80.js,30627,application/javascript,e3fde5341acbc2b65615f4eb6c4900739da114efe400adcdb34e6739b1381762,.js,1,30627.0,True,True,False,0,,0
https://iclass.tku.edu.tw/static/37464-b0fb534c.js,200,raw/iclass.tku.edu.tw/static/37464-b0fb534c.js,72918,application/javascript,ac3f4c5c2fba5dbc02e233ed604801bae6ae7feea13699761b4fb87d8f23a62a,.js,1,72918.0,True,True,False,0,,0
https://iclass.tku.edu.tw/static/37505.f34b09d1.js,200,raw/iclass.tku.edu.tw/static/37505.f34b09d1.js,122816,application/javascript,cc3a2f31699a600f0933d84920a06181b0d3588b233eb2b027b537d740bb7f52,.js,1,122816.0,True,True,False,0,,0
https://iclass.tku.edu.tw/static/37519-03d899c1.js,200,raw/iclass.tku.edu.tw/static/37519-03d899c1.js,28273,application/javascript,338001fc48dc237bd587ea418e173e4f3baabbd689d3c2062c50e1b33fb7be1e,.js,1,28273.0,True,True,False,0,,0
https://iclass.tku.edu.tw/static/37705.d942f4e7.js,200,raw/iclass.tku.edu.tw/static/37705.d942f4e7.js,1712,application/javascript,fd6bf29d5fcee128a03e26d9b743135e4a063cae4a07e6afa99e008828a8575c,.js,1,1712.0,True,True,False,0,,0
https://iclass.tku.edu.tw/static/37873-2905b78d.chunk.css,200,raw/iclass.tku.edu.tw/static/37873-2905b78d.chunk.css,6156,text/css,e09fd14fe55db18f66ff87344661fde7289f7712b9e68f04ae83b5c20248707e,.css,1,6156.0,True,False,False,0,,0
https://iclass.tku.edu.tw/static/37873.f1187b3e.js,200,raw/iclass.tku.edu.tw/static/37873.f1187b3e.js,16454,application/javascript,f7439d5146f727c640122b6da2dd3cf13a1a6c6d67998fe6078e56a37bb0a531,.js,1,16454.0,True,True,False,0,,0
https://iclass.tku.edu.tw/static/37879.5d0a7ab6.js,200,raw/iclass.tku.edu.tw/static/37879.5d0a7ab6.js,5240,application/javascript,371d93d0f24db55155827e0bf6e5551e768aafddef3437cfe6f66be2f631bb8d,.js,1,5240.0,True,True,False,0,,0
https://iclass.tku.edu.tw/static/37884-2a47e3e4.css,200,raw/iclass.tku.edu.tw/static/37884-2a47e3e4.css,663446,text/css,8b5353de3ae6eee542d4fc33cb80ad5e36aa1fc429da16e58d05cc7e9c7d64fa,.css,1,663446.0,True,False,False,0,,0
https://iclass.tku.edu.tw/static/37942.e77db94b.js,200,raw/iclass.tku.edu.tw/static/37942.e77db94b.js,162607,application/javascript,4f1d00fd128697638174ac041e1b4807555ff2947ea975500c3fa5a04674cbb5,.js,1,162607.0,True,True,False,0,,0
https://iclass.tku.edu.tw/static/37967-9e58a0c0.chunk.css,200,raw/iclass.tku.edu.tw/static/37967-9e58a0c0.chunk.css,1006,text/css,27ff7bcc9c554642dec0f81a6470eaf2b8bce90906fe89aa1416042caddbf0b5,.css,1,1006.0,True,False,False,0,,0
https://iclass.tku.edu.tw/static/37967.9cc01d62.js,200,raw/iclass.tku.edu.tw/static/37967.9cc01d62.js,3628,application/javascript,f6a1a3df7a7bba96e89278ad3b3122d0fa21e3e44fc17084eec7672e36e201b2,.js,1,3628.0,True,True,False,0,,0
https://iclass.tku.edu.tw/static/38151.d6392c70.js,200,raw/iclass.tku.edu.tw/static/38151.d6392c70.js,25913,application/javascript,60599e1e65845a604e6431efc73fbd9f3471014b5c9e23614aa67025ddadcc8c,.js,1,25913.0,True,True,False,0,,0
https://iclass.tku.edu.tw/static/38189.4905d083.js,200,raw/iclass.tku.edu.tw/static/38189.4905d083.js,904,application/javascript,31db8f5ba8df28ce53aa56ba4e05043f06244db775490d3f87d1f29b03c67c7b,.js,1,904.0,True,True,False,0,,0
https://iclass.tku.edu.tw/static/38329.b5c33dfa.js,200,raw/iclass.tku.edu.tw/static/38329.b5c33dfa.js,57972,application/javascript,b3ded79dacf49d1893bf6ce7b009356e2dcab96a382173e82f0684d6ee368ee4,.js,1,57972.0,True,True,False,0,,0
https://iclass.tku.edu.tw/static/38480-b611bdce.chunk.css,200,raw/iclass.tku.edu.tw/static/38480-b611bdce.chunk.css,109,text/css,c2008d24313ac411304bbe32fba51e3dd4712df5b3fa989eb1df713be19af0ee,.css,1,109.0,True,False,False,0,,0
https://iclass.tku.edu.tw/static/38480.defdcfac.js,200,raw/iclass.tku.edu.tw/static/38480.defdcfac.js,25705,application/javascript,1f7fd6372e6355ea2022b6467ef4886ff240838dd4f560c481294f2ce73454ed,.js,1,25705.0,True,True,False,0,,0
https://iclass.tku.edu.tw/static/38849.f0738bfd.js,200,raw/iclass.tku.edu.tw/static/38849.f0738bfd.js,13733,application/javascript,992969d7899c2d7402edc201297b57ebf9c3942d6df447cc7b4dbbbe0ca18132,.js,1,13733.0,True,True,False,0,,0
https://iclass.tku.edu.tw/static/38941.c87e76c7.js,200,raw/iclass.tku.edu.tw/static/38941.c87e76c7.js,2398,application/javascript,d180fb0bfb677b524246243ef9aa16d0471d76107e226b469fbb52fa4e21e18c,.js,1,2398.0,True,True,False,0,,0
https://iclass.tku.edu.tw/static/39176-82f1062e.js,200,raw/iclass.tku.edu.tw/static/39176-82f1062e.js,195572,application/javascript,93a3a040c61838e986d944bd5ac0981a0413476bbedfbd146cc9760a2cd69aac,.js,1,195572.0,True,True,False,0,,0
https://iclass.tku.edu.tw/static/39370-ff09ccaa.chunk.css,200,raw/iclass.tku.edu.tw/static/39370-ff09ccaa.chunk.css,3882,text/css,2000a1aa068b4bb76baaeda88ec4af55521ba6304fcd6477f262f72eddfd81c3,.css,1,3882.0,True,False,False,0,,0
https://iclass.tku.edu.tw/static/39370.ef589feb.js,200,raw/iclass.tku.edu.tw/static/39370.ef589feb.js,8183,application/javascript,0226f10e1a3f124fc6247f239a3a1f99911ef1aa7191a7b26a5973578cbeb240,.js,1,8183.0,True,True,False,0,,0
https://iclass.tku.edu.tw/static/39538-4ec91da4.chunk.css,200,raw/iclass.tku.edu.tw/static/39538-4ec91da4.chunk.css,18778,text/css,e2ad3063eb7b4db46e3756338109f96214fe6d0e24954c1793bcd3bb282d60c2,.css,1,18778.0,True,False,False,0,,0
https://iclass.tku.edu.tw/static/39538.e12d5a24.js,200,raw/iclass.tku.edu.tw/static/39538.e12d5a24.js,48290,application/javascript,f672bd1f5354e34ee8260ddb4d5cfe223dc6a2cdf55670071c93c33e09c09945,.js,1,48290.0,True,True,False,0,,0
https://iclass.tku.edu.tw/static/39621-e8f829e2.chunk.css,200,raw/iclass.tku.edu.tw/static/39621-e8f829e2.chunk.css,16956,text/css,4c314f71fa989b06bd70178adae8975b300ed7462c7ed7ee2fe8ede6e23c0757,.css,1,16956.0,True,False,False,0,,0
https://iclass.tku.edu.tw/static/39621.74ac9825.js,200,raw/iclass.tku.edu.tw/static/39621.74ac9825.js,36145,application/javascript,68a1dfc5afd678e77aba59fc7fb6b072c2413169b05561470c44566b3ca74ec3,.js,1,36145.0,True,True,False,0,,0
https://iclass.tku.edu.tw/static/3998-37a9d468.chunk.css,200,raw/iclass.tku.edu.tw/static/3998-37a9d468.chunk.css,7209,text/css,0e0e9ff31e6960dba0a2e4c8b16a9a6b3b7bfd66d8ad61e9423b241ea6e9c8db,.css,1,7209.0,True,False,False,0,,0
https://iclass.tku.edu.tw/static/3998.fd6d67c1.js,200,raw/iclass.tku.edu.tw/static/3998.fd6d67c1.js,5731,application/javascript,387d19bec9e450408d9125046791840f3b4fee49ddd6acbf4da40b0c2e3bc166,.js,1,5731.0,True,True,False,0,,0
https://iclass.tku.edu.tw/static/40002.f956d0b8.js,200,raw/iclass.tku.edu.tw/static/40002.f956d0b8.js,42849,application/javascript,b17025a193cb07254d7d8413b9999d4d072421f14b951eff93a4642f802b2469,.js,1,42849.0,True,True,False,0,,0
https://iclass.tku.edu.tw/static/40173.0a285bf5.js,200,raw/iclass.tku.edu.tw/static/40173.0a285bf5.js,29057,application/javascript,ead604b7183a03bf7284581fc78c21b1517735cce97a55ca88252ae28c9aea99,.js,1,29057.0,True,True,False,0,,0
https://iclass.tku.edu.tw/static/40204.c188cd0b.js,200,raw/iclass.tku.edu.tw/static/40204.c188cd0b.js,14263,application/javascript,662df823c15e3dc74f4847aacaba4fbb6ed62577966758182197f3577cf5272e,.js,1,14263.0,True,True,False,0,,0
https://iclass.tku.edu.tw/static/40251-ba8c4104.chunk.css,200,raw/iclass.tku.edu.tw/static/40251-ba8c4104.chunk.css,7752,text/css,b8791e5ab64becf3301c4695b9c3cd983904a97548dd896c8c5a678f1479208c,.css,1,7752.0,True,False,False,0,,0
https://iclass.tku.edu.tw/static/40251.aa7969d3.js,200,raw/iclass.tku.edu.tw/static/40251.aa7969d3.js,70266,application/javascript,5a3fe52011c416490fc71fbd94bcc4dd74959b9340ddec783769877ba44e853a,.js,1,70266.0,True,True,False,0,,0
https://iclass.tku.edu.tw/static/40300.21daea91.js,200,raw/iclass.tku.edu.tw/static/40300.21daea91.js,63471,application/javascript,352c2cc99f5d8a53211b41bc40ce0c030403f82b36ec456660376ee891a7529d,.js,1,63471.0,True,True,False,0,,0
https://iclass.tku.edu.tw/static/40365-62f8dd71.chunk.css,200,raw/iclass.tku.edu.tw/static/40365-62f8dd71.chunk.css,8269,text/css,301e0505ef6d882fca622eb5fc54c870312be90cc40bcd931699f678d45a4043,.css,1,8269.0,True,False,False,0,,0
https://iclass.tku.edu.tw/static/40365.c0d27397.js,200,raw/iclass.tku.edu.tw/static/40365.c0d27397.js,9891,application/javascript,d24b571f6c9534cd67c6ea88371052d2477f5807dd05be035400bb90f504568d,.js,1,9891.0,True,True,False,0,,0
https://iclass.tku.edu.tw/static/40496.cb62b1bd.js,200,raw/iclass.tku.edu.tw/static/40496.cb62b1bd.js,1124,application/javascript,a46fa4546e2540ceb015aa8bbadf343b78ab66bb1b88328bdfa55e94a35fd3e1,.js,1,1124.0,True,True,False,0,,0
https://iclass.tku.edu.tw/static/4064-f4a8af25.chunk.css,200,raw/iclass.tku.edu.tw/static/4064-f4a8af25.chunk.css,3573,text/css,d8df310f70b836a7ad2e63494a07a989702cefc3d2a5c2f40b307551bb88e1c1,.css,1,3573.0,True,False,False,0,,0
https://iclass.tku.edu.tw/static/4064.23477b84.js,200,raw/iclass.tku.edu.tw/static/4064.23477b84.js,15573,application/javascript,0a3ed7774bf3609c50e007665e5c437db467746a5628efa5d943d948e06875d4,.js,1,15573.0,True,True,False,0,,0
https://iclass.tku.edu.tw/static/40661-c706bf0b.js,200,raw/iclass.tku.edu.tw/static/40661-c706bf0b.js,89927,application/javascript,4ceadc27a2809e370e89ca1a612fe66ad9ab8eb704b526ea15e5e0bd656998cf,.js,1,89927.0,True,True,False,0,,0
https://iclass.tku.edu.tw/static/40822-c76e4083.chunk.css,200,raw/iclass.tku.edu.tw/static/40822-c76e4083.chunk.css,66,text/css,b4f511aee4c95e1d33c5c02f4add4bd0da80b4fe11f26184ee21988e5f019a43,.css,1,66.0,True,False,False,0,,0
https://iclass.tku.edu.tw/static/40822.6f1ce6bc.js,200,raw/iclass.tku.edu.tw/static/40822.6f1ce6bc.js,46944,application/javascript,57f6032c9b81185f9dad8b3a5adace0d5d11f23858c6010403560625e3094879,.js,1,46944.0,True,True,False,0,,0
https://iclass.tku.edu.tw/static/40827-49d40f79.chunk.css,200,raw/iclass.tku.edu.tw/static/40827-49d40f79.chunk.css,4386,text/css,115d767f315ab0ff40c11f6bcc2a1958b23df2aa381f7163e245eb94ee9101e8,.css,1,4386.0,True,False,False,0,,0
https://iclass.tku.edu.tw/static/40827.adb082b0.js,200,raw/iclass.tku.edu.tw/static/40827.adb082b0.js,27032,application/javascript,5082770e01a3975d286e193408ecb73f7ced896793aa6d848b6d755322674a4e,.js,1,27032.0,True,True,False,0,,0
https://iclass.tku.edu.tw/static/41567.34eed4ea.js,200,raw/iclass.tku.edu.tw/static/41567.34eed4ea.js,39449,application/javascript,409de099f02b549ab03e97b7c0d6511b4b0f043b8e77db685f5038fcb0c18efa,.js,1,39449.0,True,True,False,0,,0
https://iclass.tku.edu.tw/static/41568-e639f9bd.chunk.css,200,raw/iclass.tku.edu.tw/static/41568-e639f9bd.chunk.css,10922,text/css,49e09cd1f332911025437af8457196c17c75d5cc42dbf9c459ff72f4dcbcadae,.css,1,10922.0,True,False,False,0,,0
https://iclass.tku.edu.tw/static/41568.e7858592.js,200,raw/iclass.tku.edu.tw/static/41568.e7858592.js,46560,application/javascript,c5c42c3b65e348cd1ad32ab576052fcc17665e7f88cd722ba7f8fa9f9a45bbe9,.js,1,46560.0,True,True,False,0,,0
https://iclass.tku.edu.tw/static/41594.1a10db7f.js,200,raw/iclass.tku.edu.tw/static/41594.1a10db7f.js,23695,application/javascript,299348d6455c7349226bd247999b989a45dd5e94927cd32047c45e81352e814a,.js,1,23695.0,True,True,False,0,,0
https://iclass.tku.edu.tw/static/4162.94ef477d.js,200,raw/iclass.tku.edu.tw/static/4162.94ef477d.js,127382,application/javascript,b7c8ecf220560e2ce76047d8f075e109c215f206b49ceead31848fde751d0ecf,.js,1,127382.0,True,True,False,0,,0
https://iclass.tku.edu.tw/static/41962.10e90e4c.js,200,raw/iclass.tku.edu.tw/static/41962.10e90e4c.js,24735,application/javascript,395fbbba57121af7b9e9e2f9c39877ceff3fdcdaa13eca7a4d8c6b39714bf217,.js,1,24735.0,True,True,False,0,,0
https://iclass.tku.edu.tw/static/42041.c3faf34c.js,200,raw/iclass.tku.edu.tw/static/42041.c3faf34c.js,19811,application/javascript,288e61e4c993b65f061bfab45f4aef272f42947f558966e8a6e41371a753ea5c,.js,1,19811.0,True,True,False,0,,0
https://iclass.tku.edu.tw/static/42088.8de37de0.js,200,raw/iclass.tku.edu.tw/static/42088.8de37de0.js,2093,application/javascript,b34efd924d9162b6bf67b937d2de060dab308d7bfb25d95e0d498ec0fef2db31,.js,1,2093.0,True,True,False,0,,0
https://iclass.tku.edu.tw/static/4216.4d23f2ad.js,200,raw/iclass.tku.edu.tw/static/4216.4d23f2ad.js,21677,application/javascript,c2583557d755aef4c2996c93450a23c6669c60c4eb737216f1c1e8df252d5e33,.js,1,21677.0,True,True,False,0,,0
https://iclass.tku.edu.tw/static/42227.9531c22f.js,200,raw/iclass.tku.edu.tw/static/42227.9531c22f.js,75272,application/javascript,a12bfcc768b5877ab98bc46679508d47579b7c14966c0c2eb7b56c9766e93717,.js,1,75272.0,True,True,False,0,,0
https://iclass.tku.edu.tw/static/42431.4a39f309.js,200,raw/iclass.tku.edu.tw/static/42431.4a39f309.js,173,application/javascript,dc0873a69600dd5f3a26ded0a6dee13a93e5cd25fb05d41b24ffe0312580efb5,.js,1,173.0,True,True,False,0,,0
https://iclass.tku.edu.tw/static/42535.1c3df5f8.js,200,raw/iclass.tku.edu.tw/static/42535.1c3df5f8.js,16209,application/javascript,a23c8de05a09d57c37cfd68850a81130b1a155752924d45b6a020eb57d8ce34a,.js,1,16209.0,True,True,False,0,,0
https://iclass.tku.edu.tw/static/42585-26de1557.chunk.css,200,raw/iclass.tku.edu.tw/static/42585-26de1557.chunk.css,20613,text/css,182e4880ddb6f041ba01cf960b15f2e1c1b0e482ec7acf900d05c1a8fe813c7b,.css,1,20613.0,True,False,False,0,,0
https://iclass.tku.edu.tw/static/42585.6adea1ab.js,200,raw/iclass.tku.edu.tw/static/42585.6adea1ab.js,110606,application/javascript,a458205289808fd9982f8249f7b7ae88c3cf400372d899c674c6c4f55af0bb28,.js,1,110606.0,True,True,False,0,,0
https://iclass.tku.edu.tw/static/42714-7b76587c.chunk.css,200,raw/iclass.tku.edu.tw/static/42714-7b76587c.chunk.css,9548,text/css,c1c127123025a688ece81598255c1857037d9a00858c9b25628d1d33cc9bbd68,.css,1,9548.0,True,False,False,0,,0
https://iclass.tku.edu.tw/static/42714.7b4e697d.js,200,raw/iclass.tku.edu.tw/static/42714.7b4e697d.js,33650,application/javascript,78ace0fd80a5b980449967f7deab55d3364c78d24bc435bb177738f6f114971e,.js,1,33650.0,True,True,False,0,,0
https://iclass.tku.edu.tw/static/42748.fd2e7477.js,200,raw/iclass.tku.edu.tw/static/42748.fd2e7477.js,1916,application/javascript,91ecc3b326fc284e1ea7b7f8408d4fdff293c2777719134a8f4e369cfadc5d08,.js,1,1916.0,True,True,False,0,,0
https://iclass.tku.edu.tw/static/42753.47feb217.js,200,raw/iclass.tku.edu.tw/static/42753.47feb217.js,304677,application/javascript,da51fb78ade6b7f006ee93b64246e33cd5c400f6e0709cde6e85edd93a48ca42,.js,1,304677.0,True,True,False,0,,0
https://iclass.tku.edu.tw/static/42789-f3817b0b.js,200,raw/iclass.tku.edu.tw/static/42789-f3817b0b.js,153810,application/javascript,1fa9e404642d58dd7e41a6a03a4dc6dae1d166a030d32b962becf8119ac20796,.js,1,153810.0,True,True,False,0,,0
https://iclass.tku.edu.tw/static/42858.70ea2f3a.js,200,raw/iclass.tku.edu.tw/static/42858.70ea2f3a.js,64196,application/javascript,39edd2e583a6c4c4aacf93c26ef77f54a0a72a9ded90f6cd4c115f8faf641f7f,.js,1,64196.0,True,True,False,0,,0
https://iclass.tku.edu.tw/static/42929-b8174e31.chunk.css,200,raw/iclass.tku.edu.tw/static/42929-b8174e31.chunk.css,2125,text/css,62a2172f1a7685615467bc6566bef0ac06996a38f7b4c1ac66acab21f933e460,.css,1,2125.0,True,False,False,0,,0
https://iclass.tku.edu.tw/static/42929.d8d41bb3.js,200,raw/iclass.tku.edu.tw/static/42929.d8d41bb3.js,12166,application/javascript,e9cfd521ebe1c40189af6e44915bcaf8605697dfe2d205fca86f0e5353293955,.js,1,12166.0,True,True,False,0,,0
https://iclass.tku.edu.tw/static/42962-a2c070d7.js,200,raw/iclass.tku.edu.tw/static/42962-a2c070d7.js,23812,application/javascript,f5e0555022a05d25844550200257c21bf9df7ec7b4ba5b2348ba1fa73c1f3dea,.js,1,23812.0,True,True,False,0,,0
https://iclass.tku.edu.tw/static/43087.29e56a91.js,200,raw/iclass.tku.edu.tw/static/43087.29e56a91.js,501,application/javascript,9cbd7f6bf4435ebaae4f0a1b8a330e77132da6cdf8b2a03da30791fdaabadb82,.js,1,501.0,True,True,False,0,,0
https://iclass.tku.edu.tw/static/43107.3fe4db7f.js,200,raw/iclass.tku.edu.tw/static/43107.3fe4db7f.js,1872,application/javascript,76116f8cc3bbe10fa0296a709a46020b498aacc7c84c2b40eba1cc85a50e6a98,.js,1,1872.0,True,True,False,0,,0
https://iclass.tku.edu.tw/static/43161.4bd4e9a7.js,200,raw/iclass.tku.edu.tw/static/43161.4bd4e9a7.js,78798,application/javascript,f253a0f3aab780c47976b85a4b4b9dfeed3b0927391c5aa2d4bfead3fcb05d32,.js,1,78798.0,True,True,False,0,,0
https://iclass.tku.edu.tw/static/432-55bea773.js,200,raw/iclass.tku.edu.tw/static/432-55bea773.js,70293,application/javascript,7cf18ab11b1845577ab76723c52b0b668fb172c6061ca0729631f755a2139dc6,.js,1,70293.0,True,True,False,0,,0
https://iclass.tku.edu.tw/static/43474-976cb470.chunk.css,200,raw/iclass.tku.edu.tw/static/43474-976cb470.chunk.css,7384,text/css,a21f33e65e8dfbda05d19742ffc107d00dd4e54f62fb7c0809ee46e604dac11f,.css,1,7384.0,True,False,False,0,,0
https://iclass.tku.edu.tw/static/43474.eaf27b65.js,200,raw/iclass.tku.edu.tw/static/43474.eaf27b65.js,5255,application/javascript,638fdfc7da5b748e5cf83c82c0925b7f17ac9aea0b3395bcbddb0ef4eab914bc,.js,1,5255.0,True,True,False,0,,0
https://iclass.tku.edu.tw/static/43812-e1337cd5.js,200,raw/iclass.tku.edu.tw/static/43812-e1337cd5.js,90146,application/javascript,5eeb99e40f65299af68bb0b91b8a114efbb0c9360d8e6965a3564388fe8f9a77,.js,1,90146.0,True,True,False,0,,0
https://iclass.tku.edu.tw/static/43823-bfba4179.js,200,raw/iclass.tku.edu.tw/static/43823-bfba4179.js,21126,application/javascript,3fd7029f6c8524d437d5ec9e8ff990fb78c451f712cd465bd129e7f9784027ff,.js,1,21126.0,True,True,False,0,,0
https://iclass.tku.edu.tw/static/4396.5f753c9d.js,200,raw/iclass.tku.edu.tw/static/4396.5f753c9d.js,21723,application/javascript,8b93c8bc54b07f44a58762586ba46c367c2755327cdd9751717ed61ae533a642,.js,1,21723.0,True,True,False,0,,0
https://iclass.tku.edu.tw/static/4408.799f2f84.js,200,raw/iclass.tku.edu.tw/static/4408.799f2f84.js,1067,application/javascript,3581fa5ac1f6fa33d212936a17a89f7e7af1508d04f2fc04b5ea997bc84befda,.js,1,1067.0,True,True,False,0,,0
https://iclass.tku.edu.tw/static/44093-6007d9dd.chunk.css,200,raw/iclass.tku.edu.tw/static/44093-6007d9dd.chunk.css,19478,text/css,9942077739abc2bd6a3774d10892ac8c1bf428591339b85c3704181e665e9ed6,.css,1,19478.0,True,False,False,0,,0
https://iclass.tku.edu.tw/static/44093.0493c04d.js,200,raw/iclass.tku.edu.tw/static/44093.0493c04d.js,30586,application/javascript,6acf0eb0d7a5269110be844766dc6e402ecf60ab37f327bb666f2a558ab9adab,.js,1,30586.0,True,True,False,0,,0
https://iclass.tku.edu.tw/static/4413-b3416b81.chunk.css,200,raw/iclass.tku.edu.tw/static/4413-b3416b81.chunk.css,10492,text/css,c051f2a93282186efbcf4b5579c4dcfa1a6e8908ee55eb6f52db4ed33c6f0de6,.css,1,10492.0,True,False,False,0,,0
https://iclass.tku.edu.tw/static/4413.48fd5df4.js,200,raw/iclass.tku.edu.tw/static/4413.48fd5df4.js,27368,application/javascript,325203e78c58355d7cb151cbc334da8b21bcd90a6927b1a4eafad4271276da33,.js,1,27368.0,True,True,False,0,,0
https://iclass.tku.edu.tw/static/44184-695366db.chunk.css,200,raw/iclass.tku.edu.tw/static/44184-695366db.chunk.css,4382,text/css,22c7831fb11a56ab7df47b81d3582a850e38a29e5da23c5b7a57f75e2b9d3bec,.css,1,4382.0,True,False,False,0,,0
https://iclass.tku.edu.tw/static/44184.dca4024a.js,200,raw/iclass.tku.edu.tw/static/44184.dca4024a.js,10098,application/javascript,89b6714337b77dddebb7b9ebbfd4532a4afff6707307a91751ff685748743c71,.js,1,10098.0,True,True,False,0,,0
https://iclass.tku.edu.tw/static/44296.a19be59d.js,200,raw/iclass.tku.edu.tw/static/44296.a19be59d.js,1851,application/javascript,05c242a93622023fc651d49d177af0d5d0a8dbb4c7a5a20502795dcf0308dc37,.js,1,1851.0,True,True,False,0,,0
https://iclass.tku.edu.tw/static/44346-e0cc4445.chunk.css,200,raw/iclass.tku.edu.tw/static/44346-e0cc4445.chunk.css,40781,text/css,b8598867798bf6c8c65215e91b5ba673823db810389b88e917c974e5f7202cd4,.css,1,40781.0,True,False,False,0,,0
https://iclass.tku.edu.tw/static/44346.49fc4248.js,200,raw/iclass.tku.edu.tw/static/44346.49fc4248.js,198862,application/javascript,4fc20558306d2d6d7ad40916483f186f828654a4ec163d4f3f272effbbfa5132,.js,1,198862.0,True,True,False,0,,0
https://iclass.tku.edu.tw/static/44388.62ba1a0b.js,200,raw/iclass.tku.edu.tw/static/44388.62ba1a0b.js,11316,application/javascript,51de80c078d7e5a42bad515224398e5845f155024be4c7742817d71392caf890,.js,1,11316.0,True,True,False,0,,0
https://iclass.tku.edu.tw/static/44404-25a60c5d.chunk.css,200,raw/iclass.tku.edu.tw/static/44404-25a60c5d.chunk.css,7368,text/css,2d2269fa38930de03b69691a32388aebf131f17d46f33d29cf221fcdef86924d,.css,1,7368.0,True,False,False,0,,0
https://iclass.tku.edu.tw/static/44404.b4467c25.js,200,raw/iclass.tku.edu.tw/static/44404.b4467c25.js,35344,application/javascript,4297fcf2afbb7e5d9c234c4752415191654473c8236e417b8e9d879937589ede,.js,1,35344.0,True,True,False,0,,0
https://iclass.tku.edu.tw/static/44437.a7791db6.js,200,raw/iclass.tku.edu.tw/static/44437.a7791db6.js,19668,application/javascript,f791d73b1866f60baf028c5b0ef1f87477dfbaa6bf6e6154e32138e3eb80d6f6,.js,1,19668.0,True,True,False,0,,0
https://iclass.tku.edu.tw/static/44443-2e0d4f74.chunk.css,200,raw/iclass.tku.edu.tw/static/44443-2e0d4f74.chunk.css,261,text/css,ca90c90f87d598c3383a4f409526a6ea53732487bbd68885697160ff74da0683,.css,1,261.0,True,False,False,0,,0
https://iclass.tku.edu.tw/static/44443.e6f5eb69.js,200,raw/iclass.tku.edu.tw/static/44443.e6f5eb69.js,510,application/javascript,bb3d1f43b6472f280976b198bcd55f2229f52d28bdb01f2290c5f4efc01b3fb2,.js,1,510.0,True,True,False,0,,0
https://iclass.tku.edu.tw/static/44449-627731f2.chunk.css,200,raw/iclass.tku.edu.tw/static/44449-627731f2.chunk.css,51,text/css,070d38dbc60fe4e57fecddab227760c25d4638c7a2b11ed815fee57a2d76efee,.css,1,51.0,True,False,False,0,,0
https://iclass.tku.edu.tw/static/44449.71f5c8bd.js,200,raw/iclass.tku.edu.tw/static/44449.71f5c8bd.js,2318,application/javascript,0e88aab4643ba553d989577acde53123236051ad506d0ace763fbad74da20a6d,.js,1,2318.0,True,True,False,0,,0
https://iclass.tku.edu.tw/static/44617.0bd4d631.js,200,raw/iclass.tku.edu.tw/static/44617.0bd4d631.js,1746,application/javascript,aad9667d04e3f4a8120a3d577b3adc56f7a9857126f26a0100f27ad3e942af05,.js,1,1746.0,True,True,False,0,,0
https://iclass.tku.edu.tw/static/44703.39c3b675.js,200,raw/iclass.tku.edu.tw/static/44703.39c3b675.js,62950,application/javascript,8b2d447a70940f326345c985f3aac875c3921e9188224bb5112b6f0403e24fc4,.js,1,62950.0,True,True,False,0,,0
https://iclass.tku.edu.tw/static/4485.bc892e89.js,200,raw/iclass.tku.edu.tw/static/4485.bc892e89.js,53644,application/javascript,4a196352ba8f515b2b475fc55e207e961a34fe5de0be13460f76b6757029ce6f,.js,1,53644.0,True,True,False,0,,0
https://iclass.tku.edu.tw/static/44893.980c030a.js,200,raw/iclass.tku.edu.tw/static/44893.980c030a.js,58573,application/javascript,62fef84f620766d030285af1f90896c9f1925c256f63142848cd814a0778c695,.js,1,58573.0,True,True,False,0,,0
https://iclass.tku.edu.tw/static/4495.92a6bcab.js,200,raw/iclass.tku.edu.tw/static/4495.92a6bcab.js,11098,application/javascript,1561069e23c1cbdbf519365e4898b119a8c583dfff4bb5551f620de69f5a4df2,.js,1,11098.0,True,True,False,0,,0
https://iclass.tku.edu.tw/static/44961-3262ec85.js,200,raw/iclass.tku.edu.tw/static/44961-3262ec85.js,77817,application/javascript,56813430a8dd180621a45a992b5bb122ba6bb66085abf2ffd1cdd00248470902,.js,1,77817.0,True,True,False,0,,0
https://iclass.tku.edu.tw/static/44975-c76e4083.chunk.css,200,raw/iclass.tku.edu.tw/static/44975-c76e4083.chunk.css,66,text/css,b4f511aee4c95e1d33c5c02f4add4bd0da80b4fe11f26184ee21988e5f019a43,.css,1,66.0,True,False,False,0,,0
https://iclass.tku.edu.tw/static/44975.db8b7330.js,200,raw/iclass.tku.edu.tw/static/44975.db8b7330.js,45409,application/javascript,ffc1ea30da733fc27e190fd7c42d05f23d1f7152ef1329d8d140036a3213ed5f,.js,1,45409.0,True,True,False,0,,0
https://iclass.tku.edu.tw/static/45109-b9de6e0e.chunk.css,200,raw/iclass.tku.edu.tw/static/45109-b9de6e0e.chunk.css,5742,text/css,7108c03e3e52c9e7877c313c5a79889aaf682439f64f8c56eb200f8d17e08bd7,.css,1,5742.0,True,False,False,0,,0
https://iclass.tku.edu.tw/static/45109.5f739864.js,200,raw/iclass.tku.edu.tw/static/45109.5f739864.js,7714,application/javascript,1ec79403dc30bbac0c4122c3dcebc4de25d854f47c3d919d1be8c8f516269b16,.js,1,7714.0,True,True,False,0,,0
https://iclass.tku.edu.tw/static/45286-95a81a23.js,200,raw/iclass.tku.edu.tw/static/45286-95a81a23.js,170977,application/javascript,36b89c85a3031c283a910b0754d5ad8f07a468d105b1190aee86801fecb78548,.js,1,170977.0,True,True,False,0,,0
https://iclass.tku.edu.tw/static/45567-894f4440.chunk.css,200,raw/iclass.tku.edu.tw/static/45567-894f4440.chunk.css,25285,text/css,66bdc7d6185779545b5e229b37662144ece4734bc22a035fc65e8650f5f4ddba,.css,1,25285.0,True,False,False,0,,0
https://iclass.tku.edu.tw/static/45567.7b39eaa5.js,200,raw/iclass.tku.edu.tw/static/45567.7b39eaa5.js,37193,application/javascript,e6759b4f38f5416092ad1686318a945ca855387bce4eae7a8553fef803717cdb,.js,1,37193.0,True,True,False,0,,0
https://iclass.tku.edu.tw/static/45605.d7e10a35.js,200,raw/iclass.tku.edu.tw/static/45605.d7e10a35.js,77314,application/javascript,092fd0a07679d063ab6ceef37b52603781ef25604a1640307749a8221d89ad55,.js,1,77314.0,True,True,False,0,,0
https://iclass.tku.edu.tw/static/45683.ce64f0f8.js,200,raw/iclass.tku.edu.tw/static/45683.ce64f0f8.js,63733,application/javascript,b5d0c3073332c32da1a8536345c404b10857b8b970383091fb17a69c57b3c237,.js,1,63733.0,True,True,False,0,,0
https://iclass.tku.edu.tw/static/45699-eddae570.chunk.css,200,raw/iclass.tku.edu.tw/static/45699-eddae570.chunk.css,4000,text/css,53fd7c9da84c5ed422d9f065ea389e58fe466a2998e6d61d126f8dde2609b9ed,.css,1,4000.0,True,False,False,0,,0
https://iclass.tku.edu.tw/static/45699.0e1f997c.js,200,raw/iclass.tku.edu.tw/static/45699.0e1f997c.js,12963,application/javascript,73908b8b7669a6e46cf08b4f116d707ef2028d5814bf857e515b81781fd17d9d,.js,1,12963.0,True,True,False,0,,0
https://iclass.tku.edu.tw/static/46056-f975a1b2.js,200,raw/iclass.tku.edu.tw/static/46056-f975a1b2.js,26956,application/javascript,953fdf4a6bffa4fbfdd41d109afadffc108fd9785d96f29884267b27878ea8df,.js,1,26956.0,True,True,False,0,,0
https://iclass.tku.edu.tw/static/46745-fc83bb20.chunk.css,200,raw/iclass.tku.edu.tw/static/46745-fc83bb20.chunk.css,20442,text/css,488c8538b250911e2e1a5630213a82135fe09b0b674f8955ee3dee06df8834b4,.css,1,20442.0,True,False,False,0,,0
https://iclass.tku.edu.tw/static/46745.7e1df7ef.js,200,raw/iclass.tku.edu.tw/static/46745.7e1df7ef.js,43273,application/javascript,863c4087440e6568240cd1da65a038c7ecb357b26e849c8e50a189522d15edf5,.js,1,43273.0,True,True,False,0,,0
https://iclass.tku.edu.tw/static/46780-7b98e7c2.chunk.css,200,raw/iclass.tku.edu.tw/static/46780-7b98e7c2.chunk.css,4178,text/css,ed792b8e9523394a037cc51256bcb6ee670837ec8ff5952f64a7bb6b88aa623f,.css,1,4178.0,True,False,False,0,,0
https://iclass.tku.edu.tw/static/46780.0afa78f3.js,200,raw/iclass.tku.edu.tw/static/46780.0afa78f3.js,12910,application/javascript,4420c86146464789b16952d64a38cfeb51dec9af5ebd7d2d8824dac2b4f05fb6,.js,1,12910.0,True,True,False,0,,0
https://iclass.tku.edu.tw/static/46865.870c4965.js,200,raw/iclass.tku.edu.tw/static/46865.870c4965.js,52900,application/javascript,7473dabc800d698bcd7dc241a1ea3738801ba05219dba53ab7ea25b2ff992b73,.js,1,52900.0,True,True,False,0,,0
https://iclass.tku.edu.tw/static/4706.a4501a25.js,200,raw/iclass.tku.edu.tw/static/4706.a4501a25.js,43348,application/javascript,bcdc8f8a8edf80b9740f73311defd379e62163629b3aebfae2f189e06d9188fe,.js,1,43348.0,True,True,False,0,,0
https://iclass.tku.edu.tw/static/47219.985432f4.js,200,raw/iclass.tku.edu.tw/static/47219.985432f4.js,23699,application/javascript,38bdcfe47019b48f0d666a8f7d3f306fe671a5eff3759532b36807fb8e802315,.js,1,23699.0,True,True,False,0,,0
https://iclass.tku.edu.tw/static/47303-8514fba9.chunk.css,200,raw/iclass.tku.edu.tw/static/47303-8514fba9.chunk.css,10550,text/css,9ce9c33280957c656e7de01d2563ab29fbe4e9ceb38b07b80a188dbb66a19d94,.css,1,10550.0,True,False,False,0,,0
https://iclass.tku.edu.tw/static/4742-61f31323.chunk.css,200,raw/iclass.tku.edu.tw/static/4742-61f31323.chunk.css,966,text/css,2b710779c2120f08719a2ad0333edf151bd52b3e60ee111eee53386a903dd6ec,.css,1,966.0,True,False,False,0,,0
https://iclass.tku.edu.tw/static/4742.b8a8d253.js,200,raw/iclass.tku.edu.tw/static/4742.b8a8d253.js,7165,application/javascript,f1c06bfa5f869311a3a379fd80b6baa36b709ec6985df2dc4be5777afa0208e3,.js,1,7165.0,True,True,False,0,,0
https://iclass.tku.edu.tw/static/47485-34a61aef.js,200,raw/iclass.tku.edu.tw/static/47485-34a61aef.js,52439,application/javascript,c41ea06b993206aa4d08c82ffa4a09abd9d6cbccf2ace4911aada70ba9fee39d,.js,1,52439.0,True,True,False,0,,0
https://iclass.tku.edu.tw/static/47578-3880a424.chunk.css,200,raw/iclass.tku.edu.tw/static/47578-3880a424.chunk.css,26775,text/css,504d8be85e13cbc94ec491dbd06c9c16bc3befa9dd811b625c5e3d85a2d5e811,.css,1,26775.0,True,False,False,0,,0
https://iclass.tku.edu.tw/static/47578.6f793523.js,200,raw/iclass.tku.edu.tw/static/47578.6f793523.js,91,application/javascript,eef8a0c8f4b3ef779992b01f83e78c61b851acd05942335eb7afcc43bb28bd0c,.js,1,91.0,True,True,False,0,,0
https://iclass.tku.edu.tw/static/47582-21ad14e3.js,200,raw/iclass.tku.edu.tw/static/47582-21ad14e3.js,53447,application/javascript,3bf302d0845b5b964c3fe457a1e917191ba95f11b88827a7064dac09cd4f70ab,.js,1,53447.0,True,True,False,0,,0
https://iclass.tku.edu.tw/static/47611.f7ebbf78.js,200,raw/iclass.tku.edu.tw/static/47611.f7ebbf78.js,134637,application/javascript,fd08b197565dee379857a96dfcf91f3efe1886a16fc002969c6adffd38e3ebbd,.js,1,134637.0,True,True,False,0,,0
https://iclass.tku.edu.tw/static/47678.6fd39676.js,200,raw/iclass.tku.edu.tw/static/47678.6fd39676.js,173,application/javascript,3ba8cf3f22375fac0a78e7520c7bacae328dfe106937467fc904a1e296374dd8,.js,1,173.0,True,True,False,0,,0
https://iclass.tku.edu.tw/static/47695-948c96b0.chunk.css,200,raw/iclass.tku.edu.tw/static/47695-948c96b0.chunk.css,7060,text/css,3a1ff542576df68c3900fce63fca70ec58cb229439575fc48c0b069e2400483b,.css,1,7060.0,True,False,False,0,,0
https://iclass.tku.edu.tw/static/47695.1d992af3.js,200,raw/iclass.tku.edu.tw/static/47695.1d992af3.js,23062,application/javascript,7807663922b044d6de35bc4ea885233546ba1e050a3eff52b58923330ee72cf6,.js,1,23062.0,True,True,False,0,,0
https://iclass.tku.edu.tw/static/47959-8670e637.js,200,raw/iclass.tku.edu.tw/static/47959-8670e637.js,95033,application/javascript,8f362776f86a7ea28f10e434c4213cd399e2ef1410fa365326133f872dabb043,.js,1,95033.0,True,True,False,0,,0
https://iclass.tku.edu.tw/static/48423-963338af.chunk.css,200,raw/iclass.tku.edu.tw/static/48423-963338af.chunk.css,338,text/css,f2ab5d64bf0eabfe8fdca2ce1a258ed234ea17e223144890e26974c25e1f90af,.css,1,338.0,True,False,False,0,,0
https://iclass.tku.edu.tw/static/48423.d255ae31.js,200,raw/iclass.tku.edu.tw/static/48423.d255ae31.js,2082,application/javascript,601c2d7c0f62b65a17f9cc423f509eb7656ad1f984c794dc4405a8cf09c996ae,.js,1,2082.0,True,True,False,0,,0
https://iclass.tku.edu.tw/static/48444-931748e3.js,200,raw/iclass.tku.edu.tw/static/48444-931748e3.js,23637,application/javascript,df6297937b0c908e06d447b872388838d0e791605c54e5a756786714b6ddefa7,.js,1,23637.0,True,True,False,0,,0
https://iclass.tku.edu.tw/static/48446-82e08a76.chunk.css,200,raw/iclass.tku.edu.tw/static/48446-82e08a76.chunk.css,9184,text/css,3fc9e2980790217bbb72c5b7dbe20cf9ace03f81e6b4910a76035ad8a1d958db,.css,1,9184.0,True,False,False,0,,0
https://iclass.tku.edu.tw/static/48446.adcff68e.js,200,raw/iclass.tku.edu.tw/static/48446.adcff68e.js,32525,application/javascript,a9423931d9210ecb23f7fc14e5c261b0b7fd98c5261572e3aae14282a5d348fe,.js,1,32525.0,True,True,False,0,,0
https://iclass.tku.edu.tw/static/48458.79f85e9e.js,200,raw/iclass.tku.edu.tw/static/48458.79f85e9e.js,84814,application/javascript,a1705365fc42f5c6221afbc87f69ea30be04c7ddbc372e6f11e8300b3d6fc7b2,.js,1,84814.0,True,True,False,0,,0
https://iclass.tku.edu.tw/static/48471.89184ab3.js,200,raw/iclass.tku.edu.tw/static/48471.89184ab3.js,10082,application/javascript,9d3408a6fa8f152e3f03fa050210919651f3baeb6d0092b848c6b0c270eb7c9f,.js,1,10082.0,True,True,False,0,,0
https://iclass.tku.edu.tw/static/48597.fe53365b.js,200,raw/iclass.tku.edu.tw/static/48597.fe53365b.js,2905,application/javascript,95227a8086e6b2feceb33b0e6baa298e9b58b7d92288b7d6e74e67e1fdc74de6,.js,1,2905.0,True,True,False,0,,0
https://iclass.tku.edu.tw/static/48938-ac64b718.js,200,raw/iclass.tku.edu.tw/static/48938-ac64b718.js,48584,application/javascript,c474f6fb9f76894a8a0a861aa4498bb114e09935928c2ead7d0cb725ecefdc72,.js,1,48584.0,True,True,False,0,,0
https://iclass.tku.edu.tw/static/48941.0b4428ed.js,200,raw/iclass.tku.edu.tw/static/48941.0b4428ed.js,19142,application/javascript,72406a1ed0dc9a120556c4ce9ee9681428d631bb169a6448ed320b326714d903,.js,1,19142.0,True,True,False,0,,0
https://iclass.tku.edu.tw/static/48987.b8a8e04f.js,200,raw/iclass.tku.edu.tw/static/48987.b8a8e04f.js,23818,application/javascript,cf82261948f76d5e5097e5c527d4483a530893d44e595413c853f57876c2ba24,.js,1,23818.0,True,True,False,0,,0
https://iclass.tku.edu.tw/static/4899-f746e58c.chunk.css,200,raw/iclass.tku.edu.tw/static/4899-f746e58c.chunk.css,9429,text/css,b93b74c417e7d8dedc1eae7a851684dc2e1f43bbfd1d1dece8a38d34972871c9,.css,1,9429.0,True,False,False,0,,0
https://iclass.tku.edu.tw/static/4899.ac95a13b.js,200,raw/iclass.tku.edu.tw/static/4899.ac95a13b.js,20344,application/javascript,dcb4c05577958d7ea5af5be98fe760ecde4e65f6c1d29a7f9f6ffa1cbf3c679c,.js,1,20344.0,True,True,False,0,,0
https://iclass.tku.edu.tw/static/49009.a1deb8c2.js,200,raw/iclass.tku.edu.tw/static/49009.a1deb8c2.js,26520,application/javascript,8b010e3097c4d69c17b68eafad6babbed80cf6ba3648e39a880ab8bea6a90864,.js,1,26520.0,True,True,False,0,,0
https://iclass.tku.edu.tw/static/4909.e8262a56.js,200,raw/iclass.tku.edu.tw/static/4909.e8262a56.js,521,application/javascript,863b92b9365148982566251ac2bc2529b8b0081cd8e5ecd5729404167343d1bb,.js,1,521.0,True,True,False,0,,0
https://iclass.tku.edu.tw/static/49111.059def0d.js,200,raw/iclass.tku.edu.tw/static/49111.059def0d.js,2876,application/javascript,723e857ea4166d0fe6bf7fc88f0a9c61d4aa83a8dbb5b037c5e85c71231cf12c,.js,1,2876.0,True,True,False,0,,0
https://iclass.tku.edu.tw/static/49116-0857b3d5.chunk.css,200,raw/iclass.tku.edu.tw/static/49116-0857b3d5.chunk.css,9184,text/css,9d4be8d5afa5d276950840bc9376430a86df3c4a9d0b55770612456f58ec19c8,.css,1,9184.0,True,False,False,0,,0
https://iclass.tku.edu.tw/static/49116.4e33c3c8.js,200,raw/iclass.tku.edu.tw/static/49116.4e33c3c8.js,23464,application/javascript,64ac8b98e9fd44559b3b74d688259d7e321748e8ca38022caf2494ef2887a9be,.js,1,23464.0,True,True,False,0,,0
https://iclass.tku.edu.tw/static/49123-8cda630f.js,200,raw/iclass.tku.edu.tw/static/49123-8cda630f.js,62591,application/javascript,cc1d23f8117c5940eafcf729f783ea4d19e57d391938fefd66297cbc10dc4164,.js,1,62591.0,True,True,False,0,,0
https://iclass.tku.edu.tw/static/49134-3837f4ce.chunk.css,200,raw/iclass.tku.edu.tw/static/49134-3837f4ce.chunk.css,986,text/css,d1882b5b413229007b0f7169f215476cb595641160e5fd34330a3a96d8782f44,.css,1,986.0,True,False,False,0,,0
https://iclass.tku.edu.tw/static/49134.96862b43.js,200,raw/iclass.tku.edu.tw/static/49134.96862b43.js,1701,application/javascript,3ed1757b08dd2b48c8e91598d7730d53cf7b61269aff8053f085fa13f86ecee1,.js,1,1701.0,True,True,False,0,,0
https://iclass.tku.edu.tw/static/49294-fc45138a.chunk.css,200,raw/iclass.tku.edu.tw/static/49294-fc45138a.chunk.css,83771,text/css,89cd73f2754a7aa128da17d9bd599d27e710555fbd3fdba0e39571b19c318237,.css,1,83771.0,True,False,False,0,,0
https://iclass.tku.edu.tw/static/49294.ac62934d.js,200,raw/iclass.tku.edu.tw/static/49294.ac62934d.js,293169,application/javascript,46f5e2b2b6f758b46a2a5deb7ca6b5b14db2fd93d293325f19ea8d39f2aa99e9,.js,1,293169.0,True,True,False,0,,0
https://iclass.tku.edu.tw/static/4942-43c6a074.js,200,raw/iclass.tku.edu.tw/static/4942-43c6a074.js,233517,application/javascript,39faec2296fa8fbb94445ad8817c90c534d766e7817db4cec3038185c9014bef,.js,1,233517.0,True,True,True,1,,1
https://iclass.tku.edu.tw/static/49420.e71d3279.js,200,raw/iclass.tku.edu.tw/static/49420.e71d3279.js,32641,application/javascript,a7079201a33e65edadf02c3565cef242e59ac2077b7e810d6508aaf5381966fc,.js,1,32641.0,True,True,False,0,,0
https://iclass.tku.edu.tw/static/49430-fc436d96.chunk.css,200,raw/iclass.tku.edu.tw/static/49430-fc436d96.chunk.css,8900,text/css,5f49777a3401afe49c2251d7937d00655dda16b9eb0dbe4267a21884f7728ff9,.css,1,8900.0,True,False,False,0,,0
https://iclass.tku.edu.tw/static/49430.5dab1d92.js,200,raw/iclass.tku.edu.tw/static/49430.5dab1d92.js,32329,application/javascript,32a39acfcdca0e7483f09c3b1c662de528659693c390de4af8f4f64d5dc73963,.js,1,32329.0,True,True,False,0,,0
https://iclass.tku.edu.tw/static/49510-505c6ec3.chunk.css,200,raw/iclass.tku.edu.tw/static/49510-505c6ec3.chunk.css,12320,text/css,23eaa0131b5367e91f9e6164febfa30a941b2be6ef696a6859682f7d2d400a75,.css,1,12320.0,True,False,False,0,,0
https://iclass.tku.edu.tw/static/49510.22e934a8.js,200,raw/iclass.tku.edu.tw/static/49510.22e934a8.js,14330,application/javascript,bcfdd80b1793baa22c700099d0ac712e744cca8b36aa26d81a158bf44cd075c7,.js,1,14330.0,True,True,False,0,,0
https://iclass.tku.edu.tw/static/49592.6548848f.js,200,raw/iclass.tku.edu.tw/static/49592.6548848f.js,101385,application/javascript,dc16cf2e944a5c1c5ccf6937c0fd1ee548fd5fd5024f24f12d9e58987af02149,.js,1,101385.0,True,True,False,0,,0
https://iclass.tku.edu.tw/static/49666.78967a94.js,200,raw/iclass.tku.edu.tw/static/49666.78967a94.js,1665,application/javascript,8c45aafcda4b1f0f77a71ae9121b9e1cb081efde06121cae9f0543ed16e99a67,.js,1,1665.0,True,True,False,0,,0
https://iclass.tku.edu.tw/static/50446.7594af6d.js,200,raw/iclass.tku.edu.tw/static/50446.7594af6d.js,84759,application/javascript,bb94861cdaec4c9935b796f20b94177158cff875d3c8af7dc0d630a9b83b6bc9,.js,1,84759.0,True,True,False,0,,0
https://iclass.tku.edu.tw/static/50486.160a93e5.js,200,raw/iclass.tku.edu.tw/static/50486.160a93e5.js,21715,application/javascript,83f4019849bfbb9a978455693ba0b1321fb4588ed883327674534eb9907ca292,.js,1,21715.0,True,True,False,0,,0
https://iclass.tku.edu.tw/static/50559-dde9bd1a.chunk.css,200,raw/iclass.tku.edu.tw/static/50559-dde9bd1a.chunk.css,12540,text/css,b7413bcecdcc6315a55ae6f8865711685f37a151bd14678dbe0f76529655fac0,.css,1,12540.0,True,False,False,0,,0
https://iclass.tku.edu.tw/static/50559.4ceaee03.js,200,raw/iclass.tku.edu.tw/static/50559.4ceaee03.js,138745,application/javascript,02953fdf0761cc4fba9f6b79829893a976965b13bd15d9fcbd1216930e21c2da,.js,1,138745.0,True,True,False,0,,0
https://iclass.tku.edu.tw/static/50600.2a8f1b1f.js,200,raw/iclass.tku.edu.tw/static/50600.2a8f1b1f.js,4274,application/javascript,f2c84be664aa4cb0a4926ac0585e7f4a5cee48dae27c9d974295154c005b4348,.js,1,4274.0,True,True,False,0,,0
https://iclass.tku.edu.tw/static/50625-0c27f6fd.js,200,raw/iclass.tku.edu.tw/static/50625-0c27f6fd.js,71579,application/javascript,8d9e4bcb86b9c28fdac4f50d519c0c8072a835c2c5c206b476feb70e20284c35,.js,1,71579.0,True,True,False,0,,0
https://iclass.tku.edu.tw/static/50644.637f2f6f.js,200,raw/iclass.tku.edu.tw/static/50644.637f2f6f.js,65946,application/javascript,a65b806e8163facff2b18334a4724504e868aae0df738c80c492fd00bb4906ce,.js,1,65946.0,True,True,False,0,,0
https://iclass.tku.edu.tw/static/50674-0e23c731.chunk.css,200,raw/iclass.tku.edu.tw/static/50674-0e23c731.chunk.css,15182,text/css,b246941648e04a7b48da5d36bed02fff542ee6c4bc9f25f727c84df245385aa6,.css,1,15182.0,True,False,False,0,,0
https://iclass.tku.edu.tw/static/50674.577c5280.js,200,raw/iclass.tku.edu.tw/static/50674.577c5280.js,18272,application/javascript,883b561b1accbb5390386ea7a9c84b328f6669420221c1a4630f5128c86eb31f,.js,1,18272.0,True,True,False,0,,0
https://iclass.tku.edu.tw/static/50759.dc49b428.js,200,raw/iclass.tku.edu.tw/static/50759.dc49b428.js,82141,application/javascript,3e3644a4acb8dca621357046e6de682b72cd61c1ba62bc42d066f951aebbdc69,.js,1,82141.0,True,True,False,0,,0
https://iclass.tku.edu.tw/static/50963-02eb8433.chunk.css,200,raw/iclass.tku.edu.tw/static/50963-02eb8433.chunk.css,17437,text/css,66c3bafc7fb5a5dcaf93d21c832c4b8243668621db09e5b3a366df2137c7600c,.css,1,17437.0,True,False,False,0,,0
https://iclass.tku.edu.tw/static/50963.a878d256.js,200,raw/iclass.tku.edu.tw/static/50963.a878d256.js,11606,application/javascript,4f87a3807c4b785cd252e7f3d6d1bd7e78684078141ee39d53e92e05599eeb94,.js,1,11606.0,True,True,False,0,,0
https://iclass.tku.edu.tw/static/51217.afd18812.js,200,raw/iclass.tku.edu.tw/static/51217.afd18812.js,165556,application/javascript,d26090a3e7576700f88431d6d61911ed0b16da05926e32b0296dad91ed768614,.js,1,165556.0,True,True,False,0,,0
https://iclass.tku.edu.tw/static/51223.6186db26.js,200,raw/iclass.tku.edu.tw/static/51223.6186db26.js,1865,application/javascript,4132806a1f4dcafb1d1ef9b43838e09fdbfa2fc43702006cff20f9ed2408d590,.js,1,1865.0,True,True,False,0,,0
https://iclass.tku.edu.tw/static/51412.4dc52355.js,200,raw/iclass.tku.edu.tw/static/51412.4dc52355.js,19130,application/javascript,90a5f3336bd9dc722576b94409a710f09752cba211ac0fdcb020b7689f3104e0,.js,1,19130.0,True,True,False,0,,0
https://iclass.tku.edu.tw/static/51533.32779be1.js,200,raw/iclass.tku.edu.tw/static/51533.32779be1.js,3642,application/javascript,6e6e36f6e5ecc8f8e4b70904db2ad69e005c78a4b0c079eb7247b6d00bdf181c,.js,1,3642.0,True,True,False,0,,0
https://iclass.tku.edu.tw/static/51607-31ac8894.chunk.css,200,raw/iclass.tku.edu.tw/static/51607-31ac8894.chunk.css,3479,text/css,6804db9ecc82d0dfcbcba4a923c276918e83556a2d057a13c3ed062bd1ac2fe5,.css,1,3479.0,True,False,False,0,,0
https://iclass.tku.edu.tw/static/51607.82034101.js,200,raw/iclass.tku.edu.tw/static/51607.82034101.js,5625,application/javascript,6c316559985b63e62f79092b3277631d612f00eee9fe1b7478278112f6de8340,.js,1,5625.0,True,True,False,0,,0
https://iclass.tku.edu.tw/static/51708.7caf5b94.js,200,raw/iclass.tku.edu.tw/static/51708.7caf5b94.js,24867,application/javascript,03ac3992fb1e3f821c59eabc0c81a7321340f2ea6fa9b83d46fb183bee08854a,.js,1,24867.0,True,True,False,0,,0
https://iclass.tku.edu.tw/static/51713.3931dcf9.js,200,raw/iclass.tku.edu.tw/static/51713.3931dcf9.js,11235,application/javascript,ca3ea802e06389e74b898e87d79164f7c7f0d95bbfb540df61052b654e981ed8,.js,1,11235.0,True,True,False,0,,0
https://iclass.tku.edu.tw/static/52003.a789feda.js,200,raw/iclass.tku.edu.tw/static/52003.a789feda.js,61403,application/javascript,953062cdf3d121e0ce85ea7075332509642ae5bc173e6dad0eb0f16737e2b3a9,.js,1,61403.0,True,True,False,0,,0
https://iclass.tku.edu.tw/static/52032.4098b658.js,200,raw/iclass.tku.edu.tw/static/52032.4098b658.js,12213,application/javascript,bd8d5f3fce93fe08a3028cc1228bba3e6216887d25c9bd9dc1fee4a246e4beb2,.js,1,12213.0,True,True,False,0,,0
https://iclass.tku.edu.tw/static/52042.ed0e59eb.js,200,raw/iclass.tku.edu.tw/static/52042.ed0e59eb.js,55414,application/javascript,119efe4277f4c77bb93520e2de4cc6e63d1d0e6d6854875f217fdb3283d06c0f,.js,1,55414.0,True,True,False,0,,0
https://iclass.tku.edu.tw/static/52089.8e7a116e.js,200,raw/iclass.tku.edu.tw/static/52089.8e7a116e.js,137912,application/javascript,e4e2cfeb924c46e87417ef13339efff9eee7bcdf51f7aca3e9b55a7f2bbf7c35,.js,1,137912.0,True,True,False,0,,0
https://iclass.tku.edu.tw/static/5247.66a7f918.js,200,raw/iclass.tku.edu.tw/static/5247.66a7f918.js,2258,application/javascript,8336ee1f60961133936f42d924a750adc9efbb2f22fd64d54f07435efdd2de74,.js,1,2258.0,True,True,False,0,,0
https://iclass.tku.edu.tw/static/52497.cd3c0177.js,200,raw/iclass.tku.edu.tw/static/52497.cd3c0177.js,3286,application/javascript,880d58cddccaa6d0f8b08e7e0736c8ab46d26003483b0c286ec345503922a050,.js,1,3286.0,True,True,False,0,,0
https://iclass.tku.edu.tw/static/52580-5ab45eee.chunk.css,200,raw/iclass.tku.edu.tw/static/52580-5ab45eee.chunk.css,51,text/css,77587743dae0ffc1d989a9ff49adb590daf1e7a0c768ef23b409b0f99a4efdd2,.css,1,51.0,True,False,False,0,,0
https://iclass.tku.edu.tw/static/52580.bfff837c.js,200,raw/iclass.tku.edu.tw/static/52580.bfff837c.js,7218,application/javascript,b291b691faabd1b70a08150f43e9f8d89a19a67ee296058f8334cd6eafe5e5f4,.js,1,7218.0,True,True,False,0,,0
https://iclass.tku.edu.tw/static/52655.be43f9ac.js,200,raw/iclass.tku.edu.tw/static/52655.be43f9ac.js,1730,application/javascript,cdc9d6fe83c9d13d80f51dc637696523af6fd1efb4b23d56348127139e7705cf,.js,1,1730.0,True,True,False,0,,0
https://iclass.tku.edu.tw/static/52751.70ce00c5.js,200,raw/iclass.tku.edu.tw/static/52751.70ce00c5.js,16786,application/javascript,ca70975b40d9eaf1e1f04d298b353a37e59d9623773564561f8a7e3d3b7a097d,.js,1,16786.0,True,True,False,0,,0
https://iclass.tku.edu.tw/static/52978-69793388.chunk.css,200,raw/iclass.tku.edu.tw/static/52978-69793388.chunk.css,28738,text/css,7eb8dfb96672dc838960602e59820c6ce152fa89fabc9d1a101b979a5961fa3c,.css,1,28738.0,True,False,False,0,,0
https://iclass.tku.edu.tw/static/52978.5ad543d3.js,200,raw/iclass.tku.edu.tw/static/52978.5ad543d3.js,168347,application/javascript,342492742cefebc5ccb282c69a3bc92ca2484b23a4cbcde041588bad42fcfc48,.js,1,168347.0,True,True,False,0,,0
https://iclass.tku.edu.tw/static/53.c0cbc657.js,200,raw/iclass.tku.edu.tw/static/53.c0cbc657.js,109861,application/javascript,79e1a78a62e1d477a95aa7b920e0b092c8207039cebc41da5b35233f98cadd1c,.js,1,109861.0,True,True,False,0,,0
https://iclass.tku.edu.tw/static/53105.25c1a9ff.js,200,raw/iclass.tku.edu.tw/static/53105.25c1a9ff.js,70156,application/javascript,11b5aaa3d31375c84ea1224b287ba88190c30c855c0162f24651c656560ca5bf,.js,1,70156.0,True,True,False,0,,0
https://iclass.tku.edu.tw/static/53118.9e442bef.js,200,raw/iclass.tku.edu.tw/static/53118.9e442bef.js,9507,application/javascript,b113bdbb6681a7e0a06d6ebc54d744480ced1d3ba7a3f528f2882ddd571e4c4d,.js,1,9507.0,True,True,False,0,,0
https://iclass.tku.edu.tw/static/53193.a73c57fa.js,200,raw/iclass.tku.edu.tw/static/53193.a73c57fa.js,130,application/javascript,443b16ac8909c92a0ad81ef3819585156a389db101472362da83bcdad61e2198,.js,1,130.0,True,True,False,0,,0
https://iclass.tku.edu.tw/static/5324-3afdb00e.chunk.css,200,raw/iclass.tku.edu.tw/static/5324-3afdb00e.chunk.css,3635,text/css,0af9cab8cca63b3c3730ca6424ee3ba49f12a7889ba5eb1d337b03a1363d64ec,.css,1,3635.0,True,False,False,0,,0
https://iclass.tku.edu.tw/static/5324.24c49169.js,200,raw/iclass.tku.edu.tw/static/5324.24c49169.js,78806,application/javascript,5fe6f4de3df4a8c74e7b1e38daf694142f3bcfe456d8560065ab9d8626e366b8,.js,1,78806.0,True,True,False,0,,0
https://iclass.tku.edu.tw/static/53352.f9681ec0.js,200,raw/iclass.tku.edu.tw/static/53352.f9681ec0.js,30337,application/javascript,f064c9acb69c2375a0a5f03be192dc8c534f2ae79f3bf237fe50b3176b050b46,.js,1,30337.0,True,True,False,0,,0
https://iclass.tku.edu.tw/static/53360-2302b21d.chunk.css,200,raw/iclass.tku.edu.tw/static/53360-2302b21d.chunk.css,1412,text/css,3fb77264f62c36ea3e910dce323627c799b3de151a90b47cba28ce8eab91d70d,.css,1,1412.0,True,False,False,0,,0
https://iclass.tku.edu.tw/static/53360.a5618221.js,200,raw/iclass.tku.edu.tw/static/53360.a5618221.js,7697,application/javascript,64d7648e60abce056d3e09ae7add97ac7c9df06ae7fb8394a2101451933804df,.js,1,7697.0,True,True,False,0,,0
https://iclass.tku.edu.tw/static/53501-8dcadc31.chunk.css,200,raw/iclass.tku.edu.tw/static/53501-8dcadc31.chunk.css,8720,text/css,15d02405e24989a65a24a5b3adbed41de64c0d810f1c973c78c46688450d56ab,.css,1,8720.0,True,False,False,0,,0
https://iclass.tku.edu.tw/static/53501.754a9c4f.js,200,raw/iclass.tku.edu.tw/static/53501.754a9c4f.js,31005,application/javascript,47cab15b9283b8af4edce9a182979117a9e7d03b3903d91f782934d19845c0bd,.js,1,31005.0,True,True,False,0,,0
https://iclass.tku.edu.tw/static/53701.f59fbfcc.js,200,raw/iclass.tku.edu.tw/static/53701.f59fbfcc.js,167388,application/javascript,a56601ed0c40a8d1d9d71fdc9f2cb0158998cf94946fa400c3ae40064ba6270d,.js,1,167388.0,True,True,True,1,,1
https://iclass.tku.edu.tw/static/53726.ad1e1769.js,200,raw/iclass.tku.edu.tw/static/53726.ad1e1769.js,19615,application/javascript,4f24055db037dcba11ed583388c5d5f104aaa8f443d1a940dfe66228e29bef0a,.js,1,19615.0,True,True,False,0,,0
https://iclass.tku.edu.tw/static/53728-589401f8.chunk.css,200,raw/iclass.tku.edu.tw/static/53728-589401f8.chunk.css,31157,text/css,f94ac1ffb20ffe39c7ff0d51fd17254bb5811e7df214fec02f6ccc4955ab48a1,.css,1,31157.0,True,False,False,0,,0
https://iclass.tku.edu.tw/static/53728.9ede78a6.js,200,raw/iclass.tku.edu.tw/static/53728.9ede78a6.js,71243,application/javascript,e5d27066fdb7f9d424617526ca11a95db78296b547d1a129c8fd39158b804424,.js,1,71243.0,True,True,False,0,,0
https://iclass.tku.edu.tw/static/53744.b15db598.js,200,raw/iclass.tku.edu.tw/static/53744.b15db598.js,2984,application/javascript,73b52b5184b1cae17e7fb9aafcf6320b66dc23e26cd74e7706b2518260664088,.js,1,2984.0,True,True,False,0,,0
https://iclass.tku.edu.tw/static/53787.eb778bc6.js,200,raw/iclass.tku.edu.tw/static/53787.eb778bc6.js,5558,application/javascript,5021a82f03bb9dc69a7bb376233a419cd6cd74ed1b2a7003f27e26c913f1a8bb,.js,1,5558.0,True,True,False,0,,0
https://iclass.tku.edu.tw/static/5380.198de5fe.js,200,raw/iclass.tku.edu.tw/static/5380.198de5fe.js,2740,application/javascript,903084e3efe21411e4b8928e1184dfcf6ec0f41238c01a95d3b0ab84a1c0a278,.js,1,2740.0,True,True,False,0,,0
https://iclass.tku.edu.tw/static/54032.7674116c.js,200,raw/iclass.tku.edu.tw/static/54032.7674116c.js,2677,application/javascript,184e4c35a1853758116428908d8387cab2d953b66c3fd21cef5215e7ee823b79,.js,1,2677.0,True,True,False,0,,0
https://iclass.tku.edu.tw/static/54501.8d428f86.js,200,raw/iclass.tku.edu.tw/static/54501.8d428f86.js,43497,application/javascript,2645e5131c428d23586baa5dcc3ff99477c3beb91b4e7d3fb4530014e848f1c5,.js,1,43497.0,True,True,False,0,,0
https://iclass.tku.edu.tw/static/5473-f11e852f.chunk.css,200,raw/iclass.tku.edu.tw/static/5473-f11e852f.chunk.css,1200,text/css,9e31ec1ab2a09a1759f3eb0f4a021dad7b7104502b12fd22017961aef50b4ca6,.css,1,1200.0,True,False,False,0,,0
https://iclass.tku.edu.tw/static/5473.3b539b48.js,200,raw/iclass.tku.edu.tw/static/5473.3b539b48.js,13138,application/javascript,96600533d1ebd2746fb204b43faf1bca47a8613c56e381d6de5816bfed21a9bc,.js,1,13138.0,True,True,False,0,,0
https://iclass.tku.edu.tw/static/54941-d596ad0b.chunk.css,200,raw/iclass.tku.edu.tw/static/54941-d596ad0b.chunk.css,27942,text/css,de3edad5db8d025e4335e81a4b1854e365557970eb61671b7fbeae26eb6d83bd,.css,1,27942.0,True,False,False,0,,0
https://iclass.tku.edu.tw/static/54941.87cf006d.js,200,raw/iclass.tku.edu.tw/static/54941.87cf006d.js,78937,application/javascript,e4b03b83c065b7b03231cbfaee68e4309d0603fa97ad7765490b9a88979693a1,.js,1,78937.0,True,True,False,0,,0
https://iclass.tku.edu.tw/static/54964-f42ad8f2.js,200,raw/iclass.tku.edu.tw/static/54964-f42ad8f2.js,43313,application/javascript,17d663bdc243071249ae852c24b93c6644af059020c19e2c3d39432ad5808142,.js,1,43313.0,True,True,False,0,,0
https://iclass.tku.edu.tw/static/54989-20b6b615.js,200,raw/iclass.tku.edu.tw/static/54989-20b6b615.js,520,application/javascript,274734abb3b1225496745158ae16949e8e3a7339da5a7387cdf4522da2d32398,.js,1,520.0,True,True,False,0,,0
https://iclass.tku.edu.tw/static/55054-c6f7d5e3.js,200,raw/iclass.tku.edu.tw/static/55054-c6f7d5e3.js,4366529,application/javascript,c18a89446c189255de2f2e77afcbfa90260b550a447a5670b3bcfd77352f9772,.js,1,4366529.0,True,True,False,0,,0
https://iclass.tku.edu.tw/static/55224.939853c3.js,200,raw/iclass.tku.edu.tw/static/55224.939853c3.js,7505,application/javascript,f6d1449dd3344f50c88c9c0f251dad9bd235da2594cc71c564bdf3ef81a80870,.js,1,7505.0,True,True,False,0,,0
https://iclass.tku.edu.tw/static/55269-55b3198d.chunk.css,200,raw/iclass.tku.edu.tw/static/55269-55b3198d.chunk.css,2967,text/css,05b05110b81a0286713c683d4513c27846ffec16376f48364cfd30a0270d7da8,.css,1,2967.0,True,False,False,0,,0
https://iclass.tku.edu.tw/static/55269.751db329.js,200,raw/iclass.tku.edu.tw/static/55269.751db329.js,13961,application/javascript,a34223f0b46a409aaa09402fa827bea98e07546fec1d550d23231bcb41100447,.js,1,13961.0,True,True,False,0,,0
https://iclass.tku.edu.tw/static/55430.e7db0da9.js,200,raw/iclass.tku.edu.tw/static/55430.e7db0da9.js,452,application/javascript,d093f6d1de5b1072b8ad4efdb461ad7953f2b3f038addbfa796a662140e8ab10,.js,1,452.0,True,True,False,0,,0
https://iclass.tku.edu.tw/static/5552.a05f048d.js,200,raw/iclass.tku.edu.tw/static/5552.a05f048d.js,20609,application/javascript,6efe539e09d05e16a4b64df3c2cd9e3b97326039a65f266a3454b98097c2b24f,.js,1,20609.0,True,True,False,0,,0
https://iclass.tku.edu.tw/static/55789-71944412.js,200,raw/iclass.tku.edu.tw/static/55789-71944412.js,37847,application/javascript,d314de627993a8e384d4e221c7181d2ed321597deb0bb5dc273c5e2798cba28a,.js,1,37847.0,True,True,False,0,,0
https://iclass.tku.edu.tw/static/5587.35565f0b.js,200,raw/iclass.tku.edu.tw/static/5587.35565f0b.js,63257,application/javascript,6497bd4ca7d87c7a9bc5244c49dc3079c84f5190983ba8b036477765a62dd209,.js,1,63257.0,True,True,False,0,,0
https://iclass.tku.edu.tw/static/55883.0348e351.js,200,raw/iclass.tku.edu.tw/static/55883.0348e351.js,13291,application/javascript,f29ada89795d3e4992cb874bd624e7272bae812fbefc395cacd53c9f943aacad,.js,1,13291.0,True,True,False,0,,0
https://iclass.tku.edu.tw/static/5593.57c96709.js,200,raw/iclass.tku.edu.tw/static/5593.57c96709.js,38251,application/javascript,4cf1384c762030c55ce7720feccc1c98edb1fc508c8002efc6f017bc0aa6d4a7,.js,1,38251.0,True,True,False,0,,0
https://iclass.tku.edu.tw/static/56029-a5e838cb.js,200,raw/iclass.tku.edu.tw/static/56029-a5e838cb.js,185096,application/javascript,37bafc79c18dab3b41830a33a05cb308b0fd4605d0433dc7412a7662b017a094,.js,1,185096.0,True,True,False,0,,0
https://iclass.tku.edu.tw/static/56097.6e052f70.js,200,raw/iclass.tku.edu.tw/static/56097.6e052f70.js,3071,application/javascript,dc332e4e60f40659d90f31bec509fce627b181486d8309fde5cc521c591cc384,.js,1,3071.0,True,True,False,0,,0
https://iclass.tku.edu.tw/static/56238-e6d14d32.chunk.css,200,raw/iclass.tku.edu.tw/static/56238-e6d14d32.chunk.css,217,text/css,aad1ee4da91870621f3a7525a63a57748b84152f6fdd9dc3b22ca1542d3ce5b2,.css,1,217.0,True,False,False,0,,0
https://iclass.tku.edu.tw/static/56238.f31939a7.js,200,raw/iclass.tku.edu.tw/static/56238.f31939a7.js,7386,application/javascript,52ce5d9f9bb40c9b931fa86d90e9eb9edcff4b17f3eeac5d5f4ad754d3b4bdc3,.js,1,7386.0,True,True,False,0,,0
https://iclass.tku.edu.tw/static/5625-d963ac4f.chunk.css,200,raw/iclass.tku.edu.tw/static/5625-d963ac4f.chunk.css,4489,text/css,0fdf2c44d2c918e5218e6019192370c29d1d4d86e6129e6cb410ad413e3935ae,.css,1,4489.0,True,False,False,0,,0
https://iclass.tku.edu.tw/static/5625.8062f156.js,200,raw/iclass.tku.edu.tw/static/5625.8062f156.js,34427,application/javascript,b012cf7e8c9db81f1de33964d3ab89bc6f79aa7183ef95fb1f1f72aa029de7eb,.js,1,34427.0,True,True,False,0,,0
https://iclass.tku.edu.tw/static/56342.a7791db6.js,200,raw/iclass.tku.edu.tw/static/56342.a7791db6.js,19668,application/javascript,f791d73b1866f60baf028c5b0ef1f87477dfbaa6bf6e6154e32138e3eb80d6f6,.js,1,19668.0,True,True,False,0,,0
https://iclass.tku.edu.tw/static/56473.b200a1ad.js,200,raw/iclass.tku.edu.tw/static/56473.b200a1ad.js,19917,application/javascript,16a41b68668c308ca784afcec8cfb9c2f17c23dd60428b797110e8d9a0c40802,.js,1,19917.0,True,True,False,0,,0
https://iclass.tku.edu.tw/static/56586-ee6d4aaf.chunk.css,200,raw/iclass.tku.edu.tw/static/56586-ee6d4aaf.chunk.css,8978,text/css,77dc473851fb4823e136cc42b86685ca309ce354f8eab8eafbdec84946cd7b64,.css,1,8978.0,True,False,False,0,,0
https://iclass.tku.edu.tw/static/56586.a238b339.js,200,raw/iclass.tku.edu.tw/static/56586.a238b339.js,22752,application/javascript,88df911cfd4a53cfedd84439e823262f661eb128410d86dbdb25a52c1e873e34,.js,1,22752.0,True,True,False,0,,0
https://iclass.tku.edu.tw/static/56662-98922b29.js,200,raw/iclass.tku.edu.tw/static/56662-98922b29.js,33366,application/javascript,a57976f30bd4080d65dc4dba7d4fbb5170b47ed9a58c78e9053e12e5dcba3c60,.js,1,33366.0,True,True,False,0,,0
https://iclass.tku.edu.tw/static/5667-301ee21f.js,200,raw/iclass.tku.edu.tw/static/5667-301ee21f.js,30208,application/javascript,6869e9b795c489cc228cdae0dd3d2a778b5328759405a2939b1f933a8146902f,.js,1,30208.0,True,True,False,0,,0
https://iclass.tku.edu.tw/static/56690.f382cd2d.js,200,raw/iclass.tku.edu.tw/static/56690.f382cd2d.js,3963,application/javascript,3aee0777075b1811c04a513da18185288db97c957e6214bcaa16bb37557d1ecf,.js,1,3963.0,True,True,False,0,,0
https://iclass.tku.edu.tw/static/56713.b99c62e5.js,200,raw/iclass.tku.edu.tw/static/56713.b99c62e5.js,12523,application/javascript,2a9afcf38beb2ada0ab8dde67c848f315da3f58f569607bea6179126ec48ef1a,.js,1,12523.0,True,True,False,0,,0
https://iclass.tku.edu.tw/static/56748-1ed951f8.js,200,raw/iclass.tku.edu.tw/static/56748-1ed951f8.js,31180,application/javascript,edde67020facb70c68756cabf98d4dfaae0059d30bc8dae8c0c9d1f2ae2c1459,.js,1,31180.0,True,True,False,0,,0
https://iclass.tku.edu.tw/static/56821.10ffdb15.js,200,raw/iclass.tku.edu.tw/static/56821.10ffdb15.js,5308,application/javascript,f83a71e6aa02003793c9d3ce3a2dbbb76e408cb9ec48a1cede3163f6c9715f28,.js,1,5308.0,True,True,False,0,,0
https://iclass.tku.edu.tw/static/56834-44a72033.js,200,raw/iclass.tku.edu.tw/static/56834-44a72033.js,122904,application/javascript,bb2f22c19a8dabd06a8cfebd1123be88cb51750d6d1721ae7a1665bfb4ca23a1,.js,1,122904.0,True,True,False,0,,0
https://iclass.tku.edu.tw/static/56846.da5b0c86.js,200,raw/iclass.tku.edu.tw/static/56846.da5b0c86.js,6378,application/javascript,4ea89512f0688a0d5434c8fa252797869594b1d3045cb689789e8b4a221cd9f9,.js,1,6378.0,True,True,False,0,,0
https://iclass.tku.edu.tw/static/56863.f4fc13e3.js,200,raw/iclass.tku.edu.tw/static/56863.f4fc13e3.js,102925,application/javascript,adcd89c2ca7bba49b95b2aeff773c22bb5b4c1250aecea46feeafa92855c576d,.js,1,102925.0,True,True,False,0,,0
https://iclass.tku.edu.tw/static/56964-1b41e91f.js,200,raw/iclass.tku.edu.tw/static/56964-1b41e91f.js,360673,application/javascript,5cdca5c2a2f9b440903b1bd3cbd4026620bde63810293d866fabe8d0baa72e2d,.js,1,360673.0,True,True,False,0,,0
https://iclass.tku.edu.tw/static/56998.6f4a56d4.js,200,raw/iclass.tku.edu.tw/static/56998.6f4a56d4.js,34122,application/javascript,63944b3315c7c70f9e2077d67689bed22349b768b4716529b53e922c590c3ff4,.js,1,34122.0,True,True,False,0,,0
https://iclass.tku.edu.tw/static/57006.98dfde3c.js,200,raw/iclass.tku.edu.tw/static/57006.98dfde3c.js,28741,application/javascript,dbaaf531f0a276b53e29fdf144ee946b9126b3c3cb800a4baaf7819f32657813,.js,1,28741.0,True,True,False,0,,0
https://iclass.tku.edu.tw/static/57105.8d4f2c6b.js,200,raw/iclass.tku.edu.tw/static/57105.8d4f2c6b.js,2564,application/javascript,3c6b1bf81cbb866f9d355d575cf6b391eccc5ba2f0cd03cf3c492dacc3cf2690,.js,1,2564.0,True,True,False,0,,0
https://iclass.tku.edu.tw/static/57113.5df0efb5.js,200,raw/iclass.tku.edu.tw/static/57113.5df0efb5.js,74619,application/javascript,69bbc61a7d177be04a4dc9dfd76a04a35b66c6a3ef46f8385e669a033770728e,.js,1,74619.0,True,True,False,0,,0
https://iclass.tku.edu.tw/static/57123.05c32fa9.js,200,raw/iclass.tku.edu.tw/static/57123.05c32fa9.js,405,application/javascript,409b1b51e9ee26bac5da864e55a6a87b40ddc8bb81bfdba4f9c1cfaa3661ec13,.js,1,405.0,True,True,False,0,,0
https://iclass.tku.edu.tw/static/57143.4e035d36.js,200,raw/iclass.tku.edu.tw/static/57143.4e035d36.js,37632,application/javascript,6eb14796a6fab368a4ec3336d67f0c1c044b8f07a5302934f41c7ed3bcdffe5c,.js,1,37632.0,True,True,False,0,,0
https://iclass.tku.edu.tw/static/5727-bec18a03.chunk.css,200,raw/iclass.tku.edu.tw/static/5727-bec18a03.chunk.css,30246,text/css,2dfde9466caa623e1c1e8c75691e3c323a6abdd81153a397b3c7eb01470178a3,.css,1,30246.0,True,False,False,0,,0
https://iclass.tku.edu.tw/static/5727.a2683609.js,200,raw/iclass.tku.edu.tw/static/5727.a2683609.js,74283,application/javascript,37fb2f6faa6185bf3d9dc2fb51fa6a271944ac6c04c8cf8ce0d3f5db97e64e3b,.js,1,74283.0,True,True,False,0,,0
https://iclass.tku.edu.tw/static/57492-7f0270f4.chunk.css,200,raw/iclass.tku.edu.tw/static/57492-7f0270f4.chunk.css,3014,text/css,e4d65b2cc88b0f52c486e623c691e0530602c8f80642e2fa1046466c178cfa0c,.css,1,3014.0,True,False,False,0,,0
https://iclass.tku.edu.tw/static/57492.99dce2e4.js,200,raw/iclass.tku.edu.tw/static/57492.99dce2e4.js,31146,application/javascript,590c4a7fe02970b515772eb80c95545c9a3eeab4ba7e50100352536d92e685ed,.js,1,31146.0,True,True,False,0,,0
https://iclass.tku.edu.tw/static/577-fe65fcbb.chunk.css,200,raw/iclass.tku.edu.tw/static/577-fe65fcbb.chunk.css,3980,text/css,6a873ec50ae2553a2a136ddae6637b0aae7e986588013c583e096f25d3fc534f,.css,1,3980.0,True,False,False,0,,0
https://iclass.tku.edu.tw/static/577.79664bc6.js,200,raw/iclass.tku.edu.tw/static/577.79664bc6.js,50410,application/javascript,e11ffa18708ef4aa475dce0427ae2e5c1db312e4239eb2bc6f4f80da50d782e5,.js,1,50410.0,True,True,False,0,,0
https://iclass.tku.edu.tw/static/57717.10d6c03a.js,200,raw/iclass.tku.edu.tw/static/57717.10d6c03a.js,1577,application/javascript,d0579a4effc1cfa512e1f0634e65001416727d398b191496b0778675bc5ce579,.js,1,1577.0,True,True,False,0,,0
https://iclass.tku.edu.tw/static/57883.42b1c386.js,200,raw/iclass.tku.edu.tw/static/57883.42b1c386.js,71912,application/javascript,55f89330e1b8d7a4d1de162a101d5ab3983da8662f6762c2580f067a03c19c26,.js,1,71912.0,True,True,False,0,,0
https://iclass.tku.edu.tw/static/58058.a105ea5a.js,200,raw/iclass.tku.edu.tw/static/58058.a105ea5a.js,443,application/javascript,35422ec5d225799663bdf4ae5c289c9fe67b396b89a655a53567d6741f8aeffe,.js,1,443.0,True,True,False,0,,0
https://iclass.tku.edu.tw/static/58273-c528e370.chunk.css,200,raw/iclass.tku.edu.tw/static/58273-c528e370.chunk.css,51248,text/css,7426cc22c19333a85f4c8ac3acf894f01c068eecfef50382c07bbd1d8ce0a7b5,.css,1,51248.0,True,False,False,0,,0
https://iclass.tku.edu.tw/static/58273.0c6eb6f2.js,200,raw/iclass.tku.edu.tw/static/58273.0c6eb6f2.js,99366,application/javascript,fd0ee238ed9563bc5f1cc8e132432cd0061d3dfb6d0149d095f9e32bde8daa8c,.js,1,99366.0,True,True,False,0,,0
https://iclass.tku.edu.tw/static/58305.075ff37e.js,200,raw/iclass.tku.edu.tw/static/58305.075ff37e.js,1741,application/javascript,233730f8a59feac6df2148896682246209d0eb358692ae34520e086d89972b2e,.js,1,1741.0,True,True,False,0,,0
https://iclass.tku.edu.tw/static/58315-efee6077.chunk.css,200,raw/iclass.tku.edu.tw/static/58315-efee6077.chunk.css,14668,text/css,7c22aebe5e689c3c467ec7e8e584c08368acfce4bca814ca77aec8230b3b9782,.css,1,14668.0,True,False,False,0,,0
https://iclass.tku.edu.tw/static/58315.5206b873.js,200,raw/iclass.tku.edu.tw/static/58315.5206b873.js,25428,application/javascript,07b9bdb79f5336f6b702119aea6ed75c13b71cc3d6ccb5c9309e97740b4021e3,.js,1,25428.0,True,True,False,0,,0
https://iclass.tku.edu.tw/static/58354.7f76f53b.js,200,raw/iclass.tku.edu.tw/static/58354.7f76f53b.js,310621,application/javascript,bfa7c64074868fddd1f4e75186626f5913bc98769712315e8579bb6071b0d9df,.js,1,310621.0,True,True,False,0,,0
https://iclass.tku.edu.tw/static/58605.e8c4b20e.js,200,raw/iclass.tku.edu.tw/static/58605.e8c4b20e.js,1076,application/javascript,5a6f37d0f8f37882a321d191596fa1dcaa932a56f56292d9f310ebba862ed836,.js,1,1076.0,True,True,False,0,,0
https://iclass.tku.edu.tw/static/58675.04b6ab05.js,200,raw/iclass.tku.edu.tw/static/58675.04b6ab05.js,133138,application/javascript,bc848d6a17292353614d96a68118a3f1c81450a6cf50331b858da46be066a22b,.js,1,133138.0,True,True,False,0,,0
https://iclass.tku.edu.tw/static/58679.3fba6252.js,200,raw/iclass.tku.edu.tw/static/58679.3fba6252.js,73232,application/javascript,41035b29cb2d70e37826c5e6e0eff1785d9dac403f99e0e45eaaf2ae1b51632a,.js,1,73232.0,True,True,False,0,,0
https://iclass.tku.edu.tw/static/58684-e3e80b5d.chunk.css,200,raw/iclass.tku.edu.tw/static/58684-e3e80b5d.chunk.css,815,text/css,cae6786cf3b2a215b4efede84601ceb59d2575189a80402fc4834d2b96347213,.css,1,815.0,True,False,False,0,,0
https://iclass.tku.edu.tw/static/58684.3cdb0fac.js,200,raw/iclass.tku.edu.tw/static/58684.3cdb0fac.js,28691,application/javascript,1d524732ed58b4cad066e99c2f8bc1bf2a4da14d159c2d565ad0afaa3e163ec6,.js,1,28691.0,True,True,False,0,,0
https://iclass.tku.edu.tw/static/58791-8786fc4a.chunk.css,200,raw/iclass.tku.edu.tw/static/58791-8786fc4a.chunk.css,7292,text/css,6b7dc391705d43baed50041e7326b95e2a93185bc98b47467d73532dc394354e,.css,1,7292.0,True,False,False,0,,0
https://iclass.tku.edu.tw/static/58791.0d781150.js,200,raw/iclass.tku.edu.tw/static/58791.0d781150.js,80424,application/javascript,6bc15db49c6d533ef9bd0a34645266e34e52735c3f1ecab26a069d895683ccc4,.js,1,80424.0,True,True,False,0,,0
https://iclass.tku.edu.tw/static/58960.1daf8fad.js,200,raw/iclass.tku.edu.tw/static/58960.1daf8fad.js,24002,application/javascript,54281c6be6971a3aff81738fe7a980456d82d0b694d183da2491c4337741bca6,.js,1,24002.0,True,True,False,0,,0
https://iclass.tku.edu.tw/static/58977.171e1344.js,200,raw/iclass.tku.edu.tw/static/58977.171e1344.js,14066,application/javascript,a07f3c335a9b70595ef7c97808cf88a5a25fb5517e59d41bdfd9d8e6853106ac,.js,1,14066.0,True,True,False,0,,0
https://iclass.tku.edu.tw/static/58983-dd9baae6.js,200,raw/iclass.tku.edu.tw/static/58983-dd9baae6.js,27401,application/javascript,f25a1d98607d57f34dae2ada583bb716eea83c74ed53ea676347f60b3e3abc2e,.js,1,27401.0,True,True,False,0,,0
https://iclass.tku.edu.tw/static/58986.b8ea3e0e.js,200,raw/iclass.tku.edu.tw/static/58986.b8ea3e0e.js,1973,application/javascript,c29475a2485a1011edf78618456a922b8e2cc59dd7937c9bf0912e867baf506a,.js,1,1973.0,True,True,False,0,,0
https://iclass.tku.edu.tw/static/59127-e4158134.chunk.css,200,raw/iclass.tku.edu.tw/static/59127-e4158134.chunk.css,2421,text/css,894f57de9679facb3129e386309eef097dd27a47cde754c50bc90ee103496a53,.css,1,2421.0,True,False,False,0,,0
https://iclass.tku.edu.tw/static/59127.d25a97b1.js,200,raw/iclass.tku.edu.tw/static/59127.d25a97b1.js,4354,application/javascript,af9b27f65c11e22b6f08e8fe89e8630e58b2106e3167a4428322f20af134fd83,.js,1,4354.0,True,True,False,0,,0
https://iclass.tku.edu.tw/static/59241-2c6c4de7.chunk.css,200,raw/iclass.tku.edu.tw/static/59241-2c6c4de7.chunk.css,2489,text/css,781d4751c9ba96dd49434c358d057e43e0d94ebbbeb424100da00aed1fce006f,.css,1,2489.0,True,False,False,0,,0
https://iclass.tku.edu.tw/static/59241.4f8fae2d.js,200,raw/iclass.tku.edu.tw/static/59241.4f8fae2d.js,15574,application/javascript,aeb67e272ecb793b3a62713a2fc69fbb2686fd7fe260c90d6d83c8c0de987efe,.js,1,15574.0,True,True,False,0,,0
https://iclass.tku.edu.tw/static/59246.8d60d936.js,200,raw/iclass.tku.edu.tw/static/59246.8d60d936.js,13091,application/javascript,11fafecad361fc4d5c7aef4095b28a0a6a75160063bad62fa0b032ec72cf686c,.js,1,13091.0,True,True,False,0,,0
https://iclass.tku.edu.tw/static/59414.7893dd9b.js,200,raw/iclass.tku.edu.tw/static/59414.7893dd9b.js,6287,application/javascript,a1cf4f3291f4feb93b729ec971f47281a39eaee86b0108846808d247dcb99a34,.js,1,6287.0,True,True,False,0,,0
https://iclass.tku.edu.tw/static/59576.7aadb53f.js,200,raw/iclass.tku.edu.tw/static/59576.7aadb53f.js,369118,application/javascript,77e5c31edde0b221256ed48b571c5960a9f4301062b0f85243626441716f78bb,.js,1,369118.0,True,True,False,0,,0
https://iclass.tku.edu.tw/static/59611-4fe84569.chunk.css,200,raw/iclass.tku.edu.tw/static/59611-4fe84569.chunk.css,425,text/css,ded779e9776f5c22f0551084695e552462f3d62686e8c7464c3a375704bd0baa,.css,1,425.0,True,False,False,0,,0
https://iclass.tku.edu.tw/static/59611.26dbf0b9.js,200,raw/iclass.tku.edu.tw/static/59611.26dbf0b9.js,8756,application/javascript,aad01149069af1dc8a10a27530a635cbb9b20ac9c2a292d992dc294cd41d343b,.js,1,8756.0,True,True,False,0,,0
https://iclass.tku.edu.tw/static/59661-d1719dd8.chunk.css,200,raw/iclass.tku.edu.tw/static/59661-d1719dd8.chunk.css,84,text/css,83b232d573fc9f689fed211d42b022490485f98982d5d3ec15baef40795b42d9,.css,1,84.0,True,False,False,0,,0
https://iclass.tku.edu.tw/static/59661.91f42efe.js,200,raw/iclass.tku.edu.tw/static/59661.91f42efe.js,354,application/javascript,6b3c9f3dbccf69bbcacff01107f9ee7f4b34b5f5a9798cea29844d4e31fe3a93,.js,1,354.0,True,True,False,0,,0
https://iclass.tku.edu.tw/static/59886.f34b09d1.js,200,raw/iclass.tku.edu.tw/static/59886.f34b09d1.js,122816,application/javascript,cc3a2f31699a600f0933d84920a06181b0d3588b233eb2b027b537d740bb7f52,.js,1,122816.0,True,True,False,0,,0
https://iclass.tku.edu.tw/static/59925-af926177.js,200,raw/iclass.tku.edu.tw/static/59925-af926177.js,403033,application/javascript,7f326d1fc9ff49ff4c0d7e25d6a7e576363e9f1f037d2c8c68baec70a1f056e7,.js,1,403033.0,True,True,False,0,,0
https://iclass.tku.edu.tw/static/59931.099d6bf9.js,200,raw/iclass.tku.edu.tw/static/59931.099d6bf9.js,28528,application/javascript,ae0004bdb26509f503d5e67e32cac756a92dc9fcaaa084f487a1d2dec8e39cf0,.js,1,28528.0,True,True,False,0,,0
https://iclass.tku.edu.tw/static/59988-09b8540a.js,200,raw/iclass.tku.edu.tw/static/59988-09b8540a.js,48441,application/javascript,0c76c5843861ad9251e626308fa485912677687cf376226b0c584ddb170c3a24,.js,1,48441.0,True,True,False,0,,0
https://iclass.tku.edu.tw/static/60004-96de9cbd.chunk.css,200,raw/iclass.tku.edu.tw/static/60004-96de9cbd.chunk.css,7369,text/css,30099e008b2b891d01d2927786c1f1088393a4eb86fa954055ef22d57e814304,.css,1,7369.0,True,False,False,0,,0
https://iclass.tku.edu.tw/static/60004.6cb01d76.js,200,raw/iclass.tku.edu.tw/static/60004.6cb01d76.js,29011,application/javascript,55970130211ad5fa476e1a8cd720ec59dff73d99f16ac7c2febef72c0bd218a9,.js,1,29011.0,True,True,False,0,,0
https://iclass.tku.edu.tw/static/60088.2732e1e3.js,200,raw/iclass.tku.edu.tw/static/60088.2732e1e3.js,1265,application/javascript,05c0b08e3028f988f9f75da5e58829b9ab98565d47e79a80df53bbd4aedde15b,.js,1,1265.0,True,True,False,0,,0
https://iclass.tku.edu.tw/static/60532.d6392c70.js,200,raw/iclass.tku.edu.tw/static/60532.d6392c70.js,25913,application/javascript,60599e1e65845a604e6431efc73fbd9f3471014b5c9e23614aa67025ddadcc8c,.js,1,25913.0,True,True,False,0,,0
https://iclass.tku.edu.tw/static/60648.4f93b3a9.js,200,raw/iclass.tku.edu.tw/static/60648.4f93b3a9.js,150157,application/javascript,77cd50f2e51fb9ff275eab8aaef71b157e8ee9be40def331f3ddb9451f4dc578,.js,1,150157.0,True,True,False,0,,0
https://iclass.tku.edu.tw/static/6066.db556320.js,200,raw/iclass.tku.edu.tw/static/6066.db556320.js,2400,application/javascript,b8c5fcadcbdb5e604b6dc13ce8022f18e528b98f63030f05c12c71a6405c40d3,.js,1,2400.0,True,True,False,0,,0
https://iclass.tku.edu.tw/static/60732-849ce1e5.chunk.css,200,raw/iclass.tku.edu.tw/static/60732-849ce1e5.chunk.css,25331,text/css,f709d371f975090bdf2dab9ba5938457f5ee95e7391c1bf95047f4ceefee263e,.css,1,25331.0,True,False,False,0,,0
https://iclass.tku.edu.tw/static/60732.b5cf7bfd.js,200,raw/iclass.tku.edu.tw/static/60732.b5cf7bfd.js,31199,application/javascript,e40ce24a61e100ed2b36a96fb742ca8fca7a872f5c0ccfdf47494766be7811df,.js,1,31199.0,True,True,False,0,,0
https://iclass.tku.edu.tw/static/60797-e6b2c218.chunk.css,200,raw/iclass.tku.edu.tw/static/60797-e6b2c218.chunk.css,5741,text/css,4e8e1f1feca517b1ef47b1370012ff19d765e82f24301eac41107b5938602282,.css,1,5741.0,True,False,False,0,,0
https://iclass.tku.edu.tw/static/60797.036cfe1d.js,200,raw/iclass.tku.edu.tw/static/60797.036cfe1d.js,16052,application/javascript,508ec8a7c08f5f51deac184aaa92ca341c84e3fcd2e9f21ba6bfaf5cd52af008,.js,1,16052.0,True,True,False,0,,0
https://iclass.tku.edu.tw/static/60808.eaed23a8.js,200,raw/iclass.tku.edu.tw/static/60808.eaed23a8.js,12157,application/javascript,a3eef8e9a1af64feef8e50d6124d3ed4706766c31cb58eb387bdba5773d054e5,.js,1,12157.0,True,True,False,0,,0
https://iclass.tku.edu.tw/static/60859-2c42871a.js,200,raw/iclass.tku.edu.tw/static/60859-2c42871a.js,36906,application/javascript,f447afc043fec852d6131c3f216e271fe3dc1ed99d85e154b6b6d4b5d8e922e5,.js,1,36906.0,True,True,False,0,,0
https://iclass.tku.edu.tw/static/61116.cffc9940.js,200,raw/iclass.tku.edu.tw/static/61116.cffc9940.js,18803,application/javascript,0a7b449051ec0646da4310f6258f2994ae3c0896d5bac54ee55e61eb101a39b5,.js,1,18803.0,True,True,False,0,,0
https://iclass.tku.edu.tw/static/61141.8306379c.js,200,raw/iclass.tku.edu.tw/static/61141.8306379c.js,106236,application/javascript,539396aa293626e2f05714c186e6b1df30a1e355de2e64c0a1a939a8f472254e,.js,1,106236.0,True,True,False,0,,0
https://iclass.tku.edu.tw/static/61268.45d99379.js,200,raw/iclass.tku.edu.tw/static/61268.45d99379.js,58819,application/javascript,16382f0d37b24d4fb460b4ceaba39b74ad0ab3340d6334f41bc4ba122d4ac1db,.js,1,58819.0,True,True,False,0,,0
https://iclass.tku.edu.tw/static/61362-6401467b.chunk.css,200,raw/iclass.tku.edu.tw/static/61362-6401467b.chunk.css,18500,text/css,8d49236ef5773ebe6ae26d8b7039b24c5bd41d8ad0459088614e859b99a8e612,.css,1,18500.0,True,False,False,0,,0
https://iclass.tku.edu.tw/static/61362.bfd86d99.js,200,raw/iclass.tku.edu.tw/static/61362.bfd86d99.js,19622,application/javascript,257c188d552c1f5104f2185883365246d67ac36743f6f9a4b7846ba5a6b8f90b,.js,1,19622.0,True,True,False,0,,0
https://iclass.tku.edu.tw/static/61400-f3dd42a4.chunk.css,200,raw/iclass.tku.edu.tw/static/61400-f3dd42a4.chunk.css,9756,text/css,b32f90108750535dfcd2551dbf9382908dd572b627f0969f8370d0632e6b750c,.css,1,9756.0,True,False,False,0,,0
https://iclass.tku.edu.tw/static/61400.78d9abe8.js,200,raw/iclass.tku.edu.tw/static/61400.78d9abe8.js,62755,application/javascript,215ff12096e8392a788181134f5fb46d228d5c03e459e142ccaaac0b2c9412b3,.js,1,62755.0,True,True,False,0,,0
https://iclass.tku.edu.tw/static/61409-cf835457.js,200,raw/iclass.tku.edu.tw/static/61409-cf835457.js,786275,application/javascript,3d13d23916949d3c7f2fcf12cc0b529d293f662fc7594b418ec66cfe540aa6cb,.js,1,786275.0,True,True,False,0,,0
https://iclass.tku.edu.tw/static/61479.770d5a68.js,200,raw/iclass.tku.edu.tw/static/61479.770d5a68.js,73268,application/javascript,ffb30a81d129bf8fe60d35695a87b17e73566198c4e6a2fdc91b4417ce91632e,.js,1,73268.0,True,True,False,0,,0
https://iclass.tku.edu.tw/static/61813-f9d62ef1.chunk.css,200,raw/iclass.tku.edu.tw/static/61813-f9d62ef1.chunk.css,4886,text/css,86d66984a5f0925f71b90609ec178249e36091d1d3861aa02ce8819a555f13bb,.css,1,4886.0,True,False,False,0,,0
https://iclass.tku.edu.tw/static/61813.953957a8.js,200,raw/iclass.tku.edu.tw/static/61813.953957a8.js,58421,application/javascript,ebaea3dfceea03d8f431f4032c3a11ac1e583bb95a0439f3c7fd89aca53655d5,.js,1,58421.0,True,True,False,0,,0
https://iclass.tku.edu.tw/static/61827.21c6f16e.js,200,raw/iclass.tku.edu.tw/static/61827.21c6f16e.js,88745,application/javascript,47bfd239d1c2ecdb81fbc3bebcf1f725dc5b9e93713701f2721302c8071ef490,.js,1,88745.0,True,True,False,0,,0
https://iclass.tku.edu.tw/static/6194-2099889d.chunk.css,200,raw/iclass.tku.edu.tw/static/6194-2099889d.chunk.css,19830,text/css,ca6924102eb2ae60929ce7d6341aaf6c36de8b36196718e78574292fc471a29b,.css,1,19830.0,True,False,False,0,,0
https://iclass.tku.edu.tw/static/6194.9278dbfd.js,200,raw/iclass.tku.edu.tw/static/6194.9278dbfd.js,12336,application/javascript,21625ab66604fe0bb778a5befcb2b5abe14d548838c1895e212e955293701a02,.js,1,12336.0,True,True,False,0,,0
https://iclass.tku.edu.tw/static/61977.30ecd202.js,200,raw/iclass.tku.edu.tw/static/61977.30ecd202.js,2425,application/javascript,6b79fc24b7ad42ebeb5b086571694e7f0cd0eb57ea353ddc1e2c2f7ffaddf5b6,.js,1,2425.0,True,True,False,0,,0
https://iclass.tku.edu.tw/static/62383.f956d0b8.js,200,raw/iclass.tku.edu.tw/static/62383.f956d0b8.js,42849,application/javascript,b17025a193cb07254d7d8413b9999d4d072421f14b951eff93a4642f802b2469,.js,1,42849.0,True,True,False,0,,0
https://iclass.tku.edu.tw/static/62431-eea2ade2.chunk.css,200,raw/iclass.tku.edu.tw/static/62431-eea2ade2.chunk.css,56,text/css,cebfa10d9d2521dbef94b1a74c18312aa55520794357423946cced5f32b3cfda,.css,1,56.0,True,False,False,0,,0
https://iclass.tku.edu.tw/static/62431.78010141.js,200,raw/iclass.tku.edu.tw/static/62431.78010141.js,10488,application/javascript,b00aab0d0dfa17787da6958a1d85b29a8a5bd97ef7653da2a505698bf7f22410,.js,1,10488.0,True,True,False,0,,0
https://iclass.tku.edu.tw/static/62481-17fb0552.css,200,raw/iclass.tku.edu.tw/static/62481-17fb0552.css,16248,text/css,dcea87b1ecb162bee2587264d54e99ea9b75c14b159057b554009cce6fd9fed2,.css,1,16248.0,True,False,False,0,,0
https://iclass.tku.edu.tw/static/6258.d663801d.js,200,raw/iclass.tku.edu.tw/static/6258.d663801d.js,2643,application/javascript,2fc62326772dd267bbf49fa5ae6250b7ba51e6a0dda136ea25d7e9654f22757f,.js,1,2643.0,True,True,False,0,,0
https://iclass.tku.edu.tw/static/62691.5eda5538.js,200,raw/iclass.tku.edu.tw/static/62691.5eda5538.js,5224,application/javascript,18c9f9c71ed2714794890babbe51acb72c90de95e0dd78a499e4ae38d809a24c,.js,1,5224.0,True,True,False,0,,0
https://iclass.tku.edu.tw/static/62699.d8a837e2.js,200,raw/iclass.tku.edu.tw/static/62699.d8a837e2.js,20315,application/javascript,59d034e26841dd02174dcc6ccaab821637d91395604eaf83150e42ea97ce92aa,.js,1,20315.0,True,True,False,0,,0
https://iclass.tku.edu.tw/static/62893-20da0904.js,200,raw/iclass.tku.edu.tw/static/62893-20da0904.js,93965,application/javascript,adc8a26091e411a86ed1fb1a9e8b06cf09f1dd2f396402527e936bd496ee7262,.js,1,93965.0,True,True,False,0,,0
https://iclass.tku.edu.tw/static/62964.d4f645ea.js,200,raw/iclass.tku.edu.tw/static/62964.d4f645ea.js,2398,application/javascript,1aad12bfba16b1ac35fb6eb5940a3f408401e1a18927bc07de204ca076359627,.js,1,2398.0,True,True,False,0,,0
https://iclass.tku.edu.tw/static/63203-c76e4083.chunk.css,200,raw/iclass.tku.edu.tw/static/63203-c76e4083.chunk.css,66,text/css,b4f511aee4c95e1d33c5c02f4add4bd0da80b4fe11f26184ee21988e5f019a43,.css,1,66.0,True,False,False,0,,0
https://iclass.tku.edu.tw/static/63203.dad5d7b0.js,200,raw/iclass.tku.edu.tw/static/63203.dad5d7b0.js,74467,application/javascript,cdaa0f887a01c9fc571a02c0c31602179548ae826b62c6d7dcc86fa7a753f1a7,.js,1,74467.0,True,True,False,0,,0
https://iclass.tku.edu.tw/static/63226-bccf16b4.chunk.css,200,raw/iclass.tku.edu.tw/static/63226-bccf16b4.chunk.css,2843,text/css,65e274818ed80362e32979af5654bb738690d0a55e4cbf2d3215c1b67882bf94,.css,1,2843.0,True,False,False,0,,0
https://iclass.tku.edu.tw/static/63226.ebd683a4.js,200,raw/iclass.tku.edu.tw/static/63226.ebd683a4.js,4958,application/javascript,92fbf1b975fcfa8ea355b0c50129b1a9984c8be38a5db29ccb6ede666f19374a,.js,1,4958.0,True,True,False,0,,0
https://iclass.tku.edu.tw/static/63256.4f5f228e.js,200,raw/iclass.tku.edu.tw/static/63256.4f5f228e.js,36975,application/javascript,5b20b92519ec9b507ed377cd2ccf73368471d2790aae1a1e0e395a6b02783ff6,.js,1,36975.0,True,True,False,0,,0
https://iclass.tku.edu.tw/static/63294.a7cff4a3.js,200,raw/iclass.tku.edu.tw/static/63294.a7cff4a3.js,21347,application/javascript,3be1eb6fc66e60b6383dd71ccb2fc02adec0550c25628b38fe5c7efa269b98e5,.js,1,21347.0,True,True,False,0,,0
https://iclass.tku.edu.tw/static/63328.1e42b11a.js,200,raw/iclass.tku.edu.tw/static/63328.1e42b11a.js,564,application/javascript,a9924c4ee54ed3f9794593c1987d797fce858113cb092b2725ba303537cdbc58,.js,1,564.0,True,True,False,0,,0
https://iclass.tku.edu.tw/static/63343-78726a68.js,200,raw/iclass.tku.edu.tw/static/63343-78726a68.js,66703,application/javascript,e307720cce2efa079c7e34effb5fd2ca15a1c842438d93a731591cd1915e47f7,.js,1,66703.0,True,True,False,0,,0
https://iclass.tku.edu.tw/static/63347.c2a6cda9.js,200,raw/iclass.tku.edu.tw/static/63347.c2a6cda9.js,10498,application/javascript,b21359e92926472bce5da56e91a27c185a4befc6ce37216b0a3092de1314c7e7,.js,1,10498.0,True,True,False,0,,0
https://iclass.tku.edu.tw/static/63394-9ecb7d75.chunk.css,200,raw/iclass.tku.edu.tw/static/63394-9ecb7d75.chunk.css,10127,text/css,261e411e333b7aa80f32130f737639728fca0171d5776a67b74f0cf380654049,.css,1,10127.0,True,False,False,0,,0
https://iclass.tku.edu.tw/static/63394.db235a9c.js,200,raw/iclass.tku.edu.tw/static/63394.db235a9c.js,14779,application/javascript,c22a2d81cad4dfecaeb15c8bfdb4726a3f7c07a976fe7f12c72f2c4c615856d7,.js,1,14779.0,True,True,False,0,,0
https://iclass.tku.edu.tw/static/63534.15e051cd.js,200,raw/iclass.tku.edu.tw/static/63534.15e051cd.js,2425,application/javascript,a2d376899820e20e3f2acb6792222542ea909fc82ad1eb1e450cb71e5c5b6136,.js,1,2425.0,True,True,False,0,,0
https://iclass.tku.edu.tw/static/63597-394f2191.chunk.css,200,raw/iclass.tku.edu.tw/static/63597-394f2191.chunk.css,53,text/css,9d35f81969f618d009747be82649e0f4cbc5836e1f35e6e7139803d98e08c8c1,.css,1,53.0,True,False,False,0,,0
https://iclass.tku.edu.tw/static/63597.18a3e573.js,200,raw/iclass.tku.edu.tw/static/63597.18a3e573.js,3774,application/javascript,b4b5a5114161bbb7b2bf5e18ab17b5dd7f7e1b1d0f4ca59643fd78136ac0cecb,.js,1,3774.0,True,True,False,0,,0
https://iclass.tku.edu.tw/static/63694.55639e9f.js,200,raw/iclass.tku.edu.tw/static/63694.55639e9f.js,2811,application/javascript,c01c40ffe5e08897ba96b93a90e76fdda9812d16f380d05a75db80a0e3aa2679,.js,1,2811.0,True,True,False,0,,0
https://iclass.tku.edu.tw/static/63756-2279254e.js,200,raw/iclass.tku.edu.tw/static/63756-2279254e.js,57058,application/javascript,c720e42b5df848d2876df1fec5bf83b193129c50e92c98879881de80c14e9233,.js,1,57058.0,True,True,False,0,,0
https://iclass.tku.edu.tw/static/63893.03385094.js,200,raw/iclass.tku.edu.tw/static/63893.03385094.js,5072,application/javascript,88219f27b59b0ece5e11664bf9bd61ec79f38c2c4dd496072e48a865df06091c,.js,1,5072.0,True,True,False,0,,0
https://iclass.tku.edu.tw/static/63918-d58e56c6.chunk.css,200,raw/iclass.tku.edu.tw/static/63918-d58e56c6.chunk.css,8450,text/css,079a0f956266708fa832fd3fb8a91f5792c027811549966498f10a46db67d743,.css,1,8450.0,True,False,False,0,,0
https://iclass.tku.edu.tw/static/63918.0915f565.js,200,raw/iclass.tku.edu.tw/static/63918.0915f565.js,44410,application/javascript,c0f64ea31c55df856c47036fd9bfe19d91449c3ca82d73ca821693f1a735ad88,.js,1,44410.0,True,True,False,0,,0
https://iclass.tku.edu.tw/static/64096-b5691886.chunk.css,200,raw/iclass.tku.edu.tw/static/64096-b5691886.chunk.css,1622,text/css,ea955eae27c3351fb9458d831416233bfe19ed87410304d69e7f930a5ae19c50,.css,1,1622.0,True,False,False,0,,0
https://iclass.tku.edu.tw/static/64096.4838f616.js,200,raw/iclass.tku.edu.tw/static/64096.4838f616.js,3181,application/javascript,2f58da7380929800f02545873607bb31a4ce045756b5cb57eb2d5facdd0d89a1,.js,1,3181.0,True,True,False,0,,0
https://iclass.tku.edu.tw/static/6411.2a21fe06.js,200,raw/iclass.tku.edu.tw/static/6411.2a21fe06.js,107546,application/javascript,b9df7ae6809aa7499d33fece14193f22750cef220982ec71d3c9caa949756d71,.js,1,107546.0,True,True,False,0,,0
https://iclass.tku.edu.tw/static/64274.801be9be.js,200,raw/iclass.tku.edu.tw/static/64274.801be9be.js,67313,application/javascript,9b018d93e7445a068f00ddd63ac629d3adc2bc399094e3667c1804fe2ccbda9d,.js,1,67313.0,True,True,False,0,,0
https://iclass.tku.edu.tw/static/64288-e49c4b74.chunk.css,200,raw/iclass.tku.edu.tw/static/64288-e49c4b74.chunk.css,1218,text/css,351174a47c96f6f6ea894c60baef7076dfe34936b90e3c195b7bcfbe598e6b47,.css,1,1218.0,True,False,False,0,,0
https://iclass.tku.edu.tw/static/64288.4ba4300d.js,200,raw/iclass.tku.edu.tw/static/64288.4ba4300d.js,13231,application/javascript,79c475049813f52f1c02eeead2c7d9ca736c028cec60651be593d35572777bb2,.js,1,13231.0,True,True,False,0,,0
https://iclass.tku.edu.tw/static/64422.c3faf34c.js,200,raw/iclass.tku.edu.tw/static/64422.c3faf34c.js,19811,application/javascript,288e61e4c993b65f061bfab45f4aef272f42947f558966e8a6e41371a753ea5c,.js,1,19811.0,True,True,False,0,,0
https://iclass.tku.edu.tw/static/64524-c1849d25.chunk.css,200,raw/iclass.tku.edu.tw/static/64524-c1849d25.chunk.css,11297,text/css,11d7a7b1d556e23b8967b7af105c13afbc7b6b2a9bec8c61812df6f88e2e5e62,.css,1,11297.0,True,False,False,0,,0
https://iclass.tku.edu.tw/static/64524.d80152af.js,200,raw/iclass.tku.edu.tw/static/64524.d80152af.js,68484,application/javascript,1f30c06e39c8ceca717ed0c58264b7eb9b8c90079f5647af5835a0035c6ba416,.js,1,68484.0,True,True,False,0,,0
https://iclass.tku.edu.tw/static/64608.9531c22f.js,200,raw/iclass.tku.edu.tw/static/64608.9531c22f.js,75272,application/javascript,a12bfcc768b5877ab98bc46679508d47579b7c14966c0c2eb7b56c9766e93717,.js,1,75272.0,True,True,False,0,,0
https://iclass.tku.edu.tw/static/64611.ccf22dfb.js,200,raw/iclass.tku.edu.tw/static/64611.ccf22dfb.js,2983,application/javascript,4b090c1aef8c6f4c52f3dd5e2f1d77b09898b49714881a29981d0f91fca4fab4,.js,1,2983.0,True,True,False,0,,0
https://iclass.tku.edu.tw/static/64727-2fa6f7b7.chunk.css,200,raw/iclass.tku.edu.tw/static/64727-2fa6f7b7.chunk.css,11443,text/css,b08804f42aa6ac20a8e039bd7577cd8e71336cad658e1308cfd8ad925ea18217,.css,1,11443.0,True,False,False,0,,0
https://iclass.tku.edu.tw/static/64727.776678f0.js,200,raw/iclass.tku.edu.tw/static/64727.776678f0.js,21853,application/javascript,80cbbd5a0f6bebbc7c92bd8e5260f69e33fc08ac4609eae091a3fc2ad789d931,.js,1,21853.0,True,True,False,0,,0
https://iclass.tku.edu.tw/static/6485-9ef9b8a8.js,200,raw/iclass.tku.edu.tw/static/6485-9ef9b8a8.js,42722,application/javascript,3286ddac5d91577a4fd8c5de61b8849c2cd14899773ae1ce4becaee87845cff0,.js,1,42722.0,True,True,False,0,,0
https://iclass.tku.edu.tw/static/64911-bfa95e02.chunk.css,200,raw/iclass.tku.edu.tw/static/64911-bfa95e02.chunk.css,7363,text/css,c89feae8dba82fdba2cd9afc964b5ab8da2af955f9fa21befb13635476bf7488,.css,1,7363.0,True,False,False,0,,0
https://iclass.tku.edu.tw/static/64911.6928a4ad.js,200,raw/iclass.tku.edu.tw/static/64911.6928a4ad.js,29110,application/javascript,3309c596f629d0bc84af1f5a7270756d1e87854ae32bf0bf03e3148cf2a63658,.js,1,29110.0,True,True,False,0,,0
https://iclass.tku.edu.tw/static/64918.24ecb27b.js,200,raw/iclass.tku.edu.tw/static/64918.24ecb27b.js,2154,application/javascript,3dfd42b3ddd3aa6b2f8d5ac8e71fee7511da44226d14bc53892e0d74b6537d8a,.js,1,2154.0,True,True,False,0,,0
https://iclass.tku.edu.tw/static/651.c5c890af.js,200,raw/iclass.tku.edu.tw/static/651.c5c890af.js,1584,application/javascript,56551793c73974d47a77a1709d739c60c95077c7c0640597957daba86b81fb68,.js,1,1584.0,True,True,False,0,,0
https://iclass.tku.edu.tw/static/65174.dce3e42d.js,200,raw/iclass.tku.edu.tw/static/65174.dce3e42d.js,16902,application/javascript,2cf85b796ed21cd89bb3a19bd177446f9ad54ba5c20f29685e385b88aeac7644,.js,1,16902.0,True,True,False,0,,0
https://iclass.tku.edu.tw/static/65396.0ed9096a.js,200,raw/iclass.tku.edu.tw/static/65396.0ed9096a.js,77429,application/javascript,60cd52215cd56b8d356e7c9b36c7401eaf3ce4cfbc39ec0148d5f3fa717d5400,.js,1,77429.0,True,True,False,0,,0
https://iclass.tku.edu.tw/static/65748-ba313536.css,200,raw/iclass.tku.edu.tw/static/65748-ba313536.css,436607,text/css,ef6ab9c3c1c9a4465dda2ff6c5c01c5dd5804841dab23cbf74a08c945ea9fad5,.css,1,436607.0,True,False,False,0,,0
https://iclass.tku.edu.tw/static/66196.9954a543.js,200,raw/iclass.tku.edu.tw/static/66196.9954a543.js,12233,application/javascript,31c8f0fce3f67624166d6f20236027253fa87eae3fced1f9542cabb3dd6184ca,.js,1,12233.0,True,True,False,0,,0
https://iclass.tku.edu.tw/static/66278-ce5b93dc.chunk.css,200,raw/iclass.tku.edu.tw/static/66278-ce5b93dc.chunk.css,4563,text/css,014d8d0949424f15a822b446a677607cacabfc74eba6a6aed47eb70cf75e22a2,.css,1,4563.0,True,False,False,0,,0
https://iclass.tku.edu.tw/static/66278.7b246336.js,200,raw/iclass.tku.edu.tw/static/66278.7b246336.js,23244,application/javascript,3543288e661af5346b3f6f49217aa6569491fe86e4d9089d25f19fac09907b34,.js,1,23244.0,True,True,False,0,,0
https://iclass.tku.edu.tw/static/66297-894f4440.chunk.css,200,raw/iclass.tku.edu.tw/static/66297-894f4440.chunk.css,25285,text/css,66bdc7d6185779545b5e229b37662144ece4734bc22a035fc65e8650f5f4ddba,.css,1,25285.0,True,False,False,0,,0
https://iclass.tku.edu.tw/static/66297.0d3af197.js,200,raw/iclass.tku.edu.tw/static/66297.0d3af197.js,71406,application/javascript,412bfe196ee3c34ec6813a5f0940a4b4ccdaea1ece316928b65459192f8d3fa9,.js,1,71406.0,True,True,False,0,,0
https://iclass.tku.edu.tw/static/66340.0dccdcc1.js,200,raw/iclass.tku.edu.tw/static/66340.0dccdcc1.js,28704,application/javascript,b8464672abffa66e2ba69394944ecdb2cc2bdef5e4c2b4835d9c1a25c3f027ba,.js,1,28704.0,True,True,False,0,,0
https://iclass.tku.edu.tw/static/66352.14f63935.js,200,raw/iclass.tku.edu.tw/static/66352.14f63935.js,31259,application/javascript,de1eecd59380884e0fc2e6d0b8652ca66a616dc11b8d098bea9d79bbf0840aa6,.js,1,31259.0,True,True,False,0,,0
https://iclass.tku.edu.tw/static/6641-b0587888.js,200,raw/iclass.tku.edu.tw/static/6641-b0587888.js,51020,application/javascript,fc60dc93a67956a4822d879c252cc9dbd48e00ec4d90197efaa53b6d52cdf8aa,.js,1,51020.0,True,True,False,0,,0
https://iclass.tku.edu.tw/static/66491-8f0068cd.js,200,raw/iclass.tku.edu.tw/static/66491-8f0068cd.js,20461,application/javascript,8a696c47b5ed750d147e5a7f9e0f3374c3e39d92d536fcdae44906829934df3c,.js,1,20461.0,True,True,False,0,,0
https://iclass.tku.edu.tw/static/66498.ce4f1ab9.js,200,raw/iclass.tku.edu.tw/static/66498.ce4f1ab9.js,60134,application/javascript,8cd11639c0ea7f387e7bbccc775de345f3bbe04fa3ee75ecfcbff2057a2a83b1,.js,1,60134.0,True,True,False,0,,0
https://iclass.tku.edu.tw/static/66543.3ea1411c.js,200,raw/iclass.tku.edu.tw/static/66543.3ea1411c.js,158,application/javascript,a545666d2b52d40c654b2de445053a6a4b8c1d95991573a6484fa863bb64a84f,.js,1,158.0,True,True,False,0,,0
https://iclass.tku.edu.tw/static/66563.ae6e7541.js,200,raw/iclass.tku.edu.tw/static/66563.ae6e7541.js,35303,application/javascript,7aba5f934996b8e9add4ebcfa7723ae479a68fb7113485952857e6f4ae916087,.js,1,35303.0,True,True,False,0,,0
https://iclass.tku.edu.tw/static/6670.d8c7a443.js,200,raw/iclass.tku.edu.tw/static/6670.d8c7a443.js,11392,application/javascript,8a7a09020a4eff8a3e0b32127d3fc2c77be48a160390fb22607c1df515acbf43,.js,1,11392.0,True,True,False,0,,0
https://iclass.tku.edu.tw/static/66800-fcc30290.js,200,raw/iclass.tku.edu.tw/static/66800-fcc30290.js,30608,application/javascript,169040e43eea0cfb6eee74b200b2ce75d2f7d01393efd72d0deb1c367dd961c2,.js,1,30608.0,True,True,False,0,,0
https://iclass.tku.edu.tw/static/66818.a7791db6.js,200,raw/iclass.tku.edu.tw/static/66818.a7791db6.js,19668,application/javascript,f791d73b1866f60baf028c5b0ef1f87477dfbaa6bf6e6154e32138e3eb80d6f6,.js,1,19668.0,True,True,False,0,,0
https://iclass.tku.edu.tw/static/66824.03546cd1.js,200,raw/iclass.tku.edu.tw/static/66824.03546cd1.js,2335,application/javascript,1d5eef989de5ee4c51a015378cc31725900ec5f24ede234559553f9203dcb04a,.js,1,2335.0,True,True,False,0,,0
https://iclass.tku.edu.tw/static/6696.09ad5e2b.js,200,raw/iclass.tku.edu.tw/static/6696.09ad5e2b.js,36875,application/javascript,2b146e57b412081f5b8da3d5d3d58388499742d5b8841c587ca7f0ed815ef151,.js,1,36875.0,True,True,False,0,,0
https://iclass.tku.edu.tw/static/67104-29e7c17e.chunk.css,200,raw/iclass.tku.edu.tw/static/67104-29e7c17e.chunk.css,25555,text/css,e58912d9976b0d3ace7857b30167b34d58aff4d34e6e8b2b87147c8032aa59df,.css,1,25555.0,True,False,False,0,,0
https://iclass.tku.edu.tw/static/67104.f498ea14.js,200,raw/iclass.tku.edu.tw/static/67104.f498ea14.js,78862,application/javascript,74b9a480545294916329ef757147d2e9a50269c6db0ee0a984abc2f5ed70db37,.js,1,78862.0,True,True,False,0,,0
https://iclass.tku.edu.tw/static/67133.a68e0726.js,200,raw/iclass.tku.edu.tw/static/67133.a68e0726.js,29035,application/javascript,a2d5660c608c04232c2c239e65616d1b2414f8ec3c8a73485d742c3eda8781f3,.js,1,29035.0,True,True,False,0,,0
https://iclass.tku.edu.tw/static/67206.a13276c1.js,200,raw/iclass.tku.edu.tw/static/67206.a13276c1.js,2576,application/javascript,9a712a3ecb05b23b1552df50dae6bc02057d4fdc2492136ee3a41a8cee7bad14,.js,1,2576.0,True,True,False,0,,0
https://iclass.tku.edu.tw/static/67243.c3410563.js,200,raw/iclass.tku.edu.tw/static/67243.c3410563.js,142826,application/javascript,a5279564835b77d08dda80590012f6c76eff16b76d205549549b9f49e0d1462d,.js,1,142826.0,True,True,False,0,,0
https://iclass.tku.edu.tw/static/67409-e449dddc.chunk.css,200,raw/iclass.tku.edu.tw/static/67409-e449dddc.chunk.css,51,text/css,aabb5ae523cbff7a5385cc62365fda9f4b025fa028b1f7991ced0b0f21c31c09,.css,1,51.0,True,False,False,0,,0
https://iclass.tku.edu.tw/static/67409.a640391a.js,200,raw/iclass.tku.edu.tw/static/67409.a640391a.js,1129,application/javascript,1bbe5562a0b8183fe680b08816a6ffecd4ac883767ed9051de85d59fe33839cf,.js,1,1129.0,True,True,False,0,,0
https://iclass.tku.edu.tw/static/67853-6eb5a068.js,200,raw/iclass.tku.edu.tw/static/67853-6eb5a068.js,28438,application/javascript,19dfdf012559f026ca9fcfbc38a222cd0662e8e014c9b37eb2e0d1d5a5a8367b,.js,1,28438.0,True,True,False,0,,0
https://iclass.tku.edu.tw/static/67888-d4f94fbf.js,200,raw/iclass.tku.edu.tw/static/67888-d4f94fbf.js,50880,application/javascript,9a62ad90708176559f53fb1ded75a7cc8f19af5231b948f26a66eb86b9399bb0,.js,1,50880.0,True,True,False,0,,0
https://iclass.tku.edu.tw/static/68610.a1465cdd.js,200,raw/iclass.tku.edu.tw/static/68610.a1465cdd.js,70769,application/javascript,69561499e8c670911a5121ac812646b898aa9e1ee0b6e225c5acf0cc0018fd12,.js,1,70769.0,True,True,False,0,,0
https://iclass.tku.edu.tw/static/68782-b4e9343e.chunk.css,200,raw/iclass.tku.edu.tw/static/68782-b4e9343e.chunk.css,13498,text/css,9c7026850d943934d68b2a05711e1e7d380780dcfbb2fad60da3830942b2ee54,.css,1,13498.0,True,False,False,0,,0
https://iclass.tku.edu.tw/static/68782.43de5e33.js,200,raw/iclass.tku.edu.tw/static/68782.43de5e33.js,15021,application/javascript,0842472c506a28b93d85df5d9ca8d419dd9e6ad8b7df3e28633d646ac9a5b602,.js,1,15021.0,True,True,False,0,,0
https://iclass.tku.edu.tw/static/68805.0b299537.js,200,raw/iclass.tku.edu.tw/static/68805.0b299537.js,223868,application/javascript,8533df777e86ae60b89d7dce112a4555588a75f4efc243962b3037d76b5dc9b7,.js,1,223868.0,True,True,False,0,,0
https://iclass.tku.edu.tw/static/68924-a30f5597.js,200,raw/iclass.tku.edu.tw/static/68924-a30f5597.js,285956,application/javascript,76e0171208e4baf03a4b9afd09bf4559044435a6ed92851d1890632fdcdacdbd,.js,1,285956.0,True,True,False,0,,0
https://iclass.tku.edu.tw/static/68932.dcb81e7e.js,200,raw/iclass.tku.edu.tw/static/68932.dcb81e7e.js,4102,application/javascript,d9ef524bba1afac57b6e91ed9a56ce8a8729716c86e4cf26d5c095c08282c679,.js,1,4102.0,True,True,False,0,,0
https://iclass.tku.edu.tw/static/69119-8ff8637a.chunk.css,200,raw/iclass.tku.edu.tw/static/69119-8ff8637a.chunk.css,7765,text/css,9cd68b7997e2924df5074fff5148b05cae59861a49fbbf93a0ff7d398921cc5c,.css,1,7765.0,True,False,False,0,,0
https://iclass.tku.edu.tw/static/69119.3d53b5e8.js,200,raw/iclass.tku.edu.tw/static/69119.3d53b5e8.js,21151,application/javascript,d43762da4275ad307b17214ac2774e68d27e3d458f910d6605cf99c86ce4d28f,.js,1,21151.0,True,True,False,0,,0
https://iclass.tku.edu.tw/static/69310-5bfb4315.chunk.css,200,raw/iclass.tku.edu.tw/static/69310-5bfb4315.chunk.css,375,text/css,761c8c66c33be5a5d41bc17c46c4df230bc4e6782c237a124a848f7fc463ecc1,.css,1,375.0,True,False,False,0,,0
https://iclass.tku.edu.tw/static/69310.fb963ca0.js,200,raw/iclass.tku.edu.tw/static/69310.fb963ca0.js,3631,application/javascript,4694c455a9ad7c793912b38dddf682bbe43bab2559753ff3849ddee0812f44cf,.js,1,3631.0,True,True,False,0,,0
https://iclass.tku.edu.tw/static/69385-ee055694.chunk.css,200,raw/iclass.tku.edu.tw/static/69385-ee055694.chunk.css,7292,text/css,062ba50c1165b934801fce3abfeeddbc2c33f591b3c0b3ab7b24d94627c85134,.css,1,7292.0,True,False,False,0,,0
https://iclass.tku.edu.tw/static/69385.e9b89c36.js,200,raw/iclass.tku.edu.tw/static/69385.e9b89c36.js,80721,application/javascript,d097751d95485ab413a40f84ebcab2e6be6eba23560f3ac212ce561f4e3c5262,.js,1,80721.0,True,True,False,0,,0
https://iclass.tku.edu.tw/static/69491.6cdc5b39.js,200,raw/iclass.tku.edu.tw/static/69491.6cdc5b39.js,278558,application/javascript,b000cbea34de17bf482053642dc592d22aadb8c49a46ee577130937a46724595,.js,1,278558.0,True,True,False,0,,0
https://iclass.tku.edu.tw/static/69624.97c435f8.js,200,raw/iclass.tku.edu.tw/static/69624.97c435f8.js,117747,application/javascript,0123fdfd1109eaa033bc3e24b45e11ed6f10620dec2ee029628804bd004ec083,.js,1,117747.0,True,True,False,0,,0
https://iclass.tku.edu.tw/static/69818-74de9a75.chunk.css,200,raw/iclass.tku.edu.tw/static/69818-74de9a75.chunk.css,26935,text/css,0f78711f7f09d51d8e87a19689e2a796c09a28493e42c696ce65ce58cb86e8fc,.css,1,26935.0,True,False,False,0,,0
https://iclass.tku.edu.tw/static/69818.9b77c722.js,200,raw/iclass.tku.edu.tw/static/69818.9b77c722.js,71184,application/javascript,c0867cd482c07c68b751d8fb25dec0fb1cb9090c0c397194a552a07e3d5be9d4,.js,1,71184.0,True,True,False,0,,0
https://iclass.tku.edu.tw/static/69847-4ca30ed3.chunk.css,200,raw/iclass.tku.edu.tw/static/69847-4ca30ed3.chunk.css,7328,text/css,0c3315d6617d46ef538eaac3d870a24bb4affb8b10f1e8aa1f4c39f1d229fc1b,.css,1,7328.0,True,False,False,0,,0
https://iclass.tku.edu.tw/static/69847.a8ffeea2.js,200,raw/iclass.tku.edu.tw/static/69847.a8ffeea2.js,8975,application/javascript,45dabb3638746bf8d7691c10559e335b50b31c054bb4c1f59320a9b468509545,.js,1,8975.0,True,True,False,0,,0
https://iclass.tku.edu.tw/static/69895.09b1942e.js,200,raw/iclass.tku.edu.tw/static/69895.09b1942e.js,2014,application/javascript,74ccffce0ce1d1a4309f3894937c56b00b765eb9cb5373d11d8eac8b8cd2fac2,.js,1,2014.0,True,True,False,0,,0
https://iclass.tku.edu.tw/static/69931.fc821509.js,200,raw/iclass.tku.edu.tw/static/69931.fc821509.js,1850,application/javascript,c1d7ec8aebd13b9416c0091f6207a44442fbf7b052aad6fa23e9b0b234dbe7a4,.js,1,1850.0,True,True,False,0,,0
https://iclass.tku.edu.tw/static/70050-769538b7.js,200,raw/iclass.tku.edu.tw/static/70050-769538b7.js,59231,application/javascript,bb403c39afa1032ff5116f0058d1ad2c7c0fcd73eb5b0a83a98eb03f9edec4df,.js,1,59231.0,True,True,False,0,,0
https://iclass.tku.edu.tw/static/70397-3a79603d.chunk.css,200,raw/iclass.tku.edu.tw/static/70397-3a79603d.chunk.css,37903,text/css,335e21d384a99025475d08c9bcee47b6e8e113ceee8f7f29d0764abc89d59946,.css,1,37903.0,True,False,False,0,,0
https://iclass.tku.edu.tw/static/70397.ead32b01.js,200,raw/iclass.tku.edu.tw/static/70397.ead32b01.js,48587,application/javascript,100dc40686a0a0b23d6496cacb62786bfd388e644b9955647433c26756881980,.js,1,48587.0,True,True,False,0,,0
https://iclass.tku.edu.tw/static/70413.90f6375a.js,200,raw/iclass.tku.edu.tw/static/70413.90f6375a.js,134108,application/javascript,a9eba2e65d8c0df7674005302af43d557202e8beb35cc11f6cbd2991eb006c24,.js,1,134108.0,True,True,False,0,,0
https://iclass.tku.edu.tw/static/70452.c1254ddb.js,200,raw/iclass.tku.edu.tw/static/70452.c1254ddb.js,103074,application/javascript,689f08094c635e7220fb37b14e41e77cd440c827f2788fab4c91fe981a0c501c,.js,1,103074.0,True,True,False,0,,0
https://iclass.tku.edu.tw/static/70536.a9427994.js,200,raw/iclass.tku.edu.tw/static/70536.a9427994.js,16458,application/javascript,928bbab426d56c4128a92f4ee7116ecaf17e6d74add41067210b305a588502c2,.js,1,16458.0,True,True,False,0,,0
https://iclass.tku.edu.tw/static/70650-b5e8d981.js,200,raw/iclass.tku.edu.tw/static/70650-b5e8d981.js,535857,application/javascript,a5104036fc95f8350734fcb6a3b1d42a938ca78bfc2981f88ed2dbd2d148ecaf,.js,1,535857.0,True,True,False,0,,0
https://iclass.tku.edu.tw/static/70818-11026d4b.chunk.css,200,raw/iclass.tku.edu.tw/static/70818-11026d4b.chunk.css,11296,text/css,f05bb2c919ede45e7d33c9e9c6c044b6d62188a104960fb69208d4b6748566f0,.css,1,11296.0,True,False,False,0,,0
https://iclass.tku.edu.tw/static/70818.a58dcf76.js,200,raw/iclass.tku.edu.tw/static/70818.a58dcf76.js,84215,application/javascript,bb32b8508670679c30193bbfb59caf82621df754e55287c074c7d72cd054d00e,.js,1,84215.0,True,True,False,0,,0
https://iclass.tku.edu.tw/static/70925-f96a2676.chunk.css,200,raw/iclass.tku.edu.tw/static/70925-f96a2676.chunk.css,119962,text/css,7d4020ceb9e0ed75b0088bbce182b2f3e7d4c9e7fbc1109e3ecfb66bf23191c8,.css,1,119962.0,True,False,False,0,,0
https://iclass.tku.edu.tw/static/70925.0642e290.js,200,raw/iclass.tku.edu.tw/static/70925.0642e290.js,202023,application/javascript,5cbd31d2e15ba19425a3bc39fd98b08ae4b568dfe119f162416d1d81e08cdb33,.js,1,202023.0,True,True,False,0,,0
https://iclass.tku.edu.tw/static/71218.801909bf.js,200,raw/iclass.tku.edu.tw/static/71218.801909bf.js,21626,application/javascript,8b72afc102e4bc2e28d68624900cd540259fce9d54bb7fa4575ff2886fed0422,.js,1,21626.0,True,True,False,0,,0
https://iclass.tku.edu.tw/static/71307.f18bb4c2.js,200,raw/iclass.tku.edu.tw/static/71307.f18bb4c2.js,1393,application/javascript,995b7c06138936683ed52057768b2c9a31d8c4ec8bfed7b3e48b2710556222e8,.js,1,1393.0,True,True,False,0,,0
https://iclass.tku.edu.tw/static/71409.b3a7508b.js,200,raw/iclass.tku.edu.tw/static/71409.b3a7508b.js,74979,application/javascript,603852e8de3369a2e2e74044c672450e684c194bf466e1f0526a605fb325aa10,.js,1,74979.0,True,True,False,0,,0
https://iclass.tku.edu.tw/static/7145.f956d0b8.js,200,raw/iclass.tku.edu.tw/static/7145.f956d0b8.js,42849,application/javascript,b17025a193cb07254d7d8413b9999d4d072421f14b951eff93a4642f802b2469,.js,1,42849.0,True,True,False,0,,0
https://iclass.tku.edu.tw/static/71487.5020ad6b.js,200,raw/iclass.tku.edu.tw/static/71487.5020ad6b.js,11647,application/javascript,fad11187ef1702eb35cc8cdddeb13140313995cb7f89610f223f5fda591ad2a8,.js,1,11647.0,True,True,False,0,,0
https://iclass.tku.edu.tw/static/71492.b1878ad3.js,200,raw/iclass.tku.edu.tw/static/71492.b1878ad3.js,7399,application/javascript,39bb7c0ca21ae7e9b7cb5236cf93cd432692685e31a5c45b8d25dc46d847171d,.js,1,7399.0,True,True,False,0,,0
https://iclass.tku.edu.tw/static/71801.5840c816.js,200,raw/iclass.tku.edu.tw/static/71801.5840c816.js,39776,application/javascript,ed20130dbfee748c29c5129d6131570d460a1122888cc2ad527b6e3448e61956,.js,1,39776.0,True,True,False,0,,0
https://iclass.tku.edu.tw/static/71803-e0241a2a.chunk.css,200,raw/iclass.tku.edu.tw/static/71803-e0241a2a.chunk.css,875,text/css,fdf0a5ed5c1b17af240ed5e3edb1c64ec6b00e0996ca3528fdb2fad28721c866,.css,1,875.0,True,False,False,0,,0
https://iclass.tku.edu.tw/static/71803.e3212d70.js,200,raw/iclass.tku.edu.tw/static/71803.e3212d70.js,44389,application/javascript,4d3f55363272959733a474c9eb22b579d0cb1acb3b20a9706cf1037f944500f6,.js,1,44389.0,True,True,False,0,,0
https://iclass.tku.edu.tw/static/71822-f1626d5c.chunk.css,200,raw/iclass.tku.edu.tw/static/71822-f1626d5c.chunk.css,30830,text/css,fa89b8a97dcd1e4bdfa0bf3405f839acb5a49fa57c8f765739c31ce87edb6382,.css,1,30830.0,True,False,False,0,,0
https://iclass.tku.edu.tw/static/71822.803a50c7.js,200,raw/iclass.tku.edu.tw/static/71822.803a50c7.js,91835,application/javascript,2d09866ee9a3cbca9f8da44de63af76cfe8c09bf463244a314adcb61dd9a0c18,.js,1,91835.0,True,True,False,0,,0
https://iclass.tku.edu.tw/static/71852.f013338f.js,200,raw/iclass.tku.edu.tw/static/71852.f013338f.js,2953,application/javascript,92d56aeeb4c06eab3cc9fa62712385de02ac896c4bf77992fc5eb5ee16cde071,.js,1,2953.0,True,True,False,0,,0
https://iclass.tku.edu.tw/static/71999-e66f2ab9.chunk.css,200,raw/iclass.tku.edu.tw/static/71999-e66f2ab9.chunk.css,21300,text/css,7b3afc618031d5fad0c37481487c3fea83d453c56bb9fd09037dc7566071e800,.css,1,21300.0,True,False,False,0,,0
https://iclass.tku.edu.tw/static/71999.889e7289.js,200,raw/iclass.tku.edu.tw/static/71999.889e7289.js,59461,application/javascript,3899ce1d65307ecc0d488e6bda1250e3d2cb5f57ed8d6959b9e2657bfbe3e039,.js,1,59461.0,True,True,False,0,,0
https://iclass.tku.edu.tw/static/72088.99a96a97.js,200,raw/iclass.tku.edu.tw/static/72088.99a96a97.js,55854,application/javascript,27b716586219ae25d0fc51e7f0a0e208614cc2f9f789a56e5750abc197ad2017,.js,1,55854.0,True,True,False,0,,0
https://iclass.tku.edu.tw/static/72203.f1723e36.js,200,raw/iclass.tku.edu.tw/static/72203.f1723e36.js,24041,application/javascript,23074cbf932da53b620bf4d59ede7b0b75eedf7d18312380099b9af7da077ea2,.js,1,24041.0,True,True,False,0,,0
https://iclass.tku.edu.tw/static/72308.a63c6025.js,200,raw/iclass.tku.edu.tw/static/72308.a63c6025.js,13561,application/javascript,973d21674fadb70062924c53273de7a8d6154659da59c04ae0814b9d3a0d9cf2,.js,1,13561.0,True,True,False,0,,0
https://iclass.tku.edu.tw/static/72366.cf741b4a.js,200,raw/iclass.tku.edu.tw/static/72366.cf741b4a.js,72610,application/javascript,c18800494766779f48ea3bac8f4722effc0e46d019871bf0db20650af7b73303,.js,1,72610.0,True,True,False,0,,0
https://iclass.tku.edu.tw/static/72525.33abe4a4.js,200,raw/iclass.tku.edu.tw/static/72525.33abe4a4.js,29647,application/javascript,9e5a400c4cada18ce08b93fa3f7ec2c62bbb971f72eee52b07b3c54889a3f925,.js,1,29647.0,True,True,False,0,,0
https://iclass.tku.edu.tw/static/72581.a741bb8b.js,200,raw/iclass.tku.edu.tw/static/72581.a741bb8b.js,208109,application/javascript,7f4c7783d54e66e225447a1328114e28b6019f6db2d1d3fd4832e67ccd8767c9,.js,1,208109.0,True,True,False,0,,0
https://iclass.tku.edu.tw/static/72592.c40f882e.js,200,raw/iclass.tku.edu.tw/static/72592.c40f882e.js,24685,application/javascript,1d77ab5baa727b6d2a418e4f18a1db807b36062b3f469d8471393b0c3d6aa2e2,.js,1,24685.0,True,True,False,0,,0
https://iclass.tku.edu.tw/static/72698-c289ae89.chunk.css,200,raw/iclass.tku.edu.tw/static/72698-c289ae89.chunk.css,8433,text/css,7b3975bc43b8f4bfe7ac7a1c4a7b465d3f1f259b5ba60181cacc678013197652,.css,1,8433.0,True,False,False,0,,0
https://iclass.tku.edu.tw/static/72698.25719124.js,200,raw/iclass.tku.edu.tw/static/72698.25719124.js,4664,application/javascript,4adc0938695632fa36c0321fcf1b1f96fd0b89dd5bb641e719d57828f3cf3c70,.js,1,4664.0,True,True,False,0,,0
https://iclass.tku.edu.tw/static/72784.c98de2e9.js,200,raw/iclass.tku.edu.tw/static/72784.c98de2e9.js,2533,application/javascript,aab915a2301afcaa159e75c548f3c4d32a972c96481095f835d558b7a788bcdd,.js,1,2533.0,True,True,False,0,,0
https://iclass.tku.edu.tw/static/73096.41e0a073.js,200,raw/iclass.tku.edu.tw/static/73096.41e0a073.js,43987,application/javascript,65969a84c271fee4d5f76a1195d19dbacb6e51dbbf2795762ba1dffc677a85b2,.js,1,43987.0,True,True,False,0,,0
https://iclass.tku.edu.tw/static/73178-c948a595.chunk.css,200,raw/iclass.tku.edu.tw/static/73178-c948a595.chunk.css,2995,text/css,8edc2574fb429597df69aa19d48c6922a468accb2fe0b59afb53d04f60c928a9,.css,1,2995.0,True,False,False,0,,0
https://iclass.tku.edu.tw/static/73178.f63ac76c.js,200,raw/iclass.tku.edu.tw/static/73178.f63ac76c.js,6296,application/javascript,e94d2aed2ca567faa3b2c81c3d62fff6be1e19311058974739094d28b5920b39,.js,1,6296.0,True,True,False,0,,0
https://iclass.tku.edu.tw/static/73226.e0f58569.js,200,raw/iclass.tku.edu.tw/static/73226.e0f58569.js,45693,application/javascript,5a8f02bb992cbc316e7e652df1a8d38be276ce44186baa256714d51b5d0bcc55,.js,1,45693.0,True,True,False,0,,0
https://iclass.tku.edu.tw/static/73384-83ff3b27.js,200,raw/iclass.tku.edu.tw/static/73384-83ff3b27.js,78128,application/javascript,938ad58501cbe093beac82442391c93b3be35c51176e11954f65e5256a6a6234,.js,1,78128.0,True,True,False,0,,0
https://iclass.tku.edu.tw/static/73391.4d36f82b.js,200,raw/iclass.tku.edu.tw/static/73391.4d36f82b.js,2617,application/javascript,cd44d05183068c7a5ba3758a5129b361401b65059dfa763f228443e055906720,.js,1,2617.0,True,True,False,0,,0
https://iclass.tku.edu.tw/static/73419.af2cf779.js,200,raw/iclass.tku.edu.tw/static/73419.af2cf779.js,521,application/javascript,62b865c7a1558a7b926fea5bcb3abf10d4f0143ac30beb42fa8c8247e8b2f8d6,.js,1,521.0,True,True,False,0,,0
https://iclass.tku.edu.tw/static/73559.02987d61.js,200,raw/iclass.tku.edu.tw/static/73559.02987d61.js,86494,application/javascript,d26fac1558e114213c326cb1482ba82222e3bbfe382ecf2120eaf9e1a9d1da80,.js,1,86494.0,True,True,False,0,,0
https://iclass.tku.edu.tw/static/73644.c84e415d.js,200,raw/iclass.tku.edu.tw/static/73644.c84e415d.js,21735,application/javascript,c352346fc798d5ce97508f4f1cf32dfc045b19af4c1ffd9cd71a1d9960e60ccd,.js,1,21735.0,True,True,False,0,,0
https://iclass.tku.edu.tw/static/73679.df4f3b27.js,200,raw/iclass.tku.edu.tw/static/73679.df4f3b27.js,31067,application/javascript,13f19a68bd3da0e2edae5e80ccf66410c4a702f58b496dc64b5fff553408b5dd,.js,1,31067.0,True,True,False,0,,0
https://iclass.tku.edu.tw/static/74184.eb9a6df6.js,200,raw/iclass.tku.edu.tw/static/74184.eb9a6df6.js,40639,application/javascript,78ddc43eeba5c5a58661c7a24cfdd8f604ee062d6f4d140e5c84d0c526082955,.js,1,40639.0,True,True,False,0,,0
https://iclass.tku.edu.tw/static/74211.ce3083a7.js,200,raw/iclass.tku.edu.tw/static/74211.ce3083a7.js,41133,application/javascript,2ffc74e946998a386b9d5e21c090ab3a2a66a57195f8e5887947dc2411914010,.js,1,41133.0,True,True,False,0,,0
https://iclass.tku.edu.tw/static/74254-72090235.js,200,raw/iclass.tku.edu.tw/static/74254-72090235.js,30172,application/javascript,9d9c9dbb8fca8428cf0c7188d7d652c71b6a7e21888172f89754ec7d1033e990,.js,1,30172.0,True,True,False,0,,0
https://iclass.tku.edu.tw/static/74300.09f2d062.js,200,raw/iclass.tku.edu.tw/static/74300.09f2d062.js,6541,application/javascript,21cedb82d618b3722be4274922771599c83232261916ab0368d398a61bac1d75,.js,1,6541.0,True,True,False,0,,0
https://iclass.tku.edu.tw/static/74302.a9e02d94.js,200,raw/iclass.tku.edu.tw/static/74302.a9e02d94.js,21157,application/javascript,f53f59be20d3c9b683639a8b6b0380eab0120864498596299247179354bf443c,.js,1,21157.0,True,True,False,0,,0
https://iclass.tku.edu.tw/static/74405-dae1a8d2.chunk.css,200,raw/iclass.tku.edu.tw/static/74405-dae1a8d2.chunk.css,854,text/css,6366201cda3ed35e7813716d0f1877df19c2c22eae7e1cb913bca94fef2ca210,.css,1,854.0,True,False,False,0,,0
https://iclass.tku.edu.tw/static/74405.8daaabec.js,200,raw/iclass.tku.edu.tw/static/74405.8daaabec.js,11879,application/javascript,26e2043665a0b9452e151fb1c8156bafd2072343a8c7df6b0689a0fdcae598ba,.js,1,11879.0,True,True,False,0,,0
https://iclass.tku.edu.tw/static/7449.21c63a90.js,200,raw/iclass.tku.edu.tw/static/7449.21c63a90.js,130497,application/javascript,a4e8aa64de74683eb6500326eeb183e4910a2caa1f5d1149ac007066c3b2f1d0,.js,1,130497.0,True,True,False,0,,0
https://iclass.tku.edu.tw/static/74648-36765c06.chunk.css,200,raw/iclass.tku.edu.tw/static/74648-36765c06.chunk.css,763,text/css,c59139f118d3b190432ed88c2b0812271bc8ee905ad935546707dda5293dedff,.css,1,763.0,True,False,False,0,,0
https://iclass.tku.edu.tw/static/74648.4d9950d2.js,200,raw/iclass.tku.edu.tw/static/74648.4d9950d2.js,1607,application/javascript,6208fc4be18900bb3e5420187728ad9bd09fc1147f765d5ff2171e558418beac,.js,1,1607.0,True,True,False,0,,0
https://iclass.tku.edu.tw/static/74722.06ac839e.js,200,raw/iclass.tku.edu.tw/static/74722.06ac839e.js,9710,application/javascript,6eff9623696cebf6f5d47f604e600d04144c69a24474c644c357ac695bf58010,.js,1,9710.0,True,True,False,0,,0
https://iclass.tku.edu.tw/static/74753.00805e88.js,200,raw/iclass.tku.edu.tw/static/74753.00805e88.js,101566,application/javascript,6146337f5ba8c75428517ab2b55b62f9c149ff4d41cb8979260a29432917fea9,.js,1,101566.0,True,True,False,0,,0
https://iclass.tku.edu.tw/static/74927.c4fad5cf.js,200,raw/iclass.tku.edu.tw/static/74927.c4fad5cf.js,437507,application/javascript,06401c1e76368526a9d0c9a6ae1167634d00778c51d70c5da6819a7f3e3dba6f,.js,1,437507.0,True,True,False,0,,0
https://iclass.tku.edu.tw/static/75086.6771c875.js,200,raw/iclass.tku.edu.tw/static/75086.6771c875.js,2406,application/javascript,9a42c07d5343081bc437f79a8210a05d2fd28eb4383c483a63d5d4dd10db81cb,.js,1,2406.0,True,True,False,0,,0
https://iclass.tku.edu.tw/static/75115.fac54515.js,200,raw/iclass.tku.edu.tw/static/75115.fac54515.js,21414,application/javascript,c0f87ecf8c51a96b4f26b7591074f9247ca0a98e00068014191a71fa7bd593a7,.js,1,21414.0,True,True,False,0,,0
https://iclass.tku.edu.tw/static/75360-4667ba77.js,200,raw/iclass.tku.edu.tw/static/75360-4667ba77.js,365999,application/javascript,b5f8d1b83303b25387d40a30b9f7750885bc134a9fb5661c699383c84f54f5ec,.js,1,365999.0,True,True,False,0,,0
https://iclass.tku.edu.tw/static/75405-1f7d8532.js,200,raw/iclass.tku.edu.tw/static/75405-1f7d8532.js,14335,application/javascript,31c505bbebf3131c73d0e0013031107342277580f91fb207113431cafe9f7012,.js,1,14335.0,True,True,False,0,,0
https://iclass.tku.edu.tw/static/75513.ea46b502.js,200,raw/iclass.tku.edu.tw/static/75513.ea46b502.js,76373,application/javascript,64bcb512b0f82d3da310942d43914f5023d505f403d20536b57101a2fb2a5ac5,.js,1,76373.0,True,True,False,0,,0
https://iclass.tku.edu.tw/static/75679.dae04b74.js,200,raw/iclass.tku.edu.tw/static/75679.dae04b74.js,1367,application/javascript,8dfaca6615f70feeda5729de42898f8fa2f45a8638f707b37809c4eba3c1f01d,.js,1,1367.0,True,True,False,0,,0
https://iclass.tku.edu.tw/static/75789.017d3b22.js,200,raw/iclass.tku.edu.tw/static/75789.017d3b22.js,51487,application/javascript,e830b13485d225176c82314f1c443c2eddf73e73b97e4cf6eefcf06a161e2b13,.js,1,51487.0,True,True,False,0,,0
https://iclass.tku.edu.tw/static/75978.a48c8fb8.js,200,raw/iclass.tku.edu.tw/static/75978.a48c8fb8.js,3261,application/javascript,73cec9455b077a89ecd26cf9d582a0f19d3c2b870f7cbd84d0d83d8cbea94b12,.js,1,3261.0,True,True,False,0,,0
https://iclass.tku.edu.tw/static/7623.9a1c3c98.js,200,raw/iclass.tku.edu.tw/static/7623.9a1c3c98.js,100101,application/javascript,fe780e67e5fd62de74dc322266ffac8ef55e83ea92aa9572490aac3c7a642cdc,.js,1,100101.0,True,True,False,0,,0
https://iclass.tku.edu.tw/static/76541-f45c96fd.js,200,raw/iclass.tku.edu.tw/static/76541-f45c96fd.js,23087,application/javascript,650f436a9a71e38189f56d192e311084d9d2904ec8dc460c8900ffa59b4fb764,.js,1,23087.0,True,True,False,0,,0
https://iclass.tku.edu.tw/static/76546.56ad0d6e.js,200,raw/iclass.tku.edu.tw/static/76546.56ad0d6e.js,132661,application/javascript,1073184faea89a792cb187e1d85b6076514b6e33059b16a00f6517ff9e1217ef,.js,1,132661.0,True,True,False,0,,0
https://iclass.tku.edu.tw/static/76657.045a1940.js,200,raw/iclass.tku.edu.tw/static/76657.045a1940.js,2398,application/javascript,4f2ef0a847f0d389126ba529d25eec2a80c7517fce942882a1e440ad7a15f6ac,.js,1,2398.0,True,True,False,0,,0
https://iclass.tku.edu.tw/static/76679-669c788f.chunk.css,200,raw/iclass.tku.edu.tw/static/76679-669c788f.chunk.css,5247,text/css,d9ab038f1af08a65b66e86625e9607a49bdf12cd49632e75fe9a4c93170c63b0,.css,1,5247.0,True,False,False,0,,0
https://iclass.tku.edu.tw/static/76679.ac1eb26c.js,200,raw/iclass.tku.edu.tw/static/76679.ac1eb26c.js,26325,application/javascript,5ec11b22d5a78c9f66215161a9d75fffe0cf59010960da1591222cf6178463ff,.js,1,26325.0,True,True,False,0,,0
https://iclass.tku.edu.tw/static/76756-894f4440.chunk.css,200,raw/iclass.tku.edu.tw/static/76756-894f4440.chunk.css,25285,text/css,66bdc7d6185779545b5e229b37662144ece4734bc22a035fc65e8650f5f4ddba,.css,1,25285.0,True,False,False,0,,0
https://iclass.tku.edu.tw/static/76756.00e99b75.js,200,raw/iclass.tku.edu.tw/static/76756.00e99b75.js,123242,application/javascript,9fa70d6ae45c0a2e06980eebb4cc8787539d0e9855478b93255d5114352bee4a,.js,1,123242.0,True,True,False,0,,0
https://iclass.tku.edu.tw/static/7693.ad224143.js,200,raw/iclass.tku.edu.tw/static/7693.ad224143.js,71230,application/javascript,acc187de95bbc584aa2c338c4c7f4ad7fe6aee12783e2e0c9a81b15557a43057,.js,1,71230.0,True,True,False,0,,0
https://iclass.tku.edu.tw/static/76987.9d0adda9.js,200,raw/iclass.tku.edu.tw/static/76987.9d0adda9.js,30506,application/javascript,b0683156059c047712d3b2458276bab713dcef80491094ffce3d1271a5b08c24,.js,1,30506.0,True,True,False,0,,0
https://iclass.tku.edu.tw/static/77089-3ef1dc53.chunk.css,200,raw/iclass.tku.edu.tw/static/77089-3ef1dc53.chunk.css,235,text/css,2fcf4f35439b3f8615c91adb491dfe06c468cffefc24f9bde2ce1c45a7f0f3e1,.css,1,235.0,True,False,False,0,,0
https://iclass.tku.edu.tw/static/77089.2a979735.js,200,raw/iclass.tku.edu.tw/static/77089.2a979735.js,8688,application/javascript,aa3e23c606042c778448c715a8eb637901a1d0663075256ff8c25b2eb46bc4a0,.js,1,8688.0,True,True,False,0,,0
https://iclass.tku.edu.tw/static/77144.a87fb567.js,200,raw/iclass.tku.edu.tw/static/77144.a87fb567.js,28083,application/javascript,a32c066f622ce645aab1c0e5301421e45a9ce4f904c63ef1740ba03940cbf8ca,.js,1,28083.0,True,True,False,0,,0
https://iclass.tku.edu.tw/static/77444.f1068012.js,200,raw/iclass.tku.edu.tw/static/77444.f1068012.js,95656,application/javascript,61e0fe7fdfba3ad66b1d57fb91463819d7d3e3c13530ee75a7b135a3fe09fbd6,.js,1,95656.0,True,True,False,0,,0
https://iclass.tku.edu.tw/static/77547-c777c935.chunk.css,200,raw/iclass.tku.edu.tw/static/77547-c777c935.chunk.css,12514,text/css,508dfe82c527e424e0fded1b8e062b006a403b29887042388bef7ddb7aea37bb,.css,1,12514.0,True,False,False,0,,0
https://iclass.tku.edu.tw/static/77547.43c71968.js,200,raw/iclass.tku.edu.tw/static/77547.43c71968.js,111805,application/javascript,db3c9b7c459007ff14f62b181e07984ae15aeac232a0cfdcab75bace412dcf7a,.js,1,111805.0,True,True,False,0,,0
https://iclass.tku.edu.tw/static/77639-1602a6c5.js,200,raw/iclass.tku.edu.tw/static/77639-1602a6c5.js,418879,application/javascript,d82623c3bc81e5025920535b355bd622ea8f40e649468a4864da8fa3b8f35820,.js,1,418879.0,True,True,False,0,,0
https://iclass.tku.edu.tw/static/77680.6fd1da8f.js,200,raw/iclass.tku.edu.tw/static/77680.6fd1da8f.js,254488,application/javascript,8399f48460299cc8b79ee0216548c7b564deb1a3125924d3de426f1aa9befe76,.js,1,254488.0,True,True,False,0,,0
https://iclass.tku.edu.tw/static/77887.e982b363.js,200,raw/iclass.tku.edu.tw/static/77887.e982b363.js,30624,application/javascript,acfc9c9621fd98b8aa067a10691ac48f6ec4ef5406d9c481013bc75e7f907e51,.js,1,30624.0,True,True,False,0,,0
https://iclass.tku.edu.tw/static/77896.06f7acf5.js,200,raw/iclass.tku.edu.tw/static/77896.06f7acf5.js,12531,application/javascript,16c570f5517892ed6c164b6e4d169d9301207d74bc55e2c8f97ed08b2444fb24,.js,1,12531.0,True,True,False,0,,0
https://iclass.tku.edu.tw/static/7796-28ebd2f3.js,200,raw/iclass.tku.edu.tw/static/7796-28ebd2f3.js,14733,application/javascript,f0ce39d78a040870ab0a90f175587d5f17ea3445c1ea07ba012b497f1393d4dd,.js,1,14733.0,True,True,False,0,,0
https://iclass.tku.edu.tw/static/78033-8becd049.chunk.css,200,raw/iclass.tku.edu.tw/static/78033-8becd049.chunk.css,26386,text/css,61ccc6e49649f5636b1819b823c0aaeb3a04025f9f3bfc89c67f7617082a9f26,.css,1,26386.0,True,False,False,0,,0
https://iclass.tku.edu.tw/static/78033.59fe0eee.js,200,raw/iclass.tku.edu.tw/static/78033.59fe0eee.js,64765,application/javascript,3315d531fadfe6c9ac8a5214da89a5d37d77c68f451e6bf224eaf7395016f0e7,.js,1,64765.0,True,True,False,0,,0
https://iclass.tku.edu.tw/static/78262-0fce83fa.chunk.css,200,raw/iclass.tku.edu.tw/static/78262-0fce83fa.chunk.css,26468,text/css,d443975a4cee2cb55464022d9365cfc6e20fc85e4af4e152ecc6b7ed8596ad4c,.css,1,26468.0,True,False,False,0,,0
https://iclass.tku.edu.tw/static/78262.20b1f323.js,200,raw/iclass.tku.edu.tw/static/78262.20b1f323.js,25180,application/javascript,526cbe114d4e7b07e02dd0c32ad8f776b06077b0efda2a5de5042d31fd1835a3,.js,1,25180.0,True,True,False,0,,0
https://iclass.tku.edu.tw/static/78264.e0553fe8.js,200,raw/iclass.tku.edu.tw/static/78264.e0553fe8.js,24652,application/javascript,fe8a47e2f3c0f331bbdc6cfb98d2faf0b3e24c77683784400a6b418e3d82d71a,.js,1,24652.0,True,True,False,0,,0
https://iclass.tku.edu.tw/static/78310-c528e370.chunk.css,200,raw/iclass.tku.edu.tw/static/78310-c528e370.chunk.css,51248,text/css,7426cc22c19333a85f4c8ac3acf894f01c068eecfef50382c07bbd1d8ce0a7b5,.css,1,51248.0,True,False,False,0,,0
https://iclass.tku.edu.tw/static/78310.1f19d6f0.js,200,raw/iclass.tku.edu.tw/static/78310.1f19d6f0.js,85557,application/javascript,5ab3a6907ad9aa8e6c400194b4821a9d2b4903e1362f49ab131d45edf75c4d33,.js,1,85557.0,True,True,False,0,,0
https://iclass.tku.edu.tw/static/78358.9dac5b69.js,200,raw/iclass.tku.edu.tw/static/78358.9dac5b69.js,165259,application/javascript,cd5add26df112201d5fb1fdf110cc15a98752aa884f55564bb92b3b662827748,.js,1,165259.0,True,True,False,0,,0
https://iclass.tku.edu.tw/static/78435-bff624c3.js,200,raw/iclass.tku.edu.tw/static/78435-bff624c3.js,297415,application/javascript,c4104534b03cead19ee86cda23fdd293dea8633541eeaf3f2dac38f87bc8ea33,.js,1,297415.0,True,True,False,0,,0
https://iclass.tku.edu.tw/static/78723.09319a01.js,200,raw/iclass.tku.edu.tw/static/78723.09319a01.js,67788,application/javascript,c01e7308738e40e079120e8f8027ca14604cb0073721704148bd326899dc9e22,.js,1,67788.0,True,True,False,0,,0
https://iclass.tku.edu.tw/static/78796-456055c5.css,200,raw/iclass.tku.edu.tw/static/78796-456055c5.css,686790,text/css,da06733cee0e4b6923196ae003b37982925cb3b5158c930b357eaaa05b6d9f50,.css,1,686790.0,True,False,False,0,,0
https://iclass.tku.edu.tw/static/78797.e8389488.js,200,raw/iclass.tku.edu.tw/static/78797.e8389488.js,2842,application/javascript,5631287fd5d71c8fc7711ba8ebc763fc87155d7f84d8464b5d9954c2f38862f5,.js,1,2842.0,True,True,False,0,,0
https://iclass.tku.edu.tw/static/78959-6806da28.chunk.css,200,raw/iclass.tku.edu.tw/static/78959-6806da28.chunk.css,63,text/css,5b912731f7f0d7560091876db8d6a9a36a9c1a9b902f4c49ecdcad9064eac724,.css,1,63.0,True,False,False,0,,0
https://iclass.tku.edu.tw/static/78959.55532c1d.js,200,raw/iclass.tku.edu.tw/static/78959.55532c1d.js,6492,application/javascript,fb969059324ef666bbab25f06d4b4d6d2674896da1d49108828699035710439a,.js,1,6492.0,True,True,False,0,,0
https://iclass.tku.edu.tw/static/79001.978df930.js,200,raw/iclass.tku.edu.tw/static/79001.978df930.js,141228,application/javascript,c4538c818e692e6da5ddde846ac1090a0820b66a704dd5f9f0ef7f7473db0481,.js,1,141228.0,True,True,False,0,,0
https://iclass.tku.edu.tw/static/79055.ee36c6a2.js,200,raw/iclass.tku.edu.tw/static/79055.ee36c6a2.js,21099,application/javascript,39ca34878c3c8ee3a5f7ed01bf8ea76ddca17df9c9e69c78577d7744f413d019,.js,1,21099.0,True,True,False,0,,0
https://iclass.tku.edu.tw/static/79067-eece7788.chunk.css,200,raw/iclass.tku.edu.tw/static/79067-eece7788.chunk.css,138,text/css,853a56375b405462a1728686c5987b4ed821749049697b81504da83005130286,.css,1,138.0,True,False,False,0,,0
https://iclass.tku.edu.tw/static/79067.05f2a8e7.js,200,raw/iclass.tku.edu.tw/static/79067.05f2a8e7.js,31255,application/javascript,f56b6c57f550b1dc112964f830811af19c7092d62f09a2b19ccfd289e9f746bb,.js,1,31255.0,True,True,False,0,,0
https://iclass.tku.edu.tw/static/79137.297b7398.js,200,raw/iclass.tku.edu.tw/static/79137.297b7398.js,26312,application/javascript,6605e3975a1ac5980b72ba4983faadc31e00c829d045fef0f4677ed5db461122,.js,1,26312.0,True,True,False,0,,0
https://iclass.tku.edu.tw/static/79157-e4bd0eb5.chunk.css,200,raw/iclass.tku.edu.tw/static/79157-e4bd0eb5.chunk.css,7267,text/css,d2469ad8eb8425957ad156f0ec2a34312dd2bf256002a9d0fdb7c656c456f667,.css,1,7267.0,True,False,False,0,,0
https://iclass.tku.edu.tw/static/79157.b8c9b644.js,200,raw/iclass.tku.edu.tw/static/79157.b8c9b644.js,101303,application/javascript,851a9d1a69f0a3d214ab194e599722490b26a0091dddca52c04dc9b32106aad4,.js,1,101303.0,True,True,False,0,,0
https://iclass.tku.edu.tw/static/79189.267840be.js,200,raw/iclass.tku.edu.tw/static/79189.267840be.js,2644,application/javascript,c053cdd8085dc6340f38456dc24d76ce5e90a3f023cfd4e8cb292cdfc08877b5,.js,1,2644.0,True,True,False,0,,0
https://iclass.tku.edu.tw/static/79240-1e2330b5.chunk.css,200,raw/iclass.tku.edu.tw/static/79240-1e2330b5.chunk.css,1140,text/css,2b69467b01869cb017b2f2cb3f9af10cd6a662cd93827329d77980da41508ff1,.css,1,1140.0,True,False,False,0,,0
https://iclass.tku.edu.tw/static/79240.c2356336.js,200,raw/iclass.tku.edu.tw/static/79240.c2356336.js,14471,application/javascript,8f2d79fa45bab98aaf8e17072d6804e99b1b7e793d44083c0288dd2cc94dec7c,.js,1,14471.0,True,True,False,0,,0
https://iclass.tku.edu.tw/static/79278-3da74896.js,200,raw/iclass.tku.edu.tw/static/79278-3da74896.js,1890360,application/javascript,c104590475978dc549c2dfa79d293e982b43efb5e5c0e103ae5000d9d53ca712,.js,1,1890360.0,True,True,False,0,,0
https://iclass.tku.edu.tw/static/79392-680445ea.js,200,raw/iclass.tku.edu.tw/static/79392-680445ea.js,11664,application/javascript,66779b5e8146a4af1860a1d2c684ff212548597b1a33a056b82eff5726c920aa,.js,1,11664.0,True,True,False,0,,0
https://iclass.tku.edu.tw/static/79494.a9faaec3.js,200,raw/iclass.tku.edu.tw/static/79494.a9faaec3.js,2456,application/javascript,bdb3266bdc5a15bf9252537e859c48f02ef7595a4f35a09112e3ab99684d1d02,.js,1,2456.0,True,True,False,0,,0
https://iclass.tku.edu.tw/static/7974.c6317f1b.js,200,raw/iclass.tku.edu.tw/static/7974.c6317f1b.js,13058,application/javascript,bd6897701872df8ad3a7777ba296a3b48709538ad03ec887844fffdd4a121d41,.js,1,13058.0,True,True,False,0,,0
https://iclass.tku.edu.tw/static/79763.41a8755f.js,200,raw/iclass.tku.edu.tw/static/79763.41a8755f.js,434228,application/javascript,30af69eb34e358433de4cecd7c193f8d38cb9ce678528417fdcdb2db3389b50f,.js,1,434228.0,True,True,False,0,,0
https://iclass.tku.edu.tw/static/7977.4109a600.js,200,raw/iclass.tku.edu.tw/static/7977.4109a600.js,79924,application/javascript,8e60b190d242548db746d288895f0ada555882474b12085afd0f095e29e6944a,.js,1,79924.0,True,True,False,0,,0
https://iclass.tku.edu.tw/static/80123.00a036be.js,200,raw/iclass.tku.edu.tw/static/80123.00a036be.js,29596,application/javascript,ec3d4cdf49d7501e3e6d9b440bbb6873e036d87c3f86a9e53da97e5907044dcf,.js,1,29596.0,True,True,False,0,,0
https://iclass.tku.edu.tw/static/80232.4f121263.js,200,raw/iclass.tku.edu.tw/static/80232.4f121263.js,2165,application/javascript,4f099f312301bd718f2a68de5d101fe0076d23dd19a542d8874b40067d0247f2,.js,1,2165.0,True,True,False,0,,0
https://iclass.tku.edu.tw/static/80243-fbb4505d.chunk.css,200,raw/iclass.tku.edu.tw/static/80243-fbb4505d.chunk.css,839,text/css,c796e2f89ea20d8fc4615b901259d0e5b14f34391835734352ffbc3ba1a2ed22,.css,1,839.0,True,False,False,0,,0
https://iclass.tku.edu.tw/static/80243.eb4c2912.js,200,raw/iclass.tku.edu.tw/static/80243.eb4c2912.js,53127,application/javascript,19114f705f2ec4b13c9278ad29a3c11fa0b7ac024b7ecfffd37367b13ad0764d,.js,1,53127.0,True,True,False,0,,0
https://iclass.tku.edu.tw/static/80340.f2ff420d.js,200,raw/iclass.tku.edu.tw/static/80340.f2ff420d.js,127272,application/javascript,7fde0b1ce2c698b8bdbd47c7f1eb50f021e2e0a5ac7cfd80d1d0dae21b0df9f7,.js,1,127272.0,True,True,False,0,,0
https://iclass.tku.edu.tw/static/80517.6c77f719.js,200,raw/iclass.tku.edu.tw/static/80517.6c77f719.js,41414,application/javascript,b08a70bfa810faf56b5a202f9380a066534f0365b817a2c4ac01e665e2d5dcf0,.js,1,41414.0,True,True,False,0,,0
https://iclass.tku.edu.tw/static/80575.32ea74f5.js,200,raw/iclass.tku.edu.tw/static/80575.32ea74f5.js,628972,application/javascript,9dce03dab9cc927bbb8741deaa8f2ec13fae7eba966bca97c71bfa244f3420d3,.js,1,628972.0,True,True,False,0,,0
https://iclass.tku.edu.tw/static/80688.cdddfc22.js,200,raw/iclass.tku.edu.tw/static/80688.cdddfc22.js,20265,application/javascript,38c2a5b937062dfc4303eea3465a230b4683d23542e9c806020e90def64aa1ee,.js,1,20265.0,True,True,False,0,,0
https://iclass.tku.edu.tw/static/80824.30d4b893.js,200,raw/iclass.tku.edu.tw/static/80824.30d4b893.js,21210,application/javascript,21bd81d8604671e4f2b3649d99db7d30675cad6cd8007e6654cd93e655c71155,.js,1,21210.0,True,True,False,0,,0
https://iclass.tku.edu.tw/static/8110-342cf4b8.chunk.css,200,raw/iclass.tku.edu.tw/static/8110-342cf4b8.chunk.css,3092,text/css,ff2a493edb3f3acda6606cc951797c53b4a6737021c17896ccfbd4335c9805fa,.css,1,3092.0,True,False,False,0,,0
https://iclass.tku.edu.tw/static/8110.900a44fb.js,200,raw/iclass.tku.edu.tw/static/8110.900a44fb.js,8062,application/javascript,b1c5257755c9c21fa54a0bef9f8775f54b58ca11bc75f48abbe5d7e1f1ca8229,.js,1,8062.0,True,True,False,0,,0
https://iclass.tku.edu.tw/static/81169.86495dea.js,200,raw/iclass.tku.edu.tw/static/81169.86495dea.js,159,application/javascript,ec942712f5b0bf3fcc89c9503ef73e8d2ec85c6412b3cc11cfd1c8e909ccd190,.js,1,159.0,True,True,False,0,,0
https://iclass.tku.edu.tw/static/81401.5b776cb7.js,200,raw/iclass.tku.edu.tw/static/81401.5b776cb7.js,36219,application/javascript,1f941ae131031a956a1fbde153806b4cf5d758e432a4ab4922ea06a2b3a7404a,.js,1,36219.0,True,True,False,0,,0
https://iclass.tku.edu.tw/static/81635.6818788a.js,200,raw/iclass.tku.edu.tw/static/81635.6818788a.js,80,application/javascript,3a91e01332f101b6e365a1a2cdfd8b6c62dee6723ec95b379c8bd8988586e339,.js,1,80.0,True,True,False,0,,0
https://iclass.tku.edu.tw/static/81854.5595ac26.js,200,raw/iclass.tku.edu.tw/static/81854.5595ac26.js,75963,application/javascript,0055c5b4a9ba71bfc51d8a942a244a4ad544db831f47209a66a96e6e79984808,.js,1,75963.0,True,True,False,0,,0
https://iclass.tku.edu.tw/static/81931.d129fe73.js,200,raw/iclass.tku.edu.tw/static/81931.d129fe73.js,2335,application/javascript,7b39173254d4d15a03173cad9520d27b1ad9e43572940b805f131e07b4b1abe6,.js,1,2335.0,True,True,False,0,,0
https://iclass.tku.edu.tw/static/81959.f1d9d1b3.js,200,raw/iclass.tku.edu.tw/static/81959.f1d9d1b3.js,17536,application/javascript,67aab94add4033e0eebab419c94ae5650a186e484703e60c848e98a6c4b61b44,.js,1,17536.0,True,True,False,0,,0
https://iclass.tku.edu.tw/static/82097-edb3ff17.chunk.css,200,raw/iclass.tku.edu.tw/static/82097-edb3ff17.chunk.css,11951,text/css,1111c5087fada34eac4ab40eda854095c76b3cdc836ced5dcbdeeee6b09a86d4,.css,1,11951.0,True,False,False,0,,0
https://iclass.tku.edu.tw/static/82097.57e694a1.js,200,raw/iclass.tku.edu.tw/static/82097.57e694a1.js,200522,application/javascript,b7b03369b37158fc696a8838bd4dbd0fb98188feebf0e46f76f720462b16dc2c,.js,1,200522.0,True,True,False,0,,0
https://iclass.tku.edu.tw/static/821-94dae48f.chunk.css,200,raw/iclass.tku.edu.tw/static/821-94dae48f.chunk.css,26838,text/css,6e436ec152ca76fecb3f9188fde552c5d6a070d78c690286b748865613d70c07,.css,1,26838.0,True,False,False,0,,0
https://iclass.tku.edu.tw/static/821.de1badca.js,200,raw/iclass.tku.edu.tw/static/821.de1badca.js,18572,application/javascript,afb42ed164848571c00928d80c2d0ade48cd6425ed679b0a1ef216e71c4e7053,.js,1,18572.0,True,True,False,0,,0
https://iclass.tku.edu.tw/static/82199-32c8112e.js,200,raw/iclass.tku.edu.tw/static/82199-32c8112e.js,313875,application/javascript,7f0ee78ff08cb0a5060a9fbaa8eed52c3a568997de581f5d56bc7eb8e753b0cc,.js,1,313875.0,True,True,False,0,,0
https://iclass.tku.edu.tw/static/82199-6b4a37ed.css,200,raw/iclass.tku.edu.tw/static/82199-6b4a37ed.css,82130,text/css,483f1f30bc11c95f5ded62b605054180240267199a4b487bfcec21c9a6642597,.css,1,82130.0,True,False,False,0,,0
https://iclass.tku.edu.tw/static/82236.cce04de7.js,200,raw/iclass.tku.edu.tw/static/82236.cce04de7.js,35234,application/javascript,b45d33fd119be61beaf0a365b0ddb54354769c05898b0144384ac83036db4a2f,.js,1,35234.0,True,True,False,0,,0
https://iclass.tku.edu.tw/static/82438.2858f04a.js,200,raw/iclass.tku.edu.tw/static/82438.2858f04a.js,2600,application/javascript,221aaab2c693d03ea7a7633d616b33dd5eb7e9d09425a7a4eaef17ceb6c2030f,.js,1,2600.0,True,True,False,0,,0
https://iclass.tku.edu.tw/static/82440.2e3d1706.js,200,raw/iclass.tku.edu.tw/static/82440.2e3d1706.js,23399,application/javascript,4a27d5e85cf1935e75be2713022d1ee2a09339615f260ded232b9b092e31a744,.js,1,23399.0,True,True,False,0,,0
https://iclass.tku.edu.tw/static/82578.90bfe8a8.js,200,raw/iclass.tku.edu.tw/static/82578.90bfe8a8.js,205704,application/javascript,f201c12aeb8400ccb06190d32edb1d50e448c1105508899d80fbad2bd0bb9eac,.js,1,205704.0,True,True,False,0,,0
https://iclass.tku.edu.tw/static/82636-e7b10851.chunk.css,200,raw/iclass.tku.edu.tw/static/82636-e7b10851.chunk.css,25673,text/css,40b64b9dfe3a3a5903a76f31d2ca63fc6ce8244806322f1120f7be2eace003aa,.css,1,25673.0,True,False,False,0,,0
https://iclass.tku.edu.tw/static/82636.1fe0fe8f.js,200,raw/iclass.tku.edu.tw/static/82636.1fe0fe8f.js,24721,application/javascript,d689fb21368b6b11d7b7d2c6a20c6ab1a5335e29ced340fb109f298aeea08732,.js,1,24721.0,True,True,False,0,,0
https://iclass.tku.edu.tw/static/82831.135ef996.js,200,raw/iclass.tku.edu.tw/static/82831.135ef996.js,222875,application/javascript,2ab013a826c7bea8cb20d29886f512206a1971640ce2d259f76785582d458cc5,.js,1,222875.0,True,True,False,0,,0
https://iclass.tku.edu.tw/static/82906.5e360954.js,200,raw/iclass.tku.edu.tw/static/82906.5e360954.js,26094,application/javascript,e518a2ff274141d34b5e704bef197b15a1804b6091a8e98eb2f8eccbbf7f254a,.js,1,26094.0,True,True,False,0,,0
https://iclass.tku.edu.tw/static/82927-dff674d2.js,200,raw/iclass.tku.edu.tw/static/82927-dff674d2.js,14028,application/javascript,2ab4c9a15999e35d060829ca5f635233d3749572921d27ddbdc2697203cfd3c8,.js,1,14028.0,True,True,False,0,,0
https://iclass.tku.edu.tw/static/83170-1ffef691.js,200,raw/iclass.tku.edu.tw/static/83170-1ffef691.js,159219,application/javascript,bf98fe715fd9452fa6f0a3633388bcfbffc3cc2dcdba3827f97c6428159b38f8,.js,1,159219.0,True,True,False,0,,0
https://iclass.tku.edu.tw/static/83176-54ecd42b.chunk.css,200,raw/iclass.tku.edu.tw/static/83176-54ecd42b.chunk.css,11215,text/css,249f8884cefc4982f3933d9f8e7a668738e28bdba96863ba69a171a67d4b0140,.css,1,11215.0,True,False,False,0,,0
https://iclass.tku.edu.tw/static/83176.908d40cb.js,200,raw/iclass.tku.edu.tw/static/83176.908d40cb.js,36536,application/javascript,4bc57ee21b95bef60fe202303b2fee72ab0ec63a9686c193b10c9db6d717b7c0,.js,1,36536.0,True,True,False,0,,0
https://iclass.tku.edu.tw/static/83383.c4e6a35f.js,200,raw/iclass.tku.edu.tw/static/83383.c4e6a35f.js,2842,application/javascript,f15f6be1f1b28d391b033229c6a8ac21440e0de7b872de80c6e2034f83f6fcac,.js,1,2842.0,True,True,False,0,,0
https://iclass.tku.edu.tw/static/83434.22d95809.js,200,raw/iclass.tku.edu.tw/static/83434.22d95809.js,1488,application/javascript,3737d3c703a0cf9235226c8aa7156a91d25e2b00b4077667a1fe2d6800f0bf81,.js,1,1488.0,True,True,False,0,,0
https://iclass.tku.edu.tw/static/83440.3b6f5365.js,200,raw/iclass.tku.edu.tw/static/83440.3b6f5365.js,3739,application/javascript,11c341640d0cf9f998cc07c437fc0c342dca8755302d8bbf27e0de5d7d6f7249,.js,1,3739.0,True,True,False,0,,0
https://iclass.tku.edu.tw/static/83522.8306379c.js,200,raw/iclass.tku.edu.tw/static/83522.8306379c.js,106236,application/javascript,539396aa293626e2f05714c186e6b1df30a1e355de2e64c0a1a939a8f472254e,.js,1,106236.0,True,True,False,0,,0
https://iclass.tku.edu.tw/static/83564.7e35e3f5.js,200,raw/iclass.tku.edu.tw/static/83564.7e35e3f5.js,72745,application/javascript,a4182804713ea476bed76e6f149097c5304f16e9489f973693ef06ca76f7974a,.js,1,72745.0,True,True,False,0,,0
https://iclass.tku.edu.tw/static/83595-83003043.chunk.css,200,raw/iclass.tku.edu.tw/static/83595-83003043.chunk.css,925,text/css,95e43b1445df6c8a39534d0674c5baf1f43479dec1474b76c6002b3dde0d49d2,.css,1,925.0,True,False,False,0,,0
https://iclass.tku.edu.tw/static/83595.147fb33c.js,200,raw/iclass.tku.edu.tw/static/83595.147fb33c.js,6132,application/javascript,2c6cd6714517ff8258b2cf18bddd25abf43ec678d99389e4ab9b3dd5e87150ad,.js,1,6132.0,True,True,False,0,,0
https://iclass.tku.edu.tw/static/83696-11535847.chunk.css,200,raw/iclass.tku.edu.tw/static/83696-11535847.chunk.css,1112,text/css,c8eb6db12b3f20119cb5a3da39edc53d830512bbeed35a455913c99a7ce6953b,.css,1,1112.0,True,False,False,0,,0
https://iclass.tku.edu.tw/static/83696.130941ed.js,200,raw/iclass.tku.edu.tw/static/83696.130941ed.js,25310,application/javascript,e9720971a0a086c09fd98f7a4a3bca6f3fc2d753a38dbaa336a0427f5f1e6efb,.js,1,25310.0,True,True,False,0,,0
https://iclass.tku.edu.tw/static/83727.9e531459.js,200,raw/iclass.tku.edu.tw/static/83727.9e531459.js,56526,application/javascript,a41a9f28106d2d618a0c9023da328f26d113329ef174304529b0e2957e47091e,.js,1,56526.0,True,True,False,0,,0
https://iclass.tku.edu.tw/static/83735-784775ae.js,200,raw/iclass.tku.edu.tw/static/83735-784775ae.js,33297,application/javascript,80eb1c9441e3d2e239c19387b6a9ec45a037e43caf7401d65dc9e926a6a25b60,.js,1,33297.0,True,True,False,0,,0
https://iclass.tku.edu.tw/static/84010.80f573aa.js,200,raw/iclass.tku.edu.tw/static/84010.80f573aa.js,65687,application/javascript,eecfa0d95bfb2e0546a6dd1144297546cf1627f0099856265a289db38f969b59,.js,1,65687.0,True,True,False,0,,0
https://iclass.tku.edu.tw/static/84027-f7869d26.js,200,raw/iclass.tku.edu.tw/static/84027-f7869d26.js,640160,application/javascript,dc9e023aed4b99b8a1cb0bf3847195e91c2e88ca70e7a69adc82438c3621e724,.js,1,640160.0,True,True,False,0,,0
https://iclass.tku.edu.tw/static/84208.21c6f16e.js,200,raw/iclass.tku.edu.tw/static/84208.21c6f16e.js,88745,application/javascript,47bfd239d1c2ecdb81fbc3bebcf1f725dc5b9e93713701f2721302c8071ef490,.js,1,88745.0,True,True,False,0,,0
https://iclass.tku.edu.tw/static/84419-83c45f33.chunk.css,200,raw/iclass.tku.edu.tw/static/84419-83c45f33.chunk.css,4265,text/css,711f2b6ad69574c1a2bccecf8ecd6599a32d7de914a4990e66f7f1a33e6b26b0,.css,1,4265.0,True,False,False,0,,0
https://iclass.tku.edu.tw/static/84582.27e1aeb1.js,200,raw/iclass.tku.edu.tw/static/84582.27e1aeb1.js,12324,application/javascript,8b4c9ba1c1cebc477114c8b29a0dd7b4c731acb35d8fe155a7c11a56b6e2a2a4,.js,1,12324.0,True,True,False,0,,0
https://iclass.tku.edu.tw/static/84711.cdc9aeb9.js,200,raw/iclass.tku.edu.tw/static/84711.cdc9aeb9.js,3090,application/javascript,9df497032b0edd8e5823575cb7236d2646916eb46ab44efb785e6c722c72e5e5,.js,1,3090.0,True,True,False,0,,0
https://iclass.tku.edu.tw/static/84764.f956d0b8.js,200,raw/iclass.tku.edu.tw/static/84764.f956d0b8.js,42849,application/javascript,b17025a193cb07254d7d8413b9999d4d072421f14b951eff93a4642f802b2469,.js,1,42849.0,True,True,False,0,,0
https://iclass.tku.edu.tw/static/84769-c448a950.chunk.css,200,raw/iclass.tku.edu.tw/static/84769-c448a950.chunk.css,856,text/css,e06c1e54be4b26e76259f0e243fb72212f1f62b805744ba3bc39874beb1c00aa,.css,1,856.0,True,False,False,0,,0
https://iclass.tku.edu.tw/static/84769.6cb6a87f.js,200,raw/iclass.tku.edu.tw/static/84769.6cb6a87f.js,22436,application/javascript,a16a7c1607ebadfa9820fb453c4822af370b273254f9a715531572e93abb8085,.js,1,22436.0,True,True,False,0,,0
https://iclass.tku.edu.tw/static/84777-351fe131.js,200,raw/iclass.tku.edu.tw/static/84777-351fe131.js,146040,application/javascript,62f8b8355b0c23cd51a98069d433a593b8d873497b3b343f80e797e7e0f46909,.js,1,146040.0,True,True,False,0,,0
https://iclass.tku.edu.tw/static/8484-9010b784.chunk.css,200,raw/iclass.tku.edu.tw/static/8484-9010b784.chunk.css,15738,text/css,ebe626acbdefa07e7b15d301688cd7e68ec4b1d77b37695c7ba77abd77d72242,.css,1,15738.0,True,False,False,0,,0
https://iclass.tku.edu.tw/static/8484.b04c28f0.js,200,raw/iclass.tku.edu.tw/static/8484.b04c28f0.js,87397,application/javascript,81d005c21503c99c15cbe269974adc5780796958f1aa05e84246e1070a04fe1d,.js,1,87397.0,True,True,False,0,,0
https://iclass.tku.edu.tw/static/84840.e90aab1a.js,200,raw/iclass.tku.edu.tw/static/84840.e90aab1a.js,5301,application/javascript,de63f27b8fc2ab0697c8c5c3e5eb26c556ae8afaca9366b442eb596170a18d14,.js,1,5301.0,True,True,False,0,,0
https://iclass.tku.edu.tw/static/85080.d8a837e2.js,200,raw/iclass.tku.edu.tw/static/85080.d8a837e2.js,20315,application/javascript,59d034e26841dd02174dcc6ccaab821637d91395604eaf83150e42ea97ce92aa,.js,1,20315.0,True,True,False,0,,0
https://iclass.tku.edu.tw/static/85489.8195efca.js,200,raw/iclass.tku.edu.tw/static/85489.8195efca.js,33929,application/javascript,46b078a66ef164134a115d8fb814df09f527db73a351d8327ec410e41721f48b,.js,1,33929.0,True,True,False,0,,0
https://iclass.tku.edu.tw/static/85497-7a0593bc.chunk.css,200,raw/iclass.tku.edu.tw/static/85497-7a0593bc.chunk.css,11030,text/css,9341b553aac8c295ab2bd0eb3fe859f1e009e10591b69b9beb967dc47bae815d,.css,1,11030.0,True,False,False,0,,0
https://iclass.tku.edu.tw/static/85559.cd746466.js,200,raw/iclass.tku.edu.tw/static/85559.cd746466.js,5280,application/javascript,231670ed3653e5460dc4867baca7bfdb800a9d26847a991fb02b053e15811e9b,.js,1,5280.0,True,True,False,0,,0
https://iclass.tku.edu.tw/static/85584-c76e4083.chunk.css,200,raw/iclass.tku.edu.tw/static/85584-c76e4083.chunk.css,66,text/css,b4f511aee4c95e1d33c5c02f4add4bd0da80b4fe11f26184ee21988e5f019a43,.css,1,66.0,True,False,False,0,,0
https://iclass.tku.edu.tw/static/85584.3eacd85b.js,200,raw/iclass.tku.edu.tw/static/85584.3eacd85b.js,75220,application/javascript,ab049d10edb4a93be85e648c8da869d7cff99c50b2b1c7047af668cb1f3ed394,.js,1,75220.0,True,True,False,0,,0
https://iclass.tku.edu.tw/static/85598.6b20bcca.js,200,raw/iclass.tku.edu.tw/static/85598.6b20bcca.js,7936,application/javascript,509c94003a50e6a64543ee8062a78fea092ac2ce3eeb4ac0b7e2b4fb0b380f77,.js,1,7936.0,True,True,False,0,,0
https://iclass.tku.edu.tw/static/85728.c2a6cda9.js,200,raw/iclass.tku.edu.tw/static/85728.c2a6cda9.js,10498,application/javascript,b21359e92926472bce5da56e91a27c185a4befc6ce37216b0a3092de1314c7e7,.js,1,10498.0,True,True,False,0,,0
https://iclass.tku.edu.tw/static/86066.8fa17c6e.js,200,raw/iclass.tku.edu.tw/static/86066.8fa17c6e.js,71422,application/javascript,c9c98f6d16990cf51ecc2e35d1cdd20da0abcd63dc4a6e82c4a92e418b389a23,.js,1,71422.0,True,True,False,0,,0
https://iclass.tku.edu.tw/static/8609.eb461692.js,200,raw/iclass.tku.edu.tw/static/8609.eb461692.js,61195,application/javascript,43d173ecf566cc3a1061c9770e658025cef1cc43e833c76f0c8c490223093c22,.js,1,61195.0,True,True,False,0,,0
https://iclass.tku.edu.tw/static/86295-514129b9.chunk.css,200,raw/iclass.tku.edu.tw/static/86295-514129b9.chunk.css,13793,text/css,793b3ef44d5b076c7e1e4ce369e09a6feb7cd7caaf6c66efc6ed5a3f68ef2c89,.css,1,13793.0,True,False,False,0,,0
https://iclass.tku.edu.tw/static/86295.faa6b267.js,200,raw/iclass.tku.edu.tw/static/86295.faa6b267.js,19538,application/javascript,043fcd6deb3a4ae4046c2a8436e41f17a813d826644eb963b4dd17a03874be41,.js,1,19538.0,True,True,False,0,,0
https://iclass.tku.edu.tw/static/86325.ebafe1db.js,200,raw/iclass.tku.edu.tw/static/86325.ebafe1db.js,1870,application/javascript,aa3041713c95236a0eff1b78b363a3c2eebcc799a09247a01b312043997f8e8a,.js,1,1870.0,True,True,False,0,,0
https://iclass.tku.edu.tw/static/86422.e8b1bd26.js,200,raw/iclass.tku.edu.tw/static/86422.e8b1bd26.js,24002,application/javascript,ffe5eaf110f12ed64b489ee6912f385c669ad4910e61aa07388e80f89e6aa3c2,.js,1,24002.0,True,True,False,0,,0
https://iclass.tku.edu.tw/static/86630.be23391e.js,200,raw/iclass.tku.edu.tw/static/86630.be23391e.js,26402,application/javascript,9957c3a7a5d271409c248f6e8a3e75357e1c469c5d37cd5b21528915143d178d,.js,1,26402.0,True,True,False,0,,0
https://iclass.tku.edu.tw/static/86826.fd8d4ff1.js,200,raw/iclass.tku.edu.tw/static/86826.fd8d4ff1.js,10494,application/javascript,96ea7c88c6994ca3337db5c0e8682f3b6736440f1d9afeb367c62cbd99025498,.js,1,10494.0,True,True,False,0,,0
https://iclass.tku.edu.tw/static/87056-42fea3d8.chunk.css,200,raw/iclass.tku.edu.tw/static/87056-42fea3d8.chunk.css,8034,text/css,9e639aebb8142075ae7f37cdc25775292ae02e2bc0d2ed73c185f929b4991385,.css,1,8034.0,True,False,False,0,,0
https://iclass.tku.edu.tw/static/87056.5d7f912b.js,200,raw/iclass.tku.edu.tw/static/87056.5d7f912b.js,15889,application/javascript,10b16bf0834008be69abe4c2d0fecc020972aa4948b7610d62acc6558260b3a0,.js,1,15889.0,True,True,False,0,,0
https://iclass.tku.edu.tw/static/87219.2ace1570.js,200,raw/iclass.tku.edu.tw/static/87219.2ace1570.js,4398,application/javascript,718d239c69da65cd589daaea65e7af3bcfc01eb3c14151e496654b31bc26eb47,.js,1,4398.0,True,True,False,0,,0
https://iclass.tku.edu.tw/static/87298.2dc9119d.js,200,raw/iclass.tku.edu.tw/static/87298.2dc9119d.js,883,application/javascript,cbaf1bdc354bf29196f1c762b1827093ed77a35df35fd9c689edc226b3e11f2e,.js,1,883.0,True,True,False,0,,0
https://iclass.tku.edu.tw/static/87474.3dfe9474.js,200,raw/iclass.tku.edu.tw/static/87474.3dfe9474.js,144,application/javascript,5a4c24136d726edbbe5141046c79676d4a3a494181d9e3d39b92c16305859d07,.js,1,144.0,True,True,False,0,,0
https://iclass.tku.edu.tw/static/8751.09360549.js,200,raw/iclass.tku.edu.tw/static/8751.09360549.js,54149,application/javascript,b0d9474d777edbb4ce22b4ca7371e8686911717266ec49d603964d9ec3aea0ef,.js,1,54149.0,True,True,False,0,,0
https://iclass.tku.edu.tw/static/87599.151f3a74.js,200,raw/iclass.tku.edu.tw/static/87599.151f3a74.js,57243,application/javascript,333c9fcef653e31a1f564044ebadf1c63558e885409e17b8be2b614d3e9a3dca,.js,1,57243.0,True,True,False,0,,0
https://iclass.tku.edu.tw/static/87863.5d85bf1f.js,200,raw/iclass.tku.edu.tw/static/87863.5d85bf1f.js,6154,application/javascript,834dce5667fdab997525404cd6f000d1330fd7f019501d2099a0cb171f0897b1,.js,1,6154.0,True,True,False,0,,0
https://iclass.tku.edu.tw/static/87899-2c919b23.chunk.css,200,raw/iclass.tku.edu.tw/static/87899-2c919b23.chunk.css,559,text/css,b487ff416fe636cdadecffef9453f332229afa977175dd4788a043d5ceab4355,.css,1,559.0,True,False,False,0,,0
https://iclass.tku.edu.tw/static/87899.f2d33e40.js,200,raw/iclass.tku.edu.tw/static/87899.f2d33e40.js,23290,application/javascript,5a402c31ec6931a551f32a6e74808bce520cb2a3a396630ca1d13ba270cbdd4e,.js,1,23290.0,True,True,False,0,,0
https://iclass.tku.edu.tw/static/87925.0d6e0258.js,200,raw/iclass.tku.edu.tw/static/87925.0d6e0258.js,1886,application/javascript,eab30c882f2350904b431cee7f6e4ee8e4bb8b0ac3dd5aeb3326141bb0bfa6aa,.js,1,1886.0,True,True,False,0,,0
https://iclass.tku.edu.tw/static/87942-dc90e165.chunk.css,200,raw/iclass.tku.edu.tw/static/87942-dc90e165.chunk.css,7310,text/css,e3b8802685f337caa42b1cb2abe3c1bcd60f5530c90b4d87f2f5fafb9cd1d79d,.css,1,7310.0,True,False,False,0,,0
https://iclass.tku.edu.tw/static/87966.b48076d1.js,200,raw/iclass.tku.edu.tw/static/87966.b48076d1.js,73249,application/javascript,4149e52a1e8b663d0ef4aa16e21570c72187cd38b2f286384b3dd498e0975444,.js,1,73249.0,True,True,False,0,,0
https://iclass.tku.edu.tw/static/8820-167f9e35.js,200,raw/iclass.tku.edu.tw/static/8820-167f9e35.js,202900,application/javascript,0d6d5edf737ae03390ffd874d953817d85afef4ebab41a6b5e592bb1ee8ca99b,.js,1,202900.0,True,True,False,0,,0
https://iclass.tku.edu.tw/static/88465-f841f4bf.chunk.css,200,raw/iclass.tku.edu.tw/static/88465-f841f4bf.chunk.css,3551,text/css,670284023ce687e9b0e75a05673f642514dcca9893d1b3bff154e417367bfee9,.css,1,3551.0,True,False,False,0,,0
https://iclass.tku.edu.tw/static/88465.7abac50f.js,200,raw/iclass.tku.edu.tw/static/88465.7abac50f.js,18369,application/javascript,2fe622b8ceae32060b2acba6187cc696181124851f8c89610ca89b09c2684f71,.js,1,18369.0,True,True,False,0,,0
https://iclass.tku.edu.tw/static/88478.a888aade.js,200,raw/iclass.tku.edu.tw/static/88478.a888aade.js,5070,application/javascript,30b796ee10e9b0137464272e0e0abf33026be056d1e7c71380a41db08a148325,.js,1,5070.0,True,True,False,0,,0
https://iclass.tku.edu.tw/static/88518.164d9e78.js,200,raw/iclass.tku.edu.tw/static/88518.164d9e78.js,2652,application/javascript,4f0ade941dfa381f3f6ff569826de96776080aab0c7311802091e7e4b7352eed,.js,1,2652.0,True,True,False,0,,0
https://iclass.tku.edu.tw/static/88591.8be95795.js,200,raw/iclass.tku.edu.tw/static/88591.8be95795.js,1739,application/javascript,e40c6087740c05e616db51d35f4658d55a302073a6406823e389c09e334695bd,.js,1,1739.0,True,True,False,0,,0
https://iclass.tku.edu.tw/static/88608.f901def8.js,200,raw/iclass.tku.edu.tw/static/88608.f901def8.js,80323,application/javascript,1555c1a67949e564f6260f8a5f19cedf28b537e2038db515d0ff0235cd9705ce,.js,1,80323.0,True,True,False,0,,0
https://iclass.tku.edu.tw/static/8870.aeb2c944.js,200,raw/iclass.tku.edu.tw/static/8870.aeb2c944.js,9714,application/javascript,53f0877a9d33b99ea77df203d0c0b5e0d0a04263b949b1eee6f3a0186ed8c1a2,.js,1,9714.0,True,True,False,0,,0
https://iclass.tku.edu.tw/static/88712-e63b5608.js,200,raw/iclass.tku.edu.tw/static/88712-e63b5608.js,30455,application/javascript,22718d80e948f525e2246f9988f0f395d1f4f09a59b47239b6830c8fa46cf089,.js,1,30455.0,True,True,False,0,,0
https://iclass.tku.edu.tw/static/88788-aad13dc1.chunk.css,200,raw/iclass.tku.edu.tw/static/88788-aad13dc1.chunk.css,56996,text/css,4b03eb9b3ff8e8d82c16e1e2b1277d639227b4f7e15dbc0adbf34900c3e52137,.css,1,56996.0,True,False,False,0,,0
https://iclass.tku.edu.tw/static/88788.142d7e76.js,200,raw/iclass.tku.edu.tw/static/88788.142d7e76.js,406883,application/javascript,00e79e60c871d8a7185ceee2fab0abc1fa894a23bced2d0ae5f9b19a7a51b191,.js,1,406883.0,True,True,False,0,,0
https://iclass.tku.edu.tw/static/88951.3d50816c.js,200,raw/iclass.tku.edu.tw/static/88951.3d50816c.js,5669,application/javascript,1df6145dcb3b8446acb5a36fdd3229125b839ec1bf40ce1d9281fbb4f1fa0d26,.js,1,5669.0,True,True,False,0,,0
https://iclass.tku.edu.tw/static/89087.e4029a95.js,200,raw/iclass.tku.edu.tw/static/89087.e4029a95.js,47663,application/javascript,a6ab5f5cd2b746d69169689b1e9c8cf0605fe8f3e918313a9982ce2620c3aee7,.js,1,47663.0,True,True,False,0,,0
https://iclass.tku.edu.tw/static/89151-7a970f2f.chunk.css,200,raw/iclass.tku.edu.tw/static/89151-7a970f2f.chunk.css,6890,text/css,c8797fb196a660497b7be5e36f3b13417c8cf54c00e994845b5f7e50eb9d24ea,.css,1,6890.0,True,False,False,0,,0
https://iclass.tku.edu.tw/static/89151.d555e2cf.js,200,raw/iclass.tku.edu.tw/static/89151.d555e2cf.js,60859,application/javascript,a7cd0ce29ddbbefa5fe5b5569087f765f727a189ec410b5c96bedd6fd5eb686b,.js,1,60859.0,True,True,False,0,,0
https://iclass.tku.edu.tw/static/89163.40489500.js,200,raw/iclass.tku.edu.tw/static/89163.40489500.js,987,application/javascript,00bbfc7f4378c5a1cbc6437b63f1baeba8c3ae4382a65b17263fc4121d3d946f,.js,1,987.0,True,True,False,0,,0
https://iclass.tku.edu.tw/static/8919.8bd55166.js,200,raw/iclass.tku.edu.tw/static/8919.8bd55166.js,65281,application/javascript,2079252676a03b7b56cdbb6f0f49374f94de160376a9f523d74ba084b7f4b1ca,.js,1,65281.0,True,True,False,0,,0
https://iclass.tku.edu.tw/static/89199.a7791db6.js,200,raw/iclass.tku.edu.tw/static/89199.a7791db6.js,19668,application/javascript,f791d73b1866f60baf028c5b0ef1f87477dfbaa6bf6e6154e32138e3eb80d6f6,.js,1,19668.0,True,True,False,0,,0
https://iclass.tku.edu.tw/static/8937-61055b8c.chunk.css,200,raw/iclass.tku.edu.tw/static/8937-61055b8c.chunk.css,602,text/css,0edac3746c8aa7a19e3549523f6cfc2ded765df712391a4660b2f426ad05ab0b,.css,1,602.0,True,False,False,0,,0
https://iclass.tku.edu.tw/static/8937.4afa2aa4.js,200,raw/iclass.tku.edu.tw/static/8937.4afa2aa4.js,1503,application/javascript,ec2eeb35e440b4400be859468f33031423918863423bf064187764501e087be9,.js,1,1503.0,True,True,False,0,,0
https://iclass.tku.edu.tw/static/89781.8f83b56c.js,200,raw/iclass.tku.edu.tw/static/89781.8f83b56c.js,3327,application/javascript,be010d38862873ecef90a98948b6241733570cc6f6e01187ea7b763664cb163b,.js,1,3327.0,True,True,False,0,,0
https://iclass.tku.edu.tw/static/8979.dc3bd748.js,200,raw/iclass.tku.edu.tw/static/8979.dc3bd748.js,44031,application/javascript,76e93689a61af505c2cee375fc8c1c4c7583d13b708a9b02809ae3f7d0ecfa4c,.js,1,44031.0,True,True,False,0,,0
https://iclass.tku.edu.tw/static/89898-5ef99534.chunk.css,200,raw/iclass.tku.edu.tw/static/89898-5ef99534.chunk.css,1143,text/css,2c4d8363142a812910a7310f51197d7d474251e052df2a04ad8b0ecd3b73b0d1,.css,1,1143.0,True,False,False,0,,0
https://iclass.tku.edu.tw/static/89898.db04bbea.js,200,raw/iclass.tku.edu.tw/static/89898.db04bbea.js,27648,application/javascript,6d97c2300b2a4868b5145f3c5611d04bb876fa2097b1f62a79e9eadf983e4dce,.js,1,27648.0,True,True,False,0,,0
https://iclass.tku.edu.tw/static/90201-2d59482e.chunk.css,200,raw/iclass.tku.edu.tw/static/90201-2d59482e.chunk.css,3781,text/css,92ec7f2af9cad4abe830724eef79d16dc18bab17909edba5891bb5cb5d1f680b,.css,1,3781.0,True,False,False,0,,0
https://iclass.tku.edu.tw/static/90201.ffeacf58.js,200,raw/iclass.tku.edu.tw/static/90201.ffeacf58.js,13255,application/javascript,df8b8a7e5cf2078e1fafab14f39d33a7ea8400db1a4257bec9300ca93cf8abf0,.js,1,13255.0,True,True,False,0,,0
https://iclass.tku.edu.tw/static/90406.19f9839b.js,200,raw/iclass.tku.edu.tw/static/90406.19f9839b.js,29949,application/javascript,01d4e4d4a3a697211132c292b3e3bb71e11811878d6d649b37bacfcc9b93a4f0,.js,1,29949.0,True,True,False,0,,0
https://iclass.tku.edu.tw/static/90525.dbf7e0f1.js,200,raw/iclass.tku.edu.tw/static/90525.dbf7e0f1.js,1877,application/javascript,d561662e641f288e67f1e1eb71a6f2ff93192ebf1f8c2851e6c2a352efd38bd0,.js,1,1877.0,True,True,False,0,,0
https://iclass.tku.edu.tw/static/90625-60e50e58.chunk.css,200,raw/iclass.tku.edu.tw/static/90625-60e50e58.chunk.css,17421,text/css,7ab86f6a69d14883213cbf62d4fa6a17a87121b2c30ac0ca4d197f738d8d7664,.css,1,17421.0,True,False,False,0,,0
https://iclass.tku.edu.tw/static/90625.550ad754.js,200,raw/iclass.tku.edu.tw/static/90625.550ad754.js,65939,application/javascript,a00d19a2c337e9d83d678279f013538bdad14e9313bd9cc2107bee822edb1d7d,.js,1,65939.0,True,True,False,0,,0
https://iclass.tku.edu.tw/static/90679.00a1195d.js,200,raw/iclass.tku.edu.tw/static/90679.00a1195d.js,38114,application/javascript,d580bc54cac61a25312dae1ede9aeccd3d9184f59c28106da2d50c42ab0e82be,.js,1,38114.0,True,True,False,0,,0
https://iclass.tku.edu.tw/static/90719-920047c0.chunk.css,200,raw/iclass.tku.edu.tw/static/90719-920047c0.chunk.css,1538,text/css,785c6fd2fb96b33fb35ce371f565afc54f8ca8a9278c1300ee83089d9f865bc5,.css,1,1538.0,True,False,False,0,,0
https://iclass.tku.edu.tw/static/90719.41523feb.js,200,raw/iclass.tku.edu.tw/static/90719.41523feb.js,25547,application/javascript,22b07bc7511f0b8f791765a7b29d90d903d6b1f64cfe8633affb0bd2dd572886,.js,1,25547.0,True,True,False,0,,0
https://iclass.tku.edu.tw/static/90775.e33dd884.js,200,raw/iclass.tku.edu.tw/static/90775.e33dd884.js,2570,application/javascript,b95424a8ee13175db9752b794727290abb8347809f81717a2b437807547ede9c,.js,1,2570.0,True,True,False,0,,0
https://iclass.tku.edu.tw/static/90887-960c0753.js,200,raw/iclass.tku.edu.tw/static/90887-960c0753.js,90144,application/javascript,8cf8f6d9022453ca7252b12e5062e0ecae85ab19f39b9e2a32c3fffb41ab4b0e,.js,1,90144.0,True,True,False,0,,0
https://iclass.tku.edu.tw/static/90924.0f5da29e.js,200,raw/iclass.tku.edu.tw/static/90924.0f5da29e.js,10567,application/javascript,6af6e036c476cc55d138ff6956dceb938df7c4bdf63f8225efdc976b9c98e426,.js,1,10567.0,True,True,False,0,,0
https://iclass.tku.edu.tw/static/90936-350031f2.chunk.css,200,raw/iclass.tku.edu.tw/static/90936-350031f2.chunk.css,2106,text/css,96abf19984805fab22a473b5da3bfeb4c5f7189df7c56b7c82c96b6ac185faf0,.css,1,2106.0,True,False,False,0,,0
https://iclass.tku.edu.tw/static/90936.745ec6a9.js,200,raw/iclass.tku.edu.tw/static/90936.745ec6a9.js,8101,application/javascript,753b8a7470a7d135e677803ee0b313fad3dd9d1914a2fc09d71b2df92f439ee6,.js,1,8101.0,True,True,False,0,,0
https://iclass.tku.edu.tw/static/91021-161af06c.chunk.css,200,raw/iclass.tku.edu.tw/static/91021-161af06c.chunk.css,37676,text/css,0b1aeeac24348a03b796ea36567c1b606445764f6360c5bf88427fd000f706c3,.css,1,37676.0,True,False,False,0,,0
https://iclass.tku.edu.tw/static/91021.9c65ef13.js,200,raw/iclass.tku.edu.tw/static/91021.9c65ef13.js,110645,application/javascript,80fe0606a9718d3141da9e894d60fd243a0d3e4ebad75c4aaf21de70cffd2a5d,.js,1,110645.0,True,True,False,0,,0
https://iclass.tku.edu.tw/static/91320.dc249eac.js,200,raw/iclass.tku.edu.tw/static/91320.dc249eac.js,23105,application/javascript,c083b7faad54f2c525c8a3cfdfd0a0689828a3306d360c3ce03efb2574792329,.js,1,23105.0,True,True,False,0,,0
https://iclass.tku.edu.tw/static/91852.23e651fd.js,200,raw/iclass.tku.edu.tw/static/91852.23e651fd.js,31837,application/javascript,d115e7adf01f1aa4b032f43e9406e33b86549cfa2da3576faa77b98eee835059,.js,1,31837.0,True,True,False,0,,0
https://iclass.tku.edu.tw/static/91882.ab0217bc.js,200,raw/iclass.tku.edu.tw/static/91882.ab0217bc.js,94065,application/javascript,6dba5e002c34c59341ba4b866de771c0171ea43cec88fd289d9d4a90d78404a7,.js,1,94065.0,True,True,False,0,,0
https://iclass.tku.edu.tw/static/91915-54b34f10.js,200,raw/iclass.tku.edu.tw/static/91915-54b34f10.js,138902,application/javascript,d84a1cb00b76716167320e7fc2fd6b42d769bacec9870349c0310a0f4bb58032,.js,1,138902.0,True,True,False,0,,0
https://iclass.tku.edu.tw/static/91962-12602e29.js,200,raw/iclass.tku.edu.tw/static/91962-12602e29.js,36805,application/javascript,23ea7c76941f5a16a13b6a543f9be565cc282b98f3bfab34cd421c791bd37d61,.js,1,36805.0,True,True,False,0,,0
https://iclass.tku.edu.tw/static/92082-209ef185.chunk.css,200,raw/iclass.tku.edu.tw/static/92082-209ef185.chunk.css,2860,text/css,a8494104baa19fea5836737d36ee2c96c42edb8995848e527f3d0da1023327f9,.css,1,2860.0,True,False,False,0,,0
https://iclass.tku.edu.tw/static/92082.4c9d5e26.js,200,raw/iclass.tku.edu.tw/static/92082.4c9d5e26.js,45857,application/javascript,daf952d35d171b8bb0e1bbfefb1abd7cff79aaa30f0991610c344c8e979cf12e,.js,1,45857.0,True,True,False,0,,0
https://iclass.tku.edu.tw/static/92085.9f610fe1.js,200,raw/iclass.tku.edu.tw/static/92085.9f610fe1.js,2625,application/javascript,5228be3cb62bf6df66c0d406252cd92725c674e51e4591a2b2acb3f7118041a8,.js,1,2625.0,True,True,False,0,,0
https://iclass.tku.edu.tw/static/9217-a2327fc4.chunk.css,200,raw/iclass.tku.edu.tw/static/9217-a2327fc4.chunk.css,7829,text/css,031fb002239d3e3a5d6a3efd36d9bef5a5226eb389bf613b7d770728c23d4d74,.css,1,7829.0,True,False,False,0,,0
https://iclass.tku.edu.tw/static/9217.bf4edebc.js,200,raw/iclass.tku.edu.tw/static/9217.bf4edebc.js,24050,application/javascript,83d0bff3e3fa944ee7605145069b7ee7e5fa14c153d19e44e8b4ea0640e28835,.js,1,24050.0,True,True,False,0,,0
https://iclass.tku.edu.tw/static/92245-6062b7bb.chunk.css,200,raw/iclass.tku.edu.tw/static/92245-6062b7bb.chunk.css,1179,text/css,38050b29d1691af3f1a7d654acc3e1b510d8635319d8bb154550fab3b0b238a7,.css,1,1179.0,True,False,False,0,,0
https://iclass.tku.edu.tw/static/92245.6ff6b631.js,200,raw/iclass.tku.edu.tw/static/92245.6ff6b631.js,23262,application/javascript,4a79230fbed99957a8f7e4fe609ea1a00b79b242e877171ace18f9b6f508b740,.js,1,23262.0,True,True,False,0,,0
https://iclass.tku.edu.tw/static/92455-93af5f94.chunk.css,200,raw/iclass.tku.edu.tw/static/92455-93af5f94.chunk.css,3914,text/css,52891ea51abb525e5bc82a08871d0296b28fd20be09da3f11689fa465954c35e,.css,1,3914.0,True,False,False,0,,0
https://iclass.tku.edu.tw/static/92455.9596e32b.js,200,raw/iclass.tku.edu.tw/static/92455.9596e32b.js,16034,application/javascript,ea3ad4bc9bb8eb9db56eddff2bf8ad22f5f0291cf81ccd4158890677bb19660c,.js,1,16034.0,True,True,False,0,,0
https://iclass.tku.edu.tw/static/92519.1c10a6fc.js,200,raw/iclass.tku.edu.tw/static/92519.1c10a6fc.js,12608,application/javascript,a307f1a98b9733b62029baab89326fe66c11c092e6fcef36c131aba18829463d,.js,1,12608.0,True,True,False,0,,0
https://iclass.tku.edu.tw/static/92556.15283730.js,200,raw/iclass.tku.edu.tw/static/92556.15283730.js,2383,application/javascript,3c0c40ff203aa692e5b526e4a5ef49234031625a87ff0548b21d96bd86dab103,.js,1,2383.0,True,True,False,0,,0
https://iclass.tku.edu.tw/static/92702-e80c4026.chunk.css,200,raw/iclass.tku.edu.tw/static/92702-e80c4026.chunk.css,3735,text/css,2e1b6dcdc66dc7ad377eeb91818b03e4a8709ab36c68d058115385600003107f,.css,1,3735.0,True,False,False,0,,0
https://iclass.tku.edu.tw/static/92794.90f6375a.js,200,raw/iclass.tku.edu.tw/static/92794.90f6375a.js,134108,application/javascript,a9eba2e65d8c0df7674005302af43d557202e8beb35cc11f6cbd2991eb006c24,.js,1,134108.0,True,True,False,0,,0
https://iclass.tku.edu.tw/static/93084.502a2adb.js,200,raw/iclass.tku.edu.tw/static/93084.502a2adb.js,1860,application/javascript,3aff9aa95dcf3917c2a1b0eaa310e18d9d4c6c9676940deba9778ad272259f0a,.js,1,1860.0,True,True,False,0,,0
https://iclass.tku.edu.tw/static/93155.0c0ec13a.js,200,raw/iclass.tku.edu.tw/static/93155.0c0ec13a.js,17134,application/javascript,7483a46a9a5b06f62c5910b939d870e5cc95ae0847dcd3ca6188c43e2028341c,.js,1,17134.0,True,True,False,0,,0
https://iclass.tku.edu.tw/static/93171.b583fe89.js,200,raw/iclass.tku.edu.tw/static/93171.b583fe89.js,275,application/javascript,90f2b330374de3bc810261de829aa053ef82cca8d992c60362958f544dc876e9,.js,1,275.0,True,True,False,0,,0
https://iclass.tku.edu.tw/static/93198.dceb561e.js,200,raw/iclass.tku.edu.tw/static/93198.dceb561e.js,1847,application/javascript,7a109e3833f8c1e691296788212b525579637f879303f579a6b76a932242d41d,.js,1,1847.0,True,True,False,0,,0
https://iclass.tku.edu.tw/static/93341-28b62aba.chunk.css,200,raw/iclass.tku.edu.tw/static/93341-28b62aba.chunk.css,6369,text/css,7f8f1054f8842aa6cc979fe1d4aa858efa2e726147b1d08dad703a5357c47e88,.css,1,6369.0,True,False,False,0,,0
https://iclass.tku.edu.tw/static/93341.d3187e73.js,200,raw/iclass.tku.edu.tw/static/93341.d3187e73.js,81444,application/javascript,8b18368c292484830c19a265dbb166a4ac2624a4657b12d2889d5b1accdea8f3,.js,1,81444.0,True,True,False,0,,0
https://iclass.tku.edu.tw/static/93366-9ec5bda6.chunk.css,200,raw/iclass.tku.edu.tw/static/93366-9ec5bda6.chunk.css,10283,text/css,5fe34c0ae4130da36acf3a999ec0a7161416118acb2363857eb6cd0753e624b0,.css,1,10283.0,True,False,False,0,,0
https://iclass.tku.edu.tw/static/93366.14a0fcf7.js,200,raw/iclass.tku.edu.tw/static/93366.14a0fcf7.js,36479,application/javascript,6ede6a455c623d3313a9bac74eed49a9cbffc4736905f673b67aac5958963b0f,.js,1,36479.0,True,True,False,0,,0
https://iclass.tku.edu.tw/static/93610-bf30ee0d.chunk.css,200,raw/iclass.tku.edu.tw/static/93610-bf30ee0d.chunk.css,2860,text/css,a7fb2ba1c1b02733786e7e4a1df9e2334f004950d32c37e4406bdf77a114d708,.css,1,2860.0,True,False,False,0,,0
https://iclass.tku.edu.tw/static/93610.6936aa9a.js,200,raw/iclass.tku.edu.tw/static/93610.6936aa9a.js,58755,application/javascript,c4f85e1087ba88187029210a58ff239d3b7a15b59e403b26d0c5c00e856ec2b0,.js,1,58755.0,True,True,False,0,,0
https://iclass.tku.edu.tw/static/93714.ed691a45.js,200,raw/iclass.tku.edu.tw/static/93714.ed691a45.js,30939,application/javascript,773abdc5934e9e805f747e564d1c33e4f8880a9fc90f50ca286cc44d8d882800,.js,1,30939.0,True,True,False,0,,0
https://iclass.tku.edu.tw/static/93746.df010f77.js,200,raw/iclass.tku.edu.tw/static/93746.df010f77.js,265844,application/javascript,c4783b05f026545a8190b81f88b4c8a0244cf182a6be4f1aec0108fbfa5c1742,.js,1,265844.0,True,True,False,0,,0
https://iclass.tku.edu.tw/static/93780.c5d539c8.js,200,raw/iclass.tku.edu.tw/static/93780.c5d539c8.js,18080,application/javascript,1cc168f626ec47eb4077af2f889e87cc788dca324134483de8d3048c13812573,.js,1,18080.0,True,True,False,0,,0
https://iclass.tku.edu.tw/static/93884.fff48217.js,200,raw/iclass.tku.edu.tw/static/93884.fff48217.js,2636,application/javascript,d0165c0d7ce369251051f34932db89aded8df3a70f76d5cbc711d06876c53d83,.js,1,2636.0,True,True,False,0,,0
https://iclass.tku.edu.tw/static/93926.b408e087.js,200,raw/iclass.tku.edu.tw/static/93926.b408e087.js,14982,application/javascript,95d1b2608d18f0b97238fc0ab7e4948d4d6e46a211401c0a0052f375dbe6791c,.js,1,14982.0,True,True,False,0,,0
https://iclass.tku.edu.tw/static/94064.3246640d.js,200,raw/iclass.tku.edu.tw/static/94064.3246640d.js,1869,application/javascript,cf2abdc6189a284f58ecd1f052e571c96aff6a9c130d6b02e6a24de236983dff,.js,1,1869.0,True,True,False,0,,0
https://iclass.tku.edu.tw/static/94084-ab9204f8.chunk.css,200,raw/iclass.tku.edu.tw/static/94084-ab9204f8.chunk.css,5774,text/css,0c7bf5a7fd217bdd4fc2c94fa2e85cbb1e035d4abb1fc07098a6e4db240a0873,.css,1,5774.0,True,False,False,0,,0
https://iclass.tku.edu.tw/static/94084.22ce1a21.js,200,raw/iclass.tku.edu.tw/static/94084.22ce1a21.js,36704,application/javascript,b04e066d4804b2cead74d710318ead590ba194cf14df641dc27749e2c9799193,.js,1,36704.0,True,True,False,0,,0
https://iclass.tku.edu.tw/static/94119.6a53ddb1.js,200,raw/iclass.tku.edu.tw/static/94119.6a53ddb1.js,2783,application/javascript,a043b3e009865c3adc2fcfe509d42eb043690f3419752869a0e30ad8617bc95a,.js,1,2783.0,True,True,False,0,,0
https://iclass.tku.edu.tw/static/94170.152a6707.js,200,raw/iclass.tku.edu.tw/static/94170.152a6707.js,37338,application/javascript,2b14e2920f2ed11d4be422f04a14b54bae296c186a9f77f542cb347df063b693,.js,1,37338.0,True,True,False,0,,0
https://iclass.tku.edu.tw/static/94207.55993ecf.js,200,raw/iclass.tku.edu.tw/static/94207.55993ecf.js,18528,application/javascript,9f1fd533431a829349e09b73e0081252fb89e1b696e9d0a1c024e847507eb1c4,.js,1,18528.0,True,True,False,0,,0
https://iclass.tku.edu.tw/static/94266-82908132.chunk.css,200,raw/iclass.tku.edu.tw/static/94266-82908132.chunk.css,5300,text/css,bad593ac94f14d21219692c87a8f0d414b8d0ade2ea75452dddff2f2104f9a85,.css,1,5300.0,True,False,False,0,,0
https://iclass.tku.edu.tw/static/94266.e5ff0ac2.js,200,raw/iclass.tku.edu.tw/static/94266.e5ff0ac2.js,25659,application/javascript,54256dd70043a55664f32761bc2d3a520a3aa556690c8646bcc2af5cb2519193,.js,1,25659.0,True,True,False,0,,0
https://iclass.tku.edu.tw/static/943-eece7788.chunk.css,200,raw/iclass.tku.edu.tw/static/943-eece7788.chunk.css,138,text/css,853a56375b405462a1728686c5987b4ed821749049697b81504da83005130286,.css,1,138.0,True,False,False,0,,0
https://iclass.tku.edu.tw/static/943.4484e3cb.js,200,raw/iclass.tku.edu.tw/static/943.4484e3cb.js,2252,application/javascript,84927c2a1bf545239cde56bec4e267597b2a61d7159f18258ce6c6f630fda5ad,.js,1,2252.0,True,True,False,0,,0
https://iclass.tku.edu.tw/static/94591.2a6f5e72.js,200,raw/iclass.tku.edu.tw/static/94591.2a6f5e72.js,72090,application/javascript,dd361fe64df62bf2799957d63d0602f0dad608216d0e8e016d57b3e6f4e613b6,.js,1,72090.0,True,True,False,0,,0
https://iclass.tku.edu.tw/static/94674.8d5a1f59.js,200,raw/iclass.tku.edu.tw/static/94674.8d5a1f59.js,25831,application/javascript,ffcfe9394928fedfa1282d799d624b31b75ff71532f0b14d4b8ee87ecc16bae8,.js,1,25831.0,True,True,False,0,,0
https://iclass.tku.edu.tw/static/94795.2ff75664.js,200,raw/iclass.tku.edu.tw/static/94795.2ff75664.js,18570,application/javascript,d28a55265e49f80293cd7b58131243efdcce5f1ec5bfec9f4b9e291d9a2458e3,.js,1,18570.0,True,True,False,0,,0
https://iclass.tku.edu.tw/static/94862.200578e9.js,200,raw/iclass.tku.edu.tw/static/94862.200578e9.js,48714,application/javascript,d9312292a4cf3254ec93a324aad7632074af74e72c956164f5bbe9e1d9d197db,.js,1,48714.0,True,True,False,0,,0
https://iclass.tku.edu.tw/static/95078.92c956e9.js,200,raw/iclass.tku.edu.tw/static/95078.92c956e9.js,13062,application/javascript,54fbac58cae80ee94214b34c1226b808063e43c3361a48645174d1ddccb763a8,.js,1,13062.0,True,True,False,0,,0
https://iclass.tku.edu.tw/static/95093-78347e93.js,200,raw/iclass.tku.edu.tw/static/95093-78347e93.js,61229,application/javascript,a7a24013b623effb97bf2bf578b7a9ca4040caf806c97a5f78eb9b91cebf16b0,.js,1,61229.0,True,True,False,0,,0
https://iclass.tku.edu.tw/static/95128.8705b488.js,200,raw/iclass.tku.edu.tw/static/95128.8705b488.js,3224,application/javascript,947fba2a7d33184ac1c8cab6bf4491c462e3d6b0ffaa3511406f3240c94a64f6,.js,1,3224.0,True,True,False,0,,0
https://iclass.tku.edu.tw/static/95397-5f6909f9.chunk.css,200,raw/iclass.tku.edu.tw/static/95397-5f6909f9.chunk.css,4587,text/css,05293d514dc7e08d6ef832f04a34e23e646ecb497dff6803f1f28afc4b9ec383,.css,1,4587.0,True,False,False,0,,0
https://iclass.tku.edu.tw/static/95397.bb70580d.js,200,raw/iclass.tku.edu.tw/static/95397.bb70580d.js,28915,application/javascript,fdf6f9be1eab8402c9d80ff97158728851196189add65c57b46fb1dc5e391744,.js,1,28915.0,True,True,False,0,,0
https://iclass.tku.edu.tw/static/95526.f68dcdae.js,200,raw/iclass.tku.edu.tw/static/95526.f68dcdae.js,1661,application/javascript,8762e4d63efded083aae26801fbef457fdd8d922a5bc91bb35b7e6d2e5618b8f,.js,1,1661.0,True,True,False,0,,0
https://iclass.tku.edu.tw/static/95738-3a84cfeb.js,200,raw/iclass.tku.edu.tw/static/95738-3a84cfeb.js,17824,application/javascript,4a98c64daee6b238e026edb55cc981b30a8e69ee3ac7d7dc39d1f5667a7b4b6a,.js,1,17824.0,True,True,False,0,,0
https://iclass.tku.edu.tw/static/95825.9d586b3c.js,200,raw/iclass.tku.edu.tw/static/95825.9d586b3c.js,1557,application/javascript,2e77f9fa514a06838e34eab653e5412d90e54ae6b07c85fb15329132af9c47cd,.js,1,1557.0,True,True,False,0,,0
https://iclass.tku.edu.tw/static/96140-2276bc17.chunk.css,200,raw/iclass.tku.edu.tw/static/96140-2276bc17.chunk.css,1684,text/css,3a5dbd4df0fe92d06ddbbe473a88df698e4892167a2121e750429d0d401b9f9e,.css,1,1684.0,True,False,False,0,,0
https://iclass.tku.edu.tw/static/96140.a5ad6c1d.js,200,raw/iclass.tku.edu.tw/static/96140.a5ad6c1d.js,5614,application/javascript,9f5ef3671da39565cb3aba132d80041d1bbebba7a97d890a6bcda6287d6369a8,.js,1,5614.0,True,True,False,0,,0
https://iclass.tku.edu.tw/static/96190.4e7c05f5.js,200,raw/iclass.tku.edu.tw/static/96190.4e7c05f5.js,4580,application/javascript,2d33a04512b2f390671476cc294d56f3df291ce538fa69afead08988fa388d60,.js,1,4580.0,True,True,False,0,,0
https://iclass.tku.edu.tw/static/96209-7e6b6625.chunk.css,200,raw/iclass.tku.edu.tw/static/96209-7e6b6625.chunk.css,4293,text/css,27c5196c98c4a82a8dbce3d593da445d62be4d1ee74ae772e41fd236b6ffe63f,.css,1,4293.0,True,False,False,0,,0
https://iclass.tku.edu.tw/static/96209.eab6623e.js,200,raw/iclass.tku.edu.tw/static/96209.eab6623e.js,25885,application/javascript,8fa42fc013196e099d706f447c2384899c022136f5379d8b5c65680e9ed8029d,.js,1,25885.0,True,True,False,0,,0
https://iclass.tku.edu.tw/static/96258.25a0a2a3.js,200,raw/iclass.tku.edu.tw/static/96258.25a0a2a3.js,1167,application/javascript,a17e98c03825ac98e2330adcdec5adbd05b0a1af93dd9ef103662522d85cf7f0,.js,1,1167.0,True,True,False,0,,0
https://iclass.tku.edu.tw/static/96431-8c3957af.js,200,raw/iclass.tku.edu.tw/static/96431-8c3957af.js,53388,application/javascript,767a94e2e0f41d59d0194627660383018bc4f7628515091f436a02bddfbcd7d9,.js,1,53388.0,True,True,False,0,,0
https://iclass.tku.edu.tw/static/96531.6cf2d69c.js,200,raw/iclass.tku.edu.tw/static/96531.6cf2d69c.js,539,application/javascript,c9b76ee2f121b6347e9a19c01f5975b9531b293d4fc2d48912179d2279847838,.js,1,539.0,True,True,False,0,,0
https://iclass.tku.edu.tw/static/96553.acc9dcc4.js,200,raw/iclass.tku.edu.tw/static/96553.acc9dcc4.js,2552,application/javascript,ea71186413aeb778b8d29f049b5a93bcaea2f89ae9d505d7a91f55ef160a4a37,.js,1,2552.0,True,True,False,0,,0
https://iclass.tku.edu.tw/static/96594.16884283.js,200,raw/iclass.tku.edu.tw/static/96594.16884283.js,25701,application/javascript,30bf9f24108b3adbb49bd4ea19485828a72f522b4c81bd689161a94f769fe487,.js,1,25701.0,True,True,False,0,,0
https://iclass.tku.edu.tw/static/96717.643d9050.js,200,raw/iclass.tku.edu.tw/static/96717.643d9050.js,2507,application/javascript,3eeee8191b244b491dc62306032d6f653a3240dc86fe18a4bb3acd2e3afad7ff,.js,1,2507.0,True,True,False,0,,0
https://iclass.tku.edu.tw/static/96966.c8730371.js,200,raw/iclass.tku.edu.tw/static/96966.c8730371.js,12633,application/javascript,aaac873c7a8350af3b50cf4a78c866cb8ae09319f62172c089a1ff7f7adceeb6,.js,1,12633.0,True,True,False,0,,0
https://iclass.tku.edu.tw/static/97170.21bce3c1.js,200,raw/iclass.tku.edu.tw/static/97170.21bce3c1.js,1665,application/javascript,e1f3976c571aa1d1396e60c801c0d3bb350296c160d161ec0711e378e69fe53f,.js,1,1665.0,True,True,False,0,,0
https://iclass.tku.edu.tw/static/97222-7a130436.js,200,raw/iclass.tku.edu.tw/static/97222-7a130436.js,26762,application/javascript,93e3ac0681a85db5c2f6f7e47c81038d151921884200f1911fc5b49341292b89,.js,1,26762.0,True,True,False,0,,0
https://iclass.tku.edu.tw/static/9727.7ea218be.js,200,raw/iclass.tku.edu.tw/static/9727.7ea218be.js,31483,application/javascript,202c312ec0352f7dc84e09db70f96aac9346d7b6ce6797c12833efcfb2ac583a,.js,1,31483.0,True,True,False,0,,0
https://iclass.tku.edu.tw/static/9733.84b971ed.js,200,raw/iclass.tku.edu.tw/static/9733.84b971ed.js,109139,application/javascript,851eb3f7b321a3234637055154d84819ec181f82ca13b7f618775d27c9f6271e,.js,1,109139.0,True,True,False,0,,0
https://iclass.tku.edu.tw/static/97381-087aef3b.chunk.css,200,raw/iclass.tku.edu.tw/static/97381-087aef3b.chunk.css,15650,text/css,65587488b8faca77c706ef9bc8ad908f40d59c61fde65643c294c24e314a46e5,.css,1,15650.0,True,False,False,0,,0
https://iclass.tku.edu.tw/static/97381.d0865143.js,200,raw/iclass.tku.edu.tw/static/97381.d0865143.js,17546,application/javascript,f0a742f7c8f11b36a4a58a185ae85b8944f5c86170c7d55e4aa32441ea7ec427,.js,1,17546.0,True,True,False,0,,0
https://iclass.tku.edu.tw/static/97620-989c9fdb.chunk.css,200,raw/iclass.tku.edu.tw/static/97620-989c9fdb.chunk.css,10990,text/css,f2bf1e730e7c146e4707602b41061481023cb3510c226649c9644573ca2d4ff6,.css,1,10990.0,True,False,False,0,,0
https://iclass.tku.edu.tw/static/97620.9a25c9b6.js,200,raw/iclass.tku.edu.tw/static/97620.9a25c9b6.js,462731,application/javascript,a241969cd8f56875d223c6a162205f550f35fd586a17a79968067093f715ebcc,.js,1,462731.0,True,True,True,2,,2
https://iclass.tku.edu.tw/static/97675.79548d56.js,200,raw/iclass.tku.edu.tw/static/97675.79548d56.js,1523,application/javascript,ca89748351fb424dde940337f48e313c01a9fc49af73f5f4ea9fbf0cfbd3645e,.js,1,1523.0,True,True,False,0,,0
https://iclass.tku.edu.tw/static/97786-c0269ad9.js,200,raw/iclass.tku.edu.tw/static/97786-c0269ad9.js,16585,application/javascript,48726515283fb1602a81525f3b8aa0f1836722c20a090184975c09bf96ffb999,.js,1,16585.0,True,True,False,0,,0
https://iclass.tku.edu.tw/static/97992.59d1ce65.js,200,raw/iclass.tku.edu.tw/static/97992.59d1ce65.js,1668,application/javascript,1fd505af850fd64d4b5fa57fb62cd2206fe26a22e882b5d3e8f23de3995bc9c1,.js,1,1668.0,True,True,False,0,,0
https://iclass.tku.edu.tw/static/98108-8b9c8b37.js,200,raw/iclass.tku.edu.tw/static/98108-8b9c8b37.js,28868,application/javascript,6c9a59ea35154f7b86f30593b8df39136852d2306e155ce2c502c9efe904b14f,.js,1,28868.0,True,True,False,0,,0
https://iclass.tku.edu.tw/static/98133-474d681d.js,200,raw/iclass.tku.edu.tw/static/98133-474d681d.js,33789,application/javascript,98c2471cc98d41e2abff1a8a558018f51654e0d3c62e7d7bd057f8d45c0b2ace,.js,1,33789.0,True,True,False,0,,0
https://iclass.tku.edu.tw/static/98222-8a4fb695.chunk.css,200,raw/iclass.tku.edu.tw/static/98222-8a4fb695.chunk.css,4624,text/css,8a8c2ab211eb352292ed22f272fdd5b59db48ea8e6c70f876e9c5b8524e8b369,.css,1,4624.0,True,False,False,0,,0
https://iclass.tku.edu.tw/static/98222.adcd2542.js,200,raw/iclass.tku.edu.tw/static/98222.adcd2542.js,30303,application/javascript,bd0d4ac6a0dacfd7cec7995c90af8d996b51cf0ee1814e50d34348b3fc7e8c76,.js,1,30303.0,True,True,False,0,,0
https://iclass.tku.edu.tw/static/98451.e84ea91c.js,200,raw/iclass.tku.edu.tw/static/98451.e84ea91c.js,1002,application/javascript,18822c0464c9b7dd2ab928b48091f5f5a71b99999e979f742f3f5e24a14b62bd,.js,1,1002.0,True,True,False,0,,0
https://iclass.tku.edu.tw/static/9862.d5cc01ba.js,200,raw/iclass.tku.edu.tw/static/9862.d5cc01ba.js,505450,application/javascript,0703e6d5c9ad31d474e399822765f902541afde919dba8cf9e6917d54eaa4821,.js,1,505450.0,True,True,False,0,,0
https://iclass.tku.edu.tw/static/9865.91daaf90.js,200,raw/iclass.tku.edu.tw/static/9865.91daaf90.js,26382,application/javascript,d5de7aefc2764ff90caea16bd2bd4530cb96ef6e1277be5e722303a6db55e28b,.js,1,26382.0,True,True,False,0,,0
https://iclass.tku.edu.tw/static/98747.94546323.js,200,raw/iclass.tku.edu.tw/static/98747.94546323.js,26946,application/javascript,a541dff4bb50827c24f34785f8e58a6c8fa8cbe4d21e8ce4046f261b52b5bca6,.js,1,26946.0,True,True,False,0,,0
https://iclass.tku.edu.tw/static/98766.dfd08580.js,200,raw/iclass.tku.edu.tw/static/98766.dfd08580.js,1258,application/javascript,1c250fa09726006862c094275a818f5f19d69046985cc32b30783e4108223a6e,.js,1,1258.0,True,True,False,0,,0
https://iclass.tku.edu.tw/static/99006-bf30ee0d.chunk.css,200,raw/iclass.tku.edu.tw/static/99006-bf30ee0d.chunk.css,2860,text/css,a7fb2ba1c1b02733786e7e4a1df9e2334f004950d32c37e4406bdf77a114d708,.css,1,2860.0,True,False,False,0,,0
https://iclass.tku.edu.tw/static/99006.29f25df3.js,200,raw/iclass.tku.edu.tw/static/99006.29f25df3.js,35372,application/javascript,f5c2584d113eca404e316c5fdd027e30b8bad1ccdedef1fa0dcbef1d00e16b66,.js,1,35372.0,True,True,False,0,,0
https://iclass.tku.edu.tw/static/99113.4bb3dd4a.js,200,raw/iclass.tku.edu.tw/static/99113.4bb3dd4a.js,2351,application/javascript,5ff20210fc57659596800c4709a0e05e88e8e5936342a6b4d7994a2d030fcbb1,.js,1,2351.0,True,True,False,0,,0
https://iclass.tku.edu.tw/static/99393-9568e05c.chunk.css,200,raw/iclass.tku.edu.tw/static/99393-9568e05c.chunk.css,22896,text/css,1308d69f918bfbd895202b3e571352e1d3fc521890335a17ba8176fb82849017,.css,1,22896.0,True,False,False,0,,0
https://iclass.tku.edu.tw/static/99393.36cb5bd7.js,200,raw/iclass.tku.edu.tw/static/99393.36cb5bd7.js,143387,application/javascript,8146345f95a5d49e1a1fbc41631c7025a0294eccdaa5c8738df588f132c53bc6,.js,1,143387.0,True,True,False,0,,0
https://iclass.tku.edu.tw/static/99418-8d2e703c.js,200,raw/iclass.tku.edu.tw/static/99418-8d2e703c.js,21976,application/javascript,81ca19e24691e5534da94e4ca3ba354ee88ae8c2d174fb6e4e57bed44881b762,.js,1,21976.0,True,True,False,0,,0
https://iclass.tku.edu.tw/static/99439-a70472ff.chunk.css,200,raw/iclass.tku.edu.tw/static/99439-a70472ff.chunk.css,4317,text/css,f60dbec666ef667c91008d0082782a87dff20082a768a3c702cd667fe6aab0fa,.css,1,4317.0,True,False,False,0,,0
https://iclass.tku.edu.tw/static/99439.0d4c2abb.js,200,raw/iclass.tku.edu.tw/static/99439.0d4c2abb.js,14987,application/javascript,c4b5717688b6ad1f23de90e5eb10a830bbf1fe8ab158538d6f9c521691b56a99,.js,1,14987.0,True,True,False,0,,0
https://iclass.tku.edu.tw/static/99560-dad24394.chunk.css,200,raw/iclass.tku.edu.tw/static/99560-dad24394.chunk.css,106047,text/css,5f407a92e49a96e58b8873cf9ad57c2b229eb85279880537c28283421d385ed9,.css,1,106047.0,True,False,False,0,,0
https://iclass.tku.edu.tw/static/js/iframeResizer.min.js?v=1.77.117541-hotfix-v1-77-7d747e6d,200,raw/iclass.tku.edu.tw/static/js/iframeResizer.min__q_19ef8e292e.js,14166,application/javascript,f3a17dbeb1279ddd9aa45595a39b0dc40ada6fa4fc2f4e3c7cf3e460e3410c76,.js,8,1770.75,False,False,True,1,iframeResizer.map,0
https://iclass.tku.edu.tw/static/js/lms-main-c9dd7ace.css,200,raw/iclass.tku.edu.tw/static/js/lms-main-c9dd7ace.css,45675,text/css,b3f5370afe062cd873f9346dc0458dacc480a286348a4dc4e2eef2d326545a11,.css,1,45675.0,True,False,False,0,,0
https://iclass.tku.edu.tw/static/js/lms-main-dffe463e.js,200,raw/iclass.tku.edu.tw/static/js/lms-main-dffe463e.js,214260,application/javascript,2fb3bb13ec41c1dd63579b5298cd30eb3d014263cb45d409fdc7bdecc79c9c57,.js,1,214260.0,True,True,False,0,,0
https://iclass.tku.edu.tw/static/js/main-portal-48fa8283.js,200,raw/iclass.tku.edu.tw/static/js/main-portal-48fa8283.js,223729,application/javascript,5c0d753732a356397b055fe8ac9c1ec8056e341ff5c176def1fc39bef6aacc8c,.js,1,223729.0,True,True,False,0,,0
https://iclass.tku.edu.tw/static/js/main-portal-c353cedb.css,200,raw/iclass.tku.edu.tw/static/js/main-portal-c353cedb.css,40801,text/css,9631dd2bbd4f1001021c30c381cde5e210ea42ecaacaf8488e22bcbb0ca2acf8,.css,1,40801.0,True,False,False,0,,0
https://iclass.tku.edu.tw/static/js/main-public-course-d8b2890d.js,200,raw/iclass.tku.edu.tw/static/js/main-public-course-d8b2890d.js,214304,application/javascript,b03471f1393dffee1d7b83409ee403ccf77c22f74301dafac940d381514a5d78,.js,1,214304.0,True,True,False,0,,0
https://iclass.tku.edu.tw/static/js/main-public-course-e8564729.css,200,raw/iclass.tku.edu.tw/static/js/main-public-course-e8564729.css,43621,text/css,e3992e58080709ac9dc53320cc8869a397725febd264d26dc9da45a860a6fd92,.css,1,43621.0,True,False,False,0,,0
https://iclass.tku.edu.tw/static/js/mathjax/es5/tex-mml-svg.js,200,raw/iclass.tku.edu.tw/static/js/mathjax/es5/tex-mml-svg.js,2120598,application/javascript,1f17a7ed95ff4a4b27d16bf0fb5f80b915686ee8673e82983a2876ecf8cb9fae,.js,1,2120598.0,True,True,False,0,,0
https://iclass.tku.edu.tw/static/runtime~js/lms-main-d01aa8bf.js,200,raw/iclass.tku.edu.tw/static/runtime~js/lms-main-d01aa8bf.js,24747,application/javascript,71448e04ee972b2d1d2fc61f95ad6165d99124bc0ab11795bd9f831286a7dedb,.js,1,24747.0,True,True,False,0,,0
https://iclass.tku.edu.tw/static/runtime~js/main-portal-3cc2b87f.js,200,raw/iclass.tku.edu.tw/static/runtime~js/main-portal-3cc2b87f.js,22818,application/javascript,2afd4fe67abcce4f83c4fe064906a77c535bef87893419532c4f8a6fe8609234,.js,1,22818.0,True,True,False,0,,0
https://iclass.tku.edu.tw/static/runtime~js/main-public-course-332dec27.js,200,raw/iclass.tku.edu.tw/static/runtime~js/main-public-course-332dec27.js,24758,application/javascript,dadb7d9f64eb54cb37036a939eb2e4a8818e4bf74cc59314453bf0b49faab8ce,.js,1,24758.0,True,True,False,0,,0
https://iclass.tku.edu.tw/static/styles-base-040084be.css,200,raw/iclass.tku.edu.tw/static/styles-base-040084be.css,99155,text/css,6de1e2c79f657ec6e434b1921afc87b843b019626766ef5986a6a2d517696d8d,.css,1,99155.0,True,False,False,0,,0
https://iclass.tku.edu.tw/static/styles-course-037f0dda-89a9c5b1.css,200,raw/iclass.tku.edu.tw/static/styles-course-037f0dda-89a9c5b1.css,203661,text/css,d9344d4a422e4c98755499741dfbd398d68f0bf43772c93b6396e10503b3cdc0,.css,1,203661.0,True,False,False,0,,0
https://iclass.tku.edu.tw/static/styles-course-127037c2-ffb16a6e.css,200,raw/iclass.tku.edu.tw/static/styles-course-127037c2-ffb16a6e.css,910778,text/css,2c85b4a66d3b8e5b1438b405d939186fd1255b7a350dad2199e30ba6334c1726,.css,1,910778.0,True,False,False,0,,0
https://iclass.tku.edu.tw/static/styles-course-30349872-840d1382.css,200,raw/iclass.tku.edu.tw/static/styles-course-30349872-840d1382.css,94355,text/css,7c90ff2d06dab6968ba0f6bb27fa0071e518729d2a74fedbe178060d9563caa5,.css,1,94355.0,True,False,False,0,,0
https://iclass.tku.edu.tw/static/styles-course-ce409320-bcaa303f.css,200,raw/iclass.tku.edu.tw/static/styles-course-ce409320-bcaa303f.css,281860,text/css,25c263ab1709787d6e4264a356901ae5f356cd869e071eafab15780524539c0a,.css,1,281860.0,True,False,False,0,,0
https://iclass.tku.edu.tw/static/styles-course-f15203a0-8f84d7c9.css,200,raw/iclass.tku.edu.tw/static/styles-course-f15203a0-8f84d7c9.css,757658,text/css,5b1b014ffb8467bd1c67cfc5f1fdab98390d883fc62a33880c538b7b9cce5fab,.css,1,757658.0,True,False,False,0,,0
https://iclass.tku.edu.tw/static/styles-iview-58339d95.css,200,raw/iclass.tku.edu.tw/static/styles-iview-58339d95.css,296586,text/css,90800d68eeccc229a25ae39669312bd23550ff15711b90794915b4bb12abd473,.css,1,296586.0,True,False,False,0,,0
https://iclass.tku.edu.tw/static/styles-lms-main-ef469ef3.css,200,raw/iclass.tku.edu.tw/static/styles-lms-main-ef469ef3.css,1040347,text/css,b4314d854c9ec0d78894b524f5c5e6b5887fb1fd3a28bf6e8633f8671971fa3f,.css,1,1040347.0,True,False,False,0,,0
https://www.googletagmanager.com/gtag/js,200,raw/www.googletagmanager.com/gtag/js.js,233914,application/javascript; charset=UTF-8,0426d02e9723b4d657871ce4cb45597a1b5f2b5e8b7bb7ed1bd021a5110567fb,.js,490,477.38,False,False,False,0,,0
https://www.googletagmanager.com/gtag/js?id=G-4EQ9Z50LKC&cx=c&gtm=4e65k1,200,raw/www.googletagmanager.com/gtag/js__q_a5aaac809c.js,450968,application/javascript; charset=UTF-8,ae0f32a46919b1b71f1480d7ca8c9680a4721dbf76ed7f47f86ab49762838097,.js,954,472.71,False,False,False,0,,0
https://www.googletagmanager.com/gtag/js?id=G-YY6C7VCWEY&cx=c&gtm=4e65k1,200,raw/www.googletagmanager.com/gtag/js__q_9486b7e461.js,469041,application/javascript; charset=UTF-8,919930cc676672c9b37f327c86ab39fdc63b38d957f7d0f65c6d477bc1f988e9,.js,988,474.74,False,False,False,0,,0
