url,host,source_path,source_url,context
https://iclass.tku.edu.tw/login?next=/iportal&locale=zh_TW,iclass.tku.edu.tw,raw/iclass.tku.edu.tw/index/index.html,https://iclass.tku.edu.tw/,absolute-url
https://tkutcmediatw.z40.web.core.windows.net/iclassbackgroud.jpg,tkutcmediatw.z40.web.core.windows.net,raw/iclass.tku.edu.tw/index/index.html,https://iclass.tku.edu.tw/,absolute-url
https://enroll.tku.edu.tw/course.aspx?cid=PLAN0609,enroll.tku.edu.tw,raw/iclass.tku.edu.tw/api/bulletins/latest.json,https://iclass.tku.edu.tw/api/bulletins/latest,absolute-url
https://www.facebook.com/hashtag/%E9%99%B3%E7%B9%81%E9%BD%8A?hc_location=ufi,www.facebook.com,raw/iclass.tku.edu.tw/api/bulletins/latest.json,https://iclass.tku.edu.tw/api/bulletins/latest,absolute-url
http://creativecommons.tw/explore,creativecommons.tw,raw/iclass.tku.edu.tw/api/cc-license/map.json,https://iclass.tku.edu.tw/api/cc-license/map,absolute-url
https://enroll.tku.edu.tw/course.aspx?cid=PLAN0609,enroll.tku.edu.tw,raw/iclass.tku.edu.tw/api/course-bulletins.json,https://iclass.tku.edu.tw/api/course-bulletins,absolute-url
https://www.facebook.com/hashtag/%E9%99%B3%E7%B9%81%E9%BD%8A?hc_location=ufi,www.facebook.com,raw/iclass.tku.edu.tw/api/course-bulletins.json,https://iclass.tku.edu.tw/api/course-bulletins,absolute-url
https://youtu.be/dom6lDFo0tg,youtu.be,raw/iclass.tku.edu.tw/api/course-bulletins.json,https://iclass.tku.edu.tw/api/course-bulletins,absolute-url
https://youtu.be/s1kBcPezdsM,youtu.be,raw/iclass.tku.edu.tw/api/course-bulletins.json,https://iclass.tku.edu.tw/api/course-bulletins,absolute-url
https://accounts.google.com/o/oauth2/auth?response_type=code&client_id=&redirect_uri=https%3A%2F%2Ficlass.tku.edu.tw%2Fcallback%3Fapp_type%3DgoogleService&scope=https%3A%2F%2Fwww.googleapis.com%2Fauth%2Fuserinfo.email+https%3A%2F%2Fwww.googleapis.com%2Fauth%2Fuserinfo.profile+openid+https%3A%2F%2Fwww.googleapis.com%2Fauth%2Fdrive.readonly&state=3r7GP6Cxk0YNW2LVtyVWcJYHBrDjik&code_challenge=mcHOA32ykWzBZ2GPGCrKo-HJGngvQPH3GTNEa1pOjPg&code_challenge_method=S256&prompt=consent&access_type=offline&i,accounts.google.com,raw/iclass.tku.edu.tw/api/google/authorization-url.json,https://iclass.tku.edu.tw/api/google/authorization-url,absolute-url
https://slides.com/leuo-hongwang/python-007-dict,slides.com,raw/iclass.tku.edu.tw/api/latest-activities__q_97a147c553.json,"https://iclass.tku.edu.tw/api/latest-activities?no-intercept=true&types=material,web_link,slide,online_video,page",absolute-url
https://colab.research.google.com/drive/1Siys7sdDAn8p41hEC-fWfWcxYSDpjxnh?usp=sharing,colab.research.google.com,raw/iclass.tku.edu.tw/api/latest-activities__q_97a147c553.json,"https://iclass.tku.edu.tw/api/latest-activities?no-intercept=true&types=material,web_link,slide,online_video,page",absolute-url
https://access.line.me/oauth2/v2.1/authorize?client_id=&redirect_uri=&scope=openid&response_type=code&response_mode=query&state=linelogin&bot_prompt=normal,access.line.me,raw/iclass.tku.edu.tw/api/line-login/authorization-url.json,https://iclass.tku.edu.tw/api/line-login/authorization-url,absolute-url
https://login.microsoftonline.com/organizations/oauth2/v2.0/authorize?client_id=1834b1e1-db67-49bf-882f-d9e1f433cacd&redirect_uri=https%3A%2F%2Ficlass.tku.edu.tw%2Fcallback&scope=profile+email+openid+offline_access+https%3A%2F%2Fgraph.microsoft.com%2Fuser.read+https%3A%2F%2Fgraph.microsoft.com%2FOnlineMeetings.Read+https%3A%2F%2Fgraph.microsoft.com%2FOnlineMeetings.ReadWrite&response_type=code&response_mode=query&state=microsoft,login.microsoftonline.com,raw/iclass.tku.edu.tw/api/microsoft/authorization-url.json,https://iclass.tku.edu.tw/api/microsoft/authorization-url,absolute-url
https://tkutcmediatw.z40.web.core.windows.net/error-404.png,tkutcmediatw.z40.web.core.windows.net,raw/iclass.tku.edu.tw/api/signup.html,https://iclass.tku.edu.tw/api/signup,absolute-url
https://iclass.tku.edu.tw/course/{id}/content,iclass.tku.edu.tw,raw/iclass.tku.edu.tw/api/user/recently-visited-courses.json,https://iclass.tku.edu.tw/api/user/recently-visited-courses,absolute-url
https://iclass.tku.edu.tw/,iclass.tku.edu.tw,raw/iclass.tku.edu.tw/course.html,https://iclass.tku.edu.tw/course,absolute-url
https://www.googletagmanager.com/gtag/js,www.googletagmanager.com,raw/iclass.tku.edu.tw/course.html,https://iclass.tku.edu.tw/course,absolute-url
https://github.com/OWASP/CheatSheetSeries/blob/master/cheatsheets/Clickjacking_Defense_Cheat_Sheet.md#best-for-now-legacy-browser-frame-breaking-script--,github.com,raw/iclass.tku.edu.tw/course.html,https://iclass.tku.edu.tw/course,absolute-url
https://bam.nr-data.net,bam.nr-data.net,raw/iclass.tku.edu.tw/course.html,https://iclass.tku.edu.tw/course,absolute-url
https://www.google-analytics.com,www.google-analytics.com,raw/iclass.tku.edu.tw/course.html,https://iclass.tku.edu.tw/course,absolute-url
https://iclass.tku.edu.tw/iportal,iclass.tku.edu.tw,raw/iclass.tku.edu.tw/course.html,https://iclass.tku.edu.tw/course,absolute-url
"https://tronclass.com.tw/public-manual/TronclassManual_System_Admin.pdf',",tronclass.com.tw,raw/iclass.tku.edu.tw/course.html,https://iclass.tku.edu.tw/course,absolute-url
"https://tronclass.com.tw/public-manual/TronclassManual_Administrator.pdf',",tronclass.com.tw,raw/iclass.tku.edu.tw/course.html,https://iclass.tku.edu.tw/course,absolute-url
"https://tronclass.com.tw/public-manual/manual-teacher.html',",tronclass.com.tw,raw/iclass.tku.edu.tw/course.html,https://iclass.tku.edu.tw/course,absolute-url
"https://tronclass.com.tw/public-manual/TronclassManual_Student.pdf',",tronclass.com.tw,raw/iclass.tku.edu.tw/course.html,https://iclass.tku.edu.tw/course,absolute-url
"https://tronclass.com.tw/public-manual/TronclassManual_App.pdf',",tronclass.com.tw,raw/iclass.tku.edu.tw/course.html,https://iclass.tku.edu.tw/course,absolute-url
https://support.tronclass.com',support.tronclass.com',raw/iclass.tku.edu.tw/course.html,https://iclass.tku.edu.tw/course,absolute-url
https://iclass.tku.edu.tw/market,iclass.tku.edu.tw,raw/iclass.tku.edu.tw/course.html,https://iclass.tku.edu.tw/course,absolute-url
https://www.youtube.com/iframe_api,www.youtube.com,raw/iclass.tku.edu.tw/course.html,https://iclass.tku.edu.tw/course,absolute-url
https://get.adobe.com/flashplayer/,get.adobe.com,raw/iclass.tku.edu.tw/course.html,https://iclass.tku.edu.tw/course,absolute-url
https://iclass.tku.edu.tw/,iclass.tku.edu.tw,raw/iclass.tku.edu.tw/course-advance-setting.html,https://iclass.tku.edu.tw/course-advance-setting,absolute-url
https://www.googletagmanager.com/gtag/js,www.googletagmanager.com,raw/iclass.tku.edu.tw/course-advance-setting.html,https://iclass.tku.edu.tw/course-advance-setting,absolute-url
https://github.com/OWASP/CheatSheetSeries/blob/master/cheatsheets/Clickjacking_Defense_Cheat_Sheet.md#best-for-now-legacy-browser-frame-breaking-script--,github.com,raw/iclass.tku.edu.tw/course-advance-setting.html,https://iclass.tku.edu.tw/course-advance-setting,absolute-url
https://bam.nr-data.net,bam.nr-data.net,raw/iclass.tku.edu.tw/course-advance-setting.html,https://iclass.tku.edu.tw/course-advance-setting,absolute-url
https://www.google-analytics.com,www.google-analytics.com,raw/iclass.tku.edu.tw/course-advance-setting.html,https://iclass.tku.edu.tw/course-advance-setting,absolute-url
https://iclass.tku.edu.tw/iportal,iclass.tku.edu.tw,raw/iclass.tku.edu.tw/course-advance-setting.html,https://iclass.tku.edu.tw/course-advance-setting,absolute-url
"https://tronclass.com.tw/public-manual/TronclassManual_System_Admin.pdf',",tronclass.com.tw,raw/iclass.tku.edu.tw/course-advance-setting.html,https://iclass.tku.edu.tw/course-advance-setting,absolute-url
"https://tronclass.com.tw/public-manual/TronclassManual_Administrator.pdf',",tronclass.com.tw,raw/iclass.tku.edu.tw/course-advance-setting.html,https://iclass.tku.edu.tw/course-advance-setting,absolute-url
"https://tronclass.com.tw/public-manual/manual-teacher.html',",tronclass.com.tw,raw/iclass.tku.edu.tw/course-advance-setting.html,https://iclass.tku.edu.tw/course-advance-setting,absolute-url
"https://tronclass.com.tw/public-manual/TronclassManual_Student.pdf',",tronclass.com.tw,raw/iclass.tku.edu.tw/course-advance-setting.html,https://iclass.tku.edu.tw/course-advance-setting,absolute-url
"https://tronclass.com.tw/public-manual/TronclassManual_App.pdf',",tronclass.com.tw,raw/iclass.tku.edu.tw/course-advance-setting.html,https://iclass.tku.edu.tw/course-advance-setting,absolute-url
https://support.tronclass.com',support.tronclass.com',raw/iclass.tku.edu.tw/course-advance-setting.html,https://iclass.tku.edu.tw/course-advance-setting,absolute-url
https://iclass.tku.edu.tw/market,iclass.tku.edu.tw,raw/iclass.tku.edu.tw/course-advance-setting.html,https://iclass.tku.edu.tw/course-advance-setting,absolute-url
https://www.youtube.com/iframe_api,www.youtube.com,raw/iclass.tku.edu.tw/course-advance-setting.html,https://iclass.tku.edu.tw/course-advance-setting,absolute-url
https://get.adobe.com/flashplayer/,get.adobe.com,raw/iclass.tku.edu.tw/course-advance-setting.html,https://iclass.tku.edu.tw/course-advance-setting,absolute-url
https://iclass.tku.edu.tw/,iclass.tku.edu.tw,raw/iclass.tku.edu.tw/course-audits.html,https://iclass.tku.edu.tw/course-audits,absolute-url
https://www.googletagmanager.com/gtag/js,www.googletagmanager.com,raw/iclass.tku.edu.tw/course-audits.html,https://iclass.tku.edu.tw/course-audits,absolute-url
https://github.com/OWASP/CheatSheetSeries/blob/master/cheatsheets/Clickjacking_Defense_Cheat_Sheet.md#best-for-now-legacy-browser-frame-breaking-script--,github.com,raw/iclass.tku.edu.tw/course-audits.html,https://iclass.tku.edu.tw/course-audits,absolute-url
https://bam.nr-data.net,bam.nr-data.net,raw/iclass.tku.edu.tw/course-audits.html,https://iclass.tku.edu.tw/course-audits,absolute-url
https://www.google-analytics.com,www.google-analytics.com,raw/iclass.tku.edu.tw/course-audits.html,https://iclass.tku.edu.tw/course-audits,absolute-url
https://iclass.tku.edu.tw/iportal,iclass.tku.edu.tw,raw/iclass.tku.edu.tw/course-audits.html,https://iclass.tku.edu.tw/course-audits,absolute-url
"https://tronclass.com.tw/public-manual/TronclassManual_System_Admin.pdf',",tronclass.com.tw,raw/iclass.tku.edu.tw/course-audits.html,https://iclass.tku.edu.tw/course-audits,absolute-url
"https://tronclass.com.tw/public-manual/TronclassManual_Administrator.pdf',",tronclass.com.tw,raw/iclass.tku.edu.tw/course-audits.html,https://iclass.tku.edu.tw/course-audits,absolute-url
"https://tronclass.com.tw/public-manual/manual-teacher.html',",tronclass.com.tw,raw/iclass.tku.edu.tw/course-audits.html,https://iclass.tku.edu.tw/course-audits,absolute-url
"https://tronclass.com.tw/public-manual/TronclassManual_Student.pdf',",tronclass.com.tw,raw/iclass.tku.edu.tw/course-audits.html,https://iclass.tku.edu.tw/course-audits,absolute-url
"https://tronclass.com.tw/public-manual/TronclassManual_App.pdf',",tronclass.com.tw,raw/iclass.tku.edu.tw/course-audits.html,https://iclass.tku.edu.tw/course-audits,absolute-url
https://support.tronclass.com',support.tronclass.com',raw/iclass.tku.edu.tw/course-audits.html,https://iclass.tku.edu.tw/course-audits,absolute-url
https://iclass.tku.edu.tw/market,iclass.tku.edu.tw,raw/iclass.tku.edu.tw/course-audits.html,https://iclass.tku.edu.tw/course-audits,absolute-url
https://www.youtube.com/iframe_api,www.youtube.com,raw/iclass.tku.edu.tw/course-audits.html,https://iclass.tku.edu.tw/course-audits,absolute-url
https://get.adobe.com/flashplayer/,get.adobe.com,raw/iclass.tku.edu.tw/course-audits.html,https://iclass.tku.edu.tw/course-audits,absolute-url
https://iclass.tku.edu.tw/,iclass.tku.edu.tw,raw/iclass.tku.edu.tw/course-catalog-wrapper.html,https://iclass.tku.edu.tw/course-catalog-wrapper,absolute-url
https://www.googletagmanager.com/gtag/js,www.googletagmanager.com,raw/iclass.tku.edu.tw/course-catalog-wrapper.html,https://iclass.tku.edu.tw/course-catalog-wrapper,absolute-url
https://github.com/OWASP/CheatSheetSeries/blob/master/cheatsheets/Clickjacking_Defense_Cheat_Sheet.md#best-for-now-legacy-browser-frame-breaking-script--,github.com,raw/iclass.tku.edu.tw/course-catalog-wrapper.html,https://iclass.tku.edu.tw/course-catalog-wrapper,absolute-url
https://bam.nr-data.net,bam.nr-data.net,raw/iclass.tku.edu.tw/course-catalog-wrapper.html,https://iclass.tku.edu.tw/course-catalog-wrapper,absolute-url
https://www.google-analytics.com,www.google-analytics.com,raw/iclass.tku.edu.tw/course-catalog-wrapper.html,https://iclass.tku.edu.tw/course-catalog-wrapper,absolute-url
https://iclass.tku.edu.tw/iportal,iclass.tku.edu.tw,raw/iclass.tku.edu.tw/course-catalog-wrapper.html,https://iclass.tku.edu.tw/course-catalog-wrapper,absolute-url
"https://tronclass.com.tw/public-manual/TronclassManual_System_Admin.pdf',",tronclass.com.tw,raw/iclass.tku.edu.tw/course-catalog-wrapper.html,https://iclass.tku.edu.tw/course-catalog-wrapper,absolute-url
"https://tronclass.com.tw/public-manual/TronclassManual_Administrator.pdf',",tronclass.com.tw,raw/iclass.tku.edu.tw/course-catalog-wrapper.html,https://iclass.tku.edu.tw/course-catalog-wrapper,absolute-url
"https://tronclass.com.tw/public-manual/manual-teacher.html',",tronclass.com.tw,raw/iclass.tku.edu.tw/course-catalog-wrapper.html,https://iclass.tku.edu.tw/course-catalog-wrapper,absolute-url
"https://tronclass.com.tw/public-manual/TronclassManual_Student.pdf',",tronclass.com.tw,raw/iclass.tku.edu.tw/course-catalog-wrapper.html,https://iclass.tku.edu.tw/course-catalog-wrapper,absolute-url
"https://tronclass.com.tw/public-manual/TronclassManual_App.pdf',",tronclass.com.tw,raw/iclass.tku.edu.tw/course-catalog-wrapper.html,https://iclass.tku.edu.tw/course-catalog-wrapper,absolute-url
https://support.tronclass.com',support.tronclass.com',raw/iclass.tku.edu.tw/course-catalog-wrapper.html,https://iclass.tku.edu.tw/course-catalog-wrapper,absolute-url
https://iclass.tku.edu.tw/market,iclass.tku.edu.tw,raw/iclass.tku.edu.tw/course-catalog-wrapper.html,https://iclass.tku.edu.tw/course-catalog-wrapper,absolute-url
https://www.youtube.com/iframe_api,www.youtube.com,raw/iclass.tku.edu.tw/course-catalog-wrapper.html,https://iclass.tku.edu.tw/course-catalog-wrapper,absolute-url
https://get.adobe.com/flashplayer/,get.adobe.com,raw/iclass.tku.edu.tw/course-catalog-wrapper.html,https://iclass.tku.edu.tw/course-catalog-wrapper,absolute-url
https://iclass.tku.edu.tw/,iclass.tku.edu.tw,raw/iclass.tku.edu.tw/course-classifications.html,https://iclass.tku.edu.tw/course-classifications,absolute-url
https://www.googletagmanager.com/gtag/js,www.googletagmanager.com,raw/iclass.tku.edu.tw/course-classifications.html,https://iclass.tku.edu.tw/course-classifications,absolute-url
https://github.com/OWASP/CheatSheetSeries/blob/master/cheatsheets/Clickjacking_Defense_Cheat_Sheet.md#best-for-now-legacy-browser-frame-breaking-script--,github.com,raw/iclass.tku.edu.tw/course-classifications.html,https://iclass.tku.edu.tw/course-classifications,absolute-url
https://bam.nr-data.net,bam.nr-data.net,raw/iclass.tku.edu.tw/course-classifications.html,https://iclass.tku.edu.tw/course-classifications,absolute-url
https://www.google-analytics.com,www.google-analytics.com,raw/iclass.tku.edu.tw/course-classifications.html,https://iclass.tku.edu.tw/course-classifications,absolute-url
https://iclass.tku.edu.tw/iportal,iclass.tku.edu.tw,raw/iclass.tku.edu.tw/course-classifications.html,https://iclass.tku.edu.tw/course-classifications,absolute-url
"https://tronclass.com.tw/public-manual/TronclassManual_System_Admin.pdf',",tronclass.com.tw,raw/iclass.tku.edu.tw/course-classifications.html,https://iclass.tku.edu.tw/course-classifications,absolute-url
"https://tronclass.com.tw/public-manual/TronclassManual_Administrator.pdf',",tronclass.com.tw,raw/iclass.tku.edu.tw/course-classifications.html,https://iclass.tku.edu.tw/course-classifications,absolute-url
"https://tronclass.com.tw/public-manual/manual-teacher.html',",tronclass.com.tw,raw/iclass.tku.edu.tw/course-classifications.html,https://iclass.tku.edu.tw/course-classifications,absolute-url
"https://tronclass.com.tw/public-manual/TronclassManual_Student.pdf',",tronclass.com.tw,raw/iclass.tku.edu.tw/course-classifications.html,https://iclass.tku.edu.tw/course-classifications,absolute-url
"https://tronclass.com.tw/public-manual/TronclassManual_App.pdf',",tronclass.com.tw,raw/iclass.tku.edu.tw/course-classifications.html,https://iclass.tku.edu.tw/course-classifications,absolute-url
https://support.tronclass.com',support.tronclass.com',raw/iclass.tku.edu.tw/course-classifications.html,https://iclass.tku.edu.tw/course-classifications,absolute-url
https://iclass.tku.edu.tw/market,iclass.tku.edu.tw,raw/iclass.tku.edu.tw/course-classifications.html,https://iclass.tku.edu.tw/course-classifications,absolute-url
https://www.youtube.com/iframe_api,www.youtube.com,raw/iclass.tku.edu.tw/course-classifications.html,https://iclass.tku.edu.tw/course-classifications,absolute-url
https://get.adobe.com/flashplayer/,get.adobe.com,raw/iclass.tku.edu.tw/course-classifications.html,https://iclass.tku.edu.tw/course-classifications,absolute-url
https://iclass.tku.edu.tw/,iclass.tku.edu.tw,raw/iclass.tku.edu.tw/course-completeness__q_ee1eaef797.html,https://iclass.tku.edu.tw/course-completeness?page=,absolute-url
https://www.googletagmanager.com/gtag/js,www.googletagmanager.com,raw/iclass.tku.edu.tw/course-completeness__q_ee1eaef797.html,https://iclass.tku.edu.tw/course-completeness?page=,absolute-url
https://github.com/OWASP/CheatSheetSeries/blob/master/cheatsheets/Clickjacking_Defense_Cheat_Sheet.md#best-for-now-legacy-browser-frame-breaking-script--,github.com,raw/iclass.tku.edu.tw/course-completeness__q_ee1eaef797.html,https://iclass.tku.edu.tw/course-completeness?page=,absolute-url
https://bam.nr-data.net,bam.nr-data.net,raw/iclass.tku.edu.tw/course-completeness__q_ee1eaef797.html,https://iclass.tku.edu.tw/course-completeness?page=,absolute-url
https://www.google-analytics.com,www.google-analytics.com,raw/iclass.tku.edu.tw/course-completeness__q_ee1eaef797.html,https://iclass.tku.edu.tw/course-completeness?page=,absolute-url
https://iclass.tku.edu.tw/iportal,iclass.tku.edu.tw,raw/iclass.tku.edu.tw/course-completeness__q_ee1eaef797.html,https://iclass.tku.edu.tw/course-completeness?page=,absolute-url
"https://tronclass.com.tw/public-manual/TronclassManual_System_Admin.pdf',",tronclass.com.tw,raw/iclass.tku.edu.tw/course-completeness__q_ee1eaef797.html,https://iclass.tku.edu.tw/course-completeness?page=,absolute-url
"https://tronclass.com.tw/public-manual/TronclassManual_Administrator.pdf',",tronclass.com.tw,raw/iclass.tku.edu.tw/course-completeness__q_ee1eaef797.html,https://iclass.tku.edu.tw/course-completeness?page=,absolute-url
"https://tronclass.com.tw/public-manual/manual-teacher.html',",tronclass.com.tw,raw/iclass.tku.edu.tw/course-completeness__q_ee1eaef797.html,https://iclass.tku.edu.tw/course-completeness?page=,absolute-url
"https://tronclass.com.tw/public-manual/TronclassManual_Student.pdf',",tronclass.com.tw,raw/iclass.tku.edu.tw/course-completeness__q_ee1eaef797.html,https://iclass.tku.edu.tw/course-completeness?page=,absolute-url
"https://tronclass.com.tw/public-manual/TronclassManual_App.pdf',",tronclass.com.tw,raw/iclass.tku.edu.tw/course-completeness__q_ee1eaef797.html,https://iclass.tku.edu.tw/course-completeness?page=,absolute-url
https://support.tronclass.com',support.tronclass.com',raw/iclass.tku.edu.tw/course-completeness__q_ee1eaef797.html,https://iclass.tku.edu.tw/course-completeness?page=,absolute-url
https://iclass.tku.edu.tw/market,iclass.tku.edu.tw,raw/iclass.tku.edu.tw/course-completeness__q_ee1eaef797.html,https://iclass.tku.edu.tw/course-completeness?page=,absolute-url
https://www.youtube.com/iframe_api,www.youtube.com,raw/iclass.tku.edu.tw/course-completeness__q_ee1eaef797.html,https://iclass.tku.edu.tw/course-completeness?page=,absolute-url
https://get.adobe.com/flashplayer/,get.adobe.com,raw/iclass.tku.edu.tw/course-completeness__q_ee1eaef797.html,https://iclass.tku.edu.tw/course-completeness?page=,absolute-url
https://iclass.tku.edu.tw/,iclass.tku.edu.tw,raw/iclass.tku.edu.tw/course-cover.html,https://iclass.tku.edu.tw/course-cover,absolute-url
https://www.googletagmanager.com/gtag/js,www.googletagmanager.com,raw/iclass.tku.edu.tw/course-cover.html,https://iclass.tku.edu.tw/course-cover,absolute-url
https://github.com/OWASP/CheatSheetSeries/blob/master/cheatsheets/Clickjacking_Defense_Cheat_Sheet.md#best-for-now-legacy-browser-frame-breaking-script--,github.com,raw/iclass.tku.edu.tw/course-cover.html,https://iclass.tku.edu.tw/course-cover,absolute-url
https://bam.nr-data.net,bam.nr-data.net,raw/iclass.tku.edu.tw/course-cover.html,https://iclass.tku.edu.tw/course-cover,absolute-url
https://www.google-analytics.com,www.google-analytics.com,raw/iclass.tku.edu.tw/course-cover.html,https://iclass.tku.edu.tw/course-cover,absolute-url
https://iclass.tku.edu.tw/iportal,iclass.tku.edu.tw,raw/iclass.tku.edu.tw/course-cover.html,https://iclass.tku.edu.tw/course-cover,absolute-url
"https://tronclass.com.tw/public-manual/TronclassManual_System_Admin.pdf',",tronclass.com.tw,raw/iclass.tku.edu.tw/course-cover.html,https://iclass.tku.edu.tw/course-cover,absolute-url
"https://tronclass.com.tw/public-manual/TronclassManual_Administrator.pdf',",tronclass.com.tw,raw/iclass.tku.edu.tw/course-cover.html,https://iclass.tku.edu.tw/course-cover,absolute-url
"https://tronclass.com.tw/public-manual/manual-teacher.html',",tronclass.com.tw,raw/iclass.tku.edu.tw/course-cover.html,https://iclass.tku.edu.tw/course-cover,absolute-url
"https://tronclass.com.tw/public-manual/TronclassManual_Student.pdf',",tronclass.com.tw,raw/iclass.tku.edu.tw/course-cover.html,https://iclass.tku.edu.tw/course-cover,absolute-url
"https://tronclass.com.tw/public-manual/TronclassManual_App.pdf',",tronclass.com.tw,raw/iclass.tku.edu.tw/course-cover.html,https://iclass.tku.edu.tw/course-cover,absolute-url
https://support.tronclass.com',support.tronclass.com',raw/iclass.tku.edu.tw/course-cover.html,https://iclass.tku.edu.tw/course-cover,absolute-url
https://iclass.tku.edu.tw/market,iclass.tku.edu.tw,raw/iclass.tku.edu.tw/course-cover.html,https://iclass.tku.edu.tw/course-cover,absolute-url
https://www.youtube.com/iframe_api,www.youtube.com,raw/iclass.tku.edu.tw/course-cover.html,https://iclass.tku.edu.tw/course-cover,absolute-url
https://get.adobe.com/flashplayer/,get.adobe.com,raw/iclass.tku.edu.tw/course-cover.html,https://iclass.tku.edu.tw/course-cover,absolute-url
https://iclass.tku.edu.tw/,iclass.tku.edu.tw,raw/iclass.tku.edu.tw/course-credit-setting.html,https://iclass.tku.edu.tw/course-credit-setting,absolute-url
https://www.googletagmanager.com/gtag/js,www.googletagmanager.com,raw/iclass.tku.edu.tw/course-credit-setting.html,https://iclass.tku.edu.tw/course-credit-setting,absolute-url
https://github.com/OWASP/CheatSheetSeries/blob/master/cheatsheets/Clickjacking_Defense_Cheat_Sheet.md#best-for-now-legacy-browser-frame-breaking-script--,github.com,raw/iclass.tku.edu.tw/course-credit-setting.html,https://iclass.tku.edu.tw/course-credit-setting,absolute-url
https://bam.nr-data.net,bam.nr-data.net,raw/iclass.tku.edu.tw/course-credit-setting.html,https://iclass.tku.edu.tw/course-credit-setting,absolute-url
https://www.google-analytics.com,www.google-analytics.com,raw/iclass.tku.edu.tw/course-credit-setting.html,https://iclass.tku.edu.tw/course-credit-setting,absolute-url
https://iclass.tku.edu.tw/iportal,iclass.tku.edu.tw,raw/iclass.tku.edu.tw/course-credit-setting.html,https://iclass.tku.edu.tw/course-credit-setting,absolute-url
"https://tronclass.com.tw/public-manual/TronclassManual_System_Admin.pdf',",tronclass.com.tw,raw/iclass.tku.edu.tw/course-credit-setting.html,https://iclass.tku.edu.tw/course-credit-setting,absolute-url
"https://tronclass.com.tw/public-manual/TronclassManual_Administrator.pdf',",tronclass.com.tw,raw/iclass.tku.edu.tw/course-credit-setting.html,https://iclass.tku.edu.tw/course-credit-setting,absolute-url
"https://tronclass.com.tw/public-manual/manual-teacher.html',",tronclass.com.tw,raw/iclass.tku.edu.tw/course-credit-setting.html,https://iclass.tku.edu.tw/course-credit-setting,absolute-url
"https://tronclass.com.tw/public-manual/TronclassManual_Student.pdf',",tronclass.com.tw,raw/iclass.tku.edu.tw/course-credit-setting.html,https://iclass.tku.edu.tw/course-credit-setting,absolute-url
"https://tronclass.com.tw/public-manual/TronclassManual_App.pdf',",tronclass.com.tw,raw/iclass.tku.edu.tw/course-credit-setting.html,https://iclass.tku.edu.tw/course-credit-setting,absolute-url
https://support.tronclass.com',support.tronclass.com',raw/iclass.tku.edu.tw/course-credit-setting.html,https://iclass.tku.edu.tw/course-credit-setting,absolute-url
https://iclass.tku.edu.tw/market,iclass.tku.edu.tw,raw/iclass.tku.edu.tw/course-credit-setting.html,https://iclass.tku.edu.tw/course-credit-setting,absolute-url
https://www.youtube.com/iframe_api,www.youtube.com,raw/iclass.tku.edu.tw/course-credit-setting.html,https://iclass.tku.edu.tw/course-credit-setting,absolute-url
https://get.adobe.com/flashplayer/,get.adobe.com,raw/iclass.tku.edu.tw/course-credit-setting.html,https://iclass.tku.edu.tw/course-credit-setting,absolute-url
https://iclass.tku.edu.tw/,iclass.tku.edu.tw,raw/iclass.tku.edu.tw/course-estimate-wrapper.html,https://iclass.tku.edu.tw/course-estimate-wrapper,absolute-url
https://www.googletagmanager.com/gtag/js,www.googletagmanager.com,raw/iclass.tku.edu.tw/course-estimate-wrapper.html,https://iclass.tku.edu.tw/course-estimate-wrapper,absolute-url
https://github.com/OWASP/CheatSheetSeries/blob/master/cheatsheets/Clickjacking_Defense_Cheat_Sheet.md#best-for-now-legacy-browser-frame-breaking-script--,github.com,raw/iclass.tku.edu.tw/course-estimate-wrapper.html,https://iclass.tku.edu.tw/course-estimate-wrapper,absolute-url
https://bam.nr-data.net,bam.nr-data.net,raw/iclass.tku.edu.tw/course-estimate-wrapper.html,https://iclass.tku.edu.tw/course-estimate-wrapper,absolute-url
https://www.google-analytics.com,www.google-analytics.com,raw/iclass.tku.edu.tw/course-estimate-wrapper.html,https://iclass.tku.edu.tw/course-estimate-wrapper,absolute-url
https://iclass.tku.edu.tw/iportal,iclass.tku.edu.tw,raw/iclass.tku.edu.tw/course-estimate-wrapper.html,https://iclass.tku.edu.tw/course-estimate-wrapper,absolute-url
"https://tronclass.com.tw/public-manual/TronclassManual_System_Admin.pdf',",tronclass.com.tw,raw/iclass.tku.edu.tw/course-estimate-wrapper.html,https://iclass.tku.edu.tw/course-estimate-wrapper,absolute-url
"https://tronclass.com.tw/public-manual/TronclassManual_Administrator.pdf',",tronclass.com.tw,raw/iclass.tku.edu.tw/course-estimate-wrapper.html,https://iclass.tku.edu.tw/course-estimate-wrapper,absolute-url
"https://tronclass.com.tw/public-manual/manual-teacher.html',",tronclass.com.tw,raw/iclass.tku.edu.tw/course-estimate-wrapper.html,https://iclass.tku.edu.tw/course-estimate-wrapper,absolute-url
"https://tronclass.com.tw/public-manual/TronclassManual_Student.pdf',",tronclass.com.tw,raw/iclass.tku.edu.tw/course-estimate-wrapper.html,https://iclass.tku.edu.tw/course-estimate-wrapper,absolute-url
"https://tronclass.com.tw/public-manual/TronclassManual_App.pdf',",tronclass.com.tw,raw/iclass.tku.edu.tw/course-estimate-wrapper.html,https://iclass.tku.edu.tw/course-estimate-wrapper,absolute-url
https://support.tronclass.com',support.tronclass.com',raw/iclass.tku.edu.tw/course-estimate-wrapper.html,https://iclass.tku.edu.tw/course-estimate-wrapper,absolute-url
https://iclass.tku.edu.tw/market,iclass.tku.edu.tw,raw/iclass.tku.edu.tw/course-estimate-wrapper.html,https://iclass.tku.edu.tw/course-estimate-wrapper,absolute-url
https://www.youtube.com/iframe_api,www.youtube.com,raw/iclass.tku.edu.tw/course-estimate-wrapper.html,https://iclass.tku.edu.tw/course-estimate-wrapper,absolute-url
https://get.adobe.com/flashplayer/,get.adobe.com,raw/iclass.tku.edu.tw/course-estimate-wrapper.html,https://iclass.tku.edu.tw/course-estimate-wrapper,absolute-url
https://iclass.tku.edu.tw/,iclass.tku.edu.tw,raw/iclass.tku.edu.tw/course-estimates-replies/index.html,https://iclass.tku.edu.tw/course-estimates-replies/,absolute-url
https://www.googletagmanager.com/gtag/js,www.googletagmanager.com,raw/iclass.tku.edu.tw/course-estimates-replies/index.html,https://iclass.tku.edu.tw/course-estimates-replies/,absolute-url
https://github.com/OWASP/CheatSheetSeries/blob/master/cheatsheets/Clickjacking_Defense_Cheat_Sheet.md#best-for-now-legacy-browser-frame-breaking-script--,github.com,raw/iclass.tku.edu.tw/course-estimates-replies/index.html,https://iclass.tku.edu.tw/course-estimates-replies/,absolute-url
https://bam.nr-data.net,bam.nr-data.net,raw/iclass.tku.edu.tw/course-estimates-replies/index.html,https://iclass.tku.edu.tw/course-estimates-replies/,absolute-url
https://www.google-analytics.com,www.google-analytics.com,raw/iclass.tku.edu.tw/course-estimates-replies/index.html,https://iclass.tku.edu.tw/course-estimates-replies/,absolute-url
https://iclass.tku.edu.tw/iportal,iclass.tku.edu.tw,raw/iclass.tku.edu.tw/course-estimates-replies/index.html,https://iclass.tku.edu.tw/course-estimates-replies/,absolute-url
"https://tronclass.com.tw/public-manual/TronclassManual_System_Admin.pdf',",tronclass.com.tw,raw/iclass.tku.edu.tw/course-estimates-replies/index.html,https://iclass.tku.edu.tw/course-estimates-replies/,absolute-url
"https://tronclass.com.tw/public-manual/TronclassManual_Administrator.pdf',",tronclass.com.tw,raw/iclass.tku.edu.tw/course-estimates-replies/index.html,https://iclass.tku.edu.tw/course-estimates-replies/,absolute-url
"https://tronclass.com.tw/public-manual/manual-teacher.html',",tronclass.com.tw,raw/iclass.tku.edu.tw/course-estimates-replies/index.html,https://iclass.tku.edu.tw/course-estimates-replies/,absolute-url
"https://tronclass.com.tw/public-manual/TronclassManual_Student.pdf',",tronclass.com.tw,raw/iclass.tku.edu.tw/course-estimates-replies/index.html,https://iclass.tku.edu.tw/course-estimates-replies/,absolute-url
"https://tronclass.com.tw/public-manual/TronclassManual_App.pdf',",tronclass.com.tw,raw/iclass.tku.edu.tw/course-estimates-replies/index.html,https://iclass.tku.edu.tw/course-estimates-replies/,absolute-url
https://support.tronclass.com',support.tronclass.com',raw/iclass.tku.edu.tw/course-estimates-replies/index.html,https://iclass.tku.edu.tw/course-estimates-replies/,absolute-url
https://iclass.tku.edu.tw/market,iclass.tku.edu.tw,raw/iclass.tku.edu.tw/course-estimates-replies/index.html,https://iclass.tku.edu.tw/course-estimates-replies/,absolute-url
https://www.youtube.com/iframe_api,www.youtube.com,raw/iclass.tku.edu.tw/course-estimates-replies/index.html,https://iclass.tku.edu.tw/course-estimates-replies/,absolute-url
https://get.adobe.com/flashplayer/,get.adobe.com,raw/iclass.tku.edu.tw/course-estimates-replies/index.html,https://iclass.tku.edu.tw/course-estimates-replies/,absolute-url
https://iclass.tku.edu.tw/,iclass.tku.edu.tw,raw/iclass.tku.edu.tw/course-estimates-replies/avatarSmallUrl.html,https://iclass.tku.edu.tw/course-estimates-replies/avatarSmallUrl,absolute-url
https://www.googletagmanager.com/gtag/js,www.googletagmanager.com,raw/iclass.tku.edu.tw/course-estimates-replies/avatarSmallUrl.html,https://iclass.tku.edu.tw/course-estimates-replies/avatarSmallUrl,absolute-url
https://github.com/OWASP/CheatSheetSeries/blob/master/cheatsheets/Clickjacking_Defense_Cheat_Sheet.md#best-for-now-legacy-browser-frame-breaking-script--,github.com,raw/iclass.tku.edu.tw/course-estimates-replies/avatarSmallUrl.html,https://iclass.tku.edu.tw/course-estimates-replies/avatarSmallUrl,absolute-url
https://bam.nr-data.net,bam.nr-data.net,raw/iclass.tku.edu.tw/course-estimates-replies/avatarSmallUrl.html,https://iclass.tku.edu.tw/course-estimates-replies/avatarSmallUrl,absolute-url
https://www.google-analytics.com,www.google-analytics.com,raw/iclass.tku.edu.tw/course-estimates-replies/avatarSmallUrl.html,https://iclass.tku.edu.tw/course-estimates-replies/avatarSmallUrl,absolute-url
https://iclass.tku.edu.tw/iportal,iclass.tku.edu.tw,raw/iclass.tku.edu.tw/course-estimates-replies/avatarSmallUrl.html,https://iclass.tku.edu.tw/course-estimates-replies/avatarSmallUrl,absolute-url
"https://tronclass.com.tw/public-manual/TronclassManual_System_Admin.pdf',",tronclass.com.tw,raw/iclass.tku.edu.tw/course-estimates-replies/avatarSmallUrl.html,https://iclass.tku.edu.tw/course-estimates-replies/avatarSmallUrl,absolute-url
"https://tronclass.com.tw/public-manual/TronclassManual_Administrator.pdf',",tronclass.com.tw,raw/iclass.tku.edu.tw/course-estimates-replies/avatarSmallUrl.html,https://iclass.tku.edu.tw/course-estimates-replies/avatarSmallUrl,absolute-url
"https://tronclass.com.tw/public-manual/manual-teacher.html',",tronclass.com.tw,raw/iclass.tku.edu.tw/course-estimates-replies/avatarSmallUrl.html,https://iclass.tku.edu.tw/course-estimates-replies/avatarSmallUrl,absolute-url
"https://tronclass.com.tw/public-manual/TronclassManual_Student.pdf',",tronclass.com.tw,raw/iclass.tku.edu.tw/course-estimates-replies/avatarSmallUrl.html,https://iclass.tku.edu.tw/course-estimates-replies/avatarSmallUrl,absolute-url
"https://tronclass.com.tw/public-manual/TronclassManual_App.pdf',",tronclass.com.tw,raw/iclass.tku.edu.tw/course-estimates-replies/avatarSmallUrl.html,https://iclass.tku.edu.tw/course-estimates-replies/avatarSmallUrl,absolute-url
https://support.tronclass.com',support.tronclass.com',raw/iclass.tku.edu.tw/course-estimates-replies/avatarSmallUrl.html,https://iclass.tku.edu.tw/course-estimates-replies/avatarSmallUrl,absolute-url
https://iclass.tku.edu.tw/market,iclass.tku.edu.tw,raw/iclass.tku.edu.tw/course-estimates-replies/avatarSmallUrl.html,https://iclass.tku.edu.tw/course-estimates-replies/avatarSmallUrl,absolute-url
https://www.youtube.com/iframe_api,www.youtube.com,raw/iclass.tku.edu.tw/course-estimates-replies/avatarSmallUrl.html,https://iclass.tku.edu.tw/course-estimates-replies/avatarSmallUrl,absolute-url
https://get.adobe.com/flashplayer/,get.adobe.com,raw/iclass.tku.edu.tw/course-estimates-replies/avatarSmallUrl.html,https://iclass.tku.edu.tw/course-estimates-replies/avatarSmallUrl,absolute-url
https://iclass.tku.edu.tw/,iclass.tku.edu.tw,raw/iclass.tku.edu.tw/course-estimates-replies/capture_url.html,https://iclass.tku.edu.tw/course-estimates-replies/capture_url,absolute-url
https://www.googletagmanager.com/gtag/js,www.googletagmanager.com,raw/iclass.tku.edu.tw/course-estimates-replies/capture_url.html,https://iclass.tku.edu.tw/course-estimates-replies/capture_url,absolute-url
https://github.com/OWASP/CheatSheetSeries/blob/master/cheatsheets/Clickjacking_Defense_Cheat_Sheet.md#best-for-now-legacy-browser-frame-breaking-script--,github.com,raw/iclass.tku.edu.tw/course-estimates-replies/capture_url.html,https://iclass.tku.edu.tw/course-estimates-replies/capture_url,absolute-url
https://bam.nr-data.net,bam.nr-data.net,raw/iclass.tku.edu.tw/course-estimates-replies/capture_url.html,https://iclass.tku.edu.tw/course-estimates-replies/capture_url,absolute-url
https://www.google-analytics.com,www.google-analytics.com,raw/iclass.tku.edu.tw/course-estimates-replies/capture_url.html,https://iclass.tku.edu.tw/course-estimates-replies/capture_url,absolute-url
https://iclass.tku.edu.tw/iportal,iclass.tku.edu.tw,raw/iclass.tku.edu.tw/course-estimates-replies/capture_url.html,https://iclass.tku.edu.tw/course-estimates-replies/capture_url,absolute-url
"https://tronclass.com.tw/public-manual/TronclassManual_System_Admin.pdf',",tronclass.com.tw,raw/iclass.tku.edu.tw/course-estimates-replies/capture_url.html,https://iclass.tku.edu.tw/course-estimates-replies/capture_url,absolute-url
"https://tronclass.com.tw/public-manual/TronclassManual_Administrator.pdf',",tronclass.com.tw,raw/iclass.tku.edu.tw/course-estimates-replies/capture_url.html,https://iclass.tku.edu.tw/course-estimates-replies/capture_url,absolute-url
"https://tronclass.com.tw/public-manual/manual-teacher.html',",tronclass.com.tw,raw/iclass.tku.edu.tw/course-estimates-replies/capture_url.html,https://iclass.tku.edu.tw/course-estimates-replies/capture_url,absolute-url
"https://tronclass.com.tw/public-manual/TronclassManual_Student.pdf',",tronclass.com.tw,raw/iclass.tku.edu.tw/course-estimates-replies/capture_url.html,https://iclass.tku.edu.tw/course-estimates-replies/capture_url,absolute-url
"https://tronclass.com.tw/public-manual/TronclassManual_App.pdf',",tronclass.com.tw,raw/iclass.tku.edu.tw/course-estimates-replies/capture_url.html,https://iclass.tku.edu.tw/course-estimates-replies/capture_url,absolute-url
https://support.tronclass.com',support.tronclass.com',raw/iclass.tku.edu.tw/course-estimates-replies/capture_url.html,https://iclass.tku.edu.tw/course-estimates-replies/capture_url,absolute-url
https://iclass.tku.edu.tw/market,iclass.tku.edu.tw,raw/iclass.tku.edu.tw/course-estimates-replies/capture_url.html,https://iclass.tku.edu.tw/course-estimates-replies/capture_url,absolute-url
https://www.youtube.com/iframe_api,www.youtube.com,raw/iclass.tku.edu.tw/course-estimates-replies/capture_url.html,https://iclass.tku.edu.tw/course-estimates-replies/capture_url,absolute-url
https://get.adobe.com/flashplayer/,get.adobe.com,raw/iclass.tku.edu.tw/course-estimates-replies/capture_url.html,https://iclass.tku.edu.tw/course-estimates-replies/capture_url,absolute-url
https://iclass.tku.edu.tw/,iclass.tku.edu.tw,raw/iclass.tku.edu.tw/course-estimates-replies/lesson_resource_url.html,https://iclass.tku.edu.tw/course-estimates-replies/lesson_resource_url,absolute-url
https://www.googletagmanager.com/gtag/js,www.googletagmanager.com,raw/iclass.tku.edu.tw/course-estimates-replies/lesson_resource_url.html,https://iclass.tku.edu.tw/course-estimates-replies/lesson_resource_url,absolute-url
https://github.com/OWASP/CheatSheetSeries/blob/master/cheatsheets/Clickjacking_Defense_Cheat_Sheet.md#best-for-now-legacy-browser-frame-breaking-script--,github.com,raw/iclass.tku.edu.tw/course-estimates-replies/lesson_resource_url.html,https://iclass.tku.edu.tw/course-estimates-replies/lesson_resource_url,absolute-url
https://bam.nr-data.net,bam.nr-data.net,raw/iclass.tku.edu.tw/course-estimates-replies/lesson_resource_url.html,https://iclass.tku.edu.tw/course-estimates-replies/lesson_resource_url,absolute-url
https://www.google-analytics.com,www.google-analytics.com,raw/iclass.tku.edu.tw/course-estimates-replies/lesson_resource_url.html,https://iclass.tku.edu.tw/course-estimates-replies/lesson_resource_url,absolute-url
https://iclass.tku.edu.tw/iportal,iclass.tku.edu.tw,raw/iclass.tku.edu.tw/course-estimates-replies/lesson_resource_url.html,https://iclass.tku.edu.tw/course-estimates-replies/lesson_resource_url,absolute-url
"https://tronclass.com.tw/public-manual/TronclassManual_System_Admin.pdf',",tronclass.com.tw,raw/iclass.tku.edu.tw/course-estimates-replies/lesson_resource_url.html,https://iclass.tku.edu.tw/course-estimates-replies/lesson_resource_url,absolute-url
"https://tronclass.com.tw/public-manual/TronclassManual_Administrator.pdf',",tronclass.com.tw,raw/iclass.tku.edu.tw/course-estimates-replies/lesson_resource_url.html,https://iclass.tku.edu.tw/course-estimates-replies/lesson_resource_url,absolute-url
"https://tronclass.com.tw/public-manual/manual-teacher.html',",tronclass.com.tw,raw/iclass.tku.edu.tw/course-estimates-replies/lesson_resource_url.html,https://iclass.tku.edu.tw/course-estimates-replies/lesson_resource_url,absolute-url
"https://tronclass.com.tw/public-manual/TronclassManual_Student.pdf',",tronclass.com.tw,raw/iclass.tku.edu.tw/course-estimates-replies/lesson_resource_url.html,https://iclass.tku.edu.tw/course-estimates-replies/lesson_resource_url,absolute-url
"https://tronclass.com.tw/public-manual/TronclassManual_App.pdf',",tronclass.com.tw,raw/iclass.tku.edu.tw/course-estimates-replies/lesson_resource_url.html,https://iclass.tku.edu.tw/course-estimates-replies/lesson_resource_url,absolute-url
https://support.tronclass.com',support.tronclass.com',raw/iclass.tku.edu.tw/course-estimates-replies/lesson_resource_url.html,https://iclass.tku.edu.tw/course-estimates-replies/lesson_resource_url,absolute-url
https://iclass.tku.edu.tw/market,iclass.tku.edu.tw,raw/iclass.tku.edu.tw/course-estimates-replies/lesson_resource_url.html,https://iclass.tku.edu.tw/course-estimates-replies/lesson_resource_url,absolute-url
https://www.youtube.com/iframe_api,www.youtube.com,raw/iclass.tku.edu.tw/course-estimates-replies/lesson_resource_url.html,https://iclass.tku.edu.tw/course-estimates-replies/lesson_resource_url,absolute-url
https://get.adobe.com/flashplayer/,get.adobe.com,raw/iclass.tku.edu.tw/course-estimates-replies/lesson_resource_url.html,https://iclass.tku.edu.tw/course-estimates-replies/lesson_resource_url,absolute-url
https://iclass.tku.edu.tw/,iclass.tku.edu.tw,raw/iclass.tku.edu.tw/course-estimates-replies/manualUrl.html,https://iclass.tku.edu.tw/course-estimates-replies/manualUrl,absolute-url
https://www.googletagmanager.com/gtag/js,www.googletagmanager.com,raw/iclass.tku.edu.tw/course-estimates-replies/manualUrl.html,https://iclass.tku.edu.tw/course-estimates-replies/manualUrl,absolute-url
https://github.com/OWASP/CheatSheetSeries/blob/master/cheatsheets/Clickjacking_Defense_Cheat_Sheet.md#best-for-now-legacy-browser-frame-breaking-script--,github.com,raw/iclass.tku.edu.tw/course-estimates-replies/manualUrl.html,https://iclass.tku.edu.tw/course-estimates-replies/manualUrl,absolute-url
https://bam.nr-data.net,bam.nr-data.net,raw/iclass.tku.edu.tw/course-estimates-replies/manualUrl.html,https://iclass.tku.edu.tw/course-estimates-replies/manualUrl,absolute-url
https://www.google-analytics.com,www.google-analytics.com,raw/iclass.tku.edu.tw/course-estimates-replies/manualUrl.html,https://iclass.tku.edu.tw/course-estimates-replies/manualUrl,absolute-url
https://iclass.tku.edu.tw/iportal,iclass.tku.edu.tw,raw/iclass.tku.edu.tw/course-estimates-replies/manualUrl.html,https://iclass.tku.edu.tw/course-estimates-replies/manualUrl,absolute-url
"https://tronclass.com.tw/public-manual/TronclassManual_System_Admin.pdf',",tronclass.com.tw,raw/iclass.tku.edu.tw/course-estimates-replies/manualUrl.html,https://iclass.tku.edu.tw/course-estimates-replies/manualUrl,absolute-url
"https://tronclass.com.tw/public-manual/TronclassManual_Administrator.pdf',",tronclass.com.tw,raw/iclass.tku.edu.tw/course-estimates-replies/manualUrl.html,https://iclass.tku.edu.tw/course-estimates-replies/manualUrl,absolute-url
"https://tronclass.com.tw/public-manual/manual-teacher.html',",tronclass.com.tw,raw/iclass.tku.edu.tw/course-estimates-replies/manualUrl.html,https://iclass.tku.edu.tw/course-estimates-replies/manualUrl,absolute-url
"https://tronclass.com.tw/public-manual/TronclassManual_Student.pdf',",tronclass.com.tw,raw/iclass.tku.edu.tw/course-estimates-replies/manualUrl.html,https://iclass.tku.edu.tw/course-estimates-replies/manualUrl,absolute-url
"https://tronclass.com.tw/public-manual/TronclassManual_App.pdf',",tronclass.com.tw,raw/iclass.tku.edu.tw/course-estimates-replies/manualUrl.html,https://iclass.tku.edu.tw/course-estimates-replies/manualUrl,absolute-url
https://support.tronclass.com',support.tronclass.com',raw/iclass.tku.edu.tw/course-estimates-replies/manualUrl.html,https://iclass.tku.edu.tw/course-estimates-replies/manualUrl,absolute-url
https://iclass.tku.edu.tw/market,iclass.tku.edu.tw,raw/iclass.tku.edu.tw/course-estimates-replies/manualUrl.html,https://iclass.tku.edu.tw/course-estimates-replies/manualUrl,absolute-url
https://www.youtube.com/iframe_api,www.youtube.com,raw/iclass.tku.edu.tw/course-estimates-replies/manualUrl.html,https://iclass.tku.edu.tw/course-estimates-replies/manualUrl,absolute-url
https://get.adobe.com/flashplayer/,get.adobe.com,raw/iclass.tku.edu.tw/course-estimates-replies/manualUrl.html,https://iclass.tku.edu.tw/course-estimates-replies/manualUrl,absolute-url
https://iclass.tku.edu.tw/,iclass.tku.edu.tw,raw/iclass.tku.edu.tw/course-estimates/index.html,https://iclass.tku.edu.tw/course-estimates/,absolute-url
https://www.googletagmanager.com/gtag/js,www.googletagmanager.com,raw/iclass.tku.edu.tw/course-estimates/index.html,https://iclass.tku.edu.tw/course-estimates/,absolute-url
https://github.com/OWASP/CheatSheetSeries/blob/master/cheatsheets/Clickjacking_Defense_Cheat_Sheet.md#best-for-now-legacy-browser-frame-breaking-script--,github.com,raw/iclass.tku.edu.tw/course-estimates/index.html,https://iclass.tku.edu.tw/course-estimates/,absolute-url
https://bam.nr-data.net,bam.nr-data.net,raw/iclass.tku.edu.tw/course-estimates/index.html,https://iclass.tku.edu.tw/course-estimates/,absolute-url
https://www.google-analytics.com,www.google-analytics.com,raw/iclass.tku.edu.tw/course-estimates/index.html,https://iclass.tku.edu.tw/course-estimates/,absolute-url
https://iclass.tku.edu.tw/iportal,iclass.tku.edu.tw,raw/iclass.tku.edu.tw/course-estimates/index.html,https://iclass.tku.edu.tw/course-estimates/,absolute-url
"https://tronclass.com.tw/public-manual/TronclassManual_System_Admin.pdf',",tronclass.com.tw,raw/iclass.tku.edu.tw/course-estimates/index.html,https://iclass.tku.edu.tw/course-estimates/,absolute-url
"https://tronclass.com.tw/public-manual/TronclassManual_Administrator.pdf',",tronclass.com.tw,raw/iclass.tku.edu.tw/course-estimates/index.html,https://iclass.tku.edu.tw/course-estimates/,absolute-url
"https://tronclass.com.tw/public-manual/manual-teacher.html',",tronclass.com.tw,raw/iclass.tku.edu.tw/course-estimates/index.html,https://iclass.tku.edu.tw/course-estimates/,absolute-url
"https://tronclass.com.tw/public-manual/TronclassManual_Student.pdf',",tronclass.com.tw,raw/iclass.tku.edu.tw/course-estimates/index.html,https://iclass.tku.edu.tw/course-estimates/,absolute-url
"https://tronclass.com.tw/public-manual/TronclassManual_App.pdf',",tronclass.com.tw,raw/iclass.tku.edu.tw/course-estimates/index.html,https://iclass.tku.edu.tw/course-estimates/,absolute-url
https://support.tronclass.com',support.tronclass.com',raw/iclass.tku.edu.tw/course-estimates/index.html,https://iclass.tku.edu.tw/course-estimates/,absolute-url
https://iclass.tku.edu.tw/market,iclass.tku.edu.tw,raw/iclass.tku.edu.tw/course-estimates/index.html,https://iclass.tku.edu.tw/course-estimates/,absolute-url
https://www.youtube.com/iframe_api,www.youtube.com,raw/iclass.tku.edu.tw/course-estimates/index.html,https://iclass.tku.edu.tw/course-estimates/,absolute-url
https://get.adobe.com/flashplayer/,get.adobe.com,raw/iclass.tku.edu.tw/course-estimates/index.html,https://iclass.tku.edu.tw/course-estimates/,absolute-url
https://iclass.tku.edu.tw/,iclass.tku.edu.tw,raw/iclass.tku.edu.tw/course-estimates/avatarSmallUrl.html,https://iclass.tku.edu.tw/course-estimates/avatarSmallUrl,absolute-url
https://www.googletagmanager.com/gtag/js,www.googletagmanager.com,raw/iclass.tku.edu.tw/course-estimates/avatarSmallUrl.html,https://iclass.tku.edu.tw/course-estimates/avatarSmallUrl,absolute-url
https://github.com/OWASP/CheatSheetSeries/blob/master/cheatsheets/Clickjacking_Defense_Cheat_Sheet.md#best-for-now-legacy-browser-frame-breaking-script--,github.com,raw/iclass.tku.edu.tw/course-estimates/avatarSmallUrl.html,https://iclass.tku.edu.tw/course-estimates/avatarSmallUrl,absolute-url
https://bam.nr-data.net,bam.nr-data.net,raw/iclass.tku.edu.tw/course-estimates/avatarSmallUrl.html,https://iclass.tku.edu.tw/course-estimates/avatarSmallUrl,absolute-url
https://www.google-analytics.com,www.google-analytics.com,raw/iclass.tku.edu.tw/course-estimates/avatarSmallUrl.html,https://iclass.tku.edu.tw/course-estimates/avatarSmallUrl,absolute-url
https://iclass.tku.edu.tw/iportal,iclass.tku.edu.tw,raw/iclass.tku.edu.tw/course-estimates/avatarSmallUrl.html,https://iclass.tku.edu.tw/course-estimates/avatarSmallUrl,absolute-url
"https://tronclass.com.tw/public-manual/TronclassManual_System_Admin.pdf',",tronclass.com.tw,raw/iclass.tku.edu.tw/course-estimates/avatarSmallUrl.html,https://iclass.tku.edu.tw/course-estimates/avatarSmallUrl,absolute-url
"https://tronclass.com.tw/public-manual/TronclassManual_Administrator.pdf',",tronclass.com.tw,raw/iclass.tku.edu.tw/course-estimates/avatarSmallUrl.html,https://iclass.tku.edu.tw/course-estimates/avatarSmallUrl,absolute-url
"https://tronclass.com.tw/public-manual/manual-teacher.html',",tronclass.com.tw,raw/iclass.tku.edu.tw/course-estimates/avatarSmallUrl.html,https://iclass.tku.edu.tw/course-estimates/avatarSmallUrl,absolute-url
"https://tronclass.com.tw/public-manual/TronclassManual_Student.pdf',",tronclass.com.tw,raw/iclass.tku.edu.tw/course-estimates/avatarSmallUrl.html,https://iclass.tku.edu.tw/course-estimates/avatarSmallUrl,absolute-url
"https://tronclass.com.tw/public-manual/TronclassManual_App.pdf',",tronclass.com.tw,raw/iclass.tku.edu.tw/course-estimates/avatarSmallUrl.html,https://iclass.tku.edu.tw/course-estimates/avatarSmallUrl,absolute-url
https://support.tronclass.com',support.tronclass.com',raw/iclass.tku.edu.tw/course-estimates/avatarSmallUrl.html,https://iclass.tku.edu.tw/course-estimates/avatarSmallUrl,absolute-url
https://iclass.tku.edu.tw/market,iclass.tku.edu.tw,raw/iclass.tku.edu.tw/course-estimates/avatarSmallUrl.html,https://iclass.tku.edu.tw/course-estimates/avatarSmallUrl,absolute-url
https://www.youtube.com/iframe_api,www.youtube.com,raw/iclass.tku.edu.tw/course-estimates/avatarSmallUrl.html,https://iclass.tku.edu.tw/course-estimates/avatarSmallUrl,absolute-url
https://get.adobe.com/flashplayer/,get.adobe.com,raw/iclass.tku.edu.tw/course-estimates/avatarSmallUrl.html,https://iclass.tku.edu.tw/course-estimates/avatarSmallUrl,absolute-url
https://iclass.tku.edu.tw/,iclass.tku.edu.tw,raw/iclass.tku.edu.tw/course-estimates/capture_url.html,https://iclass.tku.edu.tw/course-estimates/capture_url,absolute-url
https://www.googletagmanager.com/gtag/js,www.googletagmanager.com,raw/iclass.tku.edu.tw/course-estimates/capture_url.html,https://iclass.tku.edu.tw/course-estimates/capture_url,absolute-url
https://github.com/OWASP/CheatSheetSeries/blob/master/cheatsheets/Clickjacking_Defense_Cheat_Sheet.md#best-for-now-legacy-browser-frame-breaking-script--,github.com,raw/iclass.tku.edu.tw/course-estimates/capture_url.html,https://iclass.tku.edu.tw/course-estimates/capture_url,absolute-url
https://bam.nr-data.net,bam.nr-data.net,raw/iclass.tku.edu.tw/course-estimates/capture_url.html,https://iclass.tku.edu.tw/course-estimates/capture_url,absolute-url
https://www.google-analytics.com,www.google-analytics.com,raw/iclass.tku.edu.tw/course-estimates/capture_url.html,https://iclass.tku.edu.tw/course-estimates/capture_url,absolute-url
https://iclass.tku.edu.tw/iportal,iclass.tku.edu.tw,raw/iclass.tku.edu.tw/course-estimates/capture_url.html,https://iclass.tku.edu.tw/course-estimates/capture_url,absolute-url
"https://tronclass.com.tw/public-manual/TronclassManual_System_Admin.pdf',",tronclass.com.tw,raw/iclass.tku.edu.tw/course-estimates/capture_url.html,https://iclass.tku.edu.tw/course-estimates/capture_url,absolute-url
"https://tronclass.com.tw/public-manual/TronclassManual_Administrator.pdf',",tronclass.com.tw,raw/iclass.tku.edu.tw/course-estimates/capture_url.html,https://iclass.tku.edu.tw/course-estimates/capture_url,absolute-url
"https://tronclass.com.tw/public-manual/manual-teacher.html',",tronclass.com.tw,raw/iclass.tku.edu.tw/course-estimates/capture_url.html,https://iclass.tku.edu.tw/course-estimates/capture_url,absolute-url
"https://tronclass.com.tw/public-manual/TronclassManual_Student.pdf',",tronclass.com.tw,raw/iclass.tku.edu.tw/course-estimates/capture_url.html,https://iclass.tku.edu.tw/course-estimates/capture_url,absolute-url
"https://tronclass.com.tw/public-manual/TronclassManual_App.pdf',",tronclass.com.tw,raw/iclass.tku.edu.tw/course-estimates/capture_url.html,https://iclass.tku.edu.tw/course-estimates/capture_url,absolute-url
https://support.tronclass.com',support.tronclass.com',raw/iclass.tku.edu.tw/course-estimates/capture_url.html,https://iclass.tku.edu.tw/course-estimates/capture_url,absolute-url
https://iclass.tku.edu.tw/market,iclass.tku.edu.tw,raw/iclass.tku.edu.tw/course-estimates/capture_url.html,https://iclass.tku.edu.tw/course-estimates/capture_url,absolute-url
https://www.youtube.com/iframe_api,www.youtube.com,raw/iclass.tku.edu.tw/course-estimates/capture_url.html,https://iclass.tku.edu.tw/course-estimates/capture_url,absolute-url
https://get.adobe.com/flashplayer/,get.adobe.com,raw/iclass.tku.edu.tw/course-estimates/capture_url.html,https://iclass.tku.edu.tw/course-estimates/capture_url,absolute-url
https://iclass.tku.edu.tw/,iclass.tku.edu.tw,raw/iclass.tku.edu.tw/course-estimates/lesson_resource_url.html,https://iclass.tku.edu.tw/course-estimates/lesson_resource_url,absolute-url
https://www.googletagmanager.com/gtag/js,www.googletagmanager.com,raw/iclass.tku.edu.tw/course-estimates/lesson_resource_url.html,https://iclass.tku.edu.tw/course-estimates/lesson_resource_url,absolute-url
https://github.com/OWASP/CheatSheetSeries/blob/master/cheatsheets/Clickjacking_Defense_Cheat_Sheet.md#best-for-now-legacy-browser-frame-breaking-script--,github.com,raw/iclass.tku.edu.tw/course-estimates/lesson_resource_url.html,https://iclass.tku.edu.tw/course-estimates/lesson_resource_url,absolute-url
https://bam.nr-data.net,bam.nr-data.net,raw/iclass.tku.edu.tw/course-estimates/lesson_resource_url.html,https://iclass.tku.edu.tw/course-estimates/lesson_resource_url,absolute-url
https://www.google-analytics.com,www.google-analytics.com,raw/iclass.tku.edu.tw/course-estimates/lesson_resource_url.html,https://iclass.tku.edu.tw/course-estimates/lesson_resource_url,absolute-url
https://iclass.tku.edu.tw/iportal,iclass.tku.edu.tw,raw/iclass.tku.edu.tw/course-estimates/lesson_resource_url.html,https://iclass.tku.edu.tw/course-estimates/lesson_resource_url,absolute-url
"https://tronclass.com.tw/public-manual/TronclassManual_System_Admin.pdf',",tronclass.com.tw,raw/iclass.tku.edu.tw/course-estimates/lesson_resource_url.html,https://iclass.tku.edu.tw/course-estimates/lesson_resource_url,absolute-url
"https://tronclass.com.tw/public-manual/TronclassManual_Administrator.pdf',",tronclass.com.tw,raw/iclass.tku.edu.tw/course-estimates/lesson_resource_url.html,https://iclass.tku.edu.tw/course-estimates/lesson_resource_url,absolute-url
"https://tronclass.com.tw/public-manual/manual-teacher.html',",tronclass.com.tw,raw/iclass.tku.edu.tw/course-estimates/lesson_resource_url.html,https://iclass.tku.edu.tw/course-estimates/lesson_resource_url,absolute-url
"https://tronclass.com.tw/public-manual/TronclassManual_Student.pdf',",tronclass.com.tw,raw/iclass.tku.edu.tw/course-estimates/lesson_resource_url.html,https://iclass.tku.edu.tw/course-estimates/lesson_resource_url,absolute-url
"https://tronclass.com.tw/public-manual/TronclassManual_App.pdf',",tronclass.com.tw,raw/iclass.tku.edu.tw/course-estimates/lesson_resource_url.html,https://iclass.tku.edu.tw/course-estimates/lesson_resource_url,absolute-url
https://support.tronclass.com',support.tronclass.com',raw/iclass.tku.edu.tw/course-estimates/lesson_resource_url.html,https://iclass.tku.edu.tw/course-estimates/lesson_resource_url,absolute-url
https://iclass.tku.edu.tw/market,iclass.tku.edu.tw,raw/iclass.tku.edu.tw/course-estimates/lesson_resource_url.html,https://iclass.tku.edu.tw/course-estimates/lesson_resource_url,absolute-url
https://www.youtube.com/iframe_api,www.youtube.com,raw/iclass.tku.edu.tw/course-estimates/lesson_resource_url.html,https://iclass.tku.edu.tw/course-estimates/lesson_resource_url,absolute-url
https://get.adobe.com/flashplayer/,get.adobe.com,raw/iclass.tku.edu.tw/course-estimates/lesson_resource_url.html,https://iclass.tku.edu.tw/course-estimates/lesson_resource_url,absolute-url
https://iclass.tku.edu.tw/,iclass.tku.edu.tw,raw/iclass.tku.edu.tw/course-estimates/manualUrl.html,https://iclass.tku.edu.tw/course-estimates/manualUrl,absolute-url
https://www.googletagmanager.com/gtag/js,www.googletagmanager.com,raw/iclass.tku.edu.tw/course-estimates/manualUrl.html,https://iclass.tku.edu.tw/course-estimates/manualUrl,absolute-url
https://github.com/OWASP/CheatSheetSeries/blob/master/cheatsheets/Clickjacking_Defense_Cheat_Sheet.md#best-for-now-legacy-browser-frame-breaking-script--,github.com,raw/iclass.tku.edu.tw/course-estimates/manualUrl.html,https://iclass.tku.edu.tw/course-estimates/manualUrl,absolute-url
https://bam.nr-data.net,bam.nr-data.net,raw/iclass.tku.edu.tw/course-estimates/manualUrl.html,https://iclass.tku.edu.tw/course-estimates/manualUrl,absolute-url
https://www.google-analytics.com,www.google-analytics.com,raw/iclass.tku.edu.tw/course-estimates/manualUrl.html,https://iclass.tku.edu.tw/course-estimates/manualUrl,absolute-url
https://iclass.tku.edu.tw/iportal,iclass.tku.edu.tw,raw/iclass.tku.edu.tw/course-estimates/manualUrl.html,https://iclass.tku.edu.tw/course-estimates/manualUrl,absolute-url
"https://tronclass.com.tw/public-manual/TronclassManual_System_Admin.pdf',",tronclass.com.tw,raw/iclass.tku.edu.tw/course-estimates/manualUrl.html,https://iclass.tku.edu.tw/course-estimates/manualUrl,absolute-url
"https://tronclass.com.tw/public-manual/TronclassManual_Administrator.pdf',",tronclass.com.tw,raw/iclass.tku.edu.tw/course-estimates/manualUrl.html,https://iclass.tku.edu.tw/course-estimates/manualUrl,absolute-url
"https://tronclass.com.tw/public-manual/manual-teacher.html',",tronclass.com.tw,raw/iclass.tku.edu.tw/course-estimates/manualUrl.html,https://iclass.tku.edu.tw/course-estimates/manualUrl,absolute-url
"https://tronclass.com.tw/public-manual/TronclassManual_Student.pdf',",tronclass.com.tw,raw/iclass.tku.edu.tw/course-estimates/manualUrl.html,https://iclass.tku.edu.tw/course-estimates/manualUrl,absolute-url
"https://tronclass.com.tw/public-manual/TronclassManual_App.pdf',",tronclass.com.tw,raw/iclass.tku.edu.tw/course-estimates/manualUrl.html,https://iclass.tku.edu.tw/course-estimates/manualUrl,absolute-url
https://support.tronclass.com',support.tronclass.com',raw/iclass.tku.edu.tw/course-estimates/manualUrl.html,https://iclass.tku.edu.tw/course-estimates/manualUrl,absolute-url
https://iclass.tku.edu.tw/market,iclass.tku.edu.tw,raw/iclass.tku.edu.tw/course-estimates/manualUrl.html,https://iclass.tku.edu.tw/course-estimates/manualUrl,absolute-url
https://www.youtube.com/iframe_api,www.youtube.com,raw/iclass.tku.edu.tw/course-estimates/manualUrl.html,https://iclass.tku.edu.tw/course-estimates/manualUrl,absolute-url
https://get.adobe.com/flashplayer/,get.adobe.com,raw/iclass.tku.edu.tw/course-estimates/manualUrl.html,https://iclass.tku.edu.tw/course-estimates/manualUrl,absolute-url
https://iclass.tku.edu.tw/,iclass.tku.edu.tw,raw/iclass.tku.edu.tw/course-package.html,https://iclass.tku.edu.tw/course-package,absolute-url
https://www.googletagmanager.com/gtag/js,www.googletagmanager.com,raw/iclass.tku.edu.tw/course-package.html,https://iclass.tku.edu.tw/course-package,absolute-url
https://github.com/OWASP/CheatSheetSeries/blob/master/cheatsheets/Clickjacking_Defense_Cheat_Sheet.md#best-for-now-legacy-browser-frame-breaking-script--,github.com,raw/iclass.tku.edu.tw/course-package.html,https://iclass.tku.edu.tw/course-package,absolute-url
https://bam.nr-data.net,bam.nr-data.net,raw/iclass.tku.edu.tw/course-package.html,https://iclass.tku.edu.tw/course-package,absolute-url
https://www.google-analytics.com,www.google-analytics.com,raw/iclass.tku.edu.tw/course-package.html,https://iclass.tku.edu.tw/course-package,absolute-url
https://iclass.tku.edu.tw/iportal,iclass.tku.edu.tw,raw/iclass.tku.edu.tw/course-package.html,https://iclass.tku.edu.tw/course-package,absolute-url
"https://tronclass.com.tw/public-manual/TronclassManual_System_Admin.pdf',",tronclass.com.tw,raw/iclass.tku.edu.tw/course-package.html,https://iclass.tku.edu.tw/course-package,absolute-url
"https://tronclass.com.tw/public-manual/TronclassManual_Administrator.pdf',",tronclass.com.tw,raw/iclass.tku.edu.tw/course-package.html,https://iclass.tku.edu.tw/course-package,absolute-url
"https://tronclass.com.tw/public-manual/manual-teacher.html',",tronclass.com.tw,raw/iclass.tku.edu.tw/course-package.html,https://iclass.tku.edu.tw/course-package,absolute-url
"https://tronclass.com.tw/public-manual/TronclassManual_Student.pdf',",tronclass.com.tw,raw/iclass.tku.edu.tw/course-package.html,https://iclass.tku.edu.tw/course-package,absolute-url
"https://tronclass.com.tw/public-manual/TronclassManual_App.pdf',",tronclass.com.tw,raw/iclass.tku.edu.tw/course-package.html,https://iclass.tku.edu.tw/course-package,absolute-url
https://support.tronclass.com',support.tronclass.com',raw/iclass.tku.edu.tw/course-package.html,https://iclass.tku.edu.tw/course-package,absolute-url
https://iclass.tku.edu.tw/market,iclass.tku.edu.tw,raw/iclass.tku.edu.tw/course-package.html,https://iclass.tku.edu.tw/course-package,absolute-url
https://www.youtube.com/iframe_api,www.youtube.com,raw/iclass.tku.edu.tw/course-package.html,https://iclass.tku.edu.tw/course-package,absolute-url
https://get.adobe.com/flashplayer/,get.adobe.com,raw/iclass.tku.edu.tw/course-package.html,https://iclass.tku.edu.tw/course-package,absolute-url
https://iclass.tku.edu.tw/,iclass.tku.edu.tw,raw/iclass.tku.edu.tw/course-package/avatarSmallUrl.html,https://iclass.tku.edu.tw/course-package/avatarSmallUrl,absolute-url
https://www.googletagmanager.com/gtag/js,www.googletagmanager.com,raw/iclass.tku.edu.tw/course-package/avatarSmallUrl.html,https://iclass.tku.edu.tw/course-package/avatarSmallUrl,absolute-url
https://github.com/OWASP/CheatSheetSeries/blob/master/cheatsheets/Clickjacking_Defense_Cheat_Sheet.md#best-for-now-legacy-browser-frame-breaking-script--,github.com,raw/iclass.tku.edu.tw/course-package/avatarSmallUrl.html,https://iclass.tku.edu.tw/course-package/avatarSmallUrl,absolute-url
https://bam.nr-data.net,bam.nr-data.net,raw/iclass.tku.edu.tw/course-package/avatarSmallUrl.html,https://iclass.tku.edu.tw/course-package/avatarSmallUrl,absolute-url
https://www.google-analytics.com,www.google-analytics.com,raw/iclass.tku.edu.tw/course-package/avatarSmallUrl.html,https://iclass.tku.edu.tw/course-package/avatarSmallUrl,absolute-url
https://iclass.tku.edu.tw/iportal,iclass.tku.edu.tw,raw/iclass.tku.edu.tw/course-package/avatarSmallUrl.html,https://iclass.tku.edu.tw/course-package/avatarSmallUrl,absolute-url
"https://tronclass.com.tw/public-manual/TronclassManual_System_Admin.pdf',",tronclass.com.tw,raw/iclass.tku.edu.tw/course-package/avatarSmallUrl.html,https://iclass.tku.edu.tw/course-package/avatarSmallUrl,absolute-url
"https://tronclass.com.tw/public-manual/TronclassManual_Administrator.pdf',",tronclass.com.tw,raw/iclass.tku.edu.tw/course-package/avatarSmallUrl.html,https://iclass.tku.edu.tw/course-package/avatarSmallUrl,absolute-url
"https://tronclass.com.tw/public-manual/manual-teacher.html',",tronclass.com.tw,raw/iclass.tku.edu.tw/course-package/avatarSmallUrl.html,https://iclass.tku.edu.tw/course-package/avatarSmallUrl,absolute-url
"https://tronclass.com.tw/public-manual/TronclassManual_Student.pdf',",tronclass.com.tw,raw/iclass.tku.edu.tw/course-package/avatarSmallUrl.html,https://iclass.tku.edu.tw/course-package/avatarSmallUrl,absolute-url
"https://tronclass.com.tw/public-manual/TronclassManual_App.pdf',",tronclass.com.tw,raw/iclass.tku.edu.tw/course-package/avatarSmallUrl.html,https://iclass.tku.edu.tw/course-package/avatarSmallUrl,absolute-url
https://support.tronclass.com',support.tronclass.com',raw/iclass.tku.edu.tw/course-package/avatarSmallUrl.html,https://iclass.tku.edu.tw/course-package/avatarSmallUrl,absolute-url
https://iclass.tku.edu.tw/market,iclass.tku.edu.tw,raw/iclass.tku.edu.tw/course-package/avatarSmallUrl.html,https://iclass.tku.edu.tw/course-package/avatarSmallUrl,absolute-url
https://www.youtube.com/iframe_api,www.youtube.com,raw/iclass.tku.edu.tw/course-package/avatarSmallUrl.html,https://iclass.tku.edu.tw/course-package/avatarSmallUrl,absolute-url
https://get.adobe.com/flashplayer/,get.adobe.com,raw/iclass.tku.edu.tw/course-package/avatarSmallUrl.html,https://iclass.tku.edu.tw/course-package/avatarSmallUrl,absolute-url
https://iclass.tku.edu.tw/,iclass.tku.edu.tw,raw/iclass.tku.edu.tw/course-package/capture_url.html,https://iclass.tku.edu.tw/course-package/capture_url,absolute-url
https://www.googletagmanager.com/gtag/js,www.googletagmanager.com,raw/iclass.tku.edu.tw/course-package/capture_url.html,https://iclass.tku.edu.tw/course-package/capture_url,absolute-url
https://github.com/OWASP/CheatSheetSeries/blob/master/cheatsheets/Clickjacking_Defense_Cheat_Sheet.md#best-for-now-legacy-browser-frame-breaking-script--,github.com,raw/iclass.tku.edu.tw/course-package/capture_url.html,https://iclass.tku.edu.tw/course-package/capture_url,absolute-url
https://bam.nr-data.net,bam.nr-data.net,raw/iclass.tku.edu.tw/course-package/capture_url.html,https://iclass.tku.edu.tw/course-package/capture_url,absolute-url
https://www.google-analytics.com,www.google-analytics.com,raw/iclass.tku.edu.tw/course-package/capture_url.html,https://iclass.tku.edu.tw/course-package/capture_url,absolute-url
https://iclass.tku.edu.tw/iportal,iclass.tku.edu.tw,raw/iclass.tku.edu.tw/course-package/capture_url.html,https://iclass.tku.edu.tw/course-package/capture_url,absolute-url
"https://tronclass.com.tw/public-manual/TronclassManual_System_Admin.pdf',",tronclass.com.tw,raw/iclass.tku.edu.tw/course-package/capture_url.html,https://iclass.tku.edu.tw/course-package/capture_url,absolute-url
"https://tronclass.com.tw/public-manual/TronclassManual_Administrator.pdf',",tronclass.com.tw,raw/iclass.tku.edu.tw/course-package/capture_url.html,https://iclass.tku.edu.tw/course-package/capture_url,absolute-url
"https://tronclass.com.tw/public-manual/manual-teacher.html',",tronclass.com.tw,raw/iclass.tku.edu.tw/course-package/capture_url.html,https://iclass.tku.edu.tw/course-package/capture_url,absolute-url
"https://tronclass.com.tw/public-manual/TronclassManual_Student.pdf',",tronclass.com.tw,raw/iclass.tku.edu.tw/course-package/capture_url.html,https://iclass.tku.edu.tw/course-package/capture_url,absolute-url
"https://tronclass.com.tw/public-manual/TronclassManual_App.pdf',",tronclass.com.tw,raw/iclass.tku.edu.tw/course-package/capture_url.html,https://iclass.tku.edu.tw/course-package/capture_url,absolute-url
https://support.tronclass.com',support.tronclass.com',raw/iclass.tku.edu.tw/course-package/capture_url.html,https://iclass.tku.edu.tw/course-package/capture_url,absolute-url
https://iclass.tku.edu.tw/market,iclass.tku.edu.tw,raw/iclass.tku.edu.tw/course-package/capture_url.html,https://iclass.tku.edu.tw/course-package/capture_url,absolute-url
https://www.youtube.com/iframe_api,www.youtube.com,raw/iclass.tku.edu.tw/course-package/capture_url.html,https://iclass.tku.edu.tw/course-package/capture_url,absolute-url
https://get.adobe.com/flashplayer/,get.adobe.com,raw/iclass.tku.edu.tw/course-package/capture_url.html,https://iclass.tku.edu.tw/course-package/capture_url,absolute-url
https://iclass.tku.edu.tw/,iclass.tku.edu.tw,raw/iclass.tku.edu.tw/course-package/export.html,https://iclass.tku.edu.tw/course-package/export,absolute-url
https://www.googletagmanager.com/gtag/js,www.googletagmanager.com,raw/iclass.tku.edu.tw/course-package/export.html,https://iclass.tku.edu.tw/course-package/export,absolute-url
https://github.com/OWASP/CheatSheetSeries/blob/master/cheatsheets/Clickjacking_Defense_Cheat_Sheet.md#best-for-now-legacy-browser-frame-breaking-script--,github.com,raw/iclass.tku.edu.tw/course-package/export.html,https://iclass.tku.edu.tw/course-package/export,absolute-url
https://bam.nr-data.net,bam.nr-data.net,raw/iclass.tku.edu.tw/course-package/export.html,https://iclass.tku.edu.tw/course-package/export,absolute-url
https://www.google-analytics.com,www.google-analytics.com,raw/iclass.tku.edu.tw/course-package/export.html,https://iclass.tku.edu.tw/course-package/export,absolute-url
https://iclass.tku.edu.tw/iportal,iclass.tku.edu.tw,raw/iclass.tku.edu.tw/course-package/export.html,https://iclass.tku.edu.tw/course-package/export,absolute-url
"https://tronclass.com.tw/public-manual/TronclassManual_System_Admin.pdf',",tronclass.com.tw,raw/iclass.tku.edu.tw/course-package/export.html,https://iclass.tku.edu.tw/course-package/export,absolute-url
"https://tronclass.com.tw/public-manual/TronclassManual_Administrator.pdf',",tronclass.com.tw,raw/iclass.tku.edu.tw/course-package/export.html,https://iclass.tku.edu.tw/course-package/export,absolute-url
"https://tronclass.com.tw/public-manual/manual-teacher.html',",tronclass.com.tw,raw/iclass.tku.edu.tw/course-package/export.html,https://iclass.tku.edu.tw/course-package/export,absolute-url
"https://tronclass.com.tw/public-manual/TronclassManual_Student.pdf',",tronclass.com.tw,raw/iclass.tku.edu.tw/course-package/export.html,https://iclass.tku.edu.tw/course-package/export,absolute-url
"https://tronclass.com.tw/public-manual/TronclassManual_App.pdf',",tronclass.com.tw,raw/iclass.tku.edu.tw/course-package/export.html,https://iclass.tku.edu.tw/course-package/export,absolute-url
https://support.tronclass.com',support.tronclass.com',raw/iclass.tku.edu.tw/course-package/export.html,https://iclass.tku.edu.tw/course-package/export,absolute-url
https://iclass.tku.edu.tw/market,iclass.tku.edu.tw,raw/iclass.tku.edu.tw/course-package/export.html,https://iclass.tku.edu.tw/course-package/export,absolute-url
https://www.youtube.com/iframe_api,www.youtube.com,raw/iclass.tku.edu.tw/course-package/export.html,https://iclass.tku.edu.tw/course-package/export,absolute-url
https://get.adobe.com/flashplayer/,get.adobe.com,raw/iclass.tku.edu.tw/course-package/export.html,https://iclass.tku.edu.tw/course-package/export,absolute-url
https://iclass.tku.edu.tw/,iclass.tku.edu.tw,raw/iclass.tku.edu.tw/course-package/lesson_resource_url.html,https://iclass.tku.edu.tw/course-package/lesson_resource_url,absolute-url
https://www.googletagmanager.com/gtag/js,www.googletagmanager.com,raw/iclass.tku.edu.tw/course-package/lesson_resource_url.html,https://iclass.tku.edu.tw/course-package/lesson_resource_url,absolute-url
https://github.com/OWASP/CheatSheetSeries/blob/master/cheatsheets/Clickjacking_Defense_Cheat_Sheet.md#best-for-now-legacy-browser-frame-breaking-script--,github.com,raw/iclass.tku.edu.tw/course-package/lesson_resource_url.html,https://iclass.tku.edu.tw/course-package/lesson_resource_url,absolute-url
https://bam.nr-data.net,bam.nr-data.net,raw/iclass.tku.edu.tw/course-package/lesson_resource_url.html,https://iclass.tku.edu.tw/course-package/lesson_resource_url,absolute-url
https://www.google-analytics.com,www.google-analytics.com,raw/iclass.tku.edu.tw/course-package/lesson_resource_url.html,https://iclass.tku.edu.tw/course-package/lesson_resource_url,absolute-url
https://iclass.tku.edu.tw/iportal,iclass.tku.edu.tw,raw/iclass.tku.edu.tw/course-package/lesson_resource_url.html,https://iclass.tku.edu.tw/course-package/lesson_resource_url,absolute-url
"https://tronclass.com.tw/public-manual/TronclassManual_System_Admin.pdf',",tronclass.com.tw,raw/iclass.tku.edu.tw/course-package/lesson_resource_url.html,https://iclass.tku.edu.tw/course-package/lesson_resource_url,absolute-url
"https://tronclass.com.tw/public-manual/TronclassManual_Administrator.pdf',",tronclass.com.tw,raw/iclass.tku.edu.tw/course-package/lesson_resource_url.html,https://iclass.tku.edu.tw/course-package/lesson_resource_url,absolute-url
"https://tronclass.com.tw/public-manual/manual-teacher.html',",tronclass.com.tw,raw/iclass.tku.edu.tw/course-package/lesson_resource_url.html,https://iclass.tku.edu.tw/course-package/lesson_resource_url,absolute-url
"https://tronclass.com.tw/public-manual/TronclassManual_Student.pdf',",tronclass.com.tw,raw/iclass.tku.edu.tw/course-package/lesson_resource_url.html,https://iclass.tku.edu.tw/course-package/lesson_resource_url,absolute-url
"https://tronclass.com.tw/public-manual/TronclassManual_App.pdf',",tronclass.com.tw,raw/iclass.tku.edu.tw/course-package/lesson_resource_url.html,https://iclass.tku.edu.tw/course-package/lesson_resource_url,absolute-url
https://support.tronclass.com',support.tronclass.com',raw/iclass.tku.edu.tw/course-package/lesson_resource_url.html,https://iclass.tku.edu.tw/course-package/lesson_resource_url,absolute-url
https://iclass.tku.edu.tw/market,iclass.tku.edu.tw,raw/iclass.tku.edu.tw/course-package/lesson_resource_url.html,https://iclass.tku.edu.tw/course-package/lesson_resource_url,absolute-url
https://www.youtube.com/iframe_api,www.youtube.com,raw/iclass.tku.edu.tw/course-package/lesson_resource_url.html,https://iclass.tku.edu.tw/course-package/lesson_resource_url,absolute-url
https://get.adobe.com/flashplayer/,get.adobe.com,raw/iclass.tku.edu.tw/course-package/lesson_resource_url.html,https://iclass.tku.edu.tw/course-package/lesson_resource_url,absolute-url
https://iclass.tku.edu.tw/,iclass.tku.edu.tw,raw/iclass.tku.edu.tw/course-package/manualUrl.html,https://iclass.tku.edu.tw/course-package/manualUrl,absolute-url
https://www.googletagmanager.com/gtag/js,www.googletagmanager.com,raw/iclass.tku.edu.tw/course-package/manualUrl.html,https://iclass.tku.edu.tw/course-package/manualUrl,absolute-url
https://github.com/OWASP/CheatSheetSeries/blob/master/cheatsheets/Clickjacking_Defense_Cheat_Sheet.md#best-for-now-legacy-browser-frame-breaking-script--,github.com,raw/iclass.tku.edu.tw/course-package/manualUrl.html,https://iclass.tku.edu.tw/course-package/manualUrl,absolute-url
https://bam.nr-data.net,bam.nr-data.net,raw/iclass.tku.edu.tw/course-package/manualUrl.html,https://iclass.tku.edu.tw/course-package/manualUrl,absolute-url
https://www.google-analytics.com,www.google-analytics.com,raw/iclass.tku.edu.tw/course-package/manualUrl.html,https://iclass.tku.edu.tw/course-package/manualUrl,absolute-url
https://iclass.tku.edu.tw/iportal,iclass.tku.edu.tw,raw/iclass.tku.edu.tw/course-package/manualUrl.html,https://iclass.tku.edu.tw/course-package/manualUrl,absolute-url
"https://tronclass.com.tw/public-manual/TronclassManual_System_Admin.pdf',",tronclass.com.tw,raw/iclass.tku.edu.tw/course-package/manualUrl.html,https://iclass.tku.edu.tw/course-package/manualUrl,absolute-url
"https://tronclass.com.tw/public-manual/TronclassManual_Administrator.pdf',",tronclass.com.tw,raw/iclass.tku.edu.tw/course-package/manualUrl.html,https://iclass.tku.edu.tw/course-package/manualUrl,absolute-url
"https://tronclass.com.tw/public-manual/manual-teacher.html',",tronclass.com.tw,raw/iclass.tku.edu.tw/course-package/manualUrl.html,https://iclass.tku.edu.tw/course-package/manualUrl,absolute-url
"https://tronclass.com.tw/public-manual/TronclassManual_Student.pdf',",tronclass.com.tw,raw/iclass.tku.edu.tw/course-package/manualUrl.html,https://iclass.tku.edu.tw/course-package/manualUrl,absolute-url
"https://tronclass.com.tw/public-manual/TronclassManual_App.pdf',",tronclass.com.tw,raw/iclass.tku.edu.tw/course-package/manualUrl.html,https://iclass.tku.edu.tw/course-package/manualUrl,absolute-url
https://support.tronclass.com',support.tronclass.com',raw/iclass.tku.edu.tw/course-package/manualUrl.html,https://iclass.tku.edu.tw/course-package/manualUrl,absolute-url
https://iclass.tku.edu.tw/market,iclass.tku.edu.tw,raw/iclass.tku.edu.tw/course-package/manualUrl.html,https://iclass.tku.edu.tw/course-package/manualUrl,absolute-url
https://www.youtube.com/iframe_api,www.youtube.com,raw/iclass.tku.edu.tw/course-package/manualUrl.html,https://iclass.tku.edu.tw/course-package/manualUrl,absolute-url
https://get.adobe.com/flashplayer/,get.adobe.com,raw/iclass.tku.edu.tw/course-package/manualUrl.html,https://iclass.tku.edu.tw/course-package/manualUrl,absolute-url
https://iclass.tku.edu.tw/,iclass.tku.edu.tw,raw/iclass.tku.edu.tw/course-package/status.html,https://iclass.tku.edu.tw/course-package/status,absolute-url
https://www.googletagmanager.com/gtag/js,www.googletagmanager.com,raw/iclass.tku.edu.tw/course-package/status.html,https://iclass.tku.edu.tw/course-package/status,absolute-url
https://github.com/OWASP/CheatSheetSeries/blob/master/cheatsheets/Clickjacking_Defense_Cheat_Sheet.md#best-for-now-legacy-browser-frame-breaking-script--,github.com,raw/iclass.tku.edu.tw/course-package/status.html,https://iclass.tku.edu.tw/course-package/status,absolute-url
https://bam.nr-data.net,bam.nr-data.net,raw/iclass.tku.edu.tw/course-package/status.html,https://iclass.tku.edu.tw/course-package/status,absolute-url
https://www.google-analytics.com,www.google-analytics.com,raw/iclass.tku.edu.tw/course-package/status.html,https://iclass.tku.edu.tw/course-package/status,absolute-url
https://iclass.tku.edu.tw/iportal,iclass.tku.edu.tw,raw/iclass.tku.edu.tw/course-package/status.html,https://iclass.tku.edu.tw/course-package/status,absolute-url
"https://tronclass.com.tw/public-manual/TronclassManual_System_Admin.pdf',",tronclass.com.tw,raw/iclass.tku.edu.tw/course-package/status.html,https://iclass.tku.edu.tw/course-package/status,absolute-url
"https://tronclass.com.tw/public-manual/TronclassManual_Administrator.pdf',",tronclass.com.tw,raw/iclass.tku.edu.tw/course-package/status.html,https://iclass.tku.edu.tw/course-package/status,absolute-url
"https://tronclass.com.tw/public-manual/manual-teacher.html',",tronclass.com.tw,raw/iclass.tku.edu.tw/course-package/status.html,https://iclass.tku.edu.tw/course-package/status,absolute-url
"https://tronclass.com.tw/public-manual/TronclassManual_Student.pdf',",tronclass.com.tw,raw/iclass.tku.edu.tw/course-package/status.html,https://iclass.tku.edu.tw/course-package/status,absolute-url
"https://tronclass.com.tw/public-manual/TronclassManual_App.pdf',",tronclass.com.tw,raw/iclass.tku.edu.tw/course-package/status.html,https://iclass.tku.edu.tw/course-package/status,absolute-url
https://support.tronclass.com',support.tronclass.com',raw/iclass.tku.edu.tw/course-package/status.html,https://iclass.tku.edu.tw/course-package/status,absolute-url
https://iclass.tku.edu.tw/market,iclass.tku.edu.tw,raw/iclass.tku.edu.tw/course-package/status.html,https://iclass.tku.edu.tw/course-package/status,absolute-url
https://www.youtube.com/iframe_api,www.youtube.com,raw/iclass.tku.edu.tw/course-package/status.html,https://iclass.tku.edu.tw/course-package/status,absolute-url
https://get.adobe.com/flashplayer/,get.adobe.com,raw/iclass.tku.edu.tw/course-package/status.html,https://iclass.tku.edu.tw/course-package/status,absolute-url
https://iclass.tku.edu.tw/,iclass.tku.edu.tw,raw/iclass.tku.edu.tw/course-roles.html,https://iclass.tku.edu.tw/course-roles,absolute-url
https://www.googletagmanager.com/gtag/js,www.googletagmanager.com,raw/iclass.tku.edu.tw/course-roles.html,https://iclass.tku.edu.tw/course-roles,absolute-url
https://github.com/OWASP/CheatSheetSeries/blob/master/cheatsheets/Clickjacking_Defense_Cheat_Sheet.md#best-for-now-legacy-browser-frame-breaking-script--,github.com,raw/iclass.tku.edu.tw/course-roles.html,https://iclass.tku.edu.tw/course-roles,absolute-url
https://bam.nr-data.net,bam.nr-data.net,raw/iclass.tku.edu.tw/course-roles.html,https://iclass.tku.edu.tw/course-roles,absolute-url
https://www.google-analytics.com,www.google-analytics.com,raw/iclass.tku.edu.tw/course-roles.html,https://iclass.tku.edu.tw/course-roles,absolute-url
https://iclass.tku.edu.tw/iportal,iclass.tku.edu.tw,raw/iclass.tku.edu.tw/course-roles.html,https://iclass.tku.edu.tw/course-roles,absolute-url
"https://tronclass.com.tw/public-manual/TronclassManual_System_Admin.pdf',",tronclass.com.tw,raw/iclass.tku.edu.tw/course-roles.html,https://iclass.tku.edu.tw/course-roles,absolute-url
"https://tronclass.com.tw/public-manual/TronclassManual_Administrator.pdf',",tronclass.com.tw,raw/iclass.tku.edu.tw/course-roles.html,https://iclass.tku.edu.tw/course-roles,absolute-url
"https://tronclass.com.tw/public-manual/manual-teacher.html',",tronclass.com.tw,raw/iclass.tku.edu.tw/course-roles.html,https://iclass.tku.edu.tw/course-roles,absolute-url
"https://tronclass.com.tw/public-manual/TronclassManual_Student.pdf',",tronclass.com.tw,raw/iclass.tku.edu.tw/course-roles.html,https://iclass.tku.edu.tw/course-roles,absolute-url
"https://tronclass.com.tw/public-manual/TronclassManual_App.pdf',",tronclass.com.tw,raw/iclass.tku.edu.tw/course-roles.html,https://iclass.tku.edu.tw/course-roles,absolute-url
https://support.tronclass.com',support.tronclass.com',raw/iclass.tku.edu.tw/course-roles.html,https://iclass.tku.edu.tw/course-roles,absolute-url
https://iclass.tku.edu.tw/market,iclass.tku.edu.tw,raw/iclass.tku.edu.tw/course-roles.html,https://iclass.tku.edu.tw/course-roles,absolute-url
https://www.youtube.com/iframe_api,www.youtube.com,raw/iclass.tku.edu.tw/course-roles.html,https://iclass.tku.edu.tw/course-roles,absolute-url
https://get.adobe.com/flashplayer/,get.adobe.com,raw/iclass.tku.edu.tw/course-roles.html,https://iclass.tku.edu.tw/course-roles,absolute-url
https://iclass.tku.edu.tw/,iclass.tku.edu.tw,raw/iclass.tku.edu.tw/course-roles/index.html,https://iclass.tku.edu.tw/course-roles/,absolute-url
https://www.googletagmanager.com/gtag/js,www.googletagmanager.com,raw/iclass.tku.edu.tw/course-roles/index.html,https://iclass.tku.edu.tw/course-roles/,absolute-url
https://github.com/OWASP/CheatSheetSeries/blob/master/cheatsheets/Clickjacking_Defense_Cheat_Sheet.md#best-for-now-legacy-browser-frame-breaking-script--,github.com,raw/iclass.tku.edu.tw/course-roles/index.html,https://iclass.tku.edu.tw/course-roles/,absolute-url
https://bam.nr-data.net,bam.nr-data.net,raw/iclass.tku.edu.tw/course-roles/index.html,https://iclass.tku.edu.tw/course-roles/,absolute-url
https://www.google-analytics.com,www.google-analytics.com,raw/iclass.tku.edu.tw/course-roles/index.html,https://iclass.tku.edu.tw/course-roles/,absolute-url
https://iclass.tku.edu.tw/iportal,iclass.tku.edu.tw,raw/iclass.tku.edu.tw/course-roles/index.html,https://iclass.tku.edu.tw/course-roles/,absolute-url
"https://tronclass.com.tw/public-manual/TronclassManual_System_Admin.pdf',",tronclass.com.tw,raw/iclass.tku.edu.tw/course-roles/index.html,https://iclass.tku.edu.tw/course-roles/,absolute-url
"https://tronclass.com.tw/public-manual/TronclassManual_Administrator.pdf',",tronclass.com.tw,raw/iclass.tku.edu.tw/course-roles/index.html,https://iclass.tku.edu.tw/course-roles/,absolute-url
"https://tronclass.com.tw/public-manual/manual-teacher.html',",tronclass.com.tw,raw/iclass.tku.edu.tw/course-roles/index.html,https://iclass.tku.edu.tw/course-roles/,absolute-url
"https://tronclass.com.tw/public-manual/TronclassManual_Student.pdf',",tronclass.com.tw,raw/iclass.tku.edu.tw/course-roles/index.html,https://iclass.tku.edu.tw/course-roles/,absolute-url
"https://tronclass.com.tw/public-manual/TronclassManual_App.pdf',",tronclass.com.tw,raw/iclass.tku.edu.tw/course-roles/index.html,https://iclass.tku.edu.tw/course-roles/,absolute-url
https://support.tronclass.com',support.tronclass.com',raw/iclass.tku.edu.tw/course-roles/index.html,https://iclass.tku.edu.tw/course-roles/,absolute-url
https://iclass.tku.edu.tw/market,iclass.tku.edu.tw,raw/iclass.tku.edu.tw/course-roles/index.html,https://iclass.tku.edu.tw/course-roles/,absolute-url
https://www.youtube.com/iframe_api,www.youtube.com,raw/iclass.tku.edu.tw/course-roles/index.html,https://iclass.tku.edu.tw/course-roles/,absolute-url
https://get.adobe.com/flashplayer/,get.adobe.com,raw/iclass.tku.edu.tw/course-roles/index.html,https://iclass.tku.edu.tw/course-roles/,absolute-url
https://iclass.tku.edu.tw/,iclass.tku.edu.tw,raw/iclass.tku.edu.tw/course-roles/_roleId/course/_courseId.html,https://iclass.tku.edu.tw/course-roles/:roleId/course/:courseId,absolute-url
https://www.googletagmanager.com/gtag/js,www.googletagmanager.com,raw/iclass.tku.edu.tw/course-roles/_roleId/course/_courseId.html,https://iclass.tku.edu.tw/course-roles/:roleId/course/:courseId,absolute-url
https://github.com/OWASP/CheatSheetSeries/blob/master/cheatsheets/Clickjacking_Defense_Cheat_Sheet.md#best-for-now-legacy-browser-frame-breaking-script--,github.com,raw/iclass.tku.edu.tw/course-roles/_roleId/course/_courseId.html,https://iclass.tku.edu.tw/course-roles/:roleId/course/:courseId,absolute-url
https://bam.nr-data.net,bam.nr-data.net,raw/iclass.tku.edu.tw/course-roles/_roleId/course/_courseId.html,https://iclass.tku.edu.tw/course-roles/:roleId/course/:courseId,absolute-url
https://www.google-analytics.com,www.google-analytics.com,raw/iclass.tku.edu.tw/course-roles/_roleId/course/_courseId.html,https://iclass.tku.edu.tw/course-roles/:roleId/course/:courseId,absolute-url
https://iclass.tku.edu.tw/iportal,iclass.tku.edu.tw,raw/iclass.tku.edu.tw/course-roles/_roleId/course/_courseId.html,https://iclass.tku.edu.tw/course-roles/:roleId/course/:courseId,absolute-url
"https://tronclass.com.tw/public-manual/TronclassManual_System_Admin.pdf',",tronclass.com.tw,raw/iclass.tku.edu.tw/course-roles/_roleId/course/_courseId.html,https://iclass.tku.edu.tw/course-roles/:roleId/course/:courseId,absolute-url
"https://tronclass.com.tw/public-manual/TronclassManual_Administrator.pdf',",tronclass.com.tw,raw/iclass.tku.edu.tw/course-roles/_roleId/course/_courseId.html,https://iclass.tku.edu.tw/course-roles/:roleId/course/:courseId,absolute-url
"https://tronclass.com.tw/public-manual/manual-teacher.html',",tronclass.com.tw,raw/iclass.tku.edu.tw/course-roles/_roleId/course/_courseId.html,https://iclass.tku.edu.tw/course-roles/:roleId/course/:courseId,absolute-url
"https://tronclass.com.tw/public-manual/TronclassManual_Student.pdf',",tronclass.com.tw,raw/iclass.tku.edu.tw/course-roles/_roleId/course/_courseId.html,https://iclass.tku.edu.tw/course-roles/:roleId/course/:courseId,absolute-url
"https://tronclass.com.tw/public-manual/TronclassManual_App.pdf',",tronclass.com.tw,raw/iclass.tku.edu.tw/course-roles/_roleId/course/_courseId.html,https://iclass.tku.edu.tw/course-roles/:roleId/course/:courseId,absolute-url
https://support.tronclass.com',support.tronclass.com',raw/iclass.tku.edu.tw/course-roles/_roleId/course/_courseId.html,https://iclass.tku.edu.tw/course-roles/:roleId/course/:courseId,absolute-url
https://iclass.tku.edu.tw/market,iclass.tku.edu.tw,raw/iclass.tku.edu.tw/course-roles/_roleId/course/_courseId.html,https://iclass.tku.edu.tw/course-roles/:roleId/course/:courseId,absolute-url
https://www.youtube.com/iframe_api,www.youtube.com,raw/iclass.tku.edu.tw/course-roles/_roleId/course/_courseId.html,https://iclass.tku.edu.tw/course-roles/:roleId/course/:courseId,absolute-url
https://get.adobe.com/flashplayer/,get.adobe.com,raw/iclass.tku.edu.tw/course-roles/_roleId/course/_courseId.html,https://iclass.tku.edu.tw/course-roles/:roleId/course/:courseId,absolute-url
https://iclass.tku.edu.tw/,iclass.tku.edu.tw,raw/iclass.tku.edu.tw/course-roles/_roleId/edit.html,https://iclass.tku.edu.tw/course-roles/:roleId/edit,absolute-url
https://www.googletagmanager.com/gtag/js,www.googletagmanager.com,raw/iclass.tku.edu.tw/course-roles/_roleId/edit.html,https://iclass.tku.edu.tw/course-roles/:roleId/edit,absolute-url
https://github.com/OWASP/CheatSheetSeries/blob/master/cheatsheets/Clickjacking_Defense_Cheat_Sheet.md#best-for-now-legacy-browser-frame-breaking-script--,github.com,raw/iclass.tku.edu.tw/course-roles/_roleId/edit.html,https://iclass.tku.edu.tw/course-roles/:roleId/edit,absolute-url
https://bam.nr-data.net,bam.nr-data.net,raw/iclass.tku.edu.tw/course-roles/_roleId/edit.html,https://iclass.tku.edu.tw/course-roles/:roleId/edit,absolute-url
https://www.google-analytics.com,www.google-analytics.com,raw/iclass.tku.edu.tw/course-roles/_roleId/edit.html,https://iclass.tku.edu.tw/course-roles/:roleId/edit,absolute-url
https://iclass.tku.edu.tw/iportal,iclass.tku.edu.tw,raw/iclass.tku.edu.tw/course-roles/_roleId/edit.html,https://iclass.tku.edu.tw/course-roles/:roleId/edit,absolute-url
"https://tronclass.com.tw/public-manual/TronclassManual_System_Admin.pdf',",tronclass.com.tw,raw/iclass.tku.edu.tw/course-roles/_roleId/edit.html,https://iclass.tku.edu.tw/course-roles/:roleId/edit,absolute-url
"https://tronclass.com.tw/public-manual/TronclassManual_Administrator.pdf',",tronclass.com.tw,raw/iclass.tku.edu.tw/course-roles/_roleId/edit.html,https://iclass.tku.edu.tw/course-roles/:roleId/edit,absolute-url
"https://tronclass.com.tw/public-manual/manual-teacher.html',",tronclass.com.tw,raw/iclass.tku.edu.tw/course-roles/_roleId/edit.html,https://iclass.tku.edu.tw/course-roles/:roleId/edit,absolute-url
"https://tronclass.com.tw/public-manual/TronclassManual_Student.pdf',",tronclass.com.tw,raw/iclass.tku.edu.tw/course-roles/_roleId/edit.html,https://iclass.tku.edu.tw/course-roles/:roleId/edit,absolute-url
"https://tronclass.com.tw/public-manual/TronclassManual_App.pdf',",tronclass.com.tw,raw/iclass.tku.edu.tw/course-roles/_roleId/edit.html,https://iclass.tku.edu.tw/course-roles/:roleId/edit,absolute-url
https://support.tronclass.com',support.tronclass.com',raw/iclass.tku.edu.tw/course-roles/_roleId/edit.html,https://iclass.tku.edu.tw/course-roles/:roleId/edit,absolute-url
https://iclass.tku.edu.tw/market,iclass.tku.edu.tw,raw/iclass.tku.edu.tw/course-roles/_roleId/edit.html,https://iclass.tku.edu.tw/course-roles/:roleId/edit,absolute-url
https://www.youtube.com/iframe_api,www.youtube.com,raw/iclass.tku.edu.tw/course-roles/_roleId/edit.html,https://iclass.tku.edu.tw/course-roles/:roleId/edit,absolute-url
https://get.adobe.com/flashplayer/,get.adobe.com,raw/iclass.tku.edu.tw/course-roles/_roleId/edit.html,https://iclass.tku.edu.tw/course-roles/:roleId/edit,absolute-url
https://iclass.tku.edu.tw/,iclass.tku.edu.tw,raw/iclass.tku.edu.tw/course-roles/add.html,https://iclass.tku.edu.tw/course-roles/add,absolute-url
https://www.googletagmanager.com/gtag/js,www.googletagmanager.com,raw/iclass.tku.edu.tw/course-roles/add.html,https://iclass.tku.edu.tw/course-roles/add,absolute-url
https://github.com/OWASP/CheatSheetSeries/blob/master/cheatsheets/Clickjacking_Defense_Cheat_Sheet.md#best-for-now-legacy-browser-frame-breaking-script--,github.com,raw/iclass.tku.edu.tw/course-roles/add.html,https://iclass.tku.edu.tw/course-roles/add,absolute-url
https://bam.nr-data.net,bam.nr-data.net,raw/iclass.tku.edu.tw/course-roles/add.html,https://iclass.tku.edu.tw/course-roles/add,absolute-url
https://www.google-analytics.com,www.google-analytics.com,raw/iclass.tku.edu.tw/course-roles/add.html,https://iclass.tku.edu.tw/course-roles/add,absolute-url
https://iclass.tku.edu.tw/iportal,iclass.tku.edu.tw,raw/iclass.tku.edu.tw/course-roles/add.html,https://iclass.tku.edu.tw/course-roles/add,absolute-url
"https://tronclass.com.tw/public-manual/TronclassManual_System_Admin.pdf',",tronclass.com.tw,raw/iclass.tku.edu.tw/course-roles/add.html,https://iclass.tku.edu.tw/course-roles/add,absolute-url
"https://tronclass.com.tw/public-manual/TronclassManual_Administrator.pdf',",tronclass.com.tw,raw/iclass.tku.edu.tw/course-roles/add.html,https://iclass.tku.edu.tw/course-roles/add,absolute-url
"https://tronclass.com.tw/public-manual/manual-teacher.html',",tronclass.com.tw,raw/iclass.tku.edu.tw/course-roles/add.html,https://iclass.tku.edu.tw/course-roles/add,absolute-url
"https://tronclass.com.tw/public-manual/TronclassManual_Student.pdf',",tronclass.com.tw,raw/iclass.tku.edu.tw/course-roles/add.html,https://iclass.tku.edu.tw/course-roles/add,absolute-url
"https://tronclass.com.tw/public-manual/TronclassManual_App.pdf',",tronclass.com.tw,raw/iclass.tku.edu.tw/course-roles/add.html,https://iclass.tku.edu.tw/course-roles/add,absolute-url
https://support.tronclass.com',support.tronclass.com',raw/iclass.tku.edu.tw/course-roles/add.html,https://iclass.tku.edu.tw/course-roles/add,absolute-url
https://iclass.tku.edu.tw/market,iclass.tku.edu.tw,raw/iclass.tku.edu.tw/course-roles/add.html,https://iclass.tku.edu.tw/course-roles/add,absolute-url
https://www.youtube.com/iframe_api,www.youtube.com,raw/iclass.tku.edu.tw/course-roles/add.html,https://iclass.tku.edu.tw/course-roles/add,absolute-url
https://get.adobe.com/flashplayer/,get.adobe.com,raw/iclass.tku.edu.tw/course-roles/add.html,https://iclass.tku.edu.tw/course-roles/add,absolute-url
https://iclass.tku.edu.tw/,iclass.tku.edu.tw,raw/iclass.tku.edu.tw/course-roles/avatarSmallUrl.html,https://iclass.tku.edu.tw/course-roles/avatarSmallUrl,absolute-url
https://www.googletagmanager.com/gtag/js,www.googletagmanager.com,raw/iclass.tku.edu.tw/course-roles/avatarSmallUrl.html,https://iclass.tku.edu.tw/course-roles/avatarSmallUrl,absolute-url
https://github.com/OWASP/CheatSheetSeries/blob/master/cheatsheets/Clickjacking_Defense_Cheat_Sheet.md#best-for-now-legacy-browser-frame-breaking-script--,github.com,raw/iclass.tku.edu.tw/course-roles/avatarSmallUrl.html,https://iclass.tku.edu.tw/course-roles/avatarSmallUrl,absolute-url
https://bam.nr-data.net,bam.nr-data.net,raw/iclass.tku.edu.tw/course-roles/avatarSmallUrl.html,https://iclass.tku.edu.tw/course-roles/avatarSmallUrl,absolute-url
https://www.google-analytics.com,www.google-analytics.com,raw/iclass.tku.edu.tw/course-roles/avatarSmallUrl.html,https://iclass.tku.edu.tw/course-roles/avatarSmallUrl,absolute-url
https://iclass.tku.edu.tw/iportal,iclass.tku.edu.tw,raw/iclass.tku.edu.tw/course-roles/avatarSmallUrl.html,https://iclass.tku.edu.tw/course-roles/avatarSmallUrl,absolute-url
"https://tronclass.com.tw/public-manual/TronclassManual_System_Admin.pdf',",tronclass.com.tw,raw/iclass.tku.edu.tw/course-roles/avatarSmallUrl.html,https://iclass.tku.edu.tw/course-roles/avatarSmallUrl,absolute-url
"https://tronclass.com.tw/public-manual/TronclassManual_Administrator.pdf',",tronclass.com.tw,raw/iclass.tku.edu.tw/course-roles/avatarSmallUrl.html,https://iclass.tku.edu.tw/course-roles/avatarSmallUrl,absolute-url
"https://tronclass.com.tw/public-manual/manual-teacher.html',",tronclass.com.tw,raw/iclass.tku.edu.tw/course-roles/avatarSmallUrl.html,https://iclass.tku.edu.tw/course-roles/avatarSmallUrl,absolute-url
"https://tronclass.com.tw/public-manual/TronclassManual_Student.pdf',",tronclass.com.tw,raw/iclass.tku.edu.tw/course-roles/avatarSmallUrl.html,https://iclass.tku.edu.tw/course-roles/avatarSmallUrl,absolute-url
"https://tronclass.com.tw/public-manual/TronclassManual_App.pdf',",tronclass.com.tw,raw/iclass.tku.edu.tw/course-roles/avatarSmallUrl.html,https://iclass.tku.edu.tw/course-roles/avatarSmallUrl,absolute-url
https://support.tronclass.com',support.tronclass.com',raw/iclass.tku.edu.tw/course-roles/avatarSmallUrl.html,https://iclass.tku.edu.tw/course-roles/avatarSmallUrl,absolute-url
https://iclass.tku.edu.tw/market,iclass.tku.edu.tw,raw/iclass.tku.edu.tw/course-roles/avatarSmallUrl.html,https://iclass.tku.edu.tw/course-roles/avatarSmallUrl,absolute-url
https://www.youtube.com/iframe_api,www.youtube.com,raw/iclass.tku.edu.tw/course-roles/avatarSmallUrl.html,https://iclass.tku.edu.tw/course-roles/avatarSmallUrl,absolute-url
https://get.adobe.com/flashplayer/,get.adobe.com,raw/iclass.tku.edu.tw/course-roles/avatarSmallUrl.html,https://iclass.tku.edu.tw/course-roles/avatarSmallUrl,absolute-url
https://iclass.tku.edu.tw/,iclass.tku.edu.tw,raw/iclass.tku.edu.tw/course-roles/capture_url.html,https://iclass.tku.edu.tw/course-roles/capture_url,absolute-url
https://www.googletagmanager.com/gtag/js,www.googletagmanager.com,raw/iclass.tku.edu.tw/course-roles/capture_url.html,https://iclass.tku.edu.tw/course-roles/capture_url,absolute-url
https://github.com/OWASP/CheatSheetSeries/blob/master/cheatsheets/Clickjacking_Defense_Cheat_Sheet.md#best-for-now-legacy-browser-frame-breaking-script--,github.com,raw/iclass.tku.edu.tw/course-roles/capture_url.html,https://iclass.tku.edu.tw/course-roles/capture_url,absolute-url
https://bam.nr-data.net,bam.nr-data.net,raw/iclass.tku.edu.tw/course-roles/capture_url.html,https://iclass.tku.edu.tw/course-roles/capture_url,absolute-url
https://www.google-analytics.com,www.google-analytics.com,raw/iclass.tku.edu.tw/course-roles/capture_url.html,https://iclass.tku.edu.tw/course-roles/capture_url,absolute-url
https://iclass.tku.edu.tw/iportal,iclass.tku.edu.tw,raw/iclass.tku.edu.tw/course-roles/capture_url.html,https://iclass.tku.edu.tw/course-roles/capture_url,absolute-url
"https://tronclass.com.tw/public-manual/TronclassManual_System_Admin.pdf',",tronclass.com.tw,raw/iclass.tku.edu.tw/course-roles/capture_url.html,https://iclass.tku.edu.tw/course-roles/capture_url,absolute-url
"https://tronclass.com.tw/public-manual/TronclassManual_Administrator.pdf',",tronclass.com.tw,raw/iclass.tku.edu.tw/course-roles/capture_url.html,https://iclass.tku.edu.tw/course-roles/capture_url,absolute-url
"https://tronclass.com.tw/public-manual/manual-teacher.html',",tronclass.com.tw,raw/iclass.tku.edu.tw/course-roles/capture_url.html,https://iclass.tku.edu.tw/course-roles/capture_url,absolute-url
"https://tronclass.com.tw/public-manual/TronclassManual_Student.pdf',",tronclass.com.tw,raw/iclass.tku.edu.tw/course-roles/capture_url.html,https://iclass.tku.edu.tw/course-roles/capture_url,absolute-url
"https://tronclass.com.tw/public-manual/TronclassManual_App.pdf',",tronclass.com.tw,raw/iclass.tku.edu.tw/course-roles/capture_url.html,https://iclass.tku.edu.tw/course-roles/capture_url,absolute-url
https://support.tronclass.com',support.tronclass.com',raw/iclass.tku.edu.tw/course-roles/capture_url.html,https://iclass.tku.edu.tw/course-roles/capture_url,absolute-url
https://iclass.tku.edu.tw/market,iclass.tku.edu.tw,raw/iclass.tku.edu.tw/course-roles/capture_url.html,https://iclass.tku.edu.tw/course-roles/capture_url,absolute-url
https://www.youtube.com/iframe_api,www.youtube.com,raw/iclass.tku.edu.tw/course-roles/capture_url.html,https://iclass.tku.edu.tw/course-roles/capture_url,absolute-url
https://get.adobe.com/flashplayer/,get.adobe.com,raw/iclass.tku.edu.tw/course-roles/capture_url.html,https://iclass.tku.edu.tw/course-roles/capture_url,absolute-url
https://iclass.tku.edu.tw/,iclass.tku.edu.tw,raw/iclass.tku.edu.tw/course-roles/lesson_resource_url.html,https://iclass.tku.edu.tw/course-roles/lesson_resource_url,absolute-url
https://www.googletagmanager.com/gtag/js,www.googletagmanager.com,raw/iclass.tku.edu.tw/course-roles/lesson_resource_url.html,https://iclass.tku.edu.tw/course-roles/lesson_resource_url,absolute-url
https://github.com/OWASP/CheatSheetSeries/blob/master/cheatsheets/Clickjacking_Defense_Cheat_Sheet.md#best-for-now-legacy-browser-frame-breaking-script--,github.com,raw/iclass.tku.edu.tw/course-roles/lesson_resource_url.html,https://iclass.tku.edu.tw/course-roles/lesson_resource_url,absolute-url
https://bam.nr-data.net,bam.nr-data.net,raw/iclass.tku.edu.tw/course-roles/lesson_resource_url.html,https://iclass.tku.edu.tw/course-roles/lesson_resource_url,absolute-url
https://www.google-analytics.com,www.google-analytics.com,raw/iclass.tku.edu.tw/course-roles/lesson_resource_url.html,https://iclass.tku.edu.tw/course-roles/lesson_resource_url,absolute-url
https://iclass.tku.edu.tw/iportal,iclass.tku.edu.tw,raw/iclass.tku.edu.tw/course-roles/lesson_resource_url.html,https://iclass.tku.edu.tw/course-roles/lesson_resource_url,absolute-url
"https://tronclass.com.tw/public-manual/TronclassManual_System_Admin.pdf',",tronclass.com.tw,raw/iclass.tku.edu.tw/course-roles/lesson_resource_url.html,https://iclass.tku.edu.tw/course-roles/lesson_resource_url,absolute-url
"https://tronclass.com.tw/public-manual/TronclassManual_Administrator.pdf',",tronclass.com.tw,raw/iclass.tku.edu.tw/course-roles/lesson_resource_url.html,https://iclass.tku.edu.tw/course-roles/lesson_resource_url,absolute-url
"https://tronclass.com.tw/public-manual/manual-teacher.html',",tronclass.com.tw,raw/iclass.tku.edu.tw/course-roles/lesson_resource_url.html,https://iclass.tku.edu.tw/course-roles/lesson_resource_url,absolute-url
"https://tronclass.com.tw/public-manual/TronclassManual_Student.pdf',",tronclass.com.tw,raw/iclass.tku.edu.tw/course-roles/lesson_resource_url.html,https://iclass.tku.edu.tw/course-roles/lesson_resource_url,absolute-url
"https://tronclass.com.tw/public-manual/TronclassManual_App.pdf',",tronclass.com.tw,raw/iclass.tku.edu.tw/course-roles/lesson_resource_url.html,https://iclass.tku.edu.tw/course-roles/lesson_resource_url,absolute-url
https://support.tronclass.com',support.tronclass.com',raw/iclass.tku.edu.tw/course-roles/lesson_resource_url.html,https://iclass.tku.edu.tw/course-roles/lesson_resource_url,absolute-url
https://iclass.tku.edu.tw/market,iclass.tku.edu.tw,raw/iclass.tku.edu.tw/course-roles/lesson_resource_url.html,https://iclass.tku.edu.tw/course-roles/lesson_resource_url,absolute-url
https://www.youtube.com/iframe_api,www.youtube.com,raw/iclass.tku.edu.tw/course-roles/lesson_resource_url.html,https://iclass.tku.edu.tw/course-roles/lesson_resource_url,absolute-url
https://get.adobe.com/flashplayer/,get.adobe.com,raw/iclass.tku.edu.tw/course-roles/lesson_resource_url.html,https://iclass.tku.edu.tw/course-roles/lesson_resource_url,absolute-url
https://iclass.tku.edu.tw/,iclass.tku.edu.tw,raw/iclass.tku.edu.tw/course-roles/manualUrl.html,https://iclass.tku.edu.tw/course-roles/manualUrl,absolute-url
https://www.googletagmanager.com/gtag/js,www.googletagmanager.com,raw/iclass.tku.edu.tw/course-roles/manualUrl.html,https://iclass.tku.edu.tw/course-roles/manualUrl,absolute-url
https://github.com/OWASP/CheatSheetSeries/blob/master/cheatsheets/Clickjacking_Defense_Cheat_Sheet.md#best-for-now-legacy-browser-frame-breaking-script--,github.com,raw/iclass.tku.edu.tw/course-roles/manualUrl.html,https://iclass.tku.edu.tw/course-roles/manualUrl,absolute-url
https://bam.nr-data.net,bam.nr-data.net,raw/iclass.tku.edu.tw/course-roles/manualUrl.html,https://iclass.tku.edu.tw/course-roles/manualUrl,absolute-url
https://www.google-analytics.com,www.google-analytics.com,raw/iclass.tku.edu.tw/course-roles/manualUrl.html,https://iclass.tku.edu.tw/course-roles/manualUrl,absolute-url
https://iclass.tku.edu.tw/iportal,iclass.tku.edu.tw,raw/iclass.tku.edu.tw/course-roles/manualUrl.html,https://iclass.tku.edu.tw/course-roles/manualUrl,absolute-url
"https://tronclass.com.tw/public-manual/TronclassManual_System_Admin.pdf',",tronclass.com.tw,raw/iclass.tku.edu.tw/course-roles/manualUrl.html,https://iclass.tku.edu.tw/course-roles/manualUrl,absolute-url
"https://tronclass.com.tw/public-manual/TronclassManual_Administrator.pdf',",tronclass.com.tw,raw/iclass.tku.edu.tw/course-roles/manualUrl.html,https://iclass.tku.edu.tw/course-roles/manualUrl,absolute-url
"https://tronclass.com.tw/public-manual/manual-teacher.html',",tronclass.com.tw,raw/iclass.tku.edu.tw/course-roles/manualUrl.html,https://iclass.tku.edu.tw/course-roles/manualUrl,absolute-url
"https://tronclass.com.tw/public-manual/TronclassManual_Student.pdf',",tronclass.com.tw,raw/iclass.tku.edu.tw/course-roles/manualUrl.html,https://iclass.tku.edu.tw/course-roles/manualUrl,absolute-url
"https://tronclass.com.tw/public-manual/TronclassManual_App.pdf',",tronclass.com.tw,raw/iclass.tku.edu.tw/course-roles/manualUrl.html,https://iclass.tku.edu.tw/course-roles/manualUrl,absolute-url
https://support.tronclass.com',support.tronclass.com',raw/iclass.tku.edu.tw/course-roles/manualUrl.html,https://iclass.tku.edu.tw/course-roles/manualUrl,absolute-url
https://iclass.tku.edu.tw/market,iclass.tku.edu.tw,raw/iclass.tku.edu.tw/course-roles/manualUrl.html,https://iclass.tku.edu.tw/course-roles/manualUrl,absolute-url
https://www.youtube.com/iframe_api,www.youtube.com,raw/iclass.tku.edu.tw/course-roles/manualUrl.html,https://iclass.tku.edu.tw/course-roles/manualUrl,absolute-url
https://get.adobe.com/flashplayer/,get.adobe.com,raw/iclass.tku.edu.tw/course-roles/manualUrl.html,https://iclass.tku.edu.tw/course-roles/manualUrl,absolute-url
https://iclass.tku.edu.tw/,iclass.tku.edu.tw,raw/iclass.tku.edu.tw/course-summary-wrapper.html,https://iclass.tku.edu.tw/course-summary-wrapper,absolute-url
https://www.googletagmanager.com/gtag/js,www.googletagmanager.com,raw/iclass.tku.edu.tw/course-summary-wrapper.html,https://iclass.tku.edu.tw/course-summary-wrapper,absolute-url
https://github.com/OWASP/CheatSheetSeries/blob/master/cheatsheets/Clickjacking_Defense_Cheat_Sheet.md#best-for-now-legacy-browser-frame-breaking-script--,github.com,raw/iclass.tku.edu.tw/course-summary-wrapper.html,https://iclass.tku.edu.tw/course-summary-wrapper,absolute-url
https://bam.nr-data.net,bam.nr-data.net,raw/iclass.tku.edu.tw/course-summary-wrapper.html,https://iclass.tku.edu.tw/course-summary-wrapper,absolute-url
https://www.google-analytics.com,www.google-analytics.com,raw/iclass.tku.edu.tw/course-summary-wrapper.html,https://iclass.tku.edu.tw/course-summary-wrapper,absolute-url
https://iclass.tku.edu.tw/iportal,iclass.tku.edu.tw,raw/iclass.tku.edu.tw/course-summary-wrapper.html,https://iclass.tku.edu.tw/course-summary-wrapper,absolute-url
"https://tronclass.com.tw/public-manual/TronclassManual_System_Admin.pdf',",tronclass.com.tw,raw/iclass.tku.edu.tw/course-summary-wrapper.html,https://iclass.tku.edu.tw/course-summary-wrapper,absolute-url
"https://tronclass.com.tw/public-manual/TronclassManual_Administrator.pdf',",tronclass.com.tw,raw/iclass.tku.edu.tw/course-summary-wrapper.html,https://iclass.tku.edu.tw/course-summary-wrapper,absolute-url
"https://tronclass.com.tw/public-manual/manual-teacher.html',",tronclass.com.tw,raw/iclass.tku.edu.tw/course-summary-wrapper.html,https://iclass.tku.edu.tw/course-summary-wrapper,absolute-url
"https://tronclass.com.tw/public-manual/TronclassManual_Student.pdf',",tronclass.com.tw,raw/iclass.tku.edu.tw/course-summary-wrapper.html,https://iclass.tku.edu.tw/course-summary-wrapper,absolute-url
"https://tronclass.com.tw/public-manual/TronclassManual_App.pdf',",tronclass.com.tw,raw/iclass.tku.edu.tw/course-summary-wrapper.html,https://iclass.tku.edu.tw/course-summary-wrapper,absolute-url
https://support.tronclass.com',support.tronclass.com',raw/iclass.tku.edu.tw/course-summary-wrapper.html,https://iclass.tku.edu.tw/course-summary-wrapper,absolute-url
https://iclass.tku.edu.tw/market,iclass.tku.edu.tw,raw/iclass.tku.edu.tw/course-summary-wrapper.html,https://iclass.tku.edu.tw/course-summary-wrapper,absolute-url
https://www.youtube.com/iframe_api,www.youtube.com,raw/iclass.tku.edu.tw/course-summary-wrapper.html,https://iclass.tku.edu.tw/course-summary-wrapper,absolute-url
https://get.adobe.com/flashplayer/,get.adobe.com,raw/iclass.tku.edu.tw/course-summary-wrapper.html,https://iclass.tku.edu.tw/course-summary-wrapper,absolute-url
https://iclass.tku.edu.tw/,iclass.tku.edu.tw,raw/iclass.tku.edu.tw/course-themes.html,https://iclass.tku.edu.tw/course-themes,absolute-url
https://www.googletagmanager.com/gtag/js,www.googletagmanager.com,raw/iclass.tku.edu.tw/course-themes.html,https://iclass.tku.edu.tw/course-themes,absolute-url
https://github.com/OWASP/CheatSheetSeries/blob/master/cheatsheets/Clickjacking_Defense_Cheat_Sheet.md#best-for-now-legacy-browser-frame-breaking-script--,github.com,raw/iclass.tku.edu.tw/course-themes.html,https://iclass.tku.edu.tw/course-themes,absolute-url
https://bam.nr-data.net,bam.nr-data.net,raw/iclass.tku.edu.tw/course-themes.html,https://iclass.tku.edu.tw/course-themes,absolute-url
https://www.google-analytics.com,www.google-analytics.com,raw/iclass.tku.edu.tw/course-themes.html,https://iclass.tku.edu.tw/course-themes,absolute-url
https://iclass.tku.edu.tw/iportal,iclass.tku.edu.tw,raw/iclass.tku.edu.tw/course-themes.html,https://iclass.tku.edu.tw/course-themes,absolute-url
"https://tronclass.com.tw/public-manual/TronclassManual_System_Admin.pdf',",tronclass.com.tw,raw/iclass.tku.edu.tw/course-themes.html,https://iclass.tku.edu.tw/course-themes,absolute-url
"https://tronclass.com.tw/public-manual/TronclassManual_Administrator.pdf',",tronclass.com.tw,raw/iclass.tku.edu.tw/course-themes.html,https://iclass.tku.edu.tw/course-themes,absolute-url
"https://tronclass.com.tw/public-manual/manual-teacher.html',",tronclass.com.tw,raw/iclass.tku.edu.tw/course-themes.html,https://iclass.tku.edu.tw/course-themes,absolute-url
"https://tronclass.com.tw/public-manual/TronclassManual_Student.pdf',",tronclass.com.tw,raw/iclass.tku.edu.tw/course-themes.html,https://iclass.tku.edu.tw/course-themes,absolute-url
"https://tronclass.com.tw/public-manual/TronclassManual_App.pdf',",tronclass.com.tw,raw/iclass.tku.edu.tw/course-themes.html,https://iclass.tku.edu.tw/course-themes,absolute-url
https://support.tronclass.com',support.tronclass.com',raw/iclass.tku.edu.tw/course-themes.html,https://iclass.tku.edu.tw/course-themes,absolute-url
https://iclass.tku.edu.tw/market,iclass.tku.edu.tw,raw/iclass.tku.edu.tw/course-themes.html,https://iclass.tku.edu.tw/course-themes,absolute-url
https://www.youtube.com/iframe_api,www.youtube.com,raw/iclass.tku.edu.tw/course-themes.html,https://iclass.tku.edu.tw/course-themes,absolute-url
https://get.adobe.com/flashplayer/,get.adobe.com,raw/iclass.tku.edu.tw/course-themes.html,https://iclass.tku.edu.tw/course-themes,absolute-url
https://iclass.tku.edu.tw/,iclass.tku.edu.tw,raw/iclass.tku.edu.tw/course/index.html,https://iclass.tku.edu.tw/course/,absolute-url
https://www.googletagmanager.com/gtag/js,www.googletagmanager.com,raw/iclass.tku.edu.tw/course/index.html,https://iclass.tku.edu.tw/course/,absolute-url
https://github.com/OWASP/CheatSheetSeries/blob/master/cheatsheets/Clickjacking_Defense_Cheat_Sheet.md#best-for-now-legacy-browser-frame-breaking-script--,github.com,raw/iclass.tku.edu.tw/course/index.html,https://iclass.tku.edu.tw/course/,absolute-url
https://bam.nr-data.net,bam.nr-data.net,raw/iclass.tku.edu.tw/course/index.html,https://iclass.tku.edu.tw/course/,absolute-url
https://www.google-analytics.com,www.google-analytics.com,raw/iclass.tku.edu.tw/course/index.html,https://iclass.tku.edu.tw/course/,absolute-url
https://iclass.tku.edu.tw/iportal,iclass.tku.edu.tw,raw/iclass.tku.edu.tw/course/index.html,https://iclass.tku.edu.tw/course/,absolute-url
"https://tronclass.com.tw/public-manual/TronclassManual_System_Admin.pdf',",tronclass.com.tw,raw/iclass.tku.edu.tw/course/index.html,https://iclass.tku.edu.tw/course/,absolute-url
"https://tronclass.com.tw/public-manual/TronclassManual_Administrator.pdf',",tronclass.com.tw,raw/iclass.tku.edu.tw/course/index.html,https://iclass.tku.edu.tw/course/,absolute-url
"https://tronclass.com.tw/public-manual/manual-teacher.html',",tronclass.com.tw,raw/iclass.tku.edu.tw/course/index.html,https://iclass.tku.edu.tw/course/,absolute-url
"https://tronclass.com.tw/public-manual/TronclassManual_Student.pdf',",tronclass.com.tw,raw/iclass.tku.edu.tw/course/index.html,https://iclass.tku.edu.tw/course/,absolute-url
"https://tronclass.com.tw/public-manual/TronclassManual_App.pdf',",tronclass.com.tw,raw/iclass.tku.edu.tw/course/index.html,https://iclass.tku.edu.tw/course/,absolute-url
https://support.tronclass.com',support.tronclass.com',raw/iclass.tku.edu.tw/course/index.html,https://iclass.tku.edu.tw/course/,absolute-url
https://iclass.tku.edu.tw/market,iclass.tku.edu.tw,raw/iclass.tku.edu.tw/course/index.html,https://iclass.tku.edu.tw/course/,absolute-url
https://www.youtube.com/iframe_api,www.youtube.com,raw/iclass.tku.edu.tw/course/index.html,https://iclass.tku.edu.tw/course/,absolute-url
https://get.adobe.com/flashplayer/,get.adobe.com,raw/iclass.tku.edu.tw/course/index.html,https://iclass.tku.edu.tw/course/,absolute-url
https://iclass.tku.edu.tw/,iclass.tku.edu.tw,raw/iclass.tku.edu.tw/course/260584/avatarSmallUrl.html,https://iclass.tku.edu.tw/course/260584/avatarSmallUrl,absolute-url
https://www.googletagmanager.com/gtag/js,www.googletagmanager.com,raw/iclass.tku.edu.tw/course/260584/avatarSmallUrl.html,https://iclass.tku.edu.tw/course/260584/avatarSmallUrl,absolute-url
https://github.com/OWASP/CheatSheetSeries/blob/master/cheatsheets/Clickjacking_Defense_Cheat_Sheet.md#best-for-now-legacy-browser-frame-breaking-script--,github.com,raw/iclass.tku.edu.tw/course/260584/avatarSmallUrl.html,https://iclass.tku.edu.tw/course/260584/avatarSmallUrl,absolute-url
https://bam.nr-data.net,bam.nr-data.net,raw/iclass.tku.edu.tw/course/260584/avatarSmallUrl.html,https://iclass.tku.edu.tw/course/260584/avatarSmallUrl,absolute-url
https://www.google-analytics.com,www.google-analytics.com,raw/iclass.tku.edu.tw/course/260584/avatarSmallUrl.html,https://iclass.tku.edu.tw/course/260584/avatarSmallUrl,absolute-url
https://iclass.tku.edu.tw/iportal,iclass.tku.edu.tw,raw/iclass.tku.edu.tw/course/260584/avatarSmallUrl.html,https://iclass.tku.edu.tw/course/260584/avatarSmallUrl,absolute-url
"https://tronclass.com.tw/public-manual/TronclassManual_System_Admin.pdf',",tronclass.com.tw,raw/iclass.tku.edu.tw/course/260584/avatarSmallUrl.html,https://iclass.tku.edu.tw/course/260584/avatarSmallUrl,absolute-url
"https://tronclass.com.tw/public-manual/TronclassManual_Administrator.pdf',",tronclass.com.tw,raw/iclass.tku.edu.tw/course/260584/avatarSmallUrl.html,https://iclass.tku.edu.tw/course/260584/avatarSmallUrl,absolute-url
"https://tronclass.com.tw/public-manual/manual-teacher.html',",tronclass.com.tw,raw/iclass.tku.edu.tw/course/260584/avatarSmallUrl.html,https://iclass.tku.edu.tw/course/260584/avatarSmallUrl,absolute-url
"https://tronclass.com.tw/public-manual/TronclassManual_Student.pdf',",tronclass.com.tw,raw/iclass.tku.edu.tw/course/260584/avatarSmallUrl.html,https://iclass.tku.edu.tw/course/260584/avatarSmallUrl,absolute-url
"https://tronclass.com.tw/public-manual/TronclassManual_App.pdf',",tronclass.com.tw,raw/iclass.tku.edu.tw/course/260584/avatarSmallUrl.html,https://iclass.tku.edu.tw/course/260584/avatarSmallUrl,absolute-url
https://support.tronclass.com',support.tronclass.com',raw/iclass.tku.edu.tw/course/260584/avatarSmallUrl.html,https://iclass.tku.edu.tw/course/260584/avatarSmallUrl,absolute-url
https://iclass.tku.edu.tw/market,iclass.tku.edu.tw,raw/iclass.tku.edu.tw/course/260584/avatarSmallUrl.html,https://iclass.tku.edu.tw/course/260584/avatarSmallUrl,absolute-url
https://www.youtube.com/iframe_api,www.youtube.com,raw/iclass.tku.edu.tw/course/260584/avatarSmallUrl.html,https://iclass.tku.edu.tw/course/260584/avatarSmallUrl,absolute-url
https://get.adobe.com/flashplayer/,get.adobe.com,raw/iclass.tku.edu.tw/course/260584/avatarSmallUrl.html,https://iclass.tku.edu.tw/course/260584/avatarSmallUrl,absolute-url
https://iclass.tku.edu.tw/,iclass.tku.edu.tw,raw/iclass.tku.edu.tw/course/260584/bulletin.html,https://iclass.tku.edu.tw/course/260584/bulletin,absolute-url
https://www.googletagmanager.com/gtag/js,www.googletagmanager.com,raw/iclass.tku.edu.tw/course/260584/bulletin.html,https://iclass.tku.edu.tw/course/260584/bulletin,absolute-url
https://github.com/OWASP/CheatSheetSeries/blob/master/cheatsheets/Clickjacking_Defense_Cheat_Sheet.md#best-for-now-legacy-browser-frame-breaking-script--,github.com,raw/iclass.tku.edu.tw/course/260584/bulletin.html,https://iclass.tku.edu.tw/course/260584/bulletin,absolute-url
https://bam.nr-data.net,bam.nr-data.net,raw/iclass.tku.edu.tw/course/260584/bulletin.html,https://iclass.tku.edu.tw/course/260584/bulletin,absolute-url
https://www.google-analytics.com,www.google-analytics.com,raw/iclass.tku.edu.tw/course/260584/bulletin.html,https://iclass.tku.edu.tw/course/260584/bulletin,absolute-url
https://iclass.tku.edu.tw/iportal,iclass.tku.edu.tw,raw/iclass.tku.edu.tw/course/260584/bulletin.html,https://iclass.tku.edu.tw/course/260584/bulletin,absolute-url
"https://tronclass.com.tw/public-manual/TronclassManual_System_Admin.pdf',",tronclass.com.tw,raw/iclass.tku.edu.tw/course/260584/bulletin.html,https://iclass.tku.edu.tw/course/260584/bulletin,absolute-url
"https://tronclass.com.tw/public-manual/TronclassManual_Administrator.pdf',",tronclass.com.tw,raw/iclass.tku.edu.tw/course/260584/bulletin.html,https://iclass.tku.edu.tw/course/260584/bulletin,absolute-url
"https://tronclass.com.tw/public-manual/manual-teacher.html',",tronclass.com.tw,raw/iclass.tku.edu.tw/course/260584/bulletin.html,https://iclass.tku.edu.tw/course/260584/bulletin,absolute-url
"https://tronclass.com.tw/public-manual/TronclassManual_Student.pdf',",tronclass.com.tw,raw/iclass.tku.edu.tw/course/260584/bulletin.html,https://iclass.tku.edu.tw/course/260584/bulletin,absolute-url
"https://tronclass.com.tw/public-manual/TronclassManual_App.pdf',",tronclass.com.tw,raw/iclass.tku.edu.tw/course/260584/bulletin.html,https://iclass.tku.edu.tw/course/260584/bulletin,absolute-url
https://support.tronclass.com',support.tronclass.com',raw/iclass.tku.edu.tw/course/260584/bulletin.html,https://iclass.tku.edu.tw/course/260584/bulletin,absolute-url
https://iclass.tku.edu.tw/market,iclass.tku.edu.tw,raw/iclass.tku.edu.tw/course/260584/bulletin.html,https://iclass.tku.edu.tw/course/260584/bulletin,absolute-url
http://ap09.emis.tku.edu.tw/{expr}_{expr}/{expr}_{expr}_{expr}.PDF,ap09.emis.tku.edu.tw,raw/iclass.tku.edu.tw/course/260584/bulletin.html,https://iclass.tku.edu.tw/course/260584/bulletin,absolute-url
https://www.youtube.com/iframe_api,www.youtube.com,raw/iclass.tku.edu.tw/course/260584/bulletin.html,https://iclass.tku.edu.tw/course/260584/bulletin,absolute-url
https://get.adobe.com/flashplayer/,get.adobe.com,raw/iclass.tku.edu.tw/course/260584/bulletin.html,https://iclass.tku.edu.tw/course/260584/bulletin,absolute-url
https://iclass.tku.edu.tw/,iclass.tku.edu.tw,raw/iclass.tku.edu.tw/course/260584/classroom.html,https://iclass.tku.edu.tw/course/260584/classroom,absolute-url
https://www.googletagmanager.com/gtag/js,www.googletagmanager.com,raw/iclass.tku.edu.tw/course/260584/classroom.html,https://iclass.tku.edu.tw/course/260584/classroom,absolute-url
https://github.com/OWASP/CheatSheetSeries/blob/master/cheatsheets/Clickjacking_Defense_Cheat_Sheet.md#best-for-now-legacy-browser-frame-breaking-script--,github.com,raw/iclass.tku.edu.tw/course/260584/classroom.html,https://iclass.tku.edu.tw/course/260584/classroom,absolute-url
https://bam.nr-data.net,bam.nr-data.net,raw/iclass.tku.edu.tw/course/260584/classroom.html,https://iclass.tku.edu.tw/course/260584/classroom,absolute-url
https://www.google-analytics.com,www.google-analytics.com,raw/iclass.tku.edu.tw/course/260584/classroom.html,https://iclass.tku.edu.tw/course/260584/classroom,absolute-url
https://iclass.tku.edu.tw/iportal,iclass.tku.edu.tw,raw/iclass.tku.edu.tw/course/260584/classroom.html,https://iclass.tku.edu.tw/course/260584/classroom,absolute-url
"https://tronclass.com.tw/public-manual/TronclassManual_System_Admin.pdf',",tronclass.com.tw,raw/iclass.tku.edu.tw/course/260584/classroom.html,https://iclass.tku.edu.tw/course/260584/classroom,absolute-url
"https://tronclass.com.tw/public-manual/TronclassManual_Administrator.pdf',",tronclass.com.tw,raw/iclass.tku.edu.tw/course/260584/classroom.html,https://iclass.tku.edu.tw/course/260584/classroom,absolute-url
"https://tronclass.com.tw/public-manual/manual-teacher.html',",tronclass.com.tw,raw/iclass.tku.edu.tw/course/260584/classroom.html,https://iclass.tku.edu.tw/course/260584/classroom,absolute-url
"https://tronclass.com.tw/public-manual/TronclassManual_Student.pdf',",tronclass.com.tw,raw/iclass.tku.edu.tw/course/260584/classroom.html,https://iclass.tku.edu.tw/course/260584/classroom,absolute-url
"https://tronclass.com.tw/public-manual/TronclassManual_App.pdf',",tronclass.com.tw,raw/iclass.tku.edu.tw/course/260584/classroom.html,https://iclass.tku.edu.tw/course/260584/classroom,absolute-url
https://support.tronclass.com',support.tronclass.com',raw/iclass.tku.edu.tw/course/260584/classroom.html,https://iclass.tku.edu.tw/course/260584/classroom,absolute-url
https://iclass.tku.edu.tw/market,iclass.tku.edu.tw,raw/iclass.tku.edu.tw/course/260584/classroom.html,https://iclass.tku.edu.tw/course/260584/classroom,absolute-url
http://ap09.emis.tku.edu.tw/{expr}_{expr}/{expr}_{expr}_{expr}.PDF,ap09.emis.tku.edu.tw,raw/iclass.tku.edu.tw/course/260584/classroom.html,https://iclass.tku.edu.tw/course/260584/classroom,absolute-url
https://www.youtube.com/iframe_api,www.youtube.com,raw/iclass.tku.edu.tw/course/260584/classroom.html,https://iclass.tku.edu.tw/course/260584/classroom,absolute-url
https://get.adobe.com/flashplayer/,get.adobe.com,raw/iclass.tku.edu.tw/course/260584/classroom.html,https://iclass.tku.edu.tw/course/260584/classroom,absolute-url
https://iclass.tku.edu.tw/,iclass.tku.edu.tw,raw/iclass.tku.edu.tw/course/260584/content.html,https://iclass.tku.edu.tw/course/260584/content,absolute-url
https://www.googletagmanager.com/gtag/js,www.googletagmanager.com,raw/iclass.tku.edu.tw/course/260584/content.html,https://iclass.tku.edu.tw/course/260584/content,absolute-url
https://github.com/OWASP/CheatSheetSeries/blob/master/cheatsheets/Clickjacking_Defense_Cheat_Sheet.md#best-for-now-legacy-browser-frame-breaking-script--,github.com,raw/iclass.tku.edu.tw/course/260584/content.html,https://iclass.tku.edu.tw/course/260584/content,absolute-url
https://bam.nr-data.net,bam.nr-data.net,raw/iclass.tku.edu.tw/course/260584/content.html,https://iclass.tku.edu.tw/course/260584/content,absolute-url
https://www.google-analytics.com,www.google-analytics.com,raw/iclass.tku.edu.tw/course/260584/content.html,https://iclass.tku.edu.tw/course/260584/content,absolute-url
https://iclass.tku.edu.tw/iportal,iclass.tku.edu.tw,raw/iclass.tku.edu.tw/course/260584/content.html,https://iclass.tku.edu.tw/course/260584/content,absolute-url
"https://tronclass.com.tw/public-manual/TronclassManual_System_Admin.pdf',",tronclass.com.tw,raw/iclass.tku.edu.tw/course/260584/content.html,https://iclass.tku.edu.tw/course/260584/content,absolute-url
"https://tronclass.com.tw/public-manual/TronclassManual_Administrator.pdf',",tronclass.com.tw,raw/iclass.tku.edu.tw/course/260584/content.html,https://iclass.tku.edu.tw/course/260584/content,absolute-url
"https://tronclass.com.tw/public-manual/manual-teacher.html',",tronclass.com.tw,raw/iclass.tku.edu.tw/course/260584/content.html,https://iclass.tku.edu.tw/course/260584/content,absolute-url
"https://tronclass.com.tw/public-manual/TronclassManual_Student.pdf',",tronclass.com.tw,raw/iclass.tku.edu.tw/course/260584/content.html,https://iclass.tku.edu.tw/course/260584/content,absolute-url
"https://tronclass.com.tw/public-manual/TronclassManual_App.pdf',",tronclass.com.tw,raw/iclass.tku.edu.tw/course/260584/content.html,https://iclass.tku.edu.tw/course/260584/content,absolute-url
https://support.tronclass.com',support.tronclass.com',raw/iclass.tku.edu.tw/course/260584/content.html,https://iclass.tku.edu.tw/course/260584/content,absolute-url
https://iclass.tku.edu.tw/market,iclass.tku.edu.tw,raw/iclass.tku.edu.tw/course/260584/content.html,https://iclass.tku.edu.tw/course/260584/content,absolute-url
http://ap09.emis.tku.edu.tw/{expr}_{expr}/{expr}_{expr}_{expr}.PDF,ap09.emis.tku.edu.tw,raw/iclass.tku.edu.tw/course/260584/content.html,https://iclass.tku.edu.tw/course/260584/content,absolute-url
https://get.adobe.com/flashplayer/,get.adobe.com,raw/iclass.tku.edu.tw/course/260584/content.html,https://iclass.tku.edu.tw/course/260584/content,absolute-url
https://www.youtube.com/iframe_api,www.youtube.com,raw/iclass.tku.edu.tw/course/260584/content.html,https://iclass.tku.edu.tw/course/260584/content,absolute-url
https://iclass.tku.edu.tw/,iclass.tku.edu.tw,raw/iclass.tku.edu.tw/course/260584/courseware.html,https://iclass.tku.edu.tw/course/260584/courseware,absolute-url
https://www.googletagmanager.com/gtag/js,www.googletagmanager.com,raw/iclass.tku.edu.tw/course/260584/courseware.html,https://iclass.tku.edu.tw/course/260584/courseware,absolute-url
https://github.com/OWASP/CheatSheetSeries/blob/master/cheatsheets/Clickjacking_Defense_Cheat_Sheet.md#best-for-now-legacy-browser-frame-breaking-script--,github.com,raw/iclass.tku.edu.tw/course/260584/courseware.html,https://iclass.tku.edu.tw/course/260584/courseware,absolute-url
https://bam.nr-data.net,bam.nr-data.net,raw/iclass.tku.edu.tw/course/260584/courseware.html,https://iclass.tku.edu.tw/course/260584/courseware,absolute-url
https://www.google-analytics.com,www.google-analytics.com,raw/iclass.tku.edu.tw/course/260584/courseware.html,https://iclass.tku.edu.tw/course/260584/courseware,absolute-url
https://iclass.tku.edu.tw/iportal,iclass.tku.edu.tw,raw/iclass.tku.edu.tw/course/260584/courseware.html,https://iclass.tku.edu.tw/course/260584/courseware,absolute-url
"https://tronclass.com.tw/public-manual/TronclassManual_System_Admin.pdf',",tronclass.com.tw,raw/iclass.tku.edu.tw/course/260584/courseware.html,https://iclass.tku.edu.tw/course/260584/courseware,absolute-url
"https://tronclass.com.tw/public-manual/TronclassManual_Administrator.pdf',",tronclass.com.tw,raw/iclass.tku.edu.tw/course/260584/courseware.html,https://iclass.tku.edu.tw/course/260584/courseware,absolute-url
"https://tronclass.com.tw/public-manual/manual-teacher.html',",tronclass.com.tw,raw/iclass.tku.edu.tw/course/260584/courseware.html,https://iclass.tku.edu.tw/course/260584/courseware,absolute-url
"https://tronclass.com.tw/public-manual/TronclassManual_Student.pdf',",tronclass.com.tw,raw/iclass.tku.edu.tw/course/260584/courseware.html,https://iclass.tku.edu.tw/course/260584/courseware,absolute-url
"https://tronclass.com.tw/public-manual/TronclassManual_App.pdf',",tronclass.com.tw,raw/iclass.tku.edu.tw/course/260584/courseware.html,https://iclass.tku.edu.tw/course/260584/courseware,absolute-url
https://support.tronclass.com',support.tronclass.com',raw/iclass.tku.edu.tw/course/260584/courseware.html,https://iclass.tku.edu.tw/course/260584/courseware,absolute-url
https://iclass.tku.edu.tw/market,iclass.tku.edu.tw,raw/iclass.tku.edu.tw/course/260584/courseware.html,https://iclass.tku.edu.tw/course/260584/courseware,absolute-url
http://ap09.emis.tku.edu.tw/{expr}_{expr}/{expr}_{expr}_{expr}.PDF,ap09.emis.tku.edu.tw,raw/iclass.tku.edu.tw/course/260584/courseware.html,https://iclass.tku.edu.tw/course/260584/courseware,absolute-url
https://get.adobe.com/flashplayer/,get.adobe.com,raw/iclass.tku.edu.tw/course/260584/courseware.html,https://iclass.tku.edu.tw/course/260584/courseware,absolute-url
https://www.youtube.com/iframe_api,www.youtube.com,raw/iclass.tku.edu.tw/course/260584/courseware.html,https://iclass.tku.edu.tw/course/260584/courseware,absolute-url
https://iclass.tku.edu.tw/,iclass.tku.edu.tw,raw/iclass.tku.edu.tw/course/260584/enrollments.html,https://iclass.tku.edu.tw/course/260584/enrollments,absolute-url
https://www.googletagmanager.com/gtag/js,www.googletagmanager.com,raw/iclass.tku.edu.tw/course/260584/enrollments.html,https://iclass.tku.edu.tw/course/260584/enrollments,absolute-url
https://github.com/OWASP/CheatSheetSeries/blob/master/cheatsheets/Clickjacking_Defense_Cheat_Sheet.md#best-for-now-legacy-browser-frame-breaking-script--,github.com,raw/iclass.tku.edu.tw/course/260584/enrollments.html,https://iclass.tku.edu.tw/course/260584/enrollments,absolute-url
https://bam.nr-data.net,bam.nr-data.net,raw/iclass.tku.edu.tw/course/260584/enrollments.html,https://iclass.tku.edu.tw/course/260584/enrollments,absolute-url
https://www.google-analytics.com,www.google-analytics.com,raw/iclass.tku.edu.tw/course/260584/enrollments.html,https://iclass.tku.edu.tw/course/260584/enrollments,absolute-url
https://iclass.tku.edu.tw/iportal,iclass.tku.edu.tw,raw/iclass.tku.edu.tw/course/260584/enrollments.html,https://iclass.tku.edu.tw/course/260584/enrollments,absolute-url
"https://tronclass.com.tw/public-manual/TronclassManual_System_Admin.pdf',",tronclass.com.tw,raw/iclass.tku.edu.tw/course/260584/enrollments.html,https://iclass.tku.edu.tw/course/260584/enrollments,absolute-url
"https://tronclass.com.tw/public-manual/TronclassManual_Administrator.pdf',",tronclass.com.tw,raw/iclass.tku.edu.tw/course/260584/enrollments.html,https://iclass.tku.edu.tw/course/260584/enrollments,absolute-url
"https://tronclass.com.tw/public-manual/manual-teacher.html',",tronclass.com.tw,raw/iclass.tku.edu.tw/course/260584/enrollments.html,https://iclass.tku.edu.tw/course/260584/enrollments,absolute-url
"https://tronclass.com.tw/public-manual/TronclassManual_Student.pdf',",tronclass.com.tw,raw/iclass.tku.edu.tw/course/260584/enrollments.html,https://iclass.tku.edu.tw/course/260584/enrollments,absolute-url
"https://tronclass.com.tw/public-manual/TronclassManual_App.pdf',",tronclass.com.tw,raw/iclass.tku.edu.tw/course/260584/enrollments.html,https://iclass.tku.edu.tw/course/260584/enrollments,absolute-url
https://support.tronclass.com',support.tronclass.com',raw/iclass.tku.edu.tw/course/260584/enrollments.html,https://iclass.tku.edu.tw/course/260584/enrollments,absolute-url
https://iclass.tku.edu.tw/market,iclass.tku.edu.tw,raw/iclass.tku.edu.tw/course/260584/enrollments.html,https://iclass.tku.edu.tw/course/260584/enrollments,absolute-url
http://ap09.emis.tku.edu.tw/{expr}_{expr}/{expr}_{expr}_{expr}.PDF,ap09.emis.tku.edu.tw,raw/iclass.tku.edu.tw/course/260584/enrollments.html,https://iclass.tku.edu.tw/course/260584/enrollments,absolute-url
https://www.youtube.com/iframe_api,www.youtube.com,raw/iclass.tku.edu.tw/course/260584/enrollments.html,https://iclass.tku.edu.tw/course/260584/enrollments,absolute-url
https://get.adobe.com/flashplayer/,get.adobe.com,raw/iclass.tku.edu.tw/course/260584/enrollments.html,https://iclass.tku.edu.tw/course/260584/enrollments,absolute-url
https://iclass.tku.edu.tw/,iclass.tku.edu.tw,raw/iclass.tku.edu.tw/course/260584/exam.html,https://iclass.tku.edu.tw/course/260584/exam,absolute-url
https://www.googletagmanager.com/gtag/js,www.googletagmanager.com,raw/iclass.tku.edu.tw/course/260584/exam.html,https://iclass.tku.edu.tw/course/260584/exam,absolute-url
https://github.com/OWASP/CheatSheetSeries/blob/master/cheatsheets/Clickjacking_Defense_Cheat_Sheet.md#best-for-now-legacy-browser-frame-breaking-script--,github.com,raw/iclass.tku.edu.tw/course/260584/exam.html,https://iclass.tku.edu.tw/course/260584/exam,absolute-url
https://bam.nr-data.net,bam.nr-data.net,raw/iclass.tku.edu.tw/course/260584/exam.html,https://iclass.tku.edu.tw/course/260584/exam,absolute-url
https://www.google-analytics.com,www.google-analytics.com,raw/iclass.tku.edu.tw/course/260584/exam.html,https://iclass.tku.edu.tw/course/260584/exam,absolute-url
https://iclass.tku.edu.tw/iportal,iclass.tku.edu.tw,raw/iclass.tku.edu.tw/course/260584/exam.html,https://iclass.tku.edu.tw/course/260584/exam,absolute-url
"https://tronclass.com.tw/public-manual/TronclassManual_System_Admin.pdf',",tronclass.com.tw,raw/iclass.tku.edu.tw/course/260584/exam.html,https://iclass.tku.edu.tw/course/260584/exam,absolute-url
"https://tronclass.com.tw/public-manual/TronclassManual_Administrator.pdf',",tronclass.com.tw,raw/iclass.tku.edu.tw/course/260584/exam.html,https://iclass.tku.edu.tw/course/260584/exam,absolute-url
"https://tronclass.com.tw/public-manual/manual-teacher.html',",tronclass.com.tw,raw/iclass.tku.edu.tw/course/260584/exam.html,https://iclass.tku.edu.tw/course/260584/exam,absolute-url
"https://tronclass.com.tw/public-manual/TronclassManual_Student.pdf',",tronclass.com.tw,raw/iclass.tku.edu.tw/course/260584/exam.html,https://iclass.tku.edu.tw/course/260584/exam,absolute-url
"https://tronclass.com.tw/public-manual/TronclassManual_App.pdf',",tronclass.com.tw,raw/iclass.tku.edu.tw/course/260584/exam.html,https://iclass.tku.edu.tw/course/260584/exam,absolute-url
https://support.tronclass.com',support.tronclass.com',raw/iclass.tku.edu.tw/course/260584/exam.html,https://iclass.tku.edu.tw/course/260584/exam,absolute-url
https://iclass.tku.edu.tw/market,iclass.tku.edu.tw,raw/iclass.tku.edu.tw/course/260584/exam.html,https://iclass.tku.edu.tw/course/260584/exam,absolute-url
http://ap09.emis.tku.edu.tw/{expr}_{expr}/{expr}_{expr}_{expr}.PDF,ap09.emis.tku.edu.tw,raw/iclass.tku.edu.tw/course/260584/exam.html,https://iclass.tku.edu.tw/course/260584/exam,absolute-url
https://www.youtube.com/iframe_api,www.youtube.com,raw/iclass.tku.edu.tw/course/260584/exam.html,https://iclass.tku.edu.tw/course/260584/exam,absolute-url
https://get.adobe.com/flashplayer/,get.adobe.com,raw/iclass.tku.edu.tw/course/260584/exam.html,https://iclass.tku.edu.tw/course/260584/exam,absolute-url
https://iclass.tku.edu.tw/,iclass.tku.edu.tw,raw/iclass.tku.edu.tw/course/260584/forum.html,https://iclass.tku.edu.tw/course/260584/forum,absolute-url
https://www.googletagmanager.com/gtag/js,www.googletagmanager.com,raw/iclass.tku.edu.tw/course/260584/forum.html,https://iclass.tku.edu.tw/course/260584/forum,absolute-url
https://github.com/OWASP/CheatSheetSeries/blob/master/cheatsheets/Clickjacking_Defense_Cheat_Sheet.md#best-for-now-legacy-browser-frame-breaking-script--,github.com,raw/iclass.tku.edu.tw/course/260584/forum.html,https://iclass.tku.edu.tw/course/260584/forum,absolute-url
https://bam.nr-data.net,bam.nr-data.net,raw/iclass.tku.edu.tw/course/260584/forum.html,https://iclass.tku.edu.tw/course/260584/forum,absolute-url
https://www.google-analytics.com,www.google-analytics.com,raw/iclass.tku.edu.tw/course/260584/forum.html,https://iclass.tku.edu.tw/course/260584/forum,absolute-url
https://iclass.tku.edu.tw/iportal,iclass.tku.edu.tw,raw/iclass.tku.edu.tw/course/260584/forum.html,https://iclass.tku.edu.tw/course/260584/forum,absolute-url
"https://tronclass.com.tw/public-manual/TronclassManual_System_Admin.pdf',",tronclass.com.tw,raw/iclass.tku.edu.tw/course/260584/forum.html,https://iclass.tku.edu.tw/course/260584/forum,absolute-url
"https://tronclass.com.tw/public-manual/TronclassManual_Administrator.pdf',",tronclass.com.tw,raw/iclass.tku.edu.tw/course/260584/forum.html,https://iclass.tku.edu.tw/course/260584/forum,absolute-url
"https://tronclass.com.tw/public-manual/manual-teacher.html',",tronclass.com.tw,raw/iclass.tku.edu.tw/course/260584/forum.html,https://iclass.tku.edu.tw/course/260584/forum,absolute-url
"https://tronclass.com.tw/public-manual/TronclassManual_Student.pdf',",tronclass.com.tw,raw/iclass.tku.edu.tw/course/260584/forum.html,https://iclass.tku.edu.tw/course/260584/forum,absolute-url
"https://tronclass.com.tw/public-manual/TronclassManual_App.pdf',",tronclass.com.tw,raw/iclass.tku.edu.tw/course/260584/forum.html,https://iclass.tku.edu.tw/course/260584/forum,absolute-url
https://support.tronclass.com',support.tronclass.com',raw/iclass.tku.edu.tw/course/260584/forum.html,https://iclass.tku.edu.tw/course/260584/forum,absolute-url
https://iclass.tku.edu.tw/market,iclass.tku.edu.tw,raw/iclass.tku.edu.tw/course/260584/forum.html,https://iclass.tku.edu.tw/course/260584/forum,absolute-url
http://ap09.emis.tku.edu.tw/{expr}_{expr}/{expr}_{expr}_{expr}.PDF,ap09.emis.tku.edu.tw,raw/iclass.tku.edu.tw/course/260584/forum.html,https://iclass.tku.edu.tw/course/260584/forum,absolute-url
http://www.w3.org/{id}/html,www.w3.org,raw/iclass.tku.edu.tw/course/260584/forum.html,https://iclass.tku.edu.tw/course/260584/forum,absolute-url
https://www.youtube.com/iframe_api,www.youtube.com,raw/iclass.tku.edu.tw/course/260584/forum.html,https://iclass.tku.edu.tw/course/260584/forum,absolute-url
https://get.adobe.com/flashplayer/,get.adobe.com,raw/iclass.tku.edu.tw/course/260584/forum.html,https://iclass.tku.edu.tw/course/260584/forum,absolute-url
https://iclass.tku.edu.tw/,iclass.tku.edu.tw,raw/iclass.tku.edu.tw/course/260584/group-set.html,https://iclass.tku.edu.tw/course/260584/group-set,absolute-url
https://www.googletagmanager.com/gtag/js,www.googletagmanager.com,raw/iclass.tku.edu.tw/course/260584/group-set.html,https://iclass.tku.edu.tw/course/260584/group-set,absolute-url
https://github.com/OWASP/CheatSheetSeries/blob/master/cheatsheets/Clickjacking_Defense_Cheat_Sheet.md#best-for-now-legacy-browser-frame-breaking-script--,github.com,raw/iclass.tku.edu.tw/course/260584/group-set.html,https://iclass.tku.edu.tw/course/260584/group-set,absolute-url
https://bam.nr-data.net,bam.nr-data.net,raw/iclass.tku.edu.tw/course/260584/group-set.html,https://iclass.tku.edu.tw/course/260584/group-set,absolute-url
https://www.google-analytics.com,www.google-analytics.com,raw/iclass.tku.edu.tw/course/260584/group-set.html,https://iclass.tku.edu.tw/course/260584/group-set,absolute-url
https://iclass.tku.edu.tw/iportal,iclass.tku.edu.tw,raw/iclass.tku.edu.tw/course/260584/group-set.html,https://iclass.tku.edu.tw/course/260584/group-set,absolute-url
"https://tronclass.com.tw/public-manual/TronclassManual_System_Admin.pdf',",tronclass.com.tw,raw/iclass.tku.edu.tw/course/260584/group-set.html,https://iclass.tku.edu.tw/course/260584/group-set,absolute-url
"https://tronclass.com.tw/public-manual/TronclassManual_Administrator.pdf',",tronclass.com.tw,raw/iclass.tku.edu.tw/course/260584/group-set.html,https://iclass.tku.edu.tw/course/260584/group-set,absolute-url
"https://tronclass.com.tw/public-manual/manual-teacher.html',",tronclass.com.tw,raw/iclass.tku.edu.tw/course/260584/group-set.html,https://iclass.tku.edu.tw/course/260584/group-set,absolute-url
"https://tronclass.com.tw/public-manual/TronclassManual_Student.pdf',",tronclass.com.tw,raw/iclass.tku.edu.tw/course/260584/group-set.html,https://iclass.tku.edu.tw/course/260584/group-set,absolute-url
"https://tronclass.com.tw/public-manual/TronclassManual_App.pdf',",tronclass.com.tw,raw/iclass.tku.edu.tw/course/260584/group-set.html,https://iclass.tku.edu.tw/course/260584/group-set,absolute-url
https://support.tronclass.com',support.tronclass.com',raw/iclass.tku.edu.tw/course/260584/group-set.html,https://iclass.tku.edu.tw/course/260584/group-set,absolute-url
https://iclass.tku.edu.tw/market,iclass.tku.edu.tw,raw/iclass.tku.edu.tw/course/260584/group-set.html,https://iclass.tku.edu.tw/course/260584/group-set,absolute-url
http://ap09.emis.tku.edu.tw/{expr}_{expr}/{expr}_{expr}_{expr}.PDF,ap09.emis.tku.edu.tw,raw/iclass.tku.edu.tw/course/260584/group-set.html,https://iclass.tku.edu.tw/course/260584/group-set,absolute-url
http://www.w3.org/{id}/html,www.w3.org,raw/iclass.tku.edu.tw/course/260584/group-set.html,https://iclass.tku.edu.tw/course/260584/group-set,absolute-url
https://www.youtube.com/iframe_api,www.youtube.com,raw/iclass.tku.edu.tw/course/260584/group-set.html,https://iclass.tku.edu.tw/course/260584/group-set,absolute-url
https://get.adobe.com/flashplayer/,get.adobe.com,raw/iclass.tku.edu.tw/course/260584/group-set.html,https://iclass.tku.edu.tw/course/260584/group-set,absolute-url
https://iclass.tku.edu.tw/,iclass.tku.edu.tw,raw/iclass.tku.edu.tw/course/260584/homework.html,https://iclass.tku.edu.tw/course/260584/homework,absolute-url
https://www.googletagmanager.com/gtag/js,www.googletagmanager.com,raw/iclass.tku.edu.tw/course/260584/homework.html,https://iclass.tku.edu.tw/course/260584/homework,absolute-url
https://github.com/OWASP/CheatSheetSeries/blob/master/cheatsheets/Clickjacking_Defense_Cheat_Sheet.md#best-for-now-legacy-browser-frame-breaking-script--,github.com,raw/iclass.tku.edu.tw/course/260584/homework.html,https://iclass.tku.edu.tw/course/260584/homework,absolute-url
https://bam.nr-data.net,bam.nr-data.net,raw/iclass.tku.edu.tw/course/260584/homework.html,https://iclass.tku.edu.tw/course/260584/homework,absolute-url
https://www.google-analytics.com,www.google-analytics.com,raw/iclass.tku.edu.tw/course/260584/homework.html,https://iclass.tku.edu.tw/course/260584/homework,absolute-url
https://iclass.tku.edu.tw/iportal,iclass.tku.edu.tw,raw/iclass.tku.edu.tw/course/260584/homework.html,https://iclass.tku.edu.tw/course/260584/homework,absolute-url
"https://tronclass.com.tw/public-manual/TronclassManual_System_Admin.pdf',",tronclass.com.tw,raw/iclass.tku.edu.tw/course/260584/homework.html,https://iclass.tku.edu.tw/course/260584/homework,absolute-url
"https://tronclass.com.tw/public-manual/TronclassManual_Administrator.pdf',",tronclass.com.tw,raw/iclass.tku.edu.tw/course/260584/homework.html,https://iclass.tku.edu.tw/course/260584/homework,absolute-url
"https://tronclass.com.tw/public-manual/manual-teacher.html',",tronclass.com.tw,raw/iclass.tku.edu.tw/course/260584/homework.html,https://iclass.tku.edu.tw/course/260584/homework,absolute-url
"https://tronclass.com.tw/public-manual/TronclassManual_Student.pdf',",tronclass.com.tw,raw/iclass.tku.edu.tw/course/260584/homework.html,https://iclass.tku.edu.tw/course/260584/homework,absolute-url
"https://tronclass.com.tw/public-manual/TronclassManual_App.pdf',",tronclass.com.tw,raw/iclass.tku.edu.tw/course/260584/homework.html,https://iclass.tku.edu.tw/course/260584/homework,absolute-url
https://support.tronclass.com',support.tronclass.com',raw/iclass.tku.edu.tw/course/260584/homework.html,https://iclass.tku.edu.tw/course/260584/homework,absolute-url
https://iclass.tku.edu.tw/market,iclass.tku.edu.tw,raw/iclass.tku.edu.tw/course/260584/homework.html,https://iclass.tku.edu.tw/course/260584/homework,absolute-url
http://ap09.emis.tku.edu.tw/{expr}_{expr}/{expr}_{expr}_{expr}.PDF,ap09.emis.tku.edu.tw,raw/iclass.tku.edu.tw/course/260584/homework.html,https://iclass.tku.edu.tw/course/260584/homework,absolute-url
https://www.youtube.com/iframe_api,www.youtube.com,raw/iclass.tku.edu.tw/course/260584/homework.html,https://iclass.tku.edu.tw/course/260584/homework,absolute-url
https://get.adobe.com/flashplayer/,get.adobe.com,raw/iclass.tku.edu.tw/course/260584/homework.html,https://iclass.tku.edu.tw/course/260584/homework,absolute-url
https://iclass.tku.edu.tw/,iclass.tku.edu.tw,raw/iclass.tku.edu.tw/course/260584/lesson_resource_url.html,https://iclass.tku.edu.tw/course/260584/lesson_resource_url,absolute-url
https://www.googletagmanager.com/gtag/js,www.googletagmanager.com,raw/iclass.tku.edu.tw/course/260584/lesson_resource_url.html,https://iclass.tku.edu.tw/course/260584/lesson_resource_url,absolute-url
https://github.com/OWASP/CheatSheetSeries/blob/master/cheatsheets/Clickjacking_Defense_Cheat_Sheet.md#best-for-now-legacy-browser-frame-breaking-script--,github.com,raw/iclass.tku.edu.tw/course/260584/lesson_resource_url.html,https://iclass.tku.edu.tw/course/260584/lesson_resource_url,absolute-url
https://bam.nr-data.net,bam.nr-data.net,raw/iclass.tku.edu.tw/course/260584/lesson_resource_url.html,https://iclass.tku.edu.tw/course/260584/lesson_resource_url,absolute-url
https://www.google-analytics.com,www.google-analytics.com,raw/iclass.tku.edu.tw/course/260584/lesson_resource_url.html,https://iclass.tku.edu.tw/course/260584/lesson_resource_url,absolute-url
https://iclass.tku.edu.tw/iportal,iclass.tku.edu.tw,raw/iclass.tku.edu.tw/course/260584/lesson_resource_url.html,https://iclass.tku.edu.tw/course/260584/lesson_resource_url,absolute-url
"https://tronclass.com.tw/public-manual/TronclassManual_System_Admin.pdf',",tronclass.com.tw,raw/iclass.tku.edu.tw/course/260584/lesson_resource_url.html,https://iclass.tku.edu.tw/course/260584/lesson_resource_url,absolute-url
"https://tronclass.com.tw/public-manual/TronclassManual_Administrator.pdf',",tronclass.com.tw,raw/iclass.tku.edu.tw/course/260584/lesson_resource_url.html,https://iclass.tku.edu.tw/course/260584/lesson_resource_url,absolute-url
"https://tronclass.com.tw/public-manual/manual-teacher.html',",tronclass.com.tw,raw/iclass.tku.edu.tw/course/260584/lesson_resource_url.html,https://iclass.tku.edu.tw/course/260584/lesson_resource_url,absolute-url
"https://tronclass.com.tw/public-manual/TronclassManual_Student.pdf',",tronclass.com.tw,raw/iclass.tku.edu.tw/course/260584/lesson_resource_url.html,https://iclass.tku.edu.tw/course/260584/lesson_resource_url,absolute-url
"https://tronclass.com.tw/public-manual/TronclassManual_App.pdf',",tronclass.com.tw,raw/iclass.tku.edu.tw/course/260584/lesson_resource_url.html,https://iclass.tku.edu.tw/course/260584/lesson_resource_url,absolute-url
https://support.tronclass.com',support.tronclass.com',raw/iclass.tku.edu.tw/course/260584/lesson_resource_url.html,https://iclass.tku.edu.tw/course/260584/lesson_resource_url,absolute-url
https://iclass.tku.edu.tw/market,iclass.tku.edu.tw,raw/iclass.tku.edu.tw/course/260584/lesson_resource_url.html,https://iclass.tku.edu.tw/course/260584/lesson_resource_url,absolute-url
https://www.youtube.com/iframe_api,www.youtube.com,raw/iclass.tku.edu.tw/course/260584/lesson_resource_url.html,https://iclass.tku.edu.tw/course/260584/lesson_resource_url,absolute-url
https://get.adobe.com/flashplayer/,get.adobe.com,raw/iclass.tku.edu.tw/course/260584/lesson_resource_url.html,https://iclass.tku.edu.tw/course/260584/lesson_resource_url,absolute-url
https://iclass.tku.edu.tw/,iclass.tku.edu.tw,raw/iclass.tku.edu.tw/course/260584/live-activities.html,https://iclass.tku.edu.tw/course/260584/live-activities,absolute-url
https://www.googletagmanager.com/gtag/js,www.googletagmanager.com,raw/iclass.tku.edu.tw/course/260584/live-activities.html,https://iclass.tku.edu.tw/course/260584/live-activities,absolute-url
https://github.com/OWASP/CheatSheetSeries/blob/master/cheatsheets/Clickjacking_Defense_Cheat_Sheet.md#best-for-now-legacy-browser-frame-breaking-script--,github.com,raw/iclass.tku.edu.tw/course/260584/live-activities.html,https://iclass.tku.edu.tw/course/260584/live-activities,absolute-url
https://bam.nr-data.net,bam.nr-data.net,raw/iclass.tku.edu.tw/course/260584/live-activities.html,https://iclass.tku.edu.tw/course/260584/live-activities,absolute-url
https://www.google-analytics.com,www.google-analytics.com,raw/iclass.tku.edu.tw/course/260584/live-activities.html,https://iclass.tku.edu.tw/course/260584/live-activities,absolute-url
https://iclass.tku.edu.tw/iportal,iclass.tku.edu.tw,raw/iclass.tku.edu.tw/course/260584/live-activities.html,https://iclass.tku.edu.tw/course/260584/live-activities,absolute-url
"https://tronclass.com.tw/public-manual/TronclassManual_System_Admin.pdf',",tronclass.com.tw,raw/iclass.tku.edu.tw/course/260584/live-activities.html,https://iclass.tku.edu.tw/course/260584/live-activities,absolute-url
"https://tronclass.com.tw/public-manual/TronclassManual_Administrator.pdf',",tronclass.com.tw,raw/iclass.tku.edu.tw/course/260584/live-activities.html,https://iclass.tku.edu.tw/course/260584/live-activities,absolute-url
"https://tronclass.com.tw/public-manual/manual-teacher.html',",tronclass.com.tw,raw/iclass.tku.edu.tw/course/260584/live-activities.html,https://iclass.tku.edu.tw/course/260584/live-activities,absolute-url
"https://tronclass.com.tw/public-manual/TronclassManual_Student.pdf',",tronclass.com.tw,raw/iclass.tku.edu.tw/course/260584/live-activities.html,https://iclass.tku.edu.tw/course/260584/live-activities,absolute-url
"https://tronclass.com.tw/public-manual/TronclassManual_App.pdf',",tronclass.com.tw,raw/iclass.tku.edu.tw/course/260584/live-activities.html,https://iclass.tku.edu.tw/course/260584/live-activities,absolute-url
https://support.tronclass.com',support.tronclass.com',raw/iclass.tku.edu.tw/course/260584/live-activities.html,https://iclass.tku.edu.tw/course/260584/live-activities,absolute-url
https://iclass.tku.edu.tw/market,iclass.tku.edu.tw,raw/iclass.tku.edu.tw/course/260584/live-activities.html,https://iclass.tku.edu.tw/course/260584/live-activities,absolute-url
http://ap09.emis.tku.edu.tw/{expr}_{expr}/{expr}_{expr}_{expr}.PDF,ap09.emis.tku.edu.tw,raw/iclass.tku.edu.tw/course/260584/live-activities.html,https://iclass.tku.edu.tw/course/260584/live-activities,absolute-url
https://www.youtube.com/iframe_api,www.youtube.com,raw/iclass.tku.edu.tw/course/260584/live-activities.html,https://iclass.tku.edu.tw/course/260584/live-activities,absolute-url
https://get.adobe.com/flashplayer/,get.adobe.com,raw/iclass.tku.edu.tw/course/260584/live-activities.html,https://iclass.tku.edu.tw/course/260584/live-activities,absolute-url
https://iclass.tku.edu.tw/,iclass.tku.edu.tw,raw/iclass.tku.edu.tw/course/260584/manualUrl.html,https://iclass.tku.edu.tw/course/260584/manualUrl,absolute-url
https://www.googletagmanager.com/gtag/js,www.googletagmanager.com,raw/iclass.tku.edu.tw/course/260584/manualUrl.html,https://iclass.tku.edu.tw/course/260584/manualUrl,absolute-url
https://github.com/OWASP/CheatSheetSeries/blob/master/cheatsheets/Clickjacking_Defense_Cheat_Sheet.md#best-for-now-legacy-browser-frame-breaking-script--,github.com,raw/iclass.tku.edu.tw/course/260584/manualUrl.html,https://iclass.tku.edu.tw/course/260584/manualUrl,absolute-url
https://bam.nr-data.net,bam.nr-data.net,raw/iclass.tku.edu.tw/course/260584/manualUrl.html,https://iclass.tku.edu.tw/course/260584/manualUrl,absolute-url
https://www.google-analytics.com,www.google-analytics.com,raw/iclass.tku.edu.tw/course/260584/manualUrl.html,https://iclass.tku.edu.tw/course/260584/manualUrl,absolute-url
https://iclass.tku.edu.tw/iportal,iclass.tku.edu.tw,raw/iclass.tku.edu.tw/course/260584/manualUrl.html,https://iclass.tku.edu.tw/course/260584/manualUrl,absolute-url
"https://tronclass.com.tw/public-manual/TronclassManual_System_Admin.pdf',",tronclass.com.tw,raw/iclass.tku.edu.tw/course/260584/manualUrl.html,https://iclass.tku.edu.tw/course/260584/manualUrl,absolute-url
"https://tronclass.com.tw/public-manual/TronclassManual_Administrator.pdf',",tronclass.com.tw,raw/iclass.tku.edu.tw/course/260584/manualUrl.html,https://iclass.tku.edu.tw/course/260584/manualUrl,absolute-url
"https://tronclass.com.tw/public-manual/manual-teacher.html',",tronclass.com.tw,raw/iclass.tku.edu.tw/course/260584/manualUrl.html,https://iclass.tku.edu.tw/course/260584/manualUrl,absolute-url
"https://tronclass.com.tw/public-manual/TronclassManual_Student.pdf',",tronclass.com.tw,raw/iclass.tku.edu.tw/course/260584/manualUrl.html,https://iclass.tku.edu.tw/course/260584/manualUrl,absolute-url
"https://tronclass.com.tw/public-manual/TronclassManual_App.pdf',",tronclass.com.tw,raw/iclass.tku.edu.tw/course/260584/manualUrl.html,https://iclass.tku.edu.tw/course/260584/manualUrl,absolute-url
https://support.tronclass.com',support.tronclass.com',raw/iclass.tku.edu.tw/course/260584/manualUrl.html,https://iclass.tku.edu.tw/course/260584/manualUrl,absolute-url
https://iclass.tku.edu.tw/market,iclass.tku.edu.tw,raw/iclass.tku.edu.tw/course/260584/manualUrl.html,https://iclass.tku.edu.tw/course/260584/manualUrl,absolute-url
https://www.youtube.com/iframe_api,www.youtube.com,raw/iclass.tku.edu.tw/course/260584/manualUrl.html,https://iclass.tku.edu.tw/course/260584/manualUrl,absolute-url
https://get.adobe.com/flashplayer/,get.adobe.com,raw/iclass.tku.edu.tw/course/260584/manualUrl.html,https://iclass.tku.edu.tw/course/260584/manualUrl,absolute-url
https://iclass.tku.edu.tw/,iclass.tku.edu.tw,raw/iclass.tku.edu.tw/course/260584/my-stat.html,https://iclass.tku.edu.tw/course/260584/my-stat,absolute-url
https://www.googletagmanager.com/gtag/js,www.googletagmanager.com,raw/iclass.tku.edu.tw/course/260584/my-stat.html,https://iclass.tku.edu.tw/course/260584/my-stat,absolute-url
https://github.com/OWASP/CheatSheetSeries/blob/master/cheatsheets/Clickjacking_Defense_Cheat_Sheet.md#best-for-now-legacy-browser-frame-breaking-script--,github.com,raw/iclass.tku.edu.tw/course/260584/my-stat.html,https://iclass.tku.edu.tw/course/260584/my-stat,absolute-url
https://bam.nr-data.net,bam.nr-data.net,raw/iclass.tku.edu.tw/course/260584/my-stat.html,https://iclass.tku.edu.tw/course/260584/my-stat,absolute-url
https://www.google-analytics.com,www.google-analytics.com,raw/iclass.tku.edu.tw/course/260584/my-stat.html,https://iclass.tku.edu.tw/course/260584/my-stat,absolute-url
https://iclass.tku.edu.tw/iportal,iclass.tku.edu.tw,raw/iclass.tku.edu.tw/course/260584/my-stat.html,https://iclass.tku.edu.tw/course/260584/my-stat,absolute-url
"https://tronclass.com.tw/public-manual/TronclassManual_System_Admin.pdf',",tronclass.com.tw,raw/iclass.tku.edu.tw/course/260584/my-stat.html,https://iclass.tku.edu.tw/course/260584/my-stat,absolute-url
"https://tronclass.com.tw/public-manual/TronclassManual_Administrator.pdf',",tronclass.com.tw,raw/iclass.tku.edu.tw/course/260584/my-stat.html,https://iclass.tku.edu.tw/course/260584/my-stat,absolute-url
"https://tronclass.com.tw/public-manual/manual-teacher.html',",tronclass.com.tw,raw/iclass.tku.edu.tw/course/260584/my-stat.html,https://iclass.tku.edu.tw/course/260584/my-stat,absolute-url
"https://tronclass.com.tw/public-manual/TronclassManual_Student.pdf',",tronclass.com.tw,raw/iclass.tku.edu.tw/course/260584/my-stat.html,https://iclass.tku.edu.tw/course/260584/my-stat,absolute-url
"https://tronclass.com.tw/public-manual/TronclassManual_App.pdf',",tronclass.com.tw,raw/iclass.tku.edu.tw/course/260584/my-stat.html,https://iclass.tku.edu.tw/course/260584/my-stat,absolute-url
https://support.tronclass.com',support.tronclass.com',raw/iclass.tku.edu.tw/course/260584/my-stat.html,https://iclass.tku.edu.tw/course/260584/my-stat,absolute-url
https://iclass.tku.edu.tw/market,iclass.tku.edu.tw,raw/iclass.tku.edu.tw/course/260584/my-stat.html,https://iclass.tku.edu.tw/course/260584/my-stat,absolute-url
http://ap09.emis.tku.edu.tw/{expr}_{expr}/{expr}_{expr}_{expr}.PDF,ap09.emis.tku.edu.tw,raw/iclass.tku.edu.tw/course/260584/my-stat.html,https://iclass.tku.edu.tw/course/260584/my-stat,absolute-url
https://www.youtube.com/iframe_api,www.youtube.com,raw/iclass.tku.edu.tw/course/260584/my-stat.html,https://iclass.tku.edu.tw/course/260584/my-stat,absolute-url
https://get.adobe.com/flashplayer/,get.adobe.com,raw/iclass.tku.edu.tw/course/260584/my-stat.html,https://iclass.tku.edu.tw/course/260584/my-stat,absolute-url
https://iclass.tku.edu.tw/,iclass.tku.edu.tw,raw/iclass.tku.edu.tw/course/260584/note.html,https://iclass.tku.edu.tw/course/260584/note,absolute-url
https://www.googletagmanager.com/gtag/js,www.googletagmanager.com,raw/iclass.tku.edu.tw/course/260584/note.html,https://iclass.tku.edu.tw/course/260584/note,absolute-url
https://github.com/OWASP/CheatSheetSeries/blob/master/cheatsheets/Clickjacking_Defense_Cheat_Sheet.md#best-for-now-legacy-browser-frame-breaking-script--,github.com,raw/iclass.tku.edu.tw/course/260584/note.html,https://iclass.tku.edu.tw/course/260584/note,absolute-url
https://bam.nr-data.net,bam.nr-data.net,raw/iclass.tku.edu.tw/course/260584/note.html,https://iclass.tku.edu.tw/course/260584/note,absolute-url
https://www.google-analytics.com,www.google-analytics.com,raw/iclass.tku.edu.tw/course/260584/note.html,https://iclass.tku.edu.tw/course/260584/note,absolute-url
https://iclass.tku.edu.tw/iportal,iclass.tku.edu.tw,raw/iclass.tku.edu.tw/course/260584/note.html,https://iclass.tku.edu.tw/course/260584/note,absolute-url
"https://tronclass.com.tw/public-manual/TronclassManual_System_Admin.pdf',",tronclass.com.tw,raw/iclass.tku.edu.tw/course/260584/note.html,https://iclass.tku.edu.tw/course/260584/note,absolute-url
"https://tronclass.com.tw/public-manual/TronclassManual_Administrator.pdf',",tronclass.com.tw,raw/iclass.tku.edu.tw/course/260584/note.html,https://iclass.tku.edu.tw/course/260584/note,absolute-url
"https://tronclass.com.tw/public-manual/manual-teacher.html',",tronclass.com.tw,raw/iclass.tku.edu.tw/course/260584/note.html,https://iclass.tku.edu.tw/course/260584/note,absolute-url
"https://tronclass.com.tw/public-manual/TronclassManual_Student.pdf',",tronclass.com.tw,raw/iclass.tku.edu.tw/course/260584/note.html,https://iclass.tku.edu.tw/course/260584/note,absolute-url
"https://tronclass.com.tw/public-manual/TronclassManual_App.pdf',",tronclass.com.tw,raw/iclass.tku.edu.tw/course/260584/note.html,https://iclass.tku.edu.tw/course/260584/note,absolute-url
https://support.tronclass.com',support.tronclass.com',raw/iclass.tku.edu.tw/course/260584/note.html,https://iclass.tku.edu.tw/course/260584/note,absolute-url
https://iclass.tku.edu.tw/market,iclass.tku.edu.tw,raw/iclass.tku.edu.tw/course/260584/note.html,https://iclass.tku.edu.tw/course/260584/note,absolute-url
http://ap09.emis.tku.edu.tw/{expr}_{expr}/{expr}_{expr}_{expr}.PDF,ap09.emis.tku.edu.tw,raw/iclass.tku.edu.tw/course/260584/note.html,https://iclass.tku.edu.tw/course/260584/note,absolute-url
https://get.adobe.com/flashplayer/,get.adobe.com,raw/iclass.tku.edu.tw/course/260584/note.html,https://iclass.tku.edu.tw/course/260584/note,absolute-url
https://www.youtube.com/iframe_api,www.youtube.com,raw/iclass.tku.edu.tw/course/260584/note.html,https://iclass.tku.edu.tw/course/260584/note,absolute-url
https://iclass.tku.edu.tw/,iclass.tku.edu.tw,raw/iclass.tku.edu.tw/course/260584/outline.html,https://iclass.tku.edu.tw/course/260584/outline,absolute-url
https://www.googletagmanager.com/gtag/js,www.googletagmanager.com,raw/iclass.tku.edu.tw/course/260584/outline.html,https://iclass.tku.edu.tw/course/260584/outline,absolute-url
https://github.com/OWASP/CheatSheetSeries/blob/master/cheatsheets/Clickjacking_Defense_Cheat_Sheet.md#best-for-now-legacy-browser-frame-breaking-script--,github.com,raw/iclass.tku.edu.tw/course/260584/outline.html,https://iclass.tku.edu.tw/course/260584/outline,absolute-url
https://bam.nr-data.net,bam.nr-data.net,raw/iclass.tku.edu.tw/course/260584/outline.html,https://iclass.tku.edu.tw/course/260584/outline,absolute-url
https://www.google-analytics.com,www.google-analytics.com,raw/iclass.tku.edu.tw/course/260584/outline.html,https://iclass.tku.edu.tw/course/260584/outline,absolute-url
https://iclass.tku.edu.tw/iportal,iclass.tku.edu.tw,raw/iclass.tku.edu.tw/course/260584/outline.html,https://iclass.tku.edu.tw/course/260584/outline,absolute-url
"https://tronclass.com.tw/public-manual/TronclassManual_System_Admin.pdf',",tronclass.com.tw,raw/iclass.tku.edu.tw/course/260584/outline.html,https://iclass.tku.edu.tw/course/260584/outline,absolute-url
"https://tronclass.com.tw/public-manual/TronclassManual_Administrator.pdf',",tronclass.com.tw,raw/iclass.tku.edu.tw/course/260584/outline.html,https://iclass.tku.edu.tw/course/260584/outline,absolute-url
"https://tronclass.com.tw/public-manual/manual-teacher.html',",tronclass.com.tw,raw/iclass.tku.edu.tw/course/260584/outline.html,https://iclass.tku.edu.tw/course/260584/outline,absolute-url
"https://tronclass.com.tw/public-manual/TronclassManual_Student.pdf',",tronclass.com.tw,raw/iclass.tku.edu.tw/course/260584/outline.html,https://iclass.tku.edu.tw/course/260584/outline,absolute-url
"https://tronclass.com.tw/public-manual/TronclassManual_App.pdf',",tronclass.com.tw,raw/iclass.tku.edu.tw/course/260584/outline.html,https://iclass.tku.edu.tw/course/260584/outline,absolute-url
https://support.tronclass.com',support.tronclass.com',raw/iclass.tku.edu.tw/course/260584/outline.html,https://iclass.tku.edu.tw/course/260584/outline,absolute-url
https://iclass.tku.edu.tw/market,iclass.tku.edu.tw,raw/iclass.tku.edu.tw/course/260584/outline.html,https://iclass.tku.edu.tw/course/260584/outline,absolute-url
http://ap09.emis.tku.edu.tw/{expr}_{expr}/{expr}_{expr}_{expr}.PDF,ap09.emis.tku.edu.tw,raw/iclass.tku.edu.tw/course/260584/outline.html,https://iclass.tku.edu.tw/course/260584/outline,absolute-url
https://www.youtube.com/iframe_api,www.youtube.com,raw/iclass.tku.edu.tw/course/260584/outline.html,https://iclass.tku.edu.tw/course/260584/outline,absolute-url
https://get.adobe.com/flashplayer/,get.adobe.com,raw/iclass.tku.edu.tw/course/260584/outline.html,https://iclass.tku.edu.tw/course/260584/outline,absolute-url
https://iclass.tku.edu.tw/,iclass.tku.edu.tw,raw/iclass.tku.edu.tw/course/260584/questionnaire.html,https://iclass.tku.edu.tw/course/260584/questionnaire,absolute-url
https://www.googletagmanager.com/gtag/js,www.googletagmanager.com,raw/iclass.tku.edu.tw/course/260584/questionnaire.html,https://iclass.tku.edu.tw/course/260584/questionnaire,absolute-url
https://github.com/OWASP/CheatSheetSeries/blob/master/cheatsheets/Clickjacking_Defense_Cheat_Sheet.md#best-for-now-legacy-browser-frame-breaking-script--,github.com,raw/iclass.tku.edu.tw/course/260584/questionnaire.html,https://iclass.tku.edu.tw/course/260584/questionnaire,absolute-url
https://bam.nr-data.net,bam.nr-data.net,raw/iclass.tku.edu.tw/course/260584/questionnaire.html,https://iclass.tku.edu.tw/course/260584/questionnaire,absolute-url
https://www.google-analytics.com,www.google-analytics.com,raw/iclass.tku.edu.tw/course/260584/questionnaire.html,https://iclass.tku.edu.tw/course/260584/questionnaire,absolute-url
https://iclass.tku.edu.tw/iportal,iclass.tku.edu.tw,raw/iclass.tku.edu.tw/course/260584/questionnaire.html,https://iclass.tku.edu.tw/course/260584/questionnaire,absolute-url
"https://tronclass.com.tw/public-manual/TronclassManual_System_Admin.pdf',",tronclass.com.tw,raw/iclass.tku.edu.tw/course/260584/questionnaire.html,https://iclass.tku.edu.tw/course/260584/questionnaire,absolute-url
"https://tronclass.com.tw/public-manual/TronclassManual_Administrator.pdf',",tronclass.com.tw,raw/iclass.tku.edu.tw/course/260584/questionnaire.html,https://iclass.tku.edu.tw/course/260584/questionnaire,absolute-url
"https://tronclass.com.tw/public-manual/manual-teacher.html',",tronclass.com.tw,raw/iclass.tku.edu.tw/course/260584/questionnaire.html,https://iclass.tku.edu.tw/course/260584/questionnaire,absolute-url
"https://tronclass.com.tw/public-manual/TronclassManual_Student.pdf',",tronclass.com.tw,raw/iclass.tku.edu.tw/course/260584/questionnaire.html,https://iclass.tku.edu.tw/course/260584/questionnaire,absolute-url
"https://tronclass.com.tw/public-manual/TronclassManual_App.pdf',",tronclass.com.tw,raw/iclass.tku.edu.tw/course/260584/questionnaire.html,https://iclass.tku.edu.tw/course/260584/questionnaire,absolute-url
https://support.tronclass.com',support.tronclass.com',raw/iclass.tku.edu.tw/course/260584/questionnaire.html,https://iclass.tku.edu.tw/course/260584/questionnaire,absolute-url
https://iclass.tku.edu.tw/market,iclass.tku.edu.tw,raw/iclass.tku.edu.tw/course/260584/questionnaire.html,https://iclass.tku.edu.tw/course/260584/questionnaire,absolute-url
http://ap09.emis.tku.edu.tw/{expr}_{expr}/{expr}_{expr}_{expr}.PDF,ap09.emis.tku.edu.tw,raw/iclass.tku.edu.tw/course/260584/questionnaire.html,https://iclass.tku.edu.tw/course/260584/questionnaire,absolute-url
https://www.youtube.com/iframe_api,www.youtube.com,raw/iclass.tku.edu.tw/course/260584/questionnaire.html,https://iclass.tku.edu.tw/course/260584/questionnaire,absolute-url
https://get.adobe.com/flashplayer/,get.adobe.com,raw/iclass.tku.edu.tw/course/260584/questionnaire.html,https://iclass.tku.edu.tw/course/260584/questionnaire,absolute-url
https://iclass.tku.edu.tw/,iclass.tku.edu.tw,raw/iclass.tku.edu.tw/course/260584/rollcall.html,https://iclass.tku.edu.tw/course/260584/rollcall,absolute-url
https://www.googletagmanager.com/gtag/js,www.googletagmanager.com,raw/iclass.tku.edu.tw/course/260584/rollcall.html,https://iclass.tku.edu.tw/course/260584/rollcall,absolute-url
https://github.com/OWASP/CheatSheetSeries/blob/master/cheatsheets/Clickjacking_Defense_Cheat_Sheet.md#best-for-now-legacy-browser-frame-breaking-script--,github.com,raw/iclass.tku.edu.tw/course/260584/rollcall.html,https://iclass.tku.edu.tw/course/260584/rollcall,absolute-url
https://bam.nr-data.net,bam.nr-data.net,raw/iclass.tku.edu.tw/course/260584/rollcall.html,https://iclass.tku.edu.tw/course/260584/rollcall,absolute-url
https://www.google-analytics.com,www.google-analytics.com,raw/iclass.tku.edu.tw/course/260584/rollcall.html,https://iclass.tku.edu.tw/course/260584/rollcall,absolute-url
https://iclass.tku.edu.tw/iportal,iclass.tku.edu.tw,raw/iclass.tku.edu.tw/course/260584/rollcall.html,https://iclass.tku.edu.tw/course/260584/rollcall,absolute-url
"https://tronclass.com.tw/public-manual/TronclassManual_System_Admin.pdf',",tronclass.com.tw,raw/iclass.tku.edu.tw/course/260584/rollcall.html,https://iclass.tku.edu.tw/course/260584/rollcall,absolute-url
"https://tronclass.com.tw/public-manual/TronclassManual_Administrator.pdf',",tronclass.com.tw,raw/iclass.tku.edu.tw/course/260584/rollcall.html,https://iclass.tku.edu.tw/course/260584/rollcall,absolute-url
"https://tronclass.com.tw/public-manual/manual-teacher.html',",tronclass.com.tw,raw/iclass.tku.edu.tw/course/260584/rollcall.html,https://iclass.tku.edu.tw/course/260584/rollcall,absolute-url
"https://tronclass.com.tw/public-manual/TronclassManual_Student.pdf',",tronclass.com.tw,raw/iclass.tku.edu.tw/course/260584/rollcall.html,https://iclass.tku.edu.tw/course/260584/rollcall,absolute-url
"https://tronclass.com.tw/public-manual/TronclassManual_App.pdf',",tronclass.com.tw,raw/iclass.tku.edu.tw/course/260584/rollcall.html,https://iclass.tku.edu.tw/course/260584/rollcall,absolute-url
https://support.tronclass.com',support.tronclass.com',raw/iclass.tku.edu.tw/course/260584/rollcall.html,https://iclass.tku.edu.tw/course/260584/rollcall,absolute-url
https://iclass.tku.edu.tw/market,iclass.tku.edu.tw,raw/iclass.tku.edu.tw/course/260584/rollcall.html,https://iclass.tku.edu.tw/course/260584/rollcall,absolute-url
http://ap09.emis.tku.edu.tw/{expr}_{expr}/{expr}_{expr}_{expr}.PDF,ap09.emis.tku.edu.tw,raw/iclass.tku.edu.tw/course/260584/rollcall.html,https://iclass.tku.edu.tw/course/260584/rollcall,absolute-url
https://www.youtube.com/iframe_api,www.youtube.com,raw/iclass.tku.edu.tw/course/260584/rollcall.html,https://iclass.tku.edu.tw/course/260584/rollcall,absolute-url
https://get.adobe.com/flashplayer/,get.adobe.com,raw/iclass.tku.edu.tw/course/260584/rollcall.html,https://iclass.tku.edu.tw/course/260584/rollcall,absolute-url
https://iclass.tku.edu.tw/,iclass.tku.edu.tw,raw/iclass.tku.edu.tw/course/260584/score.html,https://iclass.tku.edu.tw/course/260584/score,absolute-url
https://www.googletagmanager.com/gtag/js,www.googletagmanager.com,raw/iclass.tku.edu.tw/course/260584/score.html,https://iclass.tku.edu.tw/course/260584/score,absolute-url
https://github.com/OWASP/CheatSheetSeries/blob/master/cheatsheets/Clickjacking_Defense_Cheat_Sheet.md#best-for-now-legacy-browser-frame-breaking-script--,github.com,raw/iclass.tku.edu.tw/course/260584/score.html,https://iclass.tku.edu.tw/course/260584/score,absolute-url
https://bam.nr-data.net,bam.nr-data.net,raw/iclass.tku.edu.tw/course/260584/score.html,https://iclass.tku.edu.tw/course/260584/score,absolute-url
https://www.google-analytics.com,www.google-analytics.com,raw/iclass.tku.edu.tw/course/260584/score.html,https://iclass.tku.edu.tw/course/260584/score,absolute-url
https://iclass.tku.edu.tw/iportal,iclass.tku.edu.tw,raw/iclass.tku.edu.tw/course/260584/score.html,https://iclass.tku.edu.tw/course/260584/score,absolute-url
"https://tronclass.com.tw/public-manual/TronclassManual_System_Admin.pdf',",tronclass.com.tw,raw/iclass.tku.edu.tw/course/260584/score.html,https://iclass.tku.edu.tw/course/260584/score,absolute-url
"https://tronclass.com.tw/public-manual/TronclassManual_Administrator.pdf',",tronclass.com.tw,raw/iclass.tku.edu.tw/course/260584/score.html,https://iclass.tku.edu.tw/course/260584/score,absolute-url
"https://tronclass.com.tw/public-manual/manual-teacher.html',",tronclass.com.tw,raw/iclass.tku.edu.tw/course/260584/score.html,https://iclass.tku.edu.tw/course/260584/score,absolute-url
"https://tronclass.com.tw/public-manual/TronclassManual_Student.pdf',",tronclass.com.tw,raw/iclass.tku.edu.tw/course/260584/score.html,https://iclass.tku.edu.tw/course/260584/score,absolute-url
"https://tronclass.com.tw/public-manual/TronclassManual_App.pdf',",tronclass.com.tw,raw/iclass.tku.edu.tw/course/260584/score.html,https://iclass.tku.edu.tw/course/260584/score,absolute-url
https://support.tronclass.com',support.tronclass.com',raw/iclass.tku.edu.tw/course/260584/score.html,https://iclass.tku.edu.tw/course/260584/score,absolute-url
https://iclass.tku.edu.tw/market,iclass.tku.edu.tw,raw/iclass.tku.edu.tw/course/260584/score.html,https://iclass.tku.edu.tw/course/260584/score,absolute-url
http://ap09.emis.tku.edu.tw/{expr}_{expr}/{expr}_{expr}_{expr}.PDF,ap09.emis.tku.edu.tw,raw/iclass.tku.edu.tw/course/260584/score.html,https://iclass.tku.edu.tw/course/260584/score,absolute-url
https://www.youtube.com/iframe_api,www.youtube.com,raw/iclass.tku.edu.tw/course/260584/score.html,https://iclass.tku.edu.tw/course/260584/score,absolute-url
https://get.adobe.com/flashplayer/,get.adobe.com,raw/iclass.tku.edu.tw/course/260584/score.html,https://iclass.tku.edu.tw/course/260584/score,absolute-url
https://iclass.tku.edu.tw/,iclass.tku.edu.tw,raw/iclass.tku.edu.tw/course/260584/true.html,https://iclass.tku.edu.tw/course/260584/true,absolute-url
https://www.googletagmanager.com/gtag/js,www.googletagmanager.com,raw/iclass.tku.edu.tw/course/260584/true.html,https://iclass.tku.edu.tw/course/260584/true,absolute-url
https://github.com/OWASP/CheatSheetSeries/blob/master/cheatsheets/Clickjacking_Defense_Cheat_Sheet.md#best-for-now-legacy-browser-frame-breaking-script--,github.com,raw/iclass.tku.edu.tw/course/260584/true.html,https://iclass.tku.edu.tw/course/260584/true,absolute-url
https://bam.nr-data.net,bam.nr-data.net,raw/iclass.tku.edu.tw/course/260584/true.html,https://iclass.tku.edu.tw/course/260584/true,absolute-url
https://www.google-analytics.com,www.google-analytics.com,raw/iclass.tku.edu.tw/course/260584/true.html,https://iclass.tku.edu.tw/course/260584/true,absolute-url
https://iclass.tku.edu.tw/iportal,iclass.tku.edu.tw,raw/iclass.tku.edu.tw/course/260584/true.html,https://iclass.tku.edu.tw/course/260584/true,absolute-url
"https://tronclass.com.tw/public-manual/TronclassManual_System_Admin.pdf',",tronclass.com.tw,raw/iclass.tku.edu.tw/course/260584/true.html,https://iclass.tku.edu.tw/course/260584/true,absolute-url
"https://tronclass.com.tw/public-manual/TronclassManual_Administrator.pdf',",tronclass.com.tw,raw/iclass.tku.edu.tw/course/260584/true.html,https://iclass.tku.edu.tw/course/260584/true,absolute-url
"https://tronclass.com.tw/public-manual/manual-teacher.html',",tronclass.com.tw,raw/iclass.tku.edu.tw/course/260584/true.html,https://iclass.tku.edu.tw/course/260584/true,absolute-url
"https://tronclass.com.tw/public-manual/TronclassManual_Student.pdf',",tronclass.com.tw,raw/iclass.tku.edu.tw/course/260584/true.html,https://iclass.tku.edu.tw/course/260584/true,absolute-url
"https://tronclass.com.tw/public-manual/TronclassManual_App.pdf',",tronclass.com.tw,raw/iclass.tku.edu.tw/course/260584/true.html,https://iclass.tku.edu.tw/course/260584/true,absolute-url
https://support.tronclass.com',support.tronclass.com',raw/iclass.tku.edu.tw/course/260584/true.html,https://iclass.tku.edu.tw/course/260584/true,absolute-url
https://iclass.tku.edu.tw/market,iclass.tku.edu.tw,raw/iclass.tku.edu.tw/course/260584/true.html,https://iclass.tku.edu.tw/course/260584/true,absolute-url
https://www.youtube.com/iframe_api,www.youtube.com,raw/iclass.tku.edu.tw/course/260584/true.html,https://iclass.tku.edu.tw/course/260584/true,absolute-url
https://get.adobe.com/flashplayer/,get.adobe.com,raw/iclass.tku.edu.tw/course/260584/true.html,https://iclass.tku.edu.tw/course/260584/true,absolute-url
https://iclass.tku.edu.tw/,iclass.tku.edu.tw,raw/iclass.tku.edu.tw/course/261155/content.html,https://iclass.tku.edu.tw/course/261155/content,absolute-url
https://www.googletagmanager.com/gtag/js,www.googletagmanager.com,raw/iclass.tku.edu.tw/course/261155/content.html,https://iclass.tku.edu.tw/course/261155/content,absolute-url
https://github.com/OWASP/CheatSheetSeries/blob/master/cheatsheets/Clickjacking_Defense_Cheat_Sheet.md#best-for-now-legacy-browser-frame-breaking-script--,github.com,raw/iclass.tku.edu.tw/course/261155/content.html,https://iclass.tku.edu.tw/course/261155/content,absolute-url
https://bam.nr-data.net,bam.nr-data.net,raw/iclass.tku.edu.tw/course/261155/content.html,https://iclass.tku.edu.tw/course/261155/content,absolute-url
https://www.google-analytics.com,www.google-analytics.com,raw/iclass.tku.edu.tw/course/261155/content.html,https://iclass.tku.edu.tw/course/261155/content,absolute-url
https://iclass.tku.edu.tw/iportal,iclass.tku.edu.tw,raw/iclass.tku.edu.tw/course/261155/content.html,https://iclass.tku.edu.tw/course/261155/content,absolute-url
"https://tronclass.com.tw/public-manual/TronclassManual_System_Admin.pdf',",tronclass.com.tw,raw/iclass.tku.edu.tw/course/261155/content.html,https://iclass.tku.edu.tw/course/261155/content,absolute-url
"https://tronclass.com.tw/public-manual/TronclassManual_Administrator.pdf',",tronclass.com.tw,raw/iclass.tku.edu.tw/course/261155/content.html,https://iclass.tku.edu.tw/course/261155/content,absolute-url
"https://tronclass.com.tw/public-manual/manual-teacher.html',",tronclass.com.tw,raw/iclass.tku.edu.tw/course/261155/content.html,https://iclass.tku.edu.tw/course/261155/content,absolute-url
"https://tronclass.com.tw/public-manual/TronclassManual_Student.pdf',",tronclass.com.tw,raw/iclass.tku.edu.tw/course/261155/content.html,https://iclass.tku.edu.tw/course/261155/content,absolute-url
"https://tronclass.com.tw/public-manual/TronclassManual_App.pdf',",tronclass.com.tw,raw/iclass.tku.edu.tw/course/261155/content.html,https://iclass.tku.edu.tw/course/261155/content,absolute-url
https://support.tronclass.com',support.tronclass.com',raw/iclass.tku.edu.tw/course/261155/content.html,https://iclass.tku.edu.tw/course/261155/content,absolute-url
https://iclass.tku.edu.tw/market,iclass.tku.edu.tw,raw/iclass.tku.edu.tw/course/261155/content.html,https://iclass.tku.edu.tw/course/261155/content,absolute-url
http://ap09.emis.tku.edu.tw/{expr}_{expr}/{expr}_{expr}_{expr}.PDF,ap09.emis.tku.edu.tw,raw/iclass.tku.edu.tw/course/261155/content.html,https://iclass.tku.edu.tw/course/261155/content,absolute-url
https://get.adobe.com/flashplayer/,get.adobe.com,raw/iclass.tku.edu.tw/course/261155/content.html,https://iclass.tku.edu.tw/course/261155/content,absolute-url
https://www.youtube.com/iframe_api,www.youtube.com,raw/iclass.tku.edu.tw/course/261155/content.html,https://iclass.tku.edu.tw/course/261155/content,absolute-url
https://iclass.tku.edu.tw/,iclass.tku.edu.tw,raw/iclass.tku.edu.tw/course/261157/avatarSmallUrl.html,https://iclass.tku.edu.tw/course/261157/avatarSmallUrl,absolute-url
https://www.googletagmanager.com/gtag/js,www.googletagmanager.com,raw/iclass.tku.edu.tw/course/261157/avatarSmallUrl.html,https://iclass.tku.edu.tw/course/261157/avatarSmallUrl,absolute-url
https://github.com/OWASP/CheatSheetSeries/blob/master/cheatsheets/Clickjacking_Defense_Cheat_Sheet.md#best-for-now-legacy-browser-frame-breaking-script--,github.com,raw/iclass.tku.edu.tw/course/261157/avatarSmallUrl.html,https://iclass.tku.edu.tw/course/261157/avatarSmallUrl,absolute-url
https://bam.nr-data.net,bam.nr-data.net,raw/iclass.tku.edu.tw/course/261157/avatarSmallUrl.html,https://iclass.tku.edu.tw/course/261157/avatarSmallUrl,absolute-url
https://www.google-analytics.com,www.google-analytics.com,raw/iclass.tku.edu.tw/course/261157/avatarSmallUrl.html,https://iclass.tku.edu.tw/course/261157/avatarSmallUrl,absolute-url
https://iclass.tku.edu.tw/iportal,iclass.tku.edu.tw,raw/iclass.tku.edu.tw/course/261157/avatarSmallUrl.html,https://iclass.tku.edu.tw/course/261157/avatarSmallUrl,absolute-url
"https://tronclass.com.tw/public-manual/TronclassManual_System_Admin.pdf',",tronclass.com.tw,raw/iclass.tku.edu.tw/course/261157/avatarSmallUrl.html,https://iclass.tku.edu.tw/course/261157/avatarSmallUrl,absolute-url
"https://tronclass.com.tw/public-manual/TronclassManual_Administrator.pdf',",tronclass.com.tw,raw/iclass.tku.edu.tw/course/261157/avatarSmallUrl.html,https://iclass.tku.edu.tw/course/261157/avatarSmallUrl,absolute-url
"https://tronclass.com.tw/public-manual/manual-teacher.html',",tronclass.com.tw,raw/iclass.tku.edu.tw/course/261157/avatarSmallUrl.html,https://iclass.tku.edu.tw/course/261157/avatarSmallUrl,absolute-url
"https://tronclass.com.tw/public-manual/TronclassManual_Student.pdf',",tronclass.com.tw,raw/iclass.tku.edu.tw/course/261157/avatarSmallUrl.html,https://iclass.tku.edu.tw/course/261157/avatarSmallUrl,absolute-url
"https://tronclass.com.tw/public-manual/TronclassManual_App.pdf',",tronclass.com.tw,raw/iclass.tku.edu.tw/course/261157/avatarSmallUrl.html,https://iclass.tku.edu.tw/course/261157/avatarSmallUrl,absolute-url
https://support.tronclass.com',support.tronclass.com',raw/iclass.tku.edu.tw/course/261157/avatarSmallUrl.html,https://iclass.tku.edu.tw/course/261157/avatarSmallUrl,absolute-url
https://iclass.tku.edu.tw/market,iclass.tku.edu.tw,raw/iclass.tku.edu.tw/course/261157/avatarSmallUrl.html,https://iclass.tku.edu.tw/course/261157/avatarSmallUrl,absolute-url
https://www.youtube.com/iframe_api,www.youtube.com,raw/iclass.tku.edu.tw/course/261157/avatarSmallUrl.html,https://iclass.tku.edu.tw/course/261157/avatarSmallUrl,absolute-url
https://get.adobe.com/flashplayer/,get.adobe.com,raw/iclass.tku.edu.tw/course/261157/avatarSmallUrl.html,https://iclass.tku.edu.tw/course/261157/avatarSmallUrl,absolute-url
https://iclass.tku.edu.tw/,iclass.tku.edu.tw,raw/iclass.tku.edu.tw/course/261157/bulletin.html,https://iclass.tku.edu.tw/course/261157/bulletin,absolute-url
https://www.googletagmanager.com/gtag/js,www.googletagmanager.com,raw/iclass.tku.edu.tw/course/261157/bulletin.html,https://iclass.tku.edu.tw/course/261157/bulletin,absolute-url
https://github.com/OWASP/CheatSheetSeries/blob/master/cheatsheets/Clickjacking_Defense_Cheat_Sheet.md#best-for-now-legacy-browser-frame-breaking-script--,github.com,raw/iclass.tku.edu.tw/course/261157/bulletin.html,https://iclass.tku.edu.tw/course/261157/bulletin,absolute-url
https://bam.nr-data.net,bam.nr-data.net,raw/iclass.tku.edu.tw/course/261157/bulletin.html,https://iclass.tku.edu.tw/course/261157/bulletin,absolute-url
https://www.google-analytics.com,www.google-analytics.com,raw/iclass.tku.edu.tw/course/261157/bulletin.html,https://iclass.tku.edu.tw/course/261157/bulletin,absolute-url
https://iclass.tku.edu.tw/iportal,iclass.tku.edu.tw,raw/iclass.tku.edu.tw/course/261157/bulletin.html,https://iclass.tku.edu.tw/course/261157/bulletin,absolute-url
"https://tronclass.com.tw/public-manual/TronclassManual_System_Admin.pdf',",tronclass.com.tw,raw/iclass.tku.edu.tw/course/261157/bulletin.html,https://iclass.tku.edu.tw/course/261157/bulletin,absolute-url
"https://tronclass.com.tw/public-manual/TronclassManual_Administrator.pdf',",tronclass.com.tw,raw/iclass.tku.edu.tw/course/261157/bulletin.html,https://iclass.tku.edu.tw/course/261157/bulletin,absolute-url
"https://tronclass.com.tw/public-manual/manual-teacher.html',",tronclass.com.tw,raw/iclass.tku.edu.tw/course/261157/bulletin.html,https://iclass.tku.edu.tw/course/261157/bulletin,absolute-url
"https://tronclass.com.tw/public-manual/TronclassManual_Student.pdf',",tronclass.com.tw,raw/iclass.tku.edu.tw/course/261157/bulletin.html,https://iclass.tku.edu.tw/course/261157/bulletin,absolute-url
"https://tronclass.com.tw/public-manual/TronclassManual_App.pdf',",tronclass.com.tw,raw/iclass.tku.edu.tw/course/261157/bulletin.html,https://iclass.tku.edu.tw/course/261157/bulletin,absolute-url
https://support.tronclass.com',support.tronclass.com',raw/iclass.tku.edu.tw/course/261157/bulletin.html,https://iclass.tku.edu.tw/course/261157/bulletin,absolute-url
https://iclass.tku.edu.tw/market,iclass.tku.edu.tw,raw/iclass.tku.edu.tw/course/261157/bulletin.html,https://iclass.tku.edu.tw/course/261157/bulletin,absolute-url
http://ap09.emis.tku.edu.tw/{expr}_{expr}/{expr}_{expr}_{expr}.PDF,ap09.emis.tku.edu.tw,raw/iclass.tku.edu.tw/course/261157/bulletin.html,https://iclass.tku.edu.tw/course/261157/bulletin,absolute-url
https://www.youtube.com/iframe_api,www.youtube.com,raw/iclass.tku.edu.tw/course/261157/bulletin.html,https://iclass.tku.edu.tw/course/261157/bulletin,absolute-url
https://get.adobe.com/flashplayer/,get.adobe.com,raw/iclass.tku.edu.tw/course/261157/bulletin.html,https://iclass.tku.edu.tw/course/261157/bulletin,absolute-url
https://iclass.tku.edu.tw/,iclass.tku.edu.tw,raw/iclass.tku.edu.tw/course/261157/capture_url.html,https://iclass.tku.edu.tw/course/261157/capture_url,absolute-url
https://www.googletagmanager.com/gtag/js,www.googletagmanager.com,raw/iclass.tku.edu.tw/course/261157/capture_url.html,https://iclass.tku.edu.tw/course/261157/capture_url,absolute-url
https://github.com/OWASP/CheatSheetSeries/blob/master/cheatsheets/Clickjacking_Defense_Cheat_Sheet.md#best-for-now-legacy-browser-frame-breaking-script--,github.com,raw/iclass.tku.edu.tw/course/261157/capture_url.html,https://iclass.tku.edu.tw/course/261157/capture_url,absolute-url
https://bam.nr-data.net,bam.nr-data.net,raw/iclass.tku.edu.tw/course/261157/capture_url.html,https://iclass.tku.edu.tw/course/261157/capture_url,absolute-url
https://www.google-analytics.com,www.google-analytics.com,raw/iclass.tku.edu.tw/course/261157/capture_url.html,https://iclass.tku.edu.tw/course/261157/capture_url,absolute-url
https://iclass.tku.edu.tw/iportal,iclass.tku.edu.tw,raw/iclass.tku.edu.tw/course/261157/capture_url.html,https://iclass.tku.edu.tw/course/261157/capture_url,absolute-url
"https://tronclass.com.tw/public-manual/TronclassManual_System_Admin.pdf',",tronclass.com.tw,raw/iclass.tku.edu.tw/course/261157/capture_url.html,https://iclass.tku.edu.tw/course/261157/capture_url,absolute-url
"https://tronclass.com.tw/public-manual/TronclassManual_Administrator.pdf',",tronclass.com.tw,raw/iclass.tku.edu.tw/course/261157/capture_url.html,https://iclass.tku.edu.tw/course/261157/capture_url,absolute-url
"https://tronclass.com.tw/public-manual/manual-teacher.html',",tronclass.com.tw,raw/iclass.tku.edu.tw/course/261157/capture_url.html,https://iclass.tku.edu.tw/course/261157/capture_url,absolute-url
"https://tronclass.com.tw/public-manual/TronclassManual_Student.pdf',",tronclass.com.tw,raw/iclass.tku.edu.tw/course/261157/capture_url.html,https://iclass.tku.edu.tw/course/261157/capture_url,absolute-url
"https://tronclass.com.tw/public-manual/TronclassManual_App.pdf',",tronclass.com.tw,raw/iclass.tku.edu.tw/course/261157/capture_url.html,https://iclass.tku.edu.tw/course/261157/capture_url,absolute-url
https://support.tronclass.com',support.tronclass.com',raw/iclass.tku.edu.tw/course/261157/capture_url.html,https://iclass.tku.edu.tw/course/261157/capture_url,absolute-url
https://iclass.tku.edu.tw/market,iclass.tku.edu.tw,raw/iclass.tku.edu.tw/course/261157/capture_url.html,https://iclass.tku.edu.tw/course/261157/capture_url,absolute-url
https://www.youtube.com/iframe_api,www.youtube.com,raw/iclass.tku.edu.tw/course/261157/capture_url.html,https://iclass.tku.edu.tw/course/261157/capture_url,absolute-url
https://get.adobe.com/flashplayer/,get.adobe.com,raw/iclass.tku.edu.tw/course/261157/capture_url.html,https://iclass.tku.edu.tw/course/261157/capture_url,absolute-url
https://iclass.tku.edu.tw/,iclass.tku.edu.tw,raw/iclass.tku.edu.tw/course/261157/classroom.html,https://iclass.tku.edu.tw/course/261157/classroom,absolute-url
https://www.googletagmanager.com/gtag/js,www.googletagmanager.com,raw/iclass.tku.edu.tw/course/261157/classroom.html,https://iclass.tku.edu.tw/course/261157/classroom,absolute-url
https://github.com/OWASP/CheatSheetSeries/blob/master/cheatsheets/Clickjacking_Defense_Cheat_Sheet.md#best-for-now-legacy-browser-frame-breaking-script--,github.com,raw/iclass.tku.edu.tw/course/261157/classroom.html,https://iclass.tku.edu.tw/course/261157/classroom,absolute-url
https://bam.nr-data.net,bam.nr-data.net,raw/iclass.tku.edu.tw/course/261157/classroom.html,https://iclass.tku.edu.tw/course/261157/classroom,absolute-url
https://www.google-analytics.com,www.google-analytics.com,raw/iclass.tku.edu.tw/course/261157/classroom.html,https://iclass.tku.edu.tw/course/261157/classroom,absolute-url
https://iclass.tku.edu.tw/iportal,iclass.tku.edu.tw,raw/iclass.tku.edu.tw/course/261157/classroom.html,https://iclass.tku.edu.tw/course/261157/classroom,absolute-url
"https://tronclass.com.tw/public-manual/TronclassManual_System_Admin.pdf',",tronclass.com.tw,raw/iclass.tku.edu.tw/course/261157/classroom.html,https://iclass.tku.edu.tw/course/261157/classroom,absolute-url
"https://tronclass.com.tw/public-manual/TronclassManual_Administrator.pdf',",tronclass.com.tw,raw/iclass.tku.edu.tw/course/261157/classroom.html,https://iclass.tku.edu.tw/course/261157/classroom,absolute-url
"https://tronclass.com.tw/public-manual/manual-teacher.html',",tronclass.com.tw,raw/iclass.tku.edu.tw/course/261157/classroom.html,https://iclass.tku.edu.tw/course/261157/classroom,absolute-url
"https://tronclass.com.tw/public-manual/TronclassManual_Student.pdf',",tronclass.com.tw,raw/iclass.tku.edu.tw/course/261157/classroom.html,https://iclass.tku.edu.tw/course/261157/classroom,absolute-url
"https://tronclass.com.tw/public-manual/TronclassManual_App.pdf',",tronclass.com.tw,raw/iclass.tku.edu.tw/course/261157/classroom.html,https://iclass.tku.edu.tw/course/261157/classroom,absolute-url
https://support.tronclass.com',support.tronclass.com',raw/iclass.tku.edu.tw/course/261157/classroom.html,https://iclass.tku.edu.tw/course/261157/classroom,absolute-url
https://iclass.tku.edu.tw/market,iclass.tku.edu.tw,raw/iclass.tku.edu.tw/course/261157/classroom.html,https://iclass.tku.edu.tw/course/261157/classroom,absolute-url
http://ap09.emis.tku.edu.tw/{expr}_{expr}/{expr}_{expr}_{expr}.PDF,ap09.emis.tku.edu.tw,raw/iclass.tku.edu.tw/course/261157/classroom.html,https://iclass.tku.edu.tw/course/261157/classroom,absolute-url
https://www.youtube.com/iframe_api,www.youtube.com,raw/iclass.tku.edu.tw/course/261157/classroom.html,https://iclass.tku.edu.tw/course/261157/classroom,absolute-url
https://get.adobe.com/flashplayer/,get.adobe.com,raw/iclass.tku.edu.tw/course/261157/classroom.html,https://iclass.tku.edu.tw/course/261157/classroom,absolute-url
https://iclass.tku.edu.tw/,iclass.tku.edu.tw,raw/iclass.tku.edu.tw/course/261157/content.html,https://iclass.tku.edu.tw/course/261157/content,absolute-url
https://www.googletagmanager.com/gtag/js,www.googletagmanager.com,raw/iclass.tku.edu.tw/course/261157/content.html,https://iclass.tku.edu.tw/course/261157/content,absolute-url
https://github.com/OWASP/CheatSheetSeries/blob/master/cheatsheets/Clickjacking_Defense_Cheat_Sheet.md#best-for-now-legacy-browser-frame-breaking-script--,github.com,raw/iclass.tku.edu.tw/course/261157/content.html,https://iclass.tku.edu.tw/course/261157/content,absolute-url
https://bam.nr-data.net,bam.nr-data.net,raw/iclass.tku.edu.tw/course/261157/content.html,https://iclass.tku.edu.tw/course/261157/content,absolute-url
https://www.google-analytics.com,www.google-analytics.com,raw/iclass.tku.edu.tw/course/261157/content.html,https://iclass.tku.edu.tw/course/261157/content,absolute-url
https://iclass.tku.edu.tw/iportal,iclass.tku.edu.tw,raw/iclass.tku.edu.tw/course/261157/content.html,https://iclass.tku.edu.tw/course/261157/content,absolute-url
"https://tronclass.com.tw/public-manual/TronclassManual_System_Admin.pdf',",tronclass.com.tw,raw/iclass.tku.edu.tw/course/261157/content.html,https://iclass.tku.edu.tw/course/261157/content,absolute-url
"https://tronclass.com.tw/public-manual/TronclassManual_Administrator.pdf',",tronclass.com.tw,raw/iclass.tku.edu.tw/course/261157/content.html,https://iclass.tku.edu.tw/course/261157/content,absolute-url
"https://tronclass.com.tw/public-manual/manual-teacher.html',",tronclass.com.tw,raw/iclass.tku.edu.tw/course/261157/content.html,https://iclass.tku.edu.tw/course/261157/content,absolute-url
"https://tronclass.com.tw/public-manual/TronclassManual_Student.pdf',",tronclass.com.tw,raw/iclass.tku.edu.tw/course/261157/content.html,https://iclass.tku.edu.tw/course/261157/content,absolute-url
"https://tronclass.com.tw/public-manual/TronclassManual_App.pdf',",tronclass.com.tw,raw/iclass.tku.edu.tw/course/261157/content.html,https://iclass.tku.edu.tw/course/261157/content,absolute-url
https://support.tronclass.com',support.tronclass.com',raw/iclass.tku.edu.tw/course/261157/content.html,https://iclass.tku.edu.tw/course/261157/content,absolute-url
https://iclass.tku.edu.tw/market,iclass.tku.edu.tw,raw/iclass.tku.edu.tw/course/261157/content.html,https://iclass.tku.edu.tw/course/261157/content,absolute-url
http://ap09.emis.tku.edu.tw/{expr}_{expr}/{expr}_{expr}_{expr}.PDF,ap09.emis.tku.edu.tw,raw/iclass.tku.edu.tw/course/261157/content.html,https://iclass.tku.edu.tw/course/261157/content,absolute-url
https://get.adobe.com/flashplayer/,get.adobe.com,raw/iclass.tku.edu.tw/course/261157/content.html,https://iclass.tku.edu.tw/course/261157/content,absolute-url
https://www.youtube.com/iframe_api,www.youtube.com,raw/iclass.tku.edu.tw/course/261157/content.html,https://iclass.tku.edu.tw/course/261157/content,absolute-url
https://iclass.tku.edu.tw/,iclass.tku.edu.tw,raw/iclass.tku.edu.tw/course/261157/courseware.html,https://iclass.tku.edu.tw/course/261157/courseware,absolute-url
https://www.googletagmanager.com/gtag/js,www.googletagmanager.com,raw/iclass.tku.edu.tw/course/261157/courseware.html,https://iclass.tku.edu.tw/course/261157/courseware,absolute-url
https://github.com/OWASP/CheatSheetSeries/blob/master/cheatsheets/Clickjacking_Defense_Cheat_Sheet.md#best-for-now-legacy-browser-frame-breaking-script--,github.com,raw/iclass.tku.edu.tw/course/261157/courseware.html,https://iclass.tku.edu.tw/course/261157/courseware,absolute-url
https://bam.nr-data.net,bam.nr-data.net,raw/iclass.tku.edu.tw/course/261157/courseware.html,https://iclass.tku.edu.tw/course/261157/courseware,absolute-url
https://www.google-analytics.com,www.google-analytics.com,raw/iclass.tku.edu.tw/course/261157/courseware.html,https://iclass.tku.edu.tw/course/261157/courseware,absolute-url
https://iclass.tku.edu.tw/iportal,iclass.tku.edu.tw,raw/iclass.tku.edu.tw/course/261157/courseware.html,https://iclass.tku.edu.tw/course/261157/courseware,absolute-url
"https://tronclass.com.tw/public-manual/TronclassManual_System_Admin.pdf',",tronclass.com.tw,raw/iclass.tku.edu.tw/course/261157/courseware.html,https://iclass.tku.edu.tw/course/261157/courseware,absolute-url
"https://tronclass.com.tw/public-manual/TronclassManual_Administrator.pdf',",tronclass.com.tw,raw/iclass.tku.edu.tw/course/261157/courseware.html,https://iclass.tku.edu.tw/course/261157/courseware,absolute-url
"https://tronclass.com.tw/public-manual/manual-teacher.html',",tronclass.com.tw,raw/iclass.tku.edu.tw/course/261157/courseware.html,https://iclass.tku.edu.tw/course/261157/courseware,absolute-url
"https://tronclass.com.tw/public-manual/TronclassManual_Student.pdf',",tronclass.com.tw,raw/iclass.tku.edu.tw/course/261157/courseware.html,https://iclass.tku.edu.tw/course/261157/courseware,absolute-url
"https://tronclass.com.tw/public-manual/TronclassManual_App.pdf',",tronclass.com.tw,raw/iclass.tku.edu.tw/course/261157/courseware.html,https://iclass.tku.edu.tw/course/261157/courseware,absolute-url
https://support.tronclass.com',support.tronclass.com',raw/iclass.tku.edu.tw/course/261157/courseware.html,https://iclass.tku.edu.tw/course/261157/courseware,absolute-url
https://iclass.tku.edu.tw/market,iclass.tku.edu.tw,raw/iclass.tku.edu.tw/course/261157/courseware.html,https://iclass.tku.edu.tw/course/261157/courseware,absolute-url
http://ap09.emis.tku.edu.tw/{expr}_{expr}/{expr}_{expr}_{expr}.PDF,ap09.emis.tku.edu.tw,raw/iclass.tku.edu.tw/course/261157/courseware.html,https://iclass.tku.edu.tw/course/261157/courseware,absolute-url
https://get.adobe.com/flashplayer/,get.adobe.com,raw/iclass.tku.edu.tw/course/261157/courseware.html,https://iclass.tku.edu.tw/course/261157/courseware,absolute-url
https://www.youtube.com/iframe_api,www.youtube.com,raw/iclass.tku.edu.tw/course/261157/courseware.html,https://iclass.tku.edu.tw/course/261157/courseware,absolute-url
https://iclass.tku.edu.tw/,iclass.tku.edu.tw,raw/iclass.tku.edu.tw/course/261157/enrollments.html,https://iclass.tku.edu.tw/course/261157/enrollments,absolute-url
https://www.googletagmanager.com/gtag/js,www.googletagmanager.com,raw/iclass.tku.edu.tw/course/261157/enrollments.html,https://iclass.tku.edu.tw/course/261157/enrollments,absolute-url
https://github.com/OWASP/CheatSheetSeries/blob/master/cheatsheets/Clickjacking_Defense_Cheat_Sheet.md#best-for-now-legacy-browser-frame-breaking-script--,github.com,raw/iclass.tku.edu.tw/course/261157/enrollments.html,https://iclass.tku.edu.tw/course/261157/enrollments,absolute-url
https://bam.nr-data.net,bam.nr-data.net,raw/iclass.tku.edu.tw/course/261157/enrollments.html,https://iclass.tku.edu.tw/course/261157/enrollments,absolute-url
https://www.google-analytics.com,www.google-analytics.com,raw/iclass.tku.edu.tw/course/261157/enrollments.html,https://iclass.tku.edu.tw/course/261157/enrollments,absolute-url
https://iclass.tku.edu.tw/iportal,iclass.tku.edu.tw,raw/iclass.tku.edu.tw/course/261157/enrollments.html,https://iclass.tku.edu.tw/course/261157/enrollments,absolute-url
"https://tronclass.com.tw/public-manual/TronclassManual_System_Admin.pdf',",tronclass.com.tw,raw/iclass.tku.edu.tw/course/261157/enrollments.html,https://iclass.tku.edu.tw/course/261157/enrollments,absolute-url
"https://tronclass.com.tw/public-manual/TronclassManual_Administrator.pdf',",tronclass.com.tw,raw/iclass.tku.edu.tw/course/261157/enrollments.html,https://iclass.tku.edu.tw/course/261157/enrollments,absolute-url
"https://tronclass.com.tw/public-manual/manual-teacher.html',",tronclass.com.tw,raw/iclass.tku.edu.tw/course/261157/enrollments.html,https://iclass.tku.edu.tw/course/261157/enrollments,absolute-url
"https://tronclass.com.tw/public-manual/TronclassManual_Student.pdf',",tronclass.com.tw,raw/iclass.tku.edu.tw/course/261157/enrollments.html,https://iclass.tku.edu.tw/course/261157/enrollments,absolute-url
"https://tronclass.com.tw/public-manual/TronclassManual_App.pdf',",tronclass.com.tw,raw/iclass.tku.edu.tw/course/261157/enrollments.html,https://iclass.tku.edu.tw/course/261157/enrollments,absolute-url
https://support.tronclass.com',support.tronclass.com',raw/iclass.tku.edu.tw/course/261157/enrollments.html,https://iclass.tku.edu.tw/course/261157/enrollments,absolute-url
https://iclass.tku.edu.tw/market,iclass.tku.edu.tw,raw/iclass.tku.edu.tw/course/261157/enrollments.html,https://iclass.tku.edu.tw/course/261157/enrollments,absolute-url
http://ap09.emis.tku.edu.tw/{expr}_{expr}/{expr}_{expr}_{expr}.PDF,ap09.emis.tku.edu.tw,raw/iclass.tku.edu.tw/course/261157/enrollments.html,https://iclass.tku.edu.tw/course/261157/enrollments,absolute-url
https://www.youtube.com/iframe_api,www.youtube.com,raw/iclass.tku.edu.tw/course/261157/enrollments.html,https://iclass.tku.edu.tw/course/261157/enrollments,absolute-url
https://get.adobe.com/flashplayer/,get.adobe.com,raw/iclass.tku.edu.tw/course/261157/enrollments.html,https://iclass.tku.edu.tw/course/261157/enrollments,absolute-url
https://iclass.tku.edu.tw/,iclass.tku.edu.tw,raw/iclass.tku.edu.tw/course/261157/exam.html,https://iclass.tku.edu.tw/course/261157/exam,absolute-url
https://www.googletagmanager.com/gtag/js,www.googletagmanager.com,raw/iclass.tku.edu.tw/course/261157/exam.html,https://iclass.tku.edu.tw/course/261157/exam,absolute-url
https://github.com/OWASP/CheatSheetSeries/blob/master/cheatsheets/Clickjacking_Defense_Cheat_Sheet.md#best-for-now-legacy-browser-frame-breaking-script--,github.com,raw/iclass.tku.edu.tw/course/261157/exam.html,https://iclass.tku.edu.tw/course/261157/exam,absolute-url
https://bam.nr-data.net,bam.nr-data.net,raw/iclass.tku.edu.tw/course/261157/exam.html,https://iclass.tku.edu.tw/course/261157/exam,absolute-url
https://www.google-analytics.com,www.google-analytics.com,raw/iclass.tku.edu.tw/course/261157/exam.html,https://iclass.tku.edu.tw/course/261157/exam,absolute-url
https://iclass.tku.edu.tw/iportal,iclass.tku.edu.tw,raw/iclass.tku.edu.tw/course/261157/exam.html,https://iclass.tku.edu.tw/course/261157/exam,absolute-url
"https://tronclass.com.tw/public-manual/TronclassManual_System_Admin.pdf',",tronclass.com.tw,raw/iclass.tku.edu.tw/course/261157/exam.html,https://iclass.tku.edu.tw/course/261157/exam,absolute-url
"https://tronclass.com.tw/public-manual/TronclassManual_Administrator.pdf',",tronclass.com.tw,raw/iclass.tku.edu.tw/course/261157/exam.html,https://iclass.tku.edu.tw/course/261157/exam,absolute-url
"https://tronclass.com.tw/public-manual/manual-teacher.html',",tronclass.com.tw,raw/iclass.tku.edu.tw/course/261157/exam.html,https://iclass.tku.edu.tw/course/261157/exam,absolute-url
"https://tronclass.com.tw/public-manual/TronclassManual_Student.pdf',",tronclass.com.tw,raw/iclass.tku.edu.tw/course/261157/exam.html,https://iclass.tku.edu.tw/course/261157/exam,absolute-url
"https://tronclass.com.tw/public-manual/TronclassManual_App.pdf',",tronclass.com.tw,raw/iclass.tku.edu.tw/course/261157/exam.html,https://iclass.tku.edu.tw/course/261157/exam,absolute-url
https://support.tronclass.com',support.tronclass.com',raw/iclass.tku.edu.tw/course/261157/exam.html,https://iclass.tku.edu.tw/course/261157/exam,absolute-url
https://iclass.tku.edu.tw/market,iclass.tku.edu.tw,raw/iclass.tku.edu.tw/course/261157/exam.html,https://iclass.tku.edu.tw/course/261157/exam,absolute-url
http://ap09.emis.tku.edu.tw/{expr}_{expr}/{expr}_{expr}_{expr}.PDF,ap09.emis.tku.edu.tw,raw/iclass.tku.edu.tw/course/261157/exam.html,https://iclass.tku.edu.tw/course/261157/exam,absolute-url
https://www.youtube.com/iframe_api,www.youtube.com,raw/iclass.tku.edu.tw/course/261157/exam.html,https://iclass.tku.edu.tw/course/261157/exam,absolute-url
https://get.adobe.com/flashplayer/,get.adobe.com,raw/iclass.tku.edu.tw/course/261157/exam.html,https://iclass.tku.edu.tw/course/261157/exam,absolute-url
https://iclass.tku.edu.tw/,iclass.tku.edu.tw,raw/iclass.tku.edu.tw/course/261157/forum.html,https://iclass.tku.edu.tw/course/261157/forum,absolute-url
https://www.googletagmanager.com/gtag/js,www.googletagmanager.com,raw/iclass.tku.edu.tw/course/261157/forum.html,https://iclass.tku.edu.tw/course/261157/forum,absolute-url
https://github.com/OWASP/CheatSheetSeries/blob/master/cheatsheets/Clickjacking_Defense_Cheat_Sheet.md#best-for-now-legacy-browser-frame-breaking-script--,github.com,raw/iclass.tku.edu.tw/course/261157/forum.html,https://iclass.tku.edu.tw/course/261157/forum,absolute-url
https://bam.nr-data.net,bam.nr-data.net,raw/iclass.tku.edu.tw/course/261157/forum.html,https://iclass.tku.edu.tw/course/261157/forum,absolute-url
https://www.google-analytics.com,www.google-analytics.com,raw/iclass.tku.edu.tw/course/261157/forum.html,https://iclass.tku.edu.tw/course/261157/forum,absolute-url
https://iclass.tku.edu.tw/iportal,iclass.tku.edu.tw,raw/iclass.tku.edu.tw/course/261157/forum.html,https://iclass.tku.edu.tw/course/261157/forum,absolute-url
"https://tronclass.com.tw/public-manual/TronclassManual_System_Admin.pdf',",tronclass.com.tw,raw/iclass.tku.edu.tw/course/261157/forum.html,https://iclass.tku.edu.tw/course/261157/forum,absolute-url
"https://tronclass.com.tw/public-manual/TronclassManual_Administrator.pdf',",tronclass.com.tw,raw/iclass.tku.edu.tw/course/261157/forum.html,https://iclass.tku.edu.tw/course/261157/forum,absolute-url
"https://tronclass.com.tw/public-manual/manual-teacher.html',",tronclass.com.tw,raw/iclass.tku.edu.tw/course/261157/forum.html,https://iclass.tku.edu.tw/course/261157/forum,absolute-url
"https://tronclass.com.tw/public-manual/TronclassManual_Student.pdf',",tronclass.com.tw,raw/iclass.tku.edu.tw/course/261157/forum.html,https://iclass.tku.edu.tw/course/261157/forum,absolute-url
"https://tronclass.com.tw/public-manual/TronclassManual_App.pdf',",tronclass.com.tw,raw/iclass.tku.edu.tw/course/261157/forum.html,https://iclass.tku.edu.tw/course/261157/forum,absolute-url
https://support.tronclass.com',support.tronclass.com',raw/iclass.tku.edu.tw/course/261157/forum.html,https://iclass.tku.edu.tw/course/261157/forum,absolute-url
https://iclass.tku.edu.tw/market,iclass.tku.edu.tw,raw/iclass.tku.edu.tw/course/261157/forum.html,https://iclass.tku.edu.tw/course/261157/forum,absolute-url
http://ap09.emis.tku.edu.tw/{expr}_{expr}/{expr}_{expr}_{expr}.PDF,ap09.emis.tku.edu.tw,raw/iclass.tku.edu.tw/course/261157/forum.html,https://iclass.tku.edu.tw/course/261157/forum,absolute-url
http://www.w3.org/{id}/html,www.w3.org,raw/iclass.tku.edu.tw/course/261157/forum.html,https://iclass.tku.edu.tw/course/261157/forum,absolute-url
https://www.youtube.com/iframe_api,www.youtube.com,raw/iclass.tku.edu.tw/course/261157/forum.html,https://iclass.tku.edu.tw/course/261157/forum,absolute-url
https://get.adobe.com/flashplayer/,get.adobe.com,raw/iclass.tku.edu.tw/course/261157/forum.html,https://iclass.tku.edu.tw/course/261157/forum,absolute-url
https://iclass.tku.edu.tw/,iclass.tku.edu.tw,raw/iclass.tku.edu.tw/course/261157/group-set.html,https://iclass.tku.edu.tw/course/261157/group-set,absolute-url
https://www.googletagmanager.com/gtag/js,www.googletagmanager.com,raw/iclass.tku.edu.tw/course/261157/group-set.html,https://iclass.tku.edu.tw/course/261157/group-set,absolute-url
https://github.com/OWASP/CheatSheetSeries/blob/master/cheatsheets/Clickjacking_Defense_Cheat_Sheet.md#best-for-now-legacy-browser-frame-breaking-script--,github.com,raw/iclass.tku.edu.tw/course/261157/group-set.html,https://iclass.tku.edu.tw/course/261157/group-set,absolute-url
https://bam.nr-data.net,bam.nr-data.net,raw/iclass.tku.edu.tw/course/261157/group-set.html,https://iclass.tku.edu.tw/course/261157/group-set,absolute-url
https://www.google-analytics.com,www.google-analytics.com,raw/iclass.tku.edu.tw/course/261157/group-set.html,https://iclass.tku.edu.tw/course/261157/group-set,absolute-url
https://iclass.tku.edu.tw/iportal,iclass.tku.edu.tw,raw/iclass.tku.edu.tw/course/261157/group-set.html,https://iclass.tku.edu.tw/course/261157/group-set,absolute-url
"https://tronclass.com.tw/public-manual/TronclassManual_System_Admin.pdf',",tronclass.com.tw,raw/iclass.tku.edu.tw/course/261157/group-set.html,https://iclass.tku.edu.tw/course/261157/group-set,absolute-url
"https://tronclass.com.tw/public-manual/TronclassManual_Administrator.pdf',",tronclass.com.tw,raw/iclass.tku.edu.tw/course/261157/group-set.html,https://iclass.tku.edu.tw/course/261157/group-set,absolute-url
"https://tronclass.com.tw/public-manual/manual-teacher.html',",tronclass.com.tw,raw/iclass.tku.edu.tw/course/261157/group-set.html,https://iclass.tku.edu.tw/course/261157/group-set,absolute-url
"https://tronclass.com.tw/public-manual/TronclassManual_Student.pdf',",tronclass.com.tw,raw/iclass.tku.edu.tw/course/261157/group-set.html,https://iclass.tku.edu.tw/course/261157/group-set,absolute-url
"https://tronclass.com.tw/public-manual/TronclassManual_App.pdf',",tronclass.com.tw,raw/iclass.tku.edu.tw/course/261157/group-set.html,https://iclass.tku.edu.tw/course/261157/group-set,absolute-url
https://support.tronclass.com',support.tronclass.com',raw/iclass.tku.edu.tw/course/261157/group-set.html,https://iclass.tku.edu.tw/course/261157/group-set,absolute-url
https://iclass.tku.edu.tw/market,iclass.tku.edu.tw,raw/iclass.tku.edu.tw/course/261157/group-set.html,https://iclass.tku.edu.tw/course/261157/group-set,absolute-url
http://ap09.emis.tku.edu.tw/{expr}_{expr}/{expr}_{expr}_{expr}.PDF,ap09.emis.tku.edu.tw,raw/iclass.tku.edu.tw/course/261157/group-set.html,https://iclass.tku.edu.tw/course/261157/group-set,absolute-url
http://www.w3.org/{id}/html,www.w3.org,raw/iclass.tku.edu.tw/course/261157/group-set.html,https://iclass.tku.edu.tw/course/261157/group-set,absolute-url
https://www.youtube.com/iframe_api,www.youtube.com,raw/iclass.tku.edu.tw/course/261157/group-set.html,https://iclass.tku.edu.tw/course/261157/group-set,absolute-url
https://get.adobe.com/flashplayer/,get.adobe.com,raw/iclass.tku.edu.tw/course/261157/group-set.html,https://iclass.tku.edu.tw/course/261157/group-set,absolute-url
https://iclass.tku.edu.tw/,iclass.tku.edu.tw,raw/iclass.tku.edu.tw/course/261157/homework.html,https://iclass.tku.edu.tw/course/261157/homework,absolute-url
https://www.googletagmanager.com/gtag/js,www.googletagmanager.com,raw/iclass.tku.edu.tw/course/261157/homework.html,https://iclass.tku.edu.tw/course/261157/homework,absolute-url
https://github.com/OWASP/CheatSheetSeries/blob/master/cheatsheets/Clickjacking_Defense_Cheat_Sheet.md#best-for-now-legacy-browser-frame-breaking-script--,github.com,raw/iclass.tku.edu.tw/course/261157/homework.html,https://iclass.tku.edu.tw/course/261157/homework,absolute-url
https://bam.nr-data.net,bam.nr-data.net,raw/iclass.tku.edu.tw/course/261157/homework.html,https://iclass.tku.edu.tw/course/261157/homework,absolute-url
https://www.google-analytics.com,www.google-analytics.com,raw/iclass.tku.edu.tw/course/261157/homework.html,https://iclass.tku.edu.tw/course/261157/homework,absolute-url
https://iclass.tku.edu.tw/iportal,iclass.tku.edu.tw,raw/iclass.tku.edu.tw/course/261157/homework.html,https://iclass.tku.edu.tw/course/261157/homework,absolute-url
"https://tronclass.com.tw/public-manual/TronclassManual_System_Admin.pdf',",tronclass.com.tw,raw/iclass.tku.edu.tw/course/261157/homework.html,https://iclass.tku.edu.tw/course/261157/homework,absolute-url
"https://tronclass.com.tw/public-manual/TronclassManual_Administrator.pdf',",tronclass.com.tw,raw/iclass.tku.edu.tw/course/261157/homework.html,https://iclass.tku.edu.tw/course/261157/homework,absolute-url
"https://tronclass.com.tw/public-manual/manual-teacher.html',",tronclass.com.tw,raw/iclass.tku.edu.tw/course/261157/homework.html,https://iclass.tku.edu.tw/course/261157/homework,absolute-url
"https://tronclass.com.tw/public-manual/TronclassManual_Student.pdf',",tronclass.com.tw,raw/iclass.tku.edu.tw/course/261157/homework.html,https://iclass.tku.edu.tw/course/261157/homework,absolute-url
"https://tronclass.com.tw/public-manual/TronclassManual_App.pdf',",tronclass.com.tw,raw/iclass.tku.edu.tw/course/261157/homework.html,https://iclass.tku.edu.tw/course/261157/homework,absolute-url
https://support.tronclass.com',support.tronclass.com',raw/iclass.tku.edu.tw/course/261157/homework.html,https://iclass.tku.edu.tw/course/261157/homework,absolute-url
https://iclass.tku.edu.tw/market,iclass.tku.edu.tw,raw/iclass.tku.edu.tw/course/261157/homework.html,https://iclass.tku.edu.tw/course/261157/homework,absolute-url
http://ap09.emis.tku.edu.tw/{expr}_{expr}/{expr}_{expr}_{expr}.PDF,ap09.emis.tku.edu.tw,raw/iclass.tku.edu.tw/course/261157/homework.html,https://iclass.tku.edu.tw/course/261157/homework,absolute-url
https://www.youtube.com/iframe_api,www.youtube.com,raw/iclass.tku.edu.tw/course/261157/homework.html,https://iclass.tku.edu.tw/course/261157/homework,absolute-url
https://get.adobe.com/flashplayer/,get.adobe.com,raw/iclass.tku.edu.tw/course/261157/homework.html,https://iclass.tku.edu.tw/course/261157/homework,absolute-url
https://iclass.tku.edu.tw/,iclass.tku.edu.tw,raw/iclass.tku.edu.tw/course/261157/lesson_resource_url.html,https://iclass.tku.edu.tw/course/261157/lesson_resource_url,absolute-url
https://www.googletagmanager.com/gtag/js,www.googletagmanager.com,raw/iclass.tku.edu.tw/course/261157/lesson_resource_url.html,https://iclass.tku.edu.tw/course/261157/lesson_resource_url,absolute-url
https://github.com/OWASP/CheatSheetSeries/blob/master/cheatsheets/Clickjacking_Defense_Cheat_Sheet.md#best-for-now-legacy-browser-frame-breaking-script--,github.com,raw/iclass.tku.edu.tw/course/261157/lesson_resource_url.html,https://iclass.tku.edu.tw/course/261157/lesson_resource_url,absolute-url
https://bam.nr-data.net,bam.nr-data.net,raw/iclass.tku.edu.tw/course/261157/lesson_resource_url.html,https://iclass.tku.edu.tw/course/261157/lesson_resource_url,absolute-url
https://www.google-analytics.com,www.google-analytics.com,raw/iclass.tku.edu.tw/course/261157/lesson_resource_url.html,https://iclass.tku.edu.tw/course/261157/lesson_resource_url,absolute-url
https://iclass.tku.edu.tw/iportal,iclass.tku.edu.tw,raw/iclass.tku.edu.tw/course/261157/lesson_resource_url.html,https://iclass.tku.edu.tw/course/261157/lesson_resource_url,absolute-url
"https://tronclass.com.tw/public-manual/TronclassManual_System_Admin.pdf',",tronclass.com.tw,raw/iclass.tku.edu.tw/course/261157/lesson_resource_url.html,https://iclass.tku.edu.tw/course/261157/lesson_resource_url,absolute-url
"https://tronclass.com.tw/public-manual/TronclassManual_Administrator.pdf',",tronclass.com.tw,raw/iclass.tku.edu.tw/course/261157/lesson_resource_url.html,https://iclass.tku.edu.tw/course/261157/lesson_resource_url,absolute-url
"https://tronclass.com.tw/public-manual/manual-teacher.html',",tronclass.com.tw,raw/iclass.tku.edu.tw/course/261157/lesson_resource_url.html,https://iclass.tku.edu.tw/course/261157/lesson_resource_url,absolute-url
"https://tronclass.com.tw/public-manual/TronclassManual_Student.pdf',",tronclass.com.tw,raw/iclass.tku.edu.tw/course/261157/lesson_resource_url.html,https://iclass.tku.edu.tw/course/261157/lesson_resource_url,absolute-url
"https://tronclass.com.tw/public-manual/TronclassManual_App.pdf',",tronclass.com.tw,raw/iclass.tku.edu.tw/course/261157/lesson_resource_url.html,https://iclass.tku.edu.tw/course/261157/lesson_resource_url,absolute-url
https://support.tronclass.com',support.tronclass.com',raw/iclass.tku.edu.tw/course/261157/lesson_resource_url.html,https://iclass.tku.edu.tw/course/261157/lesson_resource_url,absolute-url
https://iclass.tku.edu.tw/market,iclass.tku.edu.tw,raw/iclass.tku.edu.tw/course/261157/lesson_resource_url.html,https://iclass.tku.edu.tw/course/261157/lesson_resource_url,absolute-url
https://www.youtube.com/iframe_api,www.youtube.com,raw/iclass.tku.edu.tw/course/261157/lesson_resource_url.html,https://iclass.tku.edu.tw/course/261157/lesson_resource_url,absolute-url
https://get.adobe.com/flashplayer/,get.adobe.com,raw/iclass.tku.edu.tw/course/261157/lesson_resource_url.html,https://iclass.tku.edu.tw/course/261157/lesson_resource_url,absolute-url
https://iclass.tku.edu.tw/,iclass.tku.edu.tw,raw/iclass.tku.edu.tw/course/261157/live-activities.html,https://iclass.tku.edu.tw/course/261157/live-activities,absolute-url
https://www.googletagmanager.com/gtag/js,www.googletagmanager.com,raw/iclass.tku.edu.tw/course/261157/live-activities.html,https://iclass.tku.edu.tw/course/261157/live-activities,absolute-url
https://github.com/OWASP/CheatSheetSeries/blob/master/cheatsheets/Clickjacking_Defense_Cheat_Sheet.md#best-for-now-legacy-browser-frame-breaking-script--,github.com,raw/iclass.tku.edu.tw/course/261157/live-activities.html,https://iclass.tku.edu.tw/course/261157/live-activities,absolute-url
https://bam.nr-data.net,bam.nr-data.net,raw/iclass.tku.edu.tw/course/261157/live-activities.html,https://iclass.tku.edu.tw/course/261157/live-activities,absolute-url
https://www.google-analytics.com,www.google-analytics.com,raw/iclass.tku.edu.tw/course/261157/live-activities.html,https://iclass.tku.edu.tw/course/261157/live-activities,absolute-url
https://iclass.tku.edu.tw/iportal,iclass.tku.edu.tw,raw/iclass.tku.edu.tw/course/261157/live-activities.html,https://iclass.tku.edu.tw/course/261157/live-activities,absolute-url
"https://tronclass.com.tw/public-manual/TronclassManual_System_Admin.pdf',",tronclass.com.tw,raw/iclass.tku.edu.tw/course/261157/live-activities.html,https://iclass.tku.edu.tw/course/261157/live-activities,absolute-url
"https://tronclass.com.tw/public-manual/TronclassManual_Administrator.pdf',",tronclass.com.tw,raw/iclass.tku.edu.tw/course/261157/live-activities.html,https://iclass.tku.edu.tw/course/261157/live-activities,absolute-url
"https://tronclass.com.tw/public-manual/manual-teacher.html',",tronclass.com.tw,raw/iclass.tku.edu.tw/course/261157/live-activities.html,https://iclass.tku.edu.tw/course/261157/live-activities,absolute-url
"https://tronclass.com.tw/public-manual/TronclassManual_Student.pdf',",tronclass.com.tw,raw/iclass.tku.edu.tw/course/261157/live-activities.html,https://iclass.tku.edu.tw/course/261157/live-activities,absolute-url
"https://tronclass.com.tw/public-manual/TronclassManual_App.pdf',",tronclass.com.tw,raw/iclass.tku.edu.tw/course/261157/live-activities.html,https://iclass.tku.edu.tw/course/261157/live-activities,absolute-url
https://support.tronclass.com',support.tronclass.com',raw/iclass.tku.edu.tw/course/261157/live-activities.html,https://iclass.tku.edu.tw/course/261157/live-activities,absolute-url
https://iclass.tku.edu.tw/market,iclass.tku.edu.tw,raw/iclass.tku.edu.tw/course/261157/live-activities.html,https://iclass.tku.edu.tw/course/261157/live-activities,absolute-url
http://ap09.emis.tku.edu.tw/{expr}_{expr}/{expr}_{expr}_{expr}.PDF,ap09.emis.tku.edu.tw,raw/iclass.tku.edu.tw/course/261157/live-activities.html,https://iclass.tku.edu.tw/course/261157/live-activities,absolute-url
https://www.youtube.com/iframe_api,www.youtube.com,raw/iclass.tku.edu.tw/course/261157/live-activities.html,https://iclass.tku.edu.tw/course/261157/live-activities,absolute-url
https://get.adobe.com/flashplayer/,get.adobe.com,raw/iclass.tku.edu.tw/course/261157/live-activities.html,https://iclass.tku.edu.tw/course/261157/live-activities,absolute-url
https://iclass.tku.edu.tw/,iclass.tku.edu.tw,raw/iclass.tku.edu.tw/course/261157/manualUrl.html,https://iclass.tku.edu.tw/course/261157/manualUrl,absolute-url
https://www.googletagmanager.com/gtag/js,www.googletagmanager.com,raw/iclass.tku.edu.tw/course/261157/manualUrl.html,https://iclass.tku.edu.tw/course/261157/manualUrl,absolute-url
https://github.com/OWASP/CheatSheetSeries/blob/master/cheatsheets/Clickjacking_Defense_Cheat_Sheet.md#best-for-now-legacy-browser-frame-breaking-script--,github.com,raw/iclass.tku.edu.tw/course/261157/manualUrl.html,https://iclass.tku.edu.tw/course/261157/manualUrl,absolute-url
https://bam.nr-data.net,bam.nr-data.net,raw/iclass.tku.edu.tw/course/261157/manualUrl.html,https://iclass.tku.edu.tw/course/261157/manualUrl,absolute-url
https://www.google-analytics.com,www.google-analytics.com,raw/iclass.tku.edu.tw/course/261157/manualUrl.html,https://iclass.tku.edu.tw/course/261157/manualUrl,absolute-url
https://iclass.tku.edu.tw/iportal,iclass.tku.edu.tw,raw/iclass.tku.edu.tw/course/261157/manualUrl.html,https://iclass.tku.edu.tw/course/261157/manualUrl,absolute-url
"https://tronclass.com.tw/public-manual/TronclassManual_System_Admin.pdf',",tronclass.com.tw,raw/iclass.tku.edu.tw/course/261157/manualUrl.html,https://iclass.tku.edu.tw/course/261157/manualUrl,absolute-url
"https://tronclass.com.tw/public-manual/TronclassManual_Administrator.pdf',",tronclass.com.tw,raw/iclass.tku.edu.tw/course/261157/manualUrl.html,https://iclass.tku.edu.tw/course/261157/manualUrl,absolute-url
"https://tronclass.com.tw/public-manual/manual-teacher.html',",tronclass.com.tw,raw/iclass.tku.edu.tw/course/261157/manualUrl.html,https://iclass.tku.edu.tw/course/261157/manualUrl,absolute-url
"https://tronclass.com.tw/public-manual/TronclassManual_Student.pdf',",tronclass.com.tw,raw/iclass.tku.edu.tw/course/261157/manualUrl.html,https://iclass.tku.edu.tw/course/261157/manualUrl,absolute-url
"https://tronclass.com.tw/public-manual/TronclassManual_App.pdf',",tronclass.com.tw,raw/iclass.tku.edu.tw/course/261157/manualUrl.html,https://iclass.tku.edu.tw/course/261157/manualUrl,absolute-url
https://support.tronclass.com',support.tronclass.com',raw/iclass.tku.edu.tw/course/261157/manualUrl.html,https://iclass.tku.edu.tw/course/261157/manualUrl,absolute-url
https://iclass.tku.edu.tw/market,iclass.tku.edu.tw,raw/iclass.tku.edu.tw/course/261157/manualUrl.html,https://iclass.tku.edu.tw/course/261157/manualUrl,absolute-url
https://www.youtube.com/iframe_api,www.youtube.com,raw/iclass.tku.edu.tw/course/261157/manualUrl.html,https://iclass.tku.edu.tw/course/261157/manualUrl,absolute-url
https://get.adobe.com/flashplayer/,get.adobe.com,raw/iclass.tku.edu.tw/course/261157/manualUrl.html,https://iclass.tku.edu.tw/course/261157/manualUrl,absolute-url
https://iclass.tku.edu.tw/,iclass.tku.edu.tw,raw/iclass.tku.edu.tw/course/261157/my-stat.html,https://iclass.tku.edu.tw/course/261157/my-stat,absolute-url
https://www.googletagmanager.com/gtag/js,www.googletagmanager.com,raw/iclass.tku.edu.tw/course/261157/my-stat.html,https://iclass.tku.edu.tw/course/261157/my-stat,absolute-url
https://github.com/OWASP/CheatSheetSeries/blob/master/cheatsheets/Clickjacking_Defense_Cheat_Sheet.md#best-for-now-legacy-browser-frame-breaking-script--,github.com,raw/iclass.tku.edu.tw/course/261157/my-stat.html,https://iclass.tku.edu.tw/course/261157/my-stat,absolute-url
https://bam.nr-data.net,bam.nr-data.net,raw/iclass.tku.edu.tw/course/261157/my-stat.html,https://iclass.tku.edu.tw/course/261157/my-stat,absolute-url
https://www.google-analytics.com,www.google-analytics.com,raw/iclass.tku.edu.tw/course/261157/my-stat.html,https://iclass.tku.edu.tw/course/261157/my-stat,absolute-url
https://iclass.tku.edu.tw/iportal,iclass.tku.edu.tw,raw/iclass.tku.edu.tw/course/261157/my-stat.html,https://iclass.tku.edu.tw/course/261157/my-stat,absolute-url
"https://tronclass.com.tw/public-manual/TronclassManual_System_Admin.pdf',",tronclass.com.tw,raw/iclass.tku.edu.tw/course/261157/my-stat.html,https://iclass.tku.edu.tw/course/261157/my-stat,absolute-url
"https://tronclass.com.tw/public-manual/TronclassManual_Administrator.pdf',",tronclass.com.tw,raw/iclass.tku.edu.tw/course/261157/my-stat.html,https://iclass.tku.edu.tw/course/261157/my-stat,absolute-url
"https://tronclass.com.tw/public-manual/manual-teacher.html',",tronclass.com.tw,raw/iclass.tku.edu.tw/course/261157/my-stat.html,https://iclass.tku.edu.tw/course/261157/my-stat,absolute-url
"https://tronclass.com.tw/public-manual/TronclassManual_Student.pdf',",tronclass.com.tw,raw/iclass.tku.edu.tw/course/261157/my-stat.html,https://iclass.tku.edu.tw/course/261157/my-stat,absolute-url
"https://tronclass.com.tw/public-manual/TronclassManual_App.pdf',",tronclass.com.tw,raw/iclass.tku.edu.tw/course/261157/my-stat.html,https://iclass.tku.edu.tw/course/261157/my-stat,absolute-url
https://support.tronclass.com',support.tronclass.com',raw/iclass.tku.edu.tw/course/261157/my-stat.html,https://iclass.tku.edu.tw/course/261157/my-stat,absolute-url
https://iclass.tku.edu.tw/market,iclass.tku.edu.tw,raw/iclass.tku.edu.tw/course/261157/my-stat.html,https://iclass.tku.edu.tw/course/261157/my-stat,absolute-url
http://ap09.emis.tku.edu.tw/{expr}_{expr}/{expr}_{expr}_{expr}.PDF,ap09.emis.tku.edu.tw,raw/iclass.tku.edu.tw/course/261157/my-stat.html,https://iclass.tku.edu.tw/course/261157/my-stat,absolute-url
https://www.youtube.com/iframe_api,www.youtube.com,raw/iclass.tku.edu.tw/course/261157/my-stat.html,https://iclass.tku.edu.tw/course/261157/my-stat,absolute-url
https://get.adobe.com/flashplayer/,get.adobe.com,raw/iclass.tku.edu.tw/course/261157/my-stat.html,https://iclass.tku.edu.tw/course/261157/my-stat,absolute-url
https://iclass.tku.edu.tw/,iclass.tku.edu.tw,raw/iclass.tku.edu.tw/course/261157/note.html,https://iclass.tku.edu.tw/course/261157/note,absolute-url
https://www.googletagmanager.com/gtag/js,www.googletagmanager.com,raw/iclass.tku.edu.tw/course/261157/note.html,https://iclass.tku.edu.tw/course/261157/note,absolute-url
https://github.com/OWASP/CheatSheetSeries/blob/master/cheatsheets/Clickjacking_Defense_Cheat_Sheet.md#best-for-now-legacy-browser-frame-breaking-script--,github.com,raw/iclass.tku.edu.tw/course/261157/note.html,https://iclass.tku.edu.tw/course/261157/note,absolute-url
https://bam.nr-data.net,bam.nr-data.net,raw/iclass.tku.edu.tw/course/261157/note.html,https://iclass.tku.edu.tw/course/261157/note,absolute-url
https://www.google-analytics.com,www.google-analytics.com,raw/iclass.tku.edu.tw/course/261157/note.html,https://iclass.tku.edu.tw/course/261157/note,absolute-url
https://iclass.tku.edu.tw/iportal,iclass.tku.edu.tw,raw/iclass.tku.edu.tw/course/261157/note.html,https://iclass.tku.edu.tw/course/261157/note,absolute-url
"https://tronclass.com.tw/public-manual/TronclassManual_System_Admin.pdf',",tronclass.com.tw,raw/iclass.tku.edu.tw/course/261157/note.html,https://iclass.tku.edu.tw/course/261157/note,absolute-url
"https://tronclass.com.tw/public-manual/TronclassManual_Administrator.pdf',",tronclass.com.tw,raw/iclass.tku.edu.tw/course/261157/note.html,https://iclass.tku.edu.tw/course/261157/note,absolute-url
"https://tronclass.com.tw/public-manual/manual-teacher.html',",tronclass.com.tw,raw/iclass.tku.edu.tw/course/261157/note.html,https://iclass.tku.edu.tw/course/261157/note,absolute-url
"https://tronclass.com.tw/public-manual/TronclassManual_Student.pdf',",tronclass.com.tw,raw/iclass.tku.edu.tw/course/261157/note.html,https://iclass.tku.edu.tw/course/261157/note,absolute-url
"https://tronclass.com.tw/public-manual/TronclassManual_App.pdf',",tronclass.com.tw,raw/iclass.tku.edu.tw/course/261157/note.html,https://iclass.tku.edu.tw/course/261157/note,absolute-url
https://support.tronclass.com',support.tronclass.com',raw/iclass.tku.edu.tw/course/261157/note.html,https://iclass.tku.edu.tw/course/261157/note,absolute-url
https://iclass.tku.edu.tw/market,iclass.tku.edu.tw,raw/iclass.tku.edu.tw/course/261157/note.html,https://iclass.tku.edu.tw/course/261157/note,absolute-url
http://ap09.emis.tku.edu.tw/{expr}_{expr}/{expr}_{expr}_{expr}.PDF,ap09.emis.tku.edu.tw,raw/iclass.tku.edu.tw/course/261157/note.html,https://iclass.tku.edu.tw/course/261157/note,absolute-url
https://get.adobe.com/flashplayer/,get.adobe.com,raw/iclass.tku.edu.tw/course/261157/note.html,https://iclass.tku.edu.tw/course/261157/note,absolute-url
https://www.youtube.com/iframe_api,www.youtube.com,raw/iclass.tku.edu.tw/course/261157/note.html,https://iclass.tku.edu.tw/course/261157/note,absolute-url
https://iclass.tku.edu.tw/,iclass.tku.edu.tw,raw/iclass.tku.edu.tw/course/261157/outline.html,https://iclass.tku.edu.tw/course/261157/outline,absolute-url
https://www.googletagmanager.com/gtag/js,www.googletagmanager.com,raw/iclass.tku.edu.tw/course/261157/outline.html,https://iclass.tku.edu.tw/course/261157/outline,absolute-url
https://github.com/OWASP/CheatSheetSeries/blob/master/cheatsheets/Clickjacking_Defense_Cheat_Sheet.md#best-for-now-legacy-browser-frame-breaking-script--,github.com,raw/iclass.tku.edu.tw/course/261157/outline.html,https://iclass.tku.edu.tw/course/261157/outline,absolute-url
https://bam.nr-data.net,bam.nr-data.net,raw/iclass.tku.edu.tw/course/261157/outline.html,https://iclass.tku.edu.tw/course/261157/outline,absolute-url
https://www.google-analytics.com,www.google-analytics.com,raw/iclass.tku.edu.tw/course/261157/outline.html,https://iclass.tku.edu.tw/course/261157/outline,absolute-url
https://iclass.tku.edu.tw/iportal,iclass.tku.edu.tw,raw/iclass.tku.edu.tw/course/261157/outline.html,https://iclass.tku.edu.tw/course/261157/outline,absolute-url
"https://tronclass.com.tw/public-manual/TronclassManual_System_Admin.pdf',",tronclass.com.tw,raw/iclass.tku.edu.tw/course/261157/outline.html,https://iclass.tku.edu.tw/course/261157/outline,absolute-url
"https://tronclass.com.tw/public-manual/TronclassManual_Administrator.pdf',",tronclass.com.tw,raw/iclass.tku.edu.tw/course/261157/outline.html,https://iclass.tku.edu.tw/course/261157/outline,absolute-url
"https://tronclass.com.tw/public-manual/manual-teacher.html',",tronclass.com.tw,raw/iclass.tku.edu.tw/course/261157/outline.html,https://iclass.tku.edu.tw/course/261157/outline,absolute-url
"https://tronclass.com.tw/public-manual/TronclassManual_Student.pdf',",tronclass.com.tw,raw/iclass.tku.edu.tw/course/261157/outline.html,https://iclass.tku.edu.tw/course/261157/outline,absolute-url
"https://tronclass.com.tw/public-manual/TronclassManual_App.pdf',",tronclass.com.tw,raw/iclass.tku.edu.tw/course/261157/outline.html,https://iclass.tku.edu.tw/course/261157/outline,absolute-url
https://support.tronclass.com',support.tronclass.com',raw/iclass.tku.edu.tw/course/261157/outline.html,https://iclass.tku.edu.tw/course/261157/outline,absolute-url
https://iclass.tku.edu.tw/market,iclass.tku.edu.tw,raw/iclass.tku.edu.tw/course/261157/outline.html,https://iclass.tku.edu.tw/course/261157/outline,absolute-url
http://ap09.emis.tku.edu.tw/{expr}_{expr}/{expr}_{expr}_{expr}.PDF,ap09.emis.tku.edu.tw,raw/iclass.tku.edu.tw/course/261157/outline.html,https://iclass.tku.edu.tw/course/261157/outline,absolute-url
https://www.youtube.com/iframe_api,www.youtube.com,raw/iclass.tku.edu.tw/course/261157/outline.html,https://iclass.tku.edu.tw/course/261157/outline,absolute-url
https://get.adobe.com/flashplayer/,get.adobe.com,raw/iclass.tku.edu.tw/course/261157/outline.html,https://iclass.tku.edu.tw/course/261157/outline,absolute-url
https://iclass.tku.edu.tw/,iclass.tku.edu.tw,raw/iclass.tku.edu.tw/course/261157/questionnaire.html,https://iclass.tku.edu.tw/course/261157/questionnaire,absolute-url
https://www.googletagmanager.com/gtag/js,www.googletagmanager.com,raw/iclass.tku.edu.tw/course/261157/questionnaire.html,https://iclass.tku.edu.tw/course/261157/questionnaire,absolute-url
https://github.com/OWASP/CheatSheetSeries/blob/master/cheatsheets/Clickjacking_Defense_Cheat_Sheet.md#best-for-now-legacy-browser-frame-breaking-script--,github.com,raw/iclass.tku.edu.tw/course/261157/questionnaire.html,https://iclass.tku.edu.tw/course/261157/questionnaire,absolute-url
https://bam.nr-data.net,bam.nr-data.net,raw/iclass.tku.edu.tw/course/261157/questionnaire.html,https://iclass.tku.edu.tw/course/261157/questionnaire,absolute-url
https://www.google-analytics.com,www.google-analytics.com,raw/iclass.tku.edu.tw/course/261157/questionnaire.html,https://iclass.tku.edu.tw/course/261157/questionnaire,absolute-url
https://iclass.tku.edu.tw/iportal,iclass.tku.edu.tw,raw/iclass.tku.edu.tw/course/261157/questionnaire.html,https://iclass.tku.edu.tw/course/261157/questionnaire,absolute-url
"https://tronclass.com.tw/public-manual/TronclassManual_System_Admin.pdf',",tronclass.com.tw,raw/iclass.tku.edu.tw/course/261157/questionnaire.html,https://iclass.tku.edu.tw/course/261157/questionnaire,absolute-url
"https://tronclass.com.tw/public-manual/TronclassManual_Administrator.pdf',",tronclass.com.tw,raw/iclass.tku.edu.tw/course/261157/questionnaire.html,https://iclass.tku.edu.tw/course/261157/questionnaire,absolute-url
"https://tronclass.com.tw/public-manual/manual-teacher.html',",tronclass.com.tw,raw/iclass.tku.edu.tw/course/261157/questionnaire.html,https://iclass.tku.edu.tw/course/261157/questionnaire,absolute-url
"https://tronclass.com.tw/public-manual/TronclassManual_Student.pdf',",tronclass.com.tw,raw/iclass.tku.edu.tw/course/261157/questionnaire.html,https://iclass.tku.edu.tw/course/261157/questionnaire,absolute-url
"https://tronclass.com.tw/public-manual/TronclassManual_App.pdf',",tronclass.com.tw,raw/iclass.tku.edu.tw/course/261157/questionnaire.html,https://iclass.tku.edu.tw/course/261157/questionnaire,absolute-url
https://support.tronclass.com',support.tronclass.com',raw/iclass.tku.edu.tw/course/261157/questionnaire.html,https://iclass.tku.edu.tw/course/261157/questionnaire,absolute-url
https://iclass.tku.edu.tw/market,iclass.tku.edu.tw,raw/iclass.tku.edu.tw/course/261157/questionnaire.html,https://iclass.tku.edu.tw/course/261157/questionnaire,absolute-url
http://ap09.emis.tku.edu.tw/{expr}_{expr}/{expr}_{expr}_{expr}.PDF,ap09.emis.tku.edu.tw,raw/iclass.tku.edu.tw/course/261157/questionnaire.html,https://iclass.tku.edu.tw/course/261157/questionnaire,absolute-url
https://www.youtube.com/iframe_api,www.youtube.com,raw/iclass.tku.edu.tw/course/261157/questionnaire.html,https://iclass.tku.edu.tw/course/261157/questionnaire,absolute-url
https://get.adobe.com/flashplayer/,get.adobe.com,raw/iclass.tku.edu.tw/course/261157/questionnaire.html,https://iclass.tku.edu.tw/course/261157/questionnaire,absolute-url
https://iclass.tku.edu.tw/,iclass.tku.edu.tw,raw/iclass.tku.edu.tw/course/261157/rollcall.html,https://iclass.tku.edu.tw/course/261157/rollcall,absolute-url
https://www.googletagmanager.com/gtag/js,www.googletagmanager.com,raw/iclass.tku.edu.tw/course/261157/rollcall.html,https://iclass.tku.edu.tw/course/261157/rollcall,absolute-url
https://github.com/OWASP/CheatSheetSeries/blob/master/cheatsheets/Clickjacking_Defense_Cheat_Sheet.md#best-for-now-legacy-browser-frame-breaking-script--,github.com,raw/iclass.tku.edu.tw/course/261157/rollcall.html,https://iclass.tku.edu.tw/course/261157/rollcall,absolute-url
https://bam.nr-data.net,bam.nr-data.net,raw/iclass.tku.edu.tw/course/261157/rollcall.html,https://iclass.tku.edu.tw/course/261157/rollcall,absolute-url
https://www.google-analytics.com,www.google-analytics.com,raw/iclass.tku.edu.tw/course/261157/rollcall.html,https://iclass.tku.edu.tw/course/261157/rollcall,absolute-url
https://iclass.tku.edu.tw/iportal,iclass.tku.edu.tw,raw/iclass.tku.edu.tw/course/261157/rollcall.html,https://iclass.tku.edu.tw/course/261157/rollcall,absolute-url
"https://tronclass.com.tw/public-manual/TronclassManual_System_Admin.pdf',",tronclass.com.tw,raw/iclass.tku.edu.tw/course/261157/rollcall.html,https://iclass.tku.edu.tw/course/261157/rollcall,absolute-url
"https://tronclass.com.tw/public-manual/TronclassManual_Administrator.pdf',",tronclass.com.tw,raw/iclass.tku.edu.tw/course/261157/rollcall.html,https://iclass.tku.edu.tw/course/261157/rollcall,absolute-url
"https://tronclass.com.tw/public-manual/manual-teacher.html',",tronclass.com.tw,raw/iclass.tku.edu.tw/course/261157/rollcall.html,https://iclass.tku.edu.tw/course/261157/rollcall,absolute-url
"https://tronclass.com.tw/public-manual/TronclassManual_Student.pdf',",tronclass.com.tw,raw/iclass.tku.edu.tw/course/261157/rollcall.html,https://iclass.tku.edu.tw/course/261157/rollcall,absolute-url
"https://tronclass.com.tw/public-manual/TronclassManual_App.pdf',",tronclass.com.tw,raw/iclass.tku.edu.tw/course/261157/rollcall.html,https://iclass.tku.edu.tw/course/261157/rollcall,absolute-url
https://support.tronclass.com',support.tronclass.com',raw/iclass.tku.edu.tw/course/261157/rollcall.html,https://iclass.tku.edu.tw/course/261157/rollcall,absolute-url
https://iclass.tku.edu.tw/market,iclass.tku.edu.tw,raw/iclass.tku.edu.tw/course/261157/rollcall.html,https://iclass.tku.edu.tw/course/261157/rollcall,absolute-url
http://ap09.emis.tku.edu.tw/{expr}_{expr}/{expr}_{expr}_{expr}.PDF,ap09.emis.tku.edu.tw,raw/iclass.tku.edu.tw/course/261157/rollcall.html,https://iclass.tku.edu.tw/course/261157/rollcall,absolute-url
https://www.youtube.com/iframe_api,www.youtube.com,raw/iclass.tku.edu.tw/course/261157/rollcall.html,https://iclass.tku.edu.tw/course/261157/rollcall,absolute-url
https://get.adobe.com/flashplayer/,get.adobe.com,raw/iclass.tku.edu.tw/course/261157/rollcall.html,https://iclass.tku.edu.tw/course/261157/rollcall,absolute-url
https://iclass.tku.edu.tw/,iclass.tku.edu.tw,raw/iclass.tku.edu.tw/course/261157/score.html,https://iclass.tku.edu.tw/course/261157/score,absolute-url
https://www.googletagmanager.com/gtag/js,www.googletagmanager.com,raw/iclass.tku.edu.tw/course/261157/score.html,https://iclass.tku.edu.tw/course/261157/score,absolute-url
https://github.com/OWASP/CheatSheetSeries/blob/master/cheatsheets/Clickjacking_Defense_Cheat_Sheet.md#best-for-now-legacy-browser-frame-breaking-script--,github.com,raw/iclass.tku.edu.tw/course/261157/score.html,https://iclass.tku.edu.tw/course/261157/score,absolute-url
https://bam.nr-data.net,bam.nr-data.net,raw/iclass.tku.edu.tw/course/261157/score.html,https://iclass.tku.edu.tw/course/261157/score,absolute-url
https://www.google-analytics.com,www.google-analytics.com,raw/iclass.tku.edu.tw/course/261157/score.html,https://iclass.tku.edu.tw/course/261157/score,absolute-url
https://iclass.tku.edu.tw/iportal,iclass.tku.edu.tw,raw/iclass.tku.edu.tw/course/261157/score.html,https://iclass.tku.edu.tw/course/261157/score,absolute-url
"https://tronclass.com.tw/public-manual/TronclassManual_System_Admin.pdf',",tronclass.com.tw,raw/iclass.tku.edu.tw/course/261157/score.html,https://iclass.tku.edu.tw/course/261157/score,absolute-url
"https://tronclass.com.tw/public-manual/TronclassManual_Administrator.pdf',",tronclass.com.tw,raw/iclass.tku.edu.tw/course/261157/score.html,https://iclass.tku.edu.tw/course/261157/score,absolute-url
"https://tronclass.com.tw/public-manual/manual-teacher.html',",tronclass.com.tw,raw/iclass.tku.edu.tw/course/261157/score.html,https://iclass.tku.edu.tw/course/261157/score,absolute-url
"https://tronclass.com.tw/public-manual/TronclassManual_Student.pdf',",tronclass.com.tw,raw/iclass.tku.edu.tw/course/261157/score.html,https://iclass.tku.edu.tw/course/261157/score,absolute-url
"https://tronclass.com.tw/public-manual/TronclassManual_App.pdf',",tronclass.com.tw,raw/iclass.tku.edu.tw/course/261157/score.html,https://iclass.tku.edu.tw/course/261157/score,absolute-url
https://support.tronclass.com',support.tronclass.com',raw/iclass.tku.edu.tw/course/261157/score.html,https://iclass.tku.edu.tw/course/261157/score,absolute-url
https://iclass.tku.edu.tw/market,iclass.tku.edu.tw,raw/iclass.tku.edu.tw/course/261157/score.html,https://iclass.tku.edu.tw/course/261157/score,absolute-url
http://ap09.emis.tku.edu.tw/{expr}_{expr}/{expr}_{expr}_{expr}.PDF,ap09.emis.tku.edu.tw,raw/iclass.tku.edu.tw/course/261157/score.html,https://iclass.tku.edu.tw/course/261157/score,absolute-url
https://www.youtube.com/iframe_api,www.youtube.com,raw/iclass.tku.edu.tw/course/261157/score.html,https://iclass.tku.edu.tw/course/261157/score,absolute-url
https://get.adobe.com/flashplayer/,get.adobe.com,raw/iclass.tku.edu.tw/course/261157/score.html,https://iclass.tku.edu.tw/course/261157/score,absolute-url
https://iclass.tku.edu.tw/,iclass.tku.edu.tw,raw/iclass.tku.edu.tw/course/261157/true.html,https://iclass.tku.edu.tw/course/261157/true,absolute-url
https://www.googletagmanager.com/gtag/js,www.googletagmanager.com,raw/iclass.tku.edu.tw/course/261157/true.html,https://iclass.tku.edu.tw/course/261157/true,absolute-url
https://github.com/OWASP/CheatSheetSeries/blob/master/cheatsheets/Clickjacking_Defense_Cheat_Sheet.md#best-for-now-legacy-browser-frame-breaking-script--,github.com,raw/iclass.tku.edu.tw/course/261157/true.html,https://iclass.tku.edu.tw/course/261157/true,absolute-url
https://bam.nr-data.net,bam.nr-data.net,raw/iclass.tku.edu.tw/course/261157/true.html,https://iclass.tku.edu.tw/course/261157/true,absolute-url
https://www.google-analytics.com,www.google-analytics.com,raw/iclass.tku.edu.tw/course/261157/true.html,https://iclass.tku.edu.tw/course/261157/true,absolute-url
https://iclass.tku.edu.tw/iportal,iclass.tku.edu.tw,raw/iclass.tku.edu.tw/course/261157/true.html,https://iclass.tku.edu.tw/course/261157/true,absolute-url
"https://tronclass.com.tw/public-manual/TronclassManual_System_Admin.pdf',",tronclass.com.tw,raw/iclass.tku.edu.tw/course/261157/true.html,https://iclass.tku.edu.tw/course/261157/true,absolute-url
"https://tronclass.com.tw/public-manual/TronclassManual_Administrator.pdf',",tronclass.com.tw,raw/iclass.tku.edu.tw/course/261157/true.html,https://iclass.tku.edu.tw/course/261157/true,absolute-url
"https://tronclass.com.tw/public-manual/manual-teacher.html',",tronclass.com.tw,raw/iclass.tku.edu.tw/course/261157/true.html,https://iclass.tku.edu.tw/course/261157/true,absolute-url
"https://tronclass.com.tw/public-manual/TronclassManual_Student.pdf',",tronclass.com.tw,raw/iclass.tku.edu.tw/course/261157/true.html,https://iclass.tku.edu.tw/course/261157/true,absolute-url
"https://tronclass.com.tw/public-manual/TronclassManual_App.pdf',",tronclass.com.tw,raw/iclass.tku.edu.tw/course/261157/true.html,https://iclass.tku.edu.tw/course/261157/true,absolute-url
https://support.tronclass.com',support.tronclass.com',raw/iclass.tku.edu.tw/course/261157/true.html,https://iclass.tku.edu.tw/course/261157/true,absolute-url
https://iclass.tku.edu.tw/market,iclass.tku.edu.tw,raw/iclass.tku.edu.tw/course/261157/true.html,https://iclass.tku.edu.tw/course/261157/true,absolute-url
https://www.youtube.com/iframe_api,www.youtube.com,raw/iclass.tku.edu.tw/course/261157/true.html,https://iclass.tku.edu.tw/course/261157/true,absolute-url
https://get.adobe.com/flashplayer/,get.adobe.com,raw/iclass.tku.edu.tw/course/261157/true.html,https://iclass.tku.edu.tw/course/261157/true,absolute-url
https://iclass.tku.edu.tw/,iclass.tku.edu.tw,raw/iclass.tku.edu.tw/course/261159/content.html,https://iclass.tku.edu.tw/course/261159/content,absolute-url
https://www.googletagmanager.com/gtag/js,www.googletagmanager.com,raw/iclass.tku.edu.tw/course/261159/content.html,https://iclass.tku.edu.tw/course/261159/content,absolute-url
https://github.com/OWASP/CheatSheetSeries/blob/master/cheatsheets/Clickjacking_Defense_Cheat_Sheet.md#best-for-now-legacy-browser-frame-breaking-script--,github.com,raw/iclass.tku.edu.tw/course/261159/content.html,https://iclass.tku.edu.tw/course/261159/content,absolute-url
https://bam.nr-data.net,bam.nr-data.net,raw/iclass.tku.edu.tw/course/261159/content.html,https://iclass.tku.edu.tw/course/261159/content,absolute-url
https://www.google-analytics.com,www.google-analytics.com,raw/iclass.tku.edu.tw/course/261159/content.html,https://iclass.tku.edu.tw/course/261159/content,absolute-url
https://iclass.tku.edu.tw/iportal,iclass.tku.edu.tw,raw/iclass.tku.edu.tw/course/261159/content.html,https://iclass.tku.edu.tw/course/261159/content,absolute-url
"https://tronclass.com.tw/public-manual/TronclassManual_System_Admin.pdf',",tronclass.com.tw,raw/iclass.tku.edu.tw/course/261159/content.html,https://iclass.tku.edu.tw/course/261159/content,absolute-url
"https://tronclass.com.tw/public-manual/TronclassManual_Administrator.pdf',",tronclass.com.tw,raw/iclass.tku.edu.tw/course/261159/content.html,https://iclass.tku.edu.tw/course/261159/content,absolute-url
"https://tronclass.com.tw/public-manual/manual-teacher.html',",tronclass.com.tw,raw/iclass.tku.edu.tw/course/261159/content.html,https://iclass.tku.edu.tw/course/261159/content,absolute-url
"https://tronclass.com.tw/public-manual/TronclassManual_Student.pdf',",tronclass.com.tw,raw/iclass.tku.edu.tw/course/261159/content.html,https://iclass.tku.edu.tw/course/261159/content,absolute-url
"https://tronclass.com.tw/public-manual/TronclassManual_App.pdf',",tronclass.com.tw,raw/iclass.tku.edu.tw/course/261159/content.html,https://iclass.tku.edu.tw/course/261159/content,absolute-url
https://support.tronclass.com',support.tronclass.com',raw/iclass.tku.edu.tw/course/261159/content.html,https://iclass.tku.edu.tw/course/261159/content,absolute-url
https://iclass.tku.edu.tw/market,iclass.tku.edu.tw,raw/iclass.tku.edu.tw/course/261159/content.html,https://iclass.tku.edu.tw/course/261159/content,absolute-url
http://ap09.emis.tku.edu.tw/{expr}_{expr}/{expr}_{expr}_{expr}.PDF,ap09.emis.tku.edu.tw,raw/iclass.tku.edu.tw/course/261159/content.html,https://iclass.tku.edu.tw/course/261159/content,absolute-url
https://get.adobe.com/flashplayer/,get.adobe.com,raw/iclass.tku.edu.tw/course/261159/content.html,https://iclass.tku.edu.tw/course/261159/content,absolute-url
https://www.youtube.com/iframe_api,www.youtube.com,raw/iclass.tku.edu.tw/course/261159/content.html,https://iclass.tku.edu.tw/course/261159/content,absolute-url
https://iclass.tku.edu.tw/,iclass.tku.edu.tw,raw/iclass.tku.edu.tw/course/261161/content.html,https://iclass.tku.edu.tw/course/261161/content,absolute-url
https://www.googletagmanager.com/gtag/js,www.googletagmanager.com,raw/iclass.tku.edu.tw/course/261161/content.html,https://iclass.tku.edu.tw/course/261161/content,absolute-url
https://github.com/OWASP/CheatSheetSeries/blob/master/cheatsheets/Clickjacking_Defense_Cheat_Sheet.md#best-for-now-legacy-browser-frame-breaking-script--,github.com,raw/iclass.tku.edu.tw/course/261161/content.html,https://iclass.tku.edu.tw/course/261161/content,absolute-url
https://bam.nr-data.net,bam.nr-data.net,raw/iclass.tku.edu.tw/course/261161/content.html,https://iclass.tku.edu.tw/course/261161/content,absolute-url
https://www.google-analytics.com,www.google-analytics.com,raw/iclass.tku.edu.tw/course/261161/content.html,https://iclass.tku.edu.tw/course/261161/content,absolute-url
https://iclass.tku.edu.tw/iportal,iclass.tku.edu.tw,raw/iclass.tku.edu.tw/course/261161/content.html,https://iclass.tku.edu.tw/course/261161/content,absolute-url
"https://tronclass.com.tw/public-manual/TronclassManual_System_Admin.pdf',",tronclass.com.tw,raw/iclass.tku.edu.tw/course/261161/content.html,https://iclass.tku.edu.tw/course/261161/content,absolute-url
"https://tronclass.com.tw/public-manual/TronclassManual_Administrator.pdf',",tronclass.com.tw,raw/iclass.tku.edu.tw/course/261161/content.html,https://iclass.tku.edu.tw/course/261161/content,absolute-url
"https://tronclass.com.tw/public-manual/manual-teacher.html',",tronclass.com.tw,raw/iclass.tku.edu.tw/course/261161/content.html,https://iclass.tku.edu.tw/course/261161/content,absolute-url
"https://tronclass.com.tw/public-manual/TronclassManual_Student.pdf',",tronclass.com.tw,raw/iclass.tku.edu.tw/course/261161/content.html,https://iclass.tku.edu.tw/course/261161/content,absolute-url
"https://tronclass.com.tw/public-manual/TronclassManual_App.pdf',",tronclass.com.tw,raw/iclass.tku.edu.tw/course/261161/content.html,https://iclass.tku.edu.tw/course/261161/content,absolute-url
https://support.tronclass.com',support.tronclass.com',raw/iclass.tku.edu.tw/course/261161/content.html,https://iclass.tku.edu.tw/course/261161/content,absolute-url
https://iclass.tku.edu.tw/market,iclass.tku.edu.tw,raw/iclass.tku.edu.tw/course/261161/content.html,https://iclass.tku.edu.tw/course/261161/content,absolute-url
http://ap09.emis.tku.edu.tw/{expr}_{expr}/{expr}_{expr}_{expr}.PDF,ap09.emis.tku.edu.tw,raw/iclass.tku.edu.tw/course/261161/content.html,https://iclass.tku.edu.tw/course/261161/content,absolute-url
https://get.adobe.com/flashplayer/,get.adobe.com,raw/iclass.tku.edu.tw/course/261161/content.html,https://iclass.tku.edu.tw/course/261161/content,absolute-url
https://www.youtube.com/iframe_api,www.youtube.com,raw/iclass.tku.edu.tw/course/261161/content.html,https://iclass.tku.edu.tw/course/261161/content,absolute-url
https://iclass.tku.edu.tw/,iclass.tku.edu.tw,raw/iclass.tku.edu.tw/course/262426/content.html,https://iclass.tku.edu.tw/course/262426/content,absolute-url
https://www.googletagmanager.com/gtag/js,www.googletagmanager.com,raw/iclass.tku.edu.tw/course/262426/content.html,https://iclass.tku.edu.tw/course/262426/content,absolute-url
https://github.com/OWASP/CheatSheetSeries/blob/master/cheatsheets/Clickjacking_Defense_Cheat_Sheet.md#best-for-now-legacy-browser-frame-breaking-script--,github.com,raw/iclass.tku.edu.tw/course/262426/content.html,https://iclass.tku.edu.tw/course/262426/content,absolute-url
https://bam.nr-data.net,bam.nr-data.net,raw/iclass.tku.edu.tw/course/262426/content.html,https://iclass.tku.edu.tw/course/262426/content,absolute-url
https://www.google-analytics.com,www.google-analytics.com,raw/iclass.tku.edu.tw/course/262426/content.html,https://iclass.tku.edu.tw/course/262426/content,absolute-url
https://iclass.tku.edu.tw/iportal,iclass.tku.edu.tw,raw/iclass.tku.edu.tw/course/262426/content.html,https://iclass.tku.edu.tw/course/262426/content,absolute-url
"https://tronclass.com.tw/public-manual/TronclassManual_System_Admin.pdf',",tronclass.com.tw,raw/iclass.tku.edu.tw/course/262426/content.html,https://iclass.tku.edu.tw/course/262426/content,absolute-url
"https://tronclass.com.tw/public-manual/TronclassManual_Administrator.pdf',",tronclass.com.tw,raw/iclass.tku.edu.tw/course/262426/content.html,https://iclass.tku.edu.tw/course/262426/content,absolute-url
"https://tronclass.com.tw/public-manual/manual-teacher.html',",tronclass.com.tw,raw/iclass.tku.edu.tw/course/262426/content.html,https://iclass.tku.edu.tw/course/262426/content,absolute-url
"https://tronclass.com.tw/public-manual/TronclassManual_Student.pdf',",tronclass.com.tw,raw/iclass.tku.edu.tw/course/262426/content.html,https://iclass.tku.edu.tw/course/262426/content,absolute-url
"https://tronclass.com.tw/public-manual/TronclassManual_App.pdf',",tronclass.com.tw,raw/iclass.tku.edu.tw/course/262426/content.html,https://iclass.tku.edu.tw/course/262426/content,absolute-url
https://support.tronclass.com',support.tronclass.com',raw/iclass.tku.edu.tw/course/262426/content.html,https://iclass.tku.edu.tw/course/262426/content,absolute-url
https://iclass.tku.edu.tw/market,iclass.tku.edu.tw,raw/iclass.tku.edu.tw/course/262426/content.html,https://iclass.tku.edu.tw/course/262426/content,absolute-url
http://ap09.emis.tku.edu.tw/{expr}_{expr}/{expr}_{expr}_{expr}.PDF,ap09.emis.tku.edu.tw,raw/iclass.tku.edu.tw/course/262426/content.html,https://iclass.tku.edu.tw/course/262426/content,absolute-url
https://get.adobe.com/flashplayer/,get.adobe.com,raw/iclass.tku.edu.tw/course/262426/content.html,https://iclass.tku.edu.tw/course/262426/content,absolute-url
https://www.youtube.com/iframe_api,www.youtube.com,raw/iclass.tku.edu.tw/course/262426/content.html,https://iclass.tku.edu.tw/course/262426/content,absolute-url
https://iclass.tku.edu.tw/,iclass.tku.edu.tw,raw/iclass.tku.edu.tw/course/add__q_515421e58e.html,https://iclass.tku.edu.tw/course/add?course_type=13,absolute-url
https://www.googletagmanager.com/gtag/js,www.googletagmanager.com,raw/iclass.tku.edu.tw/course/add__q_515421e58e.html,https://iclass.tku.edu.tw/course/add?course_type=13,absolute-url
https://github.com/OWASP/CheatSheetSeries/blob/master/cheatsheets/Clickjacking_Defense_Cheat_Sheet.md#best-for-now-legacy-browser-frame-breaking-script--,github.com,raw/iclass.tku.edu.tw/course/add__q_515421e58e.html,https://iclass.tku.edu.tw/course/add?course_type=13,absolute-url
https://bam.nr-data.net,bam.nr-data.net,raw/iclass.tku.edu.tw/course/add__q_515421e58e.html,https://iclass.tku.edu.tw/course/add?course_type=13,absolute-url
https://www.google-analytics.com,www.google-analytics.com,raw/iclass.tku.edu.tw/course/add__q_515421e58e.html,https://iclass.tku.edu.tw/course/add?course_type=13,absolute-url
https://iclass.tku.edu.tw/iportal,iclass.tku.edu.tw,raw/iclass.tku.edu.tw/course/add__q_515421e58e.html,https://iclass.tku.edu.tw/course/add?course_type=13,absolute-url
"https://tronclass.com.tw/public-manual/TronclassManual_System_Admin.pdf',",tronclass.com.tw,raw/iclass.tku.edu.tw/course/add__q_515421e58e.html,https://iclass.tku.edu.tw/course/add?course_type=13,absolute-url
"https://tronclass.com.tw/public-manual/TronclassManual_Administrator.pdf',",tronclass.com.tw,raw/iclass.tku.edu.tw/course/add__q_515421e58e.html,https://iclass.tku.edu.tw/course/add?course_type=13,absolute-url
"https://tronclass.com.tw/public-manual/manual-teacher.html',",tronclass.com.tw,raw/iclass.tku.edu.tw/course/add__q_515421e58e.html,https://iclass.tku.edu.tw/course/add?course_type=13,absolute-url
"https://tronclass.com.tw/public-manual/TronclassManual_Student.pdf',",tronclass.com.tw,raw/iclass.tku.edu.tw/course/add__q_515421e58e.html,https://iclass.tku.edu.tw/course/add?course_type=13,absolute-url
"https://tronclass.com.tw/public-manual/TronclassManual_App.pdf',",tronclass.com.tw,raw/iclass.tku.edu.tw/course/add__q_515421e58e.html,https://iclass.tku.edu.tw/course/add?course_type=13,absolute-url
https://support.tronclass.com',support.tronclass.com',raw/iclass.tku.edu.tw/course/add__q_515421e58e.html,https://iclass.tku.edu.tw/course/add?course_type=13,absolute-url
https://iclass.tku.edu.tw/market,iclass.tku.edu.tw,raw/iclass.tku.edu.tw/course/add__q_515421e58e.html,https://iclass.tku.edu.tw/course/add?course_type=13,absolute-url
https://www.youtube.com/iframe_api,www.youtube.com,raw/iclass.tku.edu.tw/course/add__q_515421e58e.html,https://iclass.tku.edu.tw/course/add?course_type=13,absolute-url
https://get.adobe.com/flashplayer/,get.adobe.com,raw/iclass.tku.edu.tw/course/add__q_515421e58e.html,https://iclass.tku.edu.tw/course/add?course_type=13,absolute-url
https://iclass.tku.edu.tw/,iclass.tku.edu.tw,raw/iclass.tku.edu.tw/course/avatarSmallUrl.html,https://iclass.tku.edu.tw/course/avatarSmallUrl,absolute-url
https://www.googletagmanager.com/gtag/js,www.googletagmanager.com,raw/iclass.tku.edu.tw/course/avatarSmallUrl.html,https://iclass.tku.edu.tw/course/avatarSmallUrl,absolute-url
https://github.com/OWASP/CheatSheetSeries/blob/master/cheatsheets/Clickjacking_Defense_Cheat_Sheet.md#best-for-now-legacy-browser-frame-breaking-script--,github.com,raw/iclass.tku.edu.tw/course/avatarSmallUrl.html,https://iclass.tku.edu.tw/course/avatarSmallUrl,absolute-url
https://bam.nr-data.net,bam.nr-data.net,raw/iclass.tku.edu.tw/course/avatarSmallUrl.html,https://iclass.tku.edu.tw/course/avatarSmallUrl,absolute-url
https://www.google-analytics.com,www.google-analytics.com,raw/iclass.tku.edu.tw/course/avatarSmallUrl.html,https://iclass.tku.edu.tw/course/avatarSmallUrl,absolute-url
https://iclass.tku.edu.tw/iportal,iclass.tku.edu.tw,raw/iclass.tku.edu.tw/course/avatarSmallUrl.html,https://iclass.tku.edu.tw/course/avatarSmallUrl,absolute-url
"https://tronclass.com.tw/public-manual/TronclassManual_System_Admin.pdf',",tronclass.com.tw,raw/iclass.tku.edu.tw/course/avatarSmallUrl.html,https://iclass.tku.edu.tw/course/avatarSmallUrl,absolute-url
"https://tronclass.com.tw/public-manual/TronclassManual_Administrator.pdf',",tronclass.com.tw,raw/iclass.tku.edu.tw/course/avatarSmallUrl.html,https://iclass.tku.edu.tw/course/avatarSmallUrl,absolute-url
"https://tronclass.com.tw/public-manual/manual-teacher.html',",tronclass.com.tw,raw/iclass.tku.edu.tw/course/avatarSmallUrl.html,https://iclass.tku.edu.tw/course/avatarSmallUrl,absolute-url
"https://tronclass.com.tw/public-manual/TronclassManual_Student.pdf',",tronclass.com.tw,raw/iclass.tku.edu.tw/course/avatarSmallUrl.html,https://iclass.tku.edu.tw/course/avatarSmallUrl,absolute-url
"https://tronclass.com.tw/public-manual/TronclassManual_App.pdf',",tronclass.com.tw,raw/iclass.tku.edu.tw/course/avatarSmallUrl.html,https://iclass.tku.edu.tw/course/avatarSmallUrl,absolute-url
https://support.tronclass.com',support.tronclass.com',raw/iclass.tku.edu.tw/course/avatarSmallUrl.html,https://iclass.tku.edu.tw/course/avatarSmallUrl,absolute-url
https://iclass.tku.edu.tw/market,iclass.tku.edu.tw,raw/iclass.tku.edu.tw/course/avatarSmallUrl.html,https://iclass.tku.edu.tw/course/avatarSmallUrl,absolute-url
https://www.youtube.com/iframe_api,www.youtube.com,raw/iclass.tku.edu.tw/course/avatarSmallUrl.html,https://iclass.tku.edu.tw/course/avatarSmallUrl,absolute-url
https://get.adobe.com/flashplayer/,get.adobe.com,raw/iclass.tku.edu.tw/course/avatarSmallUrl.html,https://iclass.tku.edu.tw/course/avatarSmallUrl,absolute-url
https://iclass.tku.edu.tw/,iclass.tku.edu.tw,raw/iclass.tku.edu.tw/course/capture_url.html,https://iclass.tku.edu.tw/course/capture_url,absolute-url
https://www.googletagmanager.com/gtag/js,www.googletagmanager.com,raw/iclass.tku.edu.tw/course/capture_url.html,https://iclass.tku.edu.tw/course/capture_url,absolute-url
https://github.com/OWASP/CheatSheetSeries/blob/master/cheatsheets/Clickjacking_Defense_Cheat_Sheet.md#best-for-now-legacy-browser-frame-breaking-script--,github.com,raw/iclass.tku.edu.tw/course/capture_url.html,https://iclass.tku.edu.tw/course/capture_url,absolute-url
https://bam.nr-data.net,bam.nr-data.net,raw/iclass.tku.edu.tw/course/capture_url.html,https://iclass.tku.edu.tw/course/capture_url,absolute-url
https://www.google-analytics.com,www.google-analytics.com,raw/iclass.tku.edu.tw/course/capture_url.html,https://iclass.tku.edu.tw/course/capture_url,absolute-url
https://iclass.tku.edu.tw/iportal,iclass.tku.edu.tw,raw/iclass.tku.edu.tw/course/capture_url.html,https://iclass.tku.edu.tw/course/capture_url,absolute-url
"https://tronclass.com.tw/public-manual/TronclassManual_System_Admin.pdf',",tronclass.com.tw,raw/iclass.tku.edu.tw/course/capture_url.html,https://iclass.tku.edu.tw/course/capture_url,absolute-url
"https://tronclass.com.tw/public-manual/TronclassManual_Administrator.pdf',",tronclass.com.tw,raw/iclass.tku.edu.tw/course/capture_url.html,https://iclass.tku.edu.tw/course/capture_url,absolute-url
"https://tronclass.com.tw/public-manual/manual-teacher.html',",tronclass.com.tw,raw/iclass.tku.edu.tw/course/capture_url.html,https://iclass.tku.edu.tw/course/capture_url,absolute-url
"https://tronclass.com.tw/public-manual/TronclassManual_Student.pdf',",tronclass.com.tw,raw/iclass.tku.edu.tw/course/capture_url.html,https://iclass.tku.edu.tw/course/capture_url,absolute-url
"https://tronclass.com.tw/public-manual/TronclassManual_App.pdf',",tronclass.com.tw,raw/iclass.tku.edu.tw/course/capture_url.html,https://iclass.tku.edu.tw/course/capture_url,absolute-url
https://support.tronclass.com',support.tronclass.com',raw/iclass.tku.edu.tw/course/capture_url.html,https://iclass.tku.edu.tw/course/capture_url,absolute-url
https://iclass.tku.edu.tw/market,iclass.tku.edu.tw,raw/iclass.tku.edu.tw/course/capture_url.html,https://iclass.tku.edu.tw/course/capture_url,absolute-url
https://www.youtube.com/iframe_api,www.youtube.com,raw/iclass.tku.edu.tw/course/capture_url.html,https://iclass.tku.edu.tw/course/capture_url,absolute-url
https://get.adobe.com/flashplayer/,get.adobe.com,raw/iclass.tku.edu.tw/course/capture_url.html,https://iclass.tku.edu.tw/course/capture_url,absolute-url
https://iclass.tku.edu.tw/,iclass.tku.edu.tw,raw/iclass.tku.edu.tw/course/classroom-exam/index.html,https://iclass.tku.edu.tw/course/classroom-exam/,absolute-url
https://www.googletagmanager.com/gtag/js,www.googletagmanager.com,raw/iclass.tku.edu.tw/course/classroom-exam/index.html,https://iclass.tku.edu.tw/course/classroom-exam/,absolute-url
https://github.com/OWASP/CheatSheetSeries/blob/master/cheatsheets/Clickjacking_Defense_Cheat_Sheet.md#best-for-now-legacy-browser-frame-breaking-script--,github.com,raw/iclass.tku.edu.tw/course/classroom-exam/index.html,https://iclass.tku.edu.tw/course/classroom-exam/,absolute-url
https://bam.nr-data.net,bam.nr-data.net,raw/iclass.tku.edu.tw/course/classroom-exam/index.html,https://iclass.tku.edu.tw/course/classroom-exam/,absolute-url
https://www.google-analytics.com,www.google-analytics.com,raw/iclass.tku.edu.tw/course/classroom-exam/index.html,https://iclass.tku.edu.tw/course/classroom-exam/,absolute-url
https://iclass.tku.edu.tw/iportal,iclass.tku.edu.tw,raw/iclass.tku.edu.tw/course/classroom-exam/index.html,https://iclass.tku.edu.tw/course/classroom-exam/,absolute-url
"https://tronclass.com.tw/public-manual/TronclassManual_System_Admin.pdf',",tronclass.com.tw,raw/iclass.tku.edu.tw/course/classroom-exam/index.html,https://iclass.tku.edu.tw/course/classroom-exam/,absolute-url
"https://tronclass.com.tw/public-manual/TronclassManual_Administrator.pdf',",tronclass.com.tw,raw/iclass.tku.edu.tw/course/classroom-exam/index.html,https://iclass.tku.edu.tw/course/classroom-exam/,absolute-url
"https://tronclass.com.tw/public-manual/manual-teacher.html',",tronclass.com.tw,raw/iclass.tku.edu.tw/course/classroom-exam/index.html,https://iclass.tku.edu.tw/course/classroom-exam/,absolute-url
"https://tronclass.com.tw/public-manual/TronclassManual_Student.pdf',",tronclass.com.tw,raw/iclass.tku.edu.tw/course/classroom-exam/index.html,https://iclass.tku.edu.tw/course/classroom-exam/,absolute-url
"https://tronclass.com.tw/public-manual/TronclassManual_App.pdf',",tronclass.com.tw,raw/iclass.tku.edu.tw/course/classroom-exam/index.html,https://iclass.tku.edu.tw/course/classroom-exam/,absolute-url
https://support.tronclass.com',support.tronclass.com',raw/iclass.tku.edu.tw/course/classroom-exam/index.html,https://iclass.tku.edu.tw/course/classroom-exam/,absolute-url
https://iclass.tku.edu.tw/market,iclass.tku.edu.tw,raw/iclass.tku.edu.tw/course/classroom-exam/index.html,https://iclass.tku.edu.tw/course/classroom-exam/,absolute-url
https://www.youtube.com/iframe_api,www.youtube.com,raw/iclass.tku.edu.tw/course/classroom-exam/index.html,https://iclass.tku.edu.tw/course/classroom-exam/,absolute-url
https://get.adobe.com/flashplayer/,get.adobe.com,raw/iclass.tku.edu.tw/course/classroom-exam/index.html,https://iclass.tku.edu.tw/course/classroom-exam/,absolute-url
https://iclass.tku.edu.tw/,iclass.tku.edu.tw,raw/iclass.tku.edu.tw/course/classroom-exam/avatarSmallUrl.html,https://iclass.tku.edu.tw/course/classroom-exam/avatarSmallUrl,absolute-url
https://www.googletagmanager.com/gtag/js,www.googletagmanager.com,raw/iclass.tku.edu.tw/course/classroom-exam/avatarSmallUrl.html,https://iclass.tku.edu.tw/course/classroom-exam/avatarSmallUrl,absolute-url
https://github.com/OWASP/CheatSheetSeries/blob/master/cheatsheets/Clickjacking_Defense_Cheat_Sheet.md#best-for-now-legacy-browser-frame-breaking-script--,github.com,raw/iclass.tku.edu.tw/course/classroom-exam/avatarSmallUrl.html,https://iclass.tku.edu.tw/course/classroom-exam/avatarSmallUrl,absolute-url
https://bam.nr-data.net,bam.nr-data.net,raw/iclass.tku.edu.tw/course/classroom-exam/avatarSmallUrl.html,https://iclass.tku.edu.tw/course/classroom-exam/avatarSmallUrl,absolute-url
https://www.google-analytics.com,www.google-analytics.com,raw/iclass.tku.edu.tw/course/classroom-exam/avatarSmallUrl.html,https://iclass.tku.edu.tw/course/classroom-exam/avatarSmallUrl,absolute-url
https://iclass.tku.edu.tw/iportal,iclass.tku.edu.tw,raw/iclass.tku.edu.tw/course/classroom-exam/avatarSmallUrl.html,https://iclass.tku.edu.tw/course/classroom-exam/avatarSmallUrl,absolute-url
"https://tronclass.com.tw/public-manual/TronclassManual_System_Admin.pdf',",tronclass.com.tw,raw/iclass.tku.edu.tw/course/classroom-exam/avatarSmallUrl.html,https://iclass.tku.edu.tw/course/classroom-exam/avatarSmallUrl,absolute-url
"https://tronclass.com.tw/public-manual/TronclassManual_Administrator.pdf',",tronclass.com.tw,raw/iclass.tku.edu.tw/course/classroom-exam/avatarSmallUrl.html,https://iclass.tku.edu.tw/course/classroom-exam/avatarSmallUrl,absolute-url
"https://tronclass.com.tw/public-manual/manual-teacher.html',",tronclass.com.tw,raw/iclass.tku.edu.tw/course/classroom-exam/avatarSmallUrl.html,https://iclass.tku.edu.tw/course/classroom-exam/avatarSmallUrl,absolute-url
"https://tronclass.com.tw/public-manual/TronclassManual_Student.pdf',",tronclass.com.tw,raw/iclass.tku.edu.tw/course/classroom-exam/avatarSmallUrl.html,https://iclass.tku.edu.tw/course/classroom-exam/avatarSmallUrl,absolute-url
"https://tronclass.com.tw/public-manual/TronclassManual_App.pdf',",tronclass.com.tw,raw/iclass.tku.edu.tw/course/classroom-exam/avatarSmallUrl.html,https://iclass.tku.edu.tw/course/classroom-exam/avatarSmallUrl,absolute-url
https://support.tronclass.com',support.tronclass.com',raw/iclass.tku.edu.tw/course/classroom-exam/avatarSmallUrl.html,https://iclass.tku.edu.tw/course/classroom-exam/avatarSmallUrl,absolute-url
https://iclass.tku.edu.tw/market,iclass.tku.edu.tw,raw/iclass.tku.edu.tw/course/classroom-exam/avatarSmallUrl.html,https://iclass.tku.edu.tw/course/classroom-exam/avatarSmallUrl,absolute-url
https://www.youtube.com/iframe_api,www.youtube.com,raw/iclass.tku.edu.tw/course/classroom-exam/avatarSmallUrl.html,https://iclass.tku.edu.tw/course/classroom-exam/avatarSmallUrl,absolute-url
https://get.adobe.com/flashplayer/,get.adobe.com,raw/iclass.tku.edu.tw/course/classroom-exam/avatarSmallUrl.html,https://iclass.tku.edu.tw/course/classroom-exam/avatarSmallUrl,absolute-url
https://iclass.tku.edu.tw/,iclass.tku.edu.tw,raw/iclass.tku.edu.tw/course/classroom-exam/capture_url.html,https://iclass.tku.edu.tw/course/classroom-exam/capture_url,absolute-url
https://www.googletagmanager.com/gtag/js,www.googletagmanager.com,raw/iclass.tku.edu.tw/course/classroom-exam/capture_url.html,https://iclass.tku.edu.tw/course/classroom-exam/capture_url,absolute-url
https://github.com/OWASP/CheatSheetSeries/blob/master/cheatsheets/Clickjacking_Defense_Cheat_Sheet.md#best-for-now-legacy-browser-frame-breaking-script--,github.com,raw/iclass.tku.edu.tw/course/classroom-exam/capture_url.html,https://iclass.tku.edu.tw/course/classroom-exam/capture_url,absolute-url
https://bam.nr-data.net,bam.nr-data.net,raw/iclass.tku.edu.tw/course/classroom-exam/capture_url.html,https://iclass.tku.edu.tw/course/classroom-exam/capture_url,absolute-url
https://www.google-analytics.com,www.google-analytics.com,raw/iclass.tku.edu.tw/course/classroom-exam/capture_url.html,https://iclass.tku.edu.tw/course/classroom-exam/capture_url,absolute-url
https://iclass.tku.edu.tw/iportal,iclass.tku.edu.tw,raw/iclass.tku.edu.tw/course/classroom-exam/capture_url.html,https://iclass.tku.edu.tw/course/classroom-exam/capture_url,absolute-url
"https://tronclass.com.tw/public-manual/TronclassManual_System_Admin.pdf',",tronclass.com.tw,raw/iclass.tku.edu.tw/course/classroom-exam/capture_url.html,https://iclass.tku.edu.tw/course/classroom-exam/capture_url,absolute-url
"https://tronclass.com.tw/public-manual/TronclassManual_Administrator.pdf',",tronclass.com.tw,raw/iclass.tku.edu.tw/course/classroom-exam/capture_url.html,https://iclass.tku.edu.tw/course/classroom-exam/capture_url,absolute-url
"https://tronclass.com.tw/public-manual/manual-teacher.html',",tronclass.com.tw,raw/iclass.tku.edu.tw/course/classroom-exam/capture_url.html,https://iclass.tku.edu.tw/course/classroom-exam/capture_url,absolute-url
"https://tronclass.com.tw/public-manual/TronclassManual_Student.pdf',",tronclass.com.tw,raw/iclass.tku.edu.tw/course/classroom-exam/capture_url.html,https://iclass.tku.edu.tw/course/classroom-exam/capture_url,absolute-url
"https://tronclass.com.tw/public-manual/TronclassManual_App.pdf',",tronclass.com.tw,raw/iclass.tku.edu.tw/course/classroom-exam/capture_url.html,https://iclass.tku.edu.tw/course/classroom-exam/capture_url,absolute-url
https://support.tronclass.com',support.tronclass.com',raw/iclass.tku.edu.tw/course/classroom-exam/capture_url.html,https://iclass.tku.edu.tw/course/classroom-exam/capture_url,absolute-url
https://iclass.tku.edu.tw/market,iclass.tku.edu.tw,raw/iclass.tku.edu.tw/course/classroom-exam/capture_url.html,https://iclass.tku.edu.tw/course/classroom-exam/capture_url,absolute-url
https://www.youtube.com/iframe_api,www.youtube.com,raw/iclass.tku.edu.tw/course/classroom-exam/capture_url.html,https://iclass.tku.edu.tw/course/classroom-exam/capture_url,absolute-url
https://get.adobe.com/flashplayer/,get.adobe.com,raw/iclass.tku.edu.tw/course/classroom-exam/capture_url.html,https://iclass.tku.edu.tw/course/classroom-exam/capture_url,absolute-url
https://iclass.tku.edu.tw/,iclass.tku.edu.tw,raw/iclass.tku.edu.tw/course/classroom-exam/lesson_resource_url.html,https://iclass.tku.edu.tw/course/classroom-exam/lesson_resource_url,absolute-url
https://www.googletagmanager.com/gtag/js,www.googletagmanager.com,raw/iclass.tku.edu.tw/course/classroom-exam/lesson_resource_url.html,https://iclass.tku.edu.tw/course/classroom-exam/lesson_resource_url,absolute-url
https://github.com/OWASP/CheatSheetSeries/blob/master/cheatsheets/Clickjacking_Defense_Cheat_Sheet.md#best-for-now-legacy-browser-frame-breaking-script--,github.com,raw/iclass.tku.edu.tw/course/classroom-exam/lesson_resource_url.html,https://iclass.tku.edu.tw/course/classroom-exam/lesson_resource_url,absolute-url
https://bam.nr-data.net,bam.nr-data.net,raw/iclass.tku.edu.tw/course/classroom-exam/lesson_resource_url.html,https://iclass.tku.edu.tw/course/classroom-exam/lesson_resource_url,absolute-url
https://www.google-analytics.com,www.google-analytics.com,raw/iclass.tku.edu.tw/course/classroom-exam/lesson_resource_url.html,https://iclass.tku.edu.tw/course/classroom-exam/lesson_resource_url,absolute-url
https://iclass.tku.edu.tw/iportal,iclass.tku.edu.tw,raw/iclass.tku.edu.tw/course/classroom-exam/lesson_resource_url.html,https://iclass.tku.edu.tw/course/classroom-exam/lesson_resource_url,absolute-url
"https://tronclass.com.tw/public-manual/TronclassManual_System_Admin.pdf',",tronclass.com.tw,raw/iclass.tku.edu.tw/course/classroom-exam/lesson_resource_url.html,https://iclass.tku.edu.tw/course/classroom-exam/lesson_resource_url,absolute-url
"https://tronclass.com.tw/public-manual/TronclassManual_Administrator.pdf',",tronclass.com.tw,raw/iclass.tku.edu.tw/course/classroom-exam/lesson_resource_url.html,https://iclass.tku.edu.tw/course/classroom-exam/lesson_resource_url,absolute-url
"https://tronclass.com.tw/public-manual/manual-teacher.html',",tronclass.com.tw,raw/iclass.tku.edu.tw/course/classroom-exam/lesson_resource_url.html,https://iclass.tku.edu.tw/course/classroom-exam/lesson_resource_url,absolute-url
"https://tronclass.com.tw/public-manual/TronclassManual_Student.pdf',",tronclass.com.tw,raw/iclass.tku.edu.tw/course/classroom-exam/lesson_resource_url.html,https://iclass.tku.edu.tw/course/classroom-exam/lesson_resource_url,absolute-url
"https://tronclass.com.tw/public-manual/TronclassManual_App.pdf',",tronclass.com.tw,raw/iclass.tku.edu.tw/course/classroom-exam/lesson_resource_url.html,https://iclass.tku.edu.tw/course/classroom-exam/lesson_resource_url,absolute-url
https://support.tronclass.com',support.tronclass.com',raw/iclass.tku.edu.tw/course/classroom-exam/lesson_resource_url.html,https://iclass.tku.edu.tw/course/classroom-exam/lesson_resource_url,absolute-url
https://iclass.tku.edu.tw/market,iclass.tku.edu.tw,raw/iclass.tku.edu.tw/course/classroom-exam/lesson_resource_url.html,https://iclass.tku.edu.tw/course/classroom-exam/lesson_resource_url,absolute-url
https://www.youtube.com/iframe_api,www.youtube.com,raw/iclass.tku.edu.tw/course/classroom-exam/lesson_resource_url.html,https://iclass.tku.edu.tw/course/classroom-exam/lesson_resource_url,absolute-url
https://get.adobe.com/flashplayer/,get.adobe.com,raw/iclass.tku.edu.tw/course/classroom-exam/lesson_resource_url.html,https://iclass.tku.edu.tw/course/classroom-exam/lesson_resource_url,absolute-url
https://iclass.tku.edu.tw/,iclass.tku.edu.tw,raw/iclass.tku.edu.tw/course/classroom-exam/manualUrl.html,https://iclass.tku.edu.tw/course/classroom-exam/manualUrl,absolute-url
https://www.googletagmanager.com/gtag/js,www.googletagmanager.com,raw/iclass.tku.edu.tw/course/classroom-exam/manualUrl.html,https://iclass.tku.edu.tw/course/classroom-exam/manualUrl,absolute-url
https://github.com/OWASP/CheatSheetSeries/blob/master/cheatsheets/Clickjacking_Defense_Cheat_Sheet.md#best-for-now-legacy-browser-frame-breaking-script--,github.com,raw/iclass.tku.edu.tw/course/classroom-exam/manualUrl.html,https://iclass.tku.edu.tw/course/classroom-exam/manualUrl,absolute-url
https://bam.nr-data.net,bam.nr-data.net,raw/iclass.tku.edu.tw/course/classroom-exam/manualUrl.html,https://iclass.tku.edu.tw/course/classroom-exam/manualUrl,absolute-url
https://www.google-analytics.com,www.google-analytics.com,raw/iclass.tku.edu.tw/course/classroom-exam/manualUrl.html,https://iclass.tku.edu.tw/course/classroom-exam/manualUrl,absolute-url
https://iclass.tku.edu.tw/iportal,iclass.tku.edu.tw,raw/iclass.tku.edu.tw/course/classroom-exam/manualUrl.html,https://iclass.tku.edu.tw/course/classroom-exam/manualUrl,absolute-url
"https://tronclass.com.tw/public-manual/TronclassManual_System_Admin.pdf',",tronclass.com.tw,raw/iclass.tku.edu.tw/course/classroom-exam/manualUrl.html,https://iclass.tku.edu.tw/course/classroom-exam/manualUrl,absolute-url
"https://tronclass.com.tw/public-manual/TronclassManual_Administrator.pdf',",tronclass.com.tw,raw/iclass.tku.edu.tw/course/classroom-exam/manualUrl.html,https://iclass.tku.edu.tw/course/classroom-exam/manualUrl,absolute-url
"https://tronclass.com.tw/public-manual/manual-teacher.html',",tronclass.com.tw,raw/iclass.tku.edu.tw/course/classroom-exam/manualUrl.html,https://iclass.tku.edu.tw/course/classroom-exam/manualUrl,absolute-url
"https://tronclass.com.tw/public-manual/TronclassManual_Student.pdf',",tronclass.com.tw,raw/iclass.tku.edu.tw/course/classroom-exam/manualUrl.html,https://iclass.tku.edu.tw/course/classroom-exam/manualUrl,absolute-url
"https://tronclass.com.tw/public-manual/TronclassManual_App.pdf',",tronclass.com.tw,raw/iclass.tku.edu.tw/course/classroom-exam/manualUrl.html,https://iclass.tku.edu.tw/course/classroom-exam/manualUrl,absolute-url
https://support.tronclass.com',support.tronclass.com',raw/iclass.tku.edu.tw/course/classroom-exam/manualUrl.html,https://iclass.tku.edu.tw/course/classroom-exam/manualUrl,absolute-url
https://iclass.tku.edu.tw/market,iclass.tku.edu.tw,raw/iclass.tku.edu.tw/course/classroom-exam/manualUrl.html,https://iclass.tku.edu.tw/course/classroom-exam/manualUrl,absolute-url
https://www.youtube.com/iframe_api,www.youtube.com,raw/iclass.tku.edu.tw/course/classroom-exam/manualUrl.html,https://iclass.tku.edu.tw/course/classroom-exam/manualUrl,absolute-url
https://get.adobe.com/flashplayer/,get.adobe.com,raw/iclass.tku.edu.tw/course/classroom-exam/manualUrl.html,https://iclass.tku.edu.tw/course/classroom-exam/manualUrl,absolute-url
https://iclass.tku.edu.tw/,iclass.tku.edu.tw,raw/iclass.tku.edu.tw/course/classroom-subjects-import-help__q_351366dd3a.html,https://iclass.tku.edu.tw/course/classroom-subjects-import-help?mode=word,absolute-url
https://www.googletagmanager.com/gtag/js,www.googletagmanager.com,raw/iclass.tku.edu.tw/course/classroom-subjects-import-help__q_351366dd3a.html,https://iclass.tku.edu.tw/course/classroom-subjects-import-help?mode=word,absolute-url
https://github.com/OWASP/CheatSheetSeries/blob/master/cheatsheets/Clickjacking_Defense_Cheat_Sheet.md#best-for-now-legacy-browser-frame-breaking-script--,github.com,raw/iclass.tku.edu.tw/course/classroom-subjects-import-help__q_351366dd3a.html,https://iclass.tku.edu.tw/course/classroom-subjects-import-help?mode=word,absolute-url
https://bam.nr-data.net,bam.nr-data.net,raw/iclass.tku.edu.tw/course/classroom-subjects-import-help__q_351366dd3a.html,https://iclass.tku.edu.tw/course/classroom-subjects-import-help?mode=word,absolute-url
https://www.google-analytics.com,www.google-analytics.com,raw/iclass.tku.edu.tw/course/classroom-subjects-import-help__q_351366dd3a.html,https://iclass.tku.edu.tw/course/classroom-subjects-import-help?mode=word,absolute-url
https://www.youtube.com/iframe_api,www.youtube.com,raw/iclass.tku.edu.tw/course/classroom-subjects-import-help__q_351366dd3a.html,https://iclass.tku.edu.tw/course/classroom-subjects-import-help?mode=word,absolute-url
https://get.adobe.com/flashplayer/,get.adobe.com,raw/iclass.tku.edu.tw/course/classroom-subjects-import-help__q_351366dd3a.html,https://iclass.tku.edu.tw/course/classroom-subjects-import-help?mode=word,absolute-url
https://iclass.tku.edu.tw/,iclass.tku.edu.tw,raw/iclass.tku.edu.tw/course/course_template/index.html,https://iclass.tku.edu.tw/course/course_template/,absolute-url
https://www.googletagmanager.com/gtag/js,www.googletagmanager.com,raw/iclass.tku.edu.tw/course/course_template/index.html,https://iclass.tku.edu.tw/course/course_template/,absolute-url
https://github.com/OWASP/CheatSheetSeries/blob/master/cheatsheets/Clickjacking_Defense_Cheat_Sheet.md#best-for-now-legacy-browser-frame-breaking-script--,github.com,raw/iclass.tku.edu.tw/course/course_template/index.html,https://iclass.tku.edu.tw/course/course_template/,absolute-url
https://bam.nr-data.net,bam.nr-data.net,raw/iclass.tku.edu.tw/course/course_template/index.html,https://iclass.tku.edu.tw/course/course_template/,absolute-url
https://www.google-analytics.com,www.google-analytics.com,raw/iclass.tku.edu.tw/course/course_template/index.html,https://iclass.tku.edu.tw/course/course_template/,absolute-url
https://iclass.tku.edu.tw/iportal,iclass.tku.edu.tw,raw/iclass.tku.edu.tw/course/course_template/index.html,https://iclass.tku.edu.tw/course/course_template/,absolute-url
"https://tronclass.com.tw/public-manual/TronclassManual_System_Admin.pdf',",tronclass.com.tw,raw/iclass.tku.edu.tw/course/course_template/index.html,https://iclass.tku.edu.tw/course/course_template/,absolute-url
"https://tronclass.com.tw/public-manual/TronclassManual_Administrator.pdf',",tronclass.com.tw,raw/iclass.tku.edu.tw/course/course_template/index.html,https://iclass.tku.edu.tw/course/course_template/,absolute-url
"https://tronclass.com.tw/public-manual/manual-teacher.html',",tronclass.com.tw,raw/iclass.tku.edu.tw/course/course_template/index.html,https://iclass.tku.edu.tw/course/course_template/,absolute-url
"https://tronclass.com.tw/public-manual/TronclassManual_Student.pdf',",tronclass.com.tw,raw/iclass.tku.edu.tw/course/course_template/index.html,https://iclass.tku.edu.tw/course/course_template/,absolute-url
"https://tronclass.com.tw/public-manual/TronclassManual_App.pdf',",tronclass.com.tw,raw/iclass.tku.edu.tw/course/course_template/index.html,https://iclass.tku.edu.tw/course/course_template/,absolute-url
https://support.tronclass.com',support.tronclass.com',raw/iclass.tku.edu.tw/course/course_template/index.html,https://iclass.tku.edu.tw/course/course_template/,absolute-url
https://iclass.tku.edu.tw/market,iclass.tku.edu.tw,raw/iclass.tku.edu.tw/course/course_template/index.html,https://iclass.tku.edu.tw/course/course_template/,absolute-url
https://www.youtube.com/iframe_api,www.youtube.com,raw/iclass.tku.edu.tw/course/course_template/index.html,https://iclass.tku.edu.tw/course/course_template/,absolute-url
https://get.adobe.com/flashplayer/,get.adobe.com,raw/iclass.tku.edu.tw/course/course_template/index.html,https://iclass.tku.edu.tw/course/course_template/,absolute-url
https://iclass.tku.edu.tw/,iclass.tku.edu.tw,raw/iclass.tku.edu.tw/course/course_template/0/capture_url.html,https://iclass.tku.edu.tw/course/course_template/0/capture_url,absolute-url
https://www.googletagmanager.com/gtag/js,www.googletagmanager.com,raw/iclass.tku.edu.tw/course/course_template/0/capture_url.html,https://iclass.tku.edu.tw/course/course_template/0/capture_url,absolute-url
https://github.com/OWASP/CheatSheetSeries/blob/master/cheatsheets/Clickjacking_Defense_Cheat_Sheet.md#best-for-now-legacy-browser-frame-breaking-script--,github.com,raw/iclass.tku.edu.tw/course/course_template/0/capture_url.html,https://iclass.tku.edu.tw/course/course_template/0/capture_url,absolute-url
https://bam.nr-data.net,bam.nr-data.net,raw/iclass.tku.edu.tw/course/course_template/0/capture_url.html,https://iclass.tku.edu.tw/course/course_template/0/capture_url,absolute-url
https://www.google-analytics.com,www.google-analytics.com,raw/iclass.tku.edu.tw/course/course_template/0/capture_url.html,https://iclass.tku.edu.tw/course/course_template/0/capture_url,absolute-url
https://iclass.tku.edu.tw/iportal,iclass.tku.edu.tw,raw/iclass.tku.edu.tw/course/course_template/0/capture_url.html,https://iclass.tku.edu.tw/course/course_template/0/capture_url,absolute-url
"https://tronclass.com.tw/public-manual/TronclassManual_System_Admin.pdf',",tronclass.com.tw,raw/iclass.tku.edu.tw/course/course_template/0/capture_url.html,https://iclass.tku.edu.tw/course/course_template/0/capture_url,absolute-url
"https://tronclass.com.tw/public-manual/TronclassManual_Administrator.pdf',",tronclass.com.tw,raw/iclass.tku.edu.tw/course/course_template/0/capture_url.html,https://iclass.tku.edu.tw/course/course_template/0/capture_url,absolute-url
"https://tronclass.com.tw/public-manual/manual-teacher.html',",tronclass.com.tw,raw/iclass.tku.edu.tw/course/course_template/0/capture_url.html,https://iclass.tku.edu.tw/course/course_template/0/capture_url,absolute-url
"https://tronclass.com.tw/public-manual/TronclassManual_Student.pdf',",tronclass.com.tw,raw/iclass.tku.edu.tw/course/course_template/0/capture_url.html,https://iclass.tku.edu.tw/course/course_template/0/capture_url,absolute-url
"https://tronclass.com.tw/public-manual/TronclassManual_App.pdf',",tronclass.com.tw,raw/iclass.tku.edu.tw/course/course_template/0/capture_url.html,https://iclass.tku.edu.tw/course/course_template/0/capture_url,absolute-url
https://support.tronclass.com',support.tronclass.com',raw/iclass.tku.edu.tw/course/course_template/0/capture_url.html,https://iclass.tku.edu.tw/course/course_template/0/capture_url,absolute-url
https://iclass.tku.edu.tw/market,iclass.tku.edu.tw,raw/iclass.tku.edu.tw/course/course_template/0/capture_url.html,https://iclass.tku.edu.tw/course/course_template/0/capture_url,absolute-url
https://www.youtube.com/iframe_api,www.youtube.com,raw/iclass.tku.edu.tw/course/course_template/0/capture_url.html,https://iclass.tku.edu.tw/course/course_template/0/capture_url,absolute-url
https://get.adobe.com/flashplayer/,get.adobe.com,raw/iclass.tku.edu.tw/course/course_template/0/capture_url.html,https://iclass.tku.edu.tw/course/course_template/0/capture_url,absolute-url
https://iclass.tku.edu.tw/,iclass.tku.edu.tw,raw/iclass.tku.edu.tw/course/course_template/0/lesson_resource_url.html,https://iclass.tku.edu.tw/course/course_template/0/lesson_resource_url,absolute-url
https://www.googletagmanager.com/gtag/js,www.googletagmanager.com,raw/iclass.tku.edu.tw/course/course_template/0/lesson_resource_url.html,https://iclass.tku.edu.tw/course/course_template/0/lesson_resource_url,absolute-url
https://github.com/OWASP/CheatSheetSeries/blob/master/cheatsheets/Clickjacking_Defense_Cheat_Sheet.md#best-for-now-legacy-browser-frame-breaking-script--,github.com,raw/iclass.tku.edu.tw/course/course_template/0/lesson_resource_url.html,https://iclass.tku.edu.tw/course/course_template/0/lesson_resource_url,absolute-url
https://bam.nr-data.net,bam.nr-data.net,raw/iclass.tku.edu.tw/course/course_template/0/lesson_resource_url.html,https://iclass.tku.edu.tw/course/course_template/0/lesson_resource_url,absolute-url
https://www.google-analytics.com,www.google-analytics.com,raw/iclass.tku.edu.tw/course/course_template/0/lesson_resource_url.html,https://iclass.tku.edu.tw/course/course_template/0/lesson_resource_url,absolute-url
https://iclass.tku.edu.tw/iportal,iclass.tku.edu.tw,raw/iclass.tku.edu.tw/course/course_template/0/lesson_resource_url.html,https://iclass.tku.edu.tw/course/course_template/0/lesson_resource_url,absolute-url
"https://tronclass.com.tw/public-manual/TronclassManual_System_Admin.pdf',",tronclass.com.tw,raw/iclass.tku.edu.tw/course/course_template/0/lesson_resource_url.html,https://iclass.tku.edu.tw/course/course_template/0/lesson_resource_url,absolute-url
"https://tronclass.com.tw/public-manual/TronclassManual_Administrator.pdf',",tronclass.com.tw,raw/iclass.tku.edu.tw/course/course_template/0/lesson_resource_url.html,https://iclass.tku.edu.tw/course/course_template/0/lesson_resource_url,absolute-url
"https://tronclass.com.tw/public-manual/manual-teacher.html',",tronclass.com.tw,raw/iclass.tku.edu.tw/course/course_template/0/lesson_resource_url.html,https://iclass.tku.edu.tw/course/course_template/0/lesson_resource_url,absolute-url
"https://tronclass.com.tw/public-manual/TronclassManual_Student.pdf',",tronclass.com.tw,raw/iclass.tku.edu.tw/course/course_template/0/lesson_resource_url.html,https://iclass.tku.edu.tw/course/course_template/0/lesson_resource_url,absolute-url
"https://tronclass.com.tw/public-manual/TronclassManual_App.pdf',",tronclass.com.tw,raw/iclass.tku.edu.tw/course/course_template/0/lesson_resource_url.html,https://iclass.tku.edu.tw/course/course_template/0/lesson_resource_url,absolute-url
https://support.tronclass.com',support.tronclass.com',raw/iclass.tku.edu.tw/course/course_template/0/lesson_resource_url.html,https://iclass.tku.edu.tw/course/course_template/0/lesson_resource_url,absolute-url
https://iclass.tku.edu.tw/market,iclass.tku.edu.tw,raw/iclass.tku.edu.tw/course/course_template/0/lesson_resource_url.html,https://iclass.tku.edu.tw/course/course_template/0/lesson_resource_url,absolute-url
https://www.youtube.com/iframe_api,www.youtube.com,raw/iclass.tku.edu.tw/course/course_template/0/lesson_resource_url.html,https://iclass.tku.edu.tw/course/course_template/0/lesson_resource_url,absolute-url
https://get.adobe.com/flashplayer/,get.adobe.com,raw/iclass.tku.edu.tw/course/course_template/0/lesson_resource_url.html,https://iclass.tku.edu.tw/course/course_template/0/lesson_resource_url,absolute-url
https://iclass.tku.edu.tw/,iclass.tku.edu.tw,raw/iclass.tku.edu.tw/course/course_template/0/preview.html,https://iclass.tku.edu.tw/course/course_template/0/preview,absolute-url
https://www.googletagmanager.com/gtag/js,www.googletagmanager.com,raw/iclass.tku.edu.tw/course/course_template/0/preview.html,https://iclass.tku.edu.tw/course/course_template/0/preview,absolute-url
https://github.com/OWASP/CheatSheetSeries/blob/master/cheatsheets/Clickjacking_Defense_Cheat_Sheet.md#best-for-now-legacy-browser-frame-breaking-script--,github.com,raw/iclass.tku.edu.tw/course/course_template/0/preview.html,https://iclass.tku.edu.tw/course/course_template/0/preview,absolute-url
https://bam.nr-data.net,bam.nr-data.net,raw/iclass.tku.edu.tw/course/course_template/0/preview.html,https://iclass.tku.edu.tw/course/course_template/0/preview,absolute-url
https://www.google-analytics.com,www.google-analytics.com,raw/iclass.tku.edu.tw/course/course_template/0/preview.html,https://iclass.tku.edu.tw/course/course_template/0/preview,absolute-url
https://www.youtube.com/iframe_api,www.youtube.com,raw/iclass.tku.edu.tw/course/course_template/0/preview.html,https://iclass.tku.edu.tw/course/course_template/0/preview,absolute-url
https://get.adobe.com/flashplayer/,get.adobe.com,raw/iclass.tku.edu.tw/course/course_template/0/preview.html,https://iclass.tku.edu.tw/course/course_template/0/preview,absolute-url
https://iclass.tku.edu.tw/,iclass.tku.edu.tw,raw/iclass.tku.edu.tw/course/course_template/avatarSmallUrl.html,https://iclass.tku.edu.tw/course/course_template/avatarSmallUrl,absolute-url
https://www.googletagmanager.com/gtag/js,www.googletagmanager.com,raw/iclass.tku.edu.tw/course/course_template/avatarSmallUrl.html,https://iclass.tku.edu.tw/course/course_template/avatarSmallUrl,absolute-url
https://github.com/OWASP/CheatSheetSeries/blob/master/cheatsheets/Clickjacking_Defense_Cheat_Sheet.md#best-for-now-legacy-browser-frame-breaking-script--,github.com,raw/iclass.tku.edu.tw/course/course_template/avatarSmallUrl.html,https://iclass.tku.edu.tw/course/course_template/avatarSmallUrl,absolute-url
https://bam.nr-data.net,bam.nr-data.net,raw/iclass.tku.edu.tw/course/course_template/avatarSmallUrl.html,https://iclass.tku.edu.tw/course/course_template/avatarSmallUrl,absolute-url
https://www.google-analytics.com,www.google-analytics.com,raw/iclass.tku.edu.tw/course/course_template/avatarSmallUrl.html,https://iclass.tku.edu.tw/course/course_template/avatarSmallUrl,absolute-url
https://iclass.tku.edu.tw/iportal,iclass.tku.edu.tw,raw/iclass.tku.edu.tw/course/course_template/avatarSmallUrl.html,https://iclass.tku.edu.tw/course/course_template/avatarSmallUrl,absolute-url
"https://tronclass.com.tw/public-manual/TronclassManual_System_Admin.pdf',",tronclass.com.tw,raw/iclass.tku.edu.tw/course/course_template/avatarSmallUrl.html,https://iclass.tku.edu.tw/course/course_template/avatarSmallUrl,absolute-url
"https://tronclass.com.tw/public-manual/TronclassManual_Administrator.pdf',",tronclass.com.tw,raw/iclass.tku.edu.tw/course/course_template/avatarSmallUrl.html,https://iclass.tku.edu.tw/course/course_template/avatarSmallUrl,absolute-url
"https://tronclass.com.tw/public-manual/manual-teacher.html',",tronclass.com.tw,raw/iclass.tku.edu.tw/course/course_template/avatarSmallUrl.html,https://iclass.tku.edu.tw/course/course_template/avatarSmallUrl,absolute-url
"https://tronclass.com.tw/public-manual/TronclassManual_Student.pdf',",tronclass.com.tw,raw/iclass.tku.edu.tw/course/course_template/avatarSmallUrl.html,https://iclass.tku.edu.tw/course/course_template/avatarSmallUrl,absolute-url
"https://tronclass.com.tw/public-manual/TronclassManual_App.pdf',",tronclass.com.tw,raw/iclass.tku.edu.tw/course/course_template/avatarSmallUrl.html,https://iclass.tku.edu.tw/course/course_template/avatarSmallUrl,absolute-url
https://support.tronclass.com',support.tronclass.com',raw/iclass.tku.edu.tw/course/course_template/avatarSmallUrl.html,https://iclass.tku.edu.tw/course/course_template/avatarSmallUrl,absolute-url
https://iclass.tku.edu.tw/market,iclass.tku.edu.tw,raw/iclass.tku.edu.tw/course/course_template/avatarSmallUrl.html,https://iclass.tku.edu.tw/course/course_template/avatarSmallUrl,absolute-url
https://www.youtube.com/iframe_api,www.youtube.com,raw/iclass.tku.edu.tw/course/course_template/avatarSmallUrl.html,https://iclass.tku.edu.tw/course/course_template/avatarSmallUrl,absolute-url
https://get.adobe.com/flashplayer/,get.adobe.com,raw/iclass.tku.edu.tw/course/course_template/avatarSmallUrl.html,https://iclass.tku.edu.tw/course/course_template/avatarSmallUrl,absolute-url
https://iclass.tku.edu.tw/,iclass.tku.edu.tw,raw/iclass.tku.edu.tw/course/course_template/capture_url.html,https://iclass.tku.edu.tw/course/course_template/capture_url,absolute-url
https://www.googletagmanager.com/gtag/js,www.googletagmanager.com,raw/iclass.tku.edu.tw/course/course_template/capture_url.html,https://iclass.tku.edu.tw/course/course_template/capture_url,absolute-url
https://github.com/OWASP/CheatSheetSeries/blob/master/cheatsheets/Clickjacking_Defense_Cheat_Sheet.md#best-for-now-legacy-browser-frame-breaking-script--,github.com,raw/iclass.tku.edu.tw/course/course_template/capture_url.html,https://iclass.tku.edu.tw/course/course_template/capture_url,absolute-url
https://bam.nr-data.net,bam.nr-data.net,raw/iclass.tku.edu.tw/course/course_template/capture_url.html,https://iclass.tku.edu.tw/course/course_template/capture_url,absolute-url
https://www.google-analytics.com,www.google-analytics.com,raw/iclass.tku.edu.tw/course/course_template/capture_url.html,https://iclass.tku.edu.tw/course/course_template/capture_url,absolute-url
https://iclass.tku.edu.tw/iportal,iclass.tku.edu.tw,raw/iclass.tku.edu.tw/course/course_template/capture_url.html,https://iclass.tku.edu.tw/course/course_template/capture_url,absolute-url
"https://tronclass.com.tw/public-manual/TronclassManual_System_Admin.pdf',",tronclass.com.tw,raw/iclass.tku.edu.tw/course/course_template/capture_url.html,https://iclass.tku.edu.tw/course/course_template/capture_url,absolute-url
"https://tronclass.com.tw/public-manual/TronclassManual_Administrator.pdf',",tronclass.com.tw,raw/iclass.tku.edu.tw/course/course_template/capture_url.html,https://iclass.tku.edu.tw/course/course_template/capture_url,absolute-url
"https://tronclass.com.tw/public-manual/manual-teacher.html',",tronclass.com.tw,raw/iclass.tku.edu.tw/course/course_template/capture_url.html,https://iclass.tku.edu.tw/course/course_template/capture_url,absolute-url
"https://tronclass.com.tw/public-manual/TronclassManual_Student.pdf',",tronclass.com.tw,raw/iclass.tku.edu.tw/course/course_template/capture_url.html,https://iclass.tku.edu.tw/course/course_template/capture_url,absolute-url
"https://tronclass.com.tw/public-manual/TronclassManual_App.pdf',",tronclass.com.tw,raw/iclass.tku.edu.tw/course/course_template/capture_url.html,https://iclass.tku.edu.tw/course/course_template/capture_url,absolute-url
https://support.tronclass.com',support.tronclass.com',raw/iclass.tku.edu.tw/course/course_template/capture_url.html,https://iclass.tku.edu.tw/course/course_template/capture_url,absolute-url
https://iclass.tku.edu.tw/market,iclass.tku.edu.tw,raw/iclass.tku.edu.tw/course/course_template/capture_url.html,https://iclass.tku.edu.tw/course/course_template/capture_url,absolute-url
https://www.youtube.com/iframe_api,www.youtube.com,raw/iclass.tku.edu.tw/course/course_template/capture_url.html,https://iclass.tku.edu.tw/course/course_template/capture_url,absolute-url
https://get.adobe.com/flashplayer/,get.adobe.com,raw/iclass.tku.edu.tw/course/course_template/capture_url.html,https://iclass.tku.edu.tw/course/course_template/capture_url,absolute-url
https://iclass.tku.edu.tw/,iclass.tku.edu.tw,raw/iclass.tku.edu.tw/course/course_template/lesson_resource_url.html,https://iclass.tku.edu.tw/course/course_template/lesson_resource_url,absolute-url
https://www.googletagmanager.com/gtag/js,www.googletagmanager.com,raw/iclass.tku.edu.tw/course/course_template/lesson_resource_url.html,https://iclass.tku.edu.tw/course/course_template/lesson_resource_url,absolute-url
https://github.com/OWASP/CheatSheetSeries/blob/master/cheatsheets/Clickjacking_Defense_Cheat_Sheet.md#best-for-now-legacy-browser-frame-breaking-script--,github.com,raw/iclass.tku.edu.tw/course/course_template/lesson_resource_url.html,https://iclass.tku.edu.tw/course/course_template/lesson_resource_url,absolute-url
https://bam.nr-data.net,bam.nr-data.net,raw/iclass.tku.edu.tw/course/course_template/lesson_resource_url.html,https://iclass.tku.edu.tw/course/course_template/lesson_resource_url,absolute-url
https://www.google-analytics.com,www.google-analytics.com,raw/iclass.tku.edu.tw/course/course_template/lesson_resource_url.html,https://iclass.tku.edu.tw/course/course_template/lesson_resource_url,absolute-url
https://iclass.tku.edu.tw/iportal,iclass.tku.edu.tw,raw/iclass.tku.edu.tw/course/course_template/lesson_resource_url.html,https://iclass.tku.edu.tw/course/course_template/lesson_resource_url,absolute-url
"https://tronclass.com.tw/public-manual/TronclassManual_System_Admin.pdf',",tronclass.com.tw,raw/iclass.tku.edu.tw/course/course_template/lesson_resource_url.html,https://iclass.tku.edu.tw/course/course_template/lesson_resource_url,absolute-url
"https://tronclass.com.tw/public-manual/TronclassManual_Administrator.pdf',",tronclass.com.tw,raw/iclass.tku.edu.tw/course/course_template/lesson_resource_url.html,https://iclass.tku.edu.tw/course/course_template/lesson_resource_url,absolute-url
"https://tronclass.com.tw/public-manual/manual-teacher.html',",tronclass.com.tw,raw/iclass.tku.edu.tw/course/course_template/lesson_resource_url.html,https://iclass.tku.edu.tw/course/course_template/lesson_resource_url,absolute-url
"https://tronclass.com.tw/public-manual/TronclassManual_Student.pdf',",tronclass.com.tw,raw/iclass.tku.edu.tw/course/course_template/lesson_resource_url.html,https://iclass.tku.edu.tw/course/course_template/lesson_resource_url,absolute-url
"https://tronclass.com.tw/public-manual/TronclassManual_App.pdf',",tronclass.com.tw,raw/iclass.tku.edu.tw/course/course_template/lesson_resource_url.html,https://iclass.tku.edu.tw/course/course_template/lesson_resource_url,absolute-url
https://support.tronclass.com',support.tronclass.com',raw/iclass.tku.edu.tw/course/course_template/lesson_resource_url.html,https://iclass.tku.edu.tw/course/course_template/lesson_resource_url,absolute-url
https://iclass.tku.edu.tw/market,iclass.tku.edu.tw,raw/iclass.tku.edu.tw/course/course_template/lesson_resource_url.html,https://iclass.tku.edu.tw/course/course_template/lesson_resource_url,absolute-url
https://www.youtube.com/iframe_api,www.youtube.com,raw/iclass.tku.edu.tw/course/course_template/lesson_resource_url.html,https://iclass.tku.edu.tw/course/course_template/lesson_resource_url,absolute-url
https://get.adobe.com/flashplayer/,get.adobe.com,raw/iclass.tku.edu.tw/course/course_template/lesson_resource_url.html,https://iclass.tku.edu.tw/course/course_template/lesson_resource_url,absolute-url
https://iclass.tku.edu.tw/,iclass.tku.edu.tw,raw/iclass.tku.edu.tw/course/course_template/manualUrl.html,https://iclass.tku.edu.tw/course/course_template/manualUrl,absolute-url
https://www.googletagmanager.com/gtag/js,www.googletagmanager.com,raw/iclass.tku.edu.tw/course/course_template/manualUrl.html,https://iclass.tku.edu.tw/course/course_template/manualUrl,absolute-url
https://github.com/OWASP/CheatSheetSeries/blob/master/cheatsheets/Clickjacking_Defense_Cheat_Sheet.md#best-for-now-legacy-browser-frame-breaking-script--,github.com,raw/iclass.tku.edu.tw/course/course_template/manualUrl.html,https://iclass.tku.edu.tw/course/course_template/manualUrl,absolute-url
https://bam.nr-data.net,bam.nr-data.net,raw/iclass.tku.edu.tw/course/course_template/manualUrl.html,https://iclass.tku.edu.tw/course/course_template/manualUrl,absolute-url
https://www.google-analytics.com,www.google-analytics.com,raw/iclass.tku.edu.tw/course/course_template/manualUrl.html,https://iclass.tku.edu.tw/course/course_template/manualUrl,absolute-url
https://iclass.tku.edu.tw/iportal,iclass.tku.edu.tw,raw/iclass.tku.edu.tw/course/course_template/manualUrl.html,https://iclass.tku.edu.tw/course/course_template/manualUrl,absolute-url
"https://tronclass.com.tw/public-manual/TronclassManual_System_Admin.pdf',",tronclass.com.tw,raw/iclass.tku.edu.tw/course/course_template/manualUrl.html,https://iclass.tku.edu.tw/course/course_template/manualUrl,absolute-url
"https://tronclass.com.tw/public-manual/TronclassManual_Administrator.pdf',",tronclass.com.tw,raw/iclass.tku.edu.tw/course/course_template/manualUrl.html,https://iclass.tku.edu.tw/course/course_template/manualUrl,absolute-url
"https://tronclass.com.tw/public-manual/manual-teacher.html',",tronclass.com.tw,raw/iclass.tku.edu.tw/course/course_template/manualUrl.html,https://iclass.tku.edu.tw/course/course_template/manualUrl,absolute-url
"https://tronclass.com.tw/public-manual/TronclassManual_Student.pdf',",tronclass.com.tw,raw/iclass.tku.edu.tw/course/course_template/manualUrl.html,https://iclass.tku.edu.tw/course/course_template/manualUrl,absolute-url
"https://tronclass.com.tw/public-manual/TronclassManual_App.pdf',",tronclass.com.tw,raw/iclass.tku.edu.tw/course/course_template/manualUrl.html,https://iclass.tku.edu.tw/course/course_template/manualUrl,absolute-url
https://support.tronclass.com',support.tronclass.com',raw/iclass.tku.edu.tw/course/course_template/manualUrl.html,https://iclass.tku.edu.tw/course/course_template/manualUrl,absolute-url
https://iclass.tku.edu.tw/market,iclass.tku.edu.tw,raw/iclass.tku.edu.tw/course/course_template/manualUrl.html,https://iclass.tku.edu.tw/course/course_template/manualUrl,absolute-url
https://www.youtube.com/iframe_api,www.youtube.com,raw/iclass.tku.edu.tw/course/course_template/manualUrl.html,https://iclass.tku.edu.tw/course/course_template/manualUrl,absolute-url
https://get.adobe.com/flashplayer/,get.adobe.com,raw/iclass.tku.edu.tw/course/course_template/manualUrl.html,https://iclass.tku.edu.tw/course/course_template/manualUrl,absolute-url
https://iclass.tku.edu.tw/,iclass.tku.edu.tw,raw/iclass.tku.edu.tw/course/exam-subjects-import-help__q_d5507f9e99.html,https://iclass.tku.edu.tw/course/exam-subjects-import-help?mode=word&show_knowledge_node=,absolute-url
https://www.googletagmanager.com/gtag/js,www.googletagmanager.com,raw/iclass.tku.edu.tw/course/exam-subjects-import-help__q_d5507f9e99.html,https://iclass.tku.edu.tw/course/exam-subjects-import-help?mode=word&show_knowledge_node=,absolute-url
https://github.com/OWASP/CheatSheetSeries/blob/master/cheatsheets/Clickjacking_Defense_Cheat_Sheet.md#best-for-now-legacy-browser-frame-breaking-script--,github.com,raw/iclass.tku.edu.tw/course/exam-subjects-import-help__q_d5507f9e99.html,https://iclass.tku.edu.tw/course/exam-subjects-import-help?mode=word&show_knowledge_node=,absolute-url
https://bam.nr-data.net,bam.nr-data.net,raw/iclass.tku.edu.tw/course/exam-subjects-import-help__q_d5507f9e99.html,https://iclass.tku.edu.tw/course/exam-subjects-import-help?mode=word&show_knowledge_node=,absolute-url
https://www.google-analytics.com,www.google-analytics.com,raw/iclass.tku.edu.tw/course/exam-subjects-import-help__q_d5507f9e99.html,https://iclass.tku.edu.tw/course/exam-subjects-import-help?mode=word&show_knowledge_node=,absolute-url
https://www.youtube.com/iframe_api,www.youtube.com,raw/iclass.tku.edu.tw/course/exam-subjects-import-help__q_d5507f9e99.html,https://iclass.tku.edu.tw/course/exam-subjects-import-help?mode=word&show_knowledge_node=,absolute-url
https://get.adobe.com/flashplayer/,get.adobe.com,raw/iclass.tku.edu.tw/course/exam-subjects-import-help__q_d5507f9e99.html,https://iclass.tku.edu.tw/course/exam-subjects-import-help?mode=word&show_knowledge_node=,absolute-url
https://iclass.tku.edu.tw/,iclass.tku.edu.tw,raw/iclass.tku.edu.tw/course/join/index.html,https://iclass.tku.edu.tw/course/join/,absolute-url
https://www.googletagmanager.com/gtag/js,www.googletagmanager.com,raw/iclass.tku.edu.tw/course/join/index.html,https://iclass.tku.edu.tw/course/join/,absolute-url
https://github.com/OWASP/CheatSheetSeries/blob/master/cheatsheets/Clickjacking_Defense_Cheat_Sheet.md#best-for-now-legacy-browser-frame-breaking-script--,github.com,raw/iclass.tku.edu.tw/course/join/index.html,https://iclass.tku.edu.tw/course/join/,absolute-url
https://bam.nr-data.net,bam.nr-data.net,raw/iclass.tku.edu.tw/course/join/index.html,https://iclass.tku.edu.tw/course/join/,absolute-url
https://www.google-analytics.com,www.google-analytics.com,raw/iclass.tku.edu.tw/course/join/index.html,https://iclass.tku.edu.tw/course/join/,absolute-url
https://iclass.tku.edu.tw/iportal,iclass.tku.edu.tw,raw/iclass.tku.edu.tw/course/join/index.html,https://iclass.tku.edu.tw/course/join/,absolute-url
"https://tronclass.com.tw/public-manual/TronclassManual_System_Admin.pdf',",tronclass.com.tw,raw/iclass.tku.edu.tw/course/join/index.html,https://iclass.tku.edu.tw/course/join/,absolute-url
"https://tronclass.com.tw/public-manual/TronclassManual_Administrator.pdf',",tronclass.com.tw,raw/iclass.tku.edu.tw/course/join/index.html,https://iclass.tku.edu.tw/course/join/,absolute-url
"https://tronclass.com.tw/public-manual/manual-teacher.html',",tronclass.com.tw,raw/iclass.tku.edu.tw/course/join/index.html,https://iclass.tku.edu.tw/course/join/,absolute-url
"https://tronclass.com.tw/public-manual/TronclassManual_Student.pdf',",tronclass.com.tw,raw/iclass.tku.edu.tw/course/join/index.html,https://iclass.tku.edu.tw/course/join/,absolute-url
"https://tronclass.com.tw/public-manual/TronclassManual_App.pdf',",tronclass.com.tw,raw/iclass.tku.edu.tw/course/join/index.html,https://iclass.tku.edu.tw/course/join/,absolute-url
https://support.tronclass.com',support.tronclass.com',raw/iclass.tku.edu.tw/course/join/index.html,https://iclass.tku.edu.tw/course/join/,absolute-url
https://iclass.tku.edu.tw/market,iclass.tku.edu.tw,raw/iclass.tku.edu.tw/course/join/index.html,https://iclass.tku.edu.tw/course/join/,absolute-url
https://www.youtube.com/iframe_api,www.youtube.com,raw/iclass.tku.edu.tw/course/join/index.html,https://iclass.tku.edu.tw/course/join/,absolute-url
https://get.adobe.com/flashplayer/,get.adobe.com,raw/iclass.tku.edu.tw/course/join/index.html,https://iclass.tku.edu.tw/course/join/,absolute-url
https://iclass.tku.edu.tw/,iclass.tku.edu.tw,raw/iclass.tku.edu.tw/course/join/avatarSmallUrl.html,https://iclass.tku.edu.tw/course/join/avatarSmallUrl,absolute-url
https://www.googletagmanager.com/gtag/js,www.googletagmanager.com,raw/iclass.tku.edu.tw/course/join/avatarSmallUrl.html,https://iclass.tku.edu.tw/course/join/avatarSmallUrl,absolute-url
https://github.com/OWASP/CheatSheetSeries/blob/master/cheatsheets/Clickjacking_Defense_Cheat_Sheet.md#best-for-now-legacy-browser-frame-breaking-script--,github.com,raw/iclass.tku.edu.tw/course/join/avatarSmallUrl.html,https://iclass.tku.edu.tw/course/join/avatarSmallUrl,absolute-url
https://bam.nr-data.net,bam.nr-data.net,raw/iclass.tku.edu.tw/course/join/avatarSmallUrl.html,https://iclass.tku.edu.tw/course/join/avatarSmallUrl,absolute-url
https://www.google-analytics.com,www.google-analytics.com,raw/iclass.tku.edu.tw/course/join/avatarSmallUrl.html,https://iclass.tku.edu.tw/course/join/avatarSmallUrl,absolute-url
https://iclass.tku.edu.tw/iportal,iclass.tku.edu.tw,raw/iclass.tku.edu.tw/course/join/avatarSmallUrl.html,https://iclass.tku.edu.tw/course/join/avatarSmallUrl,absolute-url
"https://tronclass.com.tw/public-manual/TronclassManual_System_Admin.pdf',",tronclass.com.tw,raw/iclass.tku.edu.tw/course/join/avatarSmallUrl.html,https://iclass.tku.edu.tw/course/join/avatarSmallUrl,absolute-url
"https://tronclass.com.tw/public-manual/TronclassManual_Administrator.pdf',",tronclass.com.tw,raw/iclass.tku.edu.tw/course/join/avatarSmallUrl.html,https://iclass.tku.edu.tw/course/join/avatarSmallUrl,absolute-url
"https://tronclass.com.tw/public-manual/manual-teacher.html',",tronclass.com.tw,raw/iclass.tku.edu.tw/course/join/avatarSmallUrl.html,https://iclass.tku.edu.tw/course/join/avatarSmallUrl,absolute-url
"https://tronclass.com.tw/public-manual/TronclassManual_Student.pdf',",tronclass.com.tw,raw/iclass.tku.edu.tw/course/join/avatarSmallUrl.html,https://iclass.tku.edu.tw/course/join/avatarSmallUrl,absolute-url
"https://tronclass.com.tw/public-manual/TronclassManual_App.pdf',",tronclass.com.tw,raw/iclass.tku.edu.tw/course/join/avatarSmallUrl.html,https://iclass.tku.edu.tw/course/join/avatarSmallUrl,absolute-url
https://support.tronclass.com',support.tronclass.com',raw/iclass.tku.edu.tw/course/join/avatarSmallUrl.html,https://iclass.tku.edu.tw/course/join/avatarSmallUrl,absolute-url
https://iclass.tku.edu.tw/market,iclass.tku.edu.tw,raw/iclass.tku.edu.tw/course/join/avatarSmallUrl.html,https://iclass.tku.edu.tw/course/join/avatarSmallUrl,absolute-url
https://www.youtube.com/iframe_api,www.youtube.com,raw/iclass.tku.edu.tw/course/join/avatarSmallUrl.html,https://iclass.tku.edu.tw/course/join/avatarSmallUrl,absolute-url
https://get.adobe.com/flashplayer/,get.adobe.com,raw/iclass.tku.edu.tw/course/join/avatarSmallUrl.html,https://iclass.tku.edu.tw/course/join/avatarSmallUrl,absolute-url
https://iclass.tku.edu.tw/,iclass.tku.edu.tw,raw/iclass.tku.edu.tw/course/join/capture_url.html,https://iclass.tku.edu.tw/course/join/capture_url,absolute-url
https://www.googletagmanager.com/gtag/js,www.googletagmanager.com,raw/iclass.tku.edu.tw/course/join/capture_url.html,https://iclass.tku.edu.tw/course/join/capture_url,absolute-url
https://github.com/OWASP/CheatSheetSeries/blob/master/cheatsheets/Clickjacking_Defense_Cheat_Sheet.md#best-for-now-legacy-browser-frame-breaking-script--,github.com,raw/iclass.tku.edu.tw/course/join/capture_url.html,https://iclass.tku.edu.tw/course/join/capture_url,absolute-url
https://bam.nr-data.net,bam.nr-data.net,raw/iclass.tku.edu.tw/course/join/capture_url.html,https://iclass.tku.edu.tw/course/join/capture_url,absolute-url
https://www.google-analytics.com,www.google-analytics.com,raw/iclass.tku.edu.tw/course/join/capture_url.html,https://iclass.tku.edu.tw/course/join/capture_url,absolute-url
https://iclass.tku.edu.tw/iportal,iclass.tku.edu.tw,raw/iclass.tku.edu.tw/course/join/capture_url.html,https://iclass.tku.edu.tw/course/join/capture_url,absolute-url
"https://tronclass.com.tw/public-manual/TronclassManual_System_Admin.pdf',",tronclass.com.tw,raw/iclass.tku.edu.tw/course/join/capture_url.html,https://iclass.tku.edu.tw/course/join/capture_url,absolute-url
"https://tronclass.com.tw/public-manual/TronclassManual_Administrator.pdf',",tronclass.com.tw,raw/iclass.tku.edu.tw/course/join/capture_url.html,https://iclass.tku.edu.tw/course/join/capture_url,absolute-url
"https://tronclass.com.tw/public-manual/manual-teacher.html',",tronclass.com.tw,raw/iclass.tku.edu.tw/course/join/capture_url.html,https://iclass.tku.edu.tw/course/join/capture_url,absolute-url
"https://tronclass.com.tw/public-manual/TronclassManual_Student.pdf',",tronclass.com.tw,raw/iclass.tku.edu.tw/course/join/capture_url.html,https://iclass.tku.edu.tw/course/join/capture_url,absolute-url
"https://tronclass.com.tw/public-manual/TronclassManual_App.pdf',",tronclass.com.tw,raw/iclass.tku.edu.tw/course/join/capture_url.html,https://iclass.tku.edu.tw/course/join/capture_url,absolute-url
https://support.tronclass.com',support.tronclass.com',raw/iclass.tku.edu.tw/course/join/capture_url.html,https://iclass.tku.edu.tw/course/join/capture_url,absolute-url
https://iclass.tku.edu.tw/market,iclass.tku.edu.tw,raw/iclass.tku.edu.tw/course/join/capture_url.html,https://iclass.tku.edu.tw/course/join/capture_url,absolute-url
https://www.youtube.com/iframe_api,www.youtube.com,raw/iclass.tku.edu.tw/course/join/capture_url.html,https://iclass.tku.edu.tw/course/join/capture_url,absolute-url
https://get.adobe.com/flashplayer/,get.adobe.com,raw/iclass.tku.edu.tw/course/join/capture_url.html,https://iclass.tku.edu.tw/course/join/capture_url,absolute-url
https://iclass.tku.edu.tw/,iclass.tku.edu.tw,raw/iclass.tku.edu.tw/course/join/lesson_resource_url.html,https://iclass.tku.edu.tw/course/join/lesson_resource_url,absolute-url
https://www.googletagmanager.com/gtag/js,www.googletagmanager.com,raw/iclass.tku.edu.tw/course/join/lesson_resource_url.html,https://iclass.tku.edu.tw/course/join/lesson_resource_url,absolute-url
https://github.com/OWASP/CheatSheetSeries/blob/master/cheatsheets/Clickjacking_Defense_Cheat_Sheet.md#best-for-now-legacy-browser-frame-breaking-script--,github.com,raw/iclass.tku.edu.tw/course/join/lesson_resource_url.html,https://iclass.tku.edu.tw/course/join/lesson_resource_url,absolute-url
https://bam.nr-data.net,bam.nr-data.net,raw/iclass.tku.edu.tw/course/join/lesson_resource_url.html,https://iclass.tku.edu.tw/course/join/lesson_resource_url,absolute-url
https://www.google-analytics.com,www.google-analytics.com,raw/iclass.tku.edu.tw/course/join/lesson_resource_url.html,https://iclass.tku.edu.tw/course/join/lesson_resource_url,absolute-url
https://iclass.tku.edu.tw/iportal,iclass.tku.edu.tw,raw/iclass.tku.edu.tw/course/join/lesson_resource_url.html,https://iclass.tku.edu.tw/course/join/lesson_resource_url,absolute-url
"https://tronclass.com.tw/public-manual/TronclassManual_System_Admin.pdf',",tronclass.com.tw,raw/iclass.tku.edu.tw/course/join/lesson_resource_url.html,https://iclass.tku.edu.tw/course/join/lesson_resource_url,absolute-url
"https://tronclass.com.tw/public-manual/TronclassManual_Administrator.pdf',",tronclass.com.tw,raw/iclass.tku.edu.tw/course/join/lesson_resource_url.html,https://iclass.tku.edu.tw/course/join/lesson_resource_url,absolute-url
"https://tronclass.com.tw/public-manual/manual-teacher.html',",tronclass.com.tw,raw/iclass.tku.edu.tw/course/join/lesson_resource_url.html,https://iclass.tku.edu.tw/course/join/lesson_resource_url,absolute-url
"https://tronclass.com.tw/public-manual/TronclassManual_Student.pdf',",tronclass.com.tw,raw/iclass.tku.edu.tw/course/join/lesson_resource_url.html,https://iclass.tku.edu.tw/course/join/lesson_resource_url,absolute-url
"https://tronclass.com.tw/public-manual/TronclassManual_App.pdf',",tronclass.com.tw,raw/iclass.tku.edu.tw/course/join/lesson_resource_url.html,https://iclass.tku.edu.tw/course/join/lesson_resource_url,absolute-url
https://support.tronclass.com',support.tronclass.com',raw/iclass.tku.edu.tw/course/join/lesson_resource_url.html,https://iclass.tku.edu.tw/course/join/lesson_resource_url,absolute-url
https://iclass.tku.edu.tw/market,iclass.tku.edu.tw,raw/iclass.tku.edu.tw/course/join/lesson_resource_url.html,https://iclass.tku.edu.tw/course/join/lesson_resource_url,absolute-url
https://www.youtube.com/iframe_api,www.youtube.com,raw/iclass.tku.edu.tw/course/join/lesson_resource_url.html,https://iclass.tku.edu.tw/course/join/lesson_resource_url,absolute-url
https://get.adobe.com/flashplayer/,get.adobe.com,raw/iclass.tku.edu.tw/course/join/lesson_resource_url.html,https://iclass.tku.edu.tw/course/join/lesson_resource_url,absolute-url
https://iclass.tku.edu.tw/,iclass.tku.edu.tw,raw/iclass.tku.edu.tw/course/join/manualUrl.html,https://iclass.tku.edu.tw/course/join/manualUrl,absolute-url
https://www.googletagmanager.com/gtag/js,www.googletagmanager.com,raw/iclass.tku.edu.tw/course/join/manualUrl.html,https://iclass.tku.edu.tw/course/join/manualUrl,absolute-url
https://github.com/OWASP/CheatSheetSeries/blob/master/cheatsheets/Clickjacking_Defense_Cheat_Sheet.md#best-for-now-legacy-browser-frame-breaking-script--,github.com,raw/iclass.tku.edu.tw/course/join/manualUrl.html,https://iclass.tku.edu.tw/course/join/manualUrl,absolute-url
https://bam.nr-data.net,bam.nr-data.net,raw/iclass.tku.edu.tw/course/join/manualUrl.html,https://iclass.tku.edu.tw/course/join/manualUrl,absolute-url
https://www.google-analytics.com,www.google-analytics.com,raw/iclass.tku.edu.tw/course/join/manualUrl.html,https://iclass.tku.edu.tw/course/join/manualUrl,absolute-url
https://iclass.tku.edu.tw/iportal,iclass.tku.edu.tw,raw/iclass.tku.edu.tw/course/join/manualUrl.html,https://iclass.tku.edu.tw/course/join/manualUrl,absolute-url
"https://tronclass.com.tw/public-manual/TronclassManual_System_Admin.pdf',",tronclass.com.tw,raw/iclass.tku.edu.tw/course/join/manualUrl.html,https://iclass.tku.edu.tw/course/join/manualUrl,absolute-url
"https://tronclass.com.tw/public-manual/TronclassManual_Administrator.pdf',",tronclass.com.tw,raw/iclass.tku.edu.tw/course/join/manualUrl.html,https://iclass.tku.edu.tw/course/join/manualUrl,absolute-url
"https://tronclass.com.tw/public-manual/manual-teacher.html',",tronclass.com.tw,raw/iclass.tku.edu.tw/course/join/manualUrl.html,https://iclass.tku.edu.tw/course/join/manualUrl,absolute-url
"https://tronclass.com.tw/public-manual/TronclassManual_Student.pdf',",tronclass.com.tw,raw/iclass.tku.edu.tw/course/join/manualUrl.html,https://iclass.tku.edu.tw/course/join/manualUrl,absolute-url
"https://tronclass.com.tw/public-manual/TronclassManual_App.pdf',",tronclass.com.tw,raw/iclass.tku.edu.tw/course/join/manualUrl.html,https://iclass.tku.edu.tw/course/join/manualUrl,absolute-url
https://support.tronclass.com',support.tronclass.com',raw/iclass.tku.edu.tw/course/join/manualUrl.html,https://iclass.tku.edu.tw/course/join/manualUrl,absolute-url
https://iclass.tku.edu.tw/market,iclass.tku.edu.tw,raw/iclass.tku.edu.tw/course/join/manualUrl.html,https://iclass.tku.edu.tw/course/join/manualUrl,absolute-url
https://www.youtube.com/iframe_api,www.youtube.com,raw/iclass.tku.edu.tw/course/join/manualUrl.html,https://iclass.tku.edu.tw/course/join/manualUrl,absolute-url
https://get.adobe.com/flashplayer/,get.adobe.com,raw/iclass.tku.edu.tw/course/join/manualUrl.html,https://iclass.tku.edu.tw/course/join/manualUrl,absolute-url
https://iclass.tku.edu.tw/,iclass.tku.edu.tw,raw/iclass.tku.edu.tw/course/lesson_resource_url.html,https://iclass.tku.edu.tw/course/lesson_resource_url,absolute-url
https://www.googletagmanager.com/gtag/js,www.googletagmanager.com,raw/iclass.tku.edu.tw/course/lesson_resource_url.html,https://iclass.tku.edu.tw/course/lesson_resource_url,absolute-url
https://github.com/OWASP/CheatSheetSeries/blob/master/cheatsheets/Clickjacking_Defense_Cheat_Sheet.md#best-for-now-legacy-browser-frame-breaking-script--,github.com,raw/iclass.tku.edu.tw/course/lesson_resource_url.html,https://iclass.tku.edu.tw/course/lesson_resource_url,absolute-url
https://bam.nr-data.net,bam.nr-data.net,raw/iclass.tku.edu.tw/course/lesson_resource_url.html,https://iclass.tku.edu.tw/course/lesson_resource_url,absolute-url
https://www.google-analytics.com,www.google-analytics.com,raw/iclass.tku.edu.tw/course/lesson_resource_url.html,https://iclass.tku.edu.tw/course/lesson_resource_url,absolute-url
https://iclass.tku.edu.tw/iportal,iclass.tku.edu.tw,raw/iclass.tku.edu.tw/course/lesson_resource_url.html,https://iclass.tku.edu.tw/course/lesson_resource_url,absolute-url
"https://tronclass.com.tw/public-manual/TronclassManual_System_Admin.pdf',",tronclass.com.tw,raw/iclass.tku.edu.tw/course/lesson_resource_url.html,https://iclass.tku.edu.tw/course/lesson_resource_url,absolute-url
"https://tronclass.com.tw/public-manual/TronclassManual_Administrator.pdf',",tronclass.com.tw,raw/iclass.tku.edu.tw/course/lesson_resource_url.html,https://iclass.tku.edu.tw/course/lesson_resource_url,absolute-url
"https://tronclass.com.tw/public-manual/manual-teacher.html',",tronclass.com.tw,raw/iclass.tku.edu.tw/course/lesson_resource_url.html,https://iclass.tku.edu.tw/course/lesson_resource_url,absolute-url
"https://tronclass.com.tw/public-manual/TronclassManual_Student.pdf',",tronclass.com.tw,raw/iclass.tku.edu.tw/course/lesson_resource_url.html,https://iclass.tku.edu.tw/course/lesson_resource_url,absolute-url
"https://tronclass.com.tw/public-manual/TronclassManual_App.pdf',",tronclass.com.tw,raw/iclass.tku.edu.tw/course/lesson_resource_url.html,https://iclass.tku.edu.tw/course/lesson_resource_url,absolute-url
https://support.tronclass.com',support.tronclass.com',raw/iclass.tku.edu.tw/course/lesson_resource_url.html,https://iclass.tku.edu.tw/course/lesson_resource_url,absolute-url
https://iclass.tku.edu.tw/market,iclass.tku.edu.tw,raw/iclass.tku.edu.tw/course/lesson_resource_url.html,https://iclass.tku.edu.tw/course/lesson_resource_url,absolute-url
https://www.youtube.com/iframe_api,www.youtube.com,raw/iclass.tku.edu.tw/course/lesson_resource_url.html,https://iclass.tku.edu.tw/course/lesson_resource_url,absolute-url
https://get.adobe.com/flashplayer/,get.adobe.com,raw/iclass.tku.edu.tw/course/lesson_resource_url.html,https://iclass.tku.edu.tw/course/lesson_resource_url,absolute-url
https://iclass.tku.edu.tw/,iclass.tku.edu.tw,raw/iclass.tku.edu.tw/course/library-subjects-import-help__q_d5507f9e99.html,https://iclass.tku.edu.tw/course/library-subjects-import-help?mode=word&show_knowledge_node=,absolute-url
https://www.googletagmanager.com/gtag/js,www.googletagmanager.com,raw/iclass.tku.edu.tw/course/library-subjects-import-help__q_d5507f9e99.html,https://iclass.tku.edu.tw/course/library-subjects-import-help?mode=word&show_knowledge_node=,absolute-url
https://github.com/OWASP/CheatSheetSeries/blob/master/cheatsheets/Clickjacking_Defense_Cheat_Sheet.md#best-for-now-legacy-browser-frame-breaking-script--,github.com,raw/iclass.tku.edu.tw/course/library-subjects-import-help__q_d5507f9e99.html,https://iclass.tku.edu.tw/course/library-subjects-import-help?mode=word&show_knowledge_node=,absolute-url
https://bam.nr-data.net,bam.nr-data.net,raw/iclass.tku.edu.tw/course/library-subjects-import-help__q_d5507f9e99.html,https://iclass.tku.edu.tw/course/library-subjects-import-help?mode=word&show_knowledge_node=,absolute-url
https://www.google-analytics.com,www.google-analytics.com,raw/iclass.tku.edu.tw/course/library-subjects-import-help__q_d5507f9e99.html,https://iclass.tku.edu.tw/course/library-subjects-import-help?mode=word&show_knowledge_node=,absolute-url
https://www.youtube.com/iframe_api,www.youtube.com,raw/iclass.tku.edu.tw/course/library-subjects-import-help__q_d5507f9e99.html,https://iclass.tku.edu.tw/course/library-subjects-import-help?mode=word&show_knowledge_node=,absolute-url
https://get.adobe.com/flashplayer/,get.adobe.com,raw/iclass.tku.edu.tw/course/library-subjects-import-help__q_d5507f9e99.html,https://iclass.tku.edu.tw/course/library-subjects-import-help?mode=word&show_knowledge_node=,absolute-url
https://iclass.tku.edu.tw/,iclass.tku.edu.tw,raw/iclass.tku.edu.tw/course/manualUrl.html,https://iclass.tku.edu.tw/course/manualUrl,absolute-url
https://www.googletagmanager.com/gtag/js,www.googletagmanager.com,raw/iclass.tku.edu.tw/course/manualUrl.html,https://iclass.tku.edu.tw/course/manualUrl,absolute-url
https://github.com/OWASP/CheatSheetSeries/blob/master/cheatsheets/Clickjacking_Defense_Cheat_Sheet.md#best-for-now-legacy-browser-frame-breaking-script--,github.com,raw/iclass.tku.edu.tw/course/manualUrl.html,https://iclass.tku.edu.tw/course/manualUrl,absolute-url
https://bam.nr-data.net,bam.nr-data.net,raw/iclass.tku.edu.tw/course/manualUrl.html,https://iclass.tku.edu.tw/course/manualUrl,absolute-url
https://www.google-analytics.com,www.google-analytics.com,raw/iclass.tku.edu.tw/course/manualUrl.html,https://iclass.tku.edu.tw/course/manualUrl,absolute-url
https://iclass.tku.edu.tw/iportal,iclass.tku.edu.tw,raw/iclass.tku.edu.tw/course/manualUrl.html,https://iclass.tku.edu.tw/course/manualUrl,absolute-url
"https://tronclass.com.tw/public-manual/TronclassManual_System_Admin.pdf',",tronclass.com.tw,raw/iclass.tku.edu.tw/course/manualUrl.html,https://iclass.tku.edu.tw/course/manualUrl,absolute-url
"https://tronclass.com.tw/public-manual/TronclassManual_Administrator.pdf',",tronclass.com.tw,raw/iclass.tku.edu.tw/course/manualUrl.html,https://iclass.tku.edu.tw/course/manualUrl,absolute-url
"https://tronclass.com.tw/public-manual/manual-teacher.html',",tronclass.com.tw,raw/iclass.tku.edu.tw/course/manualUrl.html,https://iclass.tku.edu.tw/course/manualUrl,absolute-url
"https://tronclass.com.tw/public-manual/TronclassManual_Student.pdf',",tronclass.com.tw,raw/iclass.tku.edu.tw/course/manualUrl.html,https://iclass.tku.edu.tw/course/manualUrl,absolute-url
"https://tronclass.com.tw/public-manual/TronclassManual_App.pdf',",tronclass.com.tw,raw/iclass.tku.edu.tw/course/manualUrl.html,https://iclass.tku.edu.tw/course/manualUrl,absolute-url
https://support.tronclass.com',support.tronclass.com',raw/iclass.tku.edu.tw/course/manualUrl.html,https://iclass.tku.edu.tw/course/manualUrl,absolute-url
https://iclass.tku.edu.tw/market,iclass.tku.edu.tw,raw/iclass.tku.edu.tw/course/manualUrl.html,https://iclass.tku.edu.tw/course/manualUrl,absolute-url
https://www.youtube.com/iframe_api,www.youtube.com,raw/iclass.tku.edu.tw/course/manualUrl.html,https://iclass.tku.edu.tw/course/manualUrl,absolute-url
https://get.adobe.com/flashplayer/,get.adobe.com,raw/iclass.tku.edu.tw/course/manualUrl.html,https://iclass.tku.edu.tw/course/manualUrl,absolute-url
https://iclass.tku.edu.tw/,iclass.tku.edu.tw,raw/iclass.tku.edu.tw/course/package/index.html,https://iclass.tku.edu.tw/course/package/,absolute-url
https://www.googletagmanager.com/gtag/js,www.googletagmanager.com,raw/iclass.tku.edu.tw/course/package/index.html,https://iclass.tku.edu.tw/course/package/,absolute-url
https://github.com/OWASP/CheatSheetSeries/blob/master/cheatsheets/Clickjacking_Defense_Cheat_Sheet.md#best-for-now-legacy-browser-frame-breaking-script--,github.com,raw/iclass.tku.edu.tw/course/package/index.html,https://iclass.tku.edu.tw/course/package/,absolute-url
https://bam.nr-data.net,bam.nr-data.net,raw/iclass.tku.edu.tw/course/package/index.html,https://iclass.tku.edu.tw/course/package/,absolute-url
https://www.google-analytics.com,www.google-analytics.com,raw/iclass.tku.edu.tw/course/package/index.html,https://iclass.tku.edu.tw/course/package/,absolute-url
https://iclass.tku.edu.tw/iportal,iclass.tku.edu.tw,raw/iclass.tku.edu.tw/course/package/index.html,https://iclass.tku.edu.tw/course/package/,absolute-url
"https://tronclass.com.tw/public-manual/TronclassManual_System_Admin.pdf',",tronclass.com.tw,raw/iclass.tku.edu.tw/course/package/index.html,https://iclass.tku.edu.tw/course/package/,absolute-url
"https://tronclass.com.tw/public-manual/TronclassManual_Administrator.pdf',",tronclass.com.tw,raw/iclass.tku.edu.tw/course/package/index.html,https://iclass.tku.edu.tw/course/package/,absolute-url
"https://tronclass.com.tw/public-manual/manual-teacher.html',",tronclass.com.tw,raw/iclass.tku.edu.tw/course/package/index.html,https://iclass.tku.edu.tw/course/package/,absolute-url
"https://tronclass.com.tw/public-manual/TronclassManual_Student.pdf',",tronclass.com.tw,raw/iclass.tku.edu.tw/course/package/index.html,https://iclass.tku.edu.tw/course/package/,absolute-url
"https://tronclass.com.tw/public-manual/TronclassManual_App.pdf',",tronclass.com.tw,raw/iclass.tku.edu.tw/course/package/index.html,https://iclass.tku.edu.tw/course/package/,absolute-url
https://support.tronclass.com',support.tronclass.com',raw/iclass.tku.edu.tw/course/package/index.html,https://iclass.tku.edu.tw/course/package/,absolute-url
https://iclass.tku.edu.tw/market,iclass.tku.edu.tw,raw/iclass.tku.edu.tw/course/package/index.html,https://iclass.tku.edu.tw/course/package/,absolute-url
https://www.youtube.com/iframe_api,www.youtube.com,raw/iclass.tku.edu.tw/course/package/index.html,https://iclass.tku.edu.tw/course/package/,absolute-url
https://get.adobe.com/flashplayer/,get.adobe.com,raw/iclass.tku.edu.tw/course/package/index.html,https://iclass.tku.edu.tw/course/package/,absolute-url
https://iclass.tku.edu.tw/,iclass.tku.edu.tw,raw/iclass.tku.edu.tw/course/package/avatarSmallUrl.html,https://iclass.tku.edu.tw/course/package/avatarSmallUrl,absolute-url
https://www.googletagmanager.com/gtag/js,www.googletagmanager.com,raw/iclass.tku.edu.tw/course/package/avatarSmallUrl.html,https://iclass.tku.edu.tw/course/package/avatarSmallUrl,absolute-url
https://github.com/OWASP/CheatSheetSeries/blob/master/cheatsheets/Clickjacking_Defense_Cheat_Sheet.md#best-for-now-legacy-browser-frame-breaking-script--,github.com,raw/iclass.tku.edu.tw/course/package/avatarSmallUrl.html,https://iclass.tku.edu.tw/course/package/avatarSmallUrl,absolute-url
https://bam.nr-data.net,bam.nr-data.net,raw/iclass.tku.edu.tw/course/package/avatarSmallUrl.html,https://iclass.tku.edu.tw/course/package/avatarSmallUrl,absolute-url
https://www.google-analytics.com,www.google-analytics.com,raw/iclass.tku.edu.tw/course/package/avatarSmallUrl.html,https://iclass.tku.edu.tw/course/package/avatarSmallUrl,absolute-url
https://iclass.tku.edu.tw/iportal,iclass.tku.edu.tw,raw/iclass.tku.edu.tw/course/package/avatarSmallUrl.html,https://iclass.tku.edu.tw/course/package/avatarSmallUrl,absolute-url
"https://tronclass.com.tw/public-manual/TronclassManual_System_Admin.pdf',",tronclass.com.tw,raw/iclass.tku.edu.tw/course/package/avatarSmallUrl.html,https://iclass.tku.edu.tw/course/package/avatarSmallUrl,absolute-url
"https://tronclass.com.tw/public-manual/TronclassManual_Administrator.pdf',",tronclass.com.tw,raw/iclass.tku.edu.tw/course/package/avatarSmallUrl.html,https://iclass.tku.edu.tw/course/package/avatarSmallUrl,absolute-url
"https://tronclass.com.tw/public-manual/manual-teacher.html',",tronclass.com.tw,raw/iclass.tku.edu.tw/course/package/avatarSmallUrl.html,https://iclass.tku.edu.tw/course/package/avatarSmallUrl,absolute-url
"https://tronclass.com.tw/public-manual/TronclassManual_Student.pdf',",tronclass.com.tw,raw/iclass.tku.edu.tw/course/package/avatarSmallUrl.html,https://iclass.tku.edu.tw/course/package/avatarSmallUrl,absolute-url
"https://tronclass.com.tw/public-manual/TronclassManual_App.pdf',",tronclass.com.tw,raw/iclass.tku.edu.tw/course/package/avatarSmallUrl.html,https://iclass.tku.edu.tw/course/package/avatarSmallUrl,absolute-url
https://support.tronclass.com',support.tronclass.com',raw/iclass.tku.edu.tw/course/package/avatarSmallUrl.html,https://iclass.tku.edu.tw/course/package/avatarSmallUrl,absolute-url
https://iclass.tku.edu.tw/market,iclass.tku.edu.tw,raw/iclass.tku.edu.tw/course/package/avatarSmallUrl.html,https://iclass.tku.edu.tw/course/package/avatarSmallUrl,absolute-url
https://www.youtube.com/iframe_api,www.youtube.com,raw/iclass.tku.edu.tw/course/package/avatarSmallUrl.html,https://iclass.tku.edu.tw/course/package/avatarSmallUrl,absolute-url
https://get.adobe.com/flashplayer/,get.adobe.com,raw/iclass.tku.edu.tw/course/package/avatarSmallUrl.html,https://iclass.tku.edu.tw/course/package/avatarSmallUrl,absolute-url
https://iclass.tku.edu.tw/,iclass.tku.edu.tw,raw/iclass.tku.edu.tw/course/package/capture_url.html,https://iclass.tku.edu.tw/course/package/capture_url,absolute-url
https://www.googletagmanager.com/gtag/js,www.googletagmanager.com,raw/iclass.tku.edu.tw/course/package/capture_url.html,https://iclass.tku.edu.tw/course/package/capture_url,absolute-url
https://github.com/OWASP/CheatSheetSeries/blob/master/cheatsheets/Clickjacking_Defense_Cheat_Sheet.md#best-for-now-legacy-browser-frame-breaking-script--,github.com,raw/iclass.tku.edu.tw/course/package/capture_url.html,https://iclass.tku.edu.tw/course/package/capture_url,absolute-url
https://bam.nr-data.net,bam.nr-data.net,raw/iclass.tku.edu.tw/course/package/capture_url.html,https://iclass.tku.edu.tw/course/package/capture_url,absolute-url
https://www.google-analytics.com,www.google-analytics.com,raw/iclass.tku.edu.tw/course/package/capture_url.html,https://iclass.tku.edu.tw/course/package/capture_url,absolute-url
https://iclass.tku.edu.tw/iportal,iclass.tku.edu.tw,raw/iclass.tku.edu.tw/course/package/capture_url.html,https://iclass.tku.edu.tw/course/package/capture_url,absolute-url
"https://tronclass.com.tw/public-manual/TronclassManual_System_Admin.pdf',",tronclass.com.tw,raw/iclass.tku.edu.tw/course/package/capture_url.html,https://iclass.tku.edu.tw/course/package/capture_url,absolute-url
"https://tronclass.com.tw/public-manual/TronclassManual_Administrator.pdf',",tronclass.com.tw,raw/iclass.tku.edu.tw/course/package/capture_url.html,https://iclass.tku.edu.tw/course/package/capture_url,absolute-url
"https://tronclass.com.tw/public-manual/manual-teacher.html',",tronclass.com.tw,raw/iclass.tku.edu.tw/course/package/capture_url.html,https://iclass.tku.edu.tw/course/package/capture_url,absolute-url
"https://tronclass.com.tw/public-manual/TronclassManual_Student.pdf',",tronclass.com.tw,raw/iclass.tku.edu.tw/course/package/capture_url.html,https://iclass.tku.edu.tw/course/package/capture_url,absolute-url
"https://tronclass.com.tw/public-manual/TronclassManual_App.pdf',",tronclass.com.tw,raw/iclass.tku.edu.tw/course/package/capture_url.html,https://iclass.tku.edu.tw/course/package/capture_url,absolute-url
https://support.tronclass.com',support.tronclass.com',raw/iclass.tku.edu.tw/course/package/capture_url.html,https://iclass.tku.edu.tw/course/package/capture_url,absolute-url
https://iclass.tku.edu.tw/market,iclass.tku.edu.tw,raw/iclass.tku.edu.tw/course/package/capture_url.html,https://iclass.tku.edu.tw/course/package/capture_url,absolute-url
https://www.youtube.com/iframe_api,www.youtube.com,raw/iclass.tku.edu.tw/course/package/capture_url.html,https://iclass.tku.edu.tw/course/package/capture_url,absolute-url
https://get.adobe.com/flashplayer/,get.adobe.com,raw/iclass.tku.edu.tw/course/package/capture_url.html,https://iclass.tku.edu.tw/course/package/capture_url,absolute-url
https://iclass.tku.edu.tw/,iclass.tku.edu.tw,raw/iclass.tku.edu.tw/course/package/lesson_resource_url.html,https://iclass.tku.edu.tw/course/package/lesson_resource_url,absolute-url
https://www.googletagmanager.com/gtag/js,www.googletagmanager.com,raw/iclass.tku.edu.tw/course/package/lesson_resource_url.html,https://iclass.tku.edu.tw/course/package/lesson_resource_url,absolute-url
https://github.com/OWASP/CheatSheetSeries/blob/master/cheatsheets/Clickjacking_Defense_Cheat_Sheet.md#best-for-now-legacy-browser-frame-breaking-script--,github.com,raw/iclass.tku.edu.tw/course/package/lesson_resource_url.html,https://iclass.tku.edu.tw/course/package/lesson_resource_url,absolute-url
https://bam.nr-data.net,bam.nr-data.net,raw/iclass.tku.edu.tw/course/package/lesson_resource_url.html,https://iclass.tku.edu.tw/course/package/lesson_resource_url,absolute-url
https://www.google-analytics.com,www.google-analytics.com,raw/iclass.tku.edu.tw/course/package/lesson_resource_url.html,https://iclass.tku.edu.tw/course/package/lesson_resource_url,absolute-url
https://iclass.tku.edu.tw/iportal,iclass.tku.edu.tw,raw/iclass.tku.edu.tw/course/package/lesson_resource_url.html,https://iclass.tku.edu.tw/course/package/lesson_resource_url,absolute-url
"https://tronclass.com.tw/public-manual/TronclassManual_System_Admin.pdf',",tronclass.com.tw,raw/iclass.tku.edu.tw/course/package/lesson_resource_url.html,https://iclass.tku.edu.tw/course/package/lesson_resource_url,absolute-url
"https://tronclass.com.tw/public-manual/TronclassManual_Administrator.pdf',",tronclass.com.tw,raw/iclass.tku.edu.tw/course/package/lesson_resource_url.html,https://iclass.tku.edu.tw/course/package/lesson_resource_url,absolute-url
"https://tronclass.com.tw/public-manual/manual-teacher.html',",tronclass.com.tw,raw/iclass.tku.edu.tw/course/package/lesson_resource_url.html,https://iclass.tku.edu.tw/course/package/lesson_resource_url,absolute-url
"https://tronclass.com.tw/public-manual/TronclassManual_Student.pdf',",tronclass.com.tw,raw/iclass.tku.edu.tw/course/package/lesson_resource_url.html,https://iclass.tku.edu.tw/course/package/lesson_resource_url,absolute-url
"https://tronclass.com.tw/public-manual/TronclassManual_App.pdf',",tronclass.com.tw,raw/iclass.tku.edu.tw/course/package/lesson_resource_url.html,https://iclass.tku.edu.tw/course/package/lesson_resource_url,absolute-url
https://support.tronclass.com',support.tronclass.com',raw/iclass.tku.edu.tw/course/package/lesson_resource_url.html,https://iclass.tku.edu.tw/course/package/lesson_resource_url,absolute-url
https://iclass.tku.edu.tw/market,iclass.tku.edu.tw,raw/iclass.tku.edu.tw/course/package/lesson_resource_url.html,https://iclass.tku.edu.tw/course/package/lesson_resource_url,absolute-url
https://www.youtube.com/iframe_api,www.youtube.com,raw/iclass.tku.edu.tw/course/package/lesson_resource_url.html,https://iclass.tku.edu.tw/course/package/lesson_resource_url,absolute-url
https://get.adobe.com/flashplayer/,get.adobe.com,raw/iclass.tku.edu.tw/course/package/lesson_resource_url.html,https://iclass.tku.edu.tw/course/package/lesson_resource_url,absolute-url
https://iclass.tku.edu.tw/,iclass.tku.edu.tw,raw/iclass.tku.edu.tw/course/package/manualUrl.html,https://iclass.tku.edu.tw/course/package/manualUrl,absolute-url
https://www.googletagmanager.com/gtag/js,www.googletagmanager.com,raw/iclass.tku.edu.tw/course/package/manualUrl.html,https://iclass.tku.edu.tw/course/package/manualUrl,absolute-url
https://github.com/OWASP/CheatSheetSeries/blob/master/cheatsheets/Clickjacking_Defense_Cheat_Sheet.md#best-for-now-legacy-browser-frame-breaking-script--,github.com,raw/iclass.tku.edu.tw/course/package/manualUrl.html,https://iclass.tku.edu.tw/course/package/manualUrl,absolute-url
https://bam.nr-data.net,bam.nr-data.net,raw/iclass.tku.edu.tw/course/package/manualUrl.html,https://iclass.tku.edu.tw/course/package/manualUrl,absolute-url
https://www.google-analytics.com,www.google-analytics.com,raw/iclass.tku.edu.tw/course/package/manualUrl.html,https://iclass.tku.edu.tw/course/package/manualUrl,absolute-url
https://iclass.tku.edu.tw/iportal,iclass.tku.edu.tw,raw/iclass.tku.edu.tw/course/package/manualUrl.html,https://iclass.tku.edu.tw/course/package/manualUrl,absolute-url
"https://tronclass.com.tw/public-manual/TronclassManual_System_Admin.pdf',",tronclass.com.tw,raw/iclass.tku.edu.tw/course/package/manualUrl.html,https://iclass.tku.edu.tw/course/package/manualUrl,absolute-url
"https://tronclass.com.tw/public-manual/TronclassManual_Administrator.pdf',",tronclass.com.tw,raw/iclass.tku.edu.tw/course/package/manualUrl.html,https://iclass.tku.edu.tw/course/package/manualUrl,absolute-url
"https://tronclass.com.tw/public-manual/manual-teacher.html',",tronclass.com.tw,raw/iclass.tku.edu.tw/course/package/manualUrl.html,https://iclass.tku.edu.tw/course/package/manualUrl,absolute-url
"https://tronclass.com.tw/public-manual/TronclassManual_Student.pdf',",tronclass.com.tw,raw/iclass.tku.edu.tw/course/package/manualUrl.html,https://iclass.tku.edu.tw/course/package/manualUrl,absolute-url
"https://tronclass.com.tw/public-manual/TronclassManual_App.pdf',",tronclass.com.tw,raw/iclass.tku.edu.tw/course/package/manualUrl.html,https://iclass.tku.edu.tw/course/package/manualUrl,absolute-url
https://support.tronclass.com',support.tronclass.com',raw/iclass.tku.edu.tw/course/package/manualUrl.html,https://iclass.tku.edu.tw/course/package/manualUrl,absolute-url
https://iclass.tku.edu.tw/market,iclass.tku.edu.tw,raw/iclass.tku.edu.tw/course/package/manualUrl.html,https://iclass.tku.edu.tw/course/package/manualUrl,absolute-url
https://www.youtube.com/iframe_api,www.youtube.com,raw/iclass.tku.edu.tw/course/package/manualUrl.html,https://iclass.tku.edu.tw/course/package/manualUrl,absolute-url
https://get.adobe.com/flashplayer/,get.adobe.com,raw/iclass.tku.edu.tw/course/package/manualUrl.html,https://iclass.tku.edu.tw/course/package/manualUrl,absolute-url
https://iclass.tku.edu.tw/,iclass.tku.edu.tw,raw/iclass.tku.edu.tw/course/questionnaire-exam/index.html,https://iclass.tku.edu.tw/course/questionnaire-exam/,absolute-url
https://www.googletagmanager.com/gtag/js,www.googletagmanager.com,raw/iclass.tku.edu.tw/course/questionnaire-exam/index.html,https://iclass.tku.edu.tw/course/questionnaire-exam/,absolute-url
https://github.com/OWASP/CheatSheetSeries/blob/master/cheatsheets/Clickjacking_Defense_Cheat_Sheet.md#best-for-now-legacy-browser-frame-breaking-script--,github.com,raw/iclass.tku.edu.tw/course/questionnaire-exam/index.html,https://iclass.tku.edu.tw/course/questionnaire-exam/,absolute-url
https://bam.nr-data.net,bam.nr-data.net,raw/iclass.tku.edu.tw/course/questionnaire-exam/index.html,https://iclass.tku.edu.tw/course/questionnaire-exam/,absolute-url
https://www.google-analytics.com,www.google-analytics.com,raw/iclass.tku.edu.tw/course/questionnaire-exam/index.html,https://iclass.tku.edu.tw/course/questionnaire-exam/,absolute-url
https://iclass.tku.edu.tw/iportal,iclass.tku.edu.tw,raw/iclass.tku.edu.tw/course/questionnaire-exam/index.html,https://iclass.tku.edu.tw/course/questionnaire-exam/,absolute-url
"https://tronclass.com.tw/public-manual/TronclassManual_System_Admin.pdf',",tronclass.com.tw,raw/iclass.tku.edu.tw/course/questionnaire-exam/index.html,https://iclass.tku.edu.tw/course/questionnaire-exam/,absolute-url
"https://tronclass.com.tw/public-manual/TronclassManual_Administrator.pdf',",tronclass.com.tw,raw/iclass.tku.edu.tw/course/questionnaire-exam/index.html,https://iclass.tku.edu.tw/course/questionnaire-exam/,absolute-url
"https://tronclass.com.tw/public-manual/manual-teacher.html',",tronclass.com.tw,raw/iclass.tku.edu.tw/course/questionnaire-exam/index.html,https://iclass.tku.edu.tw/course/questionnaire-exam/,absolute-url
"https://tronclass.com.tw/public-manual/TronclassManual_Student.pdf',",tronclass.com.tw,raw/iclass.tku.edu.tw/course/questionnaire-exam/index.html,https://iclass.tku.edu.tw/course/questionnaire-exam/,absolute-url
"https://tronclass.com.tw/public-manual/TronclassManual_App.pdf',",tronclass.com.tw,raw/iclass.tku.edu.tw/course/questionnaire-exam/index.html,https://iclass.tku.edu.tw/course/questionnaire-exam/,absolute-url
https://support.tronclass.com',support.tronclass.com',raw/iclass.tku.edu.tw/course/questionnaire-exam/index.html,https://iclass.tku.edu.tw/course/questionnaire-exam/,absolute-url
https://iclass.tku.edu.tw/market,iclass.tku.edu.tw,raw/iclass.tku.edu.tw/course/questionnaire-exam/index.html,https://iclass.tku.edu.tw/course/questionnaire-exam/,absolute-url
https://www.youtube.com/iframe_api,www.youtube.com,raw/iclass.tku.edu.tw/course/questionnaire-exam/index.html,https://iclass.tku.edu.tw/course/questionnaire-exam/,absolute-url
https://get.adobe.com/flashplayer/,get.adobe.com,raw/iclass.tku.edu.tw/course/questionnaire-exam/index.html,https://iclass.tku.edu.tw/course/questionnaire-exam/,absolute-url
https://iclass.tku.edu.tw/,iclass.tku.edu.tw,raw/iclass.tku.edu.tw/course/questionnaire-exam/avatarSmallUrl.html,https://iclass.tku.edu.tw/course/questionnaire-exam/avatarSmallUrl,absolute-url
https://www.googletagmanager.com/gtag/js,www.googletagmanager.com,raw/iclass.tku.edu.tw/course/questionnaire-exam/avatarSmallUrl.html,https://iclass.tku.edu.tw/course/questionnaire-exam/avatarSmallUrl,absolute-url
https://github.com/OWASP/CheatSheetSeries/blob/master/cheatsheets/Clickjacking_Defense_Cheat_Sheet.md#best-for-now-legacy-browser-frame-breaking-script--,github.com,raw/iclass.tku.edu.tw/course/questionnaire-exam/avatarSmallUrl.html,https://iclass.tku.edu.tw/course/questionnaire-exam/avatarSmallUrl,absolute-url
https://bam.nr-data.net,bam.nr-data.net,raw/iclass.tku.edu.tw/course/questionnaire-exam/avatarSmallUrl.html,https://iclass.tku.edu.tw/course/questionnaire-exam/avatarSmallUrl,absolute-url
https://www.google-analytics.com,www.google-analytics.com,raw/iclass.tku.edu.tw/course/questionnaire-exam/avatarSmallUrl.html,https://iclass.tku.edu.tw/course/questionnaire-exam/avatarSmallUrl,absolute-url
https://iclass.tku.edu.tw/iportal,iclass.tku.edu.tw,raw/iclass.tku.edu.tw/course/questionnaire-exam/avatarSmallUrl.html,https://iclass.tku.edu.tw/course/questionnaire-exam/avatarSmallUrl,absolute-url
"https://tronclass.com.tw/public-manual/TronclassManual_System_Admin.pdf',",tronclass.com.tw,raw/iclass.tku.edu.tw/course/questionnaire-exam/avatarSmallUrl.html,https://iclass.tku.edu.tw/course/questionnaire-exam/avatarSmallUrl,absolute-url
"https://tronclass.com.tw/public-manual/TronclassManual_Administrator.pdf',",tronclass.com.tw,raw/iclass.tku.edu.tw/course/questionnaire-exam/avatarSmallUrl.html,https://iclass.tku.edu.tw/course/questionnaire-exam/avatarSmallUrl,absolute-url
"https://tronclass.com.tw/public-manual/manual-teacher.html',",tronclass.com.tw,raw/iclass.tku.edu.tw/course/questionnaire-exam/avatarSmallUrl.html,https://iclass.tku.edu.tw/course/questionnaire-exam/avatarSmallUrl,absolute-url
"https://tronclass.com.tw/public-manual/TronclassManual_Student.pdf',",tronclass.com.tw,raw/iclass.tku.edu.tw/course/questionnaire-exam/avatarSmallUrl.html,https://iclass.tku.edu.tw/course/questionnaire-exam/avatarSmallUrl,absolute-url
"https://tronclass.com.tw/public-manual/TronclassManual_App.pdf',",tronclass.com.tw,raw/iclass.tku.edu.tw/course/questionnaire-exam/avatarSmallUrl.html,https://iclass.tku.edu.tw/course/questionnaire-exam/avatarSmallUrl,absolute-url
https://support.tronclass.com',support.tronclass.com',raw/iclass.tku.edu.tw/course/questionnaire-exam/avatarSmallUrl.html,https://iclass.tku.edu.tw/course/questionnaire-exam/avatarSmallUrl,absolute-url
https://iclass.tku.edu.tw/market,iclass.tku.edu.tw,raw/iclass.tku.edu.tw/course/questionnaire-exam/avatarSmallUrl.html,https://iclass.tku.edu.tw/course/questionnaire-exam/avatarSmallUrl,absolute-url
https://www.youtube.com/iframe_api,www.youtube.com,raw/iclass.tku.edu.tw/course/questionnaire-exam/avatarSmallUrl.html,https://iclass.tku.edu.tw/course/questionnaire-exam/avatarSmallUrl,absolute-url
https://get.adobe.com/flashplayer/,get.adobe.com,raw/iclass.tku.edu.tw/course/questionnaire-exam/avatarSmallUrl.html,https://iclass.tku.edu.tw/course/questionnaire-exam/avatarSmallUrl,absolute-url
https://iclass.tku.edu.tw/,iclass.tku.edu.tw,raw/iclass.tku.edu.tw/course/questionnaire-exam/capture_url.html,https://iclass.tku.edu.tw/course/questionnaire-exam/capture_url,absolute-url
https://www.googletagmanager.com/gtag/js,www.googletagmanager.com,raw/iclass.tku.edu.tw/course/questionnaire-exam/capture_url.html,https://iclass.tku.edu.tw/course/questionnaire-exam/capture_url,absolute-url
https://github.com/OWASP/CheatSheetSeries/blob/master/cheatsheets/Clickjacking_Defense_Cheat_Sheet.md#best-for-now-legacy-browser-frame-breaking-script--,github.com,raw/iclass.tku.edu.tw/course/questionnaire-exam/capture_url.html,https://iclass.tku.edu.tw/course/questionnaire-exam/capture_url,absolute-url
https://bam.nr-data.net,bam.nr-data.net,raw/iclass.tku.edu.tw/course/questionnaire-exam/capture_url.html,https://iclass.tku.edu.tw/course/questionnaire-exam/capture_url,absolute-url
https://www.google-analytics.com,www.google-analytics.com,raw/iclass.tku.edu.tw/course/questionnaire-exam/capture_url.html,https://iclass.tku.edu.tw/course/questionnaire-exam/capture_url,absolute-url
https://iclass.tku.edu.tw/iportal,iclass.tku.edu.tw,raw/iclass.tku.edu.tw/course/questionnaire-exam/capture_url.html,https://iclass.tku.edu.tw/course/questionnaire-exam/capture_url,absolute-url
"https://tronclass.com.tw/public-manual/TronclassManual_System_Admin.pdf',",tronclass.com.tw,raw/iclass.tku.edu.tw/course/questionnaire-exam/capture_url.html,https://iclass.tku.edu.tw/course/questionnaire-exam/capture_url,absolute-url
"https://tronclass.com.tw/public-manual/TronclassManual_Administrator.pdf',",tronclass.com.tw,raw/iclass.tku.edu.tw/course/questionnaire-exam/capture_url.html,https://iclass.tku.edu.tw/course/questionnaire-exam/capture_url,absolute-url
"https://tronclass.com.tw/public-manual/manual-teacher.html',",tronclass.com.tw,raw/iclass.tku.edu.tw/course/questionnaire-exam/capture_url.html,https://iclass.tku.edu.tw/course/questionnaire-exam/capture_url,absolute-url
"https://tronclass.com.tw/public-manual/TronclassManual_Student.pdf',",tronclass.com.tw,raw/iclass.tku.edu.tw/course/questionnaire-exam/capture_url.html,https://iclass.tku.edu.tw/course/questionnaire-exam/capture_url,absolute-url
"https://tronclass.com.tw/public-manual/TronclassManual_App.pdf',",tronclass.com.tw,raw/iclass.tku.edu.tw/course/questionnaire-exam/capture_url.html,https://iclass.tku.edu.tw/course/questionnaire-exam/capture_url,absolute-url
https://support.tronclass.com',support.tronclass.com',raw/iclass.tku.edu.tw/course/questionnaire-exam/capture_url.html,https://iclass.tku.edu.tw/course/questionnaire-exam/capture_url,absolute-url
https://iclass.tku.edu.tw/market,iclass.tku.edu.tw,raw/iclass.tku.edu.tw/course/questionnaire-exam/capture_url.html,https://iclass.tku.edu.tw/course/questionnaire-exam/capture_url,absolute-url
https://www.youtube.com/iframe_api,www.youtube.com,raw/iclass.tku.edu.tw/course/questionnaire-exam/capture_url.html,https://iclass.tku.edu.tw/course/questionnaire-exam/capture_url,absolute-url
https://get.adobe.com/flashplayer/,get.adobe.com,raw/iclass.tku.edu.tw/course/questionnaire-exam/capture_url.html,https://iclass.tku.edu.tw/course/questionnaire-exam/capture_url,absolute-url
https://iclass.tku.edu.tw/,iclass.tku.edu.tw,raw/iclass.tku.edu.tw/course/questionnaire-exam/lesson_resource_url.html,https://iclass.tku.edu.tw/course/questionnaire-exam/lesson_resource_url,absolute-url
https://www.googletagmanager.com/gtag/js,www.googletagmanager.com,raw/iclass.tku.edu.tw/course/questionnaire-exam/lesson_resource_url.html,https://iclass.tku.edu.tw/course/questionnaire-exam/lesson_resource_url,absolute-url
https://github.com/OWASP/CheatSheetSeries/blob/master/cheatsheets/Clickjacking_Defense_Cheat_Sheet.md#best-for-now-legacy-browser-frame-breaking-script--,github.com,raw/iclass.tku.edu.tw/course/questionnaire-exam/lesson_resource_url.html,https://iclass.tku.edu.tw/course/questionnaire-exam/lesson_resource_url,absolute-url
https://bam.nr-data.net,bam.nr-data.net,raw/iclass.tku.edu.tw/course/questionnaire-exam/lesson_resource_url.html,https://iclass.tku.edu.tw/course/questionnaire-exam/lesson_resource_url,absolute-url
https://www.google-analytics.com,www.google-analytics.com,raw/iclass.tku.edu.tw/course/questionnaire-exam/lesson_resource_url.html,https://iclass.tku.edu.tw/course/questionnaire-exam/lesson_resource_url,absolute-url
https://iclass.tku.edu.tw/iportal,iclass.tku.edu.tw,raw/iclass.tku.edu.tw/course/questionnaire-exam/lesson_resource_url.html,https://iclass.tku.edu.tw/course/questionnaire-exam/lesson_resource_url,absolute-url
"https://tronclass.com.tw/public-manual/TronclassManual_System_Admin.pdf',",tronclass.com.tw,raw/iclass.tku.edu.tw/course/questionnaire-exam/lesson_resource_url.html,https://iclass.tku.edu.tw/course/questionnaire-exam/lesson_resource_url,absolute-url
"https://tronclass.com.tw/public-manual/TronclassManual_Administrator.pdf',",tronclass.com.tw,raw/iclass.tku.edu.tw/course/questionnaire-exam/lesson_resource_url.html,https://iclass.tku.edu.tw/course/questionnaire-exam/lesson_resource_url,absolute-url
"https://tronclass.com.tw/public-manual/manual-teacher.html',",tronclass.com.tw,raw/iclass.tku.edu.tw/course/questionnaire-exam/lesson_resource_url.html,https://iclass.tku.edu.tw/course/questionnaire-exam/lesson_resource_url,absolute-url
"https://tronclass.com.tw/public-manual/TronclassManual_Student.pdf',",tronclass.com.tw,raw/iclass.tku.edu.tw/course/questionnaire-exam/lesson_resource_url.html,https://iclass.tku.edu.tw/course/questionnaire-exam/lesson_resource_url,absolute-url
"https://tronclass.com.tw/public-manual/TronclassManual_App.pdf',",tronclass.com.tw,raw/iclass.tku.edu.tw/course/questionnaire-exam/lesson_resource_url.html,https://iclass.tku.edu.tw/course/questionnaire-exam/lesson_resource_url,absolute-url
https://support.tronclass.com',support.tronclass.com',raw/iclass.tku.edu.tw/course/questionnaire-exam/lesson_resource_url.html,https://iclass.tku.edu.tw/course/questionnaire-exam/lesson_resource_url,absolute-url
https://iclass.tku.edu.tw/market,iclass.tku.edu.tw,raw/iclass.tku.edu.tw/course/questionnaire-exam/lesson_resource_url.html,https://iclass.tku.edu.tw/course/questionnaire-exam/lesson_resource_url,absolute-url
https://www.youtube.com/iframe_api,www.youtube.com,raw/iclass.tku.edu.tw/course/questionnaire-exam/lesson_resource_url.html,https://iclass.tku.edu.tw/course/questionnaire-exam/lesson_resource_url,absolute-url
https://get.adobe.com/flashplayer/,get.adobe.com,raw/iclass.tku.edu.tw/course/questionnaire-exam/lesson_resource_url.html,https://iclass.tku.edu.tw/course/questionnaire-exam/lesson_resource_url,absolute-url
https://iclass.tku.edu.tw/,iclass.tku.edu.tw,raw/iclass.tku.edu.tw/course/questionnaire-exam/manualUrl.html,https://iclass.tku.edu.tw/course/questionnaire-exam/manualUrl,absolute-url
https://www.googletagmanager.com/gtag/js,www.googletagmanager.com,raw/iclass.tku.edu.tw/course/questionnaire-exam/manualUrl.html,https://iclass.tku.edu.tw/course/questionnaire-exam/manualUrl,absolute-url
https://github.com/OWASP/CheatSheetSeries/blob/master/cheatsheets/Clickjacking_Defense_Cheat_Sheet.md#best-for-now-legacy-browser-frame-breaking-script--,github.com,raw/iclass.tku.edu.tw/course/questionnaire-exam/manualUrl.html,https://iclass.tku.edu.tw/course/questionnaire-exam/manualUrl,absolute-url
https://bam.nr-data.net,bam.nr-data.net,raw/iclass.tku.edu.tw/course/questionnaire-exam/manualUrl.html,https://iclass.tku.edu.tw/course/questionnaire-exam/manualUrl,absolute-url
https://www.google-analytics.com,www.google-analytics.com,raw/iclass.tku.edu.tw/course/questionnaire-exam/manualUrl.html,https://iclass.tku.edu.tw/course/questionnaire-exam/manualUrl,absolute-url
https://iclass.tku.edu.tw/iportal,iclass.tku.edu.tw,raw/iclass.tku.edu.tw/course/questionnaire-exam/manualUrl.html,https://iclass.tku.edu.tw/course/questionnaire-exam/manualUrl,absolute-url
"https://tronclass.com.tw/public-manual/TronclassManual_System_Admin.pdf',",tronclass.com.tw,raw/iclass.tku.edu.tw/course/questionnaire-exam/manualUrl.html,https://iclass.tku.edu.tw/course/questionnaire-exam/manualUrl,absolute-url
"https://tronclass.com.tw/public-manual/TronclassManual_Administrator.pdf',",tronclass.com.tw,raw/iclass.tku.edu.tw/course/questionnaire-exam/manualUrl.html,https://iclass.tku.edu.tw/course/questionnaire-exam/manualUrl,absolute-url
"https://tronclass.com.tw/public-manual/manual-teacher.html',",tronclass.com.tw,raw/iclass.tku.edu.tw/course/questionnaire-exam/manualUrl.html,https://iclass.tku.edu.tw/course/questionnaire-exam/manualUrl,absolute-url
"https://tronclass.com.tw/public-manual/TronclassManual_Student.pdf',",tronclass.com.tw,raw/iclass.tku.edu.tw/course/questionnaire-exam/manualUrl.html,https://iclass.tku.edu.tw/course/questionnaire-exam/manualUrl,absolute-url
"https://tronclass.com.tw/public-manual/TronclassManual_App.pdf',",tronclass.com.tw,raw/iclass.tku.edu.tw/course/questionnaire-exam/manualUrl.html,https://iclass.tku.edu.tw/course/questionnaire-exam/manualUrl,absolute-url
https://support.tronclass.com',support.tronclass.com',raw/iclass.tku.edu.tw/course/questionnaire-exam/manualUrl.html,https://iclass.tku.edu.tw/course/questionnaire-exam/manualUrl,absolute-url
https://iclass.tku.edu.tw/market,iclass.tku.edu.tw,raw/iclass.tku.edu.tw/course/questionnaire-exam/manualUrl.html,https://iclass.tku.edu.tw/course/questionnaire-exam/manualUrl,absolute-url
https://www.youtube.com/iframe_api,www.youtube.com,raw/iclass.tku.edu.tw/course/questionnaire-exam/manualUrl.html,https://iclass.tku.edu.tw/course/questionnaire-exam/manualUrl,absolute-url
https://get.adobe.com/flashplayer/,get.adobe.com,raw/iclass.tku.edu.tw/course/questionnaire-exam/manualUrl.html,https://iclass.tku.edu.tw/course/questionnaire-exam/manualUrl,absolute-url
https://iclass.tku.edu.tw/,iclass.tku.edu.tw,raw/iclass.tku.edu.tw/course/stat.html,https://iclass.tku.edu.tw/course/stat,absolute-url
https://www.googletagmanager.com/gtag/js,www.googletagmanager.com,raw/iclass.tku.edu.tw/course/stat.html,https://iclass.tku.edu.tw/course/stat,absolute-url
https://github.com/OWASP/CheatSheetSeries/blob/master/cheatsheets/Clickjacking_Defense_Cheat_Sheet.md#best-for-now-legacy-browser-frame-breaking-script--,github.com,raw/iclass.tku.edu.tw/course/stat.html,https://iclass.tku.edu.tw/course/stat,absolute-url
https://bam.nr-data.net,bam.nr-data.net,raw/iclass.tku.edu.tw/course/stat.html,https://iclass.tku.edu.tw/course/stat,absolute-url
https://www.google-analytics.com,www.google-analytics.com,raw/iclass.tku.edu.tw/course/stat.html,https://iclass.tku.edu.tw/course/stat,absolute-url
https://iclass.tku.edu.tw/iportal,iclass.tku.edu.tw,raw/iclass.tku.edu.tw/course/stat.html,https://iclass.tku.edu.tw/course/stat,absolute-url
"https://tronclass.com.tw/public-manual/TronclassManual_System_Admin.pdf',",tronclass.com.tw,raw/iclass.tku.edu.tw/course/stat.html,https://iclass.tku.edu.tw/course/stat,absolute-url
"https://tronclass.com.tw/public-manual/TronclassManual_Administrator.pdf',",tronclass.com.tw,raw/iclass.tku.edu.tw/course/stat.html,https://iclass.tku.edu.tw/course/stat,absolute-url
"https://tronclass.com.tw/public-manual/manual-teacher.html',",tronclass.com.tw,raw/iclass.tku.edu.tw/course/stat.html,https://iclass.tku.edu.tw/course/stat,absolute-url
"https://tronclass.com.tw/public-manual/TronclassManual_Student.pdf',",tronclass.com.tw,raw/iclass.tku.edu.tw/course/stat.html,https://iclass.tku.edu.tw/course/stat,absolute-url
"https://tronclass.com.tw/public-manual/TronclassManual_App.pdf',",tronclass.com.tw,raw/iclass.tku.edu.tw/course/stat.html,https://iclass.tku.edu.tw/course/stat,absolute-url
https://support.tronclass.com',support.tronclass.com',raw/iclass.tku.edu.tw/course/stat.html,https://iclass.tku.edu.tw/course/stat,absolute-url
https://iclass.tku.edu.tw/market,iclass.tku.edu.tw,raw/iclass.tku.edu.tw/course/stat.html,https://iclass.tku.edu.tw/course/stat,absolute-url
https://www.youtube.com/iframe_api,www.youtube.com,raw/iclass.tku.edu.tw/course/stat.html,https://iclass.tku.edu.tw/course/stat,absolute-url
https://get.adobe.com/flashplayer/,get.adobe.com,raw/iclass.tku.edu.tw/course/stat.html,https://iclass.tku.edu.tw/course/stat,absolute-url
https://iclass.tku.edu.tw/,iclass.tku.edu.tw,raw/iclass.tku.edu.tw/course/virtual-experiments/index.html,https://iclass.tku.edu.tw/course/virtual-experiments/,absolute-url
https://www.googletagmanager.com/gtag/js,www.googletagmanager.com,raw/iclass.tku.edu.tw/course/virtual-experiments/index.html,https://iclass.tku.edu.tw/course/virtual-experiments/,absolute-url
https://github.com/OWASP/CheatSheetSeries/blob/master/cheatsheets/Clickjacking_Defense_Cheat_Sheet.md#best-for-now-legacy-browser-frame-breaking-script--,github.com,raw/iclass.tku.edu.tw/course/virtual-experiments/index.html,https://iclass.tku.edu.tw/course/virtual-experiments/,absolute-url
https://bam.nr-data.net,bam.nr-data.net,raw/iclass.tku.edu.tw/course/virtual-experiments/index.html,https://iclass.tku.edu.tw/course/virtual-experiments/,absolute-url
https://www.google-analytics.com,www.google-analytics.com,raw/iclass.tku.edu.tw/course/virtual-experiments/index.html,https://iclass.tku.edu.tw/course/virtual-experiments/,absolute-url
https://iclass.tku.edu.tw/iportal,iclass.tku.edu.tw,raw/iclass.tku.edu.tw/course/virtual-experiments/index.html,https://iclass.tku.edu.tw/course/virtual-experiments/,absolute-url
"https://tronclass.com.tw/public-manual/TronclassManual_System_Admin.pdf',",tronclass.com.tw,raw/iclass.tku.edu.tw/course/virtual-experiments/index.html,https://iclass.tku.edu.tw/course/virtual-experiments/,absolute-url
"https://tronclass.com.tw/public-manual/TronclassManual_Administrator.pdf',",tronclass.com.tw,raw/iclass.tku.edu.tw/course/virtual-experiments/index.html,https://iclass.tku.edu.tw/course/virtual-experiments/,absolute-url
"https://tronclass.com.tw/public-manual/manual-teacher.html',",tronclass.com.tw,raw/iclass.tku.edu.tw/course/virtual-experiments/index.html,https://iclass.tku.edu.tw/course/virtual-experiments/,absolute-url
"https://tronclass.com.tw/public-manual/TronclassManual_Student.pdf',",tronclass.com.tw,raw/iclass.tku.edu.tw/course/virtual-experiments/index.html,https://iclass.tku.edu.tw/course/virtual-experiments/,absolute-url
"https://tronclass.com.tw/public-manual/TronclassManual_App.pdf',",tronclass.com.tw,raw/iclass.tku.edu.tw/course/virtual-experiments/index.html,https://iclass.tku.edu.tw/course/virtual-experiments/,absolute-url
https://support.tronclass.com',support.tronclass.com',raw/iclass.tku.edu.tw/course/virtual-experiments/index.html,https://iclass.tku.edu.tw/course/virtual-experiments/,absolute-url
https://iclass.tku.edu.tw/market,iclass.tku.edu.tw,raw/iclass.tku.edu.tw/course/virtual-experiments/index.html,https://iclass.tku.edu.tw/course/virtual-experiments/,absolute-url
https://www.youtube.com/iframe_api,www.youtube.com,raw/iclass.tku.edu.tw/course/virtual-experiments/index.html,https://iclass.tku.edu.tw/course/virtual-experiments/,absolute-url
https://get.adobe.com/flashplayer/,get.adobe.com,raw/iclass.tku.edu.tw/course/virtual-experiments/index.html,https://iclass.tku.edu.tw/course/virtual-experiments/,absolute-url
https://iclass.tku.edu.tw/,iclass.tku.edu.tw,raw/iclass.tku.edu.tw/course/virtual-experiments/avatarSmallUrl.html,https://iclass.tku.edu.tw/course/virtual-experiments/avatarSmallUrl,absolute-url
https://www.googletagmanager.com/gtag/js,www.googletagmanager.com,raw/iclass.tku.edu.tw/course/virtual-experiments/avatarSmallUrl.html,https://iclass.tku.edu.tw/course/virtual-experiments/avatarSmallUrl,absolute-url
https://github.com/OWASP/CheatSheetSeries/blob/master/cheatsheets/Clickjacking_Defense_Cheat_Sheet.md#best-for-now-legacy-browser-frame-breaking-script--,github.com,raw/iclass.tku.edu.tw/course/virtual-experiments/avatarSmallUrl.html,https://iclass.tku.edu.tw/course/virtual-experiments/avatarSmallUrl,absolute-url
https://bam.nr-data.net,bam.nr-data.net,raw/iclass.tku.edu.tw/course/virtual-experiments/avatarSmallUrl.html,https://iclass.tku.edu.tw/course/virtual-experiments/avatarSmallUrl,absolute-url
https://www.google-analytics.com,www.google-analytics.com,raw/iclass.tku.edu.tw/course/virtual-experiments/avatarSmallUrl.html,https://iclass.tku.edu.tw/course/virtual-experiments/avatarSmallUrl,absolute-url
https://iclass.tku.edu.tw/iportal,iclass.tku.edu.tw,raw/iclass.tku.edu.tw/course/virtual-experiments/avatarSmallUrl.html,https://iclass.tku.edu.tw/course/virtual-experiments/avatarSmallUrl,absolute-url
"https://tronclass.com.tw/public-manual/TronclassManual_System_Admin.pdf',",tronclass.com.tw,raw/iclass.tku.edu.tw/course/virtual-experiments/avatarSmallUrl.html,https://iclass.tku.edu.tw/course/virtual-experiments/avatarSmallUrl,absolute-url
"https://tronclass.com.tw/public-manual/TronclassManual_Administrator.pdf',",tronclass.com.tw,raw/iclass.tku.edu.tw/course/virtual-experiments/avatarSmallUrl.html,https://iclass.tku.edu.tw/course/virtual-experiments/avatarSmallUrl,absolute-url
"https://tronclass.com.tw/public-manual/manual-teacher.html',",tronclass.com.tw,raw/iclass.tku.edu.tw/course/virtual-experiments/avatarSmallUrl.html,https://iclass.tku.edu.tw/course/virtual-experiments/avatarSmallUrl,absolute-url
"https://tronclass.com.tw/public-manual/TronclassManual_Student.pdf',",tronclass.com.tw,raw/iclass.tku.edu.tw/course/virtual-experiments/avatarSmallUrl.html,https://iclass.tku.edu.tw/course/virtual-experiments/avatarSmallUrl,absolute-url
"https://tronclass.com.tw/public-manual/TronclassManual_App.pdf',",tronclass.com.tw,raw/iclass.tku.edu.tw/course/virtual-experiments/avatarSmallUrl.html,https://iclass.tku.edu.tw/course/virtual-experiments/avatarSmallUrl,absolute-url
https://support.tronclass.com',support.tronclass.com',raw/iclass.tku.edu.tw/course/virtual-experiments/avatarSmallUrl.html,https://iclass.tku.edu.tw/course/virtual-experiments/avatarSmallUrl,absolute-url
https://iclass.tku.edu.tw/market,iclass.tku.edu.tw,raw/iclass.tku.edu.tw/course/virtual-experiments/avatarSmallUrl.html,https://iclass.tku.edu.tw/course/virtual-experiments/avatarSmallUrl,absolute-url
https://www.youtube.com/iframe_api,www.youtube.com,raw/iclass.tku.edu.tw/course/virtual-experiments/avatarSmallUrl.html,https://iclass.tku.edu.tw/course/virtual-experiments/avatarSmallUrl,absolute-url
https://get.adobe.com/flashplayer/,get.adobe.com,raw/iclass.tku.edu.tw/course/virtual-experiments/avatarSmallUrl.html,https://iclass.tku.edu.tw/course/virtual-experiments/avatarSmallUrl,absolute-url
https://iclass.tku.edu.tw/,iclass.tku.edu.tw,raw/iclass.tku.edu.tw/course/virtual-experiments/capture_url.html,https://iclass.tku.edu.tw/course/virtual-experiments/capture_url,absolute-url
https://www.googletagmanager.com/gtag/js,www.googletagmanager.com,raw/iclass.tku.edu.tw/course/virtual-experiments/capture_url.html,https://iclass.tku.edu.tw/course/virtual-experiments/capture_url,absolute-url
https://github.com/OWASP/CheatSheetSeries/blob/master/cheatsheets/Clickjacking_Defense_Cheat_Sheet.md#best-for-now-legacy-browser-frame-breaking-script--,github.com,raw/iclass.tku.edu.tw/course/virtual-experiments/capture_url.html,https://iclass.tku.edu.tw/course/virtual-experiments/capture_url,absolute-url
https://bam.nr-data.net,bam.nr-data.net,raw/iclass.tku.edu.tw/course/virtual-experiments/capture_url.html,https://iclass.tku.edu.tw/course/virtual-experiments/capture_url,absolute-url
https://www.google-analytics.com,www.google-analytics.com,raw/iclass.tku.edu.tw/course/virtual-experiments/capture_url.html,https://iclass.tku.edu.tw/course/virtual-experiments/capture_url,absolute-url
https://iclass.tku.edu.tw/iportal,iclass.tku.edu.tw,raw/iclass.tku.edu.tw/course/virtual-experiments/capture_url.html,https://iclass.tku.edu.tw/course/virtual-experiments/capture_url,absolute-url
"https://tronclass.com.tw/public-manual/TronclassManual_System_Admin.pdf',",tronclass.com.tw,raw/iclass.tku.edu.tw/course/virtual-experiments/capture_url.html,https://iclass.tku.edu.tw/course/virtual-experiments/capture_url,absolute-url
"https://tronclass.com.tw/public-manual/TronclassManual_Administrator.pdf',",tronclass.com.tw,raw/iclass.tku.edu.tw/course/virtual-experiments/capture_url.html,https://iclass.tku.edu.tw/course/virtual-experiments/capture_url,absolute-url
"https://tronclass.com.tw/public-manual/manual-teacher.html',",tronclass.com.tw,raw/iclass.tku.edu.tw/course/virtual-experiments/capture_url.html,https://iclass.tku.edu.tw/course/virtual-experiments/capture_url,absolute-url
"https://tronclass.com.tw/public-manual/TronclassManual_Student.pdf',",tronclass.com.tw,raw/iclass.tku.edu.tw/course/virtual-experiments/capture_url.html,https://iclass.tku.edu.tw/course/virtual-experiments/capture_url,absolute-url
"https://tronclass.com.tw/public-manual/TronclassManual_App.pdf',",tronclass.com.tw,raw/iclass.tku.edu.tw/course/virtual-experiments/capture_url.html,https://iclass.tku.edu.tw/course/virtual-experiments/capture_url,absolute-url
https://support.tronclass.com',support.tronclass.com',raw/iclass.tku.edu.tw/course/virtual-experiments/capture_url.html,https://iclass.tku.edu.tw/course/virtual-experiments/capture_url,absolute-url
https://iclass.tku.edu.tw/market,iclass.tku.edu.tw,raw/iclass.tku.edu.tw/course/virtual-experiments/capture_url.html,https://iclass.tku.edu.tw/course/virtual-experiments/capture_url,absolute-url
https://www.youtube.com/iframe_api,www.youtube.com,raw/iclass.tku.edu.tw/course/virtual-experiments/capture_url.html,https://iclass.tku.edu.tw/course/virtual-experiments/capture_url,absolute-url
https://get.adobe.com/flashplayer/,get.adobe.com,raw/iclass.tku.edu.tw/course/virtual-experiments/capture_url.html,https://iclass.tku.edu.tw/course/virtual-experiments/capture_url,absolute-url
https://iclass.tku.edu.tw/,iclass.tku.edu.tw,raw/iclass.tku.edu.tw/course/virtual-experiments/lesson_resource_url.html,https://iclass.tku.edu.tw/course/virtual-experiments/lesson_resource_url,absolute-url
https://www.googletagmanager.com/gtag/js,www.googletagmanager.com,raw/iclass.tku.edu.tw/course/virtual-experiments/lesson_resource_url.html,https://iclass.tku.edu.tw/course/virtual-experiments/lesson_resource_url,absolute-url
https://github.com/OWASP/CheatSheetSeries/blob/master/cheatsheets/Clickjacking_Defense_Cheat_Sheet.md#best-for-now-legacy-browser-frame-breaking-script--,github.com,raw/iclass.tku.edu.tw/course/virtual-experiments/lesson_resource_url.html,https://iclass.tku.edu.tw/course/virtual-experiments/lesson_resource_url,absolute-url
https://bam.nr-data.net,bam.nr-data.net,raw/iclass.tku.edu.tw/course/virtual-experiments/lesson_resource_url.html,https://iclass.tku.edu.tw/course/virtual-experiments/lesson_resource_url,absolute-url
https://www.google-analytics.com,www.google-analytics.com,raw/iclass.tku.edu.tw/course/virtual-experiments/lesson_resource_url.html,https://iclass.tku.edu.tw/course/virtual-experiments/lesson_resource_url,absolute-url
https://iclass.tku.edu.tw/iportal,iclass.tku.edu.tw,raw/iclass.tku.edu.tw/course/virtual-experiments/lesson_resource_url.html,https://iclass.tku.edu.tw/course/virtual-experiments/lesson_resource_url,absolute-url
"https://tronclass.com.tw/public-manual/TronclassManual_System_Admin.pdf',",tronclass.com.tw,raw/iclass.tku.edu.tw/course/virtual-experiments/lesson_resource_url.html,https://iclass.tku.edu.tw/course/virtual-experiments/lesson_resource_url,absolute-url
"https://tronclass.com.tw/public-manual/TronclassManual_Administrator.pdf',",tronclass.com.tw,raw/iclass.tku.edu.tw/course/virtual-experiments/lesson_resource_url.html,https://iclass.tku.edu.tw/course/virtual-experiments/lesson_resource_url,absolute-url
"https://tronclass.com.tw/public-manual/manual-teacher.html',",tronclass.com.tw,raw/iclass.tku.edu.tw/course/virtual-experiments/lesson_resource_url.html,https://iclass.tku.edu.tw/course/virtual-experiments/lesson_resource_url,absolute-url
"https://tronclass.com.tw/public-manual/TronclassManual_Student.pdf',",tronclass.com.tw,raw/iclass.tku.edu.tw/course/virtual-experiments/lesson_resource_url.html,https://iclass.tku.edu.tw/course/virtual-experiments/lesson_resource_url,absolute-url
"https://tronclass.com.tw/public-manual/TronclassManual_App.pdf',",tronclass.com.tw,raw/iclass.tku.edu.tw/course/virtual-experiments/lesson_resource_url.html,https://iclass.tku.edu.tw/course/virtual-experiments/lesson_resource_url,absolute-url
https://support.tronclass.com',support.tronclass.com',raw/iclass.tku.edu.tw/course/virtual-experiments/lesson_resource_url.html,https://iclass.tku.edu.tw/course/virtual-experiments/lesson_resource_url,absolute-url
https://iclass.tku.edu.tw/market,iclass.tku.edu.tw,raw/iclass.tku.edu.tw/course/virtual-experiments/lesson_resource_url.html,https://iclass.tku.edu.tw/course/virtual-experiments/lesson_resource_url,absolute-url
https://www.youtube.com/iframe_api,www.youtube.com,raw/iclass.tku.edu.tw/course/virtual-experiments/lesson_resource_url.html,https://iclass.tku.edu.tw/course/virtual-experiments/lesson_resource_url,absolute-url
https://get.adobe.com/flashplayer/,get.adobe.com,raw/iclass.tku.edu.tw/course/virtual-experiments/lesson_resource_url.html,https://iclass.tku.edu.tw/course/virtual-experiments/lesson_resource_url,absolute-url
https://iclass.tku.edu.tw/,iclass.tku.edu.tw,raw/iclass.tku.edu.tw/course/virtual-experiments/manualUrl.html,https://iclass.tku.edu.tw/course/virtual-experiments/manualUrl,absolute-url
https://www.googletagmanager.com/gtag/js,www.googletagmanager.com,raw/iclass.tku.edu.tw/course/virtual-experiments/manualUrl.html,https://iclass.tku.edu.tw/course/virtual-experiments/manualUrl,absolute-url
https://github.com/OWASP/CheatSheetSeries/blob/master/cheatsheets/Clickjacking_Defense_Cheat_Sheet.md#best-for-now-legacy-browser-frame-breaking-script--,github.com,raw/iclass.tku.edu.tw/course/virtual-experiments/manualUrl.html,https://iclass.tku.edu.tw/course/virtual-experiments/manualUrl,absolute-url
https://bam.nr-data.net,bam.nr-data.net,raw/iclass.tku.edu.tw/course/virtual-experiments/manualUrl.html,https://iclass.tku.edu.tw/course/virtual-experiments/manualUrl,absolute-url
https://www.google-analytics.com,www.google-analytics.com,raw/iclass.tku.edu.tw/course/virtual-experiments/manualUrl.html,https://iclass.tku.edu.tw/course/virtual-experiments/manualUrl,absolute-url
https://iclass.tku.edu.tw/iportal,iclass.tku.edu.tw,raw/iclass.tku.edu.tw/course/virtual-experiments/manualUrl.html,https://iclass.tku.edu.tw/course/virtual-experiments/manualUrl,absolute-url
"https://tronclass.com.tw/public-manual/TronclassManual_System_Admin.pdf',",tronclass.com.tw,raw/iclass.tku.edu.tw/course/virtual-experiments/manualUrl.html,https://iclass.tku.edu.tw/course/virtual-experiments/manualUrl,absolute-url
"https://tronclass.com.tw/public-manual/TronclassManual_Administrator.pdf',",tronclass.com.tw,raw/iclass.tku.edu.tw/course/virtual-experiments/manualUrl.html,https://iclass.tku.edu.tw/course/virtual-experiments/manualUrl,absolute-url
"https://tronclass.com.tw/public-manual/manual-teacher.html',",tronclass.com.tw,raw/iclass.tku.edu.tw/course/virtual-experiments/manualUrl.html,https://iclass.tku.edu.tw/course/virtual-experiments/manualUrl,absolute-url
"https://tronclass.com.tw/public-manual/TronclassManual_Student.pdf',",tronclass.com.tw,raw/iclass.tku.edu.tw/course/virtual-experiments/manualUrl.html,https://iclass.tku.edu.tw/course/virtual-experiments/manualUrl,absolute-url
"https://tronclass.com.tw/public-manual/TronclassManual_App.pdf',",tronclass.com.tw,raw/iclass.tku.edu.tw/course/virtual-experiments/manualUrl.html,https://iclass.tku.edu.tw/course/virtual-experiments/manualUrl,absolute-url
https://support.tronclass.com',support.tronclass.com',raw/iclass.tku.edu.tw/course/virtual-experiments/manualUrl.html,https://iclass.tku.edu.tw/course/virtual-experiments/manualUrl,absolute-url
https://iclass.tku.edu.tw/market,iclass.tku.edu.tw,raw/iclass.tku.edu.tw/course/virtual-experiments/manualUrl.html,https://iclass.tku.edu.tw/course/virtual-experiments/manualUrl,absolute-url
https://www.youtube.com/iframe_api,www.youtube.com,raw/iclass.tku.edu.tw/course/virtual-experiments/manualUrl.html,https://iclass.tku.edu.tw/course/virtual-experiments/manualUrl,absolute-url
https://get.adobe.com/flashplayer/,get.adobe.com,raw/iclass.tku.edu.tw/course/virtual-experiments/manualUrl.html,https://iclass.tku.edu.tw/course/virtual-experiments/manualUrl,absolute-url
https://iclass.tku.edu.tw/,iclass.tku.edu.tw,raw/iclass.tku.edu.tw/course_library.html,https://iclass.tku.edu.tw/course_library,absolute-url
https://www.googletagmanager.com/gtag/js,www.googletagmanager.com,raw/iclass.tku.edu.tw/course_library.html,https://iclass.tku.edu.tw/course_library,absolute-url
https://github.com/OWASP/CheatSheetSeries/blob/master/cheatsheets/Clickjacking_Defense_Cheat_Sheet.md#best-for-now-legacy-browser-frame-breaking-script--,github.com,raw/iclass.tku.edu.tw/course_library.html,https://iclass.tku.edu.tw/course_library,absolute-url
https://bam.nr-data.net,bam.nr-data.net,raw/iclass.tku.edu.tw/course_library.html,https://iclass.tku.edu.tw/course_library,absolute-url
https://www.google-analytics.com,www.google-analytics.com,raw/iclass.tku.edu.tw/course_library.html,https://iclass.tku.edu.tw/course_library,absolute-url
https://iclass.tku.edu.tw/iportal,iclass.tku.edu.tw,raw/iclass.tku.edu.tw/course_library.html,https://iclass.tku.edu.tw/course_library,absolute-url
"https://tronclass.com.tw/public-manual/TronclassManual_System_Admin.pdf',",tronclass.com.tw,raw/iclass.tku.edu.tw/course_library.html,https://iclass.tku.edu.tw/course_library,absolute-url
"https://tronclass.com.tw/public-manual/TronclassManual_Administrator.pdf',",tronclass.com.tw,raw/iclass.tku.edu.tw/course_library.html,https://iclass.tku.edu.tw/course_library,absolute-url
"https://tronclass.com.tw/public-manual/manual-teacher.html',",tronclass.com.tw,raw/iclass.tku.edu.tw/course_library.html,https://iclass.tku.edu.tw/course_library,absolute-url
"https://tronclass.com.tw/public-manual/TronclassManual_Student.pdf',",tronclass.com.tw,raw/iclass.tku.edu.tw/course_library.html,https://iclass.tku.edu.tw/course_library,absolute-url
"https://tronclass.com.tw/public-manual/TronclassManual_App.pdf',",tronclass.com.tw,raw/iclass.tku.edu.tw/course_library.html,https://iclass.tku.edu.tw/course_library,absolute-url
https://support.tronclass.com',support.tronclass.com',raw/iclass.tku.edu.tw/course_library.html,https://iclass.tku.edu.tw/course_library,absolute-url
https://iclass.tku.edu.tw/market,iclass.tku.edu.tw,raw/iclass.tku.edu.tw/course_library.html,https://iclass.tku.edu.tw/course_library,absolute-url
https://www.youtube.com/iframe_api,www.youtube.com,raw/iclass.tku.edu.tw/course_library.html,https://iclass.tku.edu.tw/course_library,absolute-url
https://get.adobe.com/flashplayer/,get.adobe.com,raw/iclass.tku.edu.tw/course_library.html,https://iclass.tku.edu.tw/course_library,absolute-url
https://iclass.tku.edu.tw/,iclass.tku.edu.tw,raw/iclass.tku.edu.tw/course_library/parent_id/_parent_id.html,https://iclass.tku.edu.tw/course_library/parent_id/:parent_id,absolute-url
https://www.googletagmanager.com/gtag/js,www.googletagmanager.com,raw/iclass.tku.edu.tw/course_library/parent_id/_parent_id.html,https://iclass.tku.edu.tw/course_library/parent_id/:parent_id,absolute-url
https://github.com/OWASP/CheatSheetSeries/blob/master/cheatsheets/Clickjacking_Defense_Cheat_Sheet.md#best-for-now-legacy-browser-frame-breaking-script--,github.com,raw/iclass.tku.edu.tw/course_library/parent_id/_parent_id.html,https://iclass.tku.edu.tw/course_library/parent_id/:parent_id,absolute-url
https://bam.nr-data.net,bam.nr-data.net,raw/iclass.tku.edu.tw/course_library/parent_id/_parent_id.html,https://iclass.tku.edu.tw/course_library/parent_id/:parent_id,absolute-url
https://www.google-analytics.com,www.google-analytics.com,raw/iclass.tku.edu.tw/course_library/parent_id/_parent_id.html,https://iclass.tku.edu.tw/course_library/parent_id/:parent_id,absolute-url
https://iclass.tku.edu.tw/iportal,iclass.tku.edu.tw,raw/iclass.tku.edu.tw/course_library/parent_id/_parent_id.html,https://iclass.tku.edu.tw/course_library/parent_id/:parent_id,absolute-url
"https://tronclass.com.tw/public-manual/TronclassManual_System_Admin.pdf',",tronclass.com.tw,raw/iclass.tku.edu.tw/course_library/parent_id/_parent_id.html,https://iclass.tku.edu.tw/course_library/parent_id/:parent_id,absolute-url
"https://tronclass.com.tw/public-manual/TronclassManual_Administrator.pdf',",tronclass.com.tw,raw/iclass.tku.edu.tw/course_library/parent_id/_parent_id.html,https://iclass.tku.edu.tw/course_library/parent_id/:parent_id,absolute-url
"https://tronclass.com.tw/public-manual/manual-teacher.html',",tronclass.com.tw,raw/iclass.tku.edu.tw/course_library/parent_id/_parent_id.html,https://iclass.tku.edu.tw/course_library/parent_id/:parent_id,absolute-url
"https://tronclass.com.tw/public-manual/TronclassManual_Student.pdf',",tronclass.com.tw,raw/iclass.tku.edu.tw/course_library/parent_id/_parent_id.html,https://iclass.tku.edu.tw/course_library/parent_id/:parent_id,absolute-url
"https://tronclass.com.tw/public-manual/TronclassManual_App.pdf',",tronclass.com.tw,raw/iclass.tku.edu.tw/course_library/parent_id/_parent_id.html,https://iclass.tku.edu.tw/course_library/parent_id/:parent_id,absolute-url
https://support.tronclass.com',support.tronclass.com',raw/iclass.tku.edu.tw/course_library/parent_id/_parent_id.html,https://iclass.tku.edu.tw/course_library/parent_id/:parent_id,absolute-url
https://iclass.tku.edu.tw/market,iclass.tku.edu.tw,raw/iclass.tku.edu.tw/course_library/parent_id/_parent_id.html,https://iclass.tku.edu.tw/course_library/parent_id/:parent_id,absolute-url
https://www.youtube.com/iframe_api,www.youtube.com,raw/iclass.tku.edu.tw/course_library/parent_id/_parent_id.html,https://iclass.tku.edu.tw/course_library/parent_id/:parent_id,absolute-url
https://get.adobe.com/flashplayer/,get.adobe.com,raw/iclass.tku.edu.tw/course_library/parent_id/_parent_id.html,https://iclass.tku.edu.tw/course_library/parent_id/:parent_id,absolute-url
https://iclass.tku.edu.tw/,iclass.tku.edu.tw,raw/iclass.tku.edu.tw/course_library/parent_id/avatarSmallUrl.html,https://iclass.tku.edu.tw/course_library/parent_id/avatarSmallUrl,absolute-url
https://www.googletagmanager.com/gtag/js,www.googletagmanager.com,raw/iclass.tku.edu.tw/course_library/parent_id/avatarSmallUrl.html,https://iclass.tku.edu.tw/course_library/parent_id/avatarSmallUrl,absolute-url
https://github.com/OWASP/CheatSheetSeries/blob/master/cheatsheets/Clickjacking_Defense_Cheat_Sheet.md#best-for-now-legacy-browser-frame-breaking-script--,github.com,raw/iclass.tku.edu.tw/course_library/parent_id/avatarSmallUrl.html,https://iclass.tku.edu.tw/course_library/parent_id/avatarSmallUrl,absolute-url
https://bam.nr-data.net,bam.nr-data.net,raw/iclass.tku.edu.tw/course_library/parent_id/avatarSmallUrl.html,https://iclass.tku.edu.tw/course_library/parent_id/avatarSmallUrl,absolute-url
https://www.google-analytics.com,www.google-analytics.com,raw/iclass.tku.edu.tw/course_library/parent_id/avatarSmallUrl.html,https://iclass.tku.edu.tw/course_library/parent_id/avatarSmallUrl,absolute-url
https://iclass.tku.edu.tw/iportal,iclass.tku.edu.tw,raw/iclass.tku.edu.tw/course_library/parent_id/avatarSmallUrl.html,https://iclass.tku.edu.tw/course_library/parent_id/avatarSmallUrl,absolute-url
"https://tronclass.com.tw/public-manual/TronclassManual_System_Admin.pdf',",tronclass.com.tw,raw/iclass.tku.edu.tw/course_library/parent_id/avatarSmallUrl.html,https://iclass.tku.edu.tw/course_library/parent_id/avatarSmallUrl,absolute-url
"https://tronclass.com.tw/public-manual/TronclassManual_Administrator.pdf',",tronclass.com.tw,raw/iclass.tku.edu.tw/course_library/parent_id/avatarSmallUrl.html,https://iclass.tku.edu.tw/course_library/parent_id/avatarSmallUrl,absolute-url
"https://tronclass.com.tw/public-manual/manual-teacher.html',",tronclass.com.tw,raw/iclass.tku.edu.tw/course_library/parent_id/avatarSmallUrl.html,https://iclass.tku.edu.tw/course_library/parent_id/avatarSmallUrl,absolute-url
"https://tronclass.com.tw/public-manual/TronclassManual_Student.pdf',",tronclass.com.tw,raw/iclass.tku.edu.tw/course_library/parent_id/avatarSmallUrl.html,https://iclass.tku.edu.tw/course_library/parent_id/avatarSmallUrl,absolute-url
"https://tronclass.com.tw/public-manual/TronclassManual_App.pdf',",tronclass.com.tw,raw/iclass.tku.edu.tw/course_library/parent_id/avatarSmallUrl.html,https://iclass.tku.edu.tw/course_library/parent_id/avatarSmallUrl,absolute-url
https://support.tronclass.com',support.tronclass.com',raw/iclass.tku.edu.tw/course_library/parent_id/avatarSmallUrl.html,https://iclass.tku.edu.tw/course_library/parent_id/avatarSmallUrl,absolute-url
https://iclass.tku.edu.tw/market,iclass.tku.edu.tw,raw/iclass.tku.edu.tw/course_library/parent_id/avatarSmallUrl.html,https://iclass.tku.edu.tw/course_library/parent_id/avatarSmallUrl,absolute-url
https://www.youtube.com/iframe_api,www.youtube.com,raw/iclass.tku.edu.tw/course_library/parent_id/avatarSmallUrl.html,https://iclass.tku.edu.tw/course_library/parent_id/avatarSmallUrl,absolute-url
https://get.adobe.com/flashplayer/,get.adobe.com,raw/iclass.tku.edu.tw/course_library/parent_id/avatarSmallUrl.html,https://iclass.tku.edu.tw/course_library/parent_id/avatarSmallUrl,absolute-url
https://iclass.tku.edu.tw/,iclass.tku.edu.tw,raw/iclass.tku.edu.tw/course_library/parent_id/capture_url.html,https://iclass.tku.edu.tw/course_library/parent_id/capture_url,absolute-url
https://www.googletagmanager.com/gtag/js,www.googletagmanager.com,raw/iclass.tku.edu.tw/course_library/parent_id/capture_url.html,https://iclass.tku.edu.tw/course_library/parent_id/capture_url,absolute-url
https://github.com/OWASP/CheatSheetSeries/blob/master/cheatsheets/Clickjacking_Defense_Cheat_Sheet.md#best-for-now-legacy-browser-frame-breaking-script--,github.com,raw/iclass.tku.edu.tw/course_library/parent_id/capture_url.html,https://iclass.tku.edu.tw/course_library/parent_id/capture_url,absolute-url
https://bam.nr-data.net,bam.nr-data.net,raw/iclass.tku.edu.tw/course_library/parent_id/capture_url.html,https://iclass.tku.edu.tw/course_library/parent_id/capture_url,absolute-url
https://www.google-analytics.com,www.google-analytics.com,raw/iclass.tku.edu.tw/course_library/parent_id/capture_url.html,https://iclass.tku.edu.tw/course_library/parent_id/capture_url,absolute-url
https://iclass.tku.edu.tw/iportal,iclass.tku.edu.tw,raw/iclass.tku.edu.tw/course_library/parent_id/capture_url.html,https://iclass.tku.edu.tw/course_library/parent_id/capture_url,absolute-url
"https://tronclass.com.tw/public-manual/TronclassManual_System_Admin.pdf',",tronclass.com.tw,raw/iclass.tku.edu.tw/course_library/parent_id/capture_url.html,https://iclass.tku.edu.tw/course_library/parent_id/capture_url,absolute-url
"https://tronclass.com.tw/public-manual/TronclassManual_Administrator.pdf',",tronclass.com.tw,raw/iclass.tku.edu.tw/course_library/parent_id/capture_url.html,https://iclass.tku.edu.tw/course_library/parent_id/capture_url,absolute-url
"https://tronclass.com.tw/public-manual/manual-teacher.html',",tronclass.com.tw,raw/iclass.tku.edu.tw/course_library/parent_id/capture_url.html,https://iclass.tku.edu.tw/course_library/parent_id/capture_url,absolute-url
"https://tronclass.com.tw/public-manual/TronclassManual_Student.pdf',",tronclass.com.tw,raw/iclass.tku.edu.tw/course_library/parent_id/capture_url.html,https://iclass.tku.edu.tw/course_library/parent_id/capture_url,absolute-url
"https://tronclass.com.tw/public-manual/TronclassManual_App.pdf',",tronclass.com.tw,raw/iclass.tku.edu.tw/course_library/parent_id/capture_url.html,https://iclass.tku.edu.tw/course_library/parent_id/capture_url,absolute-url
https://support.tronclass.com',support.tronclass.com',raw/iclass.tku.edu.tw/course_library/parent_id/capture_url.html,https://iclass.tku.edu.tw/course_library/parent_id/capture_url,absolute-url
https://iclass.tku.edu.tw/market,iclass.tku.edu.tw,raw/iclass.tku.edu.tw/course_library/parent_id/capture_url.html,https://iclass.tku.edu.tw/course_library/parent_id/capture_url,absolute-url
https://www.youtube.com/iframe_api,www.youtube.com,raw/iclass.tku.edu.tw/course_library/parent_id/capture_url.html,https://iclass.tku.edu.tw/course_library/parent_id/capture_url,absolute-url
https://get.adobe.com/flashplayer/,get.adobe.com,raw/iclass.tku.edu.tw/course_library/parent_id/capture_url.html,https://iclass.tku.edu.tw/course_library/parent_id/capture_url,absolute-url
https://iclass.tku.edu.tw/,iclass.tku.edu.tw,raw/iclass.tku.edu.tw/course_library/parent_id/lesson_resource_url.html,https://iclass.tku.edu.tw/course_library/parent_id/lesson_resource_url,absolute-url
https://www.googletagmanager.com/gtag/js,www.googletagmanager.com,raw/iclass.tku.edu.tw/course_library/parent_id/lesson_resource_url.html,https://iclass.tku.edu.tw/course_library/parent_id/lesson_resource_url,absolute-url
https://github.com/OWASP/CheatSheetSeries/blob/master/cheatsheets/Clickjacking_Defense_Cheat_Sheet.md#best-for-now-legacy-browser-frame-breaking-script--,github.com,raw/iclass.tku.edu.tw/course_library/parent_id/lesson_resource_url.html,https://iclass.tku.edu.tw/course_library/parent_id/lesson_resource_url,absolute-url
https://bam.nr-data.net,bam.nr-data.net,raw/iclass.tku.edu.tw/course_library/parent_id/lesson_resource_url.html,https://iclass.tku.edu.tw/course_library/parent_id/lesson_resource_url,absolute-url
https://www.google-analytics.com,www.google-analytics.com,raw/iclass.tku.edu.tw/course_library/parent_id/lesson_resource_url.html,https://iclass.tku.edu.tw/course_library/parent_id/lesson_resource_url,absolute-url
https://iclass.tku.edu.tw/iportal,iclass.tku.edu.tw,raw/iclass.tku.edu.tw/course_library/parent_id/lesson_resource_url.html,https://iclass.tku.edu.tw/course_library/parent_id/lesson_resource_url,absolute-url
"https://tronclass.com.tw/public-manual/TronclassManual_System_Admin.pdf',",tronclass.com.tw,raw/iclass.tku.edu.tw/course_library/parent_id/lesson_resource_url.html,https://iclass.tku.edu.tw/course_library/parent_id/lesson_resource_url,absolute-url
"https://tronclass.com.tw/public-manual/TronclassManual_Administrator.pdf',",tronclass.com.tw,raw/iclass.tku.edu.tw/course_library/parent_id/lesson_resource_url.html,https://iclass.tku.edu.tw/course_library/parent_id/lesson_resource_url,absolute-url
"https://tronclass.com.tw/public-manual/manual-teacher.html',",tronclass.com.tw,raw/iclass.tku.edu.tw/course_library/parent_id/lesson_resource_url.html,https://iclass.tku.edu.tw/course_library/parent_id/lesson_resource_url,absolute-url
"https://tronclass.com.tw/public-manual/TronclassManual_Student.pdf',",tronclass.com.tw,raw/iclass.tku.edu.tw/course_library/parent_id/lesson_resource_url.html,https://iclass.tku.edu.tw/course_library/parent_id/lesson_resource_url,absolute-url
"https://tronclass.com.tw/public-manual/TronclassManual_App.pdf',",tronclass.com.tw,raw/iclass.tku.edu.tw/course_library/parent_id/lesson_resource_url.html,https://iclass.tku.edu.tw/course_library/parent_id/lesson_resource_url,absolute-url
https://support.tronclass.com',support.tronclass.com',raw/iclass.tku.edu.tw/course_library/parent_id/lesson_resource_url.html,https://iclass.tku.edu.tw/course_library/parent_id/lesson_resource_url,absolute-url
https://iclass.tku.edu.tw/market,iclass.tku.edu.tw,raw/iclass.tku.edu.tw/course_library/parent_id/lesson_resource_url.html,https://iclass.tku.edu.tw/course_library/parent_id/lesson_resource_url,absolute-url
https://www.youtube.com/iframe_api,www.youtube.com,raw/iclass.tku.edu.tw/course_library/parent_id/lesson_resource_url.html,https://iclass.tku.edu.tw/course_library/parent_id/lesson_resource_url,absolute-url
https://get.adobe.com/flashplayer/,get.adobe.com,raw/iclass.tku.edu.tw/course_library/parent_id/lesson_resource_url.html,https://iclass.tku.edu.tw/course_library/parent_id/lesson_resource_url,absolute-url
https://iclass.tku.edu.tw/,iclass.tku.edu.tw,raw/iclass.tku.edu.tw/course_library/parent_id/manualUrl.html,https://iclass.tku.edu.tw/course_library/parent_id/manualUrl,absolute-url
https://www.googletagmanager.com/gtag/js,www.googletagmanager.com,raw/iclass.tku.edu.tw/course_library/parent_id/manualUrl.html,https://iclass.tku.edu.tw/course_library/parent_id/manualUrl,absolute-url
https://github.com/OWASP/CheatSheetSeries/blob/master/cheatsheets/Clickjacking_Defense_Cheat_Sheet.md#best-for-now-legacy-browser-frame-breaking-script--,github.com,raw/iclass.tku.edu.tw/course_library/parent_id/manualUrl.html,https://iclass.tku.edu.tw/course_library/parent_id/manualUrl,absolute-url
https://bam.nr-data.net,bam.nr-data.net,raw/iclass.tku.edu.tw/course_library/parent_id/manualUrl.html,https://iclass.tku.edu.tw/course_library/parent_id/manualUrl,absolute-url
https://www.google-analytics.com,www.google-analytics.com,raw/iclass.tku.edu.tw/course_library/parent_id/manualUrl.html,https://iclass.tku.edu.tw/course_library/parent_id/manualUrl,absolute-url
https://iclass.tku.edu.tw/iportal,iclass.tku.edu.tw,raw/iclass.tku.edu.tw/course_library/parent_id/manualUrl.html,https://iclass.tku.edu.tw/course_library/parent_id/manualUrl,absolute-url
"https://tronclass.com.tw/public-manual/TronclassManual_System_Admin.pdf',",tronclass.com.tw,raw/iclass.tku.edu.tw/course_library/parent_id/manualUrl.html,https://iclass.tku.edu.tw/course_library/parent_id/manualUrl,absolute-url
"https://tronclass.com.tw/public-manual/TronclassManual_Administrator.pdf',",tronclass.com.tw,raw/iclass.tku.edu.tw/course_library/parent_id/manualUrl.html,https://iclass.tku.edu.tw/course_library/parent_id/manualUrl,absolute-url
"https://tronclass.com.tw/public-manual/manual-teacher.html',",tronclass.com.tw,raw/iclass.tku.edu.tw/course_library/parent_id/manualUrl.html,https://iclass.tku.edu.tw/course_library/parent_id/manualUrl,absolute-url
"https://tronclass.com.tw/public-manual/TronclassManual_Student.pdf',",tronclass.com.tw,raw/iclass.tku.edu.tw/course_library/parent_id/manualUrl.html,https://iclass.tku.edu.tw/course_library/parent_id/manualUrl,absolute-url
"https://tronclass.com.tw/public-manual/TronclassManual_App.pdf',",tronclass.com.tw,raw/iclass.tku.edu.tw/course_library/parent_id/manualUrl.html,https://iclass.tku.edu.tw/course_library/parent_id/manualUrl,absolute-url
https://support.tronclass.com',support.tronclass.com',raw/iclass.tku.edu.tw/course_library/parent_id/manualUrl.html,https://iclass.tku.edu.tw/course_library/parent_id/manualUrl,absolute-url
https://iclass.tku.edu.tw/market,iclass.tku.edu.tw,raw/iclass.tku.edu.tw/course_library/parent_id/manualUrl.html,https://iclass.tku.edu.tw/course_library/parent_id/manualUrl,absolute-url
https://www.youtube.com/iframe_api,www.youtube.com,raw/iclass.tku.edu.tw/course_library/parent_id/manualUrl.html,https://iclass.tku.edu.tw/course_library/parent_id/manualUrl,absolute-url
https://get.adobe.com/flashplayer/,get.adobe.com,raw/iclass.tku.edu.tw/course_library/parent_id/manualUrl.html,https://iclass.tku.edu.tw/course_library/parent_id/manualUrl,absolute-url
https://iclass.tku.edu.tw/,iclass.tku.edu.tw,raw/iclass.tku.edu.tw/courses.html,https://iclass.tku.edu.tw/courses,absolute-url
https://www.googletagmanager.com/gtag/js,www.googletagmanager.com,raw/iclass.tku.edu.tw/courses.html,https://iclass.tku.edu.tw/courses,absolute-url
https://github.com/OWASP/CheatSheetSeries/blob/master/cheatsheets/Clickjacking_Defense_Cheat_Sheet.md#best-for-now-legacy-browser-frame-breaking-script--,github.com,raw/iclass.tku.edu.tw/courses.html,https://iclass.tku.edu.tw/courses,absolute-url
https://bam.nr-data.net,bam.nr-data.net,raw/iclass.tku.edu.tw/courses.html,https://iclass.tku.edu.tw/courses,absolute-url
https://www.google-analytics.com,www.google-analytics.com,raw/iclass.tku.edu.tw/courses.html,https://iclass.tku.edu.tw/courses,absolute-url
https://iclass.tku.edu.tw/iportal,iclass.tku.edu.tw,raw/iclass.tku.edu.tw/courses.html,https://iclass.tku.edu.tw/courses,absolute-url
"https://tronclass.com.tw/public-manual/TronclassManual_System_Admin.pdf',",tronclass.com.tw,raw/iclass.tku.edu.tw/courses.html,https://iclass.tku.edu.tw/courses,absolute-url
"https://tronclass.com.tw/public-manual/TronclassManual_Administrator.pdf',",tronclass.com.tw,raw/iclass.tku.edu.tw/courses.html,https://iclass.tku.edu.tw/courses,absolute-url
"https://tronclass.com.tw/public-manual/manual-teacher.html',",tronclass.com.tw,raw/iclass.tku.edu.tw/courses.html,https://iclass.tku.edu.tw/courses,absolute-url
"https://tronclass.com.tw/public-manual/TronclassManual_Student.pdf',",tronclass.com.tw,raw/iclass.tku.edu.tw/courses.html,https://iclass.tku.edu.tw/courses,absolute-url
"https://tronclass.com.tw/public-manual/TronclassManual_App.pdf',",tronclass.com.tw,raw/iclass.tku.edu.tw/courses.html,https://iclass.tku.edu.tw/courses,absolute-url
https://support.tronclass.com',support.tronclass.com',raw/iclass.tku.edu.tw/courses.html,https://iclass.tku.edu.tw/courses,absolute-url
https://iclass.tku.edu.tw/market,iclass.tku.edu.tw,raw/iclass.tku.edu.tw/courses.html,https://iclass.tku.edu.tw/courses,absolute-url
https://www.youtube.com/iframe_api,www.youtube.com,raw/iclass.tku.edu.tw/courses.html,https://iclass.tku.edu.tw/courses,absolute-url
https://get.adobe.com/flashplayer/,get.adobe.com,raw/iclass.tku.edu.tw/courses.html,https://iclass.tku.edu.tw/courses,absolute-url
https://iclass.tku.edu.tw/,iclass.tku.edu.tw,raw/iclass.tku.edu.tw/courses-for-copy.html,https://iclass.tku.edu.tw/courses-for-copy,absolute-url
https://www.googletagmanager.com/gtag/js,www.googletagmanager.com,raw/iclass.tku.edu.tw/courses-for-copy.html,https://iclass.tku.edu.tw/courses-for-copy,absolute-url
https://github.com/OWASP/CheatSheetSeries/blob/master/cheatsheets/Clickjacking_Defense_Cheat_Sheet.md#best-for-now-legacy-browser-frame-breaking-script--,github.com,raw/iclass.tku.edu.tw/courses-for-copy.html,https://iclass.tku.edu.tw/courses-for-copy,absolute-url
https://bam.nr-data.net,bam.nr-data.net,raw/iclass.tku.edu.tw/courses-for-copy.html,https://iclass.tku.edu.tw/courses-for-copy,absolute-url
https://www.google-analytics.com,www.google-analytics.com,raw/iclass.tku.edu.tw/courses-for-copy.html,https://iclass.tku.edu.tw/courses-for-copy,absolute-url
https://iclass.tku.edu.tw/iportal,iclass.tku.edu.tw,raw/iclass.tku.edu.tw/courses-for-copy.html,https://iclass.tku.edu.tw/courses-for-copy,absolute-url
"https://tronclass.com.tw/public-manual/TronclassManual_System_Admin.pdf',",tronclass.com.tw,raw/iclass.tku.edu.tw/courses-for-copy.html,https://iclass.tku.edu.tw/courses-for-copy,absolute-url
"https://tronclass.com.tw/public-manual/TronclassManual_Administrator.pdf',",tronclass.com.tw,raw/iclass.tku.edu.tw/courses-for-copy.html,https://iclass.tku.edu.tw/courses-for-copy,absolute-url
"https://tronclass.com.tw/public-manual/manual-teacher.html',",tronclass.com.tw,raw/iclass.tku.edu.tw/courses-for-copy.html,https://iclass.tku.edu.tw/courses-for-copy,absolute-url
"https://tronclass.com.tw/public-manual/TronclassManual_Student.pdf',",tronclass.com.tw,raw/iclass.tku.edu.tw/courses-for-copy.html,https://iclass.tku.edu.tw/courses-for-copy,absolute-url
"https://tronclass.com.tw/public-manual/TronclassManual_App.pdf',",tronclass.com.tw,raw/iclass.tku.edu.tw/courses-for-copy.html,https://iclass.tku.edu.tw/courses-for-copy,absolute-url
https://support.tronclass.com',support.tronclass.com',raw/iclass.tku.edu.tw/courses-for-copy.html,https://iclass.tku.edu.tw/courses-for-copy,absolute-url
https://iclass.tku.edu.tw/market,iclass.tku.edu.tw,raw/iclass.tku.edu.tw/courses-for-copy.html,https://iclass.tku.edu.tw/courses-for-copy,absolute-url
https://www.youtube.com/iframe_api,www.youtube.com,raw/iclass.tku.edu.tw/courses-for-copy.html,https://iclass.tku.edu.tw/courses-for-copy,absolute-url
https://get.adobe.com/flashplayer/,get.adobe.com,raw/iclass.tku.edu.tw/courses-for-copy.html,https://iclass.tku.edu.tw/courses-for-copy,absolute-url
https://iclass.tku.edu.tw/,iclass.tku.edu.tw,raw/iclass.tku.edu.tw/courses-group/index.html,https://iclass.tku.edu.tw/courses-group/,absolute-url
https://www.googletagmanager.com/gtag/js,www.googletagmanager.com,raw/iclass.tku.edu.tw/courses-group/index.html,https://iclass.tku.edu.tw/courses-group/,absolute-url
https://github.com/OWASP/CheatSheetSeries/blob/master/cheatsheets/Clickjacking_Defense_Cheat_Sheet.md#best-for-now-legacy-browser-frame-breaking-script--,github.com,raw/iclass.tku.edu.tw/courses-group/index.html,https://iclass.tku.edu.tw/courses-group/,absolute-url
https://bam.nr-data.net,bam.nr-data.net,raw/iclass.tku.edu.tw/courses-group/index.html,https://iclass.tku.edu.tw/courses-group/,absolute-url
https://www.google-analytics.com,www.google-analytics.com,raw/iclass.tku.edu.tw/courses-group/index.html,https://iclass.tku.edu.tw/courses-group/,absolute-url
https://iclass.tku.edu.tw/iportal,iclass.tku.edu.tw,raw/iclass.tku.edu.tw/courses-group/index.html,https://iclass.tku.edu.tw/courses-group/,absolute-url
"https://tronclass.com.tw/public-manual/TronclassManual_System_Admin.pdf',",tronclass.com.tw,raw/iclass.tku.edu.tw/courses-group/index.html,https://iclass.tku.edu.tw/courses-group/,absolute-url
"https://tronclass.com.tw/public-manual/TronclassManual_Administrator.pdf',",tronclass.com.tw,raw/iclass.tku.edu.tw/courses-group/index.html,https://iclass.tku.edu.tw/courses-group/,absolute-url
"https://tronclass.com.tw/public-manual/manual-teacher.html',",tronclass.com.tw,raw/iclass.tku.edu.tw/courses-group/index.html,https://iclass.tku.edu.tw/courses-group/,absolute-url
"https://tronclass.com.tw/public-manual/TronclassManual_Student.pdf',",tronclass.com.tw,raw/iclass.tku.edu.tw/courses-group/index.html,https://iclass.tku.edu.tw/courses-group/,absolute-url
"https://tronclass.com.tw/public-manual/TronclassManual_App.pdf',",tronclass.com.tw,raw/iclass.tku.edu.tw/courses-group/index.html,https://iclass.tku.edu.tw/courses-group/,absolute-url
https://support.tronclass.com',support.tronclass.com',raw/iclass.tku.edu.tw/courses-group/index.html,https://iclass.tku.edu.tw/courses-group/,absolute-url
https://iclass.tku.edu.tw/market,iclass.tku.edu.tw,raw/iclass.tku.edu.tw/courses-group/index.html,https://iclass.tku.edu.tw/courses-group/,absolute-url
https://www.youtube.com/iframe_api,www.youtube.com,raw/iclass.tku.edu.tw/courses-group/index.html,https://iclass.tku.edu.tw/courses-group/,absolute-url
https://get.adobe.com/flashplayer/,get.adobe.com,raw/iclass.tku.edu.tw/courses-group/index.html,https://iclass.tku.edu.tw/courses-group/,absolute-url
https://iclass.tku.edu.tw/,iclass.tku.edu.tw,raw/iclass.tku.edu.tw/courses-group/avatarSmallUrl.html,https://iclass.tku.edu.tw/courses-group/avatarSmallUrl,absolute-url
https://www.googletagmanager.com/gtag/js,www.googletagmanager.com,raw/iclass.tku.edu.tw/courses-group/avatarSmallUrl.html,https://iclass.tku.edu.tw/courses-group/avatarSmallUrl,absolute-url
https://github.com/OWASP/CheatSheetSeries/blob/master/cheatsheets/Clickjacking_Defense_Cheat_Sheet.md#best-for-now-legacy-browser-frame-breaking-script--,github.com,raw/iclass.tku.edu.tw/courses-group/avatarSmallUrl.html,https://iclass.tku.edu.tw/courses-group/avatarSmallUrl,absolute-url
https://bam.nr-data.net,bam.nr-data.net,raw/iclass.tku.edu.tw/courses-group/avatarSmallUrl.html,https://iclass.tku.edu.tw/courses-group/avatarSmallUrl,absolute-url
https://www.google-analytics.com,www.google-analytics.com,raw/iclass.tku.edu.tw/courses-group/avatarSmallUrl.html,https://iclass.tku.edu.tw/courses-group/avatarSmallUrl,absolute-url
https://iclass.tku.edu.tw/iportal,iclass.tku.edu.tw,raw/iclass.tku.edu.tw/courses-group/avatarSmallUrl.html,https://iclass.tku.edu.tw/courses-group/avatarSmallUrl,absolute-url
"https://tronclass.com.tw/public-manual/TronclassManual_System_Admin.pdf',",tronclass.com.tw,raw/iclass.tku.edu.tw/courses-group/avatarSmallUrl.html,https://iclass.tku.edu.tw/courses-group/avatarSmallUrl,absolute-url
"https://tronclass.com.tw/public-manual/TronclassManual_Administrator.pdf',",tronclass.com.tw,raw/iclass.tku.edu.tw/courses-group/avatarSmallUrl.html,https://iclass.tku.edu.tw/courses-group/avatarSmallUrl,absolute-url
"https://tronclass.com.tw/public-manual/manual-teacher.html',",tronclass.com.tw,raw/iclass.tku.edu.tw/courses-group/avatarSmallUrl.html,https://iclass.tku.edu.tw/courses-group/avatarSmallUrl,absolute-url
"https://tronclass.com.tw/public-manual/TronclassManual_Student.pdf',",tronclass.com.tw,raw/iclass.tku.edu.tw/courses-group/avatarSmallUrl.html,https://iclass.tku.edu.tw/courses-group/avatarSmallUrl,absolute-url
"https://tronclass.com.tw/public-manual/TronclassManual_App.pdf',",tronclass.com.tw,raw/iclass.tku.edu.tw/courses-group/avatarSmallUrl.html,https://iclass.tku.edu.tw/courses-group/avatarSmallUrl,absolute-url
https://support.tronclass.com',support.tronclass.com',raw/iclass.tku.edu.tw/courses-group/avatarSmallUrl.html,https://iclass.tku.edu.tw/courses-group/avatarSmallUrl,absolute-url
https://iclass.tku.edu.tw/market,iclass.tku.edu.tw,raw/iclass.tku.edu.tw/courses-group/avatarSmallUrl.html,https://iclass.tku.edu.tw/courses-group/avatarSmallUrl,absolute-url
https://www.youtube.com/iframe_api,www.youtube.com,raw/iclass.tku.edu.tw/courses-group/avatarSmallUrl.html,https://iclass.tku.edu.tw/courses-group/avatarSmallUrl,absolute-url
https://get.adobe.com/flashplayer/,get.adobe.com,raw/iclass.tku.edu.tw/courses-group/avatarSmallUrl.html,https://iclass.tku.edu.tw/courses-group/avatarSmallUrl,absolute-url
https://iclass.tku.edu.tw/,iclass.tku.edu.tw,raw/iclass.tku.edu.tw/courses-group/capture_url.html,https://iclass.tku.edu.tw/courses-group/capture_url,absolute-url
https://www.googletagmanager.com/gtag/js,www.googletagmanager.com,raw/iclass.tku.edu.tw/courses-group/capture_url.html,https://iclass.tku.edu.tw/courses-group/capture_url,absolute-url
https://github.com/OWASP/CheatSheetSeries/blob/master/cheatsheets/Clickjacking_Defense_Cheat_Sheet.md#best-for-now-legacy-browser-frame-breaking-script--,github.com,raw/iclass.tku.edu.tw/courses-group/capture_url.html,https://iclass.tku.edu.tw/courses-group/capture_url,absolute-url
https://bam.nr-data.net,bam.nr-data.net,raw/iclass.tku.edu.tw/courses-group/capture_url.html,https://iclass.tku.edu.tw/courses-group/capture_url,absolute-url
https://www.google-analytics.com,www.google-analytics.com,raw/iclass.tku.edu.tw/courses-group/capture_url.html,https://iclass.tku.edu.tw/courses-group/capture_url,absolute-url
https://iclass.tku.edu.tw/iportal,iclass.tku.edu.tw,raw/iclass.tku.edu.tw/courses-group/capture_url.html,https://iclass.tku.edu.tw/courses-group/capture_url,absolute-url
"https://tronclass.com.tw/public-manual/TronclassManual_System_Admin.pdf',",tronclass.com.tw,raw/iclass.tku.edu.tw/courses-group/capture_url.html,https://iclass.tku.edu.tw/courses-group/capture_url,absolute-url
"https://tronclass.com.tw/public-manual/TronclassManual_Administrator.pdf',",tronclass.com.tw,raw/iclass.tku.edu.tw/courses-group/capture_url.html,https://iclass.tku.edu.tw/courses-group/capture_url,absolute-url
"https://tronclass.com.tw/public-manual/manual-teacher.html',",tronclass.com.tw,raw/iclass.tku.edu.tw/courses-group/capture_url.html,https://iclass.tku.edu.tw/courses-group/capture_url,absolute-url
"https://tronclass.com.tw/public-manual/TronclassManual_Student.pdf',",tronclass.com.tw,raw/iclass.tku.edu.tw/courses-group/capture_url.html,https://iclass.tku.edu.tw/courses-group/capture_url,absolute-url
"https://tronclass.com.tw/public-manual/TronclassManual_App.pdf',",tronclass.com.tw,raw/iclass.tku.edu.tw/courses-group/capture_url.html,https://iclass.tku.edu.tw/courses-group/capture_url,absolute-url
https://support.tronclass.com',support.tronclass.com',raw/iclass.tku.edu.tw/courses-group/capture_url.html,https://iclass.tku.edu.tw/courses-group/capture_url,absolute-url
https://iclass.tku.edu.tw/market,iclass.tku.edu.tw,raw/iclass.tku.edu.tw/courses-group/capture_url.html,https://iclass.tku.edu.tw/courses-group/capture_url,absolute-url
https://www.youtube.com/iframe_api,www.youtube.com,raw/iclass.tku.edu.tw/courses-group/capture_url.html,https://iclass.tku.edu.tw/courses-group/capture_url,absolute-url
https://get.adobe.com/flashplayer/,get.adobe.com,raw/iclass.tku.edu.tw/courses-group/capture_url.html,https://iclass.tku.edu.tw/courses-group/capture_url,absolute-url
https://iclass.tku.edu.tw/,iclass.tku.edu.tw,raw/iclass.tku.edu.tw/courses-group/lesson_resource_url.html,https://iclass.tku.edu.tw/courses-group/lesson_resource_url,absolute-url
https://www.googletagmanager.com/gtag/js,www.googletagmanager.com,raw/iclass.tku.edu.tw/courses-group/lesson_resource_url.html,https://iclass.tku.edu.tw/courses-group/lesson_resource_url,absolute-url
https://github.com/OWASP/CheatSheetSeries/blob/master/cheatsheets/Clickjacking_Defense_Cheat_Sheet.md#best-for-now-legacy-browser-frame-breaking-script--,github.com,raw/iclass.tku.edu.tw/courses-group/lesson_resource_url.html,https://iclass.tku.edu.tw/courses-group/lesson_resource_url,absolute-url
https://bam.nr-data.net,bam.nr-data.net,raw/iclass.tku.edu.tw/courses-group/lesson_resource_url.html,https://iclass.tku.edu.tw/courses-group/lesson_resource_url,absolute-url
https://www.google-analytics.com,www.google-analytics.com,raw/iclass.tku.edu.tw/courses-group/lesson_resource_url.html,https://iclass.tku.edu.tw/courses-group/lesson_resource_url,absolute-url
https://iclass.tku.edu.tw/iportal,iclass.tku.edu.tw,raw/iclass.tku.edu.tw/courses-group/lesson_resource_url.html,https://iclass.tku.edu.tw/courses-group/lesson_resource_url,absolute-url
"https://tronclass.com.tw/public-manual/TronclassManual_System_Admin.pdf',",tronclass.com.tw,raw/iclass.tku.edu.tw/courses-group/lesson_resource_url.html,https://iclass.tku.edu.tw/courses-group/lesson_resource_url,absolute-url
"https://tronclass.com.tw/public-manual/TronclassManual_Administrator.pdf',",tronclass.com.tw,raw/iclass.tku.edu.tw/courses-group/lesson_resource_url.html,https://iclass.tku.edu.tw/courses-group/lesson_resource_url,absolute-url
"https://tronclass.com.tw/public-manual/manual-teacher.html',",tronclass.com.tw,raw/iclass.tku.edu.tw/courses-group/lesson_resource_url.html,https://iclass.tku.edu.tw/courses-group/lesson_resource_url,absolute-url
"https://tronclass.com.tw/public-manual/TronclassManual_Student.pdf',",tronclass.com.tw,raw/iclass.tku.edu.tw/courses-group/lesson_resource_url.html,https://iclass.tku.edu.tw/courses-group/lesson_resource_url,absolute-url
"https://tronclass.com.tw/public-manual/TronclassManual_App.pdf',",tronclass.com.tw,raw/iclass.tku.edu.tw/courses-group/lesson_resource_url.html,https://iclass.tku.edu.tw/courses-group/lesson_resource_url,absolute-url
https://support.tronclass.com',support.tronclass.com',raw/iclass.tku.edu.tw/courses-group/lesson_resource_url.html,https://iclass.tku.edu.tw/courses-group/lesson_resource_url,absolute-url
https://iclass.tku.edu.tw/market,iclass.tku.edu.tw,raw/iclass.tku.edu.tw/courses-group/lesson_resource_url.html,https://iclass.tku.edu.tw/courses-group/lesson_resource_url,absolute-url
https://www.youtube.com/iframe_api,www.youtube.com,raw/iclass.tku.edu.tw/courses-group/lesson_resource_url.html,https://iclass.tku.edu.tw/courses-group/lesson_resource_url,absolute-url
https://get.adobe.com/flashplayer/,get.adobe.com,raw/iclass.tku.edu.tw/courses-group/lesson_resource_url.html,https://iclass.tku.edu.tw/courses-group/lesson_resource_url,absolute-url
https://iclass.tku.edu.tw/,iclass.tku.edu.tw,raw/iclass.tku.edu.tw/courses-group/manualUrl.html,https://iclass.tku.edu.tw/courses-group/manualUrl,absolute-url
https://www.googletagmanager.com/gtag/js,www.googletagmanager.com,raw/iclass.tku.edu.tw/courses-group/manualUrl.html,https://iclass.tku.edu.tw/courses-group/manualUrl,absolute-url
https://github.com/OWASP/CheatSheetSeries/blob/master/cheatsheets/Clickjacking_Defense_Cheat_Sheet.md#best-for-now-legacy-browser-frame-breaking-script--,github.com,raw/iclass.tku.edu.tw/courses-group/manualUrl.html,https://iclass.tku.edu.tw/courses-group/manualUrl,absolute-url
https://bam.nr-data.net,bam.nr-data.net,raw/iclass.tku.edu.tw/courses-group/manualUrl.html,https://iclass.tku.edu.tw/courses-group/manualUrl,absolute-url
https://www.google-analytics.com,www.google-analytics.com,raw/iclass.tku.edu.tw/courses-group/manualUrl.html,https://iclass.tku.edu.tw/courses-group/manualUrl,absolute-url
https://iclass.tku.edu.tw/iportal,iclass.tku.edu.tw,raw/iclass.tku.edu.tw/courses-group/manualUrl.html,https://iclass.tku.edu.tw/courses-group/manualUrl,absolute-url
"https://tronclass.com.tw/public-manual/TronclassManual_System_Admin.pdf',",tronclass.com.tw,raw/iclass.tku.edu.tw/courses-group/manualUrl.html,https://iclass.tku.edu.tw/courses-group/manualUrl,absolute-url
"https://tronclass.com.tw/public-manual/TronclassManual_Administrator.pdf',",tronclass.com.tw,raw/iclass.tku.edu.tw/courses-group/manualUrl.html,https://iclass.tku.edu.tw/courses-group/manualUrl,absolute-url
"https://tronclass.com.tw/public-manual/manual-teacher.html',",tronclass.com.tw,raw/iclass.tku.edu.tw/courses-group/manualUrl.html,https://iclass.tku.edu.tw/courses-group/manualUrl,absolute-url
"https://tronclass.com.tw/public-manual/TronclassManual_Student.pdf',",tronclass.com.tw,raw/iclass.tku.edu.tw/courses-group/manualUrl.html,https://iclass.tku.edu.tw/courses-group/manualUrl,absolute-url
"https://tronclass.com.tw/public-manual/TronclassManual_App.pdf',",tronclass.com.tw,raw/iclass.tku.edu.tw/courses-group/manualUrl.html,https://iclass.tku.edu.tw/courses-group/manualUrl,absolute-url
https://support.tronclass.com',support.tronclass.com',raw/iclass.tku.edu.tw/courses-group/manualUrl.html,https://iclass.tku.edu.tw/courses-group/manualUrl,absolute-url
https://iclass.tku.edu.tw/market,iclass.tku.edu.tw,raw/iclass.tku.edu.tw/courses-group/manualUrl.html,https://iclass.tku.edu.tw/courses-group/manualUrl,absolute-url
https://www.youtube.com/iframe_api,www.youtube.com,raw/iclass.tku.edu.tw/courses-group/manualUrl.html,https://iclass.tku.edu.tw/courses-group/manualUrl,absolute-url
https://get.adobe.com/flashplayer/,get.adobe.com,raw/iclass.tku.edu.tw/courses-group/manualUrl.html,https://iclass.tku.edu.tw/courses-group/manualUrl,absolute-url
https://iclass.tku.edu.tw/,iclass.tku.edu.tw,raw/iclass.tku.edu.tw/courses-number.html,https://iclass.tku.edu.tw/courses-number,absolute-url
https://www.googletagmanager.com/gtag/js,www.googletagmanager.com,raw/iclass.tku.edu.tw/courses-number.html,https://iclass.tku.edu.tw/courses-number,absolute-url
https://github.com/OWASP/CheatSheetSeries/blob/master/cheatsheets/Clickjacking_Defense_Cheat_Sheet.md#best-for-now-legacy-browser-frame-breaking-script--,github.com,raw/iclass.tku.edu.tw/courses-number.html,https://iclass.tku.edu.tw/courses-number,absolute-url
https://bam.nr-data.net,bam.nr-data.net,raw/iclass.tku.edu.tw/courses-number.html,https://iclass.tku.edu.tw/courses-number,absolute-url
https://www.google-analytics.com,www.google-analytics.com,raw/iclass.tku.edu.tw/courses-number.html,https://iclass.tku.edu.tw/courses-number,absolute-url
https://iclass.tku.edu.tw/iportal,iclass.tku.edu.tw,raw/iclass.tku.edu.tw/courses-number.html,https://iclass.tku.edu.tw/courses-number,absolute-url
"https://tronclass.com.tw/public-manual/TronclassManual_System_Admin.pdf',",tronclass.com.tw,raw/iclass.tku.edu.tw/courses-number.html,https://iclass.tku.edu.tw/courses-number,absolute-url
"https://tronclass.com.tw/public-manual/TronclassManual_Administrator.pdf',",tronclass.com.tw,raw/iclass.tku.edu.tw/courses-number.html,https://iclass.tku.edu.tw/courses-number,absolute-url
"https://tronclass.com.tw/public-manual/manual-teacher.html',",tronclass.com.tw,raw/iclass.tku.edu.tw/courses-number.html,https://iclass.tku.edu.tw/courses-number,absolute-url
"https://tronclass.com.tw/public-manual/TronclassManual_Student.pdf',",tronclass.com.tw,raw/iclass.tku.edu.tw/courses-number.html,https://iclass.tku.edu.tw/courses-number,absolute-url
"https://tronclass.com.tw/public-manual/TronclassManual_App.pdf',",tronclass.com.tw,raw/iclass.tku.edu.tw/courses-number.html,https://iclass.tku.edu.tw/courses-number,absolute-url
https://support.tronclass.com',support.tronclass.com',raw/iclass.tku.edu.tw/courses-number.html,https://iclass.tku.edu.tw/courses-number,absolute-url
https://iclass.tku.edu.tw/market,iclass.tku.edu.tw,raw/iclass.tku.edu.tw/courses-number.html,https://iclass.tku.edu.tw/courses-number,absolute-url
https://www.youtube.com/iframe_api,www.youtube.com,raw/iclass.tku.edu.tw/courses-number.html,https://iclass.tku.edu.tw/courses-number,absolute-url
https://get.adobe.com/flashplayer/,get.adobe.com,raw/iclass.tku.edu.tw/courses-number.html,https://iclass.tku.edu.tw/courses-number,absolute-url
https://iclass.tku.edu.tw/,iclass.tku.edu.tw,raw/iclass.tku.edu.tw/courses-to-merged.html,https://iclass.tku.edu.tw/courses-to-merged,absolute-url
https://www.googletagmanager.com/gtag/js,www.googletagmanager.com,raw/iclass.tku.edu.tw/courses-to-merged.html,https://iclass.tku.edu.tw/courses-to-merged,absolute-url
https://github.com/OWASP/CheatSheetSeries/blob/master/cheatsheets/Clickjacking_Defense_Cheat_Sheet.md#best-for-now-legacy-browser-frame-breaking-script--,github.com,raw/iclass.tku.edu.tw/courses-to-merged.html,https://iclass.tku.edu.tw/courses-to-merged,absolute-url
https://bam.nr-data.net,bam.nr-data.net,raw/iclass.tku.edu.tw/courses-to-merged.html,https://iclass.tku.edu.tw/courses-to-merged,absolute-url
https://www.google-analytics.com,www.google-analytics.com,raw/iclass.tku.edu.tw/courses-to-merged.html,https://iclass.tku.edu.tw/courses-to-merged,absolute-url
https://iclass.tku.edu.tw/iportal,iclass.tku.edu.tw,raw/iclass.tku.edu.tw/courses-to-merged.html,https://iclass.tku.edu.tw/courses-to-merged,absolute-url
"https://tronclass.com.tw/public-manual/TronclassManual_System_Admin.pdf',",tronclass.com.tw,raw/iclass.tku.edu.tw/courses-to-merged.html,https://iclass.tku.edu.tw/courses-to-merged,absolute-url
"https://tronclass.com.tw/public-manual/TronclassManual_Administrator.pdf',",tronclass.com.tw,raw/iclass.tku.edu.tw/courses-to-merged.html,https://iclass.tku.edu.tw/courses-to-merged,absolute-url
"https://tronclass.com.tw/public-manual/manual-teacher.html',",tronclass.com.tw,raw/iclass.tku.edu.tw/courses-to-merged.html,https://iclass.tku.edu.tw/courses-to-merged,absolute-url
"https://tronclass.com.tw/public-manual/TronclassManual_Student.pdf',",tronclass.com.tw,raw/iclass.tku.edu.tw/courses-to-merged.html,https://iclass.tku.edu.tw/courses-to-merged,absolute-url
"https://tronclass.com.tw/public-manual/TronclassManual_App.pdf',",tronclass.com.tw,raw/iclass.tku.edu.tw/courses-to-merged.html,https://iclass.tku.edu.tw/courses-to-merged,absolute-url
https://support.tronclass.com',support.tronclass.com',raw/iclass.tku.edu.tw/courses-to-merged.html,https://iclass.tku.edu.tw/courses-to-merged,absolute-url
https://iclass.tku.edu.tw/market,iclass.tku.edu.tw,raw/iclass.tku.edu.tw/courses-to-merged.html,https://iclass.tku.edu.tw/courses-to-merged,absolute-url
https://www.youtube.com/iframe_api,www.youtube.com,raw/iclass.tku.edu.tw/courses-to-merged.html,https://iclass.tku.edu.tw/courses-to-merged,absolute-url
https://get.adobe.com/flashplayer/,get.adobe.com,raw/iclass.tku.edu.tw/courses-to-merged.html,https://iclass.tku.edu.tw/courses-to-merged,absolute-url
https://iclass.tku.edu.tw/,iclass.tku.edu.tw,raw/iclass.tku.edu.tw/courses/index.html,https://iclass.tku.edu.tw/courses/,absolute-url
https://www.googletagmanager.com/gtag/js,www.googletagmanager.com,raw/iclass.tku.edu.tw/courses/index.html,https://iclass.tku.edu.tw/courses/,absolute-url
https://github.com/OWASP/CheatSheetSeries/blob/master/cheatsheets/Clickjacking_Defense_Cheat_Sheet.md#best-for-now-legacy-browser-frame-breaking-script--,github.com,raw/iclass.tku.edu.tw/courses/index.html,https://iclass.tku.edu.tw/courses/,absolute-url
https://bam.nr-data.net,bam.nr-data.net,raw/iclass.tku.edu.tw/courses/index.html,https://iclass.tku.edu.tw/courses/,absolute-url
https://www.google-analytics.com,www.google-analytics.com,raw/iclass.tku.edu.tw/courses/index.html,https://iclass.tku.edu.tw/courses/,absolute-url
https://iclass.tku.edu.tw/iportal,iclass.tku.edu.tw,raw/iclass.tku.edu.tw/courses/index.html,https://iclass.tku.edu.tw/courses/,absolute-url
"https://tronclass.com.tw/public-manual/TronclassManual_System_Admin.pdf',",tronclass.com.tw,raw/iclass.tku.edu.tw/courses/index.html,https://iclass.tku.edu.tw/courses/,absolute-url
"https://tronclass.com.tw/public-manual/TronclassManual_Administrator.pdf',",tronclass.com.tw,raw/iclass.tku.edu.tw/courses/index.html,https://iclass.tku.edu.tw/courses/,absolute-url
"https://tronclass.com.tw/public-manual/manual-teacher.html',",tronclass.com.tw,raw/iclass.tku.edu.tw/courses/index.html,https://iclass.tku.edu.tw/courses/,absolute-url
"https://tronclass.com.tw/public-manual/TronclassManual_Student.pdf',",tronclass.com.tw,raw/iclass.tku.edu.tw/courses/index.html,https://iclass.tku.edu.tw/courses/,absolute-url
"https://tronclass.com.tw/public-manual/TronclassManual_App.pdf',",tronclass.com.tw,raw/iclass.tku.edu.tw/courses/index.html,https://iclass.tku.edu.tw/courses/,absolute-url
https://support.tronclass.com',support.tronclass.com',raw/iclass.tku.edu.tw/courses/index.html,https://iclass.tku.edu.tw/courses/,absolute-url
https://iclass.tku.edu.tw/market,iclass.tku.edu.tw,raw/iclass.tku.edu.tw/courses/index.html,https://iclass.tku.edu.tw/courses/,absolute-url
https://www.youtube.com/iframe_api,www.youtube.com,raw/iclass.tku.edu.tw/courses/index.html,https://iclass.tku.edu.tw/courses/,absolute-url
https://get.adobe.com/flashplayer/,get.adobe.com,raw/iclass.tku.edu.tw/courses/index.html,https://iclass.tku.edu.tw/courses/,absolute-url
https://iclass.tku.edu.tw/,iclass.tku.edu.tw,raw/iclass.tku.edu.tw/courses/avatarSmallUrl.html,https://iclass.tku.edu.tw/courses/avatarSmallUrl,absolute-url
https://www.googletagmanager.com/gtag/js,www.googletagmanager.com,raw/iclass.tku.edu.tw/courses/avatarSmallUrl.html,https://iclass.tku.edu.tw/courses/avatarSmallUrl,absolute-url
https://github.com/OWASP/CheatSheetSeries/blob/master/cheatsheets/Clickjacking_Defense_Cheat_Sheet.md#best-for-now-legacy-browser-frame-breaking-script--,github.com,raw/iclass.tku.edu.tw/courses/avatarSmallUrl.html,https://iclass.tku.edu.tw/courses/avatarSmallUrl,absolute-url
https://bam.nr-data.net,bam.nr-data.net,raw/iclass.tku.edu.tw/courses/avatarSmallUrl.html,https://iclass.tku.edu.tw/courses/avatarSmallUrl,absolute-url
https://www.google-analytics.com,www.google-analytics.com,raw/iclass.tku.edu.tw/courses/avatarSmallUrl.html,https://iclass.tku.edu.tw/courses/avatarSmallUrl,absolute-url
https://iclass.tku.edu.tw/iportal,iclass.tku.edu.tw,raw/iclass.tku.edu.tw/courses/avatarSmallUrl.html,https://iclass.tku.edu.tw/courses/avatarSmallUrl,absolute-url
"https://tronclass.com.tw/public-manual/TronclassManual_System_Admin.pdf',",tronclass.com.tw,raw/iclass.tku.edu.tw/courses/avatarSmallUrl.html,https://iclass.tku.edu.tw/courses/avatarSmallUrl,absolute-url
"https://tronclass.com.tw/public-manual/TronclassManual_Administrator.pdf',",tronclass.com.tw,raw/iclass.tku.edu.tw/courses/avatarSmallUrl.html,https://iclass.tku.edu.tw/courses/avatarSmallUrl,absolute-url
"https://tronclass.com.tw/public-manual/manual-teacher.html',",tronclass.com.tw,raw/iclass.tku.edu.tw/courses/avatarSmallUrl.html,https://iclass.tku.edu.tw/courses/avatarSmallUrl,absolute-url
"https://tronclass.com.tw/public-manual/TronclassManual_Student.pdf',",tronclass.com.tw,raw/iclass.tku.edu.tw/courses/avatarSmallUrl.html,https://iclass.tku.edu.tw/courses/avatarSmallUrl,absolute-url
"https://tronclass.com.tw/public-manual/TronclassManual_App.pdf',",tronclass.com.tw,raw/iclass.tku.edu.tw/courses/avatarSmallUrl.html,https://iclass.tku.edu.tw/courses/avatarSmallUrl,absolute-url
https://support.tronclass.com',support.tronclass.com',raw/iclass.tku.edu.tw/courses/avatarSmallUrl.html,https://iclass.tku.edu.tw/courses/avatarSmallUrl,absolute-url
https://iclass.tku.edu.tw/market,iclass.tku.edu.tw,raw/iclass.tku.edu.tw/courses/avatarSmallUrl.html,https://iclass.tku.edu.tw/courses/avatarSmallUrl,absolute-url
https://www.youtube.com/iframe_api,www.youtube.com,raw/iclass.tku.edu.tw/courses/avatarSmallUrl.html,https://iclass.tku.edu.tw/courses/avatarSmallUrl,absolute-url
https://get.adobe.com/flashplayer/,get.adobe.com,raw/iclass.tku.edu.tw/courses/avatarSmallUrl.html,https://iclass.tku.edu.tw/courses/avatarSmallUrl,absolute-url
https://iclass.tku.edu.tw/,iclass.tku.edu.tw,raw/iclass.tku.edu.tw/courses/capture_url.html,https://iclass.tku.edu.tw/courses/capture_url,absolute-url
https://www.googletagmanager.com/gtag/js,www.googletagmanager.com,raw/iclass.tku.edu.tw/courses/capture_url.html,https://iclass.tku.edu.tw/courses/capture_url,absolute-url
https://github.com/OWASP/CheatSheetSeries/blob/master/cheatsheets/Clickjacking_Defense_Cheat_Sheet.md#best-for-now-legacy-browser-frame-breaking-script--,github.com,raw/iclass.tku.edu.tw/courses/capture_url.html,https://iclass.tku.edu.tw/courses/capture_url,absolute-url
https://bam.nr-data.net,bam.nr-data.net,raw/iclass.tku.edu.tw/courses/capture_url.html,https://iclass.tku.edu.tw/courses/capture_url,absolute-url
https://www.google-analytics.com,www.google-analytics.com,raw/iclass.tku.edu.tw/courses/capture_url.html,https://iclass.tku.edu.tw/courses/capture_url,absolute-url
https://iclass.tku.edu.tw/iportal,iclass.tku.edu.tw,raw/iclass.tku.edu.tw/courses/capture_url.html,https://iclass.tku.edu.tw/courses/capture_url,absolute-url
"https://tronclass.com.tw/public-manual/TronclassManual_System_Admin.pdf',",tronclass.com.tw,raw/iclass.tku.edu.tw/courses/capture_url.html,https://iclass.tku.edu.tw/courses/capture_url,absolute-url
"https://tronclass.com.tw/public-manual/TronclassManual_Administrator.pdf',",tronclass.com.tw,raw/iclass.tku.edu.tw/courses/capture_url.html,https://iclass.tku.edu.tw/courses/capture_url,absolute-url
"https://tronclass.com.tw/public-manual/manual-teacher.html',",tronclass.com.tw,raw/iclass.tku.edu.tw/courses/capture_url.html,https://iclass.tku.edu.tw/courses/capture_url,absolute-url
"https://tronclass.com.tw/public-manual/TronclassManual_Student.pdf',",tronclass.com.tw,raw/iclass.tku.edu.tw/courses/capture_url.html,https://iclass.tku.edu.tw/courses/capture_url,absolute-url
"https://tronclass.com.tw/public-manual/TronclassManual_App.pdf',",tronclass.com.tw,raw/iclass.tku.edu.tw/courses/capture_url.html,https://iclass.tku.edu.tw/courses/capture_url,absolute-url
https://support.tronclass.com',support.tronclass.com',raw/iclass.tku.edu.tw/courses/capture_url.html,https://iclass.tku.edu.tw/courses/capture_url,absolute-url
https://iclass.tku.edu.tw/market,iclass.tku.edu.tw,raw/iclass.tku.edu.tw/courses/capture_url.html,https://iclass.tku.edu.tw/courses/capture_url,absolute-url
https://www.youtube.com/iframe_api,www.youtube.com,raw/iclass.tku.edu.tw/courses/capture_url.html,https://iclass.tku.edu.tw/courses/capture_url,absolute-url
https://get.adobe.com/flashplayer/,get.adobe.com,raw/iclass.tku.edu.tw/courses/capture_url.html,https://iclass.tku.edu.tw/courses/capture_url,absolute-url
https://iclass.tku.edu.tw/,iclass.tku.edu.tw,raw/iclass.tku.edu.tw/courses/count.html,https://iclass.tku.edu.tw/courses/count,absolute-url
https://www.googletagmanager.com/gtag/js,www.googletagmanager.com,raw/iclass.tku.edu.tw/courses/count.html,https://iclass.tku.edu.tw/courses/count,absolute-url
https://github.com/OWASP/CheatSheetSeries/blob/master/cheatsheets/Clickjacking_Defense_Cheat_Sheet.md#best-for-now-legacy-browser-frame-breaking-script--,github.com,raw/iclass.tku.edu.tw/courses/count.html,https://iclass.tku.edu.tw/courses/count,absolute-url
https://bam.nr-data.net,bam.nr-data.net,raw/iclass.tku.edu.tw/courses/count.html,https://iclass.tku.edu.tw/courses/count,absolute-url
https://www.google-analytics.com,www.google-analytics.com,raw/iclass.tku.edu.tw/courses/count.html,https://iclass.tku.edu.tw/courses/count,absolute-url
https://iclass.tku.edu.tw/iportal,iclass.tku.edu.tw,raw/iclass.tku.edu.tw/courses/count.html,https://iclass.tku.edu.tw/courses/count,absolute-url
"https://tronclass.com.tw/public-manual/TronclassManual_System_Admin.pdf',",tronclass.com.tw,raw/iclass.tku.edu.tw/courses/count.html,https://iclass.tku.edu.tw/courses/count,absolute-url
"https://tronclass.com.tw/public-manual/TronclassManual_Administrator.pdf',",tronclass.com.tw,raw/iclass.tku.edu.tw/courses/count.html,https://iclass.tku.edu.tw/courses/count,absolute-url
"https://tronclass.com.tw/public-manual/manual-teacher.html',",tronclass.com.tw,raw/iclass.tku.edu.tw/courses/count.html,https://iclass.tku.edu.tw/courses/count,absolute-url
"https://tronclass.com.tw/public-manual/TronclassManual_Student.pdf',",tronclass.com.tw,raw/iclass.tku.edu.tw/courses/count.html,https://iclass.tku.edu.tw/courses/count,absolute-url
"https://tronclass.com.tw/public-manual/TronclassManual_App.pdf',",tronclass.com.tw,raw/iclass.tku.edu.tw/courses/count.html,https://iclass.tku.edu.tw/courses/count,absolute-url
https://support.tronclass.com',support.tronclass.com',raw/iclass.tku.edu.tw/courses/count.html,https://iclass.tku.edu.tw/courses/count,absolute-url
https://iclass.tku.edu.tw/market,iclass.tku.edu.tw,raw/iclass.tku.edu.tw/courses/count.html,https://iclass.tku.edu.tw/courses/count,absolute-url
https://www.youtube.com/iframe_api,www.youtube.com,raw/iclass.tku.edu.tw/courses/count.html,https://iclass.tku.edu.tw/courses/count,absolute-url
https://get.adobe.com/flashplayer/,get.adobe.com,raw/iclass.tku.edu.tw/courses/count.html,https://iclass.tku.edu.tw/courses/count,absolute-url
https://iclass.tku.edu.tw/,iclass.tku.edu.tw,raw/iclass.tku.edu.tw/courses/count__q_312ea1bc9c.html,https://iclass.tku.edu.tw/courses/count?conditions=,absolute-url
https://www.googletagmanager.com/gtag/js,www.googletagmanager.com,raw/iclass.tku.edu.tw/courses/count__q_312ea1bc9c.html,https://iclass.tku.edu.tw/courses/count?conditions=,absolute-url
https://github.com/OWASP/CheatSheetSeries/blob/master/cheatsheets/Clickjacking_Defense_Cheat_Sheet.md#best-for-now-legacy-browser-frame-breaking-script--,github.com,raw/iclass.tku.edu.tw/courses/count__q_312ea1bc9c.html,https://iclass.tku.edu.tw/courses/count?conditions=,absolute-url
https://bam.nr-data.net,bam.nr-data.net,raw/iclass.tku.edu.tw/courses/count__q_312ea1bc9c.html,https://iclass.tku.edu.tw/courses/count?conditions=,absolute-url
https://www.google-analytics.com,www.google-analytics.com,raw/iclass.tku.edu.tw/courses/count__q_312ea1bc9c.html,https://iclass.tku.edu.tw/courses/count?conditions=,absolute-url
https://iclass.tku.edu.tw/iportal,iclass.tku.edu.tw,raw/iclass.tku.edu.tw/courses/count__q_312ea1bc9c.html,https://iclass.tku.edu.tw/courses/count?conditions=,absolute-url
"https://tronclass.com.tw/public-manual/TronclassManual_System_Admin.pdf',",tronclass.com.tw,raw/iclass.tku.edu.tw/courses/count__q_312ea1bc9c.html,https://iclass.tku.edu.tw/courses/count?conditions=,absolute-url
"https://tronclass.com.tw/public-manual/TronclassManual_Administrator.pdf',",tronclass.com.tw,raw/iclass.tku.edu.tw/courses/count__q_312ea1bc9c.html,https://iclass.tku.edu.tw/courses/count?conditions=,absolute-url
"https://tronclass.com.tw/public-manual/manual-teacher.html',",tronclass.com.tw,raw/iclass.tku.edu.tw/courses/count__q_312ea1bc9c.html,https://iclass.tku.edu.tw/courses/count?conditions=,absolute-url
"https://tronclass.com.tw/public-manual/TronclassManual_Student.pdf',",tronclass.com.tw,raw/iclass.tku.edu.tw/courses/count__q_312ea1bc9c.html,https://iclass.tku.edu.tw/courses/count?conditions=,absolute-url
"https://tronclass.com.tw/public-manual/TronclassManual_App.pdf',",tronclass.com.tw,raw/iclass.tku.edu.tw/courses/count__q_312ea1bc9c.html,https://iclass.tku.edu.tw/courses/count?conditions=,absolute-url
https://support.tronclass.com',support.tronclass.com',raw/iclass.tku.edu.tw/courses/count__q_312ea1bc9c.html,https://iclass.tku.edu.tw/courses/count?conditions=,absolute-url
https://iclass.tku.edu.tw/market,iclass.tku.edu.tw,raw/iclass.tku.edu.tw/courses/count__q_312ea1bc9c.html,https://iclass.tku.edu.tw/courses/count?conditions=,absolute-url
https://www.youtube.com/iframe_api,www.youtube.com,raw/iclass.tku.edu.tw/courses/count__q_312ea1bc9c.html,https://iclass.tku.edu.tw/courses/count?conditions=,absolute-url
https://get.adobe.com/flashplayer/,get.adobe.com,raw/iclass.tku.edu.tw/courses/count__q_312ea1bc9c.html,https://iclass.tku.edu.tw/courses/count?conditions=,absolute-url
https://iclass.tku.edu.tw/,iclass.tku.edu.tw,raw/iclass.tku.edu.tw/courses/lesson_resource_url.html,https://iclass.tku.edu.tw/courses/lesson_resource_url,absolute-url
https://www.googletagmanager.com/gtag/js,www.googletagmanager.com,raw/iclass.tku.edu.tw/courses/lesson_resource_url.html,https://iclass.tku.edu.tw/courses/lesson_resource_url,absolute-url
https://github.com/OWASP/CheatSheetSeries/blob/master/cheatsheets/Clickjacking_Defense_Cheat_Sheet.md#best-for-now-legacy-browser-frame-breaking-script--,github.com,raw/iclass.tku.edu.tw/courses/lesson_resource_url.html,https://iclass.tku.edu.tw/courses/lesson_resource_url,absolute-url
https://bam.nr-data.net,bam.nr-data.net,raw/iclass.tku.edu.tw/courses/lesson_resource_url.html,https://iclass.tku.edu.tw/courses/lesson_resource_url,absolute-url
https://www.google-analytics.com,www.google-analytics.com,raw/iclass.tku.edu.tw/courses/lesson_resource_url.html,https://iclass.tku.edu.tw/courses/lesson_resource_url,absolute-url
https://iclass.tku.edu.tw/iportal,iclass.tku.edu.tw,raw/iclass.tku.edu.tw/courses/lesson_resource_url.html,https://iclass.tku.edu.tw/courses/lesson_resource_url,absolute-url
"https://tronclass.com.tw/public-manual/TronclassManual_System_Admin.pdf',",tronclass.com.tw,raw/iclass.tku.edu.tw/courses/lesson_resource_url.html,https://iclass.tku.edu.tw/courses/lesson_resource_url,absolute-url
"https://tronclass.com.tw/public-manual/TronclassManual_Administrator.pdf',",tronclass.com.tw,raw/iclass.tku.edu.tw/courses/lesson_resource_url.html,https://iclass.tku.edu.tw/courses/lesson_resource_url,absolute-url
"https://tronclass.com.tw/public-manual/manual-teacher.html',",tronclass.com.tw,raw/iclass.tku.edu.tw/courses/lesson_resource_url.html,https://iclass.tku.edu.tw/courses/lesson_resource_url,absolute-url
"https://tronclass.com.tw/public-manual/TronclassManual_Student.pdf',",tronclass.com.tw,raw/iclass.tku.edu.tw/courses/lesson_resource_url.html,https://iclass.tku.edu.tw/courses/lesson_resource_url,absolute-url
"https://tronclass.com.tw/public-manual/TronclassManual_App.pdf',",tronclass.com.tw,raw/iclass.tku.edu.tw/courses/lesson_resource_url.html,https://iclass.tku.edu.tw/courses/lesson_resource_url,absolute-url
https://support.tronclass.com',support.tronclass.com',raw/iclass.tku.edu.tw/courses/lesson_resource_url.html,https://iclass.tku.edu.tw/courses/lesson_resource_url,absolute-url
https://iclass.tku.edu.tw/market,iclass.tku.edu.tw,raw/iclass.tku.edu.tw/courses/lesson_resource_url.html,https://iclass.tku.edu.tw/courses/lesson_resource_url,absolute-url
https://www.youtube.com/iframe_api,www.youtube.com,raw/iclass.tku.edu.tw/courses/lesson_resource_url.html,https://iclass.tku.edu.tw/courses/lesson_resource_url,absolute-url
https://get.adobe.com/flashplayer/,get.adobe.com,raw/iclass.tku.edu.tw/courses/lesson_resource_url.html,https://iclass.tku.edu.tw/courses/lesson_resource_url,absolute-url
https://iclass.tku.edu.tw/,iclass.tku.edu.tw,raw/iclass.tku.edu.tw/courses/manualUrl.html,https://iclass.tku.edu.tw/courses/manualUrl,absolute-url
https://www.googletagmanager.com/gtag/js,www.googletagmanager.com,raw/iclass.tku.edu.tw/courses/manualUrl.html,https://iclass.tku.edu.tw/courses/manualUrl,absolute-url
https://github.com/OWASP/CheatSheetSeries/blob/master/cheatsheets/Clickjacking_Defense_Cheat_Sheet.md#best-for-now-legacy-browser-frame-breaking-script--,github.com,raw/iclass.tku.edu.tw/courses/manualUrl.html,https://iclass.tku.edu.tw/courses/manualUrl,absolute-url
https://bam.nr-data.net,bam.nr-data.net,raw/iclass.tku.edu.tw/courses/manualUrl.html,https://iclass.tku.edu.tw/courses/manualUrl,absolute-url
https://www.google-analytics.com,www.google-analytics.com,raw/iclass.tku.edu.tw/courses/manualUrl.html,https://iclass.tku.edu.tw/courses/manualUrl,absolute-url
https://iclass.tku.edu.tw/iportal,iclass.tku.edu.tw,raw/iclass.tku.edu.tw/courses/manualUrl.html,https://iclass.tku.edu.tw/courses/manualUrl,absolute-url
"https://tronclass.com.tw/public-manual/TronclassManual_System_Admin.pdf',",tronclass.com.tw,raw/iclass.tku.edu.tw/courses/manualUrl.html,https://iclass.tku.edu.tw/courses/manualUrl,absolute-url
"https://tronclass.com.tw/public-manual/TronclassManual_Administrator.pdf',",tronclass.com.tw,raw/iclass.tku.edu.tw/courses/manualUrl.html,https://iclass.tku.edu.tw/courses/manualUrl,absolute-url
"https://tronclass.com.tw/public-manual/manual-teacher.html',",tronclass.com.tw,raw/iclass.tku.edu.tw/courses/manualUrl.html,https://iclass.tku.edu.tw/courses/manualUrl,absolute-url
"https://tronclass.com.tw/public-manual/TronclassManual_Student.pdf',",tronclass.com.tw,raw/iclass.tku.edu.tw/courses/manualUrl.html,https://iclass.tku.edu.tw/courses/manualUrl,absolute-url
"https://tronclass.com.tw/public-manual/TronclassManual_App.pdf',",tronclass.com.tw,raw/iclass.tku.edu.tw/courses/manualUrl.html,https://iclass.tku.edu.tw/courses/manualUrl,absolute-url
https://support.tronclass.com',support.tronclass.com',raw/iclass.tku.edu.tw/courses/manualUrl.html,https://iclass.tku.edu.tw/courses/manualUrl,absolute-url
https://iclass.tku.edu.tw/market,iclass.tku.edu.tw,raw/iclass.tku.edu.tw/courses/manualUrl.html,https://iclass.tku.edu.tw/courses/manualUrl,absolute-url
https://www.youtube.com/iframe_api,www.youtube.com,raw/iclass.tku.edu.tw/courses/manualUrl.html,https://iclass.tku.edu.tw/courses/manualUrl,absolute-url
https://get.adobe.com/flashplayer/,get.adobe.com,raw/iclass.tku.edu.tw/courses/manualUrl.html,https://iclass.tku.edu.tw/courses/manualUrl,absolute-url
https://iclass.tku.edu.tw/,iclass.tku.edu.tw,raw/iclass.tku.edu.tw/courses/public.html,https://iclass.tku.edu.tw/courses/public,absolute-url
https://www.googletagmanager.com/gtag/js,www.googletagmanager.com,raw/iclass.tku.edu.tw/courses/public.html,https://iclass.tku.edu.tw/courses/public,absolute-url
https://github.com/OWASP/CheatSheetSeries/blob/master/cheatsheets/Clickjacking_Defense_Cheat_Sheet.md#best-for-now-legacy-browser-frame-breaking-script--,github.com,raw/iclass.tku.edu.tw/courses/public.html,https://iclass.tku.edu.tw/courses/public,absolute-url
https://bam.nr-data.net,bam.nr-data.net,raw/iclass.tku.edu.tw/courses/public.html,https://iclass.tku.edu.tw/courses/public,absolute-url
https://www.google-analytics.com,www.google-analytics.com,raw/iclass.tku.edu.tw/courses/public.html,https://iclass.tku.edu.tw/courses/public,absolute-url
https://iclass.tku.edu.tw/iportal,iclass.tku.edu.tw,raw/iclass.tku.edu.tw/courses/public.html,https://iclass.tku.edu.tw/courses/public,absolute-url
"https://tronclass.com.tw/public-manual/TronclassManual_System_Admin.pdf',",tronclass.com.tw,raw/iclass.tku.edu.tw/courses/public.html,https://iclass.tku.edu.tw/courses/public,absolute-url
"https://tronclass.com.tw/public-manual/TronclassManual_Administrator.pdf',",tronclass.com.tw,raw/iclass.tku.edu.tw/courses/public.html,https://iclass.tku.edu.tw/courses/public,absolute-url
"https://tronclass.com.tw/public-manual/manual-teacher.html',",tronclass.com.tw,raw/iclass.tku.edu.tw/courses/public.html,https://iclass.tku.edu.tw/courses/public,absolute-url
"https://tronclass.com.tw/public-manual/TronclassManual_Student.pdf',",tronclass.com.tw,raw/iclass.tku.edu.tw/courses/public.html,https://iclass.tku.edu.tw/courses/public,absolute-url
"https://tronclass.com.tw/public-manual/TronclassManual_App.pdf',",tronclass.com.tw,raw/iclass.tku.edu.tw/courses/public.html,https://iclass.tku.edu.tw/courses/public,absolute-url
https://support.tronclass.com',support.tronclass.com',raw/iclass.tku.edu.tw/courses/public.html,https://iclass.tku.edu.tw/courses/public,absolute-url
https://iclass.tku.edu.tw/market,iclass.tku.edu.tw,raw/iclass.tku.edu.tw/courses/public.html,https://iclass.tku.edu.tw/courses/public,absolute-url
https://www.youtube.com/iframe_api,www.youtube.com,raw/iclass.tku.edu.tw/courses/public.html,https://iclass.tku.edu.tw/courses/public,absolute-url
https://get.adobe.com/flashplayer/,get.adobe.com,raw/iclass.tku.edu.tw/courses/public.html,https://iclass.tku.edu.tw/courses/public,absolute-url
https://iclass.tku.edu.tw/,iclass.tku.edu.tw,raw/iclass.tku.edu.tw/courses/public/avatarSmallUrl.html,https://iclass.tku.edu.tw/courses/public/avatarSmallUrl,absolute-url
https://www.googletagmanager.com/gtag/js,www.googletagmanager.com,raw/iclass.tku.edu.tw/courses/public/avatarSmallUrl.html,https://iclass.tku.edu.tw/courses/public/avatarSmallUrl,absolute-url
https://github.com/OWASP/CheatSheetSeries/blob/master/cheatsheets/Clickjacking_Defense_Cheat_Sheet.md#best-for-now-legacy-browser-frame-breaking-script--,github.com,raw/iclass.tku.edu.tw/courses/public/avatarSmallUrl.html,https://iclass.tku.edu.tw/courses/public/avatarSmallUrl,absolute-url
https://bam.nr-data.net,bam.nr-data.net,raw/iclass.tku.edu.tw/courses/public/avatarSmallUrl.html,https://iclass.tku.edu.tw/courses/public/avatarSmallUrl,absolute-url
https://www.google-analytics.com,www.google-analytics.com,raw/iclass.tku.edu.tw/courses/public/avatarSmallUrl.html,https://iclass.tku.edu.tw/courses/public/avatarSmallUrl,absolute-url
https://iclass.tku.edu.tw/iportal,iclass.tku.edu.tw,raw/iclass.tku.edu.tw/courses/public/avatarSmallUrl.html,https://iclass.tku.edu.tw/courses/public/avatarSmallUrl,absolute-url
"https://tronclass.com.tw/public-manual/TronclassManual_System_Admin.pdf',",tronclass.com.tw,raw/iclass.tku.edu.tw/courses/public/avatarSmallUrl.html,https://iclass.tku.edu.tw/courses/public/avatarSmallUrl,absolute-url
"https://tronclass.com.tw/public-manual/TronclassManual_Administrator.pdf',",tronclass.com.tw,raw/iclass.tku.edu.tw/courses/public/avatarSmallUrl.html,https://iclass.tku.edu.tw/courses/public/avatarSmallUrl,absolute-url
"https://tronclass.com.tw/public-manual/manual-teacher.html',",tronclass.com.tw,raw/iclass.tku.edu.tw/courses/public/avatarSmallUrl.html,https://iclass.tku.edu.tw/courses/public/avatarSmallUrl,absolute-url
"https://tronclass.com.tw/public-manual/TronclassManual_Student.pdf',",tronclass.com.tw,raw/iclass.tku.edu.tw/courses/public/avatarSmallUrl.html,https://iclass.tku.edu.tw/courses/public/avatarSmallUrl,absolute-url
"https://tronclass.com.tw/public-manual/TronclassManual_App.pdf',",tronclass.com.tw,raw/iclass.tku.edu.tw/courses/public/avatarSmallUrl.html,https://iclass.tku.edu.tw/courses/public/avatarSmallUrl,absolute-url
https://support.tronclass.com',support.tronclass.com',raw/iclass.tku.edu.tw/courses/public/avatarSmallUrl.html,https://iclass.tku.edu.tw/courses/public/avatarSmallUrl,absolute-url
https://iclass.tku.edu.tw/market,iclass.tku.edu.tw,raw/iclass.tku.edu.tw/courses/public/avatarSmallUrl.html,https://iclass.tku.edu.tw/courses/public/avatarSmallUrl,absolute-url
https://www.youtube.com/iframe_api,www.youtube.com,raw/iclass.tku.edu.tw/courses/public/avatarSmallUrl.html,https://iclass.tku.edu.tw/courses/public/avatarSmallUrl,absolute-url
https://get.adobe.com/flashplayer/,get.adobe.com,raw/iclass.tku.edu.tw/courses/public/avatarSmallUrl.html,https://iclass.tku.edu.tw/courses/public/avatarSmallUrl,absolute-url
https://iclass.tku.edu.tw/,iclass.tku.edu.tw,raw/iclass.tku.edu.tw/courses/public/capture_url.html,https://iclass.tku.edu.tw/courses/public/capture_url,absolute-url
https://www.googletagmanager.com/gtag/js,www.googletagmanager.com,raw/iclass.tku.edu.tw/courses/public/capture_url.html,https://iclass.tku.edu.tw/courses/public/capture_url,absolute-url
https://github.com/OWASP/CheatSheetSeries/blob/master/cheatsheets/Clickjacking_Defense_Cheat_Sheet.md#best-for-now-legacy-browser-frame-breaking-script--,github.com,raw/iclass.tku.edu.tw/courses/public/capture_url.html,https://iclass.tku.edu.tw/courses/public/capture_url,absolute-url
https://bam.nr-data.net,bam.nr-data.net,raw/iclass.tku.edu.tw/courses/public/capture_url.html,https://iclass.tku.edu.tw/courses/public/capture_url,absolute-url
https://www.google-analytics.com,www.google-analytics.com,raw/iclass.tku.edu.tw/courses/public/capture_url.html,https://iclass.tku.edu.tw/courses/public/capture_url,absolute-url
https://iclass.tku.edu.tw/iportal,iclass.tku.edu.tw,raw/iclass.tku.edu.tw/courses/public/capture_url.html,https://iclass.tku.edu.tw/courses/public/capture_url,absolute-url
"https://tronclass.com.tw/public-manual/TronclassManual_System_Admin.pdf',",tronclass.com.tw,raw/iclass.tku.edu.tw/courses/public/capture_url.html,https://iclass.tku.edu.tw/courses/public/capture_url,absolute-url
"https://tronclass.com.tw/public-manual/TronclassManual_Administrator.pdf',",tronclass.com.tw,raw/iclass.tku.edu.tw/courses/public/capture_url.html,https://iclass.tku.edu.tw/courses/public/capture_url,absolute-url
"https://tronclass.com.tw/public-manual/manual-teacher.html',",tronclass.com.tw,raw/iclass.tku.edu.tw/courses/public/capture_url.html,https://iclass.tku.edu.tw/courses/public/capture_url,absolute-url
"https://tronclass.com.tw/public-manual/TronclassManual_Student.pdf',",tronclass.com.tw,raw/iclass.tku.edu.tw/courses/public/capture_url.html,https://iclass.tku.edu.tw/courses/public/capture_url,absolute-url
"https://tronclass.com.tw/public-manual/TronclassManual_App.pdf',",tronclass.com.tw,raw/iclass.tku.edu.tw/courses/public/capture_url.html,https://iclass.tku.edu.tw/courses/public/capture_url,absolute-url
https://support.tronclass.com',support.tronclass.com',raw/iclass.tku.edu.tw/courses/public/capture_url.html,https://iclass.tku.edu.tw/courses/public/capture_url,absolute-url
https://iclass.tku.edu.tw/market,iclass.tku.edu.tw,raw/iclass.tku.edu.tw/courses/public/capture_url.html,https://iclass.tku.edu.tw/courses/public/capture_url,absolute-url
https://www.youtube.com/iframe_api,www.youtube.com,raw/iclass.tku.edu.tw/courses/public/capture_url.html,https://iclass.tku.edu.tw/courses/public/capture_url,absolute-url
https://get.adobe.com/flashplayer/,get.adobe.com,raw/iclass.tku.edu.tw/courses/public/capture_url.html,https://iclass.tku.edu.tw/courses/public/capture_url,absolute-url
https://iclass.tku.edu.tw/,iclass.tku.edu.tw,raw/iclass.tku.edu.tw/courses/public/hot__q_8413e91418.html,https://iclass.tku.edu.tw/courses/public/hot?limit=12,absolute-url
https://www.googletagmanager.com/gtag/js,www.googletagmanager.com,raw/iclass.tku.edu.tw/courses/public/hot__q_8413e91418.html,https://iclass.tku.edu.tw/courses/public/hot?limit=12,absolute-url
https://github.com/OWASP/CheatSheetSeries/blob/master/cheatsheets/Clickjacking_Defense_Cheat_Sheet.md#best-for-now-legacy-browser-frame-breaking-script--,github.com,raw/iclass.tku.edu.tw/courses/public/hot__q_8413e91418.html,https://iclass.tku.edu.tw/courses/public/hot?limit=12,absolute-url
https://bam.nr-data.net,bam.nr-data.net,raw/iclass.tku.edu.tw/courses/public/hot__q_8413e91418.html,https://iclass.tku.edu.tw/courses/public/hot?limit=12,absolute-url
https://www.google-analytics.com,www.google-analytics.com,raw/iclass.tku.edu.tw/courses/public/hot__q_8413e91418.html,https://iclass.tku.edu.tw/courses/public/hot?limit=12,absolute-url
https://iclass.tku.edu.tw/iportal,iclass.tku.edu.tw,raw/iclass.tku.edu.tw/courses/public/hot__q_8413e91418.html,https://iclass.tku.edu.tw/courses/public/hot?limit=12,absolute-url
"https://tronclass.com.tw/public-manual/TronclassManual_System_Admin.pdf',",tronclass.com.tw,raw/iclass.tku.edu.tw/courses/public/hot__q_8413e91418.html,https://iclass.tku.edu.tw/courses/public/hot?limit=12,absolute-url
"https://tronclass.com.tw/public-manual/TronclassManual_Administrator.pdf',",tronclass.com.tw,raw/iclass.tku.edu.tw/courses/public/hot__q_8413e91418.html,https://iclass.tku.edu.tw/courses/public/hot?limit=12,absolute-url
"https://tronclass.com.tw/public-manual/manual-teacher.html',",tronclass.com.tw,raw/iclass.tku.edu.tw/courses/public/hot__q_8413e91418.html,https://iclass.tku.edu.tw/courses/public/hot?limit=12,absolute-url
"https://tronclass.com.tw/public-manual/TronclassManual_Student.pdf',",tronclass.com.tw,raw/iclass.tku.edu.tw/courses/public/hot__q_8413e91418.html,https://iclass.tku.edu.tw/courses/public/hot?limit=12,absolute-url
"https://tronclass.com.tw/public-manual/TronclassManual_App.pdf',",tronclass.com.tw,raw/iclass.tku.edu.tw/courses/public/hot__q_8413e91418.html,https://iclass.tku.edu.tw/courses/public/hot?limit=12,absolute-url
https://support.tronclass.com',support.tronclass.com',raw/iclass.tku.edu.tw/courses/public/hot__q_8413e91418.html,https://iclass.tku.edu.tw/courses/public/hot?limit=12,absolute-url
https://iclass.tku.edu.tw/market,iclass.tku.edu.tw,raw/iclass.tku.edu.tw/courses/public/hot__q_8413e91418.html,https://iclass.tku.edu.tw/courses/public/hot?limit=12,absolute-url
https://www.youtube.com/iframe_api,www.youtube.com,raw/iclass.tku.edu.tw/courses/public/hot__q_8413e91418.html,https://iclass.tku.edu.tw/courses/public/hot?limit=12,absolute-url
https://get.adobe.com/flashplayer/,get.adobe.com,raw/iclass.tku.edu.tw/courses/public/hot__q_8413e91418.html,https://iclass.tku.edu.tw/courses/public/hot?limit=12,absolute-url
https://iclass.tku.edu.tw/,iclass.tku.edu.tw,raw/iclass.tku.edu.tw/courses/public/latest__q_1f15a49f42.html,https://iclass.tku.edu.tw/courses/public/latest?limit=8,absolute-url
https://www.googletagmanager.com/gtag/js,www.googletagmanager.com,raw/iclass.tku.edu.tw/courses/public/latest__q_1f15a49f42.html,https://iclass.tku.edu.tw/courses/public/latest?limit=8,absolute-url
https://github.com/OWASP/CheatSheetSeries/blob/master/cheatsheets/Clickjacking_Defense_Cheat_Sheet.md#best-for-now-legacy-browser-frame-breaking-script--,github.com,raw/iclass.tku.edu.tw/courses/public/latest__q_1f15a49f42.html,https://iclass.tku.edu.tw/courses/public/latest?limit=8,absolute-url
https://bam.nr-data.net,bam.nr-data.net,raw/iclass.tku.edu.tw/courses/public/latest__q_1f15a49f42.html,https://iclass.tku.edu.tw/courses/public/latest?limit=8,absolute-url
https://www.google-analytics.com,www.google-analytics.com,raw/iclass.tku.edu.tw/courses/public/latest__q_1f15a49f42.html,https://iclass.tku.edu.tw/courses/public/latest?limit=8,absolute-url
https://iclass.tku.edu.tw/iportal,iclass.tku.edu.tw,raw/iclass.tku.edu.tw/courses/public/latest__q_1f15a49f42.html,https://iclass.tku.edu.tw/courses/public/latest?limit=8,absolute-url
"https://tronclass.com.tw/public-manual/TronclassManual_System_Admin.pdf',",tronclass.com.tw,raw/iclass.tku.edu.tw/courses/public/latest__q_1f15a49f42.html,https://iclass.tku.edu.tw/courses/public/latest?limit=8,absolute-url
"https://tronclass.com.tw/public-manual/TronclassManual_Administrator.pdf',",tronclass.com.tw,raw/iclass.tku.edu.tw/courses/public/latest__q_1f15a49f42.html,https://iclass.tku.edu.tw/courses/public/latest?limit=8,absolute-url
"https://tronclass.com.tw/public-manual/manual-teacher.html',",tronclass.com.tw,raw/iclass.tku.edu.tw/courses/public/latest__q_1f15a49f42.html,https://iclass.tku.edu.tw/courses/public/latest?limit=8,absolute-url
"https://tronclass.com.tw/public-manual/TronclassManual_Student.pdf',",tronclass.com.tw,raw/iclass.tku.edu.tw/courses/public/latest__q_1f15a49f42.html,https://iclass.tku.edu.tw/courses/public/latest?limit=8,absolute-url
"https://tronclass.com.tw/public-manual/TronclassManual_App.pdf',",tronclass.com.tw,raw/iclass.tku.edu.tw/courses/public/latest__q_1f15a49f42.html,https://iclass.tku.edu.tw/courses/public/latest?limit=8,absolute-url
https://support.tronclass.com',support.tronclass.com',raw/iclass.tku.edu.tw/courses/public/latest__q_1f15a49f42.html,https://iclass.tku.edu.tw/courses/public/latest?limit=8,absolute-url
https://iclass.tku.edu.tw/market,iclass.tku.edu.tw,raw/iclass.tku.edu.tw/courses/public/latest__q_1f15a49f42.html,https://iclass.tku.edu.tw/courses/public/latest?limit=8,absolute-url
https://www.youtube.com/iframe_api,www.youtube.com,raw/iclass.tku.edu.tw/courses/public/latest__q_1f15a49f42.html,https://iclass.tku.edu.tw/courses/public/latest?limit=8,absolute-url
https://get.adobe.com/flashplayer/,get.adobe.com,raw/iclass.tku.edu.tw/courses/public/latest__q_1f15a49f42.html,https://iclass.tku.edu.tw/courses/public/latest?limit=8,absolute-url
https://iclass.tku.edu.tw/,iclass.tku.edu.tw,raw/iclass.tku.edu.tw/courses/public/lesson_resource_url.html,https://iclass.tku.edu.tw/courses/public/lesson_resource_url,absolute-url
https://www.googletagmanager.com/gtag/js,www.googletagmanager.com,raw/iclass.tku.edu.tw/courses/public/lesson_resource_url.html,https://iclass.tku.edu.tw/courses/public/lesson_resource_url,absolute-url
https://github.com/OWASP/CheatSheetSeries/blob/master/cheatsheets/Clickjacking_Defense_Cheat_Sheet.md#best-for-now-legacy-browser-frame-breaking-script--,github.com,raw/iclass.tku.edu.tw/courses/public/lesson_resource_url.html,https://iclass.tku.edu.tw/courses/public/lesson_resource_url,absolute-url
https://bam.nr-data.net,bam.nr-data.net,raw/iclass.tku.edu.tw/courses/public/lesson_resource_url.html,https://iclass.tku.edu.tw/courses/public/lesson_resource_url,absolute-url
https://www.google-analytics.com,www.google-analytics.com,raw/iclass.tku.edu.tw/courses/public/lesson_resource_url.html,https://iclass.tku.edu.tw/courses/public/lesson_resource_url,absolute-url
https://iclass.tku.edu.tw/iportal,iclass.tku.edu.tw,raw/iclass.tku.edu.tw/courses/public/lesson_resource_url.html,https://iclass.tku.edu.tw/courses/public/lesson_resource_url,absolute-url
"https://tronclass.com.tw/public-manual/TronclassManual_System_Admin.pdf',",tronclass.com.tw,raw/iclass.tku.edu.tw/courses/public/lesson_resource_url.html,https://iclass.tku.edu.tw/courses/public/lesson_resource_url,absolute-url
"https://tronclass.com.tw/public-manual/TronclassManual_Administrator.pdf',",tronclass.com.tw,raw/iclass.tku.edu.tw/courses/public/lesson_resource_url.html,https://iclass.tku.edu.tw/courses/public/lesson_resource_url,absolute-url
"https://tronclass.com.tw/public-manual/manual-teacher.html',",tronclass.com.tw,raw/iclass.tku.edu.tw/courses/public/lesson_resource_url.html,https://iclass.tku.edu.tw/courses/public/lesson_resource_url,absolute-url
"https://tronclass.com.tw/public-manual/TronclassManual_Student.pdf',",tronclass.com.tw,raw/iclass.tku.edu.tw/courses/public/lesson_resource_url.html,https://iclass.tku.edu.tw/courses/public/lesson_resource_url,absolute-url
"https://tronclass.com.tw/public-manual/TronclassManual_App.pdf',",tronclass.com.tw,raw/iclass.tku.edu.tw/courses/public/lesson_resource_url.html,https://iclass.tku.edu.tw/courses/public/lesson_resource_url,absolute-url
https://support.tronclass.com',support.tronclass.com',raw/iclass.tku.edu.tw/courses/public/lesson_resource_url.html,https://iclass.tku.edu.tw/courses/public/lesson_resource_url,absolute-url
https://iclass.tku.edu.tw/market,iclass.tku.edu.tw,raw/iclass.tku.edu.tw/courses/public/lesson_resource_url.html,https://iclass.tku.edu.tw/courses/public/lesson_resource_url,absolute-url
https://www.youtube.com/iframe_api,www.youtube.com,raw/iclass.tku.edu.tw/courses/public/lesson_resource_url.html,https://iclass.tku.edu.tw/courses/public/lesson_resource_url,absolute-url
https://get.adobe.com/flashplayer/,get.adobe.com,raw/iclass.tku.edu.tw/courses/public/lesson_resource_url.html,https://iclass.tku.edu.tw/courses/public/lesson_resource_url,absolute-url
https://iclass.tku.edu.tw/,iclass.tku.edu.tw,raw/iclass.tku.edu.tw/courses/public/manualUrl.html,https://iclass.tku.edu.tw/courses/public/manualUrl,absolute-url
https://www.googletagmanager.com/gtag/js,www.googletagmanager.com,raw/iclass.tku.edu.tw/courses/public/manualUrl.html,https://iclass.tku.edu.tw/courses/public/manualUrl,absolute-url
https://github.com/OWASP/CheatSheetSeries/blob/master/cheatsheets/Clickjacking_Defense_Cheat_Sheet.md#best-for-now-legacy-browser-frame-breaking-script--,github.com,raw/iclass.tku.edu.tw/courses/public/manualUrl.html,https://iclass.tku.edu.tw/courses/public/manualUrl,absolute-url
https://bam.nr-data.net,bam.nr-data.net,raw/iclass.tku.edu.tw/courses/public/manualUrl.html,https://iclass.tku.edu.tw/courses/public/manualUrl,absolute-url
https://www.google-analytics.com,www.google-analytics.com,raw/iclass.tku.edu.tw/courses/public/manualUrl.html,https://iclass.tku.edu.tw/courses/public/manualUrl,absolute-url
https://iclass.tku.edu.tw/iportal,iclass.tku.edu.tw,raw/iclass.tku.edu.tw/courses/public/manualUrl.html,https://iclass.tku.edu.tw/courses/public/manualUrl,absolute-url
"https://tronclass.com.tw/public-manual/TronclassManual_System_Admin.pdf',",tronclass.com.tw,raw/iclass.tku.edu.tw/courses/public/manualUrl.html,https://iclass.tku.edu.tw/courses/public/manualUrl,absolute-url
"https://tronclass.com.tw/public-manual/TronclassManual_Administrator.pdf',",tronclass.com.tw,raw/iclass.tku.edu.tw/courses/public/manualUrl.html,https://iclass.tku.edu.tw/courses/public/manualUrl,absolute-url
"https://tronclass.com.tw/public-manual/manual-teacher.html',",tronclass.com.tw,raw/iclass.tku.edu.tw/courses/public/manualUrl.html,https://iclass.tku.edu.tw/courses/public/manualUrl,absolute-url
"https://tronclass.com.tw/public-manual/TronclassManual_Student.pdf',",tronclass.com.tw,raw/iclass.tku.edu.tw/courses/public/manualUrl.html,https://iclass.tku.edu.tw/courses/public/manualUrl,absolute-url
"https://tronclass.com.tw/public-manual/TronclassManual_App.pdf',",tronclass.com.tw,raw/iclass.tku.edu.tw/courses/public/manualUrl.html,https://iclass.tku.edu.tw/courses/public/manualUrl,absolute-url
https://support.tronclass.com',support.tronclass.com',raw/iclass.tku.edu.tw/courses/public/manualUrl.html,https://iclass.tku.edu.tw/courses/public/manualUrl,absolute-url
https://iclass.tku.edu.tw/market,iclass.tku.edu.tw,raw/iclass.tku.edu.tw/courses/public/manualUrl.html,https://iclass.tku.edu.tw/courses/public/manualUrl,absolute-url
https://www.youtube.com/iframe_api,www.youtube.com,raw/iclass.tku.edu.tw/courses/public/manualUrl.html,https://iclass.tku.edu.tw/courses/public/manualUrl,absolute-url
https://get.adobe.com/flashplayer/,get.adobe.com,raw/iclass.tku.edu.tw/courses/public/manualUrl.html,https://iclass.tku.edu.tw/courses/public/manualUrl,absolute-url
https://iclass.tku.edu.tw/,iclass.tku.edu.tw,raw/iclass.tku.edu.tw/courses/public/stats.html,https://iclass.tku.edu.tw/courses/public/stats,absolute-url
https://www.googletagmanager.com/gtag/js,www.googletagmanager.com,raw/iclass.tku.edu.tw/courses/public/stats.html,https://iclass.tku.edu.tw/courses/public/stats,absolute-url
https://github.com/OWASP/CheatSheetSeries/blob/master/cheatsheets/Clickjacking_Defense_Cheat_Sheet.md#best-for-now-legacy-browser-frame-breaking-script--,github.com,raw/iclass.tku.edu.tw/courses/public/stats.html,https://iclass.tku.edu.tw/courses/public/stats,absolute-url
https://bam.nr-data.net,bam.nr-data.net,raw/iclass.tku.edu.tw/courses/public/stats.html,https://iclass.tku.edu.tw/courses/public/stats,absolute-url
https://www.google-analytics.com,www.google-analytics.com,raw/iclass.tku.edu.tw/courses/public/stats.html,https://iclass.tku.edu.tw/courses/public/stats,absolute-url
https://iclass.tku.edu.tw/iportal,iclass.tku.edu.tw,raw/iclass.tku.edu.tw/courses/public/stats.html,https://iclass.tku.edu.tw/courses/public/stats,absolute-url
"https://tronclass.com.tw/public-manual/TronclassManual_System_Admin.pdf',",tronclass.com.tw,raw/iclass.tku.edu.tw/courses/public/stats.html,https://iclass.tku.edu.tw/courses/public/stats,absolute-url
"https://tronclass.com.tw/public-manual/TronclassManual_Administrator.pdf',",tronclass.com.tw,raw/iclass.tku.edu.tw/courses/public/stats.html,https://iclass.tku.edu.tw/courses/public/stats,absolute-url
"https://tronclass.com.tw/public-manual/manual-teacher.html',",tronclass.com.tw,raw/iclass.tku.edu.tw/courses/public/stats.html,https://iclass.tku.edu.tw/courses/public/stats,absolute-url
"https://tronclass.com.tw/public-manual/TronclassManual_Student.pdf',",tronclass.com.tw,raw/iclass.tku.edu.tw/courses/public/stats.html,https://iclass.tku.edu.tw/courses/public/stats,absolute-url
"https://tronclass.com.tw/public-manual/TronclassManual_App.pdf',",tronclass.com.tw,raw/iclass.tku.edu.tw/courses/public/stats.html,https://iclass.tku.edu.tw/courses/public/stats,absolute-url
https://support.tronclass.com',support.tronclass.com',raw/iclass.tku.edu.tw/courses/public/stats.html,https://iclass.tku.edu.tw/courses/public/stats,absolute-url
https://iclass.tku.edu.tw/market,iclass.tku.edu.tw,raw/iclass.tku.edu.tw/courses/public/stats.html,https://iclass.tku.edu.tw/courses/public/stats,absolute-url
https://www.youtube.com/iframe_api,www.youtube.com,raw/iclass.tku.edu.tw/courses/public/stats.html,https://iclass.tku.edu.tw/courses/public/stats,absolute-url
https://get.adobe.com/flashplayer/,get.adobe.com,raw/iclass.tku.edu.tw/courses/public/stats.html,https://iclass.tku.edu.tw/courses/public/stats,absolute-url
https://iclass.tku.edu.tw/,iclass.tku.edu.tw,raw/iclass.tku.edu.tw/courses__q_b2d7469233.html,https://iclass.tku.edu.tw/courses?fields=,absolute-url
https://www.googletagmanager.com/gtag/js,www.googletagmanager.com,raw/iclass.tku.edu.tw/courses__q_b2d7469233.html,https://iclass.tku.edu.tw/courses?fields=,absolute-url
https://github.com/OWASP/CheatSheetSeries/blob/master/cheatsheets/Clickjacking_Defense_Cheat_Sheet.md#best-for-now-legacy-browser-frame-breaking-script--,github.com,raw/iclass.tku.edu.tw/courses__q_b2d7469233.html,https://iclass.tku.edu.tw/courses?fields=,absolute-url
https://bam.nr-data.net,bam.nr-data.net,raw/iclass.tku.edu.tw/courses__q_b2d7469233.html,https://iclass.tku.edu.tw/courses?fields=,absolute-url
https://www.google-analytics.com,www.google-analytics.com,raw/iclass.tku.edu.tw/courses__q_b2d7469233.html,https://iclass.tku.edu.tw/courses?fields=,absolute-url
https://iclass.tku.edu.tw/iportal,iclass.tku.edu.tw,raw/iclass.tku.edu.tw/courses__q_b2d7469233.html,https://iclass.tku.edu.tw/courses?fields=,absolute-url
"https://tronclass.com.tw/public-manual/TronclassManual_System_Admin.pdf',",tronclass.com.tw,raw/iclass.tku.edu.tw/courses__q_b2d7469233.html,https://iclass.tku.edu.tw/courses?fields=,absolute-url
"https://tronclass.com.tw/public-manual/TronclassManual_Administrator.pdf',",tronclass.com.tw,raw/iclass.tku.edu.tw/courses__q_b2d7469233.html,https://iclass.tku.edu.tw/courses?fields=,absolute-url
"https://tronclass.com.tw/public-manual/manual-teacher.html',",tronclass.com.tw,raw/iclass.tku.edu.tw/courses__q_b2d7469233.html,https://iclass.tku.edu.tw/courses?fields=,absolute-url
"https://tronclass.com.tw/public-manual/TronclassManual_Student.pdf',",tronclass.com.tw,raw/iclass.tku.edu.tw/courses__q_b2d7469233.html,https://iclass.tku.edu.tw/courses?fields=,absolute-url
"https://tronclass.com.tw/public-manual/TronclassManual_App.pdf',",tronclass.com.tw,raw/iclass.tku.edu.tw/courses__q_b2d7469233.html,https://iclass.tku.edu.tw/courses?fields=,absolute-url
https://support.tronclass.com',support.tronclass.com',raw/iclass.tku.edu.tw/courses__q_b2d7469233.html,https://iclass.tku.edu.tw/courses?fields=,absolute-url
https://iclass.tku.edu.tw/market,iclass.tku.edu.tw,raw/iclass.tku.edu.tw/courses__q_b2d7469233.html,https://iclass.tku.edu.tw/courses?fields=,absolute-url
https://www.youtube.com/iframe_api,www.youtube.com,raw/iclass.tku.edu.tw/courses__q_b2d7469233.html,https://iclass.tku.edu.tw/courses?fields=,absolute-url
https://get.adobe.com/flashplayer/,get.adobe.com,raw/iclass.tku.edu.tw/courses__q_b2d7469233.html,https://iclass.tku.edu.tw/courses?fields=,absolute-url
https://iclass.tku.edu.tw/,iclass.tku.edu.tw,raw/iclass.tku.edu.tw/courses__q_ee79111d36.html,https://iclass.tku.edu.tw/courses?no-intercept=true,absolute-url
https://www.googletagmanager.com/gtag/js,www.googletagmanager.com,raw/iclass.tku.edu.tw/courses__q_ee79111d36.html,https://iclass.tku.edu.tw/courses?no-intercept=true,absolute-url
https://github.com/OWASP/CheatSheetSeries/blob/master/cheatsheets/Clickjacking_Defense_Cheat_Sheet.md#best-for-now-legacy-browser-frame-breaking-script--,github.com,raw/iclass.tku.edu.tw/courses__q_ee79111d36.html,https://iclass.tku.edu.tw/courses?no-intercept=true,absolute-url
https://bam.nr-data.net,bam.nr-data.net,raw/iclass.tku.edu.tw/courses__q_ee79111d36.html,https://iclass.tku.edu.tw/courses?no-intercept=true,absolute-url
https://www.google-analytics.com,www.google-analytics.com,raw/iclass.tku.edu.tw/courses__q_ee79111d36.html,https://iclass.tku.edu.tw/courses?no-intercept=true,absolute-url
https://iclass.tku.edu.tw/iportal,iclass.tku.edu.tw,raw/iclass.tku.edu.tw/courses__q_ee79111d36.html,https://iclass.tku.edu.tw/courses?no-intercept=true,absolute-url
"https://tronclass.com.tw/public-manual/TronclassManual_System_Admin.pdf',",tronclass.com.tw,raw/iclass.tku.edu.tw/courses__q_ee79111d36.html,https://iclass.tku.edu.tw/courses?no-intercept=true,absolute-url
"https://tronclass.com.tw/public-manual/TronclassManual_Administrator.pdf',",tronclass.com.tw,raw/iclass.tku.edu.tw/courses__q_ee79111d36.html,https://iclass.tku.edu.tw/courses?no-intercept=true,absolute-url
"https://tronclass.com.tw/public-manual/manual-teacher.html',",tronclass.com.tw,raw/iclass.tku.edu.tw/courses__q_ee79111d36.html,https://iclass.tku.edu.tw/courses?no-intercept=true,absolute-url
"https://tronclass.com.tw/public-manual/TronclassManual_Student.pdf',",tronclass.com.tw,raw/iclass.tku.edu.tw/courses__q_ee79111d36.html,https://iclass.tku.edu.tw/courses?no-intercept=true,absolute-url
"https://tronclass.com.tw/public-manual/TronclassManual_App.pdf',",tronclass.com.tw,raw/iclass.tku.edu.tw/courses__q_ee79111d36.html,https://iclass.tku.edu.tw/courses?no-intercept=true,absolute-url
https://support.tronclass.com',support.tronclass.com',raw/iclass.tku.edu.tw/courses__q_ee79111d36.html,https://iclass.tku.edu.tw/courses?no-intercept=true,absolute-url
https://iclass.tku.edu.tw/market,iclass.tku.edu.tw,raw/iclass.tku.edu.tw/courses__q_ee79111d36.html,https://iclass.tku.edu.tw/courses?no-intercept=true,absolute-url
https://www.youtube.com/iframe_api,www.youtube.com,raw/iclass.tku.edu.tw/courses__q_ee79111d36.html,https://iclass.tku.edu.tw/courses?no-intercept=true,absolute-url
https://get.adobe.com/flashplayer/,get.adobe.com,raw/iclass.tku.edu.tw/courses__q_ee79111d36.html,https://iclass.tku.edu.tw/courses?no-intercept=true,absolute-url
https://iclass.tku.edu.tw/,iclass.tku.edu.tw,raw/iclass.tku.edu.tw/courseware.html,https://iclass.tku.edu.tw/courseware,absolute-url
https://www.googletagmanager.com/gtag/js,www.googletagmanager.com,raw/iclass.tku.edu.tw/courseware.html,https://iclass.tku.edu.tw/courseware,absolute-url
https://github.com/OWASP/CheatSheetSeries/blob/master/cheatsheets/Clickjacking_Defense_Cheat_Sheet.md#best-for-now-legacy-browser-frame-breaking-script--,github.com,raw/iclass.tku.edu.tw/courseware.html,https://iclass.tku.edu.tw/courseware,absolute-url
https://bam.nr-data.net,bam.nr-data.net,raw/iclass.tku.edu.tw/courseware.html,https://iclass.tku.edu.tw/courseware,absolute-url
https://www.google-analytics.com,www.google-analytics.com,raw/iclass.tku.edu.tw/courseware.html,https://iclass.tku.edu.tw/courseware,absolute-url
https://iclass.tku.edu.tw/iportal,iclass.tku.edu.tw,raw/iclass.tku.edu.tw/courseware.html,https://iclass.tku.edu.tw/courseware,absolute-url
"https://tronclass.com.tw/public-manual/TronclassManual_System_Admin.pdf',",tronclass.com.tw,raw/iclass.tku.edu.tw/courseware.html,https://iclass.tku.edu.tw/courseware,absolute-url
"https://tronclass.com.tw/public-manual/TronclassManual_Administrator.pdf',",tronclass.com.tw,raw/iclass.tku.edu.tw/courseware.html,https://iclass.tku.edu.tw/courseware,absolute-url
"https://tronclass.com.tw/public-manual/manual-teacher.html',",tronclass.com.tw,raw/iclass.tku.edu.tw/courseware.html,https://iclass.tku.edu.tw/courseware,absolute-url
"https://tronclass.com.tw/public-manual/TronclassManual_Student.pdf',",tronclass.com.tw,raw/iclass.tku.edu.tw/courseware.html,https://iclass.tku.edu.tw/courseware,absolute-url
"https://tronclass.com.tw/public-manual/TronclassManual_App.pdf',",tronclass.com.tw,raw/iclass.tku.edu.tw/courseware.html,https://iclass.tku.edu.tw/courseware,absolute-url
https://support.tronclass.com',support.tronclass.com',raw/iclass.tku.edu.tw/courseware.html,https://iclass.tku.edu.tw/courseware,absolute-url
https://iclass.tku.edu.tw/market,iclass.tku.edu.tw,raw/iclass.tku.edu.tw/courseware.html,https://iclass.tku.edu.tw/courseware,absolute-url
https://www.youtube.com/iframe_api,www.youtube.com,raw/iclass.tku.edu.tw/courseware.html,https://iclass.tku.edu.tw/courseware,absolute-url
https://get.adobe.com/flashplayer/,get.adobe.com,raw/iclass.tku.edu.tw/courseware.html,https://iclass.tku.edu.tw/courseware,absolute-url
https://iclass.tku.edu.tw/,iclass.tku.edu.tw,raw/iclass.tku.edu.tw/courseware-activities.html,https://iclass.tku.edu.tw/courseware-activities,absolute-url
https://www.googletagmanager.com/gtag/js,www.googletagmanager.com,raw/iclass.tku.edu.tw/courseware-activities.html,https://iclass.tku.edu.tw/courseware-activities,absolute-url
https://github.com/OWASP/CheatSheetSeries/blob/master/cheatsheets/Clickjacking_Defense_Cheat_Sheet.md#best-for-now-legacy-browser-frame-breaking-script--,github.com,raw/iclass.tku.edu.tw/courseware-activities.html,https://iclass.tku.edu.tw/courseware-activities,absolute-url
https://bam.nr-data.net,bam.nr-data.net,raw/iclass.tku.edu.tw/courseware-activities.html,https://iclass.tku.edu.tw/courseware-activities,absolute-url
https://www.google-analytics.com,www.google-analytics.com,raw/iclass.tku.edu.tw/courseware-activities.html,https://iclass.tku.edu.tw/courseware-activities,absolute-url
https://iclass.tku.edu.tw/iportal,iclass.tku.edu.tw,raw/iclass.tku.edu.tw/courseware-activities.html,https://iclass.tku.edu.tw/courseware-activities,absolute-url
"https://tronclass.com.tw/public-manual/TronclassManual_System_Admin.pdf',",tronclass.com.tw,raw/iclass.tku.edu.tw/courseware-activities.html,https://iclass.tku.edu.tw/courseware-activities,absolute-url
"https://tronclass.com.tw/public-manual/TronclassManual_Administrator.pdf',",tronclass.com.tw,raw/iclass.tku.edu.tw/courseware-activities.html,https://iclass.tku.edu.tw/courseware-activities,absolute-url
"https://tronclass.com.tw/public-manual/manual-teacher.html',",tronclass.com.tw,raw/iclass.tku.edu.tw/courseware-activities.html,https://iclass.tku.edu.tw/courseware-activities,absolute-url
"https://tronclass.com.tw/public-manual/TronclassManual_Student.pdf',",tronclass.com.tw,raw/iclass.tku.edu.tw/courseware-activities.html,https://iclass.tku.edu.tw/courseware-activities,absolute-url
"https://tronclass.com.tw/public-manual/TronclassManual_App.pdf',",tronclass.com.tw,raw/iclass.tku.edu.tw/courseware-activities.html,https://iclass.tku.edu.tw/courseware-activities,absolute-url
https://support.tronclass.com',support.tronclass.com',raw/iclass.tku.edu.tw/courseware-activities.html,https://iclass.tku.edu.tw/courseware-activities,absolute-url
https://iclass.tku.edu.tw/market,iclass.tku.edu.tw,raw/iclass.tku.edu.tw/courseware-activities.html,https://iclass.tku.edu.tw/courseware-activities,absolute-url
https://www.youtube.com/iframe_api,www.youtube.com,raw/iclass.tku.edu.tw/courseware-activities.html,https://iclass.tku.edu.tw/courseware-activities,absolute-url
https://get.adobe.com/flashplayer/,get.adobe.com,raw/iclass.tku.edu.tw/courseware-activities.html,https://iclass.tku.edu.tw/courseware-activities,absolute-url
https://iclass.tku.edu.tw/,iclass.tku.edu.tw,raw/iclass.tku.edu.tw/courseware-quiz/quiz/index.html,https://iclass.tku.edu.tw/courseware-quiz/quiz/,absolute-url
https://www.googletagmanager.com/gtag/js,www.googletagmanager.com,raw/iclass.tku.edu.tw/courseware-quiz/quiz/index.html,https://iclass.tku.edu.tw/courseware-quiz/quiz/,absolute-url
https://github.com/OWASP/CheatSheetSeries/blob/master/cheatsheets/Clickjacking_Defense_Cheat_Sheet.md#best-for-now-legacy-browser-frame-breaking-script--,github.com,raw/iclass.tku.edu.tw/courseware-quiz/quiz/index.html,https://iclass.tku.edu.tw/courseware-quiz/quiz/,absolute-url
https://bam.nr-data.net,bam.nr-data.net,raw/iclass.tku.edu.tw/courseware-quiz/quiz/index.html,https://iclass.tku.edu.tw/courseware-quiz/quiz/,absolute-url
https://www.google-analytics.com,www.google-analytics.com,raw/iclass.tku.edu.tw/courseware-quiz/quiz/index.html,https://iclass.tku.edu.tw/courseware-quiz/quiz/,absolute-url
https://iclass.tku.edu.tw/iportal,iclass.tku.edu.tw,raw/iclass.tku.edu.tw/courseware-quiz/quiz/index.html,https://iclass.tku.edu.tw/courseware-quiz/quiz/,absolute-url
"https://tronclass.com.tw/public-manual/TronclassManual_System_Admin.pdf',",tronclass.com.tw,raw/iclass.tku.edu.tw/courseware-quiz/quiz/index.html,https://iclass.tku.edu.tw/courseware-quiz/quiz/,absolute-url
"https://tronclass.com.tw/public-manual/TronclassManual_Administrator.pdf',",tronclass.com.tw,raw/iclass.tku.edu.tw/courseware-quiz/quiz/index.html,https://iclass.tku.edu.tw/courseware-quiz/quiz/,absolute-url
"https://tronclass.com.tw/public-manual/manual-teacher.html',",tronclass.com.tw,raw/iclass.tku.edu.tw/courseware-quiz/quiz/index.html,https://iclass.tku.edu.tw/courseware-quiz/quiz/,absolute-url
"https://tronclass.com.tw/public-manual/TronclassManual_Student.pdf',",tronclass.com.tw,raw/iclass.tku.edu.tw/courseware-quiz/quiz/index.html,https://iclass.tku.edu.tw/courseware-quiz/quiz/,absolute-url
"https://tronclass.com.tw/public-manual/TronclassManual_App.pdf',",tronclass.com.tw,raw/iclass.tku.edu.tw/courseware-quiz/quiz/index.html,https://iclass.tku.edu.tw/courseware-quiz/quiz/,absolute-url
https://support.tronclass.com',support.tronclass.com',raw/iclass.tku.edu.tw/courseware-quiz/quiz/index.html,https://iclass.tku.edu.tw/courseware-quiz/quiz/,absolute-url
https://iclass.tku.edu.tw/market,iclass.tku.edu.tw,raw/iclass.tku.edu.tw/courseware-quiz/quiz/index.html,https://iclass.tku.edu.tw/courseware-quiz/quiz/,absolute-url
https://www.youtube.com/iframe_api,www.youtube.com,raw/iclass.tku.edu.tw/courseware-quiz/quiz/index.html,https://iclass.tku.edu.tw/courseware-quiz/quiz/,absolute-url
https://get.adobe.com/flashplayer/,get.adobe.com,raw/iclass.tku.edu.tw/courseware-quiz/quiz/index.html,https://iclass.tku.edu.tw/courseware-quiz/quiz/,absolute-url
https://iclass.tku.edu.tw/,iclass.tku.edu.tw,raw/iclass.tku.edu.tw/courseware-quiz/quiz/avatarSmallUrl.html,https://iclass.tku.edu.tw/courseware-quiz/quiz/avatarSmallUrl,absolute-url
https://www.googletagmanager.com/gtag/js,www.googletagmanager.com,raw/iclass.tku.edu.tw/courseware-quiz/quiz/avatarSmallUrl.html,https://iclass.tku.edu.tw/courseware-quiz/quiz/avatarSmallUrl,absolute-url
https://github.com/OWASP/CheatSheetSeries/blob/master/cheatsheets/Clickjacking_Defense_Cheat_Sheet.md#best-for-now-legacy-browser-frame-breaking-script--,github.com,raw/iclass.tku.edu.tw/courseware-quiz/quiz/avatarSmallUrl.html,https://iclass.tku.edu.tw/courseware-quiz/quiz/avatarSmallUrl,absolute-url
https://bam.nr-data.net,bam.nr-data.net,raw/iclass.tku.edu.tw/courseware-quiz/quiz/avatarSmallUrl.html,https://iclass.tku.edu.tw/courseware-quiz/quiz/avatarSmallUrl,absolute-url
https://www.google-analytics.com,www.google-analytics.com,raw/iclass.tku.edu.tw/courseware-quiz/quiz/avatarSmallUrl.html,https://iclass.tku.edu.tw/courseware-quiz/quiz/avatarSmallUrl,absolute-url
https://iclass.tku.edu.tw/iportal,iclass.tku.edu.tw,raw/iclass.tku.edu.tw/courseware-quiz/quiz/avatarSmallUrl.html,https://iclass.tku.edu.tw/courseware-quiz/quiz/avatarSmallUrl,absolute-url
"https://tronclass.com.tw/public-manual/TronclassManual_System_Admin.pdf',",tronclass.com.tw,raw/iclass.tku.edu.tw/courseware-quiz/quiz/avatarSmallUrl.html,https://iclass.tku.edu.tw/courseware-quiz/quiz/avatarSmallUrl,absolute-url
"https://tronclass.com.tw/public-manual/TronclassManual_Administrator.pdf',",tronclass.com.tw,raw/iclass.tku.edu.tw/courseware-quiz/quiz/avatarSmallUrl.html,https://iclass.tku.edu.tw/courseware-quiz/quiz/avatarSmallUrl,absolute-url
"https://tronclass.com.tw/public-manual/manual-teacher.html',",tronclass.com.tw,raw/iclass.tku.edu.tw/courseware-quiz/quiz/avatarSmallUrl.html,https://iclass.tku.edu.tw/courseware-quiz/quiz/avatarSmallUrl,absolute-url
"https://tronclass.com.tw/public-manual/TronclassManual_Student.pdf',",tronclass.com.tw,raw/iclass.tku.edu.tw/courseware-quiz/quiz/avatarSmallUrl.html,https://iclass.tku.edu.tw/courseware-quiz/quiz/avatarSmallUrl,absolute-url
"https://tronclass.com.tw/public-manual/TronclassManual_App.pdf',",tronclass.com.tw,raw/iclass.tku.edu.tw/courseware-quiz/quiz/avatarSmallUrl.html,https://iclass.tku.edu.tw/courseware-quiz/quiz/avatarSmallUrl,absolute-url
https://support.tronclass.com',support.tronclass.com',raw/iclass.tku.edu.tw/courseware-quiz/quiz/avatarSmallUrl.html,https://iclass.tku.edu.tw/courseware-quiz/quiz/avatarSmallUrl,absolute-url
https://iclass.tku.edu.tw/market,iclass.tku.edu.tw,raw/iclass.tku.edu.tw/courseware-quiz/quiz/avatarSmallUrl.html,https://iclass.tku.edu.tw/courseware-quiz/quiz/avatarSmallUrl,absolute-url
https://www.youtube.com/iframe_api,www.youtube.com,raw/iclass.tku.edu.tw/courseware-quiz/quiz/avatarSmallUrl.html,https://iclass.tku.edu.tw/courseware-quiz/quiz/avatarSmallUrl,absolute-url
https://get.adobe.com/flashplayer/,get.adobe.com,raw/iclass.tku.edu.tw/courseware-quiz/quiz/avatarSmallUrl.html,https://iclass.tku.edu.tw/courseware-quiz/quiz/avatarSmallUrl,absolute-url
https://iclass.tku.edu.tw/,iclass.tku.edu.tw,raw/iclass.tku.edu.tw/courseware-quiz/quiz/capture_url.html,https://iclass.tku.edu.tw/courseware-quiz/quiz/capture_url,absolute-url
https://www.googletagmanager.com/gtag/js,www.googletagmanager.com,raw/iclass.tku.edu.tw/courseware-quiz/quiz/capture_url.html,https://iclass.tku.edu.tw/courseware-quiz/quiz/capture_url,absolute-url
https://github.com/OWASP/CheatSheetSeries/blob/master/cheatsheets/Clickjacking_Defense_Cheat_Sheet.md#best-for-now-legacy-browser-frame-breaking-script--,github.com,raw/iclass.tku.edu.tw/courseware-quiz/quiz/capture_url.html,https://iclass.tku.edu.tw/courseware-quiz/quiz/capture_url,absolute-url
https://bam.nr-data.net,bam.nr-data.net,raw/iclass.tku.edu.tw/courseware-quiz/quiz/capture_url.html,https://iclass.tku.edu.tw/courseware-quiz/quiz/capture_url,absolute-url
https://www.google-analytics.com,www.google-analytics.com,raw/iclass.tku.edu.tw/courseware-quiz/quiz/capture_url.html,https://iclass.tku.edu.tw/courseware-quiz/quiz/capture_url,absolute-url
https://iclass.tku.edu.tw/iportal,iclass.tku.edu.tw,raw/iclass.tku.edu.tw/courseware-quiz/quiz/capture_url.html,https://iclass.tku.edu.tw/courseware-quiz/quiz/capture_url,absolute-url
"https://tronclass.com.tw/public-manual/TronclassManual_System_Admin.pdf',",tronclass.com.tw,raw/iclass.tku.edu.tw/courseware-quiz/quiz/capture_url.html,https://iclass.tku.edu.tw/courseware-quiz/quiz/capture_url,absolute-url
"https://tronclass.com.tw/public-manual/TronclassManual_Administrator.pdf',",tronclass.com.tw,raw/iclass.tku.edu.tw/courseware-quiz/quiz/capture_url.html,https://iclass.tku.edu.tw/courseware-quiz/quiz/capture_url,absolute-url
"https://tronclass.com.tw/public-manual/manual-teacher.html',",tronclass.com.tw,raw/iclass.tku.edu.tw/courseware-quiz/quiz/capture_url.html,https://iclass.tku.edu.tw/courseware-quiz/quiz/capture_url,absolute-url
"https://tronclass.com.tw/public-manual/TronclassManual_Student.pdf',",tronclass.com.tw,raw/iclass.tku.edu.tw/courseware-quiz/quiz/capture_url.html,https://iclass.tku.edu.tw/courseware-quiz/quiz/capture_url,absolute-url
"https://tronclass.com.tw/public-manual/TronclassManual_App.pdf',",tronclass.com.tw,raw/iclass.tku.edu.tw/courseware-quiz/quiz/capture_url.html,https://iclass.tku.edu.tw/courseware-quiz/quiz/capture_url,absolute-url
https://support.tronclass.com',support.tronclass.com',raw/iclass.tku.edu.tw/courseware-quiz/quiz/capture_url.html,https://iclass.tku.edu.tw/courseware-quiz/quiz/capture_url,absolute-url
https://iclass.tku.edu.tw/market,iclass.tku.edu.tw,raw/iclass.tku.edu.tw/courseware-quiz/quiz/capture_url.html,https://iclass.tku.edu.tw/courseware-quiz/quiz/capture_url,absolute-url
https://www.youtube.com/iframe_api,www.youtube.com,raw/iclass.tku.edu.tw/courseware-quiz/quiz/capture_url.html,https://iclass.tku.edu.tw/courseware-quiz/quiz/capture_url,absolute-url
https://get.adobe.com/flashplayer/,get.adobe.com,raw/iclass.tku.edu.tw/courseware-quiz/quiz/capture_url.html,https://iclass.tku.edu.tw/courseware-quiz/quiz/capture_url,absolute-url
https://iclass.tku.edu.tw/,iclass.tku.edu.tw,raw/iclass.tku.edu.tw/courseware-quiz/quiz/lesson_resource_url.html,https://iclass.tku.edu.tw/courseware-quiz/quiz/lesson_resource_url,absolute-url
https://www.googletagmanager.com/gtag/js,www.googletagmanager.com,raw/iclass.tku.edu.tw/courseware-quiz/quiz/lesson_resource_url.html,https://iclass.tku.edu.tw/courseware-quiz/quiz/lesson_resource_url,absolute-url
https://github.com/OWASP/CheatSheetSeries/blob/master/cheatsheets/Clickjacking_Defense_Cheat_Sheet.md#best-for-now-legacy-browser-frame-breaking-script--,github.com,raw/iclass.tku.edu.tw/courseware-quiz/quiz/lesson_resource_url.html,https://iclass.tku.edu.tw/courseware-quiz/quiz/lesson_resource_url,absolute-url
https://bam.nr-data.net,bam.nr-data.net,raw/iclass.tku.edu.tw/courseware-quiz/quiz/lesson_resource_url.html,https://iclass.tku.edu.tw/courseware-quiz/quiz/lesson_resource_url,absolute-url
https://www.google-analytics.com,www.google-analytics.com,raw/iclass.tku.edu.tw/courseware-quiz/quiz/lesson_resource_url.html,https://iclass.tku.edu.tw/courseware-quiz/quiz/lesson_resource_url,absolute-url
https://iclass.tku.edu.tw/iportal,iclass.tku.edu.tw,raw/iclass.tku.edu.tw/courseware-quiz/quiz/lesson_resource_url.html,https://iclass.tku.edu.tw/courseware-quiz/quiz/lesson_resource_url,absolute-url
"https://tronclass.com.tw/public-manual/TronclassManual_System_Admin.pdf',",tronclass.com.tw,raw/iclass.tku.edu.tw/courseware-quiz/quiz/lesson_resource_url.html,https://iclass.tku.edu.tw/courseware-quiz/quiz/lesson_resource_url,absolute-url
"https://tronclass.com.tw/public-manual/TronclassManual_Administrator.pdf',",tronclass.com.tw,raw/iclass.tku.edu.tw/courseware-quiz/quiz/lesson_resource_url.html,https://iclass.tku.edu.tw/courseware-quiz/quiz/lesson_resource_url,absolute-url
"https://tronclass.com.tw/public-manual/manual-teacher.html',",tronclass.com.tw,raw/iclass.tku.edu.tw/courseware-quiz/quiz/lesson_resource_url.html,https://iclass.tku.edu.tw/courseware-quiz/quiz/lesson_resource_url,absolute-url
"https://tronclass.com.tw/public-manual/TronclassManual_Student.pdf',",tronclass.com.tw,raw/iclass.tku.edu.tw/courseware-quiz/quiz/lesson_resource_url.html,https://iclass.tku.edu.tw/courseware-quiz/quiz/lesson_resource_url,absolute-url
"https://tronclass.com.tw/public-manual/TronclassManual_App.pdf',",tronclass.com.tw,raw/iclass.tku.edu.tw/courseware-quiz/quiz/lesson_resource_url.html,https://iclass.tku.edu.tw/courseware-quiz/quiz/lesson_resource_url,absolute-url
https://support.tronclass.com',support.tronclass.com',raw/iclass.tku.edu.tw/courseware-quiz/quiz/lesson_resource_url.html,https://iclass.tku.edu.tw/courseware-quiz/quiz/lesson_resource_url,absolute-url
https://iclass.tku.edu.tw/market,iclass.tku.edu.tw,raw/iclass.tku.edu.tw/courseware-quiz/quiz/lesson_resource_url.html,https://iclass.tku.edu.tw/courseware-quiz/quiz/lesson_resource_url,absolute-url
https://www.youtube.com/iframe_api,www.youtube.com,raw/iclass.tku.edu.tw/courseware-quiz/quiz/lesson_resource_url.html,https://iclass.tku.edu.tw/courseware-quiz/quiz/lesson_resource_url,absolute-url
https://get.adobe.com/flashplayer/,get.adobe.com,raw/iclass.tku.edu.tw/courseware-quiz/quiz/lesson_resource_url.html,https://iclass.tku.edu.tw/courseware-quiz/quiz/lesson_resource_url,absolute-url
https://iclass.tku.edu.tw/,iclass.tku.edu.tw,raw/iclass.tku.edu.tw/courseware-quiz/quiz/manualUrl.html,https://iclass.tku.edu.tw/courseware-quiz/quiz/manualUrl,absolute-url
https://www.googletagmanager.com/gtag/js,www.googletagmanager.com,raw/iclass.tku.edu.tw/courseware-quiz/quiz/manualUrl.html,https://iclass.tku.edu.tw/courseware-quiz/quiz/manualUrl,absolute-url
https://github.com/OWASP/CheatSheetSeries/blob/master/cheatsheets/Clickjacking_Defense_Cheat_Sheet.md#best-for-now-legacy-browser-frame-breaking-script--,github.com,raw/iclass.tku.edu.tw/courseware-quiz/quiz/manualUrl.html,https://iclass.tku.edu.tw/courseware-quiz/quiz/manualUrl,absolute-url
https://bam.nr-data.net,bam.nr-data.net,raw/iclass.tku.edu.tw/courseware-quiz/quiz/manualUrl.html,https://iclass.tku.edu.tw/courseware-quiz/quiz/manualUrl,absolute-url
https://www.google-analytics.com,www.google-analytics.com,raw/iclass.tku.edu.tw/courseware-quiz/quiz/manualUrl.html,https://iclass.tku.edu.tw/courseware-quiz/quiz/manualUrl,absolute-url
https://iclass.tku.edu.tw/iportal,iclass.tku.edu.tw,raw/iclass.tku.edu.tw/courseware-quiz/quiz/manualUrl.html,https://iclass.tku.edu.tw/courseware-quiz/quiz/manualUrl,absolute-url
"https://tronclass.com.tw/public-manual/TronclassManual_System_Admin.pdf',",tronclass.com.tw,raw/iclass.tku.edu.tw/courseware-quiz/quiz/manualUrl.html,https://iclass.tku.edu.tw/courseware-quiz/quiz/manualUrl,absolute-url
"https://tronclass.com.tw/public-manual/TronclassManual_Administrator.pdf',",tronclass.com.tw,raw/iclass.tku.edu.tw/courseware-quiz/quiz/manualUrl.html,https://iclass.tku.edu.tw/courseware-quiz/quiz/manualUrl,absolute-url
"https://tronclass.com.tw/public-manual/manual-teacher.html',",tronclass.com.tw,raw/iclass.tku.edu.tw/courseware-quiz/quiz/manualUrl.html,https://iclass.tku.edu.tw/courseware-quiz/quiz/manualUrl,absolute-url
"https://tronclass.com.tw/public-manual/TronclassManual_Student.pdf',",tronclass.com.tw,raw/iclass.tku.edu.tw/courseware-quiz/quiz/manualUrl.html,https://iclass.tku.edu.tw/courseware-quiz/quiz/manualUrl,absolute-url
"https://tronclass.com.tw/public-manual/TronclassManual_App.pdf',",tronclass.com.tw,raw/iclass.tku.edu.tw/courseware-quiz/quiz/manualUrl.html,https://iclass.tku.edu.tw/courseware-quiz/quiz/manualUrl,absolute-url
https://support.tronclass.com',support.tronclass.com',raw/iclass.tku.edu.tw/courseware-quiz/quiz/manualUrl.html,https://iclass.tku.edu.tw/courseware-quiz/quiz/manualUrl,absolute-url
https://iclass.tku.edu.tw/market,iclass.tku.edu.tw,raw/iclass.tku.edu.tw/courseware-quiz/quiz/manualUrl.html,https://iclass.tku.edu.tw/courseware-quiz/quiz/manualUrl,absolute-url
https://www.youtube.com/iframe_api,www.youtube.com,raw/iclass.tku.edu.tw/courseware-quiz/quiz/manualUrl.html,https://iclass.tku.edu.tw/courseware-quiz/quiz/manualUrl,absolute-url
https://get.adobe.com/flashplayer/,get.adobe.com,raw/iclass.tku.edu.tw/courseware-quiz/quiz/manualUrl.html,https://iclass.tku.edu.tw/courseware-quiz/quiz/manualUrl,absolute-url
https://iclass.tku.edu.tw/,iclass.tku.edu.tw,raw/iclass.tku.edu.tw/coursewares.html,https://iclass.tku.edu.tw/coursewares,absolute-url
https://www.googletagmanager.com/gtag/js,www.googletagmanager.com,raw/iclass.tku.edu.tw/coursewares.html,https://iclass.tku.edu.tw/coursewares,absolute-url
https://github.com/OWASP/CheatSheetSeries/blob/master/cheatsheets/Clickjacking_Defense_Cheat_Sheet.md#best-for-now-legacy-browser-frame-breaking-script--,github.com,raw/iclass.tku.edu.tw/coursewares.html,https://iclass.tku.edu.tw/coursewares,absolute-url
https://bam.nr-data.net,bam.nr-data.net,raw/iclass.tku.edu.tw/coursewares.html,https://iclass.tku.edu.tw/coursewares,absolute-url
https://www.google-analytics.com,www.google-analytics.com,raw/iclass.tku.edu.tw/coursewares.html,https://iclass.tku.edu.tw/coursewares,absolute-url
https://iclass.tku.edu.tw/iportal,iclass.tku.edu.tw,raw/iclass.tku.edu.tw/coursewares.html,https://iclass.tku.edu.tw/coursewares,absolute-url
"https://tronclass.com.tw/public-manual/TronclassManual_System_Admin.pdf',",tronclass.com.tw,raw/iclass.tku.edu.tw/coursewares.html,https://iclass.tku.edu.tw/coursewares,absolute-url
"https://tronclass.com.tw/public-manual/TronclassManual_Administrator.pdf',",tronclass.com.tw,raw/iclass.tku.edu.tw/coursewares.html,https://iclass.tku.edu.tw/coursewares,absolute-url
"https://tronclass.com.tw/public-manual/manual-teacher.html',",tronclass.com.tw,raw/iclass.tku.edu.tw/coursewares.html,https://iclass.tku.edu.tw/coursewares,absolute-url
"https://tronclass.com.tw/public-manual/TronclassManual_Student.pdf',",tronclass.com.tw,raw/iclass.tku.edu.tw/coursewares.html,https://iclass.tku.edu.tw/coursewares,absolute-url
"https://tronclass.com.tw/public-manual/TronclassManual_App.pdf',",tronclass.com.tw,raw/iclass.tku.edu.tw/coursewares.html,https://iclass.tku.edu.tw/coursewares,absolute-url
https://support.tronclass.com',support.tronclass.com',raw/iclass.tku.edu.tw/coursewares.html,https://iclass.tku.edu.tw/coursewares,absolute-url
https://iclass.tku.edu.tw/market,iclass.tku.edu.tw,raw/iclass.tku.edu.tw/coursewares.html,https://iclass.tku.edu.tw/coursewares,absolute-url
https://www.youtube.com/iframe_api,www.youtube.com,raw/iclass.tku.edu.tw/coursewares.html,https://iclass.tku.edu.tw/coursewares,absolute-url
https://get.adobe.com/flashplayer/,get.adobe.com,raw/iclass.tku.edu.tw/coursewares.html,https://iclass.tku.edu.tw/coursewares,absolute-url
https://iclass.tku.edu.tw/,iclass.tku.edu.tw,raw/iclass.tku.edu.tw/iportal.html,https://iclass.tku.edu.tw/iportal,absolute-url
https://www.googletagmanager.com/gtag/js,www.googletagmanager.com,raw/iclass.tku.edu.tw/iportal.html,https://iclass.tku.edu.tw/iportal,absolute-url
https://github.com/OWASP/CheatSheetSeries/blob/master/cheatsheets/Clickjacking_Defense_Cheat_Sheet.md#best-for-now-legacy-browser-frame-breaking-script--,github.com,raw/iclass.tku.edu.tw/iportal.html,https://iclass.tku.edu.tw/iportal,absolute-url
https://iclass.tku.edu.tw/iportal,iclass.tku.edu.tw,raw/iclass.tku.edu.tw/iportal.html,https://iclass.tku.edu.tw/iportal,absolute-url
"https://tronclass.com.tw/public-manual/TronclassManual_System_Admin.pdf',",tronclass.com.tw,raw/iclass.tku.edu.tw/iportal.html,https://iclass.tku.edu.tw/iportal,absolute-url
"https://tronclass.com.tw/public-manual/TronclassManual_Administrator.pdf',",tronclass.com.tw,raw/iclass.tku.edu.tw/iportal.html,https://iclass.tku.edu.tw/iportal,absolute-url
"https://tronclass.com.tw/public-manual/manual-teacher.html',",tronclass.com.tw,raw/iclass.tku.edu.tw/iportal.html,https://iclass.tku.edu.tw/iportal,absolute-url
"https://tronclass.com.tw/public-manual/TronclassManual_Student.pdf',",tronclass.com.tw,raw/iclass.tku.edu.tw/iportal.html,https://iclass.tku.edu.tw/iportal,absolute-url
"https://tronclass.com.tw/public-manual/TronclassManual_App.pdf',",tronclass.com.tw,raw/iclass.tku.edu.tw/iportal.html,https://iclass.tku.edu.tw/iportal,absolute-url
https://support.tronclass.com',support.tronclass.com',raw/iclass.tku.edu.tw/iportal.html,https://iclass.tku.edu.tw/iportal,absolute-url
https://iclass.tku.edu.tw/market,iclass.tku.edu.tw,raw/iclass.tku.edu.tw/iportal.html,https://iclass.tku.edu.tw/iportal,absolute-url
https://tc-ipt.tku.edu.tw,tc-ipt.tku.edu.tw,raw/iclass.tku.edu.tw/iportal.html,https://iclass.tku.edu.tw/iportal,absolute-url
https://iclass.tku.edu.tw/,iclass.tku.edu.tw,raw/iclass.tku.edu.tw/public-course.html,https://iclass.tku.edu.tw/public-course,absolute-url
https://www.googletagmanager.com/gtag/js,www.googletagmanager.com,raw/iclass.tku.edu.tw/public-course.html,https://iclass.tku.edu.tw/public-course,absolute-url
https://github.com/OWASP/CheatSheetSeries/blob/master/cheatsheets/Clickjacking_Defense_Cheat_Sheet.md#best-for-now-legacy-browser-frame-breaking-script--,github.com,raw/iclass.tku.edu.tw/public-course.html,https://iclass.tku.edu.tw/public-course,absolute-url
https://bam.nr-data.net,bam.nr-data.net,raw/iclass.tku.edu.tw/public-course.html,https://iclass.tku.edu.tw/public-course,absolute-url
https://www.google-analytics.com,www.google-analytics.com,raw/iclass.tku.edu.tw/public-course.html,https://iclass.tku.edu.tw/public-course,absolute-url
https://iclass.tku.edu.tw/iportal,iclass.tku.edu.tw,raw/iclass.tku.edu.tw/public-course.html,https://iclass.tku.edu.tw/public-course,absolute-url
"https://tronclass.com.tw/public-manual/TronclassManual_System_Admin.pdf',",tronclass.com.tw,raw/iclass.tku.edu.tw/public-course.html,https://iclass.tku.edu.tw/public-course,absolute-url
"https://tronclass.com.tw/public-manual/TronclassManual_Administrator.pdf',",tronclass.com.tw,raw/iclass.tku.edu.tw/public-course.html,https://iclass.tku.edu.tw/public-course,absolute-url
"https://tronclass.com.tw/public-manual/manual-teacher.html',",tronclass.com.tw,raw/iclass.tku.edu.tw/public-course.html,https://iclass.tku.edu.tw/public-course,absolute-url
"https://tronclass.com.tw/public-manual/TronclassManual_Student.pdf',",tronclass.com.tw,raw/iclass.tku.edu.tw/public-course.html,https://iclass.tku.edu.tw/public-course,absolute-url
"https://tronclass.com.tw/public-manual/TronclassManual_App.pdf',",tronclass.com.tw,raw/iclass.tku.edu.tw/public-course.html,https://iclass.tku.edu.tw/public-course,absolute-url
https://support.tronclass.com',support.tronclass.com',raw/iclass.tku.edu.tw/public-course.html,https://iclass.tku.edu.tw/public-course,absolute-url
https://iclass.tku.edu.tw/market,iclass.tku.edu.tw,raw/iclass.tku.edu.tw/public-course.html,https://iclass.tku.edu.tw/public-course,absolute-url
https://www.youtube.com/iframe_api,www.youtube.com,raw/iclass.tku.edu.tw/public-course.html,https://iclass.tku.edu.tw/public-course,absolute-url
https://get.adobe.com/flashplayer/,get.adobe.com,raw/iclass.tku.edu.tw/public-course.html,https://iclass.tku.edu.tw/public-course,absolute-url
https://bit.ly/2ZqJzkp,bit.ly,raw/iclass.tku.edu.tw/static/10067.39ff48db.js,https://iclass.tku.edu.tw/static/10067.39ff48db.js,absolute-url
http://a,a,raw/iclass.tku.edu.tw/static/1014.fa0d2a58.js,https://iclass.tku.edu.tw/static/1014.fa0d2a58.js,absolute-url
http://a/c%20d?a=1&c=3,a,raw/iclass.tku.edu.tw/static/1014.fa0d2a58.js,https://iclass.tku.edu.tw/static/1014.fa0d2a58.js,absolute-url
https://a@b,b,raw/iclass.tku.edu.tw/static/1014.fa0d2a58.js,https://iclass.tku.edu.tw/static/1014.fa0d2a58.js,absolute-url
http://a#,a,raw/iclass.tku.edu.tw/static/1014.fa0d2a58.js,https://iclass.tku.edu.tw/static/1014.fa0d2a58.js,absolute-url
http://x,x,raw/iclass.tku.edu.tw/static/1014.fa0d2a58.js,https://iclass.tku.edu.tw/static/1014.fa0d2a58.js,absolute-url
https://bit.ly/2ZqJzkp,bit.ly,raw/iclass.tku.edu.tw/static/10188.a4d7bd73.js,https://iclass.tku.edu.tw/static/10188.a4d7bd73.js,absolute-url
https://theajack.github.io/disable-devtool/{id}.html?h=,theajack.github.io,raw/iclass.tku.edu.tw/static/1104.a7791db6.js,https://iclass.tku.edu.tw/static/1104.a7791db6.js,absolute-url
http://www.w3.org/{id}/xhtml,www.w3.org,raw/iclass.tku.edu.tw/static/1104.a7791db6.js,https://iclass.tku.edu.tw/static/1104.a7791db6.js,absolute-url
https://theajack.github.io/disable-devtool/{id}.html?h=,theajack.github.io,raw/iclass.tku.edu.tw/static/11580.a7791db6.js,https://iclass.tku.edu.tw/static/11580.a7791db6.js,absolute-url
http://www.w3.org/{id}/xhtml,www.w3.org,raw/iclass.tku.edu.tw/static/11580.a7791db6.js,https://iclass.tku.edu.tw/static/11580.a7791db6.js,absolute-url
http://www.w3.org/{id}/svg,www.w3.org,raw/iclass.tku.edu.tw/static/12159.899c0f01.js,https://iclass.tku.edu.tw/static/12159.899c0f01.js,absolute-url
http://www.w3.org/{id}/xlink,www.w3.org,raw/iclass.tku.edu.tw/static/12159.899c0f01.js,https://iclass.tku.edu.tw/static/12159.899c0f01.js,absolute-url
http://www.w3.org/{id}/xhtml,www.w3.org,raw/iclass.tku.edu.tw/static/13706.e0d1043a.js,https://iclass.tku.edu.tw/static/13706.e0d1043a.js,absolute-url
http://www.w3.org/{id}/svg,www.w3.org,raw/iclass.tku.edu.tw/static/13706.e0d1043a.js,https://iclass.tku.edu.tw/static/13706.e0d1043a.js,absolute-url
http://www.w3.org/{id}/xlink,www.w3.org,raw/iclass.tku.edu.tw/static/13706.e0d1043a.js,https://iclass.tku.edu.tw/static/13706.e0d1043a.js,absolute-url
http://www.w3.org/XML/{id}/namespace,www.w3.org,raw/iclass.tku.edu.tw/static/13706.e0d1043a.js,https://iclass.tku.edu.tw/static/13706.e0d1043a.js,absolute-url
http://www.w3.org/{id}/xmlns/,www.w3.org,raw/iclass.tku.edu.tw/static/13706.e0d1043a.js,https://iclass.tku.edu.tw/static/13706.e0d1043a.js,absolute-url
https://bit.ly/2ZqJzkp,bit.ly,raw/iclass.tku.edu.tw/static/13821.33a6dc05.js,https://iclass.tku.edu.tw/static/13821.33a6dc05.js,absolute-url
https://npms.io/search?q=ponyfill.,npms.io,raw/iclass.tku.edu.tw/static/13958-91152030.js,https://iclass.tku.edu.tw/static/13958-91152030.js,absolute-url
https://github.com/zloirock/core-js/blob/v3.21.1/LICENSE,github.com,raw/iclass.tku.edu.tw/static/13958-91152030.js,https://iclass.tku.edu.tw/static/13958-91152030.js,absolute-url
https://github.com/zloirock/core-js,github.com,raw/iclass.tku.edu.tw/static/13958-91152030.js,https://iclass.tku.edu.tw/static/13958-91152030.js,absolute-url
https://theajack.github.io/disable-devtool/{id}.html?h=,theajack.github.io,raw/iclass.tku.edu.tw/static/14443.1c99581a.js,https://iclass.tku.edu.tw/static/14443.1c99581a.js,absolute-url
http://www.w3.org/{id}/xhtml,www.w3.org,raw/iclass.tku.edu.tw/static/14443.1c99581a.js,https://iclass.tku.edu.tw/static/14443.1c99581a.js,absolute-url
https://bit.ly/2ZqJzkp,bit.ly,raw/iclass.tku.edu.tw/static/15175.90f6375a.js,https://iclass.tku.edu.tw/static/15175.90f6375a.js,absolute-url
http://www.w3.org/{id}/svg,www.w3.org,raw/iclass.tku.edu.tw/static/15448.d1593c31.js,https://iclass.tku.edu.tw/static/15448.d1593c31.js,absolute-url
http://www.w3.org/{id}/xlink,www.w3.org,raw/iclass.tku.edu.tw/static/15448.d1593c31.js,https://iclass.tku.edu.tw/static/15448.d1593c31.js,absolute-url
https://mozilla.github.io/localForage/#definedriver,mozilla.github.io,raw/iclass.tku.edu.tw/static/15448.d1593c31.js,https://iclass.tku.edu.tw/static/15448.d1593c31.js,absolute-url
http://www.w3.org/{id}/svg,www.w3.org,raw/iclass.tku.edu.tw/static/15770.c0eea2d2.js,https://iclass.tku.edu.tw/static/15770.c0eea2d2.js,absolute-url
http://www.w3.org/{id}/xhtml,www.w3.org,raw/iclass.tku.edu.tw/static/15770.c0eea2d2.js,https://iclass.tku.edu.tw/static/15770.c0eea2d2.js,absolute-url
http://www.w3.org/{id}/xmlns/,www.w3.org,raw/iclass.tku.edu.tw/static/15770.c0eea2d2.js,https://iclass.tku.edu.tw/static/15770.c0eea2d2.js,absolute-url
http://www.w3.org/{id}/xlink,www.w3.org,raw/iclass.tku.edu.tw/static/15770.c0eea2d2.js,https://iclass.tku.edu.tw/static/15770.c0eea2d2.js,absolute-url
http://svgjs.dev/svgjs,svgjs.dev,raw/iclass.tku.edu.tw/static/15770.c0eea2d2.js,https://iclass.tku.edu.tw/static/15770.c0eea2d2.js,absolute-url
https://github.com/uuidjs/uuid#getrandomvalues-not-supported,github.com,raw/iclass.tku.edu.tw/static/15770.c0eea2d2.js,https://iclass.tku.edu.tw/static/15770.c0eea2d2.js,absolute-url
https://bit.ly/2ZqJzkp,bit.ly,raw/iclass.tku.edu.tw/static/17621.f956d0b8.js,https://iclass.tku.edu.tw/static/17621.f956d0b8.js,absolute-url
https://bit.ly/2ZqJzkp,bit.ly,raw/iclass.tku.edu.tw/static/18041.e129ba21.js,https://iclass.tku.edu.tw/static/18041.e129ba21.js,absolute-url
https://theajack.github.io/disable-devtool/{id}.html?h=,theajack.github.io,raw/iclass.tku.edu.tw/static/18406.eb86529e.js,https://iclass.tku.edu.tw/static/18406.eb86529e.js,absolute-url
http://www.w3.org/{id}/xhtml,www.w3.org,raw/iclass.tku.edu.tw/static/18406.eb86529e.js,https://iclass.tku.edu.tw/static/18406.eb86529e.js,absolute-url
http://www.w3.org/{id}/svg,www.w3.org,raw/iclass.tku.edu.tw/static/18441.c88d4756.js,https://iclass.tku.edu.tw/static/18441.c88d4756.js,absolute-url
http://www.w3.org/{id}/xlink,www.w3.org,raw/iclass.tku.edu.tw/static/18441.c88d4756.js,https://iclass.tku.edu.tw/static/18441.c88d4756.js,absolute-url
https://theajack.github.io/disable-devtool/{id}.html?h=,theajack.github.io,raw/iclass.tku.edu.tw/static/18835.4a84ef1e.js,https://iclass.tku.edu.tw/static/18835.4a84ef1e.js,absolute-url
http://www.w3.org/{id}/xhtml,www.w3.org,raw/iclass.tku.edu.tw/static/18835.4a84ef1e.js,https://iclass.tku.edu.tw/static/18835.4a84ef1e.js,absolute-url
http://www.w3.org/{id}/svg,www.w3.org,raw/iclass.tku.edu.tw/static/21436.f8fd6f8c.js,https://iclass.tku.edu.tw/static/21436.f8fd6f8c.js,absolute-url
http://www.w3.org/{id}/xlink,www.w3.org,raw/iclass.tku.edu.tw/static/21436.f8fd6f8c.js,https://iclass.tku.edu.tw/static/21436.f8fd6f8c.js,absolute-url
https://theajack.github.io/disable-devtool/{id}.html?h=,theajack.github.io,raw/iclass.tku.edu.tw/static/21436.f8fd6f8c.js,https://iclass.tku.edu.tw/static/21436.f8fd6f8c.js,absolute-url
https://bit.ly/2ZqJzkp,bit.ly,raw/iclass.tku.edu.tw/static/21436.f8fd6f8c.js,https://iclass.tku.edu.tw/static/21436.f8fd6f8c.js,absolute-url
http://www.w3.org/{id}/xhtml,www.w3.org,raw/iclass.tku.edu.tw/static/21436.f8fd6f8c.js,https://iclass.tku.edu.tw/static/21436.f8fd6f8c.js,absolute-url
https://theajack.github.io/disable-devtool/{id}.html?h=,theajack.github.io,raw/iclass.tku.edu.tw/static/22650.905921c5.js,https://iclass.tku.edu.tw/static/22650.905921c5.js,absolute-url
https://bit.ly/2ZqJzkp,bit.ly,raw/iclass.tku.edu.tw/static/22650.905921c5.js,https://iclass.tku.edu.tw/static/22650.905921c5.js,absolute-url
http://www.w3.org/{id}/xhtml,www.w3.org,raw/iclass.tku.edu.tw/static/22650.905921c5.js,https://iclass.tku.edu.tw/static/22650.905921c5.js,absolute-url
https://github.com/highlightjs/highlight.js/issues/{id},github.com,raw/iclass.tku.edu.tw/static/23223-9b89ab86.js,https://iclass.tku.edu.tw/static/23223-9b89ab86.js,absolute-url
http://schema.org/ImageGallery,schema.org,raw/iclass.tku.edu.tw/static/23268-40f6b5e5.js,https://iclass.tku.edu.tw/static/23268-40f6b5e5.js,absolute-url
http://schema.org/ImageObject,schema.org,raw/iclass.tku.edu.tw/static/23268-40f6b5e5.js,https://iclass.tku.edu.tw/static/23268-40f6b5e5.js,absolute-url
https://www.facebook.com/sharer/sharer.php?u=,www.facebook.com,raw/iclass.tku.edu.tw/static/23268-40f6b5e5.js,https://iclass.tku.edu.tw/static/23268-40f6b5e5.js,absolute-url
https://twitter.com/intent/tweet?text=,twitter.com,raw/iclass.tku.edu.tw/static/23268-40f6b5e5.js,https://iclass.tku.edu.tw/static/23268-40f6b5e5.js,absolute-url
http://www.pinterest.com/pin/create/button/?url=,www.pinterest.com,raw/iclass.tku.edu.tw/static/23268-40f6b5e5.js,https://iclass.tku.edu.tw/static/23268-40f6b5e5.js,absolute-url
http://www.w3.org/{id}/svg,www.w3.org,raw/iclass.tku.edu.tw/static/23268-40f6b5e5.js,https://iclass.tku.edu.tw/static/23268-40f6b5e5.js,absolute-url
https://wisdomGarden.soboten.com/chat/frame/v6/entrance.js?sysnum=2cc912fd5aa3433cbfa70e66188a3d9c,wisdomgarden.soboten.com,raw/iclass.tku.edu.tw/static/23467.58f50ede.js,https://iclass.tku.edu.tw/static/23467.58f50ede.js,absolute-url
http://www.w3.org/{id}/svg,www.w3.org,raw/iclass.tku.edu.tw/static/23977.ebaa5322.js,https://iclass.tku.edu.tw/static/23977.ebaa5322.js,absolute-url
http://www.w3.org/{id}/xlink,www.w3.org,raw/iclass.tku.edu.tw/static/23977.ebaa5322.js,https://iclass.tku.edu.tw/static/23977.ebaa5322.js,absolute-url
http://www.w3.org/{id}/svg,www.w3.org,raw/iclass.tku.edu.tw/static/23983.cb96526d.js,https://iclass.tku.edu.tw/static/23983.cb96526d.js,absolute-url
http://www.w3.org/{id}/xlink,www.w3.org,raw/iclass.tku.edu.tw/static/23983.cb96526d.js,https://iclass.tku.edu.tw/static/23983.cb96526d.js,absolute-url
https://theajack.github.io/disable-devtool/{id}.html?h=,theajack.github.io,raw/iclass.tku.edu.tw/static/23983.cb96526d.js,https://iclass.tku.edu.tw/static/23983.cb96526d.js,absolute-url
http://www.w3.org/{id}/xhtml,www.w3.org,raw/iclass.tku.edu.tw/static/23983.cb96526d.js,https://iclass.tku.edu.tw/static/23983.cb96526d.js,absolute-url
http://www.w3.org/{id}/svg,www.w3.org,raw/iclass.tku.edu.tw/static/24549.836d9ec0.js,https://iclass.tku.edu.tw/static/24549.836d9ec0.js,absolute-url
http://www.w3.org/{id}/xlink,www.w3.org,raw/iclass.tku.edu.tw/static/24549.836d9ec0.js,https://iclass.tku.edu.tw/static/24549.836d9ec0.js,absolute-url
https://npms.io/search?q=ponyfill.,npms.io,raw/iclass.tku.edu.tw/static/24549.836d9ec0.js,https://iclass.tku.edu.tw/static/24549.836d9ec0.js,absolute-url
https://github.com/uuidjs/uuid#getrandomvalues-not-supported,github.com,raw/iclass.tku.edu.tw/static/24549.836d9ec0.js,https://iclass.tku.edu.tw/static/24549.836d9ec0.js,absolute-url
http://example.com,example.com,raw/iclass.tku.edu.tw/static/24549.836d9ec0.js,https://iclass.tku.edu.tw/static/24549.836d9ec0.js,absolute-url
http://www.w3.org/{id}/xhtml,www.w3.org,raw/iclass.tku.edu.tw/static/24549.836d9ec0.js,https://iclass.tku.edu.tw/static/24549.836d9ec0.js,absolute-url
http://www.w3.org/XML/{id}/namespace,www.w3.org,raw/iclass.tku.edu.tw/static/24549.836d9ec0.js,https://iclass.tku.edu.tw/static/24549.836d9ec0.js,absolute-url
http://www.w3.org/{id}/xmlns/,www.w3.org,raw/iclass.tku.edu.tw/static/24549.836d9ec0.js,https://iclass.tku.edu.tw/static/24549.836d9ec0.js,absolute-url
https://vjs.zencdn.net/vttjs/0.14.1/vtt.min.js,vjs.zencdn.net,raw/iclass.tku.edu.tw/static/24549.836d9ec0.js,https://iclass.tku.edu.tw/static/24549.836d9ec0.js,absolute-url
https://github.com/videojs/video.js/issues/{id},github.com,raw/iclass.tku.edu.tw/static/24549.836d9ec0.js,https://iclass.tku.edu.tw/static/24549.836d9ec0.js,absolute-url
https://datatracker.ietf.org/doc/html/draft-pantos-hls-rfc8216bis-09#section-4.4.3.7.,datatracker.ietf.org,raw/iclass.tku.edu.tw/static/24549.836d9ec0.js,https://iclass.tku.edu.tw/static/24549.836d9ec0.js,absolute-url
https://tools.ietf.org/html/draft-pantos-http-live-streaming-23#section-4.3.3.1,tools.ietf.org,raw/iclass.tku.edu.tw/static/24549.836d9ec0.js,https://iclass.tku.edu.tw/static/24549.836d9ec0.js,absolute-url
https://git.io/vMpjB,git.io,raw/iclass.tku.edu.tw/static/24549.836d9ec0.js,https://iclass.tku.edu.tw/static/24549.836d9ec0.js,absolute-url
https://github.com/w3c/IntersectionObserver/tree/master/polyfill,github.com,raw/iclass.tku.edu.tw/static/24549.836d9ec0.js,https://iclass.tku.edu.tw/static/24549.836d9ec0.js,absolute-url
http://schemas.openxmlformats.org/drawingml/{id}/main,schemas.openxmlformats.org,raw/iclass.tku.edu.tw/static/24549.836d9ec0.js,https://iclass.tku.edu.tw/static/24549.836d9ec0.js,absolute-url
http://schemas.openxmlformats.org/drawingml/{id}/picture,schemas.openxmlformats.org,raw/iclass.tku.edu.tw/static/24549.836d9ec0.js,https://iclass.tku.edu.tw/static/24549.836d9ec0.js,absolute-url
http://schemas.microsoft.com/office/drawing/{id}/chartex,schemas.microsoft.com,raw/iclass.tku.edu.tw/static/24549.836d9ec0.js,https://iclass.tku.edu.tw/static/24549.836d9ec0.js,absolute-url
http://schemas.microsoft.com/office/drawing/{id}/9/8/chartex,schemas.microsoft.com,raw/iclass.tku.edu.tw/static/24549.836d9ec0.js,https://iclass.tku.edu.tw/static/24549.836d9ec0.js,absolute-url
http://schemas.microsoft.com/office/drawing/{id}/10/21/chartex,schemas.microsoft.com,raw/iclass.tku.edu.tw/static/24549.836d9ec0.js,https://iclass.tku.edu.tw/static/24549.836d9ec0.js,absolute-url
http://schemas.microsoft.com/office/drawing/{id}/5/9/chartex,schemas.microsoft.com,raw/iclass.tku.edu.tw/static/24549.836d9ec0.js,https://iclass.tku.edu.tw/static/24549.836d9ec0.js,absolute-url
http://schemas.microsoft.com/office/drawing/{id}/5/10/chartex,schemas.microsoft.com,raw/iclass.tku.edu.tw/static/24549.836d9ec0.js,https://iclass.tku.edu.tw/static/24549.836d9ec0.js,absolute-url
http://schemas.microsoft.com/office/drawing/{id}/5/11/chartex,schemas.microsoft.com,raw/iclass.tku.edu.tw/static/24549.836d9ec0.js,https://iclass.tku.edu.tw/static/24549.836d9ec0.js,absolute-url
http://schemas.microsoft.com/office/drawing/{id}/5/12/chartex,schemas.microsoft.com,raw/iclass.tku.edu.tw/static/24549.836d9ec0.js,https://iclass.tku.edu.tw/static/24549.836d9ec0.js,absolute-url
http://schemas.microsoft.com/office/drawing/{id}/5/13/chartex,schemas.microsoft.com,raw/iclass.tku.edu.tw/static/24549.836d9ec0.js,https://iclass.tku.edu.tw/static/24549.836d9ec0.js,absolute-url
http://schemas.microsoft.com/office/drawing/{id}/5/14/chartex,schemas.microsoft.com,raw/iclass.tku.edu.tw/static/24549.836d9ec0.js,https://iclass.tku.edu.tw/static/24549.836d9ec0.js,absolute-url
http://schemas.openxmlformats.org/markup-compatibility/{id},schemas.openxmlformats.org,raw/iclass.tku.edu.tw/static/24549.836d9ec0.js,https://iclass.tku.edu.tw/static/24549.836d9ec0.js,absolute-url
http://schemas.microsoft.com/office/drawing/{id}/ink,schemas.microsoft.com,raw/iclass.tku.edu.tw/static/24549.836d9ec0.js,https://iclass.tku.edu.tw/static/24549.836d9ec0.js,absolute-url
http://schemas.microsoft.com/office/drawing/{id}/model3d,schemas.microsoft.com,raw/iclass.tku.edu.tw/static/24549.836d9ec0.js,https://iclass.tku.edu.tw/static/24549.836d9ec0.js,absolute-url
http://schemas.openxmlformats.org/officeDocument/{id}/relationships,schemas.openxmlformats.org,raw/iclass.tku.edu.tw/static/24549.836d9ec0.js,https://iclass.tku.edu.tw/static/24549.836d9ec0.js,absolute-url
http://schemas.openxmlformats.org/officeDocument/{id}/math,schemas.openxmlformats.org,raw/iclass.tku.edu.tw/static/24549.836d9ec0.js,https://iclass.tku.edu.tw/static/24549.836d9ec0.js,absolute-url
http://schemas.microsoft.com/office/word/{id}/wordprocessingDrawing,schemas.microsoft.com,raw/iclass.tku.edu.tw/static/24549.836d9ec0.js,https://iclass.tku.edu.tw/static/24549.836d9ec0.js,absolute-url
http://schemas.openxmlformats.org/drawingml/{id}/wordprocessingDrawing,schemas.openxmlformats.org,raw/iclass.tku.edu.tw/static/24549.836d9ec0.js,https://iclass.tku.edu.tw/static/24549.836d9ec0.js,absolute-url
http://schemas.openxmlformats.org/wordprocessingml/{id}/main,schemas.openxmlformats.org,raw/iclass.tku.edu.tw/static/24549.836d9ec0.js,https://iclass.tku.edu.tw/static/24549.836d9ec0.js,absolute-url
http://schemas.microsoft.com/office/word/{id}/wordml,schemas.microsoft.com,raw/iclass.tku.edu.tw/static/24549.836d9ec0.js,https://iclass.tku.edu.tw/static/24549.836d9ec0.js,absolute-url
http://schemas.microsoft.com/office/word/{id}/wordml/cex,schemas.microsoft.com,raw/iclass.tku.edu.tw/static/24549.836d9ec0.js,https://iclass.tku.edu.tw/static/24549.836d9ec0.js,absolute-url
http://schemas.microsoft.com/office/word/{id}/wordml/cid,schemas.microsoft.com,raw/iclass.tku.edu.tw/static/24549.836d9ec0.js,https://iclass.tku.edu.tw/static/24549.836d9ec0.js,absolute-url
http://schemas.microsoft.com/office/word/{id}/wordml/sdtdatahash,schemas.microsoft.com,raw/iclass.tku.edu.tw/static/24549.836d9ec0.js,https://iclass.tku.edu.tw/static/24549.836d9ec0.js,absolute-url
http://schemas.microsoft.com/office/word/{id}/wordml/symex,schemas.microsoft.com,raw/iclass.tku.edu.tw/static/24549.836d9ec0.js,https://iclass.tku.edu.tw/static/24549.836d9ec0.js,absolute-url
http://schemas.microsoft.com/office/word/{id}/wordprocessingGroup,schemas.microsoft.com,raw/iclass.tku.edu.tw/static/24549.836d9ec0.js,https://iclass.tku.edu.tw/static/24549.836d9ec0.js,absolute-url
http://schemas.microsoft.com/office/word/{id}/wordprocessingInk,schemas.microsoft.com,raw/iclass.tku.edu.tw/static/24549.836d9ec0.js,https://iclass.tku.edu.tw/static/24549.836d9ec0.js,absolute-url
http://schemas.microsoft.com/office/word/{id}/wordprocessingShape,schemas.microsoft.com,raw/iclass.tku.edu.tw/static/24549.836d9ec0.js,https://iclass.tku.edu.tw/static/24549.836d9ec0.js,absolute-url
https://answers.microsoft.com/en-us/msoffice/forum/all/does-word-support-more-than-9-list-levels/d130fdcd-1781-446d-8c84-c6c79124e4d7,answers.microsoft.com,raw/iclass.tku.edu.tw/static/24549.836d9ec0.js,https://iclass.tku.edu.tw/static/24549.836d9ec0.js,absolute-url
http://schemas.microsoft.com/office/word/{id}/wordprocessingCanvas,schemas.microsoft.com,raw/iclass.tku.edu.tw/static/24549.836d9ec0.js,https://iclass.tku.edu.tw/static/24549.836d9ec0.js,absolute-url
http://schemas.openxmlformats.org/package/{id}/relationships,schemas.openxmlformats.org,raw/iclass.tku.edu.tw/static/24549.836d9ec0.js,https://iclass.tku.edu.tw/static/24549.836d9ec0.js,absolute-url
http://schemas.openxmlformats.org/officeDocument/{id}/relationships/hyperlink,schemas.openxmlformats.org,raw/iclass.tku.edu.tw/static/24549.836d9ec0.js,https://iclass.tku.edu.tw/static/24549.836d9ec0.js,absolute-url
http://schemas.openxmlformats.org/officeDocument/{id}/extended-properties,schemas.openxmlformats.org,raw/iclass.tku.edu.tw/static/24549.836d9ec0.js,https://iclass.tku.edu.tw/static/24549.836d9ec0.js,absolute-url
http://schemas.openxmlformats.org/officeDocument/{id}/docPropsVTypes,schemas.openxmlformats.org,raw/iclass.tku.edu.tw/static/24549.836d9ec0.js,https://iclass.tku.edu.tw/static/24549.836d9ec0.js,absolute-url
http://schemas.openxmlformats.org/package/{id}/content-types,schemas.openxmlformats.org,raw/iclass.tku.edu.tw/static/24549.836d9ec0.js,https://iclass.tku.edu.tw/static/24549.836d9ec0.js,absolute-url
http://schemas.openxmlformats.org/package/{id}/metadata/core-properties,schemas.openxmlformats.org,raw/iclass.tku.edu.tw/static/24549.836d9ec0.js,https://iclass.tku.edu.tw/static/24549.836d9ec0.js,absolute-url
http://purl.org/dc/elements/1.1/,purl.org,raw/iclass.tku.edu.tw/static/24549.836d9ec0.js,https://iclass.tku.edu.tw/static/24549.836d9ec0.js,absolute-url
http://purl.org/dc/terms/,purl.org,raw/iclass.tku.edu.tw/static/24549.836d9ec0.js,https://iclass.tku.edu.tw/static/24549.836d9ec0.js,absolute-url
http://purl.org/dc/dcmitype/,purl.org,raw/iclass.tku.edu.tw/static/24549.836d9ec0.js,https://iclass.tku.edu.tw/static/24549.836d9ec0.js,absolute-url
http://www.w3.org/{id}/XMLSchema-instance,www.w3.org,raw/iclass.tku.edu.tw/static/24549.836d9ec0.js,https://iclass.tku.edu.tw/static/24549.836d9ec0.js,absolute-url
http://schemas.openxmlformats.org/officeDocument/{id}/custom-properties,schemas.openxmlformats.org,raw/iclass.tku.edu.tw/static/24549.836d9ec0.js,https://iclass.tku.edu.tw/static/24549.836d9ec0.js,absolute-url
http://schemas.microsoft.com/office/word,schemas.microsoft.com,raw/iclass.tku.edu.tw/static/24549.836d9ec0.js,https://iclass.tku.edu.tw/static/24549.836d9ec0.js,absolute-url
https://stuk.github.io/jszip/documentation/howto/read_zip.html,stuk.github.io,raw/iclass.tku.edu.tw/static/24549.836d9ec0.js,https://iclass.tku.edu.tw/static/24549.836d9ec0.js,absolute-url
http://schemas.openxmlformats.org/officeDocument/{id}/relationships/header,schemas.openxmlformats.org,raw/iclass.tku.edu.tw/static/24549.836d9ec0.js,https://iclass.tku.edu.tw/static/24549.836d9ec0.js,absolute-url
http://schemas.openxmlformats.org/officeDocument/{id}/relationships/footer,schemas.openxmlformats.org,raw/iclass.tku.edu.tw/static/24549.836d9ec0.js,https://iclass.tku.edu.tw/static/24549.836d9ec0.js,absolute-url
http://schemas.openxmlformats.org/officeDocument/{id}/relationships/officeDocument,schemas.openxmlformats.org,raw/iclass.tku.edu.tw/static/24549.836d9ec0.js,https://iclass.tku.edu.tw/static/24549.836d9ec0.js,absolute-url
http://schemas.openxmlformats.org/package/{id}/relationships/metadata/core-properties,schemas.openxmlformats.org,raw/iclass.tku.edu.tw/static/24549.836d9ec0.js,https://iclass.tku.edu.tw/static/24549.836d9ec0.js,absolute-url
http://schemas.openxmlformats.org/officeDocument/{id}/relationships/extended-properties,schemas.openxmlformats.org,raw/iclass.tku.edu.tw/static/24549.836d9ec0.js,https://iclass.tku.edu.tw/static/24549.836d9ec0.js,absolute-url
http://schemas.openxmlformats.org/officeDocument/{id}/relationships/custom-properties,schemas.openxmlformats.org,raw/iclass.tku.edu.tw/static/24549.836d9ec0.js,https://iclass.tku.edu.tw/static/24549.836d9ec0.js,absolute-url
http://schemas.openxmlformats.org/officeDocument/{id}/relationships/styles,schemas.openxmlformats.org,raw/iclass.tku.edu.tw/static/24549.836d9ec0.js,https://iclass.tku.edu.tw/static/24549.836d9ec0.js,absolute-url
http://schemas.openxmlformats.org/officeDocument/{id}/relationships/numbering,schemas.openxmlformats.org,raw/iclass.tku.edu.tw/static/24549.836d9ec0.js,https://iclass.tku.edu.tw/static/24549.836d9ec0.js,absolute-url
http://schemas.openxmlformats.org/officeDocument/{id}/relationships/footnotes,schemas.openxmlformats.org,raw/iclass.tku.edu.tw/static/24549.836d9ec0.js,https://iclass.tku.edu.tw/static/24549.836d9ec0.js,absolute-url
http://schemas.openxmlformats.org/officeDocument/{id}/relationships/settings,schemas.openxmlformats.org,raw/iclass.tku.edu.tw/static/24549.836d9ec0.js,https://iclass.tku.edu.tw/static/24549.836d9ec0.js,absolute-url
http://schemas.openxmlformats.org/officeDocument/{id}/relationships/comments,schemas.openxmlformats.org,raw/iclass.tku.edu.tw/static/24549.836d9ec0.js,https://iclass.tku.edu.tw/static/24549.836d9ec0.js,absolute-url
http://schemas.openxmlformats.org/officeDocument/{id}/relationships/image,schemas.openxmlformats.org,raw/iclass.tku.edu.tw/static/24549.836d9ec0.js,https://iclass.tku.edu.tw/static/24549.836d9ec0.js,absolute-url
https://picsum.photos/,picsum.photos,raw/iclass.tku.edu.tw/static/24549.836d9ec0.js,https://iclass.tku.edu.tw/static/24549.836d9ec0.js,absolute-url
https://aisk.one.blendvision.com/playground?token=eyJhbGciOiJSUzI1NiIsImtpZCI6IjBkOTYxOTcxLWQxNTAtNDU0ZC05MzAxLWYwODllNTYyOTFkZCIsInR5cCI6IkpXVCJ9.eyJjaGF0Ym90X2lkIjoiZTk3M2IxOWQtMGNkMS00NDdmLTgxZWMtOGI1OTg1YWRjNzY4Iiwib3JnX2lkIjoiYWM5MDkyZDctYzY4ZS00MThkLWI4MDEtZmZiZDU4MmU1ZjkxIiwidGVuYW50X2lkIjoiMjc3MjQzOTAtZTM0Ny00N2FjLWFmNGYtOTA0MmNiYTIyYWYwIn0.l-iHLG-z4-8UEXFikATyMWDDCHm31QuizQERA-wmGzSYbjRYZCoMWU7ni34Lczj8HN9eWQ3yEMkxq4FeOQWAO7IqG3PRXX1nLk---2BDYYo9r5gZWInQa6gujdFGJNxYE9erTe--E_oTmPICX0syW,aisk.one.blendvision.com,raw/iclass.tku.edu.tw/static/24549.836d9ec0.js,https://iclass.tku.edu.tw/static/24549.836d9ec0.js,absolute-url
https://example.com,example.com,raw/iclass.tku.edu.tw/static/24549.836d9ec0.js,https://iclass.tku.edu.tw/static/24549.836d9ec0.js,absolute-url
https://unpkg.com/emoji-datasource-,unpkg.com,raw/iclass.tku.edu.tw/static/24549.836d9ec0.js,https://iclass.tku.edu.tw/static/24549.836d9ec0.js,absolute-url
https://socket.io/docs/v3/migrating-from-2-x-to-3-0/),socket.io,raw/iclass.tku.edu.tw/static/24549.836d9ec0.js,https://iclass.tku.edu.tw/static/24549.836d9ec0.js,absolute-url
http://www.w3.org/{id}/svg,www.w3.org,raw/iclass.tku.edu.tw/static/24598.127c6b42.js,https://iclass.tku.edu.tw/static/24598.127c6b42.js,absolute-url
http://www.w3.org/{id}/xlink,www.w3.org,raw/iclass.tku.edu.tw/static/24598.127c6b42.js,https://iclass.tku.edu.tw/static/24598.127c6b42.js,absolute-url
https://theajack.github.io/disable-devtool/{id}.html?h=,theajack.github.io,raw/iclass.tku.edu.tw/static/24598.127c6b42.js,https://iclass.tku.edu.tw/static/24598.127c6b42.js,absolute-url
https://bit.ly/2ZqJzkp,bit.ly,raw/iclass.tku.edu.tw/static/24598.127c6b42.js,https://iclass.tku.edu.tw/static/24598.127c6b42.js,absolute-url
http://www.w3.org/{id}/xhtml,www.w3.org,raw/iclass.tku.edu.tw/static/24598.127c6b42.js,https://iclass.tku.edu.tw/static/24598.127c6b42.js,absolute-url
http://www.w3.org/{id}/svg,www.w3.org,raw/iclass.tku.edu.tw/static/24807.fc737646.js,https://iclass.tku.edu.tw/static/24807.fc737646.js,absolute-url
http://www.w3.org/{id}/xlink,www.w3.org,raw/iclass.tku.edu.tw/static/24807.fc737646.js,https://iclass.tku.edu.tw/static/24807.fc737646.js,absolute-url
http://www.w3.org/{id}/svg,www.w3.org,raw/iclass.tku.edu.tw/static/24902-95548695.js,https://iclass.tku.edu.tw/static/24902-95548695.js,absolute-url
http://www.w3.org/{id}/xlink,www.w3.org,raw/iclass.tku.edu.tw/static/24902-95548695.js,https://iclass.tku.edu.tw/static/24902-95548695.js,absolute-url
http://www.w3.org/{id}/svg,www.w3.org,raw/iclass.tku.edu.tw/static/25108.9c7b26f0.js,https://iclass.tku.edu.tw/static/25108.9c7b26f0.js,absolute-url
http://www.w3.org/{id}/xlink,www.w3.org,raw/iclass.tku.edu.tw/static/25108.9c7b26f0.js,https://iclass.tku.edu.tw/static/25108.9c7b26f0.js,absolute-url
https://github.com/uuidjs/uuid#getrandomvalues-not-supported,github.com,raw/iclass.tku.edu.tw/static/25108.9c7b26f0.js,https://iclass.tku.edu.tw/static/25108.9c7b26f0.js,absolute-url
http://www.w3.org/{id}/svg,www.w3.org,raw/iclass.tku.edu.tw/static/2540.a80c2842.js,https://iclass.tku.edu.tw/static/2540.a80c2842.js,absolute-url
https://theajack.github.io/disable-devtool/{id}.html?h=,theajack.github.io,raw/iclass.tku.edu.tw/static/26039.b4a636ae.js,https://iclass.tku.edu.tw/static/26039.b4a636ae.js,absolute-url
http://www.w3.org/{id}/xhtml,www.w3.org,raw/iclass.tku.edu.tw/static/26039.b4a636ae.js,https://iclass.tku.edu.tw/static/26039.b4a636ae.js,absolute-url
http://example.com,example.com,raw/iclass.tku.edu.tw/static/26296-0d2e8412.js,https://iclass.tku.edu.tw/static/26296-0d2e8412.js,absolute-url
http://www.w3.org/{id}/xhtml,www.w3.org,raw/iclass.tku.edu.tw/static/26296-0d2e8412.js,https://iclass.tku.edu.tw/static/26296-0d2e8412.js,absolute-url
http://www.w3.org/{id}/svg,www.w3.org,raw/iclass.tku.edu.tw/static/26296-0d2e8412.js,https://iclass.tku.edu.tw/static/26296-0d2e8412.js,absolute-url
http://www.w3.org/XML/{id}/namespace,www.w3.org,raw/iclass.tku.edu.tw/static/26296-0d2e8412.js,https://iclass.tku.edu.tw/static/26296-0d2e8412.js,absolute-url
http://www.w3.org/{id}/xmlns/,www.w3.org,raw/iclass.tku.edu.tw/static/26296-0d2e8412.js,https://iclass.tku.edu.tw/static/26296-0d2e8412.js,absolute-url
https://socket.io/docs/v3/migrating-from-2-x-to-3-0/),socket.io,raw/iclass.tku.edu.tw/static/26359-4b776c7f.js,https://iclass.tku.edu.tw/static/26359-4b776c7f.js,absolute-url
http://www.w3.org/{id}/svg,www.w3.org,raw/iclass.tku.edu.tw/static/26493.75189e41.js,https://iclass.tku.edu.tw/static/26493.75189e41.js,absolute-url
http://www.w3.org/{id}/xlink,www.w3.org,raw/iclass.tku.edu.tw/static/26493.75189e41.js,https://iclass.tku.edu.tw/static/26493.75189e41.js,absolute-url
https://theajack.github.io/disable-devtool/{id}.html?h=,theajack.github.io,raw/iclass.tku.edu.tw/static/26648.5d159b57.js,https://iclass.tku.edu.tw/static/26648.5d159b57.js,absolute-url
http://www.w3.org/{id}/xhtml,www.w3.org,raw/iclass.tku.edu.tw/static/26648.5d159b57.js,https://iclass.tku.edu.tw/static/26648.5d159b57.js,absolute-url
https://theajack.github.io/disable-devtool/{id}.html?h=,theajack.github.io,raw/iclass.tku.edu.tw/static/26667.949e2457.js,https://iclass.tku.edu.tw/static/26667.949e2457.js,absolute-url
http://www.w3.org/{id}/xhtml,www.w3.org,raw/iclass.tku.edu.tw/static/26667.949e2457.js,https://iclass.tku.edu.tw/static/26667.949e2457.js,absolute-url
http://www.w3.org/{id}/svg,www.w3.org,raw/iclass.tku.edu.tw/static/26680.eb9e3dcc.js,https://iclass.tku.edu.tw/static/26680.eb9e3dcc.js,absolute-url
http://www.w3.org/{id}/xlink,www.w3.org,raw/iclass.tku.edu.tw/static/26680.eb9e3dcc.js,https://iclass.tku.edu.tw/static/26680.eb9e3dcc.js,absolute-url
https://bit.ly/2ZqJzkp,bit.ly,raw/iclass.tku.edu.tw/static/27035.535cd1b8.js,https://iclass.tku.edu.tw/static/27035.535cd1b8.js,absolute-url
http://www.w3.org/{id}/svg,www.w3.org,raw/iclass.tku.edu.tw/static/27148.dc9a1b6d.js,https://iclass.tku.edu.tw/static/27148.dc9a1b6d.js,absolute-url
http://www.w3.org/{id}/svg,www.w3.org,raw/iclass.tku.edu.tw/static/27605.cb953088.js,https://iclass.tku.edu.tw/static/27605.cb953088.js,absolute-url
http://www.w3.org/{id}/svg,www.w3.org,raw/iclass.tku.edu.tw/static/27783-f0ef0edb.js,https://iclass.tku.edu.tw/static/27783-f0ef0edb.js,absolute-url
http://www.w3.org/{id}/xlink,www.w3.org,raw/iclass.tku.edu.tw/static/27783-f0ef0edb.js,https://iclass.tku.edu.tw/static/27783-f0ef0edb.js,absolute-url
http://www.w3.org/{id}/xmlns/,www.w3.org,raw/iclass.tku.edu.tw/static/27783-f0ef0edb.js,https://iclass.tku.edu.tw/static/27783-f0ef0edb.js,absolute-url
http://www.w3.org/XML/{id}/namespace,www.w3.org,raw/iclass.tku.edu.tw/static/27783-f0ef0edb.js,https://iclass.tku.edu.tw/static/27783-f0ef0edb.js,absolute-url
https://bit.ly/2ZqJzkp,bit.ly,raw/iclass.tku.edu.tw/static/28245.a40aff1c.js,https://iclass.tku.edu.tw/static/28245.a40aff1c.js,absolute-url
https://github.com/uuidjs/uuid#getrandomvalues-not-supported,github.com,raw/iclass.tku.edu.tw/static/28245.a40aff1c.js,https://iclass.tku.edu.tw/static/28245.a40aff1c.js,absolute-url
https://player.youku.com/embed/,player.youku.com,raw/iclass.tku.edu.tw/static/28391-2cabc9af.js,https://iclass.tku.edu.tw/static/28391-2cabc9af.js,absolute-url
https://web.microsoftstream.com/embed/video/,web.microsoftstream.com,raw/iclass.tku.edu.tw/static/28391-2cabc9af.js,https://iclass.tku.edu.tw/static/28391-2cabc9af.js,absolute-url
https://player.vimeo.com/video/,player.vimeo.com,raw/iclass.tku.edu.tw/static/28391-2cabc9af.js,https://iclass.tku.edu.tw/static/28391-2cabc9af.js,absolute-url
https://chat-widget-psi.vercel.app/chat-widget.js,chat-widget-psi.vercel.app,raw/iclass.tku.edu.tw/static/28391-2cabc9af.js,https://iclass.tku.edu.tw/static/28391-2cabc9af.js,absolute-url
http://www.w3.org/{id}/svg,www.w3.org,raw/iclass.tku.edu.tw/static/28413.4c7bdb68.js,https://iclass.tku.edu.tw/static/28413.4c7bdb68.js,absolute-url
http://www.w3.org/{id}/xlink,www.w3.org,raw/iclass.tku.edu.tw/static/28413.4c7bdb68.js,https://iclass.tku.edu.tw/static/28413.4c7bdb68.js,absolute-url
https://theajack.github.io/disable-devtool/{id}.html?h=,theajack.github.io,raw/iclass.tku.edu.tw/static/28413.4c7bdb68.js,https://iclass.tku.edu.tw/static/28413.4c7bdb68.js,absolute-url
https://bit.ly/2ZqJzkp,bit.ly,raw/iclass.tku.edu.tw/static/28413.4c7bdb68.js,https://iclass.tku.edu.tw/static/28413.4c7bdb68.js,absolute-url
http://www.w3.org/{id}/xhtml,www.w3.org,raw/iclass.tku.edu.tw/static/28413.4c7bdb68.js,https://iclass.tku.edu.tw/static/28413.4c7bdb68.js,absolute-url
https://theajack.github.io/disable-devtool/{id}.html?h=,theajack.github.io,raw/iclass.tku.edu.tw/static/29155.ad8982cf.js,https://iclass.tku.edu.tw/static/29155.ad8982cf.js,absolute-url
http://www.w3.org/{id}/xhtml,www.w3.org,raw/iclass.tku.edu.tw/static/29155.ad8982cf.js,https://iclass.tku.edu.tw/static/29155.ad8982cf.js,absolute-url
http://www.w3.org/{id}/svg,www.w3.org,raw/iclass.tku.edu.tw/static/30803-7b1f840f.js,https://iclass.tku.edu.tw/static/30803-7b1f840f.js,absolute-url
http://www.w3.org/{id}/xlink,www.w3.org,raw/iclass.tku.edu.tw/static/30803-7b1f840f.js,https://iclass.tku.edu.tw/static/30803-7b1f840f.js,absolute-url
http://www.w3.org/{id}/xmlns/,www.w3.org,raw/iclass.tku.edu.tw/static/30803-7b1f840f.js,https://iclass.tku.edu.tw/static/30803-7b1f840f.js,absolute-url
http://www.w3.org/XML/{id}/namespace,www.w3.org,raw/iclass.tku.edu.tw/static/30803-7b1f840f.js,https://iclass.tku.edu.tw/static/30803-7b1f840f.js,absolute-url
https://vjs.zencdn.net/vttjs/0.14.1/vtt.min.js,vjs.zencdn.net,raw/iclass.tku.edu.tw/static/31076.a8c88684.js,https://iclass.tku.edu.tw/static/31076.a8c88684.js,absolute-url
https://github.com/videojs/video.js/issues/{id},github.com,raw/iclass.tku.edu.tw/static/31076.a8c88684.js,https://iclass.tku.edu.tw/static/31076.a8c88684.js,absolute-url
https://git.io/vMpjB,git.io,raw/iclass.tku.edu.tw/static/31076.a8c88684.js,https://iclass.tku.edu.tw/static/31076.a8c88684.js,absolute-url
http://www.w3.org/{id}/svg,www.w3.org,raw/iclass.tku.edu.tw/static/31345.ad1e1769.js,https://iclass.tku.edu.tw/static/31345.ad1e1769.js,absolute-url
http://www.w3.org/{id}/xlink,www.w3.org,raw/iclass.tku.edu.tw/static/31345.ad1e1769.js,https://iclass.tku.edu.tw/static/31345.ad1e1769.js,absolute-url
http://www.w3.org/{id}/svg,www.w3.org,raw/iclass.tku.edu.tw/static/31651.d09dff55.js,https://iclass.tku.edu.tw/static/31651.d09dff55.js,absolute-url
https://bit.ly/2ZqJzkp,bit.ly,raw/iclass.tku.edu.tw/static/31937.90fe4179.js,https://iclass.tku.edu.tw/static/31937.90fe4179.js,absolute-url
http://www.w3.org/{id}/svg,www.w3.org,raw/iclass.tku.edu.tw/static/31975.e0a4fe1f.js,https://iclass.tku.edu.tw/static/31975.e0a4fe1f.js,absolute-url
http://www.w3.org/{id}/xlink,www.w3.org,raw/iclass.tku.edu.tw/static/31975.e0a4fe1f.js,https://iclass.tku.edu.tw/static/31975.e0a4fe1f.js,absolute-url
https://bit.ly/2ZqJzkp,bit.ly,raw/iclass.tku.edu.tw/static/32622.74d60e4a.js,https://iclass.tku.edu.tw/static/32622.74d60e4a.js,absolute-url
https://static.howxm.com/sdk.js,static.howxm.com,raw/iclass.tku.edu.tw/static/328.7ecb97ad.js,https://iclass.tku.edu.tw/static/328.7ecb97ad.js,absolute-url
https://bit.ly/2ZqJzkp,bit.ly,raw/iclass.tku.edu.tw/static/3351.be031304.js,https://iclass.tku.edu.tw/static/3351.be031304.js,absolute-url
https://theajack.github.io/disable-devtool/{id}.html?h=,theajack.github.io,raw/iclass.tku.edu.tw/static/33961.a7791db6.js,https://iclass.tku.edu.tw/static/33961.a7791db6.js,absolute-url
http://www.w3.org/{id}/xhtml,www.w3.org,raw/iclass.tku.edu.tw/static/33961.a7791db6.js,https://iclass.tku.edu.tw/static/33961.a7791db6.js,absolute-url
http://www.w3.org/{id}/svg,www.w3.org,raw/iclass.tku.edu.tw/static/33991.f9c20509.js,https://iclass.tku.edu.tw/static/33991.f9c20509.js,absolute-url
http://www.w3.org/{id}/xlink,www.w3.org,raw/iclass.tku.edu.tw/static/33991.f9c20509.js,https://iclass.tku.edu.tw/static/33991.f9c20509.js,absolute-url
https://theajack.github.io/disable-devtool/{id}.html?h=,theajack.github.io,raw/iclass.tku.edu.tw/static/33991.f9c20509.js,https://iclass.tku.edu.tw/static/33991.f9c20509.js,absolute-url
https://github.com/uuidjs/uuid#getrandomvalues-not-supported,github.com,raw/iclass.tku.edu.tw/static/33991.f9c20509.js,https://iclass.tku.edu.tw/static/33991.f9c20509.js,absolute-url
http://www.w3.org/{id}/xhtml,www.w3.org,raw/iclass.tku.edu.tw/static/33991.f9c20509.js,https://iclass.tku.edu.tw/static/33991.f9c20509.js,absolute-url
https://bit.ly/2ZqJzkp,bit.ly,raw/iclass.tku.edu.tw/static/34215.2a3d2592.js,https://iclass.tku.edu.tw/static/34215.2a3d2592.js,absolute-url
https://github.com/uuidjs/uuid#getrandomvalues-not-supported,github.com,raw/iclass.tku.edu.tw/static/34215.2a3d2592.js,https://iclass.tku.edu.tw/static/34215.2a3d2592.js,absolute-url
http://www.w3.org/{id}/svg,www.w3.org,raw/iclass.tku.edu.tw/static/34493.159b4d7b.js,https://iclass.tku.edu.tw/static/34493.159b4d7b.js,absolute-url
http://www.w3.org/{id}/xlink,www.w3.org,raw/iclass.tku.edu.tw/static/34493.159b4d7b.js,https://iclass.tku.edu.tw/static/34493.159b4d7b.js,absolute-url
http://www.w3.org/{id}/svg,www.w3.org,raw/iclass.tku.edu.tw/static/3498.e1d7690c.js,https://iclass.tku.edu.tw/static/3498.e1d7690c.js,absolute-url
http://www.w3.org/{id}/xlink,www.w3.org,raw/iclass.tku.edu.tw/static/3498.e1d7690c.js,https://iclass.tku.edu.tw/static/3498.e1d7690c.js,absolute-url
https://npms.io/search?q=ponyfill.,npms.io,raw/iclass.tku.edu.tw/static/35684.22e582e5.js,https://iclass.tku.edu.tw/static/35684.22e582e5.js,absolute-url
http://www.w3.org/{id}/svg,www.w3.org,raw/iclass.tku.edu.tw/static/36972.11466daf.js,https://iclass.tku.edu.tw/static/36972.11466daf.js,absolute-url
http://www.w3.org/{id}/xlink,www.w3.org,raw/iclass.tku.edu.tw/static/36972.11466daf.js,https://iclass.tku.edu.tw/static/36972.11466daf.js,absolute-url
http://www.w3.org/{id}/svg,www.w3.org,raw/iclass.tku.edu.tw/static/37336.23c58234.js,https://iclass.tku.edu.tw/static/37336.23c58234.js,absolute-url
http://www.w3.org/{id}/xlink,www.w3.org,raw/iclass.tku.edu.tw/static/37336.23c58234.js,https://iclass.tku.edu.tw/static/37336.23c58234.js,absolute-url
http://www.w3.org/{id}/svg,www.w3.org,raw/iclass.tku.edu.tw/static/37505.f34b09d1.js,https://iclass.tku.edu.tw/static/37505.f34b09d1.js,absolute-url
http://www.w3.org/{id}/xlink,www.w3.org,raw/iclass.tku.edu.tw/static/37505.f34b09d1.js,https://iclass.tku.edu.tw/static/37505.f34b09d1.js,absolute-url
https://theajack.github.io/disable-devtool/{id}.html?h=,theajack.github.io,raw/iclass.tku.edu.tw/static/37505.f34b09d1.js,https://iclass.tku.edu.tw/static/37505.f34b09d1.js,absolute-url
http://www.w3.org/{id}/xhtml,www.w3.org,raw/iclass.tku.edu.tw/static/37505.f34b09d1.js,https://iclass.tku.edu.tw/static/37505.f34b09d1.js,absolute-url
https://bit.ly/2ZqJzkp,bit.ly,raw/iclass.tku.edu.tw/static/37942.e77db94b.js,https://iclass.tku.edu.tw/static/37942.e77db94b.js,absolute-url
https://github.com/uuidjs/uuid#getrandomvalues-not-supported,github.com,raw/iclass.tku.edu.tw/static/37942.e77db94b.js,https://iclass.tku.edu.tw/static/37942.e77db94b.js,absolute-url
https://bit.ly/2ZqJzkp,bit.ly,raw/iclass.tku.edu.tw/static/40002.f956d0b8.js,https://iclass.tku.edu.tw/static/40002.f956d0b8.js,absolute-url
https://bit.ly/2ZqJzkp,bit.ly,raw/iclass.tku.edu.tw/static/40251.aa7969d3.js,https://iclass.tku.edu.tw/static/40251.aa7969d3.js,absolute-url
http://www.w3.org/{id}/svg,www.w3.org,raw/iclass.tku.edu.tw/static/40300.21daea91.js,https://iclass.tku.edu.tw/static/40300.21daea91.js,absolute-url
http://www.w3.org/{id}/xlink,www.w3.org,raw/iclass.tku.edu.tw/static/40300.21daea91.js,https://iclass.tku.edu.tw/static/40300.21daea91.js,absolute-url
https://bit.ly/2ZqJzkp,bit.ly,raw/iclass.tku.edu.tw/static/40300.21daea91.js,https://iclass.tku.edu.tw/static/40300.21daea91.js,absolute-url
https://github.com/zloirock/core-js/blob/v3.37.1/LICENSE,github.com,raw/iclass.tku.edu.tw/static/40661-c706bf0b.js,https://iclass.tku.edu.tw/static/40661-c706bf0b.js,absolute-url
https://github.com/zloirock/core-js,github.com,raw/iclass.tku.edu.tw/static/40661-c706bf0b.js,https://iclass.tku.edu.tw/static/40661-c706bf0b.js,absolute-url
http://www.w3.org/{id}/svg,www.w3.org,raw/iclass.tku.edu.tw/static/40822.6f1ce6bc.js,https://iclass.tku.edu.tw/static/40822.6f1ce6bc.js,absolute-url
http://www.w3.org/{id}/xlink,www.w3.org,raw/iclass.tku.edu.tw/static/40822.6f1ce6bc.js,https://iclass.tku.edu.tw/static/40822.6f1ce6bc.js,absolute-url
https://bit.ly/2ZqJzkp,bit.ly,raw/iclass.tku.edu.tw/static/4162.94ef477d.js,https://iclass.tku.edu.tw/static/4162.94ef477d.js,absolute-url
https://github.com/uuidjs/uuid#getrandomvalues-not-supported,github.com,raw/iclass.tku.edu.tw/static/4162.94ef477d.js,https://iclass.tku.edu.tw/static/4162.94ef477d.js,absolute-url
https://theajack.github.io/disable-devtool/{id}.html?h=,theajack.github.io,raw/iclass.tku.edu.tw/static/42041.c3faf34c.js,https://iclass.tku.edu.tw/static/42041.c3faf34c.js,absolute-url
http://www.w3.org/{id}/xhtml,www.w3.org,raw/iclass.tku.edu.tw/static/42041.c3faf34c.js,https://iclass.tku.edu.tw/static/42041.c3faf34c.js,absolute-url
https://theajack.github.io/disable-devtool/{id}.html?h=,theajack.github.io,raw/iclass.tku.edu.tw/static/42227.9531c22f.js,https://iclass.tku.edu.tw/static/42227.9531c22f.js,absolute-url
https://bit.ly/2ZqJzkp,bit.ly,raw/iclass.tku.edu.tw/static/42227.9531c22f.js,https://iclass.tku.edu.tw/static/42227.9531c22f.js,absolute-url
http://www.w3.org/{id}/xhtml,www.w3.org,raw/iclass.tku.edu.tw/static/42227.9531c22f.js,https://iclass.tku.edu.tw/static/42227.9531c22f.js,absolute-url
https://gw.alipayobjects.com/mdn/rms_f8c6a0/afts/img/A*RsnHRqLfJn4AAAAAAAAAAAAAARQnAQ,gw.alipayobjects.com,raw/iclass.tku.edu.tw/static/42753.47feb217.js,https://iclass.tku.edu.tw/static/42753.47feb217.js,absolute-url
https://gw.alipayobjects.com/mdn/rms_f8c6a0/afts/img/A*eD7nT6tmYgAAAAAAAAAAAABkARQnAQ,gw.alipayobjects.com,raw/iclass.tku.edu.tw/static/42753.47feb217.js,https://iclass.tku.edu.tw/static/42753.47feb217.js,absolute-url
https://gw.alipayobjects.com/os/s/prod/antv/assets/image/logo-with-text-73b8a.svg,gw.alipayobjects.com,raw/iclass.tku.edu.tw/static/42753.47feb217.js,https://iclass.tku.edu.tw/static/42753.47feb217.js,absolute-url
http://khronos.org/webgl/wiki/Getting_a_WebGL_Implementation,khronos.org,raw/iclass.tku.edu.tw/static/42753.47feb217.js,https://iclass.tku.edu.tw/static/42753.47feb217.js,absolute-url
http://get.webgl.org/,get.webgl.org,raw/iclass.tku.edu.tw/static/42753.47feb217.js,https://iclass.tku.edu.tw/static/42753.47feb217.js,absolute-url
https://unpkg.com/@antv/layout@0.3.23/dist/layout.min.js,unpkg.com,raw/iclass.tku.edu.tw/static/42753.47feb217.js,https://iclass.tku.edu.tw/static/42753.47feb217.js,absolute-url
http://www.w3.org/Graphics/SVG/1.1/DTD/svg11.dtd,www.w3.org,raw/iclass.tku.edu.tw/static/42753.47feb217.js,https://iclass.tku.edu.tw/static/42753.47feb217.js,absolute-url
http://www.w3.org/{id}/svg,www.w3.org,raw/iclass.tku.edu.tw/static/42753.47feb217.js,https://iclass.tku.edu.tw/static/42753.47feb217.js,absolute-url
https://gw.alipayobjects.com/zos/bmw-prod/5d015065-8505-4e7a-baec-976f81e3c41d.svg,gw.alipayobjects.com,raw/iclass.tku.edu.tw/static/42753.47feb217.js,https://iclass.tku.edu.tw/static/42753.47feb217.js,absolute-url
https://gw.alipayobjects.com/zos/basement_prod/4f81893c-1806-4de4-aff3-9a6b266bc8a2.svg,gw.alipayobjects.com,raw/iclass.tku.edu.tw/static/42753.47feb217.js,https://iclass.tku.edu.tw/static/42753.47feb217.js,absolute-url
https://gw.alipayobjects.com/zos/basement_prod/{id}a2523-67e0-4cbf-9d4a-67c077b40395.svg,gw.alipayobjects.com,raw/iclass.tku.edu.tw/static/42753.47feb217.js,https://iclass.tku.edu.tw/static/42753.47feb217.js,absolute-url
https://twitter.com/$2,twitter.com,raw/iclass.tku.edu.tw/static/42789-f3817b0b.js,https://iclass.tku.edu.tw/static/42789-f3817b0b.js,absolute-url
https://twitter.com/search?q=%23$2,twitter.com,raw/iclass.tku.edu.tw/static/42789-f3817b0b.js,https://iclass.tku.edu.tw/static/42789-f3817b0b.js,absolute-url
https://github.com/$2,github.com,raw/iclass.tku.edu.tw/static/42789-f3817b0b.js,https://iclass.tku.edu.tw/static/42789-f3817b0b.js,absolute-url
http://angular-translate.github.io/docs/#/guide/19_security,angular-translate.github.io,raw/iclass.tku.edu.tw/static/42962-a2c070d7.js,https://iclass.tku.edu.tw/static/42962-a2c070d7.js,absolute-url
https://docs.angularjs.org/api/ngSanitize),docs.angularjs.org,raw/iclass.tku.edu.tw/static/42962-a2c070d7.js,https://iclass.tku.edu.tw/static/42962-a2c070d7.js,absolute-url
https://github.com/angular/angular.js/commit/{id}b9d04c722b278fa93c5d66ad1e578ad6eb1f,github.com,raw/iclass.tku.edu.tw/static/42962-a2c070d7.js,https://iclass.tku.edu.tw/static/42962-a2c070d7.js,absolute-url
http://www.w3.org/{id}/svg,www.w3.org,raw/iclass.tku.edu.tw/static/43161.4bd4e9a7.js,https://iclass.tku.edu.tw/static/43161.4bd4e9a7.js,absolute-url
http://www.w3.org/{id}/xlink,www.w3.org,raw/iclass.tku.edu.tw/static/43161.4bd4e9a7.js,https://iclass.tku.edu.tw/static/43161.4bd4e9a7.js,absolute-url
https://github.com/SortableJS/Vue.Draggable/blob/master/documentation/migrate.md#element-props,github.com,raw/iclass.tku.edu.tw/static/432-55bea773.js,https://iclass.tku.edu.tw/static/432-55bea773.js,absolute-url
https://github.com/SortableJS/Vue.Draggable/blob/master/documentation/migrate.md#options-props,github.com,raw/iclass.tku.edu.tw/static/432-55bea773.js,https://iclass.tku.edu.tw/static/432-55bea773.js,absolute-url
https://login.welink.huaweicloud.com,login.welink.huaweicloud.com,raw/iclass.tku.edu.tw/static/4396.5f753c9d.js,https://iclass.tku.edu.tw/static/4396.5f753c9d.js,absolute-url
https://api.weibo.com/oauth2/authorize?client_id=,api.weibo.com,raw/iclass.tku.edu.tw/static/4396.5f753c9d.js,https://iclass.tku.edu.tw/static/4396.5f753c9d.js,absolute-url
https://graph.qq.com/oauth2.0/authorize?client_id=,graph.qq.com,raw/iclass.tku.edu.tw/static/4396.5f753c9d.js,https://iclass.tku.edu.tw/static/4396.5f753c9d.js,absolute-url
https://www.facebook.com/dialog/oauth?client_id=,www.facebook.com,raw/iclass.tku.edu.tw/static/4396.5f753c9d.js,https://iclass.tku.edu.tw/static/4396.5f753c9d.js,absolute-url
https://www.googleapis.com/auth/userinfo.email,www.googleapis.com,raw/iclass.tku.edu.tw/static/4396.5f753c9d.js,https://iclass.tku.edu.tw/static/4396.5f753c9d.js,absolute-url
https://www.googleapis.com/auth/userinfo.profile,www.googleapis.com,raw/iclass.tku.edu.tw/static/4396.5f753c9d.js,https://iclass.tku.edu.tw/static/4396.5f753c9d.js,absolute-url
https://accounts.google.com/o/oauth2/auth?client_id=,accounts.google.com,raw/iclass.tku.edu.tw/static/4396.5f753c9d.js,https://iclass.tku.edu.tw/static/4396.5f753c9d.js,absolute-url
https://theajack.github.io/disable-devtool/{id}.html?h=,theajack.github.io,raw/iclass.tku.edu.tw/static/44437.a7791db6.js,https://iclass.tku.edu.tw/static/44437.a7791db6.js,absolute-url
http://www.w3.org/{id}/xhtml,www.w3.org,raw/iclass.tku.edu.tw/static/44437.a7791db6.js,https://iclass.tku.edu.tw/static/44437.a7791db6.js,absolute-url
https://bit.ly/2ZqJzkp,bit.ly,raw/iclass.tku.edu.tw/static/44893.980c030a.js,https://iclass.tku.edu.tw/static/44893.980c030a.js,absolute-url
https://theajack.github.io/disable-devtool/{id}.html?h=,theajack.github.io,raw/iclass.tku.edu.tw/static/44961-3262ec85.js,https://iclass.tku.edu.tw/static/44961-3262ec85.js,absolute-url
https://github.com/uuidjs/uuid#getrandomvalues-not-supported,github.com,raw/iclass.tku.edu.tw/static/44961-3262ec85.js,https://iclass.tku.edu.tw/static/44961-3262ec85.js,absolute-url
http://www.w3.org/{id}/xhtml,www.w3.org,raw/iclass.tku.edu.tw/static/44961-3262ec85.js,https://iclass.tku.edu.tw/static/44961-3262ec85.js,absolute-url
http://www.w3.org/{id}/svg,www.w3.org,raw/iclass.tku.edu.tw/static/44975.db8b7330.js,https://iclass.tku.edu.tw/static/44975.db8b7330.js,absolute-url
http://www.w3.org/{id}/xlink,www.w3.org,raw/iclass.tku.edu.tw/static/44975.db8b7330.js,https://iclass.tku.edu.tw/static/44975.db8b7330.js,absolute-url
http://www.w3.org/{id}/svg,www.w3.org,raw/iclass.tku.edu.tw/static/45286-95a81a23.js,https://iclass.tku.edu.tw/static/45286-95a81a23.js,absolute-url
https://theajack.github.io/disable-devtool/{id}.html?h=,theajack.github.io,raw/iclass.tku.edu.tw/static/45605.d7e10a35.js,https://iclass.tku.edu.tw/static/45605.d7e10a35.js,absolute-url
http://www.w3.org/{id}/xhtml,www.w3.org,raw/iclass.tku.edu.tw/static/45605.d7e10a35.js,https://iclass.tku.edu.tw/static/45605.d7e10a35.js,absolute-url
http://www.w3.org/{id}/svg,www.w3.org,raw/iclass.tku.edu.tw/static/46745.7e1df7ef.js,https://iclass.tku.edu.tw/static/46745.7e1df7ef.js,absolute-url
http://www.w3.org/{id}/xlink,www.w3.org,raw/iclass.tku.edu.tw/static/46745.7e1df7ef.js,https://iclass.tku.edu.tw/static/46745.7e1df7ef.js,absolute-url
http://www.w3.org/{id}/svg,www.w3.org,raw/iclass.tku.edu.tw/static/46865.870c4965.js,https://iclass.tku.edu.tw/static/46865.870c4965.js,absolute-url
http://www.w3.org/{id}/xlink,www.w3.org,raw/iclass.tku.edu.tw/static/46865.870c4965.js,https://iclass.tku.edu.tw/static/46865.870c4965.js,absolute-url
https://github.com/uuidjs/uuid#getrandomvalues-not-supported,github.com,raw/iclass.tku.edu.tw/static/46865.870c4965.js,https://iclass.tku.edu.tw/static/46865.870c4965.js,absolute-url
https://bit.ly/2ZqJzkp,bit.ly,raw/iclass.tku.edu.tw/static/47611.f7ebbf78.js,https://iclass.tku.edu.tw/static/47611.f7ebbf78.js,absolute-url
http://www.w3.org/{id}/svg,www.w3.org,raw/iclass.tku.edu.tw/static/47695.1d992af3.js,https://iclass.tku.edu.tw/static/47695.1d992af3.js,absolute-url
http://www.w3.org/{id}/xlink,www.w3.org,raw/iclass.tku.edu.tw/static/47695.1d992af3.js,https://iclass.tku.edu.tw/static/47695.1d992af3.js,absolute-url
https://bit.ly/2ZqJzkp,bit.ly,raw/iclass.tku.edu.tw/static/48458.79f85e9e.js,https://iclass.tku.edu.tw/static/48458.79f85e9e.js,absolute-url
https://github.com/markedjs/marked.,github.com,raw/iclass.tku.edu.tw/static/48938-ac64b718.js,https://iclass.tku.edu.tw/static/48938-ac64b718.js,absolute-url
http://www.w3.org/{id}/svg,www.w3.org,raw/iclass.tku.edu.tw/static/49123-8cda630f.js,https://iclass.tku.edu.tw/static/49123-8cda630f.js,absolute-url
http://www.w3.org/{id}/svg,www.w3.org,raw/iclass.tku.edu.tw/static/49294.ac62934d.js,https://iclass.tku.edu.tw/static/49294.ac62934d.js,absolute-url
http://www.w3.org/{id}/xlink,www.w3.org,raw/iclass.tku.edu.tw/static/49294.ac62934d.js,https://iclass.tku.edu.tw/static/49294.ac62934d.js,absolute-url
http://www.w3.org/{id}/xhtml,www.w3.org,raw/iclass.tku.edu.tw/static/4942-43c6a074.js,https://iclass.tku.edu.tw/static/4942-43c6a074.js,absolute-url
http://www.w3.org/{id}/svg,www.w3.org,raw/iclass.tku.edu.tw/static/4942-43c6a074.js,https://iclass.tku.edu.tw/static/4942-43c6a074.js,absolute-url
http://www.w3.org/{id}/xlink,www.w3.org,raw/iclass.tku.edu.tw/static/4942-43c6a074.js,https://iclass.tku.edu.tw/static/4942-43c6a074.js,absolute-url
http://www.w3.org/XML/{id}/namespace,www.w3.org,raw/iclass.tku.edu.tw/static/4942-43c6a074.js,https://iclass.tku.edu.tw/static/4942-43c6a074.js,absolute-url
http://www.w3.org/{id}/xmlns/,www.w3.org,raw/iclass.tku.edu.tw/static/4942-43c6a074.js,https://iclass.tku.edu.tw/static/4942-43c6a074.js,absolute-url
http://www.w3.org/{id}/svg,www.w3.org,raw/iclass.tku.edu.tw/static/50446.7594af6d.js,https://iclass.tku.edu.tw/static/50446.7594af6d.js,absolute-url
http://www.w3.org/{id}/xlink,www.w3.org,raw/iclass.tku.edu.tw/static/50446.7594af6d.js,https://iclass.tku.edu.tw/static/50446.7594af6d.js,absolute-url
http://www.w3.org/{id}/svg,www.w3.org,raw/iclass.tku.edu.tw/static/50559.4ceaee03.js,https://iclass.tku.edu.tw/static/50559.4ceaee03.js,absolute-url
http://www.w3.org/{id}/xlink,www.w3.org,raw/iclass.tku.edu.tw/static/50559.4ceaee03.js,https://iclass.tku.edu.tw/static/50559.4ceaee03.js,absolute-url
http://www.w3.org/{id}/svg,www.w3.org,raw/iclass.tku.edu.tw/static/50644.637f2f6f.js,https://iclass.tku.edu.tw/static/50644.637f2f6f.js,absolute-url
http://www.w3.org/{id}/xlink,www.w3.org,raw/iclass.tku.edu.tw/static/50644.637f2f6f.js,https://iclass.tku.edu.tw/static/50644.637f2f6f.js,absolute-url
http://www.w3.org/{id}/svg,www.w3.org,raw/iclass.tku.edu.tw/static/50674.577c5280.js,https://iclass.tku.edu.tw/static/50674.577c5280.js,absolute-url
http://localhost{param},localhost{param},raw/iclass.tku.edu.tw/static/52003.a789feda.js,https://iclass.tku.edu.tw/static/52003.a789feda.js,absolute-url
https://theajack.github.io/disable-devtool/{id}.html?h=,theajack.github.io,raw/iclass.tku.edu.tw/static/52042.ed0e59eb.js,https://iclass.tku.edu.tw/static/52042.ed0e59eb.js,absolute-url
http://www.w3.org/{id}/xhtml,www.w3.org,raw/iclass.tku.edu.tw/static/52042.ed0e59eb.js,https://iclass.tku.edu.tw/static/52042.ed0e59eb.js,absolute-url
https://theajack.github.io/disable-devtool/{id}.html?h=,theajack.github.io,raw/iclass.tku.edu.tw/static/52089.8e7a116e.js,https://iclass.tku.edu.tw/static/52089.8e7a116e.js,absolute-url
https://bit.ly/2ZqJzkp,bit.ly,raw/iclass.tku.edu.tw/static/52089.8e7a116e.js,https://iclass.tku.edu.tw/static/52089.8e7a116e.js,absolute-url
http://www.w3.org/{id}/xhtml,www.w3.org,raw/iclass.tku.edu.tw/static/52089.8e7a116e.js,https://iclass.tku.edu.tw/static/52089.8e7a116e.js,absolute-url
http://www.w3.org/{id}/svg,www.w3.org,raw/iclass.tku.edu.tw/static/52978.5ad543d3.js,https://iclass.tku.edu.tw/static/52978.5ad543d3.js,absolute-url
http://www.w3.org/{id}/xlink,www.w3.org,raw/iclass.tku.edu.tw/static/52978.5ad543d3.js,https://iclass.tku.edu.tw/static/52978.5ad543d3.js,absolute-url
https://theajack.github.io/disable-devtool/{id}.html?h=,theajack.github.io,raw/iclass.tku.edu.tw/static/53.c0cbc657.js,https://iclass.tku.edu.tw/static/53.c0cbc657.js,absolute-url
http://www.w3.org/{id}/xhtml,www.w3.org,raw/iclass.tku.edu.tw/static/53.c0cbc657.js,https://iclass.tku.edu.tw/static/53.c0cbc657.js,absolute-url
https://bit.ly/2ZqJzkp,bit.ly,raw/iclass.tku.edu.tw/static/53105.25c1a9ff.js,https://iclass.tku.edu.tw/static/53105.25c1a9ff.js,absolute-url
http://www.w3.org/{id}/svg,www.w3.org,raw/iclass.tku.edu.tw/static/53726.ad1e1769.js,https://iclass.tku.edu.tw/static/53726.ad1e1769.js,absolute-url
http://www.w3.org/{id}/xlink,www.w3.org,raw/iclass.tku.edu.tw/static/53726.ad1e1769.js,https://iclass.tku.edu.tw/static/53726.ad1e1769.js,absolute-url
http://www.w3.org/{id}/svg,www.w3.org,raw/iclass.tku.edu.tw/static/53728.9ede78a6.js,https://iclass.tku.edu.tw/static/53728.9ede78a6.js,absolute-url
http://www.w3.org/{id}/svg,www.w3.org,raw/iclass.tku.edu.tw/static/54941.87cf006d.js,https://iclass.tku.edu.tw/static/54941.87cf006d.js,absolute-url
http://www.w3.org/{id}/xlink,www.w3.org,raw/iclass.tku.edu.tw/static/54941.87cf006d.js,https://iclass.tku.edu.tw/static/54941.87cf006d.js,absolute-url
https://eduhub.zju.edu.cn/,eduhub.zju.edu.cn,raw/iclass.tku.edu.tw/static/55054-c6f7d5e3.js,https://iclass.tku.edu.tw/static/55054-c6f7d5e3.js,absolute-url
https://tronclass.com,tronclass.com,raw/iclass.tku.edu.tw/static/55054-c6f7d5e3.js,https://iclass.tku.edu.tw/static/55054-c6f7d5e3.js,absolute-url
"https://eduhub.zju.edu.cn/),",eduhub.zju.edu.cn,raw/iclass.tku.edu.tw/static/55054-c6f7d5e3.js,https://iclass.tku.edu.tw/static/55054-c6f7d5e3.js,absolute-url
https://tronclass.com.cn,tronclass.com.cn,raw/iclass.tku.edu.tw/static/55054-c6f7d5e3.js,https://iclass.tku.edu.tw/static/55054-c6f7d5e3.js,absolute-url
https://eduhub.zju.edu.cn/),eduhub.zju.edu.cn,raw/iclass.tku.edu.tw/static/55054-c6f7d5e3.js,https://iclass.tku.edu.tw/static/55054-c6f7d5e3.js,absolute-url
https://bit.ly/2ZqJzkp,bit.ly,raw/iclass.tku.edu.tw/static/5587.35565f0b.js,https://iclass.tku.edu.tw/static/5587.35565f0b.js,absolute-url
https://errors.angularjs.org/1.9.9/,errors.angularjs.org,raw/iclass.tku.edu.tw/static/56029-a5e838cb.js,https://iclass.tku.edu.tw/static/56029-a5e838cb.js,absolute-url
http://docs.angularjs.org/api/angular.element,docs.angularjs.org,raw/iclass.tku.edu.tw/static/56029-a5e838cb.js,https://iclass.tku.edu.tw/static/56029-a5e838cb.js,absolute-url
http://docs.angularjs.org/api/ng.$sce,docs.angularjs.org,raw/iclass.tku.edu.tw/static/56029-a5e838cb.js,https://iclass.tku.edu.tw/static/56029-a5e838cb.js,absolute-url
http://[:{param}],[,raw/iclass.tku.edu.tw/static/56029-a5e838cb.js,https://iclass.tku.edu.tw/static/56029-a5e838cb.js,absolute-url
https://theajack.github.io/disable-devtool/{id}.html?h=,theajack.github.io,raw/iclass.tku.edu.tw/static/56342.a7791db6.js,https://iclass.tku.edu.tw/static/56342.a7791db6.js,absolute-url
http://www.w3.org/{id}/xhtml,www.w3.org,raw/iclass.tku.edu.tw/static/56342.a7791db6.js,https://iclass.tku.edu.tw/static/56342.a7791db6.js,absolute-url
http://a,a,raw/iclass.tku.edu.tw/static/56662-98922b29.js,https://iclass.tku.edu.tw/static/56662-98922b29.js,absolute-url
http://a/c%20d?a=1&c=3,a,raw/iclass.tku.edu.tw/static/56662-98922b29.js,https://iclass.tku.edu.tw/static/56662-98922b29.js,absolute-url
https://a@b,b,raw/iclass.tku.edu.tw/static/56662-98922b29.js,https://iclass.tku.edu.tw/static/56662-98922b29.js,absolute-url
http://a#,a,raw/iclass.tku.edu.tw/static/56662-98922b29.js,https://iclass.tku.edu.tw/static/56662-98922b29.js,absolute-url
http://x,x,raw/iclass.tku.edu.tw/static/56662-98922b29.js,https://iclass.tku.edu.tw/static/56662-98922b29.js,absolute-url
http://www.w3.org/{id}/svg,www.w3.org,raw/iclass.tku.edu.tw/static/56713.b99c62e5.js,https://iclass.tku.edu.tw/static/56713.b99c62e5.js,absolute-url
http://www.w3.org/{id}/xlink,www.w3.org,raw/iclass.tku.edu.tw/static/56713.b99c62e5.js,https://iclass.tku.edu.tw/static/56713.b99c62e5.js,absolute-url
https://bit.ly/2ZqJzkp,bit.ly,raw/iclass.tku.edu.tw/static/56863.f4fc13e3.js,https://iclass.tku.edu.tw/static/56863.f4fc13e3.js,absolute-url
https://eduhub.zju.edu.cn/,eduhub.zju.edu.cn,raw/iclass.tku.edu.tw/static/56964-1b41e91f.js,https://iclass.tku.edu.tw/static/56964-1b41e91f.js,absolute-url
https://tronclass.com,tronclass.com,raw/iclass.tku.edu.tw/static/56964-1b41e91f.js,https://iclass.tku.edu.tw/static/56964-1b41e91f.js,absolute-url
http://www.w3.org/{id}/svg,www.w3.org,raw/iclass.tku.edu.tw/static/56998.6f4a56d4.js,https://iclass.tku.edu.tw/static/56998.6f4a56d4.js,absolute-url
http://www.w3.org/{id}/svg,www.w3.org,raw/iclass.tku.edu.tw/static/57006.98dfde3c.js,https://iclass.tku.edu.tw/static/57006.98dfde3c.js,absolute-url
http://www.w3.org/{id}/xlink,www.w3.org,raw/iclass.tku.edu.tw/static/57006.98dfde3c.js,https://iclass.tku.edu.tw/static/57006.98dfde3c.js,absolute-url
https://theajack.github.io/disable-devtool/{id}.html?h=,theajack.github.io,raw/iclass.tku.edu.tw/static/57113.5df0efb5.js,https://iclass.tku.edu.tw/static/57113.5df0efb5.js,absolute-url
https://bit.ly/2ZqJzkp,bit.ly,raw/iclass.tku.edu.tw/static/57113.5df0efb5.js,https://iclass.tku.edu.tw/static/57113.5df0efb5.js,absolute-url
http://www.w3.org/{id}/xhtml,www.w3.org,raw/iclass.tku.edu.tw/static/57113.5df0efb5.js,https://iclass.tku.edu.tw/static/57113.5df0efb5.js,absolute-url
https://github.com/uuidjs/uuid#getrandomvalues-not-supported,github.com,raw/iclass.tku.edu.tw/static/577.79664bc6.js,https://iclass.tku.edu.tw/static/577.79664bc6.js,absolute-url
https://theajack.github.io/disable-devtool/{id}.html?h=,theajack.github.io,raw/iclass.tku.edu.tw/static/57883.42b1c386.js,https://iclass.tku.edu.tw/static/57883.42b1c386.js,absolute-url
https://bit.ly/2ZqJzkp,bit.ly,raw/iclass.tku.edu.tw/static/57883.42b1c386.js,https://iclass.tku.edu.tw/static/57883.42b1c386.js,absolute-url
http://www.w3.org/{id}/xhtml,www.w3.org,raw/iclass.tku.edu.tw/static/57883.42b1c386.js,https://iclass.tku.edu.tw/static/57883.42b1c386.js,absolute-url
http://www.w3.org/{id}/svg,www.w3.org,raw/iclass.tku.edu.tw/static/58273.0c6eb6f2.js,https://iclass.tku.edu.tw/static/58273.0c6eb6f2.js,absolute-url
http://www.w3.org/{id}/xlink,www.w3.org,raw/iclass.tku.edu.tw/static/58273.0c6eb6f2.js,https://iclass.tku.edu.tw/static/58273.0c6eb6f2.js,absolute-url
http://momentjs.com/guides/#/warnings/define-locale/,momentjs.com,raw/iclass.tku.edu.tw/static/58354.7f76f53b.js,https://iclass.tku.edu.tw/static/58354.7f76f53b.js,absolute-url
http://momentjs.com/guides/#/warnings/js-date/,momentjs.com,raw/iclass.tku.edu.tw/static/58354.7f76f53b.js,https://iclass.tku.edu.tw/static/58354.7f76f53b.js,absolute-url
http://momentjs.com/guides/#/warnings/min-max/,momentjs.com,raw/iclass.tku.edu.tw/static/58354.7f76f53b.js,https://iclass.tku.edu.tw/static/58354.7f76f53b.js,absolute-url
http://momentjs.com/guides/#/warnings/add-inverted-param/,momentjs.com,raw/iclass.tku.edu.tw/static/58354.7f76f53b.js,https://iclass.tku.edu.tw/static/58354.7f76f53b.js,absolute-url
http://momentjs.com/guides/#/warnings/zone/,momentjs.com,raw/iclass.tku.edu.tw/static/58354.7f76f53b.js,https://iclass.tku.edu.tw/static/58354.7f76f53b.js,absolute-url
http://momentjs.com/guides/#/warnings/dst-shifted/,momentjs.com,raw/iclass.tku.edu.tw/static/58354.7f76f53b.js,https://iclass.tku.edu.tw/static/58354.7f76f53b.js,absolute-url
http://www.w3.org/{id}/svg,www.w3.org,raw/iclass.tku.edu.tw/static/58354.7f76f53b.js,https://iclass.tku.edu.tw/static/58354.7f76f53b.js,absolute-url
https://bit.ly/2ZqJzkp,bit.ly,raw/iclass.tku.edu.tw/static/58675.04b6ab05.js,https://iclass.tku.edu.tw/static/58675.04b6ab05.js,absolute-url
https://github.com/uuidjs/uuid#getrandomvalues-not-supported,github.com,raw/iclass.tku.edu.tw/static/58675.04b6ab05.js,https://iclass.tku.edu.tw/static/58675.04b6ab05.js,absolute-url
https://theajack.github.io/disable-devtool/{id}.html?h=,theajack.github.io,raw/iclass.tku.edu.tw/static/58679.3fba6252.js,https://iclass.tku.edu.tw/static/58679.3fba6252.js,absolute-url
https://bit.ly/2ZqJzkp,bit.ly,raw/iclass.tku.edu.tw/static/58679.3fba6252.js,https://iclass.tku.edu.tw/static/58679.3fba6252.js,absolute-url
http://www.w3.org/{id}/xhtml,www.w3.org,raw/iclass.tku.edu.tw/static/58679.3fba6252.js,https://iclass.tku.edu.tw/static/58679.3fba6252.js,absolute-url
http://www.w3.org/{id}/svg,www.w3.org,raw/iclass.tku.edu.tw/static/59576.7aadb53f.js,https://iclass.tku.edu.tw/static/59576.7aadb53f.js,absolute-url
http://www.w3.org/{id}/Math/MathML,www.w3.org,raw/iclass.tku.edu.tw/static/59576.7aadb53f.js,https://iclass.tku.edu.tw/static/59576.7aadb53f.js,absolute-url
http://www.w3.org/{id}/svg,www.w3.org,raw/iclass.tku.edu.tw/static/59886.f34b09d1.js,https://iclass.tku.edu.tw/static/59886.f34b09d1.js,absolute-url
http://www.w3.org/{id}/xlink,www.w3.org,raw/iclass.tku.edu.tw/static/59886.f34b09d1.js,https://iclass.tku.edu.tw/static/59886.f34b09d1.js,absolute-url
https://theajack.github.io/disable-devtool/{id}.html?h=,theajack.github.io,raw/iclass.tku.edu.tw/static/59886.f34b09d1.js,https://iclass.tku.edu.tw/static/59886.f34b09d1.js,absolute-url
http://www.w3.org/{id}/xhtml,www.w3.org,raw/iclass.tku.edu.tw/static/59886.f34b09d1.js,https://iclass.tku.edu.tw/static/59886.f34b09d1.js,absolute-url
https://github.com/uuidjs/uuid#getrandomvalues-not-supported,github.com,raw/iclass.tku.edu.tw/static/59988-09b8540a.js,https://iclass.tku.edu.tw/static/59988-09b8540a.js,absolute-url
https://theajack.github.io/disable-devtool/{id}.html?h=,theajack.github.io,raw/iclass.tku.edu.tw/static/60648.4f93b3a9.js,https://iclass.tku.edu.tw/static/60648.4f93b3a9.js,absolute-url
https://bit.ly/2ZqJzkp,bit.ly,raw/iclass.tku.edu.tw/static/60648.4f93b3a9.js,https://iclass.tku.edu.tw/static/60648.4f93b3a9.js,absolute-url
http://www.w3.org/{id}/xhtml,www.w3.org,raw/iclass.tku.edu.tw/static/60648.4f93b3a9.js,https://iclass.tku.edu.tw/static/60648.4f93b3a9.js,absolute-url
https://apis.google.com/js/api.js,apis.google.com,raw/iclass.tku.edu.tw/static/60808.eaed23a8.js,https://iclass.tku.edu.tw/static/60808.eaed23a8.js,absolute-url
https://bit.ly/2ZqJzkp,bit.ly,raw/iclass.tku.edu.tw/static/61141.8306379c.js,https://iclass.tku.edu.tw/static/61141.8306379c.js,absolute-url
http://www.w3.org/{id}/svg,www.w3.org,raw/iclass.tku.edu.tw/static/61400.78d9abe8.js,https://iclass.tku.edu.tw/static/61400.78d9abe8.js,absolute-url
http://www.w3.org/{id}/xlink,www.w3.org,raw/iclass.tku.edu.tw/static/61400.78d9abe8.js,https://iclass.tku.edu.tw/static/61400.78d9abe8.js,absolute-url
https://momentjs.com/timezone/docs/#/use-it/browser/,momentjs.com,raw/iclass.tku.edu.tw/static/61409-cf835457.js,https://iclass.tku.edu.tw/static/61409-cf835457.js,absolute-url
http://momentjs.com/timezone/docs/#/data-loading/.,momentjs.com,raw/iclass.tku.edu.tw/static/61409-cf835457.js,https://iclass.tku.edu.tw/static/61409-cf835457.js,absolute-url
https://theajack.github.io/disable-devtool/{id}.html?h=,theajack.github.io,raw/iclass.tku.edu.tw/static/61479.770d5a68.js,https://iclass.tku.edu.tw/static/61479.770d5a68.js,absolute-url
https://bit.ly/2ZqJzkp,bit.ly,raw/iclass.tku.edu.tw/static/61479.770d5a68.js,https://iclass.tku.edu.tw/static/61479.770d5a68.js,absolute-url
http://www.w3.org/{id}/xhtml,www.w3.org,raw/iclass.tku.edu.tw/static/61479.770d5a68.js,https://iclass.tku.edu.tw/static/61479.770d5a68.js,absolute-url
https://bit.ly/2ZqJzkp,bit.ly,raw/iclass.tku.edu.tw/static/61813.953957a8.js,https://iclass.tku.edu.tw/static/61813.953957a8.js,absolute-url
https://theajack.github.io/disable-devtool/{id}.html?h=,theajack.github.io,raw/iclass.tku.edu.tw/static/61827.21c6f16e.js,https://iclass.tku.edu.tw/static/61827.21c6f16e.js,absolute-url
https://bit.ly/2ZqJzkp,bit.ly,raw/iclass.tku.edu.tw/static/61827.21c6f16e.js,https://iclass.tku.edu.tw/static/61827.21c6f16e.js,absolute-url
http://www.w3.org/{id}/xhtml,www.w3.org,raw/iclass.tku.edu.tw/static/61827.21c6f16e.js,https://iclass.tku.edu.tw/static/61827.21c6f16e.js,absolute-url
https://bit.ly/2ZqJzkp,bit.ly,raw/iclass.tku.edu.tw/static/62383.f956d0b8.js,https://iclass.tku.edu.tw/static/62383.f956d0b8.js,absolute-url
https://theajack.github.io/disable-devtool/{id}.html?h=,theajack.github.io,raw/iclass.tku.edu.tw/static/62699.d8a837e2.js,https://iclass.tku.edu.tw/static/62699.d8a837e2.js,absolute-url
http://www.w3.org/{id}/xhtml,www.w3.org,raw/iclass.tku.edu.tw/static/62699.d8a837e2.js,https://iclass.tku.edu.tw/static/62699.d8a837e2.js,absolute-url
http://www.w3.org/{id}/xlink,www.w3.org,raw/iclass.tku.edu.tw/static/62893-20da0904.js,https://iclass.tku.edu.tw/static/62893-20da0904.js,absolute-url
http://www.w3.org/{id}/svg,www.w3.org,raw/iclass.tku.edu.tw/static/62893-20da0904.js,https://iclass.tku.edu.tw/static/62893-20da0904.js,absolute-url
http://www.w3.org/{id}/Math/MathML,www.w3.org,raw/iclass.tku.edu.tw/static/62893-20da0904.js,https://iclass.tku.edu.tw/static/62893-20da0904.js,absolute-url
http://www.w3.org/{id}/svg,www.w3.org,raw/iclass.tku.edu.tw/static/63203.dad5d7b0.js,https://iclass.tku.edu.tw/static/63203.dad5d7b0.js,absolute-url
http://www.w3.org/{id}/xlink,www.w3.org,raw/iclass.tku.edu.tw/static/63203.dad5d7b0.js,https://iclass.tku.edu.tw/static/63203.dad5d7b0.js,absolute-url
https://theajack.github.io/disable-devtool/{id}.html?h=,theajack.github.io,raw/iclass.tku.edu.tw/static/63203.dad5d7b0.js,https://iclass.tku.edu.tw/static/63203.dad5d7b0.js,absolute-url
http://www.w3.org/{id}/xhtml,www.w3.org,raw/iclass.tku.edu.tw/static/63203.dad5d7b0.js,https://iclass.tku.edu.tw/static/63203.dad5d7b0.js,absolute-url
http://www.w3.org/{id}/svg,www.w3.org,raw/iclass.tku.edu.tw/static/63394.db235a9c.js,https://iclass.tku.edu.tw/static/63394.db235a9c.js,absolute-url
http://www.w3.org/{id}/xlink,www.w3.org,raw/iclass.tku.edu.tw/static/63394.db235a9c.js,https://iclass.tku.edu.tw/static/63394.db235a9c.js,absolute-url
https://apis.google.com/js/api.js,apis.google.com,raw/iclass.tku.edu.tw/static/63756-2279254e.js,https://iclass.tku.edu.tw/static/63756-2279254e.js,absolute-url
https://bit.ly/2ZqJzkp,bit.ly,raw/iclass.tku.edu.tw/static/6411.2a21fe06.js,https://iclass.tku.edu.tw/static/6411.2a21fe06.js,absolute-url
http://www.w3.org/{id}/svg,www.w3.org,raw/iclass.tku.edu.tw/static/64274.801be9be.js,https://iclass.tku.edu.tw/static/64274.801be9be.js,absolute-url
http://www.w3.org/{id}/xlink,www.w3.org,raw/iclass.tku.edu.tw/static/64274.801be9be.js,https://iclass.tku.edu.tw/static/64274.801be9be.js,absolute-url
https://theajack.github.io/disable-devtool/{id}.html?h=,theajack.github.io,raw/iclass.tku.edu.tw/static/64422.c3faf34c.js,https://iclass.tku.edu.tw/static/64422.c3faf34c.js,absolute-url
http://www.w3.org/{id}/xhtml,www.w3.org,raw/iclass.tku.edu.tw/static/64422.c3faf34c.js,https://iclass.tku.edu.tw/static/64422.c3faf34c.js,absolute-url
https://theajack.github.io/disable-devtool/{id}.html?h=,theajack.github.io,raw/iclass.tku.edu.tw/static/64608.9531c22f.js,https://iclass.tku.edu.tw/static/64608.9531c22f.js,absolute-url
https://bit.ly/2ZqJzkp,bit.ly,raw/iclass.tku.edu.tw/static/64608.9531c22f.js,https://iclass.tku.edu.tw/static/64608.9531c22f.js,absolute-url
http://www.w3.org/{id}/xhtml,www.w3.org,raw/iclass.tku.edu.tw/static/64608.9531c22f.js,https://iclass.tku.edu.tw/static/64608.9531c22f.js,absolute-url
https://github.com/rich-harris/magic-string,github.com,raw/iclass.tku.edu.tw/static/6485-9ef9b8a8.js,https://iclass.tku.edu.tw/static/6485-9ef9b8a8.js,absolute-url
http://www.w3.org/{id}/svg,www.w3.org,raw/iclass.tku.edu.tw/static/66278.7b246336.js,https://iclass.tku.edu.tw/static/66278.7b246336.js,absolute-url
http://www.w3.org/{id}/xlink,www.w3.org,raw/iclass.tku.edu.tw/static/66278.7b246336.js,https://iclass.tku.edu.tw/static/66278.7b246336.js,absolute-url
https://player.youku.com/embed/,player.youku.com,raw/iclass.tku.edu.tw/static/66491-8f0068cd.js,https://iclass.tku.edu.tw/static/66491-8f0068cd.js,absolute-url
https://web.microsoftstream.com/embed/video/,web.microsoftstream.com,raw/iclass.tku.edu.tw/static/66491-8f0068cd.js,https://iclass.tku.edu.tw/static/66491-8f0068cd.js,absolute-url
https://player.vimeo.com/video/,player.vimeo.com,raw/iclass.tku.edu.tw/static/66491-8f0068cd.js,https://iclass.tku.edu.tw/static/66491-8f0068cd.js,absolute-url
https://bit.ly/2ZqJzkp,bit.ly,raw/iclass.tku.edu.tw/static/66498.ce4f1ab9.js,https://iclass.tku.edu.tw/static/66498.ce4f1ab9.js,absolute-url
https://theajack.github.io/disable-devtool/{id}.html?h=,theajack.github.io,raw/iclass.tku.edu.tw/static/66563.ae6e7541.js,https://iclass.tku.edu.tw/static/66563.ae6e7541.js,absolute-url
http://www.w3.org/{id}/xhtml,www.w3.org,raw/iclass.tku.edu.tw/static/66563.ae6e7541.js,https://iclass.tku.edu.tw/static/66563.ae6e7541.js,absolute-url
https://theajack.github.io/disable-devtool/{id}.html?h=,theajack.github.io,raw/iclass.tku.edu.tw/static/66818.a7791db6.js,https://iclass.tku.edu.tw/static/66818.a7791db6.js,absolute-url
http://www.w3.org/{id}/xhtml,www.w3.org,raw/iclass.tku.edu.tw/static/66818.a7791db6.js,https://iclass.tku.edu.tw/static/66818.a7791db6.js,absolute-url
https://theajack.github.io/disable-devtool/{id}.html?h=,theajack.github.io,raw/iclass.tku.edu.tw/static/67243.c3410563.js,https://iclass.tku.edu.tw/static/67243.c3410563.js,absolute-url
https://bit.ly/2ZqJzkp,bit.ly,raw/iclass.tku.edu.tw/static/67243.c3410563.js,https://iclass.tku.edu.tw/static/67243.c3410563.js,absolute-url
http://www.w3.org/{id}/xhtml,www.w3.org,raw/iclass.tku.edu.tw/static/67243.c3410563.js,https://iclass.tku.edu.tw/static/67243.c3410563.js,absolute-url
https://theajack.github.io/disable-devtool/{id}.html?h=,theajack.github.io,raw/iclass.tku.edu.tw/static/68610.a1465cdd.js,https://iclass.tku.edu.tw/static/68610.a1465cdd.js,absolute-url
http://www.w3.org/{id}/xhtml,www.w3.org,raw/iclass.tku.edu.tw/static/68610.a1465cdd.js,https://iclass.tku.edu.tw/static/68610.a1465cdd.js,absolute-url
http://www.w3.org/{id}/svg,www.w3.org,raw/iclass.tku.edu.tw/static/68924-a30f5597.js,https://iclass.tku.edu.tw/static/68924-a30f5597.js,absolute-url
http://www.w3.org/{id}/xlink,www.w3.org,raw/iclass.tku.edu.tw/static/68924-a30f5597.js,https://iclass.tku.edu.tw/static/68924-a30f5597.js,absolute-url
http://www.w3.org/{id}/Math/MathML,www.w3.org,raw/iclass.tku.edu.tw/static/68924-a30f5597.js,https://iclass.tku.edu.tw/static/68924-a30f5597.js,absolute-url
https://theajack.github.io/disable-devtool/{id}.html?h=,theajack.github.io,raw/iclass.tku.edu.tw/static/69491.6cdc5b39.js,https://iclass.tku.edu.tw/static/69491.6cdc5b39.js,absolute-url
http://www.w3.org/{id}/xhtml,www.w3.org,raw/iclass.tku.edu.tw/static/69491.6cdc5b39.js,https://iclass.tku.edu.tw/static/69491.6cdc5b39.js,absolute-url
https://bit.ly/2ZqJzkp,bit.ly,raw/iclass.tku.edu.tw/static/69624.97c435f8.js,https://iclass.tku.edu.tw/static/69624.97c435f8.js,absolute-url
http://www.w3.org/{id}/svg,www.w3.org,raw/iclass.tku.edu.tw/static/69818.9b77c722.js,https://iclass.tku.edu.tw/static/69818.9b77c722.js,absolute-url
http://www.w3.org/{id}/xlink,www.w3.org,raw/iclass.tku.edu.tw/static/69818.9b77c722.js,https://iclass.tku.edu.tw/static/69818.9b77c722.js,absolute-url
https://theajack.github.io/disable-devtool/{id}.html?h=,theajack.github.io,raw/iclass.tku.edu.tw/static/70050-769538b7.js,https://iclass.tku.edu.tw/static/70050-769538b7.js,absolute-url
https://github.com/uuidjs/uuid#getrandomvalues-not-supported,github.com,raw/iclass.tku.edu.tw/static/70050-769538b7.js,https://iclass.tku.edu.tw/static/70050-769538b7.js,absolute-url
http://www.w3.org/{id}/xhtml,www.w3.org,raw/iclass.tku.edu.tw/static/70050-769538b7.js,https://iclass.tku.edu.tw/static/70050-769538b7.js,absolute-url
https://bit.ly/2ZqJzkp,bit.ly,raw/iclass.tku.edu.tw/static/70413.90f6375a.js,https://iclass.tku.edu.tw/static/70413.90f6375a.js,absolute-url
https://bit.ly/2ZqJzkp,bit.ly,raw/iclass.tku.edu.tw/static/70452.c1254ddb.js,https://iclass.tku.edu.tw/static/70452.c1254ddb.js,absolute-url
http://www.w3.org/{id}/svg,www.w3.org,raw/iclass.tku.edu.tw/static/70925.0642e290.js,https://iclass.tku.edu.tw/static/70925.0642e290.js,absolute-url
https://social-plugins.line.me/lineit/share?url=',social-plugins.line.me,raw/iclass.tku.edu.tw/static/70925.0642e290.js,https://iclass.tku.edu.tw/static/70925.0642e290.js,absolute-url
https://www.facebook.com/sharer/sharer.php?u=',www.facebook.com,raw/iclass.tku.edu.tw/static/70925.0642e290.js,https://iclass.tku.edu.tw/static/70925.0642e290.js,absolute-url
https://theajack.github.io/disable-devtool/{id}.html?h=,theajack.github.io,raw/iclass.tku.edu.tw/static/71218.801909bf.js,https://iclass.tku.edu.tw/static/71218.801909bf.js,absolute-url
http://www.w3.org/{id}/xhtml,www.w3.org,raw/iclass.tku.edu.tw/static/71218.801909bf.js,https://iclass.tku.edu.tw/static/71218.801909bf.js,absolute-url
https://theajack.github.io/disable-devtool/{id}.html?h=,theajack.github.io,raw/iclass.tku.edu.tw/static/71409.b3a7508b.js,https://iclass.tku.edu.tw/static/71409.b3a7508b.js,absolute-url
https://bit.ly/2ZqJzkp,bit.ly,raw/iclass.tku.edu.tw/static/71409.b3a7508b.js,https://iclass.tku.edu.tw/static/71409.b3a7508b.js,absolute-url
http://www.w3.org/{id}/xhtml,www.w3.org,raw/iclass.tku.edu.tw/static/71409.b3a7508b.js,https://iclass.tku.edu.tw/static/71409.b3a7508b.js,absolute-url
https://bit.ly/2ZqJzkp,bit.ly,raw/iclass.tku.edu.tw/static/7145.f956d0b8.js,https://iclass.tku.edu.tw/static/7145.f956d0b8.js,absolute-url
http://www.w3.org/{id}/svg,www.w3.org,raw/iclass.tku.edu.tw/static/71801.5840c816.js,https://iclass.tku.edu.tw/static/71801.5840c816.js,absolute-url
https://bit.ly/2ZqJzkp,bit.ly,raw/iclass.tku.edu.tw/static/71803.e3212d70.js,https://iclass.tku.edu.tw/static/71803.e3212d70.js,absolute-url
https://theajack.github.io/disable-devtool/{id}.html?h=,theajack.github.io,raw/iclass.tku.edu.tw/static/72088.99a96a97.js,https://iclass.tku.edu.tw/static/72088.99a96a97.js,absolute-url
http://www.w3.org/{id}/xhtml,www.w3.org,raw/iclass.tku.edu.tw/static/72088.99a96a97.js,https://iclass.tku.edu.tw/static/72088.99a96a97.js,absolute-url
http://www.w3.org/{id}/svg,www.w3.org,raw/iclass.tku.edu.tw/static/72366.cf741b4a.js,https://iclass.tku.edu.tw/static/72366.cf741b4a.js,absolute-url
http://www.w3.org/{id}/xhtml,www.w3.org,raw/iclass.tku.edu.tw/static/72366.cf741b4a.js,https://iclass.tku.edu.tw/static/72366.cf741b4a.js,absolute-url
http://www.w3.org/{id}/xlink,www.w3.org,raw/iclass.tku.edu.tw/static/72366.cf741b4a.js,https://iclass.tku.edu.tw/static/72366.cf741b4a.js,absolute-url
http://www.w3.org/XML/{id}/namespace,www.w3.org,raw/iclass.tku.edu.tw/static/72366.cf741b4a.js,https://iclass.tku.edu.tw/static/72366.cf741b4a.js,absolute-url
http://www.w3.org/{id}/xmlns/,www.w3.org,raw/iclass.tku.edu.tw/static/72366.cf741b4a.js,https://iclass.tku.edu.tw/static/72366.cf741b4a.js,absolute-url
https://theajack.github.io/disable-devtool/{id}.html?h=,theajack.github.io,raw/iclass.tku.edu.tw/static/73559.02987d61.js,https://iclass.tku.edu.tw/static/73559.02987d61.js,absolute-url
https://bit.ly/2ZqJzkp,bit.ly,raw/iclass.tku.edu.tw/static/73559.02987d61.js,https://iclass.tku.edu.tw/static/73559.02987d61.js,absolute-url
http://www.w3.org/{id}/xhtml,www.w3.org,raw/iclass.tku.edu.tw/static/73559.02987d61.js,https://iclass.tku.edu.tw/static/73559.02987d61.js,absolute-url
https://co.aippt.cn/api/grant/code?uid=,co.aippt.cn,raw/iclass.tku.edu.tw/static/74184.eb9a6df6.js,https://iclass.tku.edu.tw/static/74184.eb9a6df6.js,absolute-url
http://www.w3.org/{id}/svg,www.w3.org,raw/iclass.tku.edu.tw/static/74211.ce3083a7.js,https://iclass.tku.edu.tw/static/74211.ce3083a7.js,absolute-url
http://www.w3.org/{id}/xlink,www.w3.org,raw/iclass.tku.edu.tw/static/74211.ce3083a7.js,https://iclass.tku.edu.tw/static/74211.ce3083a7.js,absolute-url
http://www.w3.org/{id}/svg,www.w3.org,raw/iclass.tku.edu.tw/static/7449.21c63a90.js,https://iclass.tku.edu.tw/static/7449.21c63a90.js,absolute-url
http://www.w3.org/{id}/xlink,www.w3.org,raw/iclass.tku.edu.tw/static/7449.21c63a90.js,https://iclass.tku.edu.tw/static/7449.21c63a90.js,absolute-url
https://theajack.github.io/disable-devtool/{id}.html?h=,theajack.github.io,raw/iclass.tku.edu.tw/static/7449.21c63a90.js,https://iclass.tku.edu.tw/static/7449.21c63a90.js,absolute-url
https://github.com/uuidjs/uuid#getrandomvalues-not-supported,github.com,raw/iclass.tku.edu.tw/static/7449.21c63a90.js,https://iclass.tku.edu.tw/static/7449.21c63a90.js,absolute-url
http://www.w3.org/{id}/xhtml,www.w3.org,raw/iclass.tku.edu.tw/static/7449.21c63a90.js,https://iclass.tku.edu.tw/static/7449.21c63a90.js,absolute-url
http://www.w3.org/{id}/svg,www.w3.org,raw/iclass.tku.edu.tw/static/74927.c4fad5cf.js,https://iclass.tku.edu.tw/static/74927.c4fad5cf.js,absolute-url
http://www.w3.org/{id}/xlink,www.w3.org,raw/iclass.tku.edu.tw/static/74927.c4fad5cf.js,https://iclass.tku.edu.tw/static/74927.c4fad5cf.js,absolute-url
https://bit.ly/2ZqJzkp,bit.ly,raw/iclass.tku.edu.tw/static/74927.c4fad5cf.js,https://iclass.tku.edu.tw/static/74927.c4fad5cf.js,absolute-url
https://eduhub.zju.edu.cn/,eduhub.zju.edu.cn,raw/iclass.tku.edu.tw/static/75360-4667ba77.js,https://iclass.tku.edu.tw/static/75360-4667ba77.js,absolute-url
https://tronclass.com,tronclass.com,raw/iclass.tku.edu.tw/static/75360-4667ba77.js,https://iclass.tku.edu.tw/static/75360-4667ba77.js,absolute-url
http://a,a,raw/iclass.tku.edu.tw/static/75513.ea46b502.js,https://iclass.tku.edu.tw/static/75513.ea46b502.js,absolute-url
http://a/c%20d?a=1&c=3,a,raw/iclass.tku.edu.tw/static/75513.ea46b502.js,https://iclass.tku.edu.tw/static/75513.ea46b502.js,absolute-url
https://a@b,b,raw/iclass.tku.edu.tw/static/75513.ea46b502.js,https://iclass.tku.edu.tw/static/75513.ea46b502.js,absolute-url
http://a#,a,raw/iclass.tku.edu.tw/static/75513.ea46b502.js,https://iclass.tku.edu.tw/static/75513.ea46b502.js,absolute-url
http://x,x,raw/iclass.tku.edu.tw/static/75513.ea46b502.js,https://iclass.tku.edu.tw/static/75513.ea46b502.js,absolute-url
http://www.w3.org/{id}/svg,www.w3.org,raw/iclass.tku.edu.tw/static/75789.017d3b22.js,https://iclass.tku.edu.tw/static/75789.017d3b22.js,absolute-url
http://www.w3.org/{id}/xlink,www.w3.org,raw/iclass.tku.edu.tw/static/75789.017d3b22.js,https://iclass.tku.edu.tw/static/75789.017d3b22.js,absolute-url
https://github.com/uuidjs/uuid#getrandomvalues-not-supported,github.com,raw/iclass.tku.edu.tw/static/75789.017d3b22.js,https://iclass.tku.edu.tw/static/75789.017d3b22.js,absolute-url
http://a,a,raw/iclass.tku.edu.tw/static/75789.017d3b22.js,https://iclass.tku.edu.tw/static/75789.017d3b22.js,absolute-url
http://a/c%20d?a=1&c=3,a,raw/iclass.tku.edu.tw/static/75789.017d3b22.js,https://iclass.tku.edu.tw/static/75789.017d3b22.js,absolute-url
https://a@b,b,raw/iclass.tku.edu.tw/static/75789.017d3b22.js,https://iclass.tku.edu.tw/static/75789.017d3b22.js,absolute-url
http://a#,a,raw/iclass.tku.edu.tw/static/75789.017d3b22.js,https://iclass.tku.edu.tw/static/75789.017d3b22.js,absolute-url
http://x,x,raw/iclass.tku.edu.tw/static/75789.017d3b22.js,https://iclass.tku.edu.tw/static/75789.017d3b22.js,absolute-url
https://bit.ly/2ZqJzkp,bit.ly,raw/iclass.tku.edu.tw/static/7623.9a1c3c98.js,https://iclass.tku.edu.tw/static/7623.9a1c3c98.js,absolute-url
http://get.webgl.org,get.webgl.org,raw/iclass.tku.edu.tw/static/76546.56ad0d6e.js,https://iclass.tku.edu.tw/static/76546.56ad0d6e.js,absolute-url
https://www.npmjs.com/package/glsl-read-float,www.npmjs.com,raw/iclass.tku.edu.tw/static/76546.56ad0d6e.js,https://iclass.tku.edu.tw/static/76546.56ad0d6e.js,absolute-url
https://theajack.github.io/disable-devtool/{id}.html?h=,theajack.github.io,raw/iclass.tku.edu.tw/static/76987.9d0adda9.js,https://iclass.tku.edu.tw/static/76987.9d0adda9.js,absolute-url
http://www.w3.org/{id}/xhtml,www.w3.org,raw/iclass.tku.edu.tw/static/76987.9d0adda9.js,https://iclass.tku.edu.tw/static/76987.9d0adda9.js,absolute-url
https://bit.ly/2ZqJzkp,bit.ly,raw/iclass.tku.edu.tw/static/77444.f1068012.js,https://iclass.tku.edu.tw/static/77444.f1068012.js,absolute-url
https://bit.ly/2ZqJzkp,bit.ly,raw/iclass.tku.edu.tw/static/77547.43c71968.js,https://iclass.tku.edu.tw/static/77547.43c71968.js,absolute-url
https://bit.ly/2ZqJzkp,bit.ly,raw/iclass.tku.edu.tw/static/77639-1602a6c5.js,https://iclass.tku.edu.tw/static/77639-1602a6c5.js,absolute-url
http://www.w3.org/{id}/xhtml,www.w3.org,raw/iclass.tku.edu.tw/static/77639-1602a6c5.js,https://iclass.tku.edu.tw/static/77639-1602a6c5.js,absolute-url
http://www.w3.org/{id}/svg,www.w3.org,raw/iclass.tku.edu.tw/static/77680.6fd1da8f.js,https://iclass.tku.edu.tw/static/77680.6fd1da8f.js,absolute-url
http://www.w3.org/{id}/svg,www.w3.org,raw/iclass.tku.edu.tw/static/78262.20b1f323.js,https://iclass.tku.edu.tw/static/78262.20b1f323.js,absolute-url
http://www.w3.org/{id}/xlink,www.w3.org,raw/iclass.tku.edu.tw/static/78262.20b1f323.js,https://iclass.tku.edu.tw/static/78262.20b1f323.js,absolute-url
http://www.w3.org/{id}/svg,www.w3.org,raw/iclass.tku.edu.tw/static/78310.1f19d6f0.js,https://iclass.tku.edu.tw/static/78310.1f19d6f0.js,absolute-url
http://www.w3.org/{id}/xlink,www.w3.org,raw/iclass.tku.edu.tw/static/78310.1f19d6f0.js,https://iclass.tku.edu.tw/static/78310.1f19d6f0.js,absolute-url
http://www.w3.org/{id}/svg,www.w3.org,raw/iclass.tku.edu.tw/static/78358.9dac5b69.js,https://iclass.tku.edu.tw/static/78358.9dac5b69.js,absolute-url
http://www.w3.org/{id}/xlink,www.w3.org,raw/iclass.tku.edu.tw/static/78358.9dac5b69.js,https://iclass.tku.edu.tw/static/78358.9dac5b69.js,absolute-url
https://theajack.github.io/disable-devtool/{id}.html?h=,theajack.github.io,raw/iclass.tku.edu.tw/static/78358.9dac5b69.js,https://iclass.tku.edu.tw/static/78358.9dac5b69.js,absolute-url
https://bit.ly/2ZqJzkp,bit.ly,raw/iclass.tku.edu.tw/static/78358.9dac5b69.js,https://iclass.tku.edu.tw/static/78358.9dac5b69.js,absolute-url
http://www.w3.org/{id}/xhtml,www.w3.org,raw/iclass.tku.edu.tw/static/78358.9dac5b69.js,https://iclass.tku.edu.tw/static/78358.9dac5b69.js,absolute-url
http://jspdf.default.namespaceuri/,jspdf.default.namespaceuri,raw/iclass.tku.edu.tw/static/78435-bff624c3.js,https://iclass.tku.edu.tw/static/78435-bff624c3.js,absolute-url
http://www.w3.org/{id}/02/22-rdf-syntax-ns#,www.w3.org,raw/iclass.tku.edu.tw/static/78435-bff624c3.js,https://iclass.tku.edu.tw/static/78435-bff624c3.js,absolute-url
https://github.com/niklasvh/html2canvas,github.com,raw/iclass.tku.edu.tw/static/78435-bff624c3.js,https://iclass.tku.edu.tw/static/78435-bff624c3.js,absolute-url
https://github.com/cburgmer/rasterizeHTML.js,github.com,raw/iclass.tku.edu.tw/static/78435-bff624c3.js,https://iclass.tku.edu.tw/static/78435-bff624c3.js,absolute-url
http://www.w3.org/{id}/xhtml,www.w3.org,raw/iclass.tku.edu.tw/static/78435-bff624c3.js,https://iclass.tku.edu.tw/static/78435-bff624c3.js,absolute-url
http://www.w3.org/{id}/svg',www.w3.org,raw/iclass.tku.edu.tw/static/79001.978df930.js,https://iclass.tku.edu.tw/static/79001.978df930.js,absolute-url
http://www.w3.org/{id}/svg,www.w3.org,raw/iclass.tku.edu.tw/static/79001.978df930.js,https://iclass.tku.edu.tw/static/79001.978df930.js,absolute-url
https://bit.ly/2ZqJzkp,bit.ly,raw/iclass.tku.edu.tw/static/79157.b8c9b644.js,https://iclass.tku.edu.tw/static/79157.b8c9b644.js,absolute-url
http://www.w3.org/{id}/svg,www.w3.org,raw/iclass.tku.edu.tw/static/79278-3da74896.js,https://iclass.tku.edu.tw/static/79278-3da74896.js,absolute-url
http://www.w3.org/{id}/xhtml,www.w3.org,raw/iclass.tku.edu.tw/static/79278-3da74896.js,https://iclass.tku.edu.tw/static/79278-3da74896.js,absolute-url
http://www.w3.org/{id}/xlink,www.w3.org,raw/iclass.tku.edu.tw/static/79278-3da74896.js,https://iclass.tku.edu.tw/static/79278-3da74896.js,absolute-url
https://unpkg.com/$,unpkg.com,raw/iclass.tku.edu.tw/static/79763.41a8755f.js,https://iclass.tku.edu.tw/static/79763.41a8755f.js,absolute-url
https://cdn.jsdelivr.net/npm/$,cdn.jsdelivr.net,raw/iclass.tku.edu.tw/static/79763.41a8755f.js,https://iclass.tku.edu.tw/static/79763.41a8755f.js,absolute-url
https://theajack.github.io/disable-devtool/{id}.html?h=,theajack.github.io,raw/iclass.tku.edu.tw/static/7977.4109a600.js,https://iclass.tku.edu.tw/static/7977.4109a600.js,absolute-url
https://bit.ly/2ZqJzkp,bit.ly,raw/iclass.tku.edu.tw/static/7977.4109a600.js,https://iclass.tku.edu.tw/static/7977.4109a600.js,absolute-url
http://www.w3.org/{id}/xhtml,www.w3.org,raw/iclass.tku.edu.tw/static/7977.4109a600.js,https://iclass.tku.edu.tw/static/7977.4109a600.js,absolute-url
https://theajack.github.io/disable-devtool/{id}.html?h=,theajack.github.io,raw/iclass.tku.edu.tw/static/80340.f2ff420d.js,https://iclass.tku.edu.tw/static/80340.f2ff420d.js,absolute-url
https://bit.ly/2ZqJzkp,bit.ly,raw/iclass.tku.edu.tw/static/80340.f2ff420d.js,https://iclass.tku.edu.tw/static/80340.f2ff420d.js,absolute-url
http://www.w3.org/{id}/xhtml,www.w3.org,raw/iclass.tku.edu.tw/static/80340.f2ff420d.js,https://iclass.tku.edu.tw/static/80340.f2ff420d.js,absolute-url
https://theajack.github.io/disable-devtool/{id}.html?h=,theajack.github.io,raw/iclass.tku.edu.tw/static/80517.6c77f719.js,https://iclass.tku.edu.tw/static/80517.6c77f719.js,absolute-url
http://www.w3.org/{id}/xhtml,www.w3.org,raw/iclass.tku.edu.tw/static/80517.6c77f719.js,https://iclass.tku.edu.tw/static/80517.6c77f719.js,absolute-url
http://www.w3.org/{id}/svg,www.w3.org,raw/iclass.tku.edu.tw/static/80575.32ea74f5.js,https://iclass.tku.edu.tw/static/80575.32ea74f5.js,absolute-url
http://www.w3.org/{id}/svg,www.w3.org,raw/iclass.tku.edu.tw/static/80824.30d4b893.js,https://iclass.tku.edu.tw/static/80824.30d4b893.js,absolute-url
http://www.w3.org/{id}/xlink,www.w3.org,raw/iclass.tku.edu.tw/static/80824.30d4b893.js,https://iclass.tku.edu.tw/static/80824.30d4b893.js,absolute-url
https://theajack.github.io/disable-devtool/{id}.html?h=,theajack.github.io,raw/iclass.tku.edu.tw/static/81854.5595ac26.js,https://iclass.tku.edu.tw/static/81854.5595ac26.js,absolute-url
http://www.w3.org/{id}/xhtml,www.w3.org,raw/iclass.tku.edu.tw/static/81854.5595ac26.js,https://iclass.tku.edu.tw/static/81854.5595ac26.js,absolute-url
http://www.w3.org/{id}/svg,www.w3.org,raw/iclass.tku.edu.tw/static/82097.57e694a1.js,https://iclass.tku.edu.tw/static/82097.57e694a1.js,absolute-url
http://www.w3.org/{id}/xlink,www.w3.org,raw/iclass.tku.edu.tw/static/82097.57e694a1.js,https://iclass.tku.edu.tw/static/82097.57e694a1.js,absolute-url
https://theajack.github.io/disable-devtool/{id}.html?h=,theajack.github.io,raw/iclass.tku.edu.tw/static/82097.57e694a1.js,https://iclass.tku.edu.tw/static/82097.57e694a1.js,absolute-url
https://bit.ly/2ZqJzkp,bit.ly,raw/iclass.tku.edu.tw/static/82097.57e694a1.js,https://iclass.tku.edu.tw/static/82097.57e694a1.js,absolute-url
http://www.w3.org/{id}/xhtml,www.w3.org,raw/iclass.tku.edu.tw/static/82097.57e694a1.js,https://iclass.tku.edu.tw/static/82097.57e694a1.js,absolute-url
http://eurasia.mycospxk.com/,eurasia.mycospxk.com,raw/iclass.tku.edu.tw/static/82199-32c8112e.js,https://iclass.tku.edu.tw/static/82199-32c8112e.js,absolute-url
https://support.qq.com/product/{id},support.qq.com,raw/iclass.tku.edu.tw/static/82199-32c8112e.js,https://iclass.tku.edu.tw/static/82199-32c8112e.js,absolute-url
https://pwchange.mkc.edu.tw/,pwchange.mkc.edu.tw,raw/iclass.tku.edu.tw/static/82199-32c8112e.js,https://iclass.tku.edu.tw/static/82199-32c8112e.js,absolute-url
https://vimeo.com/,vimeo.com,raw/iclass.tku.edu.tw/static/82236.cce04de7.js,https://iclass.tku.edu.tw/static/82236.cce04de7.js,absolute-url
https://vimeo.com/api/oembed.json?url=,vimeo.com,raw/iclass.tku.edu.tw/static/82236.cce04de7.js,https://iclass.tku.edu.tw/static/82236.cce04de7.js,absolute-url
http://www.w3.org/{id}/svg,www.w3.org,raw/iclass.tku.edu.tw/static/82636.1fe0fe8f.js,https://iclass.tku.edu.tw/static/82636.1fe0fe8f.js,absolute-url
http://www.w3.org/{id}/xlink,www.w3.org,raw/iclass.tku.edu.tw/static/82636.1fe0fe8f.js,https://iclass.tku.edu.tw/static/82636.1fe0fe8f.js,absolute-url
https://stats.g.doubleclick.net/collect?t=dc&aip=1&,stats.g.doubleclick.net,raw/iclass.tku.edu.tw/static/82906.5e360954.js,https://iclass.tku.edu.tw/static/82906.5e360954.js,absolute-url
https://www.google.com/ads/ga-audiences?t=sr&aip=1&,www.google.com,raw/iclass.tku.edu.tw/static/82906.5e360954.js,https://iclass.tku.edu.tw/static/82906.5e360954.js,absolute-url
https://www.google.com/analytics/web/inpage/pub/inpage.js?,www.google.com,raw/iclass.tku.edu.tw/static/82906.5e360954.js,https://iclass.tku.edu.tw/static/82906.5e360954.js,absolute-url
https://www.google-analytics.com/analytics,www.google-analytics.com,raw/iclass.tku.edu.tw/static/82906.5e360954.js,https://iclass.tku.edu.tw/static/82906.5e360954.js,absolute-url
https://bit.ly/2ZqJzkp,bit.ly,raw/iclass.tku.edu.tw/static/83522.8306379c.js,https://iclass.tku.edu.tw/static/83522.8306379c.js,absolute-url
https://theajack.github.io/disable-devtool/{id}.html?h=,theajack.github.io,raw/iclass.tku.edu.tw/static/83564.7e35e3f5.js,https://iclass.tku.edu.tw/static/83564.7e35e3f5.js,absolute-url
http://www.w3.org/{id}/xhtml,www.w3.org,raw/iclass.tku.edu.tw/static/83564.7e35e3f5.js,https://iclass.tku.edu.tw/static/83564.7e35e3f5.js,absolute-url
https://theajack.github.io/disable-devtool/{id}.html?h=,theajack.github.io,raw/iclass.tku.edu.tw/static/84208.21c6f16e.js,https://iclass.tku.edu.tw/static/84208.21c6f16e.js,absolute-url
https://bit.ly/2ZqJzkp,bit.ly,raw/iclass.tku.edu.tw/static/84208.21c6f16e.js,https://iclass.tku.edu.tw/static/84208.21c6f16e.js,absolute-url
http://www.w3.org/{id}/xhtml,www.w3.org,raw/iclass.tku.edu.tw/static/84208.21c6f16e.js,https://iclass.tku.edu.tw/static/84208.21c6f16e.js,absolute-url
https://bit.ly/2ZqJzkp,bit.ly,raw/iclass.tku.edu.tw/static/84764.f956d0b8.js,https://iclass.tku.edu.tw/static/84764.f956d0b8.js,absolute-url
http://www.w3.org/{id}/svg,www.w3.org,raw/iclass.tku.edu.tw/static/84777-351fe131.js,https://iclass.tku.edu.tw/static/84777-351fe131.js,absolute-url
http://www.w3.org/{id}/xlink,www.w3.org,raw/iclass.tku.edu.tw/static/84777-351fe131.js,https://iclass.tku.edu.tw/static/84777-351fe131.js,absolute-url
https://co.aippt.cn/api/grant/code?uid=,co.aippt.cn,raw/iclass.tku.edu.tw/static/84777-351fe131.js,https://iclass.tku.edu.tw/static/84777-351fe131.js,absolute-url
http://www.w3.org/{id}/svg,www.w3.org,raw/iclass.tku.edu.tw/static/8484.b04c28f0.js,https://iclass.tku.edu.tw/static/8484.b04c28f0.js,absolute-url
http://www.w3.org/{id}/xlink,www.w3.org,raw/iclass.tku.edu.tw/static/8484.b04c28f0.js,https://iclass.tku.edu.tw/static/8484.b04c28f0.js,absolute-url
https://theajack.github.io/disable-devtool/{id}.html?h=,theajack.github.io,raw/iclass.tku.edu.tw/static/85080.d8a837e2.js,https://iclass.tku.edu.tw/static/85080.d8a837e2.js,absolute-url
http://www.w3.org/{id}/xhtml,www.w3.org,raw/iclass.tku.edu.tw/static/85080.d8a837e2.js,https://iclass.tku.edu.tw/static/85080.d8a837e2.js,absolute-url
http://www.w3.org/{id}/svg,www.w3.org,raw/iclass.tku.edu.tw/static/85584.3eacd85b.js,https://iclass.tku.edu.tw/static/85584.3eacd85b.js,absolute-url
http://www.w3.org/{id}/xlink,www.w3.org,raw/iclass.tku.edu.tw/static/85584.3eacd85b.js,https://iclass.tku.edu.tw/static/85584.3eacd85b.js,absolute-url
https://theajack.github.io/disable-devtool/{id}.html?h=,theajack.github.io,raw/iclass.tku.edu.tw/static/85584.3eacd85b.js,https://iclass.tku.edu.tw/static/85584.3eacd85b.js,absolute-url
http://www.w3.org/{id}/xhtml,www.w3.org,raw/iclass.tku.edu.tw/static/85584.3eacd85b.js,https://iclass.tku.edu.tw/static/85584.3eacd85b.js,absolute-url
https://theajack.github.io/disable-devtool/{id}.html?h=,theajack.github.io,raw/iclass.tku.edu.tw/static/86066.8fa17c6e.js,https://iclass.tku.edu.tw/static/86066.8fa17c6e.js,absolute-url
http://www.w3.org/{id}/xhtml,www.w3.org,raw/iclass.tku.edu.tw/static/86066.8fa17c6e.js,https://iclass.tku.edu.tw/static/86066.8fa17c6e.js,absolute-url
"https://player.vimeo.com/video/'.concat(i,'",player.vimeo.com,raw/iclass.tku.edu.tw/static/8751.09360549.js,https://iclass.tku.edu.tw/static/8751.09360549.js,absolute-url
https://theajack.github.io/disable-devtool/{id}.html?h=,theajack.github.io,raw/iclass.tku.edu.tw/static/87966.b48076d1.js,https://iclass.tku.edu.tw/static/87966.b48076d1.js,absolute-url
https://bit.ly/2ZqJzkp,bit.ly,raw/iclass.tku.edu.tw/static/87966.b48076d1.js,https://iclass.tku.edu.tw/static/87966.b48076d1.js,absolute-url
http://www.w3.org/{id}/xhtml,www.w3.org,raw/iclass.tku.edu.tw/static/87966.b48076d1.js,https://iclass.tku.edu.tw/static/87966.b48076d1.js,absolute-url
https://theajack.github.io/disable-devtool/{id}.html?h=,theajack.github.io,raw/iclass.tku.edu.tw/static/88608.f901def8.js,https://iclass.tku.edu.tw/static/88608.f901def8.js,absolute-url
https://bit.ly/2ZqJzkp,bit.ly,raw/iclass.tku.edu.tw/static/88608.f901def8.js,https://iclass.tku.edu.tw/static/88608.f901def8.js,absolute-url
http://www.w3.org/{id}/xhtml,www.w3.org,raw/iclass.tku.edu.tw/static/88608.f901def8.js,https://iclass.tku.edu.tw/static/88608.f901def8.js,absolute-url
http://www.w3.org/{id}/svg,www.w3.org,raw/iclass.tku.edu.tw/static/89087.e4029a95.js,https://iclass.tku.edu.tw/static/89087.e4029a95.js,absolute-url
http://www.w3.org/{id}/xlink,www.w3.org,raw/iclass.tku.edu.tw/static/89087.e4029a95.js,https://iclass.tku.edu.tw/static/89087.e4029a95.js,absolute-url
http://www.w3.org/{id}/svg,www.w3.org,raw/iclass.tku.edu.tw/static/89151.d555e2cf.js,https://iclass.tku.edu.tw/static/89151.d555e2cf.js,absolute-url
http://www.w3.org/{id}/xlink,www.w3.org,raw/iclass.tku.edu.tw/static/89151.d555e2cf.js,https://iclass.tku.edu.tw/static/89151.d555e2cf.js,absolute-url
https://theajack.github.io/disable-devtool/{id}.html?h=,theajack.github.io,raw/iclass.tku.edu.tw/static/89199.a7791db6.js,https://iclass.tku.edu.tw/static/89199.a7791db6.js,absolute-url
http://www.w3.org/{id}/xhtml,www.w3.org,raw/iclass.tku.edu.tw/static/89199.a7791db6.js,https://iclass.tku.edu.tw/static/89199.a7791db6.js,absolute-url
https://theajack.github.io/disable-devtool/{id}.html?h=,theajack.github.io,raw/iclass.tku.edu.tw/static/89898.db04bbea.js,https://iclass.tku.edu.tw/static/89898.db04bbea.js,absolute-url
http://www.w3.org/{id}/xhtml,www.w3.org,raw/iclass.tku.edu.tw/static/89898.db04bbea.js,https://iclass.tku.edu.tw/static/89898.db04bbea.js,absolute-url
https://bit.ly/2ZqJzkp,bit.ly,raw/iclass.tku.edu.tw/static/91882.ab0217bc.js,https://iclass.tku.edu.tw/static/91882.ab0217bc.js,absolute-url
https://bit.ly/2ZqJzkp,bit.ly,raw/iclass.tku.edu.tw/static/92082.4c9d5e26.js,https://iclass.tku.edu.tw/static/92082.4c9d5e26.js,absolute-url
http://www.w3.org/{id}/svg,www.w3.org,raw/iclass.tku.edu.tw/static/92245.6ff6b631.js,https://iclass.tku.edu.tw/static/92245.6ff6b631.js,absolute-url
http://www.w3.org/{id}/xlink,www.w3.org,raw/iclass.tku.edu.tw/static/92245.6ff6b631.js,https://iclass.tku.edu.tw/static/92245.6ff6b631.js,absolute-url
https://bit.ly/2ZqJzkp,bit.ly,raw/iclass.tku.edu.tw/static/92794.90f6375a.js,https://iclass.tku.edu.tw/static/92794.90f6375a.js,absolute-url
https://open.weixin.qq.com/connect/qrconnect?appid=,open.weixin.qq.com,raw/iclass.tku.edu.tw/static/93341.d3187e73.js,https://iclass.tku.edu.tw/static/93341.d3187e73.js,absolute-url
https://api.weibo.com/oauth2/authorize?client_id=,api.weibo.com,raw/iclass.tku.edu.tw/static/93341.d3187e73.js,https://iclass.tku.edu.tw/static/93341.d3187e73.js,absolute-url
https://graph.qq.com/oauth2.0/authorize?client_id=,graph.qq.com,raw/iclass.tku.edu.tw/static/93341.d3187e73.js,https://iclass.tku.edu.tw/static/93341.d3187e73.js,absolute-url
http://www.w3.org/{id}/svg,www.w3.org,raw/iclass.tku.edu.tw/static/93341.d3187e73.js,https://iclass.tku.edu.tw/static/93341.d3187e73.js,absolute-url
https://api-org.tronclass.com.cn/orgs,api-org.tronclass.com.cn,raw/iclass.tku.edu.tw/static/93341.d3187e73.js,https://iclass.tku.edu.tw/static/93341.d3187e73.js,absolute-url
http://www.w3.org/{id}/svg,www.w3.org,raw/iclass.tku.edu.tw/static/93714.ed691a45.js,https://iclass.tku.edu.tw/static/93714.ed691a45.js,absolute-url
http://www.w3.org/{id}/xlink,www.w3.org,raw/iclass.tku.edu.tw/static/93714.ed691a45.js,https://iclass.tku.edu.tw/static/93714.ed691a45.js,absolute-url
http://www.w3.org/{id}/svg,www.w3.org,raw/iclass.tku.edu.tw/static/94084.22ce1a21.js,https://iclass.tku.edu.tw/static/94084.22ce1a21.js,absolute-url
http://www.w3.org/{id}/xlink,www.w3.org,raw/iclass.tku.edu.tw/static/94084.22ce1a21.js,https://iclass.tku.edu.tw/static/94084.22ce1a21.js,absolute-url
http://www.w3.org/{id}/svg,www.w3.org,raw/iclass.tku.edu.tw/static/94207.55993ecf.js,https://iclass.tku.edu.tw/static/94207.55993ecf.js,absolute-url
http://www.w3.org/{id}/xlink,www.w3.org,raw/iclass.tku.edu.tw/static/94207.55993ecf.js,https://iclass.tku.edu.tw/static/94207.55993ecf.js,absolute-url
https://theajack.github.io/disable-devtool/{id}.html?h=,theajack.github.io,raw/iclass.tku.edu.tw/static/94591.2a6f5e72.js,https://iclass.tku.edu.tw/static/94591.2a6f5e72.js,absolute-url
https://bit.ly/2ZqJzkp,bit.ly,raw/iclass.tku.edu.tw/static/94591.2a6f5e72.js,https://iclass.tku.edu.tw/static/94591.2a6f5e72.js,absolute-url
http://www.w3.org/{id}/xhtml,www.w3.org,raw/iclass.tku.edu.tw/static/94591.2a6f5e72.js,https://iclass.tku.edu.tw/static/94591.2a6f5e72.js,absolute-url
http://www.w3.org/{id}/svg,www.w3.org,raw/iclass.tku.edu.tw/static/94674.8d5a1f59.js,https://iclass.tku.edu.tw/static/94674.8d5a1f59.js,absolute-url
http://www.w3.org/{id}/xlink,www.w3.org,raw/iclass.tku.edu.tw/static/94674.8d5a1f59.js,https://iclass.tku.edu.tw/static/94674.8d5a1f59.js,absolute-url
http://momentjs.com/guides/#/warnings/define-locale/,momentjs.com,raw/iclass.tku.edu.tw/static/95093-78347e93.js,https://iclass.tku.edu.tw/static/95093-78347e93.js,absolute-url
http://momentjs.com/guides/#/warnings/js-date/,momentjs.com,raw/iclass.tku.edu.tw/static/95093-78347e93.js,https://iclass.tku.edu.tw/static/95093-78347e93.js,absolute-url
http://momentjs.com/guides/#/warnings/min-max/,momentjs.com,raw/iclass.tku.edu.tw/static/95093-78347e93.js,https://iclass.tku.edu.tw/static/95093-78347e93.js,absolute-url
http://momentjs.com/guides/#/warnings/add-inverted-param/,momentjs.com,raw/iclass.tku.edu.tw/static/95093-78347e93.js,https://iclass.tku.edu.tw/static/95093-78347e93.js,absolute-url
http://momentjs.com/guides/#/warnings/zone/,momentjs.com,raw/iclass.tku.edu.tw/static/95093-78347e93.js,https://iclass.tku.edu.tw/static/95093-78347e93.js,absolute-url
http://momentjs.com/guides/#/warnings/dst-shifted/,momentjs.com,raw/iclass.tku.edu.tw/static/95093-78347e93.js,https://iclass.tku.edu.tw/static/95093-78347e93.js,absolute-url
https://login.welink.huaweicloud.com,login.welink.huaweicloud.com,raw/iclass.tku.edu.tw/static/96594.16884283.js,https://iclass.tku.edu.tw/static/96594.16884283.js,absolute-url
https://api.weibo.com/oauth2/authorize?client_id=,api.weibo.com,raw/iclass.tku.edu.tw/static/96594.16884283.js,https://iclass.tku.edu.tw/static/96594.16884283.js,absolute-url
https://graph.qq.com/oauth2.0/authorize?client_id=,graph.qq.com,raw/iclass.tku.edu.tw/static/96594.16884283.js,https://iclass.tku.edu.tw/static/96594.16884283.js,absolute-url
https://www.facebook.com/dialog/oauth?client_id=,www.facebook.com,raw/iclass.tku.edu.tw/static/96594.16884283.js,https://iclass.tku.edu.tw/static/96594.16884283.js,absolute-url
https://www.googleapis.com/auth/userinfo.email,www.googleapis.com,raw/iclass.tku.edu.tw/static/96594.16884283.js,https://iclass.tku.edu.tw/static/96594.16884283.js,absolute-url
https://www.googleapis.com/auth/userinfo.profile,www.googleapis.com,raw/iclass.tku.edu.tw/static/96594.16884283.js,https://iclass.tku.edu.tw/static/96594.16884283.js,absolute-url
https://accounts.google.com/o/oauth2/auth?client_id=,accounts.google.com,raw/iclass.tku.edu.tw/static/96594.16884283.js,https://iclass.tku.edu.tw/static/96594.16884283.js,absolute-url
https://login.welink.huaweicloud.com,login.welink.huaweicloud.com,raw/iclass.tku.edu.tw/static/96966.c8730371.js,https://iclass.tku.edu.tw/static/96966.c8730371.js,absolute-url
https://api.weibo.com/oauth2/authorize?client_id=,api.weibo.com,raw/iclass.tku.edu.tw/static/96966.c8730371.js,https://iclass.tku.edu.tw/static/96966.c8730371.js,absolute-url
https://graph.qq.com/oauth2.0/authorize?client_id=,graph.qq.com,raw/iclass.tku.edu.tw/static/96966.c8730371.js,https://iclass.tku.edu.tw/static/96966.c8730371.js,absolute-url
https://www.facebook.com/dialog/oauth?client_id=,www.facebook.com,raw/iclass.tku.edu.tw/static/96966.c8730371.js,https://iclass.tku.edu.tw/static/96966.c8730371.js,absolute-url
https://www.googleapis.com/auth/userinfo.email,www.googleapis.com,raw/iclass.tku.edu.tw/static/96966.c8730371.js,https://iclass.tku.edu.tw/static/96966.c8730371.js,absolute-url
https://www.googleapis.com/auth/userinfo.profile,www.googleapis.com,raw/iclass.tku.edu.tw/static/96966.c8730371.js,https://iclass.tku.edu.tw/static/96966.c8730371.js,absolute-url
https://accounts.google.com/o/oauth2/auth?client_id=,accounts.google.com,raw/iclass.tku.edu.tw/static/96966.c8730371.js,https://iclass.tku.edu.tw/static/96966.c8730371.js,absolute-url
https://meet.google.com,meet.google.com,raw/iclass.tku.edu.tw/static/9727.7ea218be.js,https://iclass.tku.edu.tw/static/9727.7ea218be.js,absolute-url
https://bit.ly/2ZqJzkp,bit.ly,raw/iclass.tku.edu.tw/static/9733.84b971ed.js,https://iclass.tku.edu.tw/static/9733.84b971ed.js,absolute-url
https://github.com/webpack-contrib/style-loader#insertat),github.com,raw/iclass.tku.edu.tw/static/97620.9a25c9b6.js,https://iclass.tku.edu.tw/static/97620.9a25c9b6.js,absolute-url
http://purl.org/dc/elements/1.1/,purl.org,raw/iclass.tku.edu.tw/static/97620.9a25c9b6.js,https://iclass.tku.edu.tw/static/97620.9a25c9b6.js,absolute-url
http://creativecommons.org/ns#,creativecommons.org,raw/iclass.tku.edu.tw/static/97620.9a25c9b6.js,https://iclass.tku.edu.tw/static/97620.9a25c9b6.js,absolute-url
http://www.w3.org/{id}/02/22-rdf-syntax-ns#,www.w3.org,raw/iclass.tku.edu.tw/static/97620.9a25c9b6.js,https://iclass.tku.edu.tw/static/97620.9a25c9b6.js,absolute-url
http://www.w3.org/{id}/svg,www.w3.org,raw/iclass.tku.edu.tw/static/97620.9a25c9b6.js,https://iclass.tku.edu.tw/static/97620.9a25c9b6.js,absolute-url
http://www.w3.org/{id}/xlink,www.w3.org,raw/iclass.tku.edu.tw/static/97620.9a25c9b6.js,https://iclass.tku.edu.tw/static/97620.9a25c9b6.js,absolute-url
http://purl.org/dc/dcmitype/StillImage,purl.org,raw/iclass.tku.edu.tw/static/97620.9a25c9b6.js,https://iclass.tku.edu.tw/static/97620.9a25c9b6.js,absolute-url
https://github.com/uuidjs/uuid#getrandomvalues-not-supported,github.com,raw/iclass.tku.edu.tw/static/97620.9a25c9b6.js,https://iclass.tku.edu.tw/static/97620.9a25c9b6.js,absolute-url
https://telemetry.wiris.net,telemetry.wiris.net,raw/iclass.tku.edu.tw/static/97620.9a25c9b6.js,https://iclass.tku.edu.tw/static/97620.9a25c9b6.js,absolute-url
https://www.wiris.net/demo/plugins/app,www.wiris.net,raw/iclass.tku.edu.tw/static/97620.9a25c9b6.js,https://iclass.tku.edu.tw/static/97620.9a25c9b6.js,absolute-url
http://www.w3.org/{id}/Math/MathML,www.w3.org,raw/iclass.tku.edu.tw/static/97620.9a25c9b6.js,https://iclass.tku.edu.tw/static/97620.9a25c9b6.js,absolute-url
http://www.w3.org/{id}/svg,www.w3.org,raw/iclass.tku.edu.tw/static/98108-8b9c8b37.js,https://iclass.tku.edu.tw/static/98108-8b9c8b37.js,absolute-url
http://www.w3.org/{id}/xlink,www.w3.org,raw/iclass.tku.edu.tw/static/98108-8b9c8b37.js,https://iclass.tku.edu.tw/static/98108-8b9c8b37.js,absolute-url
https://github.com/videojs/video.js/issues/{id},github.com,raw/iclass.tku.edu.tw/static/9862.d5cc01ba.js,https://iclass.tku.edu.tw/static/9862.d5cc01ba.js,absolute-url
https://cdn.rawgit.com/gkatsev/vtt.js/vjs-v0.12.1/dist/vtt.min.js,cdn.rawgit.com,raw/iclass.tku.edu.tw/static/9862.d5cc01ba.js,https://iclass.tku.edu.tw/static/9862.d5cc01ba.js,absolute-url
http://www.w3.org/{id}/svg,www.w3.org,raw/iclass.tku.edu.tw/static/99393.36cb5bd7.js,https://iclass.tku.edu.tw/static/99393.36cb5bd7.js,absolute-url
http://www.w3.org/{id}/xlink,www.w3.org,raw/iclass.tku.edu.tw/static/99393.36cb5bd7.js,https://iclass.tku.edu.tw/static/99393.36cb5bd7.js,absolute-url
https://theajack.github.io/disable-devtool/{id}.html?h=,theajack.github.io,raw/iclass.tku.edu.tw/static/99393.36cb5bd7.js,https://iclass.tku.edu.tw/static/99393.36cb5bd7.js,absolute-url
https://bit.ly/2ZqJzkp,bit.ly,raw/iclass.tku.edu.tw/static/99393.36cb5bd7.js,https://iclass.tku.edu.tw/static/99393.36cb5bd7.js,absolute-url
http://www.w3.org/{id}/xhtml,www.w3.org,raw/iclass.tku.edu.tw/static/99393.36cb5bd7.js,https://iclass.tku.edu.tw/static/99393.36cb5bd7.js,absolute-url
http://www.w3.org/{id}/Math/MathML,www.w3.org,raw/iclass.tku.edu.tw/static/99418-8d2e703c.js,https://iclass.tku.edu.tw/static/99418-8d2e703c.js,absolute-url
http://www.w3.org/{id}/svg,www.w3.org,raw/iclass.tku.edu.tw/static/99418-8d2e703c.js,https://iclass.tku.edu.tw/static/99418-8d2e703c.js,absolute-url
http://www.w3.org/{id}/xhtml,www.w3.org,raw/iclass.tku.edu.tw/static/99418-8d2e703c.js,https://iclass.tku.edu.tw/static/99418-8d2e703c.js,absolute-url
https://co.aippt.cn/api/grant/code?uid=,co.aippt.cn,raw/iclass.tku.edu.tw/static/js/main-portal-48fa8283.js,https://iclass.tku.edu.tw/static/js/main-portal-48fa8283.js,absolute-url
http://www.w3.org/{id}/Math/MathML,www.w3.org,raw/iclass.tku.edu.tw/static/js/mathjax/es5/tex-mml-svg.js,https://iclass.tku.edu.tw/static/js/mathjax/es5/tex-mml-svg.js,absolute-url
http://www.w3.org/{id}/svg,www.w3.org,raw/iclass.tku.edu.tw/static/js/mathjax/es5/tex-mml-svg.js,https://iclass.tku.edu.tw/static/js/mathjax/es5/tex-mml-svg.js,absolute-url
http://www.w3.org/{id}/xlink,www.w3.org,raw/iclass.tku.edu.tw/static/js/mathjax/es5/tex-mml-svg.js,https://iclass.tku.edu.tw/static/js/mathjax/es5/tex-mml-svg.js,absolute-url
https://www.mathjax.org,www.mathjax.org,raw/iclass.tku.edu.tw/static/js/mathjax/es5/tex-mml-svg.js,https://iclass.tku.edu.tw/static/js/mathjax/es5/tex-mml-svg.js,absolute-url
http://www.w3.org/{id}/10/synthesis,www.w3.org,raw/iclass.tku.edu.tw/static/js/mathjax/es5/tex-mml-svg.js,https://iclass.tku.edu.tw/static/js/mathjax/es5/tex-mml-svg.js,absolute-url
https://cdn.jsdelivr.net/npm/sre-mathmaps-ie@,cdn.jsdelivr.net,raw/iclass.tku.edu.tw/static/js/mathjax/es5/tex-mml-svg.js,https://iclass.tku.edu.tw/static/js/mathjax/es5/tex-mml-svg.js,absolute-url
https://cdn.jsdelivr.net/npm/speech-rule-engine@,cdn.jsdelivr.net,raw/iclass.tku.edu.tw/static/js/mathjax/es5/tex-mml-svg.js,https://iclass.tku.edu.tw/static/js/mathjax/es5/tex-mml-svg.js,absolute-url
https://cdn.jsdelivr.net/npm/wicked-good-xpath@1.3.0/dist/wgxpath.install.js,cdn.jsdelivr.net,raw/iclass.tku.edu.tw/static/js/mathjax/es5/tex-mml-svg.js,https://iclass.tku.edu.tw/static/js/mathjax/es5/tex-mml-svg.js,absolute-url
http://www.w3.org/{id}/xhtml,www.w3.org,raw/iclass.tku.edu.tw/static/js/mathjax/es5/tex-mml-svg.js,https://iclass.tku.edu.tw/static/js/mathjax/es5/tex-mml-svg.js,absolute-url
http://www.w3.org/{id}/svg,www.w3.org,raw/iclass.tku.edu.tw/static/styles-course-f15203a0-8f84d7c9.css,https://iclass.tku.edu.tw/static/styles-course-f15203a0-8f84d7c9.css,absolute-url
https://iclass.tku.edu.tw/,iclass.tku.edu.tw,raw/iclass.tku.edu.tw/user-completeness.html,https://iclass.tku.edu.tw/user-completeness,absolute-url
https://www.googletagmanager.com/gtag/js,www.googletagmanager.com,raw/iclass.tku.edu.tw/user-completeness.html,https://iclass.tku.edu.tw/user-completeness,absolute-url
https://github.com/OWASP/CheatSheetSeries/blob/master/cheatsheets/Clickjacking_Defense_Cheat_Sheet.md#best-for-now-legacy-browser-frame-breaking-script--,github.com,raw/iclass.tku.edu.tw/user-completeness.html,https://iclass.tku.edu.tw/user-completeness,absolute-url
https://bam.nr-data.net,bam.nr-data.net,raw/iclass.tku.edu.tw/user-completeness.html,https://iclass.tku.edu.tw/user-completeness,absolute-url
https://www.google-analytics.com,www.google-analytics.com,raw/iclass.tku.edu.tw/user-completeness.html,https://iclass.tku.edu.tw/user-completeness,absolute-url
https://iclass.tku.edu.tw/iportal,iclass.tku.edu.tw,raw/iclass.tku.edu.tw/user-completeness.html,https://iclass.tku.edu.tw/user-completeness,absolute-url
"https://tronclass.com.tw/public-manual/TronclassManual_System_Admin.pdf',",tronclass.com.tw,raw/iclass.tku.edu.tw/user-completeness.html,https://iclass.tku.edu.tw/user-completeness,absolute-url
"https://tronclass.com.tw/public-manual/TronclassManual_Administrator.pdf',",tronclass.com.tw,raw/iclass.tku.edu.tw/user-completeness.html,https://iclass.tku.edu.tw/user-completeness,absolute-url
"https://tronclass.com.tw/public-manual/manual-teacher.html',",tronclass.com.tw,raw/iclass.tku.edu.tw/user-completeness.html,https://iclass.tku.edu.tw/user-completeness,absolute-url
"https://tronclass.com.tw/public-manual/TronclassManual_Student.pdf',",tronclass.com.tw,raw/iclass.tku.edu.tw/user-completeness.html,https://iclass.tku.edu.tw/user-completeness,absolute-url
"https://tronclass.com.tw/public-manual/TronclassManual_App.pdf',",tronclass.com.tw,raw/iclass.tku.edu.tw/user-completeness.html,https://iclass.tku.edu.tw/user-completeness,absolute-url
https://support.tronclass.com',support.tronclass.com',raw/iclass.tku.edu.tw/user-completeness.html,https://iclass.tku.edu.tw/user-completeness,absolute-url
https://iclass.tku.edu.tw/market,iclass.tku.edu.tw,raw/iclass.tku.edu.tw/user-completeness.html,https://iclass.tku.edu.tw/user-completeness,absolute-url
https://www.youtube.com/iframe_api,www.youtube.com,raw/iclass.tku.edu.tw/user-completeness.html,https://iclass.tku.edu.tw/user-completeness,absolute-url
https://get.adobe.com/flashplayer/,get.adobe.com,raw/iclass.tku.edu.tw/user-completeness.html,https://iclass.tku.edu.tw/user-completeness,absolute-url
https://iclass.tku.edu.tw/,iclass.tku.edu.tw,raw/iclass.tku.edu.tw/user-roles.html,https://iclass.tku.edu.tw/user-roles,absolute-url
https://www.googletagmanager.com/gtag/js,www.googletagmanager.com,raw/iclass.tku.edu.tw/user-roles.html,https://iclass.tku.edu.tw/user-roles,absolute-url
https://github.com/OWASP/CheatSheetSeries/blob/master/cheatsheets/Clickjacking_Defense_Cheat_Sheet.md#best-for-now-legacy-browser-frame-breaking-script--,github.com,raw/iclass.tku.edu.tw/user-roles.html,https://iclass.tku.edu.tw/user-roles,absolute-url
https://bam.nr-data.net,bam.nr-data.net,raw/iclass.tku.edu.tw/user-roles.html,https://iclass.tku.edu.tw/user-roles,absolute-url
https://www.google-analytics.com,www.google-analytics.com,raw/iclass.tku.edu.tw/user-roles.html,https://iclass.tku.edu.tw/user-roles,absolute-url
https://iclass.tku.edu.tw/iportal,iclass.tku.edu.tw,raw/iclass.tku.edu.tw/user-roles.html,https://iclass.tku.edu.tw/user-roles,absolute-url
"https://tronclass.com.tw/public-manual/TronclassManual_System_Admin.pdf',",tronclass.com.tw,raw/iclass.tku.edu.tw/user-roles.html,https://iclass.tku.edu.tw/user-roles,absolute-url
"https://tronclass.com.tw/public-manual/TronclassManual_Administrator.pdf',",tronclass.com.tw,raw/iclass.tku.edu.tw/user-roles.html,https://iclass.tku.edu.tw/user-roles,absolute-url
"https://tronclass.com.tw/public-manual/manual-teacher.html',",tronclass.com.tw,raw/iclass.tku.edu.tw/user-roles.html,https://iclass.tku.edu.tw/user-roles,absolute-url
"https://tronclass.com.tw/public-manual/TronclassManual_Student.pdf',",tronclass.com.tw,raw/iclass.tku.edu.tw/user-roles.html,https://iclass.tku.edu.tw/user-roles,absolute-url
"https://tronclass.com.tw/public-manual/TronclassManual_App.pdf',",tronclass.com.tw,raw/iclass.tku.edu.tw/user-roles.html,https://iclass.tku.edu.tw/user-roles,absolute-url
https://support.tronclass.com',support.tronclass.com',raw/iclass.tku.edu.tw/user-roles.html,https://iclass.tku.edu.tw/user-roles,absolute-url
https://iclass.tku.edu.tw/market,iclass.tku.edu.tw,raw/iclass.tku.edu.tw/user-roles.html,https://iclass.tku.edu.tw/user-roles,absolute-url
https://www.youtube.com/iframe_api,www.youtube.com,raw/iclass.tku.edu.tw/user-roles.html,https://iclass.tku.edu.tw/user-roles,absolute-url
https://get.adobe.com/flashplayer/,get.adobe.com,raw/iclass.tku.edu.tw/user-roles.html,https://iclass.tku.edu.tw/user-roles,absolute-url
https://iclass.tku.edu.tw/,iclass.tku.edu.tw,raw/iclass.tku.edu.tw/user-visits.html,https://iclass.tku.edu.tw/user-visits,absolute-url
https://www.googletagmanager.com/gtag/js,www.googletagmanager.com,raw/iclass.tku.edu.tw/user-visits.html,https://iclass.tku.edu.tw/user-visits,absolute-url
https://github.com/OWASP/CheatSheetSeries/blob/master/cheatsheets/Clickjacking_Defense_Cheat_Sheet.md#best-for-now-legacy-browser-frame-breaking-script--,github.com,raw/iclass.tku.edu.tw/user-visits.html,https://iclass.tku.edu.tw/user-visits,absolute-url
https://bam.nr-data.net,bam.nr-data.net,raw/iclass.tku.edu.tw/user-visits.html,https://iclass.tku.edu.tw/user-visits,absolute-url
https://www.google-analytics.com,www.google-analytics.com,raw/iclass.tku.edu.tw/user-visits.html,https://iclass.tku.edu.tw/user-visits,absolute-url
https://iclass.tku.edu.tw/iportal,iclass.tku.edu.tw,raw/iclass.tku.edu.tw/user-visits.html,https://iclass.tku.edu.tw/user-visits,absolute-url
"https://tronclass.com.tw/public-manual/TronclassManual_System_Admin.pdf',",tronclass.com.tw,raw/iclass.tku.edu.tw/user-visits.html,https://iclass.tku.edu.tw/user-visits,absolute-url
"https://tronclass.com.tw/public-manual/TronclassManual_Administrator.pdf',",tronclass.com.tw,raw/iclass.tku.edu.tw/user-visits.html,https://iclass.tku.edu.tw/user-visits,absolute-url
"https://tronclass.com.tw/public-manual/manual-teacher.html',",tronclass.com.tw,raw/iclass.tku.edu.tw/user-visits.html,https://iclass.tku.edu.tw/user-visits,absolute-url
"https://tronclass.com.tw/public-manual/TronclassManual_Student.pdf',",tronclass.com.tw,raw/iclass.tku.edu.tw/user-visits.html,https://iclass.tku.edu.tw/user-visits,absolute-url
"https://tronclass.com.tw/public-manual/TronclassManual_App.pdf',",tronclass.com.tw,raw/iclass.tku.edu.tw/user-visits.html,https://iclass.tku.edu.tw/user-visits,absolute-url
https://support.tronclass.com',support.tronclass.com',raw/iclass.tku.edu.tw/user-visits.html,https://iclass.tku.edu.tw/user-visits,absolute-url
https://iclass.tku.edu.tw/market,iclass.tku.edu.tw,raw/iclass.tku.edu.tw/user-visits.html,https://iclass.tku.edu.tw/user-visits,absolute-url
https://www.youtube.com/iframe_api,www.youtube.com,raw/iclass.tku.edu.tw/user-visits.html,https://iclass.tku.edu.tw/user-visits,absolute-url
https://get.adobe.com/flashplayer/,get.adobe.com,raw/iclass.tku.edu.tw/user-visits.html,https://iclass.tku.edu.tw/user-visits,absolute-url
https://iclass.tku.edu.tw/,iclass.tku.edu.tw,raw/iclass.tku.edu.tw/user-visits/avatarSmallUrl.html,https://iclass.tku.edu.tw/user-visits/avatarSmallUrl,absolute-url
https://www.googletagmanager.com/gtag/js,www.googletagmanager.com,raw/iclass.tku.edu.tw/user-visits/avatarSmallUrl.html,https://iclass.tku.edu.tw/user-visits/avatarSmallUrl,absolute-url
https://github.com/OWASP/CheatSheetSeries/blob/master/cheatsheets/Clickjacking_Defense_Cheat_Sheet.md#best-for-now-legacy-browser-frame-breaking-script--,github.com,raw/iclass.tku.edu.tw/user-visits/avatarSmallUrl.html,https://iclass.tku.edu.tw/user-visits/avatarSmallUrl,absolute-url
https://bam.nr-data.net,bam.nr-data.net,raw/iclass.tku.edu.tw/user-visits/avatarSmallUrl.html,https://iclass.tku.edu.tw/user-visits/avatarSmallUrl,absolute-url
https://www.google-analytics.com,www.google-analytics.com,raw/iclass.tku.edu.tw/user-visits/avatarSmallUrl.html,https://iclass.tku.edu.tw/user-visits/avatarSmallUrl,absolute-url
https://iclass.tku.edu.tw/iportal,iclass.tku.edu.tw,raw/iclass.tku.edu.tw/user-visits/avatarSmallUrl.html,https://iclass.tku.edu.tw/user-visits/avatarSmallUrl,absolute-url
"https://tronclass.com.tw/public-manual/TronclassManual_System_Admin.pdf',",tronclass.com.tw,raw/iclass.tku.edu.tw/user-visits/avatarSmallUrl.html,https://iclass.tku.edu.tw/user-visits/avatarSmallUrl,absolute-url
"https://tronclass.com.tw/public-manual/TronclassManual_Administrator.pdf',",tronclass.com.tw,raw/iclass.tku.edu.tw/user-visits/avatarSmallUrl.html,https://iclass.tku.edu.tw/user-visits/avatarSmallUrl,absolute-url
"https://tronclass.com.tw/public-manual/manual-teacher.html',",tronclass.com.tw,raw/iclass.tku.edu.tw/user-visits/avatarSmallUrl.html,https://iclass.tku.edu.tw/user-visits/avatarSmallUrl,absolute-url
"https://tronclass.com.tw/public-manual/TronclassManual_Student.pdf',",tronclass.com.tw,raw/iclass.tku.edu.tw/user-visits/avatarSmallUrl.html,https://iclass.tku.edu.tw/user-visits/avatarSmallUrl,absolute-url
"https://tronclass.com.tw/public-manual/TronclassManual_App.pdf',",tronclass.com.tw,raw/iclass.tku.edu.tw/user-visits/avatarSmallUrl.html,https://iclass.tku.edu.tw/user-visits/avatarSmallUrl,absolute-url
https://support.tronclass.com',support.tronclass.com',raw/iclass.tku.edu.tw/user-visits/avatarSmallUrl.html,https://iclass.tku.edu.tw/user-visits/avatarSmallUrl,absolute-url
https://iclass.tku.edu.tw/market,iclass.tku.edu.tw,raw/iclass.tku.edu.tw/user-visits/avatarSmallUrl.html,https://iclass.tku.edu.tw/user-visits/avatarSmallUrl,absolute-url
https://www.youtube.com/iframe_api,www.youtube.com,raw/iclass.tku.edu.tw/user-visits/avatarSmallUrl.html,https://iclass.tku.edu.tw/user-visits/avatarSmallUrl,absolute-url
https://get.adobe.com/flashplayer/,get.adobe.com,raw/iclass.tku.edu.tw/user-visits/avatarSmallUrl.html,https://iclass.tku.edu.tw/user-visits/avatarSmallUrl,absolute-url
https://iclass.tku.edu.tw/,iclass.tku.edu.tw,raw/iclass.tku.edu.tw/user-visits/browsers__q_f462bfe880.html,https://iclass.tku.edu.tw/user-visits/browsers?days=,absolute-url
https://www.googletagmanager.com/gtag/js,www.googletagmanager.com,raw/iclass.tku.edu.tw/user-visits/browsers__q_f462bfe880.html,https://iclass.tku.edu.tw/user-visits/browsers?days=,absolute-url
https://github.com/OWASP/CheatSheetSeries/blob/master/cheatsheets/Clickjacking_Defense_Cheat_Sheet.md#best-for-now-legacy-browser-frame-breaking-script--,github.com,raw/iclass.tku.edu.tw/user-visits/browsers__q_f462bfe880.html,https://iclass.tku.edu.tw/user-visits/browsers?days=,absolute-url
https://bam.nr-data.net,bam.nr-data.net,raw/iclass.tku.edu.tw/user-visits/browsers__q_f462bfe880.html,https://iclass.tku.edu.tw/user-visits/browsers?days=,absolute-url
https://www.google-analytics.com,www.google-analytics.com,raw/iclass.tku.edu.tw/user-visits/browsers__q_f462bfe880.html,https://iclass.tku.edu.tw/user-visits/browsers?days=,absolute-url
https://iclass.tku.edu.tw/iportal,iclass.tku.edu.tw,raw/iclass.tku.edu.tw/user-visits/browsers__q_f462bfe880.html,https://iclass.tku.edu.tw/user-visits/browsers?days=,absolute-url
"https://tronclass.com.tw/public-manual/TronclassManual_System_Admin.pdf',",tronclass.com.tw,raw/iclass.tku.edu.tw/user-visits/browsers__q_f462bfe880.html,https://iclass.tku.edu.tw/user-visits/browsers?days=,absolute-url
"https://tronclass.com.tw/public-manual/TronclassManual_Administrator.pdf',",tronclass.com.tw,raw/iclass.tku.edu.tw/user-visits/browsers__q_f462bfe880.html,https://iclass.tku.edu.tw/user-visits/browsers?days=,absolute-url
"https://tronclass.com.tw/public-manual/manual-teacher.html',",tronclass.com.tw,raw/iclass.tku.edu.tw/user-visits/browsers__q_f462bfe880.html,https://iclass.tku.edu.tw/user-visits/browsers?days=,absolute-url
"https://tronclass.com.tw/public-manual/TronclassManual_Student.pdf',",tronclass.com.tw,raw/iclass.tku.edu.tw/user-visits/browsers__q_f462bfe880.html,https://iclass.tku.edu.tw/user-visits/browsers?days=,absolute-url
"https://tronclass.com.tw/public-manual/TronclassManual_App.pdf',",tronclass.com.tw,raw/iclass.tku.edu.tw/user-visits/browsers__q_f462bfe880.html,https://iclass.tku.edu.tw/user-visits/browsers?days=,absolute-url
https://support.tronclass.com',support.tronclass.com',raw/iclass.tku.edu.tw/user-visits/browsers__q_f462bfe880.html,https://iclass.tku.edu.tw/user-visits/browsers?days=,absolute-url
https://iclass.tku.edu.tw/market,iclass.tku.edu.tw,raw/iclass.tku.edu.tw/user-visits/browsers__q_f462bfe880.html,https://iclass.tku.edu.tw/user-visits/browsers?days=,absolute-url
https://www.youtube.com/iframe_api,www.youtube.com,raw/iclass.tku.edu.tw/user-visits/browsers__q_f462bfe880.html,https://iclass.tku.edu.tw/user-visits/browsers?days=,absolute-url
https://get.adobe.com/flashplayer/,get.adobe.com,raw/iclass.tku.edu.tw/user-visits/browsers__q_f462bfe880.html,https://iclass.tku.edu.tw/user-visits/browsers?days=,absolute-url
https://iclass.tku.edu.tw/,iclass.tku.edu.tw,raw/iclass.tku.edu.tw/user-visits/capture_url.html,https://iclass.tku.edu.tw/user-visits/capture_url,absolute-url
https://www.googletagmanager.com/gtag/js,www.googletagmanager.com,raw/iclass.tku.edu.tw/user-visits/capture_url.html,https://iclass.tku.edu.tw/user-visits/capture_url,absolute-url
https://github.com/OWASP/CheatSheetSeries/blob/master/cheatsheets/Clickjacking_Defense_Cheat_Sheet.md#best-for-now-legacy-browser-frame-breaking-script--,github.com,raw/iclass.tku.edu.tw/user-visits/capture_url.html,https://iclass.tku.edu.tw/user-visits/capture_url,absolute-url
https://bam.nr-data.net,bam.nr-data.net,raw/iclass.tku.edu.tw/user-visits/capture_url.html,https://iclass.tku.edu.tw/user-visits/capture_url,absolute-url
https://www.google-analytics.com,www.google-analytics.com,raw/iclass.tku.edu.tw/user-visits/capture_url.html,https://iclass.tku.edu.tw/user-visits/capture_url,absolute-url
https://iclass.tku.edu.tw/iportal,iclass.tku.edu.tw,raw/iclass.tku.edu.tw/user-visits/capture_url.html,https://iclass.tku.edu.tw/user-visits/capture_url,absolute-url
"https://tronclass.com.tw/public-manual/TronclassManual_System_Admin.pdf',",tronclass.com.tw,raw/iclass.tku.edu.tw/user-visits/capture_url.html,https://iclass.tku.edu.tw/user-visits/capture_url,absolute-url
"https://tronclass.com.tw/public-manual/TronclassManual_Administrator.pdf',",tronclass.com.tw,raw/iclass.tku.edu.tw/user-visits/capture_url.html,https://iclass.tku.edu.tw/user-visits/capture_url,absolute-url
"https://tronclass.com.tw/public-manual/manual-teacher.html',",tronclass.com.tw,raw/iclass.tku.edu.tw/user-visits/capture_url.html,https://iclass.tku.edu.tw/user-visits/capture_url,absolute-url
"https://tronclass.com.tw/public-manual/TronclassManual_Student.pdf',",tronclass.com.tw,raw/iclass.tku.edu.tw/user-visits/capture_url.html,https://iclass.tku.edu.tw/user-visits/capture_url,absolute-url
"https://tronclass.com.tw/public-manual/TronclassManual_App.pdf',",tronclass.com.tw,raw/iclass.tku.edu.tw/user-visits/capture_url.html,https://iclass.tku.edu.tw/user-visits/capture_url,absolute-url
https://support.tronclass.com',support.tronclass.com',raw/iclass.tku.edu.tw/user-visits/capture_url.html,https://iclass.tku.edu.tw/user-visits/capture_url,absolute-url
https://iclass.tku.edu.tw/market,iclass.tku.edu.tw,raw/iclass.tku.edu.tw/user-visits/capture_url.html,https://iclass.tku.edu.tw/user-visits/capture_url,absolute-url
https://www.youtube.com/iframe_api,www.youtube.com,raw/iclass.tku.edu.tw/user-visits/capture_url.html,https://iclass.tku.edu.tw/user-visits/capture_url,absolute-url
https://get.adobe.com/flashplayer/,get.adobe.com,raw/iclass.tku.edu.tw/user-visits/capture_url.html,https://iclass.tku.edu.tw/user-visits/capture_url,absolute-url
https://iclass.tku.edu.tw/,iclass.tku.edu.tw,raw/iclass.tku.edu.tw/user-visits/date-range/apps__q_a263c00919.html,https://iclass.tku.edu.tw/user-visits/date-range/apps?jwt=,absolute-url
https://www.googletagmanager.com/gtag/js,www.googletagmanager.com,raw/iclass.tku.edu.tw/user-visits/date-range/apps__q_a263c00919.html,https://iclass.tku.edu.tw/user-visits/date-range/apps?jwt=,absolute-url
https://github.com/OWASP/CheatSheetSeries/blob/master/cheatsheets/Clickjacking_Defense_Cheat_Sheet.md#best-for-now-legacy-browser-frame-breaking-script--,github.com,raw/iclass.tku.edu.tw/user-visits/date-range/apps__q_a263c00919.html,https://iclass.tku.edu.tw/user-visits/date-range/apps?jwt=,absolute-url
https://bam.nr-data.net,bam.nr-data.net,raw/iclass.tku.edu.tw/user-visits/date-range/apps__q_a263c00919.html,https://iclass.tku.edu.tw/user-visits/date-range/apps?jwt=,absolute-url
https://www.google-analytics.com,www.google-analytics.com,raw/iclass.tku.edu.tw/user-visits/date-range/apps__q_a263c00919.html,https://iclass.tku.edu.tw/user-visits/date-range/apps?jwt=,absolute-url
https://iclass.tku.edu.tw/iportal,iclass.tku.edu.tw,raw/iclass.tku.edu.tw/user-visits/date-range/apps__q_a263c00919.html,https://iclass.tku.edu.tw/user-visits/date-range/apps?jwt=,absolute-url
"https://tronclass.com.tw/public-manual/TronclassManual_System_Admin.pdf',",tronclass.com.tw,raw/iclass.tku.edu.tw/user-visits/date-range/apps__q_a263c00919.html,https://iclass.tku.edu.tw/user-visits/date-range/apps?jwt=,absolute-url
"https://tronclass.com.tw/public-manual/TronclassManual_Administrator.pdf',",tronclass.com.tw,raw/iclass.tku.edu.tw/user-visits/date-range/apps__q_a263c00919.html,https://iclass.tku.edu.tw/user-visits/date-range/apps?jwt=,absolute-url
"https://tronclass.com.tw/public-manual/manual-teacher.html',",tronclass.com.tw,raw/iclass.tku.edu.tw/user-visits/date-range/apps__q_a263c00919.html,https://iclass.tku.edu.tw/user-visits/date-range/apps?jwt=,absolute-url
"https://tronclass.com.tw/public-manual/TronclassManual_Student.pdf',",tronclass.com.tw,raw/iclass.tku.edu.tw/user-visits/date-range/apps__q_a263c00919.html,https://iclass.tku.edu.tw/user-visits/date-range/apps?jwt=,absolute-url
"https://tronclass.com.tw/public-manual/TronclassManual_App.pdf',",tronclass.com.tw,raw/iclass.tku.edu.tw/user-visits/date-range/apps__q_a263c00919.html,https://iclass.tku.edu.tw/user-visits/date-range/apps?jwt=,absolute-url
https://support.tronclass.com',support.tronclass.com',raw/iclass.tku.edu.tw/user-visits/date-range/apps__q_a263c00919.html,https://iclass.tku.edu.tw/user-visits/date-range/apps?jwt=,absolute-url
https://iclass.tku.edu.tw/market,iclass.tku.edu.tw,raw/iclass.tku.edu.tw/user-visits/date-range/apps__q_a263c00919.html,https://iclass.tku.edu.tw/user-visits/date-range/apps?jwt=,absolute-url
https://www.youtube.com/iframe_api,www.youtube.com,raw/iclass.tku.edu.tw/user-visits/date-range/apps__q_a263c00919.html,https://iclass.tku.edu.tw/user-visits/date-range/apps?jwt=,absolute-url
https://get.adobe.com/flashplayer/,get.adobe.com,raw/iclass.tku.edu.tw/user-visits/date-range/apps__q_a263c00919.html,https://iclass.tku.edu.tw/user-visits/date-range/apps?jwt=,absolute-url
https://iclass.tku.edu.tw/,iclass.tku.edu.tw,raw/iclass.tku.edu.tw/user-visits/date-range/avatarSmallUrl.html,https://iclass.tku.edu.tw/user-visits/date-range/avatarSmallUrl,absolute-url
https://www.googletagmanager.com/gtag/js,www.googletagmanager.com,raw/iclass.tku.edu.tw/user-visits/date-range/avatarSmallUrl.html,https://iclass.tku.edu.tw/user-visits/date-range/avatarSmallUrl,absolute-url
https://github.com/OWASP/CheatSheetSeries/blob/master/cheatsheets/Clickjacking_Defense_Cheat_Sheet.md#best-for-now-legacy-browser-frame-breaking-script--,github.com,raw/iclass.tku.edu.tw/user-visits/date-range/avatarSmallUrl.html,https://iclass.tku.edu.tw/user-visits/date-range/avatarSmallUrl,absolute-url
https://bam.nr-data.net,bam.nr-data.net,raw/iclass.tku.edu.tw/user-visits/date-range/avatarSmallUrl.html,https://iclass.tku.edu.tw/user-visits/date-range/avatarSmallUrl,absolute-url
https://www.google-analytics.com,www.google-analytics.com,raw/iclass.tku.edu.tw/user-visits/date-range/avatarSmallUrl.html,https://iclass.tku.edu.tw/user-visits/date-range/avatarSmallUrl,absolute-url
https://iclass.tku.edu.tw/iportal,iclass.tku.edu.tw,raw/iclass.tku.edu.tw/user-visits/date-range/avatarSmallUrl.html,https://iclass.tku.edu.tw/user-visits/date-range/avatarSmallUrl,absolute-url
"https://tronclass.com.tw/public-manual/TronclassManual_System_Admin.pdf',",tronclass.com.tw,raw/iclass.tku.edu.tw/user-visits/date-range/avatarSmallUrl.html,https://iclass.tku.edu.tw/user-visits/date-range/avatarSmallUrl,absolute-url
"https://tronclass.com.tw/public-manual/TronclassManual_Administrator.pdf',",tronclass.com.tw,raw/iclass.tku.edu.tw/user-visits/date-range/avatarSmallUrl.html,https://iclass.tku.edu.tw/user-visits/date-range/avatarSmallUrl,absolute-url
"https://tronclass.com.tw/public-manual/manual-teacher.html',",tronclass.com.tw,raw/iclass.tku.edu.tw/user-visits/date-range/avatarSmallUrl.html,https://iclass.tku.edu.tw/user-visits/date-range/avatarSmallUrl,absolute-url
"https://tronclass.com.tw/public-manual/TronclassManual_Student.pdf',",tronclass.com.tw,raw/iclass.tku.edu.tw/user-visits/date-range/avatarSmallUrl.html,https://iclass.tku.edu.tw/user-visits/date-range/avatarSmallUrl,absolute-url
"https://tronclass.com.tw/public-manual/TronclassManual_App.pdf',",tronclass.com.tw,raw/iclass.tku.edu.tw/user-visits/date-range/avatarSmallUrl.html,https://iclass.tku.edu.tw/user-visits/date-range/avatarSmallUrl,absolute-url
https://support.tronclass.com',support.tronclass.com',raw/iclass.tku.edu.tw/user-visits/date-range/avatarSmallUrl.html,https://iclass.tku.edu.tw/user-visits/date-range/avatarSmallUrl,absolute-url
https://iclass.tku.edu.tw/market,iclass.tku.edu.tw,raw/iclass.tku.edu.tw/user-visits/date-range/avatarSmallUrl.html,https://iclass.tku.edu.tw/user-visits/date-range/avatarSmallUrl,absolute-url
https://www.youtube.com/iframe_api,www.youtube.com,raw/iclass.tku.edu.tw/user-visits/date-range/avatarSmallUrl.html,https://iclass.tku.edu.tw/user-visits/date-range/avatarSmallUrl,absolute-url
https://get.adobe.com/flashplayer/,get.adobe.com,raw/iclass.tku.edu.tw/user-visits/date-range/avatarSmallUrl.html,https://iclass.tku.edu.tw/user-visits/date-range/avatarSmallUrl,absolute-url
https://iclass.tku.edu.tw/,iclass.tku.edu.tw,raw/iclass.tku.edu.tw/user-visits/date-range/browsers__q_a263c00919.html,https://iclass.tku.edu.tw/user-visits/date-range/browsers?jwt=,absolute-url
https://www.googletagmanager.com/gtag/js,www.googletagmanager.com,raw/iclass.tku.edu.tw/user-visits/date-range/browsers__q_a263c00919.html,https://iclass.tku.edu.tw/user-visits/date-range/browsers?jwt=,absolute-url
https://github.com/OWASP/CheatSheetSeries/blob/master/cheatsheets/Clickjacking_Defense_Cheat_Sheet.md#best-for-now-legacy-browser-frame-breaking-script--,github.com,raw/iclass.tku.edu.tw/user-visits/date-range/browsers__q_a263c00919.html,https://iclass.tku.edu.tw/user-visits/date-range/browsers?jwt=,absolute-url
https://bam.nr-data.net,bam.nr-data.net,raw/iclass.tku.edu.tw/user-visits/date-range/browsers__q_a263c00919.html,https://iclass.tku.edu.tw/user-visits/date-range/browsers?jwt=,absolute-url
https://www.google-analytics.com,www.google-analytics.com,raw/iclass.tku.edu.tw/user-visits/date-range/browsers__q_a263c00919.html,https://iclass.tku.edu.tw/user-visits/date-range/browsers?jwt=,absolute-url
https://iclass.tku.edu.tw/iportal,iclass.tku.edu.tw,raw/iclass.tku.edu.tw/user-visits/date-range/browsers__q_a263c00919.html,https://iclass.tku.edu.tw/user-visits/date-range/browsers?jwt=,absolute-url
"https://tronclass.com.tw/public-manual/TronclassManual_System_Admin.pdf',",tronclass.com.tw,raw/iclass.tku.edu.tw/user-visits/date-range/browsers__q_a263c00919.html,https://iclass.tku.edu.tw/user-visits/date-range/browsers?jwt=,absolute-url
"https://tronclass.com.tw/public-manual/TronclassManual_Administrator.pdf',",tronclass.com.tw,raw/iclass.tku.edu.tw/user-visits/date-range/browsers__q_a263c00919.html,https://iclass.tku.edu.tw/user-visits/date-range/browsers?jwt=,absolute-url
"https://tronclass.com.tw/public-manual/manual-teacher.html',",tronclass.com.tw,raw/iclass.tku.edu.tw/user-visits/date-range/browsers__q_a263c00919.html,https://iclass.tku.edu.tw/user-visits/date-range/browsers?jwt=,absolute-url
"https://tronclass.com.tw/public-manual/TronclassManual_Student.pdf',",tronclass.com.tw,raw/iclass.tku.edu.tw/user-visits/date-range/browsers__q_a263c00919.html,https://iclass.tku.edu.tw/user-visits/date-range/browsers?jwt=,absolute-url
"https://tronclass.com.tw/public-manual/TronclassManual_App.pdf',",tronclass.com.tw,raw/iclass.tku.edu.tw/user-visits/date-range/browsers__q_a263c00919.html,https://iclass.tku.edu.tw/user-visits/date-range/browsers?jwt=,absolute-url
https://support.tronclass.com',support.tronclass.com',raw/iclass.tku.edu.tw/user-visits/date-range/browsers__q_a263c00919.html,https://iclass.tku.edu.tw/user-visits/date-range/browsers?jwt=,absolute-url
https://iclass.tku.edu.tw/market,iclass.tku.edu.tw,raw/iclass.tku.edu.tw/user-visits/date-range/browsers__q_a263c00919.html,https://iclass.tku.edu.tw/user-visits/date-range/browsers?jwt=,absolute-url
https://www.youtube.com/iframe_api,www.youtube.com,raw/iclass.tku.edu.tw/user-visits/date-range/browsers__q_a263c00919.html,https://iclass.tku.edu.tw/user-visits/date-range/browsers?jwt=,absolute-url
https://get.adobe.com/flashplayer/,get.adobe.com,raw/iclass.tku.edu.tw/user-visits/date-range/browsers__q_a263c00919.html,https://iclass.tku.edu.tw/user-visits/date-range/browsers?jwt=,absolute-url
https://iclass.tku.edu.tw/,iclass.tku.edu.tw,raw/iclass.tku.edu.tw/user-visits/date-range/browsers__q_10f2513dc3.html,https://iclass.tku.edu.tw/user-visits/date-range/browsers?start_date=,absolute-url
https://www.googletagmanager.com/gtag/js,www.googletagmanager.com,raw/iclass.tku.edu.tw/user-visits/date-range/browsers__q_10f2513dc3.html,https://iclass.tku.edu.tw/user-visits/date-range/browsers?start_date=,absolute-url
https://github.com/OWASP/CheatSheetSeries/blob/master/cheatsheets/Clickjacking_Defense_Cheat_Sheet.md#best-for-now-legacy-browser-frame-breaking-script--,github.com,raw/iclass.tku.edu.tw/user-visits/date-range/browsers__q_10f2513dc3.html,https://iclass.tku.edu.tw/user-visits/date-range/browsers?start_date=,absolute-url
https://bam.nr-data.net,bam.nr-data.net,raw/iclass.tku.edu.tw/user-visits/date-range/browsers__q_10f2513dc3.html,https://iclass.tku.edu.tw/user-visits/date-range/browsers?start_date=,absolute-url
https://www.google-analytics.com,www.google-analytics.com,raw/iclass.tku.edu.tw/user-visits/date-range/browsers__q_10f2513dc3.html,https://iclass.tku.edu.tw/user-visits/date-range/browsers?start_date=,absolute-url
https://iclass.tku.edu.tw/iportal,iclass.tku.edu.tw,raw/iclass.tku.edu.tw/user-visits/date-range/browsers__q_10f2513dc3.html,https://iclass.tku.edu.tw/user-visits/date-range/browsers?start_date=,absolute-url
"https://tronclass.com.tw/public-manual/TronclassManual_System_Admin.pdf',",tronclass.com.tw,raw/iclass.tku.edu.tw/user-visits/date-range/browsers__q_10f2513dc3.html,https://iclass.tku.edu.tw/user-visits/date-range/browsers?start_date=,absolute-url
"https://tronclass.com.tw/public-manual/TronclassManual_Administrator.pdf',",tronclass.com.tw,raw/iclass.tku.edu.tw/user-visits/date-range/browsers__q_10f2513dc3.html,https://iclass.tku.edu.tw/user-visits/date-range/browsers?start_date=,absolute-url
"https://tronclass.com.tw/public-manual/manual-teacher.html',",tronclass.com.tw,raw/iclass.tku.edu.tw/user-visits/date-range/browsers__q_10f2513dc3.html,https://iclass.tku.edu.tw/user-visits/date-range/browsers?start_date=,absolute-url
"https://tronclass.com.tw/public-manual/TronclassManual_Student.pdf',",tronclass.com.tw,raw/iclass.tku.edu.tw/user-visits/date-range/browsers__q_10f2513dc3.html,https://iclass.tku.edu.tw/user-visits/date-range/browsers?start_date=,absolute-url
"https://tronclass.com.tw/public-manual/TronclassManual_App.pdf',",tronclass.com.tw,raw/iclass.tku.edu.tw/user-visits/date-range/browsers__q_10f2513dc3.html,https://iclass.tku.edu.tw/user-visits/date-range/browsers?start_date=,absolute-url
https://support.tronclass.com',support.tronclass.com',raw/iclass.tku.edu.tw/user-visits/date-range/browsers__q_10f2513dc3.html,https://iclass.tku.edu.tw/user-visits/date-range/browsers?start_date=,absolute-url
https://iclass.tku.edu.tw/market,iclass.tku.edu.tw,raw/iclass.tku.edu.tw/user-visits/date-range/browsers__q_10f2513dc3.html,https://iclass.tku.edu.tw/user-visits/date-range/browsers?start_date=,absolute-url
https://www.youtube.com/iframe_api,www.youtube.com,raw/iclass.tku.edu.tw/user-visits/date-range/browsers__q_10f2513dc3.html,https://iclass.tku.edu.tw/user-visits/date-range/browsers?start_date=,absolute-url
https://get.adobe.com/flashplayer/,get.adobe.com,raw/iclass.tku.edu.tw/user-visits/date-range/browsers__q_10f2513dc3.html,https://iclass.tku.edu.tw/user-visits/date-range/browsers?start_date=,absolute-url
https://iclass.tku.edu.tw/,iclass.tku.edu.tw,raw/iclass.tku.edu.tw/user-visits/date-range/capture_url.html,https://iclass.tku.edu.tw/user-visits/date-range/capture_url,absolute-url
https://www.googletagmanager.com/gtag/js,www.googletagmanager.com,raw/iclass.tku.edu.tw/user-visits/date-range/capture_url.html,https://iclass.tku.edu.tw/user-visits/date-range/capture_url,absolute-url
https://github.com/OWASP/CheatSheetSeries/blob/master/cheatsheets/Clickjacking_Defense_Cheat_Sheet.md#best-for-now-legacy-browser-frame-breaking-script--,github.com,raw/iclass.tku.edu.tw/user-visits/date-range/capture_url.html,https://iclass.tku.edu.tw/user-visits/date-range/capture_url,absolute-url
https://bam.nr-data.net,bam.nr-data.net,raw/iclass.tku.edu.tw/user-visits/date-range/capture_url.html,https://iclass.tku.edu.tw/user-visits/date-range/capture_url,absolute-url
https://www.google-analytics.com,www.google-analytics.com,raw/iclass.tku.edu.tw/user-visits/date-range/capture_url.html,https://iclass.tku.edu.tw/user-visits/date-range/capture_url,absolute-url
https://iclass.tku.edu.tw/iportal,iclass.tku.edu.tw,raw/iclass.tku.edu.tw/user-visits/date-range/capture_url.html,https://iclass.tku.edu.tw/user-visits/date-range/capture_url,absolute-url
"https://tronclass.com.tw/public-manual/TronclassManual_System_Admin.pdf',",tronclass.com.tw,raw/iclass.tku.edu.tw/user-visits/date-range/capture_url.html,https://iclass.tku.edu.tw/user-visits/date-range/capture_url,absolute-url
"https://tronclass.com.tw/public-manual/TronclassManual_Administrator.pdf',",tronclass.com.tw,raw/iclass.tku.edu.tw/user-visits/date-range/capture_url.html,https://iclass.tku.edu.tw/user-visits/date-range/capture_url,absolute-url
"https://tronclass.com.tw/public-manual/manual-teacher.html',",tronclass.com.tw,raw/iclass.tku.edu.tw/user-visits/date-range/capture_url.html,https://iclass.tku.edu.tw/user-visits/date-range/capture_url,absolute-url
"https://tronclass.com.tw/public-manual/TronclassManual_Student.pdf',",tronclass.com.tw,raw/iclass.tku.edu.tw/user-visits/date-range/capture_url.html,https://iclass.tku.edu.tw/user-visits/date-range/capture_url,absolute-url
"https://tronclass.com.tw/public-manual/TronclassManual_App.pdf',",tronclass.com.tw,raw/iclass.tku.edu.tw/user-visits/date-range/capture_url.html,https://iclass.tku.edu.tw/user-visits/date-range/capture_url,absolute-url
https://support.tronclass.com',support.tronclass.com',raw/iclass.tku.edu.tw/user-visits/date-range/capture_url.html,https://iclass.tku.edu.tw/user-visits/date-range/capture_url,absolute-url
https://iclass.tku.edu.tw/market,iclass.tku.edu.tw,raw/iclass.tku.edu.tw/user-visits/date-range/capture_url.html,https://iclass.tku.edu.tw/user-visits/date-range/capture_url,absolute-url
https://www.youtube.com/iframe_api,www.youtube.com,raw/iclass.tku.edu.tw/user-visits/date-range/capture_url.html,https://iclass.tku.edu.tw/user-visits/date-range/capture_url,absolute-url
https://get.adobe.com/flashplayer/,get.adobe.com,raw/iclass.tku.edu.tw/user-visits/date-range/capture_url.html,https://iclass.tku.edu.tw/user-visits/date-range/capture_url,absolute-url
https://iclass.tku.edu.tw/,iclass.tku.edu.tw,raw/iclass.tku.edu.tw/user-visits/date-range/lesson_resource_url.html,https://iclass.tku.edu.tw/user-visits/date-range/lesson_resource_url,absolute-url
https://www.googletagmanager.com/gtag/js,www.googletagmanager.com,raw/iclass.tku.edu.tw/user-visits/date-range/lesson_resource_url.html,https://iclass.tku.edu.tw/user-visits/date-range/lesson_resource_url,absolute-url
https://github.com/OWASP/CheatSheetSeries/blob/master/cheatsheets/Clickjacking_Defense_Cheat_Sheet.md#best-for-now-legacy-browser-frame-breaking-script--,github.com,raw/iclass.tku.edu.tw/user-visits/date-range/lesson_resource_url.html,https://iclass.tku.edu.tw/user-visits/date-range/lesson_resource_url,absolute-url
https://bam.nr-data.net,bam.nr-data.net,raw/iclass.tku.edu.tw/user-visits/date-range/lesson_resource_url.html,https://iclass.tku.edu.tw/user-visits/date-range/lesson_resource_url,absolute-url
https://www.google-analytics.com,www.google-analytics.com,raw/iclass.tku.edu.tw/user-visits/date-range/lesson_resource_url.html,https://iclass.tku.edu.tw/user-visits/date-range/lesson_resource_url,absolute-url
https://iclass.tku.edu.tw/iportal,iclass.tku.edu.tw,raw/iclass.tku.edu.tw/user-visits/date-range/lesson_resource_url.html,https://iclass.tku.edu.tw/user-visits/date-range/lesson_resource_url,absolute-url
"https://tronclass.com.tw/public-manual/TronclassManual_System_Admin.pdf',",tronclass.com.tw,raw/iclass.tku.edu.tw/user-visits/date-range/lesson_resource_url.html,https://iclass.tku.edu.tw/user-visits/date-range/lesson_resource_url,absolute-url
"https://tronclass.com.tw/public-manual/TronclassManual_Administrator.pdf',",tronclass.com.tw,raw/iclass.tku.edu.tw/user-visits/date-range/lesson_resource_url.html,https://iclass.tku.edu.tw/user-visits/date-range/lesson_resource_url,absolute-url
"https://tronclass.com.tw/public-manual/manual-teacher.html',",tronclass.com.tw,raw/iclass.tku.edu.tw/user-visits/date-range/lesson_resource_url.html,https://iclass.tku.edu.tw/user-visits/date-range/lesson_resource_url,absolute-url
"https://tronclass.com.tw/public-manual/TronclassManual_Student.pdf',",tronclass.com.tw,raw/iclass.tku.edu.tw/user-visits/date-range/lesson_resource_url.html,https://iclass.tku.edu.tw/user-visits/date-range/lesson_resource_url,absolute-url
"https://tronclass.com.tw/public-manual/TronclassManual_App.pdf',",tronclass.com.tw,raw/iclass.tku.edu.tw/user-visits/date-range/lesson_resource_url.html,https://iclass.tku.edu.tw/user-visits/date-range/lesson_resource_url,absolute-url
https://support.tronclass.com',support.tronclass.com',raw/iclass.tku.edu.tw/user-visits/date-range/lesson_resource_url.html,https://iclass.tku.edu.tw/user-visits/date-range/lesson_resource_url,absolute-url
https://iclass.tku.edu.tw/market,iclass.tku.edu.tw,raw/iclass.tku.edu.tw/user-visits/date-range/lesson_resource_url.html,https://iclass.tku.edu.tw/user-visits/date-range/lesson_resource_url,absolute-url
https://www.youtube.com/iframe_api,www.youtube.com,raw/iclass.tku.edu.tw/user-visits/date-range/lesson_resource_url.html,https://iclass.tku.edu.tw/user-visits/date-range/lesson_resource_url,absolute-url
https://get.adobe.com/flashplayer/,get.adobe.com,raw/iclass.tku.edu.tw/user-visits/date-range/lesson_resource_url.html,https://iclass.tku.edu.tw/user-visits/date-range/lesson_resource_url,absolute-url
https://iclass.tku.edu.tw/,iclass.tku.edu.tw,raw/iclass.tku.edu.tw/user-visits/date-range/manualUrl.html,https://iclass.tku.edu.tw/user-visits/date-range/manualUrl,absolute-url
https://www.googletagmanager.com/gtag/js,www.googletagmanager.com,raw/iclass.tku.edu.tw/user-visits/date-range/manualUrl.html,https://iclass.tku.edu.tw/user-visits/date-range/manualUrl,absolute-url
https://github.com/OWASP/CheatSheetSeries/blob/master/cheatsheets/Clickjacking_Defense_Cheat_Sheet.md#best-for-now-legacy-browser-frame-breaking-script--,github.com,raw/iclass.tku.edu.tw/user-visits/date-range/manualUrl.html,https://iclass.tku.edu.tw/user-visits/date-range/manualUrl,absolute-url
https://bam.nr-data.net,bam.nr-data.net,raw/iclass.tku.edu.tw/user-visits/date-range/manualUrl.html,https://iclass.tku.edu.tw/user-visits/date-range/manualUrl,absolute-url
https://www.google-analytics.com,www.google-analytics.com,raw/iclass.tku.edu.tw/user-visits/date-range/manualUrl.html,https://iclass.tku.edu.tw/user-visits/date-range/manualUrl,absolute-url
https://iclass.tku.edu.tw/iportal,iclass.tku.edu.tw,raw/iclass.tku.edu.tw/user-visits/date-range/manualUrl.html,https://iclass.tku.edu.tw/user-visits/date-range/manualUrl,absolute-url
"https://tronclass.com.tw/public-manual/TronclassManual_System_Admin.pdf',",tronclass.com.tw,raw/iclass.tku.edu.tw/user-visits/date-range/manualUrl.html,https://iclass.tku.edu.tw/user-visits/date-range/manualUrl,absolute-url
"https://tronclass.com.tw/public-manual/TronclassManual_Administrator.pdf',",tronclass.com.tw,raw/iclass.tku.edu.tw/user-visits/date-range/manualUrl.html,https://iclass.tku.edu.tw/user-visits/date-range/manualUrl,absolute-url
"https://tronclass.com.tw/public-manual/manual-teacher.html',",tronclass.com.tw,raw/iclass.tku.edu.tw/user-visits/date-range/manualUrl.html,https://iclass.tku.edu.tw/user-visits/date-range/manualUrl,absolute-url
"https://tronclass.com.tw/public-manual/TronclassManual_Student.pdf',",tronclass.com.tw,raw/iclass.tku.edu.tw/user-visits/date-range/manualUrl.html,https://iclass.tku.edu.tw/user-visits/date-range/manualUrl,absolute-url
"https://tronclass.com.tw/public-manual/TronclassManual_App.pdf',",tronclass.com.tw,raw/iclass.tku.edu.tw/user-visits/date-range/manualUrl.html,https://iclass.tku.edu.tw/user-visits/date-range/manualUrl,absolute-url
https://support.tronclass.com',support.tronclass.com',raw/iclass.tku.edu.tw/user-visits/date-range/manualUrl.html,https://iclass.tku.edu.tw/user-visits/date-range/manualUrl,absolute-url
https://iclass.tku.edu.tw/market,iclass.tku.edu.tw,raw/iclass.tku.edu.tw/user-visits/date-range/manualUrl.html,https://iclass.tku.edu.tw/user-visits/date-range/manualUrl,absolute-url
https://www.youtube.com/iframe_api,www.youtube.com,raw/iclass.tku.edu.tw/user-visits/date-range/manualUrl.html,https://iclass.tku.edu.tw/user-visits/date-range/manualUrl,absolute-url
https://get.adobe.com/flashplayer/,get.adobe.com,raw/iclass.tku.edu.tw/user-visits/date-range/manualUrl.html,https://iclass.tku.edu.tw/user-visits/date-range/manualUrl,absolute-url
https://iclass.tku.edu.tw/,iclass.tku.edu.tw,raw/iclass.tku.edu.tw/user-visits/lesson_resource_url.html,https://iclass.tku.edu.tw/user-visits/lesson_resource_url,absolute-url
https://www.googletagmanager.com/gtag/js,www.googletagmanager.com,raw/iclass.tku.edu.tw/user-visits/lesson_resource_url.html,https://iclass.tku.edu.tw/user-visits/lesson_resource_url,absolute-url
https://github.com/OWASP/CheatSheetSeries/blob/master/cheatsheets/Clickjacking_Defense_Cheat_Sheet.md#best-for-now-legacy-browser-frame-breaking-script--,github.com,raw/iclass.tku.edu.tw/user-visits/lesson_resource_url.html,https://iclass.tku.edu.tw/user-visits/lesson_resource_url,absolute-url
https://bam.nr-data.net,bam.nr-data.net,raw/iclass.tku.edu.tw/user-visits/lesson_resource_url.html,https://iclass.tku.edu.tw/user-visits/lesson_resource_url,absolute-url
https://www.google-analytics.com,www.google-analytics.com,raw/iclass.tku.edu.tw/user-visits/lesson_resource_url.html,https://iclass.tku.edu.tw/user-visits/lesson_resource_url,absolute-url
https://iclass.tku.edu.tw/iportal,iclass.tku.edu.tw,raw/iclass.tku.edu.tw/user-visits/lesson_resource_url.html,https://iclass.tku.edu.tw/user-visits/lesson_resource_url,absolute-url
"https://tronclass.com.tw/public-manual/TronclassManual_System_Admin.pdf',",tronclass.com.tw,raw/iclass.tku.edu.tw/user-visits/lesson_resource_url.html,https://iclass.tku.edu.tw/user-visits/lesson_resource_url,absolute-url
"https://tronclass.com.tw/public-manual/TronclassManual_Administrator.pdf',",tronclass.com.tw,raw/iclass.tku.edu.tw/user-visits/lesson_resource_url.html,https://iclass.tku.edu.tw/user-visits/lesson_resource_url,absolute-url
"https://tronclass.com.tw/public-manual/manual-teacher.html',",tronclass.com.tw,raw/iclass.tku.edu.tw/user-visits/lesson_resource_url.html,https://iclass.tku.edu.tw/user-visits/lesson_resource_url,absolute-url
"https://tronclass.com.tw/public-manual/TronclassManual_Student.pdf',",tronclass.com.tw,raw/iclass.tku.edu.tw/user-visits/lesson_resource_url.html,https://iclass.tku.edu.tw/user-visits/lesson_resource_url,absolute-url
"https://tronclass.com.tw/public-manual/TronclassManual_App.pdf',",tronclass.com.tw,raw/iclass.tku.edu.tw/user-visits/lesson_resource_url.html,https://iclass.tku.edu.tw/user-visits/lesson_resource_url,absolute-url
https://support.tronclass.com',support.tronclass.com',raw/iclass.tku.edu.tw/user-visits/lesson_resource_url.html,https://iclass.tku.edu.tw/user-visits/lesson_resource_url,absolute-url
https://iclass.tku.edu.tw/market,iclass.tku.edu.tw,raw/iclass.tku.edu.tw/user-visits/lesson_resource_url.html,https://iclass.tku.edu.tw/user-visits/lesson_resource_url,absolute-url
https://www.youtube.com/iframe_api,www.youtube.com,raw/iclass.tku.edu.tw/user-visits/lesson_resource_url.html,https://iclass.tku.edu.tw/user-visits/lesson_resource_url,absolute-url
https://get.adobe.com/flashplayer/,get.adobe.com,raw/iclass.tku.edu.tw/user-visits/lesson_resource_url.html,https://iclass.tku.edu.tw/user-visits/lesson_resource_url,absolute-url
https://iclass.tku.edu.tw/,iclass.tku.edu.tw,raw/iclass.tku.edu.tw/user-visits/manualUrl.html,https://iclass.tku.edu.tw/user-visits/manualUrl,absolute-url
https://www.googletagmanager.com/gtag/js,www.googletagmanager.com,raw/iclass.tku.edu.tw/user-visits/manualUrl.html,https://iclass.tku.edu.tw/user-visits/manualUrl,absolute-url
https://github.com/OWASP/CheatSheetSeries/blob/master/cheatsheets/Clickjacking_Defense_Cheat_Sheet.md#best-for-now-legacy-browser-frame-breaking-script--,github.com,raw/iclass.tku.edu.tw/user-visits/manualUrl.html,https://iclass.tku.edu.tw/user-visits/manualUrl,absolute-url
https://bam.nr-data.net,bam.nr-data.net,raw/iclass.tku.edu.tw/user-visits/manualUrl.html,https://iclass.tku.edu.tw/user-visits/manualUrl,absolute-url
https://www.google-analytics.com,www.google-analytics.com,raw/iclass.tku.edu.tw/user-visits/manualUrl.html,https://iclass.tku.edu.tw/user-visits/manualUrl,absolute-url
https://iclass.tku.edu.tw/iportal,iclass.tku.edu.tw,raw/iclass.tku.edu.tw/user-visits/manualUrl.html,https://iclass.tku.edu.tw/user-visits/manualUrl,absolute-url
"https://tronclass.com.tw/public-manual/TronclassManual_System_Admin.pdf',",tronclass.com.tw,raw/iclass.tku.edu.tw/user-visits/manualUrl.html,https://iclass.tku.edu.tw/user-visits/manualUrl,absolute-url
"https://tronclass.com.tw/public-manual/TronclassManual_Administrator.pdf',",tronclass.com.tw,raw/iclass.tku.edu.tw/user-visits/manualUrl.html,https://iclass.tku.edu.tw/user-visits/manualUrl,absolute-url
"https://tronclass.com.tw/public-manual/manual-teacher.html',",tronclass.com.tw,raw/iclass.tku.edu.tw/user-visits/manualUrl.html,https://iclass.tku.edu.tw/user-visits/manualUrl,absolute-url
"https://tronclass.com.tw/public-manual/TronclassManual_Student.pdf',",tronclass.com.tw,raw/iclass.tku.edu.tw/user-visits/manualUrl.html,https://iclass.tku.edu.tw/user-visits/manualUrl,absolute-url
"https://tronclass.com.tw/public-manual/TronclassManual_App.pdf',",tronclass.com.tw,raw/iclass.tku.edu.tw/user-visits/manualUrl.html,https://iclass.tku.edu.tw/user-visits/manualUrl,absolute-url
https://support.tronclass.com',support.tronclass.com',raw/iclass.tku.edu.tw/user-visits/manualUrl.html,https://iclass.tku.edu.tw/user-visits/manualUrl,absolute-url
https://iclass.tku.edu.tw/market,iclass.tku.edu.tw,raw/iclass.tku.edu.tw/user-visits/manualUrl.html,https://iclass.tku.edu.tw/user-visits/manualUrl,absolute-url
https://www.youtube.com/iframe_api,www.youtube.com,raw/iclass.tku.edu.tw/user-visits/manualUrl.html,https://iclass.tku.edu.tw/user-visits/manualUrl,absolute-url
https://get.adobe.com/flashplayer/,get.adobe.com,raw/iclass.tku.edu.tw/user-visits/manualUrl.html,https://iclass.tku.edu.tw/user-visits/manualUrl,absolute-url
https://iclass.tku.edu.tw/,iclass.tku.edu.tw,raw/iclass.tku.edu.tw/user-visits/metrics.html,https://iclass.tku.edu.tw/user-visits/metrics,absolute-url
https://www.googletagmanager.com/gtag/js,www.googletagmanager.com,raw/iclass.tku.edu.tw/user-visits/metrics.html,https://iclass.tku.edu.tw/user-visits/metrics,absolute-url
https://github.com/OWASP/CheatSheetSeries/blob/master/cheatsheets/Clickjacking_Defense_Cheat_Sheet.md#best-for-now-legacy-browser-frame-breaking-script--,github.com,raw/iclass.tku.edu.tw/user-visits/metrics.html,https://iclass.tku.edu.tw/user-visits/metrics,absolute-url
https://bam.nr-data.net,bam.nr-data.net,raw/iclass.tku.edu.tw/user-visits/metrics.html,https://iclass.tku.edu.tw/user-visits/metrics,absolute-url
https://www.google-analytics.com,www.google-analytics.com,raw/iclass.tku.edu.tw/user-visits/metrics.html,https://iclass.tku.edu.tw/user-visits/metrics,absolute-url
https://iclass.tku.edu.tw/iportal,iclass.tku.edu.tw,raw/iclass.tku.edu.tw/user-visits/metrics.html,https://iclass.tku.edu.tw/user-visits/metrics,absolute-url
"https://tronclass.com.tw/public-manual/TronclassManual_System_Admin.pdf',",tronclass.com.tw,raw/iclass.tku.edu.tw/user-visits/metrics.html,https://iclass.tku.edu.tw/user-visits/metrics,absolute-url
"https://tronclass.com.tw/public-manual/TronclassManual_Administrator.pdf',",tronclass.com.tw,raw/iclass.tku.edu.tw/user-visits/metrics.html,https://iclass.tku.edu.tw/user-visits/metrics,absolute-url
"https://tronclass.com.tw/public-manual/manual-teacher.html',",tronclass.com.tw,raw/iclass.tku.edu.tw/user-visits/metrics.html,https://iclass.tku.edu.tw/user-visits/metrics,absolute-url
"https://tronclass.com.tw/public-manual/TronclassManual_Student.pdf',",tronclass.com.tw,raw/iclass.tku.edu.tw/user-visits/metrics.html,https://iclass.tku.edu.tw/user-visits/metrics,absolute-url
"https://tronclass.com.tw/public-manual/TronclassManual_App.pdf',",tronclass.com.tw,raw/iclass.tku.edu.tw/user-visits/metrics.html,https://iclass.tku.edu.tw/user-visits/metrics,absolute-url
https://support.tronclass.com',support.tronclass.com',raw/iclass.tku.edu.tw/user-visits/metrics.html,https://iclass.tku.edu.tw/user-visits/metrics,absolute-url
https://iclass.tku.edu.tw/market,iclass.tku.edu.tw,raw/iclass.tku.edu.tw/user-visits/metrics.html,https://iclass.tku.edu.tw/user-visits/metrics,absolute-url
https://www.youtube.com/iframe_api,www.youtube.com,raw/iclass.tku.edu.tw/user-visits/metrics.html,https://iclass.tku.edu.tw/user-visits/metrics,absolute-url
https://get.adobe.com/flashplayer/,get.adobe.com,raw/iclass.tku.edu.tw/user-visits/metrics.html,https://iclass.tku.edu.tw/user-visits/metrics,absolute-url
https://iclass.tku.edu.tw/,iclass.tku.edu.tw,raw/iclass.tku.edu.tw/user-visits/metrics__q_1779bf8de6.html,https://iclass.tku.edu.tw/user-visits/metrics?activity_type=,absolute-url
https://www.googletagmanager.com/gtag/js,www.googletagmanager.com,raw/iclass.tku.edu.tw/user-visits/metrics__q_1779bf8de6.html,https://iclass.tku.edu.tw/user-visits/metrics?activity_type=,absolute-url
https://github.com/OWASP/CheatSheetSeries/blob/master/cheatsheets/Clickjacking_Defense_Cheat_Sheet.md#best-for-now-legacy-browser-frame-breaking-script--,github.com,raw/iclass.tku.edu.tw/user-visits/metrics__q_1779bf8de6.html,https://iclass.tku.edu.tw/user-visits/metrics?activity_type=,absolute-url
https://bam.nr-data.net,bam.nr-data.net,raw/iclass.tku.edu.tw/user-visits/metrics__q_1779bf8de6.html,https://iclass.tku.edu.tw/user-visits/metrics?activity_type=,absolute-url
https://www.google-analytics.com,www.google-analytics.com,raw/iclass.tku.edu.tw/user-visits/metrics__q_1779bf8de6.html,https://iclass.tku.edu.tw/user-visits/metrics?activity_type=,absolute-url
https://iclass.tku.edu.tw/iportal,iclass.tku.edu.tw,raw/iclass.tku.edu.tw/user-visits/metrics__q_1779bf8de6.html,https://iclass.tku.edu.tw/user-visits/metrics?activity_type=,absolute-url
"https://tronclass.com.tw/public-manual/TronclassManual_System_Admin.pdf',",tronclass.com.tw,raw/iclass.tku.edu.tw/user-visits/metrics__q_1779bf8de6.html,https://iclass.tku.edu.tw/user-visits/metrics?activity_type=,absolute-url
"https://tronclass.com.tw/public-manual/TronclassManual_Administrator.pdf',",tronclass.com.tw,raw/iclass.tku.edu.tw/user-visits/metrics__q_1779bf8de6.html,https://iclass.tku.edu.tw/user-visits/metrics?activity_type=,absolute-url
"https://tronclass.com.tw/public-manual/manual-teacher.html',",tronclass.com.tw,raw/iclass.tku.edu.tw/user-visits/metrics__q_1779bf8de6.html,https://iclass.tku.edu.tw/user-visits/metrics?activity_type=,absolute-url
"https://tronclass.com.tw/public-manual/TronclassManual_Student.pdf',",tronclass.com.tw,raw/iclass.tku.edu.tw/user-visits/metrics__q_1779bf8de6.html,https://iclass.tku.edu.tw/user-visits/metrics?activity_type=,absolute-url
"https://tronclass.com.tw/public-manual/TronclassManual_App.pdf',",tronclass.com.tw,raw/iclass.tku.edu.tw/user-visits/metrics__q_1779bf8de6.html,https://iclass.tku.edu.tw/user-visits/metrics?activity_type=,absolute-url
https://support.tronclass.com',support.tronclass.com',raw/iclass.tku.edu.tw/user-visits/metrics__q_1779bf8de6.html,https://iclass.tku.edu.tw/user-visits/metrics?activity_type=,absolute-url
https://iclass.tku.edu.tw/market,iclass.tku.edu.tw,raw/iclass.tku.edu.tw/user-visits/metrics__q_1779bf8de6.html,https://iclass.tku.edu.tw/user-visits/metrics?activity_type=,absolute-url
https://www.youtube.com/iframe_api,www.youtube.com,raw/iclass.tku.edu.tw/user-visits/metrics__q_1779bf8de6.html,https://iclass.tku.edu.tw/user-visits/metrics?activity_type=,absolute-url
https://get.adobe.com/flashplayer/,get.adobe.com,raw/iclass.tku.edu.tw/user-visits/metrics__q_1779bf8de6.html,https://iclass.tku.edu.tw/user-visits/metrics?activity_type=,absolute-url
https://iclass.tku.edu.tw/,iclass.tku.edu.tw,raw/iclass.tku.edu.tw/user-visits/metrics__q_a47d98bf86.html,https://iclass.tku.edu.tw/user-visits/metrics?group=,absolute-url
https://www.googletagmanager.com/gtag/js,www.googletagmanager.com,raw/iclass.tku.edu.tw/user-visits/metrics__q_a47d98bf86.html,https://iclass.tku.edu.tw/user-visits/metrics?group=,absolute-url
https://github.com/OWASP/CheatSheetSeries/blob/master/cheatsheets/Clickjacking_Defense_Cheat_Sheet.md#best-for-now-legacy-browser-frame-breaking-script--,github.com,raw/iclass.tku.edu.tw/user-visits/metrics__q_a47d98bf86.html,https://iclass.tku.edu.tw/user-visits/metrics?group=,absolute-url
https://bam.nr-data.net,bam.nr-data.net,raw/iclass.tku.edu.tw/user-visits/metrics__q_a47d98bf86.html,https://iclass.tku.edu.tw/user-visits/metrics?group=,absolute-url
https://www.google-analytics.com,www.google-analytics.com,raw/iclass.tku.edu.tw/user-visits/metrics__q_a47d98bf86.html,https://iclass.tku.edu.tw/user-visits/metrics?group=,absolute-url
https://iclass.tku.edu.tw/iportal,iclass.tku.edu.tw,raw/iclass.tku.edu.tw/user-visits/metrics__q_a47d98bf86.html,https://iclass.tku.edu.tw/user-visits/metrics?group=,absolute-url
"https://tronclass.com.tw/public-manual/TronclassManual_System_Admin.pdf',",tronclass.com.tw,raw/iclass.tku.edu.tw/user-visits/metrics__q_a47d98bf86.html,https://iclass.tku.edu.tw/user-visits/metrics?group=,absolute-url
"https://tronclass.com.tw/public-manual/TronclassManual_Administrator.pdf',",tronclass.com.tw,raw/iclass.tku.edu.tw/user-visits/metrics__q_a47d98bf86.html,https://iclass.tku.edu.tw/user-visits/metrics?group=,absolute-url
"https://tronclass.com.tw/public-manual/manual-teacher.html',",tronclass.com.tw,raw/iclass.tku.edu.tw/user-visits/metrics__q_a47d98bf86.html,https://iclass.tku.edu.tw/user-visits/metrics?group=,absolute-url
"https://tronclass.com.tw/public-manual/TronclassManual_Student.pdf',",tronclass.com.tw,raw/iclass.tku.edu.tw/user-visits/metrics__q_a47d98bf86.html,https://iclass.tku.edu.tw/user-visits/metrics?group=,absolute-url
"https://tronclass.com.tw/public-manual/TronclassManual_App.pdf',",tronclass.com.tw,raw/iclass.tku.edu.tw/user-visits/metrics__q_a47d98bf86.html,https://iclass.tku.edu.tw/user-visits/metrics?group=,absolute-url
https://support.tronclass.com',support.tronclass.com',raw/iclass.tku.edu.tw/user-visits/metrics__q_a47d98bf86.html,https://iclass.tku.edu.tw/user-visits/metrics?group=,absolute-url
https://iclass.tku.edu.tw/market,iclass.tku.edu.tw,raw/iclass.tku.edu.tw/user-visits/metrics__q_a47d98bf86.html,https://iclass.tku.edu.tw/user-visits/metrics?group=,absolute-url
https://www.youtube.com/iframe_api,www.youtube.com,raw/iclass.tku.edu.tw/user-visits/metrics__q_a47d98bf86.html,https://iclass.tku.edu.tw/user-visits/metrics?group=,absolute-url
https://get.adobe.com/flashplayer/,get.adobe.com,raw/iclass.tku.edu.tw/user-visits/metrics__q_a47d98bf86.html,https://iclass.tku.edu.tw/user-visits/metrics?group=,absolute-url
https://iclass.tku.edu.tw/,iclass.tku.edu.tw,raw/iclass.tku.edu.tw/user-visits/metrics__q_9e12186284.html,"https://iclass.tku.edu.tw/user-visits/metrics?group_by=activity,group,type",absolute-url
https://www.googletagmanager.com/gtag/js,www.googletagmanager.com,raw/iclass.tku.edu.tw/user-visits/metrics__q_9e12186284.html,"https://iclass.tku.edu.tw/user-visits/metrics?group_by=activity,group,type",absolute-url
https://github.com/OWASP/CheatSheetSeries/blob/master/cheatsheets/Clickjacking_Defense_Cheat_Sheet.md#best-for-now-legacy-browser-frame-breaking-script--,github.com,raw/iclass.tku.edu.tw/user-visits/metrics__q_9e12186284.html,"https://iclass.tku.edu.tw/user-visits/metrics?group_by=activity,group,type",absolute-url
https://bam.nr-data.net,bam.nr-data.net,raw/iclass.tku.edu.tw/user-visits/metrics__q_9e12186284.html,"https://iclass.tku.edu.tw/user-visits/metrics?group_by=activity,group,type",absolute-url
https://www.google-analytics.com,www.google-analytics.com,raw/iclass.tku.edu.tw/user-visits/metrics__q_9e12186284.html,"https://iclass.tku.edu.tw/user-visits/metrics?group_by=activity,group,type",absolute-url
https://iclass.tku.edu.tw/iportal,iclass.tku.edu.tw,raw/iclass.tku.edu.tw/user-visits/metrics__q_9e12186284.html,"https://iclass.tku.edu.tw/user-visits/metrics?group_by=activity,group,type",absolute-url
"https://tronclass.com.tw/public-manual/TronclassManual_System_Admin.pdf',",tronclass.com.tw,raw/iclass.tku.edu.tw/user-visits/metrics__q_9e12186284.html,"https://iclass.tku.edu.tw/user-visits/metrics?group_by=activity,group,type",absolute-url
"https://tronclass.com.tw/public-manual/TronclassManual_Administrator.pdf',",tronclass.com.tw,raw/iclass.tku.edu.tw/user-visits/metrics__q_9e12186284.html,"https://iclass.tku.edu.tw/user-visits/metrics?group_by=activity,group,type",absolute-url
"https://tronclass.com.tw/public-manual/manual-teacher.html',",tronclass.com.tw,raw/iclass.tku.edu.tw/user-visits/metrics__q_9e12186284.html,"https://iclass.tku.edu.tw/user-visits/metrics?group_by=activity,group,type",absolute-url
"https://tronclass.com.tw/public-manual/TronclassManual_Student.pdf',",tronclass.com.tw,raw/iclass.tku.edu.tw/user-visits/metrics__q_9e12186284.html,"https://iclass.tku.edu.tw/user-visits/metrics?group_by=activity,group,type",absolute-url
"https://tronclass.com.tw/public-manual/TronclassManual_App.pdf',",tronclass.com.tw,raw/iclass.tku.edu.tw/user-visits/metrics__q_9e12186284.html,"https://iclass.tku.edu.tw/user-visits/metrics?group_by=activity,group,type",absolute-url
https://support.tronclass.com',support.tronclass.com',raw/iclass.tku.edu.tw/user-visits/metrics__q_9e12186284.html,"https://iclass.tku.edu.tw/user-visits/metrics?group_by=activity,group,type",absolute-url
https://iclass.tku.edu.tw/market,iclass.tku.edu.tw,raw/iclass.tku.edu.tw/user-visits/metrics__q_9e12186284.html,"https://iclass.tku.edu.tw/user-visits/metrics?group_by=activity,group,type",absolute-url
https://www.youtube.com/iframe_api,www.youtube.com,raw/iclass.tku.edu.tw/user-visits/metrics__q_9e12186284.html,"https://iclass.tku.edu.tw/user-visits/metrics?group_by=activity,group,type",absolute-url
https://get.adobe.com/flashplayer/,get.adobe.com,raw/iclass.tku.edu.tw/user-visits/metrics__q_9e12186284.html,"https://iclass.tku.edu.tw/user-visits/metrics?group_by=activity,group,type",absolute-url
https://iclass.tku.edu.tw/,iclass.tku.edu.tw,raw/iclass.tku.edu.tw/user-visits/metrics__q_13072ad053.html,"https://iclass.tku.edu.tw/user-visits/metrics?group_by=activity,group,type&time_restrict=day",absolute-url
https://www.googletagmanager.com/gtag/js,www.googletagmanager.com,raw/iclass.tku.edu.tw/user-visits/metrics__q_13072ad053.html,"https://iclass.tku.edu.tw/user-visits/metrics?group_by=activity,group,type&time_restrict=day",absolute-url
https://github.com/OWASP/CheatSheetSeries/blob/master/cheatsheets/Clickjacking_Defense_Cheat_Sheet.md#best-for-now-legacy-browser-frame-breaking-script--,github.com,raw/iclass.tku.edu.tw/user-visits/metrics__q_13072ad053.html,"https://iclass.tku.edu.tw/user-visits/metrics?group_by=activity,group,type&time_restrict=day",absolute-url
https://bam.nr-data.net,bam.nr-data.net,raw/iclass.tku.edu.tw/user-visits/metrics__q_13072ad053.html,"https://iclass.tku.edu.tw/user-visits/metrics?group_by=activity,group,type&time_restrict=day",absolute-url
https://www.google-analytics.com,www.google-analytics.com,raw/iclass.tku.edu.tw/user-visits/metrics__q_13072ad053.html,"https://iclass.tku.edu.tw/user-visits/metrics?group_by=activity,group,type&time_restrict=day",absolute-url
https://iclass.tku.edu.tw/iportal,iclass.tku.edu.tw,raw/iclass.tku.edu.tw/user-visits/metrics__q_13072ad053.html,"https://iclass.tku.edu.tw/user-visits/metrics?group_by=activity,group,type&time_restrict=day",absolute-url
"https://tronclass.com.tw/public-manual/TronclassManual_System_Admin.pdf',",tronclass.com.tw,raw/iclass.tku.edu.tw/user-visits/metrics__q_13072ad053.html,"https://iclass.tku.edu.tw/user-visits/metrics?group_by=activity,group,type&time_restrict=day",absolute-url
"https://tronclass.com.tw/public-manual/TronclassManual_Administrator.pdf',",tronclass.com.tw,raw/iclass.tku.edu.tw/user-visits/metrics__q_13072ad053.html,"https://iclass.tku.edu.tw/user-visits/metrics?group_by=activity,group,type&time_restrict=day",absolute-url
"https://tronclass.com.tw/public-manual/manual-teacher.html',",tronclass.com.tw,raw/iclass.tku.edu.tw/user-visits/metrics__q_13072ad053.html,"https://iclass.tku.edu.tw/user-visits/metrics?group_by=activity,group,type&time_restrict=day",absolute-url
"https://tronclass.com.tw/public-manual/TronclassManual_Student.pdf',",tronclass.com.tw,raw/iclass.tku.edu.tw/user-visits/metrics__q_13072ad053.html,"https://iclass.tku.edu.tw/user-visits/metrics?group_by=activity,group,type&time_restrict=day",absolute-url
"https://tronclass.com.tw/public-manual/TronclassManual_App.pdf',",tronclass.com.tw,raw/iclass.tku.edu.tw/user-visits/metrics__q_13072ad053.html,"https://iclass.tku.edu.tw/user-visits/metrics?group_by=activity,group,type&time_restrict=day",absolute-url
https://support.tronclass.com',support.tronclass.com',raw/iclass.tku.edu.tw/user-visits/metrics__q_13072ad053.html,"https://iclass.tku.edu.tw/user-visits/metrics?group_by=activity,group,type&time_restrict=day",absolute-url
https://iclass.tku.edu.tw/market,iclass.tku.edu.tw,raw/iclass.tku.edu.tw/user-visits/metrics__q_13072ad053.html,"https://iclass.tku.edu.tw/user-visits/metrics?group_by=activity,group,type&time_restrict=day",absolute-url
https://www.youtube.com/iframe_api,www.youtube.com,raw/iclass.tku.edu.tw/user-visits/metrics__q_13072ad053.html,"https://iclass.tku.edu.tw/user-visits/metrics?group_by=activity,group,type&time_restrict=day",absolute-url
https://get.adobe.com/flashplayer/,get.adobe.com,raw/iclass.tku.edu.tw/user-visits/metrics__q_13072ad053.html,"https://iclass.tku.edu.tw/user-visits/metrics?group_by=activity,group,type&time_restrict=day",absolute-url
https://iclass.tku.edu.tw/,iclass.tku.edu.tw,raw/iclass.tku.edu.tw/user-visits/metrics__q_dbbfe96229.html,https://iclass.tku.edu.tw/user-visits/metrics?group_by=user,absolute-url
https://www.googletagmanager.com/gtag/js,www.googletagmanager.com,raw/iclass.tku.edu.tw/user-visits/metrics__q_dbbfe96229.html,https://iclass.tku.edu.tw/user-visits/metrics?group_by=user,absolute-url
https://github.com/OWASP/CheatSheetSeries/blob/master/cheatsheets/Clickjacking_Defense_Cheat_Sheet.md#best-for-now-legacy-browser-frame-breaking-script--,github.com,raw/iclass.tku.edu.tw/user-visits/metrics__q_dbbfe96229.html,https://iclass.tku.edu.tw/user-visits/metrics?group_by=user,absolute-url
https://bam.nr-data.net,bam.nr-data.net,raw/iclass.tku.edu.tw/user-visits/metrics__q_dbbfe96229.html,https://iclass.tku.edu.tw/user-visits/metrics?group_by=user,absolute-url
https://www.google-analytics.com,www.google-analytics.com,raw/iclass.tku.edu.tw/user-visits/metrics__q_dbbfe96229.html,https://iclass.tku.edu.tw/user-visits/metrics?group_by=user,absolute-url
https://iclass.tku.edu.tw/iportal,iclass.tku.edu.tw,raw/iclass.tku.edu.tw/user-visits/metrics__q_dbbfe96229.html,https://iclass.tku.edu.tw/user-visits/metrics?group_by=user,absolute-url
"https://tronclass.com.tw/public-manual/TronclassManual_System_Admin.pdf',",tronclass.com.tw,raw/iclass.tku.edu.tw/user-visits/metrics__q_dbbfe96229.html,https://iclass.tku.edu.tw/user-visits/metrics?group_by=user,absolute-url
"https://tronclass.com.tw/public-manual/TronclassManual_Administrator.pdf',",tronclass.com.tw,raw/iclass.tku.edu.tw/user-visits/metrics__q_dbbfe96229.html,https://iclass.tku.edu.tw/user-visits/metrics?group_by=user,absolute-url
"https://tronclass.com.tw/public-manual/manual-teacher.html',",tronclass.com.tw,raw/iclass.tku.edu.tw/user-visits/metrics__q_dbbfe96229.html,https://iclass.tku.edu.tw/user-visits/metrics?group_by=user,absolute-url
"https://tronclass.com.tw/public-manual/TronclassManual_Student.pdf',",tronclass.com.tw,raw/iclass.tku.edu.tw/user-visits/metrics__q_dbbfe96229.html,https://iclass.tku.edu.tw/user-visits/metrics?group_by=user,absolute-url
"https://tronclass.com.tw/public-manual/TronclassManual_App.pdf',",tronclass.com.tw,raw/iclass.tku.edu.tw/user-visits/metrics__q_dbbfe96229.html,https://iclass.tku.edu.tw/user-visits/metrics?group_by=user,absolute-url
https://support.tronclass.com',support.tronclass.com',raw/iclass.tku.edu.tw/user-visits/metrics__q_dbbfe96229.html,https://iclass.tku.edu.tw/user-visits/metrics?group_by=user,absolute-url
https://iclass.tku.edu.tw/market,iclass.tku.edu.tw,raw/iclass.tku.edu.tw/user-visits/metrics__q_dbbfe96229.html,https://iclass.tku.edu.tw/user-visits/metrics?group_by=user,absolute-url
https://www.youtube.com/iframe_api,www.youtube.com,raw/iclass.tku.edu.tw/user-visits/metrics__q_dbbfe96229.html,https://iclass.tku.edu.tw/user-visits/metrics?group_by=user,absolute-url
https://get.adobe.com/flashplayer/,get.adobe.com,raw/iclass.tku.edu.tw/user-visits/metrics__q_dbbfe96229.html,https://iclass.tku.edu.tw/user-visits/metrics?group_by=user,absolute-url
https://iclass.tku.edu.tw/,iclass.tku.edu.tw,raw/iclass.tku.edu.tw/user-visits/metrics__q_eee5cd0104.html,https://iclass.tku.edu.tw/user-visits/metrics?group_by=user&jwt=,absolute-url
https://www.googletagmanager.com/gtag/js,www.googletagmanager.com,raw/iclass.tku.edu.tw/user-visits/metrics__q_eee5cd0104.html,https://iclass.tku.edu.tw/user-visits/metrics?group_by=user&jwt=,absolute-url
https://github.com/OWASP/CheatSheetSeries/blob/master/cheatsheets/Clickjacking_Defense_Cheat_Sheet.md#best-for-now-legacy-browser-frame-breaking-script--,github.com,raw/iclass.tku.edu.tw/user-visits/metrics__q_eee5cd0104.html,https://iclass.tku.edu.tw/user-visits/metrics?group_by=user&jwt=,absolute-url
https://bam.nr-data.net,bam.nr-data.net,raw/iclass.tku.edu.tw/user-visits/metrics__q_eee5cd0104.html,https://iclass.tku.edu.tw/user-visits/metrics?group_by=user&jwt=,absolute-url
https://www.google-analytics.com,www.google-analytics.com,raw/iclass.tku.edu.tw/user-visits/metrics__q_eee5cd0104.html,https://iclass.tku.edu.tw/user-visits/metrics?group_by=user&jwt=,absolute-url
https://iclass.tku.edu.tw/iportal,iclass.tku.edu.tw,raw/iclass.tku.edu.tw/user-visits/metrics__q_eee5cd0104.html,https://iclass.tku.edu.tw/user-visits/metrics?group_by=user&jwt=,absolute-url
"https://tronclass.com.tw/public-manual/TronclassManual_System_Admin.pdf',",tronclass.com.tw,raw/iclass.tku.edu.tw/user-visits/metrics__q_eee5cd0104.html,https://iclass.tku.edu.tw/user-visits/metrics?group_by=user&jwt=,absolute-url
"https://tronclass.com.tw/public-manual/TronclassManual_Administrator.pdf',",tronclass.com.tw,raw/iclass.tku.edu.tw/user-visits/metrics__q_eee5cd0104.html,https://iclass.tku.edu.tw/user-visits/metrics?group_by=user&jwt=,absolute-url
"https://tronclass.com.tw/public-manual/manual-teacher.html',",tronclass.com.tw,raw/iclass.tku.edu.tw/user-visits/metrics__q_eee5cd0104.html,https://iclass.tku.edu.tw/user-visits/metrics?group_by=user&jwt=,absolute-url
"https://tronclass.com.tw/public-manual/TronclassManual_Student.pdf',",tronclass.com.tw,raw/iclass.tku.edu.tw/user-visits/metrics__q_eee5cd0104.html,https://iclass.tku.edu.tw/user-visits/metrics?group_by=user&jwt=,absolute-url
"https://tronclass.com.tw/public-manual/TronclassManual_App.pdf',",tronclass.com.tw,raw/iclass.tku.edu.tw/user-visits/metrics__q_eee5cd0104.html,https://iclass.tku.edu.tw/user-visits/metrics?group_by=user&jwt=,absolute-url
https://support.tronclass.com',support.tronclass.com',raw/iclass.tku.edu.tw/user-visits/metrics__q_eee5cd0104.html,https://iclass.tku.edu.tw/user-visits/metrics?group_by=user&jwt=,absolute-url
https://iclass.tku.edu.tw/market,iclass.tku.edu.tw,raw/iclass.tku.edu.tw/user-visits/metrics__q_eee5cd0104.html,https://iclass.tku.edu.tw/user-visits/metrics?group_by=user&jwt=,absolute-url
https://www.youtube.com/iframe_api,www.youtube.com,raw/iclass.tku.edu.tw/user-visits/metrics__q_eee5cd0104.html,https://iclass.tku.edu.tw/user-visits/metrics?group_by=user&jwt=,absolute-url
https://get.adobe.com/flashplayer/,get.adobe.com,raw/iclass.tku.edu.tw/user-visits/metrics__q_eee5cd0104.html,https://iclass.tku.edu.tw/user-visits/metrics?group_by=user&jwt=,absolute-url
https://iclass.tku.edu.tw/,iclass.tku.edu.tw,raw/iclass.tku.edu.tw/user-visits/metrics__q_a263c00919.html,https://iclass.tku.edu.tw/user-visits/metrics?jwt=,absolute-url
https://www.googletagmanager.com/gtag/js,www.googletagmanager.com,raw/iclass.tku.edu.tw/user-visits/metrics__q_a263c00919.html,https://iclass.tku.edu.tw/user-visits/metrics?jwt=,absolute-url
https://github.com/OWASP/CheatSheetSeries/blob/master/cheatsheets/Clickjacking_Defense_Cheat_Sheet.md#best-for-now-legacy-browser-frame-breaking-script--,github.com,raw/iclass.tku.edu.tw/user-visits/metrics__q_a263c00919.html,https://iclass.tku.edu.tw/user-visits/metrics?jwt=,absolute-url
https://bam.nr-data.net,bam.nr-data.net,raw/iclass.tku.edu.tw/user-visits/metrics__q_a263c00919.html,https://iclass.tku.edu.tw/user-visits/metrics?jwt=,absolute-url
https://www.google-analytics.com,www.google-analytics.com,raw/iclass.tku.edu.tw/user-visits/metrics__q_a263c00919.html,https://iclass.tku.edu.tw/user-visits/metrics?jwt=,absolute-url
https://iclass.tku.edu.tw/iportal,iclass.tku.edu.tw,raw/iclass.tku.edu.tw/user-visits/metrics__q_a263c00919.html,https://iclass.tku.edu.tw/user-visits/metrics?jwt=,absolute-url
"https://tronclass.com.tw/public-manual/TronclassManual_System_Admin.pdf',",tronclass.com.tw,raw/iclass.tku.edu.tw/user-visits/metrics__q_a263c00919.html,https://iclass.tku.edu.tw/user-visits/metrics?jwt=,absolute-url
"https://tronclass.com.tw/public-manual/TronclassManual_Administrator.pdf',",tronclass.com.tw,raw/iclass.tku.edu.tw/user-visits/metrics__q_a263c00919.html,https://iclass.tku.edu.tw/user-visits/metrics?jwt=,absolute-url
"https://tronclass.com.tw/public-manual/manual-teacher.html',",tronclass.com.tw,raw/iclass.tku.edu.tw/user-visits/metrics__q_a263c00919.html,https://iclass.tku.edu.tw/user-visits/metrics?jwt=,absolute-url
"https://tronclass.com.tw/public-manual/TronclassManual_Student.pdf',",tronclass.com.tw,raw/iclass.tku.edu.tw/user-visits/metrics__q_a263c00919.html,https://iclass.tku.edu.tw/user-visits/metrics?jwt=,absolute-url
"https://tronclass.com.tw/public-manual/TronclassManual_App.pdf',",tronclass.com.tw,raw/iclass.tku.edu.tw/user-visits/metrics__q_a263c00919.html,https://iclass.tku.edu.tw/user-visits/metrics?jwt=,absolute-url
https://support.tronclass.com',support.tronclass.com',raw/iclass.tku.edu.tw/user-visits/metrics__q_a263c00919.html,https://iclass.tku.edu.tw/user-visits/metrics?jwt=,absolute-url
https://iclass.tku.edu.tw/market,iclass.tku.edu.tw,raw/iclass.tku.edu.tw/user-visits/metrics__q_a263c00919.html,https://iclass.tku.edu.tw/user-visits/metrics?jwt=,absolute-url
https://www.youtube.com/iframe_api,www.youtube.com,raw/iclass.tku.edu.tw/user-visits/metrics__q_a263c00919.html,https://iclass.tku.edu.tw/user-visits/metrics?jwt=,absolute-url
https://get.adobe.com/flashplayer/,get.adobe.com,raw/iclass.tku.edu.tw/user-visits/metrics__q_a263c00919.html,https://iclass.tku.edu.tw/user-visits/metrics?jwt=,absolute-url
https://iclass.tku.edu.tw/,iclass.tku.edu.tw,raw/iclass.tku.edu.tw/user-visits/metrics__q_b44e51afa1.html,https://iclass.tku.edu.tw/user-visits/metrics?time_restrict=,absolute-url
https://www.googletagmanager.com/gtag/js,www.googletagmanager.com,raw/iclass.tku.edu.tw/user-visits/metrics__q_b44e51afa1.html,https://iclass.tku.edu.tw/user-visits/metrics?time_restrict=,absolute-url
https://github.com/OWASP/CheatSheetSeries/blob/master/cheatsheets/Clickjacking_Defense_Cheat_Sheet.md#best-for-now-legacy-browser-frame-breaking-script--,github.com,raw/iclass.tku.edu.tw/user-visits/metrics__q_b44e51afa1.html,https://iclass.tku.edu.tw/user-visits/metrics?time_restrict=,absolute-url
https://bam.nr-data.net,bam.nr-data.net,raw/iclass.tku.edu.tw/user-visits/metrics__q_b44e51afa1.html,https://iclass.tku.edu.tw/user-visits/metrics?time_restrict=,absolute-url
https://www.google-analytics.com,www.google-analytics.com,raw/iclass.tku.edu.tw/user-visits/metrics__q_b44e51afa1.html,https://iclass.tku.edu.tw/user-visits/metrics?time_restrict=,absolute-url
https://iclass.tku.edu.tw/iportal,iclass.tku.edu.tw,raw/iclass.tku.edu.tw/user-visits/metrics__q_b44e51afa1.html,https://iclass.tku.edu.tw/user-visits/metrics?time_restrict=,absolute-url
"https://tronclass.com.tw/public-manual/TronclassManual_System_Admin.pdf',",tronclass.com.tw,raw/iclass.tku.edu.tw/user-visits/metrics__q_b44e51afa1.html,https://iclass.tku.edu.tw/user-visits/metrics?time_restrict=,absolute-url
"https://tronclass.com.tw/public-manual/TronclassManual_Administrator.pdf',",tronclass.com.tw,raw/iclass.tku.edu.tw/user-visits/metrics__q_b44e51afa1.html,https://iclass.tku.edu.tw/user-visits/metrics?time_restrict=,absolute-url
"https://tronclass.com.tw/public-manual/manual-teacher.html',",tronclass.com.tw,raw/iclass.tku.edu.tw/user-visits/metrics__q_b44e51afa1.html,https://iclass.tku.edu.tw/user-visits/metrics?time_restrict=,absolute-url
"https://tronclass.com.tw/public-manual/TronclassManual_Student.pdf',",tronclass.com.tw,raw/iclass.tku.edu.tw/user-visits/metrics__q_b44e51afa1.html,https://iclass.tku.edu.tw/user-visits/metrics?time_restrict=,absolute-url
"https://tronclass.com.tw/public-manual/TronclassManual_App.pdf',",tronclass.com.tw,raw/iclass.tku.edu.tw/user-visits/metrics__q_b44e51afa1.html,https://iclass.tku.edu.tw/user-visits/metrics?time_restrict=,absolute-url
https://support.tronclass.com',support.tronclass.com',raw/iclass.tku.edu.tw/user-visits/metrics__q_b44e51afa1.html,https://iclass.tku.edu.tw/user-visits/metrics?time_restrict=,absolute-url
https://iclass.tku.edu.tw/market,iclass.tku.edu.tw,raw/iclass.tku.edu.tw/user-visits/metrics__q_b44e51afa1.html,https://iclass.tku.edu.tw/user-visits/metrics?time_restrict=,absolute-url
https://www.youtube.com/iframe_api,www.youtube.com,raw/iclass.tku.edu.tw/user-visits/metrics__q_b44e51afa1.html,https://iclass.tku.edu.tw/user-visits/metrics?time_restrict=,absolute-url
https://get.adobe.com/flashplayer/,get.adobe.com,raw/iclass.tku.edu.tw/user-visits/metrics__q_b44e51afa1.html,https://iclass.tku.edu.tw/user-visits/metrics?time_restrict=,absolute-url
https://iclass.tku.edu.tw/,iclass.tku.edu.tw,raw/iclass.tku.edu.tw/user-visits/metrics__q_8c9e265bc2.html,https://iclass.tku.edu.tw/user-visits/metrics?time_restrict=date-range&start_date=,absolute-url
https://www.googletagmanager.com/gtag/js,www.googletagmanager.com,raw/iclass.tku.edu.tw/user-visits/metrics__q_8c9e265bc2.html,https://iclass.tku.edu.tw/user-visits/metrics?time_restrict=date-range&start_date=,absolute-url
https://github.com/OWASP/CheatSheetSeries/blob/master/cheatsheets/Clickjacking_Defense_Cheat_Sheet.md#best-for-now-legacy-browser-frame-breaking-script--,github.com,raw/iclass.tku.edu.tw/user-visits/metrics__q_8c9e265bc2.html,https://iclass.tku.edu.tw/user-visits/metrics?time_restrict=date-range&start_date=,absolute-url
https://bam.nr-data.net,bam.nr-data.net,raw/iclass.tku.edu.tw/user-visits/metrics__q_8c9e265bc2.html,https://iclass.tku.edu.tw/user-visits/metrics?time_restrict=date-range&start_date=,absolute-url
https://www.google-analytics.com,www.google-analytics.com,raw/iclass.tku.edu.tw/user-visits/metrics__q_8c9e265bc2.html,https://iclass.tku.edu.tw/user-visits/metrics?time_restrict=date-range&start_date=,absolute-url
https://iclass.tku.edu.tw/iportal,iclass.tku.edu.tw,raw/iclass.tku.edu.tw/user-visits/metrics__q_8c9e265bc2.html,https://iclass.tku.edu.tw/user-visits/metrics?time_restrict=date-range&start_date=,absolute-url
"https://tronclass.com.tw/public-manual/TronclassManual_System_Admin.pdf',",tronclass.com.tw,raw/iclass.tku.edu.tw/user-visits/metrics__q_8c9e265bc2.html,https://iclass.tku.edu.tw/user-visits/metrics?time_restrict=date-range&start_date=,absolute-url
"https://tronclass.com.tw/public-manual/TronclassManual_Administrator.pdf',",tronclass.com.tw,raw/iclass.tku.edu.tw/user-visits/metrics__q_8c9e265bc2.html,https://iclass.tku.edu.tw/user-visits/metrics?time_restrict=date-range&start_date=,absolute-url
"https://tronclass.com.tw/public-manual/manual-teacher.html',",tronclass.com.tw,raw/iclass.tku.edu.tw/user-visits/metrics__q_8c9e265bc2.html,https://iclass.tku.edu.tw/user-visits/metrics?time_restrict=date-range&start_date=,absolute-url
"https://tronclass.com.tw/public-manual/TronclassManual_Student.pdf',",tronclass.com.tw,raw/iclass.tku.edu.tw/user-visits/metrics__q_8c9e265bc2.html,https://iclass.tku.edu.tw/user-visits/metrics?time_restrict=date-range&start_date=,absolute-url
"https://tronclass.com.tw/public-manual/TronclassManual_App.pdf',",tronclass.com.tw,raw/iclass.tku.edu.tw/user-visits/metrics__q_8c9e265bc2.html,https://iclass.tku.edu.tw/user-visits/metrics?time_restrict=date-range&start_date=,absolute-url
https://support.tronclass.com',support.tronclass.com',raw/iclass.tku.edu.tw/user-visits/metrics__q_8c9e265bc2.html,https://iclass.tku.edu.tw/user-visits/metrics?time_restrict=date-range&start_date=,absolute-url
https://iclass.tku.edu.tw/market,iclass.tku.edu.tw,raw/iclass.tku.edu.tw/user-visits/metrics__q_8c9e265bc2.html,https://iclass.tku.edu.tw/user-visits/metrics?time_restrict=date-range&start_date=,absolute-url
https://www.youtube.com/iframe_api,www.youtube.com,raw/iclass.tku.edu.tw/user-visits/metrics__q_8c9e265bc2.html,https://iclass.tku.edu.tw/user-visits/metrics?time_restrict=date-range&start_date=,absolute-url
https://get.adobe.com/flashplayer/,get.adobe.com,raw/iclass.tku.edu.tw/user-visits/metrics__q_8c9e265bc2.html,https://iclass.tku.edu.tw/user-visits/metrics?time_restrict=date-range&start_date=,absolute-url
https://iclass.tku.edu.tw/,iclass.tku.edu.tw,raw/iclass.tku.edu.tw/user-visits/metrics__q_e893a4a9db.html,https://iclass.tku.edu.tw/user-visits/metrics?time_restrict=day,absolute-url
https://www.googletagmanager.com/gtag/js,www.googletagmanager.com,raw/iclass.tku.edu.tw/user-visits/metrics__q_e893a4a9db.html,https://iclass.tku.edu.tw/user-visits/metrics?time_restrict=day,absolute-url
https://github.com/OWASP/CheatSheetSeries/blob/master/cheatsheets/Clickjacking_Defense_Cheat_Sheet.md#best-for-now-legacy-browser-frame-breaking-script--,github.com,raw/iclass.tku.edu.tw/user-visits/metrics__q_e893a4a9db.html,https://iclass.tku.edu.tw/user-visits/metrics?time_restrict=day,absolute-url
https://bam.nr-data.net,bam.nr-data.net,raw/iclass.tku.edu.tw/user-visits/metrics__q_e893a4a9db.html,https://iclass.tku.edu.tw/user-visits/metrics?time_restrict=day,absolute-url
https://www.google-analytics.com,www.google-analytics.com,raw/iclass.tku.edu.tw/user-visits/metrics__q_e893a4a9db.html,https://iclass.tku.edu.tw/user-visits/metrics?time_restrict=day,absolute-url
https://iclass.tku.edu.tw/iportal,iclass.tku.edu.tw,raw/iclass.tku.edu.tw/user-visits/metrics__q_e893a4a9db.html,https://iclass.tku.edu.tw/user-visits/metrics?time_restrict=day,absolute-url
"https://tronclass.com.tw/public-manual/TronclassManual_System_Admin.pdf',",tronclass.com.tw,raw/iclass.tku.edu.tw/user-visits/metrics__q_e893a4a9db.html,https://iclass.tku.edu.tw/user-visits/metrics?time_restrict=day,absolute-url
"https://tronclass.com.tw/public-manual/TronclassManual_Administrator.pdf',",tronclass.com.tw,raw/iclass.tku.edu.tw/user-visits/metrics__q_e893a4a9db.html,https://iclass.tku.edu.tw/user-visits/metrics?time_restrict=day,absolute-url
"https://tronclass.com.tw/public-manual/manual-teacher.html',",tronclass.com.tw,raw/iclass.tku.edu.tw/user-visits/metrics__q_e893a4a9db.html,https://iclass.tku.edu.tw/user-visits/metrics?time_restrict=day,absolute-url
"https://tronclass.com.tw/public-manual/TronclassManual_Student.pdf',",tronclass.com.tw,raw/iclass.tku.edu.tw/user-visits/metrics__q_e893a4a9db.html,https://iclass.tku.edu.tw/user-visits/metrics?time_restrict=day,absolute-url
"https://tronclass.com.tw/public-manual/TronclassManual_App.pdf',",tronclass.com.tw,raw/iclass.tku.edu.tw/user-visits/metrics__q_e893a4a9db.html,https://iclass.tku.edu.tw/user-visits/metrics?time_restrict=day,absolute-url
https://support.tronclass.com',support.tronclass.com',raw/iclass.tku.edu.tw/user-visits/metrics__q_e893a4a9db.html,https://iclass.tku.edu.tw/user-visits/metrics?time_restrict=day,absolute-url
https://iclass.tku.edu.tw/market,iclass.tku.edu.tw,raw/iclass.tku.edu.tw/user-visits/metrics__q_e893a4a9db.html,https://iclass.tku.edu.tw/user-visits/metrics?time_restrict=day,absolute-url
https://www.youtube.com/iframe_api,www.youtube.com,raw/iclass.tku.edu.tw/user-visits/metrics__q_e893a4a9db.html,https://iclass.tku.edu.tw/user-visits/metrics?time_restrict=day,absolute-url
https://get.adobe.com/flashplayer/,get.adobe.com,raw/iclass.tku.edu.tw/user-visits/metrics__q_e893a4a9db.html,https://iclass.tku.edu.tw/user-visits/metrics?time_restrict=day,absolute-url
https://iclass.tku.edu.tw/,iclass.tku.edu.tw,raw/iclass.tku.edu.tw/user-visits/metrics__q_def6069d15.html,"https://iclass.tku.edu.tw/user-visits/metrics?time_restrict=day&group_by=activity,group,type",absolute-url
https://www.googletagmanager.com/gtag/js,www.googletagmanager.com,raw/iclass.tku.edu.tw/user-visits/metrics__q_def6069d15.html,"https://iclass.tku.edu.tw/user-visits/metrics?time_restrict=day&group_by=activity,group,type",absolute-url
https://github.com/OWASP/CheatSheetSeries/blob/master/cheatsheets/Clickjacking_Defense_Cheat_Sheet.md#best-for-now-legacy-browser-frame-breaking-script--,github.com,raw/iclass.tku.edu.tw/user-visits/metrics__q_def6069d15.html,"https://iclass.tku.edu.tw/user-visits/metrics?time_restrict=day&group_by=activity,group,type",absolute-url
https://bam.nr-data.net,bam.nr-data.net,raw/iclass.tku.edu.tw/user-visits/metrics__q_def6069d15.html,"https://iclass.tku.edu.tw/user-visits/metrics?time_restrict=day&group_by=activity,group,type",absolute-url
https://www.google-analytics.com,www.google-analytics.com,raw/iclass.tku.edu.tw/user-visits/metrics__q_def6069d15.html,"https://iclass.tku.edu.tw/user-visits/metrics?time_restrict=day&group_by=activity,group,type",absolute-url
https://iclass.tku.edu.tw/iportal,iclass.tku.edu.tw,raw/iclass.tku.edu.tw/user-visits/metrics__q_def6069d15.html,"https://iclass.tku.edu.tw/user-visits/metrics?time_restrict=day&group_by=activity,group,type",absolute-url
"https://tronclass.com.tw/public-manual/TronclassManual_System_Admin.pdf',",tronclass.com.tw,raw/iclass.tku.edu.tw/user-visits/metrics__q_def6069d15.html,"https://iclass.tku.edu.tw/user-visits/metrics?time_restrict=day&group_by=activity,group,type",absolute-url
"https://tronclass.com.tw/public-manual/TronclassManual_Administrator.pdf',",tronclass.com.tw,raw/iclass.tku.edu.tw/user-visits/metrics__q_def6069d15.html,"https://iclass.tku.edu.tw/user-visits/metrics?time_restrict=day&group_by=activity,group,type",absolute-url
"https://tronclass.com.tw/public-manual/manual-teacher.html',",tronclass.com.tw,raw/iclass.tku.edu.tw/user-visits/metrics__q_def6069d15.html,"https://iclass.tku.edu.tw/user-visits/metrics?time_restrict=day&group_by=activity,group,type",absolute-url
"https://tronclass.com.tw/public-manual/TronclassManual_Student.pdf',",tronclass.com.tw,raw/iclass.tku.edu.tw/user-visits/metrics__q_def6069d15.html,"https://iclass.tku.edu.tw/user-visits/metrics?time_restrict=day&group_by=activity,group,type",absolute-url
"https://tronclass.com.tw/public-manual/TronclassManual_App.pdf',",tronclass.com.tw,raw/iclass.tku.edu.tw/user-visits/metrics__q_def6069d15.html,"https://iclass.tku.edu.tw/user-visits/metrics?time_restrict=day&group_by=activity,group,type",absolute-url
https://support.tronclass.com',support.tronclass.com',raw/iclass.tku.edu.tw/user-visits/metrics__q_def6069d15.html,"https://iclass.tku.edu.tw/user-visits/metrics?time_restrict=day&group_by=activity,group,type",absolute-url
https://iclass.tku.edu.tw/market,iclass.tku.edu.tw,raw/iclass.tku.edu.tw/user-visits/metrics__q_def6069d15.html,"https://iclass.tku.edu.tw/user-visits/metrics?time_restrict=day&group_by=activity,group,type",absolute-url
https://www.youtube.com/iframe_api,www.youtube.com,raw/iclass.tku.edu.tw/user-visits/metrics__q_def6069d15.html,"https://iclass.tku.edu.tw/user-visits/metrics?time_restrict=day&group_by=activity,group,type",absolute-url
https://get.adobe.com/flashplayer/,get.adobe.com,raw/iclass.tku.edu.tw/user-visits/metrics__q_def6069d15.html,"https://iclass.tku.edu.tw/user-visits/metrics?time_restrict=day&group_by=activity,group,type",absolute-url
https://iclass.tku.edu.tw/,iclass.tku.edu.tw,raw/iclass.tku.edu.tw/user-visits/metrics__q_a0ca406ed7.html,https://iclass.tku.edu.tw/user-visits/metrics?time_restrict=hour,absolute-url
https://www.googletagmanager.com/gtag/js,www.googletagmanager.com,raw/iclass.tku.edu.tw/user-visits/metrics__q_a0ca406ed7.html,https://iclass.tku.edu.tw/user-visits/metrics?time_restrict=hour,absolute-url
https://github.com/OWASP/CheatSheetSeries/blob/master/cheatsheets/Clickjacking_Defense_Cheat_Sheet.md#best-for-now-legacy-browser-frame-breaking-script--,github.com,raw/iclass.tku.edu.tw/user-visits/metrics__q_a0ca406ed7.html,https://iclass.tku.edu.tw/user-visits/metrics?time_restrict=hour,absolute-url
https://bam.nr-data.net,bam.nr-data.net,raw/iclass.tku.edu.tw/user-visits/metrics__q_a0ca406ed7.html,https://iclass.tku.edu.tw/user-visits/metrics?time_restrict=hour,absolute-url
https://www.google-analytics.com,www.google-analytics.com,raw/iclass.tku.edu.tw/user-visits/metrics__q_a0ca406ed7.html,https://iclass.tku.edu.tw/user-visits/metrics?time_restrict=hour,absolute-url
https://iclass.tku.edu.tw/iportal,iclass.tku.edu.tw,raw/iclass.tku.edu.tw/user-visits/metrics__q_a0ca406ed7.html,https://iclass.tku.edu.tw/user-visits/metrics?time_restrict=hour,absolute-url
"https://tronclass.com.tw/public-manual/TronclassManual_System_Admin.pdf',",tronclass.com.tw,raw/iclass.tku.edu.tw/user-visits/metrics__q_a0ca406ed7.html,https://iclass.tku.edu.tw/user-visits/metrics?time_restrict=hour,absolute-url
"https://tronclass.com.tw/public-manual/TronclassManual_Administrator.pdf',",tronclass.com.tw,raw/iclass.tku.edu.tw/user-visits/metrics__q_a0ca406ed7.html,https://iclass.tku.edu.tw/user-visits/metrics?time_restrict=hour,absolute-url
"https://tronclass.com.tw/public-manual/manual-teacher.html',",tronclass.com.tw,raw/iclass.tku.edu.tw/user-visits/metrics__q_a0ca406ed7.html,https://iclass.tku.edu.tw/user-visits/metrics?time_restrict=hour,absolute-url
"https://tronclass.com.tw/public-manual/TronclassManual_Student.pdf',",tronclass.com.tw,raw/iclass.tku.edu.tw/user-visits/metrics__q_a0ca406ed7.html,https://iclass.tku.edu.tw/user-visits/metrics?time_restrict=hour,absolute-url
"https://tronclass.com.tw/public-manual/TronclassManual_App.pdf',",tronclass.com.tw,raw/iclass.tku.edu.tw/user-visits/metrics__q_a0ca406ed7.html,https://iclass.tku.edu.tw/user-visits/metrics?time_restrict=hour,absolute-url
https://support.tronclass.com',support.tronclass.com',raw/iclass.tku.edu.tw/user-visits/metrics__q_a0ca406ed7.html,https://iclass.tku.edu.tw/user-visits/metrics?time_restrict=hour,absolute-url
https://iclass.tku.edu.tw/market,iclass.tku.edu.tw,raw/iclass.tku.edu.tw/user-visits/metrics__q_a0ca406ed7.html,https://iclass.tku.edu.tw/user-visits/metrics?time_restrict=hour,absolute-url
https://www.youtube.com/iframe_api,www.youtube.com,raw/iclass.tku.edu.tw/user-visits/metrics__q_a0ca406ed7.html,https://iclass.tku.edu.tw/user-visits/metrics?time_restrict=hour,absolute-url
https://get.adobe.com/flashplayer/,get.adobe.com,raw/iclass.tku.edu.tw/user-visits/metrics__q_a0ca406ed7.html,https://iclass.tku.edu.tw/user-visits/metrics?time_restrict=hour,absolute-url
https://iclass.tku.edu.tw/,iclass.tku.edu.tw,raw/iclass.tku.edu.tw/user-visits/metrics__q_0c80a45bbd.html,"https://iclass.tku.edu.tw/user-visits/metrics?time_restrict=hour&group_by=activity,group,type",absolute-url
https://www.googletagmanager.com/gtag/js,www.googletagmanager.com,raw/iclass.tku.edu.tw/user-visits/metrics__q_0c80a45bbd.html,"https://iclass.tku.edu.tw/user-visits/metrics?time_restrict=hour&group_by=activity,group,type",absolute-url
https://github.com/OWASP/CheatSheetSeries/blob/master/cheatsheets/Clickjacking_Defense_Cheat_Sheet.md#best-for-now-legacy-browser-frame-breaking-script--,github.com,raw/iclass.tku.edu.tw/user-visits/metrics__q_0c80a45bbd.html,"https://iclass.tku.edu.tw/user-visits/metrics?time_restrict=hour&group_by=activity,group,type",absolute-url
https://bam.nr-data.net,bam.nr-data.net,raw/iclass.tku.edu.tw/user-visits/metrics__q_0c80a45bbd.html,"https://iclass.tku.edu.tw/user-visits/metrics?time_restrict=hour&group_by=activity,group,type",absolute-url
https://www.google-analytics.com,www.google-analytics.com,raw/iclass.tku.edu.tw/user-visits/metrics__q_0c80a45bbd.html,"https://iclass.tku.edu.tw/user-visits/metrics?time_restrict=hour&group_by=activity,group,type",absolute-url
https://iclass.tku.edu.tw/iportal,iclass.tku.edu.tw,raw/iclass.tku.edu.tw/user-visits/metrics__q_0c80a45bbd.html,"https://iclass.tku.edu.tw/user-visits/metrics?time_restrict=hour&group_by=activity,group,type",absolute-url
"https://tronclass.com.tw/public-manual/TronclassManual_System_Admin.pdf',",tronclass.com.tw,raw/iclass.tku.edu.tw/user-visits/metrics__q_0c80a45bbd.html,"https://iclass.tku.edu.tw/user-visits/metrics?time_restrict=hour&group_by=activity,group,type",absolute-url
"https://tronclass.com.tw/public-manual/TronclassManual_Administrator.pdf',",tronclass.com.tw,raw/iclass.tku.edu.tw/user-visits/metrics__q_0c80a45bbd.html,"https://iclass.tku.edu.tw/user-visits/metrics?time_restrict=hour&group_by=activity,group,type",absolute-url
"https://tronclass.com.tw/public-manual/manual-teacher.html',",tronclass.com.tw,raw/iclass.tku.edu.tw/user-visits/metrics__q_0c80a45bbd.html,"https://iclass.tku.edu.tw/user-visits/metrics?time_restrict=hour&group_by=activity,group,type",absolute-url
"https://tronclass.com.tw/public-manual/TronclassManual_Student.pdf',",tronclass.com.tw,raw/iclass.tku.edu.tw/user-visits/metrics__q_0c80a45bbd.html,"https://iclass.tku.edu.tw/user-visits/metrics?time_restrict=hour&group_by=activity,group,type",absolute-url
"https://tronclass.com.tw/public-manual/TronclassManual_App.pdf',",tronclass.com.tw,raw/iclass.tku.edu.tw/user-visits/metrics__q_0c80a45bbd.html,"https://iclass.tku.edu.tw/user-visits/metrics?time_restrict=hour&group_by=activity,group,type",absolute-url
https://support.tronclass.com',support.tronclass.com',raw/iclass.tku.edu.tw/user-visits/metrics__q_0c80a45bbd.html,"https://iclass.tku.edu.tw/user-visits/metrics?time_restrict=hour&group_by=activity,group,type",absolute-url
https://iclass.tku.edu.tw/market,iclass.tku.edu.tw,raw/iclass.tku.edu.tw/user-visits/metrics__q_0c80a45bbd.html,"https://iclass.tku.edu.tw/user-visits/metrics?time_restrict=hour&group_by=activity,group,type",absolute-url
https://www.youtube.com/iframe_api,www.youtube.com,raw/iclass.tku.edu.tw/user-visits/metrics__q_0c80a45bbd.html,"https://iclass.tku.edu.tw/user-visits/metrics?time_restrict=hour&group_by=activity,group,type",absolute-url
https://get.adobe.com/flashplayer/,get.adobe.com,raw/iclass.tku.edu.tw/user-visits/metrics__q_0c80a45bbd.html,"https://iclass.tku.edu.tw/user-visits/metrics?time_restrict=hour&group_by=activity,group,type",absolute-url
https://iclass.tku.edu.tw/,iclass.tku.edu.tw,raw/iclass.tku.edu.tw/user-visits/metrics__q_8576cdb008.html,https://iclass.tku.edu.tw/user-visits/metrics?time_restrict=month,absolute-url
https://www.googletagmanager.com/gtag/js,www.googletagmanager.com,raw/iclass.tku.edu.tw/user-visits/metrics__q_8576cdb008.html,https://iclass.tku.edu.tw/user-visits/metrics?time_restrict=month,absolute-url
https://github.com/OWASP/CheatSheetSeries/blob/master/cheatsheets/Clickjacking_Defense_Cheat_Sheet.md#best-for-now-legacy-browser-frame-breaking-script--,github.com,raw/iclass.tku.edu.tw/user-visits/metrics__q_8576cdb008.html,https://iclass.tku.edu.tw/user-visits/metrics?time_restrict=month,absolute-url
https://bam.nr-data.net,bam.nr-data.net,raw/iclass.tku.edu.tw/user-visits/metrics__q_8576cdb008.html,https://iclass.tku.edu.tw/user-visits/metrics?time_restrict=month,absolute-url
https://www.google-analytics.com,www.google-analytics.com,raw/iclass.tku.edu.tw/user-visits/metrics__q_8576cdb008.html,https://iclass.tku.edu.tw/user-visits/metrics?time_restrict=month,absolute-url
https://iclass.tku.edu.tw/iportal,iclass.tku.edu.tw,raw/iclass.tku.edu.tw/user-visits/metrics__q_8576cdb008.html,https://iclass.tku.edu.tw/user-visits/metrics?time_restrict=month,absolute-url
"https://tronclass.com.tw/public-manual/TronclassManual_System_Admin.pdf',",tronclass.com.tw,raw/iclass.tku.edu.tw/user-visits/metrics__q_8576cdb008.html,https://iclass.tku.edu.tw/user-visits/metrics?time_restrict=month,absolute-url
"https://tronclass.com.tw/public-manual/TronclassManual_Administrator.pdf',",tronclass.com.tw,raw/iclass.tku.edu.tw/user-visits/metrics__q_8576cdb008.html,https://iclass.tku.edu.tw/user-visits/metrics?time_restrict=month,absolute-url
"https://tronclass.com.tw/public-manual/manual-teacher.html',",tronclass.com.tw,raw/iclass.tku.edu.tw/user-visits/metrics__q_8576cdb008.html,https://iclass.tku.edu.tw/user-visits/metrics?time_restrict=month,absolute-url
"https://tronclass.com.tw/public-manual/TronclassManual_Student.pdf',",tronclass.com.tw,raw/iclass.tku.edu.tw/user-visits/metrics__q_8576cdb008.html,https://iclass.tku.edu.tw/user-visits/metrics?time_restrict=month,absolute-url
"https://tronclass.com.tw/public-manual/TronclassManual_App.pdf',",tronclass.com.tw,raw/iclass.tku.edu.tw/user-visits/metrics__q_8576cdb008.html,https://iclass.tku.edu.tw/user-visits/metrics?time_restrict=month,absolute-url
https://support.tronclass.com',support.tronclass.com',raw/iclass.tku.edu.tw/user-visits/metrics__q_8576cdb008.html,https://iclass.tku.edu.tw/user-visits/metrics?time_restrict=month,absolute-url
https://iclass.tku.edu.tw/market,iclass.tku.edu.tw,raw/iclass.tku.edu.tw/user-visits/metrics__q_8576cdb008.html,https://iclass.tku.edu.tw/user-visits/metrics?time_restrict=month,absolute-url
https://www.youtube.com/iframe_api,www.youtube.com,raw/iclass.tku.edu.tw/user-visits/metrics__q_8576cdb008.html,https://iclass.tku.edu.tw/user-visits/metrics?time_restrict=month,absolute-url
https://get.adobe.com/flashplayer/,get.adobe.com,raw/iclass.tku.edu.tw/user-visits/metrics__q_8576cdb008.html,https://iclass.tku.edu.tw/user-visits/metrics?time_restrict=month,absolute-url
https://iclass.tku.edu.tw/,iclass.tku.edu.tw,raw/iclass.tku.edu.tw/user-visits/metrics__q_a520f79c32.html,"https://iclass.tku.edu.tw/user-visits/metrics?time_restrict=month&group_by=activity,group,type",absolute-url
https://www.googletagmanager.com/gtag/js,www.googletagmanager.com,raw/iclass.tku.edu.tw/user-visits/metrics__q_a520f79c32.html,"https://iclass.tku.edu.tw/user-visits/metrics?time_restrict=month&group_by=activity,group,type",absolute-url
https://github.com/OWASP/CheatSheetSeries/blob/master/cheatsheets/Clickjacking_Defense_Cheat_Sheet.md#best-for-now-legacy-browser-frame-breaking-script--,github.com,raw/iclass.tku.edu.tw/user-visits/metrics__q_a520f79c32.html,"https://iclass.tku.edu.tw/user-visits/metrics?time_restrict=month&group_by=activity,group,type",absolute-url
https://bam.nr-data.net,bam.nr-data.net,raw/iclass.tku.edu.tw/user-visits/metrics__q_a520f79c32.html,"https://iclass.tku.edu.tw/user-visits/metrics?time_restrict=month&group_by=activity,group,type",absolute-url
https://www.google-analytics.com,www.google-analytics.com,raw/iclass.tku.edu.tw/user-visits/metrics__q_a520f79c32.html,"https://iclass.tku.edu.tw/user-visits/metrics?time_restrict=month&group_by=activity,group,type",absolute-url
https://iclass.tku.edu.tw/iportal,iclass.tku.edu.tw,raw/iclass.tku.edu.tw/user-visits/metrics__q_a520f79c32.html,"https://iclass.tku.edu.tw/user-visits/metrics?time_restrict=month&group_by=activity,group,type",absolute-url
"https://tronclass.com.tw/public-manual/TronclassManual_System_Admin.pdf',",tronclass.com.tw,raw/iclass.tku.edu.tw/user-visits/metrics__q_a520f79c32.html,"https://iclass.tku.edu.tw/user-visits/metrics?time_restrict=month&group_by=activity,group,type",absolute-url
"https://tronclass.com.tw/public-manual/TronclassManual_Administrator.pdf',",tronclass.com.tw,raw/iclass.tku.edu.tw/user-visits/metrics__q_a520f79c32.html,"https://iclass.tku.edu.tw/user-visits/metrics?time_restrict=month&group_by=activity,group,type",absolute-url
"https://tronclass.com.tw/public-manual/manual-teacher.html',",tronclass.com.tw,raw/iclass.tku.edu.tw/user-visits/metrics__q_a520f79c32.html,"https://iclass.tku.edu.tw/user-visits/metrics?time_restrict=month&group_by=activity,group,type",absolute-url
"https://tronclass.com.tw/public-manual/TronclassManual_Student.pdf',",tronclass.com.tw,raw/iclass.tku.edu.tw/user-visits/metrics__q_a520f79c32.html,"https://iclass.tku.edu.tw/user-visits/metrics?time_restrict=month&group_by=activity,group,type",absolute-url
"https://tronclass.com.tw/public-manual/TronclassManual_App.pdf',",tronclass.com.tw,raw/iclass.tku.edu.tw/user-visits/metrics__q_a520f79c32.html,"https://iclass.tku.edu.tw/user-visits/metrics?time_restrict=month&group_by=activity,group,type",absolute-url
https://support.tronclass.com',support.tronclass.com',raw/iclass.tku.edu.tw/user-visits/metrics__q_a520f79c32.html,"https://iclass.tku.edu.tw/user-visits/metrics?time_restrict=month&group_by=activity,group,type",absolute-url
https://iclass.tku.edu.tw/market,iclass.tku.edu.tw,raw/iclass.tku.edu.tw/user-visits/metrics__q_a520f79c32.html,"https://iclass.tku.edu.tw/user-visits/metrics?time_restrict=month&group_by=activity,group,type",absolute-url
https://www.youtube.com/iframe_api,www.youtube.com,raw/iclass.tku.edu.tw/user-visits/metrics__q_a520f79c32.html,"https://iclass.tku.edu.tw/user-visits/metrics?time_restrict=month&group_by=activity,group,type",absolute-url
https://get.adobe.com/flashplayer/,get.adobe.com,raw/iclass.tku.edu.tw/user-visits/metrics__q_a520f79c32.html,"https://iclass.tku.edu.tw/user-visits/metrics?time_restrict=month&group_by=activity,group,type",absolute-url
https://iclass.tku.edu.tw/,iclass.tku.edu.tw,raw/iclass.tku.edu.tw/user-visits/visits__q_3be9190883.html,https://iclass.tku.edu.tw/user-visits/visits?start=,absolute-url
https://www.googletagmanager.com/gtag/js,www.googletagmanager.com,raw/iclass.tku.edu.tw/user-visits/visits__q_3be9190883.html,https://iclass.tku.edu.tw/user-visits/visits?start=,absolute-url
https://github.com/OWASP/CheatSheetSeries/blob/master/cheatsheets/Clickjacking_Defense_Cheat_Sheet.md#best-for-now-legacy-browser-frame-breaking-script--,github.com,raw/iclass.tku.edu.tw/user-visits/visits__q_3be9190883.html,https://iclass.tku.edu.tw/user-visits/visits?start=,absolute-url
https://bam.nr-data.net,bam.nr-data.net,raw/iclass.tku.edu.tw/user-visits/visits__q_3be9190883.html,https://iclass.tku.edu.tw/user-visits/visits?start=,absolute-url
https://www.google-analytics.com,www.google-analytics.com,raw/iclass.tku.edu.tw/user-visits/visits__q_3be9190883.html,https://iclass.tku.edu.tw/user-visits/visits?start=,absolute-url
https://iclass.tku.edu.tw/iportal,iclass.tku.edu.tw,raw/iclass.tku.edu.tw/user-visits/visits__q_3be9190883.html,https://iclass.tku.edu.tw/user-visits/visits?start=,absolute-url
"https://tronclass.com.tw/public-manual/TronclassManual_System_Admin.pdf',",tronclass.com.tw,raw/iclass.tku.edu.tw/user-visits/visits__q_3be9190883.html,https://iclass.tku.edu.tw/user-visits/visits?start=,absolute-url
"https://tronclass.com.tw/public-manual/TronclassManual_Administrator.pdf',",tronclass.com.tw,raw/iclass.tku.edu.tw/user-visits/visits__q_3be9190883.html,https://iclass.tku.edu.tw/user-visits/visits?start=,absolute-url
"https://tronclass.com.tw/public-manual/manual-teacher.html',",tronclass.com.tw,raw/iclass.tku.edu.tw/user-visits/visits__q_3be9190883.html,https://iclass.tku.edu.tw/user-visits/visits?start=,absolute-url
"https://tronclass.com.tw/public-manual/TronclassManual_Student.pdf',",tronclass.com.tw,raw/iclass.tku.edu.tw/user-visits/visits__q_3be9190883.html,https://iclass.tku.edu.tw/user-visits/visits?start=,absolute-url
"https://tronclass.com.tw/public-manual/TronclassManual_App.pdf',",tronclass.com.tw,raw/iclass.tku.edu.tw/user-visits/visits__q_3be9190883.html,https://iclass.tku.edu.tw/user-visits/visits?start=,absolute-url
https://support.tronclass.com',support.tronclass.com',raw/iclass.tku.edu.tw/user-visits/visits__q_3be9190883.html,https://iclass.tku.edu.tw/user-visits/visits?start=,absolute-url
https://iclass.tku.edu.tw/market,iclass.tku.edu.tw,raw/iclass.tku.edu.tw/user-visits/visits__q_3be9190883.html,https://iclass.tku.edu.tw/user-visits/visits?start=,absolute-url
https://www.youtube.com/iframe_api,www.youtube.com,raw/iclass.tku.edu.tw/user-visits/visits__q_3be9190883.html,https://iclass.tku.edu.tw/user-visits/visits?start=,absolute-url
https://get.adobe.com/flashplayer/,get.adobe.com,raw/iclass.tku.edu.tw/user-visits/visits__q_3be9190883.html,https://iclass.tku.edu.tw/user-visits/visits?start=,absolute-url
https://iclass.tku.edu.tw/,iclass.tku.edu.tw,raw/iclass.tku.edu.tw/user/index.html,https://iclass.tku.edu.tw/user/,absolute-url
https://www.googletagmanager.com/gtag/js,www.googletagmanager.com,raw/iclass.tku.edu.tw/user/index.html,https://iclass.tku.edu.tw/user/,absolute-url
https://github.com/OWASP/CheatSheetSeries/blob/master/cheatsheets/Clickjacking_Defense_Cheat_Sheet.md#best-for-now-legacy-browser-frame-breaking-script--,github.com,raw/iclass.tku.edu.tw/user/index.html,https://iclass.tku.edu.tw/user/,absolute-url
https://bam.nr-data.net,bam.nr-data.net,raw/iclass.tku.edu.tw/user/index.html,https://iclass.tku.edu.tw/user/,absolute-url
https://www.google-analytics.com,www.google-analytics.com,raw/iclass.tku.edu.tw/user/index.html,https://iclass.tku.edu.tw/user/,absolute-url
https://iclass.tku.edu.tw/iportal,iclass.tku.edu.tw,raw/iclass.tku.edu.tw/user/index.html,https://iclass.tku.edu.tw/user/,absolute-url
"https://tronclass.com.tw/public-manual/TronclassManual_System_Admin.pdf',",tronclass.com.tw,raw/iclass.tku.edu.tw/user/index.html,https://iclass.tku.edu.tw/user/,absolute-url
"https://tronclass.com.tw/public-manual/TronclassManual_Administrator.pdf',",tronclass.com.tw,raw/iclass.tku.edu.tw/user/index.html,https://iclass.tku.edu.tw/user/,absolute-url
"https://tronclass.com.tw/public-manual/manual-teacher.html',",tronclass.com.tw,raw/iclass.tku.edu.tw/user/index.html,https://iclass.tku.edu.tw/user/,absolute-url
"https://tronclass.com.tw/public-manual/TronclassManual_Student.pdf',",tronclass.com.tw,raw/iclass.tku.edu.tw/user/index.html,https://iclass.tku.edu.tw/user/,absolute-url
"https://tronclass.com.tw/public-manual/TronclassManual_App.pdf',",tronclass.com.tw,raw/iclass.tku.edu.tw/user/index.html,https://iclass.tku.edu.tw/user/,absolute-url
https://support.tronclass.com',support.tronclass.com',raw/iclass.tku.edu.tw/user/index.html,https://iclass.tku.edu.tw/user/,absolute-url
https://iclass.tku.edu.tw/market,iclass.tku.edu.tw,raw/iclass.tku.edu.tw/user/index.html,https://iclass.tku.edu.tw/user/,absolute-url
https://www.youtube.com/iframe_api,www.youtube.com,raw/iclass.tku.edu.tw/user/index.html,https://iclass.tku.edu.tw/user/,absolute-url
https://get.adobe.com/flashplayer/,get.adobe.com,raw/iclass.tku.edu.tw/user/index.html,https://iclass.tku.edu.tw/user/,absolute-url
https://iclass.tku.edu.tw/,iclass.tku.edu.tw,raw/iclass.tku.edu.tw/user/avatarBigUrl.html,https://iclass.tku.edu.tw/user/avatarBigUrl,absolute-url
https://www.googletagmanager.com/gtag/js,www.googletagmanager.com,raw/iclass.tku.edu.tw/user/avatarBigUrl.html,https://iclass.tku.edu.tw/user/avatarBigUrl,absolute-url
https://github.com/OWASP/CheatSheetSeries/blob/master/cheatsheets/Clickjacking_Defense_Cheat_Sheet.md#best-for-now-legacy-browser-frame-breaking-script--,github.com,raw/iclass.tku.edu.tw/user/avatarBigUrl.html,https://iclass.tku.edu.tw/user/avatarBigUrl,absolute-url
https://bam.nr-data.net,bam.nr-data.net,raw/iclass.tku.edu.tw/user/avatarBigUrl.html,https://iclass.tku.edu.tw/user/avatarBigUrl,absolute-url
https://www.google-analytics.com,www.google-analytics.com,raw/iclass.tku.edu.tw/user/avatarBigUrl.html,https://iclass.tku.edu.tw/user/avatarBigUrl,absolute-url
https://iclass.tku.edu.tw/iportal,iclass.tku.edu.tw,raw/iclass.tku.edu.tw/user/avatarBigUrl.html,https://iclass.tku.edu.tw/user/avatarBigUrl,absolute-url
"https://tronclass.com.tw/public-manual/TronclassManual_System_Admin.pdf',",tronclass.com.tw,raw/iclass.tku.edu.tw/user/avatarBigUrl.html,https://iclass.tku.edu.tw/user/avatarBigUrl,absolute-url
"https://tronclass.com.tw/public-manual/TronclassManual_Administrator.pdf',",tronclass.com.tw,raw/iclass.tku.edu.tw/user/avatarBigUrl.html,https://iclass.tku.edu.tw/user/avatarBigUrl,absolute-url
"https://tronclass.com.tw/public-manual/manual-teacher.html',",tronclass.com.tw,raw/iclass.tku.edu.tw/user/avatarBigUrl.html,https://iclass.tku.edu.tw/user/avatarBigUrl,absolute-url
"https://tronclass.com.tw/public-manual/TronclassManual_Student.pdf',",tronclass.com.tw,raw/iclass.tku.edu.tw/user/avatarBigUrl.html,https://iclass.tku.edu.tw/user/avatarBigUrl,absolute-url
"https://tronclass.com.tw/public-manual/TronclassManual_App.pdf',",tronclass.com.tw,raw/iclass.tku.edu.tw/user/avatarBigUrl.html,https://iclass.tku.edu.tw/user/avatarBigUrl,absolute-url
https://support.tronclass.com',support.tronclass.com',raw/iclass.tku.edu.tw/user/avatarBigUrl.html,https://iclass.tku.edu.tw/user/avatarBigUrl,absolute-url
https://iclass.tku.edu.tw/market,iclass.tku.edu.tw,raw/iclass.tku.edu.tw/user/avatarBigUrl.html,https://iclass.tku.edu.tw/user/avatarBigUrl,absolute-url
https://www.youtube.com/iframe_api,www.youtube.com,raw/iclass.tku.edu.tw/user/avatarBigUrl.html,https://iclass.tku.edu.tw/user/avatarBigUrl,absolute-url
https://get.adobe.com/flashplayer/,get.adobe.com,raw/iclass.tku.edu.tw/user/avatarBigUrl.html,https://iclass.tku.edu.tw/user/avatarBigUrl,absolute-url
https://iclass.tku.edu.tw/,iclass.tku.edu.tw,raw/iclass.tku.edu.tw/user/avatarSmallUrl.html,https://iclass.tku.edu.tw/user/avatarSmallUrl,absolute-url
https://www.googletagmanager.com/gtag/js,www.googletagmanager.com,raw/iclass.tku.edu.tw/user/avatarSmallUrl.html,https://iclass.tku.edu.tw/user/avatarSmallUrl,absolute-url
https://github.com/OWASP/CheatSheetSeries/blob/master/cheatsheets/Clickjacking_Defense_Cheat_Sheet.md#best-for-now-legacy-browser-frame-breaking-script--,github.com,raw/iclass.tku.edu.tw/user/avatarSmallUrl.html,https://iclass.tku.edu.tw/user/avatarSmallUrl,absolute-url
https://bam.nr-data.net,bam.nr-data.net,raw/iclass.tku.edu.tw/user/avatarSmallUrl.html,https://iclass.tku.edu.tw/user/avatarSmallUrl,absolute-url
https://www.google-analytics.com,www.google-analytics.com,raw/iclass.tku.edu.tw/user/avatarSmallUrl.html,https://iclass.tku.edu.tw/user/avatarSmallUrl,absolute-url
https://iclass.tku.edu.tw/iportal,iclass.tku.edu.tw,raw/iclass.tku.edu.tw/user/avatarSmallUrl.html,https://iclass.tku.edu.tw/user/avatarSmallUrl,absolute-url
"https://tronclass.com.tw/public-manual/TronclassManual_System_Admin.pdf',",tronclass.com.tw,raw/iclass.tku.edu.tw/user/avatarSmallUrl.html,https://iclass.tku.edu.tw/user/avatarSmallUrl,absolute-url
"https://tronclass.com.tw/public-manual/TronclassManual_Administrator.pdf',",tronclass.com.tw,raw/iclass.tku.edu.tw/user/avatarSmallUrl.html,https://iclass.tku.edu.tw/user/avatarSmallUrl,absolute-url
"https://tronclass.com.tw/public-manual/manual-teacher.html',",tronclass.com.tw,raw/iclass.tku.edu.tw/user/avatarSmallUrl.html,https://iclass.tku.edu.tw/user/avatarSmallUrl,absolute-url
"https://tronclass.com.tw/public-manual/TronclassManual_Student.pdf',",tronclass.com.tw,raw/iclass.tku.edu.tw/user/avatarSmallUrl.html,https://iclass.tku.edu.tw/user/avatarSmallUrl,absolute-url
"https://tronclass.com.tw/public-manual/TronclassManual_App.pdf',",tronclass.com.tw,raw/iclass.tku.edu.tw/user/avatarSmallUrl.html,https://iclass.tku.edu.tw/user/avatarSmallUrl,absolute-url
https://support.tronclass.com',support.tronclass.com',raw/iclass.tku.edu.tw/user/avatarSmallUrl.html,https://iclass.tku.edu.tw/user/avatarSmallUrl,absolute-url
https://iclass.tku.edu.tw/market,iclass.tku.edu.tw,raw/iclass.tku.edu.tw/user/avatarSmallUrl.html,https://iclass.tku.edu.tw/user/avatarSmallUrl,absolute-url
https://www.youtube.com/iframe_api,www.youtube.com,raw/iclass.tku.edu.tw/user/avatarSmallUrl.html,https://iclass.tku.edu.tw/user/avatarSmallUrl,absolute-url
https://get.adobe.com/flashplayer/,get.adobe.com,raw/iclass.tku.edu.tw/user/avatarSmallUrl.html,https://iclass.tku.edu.tw/user/avatarSmallUrl,absolute-url
https://iclass.tku.edu.tw/,iclass.tku.edu.tw,raw/iclass.tku.edu.tw/user/capture_url.html,https://iclass.tku.edu.tw/user/capture_url,absolute-url
https://www.googletagmanager.com/gtag/js,www.googletagmanager.com,raw/iclass.tku.edu.tw/user/capture_url.html,https://iclass.tku.edu.tw/user/capture_url,absolute-url
https://github.com/OWASP/CheatSheetSeries/blob/master/cheatsheets/Clickjacking_Defense_Cheat_Sheet.md#best-for-now-legacy-browser-frame-breaking-script--,github.com,raw/iclass.tku.edu.tw/user/capture_url.html,https://iclass.tku.edu.tw/user/capture_url,absolute-url
https://bam.nr-data.net,bam.nr-data.net,raw/iclass.tku.edu.tw/user/capture_url.html,https://iclass.tku.edu.tw/user/capture_url,absolute-url
https://www.google-analytics.com,www.google-analytics.com,raw/iclass.tku.edu.tw/user/capture_url.html,https://iclass.tku.edu.tw/user/capture_url,absolute-url
https://iclass.tku.edu.tw/iportal,iclass.tku.edu.tw,raw/iclass.tku.edu.tw/user/capture_url.html,https://iclass.tku.edu.tw/user/capture_url,absolute-url
"https://tronclass.com.tw/public-manual/TronclassManual_System_Admin.pdf',",tronclass.com.tw,raw/iclass.tku.edu.tw/user/capture_url.html,https://iclass.tku.edu.tw/user/capture_url,absolute-url
"https://tronclass.com.tw/public-manual/TronclassManual_Administrator.pdf',",tronclass.com.tw,raw/iclass.tku.edu.tw/user/capture_url.html,https://iclass.tku.edu.tw/user/capture_url,absolute-url
"https://tronclass.com.tw/public-manual/manual-teacher.html',",tronclass.com.tw,raw/iclass.tku.edu.tw/user/capture_url.html,https://iclass.tku.edu.tw/user/capture_url,absolute-url
"https://tronclass.com.tw/public-manual/TronclassManual_Student.pdf',",tronclass.com.tw,raw/iclass.tku.edu.tw/user/capture_url.html,https://iclass.tku.edu.tw/user/capture_url,absolute-url
"https://tronclass.com.tw/public-manual/TronclassManual_App.pdf',",tronclass.com.tw,raw/iclass.tku.edu.tw/user/capture_url.html,https://iclass.tku.edu.tw/user/capture_url,absolute-url
https://support.tronclass.com',support.tronclass.com',raw/iclass.tku.edu.tw/user/capture_url.html,https://iclass.tku.edu.tw/user/capture_url,absolute-url
https://iclass.tku.edu.tw/market,iclass.tku.edu.tw,raw/iclass.tku.edu.tw/user/capture_url.html,https://iclass.tku.edu.tw/user/capture_url,absolute-url
https://www.youtube.com/iframe_api,www.youtube.com,raw/iclass.tku.edu.tw/user/capture_url.html,https://iclass.tku.edu.tw/user/capture_url,absolute-url
https://get.adobe.com/flashplayer/,get.adobe.com,raw/iclass.tku.edu.tw/user/capture_url.html,https://iclass.tku.edu.tw/user/capture_url,absolute-url
https://iclass.tku.edu.tw/,iclass.tku.edu.tw,raw/iclass.tku.edu.tw/user/certificate/student/index.html,https://iclass.tku.edu.tw/user/certificate/student/,absolute-url
https://www.googletagmanager.com/gtag/js,www.googletagmanager.com,raw/iclass.tku.edu.tw/user/certificate/student/index.html,https://iclass.tku.edu.tw/user/certificate/student/,absolute-url
https://github.com/OWASP/CheatSheetSeries/blob/master/cheatsheets/Clickjacking_Defense_Cheat_Sheet.md#best-for-now-legacy-browser-frame-breaking-script--,github.com,raw/iclass.tku.edu.tw/user/certificate/student/index.html,https://iclass.tku.edu.tw/user/certificate/student/,absolute-url
https://bam.nr-data.net,bam.nr-data.net,raw/iclass.tku.edu.tw/user/certificate/student/index.html,https://iclass.tku.edu.tw/user/certificate/student/,absolute-url
https://www.google-analytics.com,www.google-analytics.com,raw/iclass.tku.edu.tw/user/certificate/student/index.html,https://iclass.tku.edu.tw/user/certificate/student/,absolute-url
https://iclass.tku.edu.tw/iportal,iclass.tku.edu.tw,raw/iclass.tku.edu.tw/user/certificate/student/index.html,https://iclass.tku.edu.tw/user/certificate/student/,absolute-url
"https://tronclass.com.tw/public-manual/TronclassManual_System_Admin.pdf',",tronclass.com.tw,raw/iclass.tku.edu.tw/user/certificate/student/index.html,https://iclass.tku.edu.tw/user/certificate/student/,absolute-url
"https://tronclass.com.tw/public-manual/TronclassManual_Administrator.pdf',",tronclass.com.tw,raw/iclass.tku.edu.tw/user/certificate/student/index.html,https://iclass.tku.edu.tw/user/certificate/student/,absolute-url
"https://tronclass.com.tw/public-manual/manual-teacher.html',",tronclass.com.tw,raw/iclass.tku.edu.tw/user/certificate/student/index.html,https://iclass.tku.edu.tw/user/certificate/student/,absolute-url
"https://tronclass.com.tw/public-manual/TronclassManual_Student.pdf',",tronclass.com.tw,raw/iclass.tku.edu.tw/user/certificate/student/index.html,https://iclass.tku.edu.tw/user/certificate/student/,absolute-url
"https://tronclass.com.tw/public-manual/TronclassManual_App.pdf',",tronclass.com.tw,raw/iclass.tku.edu.tw/user/certificate/student/index.html,https://iclass.tku.edu.tw/user/certificate/student/,absolute-url
https://support.tronclass.com',support.tronclass.com',raw/iclass.tku.edu.tw/user/certificate/student/index.html,https://iclass.tku.edu.tw/user/certificate/student/,absolute-url
https://iclass.tku.edu.tw/market,iclass.tku.edu.tw,raw/iclass.tku.edu.tw/user/certificate/student/index.html,https://iclass.tku.edu.tw/user/certificate/student/,absolute-url
https://www.youtube.com/iframe_api,www.youtube.com,raw/iclass.tku.edu.tw/user/certificate/student/index.html,https://iclass.tku.edu.tw/user/certificate/student/,absolute-url
https://get.adobe.com/flashplayer/,get.adobe.com,raw/iclass.tku.edu.tw/user/certificate/student/index.html,https://iclass.tku.edu.tw/user/certificate/student/,absolute-url
https://iclass.tku.edu.tw/,iclass.tku.edu.tw,raw/iclass.tku.edu.tw/user/certificate/student/avatarSmallUrl.html,https://iclass.tku.edu.tw/user/certificate/student/avatarSmallUrl,absolute-url
https://www.googletagmanager.com/gtag/js,www.googletagmanager.com,raw/iclass.tku.edu.tw/user/certificate/student/avatarSmallUrl.html,https://iclass.tku.edu.tw/user/certificate/student/avatarSmallUrl,absolute-url
https://github.com/OWASP/CheatSheetSeries/blob/master/cheatsheets/Clickjacking_Defense_Cheat_Sheet.md#best-for-now-legacy-browser-frame-breaking-script--,github.com,raw/iclass.tku.edu.tw/user/certificate/student/avatarSmallUrl.html,https://iclass.tku.edu.tw/user/certificate/student/avatarSmallUrl,absolute-url
https://bam.nr-data.net,bam.nr-data.net,raw/iclass.tku.edu.tw/user/certificate/student/avatarSmallUrl.html,https://iclass.tku.edu.tw/user/certificate/student/avatarSmallUrl,absolute-url
https://www.google-analytics.com,www.google-analytics.com,raw/iclass.tku.edu.tw/user/certificate/student/avatarSmallUrl.html,https://iclass.tku.edu.tw/user/certificate/student/avatarSmallUrl,absolute-url
https://iclass.tku.edu.tw/iportal,iclass.tku.edu.tw,raw/iclass.tku.edu.tw/user/certificate/student/avatarSmallUrl.html,https://iclass.tku.edu.tw/user/certificate/student/avatarSmallUrl,absolute-url
"https://tronclass.com.tw/public-manual/TronclassManual_System_Admin.pdf',",tronclass.com.tw,raw/iclass.tku.edu.tw/user/certificate/student/avatarSmallUrl.html,https://iclass.tku.edu.tw/user/certificate/student/avatarSmallUrl,absolute-url
"https://tronclass.com.tw/public-manual/TronclassManual_Administrator.pdf',",tronclass.com.tw,raw/iclass.tku.edu.tw/user/certificate/student/avatarSmallUrl.html,https://iclass.tku.edu.tw/user/certificate/student/avatarSmallUrl,absolute-url
"https://tronclass.com.tw/public-manual/manual-teacher.html',",tronclass.com.tw,raw/iclass.tku.edu.tw/user/certificate/student/avatarSmallUrl.html,https://iclass.tku.edu.tw/user/certificate/student/avatarSmallUrl,absolute-url
"https://tronclass.com.tw/public-manual/TronclassManual_Student.pdf',",tronclass.com.tw,raw/iclass.tku.edu.tw/user/certificate/student/avatarSmallUrl.html,https://iclass.tku.edu.tw/user/certificate/student/avatarSmallUrl,absolute-url
"https://tronclass.com.tw/public-manual/TronclassManual_App.pdf',",tronclass.com.tw,raw/iclass.tku.edu.tw/user/certificate/student/avatarSmallUrl.html,https://iclass.tku.edu.tw/user/certificate/student/avatarSmallUrl,absolute-url
https://support.tronclass.com',support.tronclass.com',raw/iclass.tku.edu.tw/user/certificate/student/avatarSmallUrl.html,https://iclass.tku.edu.tw/user/certificate/student/avatarSmallUrl,absolute-url
https://iclass.tku.edu.tw/market,iclass.tku.edu.tw,raw/iclass.tku.edu.tw/user/certificate/student/avatarSmallUrl.html,https://iclass.tku.edu.tw/user/certificate/student/avatarSmallUrl,absolute-url
https://www.youtube.com/iframe_api,www.youtube.com,raw/iclass.tku.edu.tw/user/certificate/student/avatarSmallUrl.html,https://iclass.tku.edu.tw/user/certificate/student/avatarSmallUrl,absolute-url
https://get.adobe.com/flashplayer/,get.adobe.com,raw/iclass.tku.edu.tw/user/certificate/student/avatarSmallUrl.html,https://iclass.tku.edu.tw/user/certificate/student/avatarSmallUrl,absolute-url
https://iclass.tku.edu.tw/,iclass.tku.edu.tw,raw/iclass.tku.edu.tw/user/certificate/student/capture_url.html,https://iclass.tku.edu.tw/user/certificate/student/capture_url,absolute-url
https://www.googletagmanager.com/gtag/js,www.googletagmanager.com,raw/iclass.tku.edu.tw/user/certificate/student/capture_url.html,https://iclass.tku.edu.tw/user/certificate/student/capture_url,absolute-url
https://github.com/OWASP/CheatSheetSeries/blob/master/cheatsheets/Clickjacking_Defense_Cheat_Sheet.md#best-for-now-legacy-browser-frame-breaking-script--,github.com,raw/iclass.tku.edu.tw/user/certificate/student/capture_url.html,https://iclass.tku.edu.tw/user/certificate/student/capture_url,absolute-url
https://bam.nr-data.net,bam.nr-data.net,raw/iclass.tku.edu.tw/user/certificate/student/capture_url.html,https://iclass.tku.edu.tw/user/certificate/student/capture_url,absolute-url
https://www.google-analytics.com,www.google-analytics.com,raw/iclass.tku.edu.tw/user/certificate/student/capture_url.html,https://iclass.tku.edu.tw/user/certificate/student/capture_url,absolute-url
https://iclass.tku.edu.tw/iportal,iclass.tku.edu.tw,raw/iclass.tku.edu.tw/user/certificate/student/capture_url.html,https://iclass.tku.edu.tw/user/certificate/student/capture_url,absolute-url
"https://tronclass.com.tw/public-manual/TronclassManual_System_Admin.pdf',",tronclass.com.tw,raw/iclass.tku.edu.tw/user/certificate/student/capture_url.html,https://iclass.tku.edu.tw/user/certificate/student/capture_url,absolute-url
"https://tronclass.com.tw/public-manual/TronclassManual_Administrator.pdf',",tronclass.com.tw,raw/iclass.tku.edu.tw/user/certificate/student/capture_url.html,https://iclass.tku.edu.tw/user/certificate/student/capture_url,absolute-url
"https://tronclass.com.tw/public-manual/manual-teacher.html',",tronclass.com.tw,raw/iclass.tku.edu.tw/user/certificate/student/capture_url.html,https://iclass.tku.edu.tw/user/certificate/student/capture_url,absolute-url
"https://tronclass.com.tw/public-manual/TronclassManual_Student.pdf',",tronclass.com.tw,raw/iclass.tku.edu.tw/user/certificate/student/capture_url.html,https://iclass.tku.edu.tw/user/certificate/student/capture_url,absolute-url
"https://tronclass.com.tw/public-manual/TronclassManual_App.pdf',",tronclass.com.tw,raw/iclass.tku.edu.tw/user/certificate/student/capture_url.html,https://iclass.tku.edu.tw/user/certificate/student/capture_url,absolute-url
https://support.tronclass.com',support.tronclass.com',raw/iclass.tku.edu.tw/user/certificate/student/capture_url.html,https://iclass.tku.edu.tw/user/certificate/student/capture_url,absolute-url
https://iclass.tku.edu.tw/market,iclass.tku.edu.tw,raw/iclass.tku.edu.tw/user/certificate/student/capture_url.html,https://iclass.tku.edu.tw/user/certificate/student/capture_url,absolute-url
https://www.youtube.com/iframe_api,www.youtube.com,raw/iclass.tku.edu.tw/user/certificate/student/capture_url.html,https://iclass.tku.edu.tw/user/certificate/student/capture_url,absolute-url
https://get.adobe.com/flashplayer/,get.adobe.com,raw/iclass.tku.edu.tw/user/certificate/student/capture_url.html,https://iclass.tku.edu.tw/user/certificate/student/capture_url,absolute-url
https://iclass.tku.edu.tw/,iclass.tku.edu.tw,raw/iclass.tku.edu.tw/user/certificate/student/lesson_resource_url.html,https://iclass.tku.edu.tw/user/certificate/student/lesson_resource_url,absolute-url
https://www.googletagmanager.com/gtag/js,www.googletagmanager.com,raw/iclass.tku.edu.tw/user/certificate/student/lesson_resource_url.html,https://iclass.tku.edu.tw/user/certificate/student/lesson_resource_url,absolute-url
https://github.com/OWASP/CheatSheetSeries/blob/master/cheatsheets/Clickjacking_Defense_Cheat_Sheet.md#best-for-now-legacy-browser-frame-breaking-script--,github.com,raw/iclass.tku.edu.tw/user/certificate/student/lesson_resource_url.html,https://iclass.tku.edu.tw/user/certificate/student/lesson_resource_url,absolute-url
https://bam.nr-data.net,bam.nr-data.net,raw/iclass.tku.edu.tw/user/certificate/student/lesson_resource_url.html,https://iclass.tku.edu.tw/user/certificate/student/lesson_resource_url,absolute-url
https://www.google-analytics.com,www.google-analytics.com,raw/iclass.tku.edu.tw/user/certificate/student/lesson_resource_url.html,https://iclass.tku.edu.tw/user/certificate/student/lesson_resource_url,absolute-url
https://iclass.tku.edu.tw/iportal,iclass.tku.edu.tw,raw/iclass.tku.edu.tw/user/certificate/student/lesson_resource_url.html,https://iclass.tku.edu.tw/user/certificate/student/lesson_resource_url,absolute-url
"https://tronclass.com.tw/public-manual/TronclassManual_System_Admin.pdf',",tronclass.com.tw,raw/iclass.tku.edu.tw/user/certificate/student/lesson_resource_url.html,https://iclass.tku.edu.tw/user/certificate/student/lesson_resource_url,absolute-url
"https://tronclass.com.tw/public-manual/TronclassManual_Administrator.pdf',",tronclass.com.tw,raw/iclass.tku.edu.tw/user/certificate/student/lesson_resource_url.html,https://iclass.tku.edu.tw/user/certificate/student/lesson_resource_url,absolute-url
"https://tronclass.com.tw/public-manual/manual-teacher.html',",tronclass.com.tw,raw/iclass.tku.edu.tw/user/certificate/student/lesson_resource_url.html,https://iclass.tku.edu.tw/user/certificate/student/lesson_resource_url,absolute-url
"https://tronclass.com.tw/public-manual/TronclassManual_Student.pdf',",tronclass.com.tw,raw/iclass.tku.edu.tw/user/certificate/student/lesson_resource_url.html,https://iclass.tku.edu.tw/user/certificate/student/lesson_resource_url,absolute-url
"https://tronclass.com.tw/public-manual/TronclassManual_App.pdf',",tronclass.com.tw,raw/iclass.tku.edu.tw/user/certificate/student/lesson_resource_url.html,https://iclass.tku.edu.tw/user/certificate/student/lesson_resource_url,absolute-url
https://support.tronclass.com',support.tronclass.com',raw/iclass.tku.edu.tw/user/certificate/student/lesson_resource_url.html,https://iclass.tku.edu.tw/user/certificate/student/lesson_resource_url,absolute-url
https://iclass.tku.edu.tw/market,iclass.tku.edu.tw,raw/iclass.tku.edu.tw/user/certificate/student/lesson_resource_url.html,https://iclass.tku.edu.tw/user/certificate/student/lesson_resource_url,absolute-url
https://www.youtube.com/iframe_api,www.youtube.com,raw/iclass.tku.edu.tw/user/certificate/student/lesson_resource_url.html,https://iclass.tku.edu.tw/user/certificate/student/lesson_resource_url,absolute-url
https://get.adobe.com/flashplayer/,get.adobe.com,raw/iclass.tku.edu.tw/user/certificate/student/lesson_resource_url.html,https://iclass.tku.edu.tw/user/certificate/student/lesson_resource_url,absolute-url
https://iclass.tku.edu.tw/,iclass.tku.edu.tw,raw/iclass.tku.edu.tw/user/certificate/student/manualUrl.html,https://iclass.tku.edu.tw/user/certificate/student/manualUrl,absolute-url
https://www.googletagmanager.com/gtag/js,www.googletagmanager.com,raw/iclass.tku.edu.tw/user/certificate/student/manualUrl.html,https://iclass.tku.edu.tw/user/certificate/student/manualUrl,absolute-url
https://github.com/OWASP/CheatSheetSeries/blob/master/cheatsheets/Clickjacking_Defense_Cheat_Sheet.md#best-for-now-legacy-browser-frame-breaking-script--,github.com,raw/iclass.tku.edu.tw/user/certificate/student/manualUrl.html,https://iclass.tku.edu.tw/user/certificate/student/manualUrl,absolute-url
https://bam.nr-data.net,bam.nr-data.net,raw/iclass.tku.edu.tw/user/certificate/student/manualUrl.html,https://iclass.tku.edu.tw/user/certificate/student/manualUrl,absolute-url
https://www.google-analytics.com,www.google-analytics.com,raw/iclass.tku.edu.tw/user/certificate/student/manualUrl.html,https://iclass.tku.edu.tw/user/certificate/student/manualUrl,absolute-url
https://iclass.tku.edu.tw/iportal,iclass.tku.edu.tw,raw/iclass.tku.edu.tw/user/certificate/student/manualUrl.html,https://iclass.tku.edu.tw/user/certificate/student/manualUrl,absolute-url
"https://tronclass.com.tw/public-manual/TronclassManual_System_Admin.pdf',",tronclass.com.tw,raw/iclass.tku.edu.tw/user/certificate/student/manualUrl.html,https://iclass.tku.edu.tw/user/certificate/student/manualUrl,absolute-url
"https://tronclass.com.tw/public-manual/TronclassManual_Administrator.pdf',",tronclass.com.tw,raw/iclass.tku.edu.tw/user/certificate/student/manualUrl.html,https://iclass.tku.edu.tw/user/certificate/student/manualUrl,absolute-url
"https://tronclass.com.tw/public-manual/manual-teacher.html',",tronclass.com.tw,raw/iclass.tku.edu.tw/user/certificate/student/manualUrl.html,https://iclass.tku.edu.tw/user/certificate/student/manualUrl,absolute-url
"https://tronclass.com.tw/public-manual/TronclassManual_Student.pdf',",tronclass.com.tw,raw/iclass.tku.edu.tw/user/certificate/student/manualUrl.html,https://iclass.tku.edu.tw/user/certificate/student/manualUrl,absolute-url
"https://tronclass.com.tw/public-manual/TronclassManual_App.pdf',",tronclass.com.tw,raw/iclass.tku.edu.tw/user/certificate/student/manualUrl.html,https://iclass.tku.edu.tw/user/certificate/student/manualUrl,absolute-url
https://support.tronclass.com',support.tronclass.com',raw/iclass.tku.edu.tw/user/certificate/student/manualUrl.html,https://iclass.tku.edu.tw/user/certificate/student/manualUrl,absolute-url
https://iclass.tku.edu.tw/market,iclass.tku.edu.tw,raw/iclass.tku.edu.tw/user/certificate/student/manualUrl.html,https://iclass.tku.edu.tw/user/certificate/student/manualUrl,absolute-url
https://www.youtube.com/iframe_api,www.youtube.com,raw/iclass.tku.edu.tw/user/certificate/student/manualUrl.html,https://iclass.tku.edu.tw/user/certificate/student/manualUrl,absolute-url
https://get.adobe.com/flashplayer/,get.adobe.com,raw/iclass.tku.edu.tw/user/certificate/student/manualUrl.html,https://iclass.tku.edu.tw/user/certificate/student/manualUrl,absolute-url
https://iclass.tku.edu.tw/,iclass.tku.edu.tw,raw/iclass.tku.edu.tw/user/chatrooms/index.html,https://iclass.tku.edu.tw/user/chatrooms/,absolute-url
https://www.googletagmanager.com/gtag/js,www.googletagmanager.com,raw/iclass.tku.edu.tw/user/chatrooms/index.html,https://iclass.tku.edu.tw/user/chatrooms/,absolute-url
https://github.com/OWASP/CheatSheetSeries/blob/master/cheatsheets/Clickjacking_Defense_Cheat_Sheet.md#best-for-now-legacy-browser-frame-breaking-script--,github.com,raw/iclass.tku.edu.tw/user/chatrooms/index.html,https://iclass.tku.edu.tw/user/chatrooms/,absolute-url
https://bam.nr-data.net,bam.nr-data.net,raw/iclass.tku.edu.tw/user/chatrooms/index.html,https://iclass.tku.edu.tw/user/chatrooms/,absolute-url
https://www.google-analytics.com,www.google-analytics.com,raw/iclass.tku.edu.tw/user/chatrooms/index.html,https://iclass.tku.edu.tw/user/chatrooms/,absolute-url
https://iclass.tku.edu.tw/iportal,iclass.tku.edu.tw,raw/iclass.tku.edu.tw/user/chatrooms/index.html,https://iclass.tku.edu.tw/user/chatrooms/,absolute-url
"https://tronclass.com.tw/public-manual/TronclassManual_System_Admin.pdf',",tronclass.com.tw,raw/iclass.tku.edu.tw/user/chatrooms/index.html,https://iclass.tku.edu.tw/user/chatrooms/,absolute-url
"https://tronclass.com.tw/public-manual/TronclassManual_Administrator.pdf',",tronclass.com.tw,raw/iclass.tku.edu.tw/user/chatrooms/index.html,https://iclass.tku.edu.tw/user/chatrooms/,absolute-url
"https://tronclass.com.tw/public-manual/manual-teacher.html',",tronclass.com.tw,raw/iclass.tku.edu.tw/user/chatrooms/index.html,https://iclass.tku.edu.tw/user/chatrooms/,absolute-url
"https://tronclass.com.tw/public-manual/TronclassManual_Student.pdf',",tronclass.com.tw,raw/iclass.tku.edu.tw/user/chatrooms/index.html,https://iclass.tku.edu.tw/user/chatrooms/,absolute-url
"https://tronclass.com.tw/public-manual/TronclassManual_App.pdf',",tronclass.com.tw,raw/iclass.tku.edu.tw/user/chatrooms/index.html,https://iclass.tku.edu.tw/user/chatrooms/,absolute-url
https://support.tronclass.com',support.tronclass.com',raw/iclass.tku.edu.tw/user/chatrooms/index.html,https://iclass.tku.edu.tw/user/chatrooms/,absolute-url
https://iclass.tku.edu.tw/market,iclass.tku.edu.tw,raw/iclass.tku.edu.tw/user/chatrooms/index.html,https://iclass.tku.edu.tw/user/chatrooms/,absolute-url
https://www.youtube.com/iframe_api,www.youtube.com,raw/iclass.tku.edu.tw/user/chatrooms/index.html,https://iclass.tku.edu.tw/user/chatrooms/,absolute-url
https://get.adobe.com/flashplayer/,get.adobe.com,raw/iclass.tku.edu.tw/user/chatrooms/index.html,https://iclass.tku.edu.tw/user/chatrooms/,absolute-url
https://iclass.tku.edu.tw/,iclass.tku.edu.tw,raw/iclass.tku.edu.tw/user/combine-courses.html,https://iclass.tku.edu.tw/user/combine-courses,absolute-url
https://www.googletagmanager.com/gtag/js,www.googletagmanager.com,raw/iclass.tku.edu.tw/user/combine-courses.html,https://iclass.tku.edu.tw/user/combine-courses,absolute-url
https://github.com/OWASP/CheatSheetSeries/blob/master/cheatsheets/Clickjacking_Defense_Cheat_Sheet.md#best-for-now-legacy-browser-frame-breaking-script--,github.com,raw/iclass.tku.edu.tw/user/combine-courses.html,https://iclass.tku.edu.tw/user/combine-courses,absolute-url
https://bam.nr-data.net,bam.nr-data.net,raw/iclass.tku.edu.tw/user/combine-courses.html,https://iclass.tku.edu.tw/user/combine-courses,absolute-url
https://www.google-analytics.com,www.google-analytics.com,raw/iclass.tku.edu.tw/user/combine-courses.html,https://iclass.tku.edu.tw/user/combine-courses,absolute-url
https://iclass.tku.edu.tw/iportal,iclass.tku.edu.tw,raw/iclass.tku.edu.tw/user/combine-courses.html,https://iclass.tku.edu.tw/user/combine-courses,absolute-url
"https://tronclass.com.tw/public-manual/TronclassManual_System_Admin.pdf',",tronclass.com.tw,raw/iclass.tku.edu.tw/user/combine-courses.html,https://iclass.tku.edu.tw/user/combine-courses,absolute-url
"https://tronclass.com.tw/public-manual/TronclassManual_Administrator.pdf',",tronclass.com.tw,raw/iclass.tku.edu.tw/user/combine-courses.html,https://iclass.tku.edu.tw/user/combine-courses,absolute-url
"https://tronclass.com.tw/public-manual/manual-teacher.html',",tronclass.com.tw,raw/iclass.tku.edu.tw/user/combine-courses.html,https://iclass.tku.edu.tw/user/combine-courses,absolute-url
"https://tronclass.com.tw/public-manual/TronclassManual_Student.pdf',",tronclass.com.tw,raw/iclass.tku.edu.tw/user/combine-courses.html,https://iclass.tku.edu.tw/user/combine-courses,absolute-url
"https://tronclass.com.tw/public-manual/TronclassManual_App.pdf',",tronclass.com.tw,raw/iclass.tku.edu.tw/user/combine-courses.html,https://iclass.tku.edu.tw/user/combine-courses,absolute-url
https://support.tronclass.com',support.tronclass.com',raw/iclass.tku.edu.tw/user/combine-courses.html,https://iclass.tku.edu.tw/user/combine-courses,absolute-url
https://iclass.tku.edu.tw/market,iclass.tku.edu.tw,raw/iclass.tku.edu.tw/user/combine-courses.html,https://iclass.tku.edu.tw/user/combine-courses,absolute-url
https://www.youtube.com/iframe_api,www.youtube.com,raw/iclass.tku.edu.tw/user/combine-courses.html,https://iclass.tku.edu.tw/user/combine-courses,absolute-url
https://get.adobe.com/flashplayer/,get.adobe.com,raw/iclass.tku.edu.tw/user/combine-courses.html,https://iclass.tku.edu.tw/user/combine-courses,absolute-url
https://iclass.tku.edu.tw/,iclass.tku.edu.tw,raw/iclass.tku.edu.tw/user/courses.html,https://iclass.tku.edu.tw/user/courses,absolute-url
https://www.googletagmanager.com/gtag/js,www.googletagmanager.com,raw/iclass.tku.edu.tw/user/courses.html,https://iclass.tku.edu.tw/user/courses,absolute-url
https://github.com/OWASP/CheatSheetSeries/blob/master/cheatsheets/Clickjacking_Defense_Cheat_Sheet.md#best-for-now-legacy-browser-frame-breaking-script--,github.com,raw/iclass.tku.edu.tw/user/courses.html,https://iclass.tku.edu.tw/user/courses,absolute-url
https://bam.nr-data.net,bam.nr-data.net,raw/iclass.tku.edu.tw/user/courses.html,https://iclass.tku.edu.tw/user/courses,absolute-url
https://www.google-analytics.com,www.google-analytics.com,raw/iclass.tku.edu.tw/user/courses.html,https://iclass.tku.edu.tw/user/courses,absolute-url
https://iclass.tku.edu.tw/iportal,iclass.tku.edu.tw,raw/iclass.tku.edu.tw/user/courses.html,https://iclass.tku.edu.tw/user/courses,absolute-url
"https://tronclass.com.tw/public-manual/TronclassManual_System_Admin.pdf',",tronclass.com.tw,raw/iclass.tku.edu.tw/user/courses.html,https://iclass.tku.edu.tw/user/courses,absolute-url
"https://tronclass.com.tw/public-manual/TronclassManual_Administrator.pdf',",tronclass.com.tw,raw/iclass.tku.edu.tw/user/courses.html,https://iclass.tku.edu.tw/user/courses,absolute-url
"https://tronclass.com.tw/public-manual/manual-teacher.html',",tronclass.com.tw,raw/iclass.tku.edu.tw/user/courses.html,https://iclass.tku.edu.tw/user/courses,absolute-url
"https://tronclass.com.tw/public-manual/TronclassManual_Student.pdf',",tronclass.com.tw,raw/iclass.tku.edu.tw/user/courses.html,https://iclass.tku.edu.tw/user/courses,absolute-url
"https://tronclass.com.tw/public-manual/TronclassManual_App.pdf',",tronclass.com.tw,raw/iclass.tku.edu.tw/user/courses.html,https://iclass.tku.edu.tw/user/courses,absolute-url
https://support.tronclass.com',support.tronclass.com',raw/iclass.tku.edu.tw/user/courses.html,https://iclass.tku.edu.tw/user/courses,absolute-url
https://iclass.tku.edu.tw/market,iclass.tku.edu.tw,raw/iclass.tku.edu.tw/user/courses.html,https://iclass.tku.edu.tw/user/courses,absolute-url
https://www.youtube.com/iframe_api,www.youtube.com,raw/iclass.tku.edu.tw/user/courses.html,https://iclass.tku.edu.tw/user/courses,absolute-url
https://get.adobe.com/flashplayer/,get.adobe.com,raw/iclass.tku.edu.tw/user/courses.html,https://iclass.tku.edu.tw/user/courses,absolute-url
https://iclass.tku.edu.tw/,iclass.tku.edu.tw,raw/iclass.tku.edu.tw/user/courses__q_634b7b9d78.html,https://iclass.tku.edu.tw/user/courses?keyword=,absolute-url
https://www.googletagmanager.com/gtag/js,www.googletagmanager.com,raw/iclass.tku.edu.tw/user/courses__q_634b7b9d78.html,https://iclass.tku.edu.tw/user/courses?keyword=,absolute-url
https://github.com/OWASP/CheatSheetSeries/blob/master/cheatsheets/Clickjacking_Defense_Cheat_Sheet.md#best-for-now-legacy-browser-frame-breaking-script--,github.com,raw/iclass.tku.edu.tw/user/courses__q_634b7b9d78.html,https://iclass.tku.edu.tw/user/courses?keyword=,absolute-url
https://bam.nr-data.net,bam.nr-data.net,raw/iclass.tku.edu.tw/user/courses__q_634b7b9d78.html,https://iclass.tku.edu.tw/user/courses?keyword=,absolute-url
https://www.google-analytics.com,www.google-analytics.com,raw/iclass.tku.edu.tw/user/courses__q_634b7b9d78.html,https://iclass.tku.edu.tw/user/courses?keyword=,absolute-url
https://iclass.tku.edu.tw/iportal,iclass.tku.edu.tw,raw/iclass.tku.edu.tw/user/courses__q_634b7b9d78.html,https://iclass.tku.edu.tw/user/courses?keyword=,absolute-url
"https://tronclass.com.tw/public-manual/TronclassManual_System_Admin.pdf',",tronclass.com.tw,raw/iclass.tku.edu.tw/user/courses__q_634b7b9d78.html,https://iclass.tku.edu.tw/user/courses?keyword=,absolute-url
"https://tronclass.com.tw/public-manual/TronclassManual_Administrator.pdf',",tronclass.com.tw,raw/iclass.tku.edu.tw/user/courses__q_634b7b9d78.html,https://iclass.tku.edu.tw/user/courses?keyword=,absolute-url
"https://tronclass.com.tw/public-manual/manual-teacher.html',",tronclass.com.tw,raw/iclass.tku.edu.tw/user/courses__q_634b7b9d78.html,https://iclass.tku.edu.tw/user/courses?keyword=,absolute-url
"https://tronclass.com.tw/public-manual/TronclassManual_Student.pdf',",tronclass.com.tw,raw/iclass.tku.edu.tw/user/courses__q_634b7b9d78.html,https://iclass.tku.edu.tw/user/courses?keyword=,absolute-url
"https://tronclass.com.tw/public-manual/TronclassManual_App.pdf',",tronclass.com.tw,raw/iclass.tku.edu.tw/user/courses__q_634b7b9d78.html,https://iclass.tku.edu.tw/user/courses?keyword=,absolute-url
https://support.tronclass.com',support.tronclass.com',raw/iclass.tku.edu.tw/user/courses__q_634b7b9d78.html,https://iclass.tku.edu.tw/user/courses?keyword=,absolute-url
https://iclass.tku.edu.tw/market,iclass.tku.edu.tw,raw/iclass.tku.edu.tw/user/courses__q_634b7b9d78.html,https://iclass.tku.edu.tw/user/courses?keyword=,absolute-url
https://www.youtube.com/iframe_api,www.youtube.com,raw/iclass.tku.edu.tw/user/courses__q_634b7b9d78.html,https://iclass.tku.edu.tw/user/courses?keyword=,absolute-url
https://get.adobe.com/flashplayer/,get.adobe.com,raw/iclass.tku.edu.tw/user/courses__q_634b7b9d78.html,https://iclass.tku.edu.tw/user/courses?keyword=,absolute-url
https://iclass.tku.edu.tw/,iclass.tku.edu.tw,raw/iclass.tku.edu.tw/user/index__q_7833fea385.html,https://iclass.tku.edu.tw/user/index?version=v0,absolute-url
https://www.googletagmanager.com/gtag/js,www.googletagmanager.com,raw/iclass.tku.edu.tw/user/index__q_7833fea385.html,https://iclass.tku.edu.tw/user/index?version=v0,absolute-url
https://github.com/OWASP/CheatSheetSeries/blob/master/cheatsheets/Clickjacking_Defense_Cheat_Sheet.md#best-for-now-legacy-browser-frame-breaking-script--,github.com,raw/iclass.tku.edu.tw/user/index__q_7833fea385.html,https://iclass.tku.edu.tw/user/index?version=v0,absolute-url
https://bam.nr-data.net,bam.nr-data.net,raw/iclass.tku.edu.tw/user/index__q_7833fea385.html,https://iclass.tku.edu.tw/user/index?version=v0,absolute-url
https://www.google-analytics.com,www.google-analytics.com,raw/iclass.tku.edu.tw/user/index__q_7833fea385.html,https://iclass.tku.edu.tw/user/index?version=v0,absolute-url
https://iclass.tku.edu.tw/iportal,iclass.tku.edu.tw,raw/iclass.tku.edu.tw/user/index__q_7833fea385.html,https://iclass.tku.edu.tw/user/index?version=v0,absolute-url
"https://tronclass.com.tw/public-manual/TronclassManual_System_Admin.pdf',",tronclass.com.tw,raw/iclass.tku.edu.tw/user/index__q_7833fea385.html,https://iclass.tku.edu.tw/user/index?version=v0,absolute-url
"https://tronclass.com.tw/public-manual/TronclassManual_Administrator.pdf',",tronclass.com.tw,raw/iclass.tku.edu.tw/user/index__q_7833fea385.html,https://iclass.tku.edu.tw/user/index?version=v0,absolute-url
"https://tronclass.com.tw/public-manual/manual-teacher.html',",tronclass.com.tw,raw/iclass.tku.edu.tw/user/index__q_7833fea385.html,https://iclass.tku.edu.tw/user/index?version=v0,absolute-url
"https://tronclass.com.tw/public-manual/TronclassManual_Student.pdf',",tronclass.com.tw,raw/iclass.tku.edu.tw/user/index__q_7833fea385.html,https://iclass.tku.edu.tw/user/index?version=v0,absolute-url
"https://tronclass.com.tw/public-manual/TronclassManual_App.pdf',",tronclass.com.tw,raw/iclass.tku.edu.tw/user/index__q_7833fea385.html,https://iclass.tku.edu.tw/user/index?version=v0,absolute-url
https://support.tronclass.com',support.tronclass.com',raw/iclass.tku.edu.tw/user/index__q_7833fea385.html,https://iclass.tku.edu.tw/user/index?version=v0,absolute-url
https://iclass.tku.edu.tw/market,iclass.tku.edu.tw,raw/iclass.tku.edu.tw/user/index__q_7833fea385.html,https://iclass.tku.edu.tw/user/index?version=v0,absolute-url
https://get.adobe.com/flashplayer/,get.adobe.com,raw/iclass.tku.edu.tw/user/index__q_7833fea385.html,https://iclass.tku.edu.tw/user/index?version=v0,absolute-url
https://www.youtube.com/iframe_api,www.youtube.com,raw/iclass.tku.edu.tw/user/index__q_7833fea385.html,https://iclass.tku.edu.tw/user/index?version=v0,absolute-url
https://iclass.tku.edu.tw/,iclass.tku.edu.tw,raw/iclass.tku.edu.tw/user/lesson_resource_url.html,https://iclass.tku.edu.tw/user/lesson_resource_url,absolute-url
https://www.googletagmanager.com/gtag/js,www.googletagmanager.com,raw/iclass.tku.edu.tw/user/lesson_resource_url.html,https://iclass.tku.edu.tw/user/lesson_resource_url,absolute-url
https://github.com/OWASP/CheatSheetSeries/blob/master/cheatsheets/Clickjacking_Defense_Cheat_Sheet.md#best-for-now-legacy-browser-frame-breaking-script--,github.com,raw/iclass.tku.edu.tw/user/lesson_resource_url.html,https://iclass.tku.edu.tw/user/lesson_resource_url,absolute-url
https://bam.nr-data.net,bam.nr-data.net,raw/iclass.tku.edu.tw/user/lesson_resource_url.html,https://iclass.tku.edu.tw/user/lesson_resource_url,absolute-url
https://www.google-analytics.com,www.google-analytics.com,raw/iclass.tku.edu.tw/user/lesson_resource_url.html,https://iclass.tku.edu.tw/user/lesson_resource_url,absolute-url
https://iclass.tku.edu.tw/iportal,iclass.tku.edu.tw,raw/iclass.tku.edu.tw/user/lesson_resource_url.html,https://iclass.tku.edu.tw/user/lesson_resource_url,absolute-url
"https://tronclass.com.tw/public-manual/TronclassManual_System_Admin.pdf',",tronclass.com.tw,raw/iclass.tku.edu.tw/user/lesson_resource_url.html,https://iclass.tku.edu.tw/user/lesson_resource_url,absolute-url
"https://tronclass.com.tw/public-manual/TronclassManual_Administrator.pdf',",tronclass.com.tw,raw/iclass.tku.edu.tw/user/lesson_resource_url.html,https://iclass.tku.edu.tw/user/lesson_resource_url,absolute-url
"https://tronclass.com.tw/public-manual/manual-teacher.html',",tronclass.com.tw,raw/iclass.tku.edu.tw/user/lesson_resource_url.html,https://iclass.tku.edu.tw/user/lesson_resource_url,absolute-url
"https://tronclass.com.tw/public-manual/TronclassManual_Student.pdf',",tronclass.com.tw,raw/iclass.tku.edu.tw/user/lesson_resource_url.html,https://iclass.tku.edu.tw/user/lesson_resource_url,absolute-url
"https://tronclass.com.tw/public-manual/TronclassManual_App.pdf',",tronclass.com.tw,raw/iclass.tku.edu.tw/user/lesson_resource_url.html,https://iclass.tku.edu.tw/user/lesson_resource_url,absolute-url
https://support.tronclass.com',support.tronclass.com',raw/iclass.tku.edu.tw/user/lesson_resource_url.html,https://iclass.tku.edu.tw/user/lesson_resource_url,absolute-url
https://iclass.tku.edu.tw/market,iclass.tku.edu.tw,raw/iclass.tku.edu.tw/user/lesson_resource_url.html,https://iclass.tku.edu.tw/user/lesson_resource_url,absolute-url
https://www.youtube.com/iframe_api,www.youtube.com,raw/iclass.tku.edu.tw/user/lesson_resource_url.html,https://iclass.tku.edu.tw/user/lesson_resource_url,absolute-url
https://get.adobe.com/flashplayer/,get.adobe.com,raw/iclass.tku.edu.tw/user/lesson_resource_url.html,https://iclass.tku.edu.tw/user/lesson_resource_url,absolute-url
https://iclass.tku.edu.tw/,iclass.tku.edu.tw,raw/iclass.tku.edu.tw/user/manualUrl.html,https://iclass.tku.edu.tw/user/manualUrl,absolute-url
https://www.googletagmanager.com/gtag/js,www.googletagmanager.com,raw/iclass.tku.edu.tw/user/manualUrl.html,https://iclass.tku.edu.tw/user/manualUrl,absolute-url
https://github.com/OWASP/CheatSheetSeries/blob/master/cheatsheets/Clickjacking_Defense_Cheat_Sheet.md#best-for-now-legacy-browser-frame-breaking-script--,github.com,raw/iclass.tku.edu.tw/user/manualUrl.html,https://iclass.tku.edu.tw/user/manualUrl,absolute-url
https://bam.nr-data.net,bam.nr-data.net,raw/iclass.tku.edu.tw/user/manualUrl.html,https://iclass.tku.edu.tw/user/manualUrl,absolute-url
https://www.google-analytics.com,www.google-analytics.com,raw/iclass.tku.edu.tw/user/manualUrl.html,https://iclass.tku.edu.tw/user/manualUrl,absolute-url
https://iclass.tku.edu.tw/iportal,iclass.tku.edu.tw,raw/iclass.tku.edu.tw/user/manualUrl.html,https://iclass.tku.edu.tw/user/manualUrl,absolute-url
"https://tronclass.com.tw/public-manual/TronclassManual_System_Admin.pdf',",tronclass.com.tw,raw/iclass.tku.edu.tw/user/manualUrl.html,https://iclass.tku.edu.tw/user/manualUrl,absolute-url
"https://tronclass.com.tw/public-manual/TronclassManual_Administrator.pdf',",tronclass.com.tw,raw/iclass.tku.edu.tw/user/manualUrl.html,https://iclass.tku.edu.tw/user/manualUrl,absolute-url
"https://tronclass.com.tw/public-manual/manual-teacher.html',",tronclass.com.tw,raw/iclass.tku.edu.tw/user/manualUrl.html,https://iclass.tku.edu.tw/user/manualUrl,absolute-url
"https://tronclass.com.tw/public-manual/TronclassManual_Student.pdf',",tronclass.com.tw,raw/iclass.tku.edu.tw/user/manualUrl.html,https://iclass.tku.edu.tw/user/manualUrl,absolute-url
"https://tronclass.com.tw/public-manual/TronclassManual_App.pdf',",tronclass.com.tw,raw/iclass.tku.edu.tw/user/manualUrl.html,https://iclass.tku.edu.tw/user/manualUrl,absolute-url
https://support.tronclass.com',support.tronclass.com',raw/iclass.tku.edu.tw/user/manualUrl.html,https://iclass.tku.edu.tw/user/manualUrl,absolute-url
https://iclass.tku.edu.tw/market,iclass.tku.edu.tw,raw/iclass.tku.edu.tw/user/manualUrl.html,https://iclass.tku.edu.tw/user/manualUrl,absolute-url
https://www.youtube.com/iframe_api,www.youtube.com,raw/iclass.tku.edu.tw/user/manualUrl.html,https://iclass.tku.edu.tw/user/manualUrl,absolute-url
https://get.adobe.com/flashplayer/,get.adobe.com,raw/iclass.tku.edu.tw/user/manualUrl.html,https://iclass.tku.edu.tw/user/manualUrl,absolute-url
https://iclass.tku.edu.tw/,iclass.tku.edu.tw,raw/iclass.tku.edu.tw/user/notes.html,https://iclass.tku.edu.tw/user/notes,absolute-url
https://www.googletagmanager.com/gtag/js,www.googletagmanager.com,raw/iclass.tku.edu.tw/user/notes.html,https://iclass.tku.edu.tw/user/notes,absolute-url
https://github.com/OWASP/CheatSheetSeries/blob/master/cheatsheets/Clickjacking_Defense_Cheat_Sheet.md#best-for-now-legacy-browser-frame-breaking-script--,github.com,raw/iclass.tku.edu.tw/user/notes.html,https://iclass.tku.edu.tw/user/notes,absolute-url
https://bam.nr-data.net,bam.nr-data.net,raw/iclass.tku.edu.tw/user/notes.html,https://iclass.tku.edu.tw/user/notes,absolute-url
https://www.google-analytics.com,www.google-analytics.com,raw/iclass.tku.edu.tw/user/notes.html,https://iclass.tku.edu.tw/user/notes,absolute-url
https://iclass.tku.edu.tw/iportal,iclass.tku.edu.tw,raw/iclass.tku.edu.tw/user/notes.html,https://iclass.tku.edu.tw/user/notes,absolute-url
"https://tronclass.com.tw/public-manual/TronclassManual_System_Admin.pdf',",tronclass.com.tw,raw/iclass.tku.edu.tw/user/notes.html,https://iclass.tku.edu.tw/user/notes,absolute-url
"https://tronclass.com.tw/public-manual/TronclassManual_Administrator.pdf',",tronclass.com.tw,raw/iclass.tku.edu.tw/user/notes.html,https://iclass.tku.edu.tw/user/notes,absolute-url
"https://tronclass.com.tw/public-manual/manual-teacher.html',",tronclass.com.tw,raw/iclass.tku.edu.tw/user/notes.html,https://iclass.tku.edu.tw/user/notes,absolute-url
"https://tronclass.com.tw/public-manual/TronclassManual_Student.pdf',",tronclass.com.tw,raw/iclass.tku.edu.tw/user/notes.html,https://iclass.tku.edu.tw/user/notes,absolute-url
"https://tronclass.com.tw/public-manual/TronclassManual_App.pdf',",tronclass.com.tw,raw/iclass.tku.edu.tw/user/notes.html,https://iclass.tku.edu.tw/user/notes,absolute-url
https://support.tronclass.com',support.tronclass.com',raw/iclass.tku.edu.tw/user/notes.html,https://iclass.tku.edu.tw/user/notes,absolute-url
https://iclass.tku.edu.tw/market,iclass.tku.edu.tw,raw/iclass.tku.edu.tw/user/notes.html,https://iclass.tku.edu.tw/user/notes,absolute-url
https://www.youtube.com/iframe_api,www.youtube.com,raw/iclass.tku.edu.tw/user/notes.html,https://iclass.tku.edu.tw/user/notes,absolute-url
https://get.adobe.com/flashplayer/,get.adobe.com,raw/iclass.tku.edu.tw/user/notes.html,https://iclass.tku.edu.tw/user/notes,absolute-url
https://iclass.tku.edu.tw/,iclass.tku.edu.tw,raw/iclass.tku.edu.tw/user/profile.html,https://iclass.tku.edu.tw/user/profile,absolute-url
https://www.googletagmanager.com/gtag/js,www.googletagmanager.com,raw/iclass.tku.edu.tw/user/profile.html,https://iclass.tku.edu.tw/user/profile,absolute-url
https://github.com/OWASP/CheatSheetSeries/blob/master/cheatsheets/Clickjacking_Defense_Cheat_Sheet.md#best-for-now-legacy-browser-frame-breaking-script--,github.com,raw/iclass.tku.edu.tw/user/profile.html,https://iclass.tku.edu.tw/user/profile,absolute-url
https://bam.nr-data.net,bam.nr-data.net,raw/iclass.tku.edu.tw/user/profile.html,https://iclass.tku.edu.tw/user/profile,absolute-url
https://www.google-analytics.com,www.google-analytics.com,raw/iclass.tku.edu.tw/user/profile.html,https://iclass.tku.edu.tw/user/profile,absolute-url
https://iclass.tku.edu.tw/iportal,iclass.tku.edu.tw,raw/iclass.tku.edu.tw/user/profile.html,https://iclass.tku.edu.tw/user/profile,absolute-url
"https://tronclass.com.tw/public-manual/TronclassManual_System_Admin.pdf',",tronclass.com.tw,raw/iclass.tku.edu.tw/user/profile.html,https://iclass.tku.edu.tw/user/profile,absolute-url
"https://tronclass.com.tw/public-manual/TronclassManual_Administrator.pdf',",tronclass.com.tw,raw/iclass.tku.edu.tw/user/profile.html,https://iclass.tku.edu.tw/user/profile,absolute-url
"https://tronclass.com.tw/public-manual/manual-teacher.html',",tronclass.com.tw,raw/iclass.tku.edu.tw/user/profile.html,https://iclass.tku.edu.tw/user/profile,absolute-url
"https://tronclass.com.tw/public-manual/TronclassManual_Student.pdf',",tronclass.com.tw,raw/iclass.tku.edu.tw/user/profile.html,https://iclass.tku.edu.tw/user/profile,absolute-url
"https://tronclass.com.tw/public-manual/TronclassManual_App.pdf',",tronclass.com.tw,raw/iclass.tku.edu.tw/user/profile.html,https://iclass.tku.edu.tw/user/profile,absolute-url
https://support.tronclass.com',support.tronclass.com',raw/iclass.tku.edu.tw/user/profile.html,https://iclass.tku.edu.tw/user/profile,absolute-url
https://iclass.tku.edu.tw/market,iclass.tku.edu.tw,raw/iclass.tku.edu.tw/user/profile.html,https://iclass.tku.edu.tw/user/profile,absolute-url
https://www.youtube.com/iframe_api,www.youtube.com,raw/iclass.tku.edu.tw/user/profile.html,https://iclass.tku.edu.tw/user/profile,absolute-url
https://get.adobe.com/flashplayer/,get.adobe.com,raw/iclass.tku.edu.tw/user/profile.html,https://iclass.tku.edu.tw/user/profile,absolute-url
https://iclass.tku.edu.tw/,iclass.tku.edu.tw,raw/iclass.tku.edu.tw/user/project.html,https://iclass.tku.edu.tw/user/project,absolute-url
https://www.googletagmanager.com/gtag/js,www.googletagmanager.com,raw/iclass.tku.edu.tw/user/project.html,https://iclass.tku.edu.tw/user/project,absolute-url
https://github.com/OWASP/CheatSheetSeries/blob/master/cheatsheets/Clickjacking_Defense_Cheat_Sheet.md#best-for-now-legacy-browser-frame-breaking-script--,github.com,raw/iclass.tku.edu.tw/user/project.html,https://iclass.tku.edu.tw/user/project,absolute-url
https://bam.nr-data.net,bam.nr-data.net,raw/iclass.tku.edu.tw/user/project.html,https://iclass.tku.edu.tw/user/project,absolute-url
https://www.google-analytics.com,www.google-analytics.com,raw/iclass.tku.edu.tw/user/project.html,https://iclass.tku.edu.tw/user/project,absolute-url
https://iclass.tku.edu.tw/iportal,iclass.tku.edu.tw,raw/iclass.tku.edu.tw/user/project.html,https://iclass.tku.edu.tw/user/project,absolute-url
"https://tronclass.com.tw/public-manual/TronclassManual_System_Admin.pdf',",tronclass.com.tw,raw/iclass.tku.edu.tw/user/project.html,https://iclass.tku.edu.tw/user/project,absolute-url
"https://tronclass.com.tw/public-manual/TronclassManual_Administrator.pdf',",tronclass.com.tw,raw/iclass.tku.edu.tw/user/project.html,https://iclass.tku.edu.tw/user/project,absolute-url
"https://tronclass.com.tw/public-manual/manual-teacher.html',",tronclass.com.tw,raw/iclass.tku.edu.tw/user/project.html,https://iclass.tku.edu.tw/user/project,absolute-url
"https://tronclass.com.tw/public-manual/TronclassManual_Student.pdf',",tronclass.com.tw,raw/iclass.tku.edu.tw/user/project.html,https://iclass.tku.edu.tw/user/project,absolute-url
"https://tronclass.com.tw/public-manual/TronclassManual_App.pdf',",tronclass.com.tw,raw/iclass.tku.edu.tw/user/project.html,https://iclass.tku.edu.tw/user/project,absolute-url
https://support.tronclass.com',support.tronclass.com',raw/iclass.tku.edu.tw/user/project.html,https://iclass.tku.edu.tw/user/project,absolute-url
https://iclass.tku.edu.tw/market,iclass.tku.edu.tw,raw/iclass.tku.edu.tw/user/project.html,https://iclass.tku.edu.tw/user/project,absolute-url
https://www.youtube.com/iframe_api,www.youtube.com,raw/iclass.tku.edu.tw/user/project.html,https://iclass.tku.edu.tw/user/project,absolute-url
https://get.adobe.com/flashplayer/,get.adobe.com,raw/iclass.tku.edu.tw/user/project.html,https://iclass.tku.edu.tw/user/project,absolute-url
https://iclass.tku.edu.tw/,iclass.tku.edu.tw,raw/iclass.tku.edu.tw/user/project__q_634b7b9d78.html,https://iclass.tku.edu.tw/user/project?keyword=,absolute-url
https://www.googletagmanager.com/gtag/js,www.googletagmanager.com,raw/iclass.tku.edu.tw/user/project__q_634b7b9d78.html,https://iclass.tku.edu.tw/user/project?keyword=,absolute-url
https://github.com/OWASP/CheatSheetSeries/blob/master/cheatsheets/Clickjacking_Defense_Cheat_Sheet.md#best-for-now-legacy-browser-frame-breaking-script--,github.com,raw/iclass.tku.edu.tw/user/project__q_634b7b9d78.html,https://iclass.tku.edu.tw/user/project?keyword=,absolute-url
https://bam.nr-data.net,bam.nr-data.net,raw/iclass.tku.edu.tw/user/project__q_634b7b9d78.html,https://iclass.tku.edu.tw/user/project?keyword=,absolute-url
https://www.google-analytics.com,www.google-analytics.com,raw/iclass.tku.edu.tw/user/project__q_634b7b9d78.html,https://iclass.tku.edu.tw/user/project?keyword=,absolute-url
https://iclass.tku.edu.tw/iportal,iclass.tku.edu.tw,raw/iclass.tku.edu.tw/user/project__q_634b7b9d78.html,https://iclass.tku.edu.tw/user/project?keyword=,absolute-url
"https://tronclass.com.tw/public-manual/TronclassManual_System_Admin.pdf',",tronclass.com.tw,raw/iclass.tku.edu.tw/user/project__q_634b7b9d78.html,https://iclass.tku.edu.tw/user/project?keyword=,absolute-url
"https://tronclass.com.tw/public-manual/TronclassManual_Administrator.pdf',",tronclass.com.tw,raw/iclass.tku.edu.tw/user/project__q_634b7b9d78.html,https://iclass.tku.edu.tw/user/project?keyword=,absolute-url
"https://tronclass.com.tw/public-manual/manual-teacher.html',",tronclass.com.tw,raw/iclass.tku.edu.tw/user/project__q_634b7b9d78.html,https://iclass.tku.edu.tw/user/project?keyword=,absolute-url
"https://tronclass.com.tw/public-manual/TronclassManual_Student.pdf',",tronclass.com.tw,raw/iclass.tku.edu.tw/user/project__q_634b7b9d78.html,https://iclass.tku.edu.tw/user/project?keyword=,absolute-url
"https://tronclass.com.tw/public-manual/TronclassManual_App.pdf',",tronclass.com.tw,raw/iclass.tku.edu.tw/user/project__q_634b7b9d78.html,https://iclass.tku.edu.tw/user/project?keyword=,absolute-url
https://support.tronclass.com',support.tronclass.com',raw/iclass.tku.edu.tw/user/project__q_634b7b9d78.html,https://iclass.tku.edu.tw/user/project?keyword=,absolute-url
https://iclass.tku.edu.tw/market,iclass.tku.edu.tw,raw/iclass.tku.edu.tw/user/project__q_634b7b9d78.html,https://iclass.tku.edu.tw/user/project?keyword=,absolute-url
https://www.youtube.com/iframe_api,www.youtube.com,raw/iclass.tku.edu.tw/user/project__q_634b7b9d78.html,https://iclass.tku.edu.tw/user/project?keyword=,absolute-url
https://get.adobe.com/flashplayer/,get.adobe.com,raw/iclass.tku.edu.tw/user/project__q_634b7b9d78.html,https://iclass.tku.edu.tw/user/project?keyword=,absolute-url
https://iclass.tku.edu.tw/,iclass.tku.edu.tw,raw/iclass.tku.edu.tw/user/record-preview/index.html,https://iclass.tku.edu.tw/user/record-preview/,absolute-url
https://www.googletagmanager.com/gtag/js,www.googletagmanager.com,raw/iclass.tku.edu.tw/user/record-preview/index.html,https://iclass.tku.edu.tw/user/record-preview/,absolute-url
https://github.com/OWASP/CheatSheetSeries/blob/master/cheatsheets/Clickjacking_Defense_Cheat_Sheet.md#best-for-now-legacy-browser-frame-breaking-script--,github.com,raw/iclass.tku.edu.tw/user/record-preview/index.html,https://iclass.tku.edu.tw/user/record-preview/,absolute-url
https://bam.nr-data.net,bam.nr-data.net,raw/iclass.tku.edu.tw/user/record-preview/index.html,https://iclass.tku.edu.tw/user/record-preview/,absolute-url
https://www.google-analytics.com,www.google-analytics.com,raw/iclass.tku.edu.tw/user/record-preview/index.html,https://iclass.tku.edu.tw/user/record-preview/,absolute-url
https://iclass.tku.edu.tw/iportal,iclass.tku.edu.tw,raw/iclass.tku.edu.tw/user/record-preview/index.html,https://iclass.tku.edu.tw/user/record-preview/,absolute-url
"https://tronclass.com.tw/public-manual/TronclassManual_System_Admin.pdf',",tronclass.com.tw,raw/iclass.tku.edu.tw/user/record-preview/index.html,https://iclass.tku.edu.tw/user/record-preview/,absolute-url
"https://tronclass.com.tw/public-manual/TronclassManual_Administrator.pdf',",tronclass.com.tw,raw/iclass.tku.edu.tw/user/record-preview/index.html,https://iclass.tku.edu.tw/user/record-preview/,absolute-url
"https://tronclass.com.tw/public-manual/manual-teacher.html',",tronclass.com.tw,raw/iclass.tku.edu.tw/user/record-preview/index.html,https://iclass.tku.edu.tw/user/record-preview/,absolute-url
"https://tronclass.com.tw/public-manual/TronclassManual_Student.pdf',",tronclass.com.tw,raw/iclass.tku.edu.tw/user/record-preview/index.html,https://iclass.tku.edu.tw/user/record-preview/,absolute-url
"https://tronclass.com.tw/public-manual/TronclassManual_App.pdf',",tronclass.com.tw,raw/iclass.tku.edu.tw/user/record-preview/index.html,https://iclass.tku.edu.tw/user/record-preview/,absolute-url
https://support.tronclass.com',support.tronclass.com',raw/iclass.tku.edu.tw/user/record-preview/index.html,https://iclass.tku.edu.tw/user/record-preview/,absolute-url
https://iclass.tku.edu.tw/market,iclass.tku.edu.tw,raw/iclass.tku.edu.tw/user/record-preview/index.html,https://iclass.tku.edu.tw/user/record-preview/,absolute-url
https://www.youtube.com/iframe_api,www.youtube.com,raw/iclass.tku.edu.tw/user/record-preview/index.html,https://iclass.tku.edu.tw/user/record-preview/,absolute-url
https://get.adobe.com/flashplayer/,get.adobe.com,raw/iclass.tku.edu.tw/user/record-preview/index.html,https://iclass.tku.edu.tw/user/record-preview/,absolute-url
https://iclass.tku.edu.tw/,iclass.tku.edu.tw,raw/iclass.tku.edu.tw/user/record-preview/avatarSmallUrl.html,https://iclass.tku.edu.tw/user/record-preview/avatarSmallUrl,absolute-url
https://www.googletagmanager.com/gtag/js,www.googletagmanager.com,raw/iclass.tku.edu.tw/user/record-preview/avatarSmallUrl.html,https://iclass.tku.edu.tw/user/record-preview/avatarSmallUrl,absolute-url
https://github.com/OWASP/CheatSheetSeries/blob/master/cheatsheets/Clickjacking_Defense_Cheat_Sheet.md#best-for-now-legacy-browser-frame-breaking-script--,github.com,raw/iclass.tku.edu.tw/user/record-preview/avatarSmallUrl.html,https://iclass.tku.edu.tw/user/record-preview/avatarSmallUrl,absolute-url
https://bam.nr-data.net,bam.nr-data.net,raw/iclass.tku.edu.tw/user/record-preview/avatarSmallUrl.html,https://iclass.tku.edu.tw/user/record-preview/avatarSmallUrl,absolute-url
https://www.google-analytics.com,www.google-analytics.com,raw/iclass.tku.edu.tw/user/record-preview/avatarSmallUrl.html,https://iclass.tku.edu.tw/user/record-preview/avatarSmallUrl,absolute-url
https://iclass.tku.edu.tw/iportal,iclass.tku.edu.tw,raw/iclass.tku.edu.tw/user/record-preview/avatarSmallUrl.html,https://iclass.tku.edu.tw/user/record-preview/avatarSmallUrl,absolute-url
"https://tronclass.com.tw/public-manual/TronclassManual_System_Admin.pdf',",tronclass.com.tw,raw/iclass.tku.edu.tw/user/record-preview/avatarSmallUrl.html,https://iclass.tku.edu.tw/user/record-preview/avatarSmallUrl,absolute-url
"https://tronclass.com.tw/public-manual/TronclassManual_Administrator.pdf',",tronclass.com.tw,raw/iclass.tku.edu.tw/user/record-preview/avatarSmallUrl.html,https://iclass.tku.edu.tw/user/record-preview/avatarSmallUrl,absolute-url
"https://tronclass.com.tw/public-manual/manual-teacher.html',",tronclass.com.tw,raw/iclass.tku.edu.tw/user/record-preview/avatarSmallUrl.html,https://iclass.tku.edu.tw/user/record-preview/avatarSmallUrl,absolute-url
"https://tronclass.com.tw/public-manual/TronclassManual_Student.pdf',",tronclass.com.tw,raw/iclass.tku.edu.tw/user/record-preview/avatarSmallUrl.html,https://iclass.tku.edu.tw/user/record-preview/avatarSmallUrl,absolute-url
"https://tronclass.com.tw/public-manual/TronclassManual_App.pdf',",tronclass.com.tw,raw/iclass.tku.edu.tw/user/record-preview/avatarSmallUrl.html,https://iclass.tku.edu.tw/user/record-preview/avatarSmallUrl,absolute-url
https://support.tronclass.com',support.tronclass.com',raw/iclass.tku.edu.tw/user/record-preview/avatarSmallUrl.html,https://iclass.tku.edu.tw/user/record-preview/avatarSmallUrl,absolute-url
https://iclass.tku.edu.tw/market,iclass.tku.edu.tw,raw/iclass.tku.edu.tw/user/record-preview/avatarSmallUrl.html,https://iclass.tku.edu.tw/user/record-preview/avatarSmallUrl,absolute-url
https://www.youtube.com/iframe_api,www.youtube.com,raw/iclass.tku.edu.tw/user/record-preview/avatarSmallUrl.html,https://iclass.tku.edu.tw/user/record-preview/avatarSmallUrl,absolute-url
https://get.adobe.com/flashplayer/,get.adobe.com,raw/iclass.tku.edu.tw/user/record-preview/avatarSmallUrl.html,https://iclass.tku.edu.tw/user/record-preview/avatarSmallUrl,absolute-url
https://iclass.tku.edu.tw/,iclass.tku.edu.tw,raw/iclass.tku.edu.tw/user/record-preview/capture_url.html,https://iclass.tku.edu.tw/user/record-preview/capture_url,absolute-url
https://www.googletagmanager.com/gtag/js,www.googletagmanager.com,raw/iclass.tku.edu.tw/user/record-preview/capture_url.html,https://iclass.tku.edu.tw/user/record-preview/capture_url,absolute-url
https://github.com/OWASP/CheatSheetSeries/blob/master/cheatsheets/Clickjacking_Defense_Cheat_Sheet.md#best-for-now-legacy-browser-frame-breaking-script--,github.com,raw/iclass.tku.edu.tw/user/record-preview/capture_url.html,https://iclass.tku.edu.tw/user/record-preview/capture_url,absolute-url
https://bam.nr-data.net,bam.nr-data.net,raw/iclass.tku.edu.tw/user/record-preview/capture_url.html,https://iclass.tku.edu.tw/user/record-preview/capture_url,absolute-url
https://www.google-analytics.com,www.google-analytics.com,raw/iclass.tku.edu.tw/user/record-preview/capture_url.html,https://iclass.tku.edu.tw/user/record-preview/capture_url,absolute-url
https://iclass.tku.edu.tw/iportal,iclass.tku.edu.tw,raw/iclass.tku.edu.tw/user/record-preview/capture_url.html,https://iclass.tku.edu.tw/user/record-preview/capture_url,absolute-url
"https://tronclass.com.tw/public-manual/TronclassManual_System_Admin.pdf',",tronclass.com.tw,raw/iclass.tku.edu.tw/user/record-preview/capture_url.html,https://iclass.tku.edu.tw/user/record-preview/capture_url,absolute-url
"https://tronclass.com.tw/public-manual/TronclassManual_Administrator.pdf',",tronclass.com.tw,raw/iclass.tku.edu.tw/user/record-preview/capture_url.html,https://iclass.tku.edu.tw/user/record-preview/capture_url,absolute-url
"https://tronclass.com.tw/public-manual/manual-teacher.html',",tronclass.com.tw,raw/iclass.tku.edu.tw/user/record-preview/capture_url.html,https://iclass.tku.edu.tw/user/record-preview/capture_url,absolute-url
"https://tronclass.com.tw/public-manual/TronclassManual_Student.pdf',",tronclass.com.tw,raw/iclass.tku.edu.tw/user/record-preview/capture_url.html,https://iclass.tku.edu.tw/user/record-preview/capture_url,absolute-url
"https://tronclass.com.tw/public-manual/TronclassManual_App.pdf',",tronclass.com.tw,raw/iclass.tku.edu.tw/user/record-preview/capture_url.html,https://iclass.tku.edu.tw/user/record-preview/capture_url,absolute-url
https://support.tronclass.com',support.tronclass.com',raw/iclass.tku.edu.tw/user/record-preview/capture_url.html,https://iclass.tku.edu.tw/user/record-preview/capture_url,absolute-url
https://iclass.tku.edu.tw/market,iclass.tku.edu.tw,raw/iclass.tku.edu.tw/user/record-preview/capture_url.html,https://iclass.tku.edu.tw/user/record-preview/capture_url,absolute-url
https://www.youtube.com/iframe_api,www.youtube.com,raw/iclass.tku.edu.tw/user/record-preview/capture_url.html,https://iclass.tku.edu.tw/user/record-preview/capture_url,absolute-url
https://get.adobe.com/flashplayer/,get.adobe.com,raw/iclass.tku.edu.tw/user/record-preview/capture_url.html,https://iclass.tku.edu.tw/user/record-preview/capture_url,absolute-url
https://iclass.tku.edu.tw/,iclass.tku.edu.tw,raw/iclass.tku.edu.tw/user/record-preview/lesson_resource_url.html,https://iclass.tku.edu.tw/user/record-preview/lesson_resource_url,absolute-url
https://www.googletagmanager.com/gtag/js,www.googletagmanager.com,raw/iclass.tku.edu.tw/user/record-preview/lesson_resource_url.html,https://iclass.tku.edu.tw/user/record-preview/lesson_resource_url,absolute-url
https://github.com/OWASP/CheatSheetSeries/blob/master/cheatsheets/Clickjacking_Defense_Cheat_Sheet.md#best-for-now-legacy-browser-frame-breaking-script--,github.com,raw/iclass.tku.edu.tw/user/record-preview/lesson_resource_url.html,https://iclass.tku.edu.tw/user/record-preview/lesson_resource_url,absolute-url
https://bam.nr-data.net,bam.nr-data.net,raw/iclass.tku.edu.tw/user/record-preview/lesson_resource_url.html,https://iclass.tku.edu.tw/user/record-preview/lesson_resource_url,absolute-url
https://www.google-analytics.com,www.google-analytics.com,raw/iclass.tku.edu.tw/user/record-preview/lesson_resource_url.html,https://iclass.tku.edu.tw/user/record-preview/lesson_resource_url,absolute-url
https://iclass.tku.edu.tw/iportal,iclass.tku.edu.tw,raw/iclass.tku.edu.tw/user/record-preview/lesson_resource_url.html,https://iclass.tku.edu.tw/user/record-preview/lesson_resource_url,absolute-url
"https://tronclass.com.tw/public-manual/TronclassManual_System_Admin.pdf',",tronclass.com.tw,raw/iclass.tku.edu.tw/user/record-preview/lesson_resource_url.html,https://iclass.tku.edu.tw/user/record-preview/lesson_resource_url,absolute-url
"https://tronclass.com.tw/public-manual/TronclassManual_Administrator.pdf',",tronclass.com.tw,raw/iclass.tku.edu.tw/user/record-preview/lesson_resource_url.html,https://iclass.tku.edu.tw/user/record-preview/lesson_resource_url,absolute-url
"https://tronclass.com.tw/public-manual/manual-teacher.html',",tronclass.com.tw,raw/iclass.tku.edu.tw/user/record-preview/lesson_resource_url.html,https://iclass.tku.edu.tw/user/record-preview/lesson_resource_url,absolute-url
"https://tronclass.com.tw/public-manual/TronclassManual_Student.pdf',",tronclass.com.tw,raw/iclass.tku.edu.tw/user/record-preview/lesson_resource_url.html,https://iclass.tku.edu.tw/user/record-preview/lesson_resource_url,absolute-url
"https://tronclass.com.tw/public-manual/TronclassManual_App.pdf',",tronclass.com.tw,raw/iclass.tku.edu.tw/user/record-preview/lesson_resource_url.html,https://iclass.tku.edu.tw/user/record-preview/lesson_resource_url,absolute-url
https://support.tronclass.com',support.tronclass.com',raw/iclass.tku.edu.tw/user/record-preview/lesson_resource_url.html,https://iclass.tku.edu.tw/user/record-preview/lesson_resource_url,absolute-url
https://iclass.tku.edu.tw/market,iclass.tku.edu.tw,raw/iclass.tku.edu.tw/user/record-preview/lesson_resource_url.html,https://iclass.tku.edu.tw/user/record-preview/lesson_resource_url,absolute-url
https://www.youtube.com/iframe_api,www.youtube.com,raw/iclass.tku.edu.tw/user/record-preview/lesson_resource_url.html,https://iclass.tku.edu.tw/user/record-preview/lesson_resource_url,absolute-url
https://get.adobe.com/flashplayer/,get.adobe.com,raw/iclass.tku.edu.tw/user/record-preview/lesson_resource_url.html,https://iclass.tku.edu.tw/user/record-preview/lesson_resource_url,absolute-url
https://iclass.tku.edu.tw/,iclass.tku.edu.tw,raw/iclass.tku.edu.tw/user/record-preview/manualUrl.html,https://iclass.tku.edu.tw/user/record-preview/manualUrl,absolute-url
https://www.googletagmanager.com/gtag/js,www.googletagmanager.com,raw/iclass.tku.edu.tw/user/record-preview/manualUrl.html,https://iclass.tku.edu.tw/user/record-preview/manualUrl,absolute-url
https://github.com/OWASP/CheatSheetSeries/blob/master/cheatsheets/Clickjacking_Defense_Cheat_Sheet.md#best-for-now-legacy-browser-frame-breaking-script--,github.com,raw/iclass.tku.edu.tw/user/record-preview/manualUrl.html,https://iclass.tku.edu.tw/user/record-preview/manualUrl,absolute-url
https://bam.nr-data.net,bam.nr-data.net,raw/iclass.tku.edu.tw/user/record-preview/manualUrl.html,https://iclass.tku.edu.tw/user/record-preview/manualUrl,absolute-url
https://www.google-analytics.com,www.google-analytics.com,raw/iclass.tku.edu.tw/user/record-preview/manualUrl.html,https://iclass.tku.edu.tw/user/record-preview/manualUrl,absolute-url
https://iclass.tku.edu.tw/iportal,iclass.tku.edu.tw,raw/iclass.tku.edu.tw/user/record-preview/manualUrl.html,https://iclass.tku.edu.tw/user/record-preview/manualUrl,absolute-url
"https://tronclass.com.tw/public-manual/TronclassManual_System_Admin.pdf',",tronclass.com.tw,raw/iclass.tku.edu.tw/user/record-preview/manualUrl.html,https://iclass.tku.edu.tw/user/record-preview/manualUrl,absolute-url
"https://tronclass.com.tw/public-manual/TronclassManual_Administrator.pdf',",tronclass.com.tw,raw/iclass.tku.edu.tw/user/record-preview/manualUrl.html,https://iclass.tku.edu.tw/user/record-preview/manualUrl,absolute-url
"https://tronclass.com.tw/public-manual/manual-teacher.html',",tronclass.com.tw,raw/iclass.tku.edu.tw/user/record-preview/manualUrl.html,https://iclass.tku.edu.tw/user/record-preview/manualUrl,absolute-url
"https://tronclass.com.tw/public-manual/TronclassManual_Student.pdf',",tronclass.com.tw,raw/iclass.tku.edu.tw/user/record-preview/manualUrl.html,https://iclass.tku.edu.tw/user/record-preview/manualUrl,absolute-url
"https://tronclass.com.tw/public-manual/TronclassManual_App.pdf',",tronclass.com.tw,raw/iclass.tku.edu.tw/user/record-preview/manualUrl.html,https://iclass.tku.edu.tw/user/record-preview/manualUrl,absolute-url
https://support.tronclass.com',support.tronclass.com',raw/iclass.tku.edu.tw/user/record-preview/manualUrl.html,https://iclass.tku.edu.tw/user/record-preview/manualUrl,absolute-url
https://iclass.tku.edu.tw/market,iclass.tku.edu.tw,raw/iclass.tku.edu.tw/user/record-preview/manualUrl.html,https://iclass.tku.edu.tw/user/record-preview/manualUrl,absolute-url
https://www.youtube.com/iframe_api,www.youtube.com,raw/iclass.tku.edu.tw/user/record-preview/manualUrl.html,https://iclass.tku.edu.tw/user/record-preview/manualUrl,absolute-url
https://get.adobe.com/flashplayer/,get.adobe.com,raw/iclass.tku.edu.tw/user/record-preview/manualUrl.html,https://iclass.tku.edu.tw/user/record-preview/manualUrl,absolute-url
https://iclass.tku.edu.tw/,iclass.tku.edu.tw,raw/iclass.tku.edu.tw/user/resource-groups.html,https://iclass.tku.edu.tw/user/resource-groups,absolute-url
https://www.googletagmanager.com/gtag/js,www.googletagmanager.com,raw/iclass.tku.edu.tw/user/resource-groups.html,https://iclass.tku.edu.tw/user/resource-groups,absolute-url
https://github.com/OWASP/CheatSheetSeries/blob/master/cheatsheets/Clickjacking_Defense_Cheat_Sheet.md#best-for-now-legacy-browser-frame-breaking-script--,github.com,raw/iclass.tku.edu.tw/user/resource-groups.html,https://iclass.tku.edu.tw/user/resource-groups,absolute-url
https://bam.nr-data.net,bam.nr-data.net,raw/iclass.tku.edu.tw/user/resource-groups.html,https://iclass.tku.edu.tw/user/resource-groups,absolute-url
https://www.google-analytics.com,www.google-analytics.com,raw/iclass.tku.edu.tw/user/resource-groups.html,https://iclass.tku.edu.tw/user/resource-groups,absolute-url
https://iclass.tku.edu.tw/iportal,iclass.tku.edu.tw,raw/iclass.tku.edu.tw/user/resource-groups.html,https://iclass.tku.edu.tw/user/resource-groups,absolute-url
"https://tronclass.com.tw/public-manual/TronclassManual_System_Admin.pdf',",tronclass.com.tw,raw/iclass.tku.edu.tw/user/resource-groups.html,https://iclass.tku.edu.tw/user/resource-groups,absolute-url
"https://tronclass.com.tw/public-manual/TronclassManual_Administrator.pdf',",tronclass.com.tw,raw/iclass.tku.edu.tw/user/resource-groups.html,https://iclass.tku.edu.tw/user/resource-groups,absolute-url
"https://tronclass.com.tw/public-manual/manual-teacher.html',",tronclass.com.tw,raw/iclass.tku.edu.tw/user/resource-groups.html,https://iclass.tku.edu.tw/user/resource-groups,absolute-url
"https://tronclass.com.tw/public-manual/TronclassManual_Student.pdf',",tronclass.com.tw,raw/iclass.tku.edu.tw/user/resource-groups.html,https://iclass.tku.edu.tw/user/resource-groups,absolute-url
"https://tronclass.com.tw/public-manual/TronclassManual_App.pdf',",tronclass.com.tw,raw/iclass.tku.edu.tw/user/resource-groups.html,https://iclass.tku.edu.tw/user/resource-groups,absolute-url
https://support.tronclass.com',support.tronclass.com',raw/iclass.tku.edu.tw/user/resource-groups.html,https://iclass.tku.edu.tw/user/resource-groups,absolute-url
https://iclass.tku.edu.tw/market,iclass.tku.edu.tw,raw/iclass.tku.edu.tw/user/resource-groups.html,https://iclass.tku.edu.tw/user/resource-groups,absolute-url
https://www.youtube.com/iframe_api,www.youtube.com,raw/iclass.tku.edu.tw/user/resource-groups.html,https://iclass.tku.edu.tw/user/resource-groups,absolute-url
https://get.adobe.com/flashplayer/,get.adobe.com,raw/iclass.tku.edu.tw/user/resource-groups.html,https://iclass.tku.edu.tw/user/resource-groups,absolute-url
https://iclass.tku.edu.tw/,iclass.tku.edu.tw,raw/iclass.tku.edu.tw/user/resource-groups/resource/index.html,https://iclass.tku.edu.tw/user/resource-groups/resource/,absolute-url
https://www.googletagmanager.com/gtag/js,www.googletagmanager.com,raw/iclass.tku.edu.tw/user/resource-groups/resource/index.html,https://iclass.tku.edu.tw/user/resource-groups/resource/,absolute-url
https://github.com/OWASP/CheatSheetSeries/blob/master/cheatsheets/Clickjacking_Defense_Cheat_Sheet.md#best-for-now-legacy-browser-frame-breaking-script--,github.com,raw/iclass.tku.edu.tw/user/resource-groups/resource/index.html,https://iclass.tku.edu.tw/user/resource-groups/resource/,absolute-url
https://bam.nr-data.net,bam.nr-data.net,raw/iclass.tku.edu.tw/user/resource-groups/resource/index.html,https://iclass.tku.edu.tw/user/resource-groups/resource/,absolute-url
https://www.google-analytics.com,www.google-analytics.com,raw/iclass.tku.edu.tw/user/resource-groups/resource/index.html,https://iclass.tku.edu.tw/user/resource-groups/resource/,absolute-url
https://iclass.tku.edu.tw/iportal,iclass.tku.edu.tw,raw/iclass.tku.edu.tw/user/resource-groups/resource/index.html,https://iclass.tku.edu.tw/user/resource-groups/resource/,absolute-url
"https://tronclass.com.tw/public-manual/TronclassManual_System_Admin.pdf',",tronclass.com.tw,raw/iclass.tku.edu.tw/user/resource-groups/resource/index.html,https://iclass.tku.edu.tw/user/resource-groups/resource/,absolute-url
"https://tronclass.com.tw/public-manual/TronclassManual_Administrator.pdf',",tronclass.com.tw,raw/iclass.tku.edu.tw/user/resource-groups/resource/index.html,https://iclass.tku.edu.tw/user/resource-groups/resource/,absolute-url
"https://tronclass.com.tw/public-manual/manual-teacher.html',",tronclass.com.tw,raw/iclass.tku.edu.tw/user/resource-groups/resource/index.html,https://iclass.tku.edu.tw/user/resource-groups/resource/,absolute-url
"https://tronclass.com.tw/public-manual/TronclassManual_Student.pdf',",tronclass.com.tw,raw/iclass.tku.edu.tw/user/resource-groups/resource/index.html,https://iclass.tku.edu.tw/user/resource-groups/resource/,absolute-url
"https://tronclass.com.tw/public-manual/TronclassManual_App.pdf',",tronclass.com.tw,raw/iclass.tku.edu.tw/user/resource-groups/resource/index.html,https://iclass.tku.edu.tw/user/resource-groups/resource/,absolute-url
https://support.tronclass.com',support.tronclass.com',raw/iclass.tku.edu.tw/user/resource-groups/resource/index.html,https://iclass.tku.edu.tw/user/resource-groups/resource/,absolute-url
https://iclass.tku.edu.tw/market,iclass.tku.edu.tw,raw/iclass.tku.edu.tw/user/resource-groups/resource/index.html,https://iclass.tku.edu.tw/user/resource-groups/resource/,absolute-url
https://www.youtube.com/iframe_api,www.youtube.com,raw/iclass.tku.edu.tw/user/resource-groups/resource/index.html,https://iclass.tku.edu.tw/user/resource-groups/resource/,absolute-url
https://get.adobe.com/flashplayer/,get.adobe.com,raw/iclass.tku.edu.tw/user/resource-groups/resource/index.html,https://iclass.tku.edu.tw/user/resource-groups/resource/,absolute-url
https://iclass.tku.edu.tw/,iclass.tku.edu.tw,raw/iclass.tku.edu.tw/user/resource-groups/resource/avatarSmallUrl.html,https://iclass.tku.edu.tw/user/resource-groups/resource/avatarSmallUrl,absolute-url
https://www.googletagmanager.com/gtag/js,www.googletagmanager.com,raw/iclass.tku.edu.tw/user/resource-groups/resource/avatarSmallUrl.html,https://iclass.tku.edu.tw/user/resource-groups/resource/avatarSmallUrl,absolute-url
https://github.com/OWASP/CheatSheetSeries/blob/master/cheatsheets/Clickjacking_Defense_Cheat_Sheet.md#best-for-now-legacy-browser-frame-breaking-script--,github.com,raw/iclass.tku.edu.tw/user/resource-groups/resource/avatarSmallUrl.html,https://iclass.tku.edu.tw/user/resource-groups/resource/avatarSmallUrl,absolute-url
https://bam.nr-data.net,bam.nr-data.net,raw/iclass.tku.edu.tw/user/resource-groups/resource/avatarSmallUrl.html,https://iclass.tku.edu.tw/user/resource-groups/resource/avatarSmallUrl,absolute-url
https://www.google-analytics.com,www.google-analytics.com,raw/iclass.tku.edu.tw/user/resource-groups/resource/avatarSmallUrl.html,https://iclass.tku.edu.tw/user/resource-groups/resource/avatarSmallUrl,absolute-url
https://iclass.tku.edu.tw/iportal,iclass.tku.edu.tw,raw/iclass.tku.edu.tw/user/resource-groups/resource/avatarSmallUrl.html,https://iclass.tku.edu.tw/user/resource-groups/resource/avatarSmallUrl,absolute-url
"https://tronclass.com.tw/public-manual/TronclassManual_System_Admin.pdf',",tronclass.com.tw,raw/iclass.tku.edu.tw/user/resource-groups/resource/avatarSmallUrl.html,https://iclass.tku.edu.tw/user/resource-groups/resource/avatarSmallUrl,absolute-url
"https://tronclass.com.tw/public-manual/TronclassManual_Administrator.pdf',",tronclass.com.tw,raw/iclass.tku.edu.tw/user/resource-groups/resource/avatarSmallUrl.html,https://iclass.tku.edu.tw/user/resource-groups/resource/avatarSmallUrl,absolute-url
"https://tronclass.com.tw/public-manual/manual-teacher.html',",tronclass.com.tw,raw/iclass.tku.edu.tw/user/resource-groups/resource/avatarSmallUrl.html,https://iclass.tku.edu.tw/user/resource-groups/resource/avatarSmallUrl,absolute-url
"https://tronclass.com.tw/public-manual/TronclassManual_Student.pdf',",tronclass.com.tw,raw/iclass.tku.edu.tw/user/resource-groups/resource/avatarSmallUrl.html,https://iclass.tku.edu.tw/user/resource-groups/resource/avatarSmallUrl,absolute-url
"https://tronclass.com.tw/public-manual/TronclassManual_App.pdf',",tronclass.com.tw,raw/iclass.tku.edu.tw/user/resource-groups/resource/avatarSmallUrl.html,https://iclass.tku.edu.tw/user/resource-groups/resource/avatarSmallUrl,absolute-url
https://support.tronclass.com',support.tronclass.com',raw/iclass.tku.edu.tw/user/resource-groups/resource/avatarSmallUrl.html,https://iclass.tku.edu.tw/user/resource-groups/resource/avatarSmallUrl,absolute-url
https://iclass.tku.edu.tw/market,iclass.tku.edu.tw,raw/iclass.tku.edu.tw/user/resource-groups/resource/avatarSmallUrl.html,https://iclass.tku.edu.tw/user/resource-groups/resource/avatarSmallUrl,absolute-url
https://www.youtube.com/iframe_api,www.youtube.com,raw/iclass.tku.edu.tw/user/resource-groups/resource/avatarSmallUrl.html,https://iclass.tku.edu.tw/user/resource-groups/resource/avatarSmallUrl,absolute-url
https://get.adobe.com/flashplayer/,get.adobe.com,raw/iclass.tku.edu.tw/user/resource-groups/resource/avatarSmallUrl.html,https://iclass.tku.edu.tw/user/resource-groups/resource/avatarSmallUrl,absolute-url
https://iclass.tku.edu.tw/,iclass.tku.edu.tw,raw/iclass.tku.edu.tw/user/resource-groups/resource/capture_url.html,https://iclass.tku.edu.tw/user/resource-groups/resource/capture_url,absolute-url
https://www.googletagmanager.com/gtag/js,www.googletagmanager.com,raw/iclass.tku.edu.tw/user/resource-groups/resource/capture_url.html,https://iclass.tku.edu.tw/user/resource-groups/resource/capture_url,absolute-url
https://github.com/OWASP/CheatSheetSeries/blob/master/cheatsheets/Clickjacking_Defense_Cheat_Sheet.md#best-for-now-legacy-browser-frame-breaking-script--,github.com,raw/iclass.tku.edu.tw/user/resource-groups/resource/capture_url.html,https://iclass.tku.edu.tw/user/resource-groups/resource/capture_url,absolute-url
https://bam.nr-data.net,bam.nr-data.net,raw/iclass.tku.edu.tw/user/resource-groups/resource/capture_url.html,https://iclass.tku.edu.tw/user/resource-groups/resource/capture_url,absolute-url
https://www.google-analytics.com,www.google-analytics.com,raw/iclass.tku.edu.tw/user/resource-groups/resource/capture_url.html,https://iclass.tku.edu.tw/user/resource-groups/resource/capture_url,absolute-url
https://iclass.tku.edu.tw/iportal,iclass.tku.edu.tw,raw/iclass.tku.edu.tw/user/resource-groups/resource/capture_url.html,https://iclass.tku.edu.tw/user/resource-groups/resource/capture_url,absolute-url
"https://tronclass.com.tw/public-manual/TronclassManual_System_Admin.pdf',",tronclass.com.tw,raw/iclass.tku.edu.tw/user/resource-groups/resource/capture_url.html,https://iclass.tku.edu.tw/user/resource-groups/resource/capture_url,absolute-url
"https://tronclass.com.tw/public-manual/TronclassManual_Administrator.pdf',",tronclass.com.tw,raw/iclass.tku.edu.tw/user/resource-groups/resource/capture_url.html,https://iclass.tku.edu.tw/user/resource-groups/resource/capture_url,absolute-url
"https://tronclass.com.tw/public-manual/manual-teacher.html',",tronclass.com.tw,raw/iclass.tku.edu.tw/user/resource-groups/resource/capture_url.html,https://iclass.tku.edu.tw/user/resource-groups/resource/capture_url,absolute-url
"https://tronclass.com.tw/public-manual/TronclassManual_Student.pdf',",tronclass.com.tw,raw/iclass.tku.edu.tw/user/resource-groups/resource/capture_url.html,https://iclass.tku.edu.tw/user/resource-groups/resource/capture_url,absolute-url
"https://tronclass.com.tw/public-manual/TronclassManual_App.pdf',",tronclass.com.tw,raw/iclass.tku.edu.tw/user/resource-groups/resource/capture_url.html,https://iclass.tku.edu.tw/user/resource-groups/resource/capture_url,absolute-url
https://support.tronclass.com',support.tronclass.com',raw/iclass.tku.edu.tw/user/resource-groups/resource/capture_url.html,https://iclass.tku.edu.tw/user/resource-groups/resource/capture_url,absolute-url
https://iclass.tku.edu.tw/market,iclass.tku.edu.tw,raw/iclass.tku.edu.tw/user/resource-groups/resource/capture_url.html,https://iclass.tku.edu.tw/user/resource-groups/resource/capture_url,absolute-url
https://www.youtube.com/iframe_api,www.youtube.com,raw/iclass.tku.edu.tw/user/resource-groups/resource/capture_url.html,https://iclass.tku.edu.tw/user/resource-groups/resource/capture_url,absolute-url
https://get.adobe.com/flashplayer/,get.adobe.com,raw/iclass.tku.edu.tw/user/resource-groups/resource/capture_url.html,https://iclass.tku.edu.tw/user/resource-groups/resource/capture_url,absolute-url
https://iclass.tku.edu.tw/,iclass.tku.edu.tw,raw/iclass.tku.edu.tw/user/resource-groups/resource/lesson_resource_url.html,https://iclass.tku.edu.tw/user/resource-groups/resource/lesson_resource_url,absolute-url
https://www.googletagmanager.com/gtag/js,www.googletagmanager.com,raw/iclass.tku.edu.tw/user/resource-groups/resource/lesson_resource_url.html,https://iclass.tku.edu.tw/user/resource-groups/resource/lesson_resource_url,absolute-url
https://github.com/OWASP/CheatSheetSeries/blob/master/cheatsheets/Clickjacking_Defense_Cheat_Sheet.md#best-for-now-legacy-browser-frame-breaking-script--,github.com,raw/iclass.tku.edu.tw/user/resource-groups/resource/lesson_resource_url.html,https://iclass.tku.edu.tw/user/resource-groups/resource/lesson_resource_url,absolute-url
https://bam.nr-data.net,bam.nr-data.net,raw/iclass.tku.edu.tw/user/resource-groups/resource/lesson_resource_url.html,https://iclass.tku.edu.tw/user/resource-groups/resource/lesson_resource_url,absolute-url
https://www.google-analytics.com,www.google-analytics.com,raw/iclass.tku.edu.tw/user/resource-groups/resource/lesson_resource_url.html,https://iclass.tku.edu.tw/user/resource-groups/resource/lesson_resource_url,absolute-url
https://iclass.tku.edu.tw/iportal,iclass.tku.edu.tw,raw/iclass.tku.edu.tw/user/resource-groups/resource/lesson_resource_url.html,https://iclass.tku.edu.tw/user/resource-groups/resource/lesson_resource_url,absolute-url
"https://tronclass.com.tw/public-manual/TronclassManual_System_Admin.pdf',",tronclass.com.tw,raw/iclass.tku.edu.tw/user/resource-groups/resource/lesson_resource_url.html,https://iclass.tku.edu.tw/user/resource-groups/resource/lesson_resource_url,absolute-url
"https://tronclass.com.tw/public-manual/TronclassManual_Administrator.pdf',",tronclass.com.tw,raw/iclass.tku.edu.tw/user/resource-groups/resource/lesson_resource_url.html,https://iclass.tku.edu.tw/user/resource-groups/resource/lesson_resource_url,absolute-url
"https://tronclass.com.tw/public-manual/manual-teacher.html',",tronclass.com.tw,raw/iclass.tku.edu.tw/user/resource-groups/resource/lesson_resource_url.html,https://iclass.tku.edu.tw/user/resource-groups/resource/lesson_resource_url,absolute-url
"https://tronclass.com.tw/public-manual/TronclassManual_Student.pdf',",tronclass.com.tw,raw/iclass.tku.edu.tw/user/resource-groups/resource/lesson_resource_url.html,https://iclass.tku.edu.tw/user/resource-groups/resource/lesson_resource_url,absolute-url
"https://tronclass.com.tw/public-manual/TronclassManual_App.pdf',",tronclass.com.tw,raw/iclass.tku.edu.tw/user/resource-groups/resource/lesson_resource_url.html,https://iclass.tku.edu.tw/user/resource-groups/resource/lesson_resource_url,absolute-url
https://support.tronclass.com',support.tronclass.com',raw/iclass.tku.edu.tw/user/resource-groups/resource/lesson_resource_url.html,https://iclass.tku.edu.tw/user/resource-groups/resource/lesson_resource_url,absolute-url
https://iclass.tku.edu.tw/market,iclass.tku.edu.tw,raw/iclass.tku.edu.tw/user/resource-groups/resource/lesson_resource_url.html,https://iclass.tku.edu.tw/user/resource-groups/resource/lesson_resource_url,absolute-url
https://www.youtube.com/iframe_api,www.youtube.com,raw/iclass.tku.edu.tw/user/resource-groups/resource/lesson_resource_url.html,https://iclass.tku.edu.tw/user/resource-groups/resource/lesson_resource_url,absolute-url
https://get.adobe.com/flashplayer/,get.adobe.com,raw/iclass.tku.edu.tw/user/resource-groups/resource/lesson_resource_url.html,https://iclass.tku.edu.tw/user/resource-groups/resource/lesson_resource_url,absolute-url
https://iclass.tku.edu.tw/,iclass.tku.edu.tw,raw/iclass.tku.edu.tw/user/resource-groups/resource/manualUrl.html,https://iclass.tku.edu.tw/user/resource-groups/resource/manualUrl,absolute-url
https://www.googletagmanager.com/gtag/js,www.googletagmanager.com,raw/iclass.tku.edu.tw/user/resource-groups/resource/manualUrl.html,https://iclass.tku.edu.tw/user/resource-groups/resource/manualUrl,absolute-url
https://github.com/OWASP/CheatSheetSeries/blob/master/cheatsheets/Clickjacking_Defense_Cheat_Sheet.md#best-for-now-legacy-browser-frame-breaking-script--,github.com,raw/iclass.tku.edu.tw/user/resource-groups/resource/manualUrl.html,https://iclass.tku.edu.tw/user/resource-groups/resource/manualUrl,absolute-url
https://bam.nr-data.net,bam.nr-data.net,raw/iclass.tku.edu.tw/user/resource-groups/resource/manualUrl.html,https://iclass.tku.edu.tw/user/resource-groups/resource/manualUrl,absolute-url
https://www.google-analytics.com,www.google-analytics.com,raw/iclass.tku.edu.tw/user/resource-groups/resource/manualUrl.html,https://iclass.tku.edu.tw/user/resource-groups/resource/manualUrl,absolute-url
https://iclass.tku.edu.tw/iportal,iclass.tku.edu.tw,raw/iclass.tku.edu.tw/user/resource-groups/resource/manualUrl.html,https://iclass.tku.edu.tw/user/resource-groups/resource/manualUrl,absolute-url
"https://tronclass.com.tw/public-manual/TronclassManual_System_Admin.pdf',",tronclass.com.tw,raw/iclass.tku.edu.tw/user/resource-groups/resource/manualUrl.html,https://iclass.tku.edu.tw/user/resource-groups/resource/manualUrl,absolute-url
"https://tronclass.com.tw/public-manual/TronclassManual_Administrator.pdf',",tronclass.com.tw,raw/iclass.tku.edu.tw/user/resource-groups/resource/manualUrl.html,https://iclass.tku.edu.tw/user/resource-groups/resource/manualUrl,absolute-url
"https://tronclass.com.tw/public-manual/manual-teacher.html',",tronclass.com.tw,raw/iclass.tku.edu.tw/user/resource-groups/resource/manualUrl.html,https://iclass.tku.edu.tw/user/resource-groups/resource/manualUrl,absolute-url
"https://tronclass.com.tw/public-manual/TronclassManual_Student.pdf',",tronclass.com.tw,raw/iclass.tku.edu.tw/user/resource-groups/resource/manualUrl.html,https://iclass.tku.edu.tw/user/resource-groups/resource/manualUrl,absolute-url
"https://tronclass.com.tw/public-manual/TronclassManual_App.pdf',",tronclass.com.tw,raw/iclass.tku.edu.tw/user/resource-groups/resource/manualUrl.html,https://iclass.tku.edu.tw/user/resource-groups/resource/manualUrl,absolute-url
https://support.tronclass.com',support.tronclass.com',raw/iclass.tku.edu.tw/user/resource-groups/resource/manualUrl.html,https://iclass.tku.edu.tw/user/resource-groups/resource/manualUrl,absolute-url
https://iclass.tku.edu.tw/market,iclass.tku.edu.tw,raw/iclass.tku.edu.tw/user/resource-groups/resource/manualUrl.html,https://iclass.tku.edu.tw/user/resource-groups/resource/manualUrl,absolute-url
https://www.youtube.com/iframe_api,www.youtube.com,raw/iclass.tku.edu.tw/user/resource-groups/resource/manualUrl.html,https://iclass.tku.edu.tw/user/resource-groups/resource/manualUrl,absolute-url
https://get.adobe.com/flashplayer/,get.adobe.com,raw/iclass.tku.edu.tw/user/resource-groups/resource/manualUrl.html,https://iclass.tku.edu.tw/user/resource-groups/resource/manualUrl,absolute-url
https://iclass.tku.edu.tw/,iclass.tku.edu.tw,raw/iclass.tku.edu.tw/user/resources/avatarBigUrl.html,https://iclass.tku.edu.tw/user/resources/avatarBigUrl,absolute-url
https://www.googletagmanager.com/gtag/js,www.googletagmanager.com,raw/iclass.tku.edu.tw/user/resources/avatarBigUrl.html,https://iclass.tku.edu.tw/user/resources/avatarBigUrl,absolute-url
https://github.com/OWASP/CheatSheetSeries/blob/master/cheatsheets/Clickjacking_Defense_Cheat_Sheet.md#best-for-now-legacy-browser-frame-breaking-script--,github.com,raw/iclass.tku.edu.tw/user/resources/avatarBigUrl.html,https://iclass.tku.edu.tw/user/resources/avatarBigUrl,absolute-url
https://bam.nr-data.net,bam.nr-data.net,raw/iclass.tku.edu.tw/user/resources/avatarBigUrl.html,https://iclass.tku.edu.tw/user/resources/avatarBigUrl,absolute-url
https://www.google-analytics.com,www.google-analytics.com,raw/iclass.tku.edu.tw/user/resources/avatarBigUrl.html,https://iclass.tku.edu.tw/user/resources/avatarBigUrl,absolute-url
https://iclass.tku.edu.tw/iportal,iclass.tku.edu.tw,raw/iclass.tku.edu.tw/user/resources/avatarBigUrl.html,https://iclass.tku.edu.tw/user/resources/avatarBigUrl,absolute-url
"https://tronclass.com.tw/public-manual/TronclassManual_System_Admin.pdf',",tronclass.com.tw,raw/iclass.tku.edu.tw/user/resources/avatarBigUrl.html,https://iclass.tku.edu.tw/user/resources/avatarBigUrl,absolute-url
"https://tronclass.com.tw/public-manual/TronclassManual_Administrator.pdf',",tronclass.com.tw,raw/iclass.tku.edu.tw/user/resources/avatarBigUrl.html,https://iclass.tku.edu.tw/user/resources/avatarBigUrl,absolute-url
"https://tronclass.com.tw/public-manual/manual-teacher.html',",tronclass.com.tw,raw/iclass.tku.edu.tw/user/resources/avatarBigUrl.html,https://iclass.tku.edu.tw/user/resources/avatarBigUrl,absolute-url
"https://tronclass.com.tw/public-manual/TronclassManual_Student.pdf',",tronclass.com.tw,raw/iclass.tku.edu.tw/user/resources/avatarBigUrl.html,https://iclass.tku.edu.tw/user/resources/avatarBigUrl,absolute-url
"https://tronclass.com.tw/public-manual/TronclassManual_App.pdf',",tronclass.com.tw,raw/iclass.tku.edu.tw/user/resources/avatarBigUrl.html,https://iclass.tku.edu.tw/user/resources/avatarBigUrl,absolute-url
https://support.tronclass.com',support.tronclass.com',raw/iclass.tku.edu.tw/user/resources/avatarBigUrl.html,https://iclass.tku.edu.tw/user/resources/avatarBigUrl,absolute-url
https://iclass.tku.edu.tw/market,iclass.tku.edu.tw,raw/iclass.tku.edu.tw/user/resources/avatarBigUrl.html,https://iclass.tku.edu.tw/user/resources/avatarBigUrl,absolute-url
https://www.youtube.com/iframe_api,www.youtube.com,raw/iclass.tku.edu.tw/user/resources/avatarBigUrl.html,https://iclass.tku.edu.tw/user/resources/avatarBigUrl,absolute-url
https://get.adobe.com/flashplayer/,get.adobe.com,raw/iclass.tku.edu.tw/user/resources/avatarBigUrl.html,https://iclass.tku.edu.tw/user/resources/avatarBigUrl,absolute-url
https://iclass.tku.edu.tw/,iclass.tku.edu.tw,raw/iclass.tku.edu.tw/user/resources/avatarSmallUrl.html,https://iclass.tku.edu.tw/user/resources/avatarSmallUrl,absolute-url
https://www.googletagmanager.com/gtag/js,www.googletagmanager.com,raw/iclass.tku.edu.tw/user/resources/avatarSmallUrl.html,https://iclass.tku.edu.tw/user/resources/avatarSmallUrl,absolute-url
https://github.com/OWASP/CheatSheetSeries/blob/master/cheatsheets/Clickjacking_Defense_Cheat_Sheet.md#best-for-now-legacy-browser-frame-breaking-script--,github.com,raw/iclass.tku.edu.tw/user/resources/avatarSmallUrl.html,https://iclass.tku.edu.tw/user/resources/avatarSmallUrl,absolute-url
https://bam.nr-data.net,bam.nr-data.net,raw/iclass.tku.edu.tw/user/resources/avatarSmallUrl.html,https://iclass.tku.edu.tw/user/resources/avatarSmallUrl,absolute-url
https://www.google-analytics.com,www.google-analytics.com,raw/iclass.tku.edu.tw/user/resources/avatarSmallUrl.html,https://iclass.tku.edu.tw/user/resources/avatarSmallUrl,absolute-url
https://iclass.tku.edu.tw/iportal,iclass.tku.edu.tw,raw/iclass.tku.edu.tw/user/resources/avatarSmallUrl.html,https://iclass.tku.edu.tw/user/resources/avatarSmallUrl,absolute-url
"https://tronclass.com.tw/public-manual/TronclassManual_System_Admin.pdf',",tronclass.com.tw,raw/iclass.tku.edu.tw/user/resources/avatarSmallUrl.html,https://iclass.tku.edu.tw/user/resources/avatarSmallUrl,absolute-url
"https://tronclass.com.tw/public-manual/TronclassManual_Administrator.pdf',",tronclass.com.tw,raw/iclass.tku.edu.tw/user/resources/avatarSmallUrl.html,https://iclass.tku.edu.tw/user/resources/avatarSmallUrl,absolute-url
"https://tronclass.com.tw/public-manual/manual-teacher.html',",tronclass.com.tw,raw/iclass.tku.edu.tw/user/resources/avatarSmallUrl.html,https://iclass.tku.edu.tw/user/resources/avatarSmallUrl,absolute-url
"https://tronclass.com.tw/public-manual/TronclassManual_Student.pdf',",tronclass.com.tw,raw/iclass.tku.edu.tw/user/resources/avatarSmallUrl.html,https://iclass.tku.edu.tw/user/resources/avatarSmallUrl,absolute-url
"https://tronclass.com.tw/public-manual/TronclassManual_App.pdf',",tronclass.com.tw,raw/iclass.tku.edu.tw/user/resources/avatarSmallUrl.html,https://iclass.tku.edu.tw/user/resources/avatarSmallUrl,absolute-url
https://support.tronclass.com',support.tronclass.com',raw/iclass.tku.edu.tw/user/resources/avatarSmallUrl.html,https://iclass.tku.edu.tw/user/resources/avatarSmallUrl,absolute-url
https://iclass.tku.edu.tw/market,iclass.tku.edu.tw,raw/iclass.tku.edu.tw/user/resources/avatarSmallUrl.html,https://iclass.tku.edu.tw/user/resources/avatarSmallUrl,absolute-url
https://www.youtube.com/iframe_api,www.youtube.com,raw/iclass.tku.edu.tw/user/resources/avatarSmallUrl.html,https://iclass.tku.edu.tw/user/resources/avatarSmallUrl,absolute-url
https://get.adobe.com/flashplayer/,get.adobe.com,raw/iclass.tku.edu.tw/user/resources/avatarSmallUrl.html,https://iclass.tku.edu.tw/user/resources/avatarSmallUrl,absolute-url
https://iclass.tku.edu.tw/,iclass.tku.edu.tw,raw/iclass.tku.edu.tw/user/resources/capture_url.html,https://iclass.tku.edu.tw/user/resources/capture_url,absolute-url
https://www.googletagmanager.com/gtag/js,www.googletagmanager.com,raw/iclass.tku.edu.tw/user/resources/capture_url.html,https://iclass.tku.edu.tw/user/resources/capture_url,absolute-url
https://github.com/OWASP/CheatSheetSeries/blob/master/cheatsheets/Clickjacking_Defense_Cheat_Sheet.md#best-for-now-legacy-browser-frame-breaking-script--,github.com,raw/iclass.tku.edu.tw/user/resources/capture_url.html,https://iclass.tku.edu.tw/user/resources/capture_url,absolute-url
https://bam.nr-data.net,bam.nr-data.net,raw/iclass.tku.edu.tw/user/resources/capture_url.html,https://iclass.tku.edu.tw/user/resources/capture_url,absolute-url
https://www.google-analytics.com,www.google-analytics.com,raw/iclass.tku.edu.tw/user/resources/capture_url.html,https://iclass.tku.edu.tw/user/resources/capture_url,absolute-url
https://iclass.tku.edu.tw/iportal,iclass.tku.edu.tw,raw/iclass.tku.edu.tw/user/resources/capture_url.html,https://iclass.tku.edu.tw/user/resources/capture_url,absolute-url
"https://tronclass.com.tw/public-manual/TronclassManual_System_Admin.pdf',",tronclass.com.tw,raw/iclass.tku.edu.tw/user/resources/capture_url.html,https://iclass.tku.edu.tw/user/resources/capture_url,absolute-url
"https://tronclass.com.tw/public-manual/TronclassManual_Administrator.pdf',",tronclass.com.tw,raw/iclass.tku.edu.tw/user/resources/capture_url.html,https://iclass.tku.edu.tw/user/resources/capture_url,absolute-url
"https://tronclass.com.tw/public-manual/manual-teacher.html',",tronclass.com.tw,raw/iclass.tku.edu.tw/user/resources/capture_url.html,https://iclass.tku.edu.tw/user/resources/capture_url,absolute-url
"https://tronclass.com.tw/public-manual/TronclassManual_Student.pdf',",tronclass.com.tw,raw/iclass.tku.edu.tw/user/resources/capture_url.html,https://iclass.tku.edu.tw/user/resources/capture_url,absolute-url
"https://tronclass.com.tw/public-manual/TronclassManual_App.pdf',",tronclass.com.tw,raw/iclass.tku.edu.tw/user/resources/capture_url.html,https://iclass.tku.edu.tw/user/resources/capture_url,absolute-url
https://support.tronclass.com',support.tronclass.com',raw/iclass.tku.edu.tw/user/resources/capture_url.html,https://iclass.tku.edu.tw/user/resources/capture_url,absolute-url
https://iclass.tku.edu.tw/market,iclass.tku.edu.tw,raw/iclass.tku.edu.tw/user/resources/capture_url.html,https://iclass.tku.edu.tw/user/resources/capture_url,absolute-url
https://www.youtube.com/iframe_api,www.youtube.com,raw/iclass.tku.edu.tw/user/resources/capture_url.html,https://iclass.tku.edu.tw/user/resources/capture_url,absolute-url
https://get.adobe.com/flashplayer/,get.adobe.com,raw/iclass.tku.edu.tw/user/resources/capture_url.html,https://iclass.tku.edu.tw/user/resources/capture_url,absolute-url
https://iclass.tku.edu.tw/,iclass.tku.edu.tw,raw/iclass.tku.edu.tw/user/resources/collection.html,https://iclass.tku.edu.tw/user/resources/collection,absolute-url
https://www.googletagmanager.com/gtag/js,www.googletagmanager.com,raw/iclass.tku.edu.tw/user/resources/collection.html,https://iclass.tku.edu.tw/user/resources/collection,absolute-url
https://github.com/OWASP/CheatSheetSeries/blob/master/cheatsheets/Clickjacking_Defense_Cheat_Sheet.md#best-for-now-legacy-browser-frame-breaking-script--,github.com,raw/iclass.tku.edu.tw/user/resources/collection.html,https://iclass.tku.edu.tw/user/resources/collection,absolute-url
https://bam.nr-data.net,bam.nr-data.net,raw/iclass.tku.edu.tw/user/resources/collection.html,https://iclass.tku.edu.tw/user/resources/collection,absolute-url
https://www.google-analytics.com,www.google-analytics.com,raw/iclass.tku.edu.tw/user/resources/collection.html,https://iclass.tku.edu.tw/user/resources/collection,absolute-url
https://iclass.tku.edu.tw/iportal,iclass.tku.edu.tw,raw/iclass.tku.edu.tw/user/resources/collection.html,https://iclass.tku.edu.tw/user/resources/collection,absolute-url
"https://tronclass.com.tw/public-manual/TronclassManual_System_Admin.pdf',",tronclass.com.tw,raw/iclass.tku.edu.tw/user/resources/collection.html,https://iclass.tku.edu.tw/user/resources/collection,absolute-url
"https://tronclass.com.tw/public-manual/TronclassManual_Administrator.pdf',",tronclass.com.tw,raw/iclass.tku.edu.tw/user/resources/collection.html,https://iclass.tku.edu.tw/user/resources/collection,absolute-url
"https://tronclass.com.tw/public-manual/manual-teacher.html',",tronclass.com.tw,raw/iclass.tku.edu.tw/user/resources/collection.html,https://iclass.tku.edu.tw/user/resources/collection,absolute-url
"https://tronclass.com.tw/public-manual/TronclassManual_Student.pdf',",tronclass.com.tw,raw/iclass.tku.edu.tw/user/resources/collection.html,https://iclass.tku.edu.tw/user/resources/collection,absolute-url
"https://tronclass.com.tw/public-manual/TronclassManual_App.pdf',",tronclass.com.tw,raw/iclass.tku.edu.tw/user/resources/collection.html,https://iclass.tku.edu.tw/user/resources/collection,absolute-url
https://support.tronclass.com',support.tronclass.com',raw/iclass.tku.edu.tw/user/resources/collection.html,https://iclass.tku.edu.tw/user/resources/collection,absolute-url
https://iclass.tku.edu.tw/market,iclass.tku.edu.tw,raw/iclass.tku.edu.tw/user/resources/collection.html,https://iclass.tku.edu.tw/user/resources/collection,absolute-url
https://www.youtube.com/iframe_api,www.youtube.com,raw/iclass.tku.edu.tw/user/resources/collection.html,https://iclass.tku.edu.tw/user/resources/collection,absolute-url
https://get.adobe.com/flashplayer/,get.adobe.com,raw/iclass.tku.edu.tw/user/resources/collection.html,https://iclass.tku.edu.tw/user/resources/collection,absolute-url
https://iclass.tku.edu.tw/,iclass.tku.edu.tw,raw/iclass.tku.edu.tw/user/resources/course-packages.html,https://iclass.tku.edu.tw/user/resources/course-packages,absolute-url
https://www.googletagmanager.com/gtag/js,www.googletagmanager.com,raw/iclass.tku.edu.tw/user/resources/course-packages.html,https://iclass.tku.edu.tw/user/resources/course-packages,absolute-url
https://github.com/OWASP/CheatSheetSeries/blob/master/cheatsheets/Clickjacking_Defense_Cheat_Sheet.md#best-for-now-legacy-browser-frame-breaking-script--,github.com,raw/iclass.tku.edu.tw/user/resources/course-packages.html,https://iclass.tku.edu.tw/user/resources/course-packages,absolute-url
https://bam.nr-data.net,bam.nr-data.net,raw/iclass.tku.edu.tw/user/resources/course-packages.html,https://iclass.tku.edu.tw/user/resources/course-packages,absolute-url
https://www.google-analytics.com,www.google-analytics.com,raw/iclass.tku.edu.tw/user/resources/course-packages.html,https://iclass.tku.edu.tw/user/resources/course-packages,absolute-url
https://iclass.tku.edu.tw/iportal,iclass.tku.edu.tw,raw/iclass.tku.edu.tw/user/resources/course-packages.html,https://iclass.tku.edu.tw/user/resources/course-packages,absolute-url
"https://tronclass.com.tw/public-manual/TronclassManual_System_Admin.pdf',",tronclass.com.tw,raw/iclass.tku.edu.tw/user/resources/course-packages.html,https://iclass.tku.edu.tw/user/resources/course-packages,absolute-url
"https://tronclass.com.tw/public-manual/TronclassManual_Administrator.pdf',",tronclass.com.tw,raw/iclass.tku.edu.tw/user/resources/course-packages.html,https://iclass.tku.edu.tw/user/resources/course-packages,absolute-url
"https://tronclass.com.tw/public-manual/manual-teacher.html',",tronclass.com.tw,raw/iclass.tku.edu.tw/user/resources/course-packages.html,https://iclass.tku.edu.tw/user/resources/course-packages,absolute-url
"https://tronclass.com.tw/public-manual/TronclassManual_Student.pdf',",tronclass.com.tw,raw/iclass.tku.edu.tw/user/resources/course-packages.html,https://iclass.tku.edu.tw/user/resources/course-packages,absolute-url
"https://tronclass.com.tw/public-manual/TronclassManual_App.pdf',",tronclass.com.tw,raw/iclass.tku.edu.tw/user/resources/course-packages.html,https://iclass.tku.edu.tw/user/resources/course-packages,absolute-url
https://support.tronclass.com',support.tronclass.com',raw/iclass.tku.edu.tw/user/resources/course-packages.html,https://iclass.tku.edu.tw/user/resources/course-packages,absolute-url
https://iclass.tku.edu.tw/market,iclass.tku.edu.tw,raw/iclass.tku.edu.tw/user/resources/course-packages.html,https://iclass.tku.edu.tw/user/resources/course-packages,absolute-url
https://www.youtube.com/iframe_api,www.youtube.com,raw/iclass.tku.edu.tw/user/resources/course-packages.html,https://iclass.tku.edu.tw/user/resources/course-packages,absolute-url
https://get.adobe.com/flashplayer/,get.adobe.com,raw/iclass.tku.edu.tw/user/resources/course-packages.html,https://iclass.tku.edu.tw/user/resources/course-packages,absolute-url
https://iclass.tku.edu.tw/,iclass.tku.edu.tw,raw/iclass.tku.edu.tw/user/resources/entries/index.html,https://iclass.tku.edu.tw/user/resources/entries/,absolute-url
https://www.googletagmanager.com/gtag/js,www.googletagmanager.com,raw/iclass.tku.edu.tw/user/resources/entries/index.html,https://iclass.tku.edu.tw/user/resources/entries/,absolute-url
https://github.com/OWASP/CheatSheetSeries/blob/master/cheatsheets/Clickjacking_Defense_Cheat_Sheet.md#best-for-now-legacy-browser-frame-breaking-script--,github.com,raw/iclass.tku.edu.tw/user/resources/entries/index.html,https://iclass.tku.edu.tw/user/resources/entries/,absolute-url
https://bam.nr-data.net,bam.nr-data.net,raw/iclass.tku.edu.tw/user/resources/entries/index.html,https://iclass.tku.edu.tw/user/resources/entries/,absolute-url
https://www.google-analytics.com,www.google-analytics.com,raw/iclass.tku.edu.tw/user/resources/entries/index.html,https://iclass.tku.edu.tw/user/resources/entries/,absolute-url
https://iclass.tku.edu.tw/iportal,iclass.tku.edu.tw,raw/iclass.tku.edu.tw/user/resources/entries/index.html,https://iclass.tku.edu.tw/user/resources/entries/,absolute-url
"https://tronclass.com.tw/public-manual/TronclassManual_System_Admin.pdf',",tronclass.com.tw,raw/iclass.tku.edu.tw/user/resources/entries/index.html,https://iclass.tku.edu.tw/user/resources/entries/,absolute-url
"https://tronclass.com.tw/public-manual/TronclassManual_Administrator.pdf',",tronclass.com.tw,raw/iclass.tku.edu.tw/user/resources/entries/index.html,https://iclass.tku.edu.tw/user/resources/entries/,absolute-url
"https://tronclass.com.tw/public-manual/manual-teacher.html',",tronclass.com.tw,raw/iclass.tku.edu.tw/user/resources/entries/index.html,https://iclass.tku.edu.tw/user/resources/entries/,absolute-url
"https://tronclass.com.tw/public-manual/TronclassManual_Student.pdf',",tronclass.com.tw,raw/iclass.tku.edu.tw/user/resources/entries/index.html,https://iclass.tku.edu.tw/user/resources/entries/,absolute-url
"https://tronclass.com.tw/public-manual/TronclassManual_App.pdf',",tronclass.com.tw,raw/iclass.tku.edu.tw/user/resources/entries/index.html,https://iclass.tku.edu.tw/user/resources/entries/,absolute-url
https://support.tronclass.com',support.tronclass.com',raw/iclass.tku.edu.tw/user/resources/entries/index.html,https://iclass.tku.edu.tw/user/resources/entries/,absolute-url
https://iclass.tku.edu.tw/market,iclass.tku.edu.tw,raw/iclass.tku.edu.tw/user/resources/entries/index.html,https://iclass.tku.edu.tw/user/resources/entries/,absolute-url
https://www.youtube.com/iframe_api,www.youtube.com,raw/iclass.tku.edu.tw/user/resources/entries/index.html,https://iclass.tku.edu.tw/user/resources/entries/,absolute-url
https://get.adobe.com/flashplayer/,get.adobe.com,raw/iclass.tku.edu.tw/user/resources/entries/index.html,https://iclass.tku.edu.tw/user/resources/entries/,absolute-url
https://iclass.tku.edu.tw/,iclass.tku.edu.tw,raw/iclass.tku.edu.tw/user/resources/entries/avatarSmallUrl.html,https://iclass.tku.edu.tw/user/resources/entries/avatarSmallUrl,absolute-url
https://www.googletagmanager.com/gtag/js,www.googletagmanager.com,raw/iclass.tku.edu.tw/user/resources/entries/avatarSmallUrl.html,https://iclass.tku.edu.tw/user/resources/entries/avatarSmallUrl,absolute-url
https://github.com/OWASP/CheatSheetSeries/blob/master/cheatsheets/Clickjacking_Defense_Cheat_Sheet.md#best-for-now-legacy-browser-frame-breaking-script--,github.com,raw/iclass.tku.edu.tw/user/resources/entries/avatarSmallUrl.html,https://iclass.tku.edu.tw/user/resources/entries/avatarSmallUrl,absolute-url
https://bam.nr-data.net,bam.nr-data.net,raw/iclass.tku.edu.tw/user/resources/entries/avatarSmallUrl.html,https://iclass.tku.edu.tw/user/resources/entries/avatarSmallUrl,absolute-url
https://www.google-analytics.com,www.google-analytics.com,raw/iclass.tku.edu.tw/user/resources/entries/avatarSmallUrl.html,https://iclass.tku.edu.tw/user/resources/entries/avatarSmallUrl,absolute-url
https://iclass.tku.edu.tw/iportal,iclass.tku.edu.tw,raw/iclass.tku.edu.tw/user/resources/entries/avatarSmallUrl.html,https://iclass.tku.edu.tw/user/resources/entries/avatarSmallUrl,absolute-url
"https://tronclass.com.tw/public-manual/TronclassManual_System_Admin.pdf',",tronclass.com.tw,raw/iclass.tku.edu.tw/user/resources/entries/avatarSmallUrl.html,https://iclass.tku.edu.tw/user/resources/entries/avatarSmallUrl,absolute-url
"https://tronclass.com.tw/public-manual/TronclassManual_Administrator.pdf',",tronclass.com.tw,raw/iclass.tku.edu.tw/user/resources/entries/avatarSmallUrl.html,https://iclass.tku.edu.tw/user/resources/entries/avatarSmallUrl,absolute-url
"https://tronclass.com.tw/public-manual/manual-teacher.html',",tronclass.com.tw,raw/iclass.tku.edu.tw/user/resources/entries/avatarSmallUrl.html,https://iclass.tku.edu.tw/user/resources/entries/avatarSmallUrl,absolute-url
"https://tronclass.com.tw/public-manual/TronclassManual_Student.pdf',",tronclass.com.tw,raw/iclass.tku.edu.tw/user/resources/entries/avatarSmallUrl.html,https://iclass.tku.edu.tw/user/resources/entries/avatarSmallUrl,absolute-url
"https://tronclass.com.tw/public-manual/TronclassManual_App.pdf',",tronclass.com.tw,raw/iclass.tku.edu.tw/user/resources/entries/avatarSmallUrl.html,https://iclass.tku.edu.tw/user/resources/entries/avatarSmallUrl,absolute-url
https://support.tronclass.com',support.tronclass.com',raw/iclass.tku.edu.tw/user/resources/entries/avatarSmallUrl.html,https://iclass.tku.edu.tw/user/resources/entries/avatarSmallUrl,absolute-url
https://iclass.tku.edu.tw/market,iclass.tku.edu.tw,raw/iclass.tku.edu.tw/user/resources/entries/avatarSmallUrl.html,https://iclass.tku.edu.tw/user/resources/entries/avatarSmallUrl,absolute-url
https://www.youtube.com/iframe_api,www.youtube.com,raw/iclass.tku.edu.tw/user/resources/entries/avatarSmallUrl.html,https://iclass.tku.edu.tw/user/resources/entries/avatarSmallUrl,absolute-url
https://get.adobe.com/flashplayer/,get.adobe.com,raw/iclass.tku.edu.tw/user/resources/entries/avatarSmallUrl.html,https://iclass.tku.edu.tw/user/resources/entries/avatarSmallUrl,absolute-url
https://iclass.tku.edu.tw/,iclass.tku.edu.tw,raw/iclass.tku.edu.tw/user/resources/entries/capture_url.html,https://iclass.tku.edu.tw/user/resources/entries/capture_url,absolute-url
https://www.googletagmanager.com/gtag/js,www.googletagmanager.com,raw/iclass.tku.edu.tw/user/resources/entries/capture_url.html,https://iclass.tku.edu.tw/user/resources/entries/capture_url,absolute-url
https://github.com/OWASP/CheatSheetSeries/blob/master/cheatsheets/Clickjacking_Defense_Cheat_Sheet.md#best-for-now-legacy-browser-frame-breaking-script--,github.com,raw/iclass.tku.edu.tw/user/resources/entries/capture_url.html,https://iclass.tku.edu.tw/user/resources/entries/capture_url,absolute-url
https://bam.nr-data.net,bam.nr-data.net,raw/iclass.tku.edu.tw/user/resources/entries/capture_url.html,https://iclass.tku.edu.tw/user/resources/entries/capture_url,absolute-url
https://www.google-analytics.com,www.google-analytics.com,raw/iclass.tku.edu.tw/user/resources/entries/capture_url.html,https://iclass.tku.edu.tw/user/resources/entries/capture_url,absolute-url
https://iclass.tku.edu.tw/iportal,iclass.tku.edu.tw,raw/iclass.tku.edu.tw/user/resources/entries/capture_url.html,https://iclass.tku.edu.tw/user/resources/entries/capture_url,absolute-url
"https://tronclass.com.tw/public-manual/TronclassManual_System_Admin.pdf',",tronclass.com.tw,raw/iclass.tku.edu.tw/user/resources/entries/capture_url.html,https://iclass.tku.edu.tw/user/resources/entries/capture_url,absolute-url
"https://tronclass.com.tw/public-manual/TronclassManual_Administrator.pdf',",tronclass.com.tw,raw/iclass.tku.edu.tw/user/resources/entries/capture_url.html,https://iclass.tku.edu.tw/user/resources/entries/capture_url,absolute-url
"https://tronclass.com.tw/public-manual/manual-teacher.html',",tronclass.com.tw,raw/iclass.tku.edu.tw/user/resources/entries/capture_url.html,https://iclass.tku.edu.tw/user/resources/entries/capture_url,absolute-url
"https://tronclass.com.tw/public-manual/TronclassManual_Student.pdf',",tronclass.com.tw,raw/iclass.tku.edu.tw/user/resources/entries/capture_url.html,https://iclass.tku.edu.tw/user/resources/entries/capture_url,absolute-url
"https://tronclass.com.tw/public-manual/TronclassManual_App.pdf',",tronclass.com.tw,raw/iclass.tku.edu.tw/user/resources/entries/capture_url.html,https://iclass.tku.edu.tw/user/resources/entries/capture_url,absolute-url
https://support.tronclass.com',support.tronclass.com',raw/iclass.tku.edu.tw/user/resources/entries/capture_url.html,https://iclass.tku.edu.tw/user/resources/entries/capture_url,absolute-url
https://iclass.tku.edu.tw/market,iclass.tku.edu.tw,raw/iclass.tku.edu.tw/user/resources/entries/capture_url.html,https://iclass.tku.edu.tw/user/resources/entries/capture_url,absolute-url
https://www.youtube.com/iframe_api,www.youtube.com,raw/iclass.tku.edu.tw/user/resources/entries/capture_url.html,https://iclass.tku.edu.tw/user/resources/entries/capture_url,absolute-url
https://get.adobe.com/flashplayer/,get.adobe.com,raw/iclass.tku.edu.tw/user/resources/entries/capture_url.html,https://iclass.tku.edu.tw/user/resources/entries/capture_url,absolute-url
https://iclass.tku.edu.tw/,iclass.tku.edu.tw,raw/iclass.tku.edu.tw/user/resources/entries/lesson_resource_url.html,https://iclass.tku.edu.tw/user/resources/entries/lesson_resource_url,absolute-url
https://www.googletagmanager.com/gtag/js,www.googletagmanager.com,raw/iclass.tku.edu.tw/user/resources/entries/lesson_resource_url.html,https://iclass.tku.edu.tw/user/resources/entries/lesson_resource_url,absolute-url
https://github.com/OWASP/CheatSheetSeries/blob/master/cheatsheets/Clickjacking_Defense_Cheat_Sheet.md#best-for-now-legacy-browser-frame-breaking-script--,github.com,raw/iclass.tku.edu.tw/user/resources/entries/lesson_resource_url.html,https://iclass.tku.edu.tw/user/resources/entries/lesson_resource_url,absolute-url
https://bam.nr-data.net,bam.nr-data.net,raw/iclass.tku.edu.tw/user/resources/entries/lesson_resource_url.html,https://iclass.tku.edu.tw/user/resources/entries/lesson_resource_url,absolute-url
https://www.google-analytics.com,www.google-analytics.com,raw/iclass.tku.edu.tw/user/resources/entries/lesson_resource_url.html,https://iclass.tku.edu.tw/user/resources/entries/lesson_resource_url,absolute-url
https://iclass.tku.edu.tw/iportal,iclass.tku.edu.tw,raw/iclass.tku.edu.tw/user/resources/entries/lesson_resource_url.html,https://iclass.tku.edu.tw/user/resources/entries/lesson_resource_url,absolute-url
"https://tronclass.com.tw/public-manual/TronclassManual_System_Admin.pdf',",tronclass.com.tw,raw/iclass.tku.edu.tw/user/resources/entries/lesson_resource_url.html,https://iclass.tku.edu.tw/user/resources/entries/lesson_resource_url,absolute-url
"https://tronclass.com.tw/public-manual/TronclassManual_Administrator.pdf',",tronclass.com.tw,raw/iclass.tku.edu.tw/user/resources/entries/lesson_resource_url.html,https://iclass.tku.edu.tw/user/resources/entries/lesson_resource_url,absolute-url
"https://tronclass.com.tw/public-manual/manual-teacher.html',",tronclass.com.tw,raw/iclass.tku.edu.tw/user/resources/entries/lesson_resource_url.html,https://iclass.tku.edu.tw/user/resources/entries/lesson_resource_url,absolute-url
"https://tronclass.com.tw/public-manual/TronclassManual_Student.pdf',",tronclass.com.tw,raw/iclass.tku.edu.tw/user/resources/entries/lesson_resource_url.html,https://iclass.tku.edu.tw/user/resources/entries/lesson_resource_url,absolute-url
"https://tronclass.com.tw/public-manual/TronclassManual_App.pdf',",tronclass.com.tw,raw/iclass.tku.edu.tw/user/resources/entries/lesson_resource_url.html,https://iclass.tku.edu.tw/user/resources/entries/lesson_resource_url,absolute-url
https://support.tronclass.com',support.tronclass.com',raw/iclass.tku.edu.tw/user/resources/entries/lesson_resource_url.html,https://iclass.tku.edu.tw/user/resources/entries/lesson_resource_url,absolute-url
https://iclass.tku.edu.tw/market,iclass.tku.edu.tw,raw/iclass.tku.edu.tw/user/resources/entries/lesson_resource_url.html,https://iclass.tku.edu.tw/user/resources/entries/lesson_resource_url,absolute-url
https://www.youtube.com/iframe_api,www.youtube.com,raw/iclass.tku.edu.tw/user/resources/entries/lesson_resource_url.html,https://iclass.tku.edu.tw/user/resources/entries/lesson_resource_url,absolute-url
https://get.adobe.com/flashplayer/,get.adobe.com,raw/iclass.tku.edu.tw/user/resources/entries/lesson_resource_url.html,https://iclass.tku.edu.tw/user/resources/entries/lesson_resource_url,absolute-url
https://iclass.tku.edu.tw/,iclass.tku.edu.tw,raw/iclass.tku.edu.tw/user/resources/entries/manualUrl.html,https://iclass.tku.edu.tw/user/resources/entries/manualUrl,absolute-url
https://www.googletagmanager.com/gtag/js,www.googletagmanager.com,raw/iclass.tku.edu.tw/user/resources/entries/manualUrl.html,https://iclass.tku.edu.tw/user/resources/entries/manualUrl,absolute-url
https://github.com/OWASP/CheatSheetSeries/blob/master/cheatsheets/Clickjacking_Defense_Cheat_Sheet.md#best-for-now-legacy-browser-frame-breaking-script--,github.com,raw/iclass.tku.edu.tw/user/resources/entries/manualUrl.html,https://iclass.tku.edu.tw/user/resources/entries/manualUrl,absolute-url
https://bam.nr-data.net,bam.nr-data.net,raw/iclass.tku.edu.tw/user/resources/entries/manualUrl.html,https://iclass.tku.edu.tw/user/resources/entries/manualUrl,absolute-url
https://www.google-analytics.com,www.google-analytics.com,raw/iclass.tku.edu.tw/user/resources/entries/manualUrl.html,https://iclass.tku.edu.tw/user/resources/entries/manualUrl,absolute-url
https://iclass.tku.edu.tw/iportal,iclass.tku.edu.tw,raw/iclass.tku.edu.tw/user/resources/entries/manualUrl.html,https://iclass.tku.edu.tw/user/resources/entries/manualUrl,absolute-url
"https://tronclass.com.tw/public-manual/TronclassManual_System_Admin.pdf',",tronclass.com.tw,raw/iclass.tku.edu.tw/user/resources/entries/manualUrl.html,https://iclass.tku.edu.tw/user/resources/entries/manualUrl,absolute-url
"https://tronclass.com.tw/public-manual/TronclassManual_Administrator.pdf',",tronclass.com.tw,raw/iclass.tku.edu.tw/user/resources/entries/manualUrl.html,https://iclass.tku.edu.tw/user/resources/entries/manualUrl,absolute-url
"https://tronclass.com.tw/public-manual/manual-teacher.html',",tronclass.com.tw,raw/iclass.tku.edu.tw/user/resources/entries/manualUrl.html,https://iclass.tku.edu.tw/user/resources/entries/manualUrl,absolute-url
"https://tronclass.com.tw/public-manual/TronclassManual_Student.pdf',",tronclass.com.tw,raw/iclass.tku.edu.tw/user/resources/entries/manualUrl.html,https://iclass.tku.edu.tw/user/resources/entries/manualUrl,absolute-url
"https://tronclass.com.tw/public-manual/TronclassManual_App.pdf',",tronclass.com.tw,raw/iclass.tku.edu.tw/user/resources/entries/manualUrl.html,https://iclass.tku.edu.tw/user/resources/entries/manualUrl,absolute-url
https://support.tronclass.com',support.tronclass.com',raw/iclass.tku.edu.tw/user/resources/entries/manualUrl.html,https://iclass.tku.edu.tw/user/resources/entries/manualUrl,absolute-url
https://iclass.tku.edu.tw/market,iclass.tku.edu.tw,raw/iclass.tku.edu.tw/user/resources/entries/manualUrl.html,https://iclass.tku.edu.tw/user/resources/entries/manualUrl,absolute-url
https://www.youtube.com/iframe_api,www.youtube.com,raw/iclass.tku.edu.tw/user/resources/entries/manualUrl.html,https://iclass.tku.edu.tw/user/resources/entries/manualUrl,absolute-url
https://get.adobe.com/flashplayer/,get.adobe.com,raw/iclass.tku.edu.tw/user/resources/entries/manualUrl.html,https://iclass.tku.edu.tw/user/resources/entries/manualUrl,absolute-url
https://iclass.tku.edu.tw/,iclass.tku.edu.tw,raw/iclass.tku.edu.tw/user/resources/files.html,https://iclass.tku.edu.tw/user/resources/files,absolute-url
https://www.googletagmanager.com/gtag/js,www.googletagmanager.com,raw/iclass.tku.edu.tw/user/resources/files.html,https://iclass.tku.edu.tw/user/resources/files,absolute-url
https://github.com/OWASP/CheatSheetSeries/blob/master/cheatsheets/Clickjacking_Defense_Cheat_Sheet.md#best-for-now-legacy-browser-frame-breaking-script--,github.com,raw/iclass.tku.edu.tw/user/resources/files.html,https://iclass.tku.edu.tw/user/resources/files,absolute-url
https://bam.nr-data.net,bam.nr-data.net,raw/iclass.tku.edu.tw/user/resources/files.html,https://iclass.tku.edu.tw/user/resources/files,absolute-url
https://www.google-analytics.com,www.google-analytics.com,raw/iclass.tku.edu.tw/user/resources/files.html,https://iclass.tku.edu.tw/user/resources/files,absolute-url
https://iclass.tku.edu.tw/iportal,iclass.tku.edu.tw,raw/iclass.tku.edu.tw/user/resources/files.html,https://iclass.tku.edu.tw/user/resources/files,absolute-url
"https://tronclass.com.tw/public-manual/TronclassManual_System_Admin.pdf',",tronclass.com.tw,raw/iclass.tku.edu.tw/user/resources/files.html,https://iclass.tku.edu.tw/user/resources/files,absolute-url
"https://tronclass.com.tw/public-manual/TronclassManual_Administrator.pdf',",tronclass.com.tw,raw/iclass.tku.edu.tw/user/resources/files.html,https://iclass.tku.edu.tw/user/resources/files,absolute-url
"https://tronclass.com.tw/public-manual/manual-teacher.html',",tronclass.com.tw,raw/iclass.tku.edu.tw/user/resources/files.html,https://iclass.tku.edu.tw/user/resources/files,absolute-url
"https://tronclass.com.tw/public-manual/TronclassManual_Student.pdf',",tronclass.com.tw,raw/iclass.tku.edu.tw/user/resources/files.html,https://iclass.tku.edu.tw/user/resources/files,absolute-url
"https://tronclass.com.tw/public-manual/TronclassManual_App.pdf',",tronclass.com.tw,raw/iclass.tku.edu.tw/user/resources/files.html,https://iclass.tku.edu.tw/user/resources/files,absolute-url
https://support.tronclass.com',support.tronclass.com',raw/iclass.tku.edu.tw/user/resources/files.html,https://iclass.tku.edu.tw/user/resources/files,absolute-url
https://iclass.tku.edu.tw/market,iclass.tku.edu.tw,raw/iclass.tku.edu.tw/user/resources/files.html,https://iclass.tku.edu.tw/user/resources/files,absolute-url
https://iclass.tku.edu.tw/video-editor/api/media-clip-tasks/progress?no-intercept=true';,iclass.tku.edu.tw,raw/iclass.tku.edu.tw/user/resources/files.html,https://iclass.tku.edu.tw/user/resources/files,absolute-url
http://www.w3.org/{id}/html,www.w3.org,raw/iclass.tku.edu.tw/user/resources/files.html,https://iclass.tku.edu.tw/user/resources/files,absolute-url
https://www.youtube.com/iframe_api,www.youtube.com,raw/iclass.tku.edu.tw/user/resources/files.html,https://iclass.tku.edu.tw/user/resources/files,absolute-url
https://get.adobe.com/flashplayer/,get.adobe.com,raw/iclass.tku.edu.tw/user/resources/files.html,https://iclass.tku.edu.tw/user/resources/files,absolute-url
https://iclass.tku.edu.tw/,iclass.tku.edu.tw,raw/iclass.tku.edu.tw/user/resources/lesson_resource_url.html,https://iclass.tku.edu.tw/user/resources/lesson_resource_url,absolute-url
https://www.googletagmanager.com/gtag/js,www.googletagmanager.com,raw/iclass.tku.edu.tw/user/resources/lesson_resource_url.html,https://iclass.tku.edu.tw/user/resources/lesson_resource_url,absolute-url
https://github.com/OWASP/CheatSheetSeries/blob/master/cheatsheets/Clickjacking_Defense_Cheat_Sheet.md#best-for-now-legacy-browser-frame-breaking-script--,github.com,raw/iclass.tku.edu.tw/user/resources/lesson_resource_url.html,https://iclass.tku.edu.tw/user/resources/lesson_resource_url,absolute-url
https://bam.nr-data.net,bam.nr-data.net,raw/iclass.tku.edu.tw/user/resources/lesson_resource_url.html,https://iclass.tku.edu.tw/user/resources/lesson_resource_url,absolute-url
https://www.google-analytics.com,www.google-analytics.com,raw/iclass.tku.edu.tw/user/resources/lesson_resource_url.html,https://iclass.tku.edu.tw/user/resources/lesson_resource_url,absolute-url
https://iclass.tku.edu.tw/iportal,iclass.tku.edu.tw,raw/iclass.tku.edu.tw/user/resources/lesson_resource_url.html,https://iclass.tku.edu.tw/user/resources/lesson_resource_url,absolute-url
"https://tronclass.com.tw/public-manual/TronclassManual_System_Admin.pdf',",tronclass.com.tw,raw/iclass.tku.edu.tw/user/resources/lesson_resource_url.html,https://iclass.tku.edu.tw/user/resources/lesson_resource_url,absolute-url
"https://tronclass.com.tw/public-manual/TronclassManual_Administrator.pdf',",tronclass.com.tw,raw/iclass.tku.edu.tw/user/resources/lesson_resource_url.html,https://iclass.tku.edu.tw/user/resources/lesson_resource_url,absolute-url
"https://tronclass.com.tw/public-manual/manual-teacher.html',",tronclass.com.tw,raw/iclass.tku.edu.tw/user/resources/lesson_resource_url.html,https://iclass.tku.edu.tw/user/resources/lesson_resource_url,absolute-url
"https://tronclass.com.tw/public-manual/TronclassManual_Student.pdf',",tronclass.com.tw,raw/iclass.tku.edu.tw/user/resources/lesson_resource_url.html,https://iclass.tku.edu.tw/user/resources/lesson_resource_url,absolute-url
"https://tronclass.com.tw/public-manual/TronclassManual_App.pdf',",tronclass.com.tw,raw/iclass.tku.edu.tw/user/resources/lesson_resource_url.html,https://iclass.tku.edu.tw/user/resources/lesson_resource_url,absolute-url
https://support.tronclass.com',support.tronclass.com',raw/iclass.tku.edu.tw/user/resources/lesson_resource_url.html,https://iclass.tku.edu.tw/user/resources/lesson_resource_url,absolute-url
https://iclass.tku.edu.tw/market,iclass.tku.edu.tw,raw/iclass.tku.edu.tw/user/resources/lesson_resource_url.html,https://iclass.tku.edu.tw/user/resources/lesson_resource_url,absolute-url
https://www.youtube.com/iframe_api,www.youtube.com,raw/iclass.tku.edu.tw/user/resources/lesson_resource_url.html,https://iclass.tku.edu.tw/user/resources/lesson_resource_url,absolute-url
https://get.adobe.com/flashplayer/,get.adobe.com,raw/iclass.tku.edu.tw/user/resources/lesson_resource_url.html,https://iclass.tku.edu.tw/user/resources/lesson_resource_url,absolute-url
https://iclass.tku.edu.tw/,iclass.tku.edu.tw,raw/iclass.tku.edu.tw/user/resources/manualUrl.html,https://iclass.tku.edu.tw/user/resources/manualUrl,absolute-url
https://www.googletagmanager.com/gtag/js,www.googletagmanager.com,raw/iclass.tku.edu.tw/user/resources/manualUrl.html,https://iclass.tku.edu.tw/user/resources/manualUrl,absolute-url
https://github.com/OWASP/CheatSheetSeries/blob/master/cheatsheets/Clickjacking_Defense_Cheat_Sheet.md#best-for-now-legacy-browser-frame-breaking-script--,github.com,raw/iclass.tku.edu.tw/user/resources/manualUrl.html,https://iclass.tku.edu.tw/user/resources/manualUrl,absolute-url
https://bam.nr-data.net,bam.nr-data.net,raw/iclass.tku.edu.tw/user/resources/manualUrl.html,https://iclass.tku.edu.tw/user/resources/manualUrl,absolute-url
https://www.google-analytics.com,www.google-analytics.com,raw/iclass.tku.edu.tw/user/resources/manualUrl.html,https://iclass.tku.edu.tw/user/resources/manualUrl,absolute-url
https://iclass.tku.edu.tw/iportal,iclass.tku.edu.tw,raw/iclass.tku.edu.tw/user/resources/manualUrl.html,https://iclass.tku.edu.tw/user/resources/manualUrl,absolute-url
"https://tronclass.com.tw/public-manual/TronclassManual_System_Admin.pdf',",tronclass.com.tw,raw/iclass.tku.edu.tw/user/resources/manualUrl.html,https://iclass.tku.edu.tw/user/resources/manualUrl,absolute-url
"https://tronclass.com.tw/public-manual/TronclassManual_Administrator.pdf',",tronclass.com.tw,raw/iclass.tku.edu.tw/user/resources/manualUrl.html,https://iclass.tku.edu.tw/user/resources/manualUrl,absolute-url
"https://tronclass.com.tw/public-manual/manual-teacher.html',",tronclass.com.tw,raw/iclass.tku.edu.tw/user/resources/manualUrl.html,https://iclass.tku.edu.tw/user/resources/manualUrl,absolute-url
"https://tronclass.com.tw/public-manual/TronclassManual_Student.pdf',",tronclass.com.tw,raw/iclass.tku.edu.tw/user/resources/manualUrl.html,https://iclass.tku.edu.tw/user/resources/manualUrl,absolute-url
"https://tronclass.com.tw/public-manual/TronclassManual_App.pdf',",tronclass.com.tw,raw/iclass.tku.edu.tw/user/resources/manualUrl.html,https://iclass.tku.edu.tw/user/resources/manualUrl,absolute-url
https://support.tronclass.com',support.tronclass.com',raw/iclass.tku.edu.tw/user/resources/manualUrl.html,https://iclass.tku.edu.tw/user/resources/manualUrl,absolute-url
https://iclass.tku.edu.tw/market,iclass.tku.edu.tw,raw/iclass.tku.edu.tw/user/resources/manualUrl.html,https://iclass.tku.edu.tw/user/resources/manualUrl,absolute-url
https://www.youtube.com/iframe_api,www.youtube.com,raw/iclass.tku.edu.tw/user/resources/manualUrl.html,https://iclass.tku.edu.tw/user/resources/manualUrl,absolute-url
https://get.adobe.com/flashplayer/,get.adobe.com,raw/iclass.tku.edu.tw/user/resources/manualUrl.html,https://iclass.tku.edu.tw/user/resources/manualUrl,absolute-url
https://iclass.tku.edu.tw/,iclass.tku.edu.tw,raw/iclass.tku.edu.tw/user/resources/rubrics.html,https://iclass.tku.edu.tw/user/resources/rubrics,absolute-url
https://www.googletagmanager.com/gtag/js,www.googletagmanager.com,raw/iclass.tku.edu.tw/user/resources/rubrics.html,https://iclass.tku.edu.tw/user/resources/rubrics,absolute-url
https://github.com/OWASP/CheatSheetSeries/blob/master/cheatsheets/Clickjacking_Defense_Cheat_Sheet.md#best-for-now-legacy-browser-frame-breaking-script--,github.com,raw/iclass.tku.edu.tw/user/resources/rubrics.html,https://iclass.tku.edu.tw/user/resources/rubrics,absolute-url
https://bam.nr-data.net,bam.nr-data.net,raw/iclass.tku.edu.tw/user/resources/rubrics.html,https://iclass.tku.edu.tw/user/resources/rubrics,absolute-url
https://www.google-analytics.com,www.google-analytics.com,raw/iclass.tku.edu.tw/user/resources/rubrics.html,https://iclass.tku.edu.tw/user/resources/rubrics,absolute-url
https://iclass.tku.edu.tw/iportal,iclass.tku.edu.tw,raw/iclass.tku.edu.tw/user/resources/rubrics.html,https://iclass.tku.edu.tw/user/resources/rubrics,absolute-url
"https://tronclass.com.tw/public-manual/TronclassManual_System_Admin.pdf',",tronclass.com.tw,raw/iclass.tku.edu.tw/user/resources/rubrics.html,https://iclass.tku.edu.tw/user/resources/rubrics,absolute-url
"https://tronclass.com.tw/public-manual/TronclassManual_Administrator.pdf',",tronclass.com.tw,raw/iclass.tku.edu.tw/user/resources/rubrics.html,https://iclass.tku.edu.tw/user/resources/rubrics,absolute-url
"https://tronclass.com.tw/public-manual/manual-teacher.html',",tronclass.com.tw,raw/iclass.tku.edu.tw/user/resources/rubrics.html,https://iclass.tku.edu.tw/user/resources/rubrics,absolute-url
"https://tronclass.com.tw/public-manual/TronclassManual_Student.pdf',",tronclass.com.tw,raw/iclass.tku.edu.tw/user/resources/rubrics.html,https://iclass.tku.edu.tw/user/resources/rubrics,absolute-url
"https://tronclass.com.tw/public-manual/TronclassManual_App.pdf',",tronclass.com.tw,raw/iclass.tku.edu.tw/user/resources/rubrics.html,https://iclass.tku.edu.tw/user/resources/rubrics,absolute-url
https://support.tronclass.com',support.tronclass.com',raw/iclass.tku.edu.tw/user/resources/rubrics.html,https://iclass.tku.edu.tw/user/resources/rubrics,absolute-url
https://iclass.tku.edu.tw/market,iclass.tku.edu.tw,raw/iclass.tku.edu.tw/user/resources/rubrics.html,https://iclass.tku.edu.tw/user/resources/rubrics,absolute-url
https://www.youtube.com/iframe_api,www.youtube.com,raw/iclass.tku.edu.tw/user/resources/rubrics.html,https://iclass.tku.edu.tw/user/resources/rubrics,absolute-url
https://get.adobe.com/flashplayer/,get.adobe.com,raw/iclass.tku.edu.tw/user/resources/rubrics.html,https://iclass.tku.edu.tw/user/resources/rubrics,absolute-url
https://iclass.tku.edu.tw/,iclass.tku.edu.tw,raw/iclass.tku.edu.tw/user/resources/share-to-courses__q_f330520a40.html,https://iclass.tku.edu.tw/user/resources/share-to-courses?upload_ids=,absolute-url
https://www.googletagmanager.com/gtag/js,www.googletagmanager.com,raw/iclass.tku.edu.tw/user/resources/share-to-courses__q_f330520a40.html,https://iclass.tku.edu.tw/user/resources/share-to-courses?upload_ids=,absolute-url
https://github.com/OWASP/CheatSheetSeries/blob/master/cheatsheets/Clickjacking_Defense_Cheat_Sheet.md#best-for-now-legacy-browser-frame-breaking-script--,github.com,raw/iclass.tku.edu.tw/user/resources/share-to-courses__q_f330520a40.html,https://iclass.tku.edu.tw/user/resources/share-to-courses?upload_ids=,absolute-url
https://bam.nr-data.net,bam.nr-data.net,raw/iclass.tku.edu.tw/user/resources/share-to-courses__q_f330520a40.html,https://iclass.tku.edu.tw/user/resources/share-to-courses?upload_ids=,absolute-url
https://www.google-analytics.com,www.google-analytics.com,raw/iclass.tku.edu.tw/user/resources/share-to-courses__q_f330520a40.html,https://iclass.tku.edu.tw/user/resources/share-to-courses?upload_ids=,absolute-url
https://iclass.tku.edu.tw/iportal,iclass.tku.edu.tw,raw/iclass.tku.edu.tw/user/resources/share-to-courses__q_f330520a40.html,https://iclass.tku.edu.tw/user/resources/share-to-courses?upload_ids=,absolute-url
"https://tronclass.com.tw/public-manual/TronclassManual_System_Admin.pdf',",tronclass.com.tw,raw/iclass.tku.edu.tw/user/resources/share-to-courses__q_f330520a40.html,https://iclass.tku.edu.tw/user/resources/share-to-courses?upload_ids=,absolute-url
"https://tronclass.com.tw/public-manual/TronclassManual_Administrator.pdf',",tronclass.com.tw,raw/iclass.tku.edu.tw/user/resources/share-to-courses__q_f330520a40.html,https://iclass.tku.edu.tw/user/resources/share-to-courses?upload_ids=,absolute-url
"https://tronclass.com.tw/public-manual/manual-teacher.html',",tronclass.com.tw,raw/iclass.tku.edu.tw/user/resources/share-to-courses__q_f330520a40.html,https://iclass.tku.edu.tw/user/resources/share-to-courses?upload_ids=,absolute-url
"https://tronclass.com.tw/public-manual/TronclassManual_Student.pdf',",tronclass.com.tw,raw/iclass.tku.edu.tw/user/resources/share-to-courses__q_f330520a40.html,https://iclass.tku.edu.tw/user/resources/share-to-courses?upload_ids=,absolute-url
"https://tronclass.com.tw/public-manual/TronclassManual_App.pdf',",tronclass.com.tw,raw/iclass.tku.edu.tw/user/resources/share-to-courses__q_f330520a40.html,https://iclass.tku.edu.tw/user/resources/share-to-courses?upload_ids=,absolute-url
https://support.tronclass.com',support.tronclass.com',raw/iclass.tku.edu.tw/user/resources/share-to-courses__q_f330520a40.html,https://iclass.tku.edu.tw/user/resources/share-to-courses?upload_ids=,absolute-url
https://iclass.tku.edu.tw/market,iclass.tku.edu.tw,raw/iclass.tku.edu.tw/user/resources/share-to-courses__q_f330520a40.html,https://iclass.tku.edu.tw/user/resources/share-to-courses?upload_ids=,absolute-url
https://www.youtube.com/iframe_api,www.youtube.com,raw/iclass.tku.edu.tw/user/resources/share-to-courses__q_f330520a40.html,https://iclass.tku.edu.tw/user/resources/share-to-courses?upload_ids=,absolute-url
https://get.adobe.com/flashplayer/,get.adobe.com,raw/iclass.tku.edu.tw/user/resources/share-to-courses__q_f330520a40.html,https://iclass.tku.edu.tw/user/resources/share-to-courses?upload_ids=,absolute-url
https://iclass.tku.edu.tw/,iclass.tku.edu.tw,raw/iclass.tku.edu.tw/user/resources/shared.html,https://iclass.tku.edu.tw/user/resources/shared,absolute-url
https://www.googletagmanager.com/gtag/js,www.googletagmanager.com,raw/iclass.tku.edu.tw/user/resources/shared.html,https://iclass.tku.edu.tw/user/resources/shared,absolute-url
https://github.com/OWASP/CheatSheetSeries/blob/master/cheatsheets/Clickjacking_Defense_Cheat_Sheet.md#best-for-now-legacy-browser-frame-breaking-script--,github.com,raw/iclass.tku.edu.tw/user/resources/shared.html,https://iclass.tku.edu.tw/user/resources/shared,absolute-url
https://bam.nr-data.net,bam.nr-data.net,raw/iclass.tku.edu.tw/user/resources/shared.html,https://iclass.tku.edu.tw/user/resources/shared,absolute-url
https://www.google-analytics.com,www.google-analytics.com,raw/iclass.tku.edu.tw/user/resources/shared.html,https://iclass.tku.edu.tw/user/resources/shared,absolute-url
https://iclass.tku.edu.tw/iportal,iclass.tku.edu.tw,raw/iclass.tku.edu.tw/user/resources/shared.html,https://iclass.tku.edu.tw/user/resources/shared,absolute-url
"https://tronclass.com.tw/public-manual/TronclassManual_System_Admin.pdf',",tronclass.com.tw,raw/iclass.tku.edu.tw/user/resources/shared.html,https://iclass.tku.edu.tw/user/resources/shared,absolute-url
"https://tronclass.com.tw/public-manual/TronclassManual_Administrator.pdf',",tronclass.com.tw,raw/iclass.tku.edu.tw/user/resources/shared.html,https://iclass.tku.edu.tw/user/resources/shared,absolute-url
"https://tronclass.com.tw/public-manual/manual-teacher.html',",tronclass.com.tw,raw/iclass.tku.edu.tw/user/resources/shared.html,https://iclass.tku.edu.tw/user/resources/shared,absolute-url
"https://tronclass.com.tw/public-manual/TronclassManual_Student.pdf',",tronclass.com.tw,raw/iclass.tku.edu.tw/user/resources/shared.html,https://iclass.tku.edu.tw/user/resources/shared,absolute-url
"https://tronclass.com.tw/public-manual/TronclassManual_App.pdf',",tronclass.com.tw,raw/iclass.tku.edu.tw/user/resources/shared.html,https://iclass.tku.edu.tw/user/resources/shared,absolute-url
https://support.tronclass.com',support.tronclass.com',raw/iclass.tku.edu.tw/user/resources/shared.html,https://iclass.tku.edu.tw/user/resources/shared,absolute-url
https://iclass.tku.edu.tw/market,iclass.tku.edu.tw,raw/iclass.tku.edu.tw/user/resources/shared.html,https://iclass.tku.edu.tw/user/resources/shared,absolute-url
https://www.youtube.com/iframe_api,www.youtube.com,raw/iclass.tku.edu.tw/user/resources/shared.html,https://iclass.tku.edu.tw/user/resources/shared,absolute-url
https://get.adobe.com/flashplayer/,get.adobe.com,raw/iclass.tku.edu.tw/user/resources/shared.html,https://iclass.tku.edu.tw/user/resources/shared,absolute-url
https://iclass.tku.edu.tw/,iclass.tku.edu.tw,raw/iclass.tku.edu.tw/user/resources/slides.html,https://iclass.tku.edu.tw/user/resources/slides,absolute-url
https://www.googletagmanager.com/gtag/js,www.googletagmanager.com,raw/iclass.tku.edu.tw/user/resources/slides.html,https://iclass.tku.edu.tw/user/resources/slides,absolute-url
https://github.com/OWASP/CheatSheetSeries/blob/master/cheatsheets/Clickjacking_Defense_Cheat_Sheet.md#best-for-now-legacy-browser-frame-breaking-script--,github.com,raw/iclass.tku.edu.tw/user/resources/slides.html,https://iclass.tku.edu.tw/user/resources/slides,absolute-url
https://bam.nr-data.net,bam.nr-data.net,raw/iclass.tku.edu.tw/user/resources/slides.html,https://iclass.tku.edu.tw/user/resources/slides,absolute-url
https://www.google-analytics.com,www.google-analytics.com,raw/iclass.tku.edu.tw/user/resources/slides.html,https://iclass.tku.edu.tw/user/resources/slides,absolute-url
https://iclass.tku.edu.tw/iportal,iclass.tku.edu.tw,raw/iclass.tku.edu.tw/user/resources/slides.html,https://iclass.tku.edu.tw/user/resources/slides,absolute-url
"https://tronclass.com.tw/public-manual/TronclassManual_System_Admin.pdf',",tronclass.com.tw,raw/iclass.tku.edu.tw/user/resources/slides.html,https://iclass.tku.edu.tw/user/resources/slides,absolute-url
"https://tronclass.com.tw/public-manual/TronclassManual_Administrator.pdf',",tronclass.com.tw,raw/iclass.tku.edu.tw/user/resources/slides.html,https://iclass.tku.edu.tw/user/resources/slides,absolute-url
"https://tronclass.com.tw/public-manual/manual-teacher.html',",tronclass.com.tw,raw/iclass.tku.edu.tw/user/resources/slides.html,https://iclass.tku.edu.tw/user/resources/slides,absolute-url
"https://tronclass.com.tw/public-manual/TronclassManual_Student.pdf',",tronclass.com.tw,raw/iclass.tku.edu.tw/user/resources/slides.html,https://iclass.tku.edu.tw/user/resources/slides,absolute-url
"https://tronclass.com.tw/public-manual/TronclassManual_App.pdf',",tronclass.com.tw,raw/iclass.tku.edu.tw/user/resources/slides.html,https://iclass.tku.edu.tw/user/resources/slides,absolute-url
https://support.tronclass.com',support.tronclass.com',raw/iclass.tku.edu.tw/user/resources/slides.html,https://iclass.tku.edu.tw/user/resources/slides,absolute-url
https://iclass.tku.edu.tw/market,iclass.tku.edu.tw,raw/iclass.tku.edu.tw/user/resources/slides.html,https://iclass.tku.edu.tw/user/resources/slides,absolute-url
https://www.youtube.com/iframe_api,www.youtube.com,raw/iclass.tku.edu.tw/user/resources/slides.html,https://iclass.tku.edu.tw/user/resources/slides,absolute-url
https://get.adobe.com/flashplayer/,get.adobe.com,raw/iclass.tku.edu.tw/user/resources/slides.html,https://iclass.tku.edu.tw/user/resources/slides,absolute-url
https://iclass.tku.edu.tw/,iclass.tku.edu.tw,raw/iclass.tku.edu.tw/user/resources/subject-libs.html,https://iclass.tku.edu.tw/user/resources/subject-libs,absolute-url
https://www.googletagmanager.com/gtag/js,www.googletagmanager.com,raw/iclass.tku.edu.tw/user/resources/subject-libs.html,https://iclass.tku.edu.tw/user/resources/subject-libs,absolute-url
https://github.com/OWASP/CheatSheetSeries/blob/master/cheatsheets/Clickjacking_Defense_Cheat_Sheet.md#best-for-now-legacy-browser-frame-breaking-script--,github.com,raw/iclass.tku.edu.tw/user/resources/subject-libs.html,https://iclass.tku.edu.tw/user/resources/subject-libs,absolute-url
https://bam.nr-data.net,bam.nr-data.net,raw/iclass.tku.edu.tw/user/resources/subject-libs.html,https://iclass.tku.edu.tw/user/resources/subject-libs,absolute-url
https://www.google-analytics.com,www.google-analytics.com,raw/iclass.tku.edu.tw/user/resources/subject-libs.html,https://iclass.tku.edu.tw/user/resources/subject-libs,absolute-url
https://iclass.tku.edu.tw/iportal,iclass.tku.edu.tw,raw/iclass.tku.edu.tw/user/resources/subject-libs.html,https://iclass.tku.edu.tw/user/resources/subject-libs,absolute-url
"https://tronclass.com.tw/public-manual/TronclassManual_System_Admin.pdf',",tronclass.com.tw,raw/iclass.tku.edu.tw/user/resources/subject-libs.html,https://iclass.tku.edu.tw/user/resources/subject-libs,absolute-url
"https://tronclass.com.tw/public-manual/TronclassManual_Administrator.pdf',",tronclass.com.tw,raw/iclass.tku.edu.tw/user/resources/subject-libs.html,https://iclass.tku.edu.tw/user/resources/subject-libs,absolute-url
"https://tronclass.com.tw/public-manual/manual-teacher.html',",tronclass.com.tw,raw/iclass.tku.edu.tw/user/resources/subject-libs.html,https://iclass.tku.edu.tw/user/resources/subject-libs,absolute-url
"https://tronclass.com.tw/public-manual/TronclassManual_Student.pdf',",tronclass.com.tw,raw/iclass.tku.edu.tw/user/resources/subject-libs.html,https://iclass.tku.edu.tw/user/resources/subject-libs,absolute-url
"https://tronclass.com.tw/public-manual/TronclassManual_App.pdf',",tronclass.com.tw,raw/iclass.tku.edu.tw/user/resources/subject-libs.html,https://iclass.tku.edu.tw/user/resources/subject-libs,absolute-url
https://support.tronclass.com',support.tronclass.com',raw/iclass.tku.edu.tw/user/resources/subject-libs.html,https://iclass.tku.edu.tw/user/resources/subject-libs,absolute-url
https://iclass.tku.edu.tw/market,iclass.tku.edu.tw,raw/iclass.tku.edu.tw/user/resources/subject-libs.html,https://iclass.tku.edu.tw/user/resources/subject-libs,absolute-url
https://www.youtube.com/iframe_api,www.youtube.com,raw/iclass.tku.edu.tw/user/resources/subject-libs.html,https://iclass.tku.edu.tw/user/resources/subject-libs,absolute-url
https://get.adobe.com/flashplayer/,get.adobe.com,raw/iclass.tku.edu.tw/user/resources/subject-libs.html,https://iclass.tku.edu.tw/user/resources/subject-libs,absolute-url
https://iclass.tku.edu.tw/,iclass.tku.edu.tw,raw/iclass.tku.edu.tw/user/resources/track-user.html,https://iclass.tku.edu.tw/user/resources/track-user,absolute-url
https://www.googletagmanager.com/gtag/js,www.googletagmanager.com,raw/iclass.tku.edu.tw/user/resources/track-user.html,https://iclass.tku.edu.tw/user/resources/track-user,absolute-url
https://github.com/OWASP/CheatSheetSeries/blob/master/cheatsheets/Clickjacking_Defense_Cheat_Sheet.md#best-for-now-legacy-browser-frame-breaking-script--,github.com,raw/iclass.tku.edu.tw/user/resources/track-user.html,https://iclass.tku.edu.tw/user/resources/track-user,absolute-url
https://bam.nr-data.net,bam.nr-data.net,raw/iclass.tku.edu.tw/user/resources/track-user.html,https://iclass.tku.edu.tw/user/resources/track-user,absolute-url
https://www.google-analytics.com,www.google-analytics.com,raw/iclass.tku.edu.tw/user/resources/track-user.html,https://iclass.tku.edu.tw/user/resources/track-user,absolute-url
https://iclass.tku.edu.tw/iportal,iclass.tku.edu.tw,raw/iclass.tku.edu.tw/user/resources/track-user.html,https://iclass.tku.edu.tw/user/resources/track-user,absolute-url
"https://tronclass.com.tw/public-manual/TronclassManual_System_Admin.pdf',",tronclass.com.tw,raw/iclass.tku.edu.tw/user/resources/track-user.html,https://iclass.tku.edu.tw/user/resources/track-user,absolute-url
"https://tronclass.com.tw/public-manual/TronclassManual_Administrator.pdf',",tronclass.com.tw,raw/iclass.tku.edu.tw/user/resources/track-user.html,https://iclass.tku.edu.tw/user/resources/track-user,absolute-url
"https://tronclass.com.tw/public-manual/manual-teacher.html',",tronclass.com.tw,raw/iclass.tku.edu.tw/user/resources/track-user.html,https://iclass.tku.edu.tw/user/resources/track-user,absolute-url
"https://tronclass.com.tw/public-manual/TronclassManual_Student.pdf',",tronclass.com.tw,raw/iclass.tku.edu.tw/user/resources/track-user.html,https://iclass.tku.edu.tw/user/resources/track-user,absolute-url
"https://tronclass.com.tw/public-manual/TronclassManual_App.pdf',",tronclass.com.tw,raw/iclass.tku.edu.tw/user/resources/track-user.html,https://iclass.tku.edu.tw/user/resources/track-user,absolute-url
https://support.tronclass.com',support.tronclass.com',raw/iclass.tku.edu.tw/user/resources/track-user.html,https://iclass.tku.edu.tw/user/resources/track-user,absolute-url
https://iclass.tku.edu.tw/market,iclass.tku.edu.tw,raw/iclass.tku.edu.tw/user/resources/track-user.html,https://iclass.tku.edu.tw/user/resources/track-user,absolute-url
https://www.youtube.com/iframe_api,www.youtube.com,raw/iclass.tku.edu.tw/user/resources/track-user.html,https://iclass.tku.edu.tw/user/resources/track-user,absolute-url
https://get.adobe.com/flashplayer/,get.adobe.com,raw/iclass.tku.edu.tw/user/resources/track-user.html,https://iclass.tku.edu.tw/user/resources/track-user,absolute-url
https://iclass.tku.edu.tw/,iclass.tku.edu.tw,raw/iclass.tku.edu.tw/user/resources/trustSrc.html,https://iclass.tku.edu.tw/user/resources/trustSrc,absolute-url
https://www.googletagmanager.com/gtag/js,www.googletagmanager.com,raw/iclass.tku.edu.tw/user/resources/trustSrc.html,https://iclass.tku.edu.tw/user/resources/trustSrc,absolute-url
https://github.com/OWASP/CheatSheetSeries/blob/master/cheatsheets/Clickjacking_Defense_Cheat_Sheet.md#best-for-now-legacy-browser-frame-breaking-script--,github.com,raw/iclass.tku.edu.tw/user/resources/trustSrc.html,https://iclass.tku.edu.tw/user/resources/trustSrc,absolute-url
https://bam.nr-data.net,bam.nr-data.net,raw/iclass.tku.edu.tw/user/resources/trustSrc.html,https://iclass.tku.edu.tw/user/resources/trustSrc,absolute-url
https://www.google-analytics.com,www.google-analytics.com,raw/iclass.tku.edu.tw/user/resources/trustSrc.html,https://iclass.tku.edu.tw/user/resources/trustSrc,absolute-url
https://iclass.tku.edu.tw/iportal,iclass.tku.edu.tw,raw/iclass.tku.edu.tw/user/resources/trustSrc.html,https://iclass.tku.edu.tw/user/resources/trustSrc,absolute-url
"https://tronclass.com.tw/public-manual/TronclassManual_System_Admin.pdf',",tronclass.com.tw,raw/iclass.tku.edu.tw/user/resources/trustSrc.html,https://iclass.tku.edu.tw/user/resources/trustSrc,absolute-url
"https://tronclass.com.tw/public-manual/TronclassManual_Administrator.pdf',",tronclass.com.tw,raw/iclass.tku.edu.tw/user/resources/trustSrc.html,https://iclass.tku.edu.tw/user/resources/trustSrc,absolute-url
"https://tronclass.com.tw/public-manual/manual-teacher.html',",tronclass.com.tw,raw/iclass.tku.edu.tw/user/resources/trustSrc.html,https://iclass.tku.edu.tw/user/resources/trustSrc,absolute-url
"https://tronclass.com.tw/public-manual/TronclassManual_Student.pdf',",tronclass.com.tw,raw/iclass.tku.edu.tw/user/resources/trustSrc.html,https://iclass.tku.edu.tw/user/resources/trustSrc,absolute-url
"https://tronclass.com.tw/public-manual/TronclassManual_App.pdf',",tronclass.com.tw,raw/iclass.tku.edu.tw/user/resources/trustSrc.html,https://iclass.tku.edu.tw/user/resources/trustSrc,absolute-url
https://support.tronclass.com',support.tronclass.com',raw/iclass.tku.edu.tw/user/resources/trustSrc.html,https://iclass.tku.edu.tw/user/resources/trustSrc,absolute-url
https://iclass.tku.edu.tw/market,iclass.tku.edu.tw,raw/iclass.tku.edu.tw/user/resources/trustSrc.html,https://iclass.tku.edu.tw/user/resources/trustSrc,absolute-url
https://www.youtube.com/iframe_api,www.youtube.com,raw/iclass.tku.edu.tw/user/resources/trustSrc.html,https://iclass.tku.edu.tw/user/resources/trustSrc,absolute-url
https://get.adobe.com/flashplayer/,get.adobe.com,raw/iclass.tku.edu.tw/user/resources/trustSrc.html,https://iclass.tku.edu.tw/user/resources/trustSrc,absolute-url
https://iclass.tku.edu.tw/,iclass.tku.edu.tw,raw/iclass.tku.edu.tw/user/resources/video-quizzes.html,https://iclass.tku.edu.tw/user/resources/video-quizzes,absolute-url
https://www.googletagmanager.com/gtag/js,www.googletagmanager.com,raw/iclass.tku.edu.tw/user/resources/video-quizzes.html,https://iclass.tku.edu.tw/user/resources/video-quizzes,absolute-url
https://github.com/OWASP/CheatSheetSeries/blob/master/cheatsheets/Clickjacking_Defense_Cheat_Sheet.md#best-for-now-legacy-browser-frame-breaking-script--,github.com,raw/iclass.tku.edu.tw/user/resources/video-quizzes.html,https://iclass.tku.edu.tw/user/resources/video-quizzes,absolute-url
https://bam.nr-data.net,bam.nr-data.net,raw/iclass.tku.edu.tw/user/resources/video-quizzes.html,https://iclass.tku.edu.tw/user/resources/video-quizzes,absolute-url
https://www.google-analytics.com,www.google-analytics.com,raw/iclass.tku.edu.tw/user/resources/video-quizzes.html,https://iclass.tku.edu.tw/user/resources/video-quizzes,absolute-url
https://iclass.tku.edu.tw/iportal,iclass.tku.edu.tw,raw/iclass.tku.edu.tw/user/resources/video-quizzes.html,https://iclass.tku.edu.tw/user/resources/video-quizzes,absolute-url
"https://tronclass.com.tw/public-manual/TronclassManual_System_Admin.pdf',",tronclass.com.tw,raw/iclass.tku.edu.tw/user/resources/video-quizzes.html,https://iclass.tku.edu.tw/user/resources/video-quizzes,absolute-url
"https://tronclass.com.tw/public-manual/TronclassManual_Administrator.pdf',",tronclass.com.tw,raw/iclass.tku.edu.tw/user/resources/video-quizzes.html,https://iclass.tku.edu.tw/user/resources/video-quizzes,absolute-url
"https://tronclass.com.tw/public-manual/manual-teacher.html',",tronclass.com.tw,raw/iclass.tku.edu.tw/user/resources/video-quizzes.html,https://iclass.tku.edu.tw/user/resources/video-quizzes,absolute-url
"https://tronclass.com.tw/public-manual/TronclassManual_Student.pdf',",tronclass.com.tw,raw/iclass.tku.edu.tw/user/resources/video-quizzes.html,https://iclass.tku.edu.tw/user/resources/video-quizzes,absolute-url
"https://tronclass.com.tw/public-manual/TronclassManual_App.pdf',",tronclass.com.tw,raw/iclass.tku.edu.tw/user/resources/video-quizzes.html,https://iclass.tku.edu.tw/user/resources/video-quizzes,absolute-url
https://support.tronclass.com',support.tronclass.com',raw/iclass.tku.edu.tw/user/resources/video-quizzes.html,https://iclass.tku.edu.tw/user/resources/video-quizzes,absolute-url
https://iclass.tku.edu.tw/market,iclass.tku.edu.tw,raw/iclass.tku.edu.tw/user/resources/video-quizzes.html,https://iclass.tku.edu.tw/user/resources/video-quizzes,absolute-url
https://www.youtube.com/iframe_api,www.youtube.com,raw/iclass.tku.edu.tw/user/resources/video-quizzes.html,https://iclass.tku.edu.tw/user/resources/video-quizzes,absolute-url
https://get.adobe.com/flashplayer/,get.adobe.com,raw/iclass.tku.edu.tw/user/resources/video-quizzes.html,https://iclass.tku.edu.tw/user/resources/video-quizzes,absolute-url
https://iclass.tku.edu.tw/,iclass.tku.edu.tw,raw/iclass.tku.edu.tw/user/resources/video_storage.html,https://iclass.tku.edu.tw/user/resources/video_storage,absolute-url
https://www.googletagmanager.com/gtag/js,www.googletagmanager.com,raw/iclass.tku.edu.tw/user/resources/video_storage.html,https://iclass.tku.edu.tw/user/resources/video_storage,absolute-url
https://github.com/OWASP/CheatSheetSeries/blob/master/cheatsheets/Clickjacking_Defense_Cheat_Sheet.md#best-for-now-legacy-browser-frame-breaking-script--,github.com,raw/iclass.tku.edu.tw/user/resources/video_storage.html,https://iclass.tku.edu.tw/user/resources/video_storage,absolute-url
https://bam.nr-data.net,bam.nr-data.net,raw/iclass.tku.edu.tw/user/resources/video_storage.html,https://iclass.tku.edu.tw/user/resources/video_storage,absolute-url
https://www.google-analytics.com,www.google-analytics.com,raw/iclass.tku.edu.tw/user/resources/video_storage.html,https://iclass.tku.edu.tw/user/resources/video_storage,absolute-url
https://iclass.tku.edu.tw/iportal,iclass.tku.edu.tw,raw/iclass.tku.edu.tw/user/resources/video_storage.html,https://iclass.tku.edu.tw/user/resources/video_storage,absolute-url
"https://tronclass.com.tw/public-manual/TronclassManual_System_Admin.pdf',",tronclass.com.tw,raw/iclass.tku.edu.tw/user/resources/video_storage.html,https://iclass.tku.edu.tw/user/resources/video_storage,absolute-url
"https://tronclass.com.tw/public-manual/TronclassManual_Administrator.pdf',",tronclass.com.tw,raw/iclass.tku.edu.tw/user/resources/video_storage.html,https://iclass.tku.edu.tw/user/resources/video_storage,absolute-url
"https://tronclass.com.tw/public-manual/manual-teacher.html',",tronclass.com.tw,raw/iclass.tku.edu.tw/user/resources/video_storage.html,https://iclass.tku.edu.tw/user/resources/video_storage,absolute-url
"https://tronclass.com.tw/public-manual/TronclassManual_Student.pdf',",tronclass.com.tw,raw/iclass.tku.edu.tw/user/resources/video_storage.html,https://iclass.tku.edu.tw/user/resources/video_storage,absolute-url
"https://tronclass.com.tw/public-manual/TronclassManual_App.pdf',",tronclass.com.tw,raw/iclass.tku.edu.tw/user/resources/video_storage.html,https://iclass.tku.edu.tw/user/resources/video_storage,absolute-url
https://support.tronclass.com',support.tronclass.com',raw/iclass.tku.edu.tw/user/resources/video_storage.html,https://iclass.tku.edu.tw/user/resources/video_storage,absolute-url
https://iclass.tku.edu.tw/market,iclass.tku.edu.tw,raw/iclass.tku.edu.tw/user/resources/video_storage.html,https://iclass.tku.edu.tw/user/resources/video_storage,absolute-url
https://www.youtube.com/iframe_api,www.youtube.com,raw/iclass.tku.edu.tw/user/resources/video_storage.html,https://iclass.tku.edu.tw/user/resources/video_storage,absolute-url
https://get.adobe.com/flashplayer/,get.adobe.com,raw/iclass.tku.edu.tw/user/resources/video_storage.html,https://iclass.tku.edu.tw/user/resources/video_storage,absolute-url
https://iclass.tku.edu.tw/,iclass.tku.edu.tw,raw/iclass.tku.edu.tw/user/search.html,https://iclass.tku.edu.tw/user/search,absolute-url
https://www.googletagmanager.com/gtag/js,www.googletagmanager.com,raw/iclass.tku.edu.tw/user/search.html,https://iclass.tku.edu.tw/user/search,absolute-url
https://github.com/OWASP/CheatSheetSeries/blob/master/cheatsheets/Clickjacking_Defense_Cheat_Sheet.md#best-for-now-legacy-browser-frame-breaking-script--,github.com,raw/iclass.tku.edu.tw/user/search.html,https://iclass.tku.edu.tw/user/search,absolute-url
https://bam.nr-data.net,bam.nr-data.net,raw/iclass.tku.edu.tw/user/search.html,https://iclass.tku.edu.tw/user/search,absolute-url
https://www.google-analytics.com,www.google-analytics.com,raw/iclass.tku.edu.tw/user/search.html,https://iclass.tku.edu.tw/user/search,absolute-url
https://iclass.tku.edu.tw/iportal,iclass.tku.edu.tw,raw/iclass.tku.edu.tw/user/search.html,https://iclass.tku.edu.tw/user/search,absolute-url
"https://tronclass.com.tw/public-manual/TronclassManual_System_Admin.pdf',",tronclass.com.tw,raw/iclass.tku.edu.tw/user/search.html,https://iclass.tku.edu.tw/user/search,absolute-url
"https://tronclass.com.tw/public-manual/TronclassManual_Administrator.pdf',",tronclass.com.tw,raw/iclass.tku.edu.tw/user/search.html,https://iclass.tku.edu.tw/user/search,absolute-url
"https://tronclass.com.tw/public-manual/manual-teacher.html',",tronclass.com.tw,raw/iclass.tku.edu.tw/user/search.html,https://iclass.tku.edu.tw/user/search,absolute-url
"https://tronclass.com.tw/public-manual/TronclassManual_Student.pdf',",tronclass.com.tw,raw/iclass.tku.edu.tw/user/search.html,https://iclass.tku.edu.tw/user/search,absolute-url
"https://tronclass.com.tw/public-manual/TronclassManual_App.pdf',",tronclass.com.tw,raw/iclass.tku.edu.tw/user/search.html,https://iclass.tku.edu.tw/user/search,absolute-url
https://support.tronclass.com',support.tronclass.com',raw/iclass.tku.edu.tw/user/search.html,https://iclass.tku.edu.tw/user/search,absolute-url
https://iclass.tku.edu.tw/market,iclass.tku.edu.tw,raw/iclass.tku.edu.tw/user/search.html,https://iclass.tku.edu.tw/user/search,absolute-url
https://www.youtube.com/iframe_api,www.youtube.com,raw/iclass.tku.edu.tw/user/search.html,https://iclass.tku.edu.tw/user/search,absolute-url
https://get.adobe.com/flashplayer/,get.adobe.com,raw/iclass.tku.edu.tw/user/search.html,https://iclass.tku.edu.tw/user/search,absolute-url
https://iclass.tku.edu.tw/,iclass.tku.edu.tw,raw/iclass.tku.edu.tw/user/settings.html,https://iclass.tku.edu.tw/user/settings,absolute-url
https://www.googletagmanager.com/gtag/js,www.googletagmanager.com,raw/iclass.tku.edu.tw/user/settings.html,https://iclass.tku.edu.tw/user/settings,absolute-url
https://github.com/OWASP/CheatSheetSeries/blob/master/cheatsheets/Clickjacking_Defense_Cheat_Sheet.md#best-for-now-legacy-browser-frame-breaking-script--,github.com,raw/iclass.tku.edu.tw/user/settings.html,https://iclass.tku.edu.tw/user/settings,absolute-url
https://bam.nr-data.net,bam.nr-data.net,raw/iclass.tku.edu.tw/user/settings.html,https://iclass.tku.edu.tw/user/settings,absolute-url
https://www.google-analytics.com,www.google-analytics.com,raw/iclass.tku.edu.tw/user/settings.html,https://iclass.tku.edu.tw/user/settings,absolute-url
https://iclass.tku.edu.tw/iportal,iclass.tku.edu.tw,raw/iclass.tku.edu.tw/user/settings.html,https://iclass.tku.edu.tw/user/settings,absolute-url
"https://tronclass.com.tw/public-manual/TronclassManual_System_Admin.pdf',",tronclass.com.tw,raw/iclass.tku.edu.tw/user/settings.html,https://iclass.tku.edu.tw/user/settings,absolute-url
"https://tronclass.com.tw/public-manual/TronclassManual_Administrator.pdf',",tronclass.com.tw,raw/iclass.tku.edu.tw/user/settings.html,https://iclass.tku.edu.tw/user/settings,absolute-url
"https://tronclass.com.tw/public-manual/manual-teacher.html',",tronclass.com.tw,raw/iclass.tku.edu.tw/user/settings.html,https://iclass.tku.edu.tw/user/settings,absolute-url
"https://tronclass.com.tw/public-manual/TronclassManual_Student.pdf',",tronclass.com.tw,raw/iclass.tku.edu.tw/user/settings.html,https://iclass.tku.edu.tw/user/settings,absolute-url
"https://tronclass.com.tw/public-manual/TronclassManual_App.pdf',",tronclass.com.tw,raw/iclass.tku.edu.tw/user/settings.html,https://iclass.tku.edu.tw/user/settings,absolute-url
https://support.tronclass.com',support.tronclass.com',raw/iclass.tku.edu.tw/user/settings.html,https://iclass.tku.edu.tw/user/settings,absolute-url
https://iclass.tku.edu.tw/market,iclass.tku.edu.tw,raw/iclass.tku.edu.tw/user/settings.html,https://iclass.tku.edu.tw/user/settings,absolute-url
https://www.youtube.com/iframe_api,www.youtube.com,raw/iclass.tku.edu.tw/user/settings.html,https://iclass.tku.edu.tw/user/settings,absolute-url
https://get.adobe.com/flashplayer/,get.adobe.com,raw/iclass.tku.edu.tw/user/settings.html,https://iclass.tku.edu.tw/user/settings,absolute-url
https://iclass.tku.edu.tw/,iclass.tku.edu.tw,raw/iclass.tku.edu.tw/user/settings__q_5fcfc32b26.html,https://iclass.tku.edu.tw/user/settings?bindMobile,absolute-url
https://www.googletagmanager.com/gtag/js,www.googletagmanager.com,raw/iclass.tku.edu.tw/user/settings__q_5fcfc32b26.html,https://iclass.tku.edu.tw/user/settings?bindMobile,absolute-url
https://github.com/OWASP/CheatSheetSeries/blob/master/cheatsheets/Clickjacking_Defense_Cheat_Sheet.md#best-for-now-legacy-browser-frame-breaking-script--,github.com,raw/iclass.tku.edu.tw/user/settings__q_5fcfc32b26.html,https://iclass.tku.edu.tw/user/settings?bindMobile,absolute-url
https://bam.nr-data.net,bam.nr-data.net,raw/iclass.tku.edu.tw/user/settings__q_5fcfc32b26.html,https://iclass.tku.edu.tw/user/settings?bindMobile,absolute-url
https://www.google-analytics.com,www.google-analytics.com,raw/iclass.tku.edu.tw/user/settings__q_5fcfc32b26.html,https://iclass.tku.edu.tw/user/settings?bindMobile,absolute-url
https://iclass.tku.edu.tw/iportal,iclass.tku.edu.tw,raw/iclass.tku.edu.tw/user/settings__q_5fcfc32b26.html,https://iclass.tku.edu.tw/user/settings?bindMobile,absolute-url
"https://tronclass.com.tw/public-manual/TronclassManual_System_Admin.pdf',",tronclass.com.tw,raw/iclass.tku.edu.tw/user/settings__q_5fcfc32b26.html,https://iclass.tku.edu.tw/user/settings?bindMobile,absolute-url
"https://tronclass.com.tw/public-manual/TronclassManual_Administrator.pdf',",tronclass.com.tw,raw/iclass.tku.edu.tw/user/settings__q_5fcfc32b26.html,https://iclass.tku.edu.tw/user/settings?bindMobile,absolute-url
"https://tronclass.com.tw/public-manual/manual-teacher.html',",tronclass.com.tw,raw/iclass.tku.edu.tw/user/settings__q_5fcfc32b26.html,https://iclass.tku.edu.tw/user/settings?bindMobile,absolute-url
"https://tronclass.com.tw/public-manual/TronclassManual_Student.pdf',",tronclass.com.tw,raw/iclass.tku.edu.tw/user/settings__q_5fcfc32b26.html,https://iclass.tku.edu.tw/user/settings?bindMobile,absolute-url
"https://tronclass.com.tw/public-manual/TronclassManual_App.pdf',",tronclass.com.tw,raw/iclass.tku.edu.tw/user/settings__q_5fcfc32b26.html,https://iclass.tku.edu.tw/user/settings?bindMobile,absolute-url
https://support.tronclass.com',support.tronclass.com',raw/iclass.tku.edu.tw/user/settings__q_5fcfc32b26.html,https://iclass.tku.edu.tw/user/settings?bindMobile,absolute-url
https://iclass.tku.edu.tw/market,iclass.tku.edu.tw,raw/iclass.tku.edu.tw/user/settings__q_5fcfc32b26.html,https://iclass.tku.edu.tw/user/settings?bindMobile,absolute-url
https://www.youtube.com/iframe_api,www.youtube.com,raw/iclass.tku.edu.tw/user/settings__q_5fcfc32b26.html,https://iclass.tku.edu.tw/user/settings?bindMobile,absolute-url
https://get.adobe.com/flashplayer/,get.adobe.com,raw/iclass.tku.edu.tw/user/settings__q_5fcfc32b26.html,https://iclass.tku.edu.tw/user/settings?bindMobile,absolute-url
https://iclass.tku.edu.tw/,iclass.tku.edu.tw,raw/iclass.tku.edu.tw/user/sites-menu.html,https://iclass.tku.edu.tw/user/sites-menu,absolute-url
https://www.googletagmanager.com/gtag/js,www.googletagmanager.com,raw/iclass.tku.edu.tw/user/sites-menu.html,https://iclass.tku.edu.tw/user/sites-menu,absolute-url
https://github.com/OWASP/CheatSheetSeries/blob/master/cheatsheets/Clickjacking_Defense_Cheat_Sheet.md#best-for-now-legacy-browser-frame-breaking-script--,github.com,raw/iclass.tku.edu.tw/user/sites-menu.html,https://iclass.tku.edu.tw/user/sites-menu,absolute-url
https://bam.nr-data.net,bam.nr-data.net,raw/iclass.tku.edu.tw/user/sites-menu.html,https://iclass.tku.edu.tw/user/sites-menu,absolute-url
https://www.google-analytics.com,www.google-analytics.com,raw/iclass.tku.edu.tw/user/sites-menu.html,https://iclass.tku.edu.tw/user/sites-menu,absolute-url
https://iclass.tku.edu.tw/iportal,iclass.tku.edu.tw,raw/iclass.tku.edu.tw/user/sites-menu.html,https://iclass.tku.edu.tw/user/sites-menu,absolute-url
"https://tronclass.com.tw/public-manual/TronclassManual_System_Admin.pdf',",tronclass.com.tw,raw/iclass.tku.edu.tw/user/sites-menu.html,https://iclass.tku.edu.tw/user/sites-menu,absolute-url
"https://tronclass.com.tw/public-manual/TronclassManual_Administrator.pdf',",tronclass.com.tw,raw/iclass.tku.edu.tw/user/sites-menu.html,https://iclass.tku.edu.tw/user/sites-menu,absolute-url
"https://tronclass.com.tw/public-manual/manual-teacher.html',",tronclass.com.tw,raw/iclass.tku.edu.tw/user/sites-menu.html,https://iclass.tku.edu.tw/user/sites-menu,absolute-url
"https://tronclass.com.tw/public-manual/TronclassManual_Student.pdf',",tronclass.com.tw,raw/iclass.tku.edu.tw/user/sites-menu.html,https://iclass.tku.edu.tw/user/sites-menu,absolute-url
"https://tronclass.com.tw/public-manual/TronclassManual_App.pdf',",tronclass.com.tw,raw/iclass.tku.edu.tw/user/sites-menu.html,https://iclass.tku.edu.tw/user/sites-menu,absolute-url
https://support.tronclass.com',support.tronclass.com',raw/iclass.tku.edu.tw/user/sites-menu.html,https://iclass.tku.edu.tw/user/sites-menu,absolute-url
https://iclass.tku.edu.tw/market,iclass.tku.edu.tw,raw/iclass.tku.edu.tw/user/sites-menu.html,https://iclass.tku.edu.tw/user/sites-menu,absolute-url
https://sso.tku.edu.tw/dlphn/sso_trace_qry.cshtml,sso.tku.edu.tw,raw/iclass.tku.edu.tw/user/sites-menu.html,https://iclass.tku.edu.tw/user/sites-menu,absolute-url
https://www.youtube.com/iframe_api,www.youtube.com,raw/iclass.tku.edu.tw/user/sites-menu.html,https://iclass.tku.edu.tw/user/sites-menu,absolute-url
https://get.adobe.com/flashplayer/,get.adobe.com,raw/iclass.tku.edu.tw/user/sites-menu.html,https://iclass.tku.edu.tw/user/sites-menu,absolute-url
https://iclass.tku.edu.tw/,iclass.tku.edu.tw,raw/iclass.tku.edu.tw/user/slides/index.html,https://iclass.tku.edu.tw/user/slides/,absolute-url
https://www.googletagmanager.com/gtag/js,www.googletagmanager.com,raw/iclass.tku.edu.tw/user/slides/index.html,https://iclass.tku.edu.tw/user/slides/,absolute-url
https://github.com/OWASP/CheatSheetSeries/blob/master/cheatsheets/Clickjacking_Defense_Cheat_Sheet.md#best-for-now-legacy-browser-frame-breaking-script--,github.com,raw/iclass.tku.edu.tw/user/slides/index.html,https://iclass.tku.edu.tw/user/slides/,absolute-url
https://bam.nr-data.net,bam.nr-data.net,raw/iclass.tku.edu.tw/user/slides/index.html,https://iclass.tku.edu.tw/user/slides/,absolute-url
https://www.google-analytics.com,www.google-analytics.com,raw/iclass.tku.edu.tw/user/slides/index.html,https://iclass.tku.edu.tw/user/slides/,absolute-url
https://iclass.tku.edu.tw/iportal,iclass.tku.edu.tw,raw/iclass.tku.edu.tw/user/slides/index.html,https://iclass.tku.edu.tw/user/slides/,absolute-url
"https://tronclass.com.tw/public-manual/TronclassManual_System_Admin.pdf',",tronclass.com.tw,raw/iclass.tku.edu.tw/user/slides/index.html,https://iclass.tku.edu.tw/user/slides/,absolute-url
"https://tronclass.com.tw/public-manual/TronclassManual_Administrator.pdf',",tronclass.com.tw,raw/iclass.tku.edu.tw/user/slides/index.html,https://iclass.tku.edu.tw/user/slides/,absolute-url
"https://tronclass.com.tw/public-manual/manual-teacher.html',",tronclass.com.tw,raw/iclass.tku.edu.tw/user/slides/index.html,https://iclass.tku.edu.tw/user/slides/,absolute-url
"https://tronclass.com.tw/public-manual/TronclassManual_Student.pdf',",tronclass.com.tw,raw/iclass.tku.edu.tw/user/slides/index.html,https://iclass.tku.edu.tw/user/slides/,absolute-url
"https://tronclass.com.tw/public-manual/TronclassManual_App.pdf',",tronclass.com.tw,raw/iclass.tku.edu.tw/user/slides/index.html,https://iclass.tku.edu.tw/user/slides/,absolute-url
https://support.tronclass.com',support.tronclass.com',raw/iclass.tku.edu.tw/user/slides/index.html,https://iclass.tku.edu.tw/user/slides/,absolute-url
https://iclass.tku.edu.tw/market,iclass.tku.edu.tw,raw/iclass.tku.edu.tw/user/slides/index.html,https://iclass.tku.edu.tw/user/slides/,absolute-url
https://www.youtube.com/iframe_api,www.youtube.com,raw/iclass.tku.edu.tw/user/slides/index.html,https://iclass.tku.edu.tw/user/slides/,absolute-url
https://get.adobe.com/flashplayer/,get.adobe.com,raw/iclass.tku.edu.tw/user/slides/index.html,https://iclass.tku.edu.tw/user/slides/,absolute-url
https://iclass.tku.edu.tw/,iclass.tku.edu.tw,raw/iclass.tku.edu.tw/user/studios.html,https://iclass.tku.edu.tw/user/studios,absolute-url
https://www.googletagmanager.com/gtag/js,www.googletagmanager.com,raw/iclass.tku.edu.tw/user/studios.html,https://iclass.tku.edu.tw/user/studios,absolute-url
https://github.com/OWASP/CheatSheetSeries/blob/master/cheatsheets/Clickjacking_Defense_Cheat_Sheet.md#best-for-now-legacy-browser-frame-breaking-script--,github.com,raw/iclass.tku.edu.tw/user/studios.html,https://iclass.tku.edu.tw/user/studios,absolute-url
https://bam.nr-data.net,bam.nr-data.net,raw/iclass.tku.edu.tw/user/studios.html,https://iclass.tku.edu.tw/user/studios,absolute-url
https://www.google-analytics.com,www.google-analytics.com,raw/iclass.tku.edu.tw/user/studios.html,https://iclass.tku.edu.tw/user/studios,absolute-url
https://iclass.tku.edu.tw/iportal,iclass.tku.edu.tw,raw/iclass.tku.edu.tw/user/studios.html,https://iclass.tku.edu.tw/user/studios,absolute-url
"https://tronclass.com.tw/public-manual/TronclassManual_System_Admin.pdf',",tronclass.com.tw,raw/iclass.tku.edu.tw/user/studios.html,https://iclass.tku.edu.tw/user/studios,absolute-url
"https://tronclass.com.tw/public-manual/TronclassManual_Administrator.pdf',",tronclass.com.tw,raw/iclass.tku.edu.tw/user/studios.html,https://iclass.tku.edu.tw/user/studios,absolute-url
"https://tronclass.com.tw/public-manual/manual-teacher.html',",tronclass.com.tw,raw/iclass.tku.edu.tw/user/studios.html,https://iclass.tku.edu.tw/user/studios,absolute-url
"https://tronclass.com.tw/public-manual/TronclassManual_Student.pdf',",tronclass.com.tw,raw/iclass.tku.edu.tw/user/studios.html,https://iclass.tku.edu.tw/user/studios,absolute-url
"https://tronclass.com.tw/public-manual/TronclassManual_App.pdf',",tronclass.com.tw,raw/iclass.tku.edu.tw/user/studios.html,https://iclass.tku.edu.tw/user/studios,absolute-url
https://support.tronclass.com',support.tronclass.com',raw/iclass.tku.edu.tw/user/studios.html,https://iclass.tku.edu.tw/user/studios,absolute-url
https://iclass.tku.edu.tw/market,iclass.tku.edu.tw,raw/iclass.tku.edu.tw/user/studios.html,https://iclass.tku.edu.tw/user/studios,absolute-url
https://www.youtube.com/iframe_api,www.youtube.com,raw/iclass.tku.edu.tw/user/studios.html,https://iclass.tku.edu.tw/user/studios,absolute-url
https://get.adobe.com/flashplayer/,get.adobe.com,raw/iclass.tku.edu.tw/user/studios.html,https://iclass.tku.edu.tw/user/studios,absolute-url
https://iclass.tku.edu.tw/,iclass.tku.edu.tw,raw/iclass.tku.edu.tw/user/supervision-reports.html,https://iclass.tku.edu.tw/user/supervision-reports,absolute-url
https://www.googletagmanager.com/gtag/js,www.googletagmanager.com,raw/iclass.tku.edu.tw/user/supervision-reports.html,https://iclass.tku.edu.tw/user/supervision-reports,absolute-url
https://github.com/OWASP/CheatSheetSeries/blob/master/cheatsheets/Clickjacking_Defense_Cheat_Sheet.md#best-for-now-legacy-browser-frame-breaking-script--,github.com,raw/iclass.tku.edu.tw/user/supervision-reports.html,https://iclass.tku.edu.tw/user/supervision-reports,absolute-url
https://bam.nr-data.net,bam.nr-data.net,raw/iclass.tku.edu.tw/user/supervision-reports.html,https://iclass.tku.edu.tw/user/supervision-reports,absolute-url
https://www.google-analytics.com,www.google-analytics.com,raw/iclass.tku.edu.tw/user/supervision-reports.html,https://iclass.tku.edu.tw/user/supervision-reports,absolute-url
https://iclass.tku.edu.tw/iportal,iclass.tku.edu.tw,raw/iclass.tku.edu.tw/user/supervision-reports.html,https://iclass.tku.edu.tw/user/supervision-reports,absolute-url
"https://tronclass.com.tw/public-manual/TronclassManual_System_Admin.pdf',",tronclass.com.tw,raw/iclass.tku.edu.tw/user/supervision-reports.html,https://iclass.tku.edu.tw/user/supervision-reports,absolute-url
"https://tronclass.com.tw/public-manual/TronclassManual_Administrator.pdf',",tronclass.com.tw,raw/iclass.tku.edu.tw/user/supervision-reports.html,https://iclass.tku.edu.tw/user/supervision-reports,absolute-url
"https://tronclass.com.tw/public-manual/manual-teacher.html',",tronclass.com.tw,raw/iclass.tku.edu.tw/user/supervision-reports.html,https://iclass.tku.edu.tw/user/supervision-reports,absolute-url
"https://tronclass.com.tw/public-manual/TronclassManual_Student.pdf',",tronclass.com.tw,raw/iclass.tku.edu.tw/user/supervision-reports.html,https://iclass.tku.edu.tw/user/supervision-reports,absolute-url
"https://tronclass.com.tw/public-manual/TronclassManual_App.pdf',",tronclass.com.tw,raw/iclass.tku.edu.tw/user/supervision-reports.html,https://iclass.tku.edu.tw/user/supervision-reports,absolute-url
https://support.tronclass.com',support.tronclass.com',raw/iclass.tku.edu.tw/user/supervision-reports.html,https://iclass.tku.edu.tw/user/supervision-reports,absolute-url
https://iclass.tku.edu.tw/market,iclass.tku.edu.tw,raw/iclass.tku.edu.tw/user/supervision-reports.html,https://iclass.tku.edu.tw/user/supervision-reports,absolute-url
https://www.youtube.com/iframe_api,www.youtube.com,raw/iclass.tku.edu.tw/user/supervision-reports.html,https://iclass.tku.edu.tw/user/supervision-reports,absolute-url
https://get.adobe.com/flashplayer/,get.adobe.com,raw/iclass.tku.edu.tw/user/supervision-reports.html,https://iclass.tku.edu.tw/user/supervision-reports,absolute-url
https://iclass.tku.edu.tw/,iclass.tku.edu.tw,raw/iclass.tku.edu.tw/user/trustSrc.html,https://iclass.tku.edu.tw/user/trustSrc,absolute-url
https://www.googletagmanager.com/gtag/js,www.googletagmanager.com,raw/iclass.tku.edu.tw/user/trustSrc.html,https://iclass.tku.edu.tw/user/trustSrc,absolute-url
https://github.com/OWASP/CheatSheetSeries/blob/master/cheatsheets/Clickjacking_Defense_Cheat_Sheet.md#best-for-now-legacy-browser-frame-breaking-script--,github.com,raw/iclass.tku.edu.tw/user/trustSrc.html,https://iclass.tku.edu.tw/user/trustSrc,absolute-url
https://bam.nr-data.net,bam.nr-data.net,raw/iclass.tku.edu.tw/user/trustSrc.html,https://iclass.tku.edu.tw/user/trustSrc,absolute-url
https://www.google-analytics.com,www.google-analytics.com,raw/iclass.tku.edu.tw/user/trustSrc.html,https://iclass.tku.edu.tw/user/trustSrc,absolute-url
https://iclass.tku.edu.tw/iportal,iclass.tku.edu.tw,raw/iclass.tku.edu.tw/user/trustSrc.html,https://iclass.tku.edu.tw/user/trustSrc,absolute-url
"https://tronclass.com.tw/public-manual/TronclassManual_System_Admin.pdf',",tronclass.com.tw,raw/iclass.tku.edu.tw/user/trustSrc.html,https://iclass.tku.edu.tw/user/trustSrc,absolute-url
"https://tronclass.com.tw/public-manual/TronclassManual_Administrator.pdf',",tronclass.com.tw,raw/iclass.tku.edu.tw/user/trustSrc.html,https://iclass.tku.edu.tw/user/trustSrc,absolute-url
"https://tronclass.com.tw/public-manual/manual-teacher.html',",tronclass.com.tw,raw/iclass.tku.edu.tw/user/trustSrc.html,https://iclass.tku.edu.tw/user/trustSrc,absolute-url
"https://tronclass.com.tw/public-manual/TronclassManual_Student.pdf',",tronclass.com.tw,raw/iclass.tku.edu.tw/user/trustSrc.html,https://iclass.tku.edu.tw/user/trustSrc,absolute-url
"https://tronclass.com.tw/public-manual/TronclassManual_App.pdf',",tronclass.com.tw,raw/iclass.tku.edu.tw/user/trustSrc.html,https://iclass.tku.edu.tw/user/trustSrc,absolute-url
https://support.tronclass.com',support.tronclass.com',raw/iclass.tku.edu.tw/user/trustSrc.html,https://iclass.tku.edu.tw/user/trustSrc,absolute-url
https://iclass.tku.edu.tw/market,iclass.tku.edu.tw,raw/iclass.tku.edu.tw/user/trustSrc.html,https://iclass.tku.edu.tw/user/trustSrc,absolute-url
https://www.youtube.com/iframe_api,www.youtube.com,raw/iclass.tku.edu.tw/user/trustSrc.html,https://iclass.tku.edu.tw/user/trustSrc,absolute-url
https://get.adobe.com/flashplayer/,get.adobe.com,raw/iclass.tku.edu.tw/user/trustSrc.html,https://iclass.tku.edu.tw/user/trustSrc,absolute-url
https://iclass.tku.edu.tw/,iclass.tku.edu.tw,raw/iclass.tku.edu.tw/user/vtrses.html,https://iclass.tku.edu.tw/user/vtrses,absolute-url
https://www.googletagmanager.com/gtag/js,www.googletagmanager.com,raw/iclass.tku.edu.tw/user/vtrses.html,https://iclass.tku.edu.tw/user/vtrses,absolute-url
https://github.com/OWASP/CheatSheetSeries/blob/master/cheatsheets/Clickjacking_Defense_Cheat_Sheet.md#best-for-now-legacy-browser-frame-breaking-script--,github.com,raw/iclass.tku.edu.tw/user/vtrses.html,https://iclass.tku.edu.tw/user/vtrses,absolute-url
https://bam.nr-data.net,bam.nr-data.net,raw/iclass.tku.edu.tw/user/vtrses.html,https://iclass.tku.edu.tw/user/vtrses,absolute-url
https://www.google-analytics.com,www.google-analytics.com,raw/iclass.tku.edu.tw/user/vtrses.html,https://iclass.tku.edu.tw/user/vtrses,absolute-url
https://iclass.tku.edu.tw/iportal,iclass.tku.edu.tw,raw/iclass.tku.edu.tw/user/vtrses.html,https://iclass.tku.edu.tw/user/vtrses,absolute-url
"https://tronclass.com.tw/public-manual/TronclassManual_System_Admin.pdf',",tronclass.com.tw,raw/iclass.tku.edu.tw/user/vtrses.html,https://iclass.tku.edu.tw/user/vtrses,absolute-url
"https://tronclass.com.tw/public-manual/TronclassManual_Administrator.pdf',",tronclass.com.tw,raw/iclass.tku.edu.tw/user/vtrses.html,https://iclass.tku.edu.tw/user/vtrses,absolute-url
"https://tronclass.com.tw/public-manual/manual-teacher.html',",tronclass.com.tw,raw/iclass.tku.edu.tw/user/vtrses.html,https://iclass.tku.edu.tw/user/vtrses,absolute-url
"https://tronclass.com.tw/public-manual/TronclassManual_Student.pdf',",tronclass.com.tw,raw/iclass.tku.edu.tw/user/vtrses.html,https://iclass.tku.edu.tw/user/vtrses,absolute-url
"https://tronclass.com.tw/public-manual/TronclassManual_App.pdf',",tronclass.com.tw,raw/iclass.tku.edu.tw/user/vtrses.html,https://iclass.tku.edu.tw/user/vtrses,absolute-url
https://support.tronclass.com',support.tronclass.com',raw/iclass.tku.edu.tw/user/vtrses.html,https://iclass.tku.edu.tw/user/vtrses,absolute-url
https://iclass.tku.edu.tw/market,iclass.tku.edu.tw,raw/iclass.tku.edu.tw/user/vtrses.html,https://iclass.tku.edu.tw/user/vtrses,absolute-url
https://www.youtube.com/iframe_api,www.youtube.com,raw/iclass.tku.edu.tw/user/vtrses.html,https://iclass.tku.edu.tw/user/vtrses,absolute-url
https://get.adobe.com/flashplayer/,get.adobe.com,raw/iclass.tku.edu.tw/user/vtrses.html,https://iclass.tku.edu.tw/user/vtrses,absolute-url
https://iclass.tku.edu.tw/,iclass.tku.edu.tw,raw/iclass.tku.edu.tw/users.html,https://iclass.tku.edu.tw/users,absolute-url
https://www.googletagmanager.com/gtag/js,www.googletagmanager.com,raw/iclass.tku.edu.tw/users.html,https://iclass.tku.edu.tw/users,absolute-url
https://github.com/OWASP/CheatSheetSeries/blob/master/cheatsheets/Clickjacking_Defense_Cheat_Sheet.md#best-for-now-legacy-browser-frame-breaking-script--,github.com,raw/iclass.tku.edu.tw/users.html,https://iclass.tku.edu.tw/users,absolute-url
https://bam.nr-data.net,bam.nr-data.net,raw/iclass.tku.edu.tw/users.html,https://iclass.tku.edu.tw/users,absolute-url
https://www.google-analytics.com,www.google-analytics.com,raw/iclass.tku.edu.tw/users.html,https://iclass.tku.edu.tw/users,absolute-url
https://iclass.tku.edu.tw/iportal,iclass.tku.edu.tw,raw/iclass.tku.edu.tw/users.html,https://iclass.tku.edu.tw/users,absolute-url
"https://tronclass.com.tw/public-manual/TronclassManual_System_Admin.pdf',",tronclass.com.tw,raw/iclass.tku.edu.tw/users.html,https://iclass.tku.edu.tw/users,absolute-url
"https://tronclass.com.tw/public-manual/TronclassManual_Administrator.pdf',",tronclass.com.tw,raw/iclass.tku.edu.tw/users.html,https://iclass.tku.edu.tw/users,absolute-url
"https://tronclass.com.tw/public-manual/manual-teacher.html',",tronclass.com.tw,raw/iclass.tku.edu.tw/users.html,https://iclass.tku.edu.tw/users,absolute-url
"https://tronclass.com.tw/public-manual/TronclassManual_Student.pdf',",tronclass.com.tw,raw/iclass.tku.edu.tw/users.html,https://iclass.tku.edu.tw/users,absolute-url
"https://tronclass.com.tw/public-manual/TronclassManual_App.pdf',",tronclass.com.tw,raw/iclass.tku.edu.tw/users.html,https://iclass.tku.edu.tw/users,absolute-url
https://support.tronclass.com',support.tronclass.com',raw/iclass.tku.edu.tw/users.html,https://iclass.tku.edu.tw/users,absolute-url
https://iclass.tku.edu.tw/market,iclass.tku.edu.tw,raw/iclass.tku.edu.tw/users.html,https://iclass.tku.edu.tw/users,absolute-url
https://www.youtube.com/iframe_api,www.youtube.com,raw/iclass.tku.edu.tw/users.html,https://iclass.tku.edu.tw/users,absolute-url
https://get.adobe.com/flashplayer/,get.adobe.com,raw/iclass.tku.edu.tw/users.html,https://iclass.tku.edu.tw/users,absolute-url
https://iclass.tku.edu.tw/,iclass.tku.edu.tw,raw/iclass.tku.edu.tw/users-avatars__q_e0722ac59b.html,https://iclass.tku.edu.tw/users-avatars?type=big,absolute-url
https://www.googletagmanager.com/gtag/js,www.googletagmanager.com,raw/iclass.tku.edu.tw/users-avatars__q_e0722ac59b.html,https://iclass.tku.edu.tw/users-avatars?type=big,absolute-url
https://github.com/OWASP/CheatSheetSeries/blob/master/cheatsheets/Clickjacking_Defense_Cheat_Sheet.md#best-for-now-legacy-browser-frame-breaking-script--,github.com,raw/iclass.tku.edu.tw/users-avatars__q_e0722ac59b.html,https://iclass.tku.edu.tw/users-avatars?type=big,absolute-url
https://bam.nr-data.net,bam.nr-data.net,raw/iclass.tku.edu.tw/users-avatars__q_e0722ac59b.html,https://iclass.tku.edu.tw/users-avatars?type=big,absolute-url
https://www.google-analytics.com,www.google-analytics.com,raw/iclass.tku.edu.tw/users-avatars__q_e0722ac59b.html,https://iclass.tku.edu.tw/users-avatars?type=big,absolute-url
https://iclass.tku.edu.tw/iportal,iclass.tku.edu.tw,raw/iclass.tku.edu.tw/users-avatars__q_e0722ac59b.html,https://iclass.tku.edu.tw/users-avatars?type=big,absolute-url
"https://tronclass.com.tw/public-manual/TronclassManual_System_Admin.pdf',",tronclass.com.tw,raw/iclass.tku.edu.tw/users-avatars__q_e0722ac59b.html,https://iclass.tku.edu.tw/users-avatars?type=big,absolute-url
"https://tronclass.com.tw/public-manual/TronclassManual_Administrator.pdf',",tronclass.com.tw,raw/iclass.tku.edu.tw/users-avatars__q_e0722ac59b.html,https://iclass.tku.edu.tw/users-avatars?type=big,absolute-url
"https://tronclass.com.tw/public-manual/manual-teacher.html',",tronclass.com.tw,raw/iclass.tku.edu.tw/users-avatars__q_e0722ac59b.html,https://iclass.tku.edu.tw/users-avatars?type=big,absolute-url
"https://tronclass.com.tw/public-manual/TronclassManual_Student.pdf',",tronclass.com.tw,raw/iclass.tku.edu.tw/users-avatars__q_e0722ac59b.html,https://iclass.tku.edu.tw/users-avatars?type=big,absolute-url
"https://tronclass.com.tw/public-manual/TronclassManual_App.pdf',",tronclass.com.tw,raw/iclass.tku.edu.tw/users-avatars__q_e0722ac59b.html,https://iclass.tku.edu.tw/users-avatars?type=big,absolute-url
https://support.tronclass.com',support.tronclass.com',raw/iclass.tku.edu.tw/users-avatars__q_e0722ac59b.html,https://iclass.tku.edu.tw/users-avatars?type=big,absolute-url
https://iclass.tku.edu.tw/market,iclass.tku.edu.tw,raw/iclass.tku.edu.tw/users-avatars__q_e0722ac59b.html,https://iclass.tku.edu.tw/users-avatars?type=big,absolute-url
https://www.youtube.com/iframe_api,www.youtube.com,raw/iclass.tku.edu.tw/users-avatars__q_e0722ac59b.html,https://iclass.tku.edu.tw/users-avatars?type=big,absolute-url
https://get.adobe.com/flashplayer/,get.adobe.com,raw/iclass.tku.edu.tw/users-avatars__q_e0722ac59b.html,https://iclass.tku.edu.tw/users-avatars?type=big,absolute-url
https://iclass.tku.edu.tw/,iclass.tku.edu.tw,raw/iclass.tku.edu.tw/users-small-avatars.html,https://iclass.tku.edu.tw/users-small-avatars,absolute-url
https://www.googletagmanager.com/gtag/js,www.googletagmanager.com,raw/iclass.tku.edu.tw/users-small-avatars.html,https://iclass.tku.edu.tw/users-small-avatars,absolute-url
https://github.com/OWASP/CheatSheetSeries/blob/master/cheatsheets/Clickjacking_Defense_Cheat_Sheet.md#best-for-now-legacy-browser-frame-breaking-script--,github.com,raw/iclass.tku.edu.tw/users-small-avatars.html,https://iclass.tku.edu.tw/users-small-avatars,absolute-url
https://bam.nr-data.net,bam.nr-data.net,raw/iclass.tku.edu.tw/users-small-avatars.html,https://iclass.tku.edu.tw/users-small-avatars,absolute-url
https://www.google-analytics.com,www.google-analytics.com,raw/iclass.tku.edu.tw/users-small-avatars.html,https://iclass.tku.edu.tw/users-small-avatars,absolute-url
https://iclass.tku.edu.tw/iportal,iclass.tku.edu.tw,raw/iclass.tku.edu.tw/users-small-avatars.html,https://iclass.tku.edu.tw/users-small-avatars,absolute-url
"https://tronclass.com.tw/public-manual/TronclassManual_System_Admin.pdf',",tronclass.com.tw,raw/iclass.tku.edu.tw/users-small-avatars.html,https://iclass.tku.edu.tw/users-small-avatars,absolute-url
"https://tronclass.com.tw/public-manual/TronclassManual_Administrator.pdf',",tronclass.com.tw,raw/iclass.tku.edu.tw/users-small-avatars.html,https://iclass.tku.edu.tw/users-small-avatars,absolute-url
"https://tronclass.com.tw/public-manual/manual-teacher.html',",tronclass.com.tw,raw/iclass.tku.edu.tw/users-small-avatars.html,https://iclass.tku.edu.tw/users-small-avatars,absolute-url
"https://tronclass.com.tw/public-manual/TronclassManual_Student.pdf',",tronclass.com.tw,raw/iclass.tku.edu.tw/users-small-avatars.html,https://iclass.tku.edu.tw/users-small-avatars,absolute-url
"https://tronclass.com.tw/public-manual/TronclassManual_App.pdf',",tronclass.com.tw,raw/iclass.tku.edu.tw/users-small-avatars.html,https://iclass.tku.edu.tw/users-small-avatars,absolute-url
https://support.tronclass.com',support.tronclass.com',raw/iclass.tku.edu.tw/users-small-avatars.html,https://iclass.tku.edu.tw/users-small-avatars,absolute-url
https://iclass.tku.edu.tw/market,iclass.tku.edu.tw,raw/iclass.tku.edu.tw/users-small-avatars.html,https://iclass.tku.edu.tw/users-small-avatars,absolute-url
https://www.youtube.com/iframe_api,www.youtube.com,raw/iclass.tku.edu.tw/users-small-avatars.html,https://iclass.tku.edu.tw/users-small-avatars,absolute-url
https://get.adobe.com/flashplayer/,get.adobe.com,raw/iclass.tku.edu.tw/users-small-avatars.html,https://iclass.tku.edu.tw/users-small-avatars,absolute-url
https://iclass.tku.edu.tw/,iclass.tku.edu.tw,raw/iclass.tku.edu.tw/users/index.html,https://iclass.tku.edu.tw/users/,absolute-url
https://www.googletagmanager.com/gtag/js,www.googletagmanager.com,raw/iclass.tku.edu.tw/users/index.html,https://iclass.tku.edu.tw/users/,absolute-url
https://github.com/OWASP/CheatSheetSeries/blob/master/cheatsheets/Clickjacking_Defense_Cheat_Sheet.md#best-for-now-legacy-browser-frame-breaking-script--,github.com,raw/iclass.tku.edu.tw/users/index.html,https://iclass.tku.edu.tw/users/,absolute-url
https://bam.nr-data.net,bam.nr-data.net,raw/iclass.tku.edu.tw/users/index.html,https://iclass.tku.edu.tw/users/,absolute-url
https://www.google-analytics.com,www.google-analytics.com,raw/iclass.tku.edu.tw/users/index.html,https://iclass.tku.edu.tw/users/,absolute-url
https://iclass.tku.edu.tw/iportal,iclass.tku.edu.tw,raw/iclass.tku.edu.tw/users/index.html,https://iclass.tku.edu.tw/users/,absolute-url
"https://tronclass.com.tw/public-manual/TronclassManual_System_Admin.pdf',",tronclass.com.tw,raw/iclass.tku.edu.tw/users/index.html,https://iclass.tku.edu.tw/users/,absolute-url
"https://tronclass.com.tw/public-manual/TronclassManual_Administrator.pdf',",tronclass.com.tw,raw/iclass.tku.edu.tw/users/index.html,https://iclass.tku.edu.tw/users/,absolute-url
"https://tronclass.com.tw/public-manual/manual-teacher.html',",tronclass.com.tw,raw/iclass.tku.edu.tw/users/index.html,https://iclass.tku.edu.tw/users/,absolute-url
"https://tronclass.com.tw/public-manual/TronclassManual_Student.pdf',",tronclass.com.tw,raw/iclass.tku.edu.tw/users/index.html,https://iclass.tku.edu.tw/users/,absolute-url
"https://tronclass.com.tw/public-manual/TronclassManual_App.pdf',",tronclass.com.tw,raw/iclass.tku.edu.tw/users/index.html,https://iclass.tku.edu.tw/users/,absolute-url
https://support.tronclass.com',support.tronclass.com',raw/iclass.tku.edu.tw/users/index.html,https://iclass.tku.edu.tw/users/,absolute-url
https://iclass.tku.edu.tw/market,iclass.tku.edu.tw,raw/iclass.tku.edu.tw/users/index.html,https://iclass.tku.edu.tw/users/,absolute-url
https://www.youtube.com/iframe_api,www.youtube.com,raw/iclass.tku.edu.tw/users/index.html,https://iclass.tku.edu.tw/users/,absolute-url
https://get.adobe.com/flashplayer/,get.adobe.com,raw/iclass.tku.edu.tw/users/index.html,https://iclass.tku.edu.tw/users/,absolute-url
https://iclass.tku.edu.tw/,iclass.tku.edu.tw,raw/iclass.tku.edu.tw/users/add__q_634b7b9d78.html,https://iclass.tku.edu.tw/users/add?keyword=,absolute-url
https://www.googletagmanager.com/gtag/js,www.googletagmanager.com,raw/iclass.tku.edu.tw/users/add__q_634b7b9d78.html,https://iclass.tku.edu.tw/users/add?keyword=,absolute-url
https://github.com/OWASP/CheatSheetSeries/blob/master/cheatsheets/Clickjacking_Defense_Cheat_Sheet.md#best-for-now-legacy-browser-frame-breaking-script--,github.com,raw/iclass.tku.edu.tw/users/add__q_634b7b9d78.html,https://iclass.tku.edu.tw/users/add?keyword=,absolute-url
https://bam.nr-data.net,bam.nr-data.net,raw/iclass.tku.edu.tw/users/add__q_634b7b9d78.html,https://iclass.tku.edu.tw/users/add?keyword=,absolute-url
https://www.google-analytics.com,www.google-analytics.com,raw/iclass.tku.edu.tw/users/add__q_634b7b9d78.html,https://iclass.tku.edu.tw/users/add?keyword=,absolute-url
https://iclass.tku.edu.tw/iportal,iclass.tku.edu.tw,raw/iclass.tku.edu.tw/users/add__q_634b7b9d78.html,https://iclass.tku.edu.tw/users/add?keyword=,absolute-url
"https://tronclass.com.tw/public-manual/TronclassManual_System_Admin.pdf',",tronclass.com.tw,raw/iclass.tku.edu.tw/users/add__q_634b7b9d78.html,https://iclass.tku.edu.tw/users/add?keyword=,absolute-url
"https://tronclass.com.tw/public-manual/TronclassManual_Administrator.pdf',",tronclass.com.tw,raw/iclass.tku.edu.tw/users/add__q_634b7b9d78.html,https://iclass.tku.edu.tw/users/add?keyword=,absolute-url
"https://tronclass.com.tw/public-manual/manual-teacher.html',",tronclass.com.tw,raw/iclass.tku.edu.tw/users/add__q_634b7b9d78.html,https://iclass.tku.edu.tw/users/add?keyword=,absolute-url
"https://tronclass.com.tw/public-manual/TronclassManual_Student.pdf',",tronclass.com.tw,raw/iclass.tku.edu.tw/users/add__q_634b7b9d78.html,https://iclass.tku.edu.tw/users/add?keyword=,absolute-url
"https://tronclass.com.tw/public-manual/TronclassManual_App.pdf',",tronclass.com.tw,raw/iclass.tku.edu.tw/users/add__q_634b7b9d78.html,https://iclass.tku.edu.tw/users/add?keyword=,absolute-url
https://support.tronclass.com',support.tronclass.com',raw/iclass.tku.edu.tw/users/add__q_634b7b9d78.html,https://iclass.tku.edu.tw/users/add?keyword=,absolute-url
https://iclass.tku.edu.tw/market,iclass.tku.edu.tw,raw/iclass.tku.edu.tw/users/add__q_634b7b9d78.html,https://iclass.tku.edu.tw/users/add?keyword=,absolute-url
https://www.youtube.com/iframe_api,www.youtube.com,raw/iclass.tku.edu.tw/users/add__q_634b7b9d78.html,https://iclass.tku.edu.tw/users/add?keyword=,absolute-url
https://get.adobe.com/flashplayer/,get.adobe.com,raw/iclass.tku.edu.tw/users/add__q_634b7b9d78.html,https://iclass.tku.edu.tw/users/add?keyword=,absolute-url
https://iclass.tku.edu.tw/,iclass.tku.edu.tw,raw/iclass.tku.edu.tw/users/avatarSmallUrl.html,https://iclass.tku.edu.tw/users/avatarSmallUrl,absolute-url
https://www.googletagmanager.com/gtag/js,www.googletagmanager.com,raw/iclass.tku.edu.tw/users/avatarSmallUrl.html,https://iclass.tku.edu.tw/users/avatarSmallUrl,absolute-url
https://github.com/OWASP/CheatSheetSeries/blob/master/cheatsheets/Clickjacking_Defense_Cheat_Sheet.md#best-for-now-legacy-browser-frame-breaking-script--,github.com,raw/iclass.tku.edu.tw/users/avatarSmallUrl.html,https://iclass.tku.edu.tw/users/avatarSmallUrl,absolute-url
https://bam.nr-data.net,bam.nr-data.net,raw/iclass.tku.edu.tw/users/avatarSmallUrl.html,https://iclass.tku.edu.tw/users/avatarSmallUrl,absolute-url
https://www.google-analytics.com,www.google-analytics.com,raw/iclass.tku.edu.tw/users/avatarSmallUrl.html,https://iclass.tku.edu.tw/users/avatarSmallUrl,absolute-url
https://iclass.tku.edu.tw/iportal,iclass.tku.edu.tw,raw/iclass.tku.edu.tw/users/avatarSmallUrl.html,https://iclass.tku.edu.tw/users/avatarSmallUrl,absolute-url
"https://tronclass.com.tw/public-manual/TronclassManual_System_Admin.pdf',",tronclass.com.tw,raw/iclass.tku.edu.tw/users/avatarSmallUrl.html,https://iclass.tku.edu.tw/users/avatarSmallUrl,absolute-url
"https://tronclass.com.tw/public-manual/TronclassManual_Administrator.pdf',",tronclass.com.tw,raw/iclass.tku.edu.tw/users/avatarSmallUrl.html,https://iclass.tku.edu.tw/users/avatarSmallUrl,absolute-url
"https://tronclass.com.tw/public-manual/manual-teacher.html',",tronclass.com.tw,raw/iclass.tku.edu.tw/users/avatarSmallUrl.html,https://iclass.tku.edu.tw/users/avatarSmallUrl,absolute-url
"https://tronclass.com.tw/public-manual/TronclassManual_Student.pdf',",tronclass.com.tw,raw/iclass.tku.edu.tw/users/avatarSmallUrl.html,https://iclass.tku.edu.tw/users/avatarSmallUrl,absolute-url
"https://tronclass.com.tw/public-manual/TronclassManual_App.pdf',",tronclass.com.tw,raw/iclass.tku.edu.tw/users/avatarSmallUrl.html,https://iclass.tku.edu.tw/users/avatarSmallUrl,absolute-url
https://support.tronclass.com',support.tronclass.com',raw/iclass.tku.edu.tw/users/avatarSmallUrl.html,https://iclass.tku.edu.tw/users/avatarSmallUrl,absolute-url
https://iclass.tku.edu.tw/market,iclass.tku.edu.tw,raw/iclass.tku.edu.tw/users/avatarSmallUrl.html,https://iclass.tku.edu.tw/users/avatarSmallUrl,absolute-url
https://www.youtube.com/iframe_api,www.youtube.com,raw/iclass.tku.edu.tw/users/avatarSmallUrl.html,https://iclass.tku.edu.tw/users/avatarSmallUrl,absolute-url
https://get.adobe.com/flashplayer/,get.adobe.com,raw/iclass.tku.edu.tw/users/avatarSmallUrl.html,https://iclass.tku.edu.tw/users/avatarSmallUrl,absolute-url
https://iclass.tku.edu.tw/,iclass.tku.edu.tw,raw/iclass.tku.edu.tw/users/capture_url.html,https://iclass.tku.edu.tw/users/capture_url,absolute-url
https://www.googletagmanager.com/gtag/js,www.googletagmanager.com,raw/iclass.tku.edu.tw/users/capture_url.html,https://iclass.tku.edu.tw/users/capture_url,absolute-url
https://github.com/OWASP/CheatSheetSeries/blob/master/cheatsheets/Clickjacking_Defense_Cheat_Sheet.md#best-for-now-legacy-browser-frame-breaking-script--,github.com,raw/iclass.tku.edu.tw/users/capture_url.html,https://iclass.tku.edu.tw/users/capture_url,absolute-url
https://bam.nr-data.net,bam.nr-data.net,raw/iclass.tku.edu.tw/users/capture_url.html,https://iclass.tku.edu.tw/users/capture_url,absolute-url
https://www.google-analytics.com,www.google-analytics.com,raw/iclass.tku.edu.tw/users/capture_url.html,https://iclass.tku.edu.tw/users/capture_url,absolute-url
https://iclass.tku.edu.tw/iportal,iclass.tku.edu.tw,raw/iclass.tku.edu.tw/users/capture_url.html,https://iclass.tku.edu.tw/users/capture_url,absolute-url
"https://tronclass.com.tw/public-manual/TronclassManual_System_Admin.pdf',",tronclass.com.tw,raw/iclass.tku.edu.tw/users/capture_url.html,https://iclass.tku.edu.tw/users/capture_url,absolute-url
"https://tronclass.com.tw/public-manual/TronclassManual_Administrator.pdf',",tronclass.com.tw,raw/iclass.tku.edu.tw/users/capture_url.html,https://iclass.tku.edu.tw/users/capture_url,absolute-url
"https://tronclass.com.tw/public-manual/manual-teacher.html',",tronclass.com.tw,raw/iclass.tku.edu.tw/users/capture_url.html,https://iclass.tku.edu.tw/users/capture_url,absolute-url
"https://tronclass.com.tw/public-manual/TronclassManual_Student.pdf',",tronclass.com.tw,raw/iclass.tku.edu.tw/users/capture_url.html,https://iclass.tku.edu.tw/users/capture_url,absolute-url
"https://tronclass.com.tw/public-manual/TronclassManual_App.pdf',",tronclass.com.tw,raw/iclass.tku.edu.tw/users/capture_url.html,https://iclass.tku.edu.tw/users/capture_url,absolute-url
https://support.tronclass.com',support.tronclass.com',raw/iclass.tku.edu.tw/users/capture_url.html,https://iclass.tku.edu.tw/users/capture_url,absolute-url
https://iclass.tku.edu.tw/market,iclass.tku.edu.tw,raw/iclass.tku.edu.tw/users/capture_url.html,https://iclass.tku.edu.tw/users/capture_url,absolute-url
https://www.youtube.com/iframe_api,www.youtube.com,raw/iclass.tku.edu.tw/users/capture_url.html,https://iclass.tku.edu.tw/users/capture_url,absolute-url
https://get.adobe.com/flashplayer/,get.adobe.com,raw/iclass.tku.edu.tw/users/capture_url.html,https://iclass.tku.edu.tw/users/capture_url,absolute-url
https://iclass.tku.edu.tw/,iclass.tku.edu.tw,raw/iclass.tku.edu.tw/users/edit.html,https://iclass.tku.edu.tw/users/edit,absolute-url
https://www.googletagmanager.com/gtag/js,www.googletagmanager.com,raw/iclass.tku.edu.tw/users/edit.html,https://iclass.tku.edu.tw/users/edit,absolute-url
https://github.com/OWASP/CheatSheetSeries/blob/master/cheatsheets/Clickjacking_Defense_Cheat_Sheet.md#best-for-now-legacy-browser-frame-breaking-script--,github.com,raw/iclass.tku.edu.tw/users/edit.html,https://iclass.tku.edu.tw/users/edit,absolute-url
https://bam.nr-data.net,bam.nr-data.net,raw/iclass.tku.edu.tw/users/edit.html,https://iclass.tku.edu.tw/users/edit,absolute-url
https://www.google-analytics.com,www.google-analytics.com,raw/iclass.tku.edu.tw/users/edit.html,https://iclass.tku.edu.tw/users/edit,absolute-url
https://iclass.tku.edu.tw/iportal,iclass.tku.edu.tw,raw/iclass.tku.edu.tw/users/edit.html,https://iclass.tku.edu.tw/users/edit,absolute-url
"https://tronclass.com.tw/public-manual/TronclassManual_System_Admin.pdf',",tronclass.com.tw,raw/iclass.tku.edu.tw/users/edit.html,https://iclass.tku.edu.tw/users/edit,absolute-url
"https://tronclass.com.tw/public-manual/TronclassManual_Administrator.pdf',",tronclass.com.tw,raw/iclass.tku.edu.tw/users/edit.html,https://iclass.tku.edu.tw/users/edit,absolute-url
"https://tronclass.com.tw/public-manual/manual-teacher.html',",tronclass.com.tw,raw/iclass.tku.edu.tw/users/edit.html,https://iclass.tku.edu.tw/users/edit,absolute-url
"https://tronclass.com.tw/public-manual/TronclassManual_Student.pdf',",tronclass.com.tw,raw/iclass.tku.edu.tw/users/edit.html,https://iclass.tku.edu.tw/users/edit,absolute-url
"https://tronclass.com.tw/public-manual/TronclassManual_App.pdf',",tronclass.com.tw,raw/iclass.tku.edu.tw/users/edit.html,https://iclass.tku.edu.tw/users/edit,absolute-url
https://support.tronclass.com',support.tronclass.com',raw/iclass.tku.edu.tw/users/edit.html,https://iclass.tku.edu.tw/users/edit,absolute-url
https://iclass.tku.edu.tw/market,iclass.tku.edu.tw,raw/iclass.tku.edu.tw/users/edit.html,https://iclass.tku.edu.tw/users/edit,absolute-url
https://www.youtube.com/iframe_api,www.youtube.com,raw/iclass.tku.edu.tw/users/edit.html,https://iclass.tku.edu.tw/users/edit,absolute-url
https://get.adobe.com/flashplayer/,get.adobe.com,raw/iclass.tku.edu.tw/users/edit.html,https://iclass.tku.edu.tw/users/edit,absolute-url
https://iclass.tku.edu.tw/,iclass.tku.edu.tw,raw/iclass.tku.edu.tw/users/edit__q_6372a35dd8.html,https://iclass.tku.edu.tw/users/edit?userIds=,absolute-url
https://www.googletagmanager.com/gtag/js,www.googletagmanager.com,raw/iclass.tku.edu.tw/users/edit__q_6372a35dd8.html,https://iclass.tku.edu.tw/users/edit?userIds=,absolute-url
https://github.com/OWASP/CheatSheetSeries/blob/master/cheatsheets/Clickjacking_Defense_Cheat_Sheet.md#best-for-now-legacy-browser-frame-breaking-script--,github.com,raw/iclass.tku.edu.tw/users/edit__q_6372a35dd8.html,https://iclass.tku.edu.tw/users/edit?userIds=,absolute-url
https://bam.nr-data.net,bam.nr-data.net,raw/iclass.tku.edu.tw/users/edit__q_6372a35dd8.html,https://iclass.tku.edu.tw/users/edit?userIds=,absolute-url
https://www.google-analytics.com,www.google-analytics.com,raw/iclass.tku.edu.tw/users/edit__q_6372a35dd8.html,https://iclass.tku.edu.tw/users/edit?userIds=,absolute-url
https://iclass.tku.edu.tw/iportal,iclass.tku.edu.tw,raw/iclass.tku.edu.tw/users/edit__q_6372a35dd8.html,https://iclass.tku.edu.tw/users/edit?userIds=,absolute-url
"https://tronclass.com.tw/public-manual/TronclassManual_System_Admin.pdf',",tronclass.com.tw,raw/iclass.tku.edu.tw/users/edit__q_6372a35dd8.html,https://iclass.tku.edu.tw/users/edit?userIds=,absolute-url
"https://tronclass.com.tw/public-manual/TronclassManual_Administrator.pdf',",tronclass.com.tw,raw/iclass.tku.edu.tw/users/edit__q_6372a35dd8.html,https://iclass.tku.edu.tw/users/edit?userIds=,absolute-url
"https://tronclass.com.tw/public-manual/manual-teacher.html',",tronclass.com.tw,raw/iclass.tku.edu.tw/users/edit__q_6372a35dd8.html,https://iclass.tku.edu.tw/users/edit?userIds=,absolute-url
"https://tronclass.com.tw/public-manual/TronclassManual_Student.pdf',",tronclass.com.tw,raw/iclass.tku.edu.tw/users/edit__q_6372a35dd8.html,https://iclass.tku.edu.tw/users/edit?userIds=,absolute-url
"https://tronclass.com.tw/public-manual/TronclassManual_App.pdf',",tronclass.com.tw,raw/iclass.tku.edu.tw/users/edit__q_6372a35dd8.html,https://iclass.tku.edu.tw/users/edit?userIds=,absolute-url
https://support.tronclass.com',support.tronclass.com',raw/iclass.tku.edu.tw/users/edit__q_6372a35dd8.html,https://iclass.tku.edu.tw/users/edit?userIds=,absolute-url
https://iclass.tku.edu.tw/market,iclass.tku.edu.tw,raw/iclass.tku.edu.tw/users/edit__q_6372a35dd8.html,https://iclass.tku.edu.tw/users/edit?userIds=,absolute-url
https://www.youtube.com/iframe_api,www.youtube.com,raw/iclass.tku.edu.tw/users/edit__q_6372a35dd8.html,https://iclass.tku.edu.tw/users/edit?userIds=,absolute-url
https://get.adobe.com/flashplayer/,get.adobe.com,raw/iclass.tku.edu.tw/users/edit__q_6372a35dd8.html,https://iclass.tku.edu.tw/users/edit?userIds=,absolute-url
https://iclass.tku.edu.tw/,iclass.tku.edu.tw,raw/iclass.tku.edu.tw/users/lesson_resource_url.html,https://iclass.tku.edu.tw/users/lesson_resource_url,absolute-url
https://www.googletagmanager.com/gtag/js,www.googletagmanager.com,raw/iclass.tku.edu.tw/users/lesson_resource_url.html,https://iclass.tku.edu.tw/users/lesson_resource_url,absolute-url
https://github.com/OWASP/CheatSheetSeries/blob/master/cheatsheets/Clickjacking_Defense_Cheat_Sheet.md#best-for-now-legacy-browser-frame-breaking-script--,github.com,raw/iclass.tku.edu.tw/users/lesson_resource_url.html,https://iclass.tku.edu.tw/users/lesson_resource_url,absolute-url
https://bam.nr-data.net,bam.nr-data.net,raw/iclass.tku.edu.tw/users/lesson_resource_url.html,https://iclass.tku.edu.tw/users/lesson_resource_url,absolute-url
https://www.google-analytics.com,www.google-analytics.com,raw/iclass.tku.edu.tw/users/lesson_resource_url.html,https://iclass.tku.edu.tw/users/lesson_resource_url,absolute-url
https://iclass.tku.edu.tw/iportal,iclass.tku.edu.tw,raw/iclass.tku.edu.tw/users/lesson_resource_url.html,https://iclass.tku.edu.tw/users/lesson_resource_url,absolute-url
"https://tronclass.com.tw/public-manual/TronclassManual_System_Admin.pdf',",tronclass.com.tw,raw/iclass.tku.edu.tw/users/lesson_resource_url.html,https://iclass.tku.edu.tw/users/lesson_resource_url,absolute-url
"https://tronclass.com.tw/public-manual/TronclassManual_Administrator.pdf',",tronclass.com.tw,raw/iclass.tku.edu.tw/users/lesson_resource_url.html,https://iclass.tku.edu.tw/users/lesson_resource_url,absolute-url
"https://tronclass.com.tw/public-manual/manual-teacher.html',",tronclass.com.tw,raw/iclass.tku.edu.tw/users/lesson_resource_url.html,https://iclass.tku.edu.tw/users/lesson_resource_url,absolute-url
"https://tronclass.com.tw/public-manual/TronclassManual_Student.pdf',",tronclass.com.tw,raw/iclass.tku.edu.tw/users/lesson_resource_url.html,https://iclass.tku.edu.tw/users/lesson_resource_url,absolute-url
"https://tronclass.com.tw/public-manual/TronclassManual_App.pdf',",tronclass.com.tw,raw/iclass.tku.edu.tw/users/lesson_resource_url.html,https://iclass.tku.edu.tw/users/lesson_resource_url,absolute-url
https://support.tronclass.com',support.tronclass.com',raw/iclass.tku.edu.tw/users/lesson_resource_url.html,https://iclass.tku.edu.tw/users/lesson_resource_url,absolute-url
https://iclass.tku.edu.tw/market,iclass.tku.edu.tw,raw/iclass.tku.edu.tw/users/lesson_resource_url.html,https://iclass.tku.edu.tw/users/lesson_resource_url,absolute-url
https://www.youtube.com/iframe_api,www.youtube.com,raw/iclass.tku.edu.tw/users/lesson_resource_url.html,https://iclass.tku.edu.tw/users/lesson_resource_url,absolute-url
https://get.adobe.com/flashplayer/,get.adobe.com,raw/iclass.tku.edu.tw/users/lesson_resource_url.html,https://iclass.tku.edu.tw/users/lesson_resource_url,absolute-url
https://iclass.tku.edu.tw/,iclass.tku.edu.tw,raw/iclass.tku.edu.tw/users/manualUrl.html,https://iclass.tku.edu.tw/users/manualUrl,absolute-url
https://www.googletagmanager.com/gtag/js,www.googletagmanager.com,raw/iclass.tku.edu.tw/users/manualUrl.html,https://iclass.tku.edu.tw/users/manualUrl,absolute-url
https://github.com/OWASP/CheatSheetSeries/blob/master/cheatsheets/Clickjacking_Defense_Cheat_Sheet.md#best-for-now-legacy-browser-frame-breaking-script--,github.com,raw/iclass.tku.edu.tw/users/manualUrl.html,https://iclass.tku.edu.tw/users/manualUrl,absolute-url
https://bam.nr-data.net,bam.nr-data.net,raw/iclass.tku.edu.tw/users/manualUrl.html,https://iclass.tku.edu.tw/users/manualUrl,absolute-url
https://www.google-analytics.com,www.google-analytics.com,raw/iclass.tku.edu.tw/users/manualUrl.html,https://iclass.tku.edu.tw/users/manualUrl,absolute-url
https://iclass.tku.edu.tw/iportal,iclass.tku.edu.tw,raw/iclass.tku.edu.tw/users/manualUrl.html,https://iclass.tku.edu.tw/users/manualUrl,absolute-url
"https://tronclass.com.tw/public-manual/TronclassManual_System_Admin.pdf',",tronclass.com.tw,raw/iclass.tku.edu.tw/users/manualUrl.html,https://iclass.tku.edu.tw/users/manualUrl,absolute-url
"https://tronclass.com.tw/public-manual/TronclassManual_Administrator.pdf',",tronclass.com.tw,raw/iclass.tku.edu.tw/users/manualUrl.html,https://iclass.tku.edu.tw/users/manualUrl,absolute-url
"https://tronclass.com.tw/public-manual/manual-teacher.html',",tronclass.com.tw,raw/iclass.tku.edu.tw/users/manualUrl.html,https://iclass.tku.edu.tw/users/manualUrl,absolute-url
"https://tronclass.com.tw/public-manual/TronclassManual_Student.pdf',",tronclass.com.tw,raw/iclass.tku.edu.tw/users/manualUrl.html,https://iclass.tku.edu.tw/users/manualUrl,absolute-url
"https://tronclass.com.tw/public-manual/TronclassManual_App.pdf',",tronclass.com.tw,raw/iclass.tku.edu.tw/users/manualUrl.html,https://iclass.tku.edu.tw/users/manualUrl,absolute-url
https://support.tronclass.com',support.tronclass.com',raw/iclass.tku.edu.tw/users/manualUrl.html,https://iclass.tku.edu.tw/users/manualUrl,absolute-url
https://iclass.tku.edu.tw/market,iclass.tku.edu.tw,raw/iclass.tku.edu.tw/users/manualUrl.html,https://iclass.tku.edu.tw/users/manualUrl,absolute-url
https://www.youtube.com/iframe_api,www.youtube.com,raw/iclass.tku.edu.tw/users/manualUrl.html,https://iclass.tku.edu.tw/users/manualUrl,absolute-url
https://get.adobe.com/flashplayer/,get.adobe.com,raw/iclass.tku.edu.tw/users/manualUrl.html,https://iclass.tku.edu.tw/users/manualUrl,absolute-url
https://iclass.tku.edu.tw/,iclass.tku.edu.tw,raw/iclass.tku.edu.tw/users/user-visits/avatarSmallUrl.html,https://iclass.tku.edu.tw/users/user-visits/avatarSmallUrl,absolute-url
https://www.googletagmanager.com/gtag/js,www.googletagmanager.com,raw/iclass.tku.edu.tw/users/user-visits/avatarSmallUrl.html,https://iclass.tku.edu.tw/users/user-visits/avatarSmallUrl,absolute-url
https://github.com/OWASP/CheatSheetSeries/blob/master/cheatsheets/Clickjacking_Defense_Cheat_Sheet.md#best-for-now-legacy-browser-frame-breaking-script--,github.com,raw/iclass.tku.edu.tw/users/user-visits/avatarSmallUrl.html,https://iclass.tku.edu.tw/users/user-visits/avatarSmallUrl,absolute-url
https://bam.nr-data.net,bam.nr-data.net,raw/iclass.tku.edu.tw/users/user-visits/avatarSmallUrl.html,https://iclass.tku.edu.tw/users/user-visits/avatarSmallUrl,absolute-url
https://www.google-analytics.com,www.google-analytics.com,raw/iclass.tku.edu.tw/users/user-visits/avatarSmallUrl.html,https://iclass.tku.edu.tw/users/user-visits/avatarSmallUrl,absolute-url
https://iclass.tku.edu.tw/iportal,iclass.tku.edu.tw,raw/iclass.tku.edu.tw/users/user-visits/avatarSmallUrl.html,https://iclass.tku.edu.tw/users/user-visits/avatarSmallUrl,absolute-url
"https://tronclass.com.tw/public-manual/TronclassManual_System_Admin.pdf',",tronclass.com.tw,raw/iclass.tku.edu.tw/users/user-visits/avatarSmallUrl.html,https://iclass.tku.edu.tw/users/user-visits/avatarSmallUrl,absolute-url
"https://tronclass.com.tw/public-manual/TronclassManual_Administrator.pdf',",tronclass.com.tw,raw/iclass.tku.edu.tw/users/user-visits/avatarSmallUrl.html,https://iclass.tku.edu.tw/users/user-visits/avatarSmallUrl,absolute-url
"https://tronclass.com.tw/public-manual/manual-teacher.html',",tronclass.com.tw,raw/iclass.tku.edu.tw/users/user-visits/avatarSmallUrl.html,https://iclass.tku.edu.tw/users/user-visits/avatarSmallUrl,absolute-url
"https://tronclass.com.tw/public-manual/TronclassManual_Student.pdf',",tronclass.com.tw,raw/iclass.tku.edu.tw/users/user-visits/avatarSmallUrl.html,https://iclass.tku.edu.tw/users/user-visits/avatarSmallUrl,absolute-url
"https://tronclass.com.tw/public-manual/TronclassManual_App.pdf',",tronclass.com.tw,raw/iclass.tku.edu.tw/users/user-visits/avatarSmallUrl.html,https://iclass.tku.edu.tw/users/user-visits/avatarSmallUrl,absolute-url
https://support.tronclass.com',support.tronclass.com',raw/iclass.tku.edu.tw/users/user-visits/avatarSmallUrl.html,https://iclass.tku.edu.tw/users/user-visits/avatarSmallUrl,absolute-url
https://iclass.tku.edu.tw/market,iclass.tku.edu.tw,raw/iclass.tku.edu.tw/users/user-visits/avatarSmallUrl.html,https://iclass.tku.edu.tw/users/user-visits/avatarSmallUrl,absolute-url
https://www.youtube.com/iframe_api,www.youtube.com,raw/iclass.tku.edu.tw/users/user-visits/avatarSmallUrl.html,https://iclass.tku.edu.tw/users/user-visits/avatarSmallUrl,absolute-url
https://get.adobe.com/flashplayer/,get.adobe.com,raw/iclass.tku.edu.tw/users/user-visits/avatarSmallUrl.html,https://iclass.tku.edu.tw/users/user-visits/avatarSmallUrl,absolute-url
https://iclass.tku.edu.tw/,iclass.tku.edu.tw,raw/iclass.tku.edu.tw/users/user-visits/capture_url.html,https://iclass.tku.edu.tw/users/user-visits/capture_url,absolute-url
https://www.googletagmanager.com/gtag/js,www.googletagmanager.com,raw/iclass.tku.edu.tw/users/user-visits/capture_url.html,https://iclass.tku.edu.tw/users/user-visits/capture_url,absolute-url
https://github.com/OWASP/CheatSheetSeries/blob/master/cheatsheets/Clickjacking_Defense_Cheat_Sheet.md#best-for-now-legacy-browser-frame-breaking-script--,github.com,raw/iclass.tku.edu.tw/users/user-visits/capture_url.html,https://iclass.tku.edu.tw/users/user-visits/capture_url,absolute-url
https://bam.nr-data.net,bam.nr-data.net,raw/iclass.tku.edu.tw/users/user-visits/capture_url.html,https://iclass.tku.edu.tw/users/user-visits/capture_url,absolute-url
https://www.google-analytics.com,www.google-analytics.com,raw/iclass.tku.edu.tw/users/user-visits/capture_url.html,https://iclass.tku.edu.tw/users/user-visits/capture_url,absolute-url
https://iclass.tku.edu.tw/iportal,iclass.tku.edu.tw,raw/iclass.tku.edu.tw/users/user-visits/capture_url.html,https://iclass.tku.edu.tw/users/user-visits/capture_url,absolute-url
"https://tronclass.com.tw/public-manual/TronclassManual_System_Admin.pdf',",tronclass.com.tw,raw/iclass.tku.edu.tw/users/user-visits/capture_url.html,https://iclass.tku.edu.tw/users/user-visits/capture_url,absolute-url
"https://tronclass.com.tw/public-manual/TronclassManual_Administrator.pdf',",tronclass.com.tw,raw/iclass.tku.edu.tw/users/user-visits/capture_url.html,https://iclass.tku.edu.tw/users/user-visits/capture_url,absolute-url
"https://tronclass.com.tw/public-manual/manual-teacher.html',",tronclass.com.tw,raw/iclass.tku.edu.tw/users/user-visits/capture_url.html,https://iclass.tku.edu.tw/users/user-visits/capture_url,absolute-url
"https://tronclass.com.tw/public-manual/TronclassManual_Student.pdf',",tronclass.com.tw,raw/iclass.tku.edu.tw/users/user-visits/capture_url.html,https://iclass.tku.edu.tw/users/user-visits/capture_url,absolute-url
"https://tronclass.com.tw/public-manual/TronclassManual_App.pdf',",tronclass.com.tw,raw/iclass.tku.edu.tw/users/user-visits/capture_url.html,https://iclass.tku.edu.tw/users/user-visits/capture_url,absolute-url
https://support.tronclass.com',support.tronclass.com',raw/iclass.tku.edu.tw/users/user-visits/capture_url.html,https://iclass.tku.edu.tw/users/user-visits/capture_url,absolute-url
https://iclass.tku.edu.tw/market,iclass.tku.edu.tw,raw/iclass.tku.edu.tw/users/user-visits/capture_url.html,https://iclass.tku.edu.tw/users/user-visits/capture_url,absolute-url
https://www.youtube.com/iframe_api,www.youtube.com,raw/iclass.tku.edu.tw/users/user-visits/capture_url.html,https://iclass.tku.edu.tw/users/user-visits/capture_url,absolute-url
https://get.adobe.com/flashplayer/,get.adobe.com,raw/iclass.tku.edu.tw/users/user-visits/capture_url.html,https://iclass.tku.edu.tw/users/user-visits/capture_url,absolute-url
https://iclass.tku.edu.tw/,iclass.tku.edu.tw,raw/iclass.tku.edu.tw/users/user-visits/lesson_resource_url.html,https://iclass.tku.edu.tw/users/user-visits/lesson_resource_url,absolute-url
https://www.googletagmanager.com/gtag/js,www.googletagmanager.com,raw/iclass.tku.edu.tw/users/user-visits/lesson_resource_url.html,https://iclass.tku.edu.tw/users/user-visits/lesson_resource_url,absolute-url
https://github.com/OWASP/CheatSheetSeries/blob/master/cheatsheets/Clickjacking_Defense_Cheat_Sheet.md#best-for-now-legacy-browser-frame-breaking-script--,github.com,raw/iclass.tku.edu.tw/users/user-visits/lesson_resource_url.html,https://iclass.tku.edu.tw/users/user-visits/lesson_resource_url,absolute-url
https://bam.nr-data.net,bam.nr-data.net,raw/iclass.tku.edu.tw/users/user-visits/lesson_resource_url.html,https://iclass.tku.edu.tw/users/user-visits/lesson_resource_url,absolute-url
https://www.google-analytics.com,www.google-analytics.com,raw/iclass.tku.edu.tw/users/user-visits/lesson_resource_url.html,https://iclass.tku.edu.tw/users/user-visits/lesson_resource_url,absolute-url
https://iclass.tku.edu.tw/iportal,iclass.tku.edu.tw,raw/iclass.tku.edu.tw/users/user-visits/lesson_resource_url.html,https://iclass.tku.edu.tw/users/user-visits/lesson_resource_url,absolute-url
"https://tronclass.com.tw/public-manual/TronclassManual_System_Admin.pdf',",tronclass.com.tw,raw/iclass.tku.edu.tw/users/user-visits/lesson_resource_url.html,https://iclass.tku.edu.tw/users/user-visits/lesson_resource_url,absolute-url
"https://tronclass.com.tw/public-manual/TronclassManual_Administrator.pdf',",tronclass.com.tw,raw/iclass.tku.edu.tw/users/user-visits/lesson_resource_url.html,https://iclass.tku.edu.tw/users/user-visits/lesson_resource_url,absolute-url
"https://tronclass.com.tw/public-manual/manual-teacher.html',",tronclass.com.tw,raw/iclass.tku.edu.tw/users/user-visits/lesson_resource_url.html,https://iclass.tku.edu.tw/users/user-visits/lesson_resource_url,absolute-url
"https://tronclass.com.tw/public-manual/TronclassManual_Student.pdf',",tronclass.com.tw,raw/iclass.tku.edu.tw/users/user-visits/lesson_resource_url.html,https://iclass.tku.edu.tw/users/user-visits/lesson_resource_url,absolute-url
"https://tronclass.com.tw/public-manual/TronclassManual_App.pdf',",tronclass.com.tw,raw/iclass.tku.edu.tw/users/user-visits/lesson_resource_url.html,https://iclass.tku.edu.tw/users/user-visits/lesson_resource_url,absolute-url
https://support.tronclass.com',support.tronclass.com',raw/iclass.tku.edu.tw/users/user-visits/lesson_resource_url.html,https://iclass.tku.edu.tw/users/user-visits/lesson_resource_url,absolute-url
https://iclass.tku.edu.tw/market,iclass.tku.edu.tw,raw/iclass.tku.edu.tw/users/user-visits/lesson_resource_url.html,https://iclass.tku.edu.tw/users/user-visits/lesson_resource_url,absolute-url
https://www.youtube.com/iframe_api,www.youtube.com,raw/iclass.tku.edu.tw/users/user-visits/lesson_resource_url.html,https://iclass.tku.edu.tw/users/user-visits/lesson_resource_url,absolute-url
https://get.adobe.com/flashplayer/,get.adobe.com,raw/iclass.tku.edu.tw/users/user-visits/lesson_resource_url.html,https://iclass.tku.edu.tw/users/user-visits/lesson_resource_url,absolute-url
https://iclass.tku.edu.tw/,iclass.tku.edu.tw,raw/iclass.tku.edu.tw/users/user-visits/manualUrl.html,https://iclass.tku.edu.tw/users/user-visits/manualUrl,absolute-url
https://www.googletagmanager.com/gtag/js,www.googletagmanager.com,raw/iclass.tku.edu.tw/users/user-visits/manualUrl.html,https://iclass.tku.edu.tw/users/user-visits/manualUrl,absolute-url
https://github.com/OWASP/CheatSheetSeries/blob/master/cheatsheets/Clickjacking_Defense_Cheat_Sheet.md#best-for-now-legacy-browser-frame-breaking-script--,github.com,raw/iclass.tku.edu.tw/users/user-visits/manualUrl.html,https://iclass.tku.edu.tw/users/user-visits/manualUrl,absolute-url
https://bam.nr-data.net,bam.nr-data.net,raw/iclass.tku.edu.tw/users/user-visits/manualUrl.html,https://iclass.tku.edu.tw/users/user-visits/manualUrl,absolute-url
https://www.google-analytics.com,www.google-analytics.com,raw/iclass.tku.edu.tw/users/user-visits/manualUrl.html,https://iclass.tku.edu.tw/users/user-visits/manualUrl,absolute-url
https://iclass.tku.edu.tw/iportal,iclass.tku.edu.tw,raw/iclass.tku.edu.tw/users/user-visits/manualUrl.html,https://iclass.tku.edu.tw/users/user-visits/manualUrl,absolute-url
"https://tronclass.com.tw/public-manual/TronclassManual_System_Admin.pdf',",tronclass.com.tw,raw/iclass.tku.edu.tw/users/user-visits/manualUrl.html,https://iclass.tku.edu.tw/users/user-visits/manualUrl,absolute-url
"https://tronclass.com.tw/public-manual/TronclassManual_Administrator.pdf',",tronclass.com.tw,raw/iclass.tku.edu.tw/users/user-visits/manualUrl.html,https://iclass.tku.edu.tw/users/user-visits/manualUrl,absolute-url
"https://tronclass.com.tw/public-manual/manual-teacher.html',",tronclass.com.tw,raw/iclass.tku.edu.tw/users/user-visits/manualUrl.html,https://iclass.tku.edu.tw/users/user-visits/manualUrl,absolute-url
"https://tronclass.com.tw/public-manual/TronclassManual_Student.pdf',",tronclass.com.tw,raw/iclass.tku.edu.tw/users/user-visits/manualUrl.html,https://iclass.tku.edu.tw/users/user-visits/manualUrl,absolute-url
"https://tronclass.com.tw/public-manual/TronclassManual_App.pdf',",tronclass.com.tw,raw/iclass.tku.edu.tw/users/user-visits/manualUrl.html,https://iclass.tku.edu.tw/users/user-visits/manualUrl,absolute-url
https://support.tronclass.com',support.tronclass.com',raw/iclass.tku.edu.tw/users/user-visits/manualUrl.html,https://iclass.tku.edu.tw/users/user-visits/manualUrl,absolute-url
https://iclass.tku.edu.tw/market,iclass.tku.edu.tw,raw/iclass.tku.edu.tw/users/user-visits/manualUrl.html,https://iclass.tku.edu.tw/users/user-visits/manualUrl,absolute-url
https://www.youtube.com/iframe_api,www.youtube.com,raw/iclass.tku.edu.tw/users/user-visits/manualUrl.html,https://iclass.tku.edu.tw/users/user-visits/manualUrl,absolute-url
https://get.adobe.com/flashplayer/,get.adobe.com,raw/iclass.tku.edu.tw/users/user-visits/manualUrl.html,https://iclass.tku.edu.tw/users/user-visits/manualUrl,absolute-url
https://iclass.tku.edu.tw/,iclass.tku.edu.tw,raw/iclass.tku.edu.tw/users/user-visits/visits__q_a263c00919.html,https://iclass.tku.edu.tw/users/user-visits/visits?jwt=,absolute-url
https://www.googletagmanager.com/gtag/js,www.googletagmanager.com,raw/iclass.tku.edu.tw/users/user-visits/visits__q_a263c00919.html,https://iclass.tku.edu.tw/users/user-visits/visits?jwt=,absolute-url
https://github.com/OWASP/CheatSheetSeries/blob/master/cheatsheets/Clickjacking_Defense_Cheat_Sheet.md#best-for-now-legacy-browser-frame-breaking-script--,github.com,raw/iclass.tku.edu.tw/users/user-visits/visits__q_a263c00919.html,https://iclass.tku.edu.tw/users/user-visits/visits?jwt=,absolute-url
https://bam.nr-data.net,bam.nr-data.net,raw/iclass.tku.edu.tw/users/user-visits/visits__q_a263c00919.html,https://iclass.tku.edu.tw/users/user-visits/visits?jwt=,absolute-url
https://www.google-analytics.com,www.google-analytics.com,raw/iclass.tku.edu.tw/users/user-visits/visits__q_a263c00919.html,https://iclass.tku.edu.tw/users/user-visits/visits?jwt=,absolute-url
https://iclass.tku.edu.tw/iportal,iclass.tku.edu.tw,raw/iclass.tku.edu.tw/users/user-visits/visits__q_a263c00919.html,https://iclass.tku.edu.tw/users/user-visits/visits?jwt=,absolute-url
"https://tronclass.com.tw/public-manual/TronclassManual_System_Admin.pdf',",tronclass.com.tw,raw/iclass.tku.edu.tw/users/user-visits/visits__q_a263c00919.html,https://iclass.tku.edu.tw/users/user-visits/visits?jwt=,absolute-url
"https://tronclass.com.tw/public-manual/TronclassManual_Administrator.pdf',",tronclass.com.tw,raw/iclass.tku.edu.tw/users/user-visits/visits__q_a263c00919.html,https://iclass.tku.edu.tw/users/user-visits/visits?jwt=,absolute-url
"https://tronclass.com.tw/public-manual/manual-teacher.html',",tronclass.com.tw,raw/iclass.tku.edu.tw/users/user-visits/visits__q_a263c00919.html,https://iclass.tku.edu.tw/users/user-visits/visits?jwt=,absolute-url
"https://tronclass.com.tw/public-manual/TronclassManual_Student.pdf',",tronclass.com.tw,raw/iclass.tku.edu.tw/users/user-visits/visits__q_a263c00919.html,https://iclass.tku.edu.tw/users/user-visits/visits?jwt=,absolute-url
"https://tronclass.com.tw/public-manual/TronclassManual_App.pdf',",tronclass.com.tw,raw/iclass.tku.edu.tw/users/user-visits/visits__q_a263c00919.html,https://iclass.tku.edu.tw/users/user-visits/visits?jwt=,absolute-url
https://support.tronclass.com',support.tronclass.com',raw/iclass.tku.edu.tw/users/user-visits/visits__q_a263c00919.html,https://iclass.tku.edu.tw/users/user-visits/visits?jwt=,absolute-url
https://iclass.tku.edu.tw/market,iclass.tku.edu.tw,raw/iclass.tku.edu.tw/users/user-visits/visits__q_a263c00919.html,https://iclass.tku.edu.tw/users/user-visits/visits?jwt=,absolute-url
https://www.youtube.com/iframe_api,www.youtube.com,raw/iclass.tku.edu.tw/users/user-visits/visits__q_a263c00919.html,https://iclass.tku.edu.tw/users/user-visits/visits?jwt=,absolute-url
https://get.adobe.com/flashplayer/,get.adobe.com,raw/iclass.tku.edu.tw/users/user-visits/visits__q_a263c00919.html,https://iclass.tku.edu.tw/users/user-visits/visits?jwt=,absolute-url
https://iclass.tku.edu.tw/,iclass.tku.edu.tw,raw/iclass.tku.edu.tw/users/user-visits/visits__q_3be9190883.html,https://iclass.tku.edu.tw/users/user-visits/visits?start=,absolute-url
https://www.googletagmanager.com/gtag/js,www.googletagmanager.com,raw/iclass.tku.edu.tw/users/user-visits/visits__q_3be9190883.html,https://iclass.tku.edu.tw/users/user-visits/visits?start=,absolute-url
https://github.com/OWASP/CheatSheetSeries/blob/master/cheatsheets/Clickjacking_Defense_Cheat_Sheet.md#best-for-now-legacy-browser-frame-breaking-script--,github.com,raw/iclass.tku.edu.tw/users/user-visits/visits__q_3be9190883.html,https://iclass.tku.edu.tw/users/user-visits/visits?start=,absolute-url
https://bam.nr-data.net,bam.nr-data.net,raw/iclass.tku.edu.tw/users/user-visits/visits__q_3be9190883.html,https://iclass.tku.edu.tw/users/user-visits/visits?start=,absolute-url
https://www.google-analytics.com,www.google-analytics.com,raw/iclass.tku.edu.tw/users/user-visits/visits__q_3be9190883.html,https://iclass.tku.edu.tw/users/user-visits/visits?start=,absolute-url
https://iclass.tku.edu.tw/iportal,iclass.tku.edu.tw,raw/iclass.tku.edu.tw/users/user-visits/visits__q_3be9190883.html,https://iclass.tku.edu.tw/users/user-visits/visits?start=,absolute-url
"https://tronclass.com.tw/public-manual/TronclassManual_System_Admin.pdf',",tronclass.com.tw,raw/iclass.tku.edu.tw/users/user-visits/visits__q_3be9190883.html,https://iclass.tku.edu.tw/users/user-visits/visits?start=,absolute-url
"https://tronclass.com.tw/public-manual/TronclassManual_Administrator.pdf',",tronclass.com.tw,raw/iclass.tku.edu.tw/users/user-visits/visits__q_3be9190883.html,https://iclass.tku.edu.tw/users/user-visits/visits?start=,absolute-url
"https://tronclass.com.tw/public-manual/manual-teacher.html',",tronclass.com.tw,raw/iclass.tku.edu.tw/users/user-visits/visits__q_3be9190883.html,https://iclass.tku.edu.tw/users/user-visits/visits?start=,absolute-url
"https://tronclass.com.tw/public-manual/TronclassManual_Student.pdf',",tronclass.com.tw,raw/iclass.tku.edu.tw/users/user-visits/visits__q_3be9190883.html,https://iclass.tku.edu.tw/users/user-visits/visits?start=,absolute-url
"https://tronclass.com.tw/public-manual/TronclassManual_App.pdf',",tronclass.com.tw,raw/iclass.tku.edu.tw/users/user-visits/visits__q_3be9190883.html,https://iclass.tku.edu.tw/users/user-visits/visits?start=,absolute-url
https://support.tronclass.com',support.tronclass.com',raw/iclass.tku.edu.tw/users/user-visits/visits__q_3be9190883.html,https://iclass.tku.edu.tw/users/user-visits/visits?start=,absolute-url
https://iclass.tku.edu.tw/market,iclass.tku.edu.tw,raw/iclass.tku.edu.tw/users/user-visits/visits__q_3be9190883.html,https://iclass.tku.edu.tw/users/user-visits/visits?start=,absolute-url
https://www.youtube.com/iframe_api,www.youtube.com,raw/iclass.tku.edu.tw/users/user-visits/visits__q_3be9190883.html,https://iclass.tku.edu.tw/users/user-visits/visits?start=,absolute-url
https://get.adobe.com/flashplayer/,get.adobe.com,raw/iclass.tku.edu.tw/users/user-visits/visits__q_3be9190883.html,https://iclass.tku.edu.tw/users/user-visits/visits?start=,absolute-url
https://iclass.tku.edu.tw/,iclass.tku.edu.tw,raw/iclass.tku.edu.tw/users/visits.html,https://iclass.tku.edu.tw/users/visits,absolute-url
https://www.googletagmanager.com/gtag/js,www.googletagmanager.com,raw/iclass.tku.edu.tw/users/visits.html,https://iclass.tku.edu.tw/users/visits,absolute-url
https://github.com/OWASP/CheatSheetSeries/blob/master/cheatsheets/Clickjacking_Defense_Cheat_Sheet.md#best-for-now-legacy-browser-frame-breaking-script--,github.com,raw/iclass.tku.edu.tw/users/visits.html,https://iclass.tku.edu.tw/users/visits,absolute-url
https://bam.nr-data.net,bam.nr-data.net,raw/iclass.tku.edu.tw/users/visits.html,https://iclass.tku.edu.tw/users/visits,absolute-url
https://www.google-analytics.com,www.google-analytics.com,raw/iclass.tku.edu.tw/users/visits.html,https://iclass.tku.edu.tw/users/visits,absolute-url
https://iclass.tku.edu.tw/iportal,iclass.tku.edu.tw,raw/iclass.tku.edu.tw/users/visits.html,https://iclass.tku.edu.tw/users/visits,absolute-url
"https://tronclass.com.tw/public-manual/TronclassManual_System_Admin.pdf',",tronclass.com.tw,raw/iclass.tku.edu.tw/users/visits.html,https://iclass.tku.edu.tw/users/visits,absolute-url
"https://tronclass.com.tw/public-manual/TronclassManual_Administrator.pdf',",tronclass.com.tw,raw/iclass.tku.edu.tw/users/visits.html,https://iclass.tku.edu.tw/users/visits,absolute-url
"https://tronclass.com.tw/public-manual/manual-teacher.html',",tronclass.com.tw,raw/iclass.tku.edu.tw/users/visits.html,https://iclass.tku.edu.tw/users/visits,absolute-url
"https://tronclass.com.tw/public-manual/TronclassManual_Student.pdf',",tronclass.com.tw,raw/iclass.tku.edu.tw/users/visits.html,https://iclass.tku.edu.tw/users/visits,absolute-url
"https://tronclass.com.tw/public-manual/TronclassManual_App.pdf',",tronclass.com.tw,raw/iclass.tku.edu.tw/users/visits.html,https://iclass.tku.edu.tw/users/visits,absolute-url
https://support.tronclass.com',support.tronclass.com',raw/iclass.tku.edu.tw/users/visits.html,https://iclass.tku.edu.tw/users/visits,absolute-url
https://iclass.tku.edu.tw/market,iclass.tku.edu.tw,raw/iclass.tku.edu.tw/users/visits.html,https://iclass.tku.edu.tw/users/visits,absolute-url
https://www.youtube.com/iframe_api,www.youtube.com,raw/iclass.tku.edu.tw/users/visits.html,https://iclass.tku.edu.tw/users/visits,absolute-url
https://get.adobe.com/flashplayer/,get.adobe.com,raw/iclass.tku.edu.tw/users/visits.html,https://iclass.tku.edu.tw/users/visits,absolute-url
http://jstricks.com/detect-mobile-devices-javascript-jquery/,jstricks.com,raw/sso.tku.edu.tw/auth/realms/TKU/protocol/openid-connect/auth__q_38dc02d4d8.html,"https://sso.tku.edu.tw/auth/realms/TKU/protocol/openid-connect/auth?client_id=pdsiclass&response_type=code&redirect_uri=https://iclass.tku.edu.tw/login&state=L2lwb3J0YWw=&scope=openid,public_profile,email",absolute-url
https://sso.tku.edu.tw/NEAI/loginrwd.jsp?myurl=,sso.tku.edu.tw,raw/sso.tku.edu.tw/auth/realms/TKU/protocol/openid-connect/auth__q_38dc02d4d8.html,"https://sso.tku.edu.tw/auth/realms/TKU/protocol/openid-connect/auth?client_id=pdsiclass&response_type=code&redirect_uri=https://iclass.tku.edu.tw/login&state=L2lwb3J0YWw=&scope=openid,public_profile,email",absolute-url
https://sso.tku.edu.tw/NEAI/logineb.jsp?myurl=,sso.tku.edu.tw,raw/sso.tku.edu.tw/auth/realms/TKU/protocol/openid-connect/auth__q_38dc02d4d8.html,"https://sso.tku.edu.tw/auth/realms/TKU/protocol/openid-connect/auth?client_id=pdsiclass&response_type=code&redirect_uri=https://iclass.tku.edu.tw/login&state=L2lwb3J0YWw=&scope=openid,public_profile,email",absolute-url
https://adservice.google.com/pagead/regclk,adservice.google.com,raw/www.googletagmanager.com/gtag/js.js,https://www.googletagmanager.com/gtag/js,absolute-url
https://cct.google/taggy/agent.js,cct.google,raw/www.googletagmanager.com/gtag/js.js,https://www.googletagmanager.com/gtag/js,absolute-url
https://www.googletagmanager.com/,www.googletagmanager.com,raw/www.googletagmanager.com/gtag/js.js,https://www.googletagmanager.com/gtag/js,absolute-url
https://www.google.com/ccm/geo,www.google.com,raw/www.googletagmanager.com/gtag/js.js,https://www.googletagmanager.com/gtag/js,absolute-url
https://ad.doubleclick.net/activity;,ad.doubleclick.net,raw/www.googletagmanager.com/gtag/js.js,https://www.googletagmanager.com/gtag/js,absolute-url
https://ade.googlesyndication.com,ade.googlesyndication.com,raw/www.googletagmanager.com/gtag/js.js,https://www.googletagmanager.com/gtag/js,absolute-url
https://www.google.com/,www.google.com,raw/www.googletagmanager.com/gtag/js.js,https://www.googletagmanager.com/gtag/js,absolute-url
https://pagead2.googlesyndication.com/pagead/gen_204?id=tcfe,pagead2.googlesyndication.com,raw/www.googletagmanager.com/gtag/js.js,https://www.googletagmanager.com/gtag/js,absolute-url
https://www.google.com,www.google.com,raw/www.googletagmanager.com/gtag/js.js,https://www.googletagmanager.com/gtag/js,absolute-url
https://www.youtube.com,www.youtube.com,raw/www.googletagmanager.com/gtag/js.js,https://www.googletagmanager.com/gtag/js,absolute-url
https://m.youtube.com,m.youtube.com,raw/www.googletagmanager.com/gtag/js.js,https://www.googletagmanager.com/gtag/js,absolute-url
https://adservice.google.com/pagead/regclk,adservice.google.com,raw/www.googletagmanager.com/gtag/js__q_a5aaac809c.js,https://www.googletagmanager.com/gtag/js?id=G-4EQ9Z50LKC&cx=c&gtm=4e65k1,absolute-url
https://cct.google/taggy/agent.js,cct.google,raw/www.googletagmanager.com/gtag/js__q_a5aaac809c.js,https://www.googletagmanager.com/gtag/js?id=G-4EQ9Z50LKC&cx=c&gtm=4e65k1,absolute-url
https://www.google.com,www.google.com,raw/www.googletagmanager.com/gtag/js__q_a5aaac809c.js,https://www.googletagmanager.com/gtag/js?id=G-4EQ9Z50LKC&cx=c&gtm=4e65k1,absolute-url
https://www.googleadservices.com,www.googleadservices.com,raw/www.googletagmanager.com/gtag/js__q_a5aaac809c.js,https://www.googletagmanager.com/gtag/js?id=G-4EQ9Z50LKC&cx=c&gtm=4e65k1,absolute-url
https://pagead2.googlesyndication.com,pagead2.googlesyndication.com,raw/www.googletagmanager.com/gtag/js__q_a5aaac809c.js,https://www.googletagmanager.com/gtag/js?id=G-4EQ9Z50LKC&cx=c&gtm=4e65k1,absolute-url
https://www.googletagmanager.com/,www.googletagmanager.com,raw/www.googletagmanager.com/gtag/js__q_a5aaac809c.js,https://www.googletagmanager.com/gtag/js?id=G-4EQ9Z50LKC&cx=c&gtm=4e65k1,absolute-url
https://www.google.com/ccm/geo,www.google.com,raw/www.googletagmanager.com/gtag/js__q_a5aaac809c.js,https://www.googletagmanager.com/gtag/js?id=G-4EQ9Z50LKC&cx=c&gtm=4e65k1,absolute-url
https://ad.doubleclick.net/activity;,ad.doubleclick.net,raw/www.googletagmanager.com/gtag/js__q_a5aaac809c.js,https://www.googletagmanager.com/gtag/js?id=G-4EQ9Z50LKC&cx=c&gtm=4e65k1,absolute-url
https://ade.googlesyndication.com,ade.googlesyndication.com,raw/www.googletagmanager.com/gtag/js__q_a5aaac809c.js,https://www.googletagmanager.com/gtag/js?id=G-4EQ9Z50LKC&cx=c&gtm=4e65k1,absolute-url
https://www.google.com/,www.google.com,raw/www.googletagmanager.com/gtag/js__q_a5aaac809c.js,https://www.googletagmanager.com/gtag/js?id=G-4EQ9Z50LKC&cx=c&gtm=4e65k1,absolute-url
https://pagead2.googlesyndication.com/pagead/gen_204?id=tcfe,pagead2.googlesyndication.com,raw/www.googletagmanager.com/gtag/js__q_a5aaac809c.js,https://www.googletagmanager.com/gtag/js?id=G-4EQ9Z50LKC&cx=c&gtm=4e65k1,absolute-url
https://ad.doubleclick.net/ccm/s/collect?,ad.doubleclick.net,raw/www.googletagmanager.com/gtag/js__q_a5aaac809c.js,https://www.googletagmanager.com/gtag/js?id=G-4EQ9Z50LKC&cx=c&gtm=4e65k1,absolute-url
https://www.youtube.com/iframe_api,www.youtube.com,raw/www.googletagmanager.com/gtag/js__q_a5aaac809c.js,https://www.googletagmanager.com/gtag/js?id=G-4EQ9Z50LKC&cx=c&gtm=4e65k1,absolute-url
https://www.youtube.com,www.youtube.com,raw/www.googletagmanager.com/gtag/js__q_a5aaac809c.js,https://www.googletagmanager.com/gtag/js?id=G-4EQ9Z50LKC&cx=c&gtm=4e65k1,absolute-url
https://m.youtube.com,m.youtube.com,raw/www.googletagmanager.com/gtag/js__q_a5aaac809c.js,https://www.googletagmanager.com/gtag/js?id=G-4EQ9Z50LKC&cx=c&gtm=4e65k1,absolute-url
https://www.googletagmanager.com/static/service_worker/,www.googletagmanager.com,raw/www.googletagmanager.com/gtag/js__q_a5aaac809c.js,https://www.googletagmanager.com/gtag/js?id=G-4EQ9Z50LKC&cx=c&gtm=4e65k1,absolute-url
https://www.googletagmanager.com,www.googletagmanager.com,raw/www.googletagmanager.com/gtag/js__q_a5aaac809c.js,https://www.googletagmanager.com/gtag/js?id=G-4EQ9Z50LKC&cx=c&gtm=4e65k1,absolute-url
https://www.merchant-center-analytics.goog,www.merchant-center-analytics.goog,raw/www.googletagmanager.com/gtag/js__q_a5aaac809c.js,https://www.googletagmanager.com/gtag/js?id=G-4EQ9Z50LKC&cx=c&gtm=4e65k1,absolute-url
https://www.%/ads/ga-audiences?v=1&t=sr&slf_rd=1&_r=4&,www.%,raw/www.googletagmanager.com/gtag/js__q_a5aaac809c.js,https://www.googletagmanager.com/gtag/js?id=G-4EQ9Z50LKC&cx=c&gtm=4e65k1,absolute-url
https://stats.g.doubleclick.net/g/collect,stats.g.doubleclick.net,raw/www.googletagmanager.com/gtag/js__q_a5aaac809c.js,https://www.googletagmanager.com/gtag/js?id=G-4EQ9Z50LKC&cx=c&gtm=4e65k1,absolute-url
https://stats.g.doubleclick.net/g/collect?v=2&,stats.g.doubleclick.net,raw/www.googletagmanager.com/gtag/js__q_a5aaac809c.js,https://www.googletagmanager.com/gtag/js?id=G-4EQ9Z50LKC&cx=c&gtm=4e65k1,absolute-url
https://adservice.google.com/pagead/regclk,adservice.google.com,raw/www.googletagmanager.com/gtag/js__q_9486b7e461.js,https://www.googletagmanager.com/gtag/js?id=G-YY6C7VCWEY&cx=c&gtm=4e65k1,absolute-url
https://cct.google/taggy/agent.js,cct.google,raw/www.googletagmanager.com/gtag/js__q_9486b7e461.js,https://www.googletagmanager.com/gtag/js?id=G-YY6C7VCWEY&cx=c&gtm=4e65k1,absolute-url
https://www.google.com,www.google.com,raw/www.googletagmanager.com/gtag/js__q_9486b7e461.js,https://www.googletagmanager.com/gtag/js?id=G-YY6C7VCWEY&cx=c&gtm=4e65k1,absolute-url
https://www.googleadservices.com,www.googleadservices.com,raw/www.googletagmanager.com/gtag/js__q_9486b7e461.js,https://www.googletagmanager.com/gtag/js?id=G-YY6C7VCWEY&cx=c&gtm=4e65k1,absolute-url
https://pagead2.googlesyndication.com,pagead2.googlesyndication.com,raw/www.googletagmanager.com/gtag/js__q_9486b7e461.js,https://www.googletagmanager.com/gtag/js?id=G-YY6C7VCWEY&cx=c&gtm=4e65k1,absolute-url
https://www.googletagmanager.com/,www.googletagmanager.com,raw/www.googletagmanager.com/gtag/js__q_9486b7e461.js,https://www.googletagmanager.com/gtag/js?id=G-YY6C7VCWEY&cx=c&gtm=4e65k1,absolute-url
https://www.google.com/ccm/geo,www.google.com,raw/www.googletagmanager.com/gtag/js__q_9486b7e461.js,https://www.googletagmanager.com/gtag/js?id=G-YY6C7VCWEY&cx=c&gtm=4e65k1,absolute-url
https://ad.doubleclick.net/activity;,ad.doubleclick.net,raw/www.googletagmanager.com/gtag/js__q_9486b7e461.js,https://www.googletagmanager.com/gtag/js?id=G-YY6C7VCWEY&cx=c&gtm=4e65k1,absolute-url
https://ade.googlesyndication.com,ade.googlesyndication.com,raw/www.googletagmanager.com/gtag/js__q_9486b7e461.js,https://www.googletagmanager.com/gtag/js?id=G-YY6C7VCWEY&cx=c&gtm=4e65k1,absolute-url
https://www.google.com/,www.google.com,raw/www.googletagmanager.com/gtag/js__q_9486b7e461.js,https://www.googletagmanager.com/gtag/js?id=G-YY6C7VCWEY&cx=c&gtm=4e65k1,absolute-url
https://pagead2.googlesyndication.com/pagead/gen_204?id=tcfe,pagead2.googlesyndication.com,raw/www.googletagmanager.com/gtag/js__q_9486b7e461.js,https://www.googletagmanager.com/gtag/js?id=G-YY6C7VCWEY&cx=c&gtm=4e65k1,absolute-url
https://ad.doubleclick.net/ccm/s/collect?,ad.doubleclick.net,raw/www.googletagmanager.com/gtag/js__q_9486b7e461.js,https://www.googletagmanager.com/gtag/js?id=G-YY6C7VCWEY&cx=c&gtm=4e65k1,absolute-url
https://www.facebook.com/tr/,www.facebook.com,raw/www.googletagmanager.com/gtag/js__q_9486b7e461.js,https://www.googletagmanager.com/gtag/js?id=G-YY6C7VCWEY&cx=c&gtm=4e65k1,absolute-url
https://www.youtube.com/iframe_api,www.youtube.com,raw/www.googletagmanager.com/gtag/js__q_9486b7e461.js,https://www.googletagmanager.com/gtag/js?id=G-YY6C7VCWEY&cx=c&gtm=4e65k1,absolute-url
https://www.youtube.com,www.youtube.com,raw/www.googletagmanager.com/gtag/js__q_9486b7e461.js,https://www.googletagmanager.com/gtag/js?id=G-YY6C7VCWEY&cx=c&gtm=4e65k1,absolute-url
https://m.youtube.com,m.youtube.com,raw/www.googletagmanager.com/gtag/js__q_9486b7e461.js,https://www.googletagmanager.com/gtag/js?id=G-YY6C7VCWEY&cx=c&gtm=4e65k1,absolute-url
https://www.googletagmanager.com/static/service_worker/,www.googletagmanager.com,raw/www.googletagmanager.com/gtag/js__q_9486b7e461.js,https://www.googletagmanager.com/gtag/js?id=G-YY6C7VCWEY&cx=c&gtm=4e65k1,absolute-url
https://www.googletagmanager.com,www.googletagmanager.com,raw/www.googletagmanager.com/gtag/js__q_9486b7e461.js,https://www.googletagmanager.com/gtag/js?id=G-YY6C7VCWEY&cx=c&gtm=4e65k1,absolute-url
https://www.merchant-center-analytics.goog,www.merchant-center-analytics.goog,raw/www.googletagmanager.com/gtag/js__q_9486b7e461.js,https://www.googletagmanager.com/gtag/js?id=G-YY6C7VCWEY&cx=c&gtm=4e65k1,absolute-url
https://www.%/ads/ga-audiences?v=1&t=sr&slf_rd=1&_r=4&,www.%,raw/www.googletagmanager.com/gtag/js__q_9486b7e461.js,https://www.googletagmanager.com/gtag/js?id=G-YY6C7VCWEY&cx=c&gtm=4e65k1,absolute-url
https://stats.g.doubleclick.net/g/collect,stats.g.doubleclick.net,raw/www.googletagmanager.com/gtag/js__q_9486b7e461.js,https://www.googletagmanager.com/gtag/js?id=G-YY6C7VCWEY&cx=c&gtm=4e65k1,absolute-url
https://stats.g.doubleclick.net/g/collect?v=2&,stats.g.doubleclick.net,raw/www.googletagmanager.com/gtag/js__q_9486b7e461.js,https://www.googletagmanager.com/gtag/js?id=G-YY6C7VCWEY&cx=c&gtm=4e65k1,absolute-url
