url,status,path,bytes,title,ng_apps,ng_controllers_count,ng_controllers_sample,script_count,link_count,anchor_count,custom_components
https://iclass.tku.edu.tw/,200,raw/iclass.tku.edu.tw/index/index.html,1629,iClass學習平台,,0,,0,0,2,
https://iclass.tku.edu.tw/api/activies/classin/join-url,500,raw/iclass.tku.edu.tw/api/activies/classin/join-url.html,1085,iClass,,0,,0,1,0,
https://iclass.tku.edu.tw/api/activies/classin/join-url?course_id=,500,raw/iclass.tku.edu.tw/api/activies/classin/join-url__q_0e8c8d66de.html,1085,iClass,,0,,0,1,0,
https://iclass.tku.edu.tw/api/activities,500,raw/iclass.tku.edu.tw/api/activities.html,1085,iClass,,0,,0,1,0,
https://iclass.tku.edu.tw/api/activities/is-locked?activity_conditions=,500,raw/iclass.tku.edu.tw/api/activities/is-locked__q_046929f855.html,1085,iClass,,0,,0,1,0,
https://iclass.tku.edu.tw/api/activity-resort,500,raw/iclass.tku.edu.tw/api/activity-resort.html,1085,iClass,,0,,0,1,0,
https://iclass.tku.edu.tw/api/ai-ppt/usage,500,raw/iclass.tku.edu.tw/api/ai-ppt/usage.html,1085,iClass,,0,,0,1,0,
https://iclass.tku.edu.tw/api/ai-ppt/user-usage/export,500,raw/iclass.tku.edu.tw/api/ai-ppt/user-usage/export.html,1085,iClass,,0,,0,1,0,
https://iclass.tku.edu.tw/api/air-credit/course/credit-states-stats/export,500,raw/iclass.tku.edu.tw/api/air-credit/course/credit-states-stats/export.html,1085,iClass,,0,,0,1,0,
https://iclass.tku.edu.tw/api/air-credit/course/usage-limit,500,raw/iclass.tku.edu.tw/api/air-credit/course/usage-limit.html,1085,iClass,,0,,0,1,0,
https://iclass.tku.edu.tw/api/air-credit/credits,500,raw/iclass.tku.edu.tw/api/air-credit/credits.html,1085,iClass,,0,,0,1,0,
https://iclass.tku.edu.tw/api/air-credit/credits/clear-remaining-credits,500,raw/iclass.tku.edu.tw/api/air-credit/credits/clear-remaining-credits.html,1085,iClass,,0,,0,1,0,
https://iclass.tku.edu.tw/api/air-credit/credits/status,500,raw/iclass.tku.edu.tw/api/air-credit/credits/status.html,1085,iClass,,0,,0,1,0,
https://iclass.tku.edu.tw/api/air-credit/user/credit-states-stats/export,500,raw/iclass.tku.edu.tw/api/air-credit/user/credit-states-stats/export.html,1085,iClass,,0,,0,1,0,
https://iclass.tku.edu.tw/api/alert/messages/read,500,raw/iclass.tku.edu.tw/api/alert/messages/read.html,1085,iClass,,0,,0,1,0,
https://iclass.tku.edu.tw/api/auth_code/get_auth_code,500,raw/iclass.tku.edu.tw/api/auth_code/get_auth_code.html,1085,iClass,,0,,0,1,0,
https://iclass.tku.edu.tw/api/auth_code/validate_auth_code,500,raw/iclass.tku.edu.tw/api/auth_code/validate_auth_code.html,1085,iClass,,0,,0,1,0,
https://iclass.tku.edu.tw/api/authz/user-roles,500,raw/iclass.tku.edu.tw/api/authz/user-roles.html,1085,iClass,,0,,0,1,0,
https://iclass.tku.edu.tw/api/authz/user-roles?page=,500,raw/iclass.tku.edu.tw/api/authz/user-roles__q_ee1eaef797.html,1085,iClass,,0,,0,1,0,
https://iclass.tku.edu.tw/api/auto-create,500,raw/iclass.tku.edu.tw/api/auto-create.html,1085,iClass,,0,,0,1,0,
https://iclass.tku.edu.tw/api/calendar-tag,500,raw/iclass.tku.edu.tw/api/calendar-tag.html,1085,iClass,,0,,0,1,0,
https://iclass.tku.edu.tw/api/calendar-teaching-weeks,500,raw/iclass.tku.edu.tw/api/calendar-teaching-weeks.html,1085,iClass,,0,,0,1,0,
https://iclass.tku.edu.tw/api/campus-subject-lib/combination-subjects,500,raw/iclass.tku.edu.tw/api/campus-subject-lib/combination-subjects.html,1085,iClass,,0,,0,1,0,
https://iclass.tku.edu.tw/api/campus-subject-lib/subject/publish,500,raw/iclass.tku.edu.tw/api/campus-subject-lib/subject/publish.html,1085,iClass,,0,,0,1,0,
https://iclass.tku.edu.tw/api/classroom/,500,raw/iclass.tku.edu.tw/api/classroom/index.html,1085,iClass,,0,,0,1,0,
https://iclass.tku.edu.tw/api/completion-criteria,500,raw/iclass.tku.edu.tw/api/completion-criteria.html,1085,iClass,,0,,0,1,0,
https://iclass.tku.edu.tw/api/config?no-intercept=true,403,raw/iclass.tku.edu.tw/api/config__q_ee79111d36.html,14,,,0,,0,0,0,
https://iclass.tku.edu.tw/api/copy-third-part-resources,500,raw/iclass.tku.edu.tw/api/copy-third-part-resources.html,1085,iClass,,0,,0,1,0,
https://iclass.tku.edu.tw/api/course,500,raw/iclass.tku.edu.tw/api/course.html,1085,iClass,,0,,0,1,0,
https://iclass.tku.edu.tw/api/course-classification,500,raw/iclass.tku.edu.tw/api/course-classification.html,1085,iClass,,0,,0,1,0,
https://iclass.tku.edu.tw/api/course-copy/copy,500,raw/iclass.tku.edu.tw/api/course-copy/copy.html,1085,iClass,,0,,0,1,0,
https://iclass.tku.edu.tw/api/course-copy/courses,500,raw/iclass.tku.edu.tw/api/course-copy/courses.html,1085,iClass,,0,,0,1,0,
https://iclass.tku.edu.tw/api/course-estimate,500,raw/iclass.tku.edu.tw/api/course-estimate.html,1085,iClass,,0,,0,1,0,
https://iclass.tku.edu.tw/api/course-estimate-reply,500,raw/iclass.tku.edu.tw/api/course-estimate-reply.html,1085,iClass,,0,,0,1,0,
https://iclass.tku.edu.tw/api/course-subject,500,raw/iclass.tku.edu.tw/api/course-subject.html,1085,iClass,,0,,0,1,0,
https://iclass.tku.edu.tw/api/course/copy,500,raw/iclass.tku.edu.tw/api/course/copy.html,1085,iClass,,0,,0,1,0,
https://iclass.tku.edu.tw/api/course/copy-meta-course,500,raw/iclass.tku.edu.tw/api/course/copy-meta-course.html,1085,iClass,,0,,0,1,0,
https://iclass.tku.edu.tw/api/course/customize,500,raw/iclass.tku.edu.tw/api/course/customize.html,1085,iClass,,0,,0,1,0,
https://iclass.tku.edu.tw/api/course/enrollments,500,raw/iclass.tku.edu.tw/api/course/enrollments.html,1085,iClass,,0,,0,1,0,
https://iclass.tku.edu.tw/api/course/mbz/import,500,raw/iclass.tku.edu.tw/api/course/mbz/import.html,1085,iClass,,0,,0,1,0,
https://iclass.tku.edu.tw/api/course_template,500,raw/iclass.tku.edu.tw/api/course_template.html,1085,iClass,,0,,0,1,0,
https://iclass.tku.edu.tw/api/courses/settings,500,raw/iclass.tku.edu.tw/api/courses/settings.html,1085,iClass,,0,,0,1,0,
https://iclass.tku.edu.tw/api/courses/stats?course_ids=,500,raw/iclass.tku.edu.tw/api/courses/stats__q_bb638ca821.html,1085,iClass,,0,,0,1,0,
https://iclass.tku.edu.tw/api/courses/sync_from_urp,500,raw/iclass.tku.edu.tw/api/courses/sync_from_urp.html,1085,iClass,,0,,0,1,0,
https://iclass.tku.edu.tw/api/courses/tencent-meeting/activities,500,raw/iclass.tku.edu.tw/api/courses/tencent-meeting/activities.html,1085,iClass,,0,,0,1,0,
https://iclass.tku.edu.tw/api/courseware-quiz/format-question,500,raw/iclass.tku.edu.tw/api/courseware-quiz/format-question.html,1085,iClass,,0,,0,1,0,
https://iclass.tku.edu.tw/api/courseware-quiz/generate-subjects,500,raw/iclass.tku.edu.tw/api/courseware-quiz/generate-subjects.html,1085,iClass,,0,,0,1,0,
https://iclass.tku.edu.tw/api/courseware-quiz/generate-subjects-by-text,500,raw/iclass.tku.edu.tw/api/courseware-quiz/generate-subjects-by-text.html,1085,iClass,,0,,0,1,0,
https://iclass.tku.edu.tw/api/curriculum,500,raw/iclass.tku.edu.tw/api/curriculum.html,1085,iClass,,0,,0,1,0,
https://iclass.tku.edu.tw/api/curriculum-conditions/resort,500,raw/iclass.tku.edu.tw/api/curriculum-conditions/resort.html,1085,iClass,,0,,0,1,0,
https://iclass.tku.edu.tw/api/curriculum-sections/resort,500,raw/iclass.tku.edu.tw/api/curriculum-sections/resort.html,1085,iClass,,0,,0,1,0,
https://iclass.tku.edu.tw/api/data-import/ai-convert,500,raw/iclass.tku.edu.tw/api/data-import/ai-convert.html,1085,iClass,,0,,0,1,0,
https://iclass.tku.edu.tw/api/data-import/course-groups,500,raw/iclass.tku.edu.tw/api/data-import/course-groups.html,1085,iClass,,0,,0,1,0,
https://iclass.tku.edu.tw/api/data-import/courses,500,raw/iclass.tku.edu.tw/api/data-import/courses.html,1085,iClass,,0,,0,1,0,
https://iclass.tku.edu.tw/api/data-import/curriculum-enrollments,500,raw/iclass.tku.edu.tw/api/data-import/curriculum-enrollments.html,1085,iClass,,0,,0,1,0,
https://iclass.tku.edu.tw/api/data-import/edit-courses,500,raw/iclass.tku.edu.tw/api/data-import/edit-courses.html,1085,iClass,,0,,0,1,0,
https://iclass.tku.edu.tw/api/data-import/enrollments,500,raw/iclass.tku.edu.tw/api/data-import/enrollments.html,1085,iClass,,0,,0,1,0,
https://iclass.tku.edu.tw/api/data-import/from-word,500,raw/iclass.tku.edu.tw/api/data-import/from-word.html,1085,iClass,,0,,0,1,0,
https://iclass.tku.edu.tw/api/data-import/validation,500,raw/iclass.tku.edu.tw/api/data-import/validation.html,1085,iClass,,0,,0,1,0,
https://iclass.tku.edu.tw/api/department/resource-center,500,raw/iclass.tku.edu.tw/api/department/resource-center.html,1085,iClass,,0,,0,1,0,
https://iclass.tku.edu.tw/api/enrollments/score,500,raw/iclass.tku.edu.tw/api/enrollments/score.html,1085,iClass,,0,,0,1,0,
https://iclass.tku.edu.tw/api/enrollments/total-score?mode=,500,raw/iclass.tku.edu.tw/api/enrollments/total-score__q_da81ccbe76.html,1085,iClass,,0,,0,1,0,
https://iclass.tku.edu.tw/api/entries/batch-delete,500,raw/iclass.tku.edu.tw/api/entries/batch-delete.html,1085,iClass,,0,,0,1,0,
https://iclass.tku.edu.tw/api/exam-scores,500,raw/iclass.tku.edu.tw/api/exam-scores.html,1085,iClass,,0,,0,1,0,
https://iclass.tku.edu.tw/api/exams/batch_delete,500,raw/iclass.tku.edu.tw/api/exams/batch_delete.html,1085,iClass,,0,,0,1,0,
https://iclass.tku.edu.tw/api/face-recognition/config,500,raw/iclass.tku.edu.tw/api/face-recognition/config.html,1085,iClass,,0,,0,1,0,
https://iclass.tku.edu.tw/api/footprint/tread,500,raw/iclass.tku.edu.tw/api/footprint/tread.html,1085,iClass,,0,,0,1,0,
https://iclass.tku.edu.tw/api/free-try,500,raw/iclass.tku.edu.tw/api/free-try.html,1085,iClass,,0,,0,1,0,
https://iclass.tku.edu.tw/api/google/auth,500,raw/iclass.tku.edu.tw/api/google/auth.html,1085,iClass,,0,,0,1,0,
https://iclass.tku.edu.tw/api/google/import,500,raw/iclass.tku.edu.tw/api/google/import.html,1085,iClass,,0,,0,1,0,
https://iclass.tku.edu.tw/api/knowledge-graph/forest-versions/-/stats:batchGet,500,raw/iclass.tku.edu.tw/api/knowledge-graph/forest-versions/-/stats_batchGet.html,1085,iClass,,0,,0,1,0,
https://iclass.tku.edu.tw/api/knowledge-graph/kfs-courses/-/published-forest-versions:batchGet,500,raw/iclass.tku.edu.tw/api/knowledge-graph/kfs-courses/-/published-forest-versions_batchGet.html,1085,iClass,,0,,0,1,0,
https://iclass.tku.edu.tw/api/knowledge-graph/kfs-subjects,500,raw/iclass.tku.edu.tw/api/knowledge-graph/kfs-subjects.html,1085,iClass,,0,,0,1,0,
https://iclass.tku.edu.tw/api/knowledge-nodes/parse/docx,500,raw/iclass.tku.edu.tw/api/knowledge-nodes/parse/docx.html,1085,iClass,,0,,0,1,0,
https://iclass.tku.edu.tw/api/lark/authorization/check,500,raw/iclass.tku.edu.tw/api/lark/authorization/check.html,1085,iClass,,0,,0,1,0,
https://iclass.tku.edu.tw/api/lessons_search/schedule,500,raw/iclass.tku.edu.tw/api/lessons_search/schedule.html,1085,iClass,,0,,0,1,0,
https://iclass.tku.edu.tw/api/line-login/auth,500,raw/iclass.tku.edu.tw/api/line-login/auth.html,1085,iClass,,0,,0,1,0,
https://iclass.tku.edu.tw/api/line-notify/auth,500,raw/iclass.tku.edu.tw/api/line-notify/auth.html,1085,iClass,,0,,0,1,0,
https://iclass.tku.edu.tw/api/login,500,raw/iclass.tku.edu.tw/api/login.html,1085,iClass,,0,,0,1,0,
https://iclass.tku.edu.tw/api/login/check-email-domain,500,raw/iclass.tku.edu.tw/api/login/check-email-domain.html,1085,iClass,,0,,0,1,0,
https://iclass.tku.edu.tw/api/login/check-user-org,500,raw/iclass.tku.edu.tw/api/login/check-user-org.html,1085,iClass,,0,,0,1,0,
https://iclass.tku.edu.tw/api/media-captions/template?lang=,500,raw/iclass.tku.edu.tw/api/media-captions/template__q_9f3caca8a1.html,141,Internal Server Error,,0,,0,0,0,
https://iclass.tku.edu.tw/api/meeting/slots,500,raw/iclass.tku.edu.tw/api/meeting/slots.html,1085,iClass,,0,,0,1,0,
https://iclass.tku.edu.tw/api/microsoft/auth,500,raw/iclass.tku.edu.tw/api/microsoft/auth.html,1085,iClass,,0,,0,1,0,
https://iclass.tku.edu.tw/api/my-captures,500,raw/iclass.tku.edu.tw/api/my-captures.html,1085,iClass,,0,,0,1,0,
https://iclass.tku.edu.tw/api/my-note,500,raw/iclass.tku.edu.tw/api/my-note.html,1085,iClass,,0,,0,1,0,
https://iclass.tku.edu.tw/api/org-bulletin/bulletins,500,raw/iclass.tku.edu.tw/api/org-bulletin/bulletins.html,1085,iClass,,0,,0,1,0,
https://iclass.tku.edu.tw/api/org-bulletin/bulletins?fields=id,500,raw/iclass.tku.edu.tw/api/org-bulletin/bulletins__q_ff4049a17d.html,1085,iClass,,0,,0,1,0,
https://iclass.tku.edu.tw/api/org/request/plan-plus,500,raw/iclass.tku.edu.tw/api/org/request/plan-plus.html,1085,iClass,,0,,0,1,0,
https://iclass.tku.edu.tw/api/outline-setting/toggle,500,raw/iclass.tku.edu.tw/api/outline-setting/toggle.html,1085,iClass,,0,,0,1,0,
https://iclass.tku.edu.tw/api/outline/notify,500,raw/iclass.tku.edu.tw/api/outline/notify.html,1085,iClass,,0,,0,1,0,
https://iclass.tku.edu.tw/api/project,500,raw/iclass.tku.edu.tw/api/project.html,1085,iClass,,0,,0,1,0,
https://iclass.tku.edu.tw/api/public-captures,500,raw/iclass.tku.edu.tw/api/public-captures.html,1085,iClass,,0,,0,1,0,
https://iclass.tku.edu.tw/api/public-resources,500,raw/iclass.tku.edu.tw/api/public-resources.html,1085,iClass,,0,,0,1,0,
https://iclass.tku.edu.tw/api/resource-file,500,raw/iclass.tku.edu.tw/api/resource-file.html,1085,iClass,,0,,0,1,0,
https://iclass.tku.edu.tw/api/resource-file/batch-delete,500,raw/iclass.tku.edu.tw/api/resource-file/batch-delete.html,1085,iClass,,0,,0,1,0,
https://iclass.tku.edu.tw/api/resource-group,500,raw/iclass.tku.edu.tw/api/resource-group.html,1085,iClass,,0,,0,1,0,
"https://iclass.tku.edu.tw/api/reviewed-courses?all=true&fields=id,name,course_code",500,raw/iclass.tku.edu.tw/api/reviewed-courses__q_f05d198d04.html,1085,iClass,,0,,0,1,0,
https://iclass.tku.edu.tw/api/reviewed-courses?page=,500,raw/iclass.tku.edu.tw/api/reviewed-courses__q_ee1eaef797.html,1085,iClass,,0,,0,1,0,
https://iclass.tku.edu.tw/api/rubrics/generate,500,raw/iclass.tku.edu.tw/api/rubrics/generate.html,1085,iClass,,0,,0,1,0,
https://iclass.tku.edu.tw/api/save-resources,500,raw/iclass.tku.edu.tw/api/save-resources.html,1085,iClass,,0,,0,1,0,
https://iclass.tku.edu.tw/api/save-resources/check,500,raw/iclass.tku.edu.tw/api/save-resources/check.html,1085,iClass,,0,,0,1,0,
https://iclass.tku.edu.tw/api/score-publish-item-maps,500,raw/iclass.tku.edu.tw/api/score-publish-item-maps.html,1085,iClass,,0,,0,1,0,
https://iclass.tku.edu.tw/api/selected-departments,500,raw/iclass.tku.edu.tw/api/selected-departments.html,1085,iClass,,0,,0,1,0,
https://iclass.tku.edu.tw/api/sign-in,500,raw/iclass.tku.edu.tw/api/sign-in.html,1085,iClass,,0,,0,1,0,
https://iclass.tku.edu.tw/api/signup,404,raw/iclass.tku.edu.tw/api/signup.html,892,,,0,,0,0,0,
https://iclass.tku.edu.tw/api/signup/info-update,500,raw/iclass.tku.edu.tw/api/signup/info-update.html,1085,iClass,,0,,0,1,0,
https://iclass.tku.edu.tw/api/subject-libs/batch/copy?courseware_quiz_id=,500,raw/iclass.tku.edu.tw/api/subject-libs/batch/copy__q_d86a510ab0.html,1085,iClass,,0,,0,1,0,
https://iclass.tku.edu.tw/api/subject-libs/check-wmqti,500,raw/iclass.tku.edu.tw/api/subject-libs/check-wmqti.html,1085,iClass,,0,,0,1,0,
https://iclass.tku.edu.tw/api/subject-libs/copy-to-user,500,raw/iclass.tku.edu.tw/api/subject-libs/copy-to-user.html,1085,iClass,,0,,0,1,0,
https://iclass.tku.edu.tw/api/subject-libs/libs-copy-to,500,raw/iclass.tku.edu.tw/api/subject-libs/libs-copy-to.html,1085,iClass,,0,,0,1,0,
https://iclass.tku.edu.tw/api/subject-libs/libs-move-to,500,raw/iclass.tku.edu.tw/api/subject-libs/libs-move-to.html,1085,iClass,,0,,0,1,0,
https://iclass.tku.edu.tw/api/subject-libs/subjects-movement,500,raw/iclass.tku.edu.tw/api/subject-libs/subjects-movement.html,1085,iClass,,0,,0,1,0,
https://iclass.tku.edu.tw/api/subject-libs/subjects-replication,500,raw/iclass.tku.edu.tw/api/subject-libs/subjects-replication.html,1085,iClass,,0,,0,1,0,
https://iclass.tku.edu.tw/api/submission/recommend,500,raw/iclass.tku.edu.tw/api/submission/recommend.html,1085,iClass,,0,,0,1,0,
https://iclass.tku.edu.tw/api/syllabus,500,raw/iclass.tku.edu.tw/api/syllabus.html,1085,iClass,,0,,0,1,0,
https://iclass.tku.edu.tw/api/syllabus/resort,500,raw/iclass.tku.edu.tw/api/syllabus/resort.html,1085,iClass,,0,,0,1,0,
https://iclass.tku.edu.tw/api/task?type=,500,raw/iclass.tku.edu.tw/api/task__q_271a9b2829.html,1085,iClass,,0,,0,1,0,
https://iclass.tku.edu.tw/api/tencent-meeting/authorization-url,500,raw/iclass.tku.edu.tw/api/tencent-meeting/authorization-url.html,1085,iClass,,0,,0,1,0,
https://iclass.tku.edu.tw/api/tencent-meeting/statistics/excel?conditions=,500,raw/iclass.tku.edu.tw/api/tencent-meeting/statistics/excel__q_312ea1bc9c.html,1085,iClass,,0,,0,1,0,
https://iclass.tku.edu.tw/api/text-optimization,500,raw/iclass.tku.edu.tw/api/text-optimization.html,1085,iClass,,0,,0,1,0,
https://iclass.tku.edu.tw/api/toggle-opened-orgs?toggle=share_resource_to_other_orgs&include_current_org=,500,raw/iclass.tku.edu.tw/api/toggle-opened-orgs__q_b9f4bfaf52.html,1085,iClass,,0,,0,1,0,
https://iclass.tku.edu.tw/api/topics,500,raw/iclass.tku.edu.tw/api/topics.html,1085,iClass,,0,,0,1,0,
https://iclass.tku.edu.tw/api/topics/latest?no-intercept=true&count=,500,raw/iclass.tku.edu.tw/api/topics/latest__q_a8f0b355c5.html,1085,iClass,,0,,0,1,0,
https://iclass.tku.edu.tw/api/tpdoe/courses?user_id=,500,raw/iclass.tku.edu.tw/api/tpdoe/courses__q_caa13a136c.html,1085,iClass,,0,,0,1,0,
https://iclass.tku.edu.tw/api/tpdoe/enrollments?user_id=,500,raw/iclass.tku.edu.tw/api/tpdoe/enrollments__q_caa13a136c.html,1085,iClass,,0,,0,1,0,
https://iclass.tku.edu.tw/api/tpdoe/week-sections?user_id=,500,raw/iclass.tku.edu.tw/api/tpdoe/week-sections__q_caa13a136c.html,1085,iClass,,0,,0,1,0,
https://iclass.tku.edu.tw/api/urp/courses,500,raw/iclass.tku.edu.tw/api/urp/courses.html,1085,iClass,,0,,0,1,0,
https://iclass.tku.edu.tw/api/user/academic-learning-resources,500,raw/iclass.tku.edu.tw/api/user/academic-learning-resources.html,1085,iClass,,0,,0,1,0,
https://iclass.tku.edu.tw/api/user/address,500,raw/iclass.tku.edu.tw/api/user/address.html,1085,iClass,,0,,0,1,0,
https://iclass.tku.edu.tw/api/user/association-code,500,raw/iclass.tku.edu.tw/api/user/association-code.html,1085,iClass,,0,,0,1,0,
https://iclass.tku.edu.tw/api/user/attributes,500,raw/iclass.tku.edu.tw/api/user/attributes.html,1085,iClass,,0,,0,1,0,
https://iclass.tku.edu.tw/api/user/avatar,500,raw/iclass.tku.edu.tw/api/user/avatar.html,1085,iClass,,0,,0,1,0,
https://iclass.tku.edu.tw/api/user/check-course-graduate,500,raw/iclass.tku.edu.tw/api/user/check-course-graduate.html,1085,iClass,,0,,0,1,0,
https://iclass.tku.edu.tw/api/user/check-curriculum-graduate,500,raw/iclass.tku.edu.tw/api/user/check-curriculum-graduate.html,1085,iClass,,0,,0,1,0,
https://iclass.tku.edu.tw/api/user/classrooms?start_date=,500,raw/iclass.tku.edu.tw/api/user/classrooms__q_10f2513dc3.html,1085,iClass,,0,,0,1,0,
https://iclass.tku.edu.tw/api/user/course-certification/scores,500,raw/iclass.tku.edu.tw/api/user/course-certification/scores.html,1085,iClass,,0,,0,1,0,
https://iclass.tku.edu.tw/api/user/department,500,raw/iclass.tku.edu.tw/api/user/department.html,1085,iClass,,0,,0,1,0,
https://iclass.tku.edu.tw/api/user/email,500,raw/iclass.tku.edu.tw/api/user/email.html,1085,iClass,,0,,0,1,0,
https://iclass.tku.edu.tw/api/user/first-time-login,500,raw/iclass.tku.edu.tw/api/user/first-time-login.html,1085,iClass,,0,,0,1,0,
https://iclass.tku.edu.tw/api/user/language,500,raw/iclass.tku.edu.tw/api/user/language.html,1085,iClass,,0,,0,1,0,
https://iclass.tku.edu.tw/api/user/links,500,raw/iclass.tku.edu.tw/api/user/links.html,1085,iClass,,0,,0,1,0,
https://iclass.tku.edu.tw/api/user/mobile-phone,500,raw/iclass.tku.edu.tw/api/user/mobile-phone.html,1085,iClass,,0,,0,1,0,
https://iclass.tku.edu.tw/api/user/name,500,raw/iclass.tku.edu.tw/api/user/name.html,1085,iClass,,0,,0,1,0,
https://iclass.tku.edu.tw/api/user/nickname,500,raw/iclass.tku.edu.tw/api/user/nickname.html,1085,iClass,,0,,0,1,0,
https://iclass.tku.edu.tw/api/user/other-video-resources,500,raw/iclass.tku.edu.tw/api/user/other-video-resources.html,1085,iClass,,0,,0,1,0,
https://iclass.tku.edu.tw/api/user/password,500,raw/iclass.tku.edu.tw/api/user/password.html,1085,iClass,,0,,0,1,0,
https://iclass.tku.edu.tw/api/user/portfolio_url,500,raw/iclass.tku.edu.tw/api/user/portfolio_url.html,1085,iClass,,0,,0,1,0,
https://iclass.tku.edu.tw/api/user/role,500,raw/iclass.tku.edu.tw/api/user/role.html,1085,iClass,,0,,0,1,0,
https://iclass.tku.edu.tw/api/user/send_org_sing_up_verification_email,500,raw/iclass.tku.edu.tw/api/user/send_org_sing_up_verification_email.html,1085,iClass,,0,,0,1,0,
https://iclass.tku.edu.tw/api/user/send_verification_email,500,raw/iclass.tku.edu.tw/api/user/send_verification_email.html,1085,iClass,,0,,0,1,0,
https://iclass.tku.edu.tw/api/user/third-part-resources,500,raw/iclass.tku.edu.tw/api/user/third-part-resources.html,1085,iClass,,0,,0,1,0,
https://iclass.tku.edu.tw/api/users/without_authz_roles?ignore_avatar=false&page=,500,raw/iclass.tku.edu.tw/api/users/without_authz_roles__q_772d0fcbda.html,1085,iClass,,0,,0,1,0,
https://iclass.tku.edu.tw/api/video-quizzes,500,raw/iclass.tku.edu.tw/api/video-quizzes.html,1085,iClass,,0,,0,1,0,
https://iclass.tku.edu.tw/api/vtrs,500,raw/iclass.tku.edu.tw/api/vtrs.html,1085,iClass,,0,,0,1,0,
https://iclass.tku.edu.tw/api/webex/auth,500,raw/iclass.tku.edu.tw/api/webex/auth.html,1085,iClass,,0,,0,1,0,
https://iclass.tku.edu.tw/api/wedrive/files?page=,500,raw/iclass.tku.edu.tw/api/wedrive/files__q_ee1eaef797.html,1085,iClass,,0,,0,1,0,
https://iclass.tku.edu.tw/api/wedrive/files?page=1&page_size=1000,500,raw/iclass.tku.edu.tw/api/wedrive/files__q_bbf650a154.html,1085,iClass,,0,,0,1,0,
https://iclass.tku.edu.tw/api/wg-admin/orgs/request,500,raw/iclass.tku.edu.tw/api/wg-admin/orgs/request.html,1085,iClass,,0,,0,1,0,
https://iclass.tku.edu.tw/course,404,raw/iclass.tku.edu.tw/course.html,454464,iClass,common,23,AudioPlayCtrl; CalendarController; CalendarEventController; CalendarTimetableController; CodeEditorController; FilePreviewerController; FileSelectController; FolderUploadController; FooterCtrl; HeaderCtrl; HeaderWarningController; InviteConfirmController,77,104,14,match-subject-info; svg-icon; vue-announcement; vue-alert-messages; notification-container; calendar-color-select; wg-calendar; material-file-select-list; question-submit-panel; ai-quiz-subjects-view; collapse-operation
https://iclass.tku.edu.tw/course-advance-setting,404,raw/iclass.tku.edu.tw/course-advance-setting.html,454469,iClass,common,23,AudioPlayCtrl; CalendarController; CalendarEventController; CalendarTimetableController; CodeEditorController; FilePreviewerController; FileSelectController; FolderUploadController; FooterCtrl; HeaderCtrl; HeaderWarningController; InviteConfirmController,77,104,14,match-subject-info; svg-icon; vue-announcement; vue-alert-messages; notification-container; calendar-color-select; wg-calendar; material-file-select-list; question-submit-panel; ai-quiz-subjects-view; collapse-operation
https://iclass.tku.edu.tw/course-audits,404,raw/iclass.tku.edu.tw/course-audits.html,454464,iClass,common,23,AudioPlayCtrl; CalendarController; CalendarEventController; CalendarTimetableController; CodeEditorController; FilePreviewerController; FileSelectController; FolderUploadController; FooterCtrl; HeaderCtrl; HeaderWarningController; InviteConfirmController,77,104,14,match-subject-info; svg-icon; vue-announcement; vue-alert-messages; notification-container; calendar-color-select; wg-calendar; material-file-select-list; question-submit-panel; ai-quiz-subjects-view; collapse-operation
https://iclass.tku.edu.tw/course-catalog-wrapper,404,raw/iclass.tku.edu.tw/course-catalog-wrapper.html,454457,iClass,common,23,AudioPlayCtrl; CalendarController; CalendarEventController; CalendarTimetableController; CodeEditorController; FilePreviewerController; FileSelectController; FolderUploadController; FooterCtrl; HeaderCtrl; HeaderWarningController; InviteConfirmController,77,104,14,match-subject-info; svg-icon; vue-announcement; vue-alert-messages; notification-container; calendar-color-select; wg-calendar; material-file-select-list; question-submit-panel; ai-quiz-subjects-view; collapse-operation
https://iclass.tku.edu.tw/course-classifications,404,raw/iclass.tku.edu.tw/course-classifications.html,454456,iClass,common,23,AudioPlayCtrl; CalendarController; CalendarEventController; CalendarTimetableController; CodeEditorController; FilePreviewerController; FileSelectController; FolderUploadController; FooterCtrl; HeaderCtrl; HeaderWarningController; InviteConfirmController,77,104,14,match-subject-info; svg-icon; vue-announcement; vue-alert-messages; notification-container; calendar-color-select; wg-calendar; material-file-select-list; question-submit-panel; ai-quiz-subjects-view; collapse-operation
https://iclass.tku.edu.tw/course-completeness?page=,404,raw/iclass.tku.edu.tw/course-completeness__q_ee1eaef797.html,454458,iClass,common,23,AudioPlayCtrl; CalendarController; CalendarEventController; CalendarTimetableController; CodeEditorController; FilePreviewerController; FileSelectController; FolderUploadController; FooterCtrl; HeaderCtrl; HeaderWarningController; InviteConfirmController,77,104,14,match-subject-info; svg-icon; vue-announcement; vue-alert-messages; notification-container; calendar-color-select; wg-calendar; material-file-select-list; question-submit-panel; ai-quiz-subjects-view; collapse-operation
https://iclass.tku.edu.tw/course-cover,404,raw/iclass.tku.edu.tw/course-cover.html,454466,iClass,common,23,AudioPlayCtrl; CalendarController; CalendarEventController; CalendarTimetableController; CodeEditorController; FilePreviewerController; FileSelectController; FolderUploadController; FooterCtrl; HeaderCtrl; HeaderWarningController; InviteConfirmController,77,104,14,match-subject-info; svg-icon; vue-announcement; vue-alert-messages; notification-container; calendar-color-select; wg-calendar; material-file-select-list; question-submit-panel; ai-quiz-subjects-view; collapse-operation
https://iclass.tku.edu.tw/course-credit-setting,404,raw/iclass.tku.edu.tw/course-credit-setting.html,454452,iClass,common,23,AudioPlayCtrl; CalendarController; CalendarEventController; CalendarTimetableController; CodeEditorController; FilePreviewerController; FileSelectController; FolderUploadController; FooterCtrl; HeaderCtrl; HeaderWarningController; InviteConfirmController,77,104,14,match-subject-info; svg-icon; vue-announcement; vue-alert-messages; notification-container; calendar-color-select; wg-calendar; material-file-select-list; question-submit-panel; ai-quiz-subjects-view; collapse-operation
https://iclass.tku.edu.tw/course-estimate-wrapper,404,raw/iclass.tku.edu.tw/course-estimate-wrapper.html,454457,iClass,common,23,AudioPlayCtrl; CalendarController; CalendarEventController; CalendarTimetableController; CodeEditorController; FilePreviewerController; FileSelectController; FolderUploadController; FooterCtrl; HeaderCtrl; HeaderWarningController; InviteConfirmController,77,104,14,match-subject-info; svg-icon; vue-announcement; vue-alert-messages; notification-container; calendar-color-select; wg-calendar; material-file-select-list; question-submit-panel; ai-quiz-subjects-view; collapse-operation
https://iclass.tku.edu.tw/course-estimates-replies/,404,raw/iclass.tku.edu.tw/course-estimates-replies/index.html,454456,iClass,common,23,AudioPlayCtrl; CalendarController; CalendarEventController; CalendarTimetableController; CodeEditorController; FilePreviewerController; FileSelectController; FolderUploadController; FooterCtrl; HeaderCtrl; HeaderWarningController; InviteConfirmController,77,104,14,match-subject-info; svg-icon; vue-announcement; vue-alert-messages; notification-container; calendar-color-select; wg-calendar; material-file-select-list; question-submit-panel; ai-quiz-subjects-view; collapse-operation
https://iclass.tku.edu.tw/course-estimates-replies/avatarSmallUrl,404,raw/iclass.tku.edu.tw/course-estimates-replies/avatarSmallUrl.html,454454,iClass,common,23,AudioPlayCtrl; CalendarController; CalendarEventController; CalendarTimetableController; CodeEditorController; FilePreviewerController; FileSelectController; FolderUploadController; FooterCtrl; HeaderCtrl; HeaderWarningController; InviteConfirmController,77,104,14,match-subject-info; svg-icon; vue-announcement; vue-alert-messages; notification-container; calendar-color-select; wg-calendar; material-file-select-list; question-submit-panel; ai-quiz-subjects-view; collapse-operation
https://iclass.tku.edu.tw/course-estimates-replies/capture_url,404,raw/iclass.tku.edu.tw/course-estimates-replies/capture_url.html,454454,iClass,common,23,AudioPlayCtrl; CalendarController; CalendarEventController; CalendarTimetableController; CodeEditorController; FilePreviewerController; FileSelectController; FolderUploadController; FooterCtrl; HeaderCtrl; HeaderWarningController; InviteConfirmController,77,104,14,match-subject-info; svg-icon; vue-announcement; vue-alert-messages; notification-container; calendar-color-select; wg-calendar; material-file-select-list; question-submit-panel; ai-quiz-subjects-view; collapse-operation
https://iclass.tku.edu.tw/course-estimates-replies/lesson_resource_url,404,raw/iclass.tku.edu.tw/course-estimates-replies/lesson_resource_url.html,454454,iClass,common,23,AudioPlayCtrl; CalendarController; CalendarEventController; CalendarTimetableController; CodeEditorController; FilePreviewerController; FileSelectController; FolderUploadController; FooterCtrl; HeaderCtrl; HeaderWarningController; InviteConfirmController,77,104,14,match-subject-info; svg-icon; vue-announcement; vue-alert-messages; notification-container; calendar-color-select; wg-calendar; material-file-select-list; question-submit-panel; ai-quiz-subjects-view; collapse-operation
https://iclass.tku.edu.tw/course-estimates-replies/manualUrl,404,raw/iclass.tku.edu.tw/course-estimates-replies/manualUrl.html,454454,iClass,common,23,AudioPlayCtrl; CalendarController; CalendarEventController; CalendarTimetableController; CodeEditorController; FilePreviewerController; FileSelectController; FolderUploadController; FooterCtrl; HeaderCtrl; HeaderWarningController; InviteConfirmController,77,104,14,match-subject-info; svg-icon; vue-announcement; vue-alert-messages; notification-container; calendar-color-select; wg-calendar; material-file-select-list; question-submit-panel; ai-quiz-subjects-view; collapse-operation
https://iclass.tku.edu.tw/course-estimates/,404,raw/iclass.tku.edu.tw/course-estimates/index.html,454456,iClass,common,23,AudioPlayCtrl; CalendarController; CalendarEventController; CalendarTimetableController; CodeEditorController; FilePreviewerController; FileSelectController; FolderUploadController; FooterCtrl; HeaderCtrl; HeaderWarningController; InviteConfirmController,77,104,14,match-subject-info; svg-icon; vue-announcement; vue-alert-messages; notification-container; calendar-color-select; wg-calendar; material-file-select-list; question-submit-panel; ai-quiz-subjects-view; collapse-operation
https://iclass.tku.edu.tw/course-estimates/avatarSmallUrl,404,raw/iclass.tku.edu.tw/course-estimates/avatarSmallUrl.html,454454,iClass,common,23,AudioPlayCtrl; CalendarController; CalendarEventController; CalendarTimetableController; CodeEditorController; FilePreviewerController; FileSelectController; FolderUploadController; FooterCtrl; HeaderCtrl; HeaderWarningController; InviteConfirmController,77,104,14,match-subject-info; svg-icon; vue-announcement; vue-alert-messages; notification-container; calendar-color-select; wg-calendar; material-file-select-list; question-submit-panel; ai-quiz-subjects-view; collapse-operation
https://iclass.tku.edu.tw/course-estimates/capture_url,404,raw/iclass.tku.edu.tw/course-estimates/capture_url.html,454454,iClass,common,23,AudioPlayCtrl; CalendarController; CalendarEventController; CalendarTimetableController; CodeEditorController; FilePreviewerController; FileSelectController; FolderUploadController; FooterCtrl; HeaderCtrl; HeaderWarningController; InviteConfirmController,77,104,14,match-subject-info; svg-icon; vue-announcement; vue-alert-messages; notification-container; calendar-color-select; wg-calendar; material-file-select-list; question-submit-panel; ai-quiz-subjects-view; collapse-operation
https://iclass.tku.edu.tw/course-estimates/lesson_resource_url,404,raw/iclass.tku.edu.tw/course-estimates/lesson_resource_url.html,454454,iClass,common,23,AudioPlayCtrl; CalendarController; CalendarEventController; CalendarTimetableController; CodeEditorController; FilePreviewerController; FileSelectController; FolderUploadController; FooterCtrl; HeaderCtrl; HeaderWarningController; InviteConfirmController,77,104,14,match-subject-info; svg-icon; vue-announcement; vue-alert-messages; notification-container; calendar-color-select; wg-calendar; material-file-select-list; question-submit-panel; ai-quiz-subjects-view; collapse-operation
https://iclass.tku.edu.tw/course-estimates/manualUrl,404,raw/iclass.tku.edu.tw/course-estimates/manualUrl.html,454454,iClass,common,23,AudioPlayCtrl; CalendarController; CalendarEventController; CalendarTimetableController; CodeEditorController; FilePreviewerController; FileSelectController; FolderUploadController; FooterCtrl; HeaderCtrl; HeaderWarningController; InviteConfirmController,77,104,14,match-subject-info; svg-icon; vue-announcement; vue-alert-messages; notification-container; calendar-color-select; wg-calendar; material-file-select-list; question-submit-panel; ai-quiz-subjects-view; collapse-operation
https://iclass.tku.edu.tw/course-package,404,raw/iclass.tku.edu.tw/course-package.html,454462,iClass,common,23,AudioPlayCtrl; CalendarController; CalendarEventController; CalendarTimetableController; CodeEditorController; FilePreviewerController; FileSelectController; FolderUploadController; FooterCtrl; HeaderCtrl; HeaderWarningController; InviteConfirmController,77,104,14,match-subject-info; svg-icon; vue-announcement; vue-alert-messages; notification-container; calendar-color-select; wg-calendar; material-file-select-list; question-submit-panel; ai-quiz-subjects-view; collapse-operation
https://iclass.tku.edu.tw/course-package/avatarSmallUrl,404,raw/iclass.tku.edu.tw/course-package/avatarSmallUrl.html,454458,iClass,common,23,AudioPlayCtrl; CalendarController; CalendarEventController; CalendarTimetableController; CodeEditorController; FilePreviewerController; FileSelectController; FolderUploadController; FooterCtrl; HeaderCtrl; HeaderWarningController; InviteConfirmController,77,104,14,match-subject-info; svg-icon; vue-announcement; vue-alert-messages; notification-container; calendar-color-select; wg-calendar; material-file-select-list; question-submit-panel; ai-quiz-subjects-view; collapse-operation
https://iclass.tku.edu.tw/course-package/capture_url,404,raw/iclass.tku.edu.tw/course-package/capture_url.html,454454,iClass,common,23,AudioPlayCtrl; CalendarController; CalendarEventController; CalendarTimetableController; CodeEditorController; FilePreviewerController; FileSelectController; FolderUploadController; FooterCtrl; HeaderCtrl; HeaderWarningController; InviteConfirmController,77,104,14,match-subject-info; svg-icon; vue-announcement; vue-alert-messages; notification-container; calendar-color-select; wg-calendar; material-file-select-list; question-submit-panel; ai-quiz-subjects-view; collapse-operation
https://iclass.tku.edu.tw/course-package/export,404,raw/iclass.tku.edu.tw/course-package/export.html,454462,iClass,common,23,AudioPlayCtrl; CalendarController; CalendarEventController; CalendarTimetableController; CodeEditorController; FilePreviewerController; FileSelectController; FolderUploadController; FooterCtrl; HeaderCtrl; HeaderWarningController; InviteConfirmController,77,104,14,match-subject-info; svg-icon; vue-announcement; vue-alert-messages; notification-container; calendar-color-select; wg-calendar; material-file-select-list; question-submit-panel; ai-quiz-subjects-view; collapse-operation
https://iclass.tku.edu.tw/course-package/lesson_resource_url,404,raw/iclass.tku.edu.tw/course-package/lesson_resource_url.html,454454,iClass,common,23,AudioPlayCtrl; CalendarController; CalendarEventController; CalendarTimetableController; CodeEditorController; FilePreviewerController; FileSelectController; FolderUploadController; FooterCtrl; HeaderCtrl; HeaderWarningController; InviteConfirmController,77,104,14,match-subject-info; svg-icon; vue-announcement; vue-alert-messages; notification-container; calendar-color-select; wg-calendar; material-file-select-list; question-submit-panel; ai-quiz-subjects-view; collapse-operation
https://iclass.tku.edu.tw/course-package/manualUrl,404,raw/iclass.tku.edu.tw/course-package/manualUrl.html,454458,iClass,common,23,AudioPlayCtrl; CalendarController; CalendarEventController; CalendarTimetableController; CodeEditorController; FilePreviewerController; FileSelectController; FolderUploadController; FooterCtrl; HeaderCtrl; HeaderWarningController; InviteConfirmController,77,104,14,match-subject-info; svg-icon; vue-announcement; vue-alert-messages; notification-container; calendar-color-select; wg-calendar; material-file-select-list; question-submit-panel; ai-quiz-subjects-view; collapse-operation
https://iclass.tku.edu.tw/course-package/status,404,raw/iclass.tku.edu.tw/course-package/status.html,454462,iClass,common,23,AudioPlayCtrl; CalendarController; CalendarEventController; CalendarTimetableController; CodeEditorController; FilePreviewerController; FileSelectController; FolderUploadController; FooterCtrl; HeaderCtrl; HeaderWarningController; InviteConfirmController,77,104,14,match-subject-info; svg-icon; vue-announcement; vue-alert-messages; notification-container; calendar-color-select; wg-calendar; material-file-select-list; question-submit-panel; ai-quiz-subjects-view; collapse-operation
https://iclass.tku.edu.tw/course-roles,404,raw/iclass.tku.edu.tw/course-roles.html,454458,iClass,common,23,AudioPlayCtrl; CalendarController; CalendarEventController; CalendarTimetableController; CodeEditorController; FilePreviewerController; FileSelectController; FolderUploadController; FooterCtrl; HeaderCtrl; HeaderWarningController; InviteConfirmController,77,104,14,match-subject-info; svg-icon; vue-announcement; vue-alert-messages; notification-container; calendar-color-select; wg-calendar; material-file-select-list; question-submit-panel; ai-quiz-subjects-view; collapse-operation
https://iclass.tku.edu.tw/course-roles/,404,raw/iclass.tku.edu.tw/course-roles/index.html,454476,iClass,common,23,AudioPlayCtrl; CalendarController; CalendarEventController; CalendarTimetableController; CodeEditorController; FilePreviewerController; FileSelectController; FolderUploadController; FooterCtrl; HeaderCtrl; HeaderWarningController; InviteConfirmController,77,104,14,match-subject-info; svg-icon; vue-announcement; vue-alert-messages; notification-container; calendar-color-select; wg-calendar; material-file-select-list; question-submit-panel; ai-quiz-subjects-view; collapse-operation
https://iclass.tku.edu.tw/course-roles/:roleId/course/:courseId,404,raw/iclass.tku.edu.tw/course-roles/_roleId/course/_courseId.html,454458,iClass,common,23,AudioPlayCtrl; CalendarController; CalendarEventController; CalendarTimetableController; CodeEditorController; FilePreviewerController; FileSelectController; FolderUploadController; FooterCtrl; HeaderCtrl; HeaderWarningController; InviteConfirmController,77,104,14,match-subject-info; svg-icon; vue-announcement; vue-alert-messages; notification-container; calendar-color-select; wg-calendar; material-file-select-list; question-submit-panel; ai-quiz-subjects-view; collapse-operation
https://iclass.tku.edu.tw/course-roles/:roleId/edit,404,raw/iclass.tku.edu.tw/course-roles/_roleId/edit.html,454458,iClass,common,23,AudioPlayCtrl; CalendarController; CalendarEventController; CalendarTimetableController; CodeEditorController; FilePreviewerController; FileSelectController; FolderUploadController; FooterCtrl; HeaderCtrl; HeaderWarningController; InviteConfirmController,77,104,14,match-subject-info; svg-icon; vue-announcement; vue-alert-messages; notification-container; calendar-color-select; wg-calendar; material-file-select-list; question-submit-panel; ai-quiz-subjects-view; collapse-operation
https://iclass.tku.edu.tw/course-roles/add,404,raw/iclass.tku.edu.tw/course-roles/add.html,454458,iClass,common,23,AudioPlayCtrl; CalendarController; CalendarEventController; CalendarTimetableController; CodeEditorController; FilePreviewerController; FileSelectController; FolderUploadController; FooterCtrl; HeaderCtrl; HeaderWarningController; InviteConfirmController,77,104,14,match-subject-info; svg-icon; vue-announcement; vue-alert-messages; notification-container; calendar-color-select; wg-calendar; material-file-select-list; question-submit-panel; ai-quiz-subjects-view; collapse-operation
https://iclass.tku.edu.tw/course-roles/avatarSmallUrl,404,raw/iclass.tku.edu.tw/course-roles/avatarSmallUrl.html,454476,iClass,common,23,AudioPlayCtrl; CalendarController; CalendarEventController; CalendarTimetableController; CodeEditorController; FilePreviewerController; FileSelectController; FolderUploadController; FooterCtrl; HeaderCtrl; HeaderWarningController; InviteConfirmController,77,104,14,match-subject-info; svg-icon; vue-announcement; vue-alert-messages; notification-container; calendar-color-select; wg-calendar; material-file-select-list; question-submit-panel; ai-quiz-subjects-view; collapse-operation
https://iclass.tku.edu.tw/course-roles/capture_url,404,raw/iclass.tku.edu.tw/course-roles/capture_url.html,454453,iClass,common,23,AudioPlayCtrl; CalendarController; CalendarEventController; CalendarTimetableController; CodeEditorController; FilePreviewerController; FileSelectController; FolderUploadController; FooterCtrl; HeaderCtrl; HeaderWarningController; InviteConfirmController,77,104,14,match-subject-info; svg-icon; vue-announcement; vue-alert-messages; notification-container; calendar-color-select; wg-calendar; material-file-select-list; question-submit-panel; ai-quiz-subjects-view; collapse-operation
https://iclass.tku.edu.tw/course-roles/lesson_resource_url,404,raw/iclass.tku.edu.tw/course-roles/lesson_resource_url.html,454476,iClass,common,23,AudioPlayCtrl; CalendarController; CalendarEventController; CalendarTimetableController; CodeEditorController; FilePreviewerController; FileSelectController; FolderUploadController; FooterCtrl; HeaderCtrl; HeaderWarningController; InviteConfirmController,77,104,14,match-subject-info; svg-icon; vue-announcement; vue-alert-messages; notification-container; calendar-color-select; wg-calendar; material-file-select-list; question-submit-panel; ai-quiz-subjects-view; collapse-operation
https://iclass.tku.edu.tw/course-roles/manualUrl,404,raw/iclass.tku.edu.tw/course-roles/manualUrl.html,454476,iClass,common,23,AudioPlayCtrl; CalendarController; CalendarEventController; CalendarTimetableController; CodeEditorController; FilePreviewerController; FileSelectController; FolderUploadController; FooterCtrl; HeaderCtrl; HeaderWarningController; InviteConfirmController,77,104,14,match-subject-info; svg-icon; vue-announcement; vue-alert-messages; notification-container; calendar-color-select; wg-calendar; material-file-select-list; question-submit-panel; ai-quiz-subjects-view; collapse-operation
https://iclass.tku.edu.tw/course-summary-wrapper,404,raw/iclass.tku.edu.tw/course-summary-wrapper.html,454464,iClass,common,23,AudioPlayCtrl; CalendarController; CalendarEventController; CalendarTimetableController; CodeEditorController; FilePreviewerController; FileSelectController; FolderUploadController; FooterCtrl; HeaderCtrl; HeaderWarningController; InviteConfirmController,77,104,14,match-subject-info; svg-icon; vue-announcement; vue-alert-messages; notification-container; calendar-color-select; wg-calendar; material-file-select-list; question-submit-panel; ai-quiz-subjects-view; collapse-operation
https://iclass.tku.edu.tw/course-themes,404,raw/iclass.tku.edu.tw/course-themes.html,454452,iClass,common,23,AudioPlayCtrl; CalendarController; CalendarEventController; CalendarTimetableController; CodeEditorController; FilePreviewerController; FileSelectController; FolderUploadController; FooterCtrl; HeaderCtrl; HeaderWarningController; InviteConfirmController,77,104,14,match-subject-info; svg-icon; vue-announcement; vue-alert-messages; notification-container; calendar-color-select; wg-calendar; material-file-select-list; question-submit-panel; ai-quiz-subjects-view; collapse-operation
https://iclass.tku.edu.tw/course/,404,raw/iclass.tku.edu.tw/course/index.html,454466,iClass,common,23,AudioPlayCtrl; CalendarController; CalendarEventController; CalendarTimetableController; CodeEditorController; FilePreviewerController; FileSelectController; FolderUploadController; FooterCtrl; HeaderCtrl; HeaderWarningController; InviteConfirmController,77,104,14,match-subject-info; svg-icon; vue-announcement; vue-alert-messages; notification-container; calendar-color-select; wg-calendar; material-file-select-list; question-submit-panel; ai-quiz-subjects-view; collapse-operation
https://iclass.tku.edu.tw/course/260584/avatarSmallUrl,404,raw/iclass.tku.edu.tw/course/260584/avatarSmallUrl.html,454472,iClass,common,23,AudioPlayCtrl; CalendarController; CalendarEventController; CalendarTimetableController; CodeEditorController; FilePreviewerController; FileSelectController; FolderUploadController; FooterCtrl; HeaderCtrl; HeaderWarningController; InviteConfirmController,77,104,14,match-subject-info; svg-icon; vue-announcement; vue-alert-messages; notification-container; calendar-color-select; wg-calendar; material-file-select-list; question-submit-panel; ai-quiz-subjects-view; collapse-operation
https://iclass.tku.edu.tw/course/260584/bulletin,200,raw/iclass.tku.edu.tw/course/260584/bulletin.html,516044,iClass,bulletin,29,AccessForbiddenController; AudioPlayCtrl; BulletinCtrl; CalendarController; CalendarEventController; CalendarTimetableController; CodeEditorController; CourseHeaderCtrl; CourseMenuCtrl; FilePreviewerController; FileSelectController; FolderUploadController,77,104,32,match-subject-info; svg-icon; vue-announcement; vue-alert-messages; notification-container; calendar-color-select; wg-calendar; material-file-select-list; question-submit-panel; ai-quiz-subjects-view; collapse-operation
https://iclass.tku.edu.tw/course/260584/classroom,200,raw/iclass.tku.edu.tw/course/260584/classroom.html,490966,iClass,classroom-classroom-list,32,AccessForbiddenController; ActivityDeletePopupController; AudioPlayCtrl; CalendarController; CalendarEventController; CalendarTimetableController; ClassroomListController; CodeEditorController; CourseHeaderCtrl; CourseMenuCtrl; EditClassroomController; FilePreviewerController,77,104,35,match-subject-info; svg-icon; vue-announcement; vue-alert-messages; notification-container; calendar-color-select; wg-calendar; material-file-select-list; question-submit-panel; ai-quiz-subjects-view; collapse-operation
https://iclass.tku.edu.tw/course/260584/content,200,raw/iclass.tku.edu.tw/course/260584/content.html,1122672,iClass,syllabus,28,AccessForbiddenController; AudioPlayCtrl; CalendarController; CalendarEventController; CalendarTimetableController; CodeEditorController; CourseHeaderCtrl; CourseMenuCtrl; FilePreviewerController; FileSelectController; FolderUploadController; FooterCtrl,77,104,20,match-subject-info; svg-icon; vue-announcement; vue-alert-messages; notification-container; calendar-color-select; wg-calendar; material-file-select-list; question-submit-panel; ai-quiz-subjects-view; collapse-operation
https://iclass.tku.edu.tw/course/260584/courseware,200,raw/iclass.tku.edu.tw/course/260584/courseware.html,1060670,iClass,courseware,46,AccessForbiddenController; AudioPlayCtrl; CalendarController; CalendarEventController; CalendarTimetableController; CodeEditorController; CourseHeaderCtrl; CourseMenuCtrl; CoursewareListController; CoursewareViewController; CoursewareViewPopupController; FilePreviewNoteController,77,104,35,match-subject-info; activity-checkpoint-lock; activity-time-status; svg-icon; activity-list-item; vue-alert; question-submit-panel; ai-quiz-subjects-view; vue-announcement; vue-alert-messages; notification-container; calendar-color-select
https://iclass.tku.edu.tw/course/260584/enrollments,200,raw/iclass.tku.edu.tw/course/260584/enrollments.html,505195,iClass,enrollments,27,AssistantPermissionController; AudioPlayCtrl; BatchImportSeatNumberController; CalendarController; CalendarEventController; CalendarTimetableController; CodeEditorController; CourseMenuCtrl; EnrollmentsCtrl; FilePreviewerController; FileSelectController; FolderUploadController,77,104,20,match-subject-info; svg-icon; vue-announcement; vue-alert-messages; notification-container; calendar-color-select; wg-calendar; material-file-select-list; enrollment-management; question-submit-panel; ai-quiz-subjects-view; collapse-operation
https://iclass.tku.edu.tw/course/260584/evaluation,500,raw/iclass.tku.edu.tw/course/260584/evaluation.html,1085,iClass,,0,,0,1,0,
https://iclass.tku.edu.tw/course/260584/exam,200,raw/iclass.tku.edu.tw/course/260584/exam.html,499361,iClass,exam-exam-list,33,AccessForbiddenController; AudioPlayCtrl; CalendarController; CalendarEventController; CalendarTimetableController; CodeEditorController; CourseHeaderCtrl; CourseMenuCtrl; ExamListController; FilePreviewerController; FileSelectController; FolderUploadController,77,104,36,match-subject-info; svg-icon; activity-time-status; vue-announcement; vue-alert-messages; notification-container; calendar-color-select; wg-calendar; material-file-select-list; activity-checkpoint-lock; question-submit-panel; ai-quiz-subjects-view
https://iclass.tku.edu.tw/course/260584/forum,200,raw/iclass.tku.edu.tw/course/260584/forum.html,728721,iClass,forum,30,AccessForbiddenController; AudioPlayCtrl; CalendarController; CalendarEventController; CalendarTimetableController; CodeEditorController; CourseHeaderCtrl; CourseMenuCtrl; FilePreviewerController; FileSelectController; FolderUploadController; FooterCtrl,77,104,32,match-subject-info; svg-icon; vue-announcement; vue-alert-messages; notification-container; calendar-color-select; wg-calendar; material-file-select-list; question-submit-panel; ai-quiz-subjects-view; collapse-operation
https://iclass.tku.edu.tw/course/260584/group-set,200,raw/iclass.tku.edu.tw/course/260584/group-set.html,775677,iClass,group,30,AccessForbiddenController; AudioPlayCtrl; CalendarController; CalendarEventController; CalendarTimetableController; CodeEditorController; CourseHeaderCtrl; CourseMenuCtrl; FilePreviewerController; FileSelectController; FolderUploadController; FooterCtrl,77,104,32,match-subject-info; svg-icon; vue-announcement; vue-alert-messages; notification-container; calendar-color-select; wg-calendar; material-file-select-list; question-submit-panel; ai-quiz-subjects-view; collapse-operation
https://iclass.tku.edu.tw/course/260584/homework,200,raw/iclass.tku.edu.tw/course/260584/homework.html,664800,iClass,homework,33,AccessForbiddenController; AudioPlayCtrl; CalendarController; CalendarEventController; CalendarTimetableController; CodeEditorController; CourseHeaderCtrl; CourseMenuCtrl; FilePreviewerController; FileSelectController; FolderUploadController; FooterCtrl,77,104,36,match-subject-info; svg-icon; vue-announcement; vue-alert-messages; notification-container; calendar-color-select; wg-calendar; material-file-select-list; activity-checkpoint-lock; activity-time-status; question-submit-panel; ai-quiz-subjects-view
https://iclass.tku.edu.tw/course/260584/lesson_resource_url,404,raw/iclass.tku.edu.tw/course/260584/lesson_resource_url.html,454458,iClass,common,23,AudioPlayCtrl; CalendarController; CalendarEventController; CalendarTimetableController; CodeEditorController; FilePreviewerController; FileSelectController; FolderUploadController; FooterCtrl; HeaderCtrl; HeaderWarningController; InviteConfirmController,77,104,14,match-subject-info; svg-icon; vue-announcement; vue-alert-messages; notification-container; calendar-color-select; wg-calendar; material-file-select-list; question-submit-panel; ai-quiz-subjects-view; collapse-operation
https://iclass.tku.edu.tw/course/260584/live-activities,200,raw/iclass.tku.edu.tw/course/260584/live-activities.html,555238,iClass,live-activities,30,AccessForbiddenController; AudioPlayCtrl; CalendarController; CalendarEventController; CalendarTimetableController; CodeEditorController; CourseHeaderCtrl; CourseMenuCtrl; FilePreviewerController; FileSelectController; FolderUploadController; FooterCtrl,77,104,33,match-subject-info; svg-icon; material-file-select-list; vue-announcement; vue-alert-messages; notification-container; calendar-color-select; wg-calendar; live-activity-app; question-submit-panel; ai-quiz-subjects-view; collapse-operation
https://iclass.tku.edu.tw/course/260584/manualUrl,404,raw/iclass.tku.edu.tw/course/260584/manualUrl.html,454458,iClass,common,23,AudioPlayCtrl; CalendarController; CalendarEventController; CalendarTimetableController; CodeEditorController; FilePreviewerController; FileSelectController; FolderUploadController; FooterCtrl; HeaderCtrl; HeaderWarningController; InviteConfirmController,77,104,14,match-subject-info; svg-icon; vue-announcement; vue-alert-messages; notification-container; calendar-color-select; wg-calendar; material-file-select-list; question-submit-panel; ai-quiz-subjects-view; collapse-operation
https://iclass.tku.edu.tw/course/260584/my-stat,200,raw/iclass.tku.edu.tw/course/260584/my-stat.html,457801,iClass,stat,25,AudioPlayCtrl; CalendarController; CalendarEventController; CalendarTimetableController; CodeEditorController; CourseMenuCtrl; FilePreviewerController; FileSelectController; FolderUploadController; FooterCtrl; HeaderCtrl; HeaderWarningController,77,104,20,match-subject-info; svg-icon; vue-announcement; vue-alert-messages; notification-container; calendar-color-select; wg-calendar; material-file-select-list; student-study-analysis; question-submit-panel; ai-quiz-subjects-view; collapse-operation
https://iclass.tku.edu.tw/course/260584/note,200,raw/iclass.tku.edu.tw/course/260584/note.html,679006,iClass,note,36,AccessForbiddenController; AudioPlayCtrl; CalendarController; CalendarEventController; CalendarTimetableController; CodeEditorController; CourseHeaderCtrl; CourseMenuCtrl; FilePreviewNoteController; FilePreviewerController; FileSelectController; FolderUploadController,77,104,32,match-subject-info; svg-icon; question-submit-panel; ai-quiz-subjects-view; vue-announcement; vue-alert-messages; notification-container; calendar-color-select; wg-calendar; material-file-select-list; collapse-operation
https://iclass.tku.edu.tw/course/260584/outline,200,raw/iclass.tku.edu.tw/course/260584/outline.html,503102,iClass,outline,25,AudioPlayCtrl; CalendarController; CalendarEventController; CalendarTimetableController; CodeEditorController; CourseMenuCtrl; FilePreviewerController; FileSelectController; FolderUploadController; FooterCtrl; HeaderCtrl; HeaderWarningController,78,104,20,match-subject-info; svg-icon; vue-announcement; vue-alert-messages; notification-container; calendar-color-select; wg-calendar; material-file-select-list; question-submit-panel; ai-quiz-subjects-view; collapse-operation
https://iclass.tku.edu.tw/course/260584/questionnaire,200,raw/iclass.tku.edu.tw/course/260584/questionnaire.html,486560,iClass,questionnaire-questionnaire-list,30,AccessForbiddenController; AudioPlayCtrl; CalendarController; CalendarEventController; CalendarTimetableController; CodeEditorController; CourseHeaderCtrl; CourseMenuCtrl; FilePreviewerController; FileSelectController; FolderUploadController; FooterCtrl,77,104,36,match-subject-info; svg-icon; vue-announcement; vue-alert-messages; notification-container; calendar-color-select; wg-calendar; material-file-select-list; activity-checkpoint-lock; activity-time-status; question-submit-panel; ai-quiz-subjects-view
https://iclass.tku.edu.tw/course/260584/rollcall,200,raw/iclass.tku.edu.tw/course/260584/rollcall.html,481457,iClass,rollcall,25,AudioPlayCtrl; CalendarController; CalendarEventController; CalendarTimetableController; CodeEditorController; CourseMenuCtrl; FilePreviewerController; FileSelectController; FolderUploadController; FooterCtrl; HeaderCtrl; HeaderWarningController,77,104,20,match-subject-info; svg-icon; vue-announcement; vue-alert-messages; notification-container; calendar-color-select; wg-calendar; material-file-select-list; question-submit-panel; ai-quiz-subjects-view; collapse-operation
https://iclass.tku.edu.tw/course/260584/score,200,raw/iclass.tku.edu.tw/course/260584/score.html,544286,iClass,student-score,26,AudioPlayCtrl; CalendarController; CalendarEventController; CalendarTimetableController; CodeEditorController; CourseMenuCtrl; FilePreviewerController; FileSelectController; FolderUploadController; FooterCtrl; HeaderCtrl; HeaderWarningController,77,104,20,match-subject-info; activity-checkpoint-lock; svg-icon; vue-announcement; vue-alert-messages; notification-container; calendar-color-select; wg-calendar; material-file-select-list; vue-alert; question-submit-panel; ai-quiz-subjects-view
https://iclass.tku.edu.tw/course/260584/true,404,raw/iclass.tku.edu.tw/course/260584/true.html,454458,iClass,common,23,AudioPlayCtrl; CalendarController; CalendarEventController; CalendarTimetableController; CodeEditorController; FilePreviewerController; FileSelectController; FolderUploadController; FooterCtrl; HeaderCtrl; HeaderWarningController; InviteConfirmController,77,104,14,match-subject-info; svg-icon; vue-announcement; vue-alert-messages; notification-container; calendar-color-select; wg-calendar; material-file-select-list; question-submit-panel; ai-quiz-subjects-view; collapse-operation
https://iclass.tku.edu.tw/course/261155/content,200,raw/iclass.tku.edu.tw/course/261155/content.html,1122673,iClass,syllabus,28,AccessForbiddenController; AudioPlayCtrl; CalendarController; CalendarEventController; CalendarTimetableController; CodeEditorController; CourseHeaderCtrl; CourseMenuCtrl; FilePreviewerController; FileSelectController; FolderUploadController; FooterCtrl,77,104,20,match-subject-info; svg-icon; vue-announcement; vue-alert-messages; notification-container; calendar-color-select; wg-calendar; material-file-select-list; question-submit-panel; ai-quiz-subjects-view; collapse-operation
https://iclass.tku.edu.tw/course/261157/avatarSmallUrl,404,raw/iclass.tku.edu.tw/course/261157/avatarSmallUrl.html,454473,iClass,common,23,AudioPlayCtrl; CalendarController; CalendarEventController; CalendarTimetableController; CodeEditorController; FilePreviewerController; FileSelectController; FolderUploadController; FooterCtrl; HeaderCtrl; HeaderWarningController; InviteConfirmController,77,104,14,match-subject-info; svg-icon; vue-announcement; vue-alert-messages; notification-container; calendar-color-select; wg-calendar; material-file-select-list; question-submit-panel; ai-quiz-subjects-view; collapse-operation
https://iclass.tku.edu.tw/course/261157/bulletin,200,raw/iclass.tku.edu.tw/course/261157/bulletin.html,516033,iClass,bulletin,29,AccessForbiddenController; AudioPlayCtrl; BulletinCtrl; CalendarController; CalendarEventController; CalendarTimetableController; CodeEditorController; CourseHeaderCtrl; CourseMenuCtrl; FilePreviewerController; FileSelectController; FolderUploadController,77,104,32,match-subject-info; svg-icon; vue-announcement; vue-alert-messages; notification-container; calendar-color-select; wg-calendar; material-file-select-list; question-submit-panel; ai-quiz-subjects-view; collapse-operation
https://iclass.tku.edu.tw/course/261157/capture_url,404,raw/iclass.tku.edu.tw/course/261157/capture_url.html,454472,iClass,common,23,AudioPlayCtrl; CalendarController; CalendarEventController; CalendarTimetableController; CodeEditorController; FilePreviewerController; FileSelectController; FolderUploadController; FooterCtrl; HeaderCtrl; HeaderWarningController; InviteConfirmController,77,104,14,match-subject-info; svg-icon; vue-announcement; vue-alert-messages; notification-container; calendar-color-select; wg-calendar; material-file-select-list; question-submit-panel; ai-quiz-subjects-view; collapse-operation
https://iclass.tku.edu.tw/course/261157/classroom,200,raw/iclass.tku.edu.tw/course/261157/classroom.html,490954,iClass,classroom-classroom-list,32,AccessForbiddenController; ActivityDeletePopupController; AudioPlayCtrl; CalendarController; CalendarEventController; CalendarTimetableController; ClassroomListController; CodeEditorController; CourseHeaderCtrl; CourseMenuCtrl; EditClassroomController; FilePreviewerController,77,104,35,match-subject-info; svg-icon; vue-announcement; vue-alert-messages; notification-container; calendar-color-select; wg-calendar; material-file-select-list; question-submit-panel; ai-quiz-subjects-view; collapse-operation
https://iclass.tku.edu.tw/course/261157/content,200,raw/iclass.tku.edu.tw/course/261157/content.html,1122645,iClass,syllabus,28,AccessForbiddenController; AudioPlayCtrl; CalendarController; CalendarEventController; CalendarTimetableController; CodeEditorController; CourseHeaderCtrl; CourseMenuCtrl; FilePreviewerController; FileSelectController; FolderUploadController; FooterCtrl,77,104,20,match-subject-info; svg-icon; vue-announcement; vue-alert-messages; notification-container; calendar-color-select; wg-calendar; material-file-select-list; question-submit-panel; ai-quiz-subjects-view; collapse-operation
https://iclass.tku.edu.tw/course/261157/courseware,200,raw/iclass.tku.edu.tw/course/261157/courseware.html,1060659,iClass,courseware,46,AccessForbiddenController; AudioPlayCtrl; CalendarController; CalendarEventController; CalendarTimetableController; CodeEditorController; CourseHeaderCtrl; CourseMenuCtrl; CoursewareListController; CoursewareViewController; CoursewareViewPopupController; FilePreviewNoteController,77,104,35,match-subject-info; activity-checkpoint-lock; activity-time-status; svg-icon; activity-list-item; vue-alert; question-submit-panel; ai-quiz-subjects-view; vue-announcement; vue-alert-messages; notification-container; calendar-color-select
https://iclass.tku.edu.tw/course/261157/enrollments,200,raw/iclass.tku.edu.tw/course/261157/enrollments.html,505169,iClass,enrollments,27,AssistantPermissionController; AudioPlayCtrl; BatchImportSeatNumberController; CalendarController; CalendarEventController; CalendarTimetableController; CodeEditorController; CourseMenuCtrl; EnrollmentsCtrl; FilePreviewerController; FileSelectController; FolderUploadController,77,104,20,match-subject-info; svg-icon; vue-announcement; vue-alert-messages; notification-container; calendar-color-select; wg-calendar; material-file-select-list; enrollment-management; question-submit-panel; ai-quiz-subjects-view; collapse-operation
https://iclass.tku.edu.tw/course/261157/evaluation,500,raw/iclass.tku.edu.tw/course/261157/evaluation.html,1085,iClass,,0,,0,1,0,
https://iclass.tku.edu.tw/course/261157/exam,200,raw/iclass.tku.edu.tw/course/261157/exam.html,499350,iClass,exam-exam-list,33,AccessForbiddenController; AudioPlayCtrl; CalendarController; CalendarEventController; CalendarTimetableController; CodeEditorController; CourseHeaderCtrl; CourseMenuCtrl; ExamListController; FilePreviewerController; FileSelectController; FolderUploadController,77,104,36,match-subject-info; svg-icon; activity-time-status; vue-announcement; vue-alert-messages; notification-container; calendar-color-select; wg-calendar; material-file-select-list; activity-checkpoint-lock; question-submit-panel; ai-quiz-subjects-view
https://iclass.tku.edu.tw/course/261157/forum,200,raw/iclass.tku.edu.tw/course/261157/forum.html,728710,iClass,forum,30,AccessForbiddenController; AudioPlayCtrl; CalendarController; CalendarEventController; CalendarTimetableController; CodeEditorController; CourseHeaderCtrl; CourseMenuCtrl; FilePreviewerController; FileSelectController; FolderUploadController; FooterCtrl,77,104,32,match-subject-info; svg-icon; vue-announcement; vue-alert-messages; notification-container; calendar-color-select; wg-calendar; material-file-select-list; question-submit-panel; ai-quiz-subjects-view; collapse-operation
https://iclass.tku.edu.tw/course/261157/group-set,200,raw/iclass.tku.edu.tw/course/261157/group-set.html,775665,iClass,group,30,AccessForbiddenController; AudioPlayCtrl; CalendarController; CalendarEventController; CalendarTimetableController; CodeEditorController; CourseHeaderCtrl; CourseMenuCtrl; FilePreviewerController; FileSelectController; FolderUploadController; FooterCtrl,77,104,32,match-subject-info; svg-icon; vue-announcement; vue-alert-messages; notification-container; calendar-color-select; wg-calendar; material-file-select-list; question-submit-panel; ai-quiz-subjects-view; collapse-operation
https://iclass.tku.edu.tw/course/261157/homework,200,raw/iclass.tku.edu.tw/course/261157/homework.html,664789,iClass,homework,33,AccessForbiddenController; AudioPlayCtrl; CalendarController; CalendarEventController; CalendarTimetableController; CodeEditorController; CourseHeaderCtrl; CourseMenuCtrl; FilePreviewerController; FileSelectController; FolderUploadController; FooterCtrl,77,104,36,match-subject-info; svg-icon; vue-announcement; vue-alert-messages; notification-container; calendar-color-select; wg-calendar; material-file-select-list; activity-checkpoint-lock; activity-time-status; question-submit-panel; ai-quiz-subjects-view
https://iclass.tku.edu.tw/course/261157/lesson_resource_url,404,raw/iclass.tku.edu.tw/course/261157/lesson_resource_url.html,454472,iClass,common,23,AudioPlayCtrl; CalendarController; CalendarEventController; CalendarTimetableController; CodeEditorController; FilePreviewerController; FileSelectController; FolderUploadController; FooterCtrl; HeaderCtrl; HeaderWarningController; InviteConfirmController,77,104,14,match-subject-info; svg-icon; vue-announcement; vue-alert-messages; notification-container; calendar-color-select; wg-calendar; material-file-select-list; question-submit-panel; ai-quiz-subjects-view; collapse-operation
https://iclass.tku.edu.tw/course/261157/live-activities,200,raw/iclass.tku.edu.tw/course/261157/live-activities.html,555225,iClass,live-activities,30,AccessForbiddenController; AudioPlayCtrl; CalendarController; CalendarEventController; CalendarTimetableController; CodeEditorController; CourseHeaderCtrl; CourseMenuCtrl; FilePreviewerController; FileSelectController; FolderUploadController; FooterCtrl,77,104,33,match-subject-info; svg-icon; material-file-select-list; vue-announcement; vue-alert-messages; notification-container; calendar-color-select; wg-calendar; live-activity-app; question-submit-panel; ai-quiz-subjects-view; collapse-operation
https://iclass.tku.edu.tw/course/261157/manualUrl,404,raw/iclass.tku.edu.tw/course/261157/manualUrl.html,454472,iClass,common,23,AudioPlayCtrl; CalendarController; CalendarEventController; CalendarTimetableController; CodeEditorController; FilePreviewerController; FileSelectController; FolderUploadController; FooterCtrl; HeaderCtrl; HeaderWarningController; InviteConfirmController,77,104,14,match-subject-info; svg-icon; vue-announcement; vue-alert-messages; notification-container; calendar-color-select; wg-calendar; material-file-select-list; question-submit-panel; ai-quiz-subjects-view; collapse-operation
https://iclass.tku.edu.tw/course/261157/my-stat,200,raw/iclass.tku.edu.tw/course/261157/my-stat.html,457790,iClass,stat,25,AudioPlayCtrl; CalendarController; CalendarEventController; CalendarTimetableController; CodeEditorController; CourseMenuCtrl; FilePreviewerController; FileSelectController; FolderUploadController; FooterCtrl; HeaderCtrl; HeaderWarningController,77,104,20,match-subject-info; svg-icon; vue-announcement; vue-alert-messages; notification-container; calendar-color-select; wg-calendar; material-file-select-list; student-study-analysis; question-submit-panel; ai-quiz-subjects-view; collapse-operation
https://iclass.tku.edu.tw/course/261157/note,200,raw/iclass.tku.edu.tw/course/261157/note.html,678994,iClass,note,36,AccessForbiddenController; AudioPlayCtrl; CalendarController; CalendarEventController; CalendarTimetableController; CodeEditorController; CourseHeaderCtrl; CourseMenuCtrl; FilePreviewNoteController; FilePreviewerController; FileSelectController; FolderUploadController,77,104,32,match-subject-info; svg-icon; question-submit-panel; ai-quiz-subjects-view; vue-announcement; vue-alert-messages; notification-container; calendar-color-select; wg-calendar; material-file-select-list; collapse-operation
https://iclass.tku.edu.tw/course/261157/outline,200,raw/iclass.tku.edu.tw/course/261157/outline.html,503091,iClass,outline,25,AudioPlayCtrl; CalendarController; CalendarEventController; CalendarTimetableController; CodeEditorController; CourseMenuCtrl; FilePreviewerController; FileSelectController; FolderUploadController; FooterCtrl; HeaderCtrl; HeaderWarningController,78,104,20,match-subject-info; svg-icon; vue-announcement; vue-alert-messages; notification-container; calendar-color-select; wg-calendar; material-file-select-list; question-submit-panel; ai-quiz-subjects-view; collapse-operation
https://iclass.tku.edu.tw/course/261157/questionnaire,200,raw/iclass.tku.edu.tw/course/261157/questionnaire.html,486549,iClass,questionnaire-questionnaire-list,30,AccessForbiddenController; AudioPlayCtrl; CalendarController; CalendarEventController; CalendarTimetableController; CodeEditorController; CourseHeaderCtrl; CourseMenuCtrl; FilePreviewerController; FileSelectController; FolderUploadController; FooterCtrl,77,104,36,match-subject-info; svg-icon; vue-announcement; vue-alert-messages; notification-container; calendar-color-select; wg-calendar; material-file-select-list; activity-checkpoint-lock; activity-time-status; question-submit-panel; ai-quiz-subjects-view
https://iclass.tku.edu.tw/course/261157/rollcall,200,raw/iclass.tku.edu.tw/course/261157/rollcall.html,481431,iClass,rollcall,25,AudioPlayCtrl; CalendarController; CalendarEventController; CalendarTimetableController; CodeEditorController; CourseMenuCtrl; FilePreviewerController; FileSelectController; FolderUploadController; FooterCtrl; HeaderCtrl; HeaderWarningController,77,104,20,match-subject-info; svg-icon; vue-announcement; vue-alert-messages; notification-container; calendar-color-select; wg-calendar; material-file-select-list; question-submit-panel; ai-quiz-subjects-view; collapse-operation
https://iclass.tku.edu.tw/course/261157/score,200,raw/iclass.tku.edu.tw/course/261157/score.html,544275,iClass,student-score,26,AudioPlayCtrl; CalendarController; CalendarEventController; CalendarTimetableController; CodeEditorController; CourseMenuCtrl; FilePreviewerController; FileSelectController; FolderUploadController; FooterCtrl; HeaderCtrl; HeaderWarningController,77,104,20,match-subject-info; activity-checkpoint-lock; svg-icon; vue-announcement; vue-alert-messages; notification-container; calendar-color-select; wg-calendar; material-file-select-list; vue-alert; question-submit-panel; ai-quiz-subjects-view
https://iclass.tku.edu.tw/course/261157/true,404,raw/iclass.tku.edu.tw/course/261157/true.html,454472,iClass,common,23,AudioPlayCtrl; CalendarController; CalendarEventController; CalendarTimetableController; CodeEditorController; FilePreviewerController; FileSelectController; FolderUploadController; FooterCtrl; HeaderCtrl; HeaderWarningController; InviteConfirmController,77,104,14,match-subject-info; svg-icon; vue-announcement; vue-alert-messages; notification-container; calendar-color-select; wg-calendar; material-file-select-list; question-submit-panel; ai-quiz-subjects-view; collapse-operation
https://iclass.tku.edu.tw/course/261159/content,200,raw/iclass.tku.edu.tw/course/261159/content.html,1122666,iClass,syllabus,28,AccessForbiddenController; AudioPlayCtrl; CalendarController; CalendarEventController; CalendarTimetableController; CodeEditorController; CourseHeaderCtrl; CourseMenuCtrl; FilePreviewerController; FileSelectController; FolderUploadController; FooterCtrl,77,104,20,match-subject-info; svg-icon; vue-announcement; vue-alert-messages; notification-container; calendar-color-select; wg-calendar; material-file-select-list; question-submit-panel; ai-quiz-subjects-view; collapse-operation
https://iclass.tku.edu.tw/course/261161/content,200,raw/iclass.tku.edu.tw/course/261161/content.html,1122676,iClass,syllabus,28,AccessForbiddenController; AudioPlayCtrl; CalendarController; CalendarEventController; CalendarTimetableController; CodeEditorController; CourseHeaderCtrl; CourseMenuCtrl; FilePreviewerController; FileSelectController; FolderUploadController; FooterCtrl,77,104,20,match-subject-info; svg-icon; vue-announcement; vue-alert-messages; notification-container; calendar-color-select; wg-calendar; material-file-select-list; question-submit-panel; ai-quiz-subjects-view; collapse-operation
https://iclass.tku.edu.tw/course/262426/content,200,raw/iclass.tku.edu.tw/course/262426/content.html,1122659,iClass,syllabus,28,AccessForbiddenController; AudioPlayCtrl; CalendarController; CalendarEventController; CalendarTimetableController; CodeEditorController; CourseHeaderCtrl; CourseMenuCtrl; FilePreviewerController; FileSelectController; FolderUploadController; FooterCtrl,77,104,20,match-subject-info; svg-icon; vue-announcement; vue-alert-messages; notification-container; calendar-color-select; wg-calendar; material-file-select-list; question-submit-panel; ai-quiz-subjects-view; collapse-operation
https://iclass.tku.edu.tw/course/add?course_type=13,404,raw/iclass.tku.edu.tw/course/add__q_515421e58e.html,454464,iClass,common,23,AudioPlayCtrl; CalendarController; CalendarEventController; CalendarTimetableController; CodeEditorController; FilePreviewerController; FileSelectController; FolderUploadController; FooterCtrl; HeaderCtrl; HeaderWarningController; InviteConfirmController,77,104,14,match-subject-info; svg-icon; vue-announcement; vue-alert-messages; notification-container; calendar-color-select; wg-calendar; material-file-select-list; question-submit-panel; ai-quiz-subjects-view; collapse-operation
https://iclass.tku.edu.tw/course/avatarSmallUrl,404,raw/iclass.tku.edu.tw/course/avatarSmallUrl.html,454460,iClass,common,23,AudioPlayCtrl; CalendarController; CalendarEventController; CalendarTimetableController; CodeEditorController; FilePreviewerController; FileSelectController; FolderUploadController; FooterCtrl; HeaderCtrl; HeaderWarningController; InviteConfirmController,77,104,14,match-subject-info; svg-icon; vue-announcement; vue-alert-messages; notification-container; calendar-color-select; wg-calendar; material-file-select-list; question-submit-panel; ai-quiz-subjects-view; collapse-operation
https://iclass.tku.edu.tw/course/capture_url,404,raw/iclass.tku.edu.tw/course/capture_url.html,454460,iClass,common,23,AudioPlayCtrl; CalendarController; CalendarEventController; CalendarTimetableController; CodeEditorController; FilePreviewerController; FileSelectController; FolderUploadController; FooterCtrl; HeaderCtrl; HeaderWarningController; InviteConfirmController,77,104,14,match-subject-info; svg-icon; vue-announcement; vue-alert-messages; notification-container; calendar-color-select; wg-calendar; material-file-select-list; question-submit-panel; ai-quiz-subjects-view; collapse-operation
https://iclass.tku.edu.tw/course/classroom-exam/,404,raw/iclass.tku.edu.tw/course/classroom-exam/index.html,454456,iClass,common,23,AudioPlayCtrl; CalendarController; CalendarEventController; CalendarTimetableController; CodeEditorController; FilePreviewerController; FileSelectController; FolderUploadController; FooterCtrl; HeaderCtrl; HeaderWarningController; InviteConfirmController,77,104,14,match-subject-info; svg-icon; vue-announcement; vue-alert-messages; notification-container; calendar-color-select; wg-calendar; material-file-select-list; question-submit-panel; ai-quiz-subjects-view; collapse-operation
https://iclass.tku.edu.tw/course/classroom-exam/avatarSmallUrl,404,raw/iclass.tku.edu.tw/course/classroom-exam/avatarSmallUrl.html,454454,iClass,common,23,AudioPlayCtrl; CalendarController; CalendarEventController; CalendarTimetableController; CodeEditorController; FilePreviewerController; FileSelectController; FolderUploadController; FooterCtrl; HeaderCtrl; HeaderWarningController; InviteConfirmController,77,104,14,match-subject-info; svg-icon; vue-announcement; vue-alert-messages; notification-container; calendar-color-select; wg-calendar; material-file-select-list; question-submit-panel; ai-quiz-subjects-view; collapse-operation
https://iclass.tku.edu.tw/course/classroom-exam/capture_url,404,raw/iclass.tku.edu.tw/course/classroom-exam/capture_url.html,454454,iClass,common,23,AudioPlayCtrl; CalendarController; CalendarEventController; CalendarTimetableController; CodeEditorController; FilePreviewerController; FileSelectController; FolderUploadController; FooterCtrl; HeaderCtrl; HeaderWarningController; InviteConfirmController,77,104,14,match-subject-info; svg-icon; vue-announcement; vue-alert-messages; notification-container; calendar-color-select; wg-calendar; material-file-select-list; question-submit-panel; ai-quiz-subjects-view; collapse-operation
https://iclass.tku.edu.tw/course/classroom-exam/lesson_resource_url,404,raw/iclass.tku.edu.tw/course/classroom-exam/lesson_resource_url.html,454454,iClass,common,23,AudioPlayCtrl; CalendarController; CalendarEventController; CalendarTimetableController; CodeEditorController; FilePreviewerController; FileSelectController; FolderUploadController; FooterCtrl; HeaderCtrl; HeaderWarningController; InviteConfirmController,77,104,14,match-subject-info; svg-icon; vue-announcement; vue-alert-messages; notification-container; calendar-color-select; wg-calendar; material-file-select-list; question-submit-panel; ai-quiz-subjects-view; collapse-operation
https://iclass.tku.edu.tw/course/classroom-exam/manualUrl,404,raw/iclass.tku.edu.tw/course/classroom-exam/manualUrl.html,454454,iClass,common,23,AudioPlayCtrl; CalendarController; CalendarEventController; CalendarTimetableController; CodeEditorController; FilePreviewerController; FileSelectController; FolderUploadController; FooterCtrl; HeaderCtrl; HeaderWarningController; InviteConfirmController,77,104,14,match-subject-info; svg-icon; vue-announcement; vue-alert-messages; notification-container; calendar-color-select; wg-calendar; material-file-select-list; question-submit-panel; ai-quiz-subjects-view; collapse-operation
https://iclass.tku.edu.tw/course/classroom-subjects-import-help?mode=word,200,raw/iclass.tku.edu.tw/course/classroom-subjects-import-help__q_351366dd3a.html,291061,iClass,subjects-import,15,AudioPlayCtrl; FilePreviewerController; FooterCtrl; HeaderWarningController; InviteConfirmController; PdfEditorController; PreviewModeController; SwitchAudioPopupController; SwitchVideoPopupController; VideoQuizPreviewController,77,104,0,match-subject-info; svg-icon; vue-announcement; vue-alert-messages; question-submit-panel; ai-quiz-subjects-view; collapse-operation
https://iclass.tku.edu.tw/course/course_template/,404,raw/iclass.tku.edu.tw/course/course_template/index.html,454452,iClass,common,23,AudioPlayCtrl; CalendarController; CalendarEventController; CalendarTimetableController; CodeEditorController; FilePreviewerController; FileSelectController; FolderUploadController; FooterCtrl; HeaderCtrl; HeaderWarningController; InviteConfirmController,77,104,14,match-subject-info; svg-icon; vue-announcement; vue-alert-messages; notification-container; calendar-color-select; wg-calendar; material-file-select-list; question-submit-panel; ai-quiz-subjects-view; collapse-operation
https://iclass.tku.edu.tw/course/course_template/0/capture_url,404,raw/iclass.tku.edu.tw/course/course_template/0/capture_url.html,454476,iClass,common,23,AudioPlayCtrl; CalendarController; CalendarEventController; CalendarTimetableController; CodeEditorController; FilePreviewerController; FileSelectController; FolderUploadController; FooterCtrl; HeaderCtrl; HeaderWarningController; InviteConfirmController,77,104,14,match-subject-info; svg-icon; vue-announcement; vue-alert-messages; notification-container; calendar-color-select; wg-calendar; material-file-select-list; question-submit-panel; ai-quiz-subjects-view; collapse-operation
https://iclass.tku.edu.tw/course/course_template/0/lesson_resource_url,404,raw/iclass.tku.edu.tw/course/course_template/0/lesson_resource_url.html,454476,iClass,common,23,AudioPlayCtrl; CalendarController; CalendarEventController; CalendarTimetableController; CodeEditorController; FilePreviewerController; FileSelectController; FolderUploadController; FooterCtrl; HeaderCtrl; HeaderWarningController; InviteConfirmController,77,104,14,match-subject-info; svg-icon; vue-announcement; vue-alert-messages; notification-container; calendar-color-select; wg-calendar; material-file-select-list; question-submit-panel; ai-quiz-subjects-view; collapse-operation
https://iclass.tku.edu.tw/course/course_template/0/preview,200,raw/iclass.tku.edu.tw/course/course_template/0/preview.html,290084,iClass,course-template-course-template-preview,16,AudioPlayCtrl; CourseTemplatePreviewController; FilePreviewerController; FooterCtrl; HeaderWarningController; InviteConfirmController; PdfEditorController; PreviewModeController; SwitchAudioPopupController; SwitchVideoPopupController; VideoQuizPreviewController,77,104,0,match-subject-info; svg-icon; vue-announcement; vue-alert-messages; question-submit-panel; ai-quiz-subjects-view; collapse-operation
https://iclass.tku.edu.tw/course/course_template/avatarSmallUrl,404,raw/iclass.tku.edu.tw/course/course_template/avatarSmallUrl.html,454453,iClass,common,23,AudioPlayCtrl; CalendarController; CalendarEventController; CalendarTimetableController; CodeEditorController; FilePreviewerController; FileSelectController; FolderUploadController; FooterCtrl; HeaderCtrl; HeaderWarningController; InviteConfirmController,77,104,14,match-subject-info; svg-icon; vue-announcement; vue-alert-messages; notification-container; calendar-color-select; wg-calendar; material-file-select-list; question-submit-panel; ai-quiz-subjects-view; collapse-operation
https://iclass.tku.edu.tw/course/course_template/capture_url,404,raw/iclass.tku.edu.tw/course/course_template/capture_url.html,454453,iClass,common,23,AudioPlayCtrl; CalendarController; CalendarEventController; CalendarTimetableController; CodeEditorController; FilePreviewerController; FileSelectController; FolderUploadController; FooterCtrl; HeaderCtrl; HeaderWarningController; InviteConfirmController,77,104,14,match-subject-info; svg-icon; vue-announcement; vue-alert-messages; notification-container; calendar-color-select; wg-calendar; material-file-select-list; question-submit-panel; ai-quiz-subjects-view; collapse-operation
https://iclass.tku.edu.tw/course/course_template/lesson_resource_url,404,raw/iclass.tku.edu.tw/course/course_template/lesson_resource_url.html,454453,iClass,common,23,AudioPlayCtrl; CalendarController; CalendarEventController; CalendarTimetableController; CodeEditorController; FilePreviewerController; FileSelectController; FolderUploadController; FooterCtrl; HeaderCtrl; HeaderWarningController; InviteConfirmController,77,104,14,match-subject-info; svg-icon; vue-announcement; vue-alert-messages; notification-container; calendar-color-select; wg-calendar; material-file-select-list; question-submit-panel; ai-quiz-subjects-view; collapse-operation
https://iclass.tku.edu.tw/course/course_template/manualUrl,404,raw/iclass.tku.edu.tw/course/course_template/manualUrl.html,454453,iClass,common,23,AudioPlayCtrl; CalendarController; CalendarEventController; CalendarTimetableController; CodeEditorController; FilePreviewerController; FileSelectController; FolderUploadController; FooterCtrl; HeaderCtrl; HeaderWarningController; InviteConfirmController,77,104,14,match-subject-info; svg-icon; vue-announcement; vue-alert-messages; notification-container; calendar-color-select; wg-calendar; material-file-select-list; question-submit-panel; ai-quiz-subjects-view; collapse-operation
https://iclass.tku.edu.tw/course/exam-subjects-import-help?mode=word&show_knowledge_node=,200,raw/iclass.tku.edu.tw/course/exam-subjects-import-help__q_d5507f9e99.html,297207,iClass,subjects-import,15,AudioPlayCtrl; FilePreviewerController; FooterCtrl; HeaderWarningController; InviteConfirmController; PdfEditorController; PreviewModeController; SwitchAudioPopupController; SwitchVideoPopupController; VideoQuizPreviewController,77,104,0,match-subject-info; svg-icon; vue-announcement; vue-alert-messages; question-submit-panel; ai-quiz-subjects-view; collapse-operation
https://iclass.tku.edu.tw/course/join/,404,raw/iclass.tku.edu.tw/course/join/index.html,454466,iClass,common,23,AudioPlayCtrl; CalendarController; CalendarEventController; CalendarTimetableController; CodeEditorController; FilePreviewerController; FileSelectController; FolderUploadController; FooterCtrl; HeaderCtrl; HeaderWarningController; InviteConfirmController,77,104,14,match-subject-info; svg-icon; vue-announcement; vue-alert-messages; notification-container; calendar-color-select; wg-calendar; material-file-select-list; question-submit-panel; ai-quiz-subjects-view; collapse-operation
https://iclass.tku.edu.tw/course/join/avatarSmallUrl,404,raw/iclass.tku.edu.tw/course/join/avatarSmallUrl.html,454462,iClass,common,23,AudioPlayCtrl; CalendarController; CalendarEventController; CalendarTimetableController; CodeEditorController; FilePreviewerController; FileSelectController; FolderUploadController; FooterCtrl; HeaderCtrl; HeaderWarningController; InviteConfirmController,77,104,14,match-subject-info; svg-icon; vue-announcement; vue-alert-messages; notification-container; calendar-color-select; wg-calendar; material-file-select-list; question-submit-panel; ai-quiz-subjects-view; collapse-operation
https://iclass.tku.edu.tw/course/join/capture_url,404,raw/iclass.tku.edu.tw/course/join/capture_url.html,454470,iClass,common,23,AudioPlayCtrl; CalendarController; CalendarEventController; CalendarTimetableController; CodeEditorController; FilePreviewerController; FileSelectController; FolderUploadController; FooterCtrl; HeaderCtrl; HeaderWarningController; InviteConfirmController,77,104,14,match-subject-info; svg-icon; vue-announcement; vue-alert-messages; notification-container; calendar-color-select; wg-calendar; material-file-select-list; question-submit-panel; ai-quiz-subjects-view; collapse-operation
https://iclass.tku.edu.tw/course/join/lesson_resource_url,404,raw/iclass.tku.edu.tw/course/join/lesson_resource_url.html,454470,iClass,common,23,AudioPlayCtrl; CalendarController; CalendarEventController; CalendarTimetableController; CodeEditorController; FilePreviewerController; FileSelectController; FolderUploadController; FooterCtrl; HeaderCtrl; HeaderWarningController; InviteConfirmController,77,104,14,match-subject-info; svg-icon; vue-announcement; vue-alert-messages; notification-container; calendar-color-select; wg-calendar; material-file-select-list; question-submit-panel; ai-quiz-subjects-view; collapse-operation
https://iclass.tku.edu.tw/course/join/manualUrl,404,raw/iclass.tku.edu.tw/course/join/manualUrl.html,454462,iClass,common,23,AudioPlayCtrl; CalendarController; CalendarEventController; CalendarTimetableController; CodeEditorController; FilePreviewerController; FileSelectController; FolderUploadController; FooterCtrl; HeaderCtrl; HeaderWarningController; InviteConfirmController,77,104,14,match-subject-info; svg-icon; vue-announcement; vue-alert-messages; notification-container; calendar-color-select; wg-calendar; material-file-select-list; question-submit-panel; ai-quiz-subjects-view; collapse-operation
https://iclass.tku.edu.tw/course/lesson_resource_url,404,raw/iclass.tku.edu.tw/course/lesson_resource_url.html,454460,iClass,common,23,AudioPlayCtrl; CalendarController; CalendarEventController; CalendarTimetableController; CodeEditorController; FilePreviewerController; FileSelectController; FolderUploadController; FooterCtrl; HeaderCtrl; HeaderWarningController; InviteConfirmController,77,104,14,match-subject-info; svg-icon; vue-announcement; vue-alert-messages; notification-container; calendar-color-select; wg-calendar; material-file-select-list; question-submit-panel; ai-quiz-subjects-view; collapse-operation
https://iclass.tku.edu.tw/course/library-subjects-import-help?mode=word&show_knowledge_node=,200,raw/iclass.tku.edu.tw/course/library-subjects-import-help__q_d5507f9e99.html,297098,iClass,subjects-import,15,AudioPlayCtrl; FilePreviewerController; FooterCtrl; HeaderWarningController; InviteConfirmController; PdfEditorController; PreviewModeController; SwitchAudioPopupController; SwitchVideoPopupController; VideoQuizPreviewController,77,104,0,match-subject-info; svg-icon; vue-announcement; vue-alert-messages; question-submit-panel; ai-quiz-subjects-view; collapse-operation
https://iclass.tku.edu.tw/course/manualUrl,404,raw/iclass.tku.edu.tw/course/manualUrl.html,454460,iClass,common,23,AudioPlayCtrl; CalendarController; CalendarEventController; CalendarTimetableController; CodeEditorController; FilePreviewerController; FileSelectController; FolderUploadController; FooterCtrl; HeaderCtrl; HeaderWarningController; InviteConfirmController,77,104,14,match-subject-info; svg-icon; vue-announcement; vue-alert-messages; notification-container; calendar-color-select; wg-calendar; material-file-select-list; question-submit-panel; ai-quiz-subjects-view; collapse-operation
https://iclass.tku.edu.tw/course/my-stat/note,200,raw/iclass.tku.edu.tw/course/my-stat/note.html,11040,,,0,,0,0,0,
https://iclass.tku.edu.tw/course/package/,404,raw/iclass.tku.edu.tw/course/package/index.html,454458,iClass,common,23,AudioPlayCtrl; CalendarController; CalendarEventController; CalendarTimetableController; CodeEditorController; FilePreviewerController; FileSelectController; FolderUploadController; FooterCtrl; HeaderCtrl; HeaderWarningController; InviteConfirmController,77,104,14,match-subject-info; svg-icon; vue-announcement; vue-alert-messages; notification-container; calendar-color-select; wg-calendar; material-file-select-list; question-submit-panel; ai-quiz-subjects-view; collapse-operation
https://iclass.tku.edu.tw/course/package/avatarSmallUrl,404,raw/iclass.tku.edu.tw/course/package/avatarSmallUrl.html,454453,iClass,common,23,AudioPlayCtrl; CalendarController; CalendarEventController; CalendarTimetableController; CodeEditorController; FilePreviewerController; FileSelectController; FolderUploadController; FooterCtrl; HeaderCtrl; HeaderWarningController; InviteConfirmController,77,104,14,match-subject-info; svg-icon; vue-announcement; vue-alert-messages; notification-container; calendar-color-select; wg-calendar; material-file-select-list; question-submit-panel; ai-quiz-subjects-view; collapse-operation
https://iclass.tku.edu.tw/course/package/capture_url,404,raw/iclass.tku.edu.tw/course/package/capture_url.html,454453,iClass,common,23,AudioPlayCtrl; CalendarController; CalendarEventController; CalendarTimetableController; CodeEditorController; FilePreviewerController; FileSelectController; FolderUploadController; FooterCtrl; HeaderCtrl; HeaderWarningController; InviteConfirmController,77,104,14,match-subject-info; svg-icon; vue-announcement; vue-alert-messages; notification-container; calendar-color-select; wg-calendar; material-file-select-list; question-submit-panel; ai-quiz-subjects-view; collapse-operation
https://iclass.tku.edu.tw/course/package/lesson_resource_url,404,raw/iclass.tku.edu.tw/course/package/lesson_resource_url.html,454453,iClass,common,23,AudioPlayCtrl; CalendarController; CalendarEventController; CalendarTimetableController; CodeEditorController; FilePreviewerController; FileSelectController; FolderUploadController; FooterCtrl; HeaderCtrl; HeaderWarningController; InviteConfirmController,77,104,14,match-subject-info; svg-icon; vue-announcement; vue-alert-messages; notification-container; calendar-color-select; wg-calendar; material-file-select-list; question-submit-panel; ai-quiz-subjects-view; collapse-operation
https://iclass.tku.edu.tw/course/package/manualUrl,404,raw/iclass.tku.edu.tw/course/package/manualUrl.html,454453,iClass,common,23,AudioPlayCtrl; CalendarController; CalendarEventController; CalendarTimetableController; CodeEditorController; FilePreviewerController; FileSelectController; FolderUploadController; FooterCtrl; HeaderCtrl; HeaderWarningController; InviteConfirmController,77,104,14,match-subject-info; svg-icon; vue-announcement; vue-alert-messages; notification-container; calendar-color-select; wg-calendar; material-file-select-list; question-submit-panel; ai-quiz-subjects-view; collapse-operation
https://iclass.tku.edu.tw/course/questionnaire-exam/,404,raw/iclass.tku.edu.tw/course/questionnaire-exam/index.html,454460,iClass,common,23,AudioPlayCtrl; CalendarController; CalendarEventController; CalendarTimetableController; CodeEditorController; FilePreviewerController; FileSelectController; FolderUploadController; FooterCtrl; HeaderCtrl; HeaderWarningController; InviteConfirmController,77,104,14,match-subject-info; svg-icon; vue-announcement; vue-alert-messages; notification-container; calendar-color-select; wg-calendar; material-file-select-list; question-submit-panel; ai-quiz-subjects-view; collapse-operation
https://iclass.tku.edu.tw/course/questionnaire-exam/avatarSmallUrl,404,raw/iclass.tku.edu.tw/course/questionnaire-exam/avatarSmallUrl.html,454469,iClass,common,23,AudioPlayCtrl; CalendarController; CalendarEventController; CalendarTimetableController; CodeEditorController; FilePreviewerController; FileSelectController; FolderUploadController; FooterCtrl; HeaderCtrl; HeaderWarningController; InviteConfirmController,77,104,14,match-subject-info; svg-icon; vue-announcement; vue-alert-messages; notification-container; calendar-color-select; wg-calendar; material-file-select-list; question-submit-panel; ai-quiz-subjects-view; collapse-operation
https://iclass.tku.edu.tw/course/questionnaire-exam/capture_url,404,raw/iclass.tku.edu.tw/course/questionnaire-exam/capture_url.html,454469,iClass,common,23,AudioPlayCtrl; CalendarController; CalendarEventController; CalendarTimetableController; CodeEditorController; FilePreviewerController; FileSelectController; FolderUploadController; FooterCtrl; HeaderCtrl; HeaderWarningController; InviteConfirmController,77,104,14,match-subject-info; svg-icon; vue-announcement; vue-alert-messages; notification-container; calendar-color-select; wg-calendar; material-file-select-list; question-submit-panel; ai-quiz-subjects-view; collapse-operation
https://iclass.tku.edu.tw/course/questionnaire-exam/lesson_resource_url,404,raw/iclass.tku.edu.tw/course/questionnaire-exam/lesson_resource_url.html,454469,iClass,common,23,AudioPlayCtrl; CalendarController; CalendarEventController; CalendarTimetableController; CodeEditorController; FilePreviewerController; FileSelectController; FolderUploadController; FooterCtrl; HeaderCtrl; HeaderWarningController; InviteConfirmController,77,104,14,match-subject-info; svg-icon; vue-announcement; vue-alert-messages; notification-container; calendar-color-select; wg-calendar; material-file-select-list; question-submit-panel; ai-quiz-subjects-view; collapse-operation
https://iclass.tku.edu.tw/course/questionnaire-exam/manualUrl,404,raw/iclass.tku.edu.tw/course/questionnaire-exam/manualUrl.html,454469,iClass,common,23,AudioPlayCtrl; CalendarController; CalendarEventController; CalendarTimetableController; CodeEditorController; FilePreviewerController; FileSelectController; FolderUploadController; FooterCtrl; HeaderCtrl; HeaderWarningController; InviteConfirmController,77,104,14,match-subject-info; svg-icon; vue-announcement; vue-alert-messages; notification-container; calendar-color-select; wg-calendar; material-file-select-list; question-submit-panel; ai-quiz-subjects-view; collapse-operation
https://iclass.tku.edu.tw/course/stat,404,raw/iclass.tku.edu.tw/course/stat.html,454457,iClass,common,23,AudioPlayCtrl; CalendarController; CalendarEventController; CalendarTimetableController; CodeEditorController; FilePreviewerController; FileSelectController; FolderUploadController; FooterCtrl; HeaderCtrl; HeaderWarningController; InviteConfirmController,77,104,14,match-subject-info; svg-icon; vue-announcement; vue-alert-messages; notification-container; calendar-color-select; wg-calendar; material-file-select-list; question-submit-panel; ai-quiz-subjects-view; collapse-operation
https://iclass.tku.edu.tw/course/stat/note,200,raw/iclass.tku.edu.tw/course/stat/note.html,13896,,,0,,0,0,0,
https://iclass.tku.edu.tw/course/virtual-experiments/,404,raw/iclass.tku.edu.tw/course/virtual-experiments/index.html,454456,iClass,common,23,AudioPlayCtrl; CalendarController; CalendarEventController; CalendarTimetableController; CodeEditorController; FilePreviewerController; FileSelectController; FolderUploadController; FooterCtrl; HeaderCtrl; HeaderWarningController; InviteConfirmController,77,104,14,match-subject-info; svg-icon; vue-announcement; vue-alert-messages; notification-container; calendar-color-select; wg-calendar; material-file-select-list; question-submit-panel; ai-quiz-subjects-view; collapse-operation
https://iclass.tku.edu.tw/course/virtual-experiments/avatarSmallUrl,404,raw/iclass.tku.edu.tw/course/virtual-experiments/avatarSmallUrl.html,454454,iClass,common,23,AudioPlayCtrl; CalendarController; CalendarEventController; CalendarTimetableController; CodeEditorController; FilePreviewerController; FileSelectController; FolderUploadController; FooterCtrl; HeaderCtrl; HeaderWarningController; InviteConfirmController,77,104,14,match-subject-info; svg-icon; vue-announcement; vue-alert-messages; notification-container; calendar-color-select; wg-calendar; material-file-select-list; question-submit-panel; ai-quiz-subjects-view; collapse-operation
https://iclass.tku.edu.tw/course/virtual-experiments/capture_url,404,raw/iclass.tku.edu.tw/course/virtual-experiments/capture_url.html,454454,iClass,common,23,AudioPlayCtrl; CalendarController; CalendarEventController; CalendarTimetableController; CodeEditorController; FilePreviewerController; FileSelectController; FolderUploadController; FooterCtrl; HeaderCtrl; HeaderWarningController; InviteConfirmController,77,104,14,match-subject-info; svg-icon; vue-announcement; vue-alert-messages; notification-container; calendar-color-select; wg-calendar; material-file-select-list; question-submit-panel; ai-quiz-subjects-view; collapse-operation
https://iclass.tku.edu.tw/course/virtual-experiments/lesson_resource_url,404,raw/iclass.tku.edu.tw/course/virtual-experiments/lesson_resource_url.html,454454,iClass,common,23,AudioPlayCtrl; CalendarController; CalendarEventController; CalendarTimetableController; CodeEditorController; FilePreviewerController; FileSelectController; FolderUploadController; FooterCtrl; HeaderCtrl; HeaderWarningController; InviteConfirmController,77,104,14,match-subject-info; svg-icon; vue-announcement; vue-alert-messages; notification-container; calendar-color-select; wg-calendar; material-file-select-list; question-submit-panel; ai-quiz-subjects-view; collapse-operation
https://iclass.tku.edu.tw/course/virtual-experiments/manualUrl,404,raw/iclass.tku.edu.tw/course/virtual-experiments/manualUrl.html,454454,iClass,common,23,AudioPlayCtrl; CalendarController; CalendarEventController; CalendarTimetableController; CodeEditorController; FilePreviewerController; FileSelectController; FolderUploadController; FooterCtrl; HeaderCtrl; HeaderWarningController; InviteConfirmController,77,104,14,match-subject-info; svg-icon; vue-announcement; vue-alert-messages; notification-container; calendar-color-select; wg-calendar; material-file-select-list; question-submit-panel; ai-quiz-subjects-view; collapse-operation
https://iclass.tku.edu.tw/course_library,404,raw/iclass.tku.edu.tw/course_library.html,454476,iClass,common,23,AudioPlayCtrl; CalendarController; CalendarEventController; CalendarTimetableController; CodeEditorController; FilePreviewerController; FileSelectController; FolderUploadController; FooterCtrl; HeaderCtrl; HeaderWarningController; InviteConfirmController,77,104,14,match-subject-info; svg-icon; vue-announcement; vue-alert-messages; notification-container; calendar-color-select; wg-calendar; material-file-select-list; question-submit-panel; ai-quiz-subjects-view; collapse-operation
https://iclass.tku.edu.tw/course_library/parent_id/:parent_id,404,raw/iclass.tku.edu.tw/course_library/parent_id/_parent_id.html,454476,iClass,common,23,AudioPlayCtrl; CalendarController; CalendarEventController; CalendarTimetableController; CodeEditorController; FilePreviewerController; FileSelectController; FolderUploadController; FooterCtrl; HeaderCtrl; HeaderWarningController; InviteConfirmController,77,104,14,match-subject-info; svg-icon; vue-announcement; vue-alert-messages; notification-container; calendar-color-select; wg-calendar; material-file-select-list; question-submit-panel; ai-quiz-subjects-view; collapse-operation
https://iclass.tku.edu.tw/course_library/parent_id/avatarSmallUrl,404,raw/iclass.tku.edu.tw/course_library/parent_id/avatarSmallUrl.html,454453,iClass,common,23,AudioPlayCtrl; CalendarController; CalendarEventController; CalendarTimetableController; CodeEditorController; FilePreviewerController; FileSelectController; FolderUploadController; FooterCtrl; HeaderCtrl; HeaderWarningController; InviteConfirmController,77,104,14,match-subject-info; svg-icon; vue-announcement; vue-alert-messages; notification-container; calendar-color-select; wg-calendar; material-file-select-list; question-submit-panel; ai-quiz-subjects-view; collapse-operation
https://iclass.tku.edu.tw/course_library/parent_id/capture_url,404,raw/iclass.tku.edu.tw/course_library/parent_id/capture_url.html,454453,iClass,common,23,AudioPlayCtrl; CalendarController; CalendarEventController; CalendarTimetableController; CodeEditorController; FilePreviewerController; FileSelectController; FolderUploadController; FooterCtrl; HeaderCtrl; HeaderWarningController; InviteConfirmController,77,104,14,match-subject-info; svg-icon; vue-announcement; vue-alert-messages; notification-container; calendar-color-select; wg-calendar; material-file-select-list; question-submit-panel; ai-quiz-subjects-view; collapse-operation
https://iclass.tku.edu.tw/course_library/parent_id/lesson_resource_url,404,raw/iclass.tku.edu.tw/course_library/parent_id/lesson_resource_url.html,454453,iClass,common,23,AudioPlayCtrl; CalendarController; CalendarEventController; CalendarTimetableController; CodeEditorController; FilePreviewerController; FileSelectController; FolderUploadController; FooterCtrl; HeaderCtrl; HeaderWarningController; InviteConfirmController,77,104,14,match-subject-info; svg-icon; vue-announcement; vue-alert-messages; notification-container; calendar-color-select; wg-calendar; material-file-select-list; question-submit-panel; ai-quiz-subjects-view; collapse-operation
https://iclass.tku.edu.tw/course_library/parent_id/manualUrl,404,raw/iclass.tku.edu.tw/course_library/parent_id/manualUrl.html,454453,iClass,common,23,AudioPlayCtrl; CalendarController; CalendarEventController; CalendarTimetableController; CodeEditorController; FilePreviewerController; FileSelectController; FolderUploadController; FooterCtrl; HeaderCtrl; HeaderWarningController; InviteConfirmController,77,104,14,match-subject-info; svg-icon; vue-announcement; vue-alert-messages; notification-container; calendar-color-select; wg-calendar; material-file-select-list; question-submit-panel; ai-quiz-subjects-view; collapse-operation
https://iclass.tku.edu.tw/courses,404,raw/iclass.tku.edu.tw/courses.html,454474,iClass,common,23,AudioPlayCtrl; CalendarController; CalendarEventController; CalendarTimetableController; CodeEditorController; FilePreviewerController; FileSelectController; FolderUploadController; FooterCtrl; HeaderCtrl; HeaderWarningController; InviteConfirmController,77,104,14,match-subject-info; svg-icon; vue-announcement; vue-alert-messages; notification-container; calendar-color-select; wg-calendar; material-file-select-list; question-submit-panel; ai-quiz-subjects-view; collapse-operation
https://iclass.tku.edu.tw/courses-for-copy,404,raw/iclass.tku.edu.tw/courses-for-copy.html,454462,iClass,common,23,AudioPlayCtrl; CalendarController; CalendarEventController; CalendarTimetableController; CodeEditorController; FilePreviewerController; FileSelectController; FolderUploadController; FooterCtrl; HeaderCtrl; HeaderWarningController; InviteConfirmController,77,104,14,match-subject-info; svg-icon; vue-announcement; vue-alert-messages; notification-container; calendar-color-select; wg-calendar; material-file-select-list; question-submit-panel; ai-quiz-subjects-view; collapse-operation
https://iclass.tku.edu.tw/courses-group/,404,raw/iclass.tku.edu.tw/courses-group/index.html,454458,iClass,common,23,AudioPlayCtrl; CalendarController; CalendarEventController; CalendarTimetableController; CodeEditorController; FilePreviewerController; FileSelectController; FolderUploadController; FooterCtrl; HeaderCtrl; HeaderWarningController; InviteConfirmController,77,104,14,match-subject-info; svg-icon; vue-announcement; vue-alert-messages; notification-container; calendar-color-select; wg-calendar; material-file-select-list; question-submit-panel; ai-quiz-subjects-view; collapse-operation
https://iclass.tku.edu.tw/courses-group/avatarSmallUrl,404,raw/iclass.tku.edu.tw/courses-group/avatarSmallUrl.html,454453,iClass,common,23,AudioPlayCtrl; CalendarController; CalendarEventController; CalendarTimetableController; CodeEditorController; FilePreviewerController; FileSelectController; FolderUploadController; FooterCtrl; HeaderCtrl; HeaderWarningController; InviteConfirmController,77,104,14,match-subject-info; svg-icon; vue-announcement; vue-alert-messages; notification-container; calendar-color-select; wg-calendar; material-file-select-list; question-submit-panel; ai-quiz-subjects-view; collapse-operation
https://iclass.tku.edu.tw/courses-group/capture_url,404,raw/iclass.tku.edu.tw/courses-group/capture_url.html,454453,iClass,common,23,AudioPlayCtrl; CalendarController; CalendarEventController; CalendarTimetableController; CodeEditorController; FilePreviewerController; FileSelectController; FolderUploadController; FooterCtrl; HeaderCtrl; HeaderWarningController; InviteConfirmController,77,104,14,match-subject-info; svg-icon; vue-announcement; vue-alert-messages; notification-container; calendar-color-select; wg-calendar; material-file-select-list; question-submit-panel; ai-quiz-subjects-view; collapse-operation
https://iclass.tku.edu.tw/courses-group/lesson_resource_url,404,raw/iclass.tku.edu.tw/courses-group/lesson_resource_url.html,454453,iClass,common,23,AudioPlayCtrl; CalendarController; CalendarEventController; CalendarTimetableController; CodeEditorController; FilePreviewerController; FileSelectController; FolderUploadController; FooterCtrl; HeaderCtrl; HeaderWarningController; InviteConfirmController,77,104,14,match-subject-info; svg-icon; vue-announcement; vue-alert-messages; notification-container; calendar-color-select; wg-calendar; material-file-select-list; question-submit-panel; ai-quiz-subjects-view; collapse-operation
https://iclass.tku.edu.tw/courses-group/manualUrl,404,raw/iclass.tku.edu.tw/courses-group/manualUrl.html,454453,iClass,common,23,AudioPlayCtrl; CalendarController; CalendarEventController; CalendarTimetableController; CodeEditorController; FilePreviewerController; FileSelectController; FolderUploadController; FooterCtrl; HeaderCtrl; HeaderWarningController; InviteConfirmController,77,104,14,match-subject-info; svg-icon; vue-announcement; vue-alert-messages; notification-container; calendar-color-select; wg-calendar; material-file-select-list; question-submit-panel; ai-quiz-subjects-view; collapse-operation
https://iclass.tku.edu.tw/courses-number,404,raw/iclass.tku.edu.tw/courses-number.html,454460,iClass,common,23,AudioPlayCtrl; CalendarController; CalendarEventController; CalendarTimetableController; CodeEditorController; FilePreviewerController; FileSelectController; FolderUploadController; FooterCtrl; HeaderCtrl; HeaderWarningController; InviteConfirmController,77,104,14,match-subject-info; svg-icon; vue-announcement; vue-alert-messages; notification-container; calendar-color-select; wg-calendar; material-file-select-list; question-submit-panel; ai-quiz-subjects-view; collapse-operation
https://iclass.tku.edu.tw/courses-to-merged,404,raw/iclass.tku.edu.tw/courses-to-merged.html,454461,iClass,common,23,AudioPlayCtrl; CalendarController; CalendarEventController; CalendarTimetableController; CodeEditorController; FilePreviewerController; FileSelectController; FolderUploadController; FooterCtrl; HeaderCtrl; HeaderWarningController; InviteConfirmController,77,104,14,match-subject-info; svg-icon; vue-announcement; vue-alert-messages; notification-container; calendar-color-select; wg-calendar; material-file-select-list; question-submit-panel; ai-quiz-subjects-view; collapse-operation
https://iclass.tku.edu.tw/courses/,404,raw/iclass.tku.edu.tw/courses/index.html,454461,iClass,common,23,AudioPlayCtrl; CalendarController; CalendarEventController; CalendarTimetableController; CodeEditorController; FilePreviewerController; FileSelectController; FolderUploadController; FooterCtrl; HeaderCtrl; HeaderWarningController; InviteConfirmController,77,104,14,match-subject-info; svg-icon; vue-announcement; vue-alert-messages; notification-container; calendar-color-select; wg-calendar; material-file-select-list; question-submit-panel; ai-quiz-subjects-view; collapse-operation
https://iclass.tku.edu.tw/courses/avatarSmallUrl,404,raw/iclass.tku.edu.tw/courses/avatarSmallUrl.html,454458,iClass,common,23,AudioPlayCtrl; CalendarController; CalendarEventController; CalendarTimetableController; CodeEditorController; FilePreviewerController; FileSelectController; FolderUploadController; FooterCtrl; HeaderCtrl; HeaderWarningController; InviteConfirmController,77,104,14,match-subject-info; svg-icon; vue-announcement; vue-alert-messages; notification-container; calendar-color-select; wg-calendar; material-file-select-list; question-submit-panel; ai-quiz-subjects-view; collapse-operation
https://iclass.tku.edu.tw/courses/capture_url,404,raw/iclass.tku.edu.tw/courses/capture_url.html,454458,iClass,common,23,AudioPlayCtrl; CalendarController; CalendarEventController; CalendarTimetableController; CodeEditorController; FilePreviewerController; FileSelectController; FolderUploadController; FooterCtrl; HeaderCtrl; HeaderWarningController; InviteConfirmController,77,104,14,match-subject-info; svg-icon; vue-announcement; vue-alert-messages; notification-container; calendar-color-select; wg-calendar; material-file-select-list; question-submit-panel; ai-quiz-subjects-view; collapse-operation
https://iclass.tku.edu.tw/courses/count,404,raw/iclass.tku.edu.tw/courses/count.html,454457,iClass,common,23,AudioPlayCtrl; CalendarController; CalendarEventController; CalendarTimetableController; CodeEditorController; FilePreviewerController; FileSelectController; FolderUploadController; FooterCtrl; HeaderCtrl; HeaderWarningController; InviteConfirmController,77,104,14,match-subject-info; svg-icon; vue-announcement; vue-alert-messages; notification-container; calendar-color-select; wg-calendar; material-file-select-list; question-submit-panel; ai-quiz-subjects-view; collapse-operation
https://iclass.tku.edu.tw/courses/count?conditions=,404,raw/iclass.tku.edu.tw/courses/count__q_312ea1bc9c.html,454457,iClass,common,23,AudioPlayCtrl; CalendarController; CalendarEventController; CalendarTimetableController; CodeEditorController; FilePreviewerController; FileSelectController; FolderUploadController; FooterCtrl; HeaderCtrl; HeaderWarningController; InviteConfirmController,77,104,14,match-subject-info; svg-icon; vue-announcement; vue-alert-messages; notification-container; calendar-color-select; wg-calendar; material-file-select-list; question-submit-panel; ai-quiz-subjects-view; collapse-operation
https://iclass.tku.edu.tw/courses/lesson_resource_url,404,raw/iclass.tku.edu.tw/courses/lesson_resource_url.html,454458,iClass,common,23,AudioPlayCtrl; CalendarController; CalendarEventController; CalendarTimetableController; CodeEditorController; FilePreviewerController; FileSelectController; FolderUploadController; FooterCtrl; HeaderCtrl; HeaderWarningController; InviteConfirmController,77,104,14,match-subject-info; svg-icon; vue-announcement; vue-alert-messages; notification-container; calendar-color-select; wg-calendar; material-file-select-list; question-submit-panel; ai-quiz-subjects-view; collapse-operation
https://iclass.tku.edu.tw/courses/manualUrl,404,raw/iclass.tku.edu.tw/courses/manualUrl.html,454458,iClass,common,23,AudioPlayCtrl; CalendarController; CalendarEventController; CalendarTimetableController; CodeEditorController; FilePreviewerController; FileSelectController; FolderUploadController; FooterCtrl; HeaderCtrl; HeaderWarningController; InviteConfirmController,77,104,14,match-subject-info; svg-icon; vue-announcement; vue-alert-messages; notification-container; calendar-color-select; wg-calendar; material-file-select-list; question-submit-panel; ai-quiz-subjects-view; collapse-operation
https://iclass.tku.edu.tw/courses/public,404,raw/iclass.tku.edu.tw/courses/public.html,454456,iClass,common,23,AudioPlayCtrl; CalendarController; CalendarEventController; CalendarTimetableController; CodeEditorController; FilePreviewerController; FileSelectController; FolderUploadController; FooterCtrl; HeaderCtrl; HeaderWarningController; InviteConfirmController,77,104,14,match-subject-info; svg-icon; vue-announcement; vue-alert-messages; notification-container; calendar-color-select; wg-calendar; material-file-select-list; question-submit-panel; ai-quiz-subjects-view; collapse-operation
https://iclass.tku.edu.tw/courses/public/avatarSmallUrl,404,raw/iclass.tku.edu.tw/courses/public/avatarSmallUrl.html,454454,iClass,common,23,AudioPlayCtrl; CalendarController; CalendarEventController; CalendarTimetableController; CodeEditorController; FilePreviewerController; FileSelectController; FolderUploadController; FooterCtrl; HeaderCtrl; HeaderWarningController; InviteConfirmController,77,104,14,match-subject-info; svg-icon; vue-announcement; vue-alert-messages; notification-container; calendar-color-select; wg-calendar; material-file-select-list; question-submit-panel; ai-quiz-subjects-view; collapse-operation
https://iclass.tku.edu.tw/courses/public/capture_url,404,raw/iclass.tku.edu.tw/courses/public/capture_url.html,454469,iClass,common,23,AudioPlayCtrl; CalendarController; CalendarEventController; CalendarTimetableController; CodeEditorController; FilePreviewerController; FileSelectController; FolderUploadController; FooterCtrl; HeaderCtrl; HeaderWarningController; InviteConfirmController,77,104,14,match-subject-info; svg-icon; vue-announcement; vue-alert-messages; notification-container; calendar-color-select; wg-calendar; material-file-select-list; question-submit-panel; ai-quiz-subjects-view; collapse-operation
https://iclass.tku.edu.tw/courses/public/hot?limit=12,404,raw/iclass.tku.edu.tw/courses/public/hot__q_8413e91418.html,454458,iClass,common,23,AudioPlayCtrl; CalendarController; CalendarEventController; CalendarTimetableController; CodeEditorController; FilePreviewerController; FileSelectController; FolderUploadController; FooterCtrl; HeaderCtrl; HeaderWarningController; InviteConfirmController,77,104,14,match-subject-info; svg-icon; vue-announcement; vue-alert-messages; notification-container; calendar-color-select; wg-calendar; material-file-select-list; question-submit-panel; ai-quiz-subjects-view; collapse-operation
https://iclass.tku.edu.tw/courses/public/latest?limit=8,404,raw/iclass.tku.edu.tw/courses/public/latest__q_1f15a49f42.html,454464,iClass,common,23,AudioPlayCtrl; CalendarController; CalendarEventController; CalendarTimetableController; CodeEditorController; FilePreviewerController; FileSelectController; FolderUploadController; FooterCtrl; HeaderCtrl; HeaderWarningController; InviteConfirmController,77,104,14,match-subject-info; svg-icon; vue-announcement; vue-alert-messages; notification-container; calendar-color-select; wg-calendar; material-file-select-list; question-submit-panel; ai-quiz-subjects-view; collapse-operation
https://iclass.tku.edu.tw/courses/public/lesson_resource_url,404,raw/iclass.tku.edu.tw/courses/public/lesson_resource_url.html,454469,iClass,common,23,AudioPlayCtrl; CalendarController; CalendarEventController; CalendarTimetableController; CodeEditorController; FilePreviewerController; FileSelectController; FolderUploadController; FooterCtrl; HeaderCtrl; HeaderWarningController; InviteConfirmController,77,104,14,match-subject-info; svg-icon; vue-announcement; vue-alert-messages; notification-container; calendar-color-select; wg-calendar; material-file-select-list; question-submit-panel; ai-quiz-subjects-view; collapse-operation
https://iclass.tku.edu.tw/courses/public/manualUrl,404,raw/iclass.tku.edu.tw/courses/public/manualUrl.html,454454,iClass,common,23,AudioPlayCtrl; CalendarController; CalendarEventController; CalendarTimetableController; CodeEditorController; FilePreviewerController; FileSelectController; FolderUploadController; FooterCtrl; HeaderCtrl; HeaderWarningController; InviteConfirmController,77,104,14,match-subject-info; svg-icon; vue-announcement; vue-alert-messages; notification-container; calendar-color-select; wg-calendar; material-file-select-list; question-submit-panel; ai-quiz-subjects-view; collapse-operation
https://iclass.tku.edu.tw/courses/public/stats,404,raw/iclass.tku.edu.tw/courses/public/stats.html,454460,iClass,common,23,AudioPlayCtrl; CalendarController; CalendarEventController; CalendarTimetableController; CodeEditorController; FilePreviewerController; FileSelectController; FolderUploadController; FooterCtrl; HeaderCtrl; HeaderWarningController; InviteConfirmController,77,104,14,match-subject-info; svg-icon; vue-announcement; vue-alert-messages; notification-container; calendar-color-select; wg-calendar; material-file-select-list; question-submit-panel; ai-quiz-subjects-view; collapse-operation
https://iclass.tku.edu.tw/courses?fields=,404,raw/iclass.tku.edu.tw/courses__q_b2d7469233.html,454469,iClass,common,23,AudioPlayCtrl; CalendarController; CalendarEventController; CalendarTimetableController; CodeEditorController; FilePreviewerController; FileSelectController; FolderUploadController; FooterCtrl; HeaderCtrl; HeaderWarningController; InviteConfirmController,77,104,14,match-subject-info; svg-icon; vue-announcement; vue-alert-messages; notification-container; calendar-color-select; wg-calendar; material-file-select-list; question-submit-panel; ai-quiz-subjects-view; collapse-operation
https://iclass.tku.edu.tw/courses?no-intercept=true,404,raw/iclass.tku.edu.tw/courses__q_ee79111d36.html,454466,iClass,common,23,AudioPlayCtrl; CalendarController; CalendarEventController; CalendarTimetableController; CodeEditorController; FilePreviewerController; FileSelectController; FolderUploadController; FooterCtrl; HeaderCtrl; HeaderWarningController; InviteConfirmController,77,104,14,match-subject-info; svg-icon; vue-announcement; vue-alert-messages; notification-container; calendar-color-select; wg-calendar; material-file-select-list; question-submit-panel; ai-quiz-subjects-view; collapse-operation
https://iclass.tku.edu.tw/courseware,404,raw/iclass.tku.edu.tw/courseware.html,454477,iClass,common,23,AudioPlayCtrl; CalendarController; CalendarEventController; CalendarTimetableController; CodeEditorController; FilePreviewerController; FileSelectController; FolderUploadController; FooterCtrl; HeaderCtrl; HeaderWarningController; InviteConfirmController,77,104,14,match-subject-info; svg-icon; vue-announcement; vue-alert-messages; notification-container; calendar-color-select; wg-calendar; material-file-select-list; question-submit-panel; ai-quiz-subjects-view; collapse-operation
https://iclass.tku.edu.tw/courseware-activities,404,raw/iclass.tku.edu.tw/courseware-activities.html,454468,iClass,common,23,AudioPlayCtrl; CalendarController; CalendarEventController; CalendarTimetableController; CodeEditorController; FilePreviewerController; FileSelectController; FolderUploadController; FooterCtrl; HeaderCtrl; HeaderWarningController; InviteConfirmController,77,104,14,match-subject-info; svg-icon; vue-announcement; vue-alert-messages; notification-container; calendar-color-select; wg-calendar; material-file-select-list; question-submit-panel; ai-quiz-subjects-view; collapse-operation
https://iclass.tku.edu.tw/courseware-quiz/quiz/,404,raw/iclass.tku.edu.tw/courseware-quiz/quiz/index.html,454474,iClass,common,23,AudioPlayCtrl; CalendarController; CalendarEventController; CalendarTimetableController; CodeEditorController; FilePreviewerController; FileSelectController; FolderUploadController; FooterCtrl; HeaderCtrl; HeaderWarningController; InviteConfirmController,77,104,14,match-subject-info; svg-icon; vue-announcement; vue-alert-messages; notification-container; calendar-color-select; wg-calendar; material-file-select-list; question-submit-panel; ai-quiz-subjects-view; collapse-operation
https://iclass.tku.edu.tw/courseware-quiz/quiz/avatarSmallUrl,404,raw/iclass.tku.edu.tw/courseware-quiz/quiz/avatarSmallUrl.html,454470,iClass,common,23,AudioPlayCtrl; CalendarController; CalendarEventController; CalendarTimetableController; CodeEditorController; FilePreviewerController; FileSelectController; FolderUploadController; FooterCtrl; HeaderCtrl; HeaderWarningController; InviteConfirmController,77,104,14,match-subject-info; svg-icon; vue-announcement; vue-alert-messages; notification-container; calendar-color-select; wg-calendar; material-file-select-list; question-submit-panel; ai-quiz-subjects-view; collapse-operation
https://iclass.tku.edu.tw/courseware-quiz/quiz/capture_url,404,raw/iclass.tku.edu.tw/courseware-quiz/quiz/capture_url.html,454462,iClass,common,23,AudioPlayCtrl; CalendarController; CalendarEventController; CalendarTimetableController; CodeEditorController; FilePreviewerController; FileSelectController; FolderUploadController; FooterCtrl; HeaderCtrl; HeaderWarningController; InviteConfirmController,77,104,14,match-subject-info; svg-icon; vue-announcement; vue-alert-messages; notification-container; calendar-color-select; wg-calendar; material-file-select-list; question-submit-panel; ai-quiz-subjects-view; collapse-operation
https://iclass.tku.edu.tw/courseware-quiz/quiz/lesson_resource_url,404,raw/iclass.tku.edu.tw/courseware-quiz/quiz/lesson_resource_url.html,454470,iClass,common,23,AudioPlayCtrl; CalendarController; CalendarEventController; CalendarTimetableController; CodeEditorController; FilePreviewerController; FileSelectController; FolderUploadController; FooterCtrl; HeaderCtrl; HeaderWarningController; InviteConfirmController,77,104,14,match-subject-info; svg-icon; vue-announcement; vue-alert-messages; notification-container; calendar-color-select; wg-calendar; material-file-select-list; question-submit-panel; ai-quiz-subjects-view; collapse-operation
https://iclass.tku.edu.tw/courseware-quiz/quiz/manualUrl,404,raw/iclass.tku.edu.tw/courseware-quiz/quiz/manualUrl.html,454470,iClass,common,23,AudioPlayCtrl; CalendarController; CalendarEventController; CalendarTimetableController; CodeEditorController; FilePreviewerController; FileSelectController; FolderUploadController; FooterCtrl; HeaderCtrl; HeaderWarningController; InviteConfirmController,77,104,14,match-subject-info; svg-icon; vue-announcement; vue-alert-messages; notification-container; calendar-color-select; wg-calendar; material-file-select-list; question-submit-panel; ai-quiz-subjects-view; collapse-operation
https://iclass.tku.edu.tw/coursewares,404,raw/iclass.tku.edu.tw/coursewares.html,454457,iClass,common,23,AudioPlayCtrl; CalendarController; CalendarEventController; CalendarTimetableController; CodeEditorController; FilePreviewerController; FileSelectController; FolderUploadController; FooterCtrl; HeaderCtrl; HeaderWarningController; InviteConfirmController,77,104,14,match-subject-info; svg-icon; vue-announcement; vue-alert-messages; notification-container; calendar-color-select; wg-calendar; material-file-select-list; question-submit-panel; ai-quiz-subjects-view; collapse-operation
https://iclass.tku.edu.tw/iportal,200,raw/iclass.tku.edu.tw/iportal.html,98161,iClass,portal,5,CalendarController; CalendarEventController; CalendarTimetableController; HeaderCtrl; ManualListController,59,7,14,notification-container; calendar-color-select; wg-calendar; rwd-portal
https://iclass.tku.edu.tw/public-course,200,raw/iclass.tku.edu.tw/public-course.html,476939,iClass,user-public-course,23,AudioPlayCtrl; CalendarController; CalendarEventController; CalendarTimetableController; CodeEditorController; FilePreviewerController; FileSelectController; FolderUploadController; FooterCtrl; HeaderCtrl; HeaderWarningController; InviteConfirmController,77,105,14,match-subject-info; svg-icon; vue-announcement; vue-alert-messages; notification-container; calendar-color-select; wg-calendar; material-file-select-list; question-submit-panel; ai-quiz-subjects-view; collapse-operation
https://iclass.tku.edu.tw/user-completeness,404,raw/iclass.tku.edu.tw/user-completeness.html,454458,iClass,common,23,AudioPlayCtrl; CalendarController; CalendarEventController; CalendarTimetableController; CodeEditorController; FilePreviewerController; FileSelectController; FolderUploadController; FooterCtrl; HeaderCtrl; HeaderWarningController; InviteConfirmController,77,104,14,match-subject-info; svg-icon; vue-announcement; vue-alert-messages; notification-container; calendar-color-select; wg-calendar; material-file-select-list; question-submit-panel; ai-quiz-subjects-view; collapse-operation
https://iclass.tku.edu.tw/user-roles,404,raw/iclass.tku.edu.tw/user-roles.html,454476,iClass,common,23,AudioPlayCtrl; CalendarController; CalendarEventController; CalendarTimetableController; CodeEditorController; FilePreviewerController; FileSelectController; FolderUploadController; FooterCtrl; HeaderCtrl; HeaderWarningController; InviteConfirmController,77,104,14,match-subject-info; svg-icon; vue-announcement; vue-alert-messages; notification-container; calendar-color-select; wg-calendar; material-file-select-list; question-submit-panel; ai-quiz-subjects-view; collapse-operation
https://iclass.tku.edu.tw/user-visits,404,raw/iclass.tku.edu.tw/user-visits.html,454474,iClass,common,23,AudioPlayCtrl; CalendarController; CalendarEventController; CalendarTimetableController; CodeEditorController; FilePreviewerController; FileSelectController; FolderUploadController; FooterCtrl; HeaderCtrl; HeaderWarningController; InviteConfirmController,77,104,14,match-subject-info; svg-icon; vue-announcement; vue-alert-messages; notification-container; calendar-color-select; wg-calendar; material-file-select-list; question-submit-panel; ai-quiz-subjects-view; collapse-operation
https://iclass.tku.edu.tw/user-visits/avatarSmallUrl,404,raw/iclass.tku.edu.tw/user-visits/avatarSmallUrl.html,454462,iClass,common,23,AudioPlayCtrl; CalendarController; CalendarEventController; CalendarTimetableController; CodeEditorController; FilePreviewerController; FileSelectController; FolderUploadController; FooterCtrl; HeaderCtrl; HeaderWarningController; InviteConfirmController,77,104,14,match-subject-info; svg-icon; vue-announcement; vue-alert-messages; notification-container; calendar-color-select; wg-calendar; material-file-select-list; question-submit-panel; ai-quiz-subjects-view; collapse-operation
https://iclass.tku.edu.tw/user-visits/browsers?days=,404,raw/iclass.tku.edu.tw/user-visits/browsers__q_f462bfe880.html,454462,iClass,common,23,AudioPlayCtrl; CalendarController; CalendarEventController; CalendarTimetableController; CodeEditorController; FilePreviewerController; FileSelectController; FolderUploadController; FooterCtrl; HeaderCtrl; HeaderWarningController; InviteConfirmController,77,104,14,match-subject-info; svg-icon; vue-announcement; vue-alert-messages; notification-container; calendar-color-select; wg-calendar; material-file-select-list; question-submit-panel; ai-quiz-subjects-view; collapse-operation
https://iclass.tku.edu.tw/user-visits/capture_url,404,raw/iclass.tku.edu.tw/user-visits/capture_url.html,454462,iClass,common,23,AudioPlayCtrl; CalendarController; CalendarEventController; CalendarTimetableController; CodeEditorController; FilePreviewerController; FileSelectController; FolderUploadController; FooterCtrl; HeaderCtrl; HeaderWarningController; InviteConfirmController,77,104,14,match-subject-info; svg-icon; vue-announcement; vue-alert-messages; notification-container; calendar-color-select; wg-calendar; material-file-select-list; question-submit-panel; ai-quiz-subjects-view; collapse-operation
https://iclass.tku.edu.tw/user-visits/date-range/apps?jwt=,404,raw/iclass.tku.edu.tw/user-visits/date-range/apps__q_a263c00919.html,454460,iClass,common,23,AudioPlayCtrl; CalendarController; CalendarEventController; CalendarTimetableController; CodeEditorController; FilePreviewerController; FileSelectController; FolderUploadController; FooterCtrl; HeaderCtrl; HeaderWarningController; InviteConfirmController,77,104,14,match-subject-info; svg-icon; vue-announcement; vue-alert-messages; notification-container; calendar-color-select; wg-calendar; material-file-select-list; question-submit-panel; ai-quiz-subjects-view; collapse-operation
https://iclass.tku.edu.tw/user-visits/date-range/avatarSmallUrl,404,raw/iclass.tku.edu.tw/user-visits/date-range/avatarSmallUrl.html,454458,iClass,common,23,AudioPlayCtrl; CalendarController; CalendarEventController; CalendarTimetableController; CodeEditorController; FilePreviewerController; FileSelectController; FolderUploadController; FooterCtrl; HeaderCtrl; HeaderWarningController; InviteConfirmController,77,104,14,match-subject-info; svg-icon; vue-announcement; vue-alert-messages; notification-container; calendar-color-select; wg-calendar; material-file-select-list; question-submit-panel; ai-quiz-subjects-view; collapse-operation
https://iclass.tku.edu.tw/user-visits/date-range/browsers?jwt=,404,raw/iclass.tku.edu.tw/user-visits/date-range/browsers__q_a263c00919.html,454460,iClass,common,23,AudioPlayCtrl; CalendarController; CalendarEventController; CalendarTimetableController; CodeEditorController; FilePreviewerController; FileSelectController; FolderUploadController; FooterCtrl; HeaderCtrl; HeaderWarningController; InviteConfirmController,77,104,14,match-subject-info; svg-icon; vue-announcement; vue-alert-messages; notification-container; calendar-color-select; wg-calendar; material-file-select-list; question-submit-panel; ai-quiz-subjects-view; collapse-operation
https://iclass.tku.edu.tw/user-visits/date-range/browsers?start_date=,404,raw/iclass.tku.edu.tw/user-visits/date-range/browsers__q_10f2513dc3.html,454462,iClass,common,23,AudioPlayCtrl; CalendarController; CalendarEventController; CalendarTimetableController; CodeEditorController; FilePreviewerController; FileSelectController; FolderUploadController; FooterCtrl; HeaderCtrl; HeaderWarningController; InviteConfirmController,77,104,14,match-subject-info; svg-icon; vue-announcement; vue-alert-messages; notification-container; calendar-color-select; wg-calendar; material-file-select-list; question-submit-panel; ai-quiz-subjects-view; collapse-operation
https://iclass.tku.edu.tw/user-visits/date-range/capture_url,404,raw/iclass.tku.edu.tw/user-visits/date-range/capture_url.html,454458,iClass,common,23,AudioPlayCtrl; CalendarController; CalendarEventController; CalendarTimetableController; CodeEditorController; FilePreviewerController; FileSelectController; FolderUploadController; FooterCtrl; HeaderCtrl; HeaderWarningController; InviteConfirmController,77,104,14,match-subject-info; svg-icon; vue-announcement; vue-alert-messages; notification-container; calendar-color-select; wg-calendar; material-file-select-list; question-submit-panel; ai-quiz-subjects-view; collapse-operation
https://iclass.tku.edu.tw/user-visits/date-range/lesson_resource_url,404,raw/iclass.tku.edu.tw/user-visits/date-range/lesson_resource_url.html,454458,iClass,common,23,AudioPlayCtrl; CalendarController; CalendarEventController; CalendarTimetableController; CodeEditorController; FilePreviewerController; FileSelectController; FolderUploadController; FooterCtrl; HeaderCtrl; HeaderWarningController; InviteConfirmController,77,104,14,match-subject-info; svg-icon; vue-announcement; vue-alert-messages; notification-container; calendar-color-select; wg-calendar; material-file-select-list; question-submit-panel; ai-quiz-subjects-view; collapse-operation
https://iclass.tku.edu.tw/user-visits/date-range/manualUrl,404,raw/iclass.tku.edu.tw/user-visits/date-range/manualUrl.html,454458,iClass,common,23,AudioPlayCtrl; CalendarController; CalendarEventController; CalendarTimetableController; CodeEditorController; FilePreviewerController; FileSelectController; FolderUploadController; FooterCtrl; HeaderCtrl; HeaderWarningController; InviteConfirmController,77,104,14,match-subject-info; svg-icon; vue-announcement; vue-alert-messages; notification-container; calendar-color-select; wg-calendar; material-file-select-list; question-submit-panel; ai-quiz-subjects-view; collapse-operation
https://iclass.tku.edu.tw/user-visits/lesson_resource_url,404,raw/iclass.tku.edu.tw/user-visits/lesson_resource_url.html,454462,iClass,common,23,AudioPlayCtrl; CalendarController; CalendarEventController; CalendarTimetableController; CodeEditorController; FilePreviewerController; FileSelectController; FolderUploadController; FooterCtrl; HeaderCtrl; HeaderWarningController; InviteConfirmController,77,104,14,match-subject-info; svg-icon; vue-announcement; vue-alert-messages; notification-container; calendar-color-select; wg-calendar; material-file-select-list; question-submit-panel; ai-quiz-subjects-view; collapse-operation
https://iclass.tku.edu.tw/user-visits/manualUrl,404,raw/iclass.tku.edu.tw/user-visits/manualUrl.html,454462,iClass,common,23,AudioPlayCtrl; CalendarController; CalendarEventController; CalendarTimetableController; CodeEditorController; FilePreviewerController; FileSelectController; FolderUploadController; FooterCtrl; HeaderCtrl; HeaderWarningController; InviteConfirmController,77,104,14,match-subject-info; svg-icon; vue-announcement; vue-alert-messages; notification-container; calendar-color-select; wg-calendar; material-file-select-list; question-submit-panel; ai-quiz-subjects-view; collapse-operation
https://iclass.tku.edu.tw/user-visits/metrics,404,raw/iclass.tku.edu.tw/user-visits/metrics.html,454474,iClass,common,23,AudioPlayCtrl; CalendarController; CalendarEventController; CalendarTimetableController; CodeEditorController; FilePreviewerController; FileSelectController; FolderUploadController; FooterCtrl; HeaderCtrl; HeaderWarningController; InviteConfirmController,77,104,14,match-subject-info; svg-icon; vue-announcement; vue-alert-messages; notification-container; calendar-color-select; wg-calendar; material-file-select-list; question-submit-panel; ai-quiz-subjects-view; collapse-operation
https://iclass.tku.edu.tw/user-visits/metrics?activity_type=,404,raw/iclass.tku.edu.tw/user-visits/metrics__q_1779bf8de6.html,454474,iClass,common,23,AudioPlayCtrl; CalendarController; CalendarEventController; CalendarTimetableController; CodeEditorController; FilePreviewerController; FileSelectController; FolderUploadController; FooterCtrl; HeaderCtrl; HeaderWarningController; InviteConfirmController,77,104,14,match-subject-info; svg-icon; vue-announcement; vue-alert-messages; notification-container; calendar-color-select; wg-calendar; material-file-select-list; question-submit-panel; ai-quiz-subjects-view; collapse-operation
https://iclass.tku.edu.tw/user-visits/metrics?group=,404,raw/iclass.tku.edu.tw/user-visits/metrics__q_a47d98bf86.html,454474,iClass,common,23,AudioPlayCtrl; CalendarController; CalendarEventController; CalendarTimetableController; CodeEditorController; FilePreviewerController; FileSelectController; FolderUploadController; FooterCtrl; HeaderCtrl; HeaderWarningController; InviteConfirmController,77,104,14,match-subject-info; svg-icon; vue-announcement; vue-alert-messages; notification-container; calendar-color-select; wg-calendar; material-file-select-list; question-submit-panel; ai-quiz-subjects-view; collapse-operation
"https://iclass.tku.edu.tw/user-visits/metrics?group_by=activity,group,type",404,raw/iclass.tku.edu.tw/user-visits/metrics__q_9e12186284.html,454474,iClass,common,23,AudioPlayCtrl; CalendarController; CalendarEventController; CalendarTimetableController; CodeEditorController; FilePreviewerController; FileSelectController; FolderUploadController; FooterCtrl; HeaderCtrl; HeaderWarningController; InviteConfirmController,77,104,14,match-subject-info; svg-icon; vue-announcement; vue-alert-messages; notification-container; calendar-color-select; wg-calendar; material-file-select-list; question-submit-panel; ai-quiz-subjects-view; collapse-operation
"https://iclass.tku.edu.tw/user-visits/metrics?group_by=activity,group,type&time_restrict=day",404,raw/iclass.tku.edu.tw/user-visits/metrics__q_13072ad053.html,454462,iClass,common,23,AudioPlayCtrl; CalendarController; CalendarEventController; CalendarTimetableController; CodeEditorController; FilePreviewerController; FileSelectController; FolderUploadController; FooterCtrl; HeaderCtrl; HeaderWarningController; InviteConfirmController,77,104,14,match-subject-info; svg-icon; vue-announcement; vue-alert-messages; notification-container; calendar-color-select; wg-calendar; material-file-select-list; question-submit-panel; ai-quiz-subjects-view; collapse-operation
https://iclass.tku.edu.tw/user-visits/metrics?group_by=user,404,raw/iclass.tku.edu.tw/user-visits/metrics__q_dbbfe96229.html,454474,iClass,common,23,AudioPlayCtrl; CalendarController; CalendarEventController; CalendarTimetableController; CodeEditorController; FilePreviewerController; FileSelectController; FolderUploadController; FooterCtrl; HeaderCtrl; HeaderWarningController; InviteConfirmController,77,104,14,match-subject-info; svg-icon; vue-announcement; vue-alert-messages; notification-container; calendar-color-select; wg-calendar; material-file-select-list; question-submit-panel; ai-quiz-subjects-view; collapse-operation
https://iclass.tku.edu.tw/user-visits/metrics?group_by=user&jwt=,404,raw/iclass.tku.edu.tw/user-visits/metrics__q_eee5cd0104.html,454460,iClass,common,23,AudioPlayCtrl; CalendarController; CalendarEventController; CalendarTimetableController; CodeEditorController; FilePreviewerController; FileSelectController; FolderUploadController; FooterCtrl; HeaderCtrl; HeaderWarningController; InviteConfirmController,77,104,14,match-subject-info; svg-icon; vue-announcement; vue-alert-messages; notification-container; calendar-color-select; wg-calendar; material-file-select-list; question-submit-panel; ai-quiz-subjects-view; collapse-operation
https://iclass.tku.edu.tw/user-visits/metrics?jwt=,404,raw/iclass.tku.edu.tw/user-visits/metrics__q_a263c00919.html,454460,iClass,common,23,AudioPlayCtrl; CalendarController; CalendarEventController; CalendarTimetableController; CodeEditorController; FilePreviewerController; FileSelectController; FolderUploadController; FooterCtrl; HeaderCtrl; HeaderWarningController; InviteConfirmController,77,104,14,match-subject-info; svg-icon; vue-announcement; vue-alert-messages; notification-container; calendar-color-select; wg-calendar; material-file-select-list; question-submit-panel; ai-quiz-subjects-view; collapse-operation
https://iclass.tku.edu.tw/user-visits/metrics?time_restrict=,404,raw/iclass.tku.edu.tw/user-visits/metrics__q_b44e51afa1.html,454474,iClass,common,23,AudioPlayCtrl; CalendarController; CalendarEventController; CalendarTimetableController; CodeEditorController; FilePreviewerController; FileSelectController; FolderUploadController; FooterCtrl; HeaderCtrl; HeaderWarningController; InviteConfirmController,77,104,14,match-subject-info; svg-icon; vue-announcement; vue-alert-messages; notification-container; calendar-color-select; wg-calendar; material-file-select-list; question-submit-panel; ai-quiz-subjects-view; collapse-operation
https://iclass.tku.edu.tw/user-visits/metrics?time_restrict=date-range&start_date=,404,raw/iclass.tku.edu.tw/user-visits/metrics__q_8c9e265bc2.html,454462,iClass,common,23,AudioPlayCtrl; CalendarController; CalendarEventController; CalendarTimetableController; CodeEditorController; FilePreviewerController; FileSelectController; FolderUploadController; FooterCtrl; HeaderCtrl; HeaderWarningController; InviteConfirmController,77,104,14,match-subject-info; svg-icon; vue-announcement; vue-alert-messages; notification-container; calendar-color-select; wg-calendar; material-file-select-list; question-submit-panel; ai-quiz-subjects-view; collapse-operation
https://iclass.tku.edu.tw/user-visits/metrics?time_restrict=day,404,raw/iclass.tku.edu.tw/user-visits/metrics__q_e893a4a9db.html,454462,iClass,common,23,AudioPlayCtrl; CalendarController; CalendarEventController; CalendarTimetableController; CodeEditorController; FilePreviewerController; FileSelectController; FolderUploadController; FooterCtrl; HeaderCtrl; HeaderWarningController; InviteConfirmController,77,104,14,match-subject-info; svg-icon; vue-announcement; vue-alert-messages; notification-container; calendar-color-select; wg-calendar; material-file-select-list; question-submit-panel; ai-quiz-subjects-view; collapse-operation
"https://iclass.tku.edu.tw/user-visits/metrics?time_restrict=day&group_by=activity,group,type",404,raw/iclass.tku.edu.tw/user-visits/metrics__q_def6069d15.html,454462,iClass,common,23,AudioPlayCtrl; CalendarController; CalendarEventController; CalendarTimetableController; CodeEditorController; FilePreviewerController; FileSelectController; FolderUploadController; FooterCtrl; HeaderCtrl; HeaderWarningController; InviteConfirmController,77,104,14,match-subject-info; svg-icon; vue-announcement; vue-alert-messages; notification-container; calendar-color-select; wg-calendar; material-file-select-list; question-submit-panel; ai-quiz-subjects-view; collapse-operation
https://iclass.tku.edu.tw/user-visits/metrics?time_restrict=hour,404,raw/iclass.tku.edu.tw/user-visits/metrics__q_a0ca406ed7.html,454462,iClass,common,23,AudioPlayCtrl; CalendarController; CalendarEventController; CalendarTimetableController; CodeEditorController; FilePreviewerController; FileSelectController; FolderUploadController; FooterCtrl; HeaderCtrl; HeaderWarningController; InviteConfirmController,77,104,14,match-subject-info; svg-icon; vue-announcement; vue-alert-messages; notification-container; calendar-color-select; wg-calendar; material-file-select-list; question-submit-panel; ai-quiz-subjects-view; collapse-operation
"https://iclass.tku.edu.tw/user-visits/metrics?time_restrict=hour&group_by=activity,group,type",404,raw/iclass.tku.edu.tw/user-visits/metrics__q_0c80a45bbd.html,454462,iClass,common,23,AudioPlayCtrl; CalendarController; CalendarEventController; CalendarTimetableController; CodeEditorController; FilePreviewerController; FileSelectController; FolderUploadController; FooterCtrl; HeaderCtrl; HeaderWarningController; InviteConfirmController,77,104,14,match-subject-info; svg-icon; vue-announcement; vue-alert-messages; notification-container; calendar-color-select; wg-calendar; material-file-select-list; question-submit-panel; ai-quiz-subjects-view; collapse-operation
https://iclass.tku.edu.tw/user-visits/metrics?time_restrict=month,404,raw/iclass.tku.edu.tw/user-visits/metrics__q_8576cdb008.html,454462,iClass,common,23,AudioPlayCtrl; CalendarController; CalendarEventController; CalendarTimetableController; CodeEditorController; FilePreviewerController; FileSelectController; FolderUploadController; FooterCtrl; HeaderCtrl; HeaderWarningController; InviteConfirmController,77,104,14,match-subject-info; svg-icon; vue-announcement; vue-alert-messages; notification-container; calendar-color-select; wg-calendar; material-file-select-list; question-submit-panel; ai-quiz-subjects-view; collapse-operation
"https://iclass.tku.edu.tw/user-visits/metrics?time_restrict=month&group_by=activity,group,type",404,raw/iclass.tku.edu.tw/user-visits/metrics__q_a520f79c32.html,454462,iClass,common,23,AudioPlayCtrl; CalendarController; CalendarEventController; CalendarTimetableController; CodeEditorController; FilePreviewerController; FileSelectController; FolderUploadController; FooterCtrl; HeaderCtrl; HeaderWarningController; InviteConfirmController,77,104,14,match-subject-info; svg-icon; vue-announcement; vue-alert-messages; notification-container; calendar-color-select; wg-calendar; material-file-select-list; question-submit-panel; ai-quiz-subjects-view; collapse-operation
https://iclass.tku.edu.tw/user-visits/visits?start=,404,raw/iclass.tku.edu.tw/user-visits/visits__q_3be9190883.html,454462,iClass,common,23,AudioPlayCtrl; CalendarController; CalendarEventController; CalendarTimetableController; CodeEditorController; FilePreviewerController; FileSelectController; FolderUploadController; FooterCtrl; HeaderCtrl; HeaderWarningController; InviteConfirmController,77,104,14,match-subject-info; svg-icon; vue-announcement; vue-alert-messages; notification-container; calendar-color-select; wg-calendar; material-file-select-list; question-submit-panel; ai-quiz-subjects-view; collapse-operation
https://iclass.tku.edu.tw/user/,404,raw/iclass.tku.edu.tw/user/index.html,454477,iClass,common,23,AudioPlayCtrl; CalendarController; CalendarEventController; CalendarTimetableController; CodeEditorController; FilePreviewerController; FileSelectController; FolderUploadController; FooterCtrl; HeaderCtrl; HeaderWarningController; InviteConfirmController,77,104,14,match-subject-info; svg-icon; vue-announcement; vue-alert-messages; notification-container; calendar-color-select; wg-calendar; material-file-select-list; question-submit-panel; ai-quiz-subjects-view; collapse-operation
https://iclass.tku.edu.tw/user/avatarBigUrl,404,raw/iclass.tku.edu.tw/user/avatarBigUrl.html,454466,iClass,common,23,AudioPlayCtrl; CalendarController; CalendarEventController; CalendarTimetableController; CodeEditorController; FilePreviewerController; FileSelectController; FolderUploadController; FooterCtrl; HeaderCtrl; HeaderWarningController; InviteConfirmController,77,104,14,match-subject-info; svg-icon; vue-announcement; vue-alert-messages; notification-container; calendar-color-select; wg-calendar; material-file-select-list; question-submit-panel; ai-quiz-subjects-view; collapse-operation
https://iclass.tku.edu.tw/user/avatarSmallUrl,404,raw/iclass.tku.edu.tw/user/avatarSmallUrl.html,454466,iClass,common,23,AudioPlayCtrl; CalendarController; CalendarEventController; CalendarTimetableController; CodeEditorController; FilePreviewerController; FileSelectController; FolderUploadController; FooterCtrl; HeaderCtrl; HeaderWarningController; InviteConfirmController,77,104,14,match-subject-info; svg-icon; vue-announcement; vue-alert-messages; notification-container; calendar-color-select; wg-calendar; material-file-select-list; question-submit-panel; ai-quiz-subjects-view; collapse-operation
https://iclass.tku.edu.tw/user/capture_url,404,raw/iclass.tku.edu.tw/user/capture_url.html,454466,iClass,common,23,AudioPlayCtrl; CalendarController; CalendarEventController; CalendarTimetableController; CodeEditorController; FilePreviewerController; FileSelectController; FolderUploadController; FooterCtrl; HeaderCtrl; HeaderWarningController; InviteConfirmController,77,104,14,match-subject-info; svg-icon; vue-announcement; vue-alert-messages; notification-container; calendar-color-select; wg-calendar; material-file-select-list; question-submit-panel; ai-quiz-subjects-view; collapse-operation
https://iclass.tku.edu.tw/user/certificate/student/,404,raw/iclass.tku.edu.tw/user/certificate/student/index.html,454460,iClass,common,23,AudioPlayCtrl; CalendarController; CalendarEventController; CalendarTimetableController; CodeEditorController; FilePreviewerController; FileSelectController; FolderUploadController; FooterCtrl; HeaderCtrl; HeaderWarningController; InviteConfirmController,77,104,14,match-subject-info; svg-icon; vue-announcement; vue-alert-messages; notification-container; calendar-color-select; wg-calendar; material-file-select-list; question-submit-panel; ai-quiz-subjects-view; collapse-operation
https://iclass.tku.edu.tw/user/certificate/student/avatarSmallUrl,404,raw/iclass.tku.edu.tw/user/certificate/student/avatarSmallUrl.html,454476,iClass,common,23,AudioPlayCtrl; CalendarController; CalendarEventController; CalendarTimetableController; CodeEditorController; FilePreviewerController; FileSelectController; FolderUploadController; FooterCtrl; HeaderCtrl; HeaderWarningController; InviteConfirmController,77,104,14,match-subject-info; svg-icon; vue-announcement; vue-alert-messages; notification-container; calendar-color-select; wg-calendar; material-file-select-list; question-submit-panel; ai-quiz-subjects-view; collapse-operation
https://iclass.tku.edu.tw/user/certificate/student/capture_url,404,raw/iclass.tku.edu.tw/user/certificate/student/capture_url.html,454469,iClass,common,23,AudioPlayCtrl; CalendarController; CalendarEventController; CalendarTimetableController; CodeEditorController; FilePreviewerController; FileSelectController; FolderUploadController; FooterCtrl; HeaderCtrl; HeaderWarningController; InviteConfirmController,77,104,14,match-subject-info; svg-icon; vue-announcement; vue-alert-messages; notification-container; calendar-color-select; wg-calendar; material-file-select-list; question-submit-panel; ai-quiz-subjects-view; collapse-operation
https://iclass.tku.edu.tw/user/certificate/student/lesson_resource_url,404,raw/iclass.tku.edu.tw/user/certificate/student/lesson_resource_url.html,454469,iClass,common,23,AudioPlayCtrl; CalendarController; CalendarEventController; CalendarTimetableController; CodeEditorController; FilePreviewerController; FileSelectController; FolderUploadController; FooterCtrl; HeaderCtrl; HeaderWarningController; InviteConfirmController,77,104,14,match-subject-info; svg-icon; vue-announcement; vue-alert-messages; notification-container; calendar-color-select; wg-calendar; material-file-select-list; question-submit-panel; ai-quiz-subjects-view; collapse-operation
https://iclass.tku.edu.tw/user/certificate/student/manualUrl,404,raw/iclass.tku.edu.tw/user/certificate/student/manualUrl.html,454469,iClass,common,23,AudioPlayCtrl; CalendarController; CalendarEventController; CalendarTimetableController; CodeEditorController; FilePreviewerController; FileSelectController; FolderUploadController; FooterCtrl; HeaderCtrl; HeaderWarningController; InviteConfirmController,77,104,14,match-subject-info; svg-icon; vue-announcement; vue-alert-messages; notification-container; calendar-color-select; wg-calendar; material-file-select-list; question-submit-panel; ai-quiz-subjects-view; collapse-operation
https://iclass.tku.edu.tw/user/chatrooms/,404,raw/iclass.tku.edu.tw/user/chatrooms/index.html,454464,iClass,common,23,AudioPlayCtrl; CalendarController; CalendarEventController; CalendarTimetableController; CodeEditorController; FilePreviewerController; FileSelectController; FolderUploadController; FooterCtrl; HeaderCtrl; HeaderWarningController; InviteConfirmController,77,104,14,match-subject-info; svg-icon; vue-announcement; vue-alert-messages; notification-container; calendar-color-select; wg-calendar; material-file-select-list; question-submit-panel; ai-quiz-subjects-view; collapse-operation
https://iclass.tku.edu.tw/user/chatrooms/avatarSmallUrl,200,raw/iclass.tku.edu.tw/user/chatrooms/avatarSmallUrl.html,162,,,0,,1,0,0,
https://iclass.tku.edu.tw/user/chatrooms/capture_url,200,raw/iclass.tku.edu.tw/user/chatrooms/capture_url.html,159,,,0,,1,0,0,
https://iclass.tku.edu.tw/user/chatrooms/lesson_resource_url,200,raw/iclass.tku.edu.tw/user/chatrooms/lesson_resource_url.html,167,,,0,,1,0,0,
https://iclass.tku.edu.tw/user/chatrooms/manualUrl,200,raw/iclass.tku.edu.tw/user/chatrooms/manualUrl.html,157,,,0,,1,0,0,
https://iclass.tku.edu.tw/user/combine-courses,404,raw/iclass.tku.edu.tw/user/combine-courses.html,454458,iClass,common,23,AudioPlayCtrl; CalendarController; CalendarEventController; CalendarTimetableController; CodeEditorController; FilePreviewerController; FileSelectController; FolderUploadController; FooterCtrl; HeaderCtrl; HeaderWarningController; InviteConfirmController,77,104,14,match-subject-info; svg-icon; vue-announcement; vue-alert-messages; notification-container; calendar-color-select; wg-calendar; material-file-select-list; question-submit-panel; ai-quiz-subjects-view; collapse-operation
https://iclass.tku.edu.tw/user/courses,200,raw/iclass.tku.edu.tw/user/courses.html,492713,iClass,user-course,26,AudioPlayCtrl; BaseCourseCtrl; CalendarController; CalendarEventController; CalendarTimetableController; CodeEditorController; CourseListCtrl; FilePreviewerController; FileSelectController; FolderUploadController; FooterCtrl; HeaderCtrl,77,104,16,match-subject-info; svg-icon; vue-announcement; vue-alert-messages; notification-container; calendar-color-select; wg-calendar; material-file-select-list; blueprint-courses; question-submit-panel; ai-quiz-subjects-view; collapse-operation
https://iclass.tku.edu.tw/user/courses?keyword=,200,raw/iclass.tku.edu.tw/user/courses__q_634b7b9d78.html,492716,iClass,user-course,26,AudioPlayCtrl; BaseCourseCtrl; CalendarController; CalendarEventController; CalendarTimetableController; CodeEditorController; CourseListCtrl; FilePreviewerController; FileSelectController; FolderUploadController; FooterCtrl; HeaderCtrl,77,104,16,match-subject-info; svg-icon; vue-announcement; vue-alert-messages; notification-container; calendar-color-select; wg-calendar; material-file-select-list; blueprint-courses; question-submit-panel; ai-quiz-subjects-view; collapse-operation
https://iclass.tku.edu.tw/user/index,200,raw/iclass.tku.edu.tw/user/index.html,824462,iClass,common,23,AudioPlayCtrl; CalendarController; CalendarEventController; CalendarTimetableController; CodeEditorController; FilePreviewerController; FileSelectController; FolderUploadController; FooterCtrl; HeaderCtrl; HeaderWarningController; InviteConfirmController,77,104,14,match-subject-info; svg-icon; vue-announcement; vue-alert-messages; notification-container; calendar-color-select; wg-calendar; material-file-select-list; question-submit-panel; ai-quiz-subjects-view; collapse-operation
https://iclass.tku.edu.tw/user/index?version=v0,200,raw/iclass.tku.edu.tw/user/index__q_7833fea385.html,824463,iClass,user-index,37,AudioPlayCtrl; CalendarController; CalendarEventController; CalendarTimetableController; CodeEditorController; FilePreviewNoteController; FilePreviewerController; FileSelectController; FolderUploadController; FooterCtrl; HeaderCtrl; HeaderWarningController,77,104,27,match-subject-info; svg-icon; activity-checkpoint-lock; apply-air-credit-modal-link; question-submit-panel; ai-quiz-subjects-view; vue-announcement; vue-alert-messages; notification-container; calendar-color-select; wg-calendar; material-file-select-list
https://iclass.tku.edu.tw/user/lesson_resource_url,404,raw/iclass.tku.edu.tw/user/lesson_resource_url.html,454466,iClass,common,23,AudioPlayCtrl; CalendarController; CalendarEventController; CalendarTimetableController; CodeEditorController; FilePreviewerController; FileSelectController; FolderUploadController; FooterCtrl; HeaderCtrl; HeaderWarningController; InviteConfirmController,77,104,14,match-subject-info; svg-icon; vue-announcement; vue-alert-messages; notification-container; calendar-color-select; wg-calendar; material-file-select-list; question-submit-panel; ai-quiz-subjects-view; collapse-operation
https://iclass.tku.edu.tw/user/manualUrl,404,raw/iclass.tku.edu.tw/user/manualUrl.html,454466,iClass,common,23,AudioPlayCtrl; CalendarController; CalendarEventController; CalendarTimetableController; CodeEditorController; FilePreviewerController; FileSelectController; FolderUploadController; FooterCtrl; HeaderCtrl; HeaderWarningController; InviteConfirmController,77,104,14,match-subject-info; svg-icon; vue-announcement; vue-alert-messages; notification-container; calendar-color-select; wg-calendar; material-file-select-list; question-submit-panel; ai-quiz-subjects-view; collapse-operation
https://iclass.tku.edu.tw/user/notes,404,raw/iclass.tku.edu.tw/user/notes.html,454458,iClass,common,23,AudioPlayCtrl; CalendarController; CalendarEventController; CalendarTimetableController; CodeEditorController; FilePreviewerController; FileSelectController; FolderUploadController; FooterCtrl; HeaderCtrl; HeaderWarningController; InviteConfirmController,77,104,14,match-subject-info; svg-icon; vue-announcement; vue-alert-messages; notification-container; calendar-color-select; wg-calendar; material-file-select-list; question-submit-panel; ai-quiz-subjects-view; collapse-operation
https://iclass.tku.edu.tw/user/profile,404,raw/iclass.tku.edu.tw/user/profile.html,454458,iClass,common,23,AudioPlayCtrl; CalendarController; CalendarEventController; CalendarTimetableController; CodeEditorController; FilePreviewerController; FileSelectController; FolderUploadController; FooterCtrl; HeaderCtrl; HeaderWarningController; InviteConfirmController,77,104,14,match-subject-info; svg-icon; vue-announcement; vue-alert-messages; notification-container; calendar-color-select; wg-calendar; material-file-select-list; question-submit-panel; ai-quiz-subjects-view; collapse-operation
https://iclass.tku.edu.tw/user/project,404,raw/iclass.tku.edu.tw/user/project.html,454466,iClass,common,23,AudioPlayCtrl; CalendarController; CalendarEventController; CalendarTimetableController; CodeEditorController; FilePreviewerController; FileSelectController; FolderUploadController; FooterCtrl; HeaderCtrl; HeaderWarningController; InviteConfirmController,77,104,14,match-subject-info; svg-icon; vue-announcement; vue-alert-messages; notification-container; calendar-color-select; wg-calendar; material-file-select-list; question-submit-panel; ai-quiz-subjects-view; collapse-operation
https://iclass.tku.edu.tw/user/project?keyword=,404,raw/iclass.tku.edu.tw/user/project__q_634b7b9d78.html,454460,iClass,common,23,AudioPlayCtrl; CalendarController; CalendarEventController; CalendarTimetableController; CodeEditorController; FilePreviewerController; FileSelectController; FolderUploadController; FooterCtrl; HeaderCtrl; HeaderWarningController; InviteConfirmController,77,104,14,match-subject-info; svg-icon; vue-announcement; vue-alert-messages; notification-container; calendar-color-select; wg-calendar; material-file-select-list; question-submit-panel; ai-quiz-subjects-view; collapse-operation
https://iclass.tku.edu.tw/user/record-preview/,404,raw/iclass.tku.edu.tw/user/record-preview/index.html,454477,iClass,common,23,AudioPlayCtrl; CalendarController; CalendarEventController; CalendarTimetableController; CodeEditorController; FilePreviewerController; FileSelectController; FolderUploadController; FooterCtrl; HeaderCtrl; HeaderWarningController; InviteConfirmController,77,104,14,match-subject-info; svg-icon; vue-announcement; vue-alert-messages; notification-container; calendar-color-select; wg-calendar; material-file-select-list; question-submit-panel; ai-quiz-subjects-view; collapse-operation
https://iclass.tku.edu.tw/user/record-preview/avatarSmallUrl,404,raw/iclass.tku.edu.tw/user/record-preview/avatarSmallUrl.html,454476,iClass,common,23,AudioPlayCtrl; CalendarController; CalendarEventController; CalendarTimetableController; CodeEditorController; FilePreviewerController; FileSelectController; FolderUploadController; FooterCtrl; HeaderCtrl; HeaderWarningController; InviteConfirmController,77,104,14,match-subject-info; svg-icon; vue-announcement; vue-alert-messages; notification-container; calendar-color-select; wg-calendar; material-file-select-list; question-submit-panel; ai-quiz-subjects-view; collapse-operation
https://iclass.tku.edu.tw/user/record-preview/capture_url,404,raw/iclass.tku.edu.tw/user/record-preview/capture_url.html,454476,iClass,common,23,AudioPlayCtrl; CalendarController; CalendarEventController; CalendarTimetableController; CodeEditorController; FilePreviewerController; FileSelectController; FolderUploadController; FooterCtrl; HeaderCtrl; HeaderWarningController; InviteConfirmController,77,104,14,match-subject-info; svg-icon; vue-announcement; vue-alert-messages; notification-container; calendar-color-select; wg-calendar; material-file-select-list; question-submit-panel; ai-quiz-subjects-view; collapse-operation
https://iclass.tku.edu.tw/user/record-preview/lesson_resource_url,404,raw/iclass.tku.edu.tw/user/record-preview/lesson_resource_url.html,454476,iClass,common,23,AudioPlayCtrl; CalendarController; CalendarEventController; CalendarTimetableController; CodeEditorController; FilePreviewerController; FileSelectController; FolderUploadController; FooterCtrl; HeaderCtrl; HeaderWarningController; InviteConfirmController,77,104,14,match-subject-info; svg-icon; vue-announcement; vue-alert-messages; notification-container; calendar-color-select; wg-calendar; material-file-select-list; question-submit-panel; ai-quiz-subjects-view; collapse-operation
https://iclass.tku.edu.tw/user/record-preview/manualUrl,404,raw/iclass.tku.edu.tw/user/record-preview/manualUrl.html,454476,iClass,common,23,AudioPlayCtrl; CalendarController; CalendarEventController; CalendarTimetableController; CodeEditorController; FilePreviewerController; FileSelectController; FolderUploadController; FooterCtrl; HeaderCtrl; HeaderWarningController; InviteConfirmController,77,104,14,match-subject-info; svg-icon; vue-announcement; vue-alert-messages; notification-container; calendar-color-select; wg-calendar; material-file-select-list; question-submit-panel; ai-quiz-subjects-view; collapse-operation
https://iclass.tku.edu.tw/user/resource-groups,200,raw/iclass.tku.edu.tw/user/resource-groups.html,622976,iClass,shared-resource-resource-group,28,AudioPlayCtrl; CalendarController; CalendarEventController; CalendarTimetableController; CodeEditorController; FilePreviewerController; FileSelectController; FolderUploadController; FooterCtrl; HeaderCtrl; HeaderWarningController; InviteConfirmController,77,104,15,match-subject-info; svg-icon; subject-lib-course-list; vue-announcement; vue-alert-messages; notification-container; calendar-color-select; wg-calendar; material-file-select-list; knowledge-node-tag; course-subject-lib-tab; course-subject-lib-folder-tab
https://iclass.tku.edu.tw/user/resource-groups/resource/,404,raw/iclass.tku.edu.tw/user/resource-groups/resource/index.html,454458,iClass,common,23,AudioPlayCtrl; CalendarController; CalendarEventController; CalendarTimetableController; CodeEditorController; FilePreviewerController; FileSelectController; FolderUploadController; FooterCtrl; HeaderCtrl; HeaderWarningController; InviteConfirmController,77,104,14,match-subject-info; svg-icon; vue-announcement; vue-alert-messages; notification-container; calendar-color-select; wg-calendar; material-file-select-list; question-submit-panel; ai-quiz-subjects-view; collapse-operation
https://iclass.tku.edu.tw/user/resource-groups/resource/avatarSmallUrl,404,raw/iclass.tku.edu.tw/user/resource-groups/resource/avatarSmallUrl.html,454453,iClass,common,23,AudioPlayCtrl; CalendarController; CalendarEventController; CalendarTimetableController; CodeEditorController; FilePreviewerController; FileSelectController; FolderUploadController; FooterCtrl; HeaderCtrl; HeaderWarningController; InviteConfirmController,77,104,14,match-subject-info; svg-icon; vue-announcement; vue-alert-messages; notification-container; calendar-color-select; wg-calendar; material-file-select-list; question-submit-panel; ai-quiz-subjects-view; collapse-operation
https://iclass.tku.edu.tw/user/resource-groups/resource/capture_url,404,raw/iclass.tku.edu.tw/user/resource-groups/resource/capture_url.html,454473,iClass,common,23,AudioPlayCtrl; CalendarController; CalendarEventController; CalendarTimetableController; CodeEditorController; FilePreviewerController; FileSelectController; FolderUploadController; FooterCtrl; HeaderCtrl; HeaderWarningController; InviteConfirmController,77,104,14,match-subject-info; svg-icon; vue-announcement; vue-alert-messages; notification-container; calendar-color-select; wg-calendar; material-file-select-list; question-submit-panel; ai-quiz-subjects-view; collapse-operation
https://iclass.tku.edu.tw/user/resource-groups/resource/lesson_resource_url,404,raw/iclass.tku.edu.tw/user/resource-groups/resource/lesson_resource_url.html,454473,iClass,common,23,AudioPlayCtrl; CalendarController; CalendarEventController; CalendarTimetableController; CodeEditorController; FilePreviewerController; FileSelectController; FolderUploadController; FooterCtrl; HeaderCtrl; HeaderWarningController; InviteConfirmController,77,104,14,match-subject-info; svg-icon; vue-announcement; vue-alert-messages; notification-container; calendar-color-select; wg-calendar; material-file-select-list; question-submit-panel; ai-quiz-subjects-view; collapse-operation
https://iclass.tku.edu.tw/user/resource-groups/resource/manualUrl,404,raw/iclass.tku.edu.tw/user/resource-groups/resource/manualUrl.html,454453,iClass,common,23,AudioPlayCtrl; CalendarController; CalendarEventController; CalendarTimetableController; CodeEditorController; FilePreviewerController; FileSelectController; FolderUploadController; FooterCtrl; HeaderCtrl; HeaderWarningController; InviteConfirmController,77,104,14,match-subject-info; svg-icon; vue-announcement; vue-alert-messages; notification-container; calendar-color-select; wg-calendar; material-file-select-list; question-submit-panel; ai-quiz-subjects-view; collapse-operation
https://iclass.tku.edu.tw/user/resources/avatarBigUrl,404,raw/iclass.tku.edu.tw/user/resources/avatarBigUrl.html,454466,iClass,common,23,AudioPlayCtrl; CalendarController; CalendarEventController; CalendarTimetableController; CodeEditorController; FilePreviewerController; FileSelectController; FolderUploadController; FooterCtrl; HeaderCtrl; HeaderWarningController; InviteConfirmController,77,104,14,match-subject-info; svg-icon; vue-announcement; vue-alert-messages; notification-container; calendar-color-select; wg-calendar; material-file-select-list; question-submit-panel; ai-quiz-subjects-view; collapse-operation
https://iclass.tku.edu.tw/user/resources/avatarSmallUrl,404,raw/iclass.tku.edu.tw/user/resources/avatarSmallUrl.html,454466,iClass,common,23,AudioPlayCtrl; CalendarController; CalendarEventController; CalendarTimetableController; CodeEditorController; FilePreviewerController; FileSelectController; FolderUploadController; FooterCtrl; HeaderCtrl; HeaderWarningController; InviteConfirmController,77,104,14,match-subject-info; svg-icon; vue-announcement; vue-alert-messages; notification-container; calendar-color-select; wg-calendar; material-file-select-list; question-submit-panel; ai-quiz-subjects-view; collapse-operation
https://iclass.tku.edu.tw/user/resources/capture_url,404,raw/iclass.tku.edu.tw/user/resources/capture_url.html,454466,iClass,common,23,AudioPlayCtrl; CalendarController; CalendarEventController; CalendarTimetableController; CodeEditorController; FilePreviewerController; FileSelectController; FolderUploadController; FooterCtrl; HeaderCtrl; HeaderWarningController; InviteConfirmController,77,104,14,match-subject-info; svg-icon; vue-announcement; vue-alert-messages; notification-container; calendar-color-select; wg-calendar; material-file-select-list; question-submit-panel; ai-quiz-subjects-view; collapse-operation
https://iclass.tku.edu.tw/user/resources/collection,200,raw/iclass.tku.edu.tw/user/resources/collection.html,474185,iClass,user-collection,24,AudioPlayCtrl; CalendarController; CalendarEventController; CalendarTimetableController; CodeEditorController; CollectionListCtrl; FilePreviewerController; FileSelectController; FolderUploadController; FooterCtrl; HeaderCtrl; HeaderWarningController,77,104,17,match-subject-info; svg-icon; vue-announcement; vue-alert-messages; notification-container; calendar-color-select; wg-calendar; material-file-select-list; question-submit-panel; ai-quiz-subjects-view; collapse-operation
https://iclass.tku.edu.tw/user/resources/course-packages,404,raw/iclass.tku.edu.tw/user/resources/course-packages.html,454472,iClass,common,23,AudioPlayCtrl; CalendarController; CalendarEventController; CalendarTimetableController; CodeEditorController; FilePreviewerController; FileSelectController; FolderUploadController; FooterCtrl; HeaderCtrl; HeaderWarningController; InviteConfirmController,77,104,14,match-subject-info; svg-icon; vue-announcement; vue-alert-messages; notification-container; calendar-color-select; wg-calendar; material-file-select-list; question-submit-panel; ai-quiz-subjects-view; collapse-operation
https://iclass.tku.edu.tw/user/resources/entries/,404,raw/iclass.tku.edu.tw/user/resources/entries/index.html,454460,iClass,common,23,AudioPlayCtrl; CalendarController; CalendarEventController; CalendarTimetableController; CodeEditorController; FilePreviewerController; FileSelectController; FolderUploadController; FooterCtrl; HeaderCtrl; HeaderWarningController; InviteConfirmController,77,104,14,match-subject-info; svg-icon; vue-announcement; vue-alert-messages; notification-container; calendar-color-select; wg-calendar; material-file-select-list; question-submit-panel; ai-quiz-subjects-view; collapse-operation
https://iclass.tku.edu.tw/user/resources/entries/avatarSmallUrl,404,raw/iclass.tku.edu.tw/user/resources/entries/avatarSmallUrl.html,454469,iClass,common,23,AudioPlayCtrl; CalendarController; CalendarEventController; CalendarTimetableController; CodeEditorController; FilePreviewerController; FileSelectController; FolderUploadController; FooterCtrl; HeaderCtrl; HeaderWarningController; InviteConfirmController,77,104,14,match-subject-info; svg-icon; vue-announcement; vue-alert-messages; notification-container; calendar-color-select; wg-calendar; material-file-select-list; question-submit-panel; ai-quiz-subjects-view; collapse-operation
https://iclass.tku.edu.tw/user/resources/entries/capture_url,404,raw/iclass.tku.edu.tw/user/resources/entries/capture_url.html,454476,iClass,common,23,AudioPlayCtrl; CalendarController; CalendarEventController; CalendarTimetableController; CodeEditorController; FilePreviewerController; FileSelectController; FolderUploadController; FooterCtrl; HeaderCtrl; HeaderWarningController; InviteConfirmController,77,104,14,match-subject-info; svg-icon; vue-announcement; vue-alert-messages; notification-container; calendar-color-select; wg-calendar; material-file-select-list; question-submit-panel; ai-quiz-subjects-view; collapse-operation
https://iclass.tku.edu.tw/user/resources/entries/lesson_resource_url,404,raw/iclass.tku.edu.tw/user/resources/entries/lesson_resource_url.html,454469,iClass,common,23,AudioPlayCtrl; CalendarController; CalendarEventController; CalendarTimetableController; CodeEditorController; FilePreviewerController; FileSelectController; FolderUploadController; FooterCtrl; HeaderCtrl; HeaderWarningController; InviteConfirmController,77,104,14,match-subject-info; svg-icon; vue-announcement; vue-alert-messages; notification-container; calendar-color-select; wg-calendar; material-file-select-list; question-submit-panel; ai-quiz-subjects-view; collapse-operation
https://iclass.tku.edu.tw/user/resources/entries/manualUrl,404,raw/iclass.tku.edu.tw/user/resources/entries/manualUrl.html,454469,iClass,common,23,AudioPlayCtrl; CalendarController; CalendarEventController; CalendarTimetableController; CodeEditorController; FilePreviewerController; FileSelectController; FolderUploadController; FooterCtrl; HeaderCtrl; HeaderWarningController; InviteConfirmController,77,104,14,match-subject-info; svg-icon; vue-announcement; vue-alert-messages; notification-container; calendar-color-select; wg-calendar; material-file-select-list; question-submit-panel; ai-quiz-subjects-view; collapse-operation
https://iclass.tku.edu.tw/user/resources/files,200,raw/iclass.tku.edu.tw/user/resources/files.html,570565,iClass,user-files,31,AudioPlayCtrl; CalendarController; CalendarEventController; CalendarTimetableController; CodeEditorController; FileEditCtrl; FileListCtrl; FilePreviewerController; FileSelectController; FileUploadController; FolderUploadController; FooterCtrl,77,104,23,match-subject-info; tree-selector; svg-icon; vue-announcement; vue-alert-messages; notification-container; calendar-color-select; wg-calendar; material-file-select-list; question-submit-panel; ai-quiz-subjects-view; collapse-operation
https://iclass.tku.edu.tw/user/resources/lesson_resource_url,404,raw/iclass.tku.edu.tw/user/resources/lesson_resource_url.html,454466,iClass,common,23,AudioPlayCtrl; CalendarController; CalendarEventController; CalendarTimetableController; CodeEditorController; FilePreviewerController; FileSelectController; FolderUploadController; FooterCtrl; HeaderCtrl; HeaderWarningController; InviteConfirmController,77,104,14,match-subject-info; svg-icon; vue-announcement; vue-alert-messages; notification-container; calendar-color-select; wg-calendar; material-file-select-list; question-submit-panel; ai-quiz-subjects-view; collapse-operation
https://iclass.tku.edu.tw/user/resources/manualUrl,404,raw/iclass.tku.edu.tw/user/resources/manualUrl.html,454466,iClass,common,23,AudioPlayCtrl; CalendarController; CalendarEventController; CalendarTimetableController; CodeEditorController; FilePreviewerController; FileSelectController; FolderUploadController; FooterCtrl; HeaderCtrl; HeaderWarningController; InviteConfirmController,77,104,14,match-subject-info; svg-icon; vue-announcement; vue-alert-messages; notification-container; calendar-color-select; wg-calendar; material-file-select-list; question-submit-panel; ai-quiz-subjects-view; collapse-operation
https://iclass.tku.edu.tw/user/resources/rubrics,404,raw/iclass.tku.edu.tw/user/resources/rubrics.html,454458,iClass,common,23,AudioPlayCtrl; CalendarController; CalendarEventController; CalendarTimetableController; CodeEditorController; FilePreviewerController; FileSelectController; FolderUploadController; FooterCtrl; HeaderCtrl; HeaderWarningController; InviteConfirmController,77,104,14,match-subject-info; svg-icon; vue-announcement; vue-alert-messages; notification-container; calendar-color-select; wg-calendar; material-file-select-list; question-submit-panel; ai-quiz-subjects-view; collapse-operation
https://iclass.tku.edu.tw/user/resources/share-to-courses?upload_ids=,404,raw/iclass.tku.edu.tw/user/resources/share-to-courses__q_f330520a40.html,454476,iClass,common,23,AudioPlayCtrl; CalendarController; CalendarEventController; CalendarTimetableController; CodeEditorController; FilePreviewerController; FileSelectController; FolderUploadController; FooterCtrl; HeaderCtrl; HeaderWarningController; InviteConfirmController,77,104,14,match-subject-info; svg-icon; vue-announcement; vue-alert-messages; notification-container; calendar-color-select; wg-calendar; material-file-select-list; question-submit-panel; ai-quiz-subjects-view; collapse-operation
https://iclass.tku.edu.tw/user/resources/shared,200,raw/iclass.tku.edu.tw/user/resources/shared.html,508874,iClass,user-shared-resource,28,AudioPlayCtrl; CalendarController; CalendarEventController; CalendarTimetableController; CodeEditorController; FilePreviewerController; FileSelectController; FolderUploadController; FooterCtrl; HeaderCtrl; HeaderWarningController; InviteConfirmController,77,104,19,match-subject-info; svg-icon; vue-announcement; vue-alert-messages; notification-container; calendar-color-select; wg-calendar; material-file-select-list; vue-alert; question-submit-panel; ai-quiz-subjects-view; collapse-operation
https://iclass.tku.edu.tw/user/resources/slides,200,raw/iclass.tku.edu.tw/user/resources/slides.html,505148,iClass,user-slides,23,AudioPlayCtrl; CalendarController; CalendarEventController; CalendarTimetableController; CodeEditorController; FilePreviewerController; FileSelectController; FolderUploadController; FooterCtrl; HeaderCtrl; HeaderWarningController; InviteConfirmController,77,104,15,match-subject-info; svg-icon; vue-announcement; vue-alert-messages; notification-container; calendar-color-select; wg-calendar; material-file-select-list; question-submit-panel; ai-quiz-subjects-view; collapse-operation
https://iclass.tku.edu.tw/user/resources/subject-libs,200,raw/iclass.tku.edu.tw/user/resources/subject-libs.html,559468,iClass,subject-lib,27,AudioPlayCtrl; CalendarController; CalendarEventController; CalendarTimetableController; CodeEditorController; FilePreviewerController; FileSelectController; FolderUploadController; FooterCtrl; HeaderCtrl; HeaderWarningController; InviteConfirmController,77,104,17,match-subject-info; tree-selector; svg-icon; subject-lib-course-list; vue-announcement; vue-alert-messages; notification-container; calendar-color-select; wg-calendar; material-file-select-list; knowledge-node-tag; course-subject-lib-tab
https://iclass.tku.edu.tw/user/resources/track-user,200,raw/iclass.tku.edu.tw/user/resources/track-user.html,468829,iClass,user-track-user,24,AudioPlayCtrl; CalendarController; CalendarEventController; CalendarTimetableController; CodeEditorController; FilePreviewerController; FileSelectController; FolderUploadController; FooterCtrl; HeaderCtrl; HeaderWarningController; InviteConfirmController,77,104,16,match-subject-info; svg-icon; vue-announcement; vue-alert-messages; notification-container; calendar-color-select; wg-calendar; material-file-select-list; question-submit-panel; ai-quiz-subjects-view; collapse-operation
https://iclass.tku.edu.tw/user/resources/trustSrc,404,raw/iclass.tku.edu.tw/user/resources/trustSrc.html,454460,iClass,common,23,AudioPlayCtrl; CalendarController; CalendarEventController; CalendarTimetableController; CodeEditorController; FilePreviewerController; FileSelectController; FolderUploadController; FooterCtrl; HeaderCtrl; HeaderWarningController; InviteConfirmController,77,104,14,match-subject-info; svg-icon; vue-announcement; vue-alert-messages; notification-container; calendar-color-select; wg-calendar; material-file-select-list; question-submit-panel; ai-quiz-subjects-view; collapse-operation
https://iclass.tku.edu.tw/user/resources/video-quizzes,200,raw/iclass.tku.edu.tw/user/resources/video-quizzes.html,481612,iClass,user-video-quizzes,25,AudioPlayCtrl; CalendarController; CalendarEventController; CalendarTimetableController; CodeEditorController; FilePreviewerController; FileSelectController; FolderUploadController; FooterCtrl; HeaderCtrl; HeaderWarningController; InviteConfirmController,77,104,15,match-subject-info; svg-icon; vue-announcement; vue-alert-messages; notification-container; calendar-color-select; wg-calendar; material-file-select-list; question-submit-panel; ai-quiz-subjects-view; collapse-operation
https://iclass.tku.edu.tw/user/resources/video_storage,404,raw/iclass.tku.edu.tw/user/resources/video_storage.html,454466,iClass,common,23,AudioPlayCtrl; CalendarController; CalendarEventController; CalendarTimetableController; CodeEditorController; FilePreviewerController; FileSelectController; FolderUploadController; FooterCtrl; HeaderCtrl; HeaderWarningController; InviteConfirmController,77,104,14,match-subject-info; svg-icon; vue-announcement; vue-alert-messages; notification-container; calendar-color-select; wg-calendar; material-file-select-list; question-submit-panel; ai-quiz-subjects-view; collapse-operation
https://iclass.tku.edu.tw/user/search,404,raw/iclass.tku.edu.tw/user/search.html,454457,iClass,common,23,AudioPlayCtrl; CalendarController; CalendarEventController; CalendarTimetableController; CodeEditorController; FilePreviewerController; FileSelectController; FolderUploadController; FooterCtrl; HeaderCtrl; HeaderWarningController; InviteConfirmController,77,104,14,match-subject-info; svg-icon; vue-announcement; vue-alert-messages; notification-container; calendar-color-select; wg-calendar; material-file-select-list; question-submit-panel; ai-quiz-subjects-view; collapse-operation
https://iclass.tku.edu.tw/user/settings,200,raw/iclass.tku.edu.tw/user/settings.html,484333,iClass,user-profile,33,AudioPlayCtrl; AuthzUserRoleCtl; CalendarController; CalendarEventController; CalendarTimetableController; ChangeAvatarCtrl; ChangeBusinessPhoneCtrl; ChangeEmailCtrl; ChangeMobilePhoneCtrl; ChangeNameCtrl; ChangePasswordCtrl; CodeEditorController,77,104,15,match-subject-info; svg-icon; vue-announcement; vue-alert-messages; notification-container; calendar-color-select; wg-calendar; material-file-select-list; authz-role-permissions; question-submit-panel; ai-quiz-subjects-view; collapse-operation
https://iclass.tku.edu.tw/user/settings?bindMobile,200,raw/iclass.tku.edu.tw/user/settings__q_5fcfc32b26.html,484330,iClass,user-profile,33,AudioPlayCtrl; AuthzUserRoleCtl; CalendarController; CalendarEventController; CalendarTimetableController; ChangeAvatarCtrl; ChangeBusinessPhoneCtrl; ChangeEmailCtrl; ChangeMobilePhoneCtrl; ChangeNameCtrl; ChangePasswordCtrl; CodeEditorController,77,104,15,match-subject-info; svg-icon; vue-announcement; vue-alert-messages; notification-container; calendar-color-select; wg-calendar; material-file-select-list; authz-role-permissions; question-submit-panel; ai-quiz-subjects-view; collapse-operation
https://iclass.tku.edu.tw/user/sites-menu,200,raw/iclass.tku.edu.tw/user/sites-menu.html,454405,iClass,common,23,AudioPlayCtrl; CalendarController; CalendarEventController; CalendarTimetableController; CodeEditorController; FilePreviewerController; FileSelectController; FolderUploadController; FooterCtrl; HeaderCtrl; HeaderWarningController; InviteConfirmController,77,104,16,match-subject-info; svg-icon; vue-announcement; vue-alert-messages; notification-container; calendar-color-select; wg-calendar; material-file-select-list; question-submit-panel; ai-quiz-subjects-view; collapse-operation
https://iclass.tku.edu.tw/user/slides/,404,raw/iclass.tku.edu.tw/user/slides/index.html,454450,iClass,common,23,AudioPlayCtrl; CalendarController; CalendarEventController; CalendarTimetableController; CodeEditorController; FilePreviewerController; FileSelectController; FolderUploadController; FooterCtrl; HeaderCtrl; HeaderWarningController; InviteConfirmController,77,104,14,match-subject-info; svg-icon; vue-announcement; vue-alert-messages; notification-container; calendar-color-select; wg-calendar; material-file-select-list; question-submit-panel; ai-quiz-subjects-view; collapse-operation
https://iclass.tku.edu.tw/user/slides/avatarSmallUrl,200,raw/iclass.tku.edu.tw/user/slides/avatarSmallUrl.html,148,,,0,,1,0,0,
https://iclass.tku.edu.tw/user/slides/capture_url,200,raw/iclass.tku.edu.tw/user/slides/capture_url.html,145,,,0,,1,0,0,
https://iclass.tku.edu.tw/user/slides/lesson_resource_url,200,raw/iclass.tku.edu.tw/user/slides/lesson_resource_url.html,153,,,0,,1,0,0,
https://iclass.tku.edu.tw/user/slides/manualUrl,200,raw/iclass.tku.edu.tw/user/slides/manualUrl.html,143,,,0,,1,0,0,
https://iclass.tku.edu.tw/user/studios,404,raw/iclass.tku.edu.tw/user/studios.html,454468,iClass,common,23,AudioPlayCtrl; CalendarController; CalendarEventController; CalendarTimetableController; CodeEditorController; FilePreviewerController; FileSelectController; FolderUploadController; FooterCtrl; HeaderCtrl; HeaderWarningController; InviteConfirmController,77,104,14,match-subject-info; svg-icon; vue-announcement; vue-alert-messages; notification-container; calendar-color-select; wg-calendar; material-file-select-list; question-submit-panel; ai-quiz-subjects-view; collapse-operation
https://iclass.tku.edu.tw/user/supervision-reports,200,raw/iclass.tku.edu.tw/user/supervision-reports.html,459610,iClass,user-supervision-report,24,AudioPlayCtrl; CalendarController; CalendarEventController; CalendarTimetableController; CodeEditorController; FilePreviewerController; FileSelectController; FolderUploadController; FooterCtrl; HeaderCtrl; HeaderWarningController; InviteConfirmController,77,104,15,match-subject-info; svg-icon; vue-announcement; vue-alert-messages; notification-container; calendar-color-select; wg-calendar; material-file-select-list; question-submit-panel; ai-quiz-subjects-view; collapse-operation
https://iclass.tku.edu.tw/user/trustSrc,404,raw/iclass.tku.edu.tw/user/trustSrc.html,454470,iClass,common,23,AudioPlayCtrl; CalendarController; CalendarEventController; CalendarTimetableController; CodeEditorController; FilePreviewerController; FileSelectController; FolderUploadController; FooterCtrl; HeaderCtrl; HeaderWarningController; InviteConfirmController,77,104,14,match-subject-info; svg-icon; vue-announcement; vue-alert-messages; notification-container; calendar-color-select; wg-calendar; material-file-select-list; question-submit-panel; ai-quiz-subjects-view; collapse-operation
https://iclass.tku.edu.tw/user/vtrses,404,raw/iclass.tku.edu.tw/user/vtrses.html,454458,iClass,common,23,AudioPlayCtrl; CalendarController; CalendarEventController; CalendarTimetableController; CodeEditorController; FilePreviewerController; FileSelectController; FolderUploadController; FooterCtrl; HeaderCtrl; HeaderWarningController; InviteConfirmController,77,104,14,match-subject-info; svg-icon; vue-announcement; vue-alert-messages; notification-container; calendar-color-select; wg-calendar; material-file-select-list; question-submit-panel; ai-quiz-subjects-view; collapse-operation
https://iclass.tku.edu.tw/users,404,raw/iclass.tku.edu.tw/users.html,454456,iClass,common,23,AudioPlayCtrl; CalendarController; CalendarEventController; CalendarTimetableController; CodeEditorController; FilePreviewerController; FileSelectController; FolderUploadController; FooterCtrl; HeaderCtrl; HeaderWarningController; InviteConfirmController,77,104,14,match-subject-info; svg-icon; vue-announcement; vue-alert-messages; notification-container; calendar-color-select; wg-calendar; material-file-select-list; question-submit-panel; ai-quiz-subjects-view; collapse-operation
https://iclass.tku.edu.tw/users-avatars?type=big,404,raw/iclass.tku.edu.tw/users-avatars__q_e0722ac59b.html,454457,iClass,common,23,AudioPlayCtrl; CalendarController; CalendarEventController; CalendarTimetableController; CodeEditorController; FilePreviewerController; FileSelectController; FolderUploadController; FooterCtrl; HeaderCtrl; HeaderWarningController; InviteConfirmController,77,104,14,match-subject-info; svg-icon; vue-announcement; vue-alert-messages; notification-container; calendar-color-select; wg-calendar; material-file-select-list; question-submit-panel; ai-quiz-subjects-view; collapse-operation
https://iclass.tku.edu.tw/users-small-avatars,404,raw/iclass.tku.edu.tw/users-small-avatars.html,454469,iClass,common,23,AudioPlayCtrl; CalendarController; CalendarEventController; CalendarTimetableController; CodeEditorController; FilePreviewerController; FileSelectController; FolderUploadController; FooterCtrl; HeaderCtrl; HeaderWarningController; InviteConfirmController,77,104,14,match-subject-info; svg-icon; vue-announcement; vue-alert-messages; notification-container; calendar-color-select; wg-calendar; material-file-select-list; question-submit-panel; ai-quiz-subjects-view; collapse-operation
https://iclass.tku.edu.tw/users/,404,raw/iclass.tku.edu.tw/users/index.html,454474,iClass,common,23,AudioPlayCtrl; CalendarController; CalendarEventController; CalendarTimetableController; CodeEditorController; FilePreviewerController; FileSelectController; FolderUploadController; FooterCtrl; HeaderCtrl; HeaderWarningController; InviteConfirmController,77,104,14,match-subject-info; svg-icon; vue-announcement; vue-alert-messages; notification-container; calendar-color-select; wg-calendar; material-file-select-list; question-submit-panel; ai-quiz-subjects-view; collapse-operation
https://iclass.tku.edu.tw/users/add?keyword=,404,raw/iclass.tku.edu.tw/users/add__q_634b7b9d78.html,454458,iClass,common,23,AudioPlayCtrl; CalendarController; CalendarEventController; CalendarTimetableController; CodeEditorController; FilePreviewerController; FileSelectController; FolderUploadController; FooterCtrl; HeaderCtrl; HeaderWarningController; InviteConfirmController,77,104,14,match-subject-info; svg-icon; vue-announcement; vue-alert-messages; notification-container; calendar-color-select; wg-calendar; material-file-select-list; question-submit-panel; ai-quiz-subjects-view; collapse-operation
https://iclass.tku.edu.tw/users/avatarSmallUrl,404,raw/iclass.tku.edu.tw/users/avatarSmallUrl.html,454462,iClass,common,23,AudioPlayCtrl; CalendarController; CalendarEventController; CalendarTimetableController; CodeEditorController; FilePreviewerController; FileSelectController; FolderUploadController; FooterCtrl; HeaderCtrl; HeaderWarningController; InviteConfirmController,77,104,14,match-subject-info; svg-icon; vue-announcement; vue-alert-messages; notification-container; calendar-color-select; wg-calendar; material-file-select-list; question-submit-panel; ai-quiz-subjects-view; collapse-operation
https://iclass.tku.edu.tw/users/capture_url,404,raw/iclass.tku.edu.tw/users/capture_url.html,454462,iClass,common,23,AudioPlayCtrl; CalendarController; CalendarEventController; CalendarTimetableController; CodeEditorController; FilePreviewerController; FileSelectController; FolderUploadController; FooterCtrl; HeaderCtrl; HeaderWarningController; InviteConfirmController,77,104,14,match-subject-info; svg-icon; vue-announcement; vue-alert-messages; notification-container; calendar-color-select; wg-calendar; material-file-select-list; question-submit-panel; ai-quiz-subjects-view; collapse-operation
https://iclass.tku.edu.tw/users/edit,404,raw/iclass.tku.edu.tw/users/edit.html,454458,iClass,common,23,AudioPlayCtrl; CalendarController; CalendarEventController; CalendarTimetableController; CodeEditorController; FilePreviewerController; FileSelectController; FolderUploadController; FooterCtrl; HeaderCtrl; HeaderWarningController; InviteConfirmController,77,104,14,match-subject-info; svg-icon; vue-announcement; vue-alert-messages; notification-container; calendar-color-select; wg-calendar; material-file-select-list; question-submit-panel; ai-quiz-subjects-view; collapse-operation
https://iclass.tku.edu.tw/users/edit?userIds=,404,raw/iclass.tku.edu.tw/users/edit__q_6372a35dd8.html,454458,iClass,common,23,AudioPlayCtrl; CalendarController; CalendarEventController; CalendarTimetableController; CodeEditorController; FilePreviewerController; FileSelectController; FolderUploadController; FooterCtrl; HeaderCtrl; HeaderWarningController; InviteConfirmController,77,104,14,match-subject-info; svg-icon; vue-announcement; vue-alert-messages; notification-container; calendar-color-select; wg-calendar; material-file-select-list; question-submit-panel; ai-quiz-subjects-view; collapse-operation
https://iclass.tku.edu.tw/users/lesson_resource_url,404,raw/iclass.tku.edu.tw/users/lesson_resource_url.html,454462,iClass,common,23,AudioPlayCtrl; CalendarController; CalendarEventController; CalendarTimetableController; CodeEditorController; FilePreviewerController; FileSelectController; FolderUploadController; FooterCtrl; HeaderCtrl; HeaderWarningController; InviteConfirmController,77,104,14,match-subject-info; svg-icon; vue-announcement; vue-alert-messages; notification-container; calendar-color-select; wg-calendar; material-file-select-list; question-submit-panel; ai-quiz-subjects-view; collapse-operation
https://iclass.tku.edu.tw/users/manualUrl,404,raw/iclass.tku.edu.tw/users/manualUrl.html,454462,iClass,common,23,AudioPlayCtrl; CalendarController; CalendarEventController; CalendarTimetableController; CodeEditorController; FilePreviewerController; FileSelectController; FolderUploadController; FooterCtrl; HeaderCtrl; HeaderWarningController; InviteConfirmController,77,104,14,match-subject-info; svg-icon; vue-announcement; vue-alert-messages; notification-container; calendar-color-select; wg-calendar; material-file-select-list; question-submit-panel; ai-quiz-subjects-view; collapse-operation
https://iclass.tku.edu.tw/users/user-visits/avatarSmallUrl,404,raw/iclass.tku.edu.tw/users/user-visits/avatarSmallUrl.html,454462,iClass,common,23,AudioPlayCtrl; CalendarController; CalendarEventController; CalendarTimetableController; CodeEditorController; FilePreviewerController; FileSelectController; FolderUploadController; FooterCtrl; HeaderCtrl; HeaderWarningController; InviteConfirmController,77,104,14,match-subject-info; svg-icon; vue-announcement; vue-alert-messages; notification-container; calendar-color-select; wg-calendar; material-file-select-list; question-submit-panel; ai-quiz-subjects-view; collapse-operation
https://iclass.tku.edu.tw/users/user-visits/capture_url,404,raw/iclass.tku.edu.tw/users/user-visits/capture_url.html,454458,iClass,common,23,AudioPlayCtrl; CalendarController; CalendarEventController; CalendarTimetableController; CodeEditorController; FilePreviewerController; FileSelectController; FolderUploadController; FooterCtrl; HeaderCtrl; HeaderWarningController; InviteConfirmController,77,104,14,match-subject-info; svg-icon; vue-announcement; vue-alert-messages; notification-container; calendar-color-select; wg-calendar; material-file-select-list; question-submit-panel; ai-quiz-subjects-view; collapse-operation
https://iclass.tku.edu.tw/users/user-visits/lesson_resource_url,404,raw/iclass.tku.edu.tw/users/user-visits/lesson_resource_url.html,454462,iClass,common,23,AudioPlayCtrl; CalendarController; CalendarEventController; CalendarTimetableController; CodeEditorController; FilePreviewerController; FileSelectController; FolderUploadController; FooterCtrl; HeaderCtrl; HeaderWarningController; InviteConfirmController,77,104,14,match-subject-info; svg-icon; vue-announcement; vue-alert-messages; notification-container; calendar-color-select; wg-calendar; material-file-select-list; question-submit-panel; ai-quiz-subjects-view; collapse-operation
https://iclass.tku.edu.tw/users/user-visits/manualUrl,404,raw/iclass.tku.edu.tw/users/user-visits/manualUrl.html,454462,iClass,common,23,AudioPlayCtrl; CalendarController; CalendarEventController; CalendarTimetableController; CodeEditorController; FilePreviewerController; FileSelectController; FolderUploadController; FooterCtrl; HeaderCtrl; HeaderWarningController; InviteConfirmController,77,104,14,match-subject-info; svg-icon; vue-announcement; vue-alert-messages; notification-container; calendar-color-select; wg-calendar; material-file-select-list; question-submit-panel; ai-quiz-subjects-view; collapse-operation
https://iclass.tku.edu.tw/users/user-visits/visits?jwt=,404,raw/iclass.tku.edu.tw/users/user-visits/visits__q_a263c00919.html,454460,iClass,common,23,AudioPlayCtrl; CalendarController; CalendarEventController; CalendarTimetableController; CodeEditorController; FilePreviewerController; FileSelectController; FolderUploadController; FooterCtrl; HeaderCtrl; HeaderWarningController; InviteConfirmController,77,104,14,match-subject-info; svg-icon; vue-announcement; vue-alert-messages; notification-container; calendar-color-select; wg-calendar; material-file-select-list; question-submit-panel; ai-quiz-subjects-view; collapse-operation
https://iclass.tku.edu.tw/users/user-visits/visits?start=,404,raw/iclass.tku.edu.tw/users/user-visits/visits__q_3be9190883.html,454462,iClass,common,23,AudioPlayCtrl; CalendarController; CalendarEventController; CalendarTimetableController; CodeEditorController; FilePreviewerController; FileSelectController; FolderUploadController; FooterCtrl; HeaderCtrl; HeaderWarningController; InviteConfirmController,77,104,14,match-subject-info; svg-icon; vue-announcement; vue-alert-messages; notification-container; calendar-color-select; wg-calendar; material-file-select-list; question-submit-panel; ai-quiz-subjects-view; collapse-operation
https://iclass.tku.edu.tw/users/visits,404,raw/iclass.tku.edu.tw/users/visits.html,454461,iClass,common,23,AudioPlayCtrl; CalendarController; CalendarEventController; CalendarTimetableController; CodeEditorController; FilePreviewerController; FileSelectController; FolderUploadController; FooterCtrl; HeaderCtrl; HeaderWarningController; InviteConfirmController,77,104,14,match-subject-info; svg-icon; vue-announcement; vue-alert-messages; notification-container; calendar-color-select; wg-calendar; material-file-select-list; question-submit-panel; ai-quiz-subjects-view; collapse-operation
"https://sso.tku.edu.tw/auth/realms/TKU/protocol/openid-connect/auth?client_id=pdsiclass&response_type=code&redirect_uri=https://iclass.tku.edu.tw/login&state=L2lwb3J0YWw=&scope=openid,public_profile,email",200,raw/sso.tku.edu.tw/auth/realms/TKU/protocol/openid-connect/auth__q_38dc02d4d8.html,3350,Access Manager for e-business 登入,,0,,0,0,0,
