kind,source_path,value
feature_flag,raw/iclass.tku.edu.tw/course.html,scope-variable
feature_flag,raw/iclass.tku.edu.tw/course.html,scope-variable
feature_flag,raw/iclass.tku.edu.tw/course.html,scope-variable
feature_flag,raw/iclass.tku.edu.tw/course.html,scope-variable
feature_flag,raw/iclass.tku.edu.tw/course.html,scope-variable
feature_flag,raw/iclass.tku.edu.tw/course.html,scope-variable
feature_flag,raw/iclass.tku.edu.tw/course.html,scope-variable
feature_flag,raw/iclass.tku.edu.tw/course.html,scope-variable
feature_flag,raw/iclass.tku.edu.tw/course.html,RoleNames
feature_flag,raw/iclass.tku.edu.tw/course.html,scope
feature_flag,raw/iclass.tku.edu.tw/course.html,scope
feature_flag,raw/iclass.tku.edu.tw/course.html,scope-id
feature_flag,raw/iclass.tku.edu.tw/course.html,ScopeId
feature_flag,raw/iclass.tku.edu.tw/course.html,scope
feature_flag,raw/iclass.tku.edu.tw/course.html,scope
feature_flag,raw/iclass.tku.edu.tw/course.html,scope
feature_flag,raw/iclass.tku.edu.tw/course.html,scope
feature_flag,raw/iclass.tku.edu.tw/course.html,scope
feature_flag,raw/iclass.tku.edu.tw/course.html,scope
feature_flag,raw/iclass.tku.edu.tw/course.html,scope
feature_flag,raw/iclass.tku.edu.tw/course.html,scope-label
feature_flag,raw/iclass.tku.edu.tw/course.html,scope-choice
feature_flag,raw/iclass.tku.edu.tw/course.html,scope
feature_flag,raw/iclass.tku.edu.tw/course.html,scope
feature_flag,raw/iclass.tku.edu.tw/course.html,scope
feature_flag,raw/iclass.tku.edu.tw/course.html,scope
feature_flag,raw/iclass.tku.edu.tw/course.html,scope
feature_flag,raw/iclass.tku.edu.tw/course.html,scope
feature_flag,raw/iclass.tku.edu.tw/course.html,Scope
feature_flag,raw/iclass.tku.edu.tw/course.html,ScopeIds
feature_flag,raw/iclass.tku.edu.tw/course.html,Enable
feature_flag,raw/iclass.tku.edu.tw/course.html,Enable
feature_flag,raw/iclass.tku.edu.tw/course.html,Enable
feature_flag,raw/iclass.tku.edu.tw/course.html,Enabled
feature_flag,raw/iclass.tku.edu.tw/course.html,Enable
feature_flag,raw/iclass.tku.edu.tw/course.html,Enabled
feature_flag,raw/iclass.tku.edu.tw/course.html,Enable
feature_flag,raw/iclass.tku.edu.tw/course.html,Role
feature_flag,raw/iclass.tku.edu.tw/course.html,scope-variable
feature_flag,raw/iclass.tku.edu.tw/course.html,scope-variable
feature_flag,raw/iclass.tku.edu.tw/course.html,scope-variable
feature_flag,raw/iclass.tku.edu.tw/course.html,scope-variable
feature_flag,raw/iclass.tku.edu.tw/course.html,scope-variable
feature_flag,raw/iclass.tku.edu.tw/course.html,scope-variable
feature_flag,raw/iclass.tku.edu.tw/course.html,scope-variable
feature_flag,raw/iclass.tku.edu.tw/course.html,enableUpdateActivityDatetime
feature_flag,raw/iclass.tku.edu.tw/course.html,scope-variable
feature_flag,raw/iclass.tku.edu.tw/course.html,role:
feature_flag,raw/iclass.tku.edu.tw/course.html,Roles:
feature_flag,raw/iclass.tku.edu.tw/course.html,enableLoginCheck:
feature_flag,raw/iclass.tku.edu.tw/course.html,enableLoginRollcallCheck:
feature_flag,raw/iclass.tku.edu.tw/course.html,featureToggles
feature_flag,raw/iclass.tku.edu.tw/course.html,enableProgram
feature_flag,raw/iclass.tku.edu.tw/course.html,enableAuditorCourseRole
feature_flag,raw/iclass.tku.edu.tw/course.html,enableDingTalkChat
feature_flag,raw/iclass.tku.edu.tw/course.html,enableSobot
feature_flag,raw/iclass.tku.edu.tw/course.html,enable_howxm
feature_flag,raw/iclass.tku.edu.tw/course.html,enableTrainingLevelForAuthzRole
feature_flag,raw/iclass.tku.edu.tw/course.html,enableHomework
feature_flag,raw/iclass.tku.edu.tw/course.html,enableExam
feature_flag,raw/iclass.tku.edu.tw/course.html,enableOnlineVideo
feature_flag,raw/iclass.tku.edu.tw/course.html,enableLesson
feature_flag,raw/iclass.tku.edu.tw/course.html,enableMaterial
feature_flag,raw/iclass.tku.edu.tw/course.html,enableLink
feature_flag,raw/iclass.tku.edu.tw/course.html,enableForum
feature_flag,raw/iclass.tku.edu.tw/course.html,enableQuestionnaire
feature_flag,raw/iclass.tku.edu.tw/course.html,enableSlide
feature_flag,raw/iclass.tku.edu.tw/course.html,enableCourseSubjectLib
feature_flag,raw/iclass.tku.edu.tw/course.html,enablePlayer2
feature_flag,raw/iclass.tku.edu.tw/course.html,enableIndependentCoTeachingPermission
feature_flag,raw/iclass.tku.edu.tw/course.html,enableKnowledgeReferenceCapture
feature_flag,raw/iclass.tku.edu.tw/course.html,enableKnowledgeReferencePublicResource
feature_flag,raw/iclass.tku.edu.tw/course.html,role
feature_flag,raw/iclass.tku.edu.tw/course.html,enableRubrics
feature_flag,raw/iclass.tku.edu.tw/course.html,enableLecturerCourseRole
feature_flag,raw/iclass.tku.edu.tw/course.html,enableMyGroup
feature_flag,raw/iclass.tku.edu.tw/course.html,enableScoreItemGroup
feature_flag,raw/iclass.tku.edu.tw/course.html,enable
feature_flag,raw/iclass.tku.edu.tw/course.html,enableTextbook
feature_flag,raw/iclass.tku.edu.tw/course.html,enableOffCampusUserFlag
feature_flag,raw/iclass.tku.edu.tw/course.html,enableTencentMeetingUseUserNoAsUid
feature_flag,raw/iclass.tku.edu.tw/course.html,Enabled
feature_flag,raw/iclass.tku.edu.tw/course.html,enableAhmuGetStudentsScore
feature_flag,raw/iclass.tku.edu.tw/course.html,enabledUpdateActivityDatetime
feature_flag,raw/iclass.tku.edu.tw/course.html,enabled
feature_flag,raw/iclass.tku.edu.tw/course.html,enableChinamCloudGraph
feature_flag,raw/iclass.tku.edu.tw/course.html,enableTodayCourse
feature_flag,raw/iclass.tku.edu.tw/course.html,enableDesignatedInspectCourse
feature_flag,raw/iclass.tku.edu.tw/course.html,enableTongjiCommunityLayout
feature_flag,raw/iclass.tku.edu.tw/course.html,enableTeachingScheduleAndOthers
feature_flag,raw/iclass.tku.edu.tw/course.html,enableShowRetakeTag
feature_flag,raw/iclass.tku.edu.tw/course.html,enableHomeworkReferenceAnswer
feature_flag,raw/iclass.tku.edu.tw/course.html,enableDownloadCoursewareHelpFile
feature_flag,raw/iclass.tku.edu.tw/course.html,enableEditImportedCourseClassName
feature_flag,raw/iclass.tku.edu.tw/course.html,enable
feature_flag,raw/iclass.tku.edu.tw/course.html,enableUseCourseNewBaseInfo
feature_flag,raw/iclass.tku.edu.tw/course.html,enableFeedbackNewUi
feature_flag,raw/iclass.tku.edu.tw/course.html,enableShanghaitechMeeting
feature_flag,raw/iclass.tku.edu.tw/course.html,enableAuditJoinPublishCourse
feature_flag,raw/iclass.tku.edu.tw/course.html,enableAutoRefreshUploadStatus
feature_flag,raw/iclass.tku.edu.tw/course.html,enableCheckWpsUrlAccessibility
feature_flag,raw/iclass.tku.edu.tw/course.html,enableLamsLessonVirtualExperiment
feature_flag,raw/iclass.tku.edu.tw/course.html,enableMgsQueryCache:
feature_flag,raw/iclass.tku.edu.tw/course.html,enableIdleWarning:
feature_flag,raw/iclass.tku.edu.tw/course.html,scope
feature_flag,raw/iclass.tku.edu.tw/course.html,scope
feature_flag,raw/iclass.tku.edu.tw/course.html,scope
feature_flag,raw/iclass.tku.edu.tw/course.html,enablePreviewMode
feature_flag,raw/iclass.tku.edu.tw/course.html,scope
feature_flag,raw/iclass.tku.edu.tw/course.html,scope
feature_flag,raw/iclass.tku.edu.tw/course.html,scope
feature_flag,raw/iclass.tku.edu.tw/course.html,scope
feature_flag,raw/iclass.tku.edu.tw/course.html,scope
feature_flag,raw/iclass.tku.edu.tw/course.html,scope
feature_flag,raw/iclass.tku.edu.tw/course.html,scope
feature_flag,raw/iclass.tku.edu.tw/course.html,scope
feature_flag,raw/iclass.tku.edu.tw/course.html,scope
feature_flag,raw/iclass.tku.edu.tw/course.html,scope
feature_flag,raw/iclass.tku.edu.tw/course.html,enable-play-rate
feature_flag,raw/iclass.tku.edu.tw/course.html,enable-play-rate
feature_flag,raw/iclass.tku.edu.tw/course.html,enable_origin_text
feature_flag,raw/iclass.tku.edu.tw/course.html,enable_origin_text
feature_flag,raw/iclass.tku.edu.tw/course.html,enable_origin_text
feature_flag,raw/iclass.tku.edu.tw/course.html,enable_origin_text
feature_flag,raw/iclass.tku.edu.tw/course.html,enable_origin_text
feature_flag,raw/iclass.tku.edu.tw/course.html,enable_origin_text
feature_flag,raw/iclass.tku.edu.tw/course.html,enable_origin_text
feature_flag,raw/iclass.tku.edu.tw/course.html,enable_origin_text
feature_flag,raw/iclass.tku.edu.tw/course.html,enable_origin_text
feature_flag,raw/iclass.tku.edu.tw/course.html,scope
feature_flag,raw/iclass.tku.edu.tw/course.html,scope
feature_flag,raw/iclass.tku.edu.tw/course.html,scope
feature_flag,raw/iclass.tku.edu.tw/course.html,scope
feature_flag,raw/iclass.tku.edu.tw/course.html,scope
feature_flag,raw/iclass.tku.edu.tw/course.html,scope
feature_flag,raw/iclass.tku.edu.tw/course.html,scope
feature_flag,raw/iclass.tku.edu.tw/course.html,scope
feature_flag,raw/iclass.tku.edu.tw/course.html,scope
feature_flag,raw/iclass.tku.edu.tw/course.html,scope
feature_flag,raw/iclass.tku.edu.tw/course.html,enable-play-rate
feature_flag,raw/iclass.tku.edu.tw/course.html,enableSobot:false
feature_flag,raw/iclass.tku.edu.tw/course.html,Scope.left_times
upload_accept,raw/iclass.tku.edu.tw/course.html,uploadExtensionFormatAllowlist
upload_accept,raw/iclass.tku.edu.tw/course.html,upload_extension_format_allowlist
upload_accept,raw/iclass.tku.edu.tw/course.html,uploads
upload_accept,raw/iclass.tku.edu.tw/course.html,upload.type
upload_accept,raw/iclass.tku.edu.tw/course.html,upload.status
upload_accept,raw/iclass.tku.edu.tw/course.html,upload.isTextFile
upload_accept,raw/iclass.tku.edu.tw/course.html,upload.type
upload_accept,raw/iclass.tku.edu.tw/course.html,upload.status
upload_accept,raw/iclass.tku.edu.tw/course.html,uploading
upload_accept,raw/iclass.tku.edu.tw/course.html,upload.type
upload_accept,raw/iclass.tku.edu.tw/course.html,upload.type
upload_accept,raw/iclass.tku.edu.tw/course.html,upload.status
upload_accept,raw/iclass.tku.edu.tw/course.html,uploading
upload_accept,raw/iclass.tku.edu.tw/course.html,upload.type
upload_accept,raw/iclass.tku.edu.tw/course.html,upload.status
upload_accept,raw/iclass.tku.edu.tw/course.html,uploading
upload_accept,raw/iclass.tku.edu.tw/course.html,upload.type
upload_accept,raw/iclass.tku.edu.tw/course.html,upload.status
upload_accept,raw/iclass.tku.edu.tw/course.html,uploading
upload_accept,raw/iclass.tku.edu.tw/course.html,upload.id
upload_accept,raw/iclass.tku.edu.tw/course.html,upload.type
upload_accept,raw/iclass.tku.edu.tw/course.html,upload.isFromKnowledgeGraph
upload_accept,raw/iclass.tku.edu.tw/course.html,uploads
upload_accept,raw/iclass.tku.edu.tw/course.html,upload.id
upload_accept,raw/iclass.tku.edu.tw/course.html,upload.from_project
upload_accept,raw/iclass.tku.edu.tw/course.html,upload.allow_download
upload_accept,raw/iclass.tku.edu.tw/course.html,upload.project_id
upload_accept,raw/iclass.tku.edu.tw/course.html,upload_id
upload_accept,raw/iclass.tku.edu.tw/course.html,upload.id
upload_accept,raw/iclass.tku.edu.tw/course.html,upload.node_ids
upload_accept,raw/iclass.tku.edu.tw/course.html,upload.ref_id
upload_accept,raw/iclass.tku.edu.tw/course.html,upload.id
upload_accept,raw/iclass.tku.edu.tw/course.html,upload.type
upload_accept,raw/iclass.tku.edu.tw/course.html,upload.status
upload_accept,raw/iclass.tku.edu.tw/course.html,upload.status
upload_accept,raw/iclass.tku.edu.tw/course.html,upload.status
upload_accept,raw/iclass.tku.edu.tw/course.html,uploading
upload_accept,raw/iclass.tku.edu.tw/course.html,upload.status
upload_accept,raw/iclass.tku.edu.tw/course.html,upload.allow_download
upload_accept,raw/iclass.tku.edu.tw/course.html,upload.owner_id
upload_accept,raw/iclass.tku.edu.tw/course.html,upload.isFromKnowledgeGraph
upload_accept,raw/iclass.tku.edu.tw/course.html,upload.from_project
upload_accept,raw/iclass.tku.edu.tw/course.html,uploads
upload_accept,raw/iclass.tku.edu.tw/course.html,upload.id
upload_accept,raw/iclass.tku.edu.tw/course.html,upload
upload_accept,raw/iclass.tku.edu.tw/course.html,upload.status
upload_accept,raw/iclass.tku.edu.tw/course.html,uploading
upload_accept,raw/iclass.tku.edu.tw/course.html,upload.status
upload_accept,raw/iclass.tku.edu.tw/course.html,uploading
upload_accept,raw/iclass.tku.edu.tw/course.html,upload.status
upload_accept,raw/iclass.tku.edu.tw/course.html,uploading
upload_accept,raw/iclass.tku.edu.tw/course.html,upload.type
upload_accept,raw/iclass.tku.edu.tw/course.html,upload.type
upload_accept,raw/iclass.tku.edu.tw/course.html,upload.type
upload_accept,raw/iclass.tku.edu.tw/course.html,upload.status
upload_accept,raw/iclass.tku.edu.tw/course.html,uploading
upload_accept,raw/iclass.tku.edu.tw/course.html,upload.status
upload_accept,raw/iclass.tku.edu.tw/course.html,upload.type
upload_accept,raw/iclass.tku.edu.tw/course.html,upload.type
upload_accept,raw/iclass.tku.edu.tw/course.html,upload.type
upload_accept,raw/iclass.tku.edu.tw/course.html,upload.status
upload_accept,raw/iclass.tku.edu.tw/course.html,uploading
upload_accept,raw/iclass.tku.edu.tw/course.html,upload.type
upload_accept,raw/iclass.tku.edu.tw/course.html,upload.link.url
upload_accept,raw/iclass.tku.edu.tw/course.html,upload-wrapper
upload_accept,raw/iclass.tku.edu.tw/course.html,uploads
upload_accept,raw/iclass.tku.edu.tw/course.html,uploads
upload_accept,raw/iclass.tku.edu.tw/course.html,upload
upload_accept,raw/iclass.tku.edu.tw/course.html,uploads.length
upload_accept,raw/iclass.tku.edu.tw/course.html,upload-status
upload_accept,raw/iclass.tku.edu.tw/course.html,upload
upload_accept,raw/iclass.tku.edu.tw/course.html,uploads
upload_accept,raw/iclass.tku.edu.tw/course.html,upload
upload_accept,raw/iclass.tku.edu.tw/course.html,upload.deleted
upload_accept,raw/iclass.tku.edu.tw/course.html,upload
upload_accept,raw/iclass.tku.edu.tw/course.html,uploads:
upload_accept,raw/iclass.tku.edu.tw/course.html,uploads
upload_accept,raw/iclass.tku.edu.tw/course.html,upload
upload_accept,raw/iclass.tku.edu.tw/course.html,upload
upload_accept,raw/iclass.tku.edu.tw/course.html,upload.type
upload_accept,raw/iclass.tku.edu.tw/course.html,upload.source
upload_accept,raw/iclass.tku.edu.tw/course.html,upload.source
upload_accept,raw/iclass.tku.edu.tw/course.html,upload.name.split
upload_accept,raw/iclass.tku.edu.tw/course.html,upload.name.split
upload_accept,raw/iclass.tku.edu.tw/course.html,upload.source
upload_accept,raw/iclass.tku.edu.tw/course.html,Extension
upload_accept,raw/iclass.tku.edu.tw/course.html,upload
upload_accept,raw/iclass.tku.edu.tw/course.html,upload.name
upload_accept,raw/iclass.tku.edu.tw/course.html,upload.name
upload_accept,raw/iclass.tku.edu.tw/course.html,extension
upload_accept,raw/iclass.tku.edu.tw/course.html,upload.name
upload_accept,raw/iclass.tku.edu.tw/course.html,Extension
upload_accept,raw/iclass.tku.edu.tw/course.html,upload.type
upload_accept,raw/iclass.tku.edu.tw/course.html,upload.title
upload_accept,raw/iclass.tku.edu.tw/course.html,upload.title
upload_accept,raw/iclass.tku.edu.tw/course.html,upload.deleted
upload_accept,raw/iclass.tku.edu.tw/course.html,upload.source
upload_accept,raw/iclass.tku.edu.tw/course.html,upload.status
upload_accept,raw/iclass.tku.edu.tw/course.html,upload.status
upload_accept,raw/iclass.tku.edu.tw/course.html,upload.status
upload_accept,raw/iclass.tku.edu.tw/course.html,upload.type
upload_accept,raw/iclass.tku.edu.tw/course.html,upload.videos
upload_accept,raw/iclass.tku.edu.tw/course.html,upload.status
upload_accept,raw/iclass.tku.edu.tw/course.html,upload.deleted
upload_accept,raw/iclass.tku.edu.tw/course.html,upload
upload_accept,raw/iclass.tku.edu.tw/course.html,upload.status
upload_accept,raw/iclass.tku.edu.tw/course.html,uploadsStatus
upload_accept,raw/iclass.tku.edu.tw/course.html,upload.id
upload_accept,raw/iclass.tku.edu.tw/course.html,upload.deleted
upload_accept,raw/iclass.tku.edu.tw/course.html,upload.status
upload_accept,raw/iclass.tku.edu.tw/course.html,uploadsStatus
upload_accept,raw/iclass.tku.edu.tw/course.html,upload.id
upload_accept,raw/iclass.tku.edu.tw/course.html,upload.type
upload_accept,raw/iclass.tku.edu.tw/course.html,upload.videos
upload_accept,raw/iclass.tku.edu.tw/course.html,upload.deleted
upload_accept,raw/iclass.tku.edu.tw/course.html,upload
upload_accept,raw/iclass.tku.edu.tw/course.html,upload.deleted
upload_accept,raw/iclass.tku.edu.tw/course.html,UploadFailed
upload_accept,raw/iclass.tku.edu.tw/course.html,upload.status
upload_accept,raw/iclass.tku.edu.tw/course.html,uploadsStatus
upload_accept,raw/iclass.tku.edu.tw/course.html,upload.id
upload_accept,raw/iclass.tku.edu.tw/course.html,UploadProcessing
upload_accept,raw/iclass.tku.edu.tw/course.html,upload.status
upload_accept,raw/iclass.tku.edu.tw/course.html,uploadsStatus
upload_accept,raw/iclass.tku.edu.tw/course.html,upload.id
upload_accept,raw/iclass.tku.edu.tw/course.html,upload.type
upload_accept,raw/iclass.tku.edu.tw/course.html,upload.videos
upload_accept,raw/iclass.tku.edu.tw/course.html,FileSize
upload_accept,raw/iclass.tku.edu.tw/course.html,UploadFailed
upload_accept,raw/iclass.tku.edu.tw/course.html,UploadProcessing
upload_accept,raw/iclass.tku.edu.tw/course.html,upload.size
upload_accept,raw/iclass.tku.edu.tw/course.html,upload.source
upload_accept,raw/iclass.tku.edu.tw/course.html,upload.source
upload_accept,raw/iclass.tku.edu.tw/course.html,FileSize
upload_accept,raw/iclass.tku.edu.tw/course.html,upload.size
upload_accept,raw/iclass.tku.edu.tw/course.html,upload.source
upload_accept,raw/iclass.tku.edu.tw/course.html,FileSize
upload_accept,raw/iclass.tku.edu.tw/course.html,upload.deleted
upload_accept,raw/iclass.tku.edu.tw/course.html,UploadFailed
upload_accept,raw/iclass.tku.edu.tw/course.html,UploadProcessing
upload_accept,raw/iclass.tku.edu.tw/course.html,upload
upload_accept,raw/iclass.tku.edu.tw/course.html,upload.type
upload_accept,raw/iclass.tku.edu.tw/course.html,upload.scorm
upload_accept,raw/iclass.tku.edu.tw/course.html,upload.scorm.files_size
upload_accept,raw/iclass.tku.edu.tw/course.html,upload.type
upload_accept,raw/iclass.tku.edu.tw/course.html,upload.duration
upload_accept,raw/iclass.tku.edu.tw/course.html,upload.duration
upload_accept,raw/iclass.tku.edu.tw/course.html,upload.id
upload_accept,raw/iclass.tku.edu.tw/course.html,upload
upload_accept,raw/iclass.tku.edu.tw/course.html,upload.source
upload_accept,raw/iclass.tku.edu.tw/course.html,upload.url
upload_accept,raw/iclass.tku.edu.tw/course.html,uploads:
upload_accept,raw/iclass.tku.edu.tw/course.html,uploads
upload_accept,raw/iclass.tku.edu.tw/course.html,upload
upload_accept,raw/iclass.tku.edu.tw/course.html,upload
upload_accept,raw/iclass.tku.edu.tw/course.html,upload.source
upload_accept,raw/iclass.tku.edu.tw/course.html,upload
upload_accept,raw/iclass.tku.edu.tw/course.html,upload.deleted
upload_accept,raw/iclass.tku.edu.tw/course.html,upload
upload_accept,raw/iclass.tku.edu.tw/course.html,upload.id
upload_accept,raw/iclass.tku.edu.tw/course.html,upload.source
upload_accept,raw/iclass.tku.edu.tw/course.html,upload
upload_accept,raw/iclass.tku.edu.tw/course.html,upload.audit_status
upload_accept,raw/iclass.tku.edu.tw/course.html,upload.viewCount
upload_accept,raw/iclass.tku.edu.tw/course.html,upload
upload_accept,raw/iclass.tku.edu.tw/course.html,upload.deleted
upload_accept,raw/iclass.tku.edu.tw/course.html,upload
upload_accept,raw/iclass.tku.edu.tw/course.html,upload
upload_accept,raw/iclass.tku.edu.tw/course.html,upload.type
upload_accept,raw/iclass.tku.edu.tw/course.html,upload.source
upload_accept,raw/iclass.tku.edu.tw/course.html,upload.source
upload_accept,raw/iclass.tku.edu.tw/course.html,upload.name.split
upload_accept,raw/iclass.tku.edu.tw/course.html,upload.name.split
upload_accept,raw/iclass.tku.edu.tw/course.html,upload.source
upload_accept,raw/iclass.tku.edu.tw/course.html,Extension
upload_accept,raw/iclass.tku.edu.tw/course.html,upload
upload_accept,raw/iclass.tku.edu.tw/course.html,upload.name
upload_accept,raw/iclass.tku.edu.tw/course.html,upload.name
upload_accept,raw/iclass.tku.edu.tw/course.html,extension
upload_accept,raw/iclass.tku.edu.tw/course.html,upload.name
upload_accept,raw/iclass.tku.edu.tw/course.html,Extension
upload_accept,raw/iclass.tku.edu.tw/course.html,upload.type
upload_accept,raw/iclass.tku.edu.tw/course.html,upload.title
upload_accept,raw/iclass.tku.edu.tw/course.html,upload.title
upload_accept,raw/iclass.tku.edu.tw/course.html,upload.deleted
upload_accept,raw/iclass.tku.edu.tw/course.html,upload.source
upload_accept,raw/iclass.tku.edu.tw/course.html,upload.status
upload_accept,raw/iclass.tku.edu.tw/course.html,upload.status
upload_accept,raw/iclass.tku.edu.tw/course.html,upload.status
upload_accept,raw/iclass.tku.edu.tw/course.html,upload.type
upload_accept,raw/iclass.tku.edu.tw/course.html,upload.videos
upload_accept,raw/iclass.tku.edu.tw/course.html,upload.status
upload_accept,raw/iclass.tku.edu.tw/course.html,upload.deleted
upload_accept,raw/iclass.tku.edu.tw/course.html,upload
upload_accept,raw/iclass.tku.edu.tw/course.html,upload.status
upload_accept,raw/iclass.tku.edu.tw/course.html,uploadsStatus
upload_accept,raw/iclass.tku.edu.tw/course.html,upload.id
upload_accept,raw/iclass.tku.edu.tw/course.html,upload.deleted
upload_accept,raw/iclass.tku.edu.tw/course.html,upload.status
upload_accept,raw/iclass.tku.edu.tw/course.html,uploadsStatus
upload_accept,raw/iclass.tku.edu.tw/course.html,upload.id
upload_accept,raw/iclass.tku.edu.tw/course.html,upload.type
upload_accept,raw/iclass.tku.edu.tw/course.html,upload.videos
upload_accept,raw/iclass.tku.edu.tw/course.html,upload.deleted
upload_accept,raw/iclass.tku.edu.tw/course.html,upload
upload_accept,raw/iclass.tku.edu.tw/course.html,upload.deleted
upload_accept,raw/iclass.tku.edu.tw/course.html,UploadFailed
upload_accept,raw/iclass.tku.edu.tw/course.html,upload.status
upload_accept,raw/iclass.tku.edu.tw/course.html,uploadsStatus
upload_accept,raw/iclass.tku.edu.tw/course.html,upload.id
upload_accept,raw/iclass.tku.edu.tw/course.html,UploadProcessing
upload_accept,raw/iclass.tku.edu.tw/course.html,upload.status
upload_accept,raw/iclass.tku.edu.tw/course.html,uploadsStatus
upload_accept,raw/iclass.tku.edu.tw/course.html,upload.id
upload_accept,raw/iclass.tku.edu.tw/course.html,upload.type
upload_accept,raw/iclass.tku.edu.tw/course.html,upload.videos
upload_accept,raw/iclass.tku.edu.tw/course.html,FileSize
upload_accept,raw/iclass.tku.edu.tw/course.html,UploadFailed
upload_accept,raw/iclass.tku.edu.tw/course.html,UploadProcessing
upload_accept,raw/iclass.tku.edu.tw/course.html,upload.size
upload_accept,raw/iclass.tku.edu.tw/course.html,upload.source
upload_accept,raw/iclass.tku.edu.tw/course.html,upload.source
upload_accept,raw/iclass.tku.edu.tw/course.html,FileSize
upload_accept,raw/iclass.tku.edu.tw/course.html,upload.size
upload_accept,raw/iclass.tku.edu.tw/course.html,upload.source
upload_accept,raw/iclass.tku.edu.tw/course.html,FileSize
upload_accept,raw/iclass.tku.edu.tw/course.html,upload.deleted
upload_accept,raw/iclass.tku.edu.tw/course.html,UploadFailed
upload_accept,raw/iclass.tku.edu.tw/course.html,UploadProcessing
upload_accept,raw/iclass.tku.edu.tw/course.html,upload
upload_accept,raw/iclass.tku.edu.tw/course.html,upload.type
upload_accept,raw/iclass.tku.edu.tw/course.html,upload.scorm
upload_accept,raw/iclass.tku.edu.tw/course.html,upload.scorm.files_size
upload_accept,raw/iclass.tku.edu.tw/course.html,upload.type
upload_accept,raw/iclass.tku.edu.tw/course.html,upload.duration
upload_accept,raw/iclass.tku.edu.tw/course.html,upload.duration
upload_accept,raw/iclass.tku.edu.tw/course.html,upload.id
upload_accept,raw/iclass.tku.edu.tw/course.html,upload
upload_accept,raw/iclass.tku.edu.tw/course.html,upload.source
upload_accept,raw/iclass.tku.edu.tw/course.html,upload.url
upload_accept,raw/iclass.tku.edu.tw/course.html,uploads:
upload_accept,raw/iclass.tku.edu.tw/course.html,uploads
upload_accept,raw/iclass.tku.edu.tw/course.html,upload
upload_accept,raw/iclass.tku.edu.tw/course.html,upload
upload_accept,raw/iclass.tku.edu.tw/course.html,upload.source
upload_accept,raw/iclass.tku.edu.tw/course.html,upload
upload_accept,raw/iclass.tku.edu.tw/course.html,upload.deleted
upload_accept,raw/iclass.tku.edu.tw/course.html,upload
upload_accept,raw/iclass.tku.edu.tw/course.html,upload.id
upload_accept,raw/iclass.tku.edu.tw/course.html,upload.source
upload_accept,raw/iclass.tku.edu.tw/course.html,upload
upload_accept,raw/iclass.tku.edu.tw/course.html,upload.audit_status
upload_accept,raw/iclass.tku.edu.tw/course.html,upload.viewCount
upload_accept,raw/iclass.tku.edu.tw/course.html,uploads
upload_accept,raw/iclass.tku.edu.tw/course.html,uploads.length
upload_accept,raw/iclass.tku.edu.tw/course.html,uploads.length
upload_accept,raw/iclass.tku.edu.tw/course.html,upload-status
upload_accept,raw/iclass.tku.edu.tw/course.html,upload
upload_accept,raw/iclass.tku.edu.tw/course.html,uploads
upload_accept,raw/iclass.tku.edu.tw/course.html,upload
upload_accept,raw/iclass.tku.edu.tw/course.html,upload.deleted
upload_accept,raw/iclass.tku.edu.tw/course.html,upload
upload_accept,raw/iclass.tku.edu.tw/course.html,uploads:
upload_accept,raw/iclass.tku.edu.tw/course.html,uploads
upload_accept,raw/iclass.tku.edu.tw/course.html,upload
upload_accept,raw/iclass.tku.edu.tw/course.html,upload
upload_accept,raw/iclass.tku.edu.tw/course.html,upload.status
upload_accept,raw/iclass.tku.edu.tw/course.html,uploadsStatus
upload_accept,raw/iclass.tku.edu.tw/course.html,upload.id
upload_accept,raw/iclass.tku.edu.tw/course.html,upload.deleted
upload_accept,raw/iclass.tku.edu.tw/course.html,upload.status
upload_accept,raw/iclass.tku.edu.tw/course.html,uploadsStatus
upload_accept,raw/iclass.tku.edu.tw/course.html,upload.id
upload_accept,raw/iclass.tku.edu.tw/course.html,upload.type
upload_accept,raw/iclass.tku.edu.tw/course.html,upload.videos
upload_accept,raw/iclass.tku.edu.tw/course.html,upload.deleted
upload_accept,raw/iclass.tku.edu.tw/course.html,upload
upload_accept,raw/iclass.tku.edu.tw/course.html,upload.type
upload_accept,raw/iclass.tku.edu.tw/course.html,upload.source
upload_accept,raw/iclass.tku.edu.tw/course.html,upload.source
upload_accept,raw/iclass.tku.edu.tw/course.html,upload.name.split
upload_accept,raw/iclass.tku.edu.tw/course.html,upload.name.split
upload_accept,raw/iclass.tku.edu.tw/course.html,upload.source
upload_accept,raw/iclass.tku.edu.tw/course.html,Extension
upload_accept,raw/iclass.tku.edu.tw/course.html,upload
upload_accept,raw/iclass.tku.edu.tw/course.html,upload.name
upload_accept,raw/iclass.tku.edu.tw/course.html,upload.name
upload_accept,raw/iclass.tku.edu.tw/course.html,extension
upload_accept,raw/iclass.tku.edu.tw/course.html,upload.name
upload_accept,raw/iclass.tku.edu.tw/course.html,Extension
upload_accept,raw/iclass.tku.edu.tw/course.html,upload.type
upload_accept,raw/iclass.tku.edu.tw/course.html,upload.title
upload_accept,raw/iclass.tku.edu.tw/course.html,upload.title
upload_accept,raw/iclass.tku.edu.tw/course.html,upload.status
upload_accept,raw/iclass.tku.edu.tw/course.html,upload.status
upload_accept,raw/iclass.tku.edu.tw/course.html,upload.status
upload_accept,raw/iclass.tku.edu.tw/course.html,upload.type
upload_accept,raw/iclass.tku.edu.tw/course.html,upload.videos
upload_accept,raw/iclass.tku.edu.tw/course.html,upload.status
upload_accept,raw/iclass.tku.edu.tw/course.html,upload.deleted
upload_accept,raw/iclass.tku.edu.tw/course.html,upload
upload_accept,raw/iclass.tku.edu.tw/course.html,upload.status
upload_accept,raw/iclass.tku.edu.tw/course.html,uploadsStatus
upload_accept,raw/iclass.tku.edu.tw/course.html,upload.id
upload_accept,raw/iclass.tku.edu.tw/course.html,upload.deleted
upload_accept,raw/iclass.tku.edu.tw/course.html,upload.status
upload_accept,raw/iclass.tku.edu.tw/course.html,uploadsStatus
upload_accept,raw/iclass.tku.edu.tw/course.html,upload.id
upload_accept,raw/iclass.tku.edu.tw/course.html,upload.type
upload_accept,raw/iclass.tku.edu.tw/course.html,upload.videos
upload_accept,raw/iclass.tku.edu.tw/course.html,upload.deleted
upload_accept,raw/iclass.tku.edu.tw/course.html,upload
upload_accept,raw/iclass.tku.edu.tw/course.html,upload.deleted
upload_accept,raw/iclass.tku.edu.tw/course.html,upload.id
upload_accept,raw/iclass.tku.edu.tw/course.html,upload
upload_accept,raw/iclass.tku.edu.tw/course.html,upload.source
upload_accept,raw/iclass.tku.edu.tw/course.html,upload.url
upload_accept,raw/iclass.tku.edu.tw/course.html,uploads:
upload_accept,raw/iclass.tku.edu.tw/course.html,uploads
upload_accept,raw/iclass.tku.edu.tw/course.html,upload
upload_accept,raw/iclass.tku.edu.tw/course.html,upload
upload_accept,raw/iclass.tku.edu.tw/course.html,upload.source
upload_accept,raw/iclass.tku.edu.tw/course.html,upload
upload_accept,raw/iclass.tku.edu.tw/course.html,upload.deleted
upload_accept,raw/iclass.tku.edu.tw/course.html,upload
upload_accept,raw/iclass.tku.edu.tw/course.html,upload.id
upload_accept,raw/iclass.tku.edu.tw/course.html,upload.source
upload_accept,raw/iclass.tku.edu.tw/course.html,uploads
upload_accept,raw/iclass.tku.edu.tw/course.html,upload.reference_id
upload_accept,raw/iclass.tku.edu.tw/course.html,upload
upload_accept,raw/iclass.tku.edu.tw/course.html,upload.reference_id
upload_accept,raw/iclass.tku.edu.tw/course.html,upload.deleted
upload_accept,raw/iclass.tku.edu.tw/course.html,upload.allow_download
upload_accept,raw/iclass.tku.edu.tw/course.html,upload
upload_accept,raw/iclass.tku.edu.tw/course.html,uploads
upload_accept,raw/iclass.tku.edu.tw/course.html,upload.id
upload_accept,raw/iclass.tku.edu.tw/course.html,upload
upload_accept,raw/iclass.tku.edu.tw/course.html,upload.reference_id
upload_accept,raw/iclass.tku.edu.tw/course.html,upload.deleted
upload_accept,raw/iclass.tku.edu.tw/course.html,upload.allow_download
upload_accept,raw/iclass.tku.edu.tw/course.html,upload.source
upload_accept,raw/iclass.tku.edu.tw/course.html,upload
upload_accept,raw/iclass.tku.edu.tw/course.html,upload.url
upload_accept,raw/iclass.tku.edu.tw/course.html,upload
upload_accept,raw/iclass.tku.edu.tw/course.html,upload.source
upload_accept,raw/iclass.tku.edu.tw/course.html,upload.source
upload_accept,raw/iclass.tku.edu.tw/course.html,upload.reference_id
upload_accept,raw/iclass.tku.edu.tw/course.html,upload.deleted
upload_accept,raw/iclass.tku.edu.tw/course.html,upload.allow_download
upload_accept,raw/iclass.tku.edu.tw/course.html,upload
upload_accept,raw/iclass.tku.edu.tw/course.html,uploads
upload_accept,raw/iclass.tku.edu.tw/course.html,upload.id
upload_accept,raw/iclass.tku.edu.tw/course.html,upload
upload_accept,raw/iclass.tku.edu.tw/course.html,upload.reference_id
upload_accept,raw/iclass.tku.edu.tw/course.html,upload.deleted
upload_accept,raw/iclass.tku.edu.tw/course.html,upload.allow_download
upload_accept,raw/iclass.tku.edu.tw/course.html,upload.source
upload_accept,raw/iclass.tku.edu.tw/course.html,upload
upload_accept,raw/iclass.tku.edu.tw/course.html,upload.fileid
upload_accept,raw/iclass.tku.edu.tw/course.html,upload.deleted
upload_accept,raw/iclass.tku.edu.tw/course.html,upload.allow_download
upload_accept,raw/iclass.tku.edu.tw/course.html,upload.source
upload_accept,raw/iclass.tku.edu.tw/course.html,upload
upload_accept,raw/iclass.tku.edu.tw/course.html,upload.status
upload_accept,raw/iclass.tku.edu.tw/course.html,uploadsStatus
upload_accept,raw/iclass.tku.edu.tw/course.html,upload.id
upload_accept,raw/iclass.tku.edu.tw/course.html,upload.deleted
upload_accept,raw/iclass.tku.edu.tw/course.html,upload.status
upload_accept,raw/iclass.tku.edu.tw/course.html,uploadsStatus
upload_accept,raw/iclass.tku.edu.tw/course.html,upload.id
upload_accept,raw/iclass.tku.edu.tw/course.html,upload.type
upload_accept,raw/iclass.tku.edu.tw/course.html,upload.videos
upload_accept,raw/iclass.tku.edu.tw/course.html,upload.deleted
upload_accept,raw/iclass.tku.edu.tw/course.html,upload
upload_accept,raw/iclass.tku.edu.tw/course.html,upload.type
upload_accept,raw/iclass.tku.edu.tw/course.html,upload.source
upload_accept,raw/iclass.tku.edu.tw/course.html,upload.source
upload_accept,raw/iclass.tku.edu.tw/course.html,upload.name.split
upload_accept,raw/iclass.tku.edu.tw/course.html,upload.name.split
upload_accept,raw/iclass.tku.edu.tw/course.html,upload.source
upload_accept,raw/iclass.tku.edu.tw/course.html,Extension
upload_accept,raw/iclass.tku.edu.tw/course.html,upload
upload_accept,raw/iclass.tku.edu.tw/course.html,upload.name
upload_accept,raw/iclass.tku.edu.tw/course.html,upload.name
upload_accept,raw/iclass.tku.edu.tw/course.html,extension
upload_accept,raw/iclass.tku.edu.tw/course.html,upload.name
upload_accept,raw/iclass.tku.edu.tw/course.html,Extension
upload_accept,raw/iclass.tku.edu.tw/course.html,upload.type
upload_accept,raw/iclass.tku.edu.tw/course.html,upload.title
upload_accept,raw/iclass.tku.edu.tw/course.html,upload.title
upload_accept,raw/iclass.tku.edu.tw/course.html,upload.deleted
upload_accept,raw/iclass.tku.edu.tw/course.html,upload.source
upload_accept,raw/iclass.tku.edu.tw/course.html,upload.status
upload_accept,raw/iclass.tku.edu.tw/course.html,upload.status
upload_accept,raw/iclass.tku.edu.tw/course.html,upload.status
upload_accept,raw/iclass.tku.edu.tw/course.html,upload.type
upload_accept,raw/iclass.tku.edu.tw/course.html,upload.videos
upload_accept,raw/iclass.tku.edu.tw/course.html,upload.status
upload_accept,raw/iclass.tku.edu.tw/course.html,upload.deleted
upload_accept,raw/iclass.tku.edu.tw/course.html,upload
upload_accept,raw/iclass.tku.edu.tw/course.html,upload.status
upload_accept,raw/iclass.tku.edu.tw/course.html,uploadsStatus
upload_accept,raw/iclass.tku.edu.tw/course.html,upload.id
upload_accept,raw/iclass.tku.edu.tw/course.html,upload.deleted
upload_accept,raw/iclass.tku.edu.tw/course.html,upload.status
upload_accept,raw/iclass.tku.edu.tw/course.html,uploadsStatus
upload_accept,raw/iclass.tku.edu.tw/course.html,upload.id
upload_accept,raw/iclass.tku.edu.tw/course.html,upload.type
upload_accept,raw/iclass.tku.edu.tw/course.html,upload.videos
upload_accept,raw/iclass.tku.edu.tw/course.html,upload.deleted
upload_accept,raw/iclass.tku.edu.tw/course.html,upload
upload_accept,raw/iclass.tku.edu.tw/course.html,upload.deleted
upload_accept,raw/iclass.tku.edu.tw/course.html,UploadFailed
upload_accept,raw/iclass.tku.edu.tw/course.html,upload.status
upload_accept,raw/iclass.tku.edu.tw/course.html,uploadsStatus
upload_accept,raw/iclass.tku.edu.tw/course.html,upload.id
upload_accept,raw/iclass.tku.edu.tw/course.html,UploadProcessing
upload_accept,raw/iclass.tku.edu.tw/course.html,upload.status
upload_accept,raw/iclass.tku.edu.tw/course.html,uploadsStatus
upload_accept,raw/iclass.tku.edu.tw/course.html,upload.id
upload_accept,raw/iclass.tku.edu.tw/course.html,upload.type
upload_accept,raw/iclass.tku.edu.tw/course.html,upload.videos
upload_accept,raw/iclass.tku.edu.tw/course.html,FileSize
upload_accept,raw/iclass.tku.edu.tw/course.html,UploadFailed
upload_accept,raw/iclass.tku.edu.tw/course.html,UploadProcessing
upload_accept,raw/iclass.tku.edu.tw/course.html,upload.size
upload_accept,raw/iclass.tku.edu.tw/course.html,upload.source
upload_accept,raw/iclass.tku.edu.tw/course.html,upload.source
upload_accept,raw/iclass.tku.edu.tw/course.html,FileSize
upload_accept,raw/iclass.tku.edu.tw/course.html,upload.size
upload_accept,raw/iclass.tku.edu.tw/course.html,upload.source
upload_accept,raw/iclass.tku.edu.tw/course.html,FileSize
upload_accept,raw/iclass.tku.edu.tw/course.html,upload.deleted
upload_accept,raw/iclass.tku.edu.tw/course.html,UploadFailed
upload_accept,raw/iclass.tku.edu.tw/course.html,UploadProcessing
upload_accept,raw/iclass.tku.edu.tw/course.html,upload
upload_accept,raw/iclass.tku.edu.tw/course.html,upload.type
upload_accept,raw/iclass.tku.edu.tw/course.html,upload.scorm
upload_accept,raw/iclass.tku.edu.tw/course.html,upload.scorm.files_size
upload_accept,raw/iclass.tku.edu.tw/course.html,upload.type
upload_accept,raw/iclass.tku.edu.tw/course.html,upload.duration
upload_accept,raw/iclass.tku.edu.tw/course.html,upload.duration
upload_accept,raw/iclass.tku.edu.tw/course.html,upload.id
upload_accept,raw/iclass.tku.edu.tw/course.html,upload
upload_accept,raw/iclass.tku.edu.tw/course.html,upload.source
upload_accept,raw/iclass.tku.edu.tw/course.html,upload.url
upload_accept,raw/iclass.tku.edu.tw/course.html,uploads:
upload_accept,raw/iclass.tku.edu.tw/course.html,uploads
upload_accept,raw/iclass.tku.edu.tw/course.html,upload
upload_accept,raw/iclass.tku.edu.tw/course.html,upload
upload_accept,raw/iclass.tku.edu.tw/course.html,upload.source
upload_accept,raw/iclass.tku.edu.tw/course.html,upload
upload_accept,raw/iclass.tku.edu.tw/course.html,upload.deleted
upload_accept,raw/iclass.tku.edu.tw/course.html,upload
upload_accept,raw/iclass.tku.edu.tw/course.html,upload.id
upload_accept,raw/iclass.tku.edu.tw/course.html,upload.source
upload_accept,raw/iclass.tku.edu.tw/course.html,uploads
upload_accept,raw/iclass.tku.edu.tw/course.html,upload.reference_id
upload_accept,raw/iclass.tku.edu.tw/course.html,upload
upload_accept,raw/iclass.tku.edu.tw/course.html,upload.reference_id
upload_accept,raw/iclass.tku.edu.tw/course.html,upload.deleted
upload_accept,raw/iclass.tku.edu.tw/course.html,upload.allow_download
upload_accept,raw/iclass.tku.edu.tw/course.html,upload
upload_accept,raw/iclass.tku.edu.tw/course.html,uploads
upload_accept,raw/iclass.tku.edu.tw/course.html,upload.id
upload_accept,raw/iclass.tku.edu.tw/course.html,upload
upload_accept,raw/iclass.tku.edu.tw/course.html,upload.reference_id
upload_accept,raw/iclass.tku.edu.tw/course.html,upload.deleted
upload_accept,raw/iclass.tku.edu.tw/course.html,upload.allow_download
upload_accept,raw/iclass.tku.edu.tw/course.html,upload.source
upload_accept,raw/iclass.tku.edu.tw/course.html,upload
upload_accept,raw/iclass.tku.edu.tw/course.html,upload.url
upload_accept,raw/iclass.tku.edu.tw/course.html,upload
upload_accept,raw/iclass.tku.edu.tw/course.html,upload.source
upload_accept,raw/iclass.tku.edu.tw/course.html,upload.source
upload_accept,raw/iclass.tku.edu.tw/course.html,upload.reference_id
upload_accept,raw/iclass.tku.edu.tw/course.html,upload.deleted
upload_accept,raw/iclass.tku.edu.tw/course.html,upload.allow_download
upload_accept,raw/iclass.tku.edu.tw/course.html,upload
upload_accept,raw/iclass.tku.edu.tw/course.html,uploads
upload_accept,raw/iclass.tku.edu.tw/course.html,upload.id
upload_accept,raw/iclass.tku.edu.tw/course.html,upload
upload_accept,raw/iclass.tku.edu.tw/course.html,upload.reference_id
upload_accept,raw/iclass.tku.edu.tw/course.html,upload.deleted
upload_accept,raw/iclass.tku.edu.tw/course.html,upload.allow_download
upload_accept,raw/iclass.tku.edu.tw/course.html,upload.source
upload_accept,raw/iclass.tku.edu.tw/course.html,upload
upload_accept,raw/iclass.tku.edu.tw/course.html,upload.fileid
upload_accept,raw/iclass.tku.edu.tw/course.html,upload.deleted
upload_accept,raw/iclass.tku.edu.tw/course.html,upload.allow_download
upload_accept,raw/iclass.tku.edu.tw/course.html,upload.source
upload_accept,raw/iclass.tku.edu.tw/course.html,upload
upload_accept,raw/iclass.tku.edu.tw/course.html,upload
upload_accept,raw/iclass.tku.edu.tw/course.html,upload.deleted
upload_accept,raw/iclass.tku.edu.tw/course.html,upload
upload_accept,raw/iclass.tku.edu.tw/course.html,upload
upload_accept,raw/iclass.tku.edu.tw/course.html,upload.type
upload_accept,raw/iclass.tku.edu.tw/course.html,upload.source
upload_accept,raw/iclass.tku.edu.tw/course.html,upload.source
upload_accept,raw/iclass.tku.edu.tw/course.html,upload.name.split
upload_accept,raw/iclass.tku.edu.tw/course.html,upload.name.split
upload_accept,raw/iclass.tku.edu.tw/course.html,upload.source
upload_accept,raw/iclass.tku.edu.tw/course.html,Extension
upload_accept,raw/iclass.tku.edu.tw/course.html,upload
upload_accept,raw/iclass.tku.edu.tw/course.html,upload.name
upload_accept,raw/iclass.tku.edu.tw/course.html,upload.name
upload_accept,raw/iclass.tku.edu.tw/course.html,extension
upload_accept,raw/iclass.tku.edu.tw/course.html,upload.name
upload_accept,raw/iclass.tku.edu.tw/course.html,Extension
upload_accept,raw/iclass.tku.edu.tw/course.html,upload.type
upload_accept,raw/iclass.tku.edu.tw/course.html,upload.title
upload_accept,raw/iclass.tku.edu.tw/course.html,upload.title
upload_accept,raw/iclass.tku.edu.tw/course.html,upload.deleted
upload_accept,raw/iclass.tku.edu.tw/course.html,upload.source
upload_accept,raw/iclass.tku.edu.tw/course.html,upload.status
upload_accept,raw/iclass.tku.edu.tw/course.html,upload.status
upload_accept,raw/iclass.tku.edu.tw/course.html,upload.status
upload_accept,raw/iclass.tku.edu.tw/course.html,upload.type
upload_accept,raw/iclass.tku.edu.tw/course.html,upload.videos
upload_accept,raw/iclass.tku.edu.tw/course.html,upload.status
upload_accept,raw/iclass.tku.edu.tw/course.html,upload.deleted
upload_accept,raw/iclass.tku.edu.tw/course.html,upload
upload_accept,raw/iclass.tku.edu.tw/course.html,upload.status
upload_accept,raw/iclass.tku.edu.tw/course.html,uploadsStatus
upload_accept,raw/iclass.tku.edu.tw/course.html,upload.id
upload_accept,raw/iclass.tku.edu.tw/course.html,upload.deleted
upload_accept,raw/iclass.tku.edu.tw/course.html,upload.status
upload_accept,raw/iclass.tku.edu.tw/course.html,uploadsStatus
upload_accept,raw/iclass.tku.edu.tw/course.html,upload.id
upload_accept,raw/iclass.tku.edu.tw/course.html,upload.type
upload_accept,raw/iclass.tku.edu.tw/course.html,upload.videos
upload_accept,raw/iclass.tku.edu.tw/course.html,upload.deleted
upload_accept,raw/iclass.tku.edu.tw/course.html,upload
upload_accept,raw/iclass.tku.edu.tw/course.html,upload.deleted
upload_accept,raw/iclass.tku.edu.tw/course.html,UploadFailed
upload_accept,raw/iclass.tku.edu.tw/course.html,upload.status
upload_accept,raw/iclass.tku.edu.tw/course.html,uploadsStatus
upload_accept,raw/iclass.tku.edu.tw/course.html,upload.id
upload_accept,raw/iclass.tku.edu.tw/course.html,UploadProcessing
upload_accept,raw/iclass.tku.edu.tw/course.html,upload.status
upload_accept,raw/iclass.tku.edu.tw/course.html,uploadsStatus
upload_accept,raw/iclass.tku.edu.tw/course.html,upload.id
upload_accept,raw/iclass.tku.edu.tw/course.html,upload.type
upload_accept,raw/iclass.tku.edu.tw/course.html,upload.videos
upload_accept,raw/iclass.tku.edu.tw/course.html,FileSize
upload_accept,raw/iclass.tku.edu.tw/course.html,UploadFailed
upload_accept,raw/iclass.tku.edu.tw/course.html,UploadProcessing
upload_accept,raw/iclass.tku.edu.tw/course.html,upload.size
upload_accept,raw/iclass.tku.edu.tw/course.html,upload.source
upload_accept,raw/iclass.tku.edu.tw/course.html,upload.source
upload_accept,raw/iclass.tku.edu.tw/course.html,FileSize
upload_accept,raw/iclass.tku.edu.tw/course.html,upload.size
upload_accept,raw/iclass.tku.edu.tw/course.html,upload.source
upload_accept,raw/iclass.tku.edu.tw/course.html,FileSize
upload_accept,raw/iclass.tku.edu.tw/course.html,upload.deleted
upload_accept,raw/iclass.tku.edu.tw/course.html,UploadFailed
upload_accept,raw/iclass.tku.edu.tw/course.html,UploadProcessing
upload_accept,raw/iclass.tku.edu.tw/course.html,upload
upload_accept,raw/iclass.tku.edu.tw/course.html,upload.type
upload_accept,raw/iclass.tku.edu.tw/course.html,upload.scorm
upload_accept,raw/iclass.tku.edu.tw/course.html,upload.scorm.files_size
upload_accept,raw/iclass.tku.edu.tw/course.html,upload.type
upload_accept,raw/iclass.tku.edu.tw/course.html,upload.duration
upload_accept,raw/iclass.tku.edu.tw/course.html,upload.duration
upload_accept,raw/iclass.tku.edu.tw/course.html,upload.id
upload_accept,raw/iclass.tku.edu.tw/course.html,upload
upload_accept,raw/iclass.tku.edu.tw/course.html,upload.source
upload_accept,raw/iclass.tku.edu.tw/course.html,upload.url
upload_accept,raw/iclass.tku.edu.tw/course.html,uploads:
upload_accept,raw/iclass.tku.edu.tw/course.html,uploads
upload_accept,raw/iclass.tku.edu.tw/course.html,upload
upload_accept,raw/iclass.tku.edu.tw/course.html,upload
upload_accept,raw/iclass.tku.edu.tw/course.html,upload.source
upload_accept,raw/iclass.tku.edu.tw/course.html,upload
upload_accept,raw/iclass.tku.edu.tw/course.html,upload.deleted
upload_accept,raw/iclass.tku.edu.tw/course.html,upload
upload_accept,raw/iclass.tku.edu.tw/course.html,upload.id
upload_accept,raw/iclass.tku.edu.tw/course.html,upload.source
upload_accept,raw/iclass.tku.edu.tw/course.html,uploads
upload_accept,raw/iclass.tku.edu.tw/course.html,upload.reference_id
upload_accept,raw/iclass.tku.edu.tw/course.html,upload
upload_accept,raw/iclass.tku.edu.tw/course.html,upload.reference_id
upload_accept,raw/iclass.tku.edu.tw/course.html,upload.deleted
upload_accept,raw/iclass.tku.edu.tw/course.html,upload.allow_download
upload_accept,raw/iclass.tku.edu.tw/course.html,upload
upload_accept,raw/iclass.tku.edu.tw/course.html,uploads
upload_accept,raw/iclass.tku.edu.tw/course.html,upload.id
upload_accept,raw/iclass.tku.edu.tw/course.html,upload
upload_accept,raw/iclass.tku.edu.tw/course.html,upload.reference_id
upload_accept,raw/iclass.tku.edu.tw/course.html,upload.deleted
upload_accept,raw/iclass.tku.edu.tw/course.html,upload.allow_download
upload_accept,raw/iclass.tku.edu.tw/course.html,upload.source
upload_accept,raw/iclass.tku.edu.tw/course.html,upload
upload_accept,raw/iclass.tku.edu.tw/course.html,upload.url
upload_accept,raw/iclass.tku.edu.tw/course.html,upload
upload_accept,raw/iclass.tku.edu.tw/course.html,upload.source
upload_accept,raw/iclass.tku.edu.tw/course.html,upload.source
upload_accept,raw/iclass.tku.edu.tw/course.html,upload.reference_id
upload_accept,raw/iclass.tku.edu.tw/course.html,upload.deleted
upload_accept,raw/iclass.tku.edu.tw/course.html,upload.allow_download
upload_accept,raw/iclass.tku.edu.tw/course.html,upload
upload_accept,raw/iclass.tku.edu.tw/course.html,uploads
upload_accept,raw/iclass.tku.edu.tw/course.html,upload.id
upload_accept,raw/iclass.tku.edu.tw/course.html,upload
upload_accept,raw/iclass.tku.edu.tw/course.html,upload.reference_id
upload_accept,raw/iclass.tku.edu.tw/course.html,upload.deleted
upload_accept,raw/iclass.tku.edu.tw/course.html,upload.allow_download
upload_accept,raw/iclass.tku.edu.tw/course.html,upload.source
upload_accept,raw/iclass.tku.edu.tw/course.html,upload
upload_accept,raw/iclass.tku.edu.tw/course.html,upload.fileid
upload_accept,raw/iclass.tku.edu.tw/course.html,upload.deleted
upload_accept,raw/iclass.tku.edu.tw/course.html,upload.allow_download
upload_accept,raw/iclass.tku.edu.tw/course.html,upload.source
upload_accept,raw/iclass.tku.edu.tw/course.html,upload
upload_accept,raw/iclass.tku.edu.tw/course.html,uploadZeroSizeFileErrorMessage
upload_accept,raw/iclass.tku.edu.tw/course.html,uploadSizeLimitErrorMessage
upload_accept,raw/iclass.tku.edu.tw/course.html,uploadFileFormatLimitErrorMessage
upload_accept,raw/iclass.tku.edu.tw/course.html,UploadFile
upload_accept,raw/iclass.tku.edu.tw/course.html,UploadSize
upload_accept,raw/iclass.tku.edu.tw/course.html,ExtensionCheckEnable
upload_accept,raw/iclass.tku.edu.tw/course.html,UploadController
upload_accept,raw/iclass.tku.edu.tw/course.html,upload-confirmation-popup
upload_accept,raw/iclass.tku.edu.tw/course.html,upload-confirmation-popup
upload_accept,raw/iclass.tku.edu.tw/course.html,upload-confirmation-popup
upload_accept,raw/iclass.tku.edu.tw/course.html,upload-confirmation-popup
upload_accept,raw/iclass.tku.edu.tw/course.html,upload-area
upload_accept,raw/iclass.tku.edu.tw/course.html,UploadEnabled
upload_accept,raw/iclass.tku.edu.tw/course.html,Upload
upload_accept,raw/iclass.tku.edu.tw/course.html,UploadFile
upload_accept,raw/iclass.tku.edu.tw/course.html,ExtensionCheckEnable
upload_accept,raw/iclass.tku.edu.tw/course.html,upload-gray
upload_accept,raw/iclass.tku.edu.tw/course.html,UploadSize
upload_accept,raw/iclass.tku.edu.tw/course.html,UploadSize
upload_accept,raw/iclass.tku.edu.tw/course.html,UploadSize
upload_accept,raw/iclass.tku.edu.tw/course.html,UploadSize
upload_accept,raw/iclass.tku.edu.tw/course.html,UploadSize
upload_accept,raw/iclass.tku.edu.tw/course.html,UploadSize
upload_accept,raw/iclass.tku.edu.tw/course.html,upload-gray
upload_accept,raw/iclass.tku.edu.tw/course.html,UploadSize
upload_accept,raw/iclass.tku.edu.tw/course.html,upload-gray
upload_accept,raw/iclass.tku.edu.tw/course.html,UploadSize
upload_accept,raw/iclass.tku.edu.tw/course.html,upload-area
upload_accept,raw/iclass.tku.edu.tw/course.html,UploadEnabled
upload_accept,raw/iclass.tku.edu.tw/course.html,Upload
upload_accept,raw/iclass.tku.edu.tw/course.html,upload-types
upload_accept,raw/iclass.tku.edu.tw/course.html,upload-local
upload_accept,raw/iclass.tku.edu.tw/course.html,upload-select-area
upload_accept,raw/iclass.tku.edu.tw/course.html,UploadList
upload_accept,raw/iclass.tku.edu.tw/course.html,UploadList
upload_accept,raw/iclass.tku.edu.tw/course.html,upload-alt
upload_accept,raw/iclass.tku.edu.tw/course.html,UploadOptions
upload_accept,raw/iclass.tku.edu.tw/course.html,UploadList
upload_accept,raw/iclass.tku.edu.tw/course.html,UploadList
upload_accept,raw/iclass.tku.edu.tw/course.html,upload-client
upload_accept,raw/iclass.tku.edu.tw/course.html,UploadFile
upload_accept,raw/iclass.tku.edu.tw/course.html,ExtensionCheckEnable
upload_accept,raw/iclass.tku.edu.tw/course.html,upload-gray
upload_accept,raw/iclass.tku.edu.tw/course.html,UploadSize
upload_accept,raw/iclass.tku.edu.tw/course.html,UploadSize
upload_accept,raw/iclass.tku.edu.tw/course.html,UploadSize
upload_accept,raw/iclass.tku.edu.tw/course.html,UploadSize
upload_accept,raw/iclass.tku.edu.tw/course.html,UploadSize
upload_accept,raw/iclass.tku.edu.tw/course.html,UploadSize
upload_accept,raw/iclass.tku.edu.tw/course.html,upload-gray
upload_accept,raw/iclass.tku.edu.tw/course.html,UploadSize
upload_accept,raw/iclass.tku.edu.tw/course.html,upload-gray
upload_accept,raw/iclass.tku.edu.tw/course.html,UploadSize
upload_accept,raw/iclass.tku.edu.tw/course.html,upload-content
upload_accept,raw/iclass.tku.edu.tw/course.html,upload-content
upload_accept,raw/iclass.tku.edu.tw/course.html,upload
upload_accept,raw/iclass.tku.edu.tw/course.html,upload.is_folder
upload_accept,raw/iclass.tku.edu.tw/course.html,upload.selectable
upload_accept,raw/iclass.tku.edu.tw/course.html,UploadClick
upload_accept,raw/iclass.tku.edu.tw/course.html,upload
upload_accept,raw/iclass.tku.edu.tw/course.html,UploadClick
upload_accept,raw/iclass.tku.edu.tw/course.html,upload
upload_accept,raw/iclass.tku.edu.tw/course.html,upload.selected
upload_accept,raw/iclass.tku.edu.tw/course.html,upload.failed
upload_accept,raw/iclass.tku.edu.tw/course.html,upload.failedWithAMessage
upload_accept,raw/iclass.tku.edu.tw/course.html,upload.selectable
upload_accept,raw/iclass.tku.edu.tw/course.html,upload.id
upload_accept,raw/iclass.tku.edu.tw/course.html,upload
upload_accept,raw/iclass.tku.edu.tw/course.html,upload
upload_accept,raw/iclass.tku.edu.tw/course.html,Upload
upload_accept,raw/iclass.tku.edu.tw/course.html,upload.failed
upload_accept,raw/iclass.tku.edu.tw/course.html,upload.failedWithAMessage
upload_accept,raw/iclass.tku.edu.tw/course.html,upload.selectable
upload_accept,raw/iclass.tku.edu.tw/course.html,upload.id
upload_accept,raw/iclass.tku.edu.tw/course.html,Extension
upload_accept,raw/iclass.tku.edu.tw/course.html,upload
upload_accept,raw/iclass.tku.edu.tw/course.html,upload
upload_accept,raw/iclass.tku.edu.tw/course.html,upload.name
upload_accept,raw/iclass.tku.edu.tw/course.html,upload.name
upload_accept,raw/iclass.tku.edu.tw/course.html,upload.created_at
upload_accept,raw/iclass.tku.edu.tw/course.html,upload.size
upload_accept,raw/iclass.tku.edu.tw/course.html,upload.size
upload_accept,raw/iclass.tku.edu.tw/course.html,upload.size
upload_accept,raw/iclass.tku.edu.tw/course.html,upload.failed
upload_accept,raw/iclass.tku.edu.tw/course.html,upload.failedWithAMessage
upload_accept,raw/iclass.tku.edu.tw/course.html,upload.is_upload_folder
upload_accept,raw/iclass.tku.edu.tw/course.html,upload.failed
upload_accept,raw/iclass.tku.edu.tw/course.html,upload.failedWithAMessage
upload_accept,raw/iclass.tku.edu.tw/course.html,upload.progress
upload_accept,raw/iclass.tku.edu.tw/course.html,upload.progress
upload_accept,raw/iclass.tku.edu.tw/course.html,upload.progress
upload_accept,raw/iclass.tku.edu.tw/course.html,upload.is_upload_folder
upload_accept,raw/iclass.tku.edu.tw/course.html,upload.progressing
upload_accept,raw/iclass.tku.edu.tw/course.html,upload.progress
upload_accept,raw/iclass.tku.edu.tw/course.html,upload.progress
upload_accept,raw/iclass.tku.edu.tw/course.html,upload.finishedCount
upload_accept,raw/iclass.tku.edu.tw/course.html,upload.filesCount
upload_accept,raw/iclass.tku.edu.tw/course.html,upload.is_upload_folder
upload_accept,raw/iclass.tku.edu.tw/course.html,upload.failed
upload_accept,raw/iclass.tku.edu.tw/course.html,upload.failedWithAMessage
upload_accept,raw/iclass.tku.edu.tw/course.html,upload-failed
upload_accept,raw/iclass.tku.edu.tw/course.html,upload.failed
upload_accept,raw/iclass.tku.edu.tw/course.html,upload.failedWithAMessage
upload_accept,raw/iclass.tku.edu.tw/course.html,upload.failedMessage
upload_accept,raw/iclass.tku.edu.tw/course.html,upload.is_upload_folder
upload_accept,raw/iclass.tku.edu.tw/course.html,upload.progressing
upload_accept,raw/iclass.tku.edu.tw/course.html,upload.failed
upload_accept,raw/iclass.tku.edu.tw/course.html,upload.failedFiles.length
upload_accept,raw/iclass.tku.edu.tw/course.html,upload-failed-warning-area
upload_accept,raw/iclass.tku.edu.tw/course.html,upload-failed-warning
upload_accept,raw/iclass.tku.edu.tw/course.html,upload
upload_accept,raw/iclass.tku.edu.tw/course.html,upload.failed
upload_accept,raw/iclass.tku.edu.tw/course.html,upload-failed-warning-area
upload_accept,raw/iclass.tku.edu.tw/course.html,upload-failed-warning
upload_accept,raw/iclass.tku.edu.tw/course.html,upload.id
upload_accept,raw/iclass.tku.edu.tw/course.html,upload-failed
upload_accept,raw/iclass.tku.edu.tw/course.html,upload.id
upload_accept,raw/iclass.tku.edu.tw/course.html,upload.speed
upload_accept,raw/iclass.tku.edu.tw/course.html,upload.speed
upload_accept,raw/iclass.tku.edu.tw/course.html,upload.speed
upload_accept,raw/iclass.tku.edu.tw/course.html,upload-buttons
upload_accept,raw/iclass.tku.edu.tw/course.html,upload-button
upload_accept,raw/iclass.tku.edu.tw/course.html,UploadingUpload
upload_accept,raw/iclass.tku.edu.tw/course.html,upload
upload_accept,raw/iclass.tku.edu.tw/course.html,upload.is_upload_folder
upload_accept,raw/iclass.tku.edu.tw/course.html,upload.failed
upload_accept,raw/iclass.tku.edu.tw/course.html,upload.finished
upload_accept,raw/iclass.tku.edu.tw/course.html,upload.finished
upload_accept,raw/iclass.tku.edu.tw/course.html,upload.is_folder
upload_accept,raw/iclass.tku.edu.tw/course.html,UploadClick
upload_accept,raw/iclass.tku.edu.tw/course.html,upload
upload_accept,raw/iclass.tku.edu.tw/course.html,upload.selected
upload_accept,raw/iclass.tku.edu.tw/course.html,upload.failed
upload_accept,raw/iclass.tku.edu.tw/course.html,upload.failedWithAMessage
upload_accept,raw/iclass.tku.edu.tw/course.html,upload.selectable
upload_accept,raw/iclass.tku.edu.tw/course.html,upload.id
upload_accept,raw/iclass.tku.edu.tw/course.html,upload
upload_accept,raw/iclass.tku.edu.tw/course.html,upload
upload_accept,raw/iclass.tku.edu.tw/course.html,Upload
upload_accept,raw/iclass.tku.edu.tw/course.html,upload.failed
upload_accept,raw/iclass.tku.edu.tw/course.html,upload.failedWithAMessage
upload_accept,raw/iclass.tku.edu.tw/course.html,upload.selectable
upload_accept,raw/iclass.tku.edu.tw/course.html,upload.id
upload_accept,raw/iclass.tku.edu.tw/course.html,upload.type
upload_accept,raw/iclass.tku.edu.tw/course.html,upload.type
upload_accept,raw/iclass.tku.edu.tw/course.html,Extension
upload_accept,raw/iclass.tku.edu.tw/course.html,upload
upload_accept,raw/iclass.tku.edu.tw/course.html,upload.type
upload_accept,raw/iclass.tku.edu.tw/course.html,upload.type
upload_accept,raw/iclass.tku.edu.tw/course.html,upload.type
upload_accept,raw/iclass.tku.edu.tw/course.html,upload.type
upload_accept,raw/iclass.tku.edu.tw/course.html,upload.name
upload_accept,raw/iclass.tku.edu.tw/course.html,upload.name
upload_accept,raw/iclass.tku.edu.tw/course.html,upload.type
upload_accept,raw/iclass.tku.edu.tw/course.html,upload.type
upload_accept,raw/iclass.tku.edu.tw/course.html,upload.title
upload_accept,raw/iclass.tku.edu.tw/course.html,upload.title
upload_accept,raw/iclass.tku.edu.tw/course.html,upload.type
upload_accept,raw/iclass.tku.edu.tw/course.html,upload.type
upload_accept,raw/iclass.tku.edu.tw/course.html,extension
upload_accept,raw/iclass.tku.edu.tw/course.html,upload.name
upload_accept,raw/iclass.tku.edu.tw/course.html,Extension
upload_accept,raw/iclass.tku.edu.tw/course.html,upload.type
upload_accept,raw/iclass.tku.edu.tw/course.html,upload.uploads
upload_accept,raw/iclass.tku.edu.tw/course.html,upload.type
upload_accept,raw/iclass.tku.edu.tw/course.html,upload.duration
upload_accept,raw/iclass.tku.edu.tw/course.html,upload.type
upload_accept,raw/iclass.tku.edu.tw/course.html,upload.type
upload_accept,raw/iclass.tku.edu.tw/course.html,upload.num_of_subjects
upload_accept,raw/iclass.tku.edu.tw/course.html,upload.created_at
upload_accept,raw/iclass.tku.edu.tw/course.html,upload.size
upload_accept,raw/iclass.tku.edu.tw/course.html,upload.size
upload_accept,raw/iclass.tku.edu.tw/course.html,upload.size
upload_accept,raw/iclass.tku.edu.tw/course.html,upload.failed
upload_accept,raw/iclass.tku.edu.tw/course.html,upload.failedWithAMessage
upload_accept,raw/iclass.tku.edu.tw/course.html,upload.failed
upload_accept,raw/iclass.tku.edu.tw/course.html,upload.failedWithAMessage
upload_accept,raw/iclass.tku.edu.tw/course.html,upload.progress
upload_accept,raw/iclass.tku.edu.tw/course.html,upload.progress
upload_accept,raw/iclass.tku.edu.tw/course.html,upload.progress
upload_accept,raw/iclass.tku.edu.tw/course.html,upload.failed
upload_accept,raw/iclass.tku.edu.tw/course.html,upload.failedWithAMessage
upload_accept,raw/iclass.tku.edu.tw/course.html,upload-failed
upload_accept,raw/iclass.tku.edu.tw/course.html,upload.failed
upload_accept,raw/iclass.tku.edu.tw/course.html,upload.failedWithAMessage
upload_accept,raw/iclass.tku.edu.tw/course.html,upload.failedMessage
upload_accept,raw/iclass.tku.edu.tw/course.html,upload.id
upload_accept,raw/iclass.tku.edu.tw/course.html,upload-failed
upload_accept,raw/iclass.tku.edu.tw/course.html,upload.id
upload_accept,raw/iclass.tku.edu.tw/course.html,upload.speed
upload_accept,raw/iclass.tku.edu.tw/course.html,upload.speed
upload_accept,raw/iclass.tku.edu.tw/course.html,upload.speed
upload_accept,raw/iclass.tku.edu.tw/course.html,upload-buttons
upload_accept,raw/iclass.tku.edu.tw/course.html,upload-button
upload_accept,raw/iclass.tku.edu.tw/course.html,UploadingUpload
upload_accept,raw/iclass.tku.edu.tw/course.html,upload
upload_accept,raw/iclass.tku.edu.tw/course.html,upload.failed
upload_accept,raw/iclass.tku.edu.tw/course.html,upload.finished
upload_accept,raw/iclass.tku.edu.tw/course.html,upload.finished
upload_accept,raw/iclass.tku.edu.tw/course.html,upload
upload_accept,raw/iclass.tku.edu.tw/course.html,upload.selected
upload_accept,raw/iclass.tku.edu.tw/course.html,upload.id
upload_accept,raw/iclass.tku.edu.tw/course.html,Upload.id
upload_accept,raw/iclass.tku.edu.tw/course.html,UploadClick
upload_accept,raw/iclass.tku.edu.tw/course.html,upload
upload_accept,raw/iclass.tku.edu.tw/course.html,upload.selected
upload_accept,raw/iclass.tku.edu.tw/course.html,upload.failed
upload_accept,raw/iclass.tku.edu.tw/course.html,upload.failedWithAMessage
upload_accept,raw/iclass.tku.edu.tw/course.html,upload.selectable
upload_accept,raw/iclass.tku.edu.tw/course.html,upload
upload_accept,raw/iclass.tku.edu.tw/course.html,upload
upload_accept,raw/iclass.tku.edu.tw/course.html,Upload
upload_accept,raw/iclass.tku.edu.tw/course.html,upload.failed
upload_accept,raw/iclass.tku.edu.tw/course.html,upload.failedWithAMessage
upload_accept,raw/iclass.tku.edu.tw/course.html,upload.selectable
upload_accept,raw/iclass.tku.edu.tw/course.html,uploads
upload_accept,raw/iclass.tku.edu.tw/course.html,upload.thumbnail.id
upload_accept,raw/iclass.tku.edu.tw/course.html,upload.isThirdPartResource
upload_accept,raw/iclass.tku.edu.tw/course.html,upload.thumbnail
upload_accept,raw/iclass.tku.edu.tw/course.html,upload.thumbnail.id
upload_accept,raw/iclass.tku.edu.tw/course.html,uploads
upload_accept,raw/iclass.tku.edu.tw/course.html,upload.id
upload_accept,raw/iclass.tku.edu.tw/course.html,upload.isThirdPartResource
upload_accept,raw/iclass.tku.edu.tw/course.html,upload.thumbnail
upload_accept,raw/iclass.tku.edu.tw/course.html,upload.thumbnail.id
upload_accept,raw/iclass.tku.edu.tw/course.html,uploads
upload_accept,raw/iclass.tku.edu.tw/course.html,upload.thumbnail.id
upload_accept,raw/iclass.tku.edu.tw/course.html,upload.isThirdPartResource
upload_accept,raw/iclass.tku.edu.tw/course.html,upload.thumbnail
upload_accept,raw/iclass.tku.edu.tw/course.html,upload.thumbnail.id
upload_accept,raw/iclass.tku.edu.tw/course.html,uploads
upload_accept,raw/iclass.tku.edu.tw/course.html,upload.id
upload_accept,raw/iclass.tku.edu.tw/course.html,upload.isThirdPartResource
upload_accept,raw/iclass.tku.edu.tw/course.html,upload.thumbnail
upload_accept,raw/iclass.tku.edu.tw/course.html,upload.thumbnail.id
upload_accept,raw/iclass.tku.edu.tw/course.html,upload.name
upload_accept,raw/iclass.tku.edu.tw/course.html,upload.name
upload_accept,raw/iclass.tku.edu.tw/course.html,upload-content
upload_accept,raw/iclass.tku.edu.tw/course.html,upload
upload_accept,raw/iclass.tku.edu.tw/course.html,upload.is_folder
upload_accept,raw/iclass.tku.edu.tw/course.html,upload.selectable
upload_accept,raw/iclass.tku.edu.tw/course.html,UploadClick
upload_accept,raw/iclass.tku.edu.tw/course.html,upload
upload_accept,raw/iclass.tku.edu.tw/course.html,UploadClick
upload_accept,raw/iclass.tku.edu.tw/course.html,upload
upload_accept,raw/iclass.tku.edu.tw/course.html,upload.selected
upload_accept,raw/iclass.tku.edu.tw/course.html,upload
upload_accept,raw/iclass.tku.edu.tw/course.html,upload
upload_accept,raw/iclass.tku.edu.tw/course.html,Upload
upload_accept,raw/iclass.tku.edu.tw/course.html,upload.failed
upload_accept,raw/iclass.tku.edu.tw/course.html,upload.failedWithAMessage
upload_accept,raw/iclass.tku.edu.tw/course.html,upload.selectable
upload_accept,raw/iclass.tku.edu.tw/course.html,Extension
upload_accept,raw/iclass.tku.edu.tw/course.html,upload
upload_accept,raw/iclass.tku.edu.tw/course.html,upload
upload_accept,raw/iclass.tku.edu.tw/course.html,upload.name
upload_accept,raw/iclass.tku.edu.tw/course.html,upload.name
upload_accept,raw/iclass.tku.edu.tw/course.html,upload.failed
upload_accept,raw/iclass.tku.edu.tw/course.html,upload.failedWithAMessage
upload_accept,raw/iclass.tku.edu.tw/course.html,upload.failed
upload_accept,raw/iclass.tku.edu.tw/course.html,upload.failedWithAMessage
upload_accept,raw/iclass.tku.edu.tw/course.html,upload.progress
upload_accept,raw/iclass.tku.edu.tw/course.html,upload.progress
upload_accept,raw/iclass.tku.edu.tw/course.html,upload.progress
upload_accept,raw/iclass.tku.edu.tw/course.html,upload.failed
upload_accept,raw/iclass.tku.edu.tw/course.html,upload.failedWithAMessage
upload_accept,raw/iclass.tku.edu.tw/course.html,upload-failed
upload_accept,raw/iclass.tku.edu.tw/course.html,upload.failed
upload_accept,raw/iclass.tku.edu.tw/course.html,upload.failedWithAMessage
upload_accept,raw/iclass.tku.edu.tw/course.html,upload.failedMessage
upload_accept,raw/iclass.tku.edu.tw/course.html,upload.speed
upload_accept,raw/iclass.tku.edu.tw/course.html,upload.speed
upload_accept,raw/iclass.tku.edu.tw/course.html,upload.speed
upload_accept,raw/iclass.tku.edu.tw/course.html,upload-buttons
upload_accept,raw/iclass.tku.edu.tw/course.html,upload-button
upload_accept,raw/iclass.tku.edu.tw/course.html,UploadingUpload
upload_accept,raw/iclass.tku.edu.tw/course.html,upload
upload_accept,raw/iclass.tku.edu.tw/course.html,upload.failed
upload_accept,raw/iclass.tku.edu.tw/course.html,upload.finished
upload_accept,raw/iclass.tku.edu.tw/course.html,upload.finished
upload_accept,raw/iclass.tku.edu.tw/course.html,upload.is_folder
upload_accept,raw/iclass.tku.edu.tw/course.html,UploadClick
upload_accept,raw/iclass.tku.edu.tw/course.html,upload
upload_accept,raw/iclass.tku.edu.tw/course.html,upload.selected
upload_accept,raw/iclass.tku.edu.tw/course.html,upload.failed
upload_accept,raw/iclass.tku.edu.tw/course.html,upload.failedWithAMessage
upload_accept,raw/iclass.tku.edu.tw/course.html,upload.selectable
upload_accept,raw/iclass.tku.edu.tw/course.html,upload
upload_accept,raw/iclass.tku.edu.tw/course.html,upload
upload_accept,raw/iclass.tku.edu.tw/course.html,Upload
upload_accept,raw/iclass.tku.edu.tw/course.html,upload.failed
upload_accept,raw/iclass.tku.edu.tw/course.html,upload.failedWithAMessage
upload_accept,raw/iclass.tku.edu.tw/course.html,upload.selectable
upload_accept,raw/iclass.tku.edu.tw/course.html,upload.type
upload_accept,raw/iclass.tku.edu.tw/course.html,upload.type
upload_accept,raw/iclass.tku.edu.tw/course.html,Extension
upload_accept,raw/iclass.tku.edu.tw/course.html,upload
upload_accept,raw/iclass.tku.edu.tw/course.html,upload.type
upload_accept,raw/iclass.tku.edu.tw/course.html,upload.type
upload_accept,raw/iclass.tku.edu.tw/course.html,upload.type
upload_accept,raw/iclass.tku.edu.tw/course.html,upload.type
upload_accept,raw/iclass.tku.edu.tw/course.html,upload.name
upload_accept,raw/iclass.tku.edu.tw/course.html,upload.name
upload_accept,raw/iclass.tku.edu.tw/course.html,upload.type
upload_accept,raw/iclass.tku.edu.tw/course.html,upload.type
upload_accept,raw/iclass.tku.edu.tw/course.html,upload.title
upload_accept,raw/iclass.tku.edu.tw/course.html,upload.title
upload_accept,raw/iclass.tku.edu.tw/course.html,upload.type
upload_accept,raw/iclass.tku.edu.tw/course.html,upload.type
upload_accept,raw/iclass.tku.edu.tw/course.html,extension
upload_accept,raw/iclass.tku.edu.tw/course.html,upload.name
upload_accept,raw/iclass.tku.edu.tw/course.html,Extension
upload_accept,raw/iclass.tku.edu.tw/course.html,upload.type
upload_accept,raw/iclass.tku.edu.tw/course.html,upload.uploads
upload_accept,raw/iclass.tku.edu.tw/course.html,upload-buttons
upload_accept,raw/iclass.tku.edu.tw/course.html,upload-button
upload_accept,raw/iclass.tku.edu.tw/course.html,UploadingUpload
upload_accept,raw/iclass.tku.edu.tw/course.html,upload
upload_accept,raw/iclass.tku.edu.tw/course.html,upload.failed
upload_accept,raw/iclass.tku.edu.tw/course.html,upload.finished
upload_accept,raw/iclass.tku.edu.tw/course.html,upload.finished
upload_accept,raw/iclass.tku.edu.tw/course.html,upload
upload_accept,raw/iclass.tku.edu.tw/course.html,upload.selected
upload_accept,raw/iclass.tku.edu.tw/course.html,upload.id
upload_accept,raw/iclass.tku.edu.tw/course.html,Upload.id
upload_accept,raw/iclass.tku.edu.tw/course.html,UploadClick
upload_accept,raw/iclass.tku.edu.tw/course.html,upload
upload_accept,raw/iclass.tku.edu.tw/course.html,upload.selected
upload_accept,raw/iclass.tku.edu.tw/course.html,upload
upload_accept,raw/iclass.tku.edu.tw/course.html,upload
upload_accept,raw/iclass.tku.edu.tw/course.html,Upload
upload_accept,raw/iclass.tku.edu.tw/course.html,uploads
upload_accept,raw/iclass.tku.edu.tw/course.html,upload.thumbnail.id
upload_accept,raw/iclass.tku.edu.tw/course.html,upload.isThirdPartResource
upload_accept,raw/iclass.tku.edu.tw/course.html,upload.thumbnail
upload_accept,raw/iclass.tku.edu.tw/course.html,upload.thumbnail.id
upload_accept,raw/iclass.tku.edu.tw/course.html,uploads
upload_accept,raw/iclass.tku.edu.tw/course.html,upload.id
upload_accept,raw/iclass.tku.edu.tw/course.html,upload.isThirdPartResource
upload_accept,raw/iclass.tku.edu.tw/course.html,upload.thumbnail
upload_accept,raw/iclass.tku.edu.tw/course.html,upload.thumbnail.id
upload_accept,raw/iclass.tku.edu.tw/course.html,uploads
upload_accept,raw/iclass.tku.edu.tw/course.html,upload.thumbnail.id
upload_accept,raw/iclass.tku.edu.tw/course.html,upload.isThirdPartResource
upload_accept,raw/iclass.tku.edu.tw/course.html,upload.thumbnail
upload_accept,raw/iclass.tku.edu.tw/course.html,upload.thumbnail.id
upload_accept,raw/iclass.tku.edu.tw/course.html,uploads
upload_accept,raw/iclass.tku.edu.tw/course.html,upload.id
upload_accept,raw/iclass.tku.edu.tw/course.html,upload.isThirdPartResource
upload_accept,raw/iclass.tku.edu.tw/course.html,upload.thumbnail
upload_accept,raw/iclass.tku.edu.tw/course.html,upload.thumbnail.id
upload_accept,raw/iclass.tku.edu.tw/course.html,upload.name
upload_accept,raw/iclass.tku.edu.tw/course.html,upload.name
upload_accept,raw/iclass.tku.edu.tw/course.html,upload-content
upload_accept,raw/iclass.tku.edu.tw/course.html,upload
upload_accept,raw/iclass.tku.edu.tw/course.html,upload.is_folder
upload_accept,raw/iclass.tku.edu.tw/course.html,upload.selectable
upload_accept,raw/iclass.tku.edu.tw/course.html,UploadClick
upload_accept,raw/iclass.tku.edu.tw/course.html,upload
upload_accept,raw/iclass.tku.edu.tw/course.html,UploadClick
upload_accept,raw/iclass.tku.edu.tw/course.html,upload
upload_accept,raw/iclass.tku.edu.tw/course.html,upload.selected
upload_accept,raw/iclass.tku.edu.tw/course.html,upload
upload_accept,raw/iclass.tku.edu.tw/course.html,upload
upload_accept,raw/iclass.tku.edu.tw/course.html,Upload
upload_accept,raw/iclass.tku.edu.tw/course.html,upload.failed
upload_accept,raw/iclass.tku.edu.tw/course.html,upload.failedWithAMessage
upload_accept,raw/iclass.tku.edu.tw/course.html,upload.selectable
upload_accept,raw/iclass.tku.edu.tw/course.html,Extension
upload_accept,raw/iclass.tku.edu.tw/course.html,upload
upload_accept,raw/iclass.tku.edu.tw/course.html,upload
upload_accept,raw/iclass.tku.edu.tw/course.html,upload.name
upload_accept,raw/iclass.tku.edu.tw/course.html,upload.name
upload_accept,raw/iclass.tku.edu.tw/course.html,upload.failed
upload_accept,raw/iclass.tku.edu.tw/course.html,upload.failedWithAMessage
upload_accept,raw/iclass.tku.edu.tw/course.html,upload.failed
upload_accept,raw/iclass.tku.edu.tw/course.html,upload.failedWithAMessage
upload_accept,raw/iclass.tku.edu.tw/course.html,upload.progress
upload_accept,raw/iclass.tku.edu.tw/course.html,upload.progress
upload_accept,raw/iclass.tku.edu.tw/course.html,upload.progress
upload_accept,raw/iclass.tku.edu.tw/course.html,upload.failed
upload_accept,raw/iclass.tku.edu.tw/course.html,upload.failedWithAMessage
upload_accept,raw/iclass.tku.edu.tw/course.html,upload-failed
upload_accept,raw/iclass.tku.edu.tw/course.html,upload.failed
upload_accept,raw/iclass.tku.edu.tw/course.html,upload.failedWithAMessage
upload_accept,raw/iclass.tku.edu.tw/course.html,upload.failedMessage
upload_accept,raw/iclass.tku.edu.tw/course.html,upload.speed
upload_accept,raw/iclass.tku.edu.tw/course.html,upload.speed
upload_accept,raw/iclass.tku.edu.tw/course.html,upload.speed
upload_accept,raw/iclass.tku.edu.tw/course.html,upload-buttons
upload_accept,raw/iclass.tku.edu.tw/course.html,upload-button
upload_accept,raw/iclass.tku.edu.tw/course.html,UploadingUpload
upload_accept,raw/iclass.tku.edu.tw/course.html,upload
upload_accept,raw/iclass.tku.edu.tw/course.html,upload.failed
upload_accept,raw/iclass.tku.edu.tw/course.html,upload.finished
upload_accept,raw/iclass.tku.edu.tw/course.html,upload.finished
upload_accept,raw/iclass.tku.edu.tw/course.html,upload.is_folder
upload_accept,raw/iclass.tku.edu.tw/course.html,UploadClick
upload_accept,raw/iclass.tku.edu.tw/course.html,upload
upload_accept,raw/iclass.tku.edu.tw/course.html,upload.selected
upload_accept,raw/iclass.tku.edu.tw/course.html,upload.failed
upload_accept,raw/iclass.tku.edu.tw/course.html,upload.failedWithAMessage
upload_accept,raw/iclass.tku.edu.tw/course.html,upload.selectable
upload_accept,raw/iclass.tku.edu.tw/course.html,upload
upload_accept,raw/iclass.tku.edu.tw/course.html,upload
upload_accept,raw/iclass.tku.edu.tw/course.html,Upload
upload_accept,raw/iclass.tku.edu.tw/course.html,upload.failed
upload_accept,raw/iclass.tku.edu.tw/course.html,upload.failedWithAMessage
upload_accept,raw/iclass.tku.edu.tw/course.html,upload.selectable
upload_accept,raw/iclass.tku.edu.tw/course.html,upload.type
upload_accept,raw/iclass.tku.edu.tw/course.html,upload.type
upload_accept,raw/iclass.tku.edu.tw/course.html,Extension
upload_accept,raw/iclass.tku.edu.tw/course.html,upload
upload_accept,raw/iclass.tku.edu.tw/course.html,upload.type
upload_accept,raw/iclass.tku.edu.tw/course.html,upload.type
upload_accept,raw/iclass.tku.edu.tw/course.html,upload.type
upload_accept,raw/iclass.tku.edu.tw/course.html,upload.type
upload_accept,raw/iclass.tku.edu.tw/course.html,upload.name
upload_accept,raw/iclass.tku.edu.tw/course.html,upload.name
upload_accept,raw/iclass.tku.edu.tw/course.html,upload.type
upload_accept,raw/iclass.tku.edu.tw/course.html,upload.type
upload_accept,raw/iclass.tku.edu.tw/course.html,upload.title
upload_accept,raw/iclass.tku.edu.tw/course.html,upload.title
upload_accept,raw/iclass.tku.edu.tw/course.html,upload.type
upload_accept,raw/iclass.tku.edu.tw/course.html,upload.type
upload_accept,raw/iclass.tku.edu.tw/course.html,extension
upload_accept,raw/iclass.tku.edu.tw/course.html,upload.name
upload_accept,raw/iclass.tku.edu.tw/course.html,Extension
upload_accept,raw/iclass.tku.edu.tw/course.html,upload.type
upload_accept,raw/iclass.tku.edu.tw/course.html,upload.uploads
upload_accept,raw/iclass.tku.edu.tw/course.html,upload-buttons
upload_accept,raw/iclass.tku.edu.tw/course.html,upload-button
upload_accept,raw/iclass.tku.edu.tw/course.html,UploadingUpload
upload_accept,raw/iclass.tku.edu.tw/course.html,upload
upload_accept,raw/iclass.tku.edu.tw/course.html,upload.failed
upload_accept,raw/iclass.tku.edu.tw/course.html,upload.finished
upload_accept,raw/iclass.tku.edu.tw/course.html,upload.finished
upload_accept,raw/iclass.tku.edu.tw/course.html,upload
upload_accept,raw/iclass.tku.edu.tw/course.html,upload.selected
upload_accept,raw/iclass.tku.edu.tw/course.html,upload.id
upload_accept,raw/iclass.tku.edu.tw/course.html,Upload.id
upload_accept,raw/iclass.tku.edu.tw/course.html,UploadClick
upload_accept,raw/iclass.tku.edu.tw/course.html,upload
upload_accept,raw/iclass.tku.edu.tw/course.html,upload.selected
upload_accept,raw/iclass.tku.edu.tw/course.html,upload
upload_accept,raw/iclass.tku.edu.tw/course.html,upload
upload_accept,raw/iclass.tku.edu.tw/course.html,Upload
upload_accept,raw/iclass.tku.edu.tw/course.html,uploads
upload_accept,raw/iclass.tku.edu.tw/course.html,upload.thumbnail.id
upload_accept,raw/iclass.tku.edu.tw/course.html,upload.isThirdPartResource
upload_accept,raw/iclass.tku.edu.tw/course.html,upload.thumbnail
upload_accept,raw/iclass.tku.edu.tw/course.html,upload.thumbnail.id
upload_accept,raw/iclass.tku.edu.tw/course.html,uploads
upload_accept,raw/iclass.tku.edu.tw/course.html,upload.id
upload_accept,raw/iclass.tku.edu.tw/course.html,upload.isThirdPartResource
upload_accept,raw/iclass.tku.edu.tw/course.html,upload.thumbnail
upload_accept,raw/iclass.tku.edu.tw/course.html,upload.thumbnail.id
upload_accept,raw/iclass.tku.edu.tw/course.html,uploads
upload_accept,raw/iclass.tku.edu.tw/course.html,upload.thumbnail.id
upload_accept,raw/iclass.tku.edu.tw/course.html,upload.isThirdPartResource
upload_accept,raw/iclass.tku.edu.tw/course.html,upload.thumbnail
upload_accept,raw/iclass.tku.edu.tw/course.html,upload.thumbnail.id
upload_accept,raw/iclass.tku.edu.tw/course.html,uploads
upload_accept,raw/iclass.tku.edu.tw/course.html,upload.id
upload_accept,raw/iclass.tku.edu.tw/course.html,upload.isThirdPartResource
upload_accept,raw/iclass.tku.edu.tw/course.html,upload.thumbnail
upload_accept,raw/iclass.tku.edu.tw/course.html,upload.thumbnail.id
upload_accept,raw/iclass.tku.edu.tw/course.html,upload.name
upload_accept,raw/iclass.tku.edu.tw/course.html,upload.name
upload_accept,raw/iclass.tku.edu.tw/course.html,upload-content
upload_accept,raw/iclass.tku.edu.tw/course.html,upload-content
upload_accept,raw/iclass.tku.edu.tw/course.html,upload
upload_accept,raw/iclass.tku.edu.tw/course.html,upload.is_folder
upload_accept,raw/iclass.tku.edu.tw/course.html,upload.selectable
upload_accept,raw/iclass.tku.edu.tw/course.html,UploadClick
upload_accept,raw/iclass.tku.edu.tw/course.html,upload
upload_accept,raw/iclass.tku.edu.tw/course.html,UploadClick
upload_accept,raw/iclass.tku.edu.tw/course.html,upload
upload_accept,raw/iclass.tku.edu.tw/course.html,upload.selected
upload_accept,raw/iclass.tku.edu.tw/course.html,upload.is_folder
upload_accept,raw/iclass.tku.edu.tw/course.html,upload
upload_accept,raw/iclass.tku.edu.tw/course.html,upload
upload_accept,raw/iclass.tku.edu.tw/course.html,Upload
upload_accept,raw/iclass.tku.edu.tw/course.html,upload.is_folder
upload_accept,raw/iclass.tku.edu.tw/course.html,Extension
upload_accept,raw/iclass.tku.edu.tw/course.html,upload
upload_accept,raw/iclass.tku.edu.tw/course.html,upload
upload_accept,raw/iclass.tku.edu.tw/course.html,upload.name
upload_accept,raw/iclass.tku.edu.tw/course.html,upload.name
upload_accept,raw/iclass.tku.edu.tw/course.html,upload.created_at
upload_accept,raw/iclass.tku.edu.tw/course.html,upload.size
upload_accept,raw/iclass.tku.edu.tw/course.html,upload.size
upload_accept,raw/iclass.tku.edu.tw/course.html,upload.size
upload_accept,raw/iclass.tku.edu.tw/course.html,upload.is_folder
upload_accept,raw/iclass.tku.edu.tw/course.html,UploadClick
upload_accept,raw/iclass.tku.edu.tw/course.html,upload
upload_accept,raw/iclass.tku.edu.tw/course.html,upload.selected
upload_accept,raw/iclass.tku.edu.tw/course.html,upload.failed
upload_accept,raw/iclass.tku.edu.tw/course.html,upload.failedWithAMessage
upload_accept,raw/iclass.tku.edu.tw/course.html,upload.selectable
upload_accept,raw/iclass.tku.edu.tw/course.html,upload.resource_id
upload_accept,raw/iclass.tku.edu.tw/course.html,upload
upload_accept,raw/iclass.tku.edu.tw/course.html,upload
upload_accept,raw/iclass.tku.edu.tw/course.html,Upload
upload_accept,raw/iclass.tku.edu.tw/course.html,upload.failed
upload_accept,raw/iclass.tku.edu.tw/course.html,upload.failedWithAMessage
upload_accept,raw/iclass.tku.edu.tw/course.html,upload.selectable
upload_accept,raw/iclass.tku.edu.tw/course.html,upload.resource_id
upload_accept,raw/iclass.tku.edu.tw/course.html,upload.type
upload_accept,raw/iclass.tku.edu.tw/course.html,upload.type
upload_accept,raw/iclass.tku.edu.tw/course.html,Extension
upload_accept,raw/iclass.tku.edu.tw/course.html,upload
upload_accept,raw/iclass.tku.edu.tw/course.html,upload.type
upload_accept,raw/iclass.tku.edu.tw/course.html,upload.type
upload_accept,raw/iclass.tku.edu.tw/course.html,upload.type
upload_accept,raw/iclass.tku.edu.tw/course.html,upload.type
upload_accept,raw/iclass.tku.edu.tw/course.html,upload.name
upload_accept,raw/iclass.tku.edu.tw/course.html,upload.name
upload_accept,raw/iclass.tku.edu.tw/course.html,upload.type
upload_accept,raw/iclass.tku.edu.tw/course.html,upload.type
upload_accept,raw/iclass.tku.edu.tw/course.html,upload.title
upload_accept,raw/iclass.tku.edu.tw/course.html,upload.title
upload_accept,raw/iclass.tku.edu.tw/course.html,upload.type
upload_accept,raw/iclass.tku.edu.tw/course.html,upload.type
upload_accept,raw/iclass.tku.edu.tw/course.html,extension
upload_accept,raw/iclass.tku.edu.tw/course.html,upload.name
upload_accept,raw/iclass.tku.edu.tw/course.html,Extension
upload_accept,raw/iclass.tku.edu.tw/course.html,upload.type
upload_accept,raw/iclass.tku.edu.tw/course.html,upload.uploads
upload_accept,raw/iclass.tku.edu.tw/course.html,upload.type
upload_accept,raw/iclass.tku.edu.tw/course.html,upload.duration
upload_accept,raw/iclass.tku.edu.tw/course.html,upload.type
upload_accept,raw/iclass.tku.edu.tw/course.html,upload.type
upload_accept,raw/iclass.tku.edu.tw/course.html,upload.num_of_subjects
upload_accept,raw/iclass.tku.edu.tw/course.html,upload.created_at
upload_accept,raw/iclass.tku.edu.tw/course.html,upload.size
upload_accept,raw/iclass.tku.edu.tw/course.html,upload.size
upload_accept,raw/iclass.tku.edu.tw/course.html,upload.size
upload_accept,raw/iclass.tku.edu.tw/course.html,upload-not-support-popup
upload_accept,raw/iclass.tku.edu.tw/course.html,upload-not-support-popup
upload_accept,raw/iclass.tku.edu.tw/course.html,upload-list
upload_accept,raw/iclass.tku.edu.tw/course.html,Upload
upload_accept,raw/iclass.tku.edu.tw/course.html,upload-not-support-popup
upload_accept,raw/iclass.tku.edu.tw/course.html,upload-failed-popup
upload_accept,raw/iclass.tku.edu.tw/course.html,upload-failed-popup
upload_accept,raw/iclass.tku.edu.tw/course.html,upload-list
upload_accept,raw/iclass.tku.edu.tw/course.html,upload-failed-popup
upload_accept,raw/iclass.tku.edu.tw/course.html,Upload
upload_accept,raw/iclass.tku.edu.tw/course.html,upload-hint
upload_accept,raw/iclass.tku.edu.tw/course.html,upload_hint
upload_accept,raw/iclass.tku.edu.tw/course.html,upload_hint_popup
upload_accept,raw/iclass.tku.edu.tw/course.html,upload_hint_popup
upload_accept,raw/iclass.tku.edu.tw/course.html,upload_hint_popup
upload_accept,raw/iclass.tku.edu.tw/course.html,Uploading
upload_accept,raw/iclass.tku.edu.tw/course.html,Uploads
upload_accept,raw/iclass.tku.edu.tw/course.html,UploadFolder
upload_accept,raw/iclass.tku.edu.tw/course.html,UploadFolder
upload_accept,raw/iclass.tku.edu.tw/course.html,MimeTypes
upload_accept,raw/iclass.tku.edu.tw/course.html,upload_file
upload_accept,raw/iclass.tku.edu.tw/course.html,UploadStatus
upload_accept,raw/iclass.tku.edu.tw/course.html,uploads
upload_accept,raw/iclass.tku.edu.tw/course.html,uploads.length
upload_accept,raw/iclass.tku.edu.tw/course.html,upload.type
upload_accept,raw/iclass.tku.edu.tw/course.html,upload.type
upload_accept,raw/iclass.tku.edu.tw/course.html,upload.name
upload_accept,raw/iclass.tku.edu.tw/course.html,upload.file_name
upload_accept,raw/iclass.tku.edu.tw/course.html,upload.name
upload_accept,raw/iclass.tku.edu.tw/course.html,upload.name
upload_accept,raw/iclass.tku.edu.tw/course.html,extension
upload_accept,raw/iclass.tku.edu.tw/course.html,upload.name
upload_accept,raw/iclass.tku.edu.tw/course.html,Extension
upload_accept,raw/iclass.tku.edu.tw/course.html,upload.cc_license_code
upload_accept,raw/iclass.tku.edu.tw/course.html,upload.cc_license_code
upload_accept,raw/iclass.tku.edu.tw/course.html,upload.cc_license_code
upload_accept,raw/iclass.tku.edu.tw/course.html,upload.cc_license_description
upload_accept,raw/iclass.tku.edu.tw/course.html,upload.cc_license_code
upload_accept,raw/iclass.tku.edu.tw/course.html,upload.cc_license_link
upload_accept,raw/iclass.tku.edu.tw/course.html,upload.cc_license_code
upload_accept,raw/iclass.tku.edu.tw/course.html,upload.cc_license_code
upload_accept,raw/iclass.tku.edu.tw/course.html,upload.cc_license_code
upload_accept,raw/iclass.tku.edu.tw/course.html,upload.cc_license_description
upload_accept,raw/iclass.tku.edu.tw/course.html,upload.cc_license_code
upload_accept,raw/iclass.tku.edu.tw/course.html,upload
upload_accept,raw/iclass.tku.edu.tw/course.html,upload
upload_accept,raw/iclass.tku.edu.tw/course.html,upload
upload_accept,raw/iclass.tku.edu.tw/course.html,upload.type
upload_accept,raw/iclass.tku.edu.tw/course.html,upload
upload_accept,raw/iclass.tku.edu.tw/course.html,upload
upload_accept,raw/iclass.tku.edu.tw/course.html,upload
upload_accept,raw/iclass.tku.edu.tw/course.html,upload.type
upload_accept,raw/iclass.tku.edu.tw/course.html,upload.status
upload_accept,raw/iclass.tku.edu.tw/course.html,upload
upload_accept,raw/iclass.tku.edu.tw/course.html,upload.type
upload_accept,raw/iclass.tku.edu.tw/course.html,upload.status
upload_accept,raw/iclass.tku.edu.tw/course.html,upload.isTextFile
upload_accept,raw/iclass.tku.edu.tw/course.html,upload.type
upload_accept,raw/iclass.tku.edu.tw/course.html,upload.status
upload_accept,raw/iclass.tku.edu.tw/course.html,uploading
upload_accept,raw/iclass.tku.edu.tw/course.html,upload.type
upload_accept,raw/iclass.tku.edu.tw/course.html,upload.type
upload_accept,raw/iclass.tku.edu.tw/course.html,upload.status
upload_accept,raw/iclass.tku.edu.tw/course.html,uploading
upload_accept,raw/iclass.tku.edu.tw/course.html,upload.type
upload_accept,raw/iclass.tku.edu.tw/course.html,upload.status
upload_accept,raw/iclass.tku.edu.tw/course.html,uploading
upload_accept,raw/iclass.tku.edu.tw/course.html,upload.type
upload_accept,raw/iclass.tku.edu.tw/course.html,upload.status
upload_accept,raw/iclass.tku.edu.tw/course.html,uploading
upload_accept,raw/iclass.tku.edu.tw/course.html,upload.id
upload_accept,raw/iclass.tku.edu.tw/course.html,upload.type
upload_accept,raw/iclass.tku.edu.tw/course.html,upload.isFromKnowledgeGraph
upload_accept,raw/iclass.tku.edu.tw/course.html,uploads
upload_accept,raw/iclass.tku.edu.tw/course.html,upload.id
upload_accept,raw/iclass.tku.edu.tw/course.html,upload.from_project
upload_accept,raw/iclass.tku.edu.tw/course.html,upload.allow_download
upload_accept,raw/iclass.tku.edu.tw/course.html,upload.project_id
upload_accept,raw/iclass.tku.edu.tw/course.html,upload_id
upload_accept,raw/iclass.tku.edu.tw/course.html,upload.id
upload_accept,raw/iclass.tku.edu.tw/course.html,upload.node_ids
upload_accept,raw/iclass.tku.edu.tw/course.html,upload.ref_id
upload_accept,raw/iclass.tku.edu.tw/course.html,upload.id
upload_accept,raw/iclass.tku.edu.tw/course.html,upload.type
upload_accept,raw/iclass.tku.edu.tw/course.html,upload.status
upload_accept,raw/iclass.tku.edu.tw/course.html,upload.status
upload_accept,raw/iclass.tku.edu.tw/course.html,upload.status
upload_accept,raw/iclass.tku.edu.tw/course.html,uploading
upload_accept,raw/iclass.tku.edu.tw/course.html,upload.status
upload_accept,raw/iclass.tku.edu.tw/course.html,upload.allow_download
upload_accept,raw/iclass.tku.edu.tw/course.html,upload.owner_id
upload_accept,raw/iclass.tku.edu.tw/course.html,upload.isFromKnowledgeGraph
upload_accept,raw/iclass.tku.edu.tw/course.html,upload.from_project
upload_accept,raw/iclass.tku.edu.tw/course.html,uploads
upload_accept,raw/iclass.tku.edu.tw/course.html,upload.id
upload_accept,raw/iclass.tku.edu.tw/course.html,upload
upload_accept,raw/iclass.tku.edu.tw/course.html,upload.status
upload_accept,raw/iclass.tku.edu.tw/course.html,uploading
upload_accept,raw/iclass.tku.edu.tw/course.html,upload.status
upload_accept,raw/iclass.tku.edu.tw/course.html,uploading
upload_accept,raw/iclass.tku.edu.tw/course.html,upload.status
upload_accept,raw/iclass.tku.edu.tw/course.html,uploading
upload_accept,raw/iclass.tku.edu.tw/course.html,upload.type
upload_accept,raw/iclass.tku.edu.tw/course.html,upload.type
upload_accept,raw/iclass.tku.edu.tw/course.html,upload.type
upload_accept,raw/iclass.tku.edu.tw/course.html,upload.status
upload_accept,raw/iclass.tku.edu.tw/course.html,uploading
upload_accept,raw/iclass.tku.edu.tw/course.html,upload.status
upload_accept,raw/iclass.tku.edu.tw/course.html,upload.type
upload_accept,raw/iclass.tku.edu.tw/course.html,upload.type
upload_accept,raw/iclass.tku.edu.tw/course.html,upload.type
upload_accept,raw/iclass.tku.edu.tw/course.html,upload.status
upload_accept,raw/iclass.tku.edu.tw/course.html,uploading
upload_accept,raw/iclass.tku.edu.tw/course.html,upload.type
upload_accept,raw/iclass.tku.edu.tw/course.html,upload.link.url
upload_accept,raw/iclass.tku.edu.tw/course.html,upload.type
upload_accept,raw/iclass.tku.edu.tw/course.html,upload.type
upload_accept,raw/iclass.tku.edu.tw/course.html,upload
upload_accept,raw/iclass.tku.edu.tw/course.html,upload.status
upload_accept,raw/iclass.tku.edu.tw/course.html,uploading
upload_accept,raw/iclass.tku.edu.tw/course.html,upload.name
upload_accept,raw/iclass.tku.edu.tw/course.html,upload.type
upload_accept,raw/iclass.tku.edu.tw/course.html,upload.allow_download
upload_accept,raw/iclass.tku.edu.tw/course.html,upload.allowDownload
upload_accept,raw/iclass.tku.edu.tw/course.html,upload.owner_id
upload_accept,raw/iclass.tku.edu.tw/course.html,upload.id
upload_accept,raw/iclass.tku.edu.tw/course.html,upload.type
upload_accept,raw/iclass.tku.edu.tw/course.html,uploads
upload_accept,raw/iclass.tku.edu.tw/course.html,upload.id
upload_accept,raw/iclass.tku.edu.tw/course.html,upload.referType
upload_accept,raw/iclass.tku.edu.tw/course.html,upload.referId
upload_accept,raw/iclass.tku.edu.tw/course.html,upload.size
upload_accept,raw/iclass.tku.edu.tw/course.html,upload.from_project
upload_accept,raw/iclass.tku.edu.tw/course.html,upload.allow_download
upload_accept,raw/iclass.tku.edu.tw/course.html,upload.allowDownload
upload_accept,raw/iclass.tku.edu.tw/course.html,upload.project_id
upload_accept,raw/iclass.tku.edu.tw/course.html,upload_id
upload_accept,raw/iclass.tku.edu.tw/course.html,upload.id
upload_accept,raw/iclass.tku.edu.tw/course.html,upload.node_ids
upload_accept,raw/iclass.tku.edu.tw/course.html,upload.ref_id
upload_accept,raw/iclass.tku.edu.tw/course.html,upload.size
upload_accept,raw/iclass.tku.edu.tw/course.html,upload.from_project
upload_accept,raw/iclass.tku.edu.tw/course.html,upload.id
upload_accept,raw/iclass.tku.edu.tw/course.html,upload.type
upload_accept,raw/iclass.tku.edu.tw/course.html,upload.status
upload_accept,raw/iclass.tku.edu.tw/course.html,upload.status
upload_accept,raw/iclass.tku.edu.tw/course.html,upload.status
upload_accept,raw/iclass.tku.edu.tw/course.html,uploading
upload_accept,raw/iclass.tku.edu.tw/course.html,upload.status
upload_accept,raw/iclass.tku.edu.tw/course.html,upload.allow_download
upload_accept,raw/iclass.tku.edu.tw/course.html,upload.allowDownload
upload_accept,raw/iclass.tku.edu.tw/course.html,upload.owner_id
upload_accept,raw/iclass.tku.edu.tw/course.html,upload.source
upload_accept,raw/iclass.tku.edu.tw/course.html,uploads
upload_accept,raw/iclass.tku.edu.tw/course.html,upload.id
upload_accept,raw/iclass.tku.edu.tw/course.html,uploads
upload_accept,raw/iclass.tku.edu.tw/course.html,upload.id
upload_accept,raw/iclass.tku.edu.tw/course.html,upload.referType
upload_accept,raw/iclass.tku.edu.tw/course.html,upload.referId
upload_accept,raw/iclass.tku.edu.tw/course.html,upload
upload_accept,raw/iclass.tku.edu.tw/course.html,upload.size
upload_accept,raw/iclass.tku.edu.tw/course.html,upload.status
upload_accept,raw/iclass.tku.edu.tw/course.html,uploading
upload_accept,raw/iclass.tku.edu.tw/course.html,upload.size
upload_accept,raw/iclass.tku.edu.tw/course.html,upload.status
upload_accept,raw/iclass.tku.edu.tw/course.html,uploading
upload_accept,raw/iclass.tku.edu.tw/course.html,upload.size
upload_accept,raw/iclass.tku.edu.tw/course.html,upload.status
upload_accept,raw/iclass.tku.edu.tw/course.html,uploading
upload_accept,raw/iclass.tku.edu.tw/course.html,upload.size
upload_accept,raw/iclass.tku.edu.tw/course.html,upload.size
upload_accept,raw/iclass.tku.edu.tw/course.html,upload.source
upload_accept,raw/iclass.tku.edu.tw/course.html,upload.allow_download
upload_accept,raw/iclass.tku.edu.tw/course.html,upload.allowDownload
upload_accept,raw/iclass.tku.edu.tw/course.html,upload.fileid
upload_accept,raw/iclass.tku.edu.tw/course.html,upload.size
upload_accept,raw/iclass.tku.edu.tw/course.html,upload
upload_accept,raw/iclass.tku.edu.tw/course.html,upload.status
upload_accept,raw/iclass.tku.edu.tw/course.html,upload.status
upload_accept,raw/iclass.tku.edu.tw/course.html,Extension
upload_accept,raw/iclass.tku.edu.tw/course.html,upload
upload_accept,raw/iclass.tku.edu.tw/course.html,upload.status
upload_accept,raw/iclass.tku.edu.tw/course.html,uploading
upload_accept,raw/iclass.tku.edu.tw/course.html,upload.status
upload_accept,raw/iclass.tku.edu.tw/course.html,uploadStatus
upload_accept,raw/iclass.tku.edu.tw/course.html,upload.id
upload_accept,raw/iclass.tku.edu.tw/course.html,upload.status
upload_accept,raw/iclass.tku.edu.tw/course.html,uploadStatus
upload_accept,raw/iclass.tku.edu.tw/course.html,upload.id
upload_accept,raw/iclass.tku.edu.tw/course.html,upload.status
upload_accept,raw/iclass.tku.edu.tw/course.html,upload.status
upload_accept,raw/iclass.tku.edu.tw/course.html,upload.type
upload_accept,raw/iclass.tku.edu.tw/course.html,upload.status
upload_accept,raw/iclass.tku.edu.tw/course.html,upload.type
upload_accept,raw/iclass.tku.edu.tw/course.html,upload.status
upload_accept,raw/iclass.tku.edu.tw/course.html,upload.isTextFile
upload_accept,raw/iclass.tku.edu.tw/course.html,upload
upload_accept,raw/iclass.tku.edu.tw/course.html,Extension
upload_accept,raw/iclass.tku.edu.tw/course.html,upload
upload_accept,raw/iclass.tku.edu.tw/course.html,upload
upload_accept,raw/iclass.tku.edu.tw/course.html,upload.documentUrl
upload_accept,raw/iclass.tku.edu.tw/course.html,upload.documentUrl
upload_accept,raw/iclass.tku.edu.tw/course.html,upload
upload_accept,raw/iclass.tku.edu.tw/course.html,upload.type
upload_accept,raw/iclass.tku.edu.tw/course.html,upload.status
upload_accept,raw/iclass.tku.edu.tw/course.html,upload.isTextFile
upload_accept,raw/iclass.tku.edu.tw/course.html,upload.type
upload_accept,raw/iclass.tku.edu.tw/course.html,upload.status
upload_accept,raw/iclass.tku.edu.tw/course.html,uploading
upload_accept,raw/iclass.tku.edu.tw/course.html,upload.type
upload_accept,raw/iclass.tku.edu.tw/course.html,upload.type
upload_accept,raw/iclass.tku.edu.tw/course.html,upload.status
upload_accept,raw/iclass.tku.edu.tw/course.html,uploading
upload_accept,raw/iclass.tku.edu.tw/course.html,upload.type
upload_accept,raw/iclass.tku.edu.tw/course.html,upload.status
upload_accept,raw/iclass.tku.edu.tw/course.html,uploading
upload_accept,raw/iclass.tku.edu.tw/course.html,upload.type
upload_accept,raw/iclass.tku.edu.tw/course.html,upload.status
upload_accept,raw/iclass.tku.edu.tw/course.html,uploading
upload_accept,raw/iclass.tku.edu.tw/course.html,upload.id
upload_accept,raw/iclass.tku.edu.tw/course.html,upload.type
upload_accept,raw/iclass.tku.edu.tw/course.html,upload.isFromKnowledgeGraph
upload_accept,raw/iclass.tku.edu.tw/course.html,uploads
upload_accept,raw/iclass.tku.edu.tw/course.html,upload.id
upload_accept,raw/iclass.tku.edu.tw/course.html,upload.from_project
upload_accept,raw/iclass.tku.edu.tw/course.html,upload.allow_download
upload_accept,raw/iclass.tku.edu.tw/course.html,upload.project_id
upload_accept,raw/iclass.tku.edu.tw/course.html,upload_id
upload_accept,raw/iclass.tku.edu.tw/course.html,upload.id
upload_accept,raw/iclass.tku.edu.tw/course.html,upload.node_ids
upload_accept,raw/iclass.tku.edu.tw/course.html,upload.ref_id
upload_accept,raw/iclass.tku.edu.tw/course.html,upload.id
upload_accept,raw/iclass.tku.edu.tw/course.html,upload.type
upload_accept,raw/iclass.tku.edu.tw/course.html,upload.status
upload_accept,raw/iclass.tku.edu.tw/course.html,upload.status
upload_accept,raw/iclass.tku.edu.tw/course.html,upload.status
upload_accept,raw/iclass.tku.edu.tw/course.html,uploading
upload_accept,raw/iclass.tku.edu.tw/course.html,upload.status
upload_accept,raw/iclass.tku.edu.tw/course.html,upload.allow_download
upload_accept,raw/iclass.tku.edu.tw/course.html,upload.owner_id
upload_accept,raw/iclass.tku.edu.tw/course.html,upload.isFromKnowledgeGraph
upload_accept,raw/iclass.tku.edu.tw/course.html,upload.from_project
upload_accept,raw/iclass.tku.edu.tw/course.html,uploads
upload_accept,raw/iclass.tku.edu.tw/course.html,upload.id
upload_accept,raw/iclass.tku.edu.tw/course.html,upload
upload_accept,raw/iclass.tku.edu.tw/course.html,upload.status
upload_accept,raw/iclass.tku.edu.tw/course.html,uploading
upload_accept,raw/iclass.tku.edu.tw/course.html,upload.status
upload_accept,raw/iclass.tku.edu.tw/course.html,uploading
upload_accept,raw/iclass.tku.edu.tw/course.html,upload.status
upload_accept,raw/iclass.tku.edu.tw/course.html,uploading
upload_accept,raw/iclass.tku.edu.tw/course.html,upload.type
upload_accept,raw/iclass.tku.edu.tw/course.html,upload.type
upload_accept,raw/iclass.tku.edu.tw/course.html,upload.type
upload_accept,raw/iclass.tku.edu.tw/course.html,upload.status
upload_accept,raw/iclass.tku.edu.tw/course.html,uploading
upload_accept,raw/iclass.tku.edu.tw/course.html,upload.status
upload_accept,raw/iclass.tku.edu.tw/course.html,upload.type
upload_accept,raw/iclass.tku.edu.tw/course.html,upload.type
upload_accept,raw/iclass.tku.edu.tw/course.html,upload.type
upload_accept,raw/iclass.tku.edu.tw/course.html,upload.status
upload_accept,raw/iclass.tku.edu.tw/course.html,uploading
upload_accept,raw/iclass.tku.edu.tw/course.html,upload.type
upload_accept,raw/iclass.tku.edu.tw/course.html,upload.link.url
upload_accept,raw/iclass.tku.edu.tw/course.html,upload.type
upload_accept,raw/iclass.tku.edu.tw/course.html,upload.status
upload_accept,raw/iclass.tku.edu.tw/course.html,Extension
upload_accept,raw/iclass.tku.edu.tw/course.html,upload
upload_accept,raw/iclass.tku.edu.tw/course.html,upload.documentUrl
upload_accept,raw/iclass.tku.edu.tw/course.html,upload.documentUrl
upload_accept,raw/iclass.tku.edu.tw/course.html,upload
upload_accept,raw/iclass.tku.edu.tw/course.html,upload.type
upload_accept,raw/iclass.tku.edu.tw/course.html,upload.status
upload_accept,raw/iclass.tku.edu.tw/course.html,upload.isTextFile
upload_accept,raw/iclass.tku.edu.tw/course.html,upload.type
upload_accept,raw/iclass.tku.edu.tw/course.html,upload.status
upload_accept,raw/iclass.tku.edu.tw/course.html,uploading
upload_accept,raw/iclass.tku.edu.tw/course.html,upload.type
upload_accept,raw/iclass.tku.edu.tw/course.html,upload.type
upload_accept,raw/iclass.tku.edu.tw/course.html,upload.status
upload_accept,raw/iclass.tku.edu.tw/course.html,uploading
upload_accept,raw/iclass.tku.edu.tw/course.html,upload.type
upload_accept,raw/iclass.tku.edu.tw/course.html,upload.status
upload_accept,raw/iclass.tku.edu.tw/course.html,uploading
upload_accept,raw/iclass.tku.edu.tw/course.html,upload.type
upload_accept,raw/iclass.tku.edu.tw/course.html,upload.status
upload_accept,raw/iclass.tku.edu.tw/course.html,uploading
upload_accept,raw/iclass.tku.edu.tw/course.html,upload.id
upload_accept,raw/iclass.tku.edu.tw/course.html,upload.type
upload_accept,raw/iclass.tku.edu.tw/course.html,upload.isFromKnowledgeGraph
upload_accept,raw/iclass.tku.edu.tw/course.html,uploads
upload_accept,raw/iclass.tku.edu.tw/course.html,upload.id
upload_accept,raw/iclass.tku.edu.tw/course.html,upload.from_project
upload_accept,raw/iclass.tku.edu.tw/course.html,upload.allow_download
upload_accept,raw/iclass.tku.edu.tw/course.html,upload.project_id
upload_accept,raw/iclass.tku.edu.tw/course.html,upload_id
upload_accept,raw/iclass.tku.edu.tw/course.html,upload.id
upload_accept,raw/iclass.tku.edu.tw/course.html,upload.node_ids
upload_accept,raw/iclass.tku.edu.tw/course.html,upload.ref_id
upload_accept,raw/iclass.tku.edu.tw/course.html,upload.id
upload_accept,raw/iclass.tku.edu.tw/course.html,upload.type
upload_accept,raw/iclass.tku.edu.tw/course.html,upload.status
upload_accept,raw/iclass.tku.edu.tw/course.html,upload.status
upload_accept,raw/iclass.tku.edu.tw/course.html,upload.status
upload_accept,raw/iclass.tku.edu.tw/course.html,uploading
upload_accept,raw/iclass.tku.edu.tw/course.html,upload.status
upload_accept,raw/iclass.tku.edu.tw/course.html,upload.allow_download
upload_accept,raw/iclass.tku.edu.tw/course.html,upload.owner_id
upload_accept,raw/iclass.tku.edu.tw/course.html,upload.isFromKnowledgeGraph
upload_accept,raw/iclass.tku.edu.tw/course.html,upload.from_project
upload_accept,raw/iclass.tku.edu.tw/course.html,uploads
upload_accept,raw/iclass.tku.edu.tw/course.html,upload.id
upload_accept,raw/iclass.tku.edu.tw/course.html,upload
upload_accept,raw/iclass.tku.edu.tw/course.html,upload.status
upload_accept,raw/iclass.tku.edu.tw/course.html,uploading
upload_accept,raw/iclass.tku.edu.tw/course.html,upload.status
upload_accept,raw/iclass.tku.edu.tw/course.html,uploading
upload_accept,raw/iclass.tku.edu.tw/course.html,upload.status
upload_accept,raw/iclass.tku.edu.tw/course.html,uploading
upload_accept,raw/iclass.tku.edu.tw/course.html,upload.type
upload_accept,raw/iclass.tku.edu.tw/course.html,upload.type
upload_accept,raw/iclass.tku.edu.tw/course.html,upload.type
upload_accept,raw/iclass.tku.edu.tw/course.html,upload.status
upload_accept,raw/iclass.tku.edu.tw/course.html,uploading
upload_accept,raw/iclass.tku.edu.tw/course.html,upload.status
upload_accept,raw/iclass.tku.edu.tw/course.html,upload.type
upload_accept,raw/iclass.tku.edu.tw/course.html,upload.type
upload_accept,raw/iclass.tku.edu.tw/course.html,upload.type
upload_accept,raw/iclass.tku.edu.tw/course.html,upload.status
upload_accept,raw/iclass.tku.edu.tw/course.html,uploading
upload_accept,raw/iclass.tku.edu.tw/course.html,upload.type
upload_accept,raw/iclass.tku.edu.tw/course.html,upload.link.url
upload_accept,raw/iclass.tku.edu.tw/course.html,upload.type
upload_accept,raw/iclass.tku.edu.tw/course.html,upload.status
upload_accept,raw/iclass.tku.edu.tw/course.html,upload.isTextFile
upload_accept,raw/iclass.tku.edu.tw/course.html,upload.type
upload_accept,raw/iclass.tku.edu.tw/course.html,upload.status
upload_accept,raw/iclass.tku.edu.tw/course.html,upload.isTextFile
upload_accept,raw/iclass.tku.edu.tw/course.html,upload.type
upload_accept,raw/iclass.tku.edu.tw/course.html,upload.status
upload_accept,raw/iclass.tku.edu.tw/course.html,uploading
upload_accept,raw/iclass.tku.edu.tw/course.html,upload.type
upload_accept,raw/iclass.tku.edu.tw/course.html,upload.type
upload_accept,raw/iclass.tku.edu.tw/course.html,upload.status
upload_accept,raw/iclass.tku.edu.tw/course.html,uploading
upload_accept,raw/iclass.tku.edu.tw/course.html,upload.type
upload_accept,raw/iclass.tku.edu.tw/course.html,upload.status
upload_accept,raw/iclass.tku.edu.tw/course.html,uploading
upload_accept,raw/iclass.tku.edu.tw/course.html,upload.type
upload_accept,raw/iclass.tku.edu.tw/course.html,upload.status
upload_accept,raw/iclass.tku.edu.tw/course.html,uploading
upload_accept,raw/iclass.tku.edu.tw/course.html,upload.id
upload_accept,raw/iclass.tku.edu.tw/course.html,upload.type
upload_accept,raw/iclass.tku.edu.tw/course.html,upload.isFromKnowledgeGraph
upload_accept,raw/iclass.tku.edu.tw/course.html,uploads
upload_accept,raw/iclass.tku.edu.tw/course.html,upload.id
upload_accept,raw/iclass.tku.edu.tw/course.html,upload.from_project
upload_accept,raw/iclass.tku.edu.tw/course.html,upload.allow_download
upload_accept,raw/iclass.tku.edu.tw/course.html,upload.project_id
upload_accept,raw/iclass.tku.edu.tw/course.html,upload_id
upload_accept,raw/iclass.tku.edu.tw/course.html,upload.id
upload_accept,raw/iclass.tku.edu.tw/course.html,upload.node_ids
upload_accept,raw/iclass.tku.edu.tw/course.html,upload.ref_id
upload_accept,raw/iclass.tku.edu.tw/course.html,upload.id
upload_accept,raw/iclass.tku.edu.tw/course.html,upload.type
upload_accept,raw/iclass.tku.edu.tw/course.html,upload.status
upload_accept,raw/iclass.tku.edu.tw/course.html,upload.status
upload_accept,raw/iclass.tku.edu.tw/course.html,upload.status
upload_accept,raw/iclass.tku.edu.tw/course.html,uploading
upload_accept,raw/iclass.tku.edu.tw/course.html,upload.status
upload_accept,raw/iclass.tku.edu.tw/course.html,upload.allow_download
upload_accept,raw/iclass.tku.edu.tw/course.html,upload.owner_id
upload_accept,raw/iclass.tku.edu.tw/course.html,upload.isFromKnowledgeGraph
upload_accept,raw/iclass.tku.edu.tw/course.html,upload.from_project
upload_accept,raw/iclass.tku.edu.tw/course.html,uploads
upload_accept,raw/iclass.tku.edu.tw/course.html,upload.id
upload_accept,raw/iclass.tku.edu.tw/course.html,upload
upload_accept,raw/iclass.tku.edu.tw/course.html,upload.status
upload_accept,raw/iclass.tku.edu.tw/course.html,uploading
upload_accept,raw/iclass.tku.edu.tw/course.html,upload.status
upload_accept,raw/iclass.tku.edu.tw/course.html,uploading
upload_accept,raw/iclass.tku.edu.tw/course.html,upload.status
upload_accept,raw/iclass.tku.edu.tw/course.html,uploading
upload_accept,raw/iclass.tku.edu.tw/course.html,upload.type
upload_accept,raw/iclass.tku.edu.tw/course.html,upload.type
upload_accept,raw/iclass.tku.edu.tw/course.html,upload.type
upload_accept,raw/iclass.tku.edu.tw/course.html,upload.status
upload_accept,raw/iclass.tku.edu.tw/course.html,uploading
upload_accept,raw/iclass.tku.edu.tw/course.html,upload.status
upload_accept,raw/iclass.tku.edu.tw/course.html,upload.type
upload_accept,raw/iclass.tku.edu.tw/course.html,upload.type
upload_accept,raw/iclass.tku.edu.tw/course.html,upload.type
upload_accept,raw/iclass.tku.edu.tw/course.html,upload.status
upload_accept,raw/iclass.tku.edu.tw/course.html,uploading
upload_accept,raw/iclass.tku.edu.tw/course.html,upload.type
upload_accept,raw/iclass.tku.edu.tw/course.html,upload.link.url
upload_accept,raw/iclass.tku.edu.tw/course.html,upload.textContent
upload_accept,raw/iclass.tku.edu.tw/course.html,upload.textContent
upload_accept,raw/iclass.tku.edu.tw/course.html,upload.type
upload_accept,raw/iclass.tku.edu.tw/course.html,upload.source
upload_accept,raw/iclass.tku.edu.tw/course.html,upload.status
upload_accept,raw/iclass.tku.edu.tw/course.html,upload.status
upload_accept,raw/iclass.tku.edu.tw/course.html,upload.status
upload_accept,raw/iclass.tku.edu.tw/course.html,upload.url
upload_accept,raw/iclass.tku.edu.tw/course.html,uploads
upload_accept,raw/iclass.tku.edu.tw/course.html,upload.id
upload_accept,raw/iclass.tku.edu.tw/course.html,upload.referType
upload_accept,raw/iclass.tku.edu.tw/course.html,upload.referId
upload_accept,raw/iclass.tku.edu.tw/course.html,upload.source
upload_accept,raw/iclass.tku.edu.tw/course.html,upload.url
upload_accept,raw/iclass.tku.edu.tw/course.html,uploads
upload_accept,raw/iclass.tku.edu.tw/course.html,upload.id
upload_accept,raw/iclass.tku.edu.tw/course.html,upload.source
upload_accept,raw/iclass.tku.edu.tw/course.html,upload.imageUrl
upload_accept,raw/iclass.tku.edu.tw/course.html,upload.type
upload_accept,raw/iclass.tku.edu.tw/course.html,upload.source
upload_accept,raw/iclass.tku.edu.tw/course.html,upload.status
upload_accept,raw/iclass.tku.edu.tw/course.html,upload.status
upload_accept,raw/iclass.tku.edu.tw/course.html,upload.status
upload_accept,raw/iclass.tku.edu.tw/course.html,upload.source
upload_accept,raw/iclass.tku.edu.tw/course.html,upload.imageUrl
upload_accept,raw/iclass.tku.edu.tw/course.html,upload.type
upload_accept,raw/iclass.tku.edu.tw/course.html,upload.video_urls
upload_accept,raw/iclass.tku.edu.tw/course.html,upload.type
upload_accept,raw/iclass.tku.edu.tw/course.html,upload.video_url
upload_accept,raw/iclass.tku.edu.tw/course.html,upload.status
upload_accept,raw/iclass.tku.edu.tw/course.html,upload.video_urls
upload_accept,raw/iclass.tku.edu.tw/course.html,upload.video_urls
upload_accept,raw/iclass.tku.edu.tw/course.html,upload.video_src_type
upload_accept,raw/iclass.tku.edu.tw/course.html,upload.video_urls
upload_accept,raw/iclass.tku.edu.tw/course.html,upload.video_urls
upload_accept,raw/iclass.tku.edu.tw/course.html,upload.video_src_type
upload_accept,raw/iclass.tku.edu.tw/course.html,upload.video_urls
upload_accept,raw/iclass.tku.edu.tw/course.html,upload.video_urls
upload_accept,raw/iclass.tku.edu.tw/course.html,upload.video_src_type
upload_accept,raw/iclass.tku.edu.tw/course.html,upload.video_urls
upload_accept,raw/iclass.tku.edu.tw/course.html,upload.video_urls
upload_accept,raw/iclass.tku.edu.tw/course.html,upload.video_src_type
upload_accept,raw/iclass.tku.edu.tw/course.html,upload.video_urls
upload_accept,raw/iclass.tku.edu.tw/course.html,upload.is_cc_video
upload_accept,raw/iclass.tku.edu.tw/course.html,upload.status
upload_accept,raw/iclass.tku.edu.tw/course.html,upload.play_code
upload_accept,raw/iclass.tku.edu.tw/course.html,upload.type
upload_accept,raw/iclass.tku.edu.tw/course.html,upload.page_url
upload_accept,raw/iclass.tku.edu.tw/course.html,upload.status
upload_accept,raw/iclass.tku.edu.tw/course.html,upload.page_url
upload_accept,raw/iclass.tku.edu.tw/course.html,upload.type
upload_accept,raw/iclass.tku.edu.tw/course.html,upload.status
upload_accept,raw/iclass.tku.edu.tw/course.html,uploads
upload_accept,raw/iclass.tku.edu.tw/course.html,upload.source
upload_accept,raw/iclass.tku.edu.tw/course.html,uploads
upload_accept,raw/iclass.tku.edu.tw/course.html,uploads
upload_accept,raw/iclass.tku.edu.tw/course.html,uploads
upload_accept,raw/iclass.tku.edu.tw/course.html,upload.source
upload_accept,raw/iclass.tku.edu.tw/course.html,upload.url
upload_accept,raw/iclass.tku.edu.tw/course.html,upload.type
upload_accept,raw/iclass.tku.edu.tw/course.html,upload.status
upload_accept,raw/iclass.tku.edu.tw/course.html,upload.status
upload_accept,raw/iclass.tku.edu.tw/course.html,uploading
upload_accept,raw/iclass.tku.edu.tw/course.html,uploads
upload_accept,raw/iclass.tku.edu.tw/course.html,upload.id
upload_accept,raw/iclass.tku.edu.tw/course.html,uploads
upload_accept,raw/iclass.tku.edu.tw/course.html,upload.id
upload_accept,raw/iclass.tku.edu.tw/course.html,upload.type
upload_accept,raw/iclass.tku.edu.tw/course.html,upload.status
upload_accept,raw/iclass.tku.edu.tw/course.html,upload.type
upload_accept,raw/iclass.tku.edu.tw/course.html,upload.status
upload_accept,raw/iclass.tku.edu.tw/course.html,upload.type
upload_accept,raw/iclass.tku.edu.tw/course.html,upload.link.embedded_url
upload_accept,raw/iclass.tku.edu.tw/course.html,upload.link.embedded_url
upload_accept,raw/iclass.tku.edu.tw/course.html,upload.link.embedded_url
upload_accept,raw/iclass.tku.edu.tw/course.html,upload.link.url
upload_accept,raw/iclass.tku.edu.tw/course.html,upload.id
upload_accept,raw/iclass.tku.edu.tw/course.html,upload
upload_accept,raw/iclass.tku.edu.tw/course.html,upload
upload_accept,raw/iclass.tku.edu.tw/course.html,upload
upload_accept,raw/iclass.tku.edu.tw/course.html,upload.type
upload_accept,raw/iclass.tku.edu.tw/course.html,uploads.length
upload_accept,raw/iclass.tku.edu.tw/course.html,upload.video_urls
upload_accept,raw/iclass.tku.edu.tw/course.html,upload.deleted
upload_accept,raw/iclass.tku.edu.tw/course.html,upload
upload_accept,raw/iclass.tku.edu.tw/course.html,upload
upload_accept,raw/iclass.tku.edu.tw/course.html,upload.video_urls
upload_accept,raw/iclass.tku.edu.tw/course.html,upload.video_urls
upload_accept,raw/iclass.tku.edu.tw/course.html,upload.video_urls
upload_accept,raw/iclass.tku.edu.tw/course.html,upload.video_src_type
upload_accept,raw/iclass.tku.edu.tw/course.html,upload.video_urls
upload_accept,raw/iclass.tku.edu.tw/course.html,upload.video_urls
upload_accept,raw/iclass.tku.edu.tw/course.html,upload.video_src_type
upload_accept,raw/iclass.tku.edu.tw/course.html,upload.video_urls
upload_accept,raw/iclass.tku.edu.tw/course.html,upload.video_urls
upload_accept,raw/iclass.tku.edu.tw/course.html,upload.video_src_type
upload_accept,raw/iclass.tku.edu.tw/course.html,upload.video_urls
upload_accept,raw/iclass.tku.edu.tw/course.html,upload.video_urls
upload_accept,raw/iclass.tku.edu.tw/course.html,upload.video_src_type
upload_accept,raw/iclass.tku.edu.tw/course.html,upload.video_urls
upload_accept,raw/iclass.tku.edu.tw/course.html,uploads-paper
upload_accept,raw/iclass.tku.edu.tw/course.html,upload
upload_accept,raw/iclass.tku.edu.tw/course.html,uploads
upload_accept,raw/iclass.tku.edu.tw/course.html,uploadWithName
upload_accept,raw/iclass.tku.edu.tw/course.html,upload.type
upload_accept,raw/iclass.tku.edu.tw/course.html,upload.id
upload_accept,raw/iclass.tku.edu.tw/course.html,uploads
upload_accept,raw/iclass.tku.edu.tw/course.html,upload.id
upload_accept,raw/iclass.tku.edu.tw/course.html,upload.key
upload_accept,raw/iclass.tku.edu.tw/course.html,upload.created_at
upload_accept,raw/iclass.tku.edu.tw/course.html,upload.name
upload_accept,raw/iclass.tku.edu.tw/course.html,upload.type
upload_accept,raw/iclass.tku.edu.tw/course.html,upload
upload_accept,raw/iclass.tku.edu.tw/course.html,upload
upload_accept,raw/iclass.tku.edu.tw/course.html,upload.enable_origin_text
upload_accept,raw/iclass.tku.edu.tw/course.html,upload.show_text
upload_accept,raw/iclass.tku.edu.tw/course.html,upload.show_text
upload_accept,raw/iclass.tku.edu.tw/course.html,upload.text
upload_accept,raw/iclass.tku.edu.tw/course.html,uploads-paper
upload_accept,raw/iclass.tku.edu.tw/course.html,upload
upload_accept,raw/iclass.tku.edu.tw/course.html,uploads
upload_accept,raw/iclass.tku.edu.tw/course.html,uploadWithName
upload_accept,raw/iclass.tku.edu.tw/course.html,upload.type
upload_accept,raw/iclass.tku.edu.tw/course.html,upload.id
upload_accept,raw/iclass.tku.edu.tw/course.html,uploads
upload_accept,raw/iclass.tku.edu.tw/course.html,upload.id
upload_accept,raw/iclass.tku.edu.tw/course.html,upload.key
upload_accept,raw/iclass.tku.edu.tw/course.html,upload.created_at
upload_accept,raw/iclass.tku.edu.tw/course.html,upload.name
upload_accept,raw/iclass.tku.edu.tw/course.html,upload.type
upload_accept,raw/iclass.tku.edu.tw/course.html,upload
upload_accept,raw/iclass.tku.edu.tw/course.html,upload
upload_accept,raw/iclass.tku.edu.tw/course.html,upload.enable_origin_text
upload_accept,raw/iclass.tku.edu.tw/course.html,upload.show_text
upload_accept,raw/iclass.tku.edu.tw/course.html,upload.show_text
upload_accept,raw/iclass.tku.edu.tw/course.html,upload.text
upload_accept,raw/iclass.tku.edu.tw/course.html,upload
upload_accept,raw/iclass.tku.edu.tw/course.html,upload-list
upload_accept,raw/iclass.tku.edu.tw/course.html,uploads
upload_accept,raw/iclass.tku.edu.tw/course.html,uploads.length
upload_accept,raw/iclass.tku.edu.tw/course.html,upload-status
upload_accept,raw/iclass.tku.edu.tw/course.html,upload
upload_accept,raw/iclass.tku.edu.tw/course.html,uploads
upload_accept,raw/iclass.tku.edu.tw/course.html,upload
upload_accept,raw/iclass.tku.edu.tw/course.html,upload.deleted
upload_accept,raw/iclass.tku.edu.tw/course.html,upload
upload_accept,raw/iclass.tku.edu.tw/course.html,uploads:
upload_accept,raw/iclass.tku.edu.tw/course.html,uploads
upload_accept,raw/iclass.tku.edu.tw/course.html,upload
upload_accept,raw/iclass.tku.edu.tw/course.html,upload
upload_accept,raw/iclass.tku.edu.tw/course.html,upload.type
upload_accept,raw/iclass.tku.edu.tw/course.html,upload.source
upload_accept,raw/iclass.tku.edu.tw/course.html,upload.source
upload_accept,raw/iclass.tku.edu.tw/course.html,upload.name.split
upload_accept,raw/iclass.tku.edu.tw/course.html,upload.name.split
upload_accept,raw/iclass.tku.edu.tw/course.html,upload.source
upload_accept,raw/iclass.tku.edu.tw/course.html,Extension
upload_accept,raw/iclass.tku.edu.tw/course.html,upload
upload_accept,raw/iclass.tku.edu.tw/course.html,upload.name
upload_accept,raw/iclass.tku.edu.tw/course.html,upload.name
upload_accept,raw/iclass.tku.edu.tw/course.html,extension
upload_accept,raw/iclass.tku.edu.tw/course.html,upload.name
upload_accept,raw/iclass.tku.edu.tw/course.html,Extension
upload_accept,raw/iclass.tku.edu.tw/course.html,upload.type
upload_accept,raw/iclass.tku.edu.tw/course.html,upload.title
upload_accept,raw/iclass.tku.edu.tw/course.html,upload.title
upload_accept,raw/iclass.tku.edu.tw/course.html,upload.deleted
upload_accept,raw/iclass.tku.edu.tw/course.html,upload.source
upload_accept,raw/iclass.tku.edu.tw/course.html,upload.status
upload_accept,raw/iclass.tku.edu.tw/course.html,upload.status
upload_accept,raw/iclass.tku.edu.tw/course.html,upload.status
upload_accept,raw/iclass.tku.edu.tw/course.html,upload.type
upload_accept,raw/iclass.tku.edu.tw/course.html,upload.videos
upload_accept,raw/iclass.tku.edu.tw/course.html,upload.status
upload_accept,raw/iclass.tku.edu.tw/course.html,upload.deleted
upload_accept,raw/iclass.tku.edu.tw/course.html,upload
upload_accept,raw/iclass.tku.edu.tw/course.html,upload.status
upload_accept,raw/iclass.tku.edu.tw/course.html,uploadsStatus
upload_accept,raw/iclass.tku.edu.tw/course.html,upload.id
upload_accept,raw/iclass.tku.edu.tw/course.html,upload.deleted
upload_accept,raw/iclass.tku.edu.tw/course.html,upload.status
upload_accept,raw/iclass.tku.edu.tw/course.html,uploadsStatus
upload_accept,raw/iclass.tku.edu.tw/course.html,upload.id
upload_accept,raw/iclass.tku.edu.tw/course.html,upload.type
upload_accept,raw/iclass.tku.edu.tw/course.html,upload.videos
upload_accept,raw/iclass.tku.edu.tw/course.html,upload.deleted
upload_accept,raw/iclass.tku.edu.tw/course.html,upload
upload_accept,raw/iclass.tku.edu.tw/course.html,upload.deleted
upload_accept,raw/iclass.tku.edu.tw/course.html,UploadFailed
upload_accept,raw/iclass.tku.edu.tw/course.html,upload.status
upload_accept,raw/iclass.tku.edu.tw/course.html,uploadsStatus
upload_accept,raw/iclass.tku.edu.tw/course.html,upload.id
upload_accept,raw/iclass.tku.edu.tw/course.html,UploadProcessing
upload_accept,raw/iclass.tku.edu.tw/course.html,upload.status
upload_accept,raw/iclass.tku.edu.tw/course.html,uploadsStatus
upload_accept,raw/iclass.tku.edu.tw/course.html,upload.id
upload_accept,raw/iclass.tku.edu.tw/course.html,upload.type
upload_accept,raw/iclass.tku.edu.tw/course.html,upload.videos
upload_accept,raw/iclass.tku.edu.tw/course.html,FileSize
upload_accept,raw/iclass.tku.edu.tw/course.html,UploadFailed
upload_accept,raw/iclass.tku.edu.tw/course.html,UploadProcessing
upload_accept,raw/iclass.tku.edu.tw/course.html,upload.size
upload_accept,raw/iclass.tku.edu.tw/course.html,upload.source
upload_accept,raw/iclass.tku.edu.tw/course.html,upload.source
upload_accept,raw/iclass.tku.edu.tw/course.html,FileSize
upload_accept,raw/iclass.tku.edu.tw/course.html,upload.size
upload_accept,raw/iclass.tku.edu.tw/course.html,upload.source
upload_accept,raw/iclass.tku.edu.tw/course.html,FileSize
upload_accept,raw/iclass.tku.edu.tw/course.html,upload.deleted
upload_accept,raw/iclass.tku.edu.tw/course.html,UploadFailed
upload_accept,raw/iclass.tku.edu.tw/course.html,UploadProcessing
upload_accept,raw/iclass.tku.edu.tw/course.html,upload
upload_accept,raw/iclass.tku.edu.tw/course.html,upload.type
upload_accept,raw/iclass.tku.edu.tw/course.html,upload.scorm
upload_accept,raw/iclass.tku.edu.tw/course.html,upload.scorm.files_size
upload_accept,raw/iclass.tku.edu.tw/course.html,upload.type
upload_accept,raw/iclass.tku.edu.tw/course.html,upload.duration
upload_accept,raw/iclass.tku.edu.tw/course.html,upload.duration
upload_accept,raw/iclass.tku.edu.tw/course.html,uploads:
upload_accept,raw/iclass.tku.edu.tw/course.html,uploads
upload_accept,raw/iclass.tku.edu.tw/course.html,upload
upload_accept,raw/iclass.tku.edu.tw/course.html,upload
upload_accept,raw/iclass.tku.edu.tw/course.html,upload
upload_accept,raw/iclass.tku.edu.tw/course.html,upload.deleted
upload_accept,raw/iclass.tku.edu.tw/course.html,upload
upload_accept,raw/iclass.tku.edu.tw/course.html,upload.source
upload_accept,raw/iclass.tku.edu.tw/course.html,upload
upload_accept,raw/iclass.tku.edu.tw/course.html,upload.audit_status
upload_accept,raw/iclass.tku.edu.tw/course.html,upload.viewCount
upload_accept,raw/iclass.tku.edu.tw/course.html,upload
upload_accept,raw/iclass.tku.edu.tw/course.html,upload.deleted
upload_accept,raw/iclass.tku.edu.tw/course.html,upload
upload_accept,raw/iclass.tku.edu.tw/course.html,upload
upload_accept,raw/iclass.tku.edu.tw/course.html,upload.type
upload_accept,raw/iclass.tku.edu.tw/course.html,upload.source
upload_accept,raw/iclass.tku.edu.tw/course.html,upload.source
upload_accept,raw/iclass.tku.edu.tw/course.html,upload.name.split
upload_accept,raw/iclass.tku.edu.tw/course.html,upload.name.split
upload_accept,raw/iclass.tku.edu.tw/course.html,upload.source
upload_accept,raw/iclass.tku.edu.tw/course.html,Extension
upload_accept,raw/iclass.tku.edu.tw/course.html,upload
upload_accept,raw/iclass.tku.edu.tw/course.html,upload.name
upload_accept,raw/iclass.tku.edu.tw/course.html,upload.name
upload_accept,raw/iclass.tku.edu.tw/course.html,extension
upload_accept,raw/iclass.tku.edu.tw/course.html,upload.name
upload_accept,raw/iclass.tku.edu.tw/course.html,Extension
upload_accept,raw/iclass.tku.edu.tw/course.html,upload.type
upload_accept,raw/iclass.tku.edu.tw/course.html,upload.title
upload_accept,raw/iclass.tku.edu.tw/course.html,upload.title
upload_accept,raw/iclass.tku.edu.tw/course.html,upload.deleted
upload_accept,raw/iclass.tku.edu.tw/course.html,upload.source
upload_accept,raw/iclass.tku.edu.tw/course.html,upload.status
upload_accept,raw/iclass.tku.edu.tw/course.html,upload.status
upload_accept,raw/iclass.tku.edu.tw/course.html,upload.status
upload_accept,raw/iclass.tku.edu.tw/course.html,upload.type
upload_accept,raw/iclass.tku.edu.tw/course.html,upload.videos
upload_accept,raw/iclass.tku.edu.tw/course.html,upload.status
upload_accept,raw/iclass.tku.edu.tw/course.html,upload.deleted
upload_accept,raw/iclass.tku.edu.tw/course.html,upload
upload_accept,raw/iclass.tku.edu.tw/course.html,upload.status
upload_accept,raw/iclass.tku.edu.tw/course.html,uploadsStatus
upload_accept,raw/iclass.tku.edu.tw/course.html,upload.id
upload_accept,raw/iclass.tku.edu.tw/course.html,upload.deleted
upload_accept,raw/iclass.tku.edu.tw/course.html,upload.status
upload_accept,raw/iclass.tku.edu.tw/course.html,uploadsStatus
upload_accept,raw/iclass.tku.edu.tw/course.html,upload.id
upload_accept,raw/iclass.tku.edu.tw/course.html,upload.type
upload_accept,raw/iclass.tku.edu.tw/course.html,upload.videos
upload_accept,raw/iclass.tku.edu.tw/course.html,upload.deleted
upload_accept,raw/iclass.tku.edu.tw/course.html,upload
upload_accept,raw/iclass.tku.edu.tw/course.html,upload.deleted
upload_accept,raw/iclass.tku.edu.tw/course.html,UploadFailed
upload_accept,raw/iclass.tku.edu.tw/course.html,upload.status
upload_accept,raw/iclass.tku.edu.tw/course.html,uploadsStatus
upload_accept,raw/iclass.tku.edu.tw/course.html,upload.id
upload_accept,raw/iclass.tku.edu.tw/course.html,UploadProcessing
upload_accept,raw/iclass.tku.edu.tw/course.html,upload.status
upload_accept,raw/iclass.tku.edu.tw/course.html,uploadsStatus
upload_accept,raw/iclass.tku.edu.tw/course.html,upload.id
upload_accept,raw/iclass.tku.edu.tw/course.html,upload.type
upload_accept,raw/iclass.tku.edu.tw/course.html,upload.videos
upload_accept,raw/iclass.tku.edu.tw/course.html,FileSize
upload_accept,raw/iclass.tku.edu.tw/course.html,UploadFailed
upload_accept,raw/iclass.tku.edu.tw/course.html,UploadProcessing
upload_accept,raw/iclass.tku.edu.tw/course.html,upload.size
upload_accept,raw/iclass.tku.edu.tw/course.html,upload.source
upload_accept,raw/iclass.tku.edu.tw/course.html,upload.source
upload_accept,raw/iclass.tku.edu.tw/course.html,FileSize
upload_accept,raw/iclass.tku.edu.tw/course.html,upload.size
upload_accept,raw/iclass.tku.edu.tw/course.html,upload.source
upload_accept,raw/iclass.tku.edu.tw/course.html,FileSize
upload_accept,raw/iclass.tku.edu.tw/course.html,upload.deleted
upload_accept,raw/iclass.tku.edu.tw/course.html,UploadFailed
upload_accept,raw/iclass.tku.edu.tw/course.html,UploadProcessing
upload_accept,raw/iclass.tku.edu.tw/course.html,upload
upload_accept,raw/iclass.tku.edu.tw/course.html,upload.type
upload_accept,raw/iclass.tku.edu.tw/course.html,upload.scorm
upload_accept,raw/iclass.tku.edu.tw/course.html,upload.scorm.files_size
upload_accept,raw/iclass.tku.edu.tw/course.html,upload.type
upload_accept,raw/iclass.tku.edu.tw/course.html,upload.duration
upload_accept,raw/iclass.tku.edu.tw/course.html,upload.duration
upload_accept,raw/iclass.tku.edu.tw/course.html,uploads:
upload_accept,raw/iclass.tku.edu.tw/course.html,uploads
upload_accept,raw/iclass.tku.edu.tw/course.html,upload
upload_accept,raw/iclass.tku.edu.tw/course.html,upload
upload_accept,raw/iclass.tku.edu.tw/course.html,upload
upload_accept,raw/iclass.tku.edu.tw/course.html,upload.deleted
upload_accept,raw/iclass.tku.edu.tw/course.html,upload
upload_accept,raw/iclass.tku.edu.tw/course.html,upload.source
upload_accept,raw/iclass.tku.edu.tw/course.html,upload
upload_accept,raw/iclass.tku.edu.tw/course.html,upload.audit_status
upload_accept,raw/iclass.tku.edu.tw/course.html,upload.viewCount
upload_accept,raw/iclass.tku.edu.tw/course.html,uploads-paper
upload_accept,raw/iclass.tku.edu.tw/course.html,upload
upload_accept,raw/iclass.tku.edu.tw/course.html,uploads
upload_accept,raw/iclass.tku.edu.tw/course.html,uploadWithName
upload_accept,raw/iclass.tku.edu.tw/course.html,upload.type
upload_accept,raw/iclass.tku.edu.tw/course.html,upload.id
upload_accept,raw/iclass.tku.edu.tw/course.html,uploads
upload_accept,raw/iclass.tku.edu.tw/course.html,upload.id
upload_accept,raw/iclass.tku.edu.tw/course.html,upload.key
upload_accept,raw/iclass.tku.edu.tw/course.html,upload.created_at
upload_accept,raw/iclass.tku.edu.tw/course.html,upload.name
upload_accept,raw/iclass.tku.edu.tw/course.html,upload.type
upload_accept,raw/iclass.tku.edu.tw/course.html,upload
upload_accept,raw/iclass.tku.edu.tw/course.html,upload
upload_accept,raw/iclass.tku.edu.tw/course.html,upload.enable_origin_text
upload_accept,raw/iclass.tku.edu.tw/course.html,upload.show_text
upload_accept,raw/iclass.tku.edu.tw/course.html,upload.show_text
upload_accept,raw/iclass.tku.edu.tw/course.html,upload.text
upload_accept,raw/iclass.tku.edu.tw/course.html,uploads-paper
upload_accept,raw/iclass.tku.edu.tw/course.html,upload
upload_accept,raw/iclass.tku.edu.tw/course.html,uploads
upload_accept,raw/iclass.tku.edu.tw/course.html,uploadWithName
upload_accept,raw/iclass.tku.edu.tw/course.html,upload.type
upload_accept,raw/iclass.tku.edu.tw/course.html,upload.id
upload_accept,raw/iclass.tku.edu.tw/course.html,uploads
upload_accept,raw/iclass.tku.edu.tw/course.html,upload.id
upload_accept,raw/iclass.tku.edu.tw/course.html,upload.key
upload_accept,raw/iclass.tku.edu.tw/course.html,upload.created_at
upload_accept,raw/iclass.tku.edu.tw/course.html,upload.name
upload_accept,raw/iclass.tku.edu.tw/course.html,upload.type
upload_accept,raw/iclass.tku.edu.tw/course.html,upload
upload_accept,raw/iclass.tku.edu.tw/course.html,upload
upload_accept,raw/iclass.tku.edu.tw/course.html,upload.enable_origin_text
upload_accept,raw/iclass.tku.edu.tw/course.html,upload.show_text
upload_accept,raw/iclass.tku.edu.tw/course.html,upload.show_text
upload_accept,raw/iclass.tku.edu.tw/course.html,upload.text
upload_accept,raw/iclass.tku.edu.tw/course.html,uploads-paper
upload_accept,raw/iclass.tku.edu.tw/course.html,upload
upload_accept,raw/iclass.tku.edu.tw/course.html,uploads
upload_accept,raw/iclass.tku.edu.tw/course.html,uploadWithName
upload_accept,raw/iclass.tku.edu.tw/course.html,upload.type
upload_accept,raw/iclass.tku.edu.tw/course.html,upload.id
upload_accept,raw/iclass.tku.edu.tw/course.html,uploads
upload_accept,raw/iclass.tku.edu.tw/course.html,upload.id
upload_accept,raw/iclass.tku.edu.tw/course.html,upload.key
upload_accept,raw/iclass.tku.edu.tw/course.html,upload.created_at
upload_accept,raw/iclass.tku.edu.tw/course.html,upload.name
upload_accept,raw/iclass.tku.edu.tw/course.html,upload.type
upload_accept,raw/iclass.tku.edu.tw/course.html,upload
upload_accept,raw/iclass.tku.edu.tw/course.html,upload
upload_accept,raw/iclass.tku.edu.tw/course.html,upload.enable_origin_text
upload_accept,raw/iclass.tku.edu.tw/course.html,upload.show_text
upload_accept,raw/iclass.tku.edu.tw/course.html,upload.show_text
upload_accept,raw/iclass.tku.edu.tw/course.html,upload.text
upload_accept,raw/iclass.tku.edu.tw/course.html,upload
upload_accept,raw/iclass.tku.edu.tw/course.html,upload-list
upload_accept,raw/iclass.tku.edu.tw/course.html,uploads
upload_accept,raw/iclass.tku.edu.tw/course.html,uploads.length
upload_accept,raw/iclass.tku.edu.tw/course.html,upload-status
upload_accept,raw/iclass.tku.edu.tw/course.html,upload
upload_accept,raw/iclass.tku.edu.tw/course.html,uploads
upload_accept,raw/iclass.tku.edu.tw/course.html,upload
upload_accept,raw/iclass.tku.edu.tw/course.html,upload.deleted
upload_accept,raw/iclass.tku.edu.tw/course.html,upload
upload_accept,raw/iclass.tku.edu.tw/course.html,uploads:
upload_accept,raw/iclass.tku.edu.tw/course.html,uploads
upload_accept,raw/iclass.tku.edu.tw/course.html,upload
upload_accept,raw/iclass.tku.edu.tw/course.html,upload
upload_accept,raw/iclass.tku.edu.tw/course.html,upload.type
upload_accept,raw/iclass.tku.edu.tw/course.html,upload.source
upload_accept,raw/iclass.tku.edu.tw/course.html,upload.source
upload_accept,raw/iclass.tku.edu.tw/course.html,upload.name.split
upload_accept,raw/iclass.tku.edu.tw/course.html,upload.name.split
upload_accept,raw/iclass.tku.edu.tw/course.html,upload.source
upload_accept,raw/iclass.tku.edu.tw/course.html,Extension
upload_accept,raw/iclass.tku.edu.tw/course.html,upload
upload_accept,raw/iclass.tku.edu.tw/course.html,upload.name
upload_accept,raw/iclass.tku.edu.tw/course.html,upload.name
upload_accept,raw/iclass.tku.edu.tw/course.html,extension
upload_accept,raw/iclass.tku.edu.tw/course.html,upload.name
upload_accept,raw/iclass.tku.edu.tw/course.html,Extension
upload_accept,raw/iclass.tku.edu.tw/course.html,upload.type
upload_accept,raw/iclass.tku.edu.tw/course.html,upload.title
upload_accept,raw/iclass.tku.edu.tw/course.html,upload.title
upload_accept,raw/iclass.tku.edu.tw/course.html,upload.deleted
upload_accept,raw/iclass.tku.edu.tw/course.html,upload.source
upload_accept,raw/iclass.tku.edu.tw/course.html,upload.status
upload_accept,raw/iclass.tku.edu.tw/course.html,upload.status
upload_accept,raw/iclass.tku.edu.tw/course.html,upload.status
upload_accept,raw/iclass.tku.edu.tw/course.html,upload.type
upload_accept,raw/iclass.tku.edu.tw/course.html,upload.videos
upload_accept,raw/iclass.tku.edu.tw/course.html,upload.status
upload_accept,raw/iclass.tku.edu.tw/course.html,upload.deleted
upload_accept,raw/iclass.tku.edu.tw/course.html,upload
upload_accept,raw/iclass.tku.edu.tw/course.html,upload.status
upload_accept,raw/iclass.tku.edu.tw/course.html,uploadsStatus
upload_accept,raw/iclass.tku.edu.tw/course.html,upload.id
upload_accept,raw/iclass.tku.edu.tw/course.html,upload.deleted
upload_accept,raw/iclass.tku.edu.tw/course.html,upload.status
upload_accept,raw/iclass.tku.edu.tw/course.html,uploadsStatus
upload_accept,raw/iclass.tku.edu.tw/course.html,upload.id
upload_accept,raw/iclass.tku.edu.tw/course.html,upload.type
upload_accept,raw/iclass.tku.edu.tw/course.html,upload.videos
upload_accept,raw/iclass.tku.edu.tw/course.html,upload.deleted
upload_accept,raw/iclass.tku.edu.tw/course.html,upload
upload_accept,raw/iclass.tku.edu.tw/course.html,upload.deleted
upload_accept,raw/iclass.tku.edu.tw/course.html,UploadFailed
upload_accept,raw/iclass.tku.edu.tw/course.html,upload.status
upload_accept,raw/iclass.tku.edu.tw/course.html,uploadsStatus
upload_accept,raw/iclass.tku.edu.tw/course.html,upload.id
upload_accept,raw/iclass.tku.edu.tw/course.html,UploadProcessing
upload_accept,raw/iclass.tku.edu.tw/course.html,upload.status
upload_accept,raw/iclass.tku.edu.tw/course.html,uploadsStatus
upload_accept,raw/iclass.tku.edu.tw/course.html,upload.id
upload_accept,raw/iclass.tku.edu.tw/course.html,upload.type
upload_accept,raw/iclass.tku.edu.tw/course.html,upload.videos
upload_accept,raw/iclass.tku.edu.tw/course.html,FileSize
upload_accept,raw/iclass.tku.edu.tw/course.html,UploadFailed
upload_accept,raw/iclass.tku.edu.tw/course.html,UploadProcessing
upload_accept,raw/iclass.tku.edu.tw/course.html,upload.size
upload_accept,raw/iclass.tku.edu.tw/course.html,upload.source
upload_accept,raw/iclass.tku.edu.tw/course.html,upload.source
upload_accept,raw/iclass.tku.edu.tw/course.html,FileSize
upload_accept,raw/iclass.tku.edu.tw/course.html,upload.size
upload_accept,raw/iclass.tku.edu.tw/course.html,upload.source
upload_accept,raw/iclass.tku.edu.tw/course.html,FileSize
upload_accept,raw/iclass.tku.edu.tw/course.html,upload.deleted
upload_accept,raw/iclass.tku.edu.tw/course.html,UploadFailed
upload_accept,raw/iclass.tku.edu.tw/course.html,UploadProcessing
upload_accept,raw/iclass.tku.edu.tw/course.html,upload
upload_accept,raw/iclass.tku.edu.tw/course.html,upload.type
upload_accept,raw/iclass.tku.edu.tw/course.html,upload.scorm
upload_accept,raw/iclass.tku.edu.tw/course.html,upload.scorm.files_size
upload_accept,raw/iclass.tku.edu.tw/course.html,upload.type
upload_accept,raw/iclass.tku.edu.tw/course.html,upload.duration
upload_accept,raw/iclass.tku.edu.tw/course.html,upload.duration
upload_accept,raw/iclass.tku.edu.tw/course.html,uploads:
upload_accept,raw/iclass.tku.edu.tw/course.html,uploads
upload_accept,raw/iclass.tku.edu.tw/course.html,upload
upload_accept,raw/iclass.tku.edu.tw/course.html,upload
upload_accept,raw/iclass.tku.edu.tw/course.html,upload
upload_accept,raw/iclass.tku.edu.tw/course.html,upload.deleted
upload_accept,raw/iclass.tku.edu.tw/course.html,upload
upload_accept,raw/iclass.tku.edu.tw/course.html,upload.source
upload_accept,raw/iclass.tku.edu.tw/course.html,upload
upload_accept,raw/iclass.tku.edu.tw/course.html,upload.audit_status
upload_accept,raw/iclass.tku.edu.tw/course.html,upload.viewCount
upload_accept,raw/iclass.tku.edu.tw/course.html,upload
upload_accept,raw/iclass.tku.edu.tw/course.html,upload.deleted
upload_accept,raw/iclass.tku.edu.tw/course.html,upload
upload_accept,raw/iclass.tku.edu.tw/course.html,upload
upload_accept,raw/iclass.tku.edu.tw/course.html,upload.type
upload_accept,raw/iclass.tku.edu.tw/course.html,upload.source
upload_accept,raw/iclass.tku.edu.tw/course.html,upload.source
upload_accept,raw/iclass.tku.edu.tw/course.html,upload.name.split
upload_accept,raw/iclass.tku.edu.tw/course.html,upload.name.split
upload_accept,raw/iclass.tku.edu.tw/course.html,upload.source
upload_accept,raw/iclass.tku.edu.tw/course.html,Extension
upload_accept,raw/iclass.tku.edu.tw/course.html,upload
upload_accept,raw/iclass.tku.edu.tw/course.html,upload.name
upload_accept,raw/iclass.tku.edu.tw/course.html,upload.name
upload_accept,raw/iclass.tku.edu.tw/course.html,extension
upload_accept,raw/iclass.tku.edu.tw/course.html,upload.name
upload_accept,raw/iclass.tku.edu.tw/course.html,Extension
upload_accept,raw/iclass.tku.edu.tw/course.html,upload.type
upload_accept,raw/iclass.tku.edu.tw/course.html,upload.title
upload_accept,raw/iclass.tku.edu.tw/course.html,upload.title
upload_accept,raw/iclass.tku.edu.tw/course.html,upload.deleted
upload_accept,raw/iclass.tku.edu.tw/course.html,upload.source
upload_accept,raw/iclass.tku.edu.tw/course.html,upload.status
upload_accept,raw/iclass.tku.edu.tw/course.html,upload.status
upload_accept,raw/iclass.tku.edu.tw/course.html,upload.status
upload_accept,raw/iclass.tku.edu.tw/course.html,upload.type
upload_accept,raw/iclass.tku.edu.tw/course.html,upload.videos
upload_accept,raw/iclass.tku.edu.tw/course.html,upload.status
upload_accept,raw/iclass.tku.edu.tw/course.html,upload.deleted
upload_accept,raw/iclass.tku.edu.tw/course.html,upload
upload_accept,raw/iclass.tku.edu.tw/course.html,upload.status
upload_accept,raw/iclass.tku.edu.tw/course.html,uploadsStatus
upload_accept,raw/iclass.tku.edu.tw/course.html,upload.id
upload_accept,raw/iclass.tku.edu.tw/course.html,upload.deleted
upload_accept,raw/iclass.tku.edu.tw/course.html,upload.status
upload_accept,raw/iclass.tku.edu.tw/course.html,uploadsStatus
upload_accept,raw/iclass.tku.edu.tw/course.html,upload.id
upload_accept,raw/iclass.tku.edu.tw/course.html,upload.type
upload_accept,raw/iclass.tku.edu.tw/course.html,upload.videos
upload_accept,raw/iclass.tku.edu.tw/course.html,upload.deleted
upload_accept,raw/iclass.tku.edu.tw/course.html,upload
upload_accept,raw/iclass.tku.edu.tw/course.html,upload.deleted
upload_accept,raw/iclass.tku.edu.tw/course.html,UploadFailed
upload_accept,raw/iclass.tku.edu.tw/course.html,upload.status
upload_accept,raw/iclass.tku.edu.tw/course.html,uploadsStatus
upload_accept,raw/iclass.tku.edu.tw/course.html,upload.id
upload_accept,raw/iclass.tku.edu.tw/course.html,UploadProcessing
upload_accept,raw/iclass.tku.edu.tw/course.html,upload.status
upload_accept,raw/iclass.tku.edu.tw/course.html,uploadsStatus
upload_accept,raw/iclass.tku.edu.tw/course.html,upload.id
upload_accept,raw/iclass.tku.edu.tw/course.html,upload.type
upload_accept,raw/iclass.tku.edu.tw/course.html,upload.videos
upload_accept,raw/iclass.tku.edu.tw/course.html,FileSize
upload_accept,raw/iclass.tku.edu.tw/course.html,UploadFailed
upload_accept,raw/iclass.tku.edu.tw/course.html,UploadProcessing
upload_accept,raw/iclass.tku.edu.tw/course.html,upload.size
upload_accept,raw/iclass.tku.edu.tw/course.html,upload.source
upload_accept,raw/iclass.tku.edu.tw/course.html,upload.source
upload_accept,raw/iclass.tku.edu.tw/course.html,FileSize
upload_accept,raw/iclass.tku.edu.tw/course.html,upload.size
upload_accept,raw/iclass.tku.edu.tw/course.html,upload.source
upload_accept,raw/iclass.tku.edu.tw/course.html,FileSize
upload_accept,raw/iclass.tku.edu.tw/course.html,upload.deleted
upload_accept,raw/iclass.tku.edu.tw/course.html,UploadFailed
upload_accept,raw/iclass.tku.edu.tw/course.html,UploadProcessing
upload_accept,raw/iclass.tku.edu.tw/course.html,upload
upload_accept,raw/iclass.tku.edu.tw/course.html,upload.type
upload_accept,raw/iclass.tku.edu.tw/course.html,upload.scorm
upload_accept,raw/iclass.tku.edu.tw/course.html,upload.scorm.files_size
upload_accept,raw/iclass.tku.edu.tw/course.html,upload.type
upload_accept,raw/iclass.tku.edu.tw/course.html,upload.duration
upload_accept,raw/iclass.tku.edu.tw/course.html,upload.duration
upload_accept,raw/iclass.tku.edu.tw/course.html,uploads:
upload_accept,raw/iclass.tku.edu.tw/course.html,uploads
upload_accept,raw/iclass.tku.edu.tw/course.html,upload
upload_accept,raw/iclass.tku.edu.tw/course.html,upload
upload_accept,raw/iclass.tku.edu.tw/course.html,upload
upload_accept,raw/iclass.tku.edu.tw/course.html,upload.deleted
upload_accept,raw/iclass.tku.edu.tw/course.html,upload
upload_accept,raw/iclass.tku.edu.tw/course.html,upload.source
upload_accept,raw/iclass.tku.edu.tw/course.html,upload
upload_accept,raw/iclass.tku.edu.tw/course.html,upload.audit_status
upload_accept,raw/iclass.tku.edu.tw/course.html,upload.viewCount
upload_accept,raw/iclass.tku.edu.tw/course.html,uploads-paper
upload_accept,raw/iclass.tku.edu.tw/course.html,upload
upload_accept,raw/iclass.tku.edu.tw/course.html,uploads
upload_accept,raw/iclass.tku.edu.tw/course.html,uploadWithName
upload_accept,raw/iclass.tku.edu.tw/course.html,upload.type
upload_accept,raw/iclass.tku.edu.tw/course.html,upload.id
upload_accept,raw/iclass.tku.edu.tw/course.html,uploads
upload_accept,raw/iclass.tku.edu.tw/course.html,upload.id
upload_accept,raw/iclass.tku.edu.tw/course.html,upload.key
upload_accept,raw/iclass.tku.edu.tw/course.html,upload.created_at
upload_accept,raw/iclass.tku.edu.tw/course.html,upload.name
upload_accept,raw/iclass.tku.edu.tw/course.html,upload.type
upload_accept,raw/iclass.tku.edu.tw/course.html,upload
upload_accept,raw/iclass.tku.edu.tw/course.html,upload
upload_accept,raw/iclass.tku.edu.tw/course.html,upload.enable_origin_text
upload_accept,raw/iclass.tku.edu.tw/course.html,upload.show_text
upload_accept,raw/iclass.tku.edu.tw/course.html,upload.show_text
upload_accept,raw/iclass.tku.edu.tw/course.html,upload.text
upload_accept,raw/iclass.tku.edu.tw/course.html,uploads-paper
upload_accept,raw/iclass.tku.edu.tw/course.html,upload
upload_accept,raw/iclass.tku.edu.tw/course.html,uploads
upload_accept,raw/iclass.tku.edu.tw/course.html,uploadWithName
upload_accept,raw/iclass.tku.edu.tw/course.html,upload.type
upload_accept,raw/iclass.tku.edu.tw/course.html,upload.id
upload_accept,raw/iclass.tku.edu.tw/course.html,uploads
upload_accept,raw/iclass.tku.edu.tw/course.html,upload.id
upload_accept,raw/iclass.tku.edu.tw/course.html,upload.key
upload_accept,raw/iclass.tku.edu.tw/course.html,upload.created_at
upload_accept,raw/iclass.tku.edu.tw/course.html,upload.name
upload_accept,raw/iclass.tku.edu.tw/course.html,upload.type
upload_accept,raw/iclass.tku.edu.tw/course.html,upload
upload_accept,raw/iclass.tku.edu.tw/course.html,upload
upload_accept,raw/iclass.tku.edu.tw/course.html,upload.enable_origin_text
upload_accept,raw/iclass.tku.edu.tw/course.html,upload.show_text
upload_accept,raw/iclass.tku.edu.tw/course.html,upload.show_text
upload_accept,raw/iclass.tku.edu.tw/course.html,upload.text
upload_accept,raw/iclass.tku.edu.tw/course.html,uploads-paper
upload_accept,raw/iclass.tku.edu.tw/course.html,upload
upload_accept,raw/iclass.tku.edu.tw/course.html,uploads
upload_accept,raw/iclass.tku.edu.tw/course.html,uploadWithName
upload_accept,raw/iclass.tku.edu.tw/course.html,upload.type
upload_accept,raw/iclass.tku.edu.tw/course.html,upload.id
upload_accept,raw/iclass.tku.edu.tw/course.html,uploads
upload_accept,raw/iclass.tku.edu.tw/course.html,upload.id
upload_accept,raw/iclass.tku.edu.tw/course.html,upload.key
upload_accept,raw/iclass.tku.edu.tw/course.html,upload.created_at
upload_accept,raw/iclass.tku.edu.tw/course.html,upload.name
upload_accept,raw/iclass.tku.edu.tw/course.html,upload.type
upload_accept,raw/iclass.tku.edu.tw/course.html,upload
upload_accept,raw/iclass.tku.edu.tw/course.html,upload
upload_accept,raw/iclass.tku.edu.tw/course.html,upload.enable_origin_text
upload_accept,raw/iclass.tku.edu.tw/course.html,upload.show_text
upload_accept,raw/iclass.tku.edu.tw/course.html,upload.show_text
upload_accept,raw/iclass.tku.edu.tw/course.html,upload.text
upload_accept,raw/iclass.tku.edu.tw/course.html,Upload
upload_accept,raw/iclass.tku.edu.tw/course.html,uploads:
upload_accept,raw/iclass.tku.edu.tw/course.html,Upload
upload_accept,raw/iclass.tku.edu.tw/course.html,Upload
upload_accept,raw/iclass.tku.edu.tw/course.html,Upload.source
upload_accept,raw/iclass.tku.edu.tw/course.html,Upload
upload_accept,raw/iclass.tku.edu.tw/course.html,Upload.deleted
upload_accept,raw/iclass.tku.edu.tw/course.html,uploads
upload_accept,raw/iclass.tku.edu.tw/course.html,Upload.id
upload_accept,raw/iclass.tku.edu.tw/course.html,Upload
upload_accept,raw/iclass.tku.edu.tw/course.html,Upload
upload_accept,raw/iclass.tku.edu.tw/course.html,Upload.reference_id
upload_accept,raw/iclass.tku.edu.tw/course.html,Upload.deleted
upload_accept,raw/iclass.tku.edu.tw/course.html,Upload.allow_download
upload_accept,raw/iclass.tku.edu.tw/course.html,Upload.source
upload_accept,raw/iclass.tku.edu.tw/course.html,Upload
upload_accept,raw/iclass.tku.edu.tw/course.html,upload-list
upload_accept,raw/iclass.tku.edu.tw/course.html,uploads
upload_accept,raw/iclass.tku.edu.tw/course.html,uploads.length
upload_accept,raw/iclass.tku.edu.tw/course.html,upload-status
upload_accept,raw/iclass.tku.edu.tw/course.html,upload
upload_accept,raw/iclass.tku.edu.tw/course.html,uploads
upload_accept,raw/iclass.tku.edu.tw/course.html,upload
upload_accept,raw/iclass.tku.edu.tw/course.html,upload.deleted
upload_accept,raw/iclass.tku.edu.tw/course.html,upload
upload_accept,raw/iclass.tku.edu.tw/course.html,uploads:
upload_accept,raw/iclass.tku.edu.tw/course.html,uploads
upload_accept,raw/iclass.tku.edu.tw/course.html,upload
upload_accept,raw/iclass.tku.edu.tw/course.html,upload
upload_accept,raw/iclass.tku.edu.tw/course.html,upload.type
upload_accept,raw/iclass.tku.edu.tw/course.html,upload.source
upload_accept,raw/iclass.tku.edu.tw/course.html,upload.source
upload_accept,raw/iclass.tku.edu.tw/course.html,upload.name.split
upload_accept,raw/iclass.tku.edu.tw/course.html,upload.name.split
upload_accept,raw/iclass.tku.edu.tw/course.html,upload.source
upload_accept,raw/iclass.tku.edu.tw/course.html,Extension
upload_accept,raw/iclass.tku.edu.tw/course.html,upload
upload_accept,raw/iclass.tku.edu.tw/course.html,upload.name
upload_accept,raw/iclass.tku.edu.tw/course.html,upload.name
upload_accept,raw/iclass.tku.edu.tw/course.html,extension
upload_accept,raw/iclass.tku.edu.tw/course.html,upload.name
upload_accept,raw/iclass.tku.edu.tw/course.html,Extension
upload_accept,raw/iclass.tku.edu.tw/course.html,upload.type
upload_accept,raw/iclass.tku.edu.tw/course.html,upload.title
upload_accept,raw/iclass.tku.edu.tw/course.html,upload.title
upload_accept,raw/iclass.tku.edu.tw/course.html,upload.deleted
upload_accept,raw/iclass.tku.edu.tw/course.html,upload.source
upload_accept,raw/iclass.tku.edu.tw/course.html,upload.status
upload_accept,raw/iclass.tku.edu.tw/course.html,upload.status
upload_accept,raw/iclass.tku.edu.tw/course.html,upload.status
upload_accept,raw/iclass.tku.edu.tw/course.html,upload.type
upload_accept,raw/iclass.tku.edu.tw/course.html,upload.videos
upload_accept,raw/iclass.tku.edu.tw/course.html,upload.status
upload_accept,raw/iclass.tku.edu.tw/course.html,upload.deleted
upload_accept,raw/iclass.tku.edu.tw/course.html,upload
upload_accept,raw/iclass.tku.edu.tw/course.html,upload.status
upload_accept,raw/iclass.tku.edu.tw/course.html,uploadsStatus
upload_accept,raw/iclass.tku.edu.tw/course.html,upload.id
upload_accept,raw/iclass.tku.edu.tw/course.html,upload.deleted
upload_accept,raw/iclass.tku.edu.tw/course.html,upload.status
upload_accept,raw/iclass.tku.edu.tw/course.html,uploadsStatus
upload_accept,raw/iclass.tku.edu.tw/course.html,upload.id
upload_accept,raw/iclass.tku.edu.tw/course.html,upload.type
upload_accept,raw/iclass.tku.edu.tw/course.html,upload.videos
upload_accept,raw/iclass.tku.edu.tw/course.html,upload.deleted
upload_accept,raw/iclass.tku.edu.tw/course.html,upload
upload_accept,raw/iclass.tku.edu.tw/course.html,upload.deleted
upload_accept,raw/iclass.tku.edu.tw/course.html,UploadFailed
upload_accept,raw/iclass.tku.edu.tw/course.html,upload.status
upload_accept,raw/iclass.tku.edu.tw/course.html,uploadsStatus
upload_accept,raw/iclass.tku.edu.tw/course.html,upload.id
upload_accept,raw/iclass.tku.edu.tw/course.html,UploadProcessing
upload_accept,raw/iclass.tku.edu.tw/course.html,upload.status
upload_accept,raw/iclass.tku.edu.tw/course.html,uploadsStatus
upload_accept,raw/iclass.tku.edu.tw/course.html,upload.id
upload_accept,raw/iclass.tku.edu.tw/course.html,upload.type
upload_accept,raw/iclass.tku.edu.tw/course.html,upload.videos
upload_accept,raw/iclass.tku.edu.tw/course.html,FileSize
upload_accept,raw/iclass.tku.edu.tw/course.html,UploadFailed
upload_accept,raw/iclass.tku.edu.tw/course.html,UploadProcessing
upload_accept,raw/iclass.tku.edu.tw/course.html,upload.size
upload_accept,raw/iclass.tku.edu.tw/course.html,upload.source
upload_accept,raw/iclass.tku.edu.tw/course.html,upload.source
upload_accept,raw/iclass.tku.edu.tw/course.html,FileSize
upload_accept,raw/iclass.tku.edu.tw/course.html,upload.size
upload_accept,raw/iclass.tku.edu.tw/course.html,upload.source
upload_accept,raw/iclass.tku.edu.tw/course.html,FileSize
upload_accept,raw/iclass.tku.edu.tw/course.html,upload.deleted
upload_accept,raw/iclass.tku.edu.tw/course.html,UploadFailed
upload_accept,raw/iclass.tku.edu.tw/course.html,UploadProcessing
upload_accept,raw/iclass.tku.edu.tw/course.html,upload
upload_accept,raw/iclass.tku.edu.tw/course.html,upload.type
upload_accept,raw/iclass.tku.edu.tw/course.html,upload.scorm
upload_accept,raw/iclass.tku.edu.tw/course.html,upload.scorm.files_size
upload_accept,raw/iclass.tku.edu.tw/course.html,upload.type
upload_accept,raw/iclass.tku.edu.tw/course.html,upload.duration
upload_accept,raw/iclass.tku.edu.tw/course.html,upload.duration
upload_accept,raw/iclass.tku.edu.tw/course.html,upload.id
upload_accept,raw/iclass.tku.edu.tw/course.html,upload
upload_accept,raw/iclass.tku.edu.tw/course.html,upload.source
upload_accept,raw/iclass.tku.edu.tw/course.html,upload.url
upload_accept,raw/iclass.tku.edu.tw/course.html,uploads:
upload_accept,raw/iclass.tku.edu.tw/course.html,uploads
upload_accept,raw/iclass.tku.edu.tw/course.html,upload
upload_accept,raw/iclass.tku.edu.tw/course.html,upload
upload_accept,raw/iclass.tku.edu.tw/course.html,upload.source
upload_accept,raw/iclass.tku.edu.tw/course.html,upload
upload_accept,raw/iclass.tku.edu.tw/course.html,upload.deleted
upload_accept,raw/iclass.tku.edu.tw/course.html,upload
upload_accept,raw/iclass.tku.edu.tw/course.html,upload.id
upload_accept,raw/iclass.tku.edu.tw/course.html,upload.source
upload_accept,raw/iclass.tku.edu.tw/course.html,upload.id
upload_accept,raw/iclass.tku.edu.tw/course.html,upload
upload_accept,raw/iclass.tku.edu.tw/course.html,uploads
upload_accept,raw/iclass.tku.edu.tw/course.html,upload.reference_id
upload_accept,raw/iclass.tku.edu.tw/course.html,upload
upload_accept,raw/iclass.tku.edu.tw/course.html,upload.reference_id
upload_accept,raw/iclass.tku.edu.tw/course.html,upload.deleted
upload_accept,raw/iclass.tku.edu.tw/course.html,upload.allow_download
upload_accept,raw/iclass.tku.edu.tw/course.html,upload
upload_accept,raw/iclass.tku.edu.tw/course.html,uploads
upload_accept,raw/iclass.tku.edu.tw/course.html,upload.id
upload_accept,raw/iclass.tku.edu.tw/course.html,upload
upload_accept,raw/iclass.tku.edu.tw/course.html,upload.reference_id
upload_accept,raw/iclass.tku.edu.tw/course.html,upload.deleted
upload_accept,raw/iclass.tku.edu.tw/course.html,upload.allow_download
upload_accept,raw/iclass.tku.edu.tw/course.html,upload.source
upload_accept,raw/iclass.tku.edu.tw/course.html,upload
upload_accept,raw/iclass.tku.edu.tw/course.html,upload.url
upload_accept,raw/iclass.tku.edu.tw/course.html,upload
upload_accept,raw/iclass.tku.edu.tw/course.html,upload.source
upload_accept,raw/iclass.tku.edu.tw/course.html,upload.source
upload_accept,raw/iclass.tku.edu.tw/course.html,upload.reference_id
upload_accept,raw/iclass.tku.edu.tw/course.html,upload.deleted
upload_accept,raw/iclass.tku.edu.tw/course.html,upload.allow_download
upload_accept,raw/iclass.tku.edu.tw/course.html,upload
upload_accept,raw/iclass.tku.edu.tw/course.html,uploads
upload_accept,raw/iclass.tku.edu.tw/course.html,upload.id
upload_accept,raw/iclass.tku.edu.tw/course.html,upload
upload_accept,raw/iclass.tku.edu.tw/course.html,upload.reference_id
upload_accept,raw/iclass.tku.edu.tw/course.html,upload.deleted
upload_accept,raw/iclass.tku.edu.tw/course.html,upload.allow_download
upload_accept,raw/iclass.tku.edu.tw/course.html,upload.source
upload_accept,raw/iclass.tku.edu.tw/course.html,upload
upload_accept,raw/iclass.tku.edu.tw/course.html,upload.fileid
upload_accept,raw/iclass.tku.edu.tw/course.html,upload.deleted
upload_accept,raw/iclass.tku.edu.tw/course.html,upload.allow_download
upload_accept,raw/iclass.tku.edu.tw/course.html,upload.source
upload_accept,raw/iclass.tku.edu.tw/course.html,upload
upload_accept,raw/iclass.tku.edu.tw/course.html,upload
upload_accept,raw/iclass.tku.edu.tw/course.html,upload.deleted
upload_accept,raw/iclass.tku.edu.tw/course.html,upload
upload_accept,raw/iclass.tku.edu.tw/course.html,upload
upload_accept,raw/iclass.tku.edu.tw/course.html,upload.type
upload_accept,raw/iclass.tku.edu.tw/course.html,upload.source
upload_accept,raw/iclass.tku.edu.tw/course.html,upload.source
upload_accept,raw/iclass.tku.edu.tw/course.html,upload.name.split
upload_accept,raw/iclass.tku.edu.tw/course.html,upload.name.split
upload_accept,raw/iclass.tku.edu.tw/course.html,upload.source
upload_accept,raw/iclass.tku.edu.tw/course.html,Extension
upload_accept,raw/iclass.tku.edu.tw/course.html,upload
upload_accept,raw/iclass.tku.edu.tw/course.html,upload.name
upload_accept,raw/iclass.tku.edu.tw/course.html,upload.name
upload_accept,raw/iclass.tku.edu.tw/course.html,extension
upload_accept,raw/iclass.tku.edu.tw/course.html,upload.name
upload_accept,raw/iclass.tku.edu.tw/course.html,Extension
upload_accept,raw/iclass.tku.edu.tw/course.html,upload.type
upload_accept,raw/iclass.tku.edu.tw/course.html,upload.title
upload_accept,raw/iclass.tku.edu.tw/course.html,upload.title
upload_accept,raw/iclass.tku.edu.tw/course.html,upload.deleted
upload_accept,raw/iclass.tku.edu.tw/course.html,upload.source
upload_accept,raw/iclass.tku.edu.tw/course.html,upload.status
upload_accept,raw/iclass.tku.edu.tw/course.html,upload.status
upload_accept,raw/iclass.tku.edu.tw/course.html,upload.status
upload_accept,raw/iclass.tku.edu.tw/course.html,upload.type
upload_accept,raw/iclass.tku.edu.tw/course.html,upload.videos
upload_accept,raw/iclass.tku.edu.tw/course.html,upload.status
upload_accept,raw/iclass.tku.edu.tw/course.html,upload.deleted
upload_accept,raw/iclass.tku.edu.tw/course.html,upload
upload_accept,raw/iclass.tku.edu.tw/course.html,upload.status
upload_accept,raw/iclass.tku.edu.tw/course.html,uploadsStatus
upload_accept,raw/iclass.tku.edu.tw/course.html,upload.id
upload_accept,raw/iclass.tku.edu.tw/course.html,upload.deleted
upload_accept,raw/iclass.tku.edu.tw/course.html,upload.status
upload_accept,raw/iclass.tku.edu.tw/course.html,uploadsStatus
upload_accept,raw/iclass.tku.edu.tw/course.html,upload.id
upload_accept,raw/iclass.tku.edu.tw/course.html,upload.type
upload_accept,raw/iclass.tku.edu.tw/course.html,upload.videos
upload_accept,raw/iclass.tku.edu.tw/course.html,upload.deleted
upload_accept,raw/iclass.tku.edu.tw/course.html,upload
upload_accept,raw/iclass.tku.edu.tw/course.html,upload.deleted
upload_accept,raw/iclass.tku.edu.tw/course.html,UploadFailed
upload_accept,raw/iclass.tku.edu.tw/course.html,upload.status
upload_accept,raw/iclass.tku.edu.tw/course.html,uploadsStatus
upload_accept,raw/iclass.tku.edu.tw/course.html,upload.id
upload_accept,raw/iclass.tku.edu.tw/course.html,UploadProcessing
upload_accept,raw/iclass.tku.edu.tw/course.html,upload.status
upload_accept,raw/iclass.tku.edu.tw/course.html,uploadsStatus
upload_accept,raw/iclass.tku.edu.tw/course.html,upload.id
upload_accept,raw/iclass.tku.edu.tw/course.html,upload.type
upload_accept,raw/iclass.tku.edu.tw/course.html,upload.videos
upload_accept,raw/iclass.tku.edu.tw/course.html,FileSize
upload_accept,raw/iclass.tku.edu.tw/course.html,UploadFailed
upload_accept,raw/iclass.tku.edu.tw/course.html,UploadProcessing
upload_accept,raw/iclass.tku.edu.tw/course.html,upload.size
upload_accept,raw/iclass.tku.edu.tw/course.html,upload.source
upload_accept,raw/iclass.tku.edu.tw/course.html,upload.source
upload_accept,raw/iclass.tku.edu.tw/course.html,FileSize
upload_accept,raw/iclass.tku.edu.tw/course.html,upload.size
upload_accept,raw/iclass.tku.edu.tw/course.html,upload.source
upload_accept,raw/iclass.tku.edu.tw/course.html,FileSize
upload_accept,raw/iclass.tku.edu.tw/course.html,upload.deleted
upload_accept,raw/iclass.tku.edu.tw/course.html,UploadFailed
upload_accept,raw/iclass.tku.edu.tw/course.html,UploadProcessing
upload_accept,raw/iclass.tku.edu.tw/course.html,upload
upload_accept,raw/iclass.tku.edu.tw/course.html,upload.type
upload_accept,raw/iclass.tku.edu.tw/course.html,upload.scorm
upload_accept,raw/iclass.tku.edu.tw/course.html,upload.scorm.files_size
upload_accept,raw/iclass.tku.edu.tw/course.html,upload.type
upload_accept,raw/iclass.tku.edu.tw/course.html,upload.duration
upload_accept,raw/iclass.tku.edu.tw/course.html,upload.duration
upload_accept,raw/iclass.tku.edu.tw/course.html,upload.id
upload_accept,raw/iclass.tku.edu.tw/course.html,upload
upload_accept,raw/iclass.tku.edu.tw/course.html,upload.source
upload_accept,raw/iclass.tku.edu.tw/course.html,upload.url
upload_accept,raw/iclass.tku.edu.tw/course.html,uploads:
upload_accept,raw/iclass.tku.edu.tw/course.html,uploads
upload_accept,raw/iclass.tku.edu.tw/course.html,upload
upload_accept,raw/iclass.tku.edu.tw/course.html,upload
upload_accept,raw/iclass.tku.edu.tw/course.html,upload.source
upload_accept,raw/iclass.tku.edu.tw/course.html,upload
upload_accept,raw/iclass.tku.edu.tw/course.html,upload.deleted
upload_accept,raw/iclass.tku.edu.tw/course.html,upload
upload_accept,raw/iclass.tku.edu.tw/course.html,upload.id
upload_accept,raw/iclass.tku.edu.tw/course.html,upload.source
upload_accept,raw/iclass.tku.edu.tw/course.html,upload.id
upload_accept,raw/iclass.tku.edu.tw/course.html,upload
upload_accept,raw/iclass.tku.edu.tw/course.html,uploads
upload_accept,raw/iclass.tku.edu.tw/course.html,upload.reference_id
upload_accept,raw/iclass.tku.edu.tw/course.html,upload
upload_accept,raw/iclass.tku.edu.tw/course.html,upload.reference_id
upload_accept,raw/iclass.tku.edu.tw/course.html,upload.deleted
upload_accept,raw/iclass.tku.edu.tw/course.html,upload.allow_download
upload_accept,raw/iclass.tku.edu.tw/course.html,upload
upload_accept,raw/iclass.tku.edu.tw/course.html,uploads
upload_accept,raw/iclass.tku.edu.tw/course.html,upload.id
upload_accept,raw/iclass.tku.edu.tw/course.html,upload
upload_accept,raw/iclass.tku.edu.tw/course.html,upload.reference_id
upload_accept,raw/iclass.tku.edu.tw/course.html,upload.deleted
upload_accept,raw/iclass.tku.edu.tw/course.html,upload.allow_download
upload_accept,raw/iclass.tku.edu.tw/course.html,upload.source
upload_accept,raw/iclass.tku.edu.tw/course.html,upload
upload_accept,raw/iclass.tku.edu.tw/course.html,upload.url
upload_accept,raw/iclass.tku.edu.tw/course.html,upload
upload_accept,raw/iclass.tku.edu.tw/course.html,upload.source
upload_accept,raw/iclass.tku.edu.tw/course.html,upload.source
upload_accept,raw/iclass.tku.edu.tw/course.html,upload.reference_id
upload_accept,raw/iclass.tku.edu.tw/course.html,upload.deleted
upload_accept,raw/iclass.tku.edu.tw/course.html,upload.allow_download
upload_accept,raw/iclass.tku.edu.tw/course.html,upload
upload_accept,raw/iclass.tku.edu.tw/course.html,uploads
upload_accept,raw/iclass.tku.edu.tw/course.html,upload.id
upload_accept,raw/iclass.tku.edu.tw/course.html,upload
upload_accept,raw/iclass.tku.edu.tw/course.html,upload.reference_id
upload_accept,raw/iclass.tku.edu.tw/course.html,upload.deleted
upload_accept,raw/iclass.tku.edu.tw/course.html,upload.allow_download
upload_accept,raw/iclass.tku.edu.tw/course.html,upload.source
upload_accept,raw/iclass.tku.edu.tw/course.html,upload
upload_accept,raw/iclass.tku.edu.tw/course.html,upload.fileid
upload_accept,raw/iclass.tku.edu.tw/course.html,upload.deleted
upload_accept,raw/iclass.tku.edu.tw/course.html,upload.allow_download
upload_accept,raw/iclass.tku.edu.tw/course.html,upload.source
upload_accept,raw/iclass.tku.edu.tw/course.html,upload
upload_accept,raw/iclass.tku.edu.tw/course.html,upload-list
upload_accept,raw/iclass.tku.edu.tw/course.html,uploads
upload_accept,raw/iclass.tku.edu.tw/course.html,uploads.length
upload_accept,raw/iclass.tku.edu.tw/course.html,upload-status
upload_accept,raw/iclass.tku.edu.tw/course.html,upload
upload_accept,raw/iclass.tku.edu.tw/course.html,uploads
upload_accept,raw/iclass.tku.edu.tw/course.html,upload
upload_accept,raw/iclass.tku.edu.tw/course.html,upload.deleted
upload_accept,raw/iclass.tku.edu.tw/course.html,upload
upload_accept,raw/iclass.tku.edu.tw/course.html,uploads:
upload_accept,raw/iclass.tku.edu.tw/course.html,uploads
upload_accept,raw/iclass.tku.edu.tw/course.html,upload
upload_accept,raw/iclass.tku.edu.tw/course.html,upload
upload_accept,raw/iclass.tku.edu.tw/course.html,upload.type
upload_accept,raw/iclass.tku.edu.tw/course.html,upload.source
upload_accept,raw/iclass.tku.edu.tw/course.html,upload.source
upload_accept,raw/iclass.tku.edu.tw/course.html,upload.name.split
upload_accept,raw/iclass.tku.edu.tw/course.html,upload.name.split
upload_accept,raw/iclass.tku.edu.tw/course.html,upload.source
upload_accept,raw/iclass.tku.edu.tw/course.html,Extension
upload_accept,raw/iclass.tku.edu.tw/course.html,upload
upload_accept,raw/iclass.tku.edu.tw/course.html,upload.name
upload_accept,raw/iclass.tku.edu.tw/course.html,upload.name
upload_accept,raw/iclass.tku.edu.tw/course.html,extension
upload_accept,raw/iclass.tku.edu.tw/course.html,upload.name
upload_accept,raw/iclass.tku.edu.tw/course.html,Extension
upload_accept,raw/iclass.tku.edu.tw/course.html,upload.type
upload_accept,raw/iclass.tku.edu.tw/course.html,upload.title
upload_accept,raw/iclass.tku.edu.tw/course.html,upload.title
upload_accept,raw/iclass.tku.edu.tw/course.html,upload.deleted
upload_accept,raw/iclass.tku.edu.tw/course.html,upload.source
upload_accept,raw/iclass.tku.edu.tw/course.html,upload.status
upload_accept,raw/iclass.tku.edu.tw/course.html,upload.status
upload_accept,raw/iclass.tku.edu.tw/course.html,upload.status
upload_accept,raw/iclass.tku.edu.tw/course.html,upload.type
upload_accept,raw/iclass.tku.edu.tw/course.html,upload.videos
upload_accept,raw/iclass.tku.edu.tw/course.html,upload.status
upload_accept,raw/iclass.tku.edu.tw/course.html,upload.deleted
upload_accept,raw/iclass.tku.edu.tw/course.html,upload
upload_accept,raw/iclass.tku.edu.tw/course.html,upload.status
upload_accept,raw/iclass.tku.edu.tw/course.html,uploadsStatus
upload_accept,raw/iclass.tku.edu.tw/course.html,upload.id
upload_accept,raw/iclass.tku.edu.tw/course.html,upload.deleted
upload_accept,raw/iclass.tku.edu.tw/course.html,upload.status
upload_accept,raw/iclass.tku.edu.tw/course.html,uploadsStatus
upload_accept,raw/iclass.tku.edu.tw/course.html,upload.id
upload_accept,raw/iclass.tku.edu.tw/course.html,upload.type
upload_accept,raw/iclass.tku.edu.tw/course.html,upload.videos
upload_accept,raw/iclass.tku.edu.tw/course.html,upload.deleted
upload_accept,raw/iclass.tku.edu.tw/course.html,upload
upload_accept,raw/iclass.tku.edu.tw/course.html,upload.deleted
upload_accept,raw/iclass.tku.edu.tw/course.html,UploadFailed
upload_accept,raw/iclass.tku.edu.tw/course.html,upload.status
upload_accept,raw/iclass.tku.edu.tw/course.html,uploadsStatus
upload_accept,raw/iclass.tku.edu.tw/course.html,upload.id
upload_accept,raw/iclass.tku.edu.tw/course.html,UploadProcessing
upload_accept,raw/iclass.tku.edu.tw/course.html,upload.status
upload_accept,raw/iclass.tku.edu.tw/course.html,uploadsStatus
upload_accept,raw/iclass.tku.edu.tw/course.html,upload.id
upload_accept,raw/iclass.tku.edu.tw/course.html,upload.type
upload_accept,raw/iclass.tku.edu.tw/course.html,upload.videos
upload_accept,raw/iclass.tku.edu.tw/course.html,FileSize
upload_accept,raw/iclass.tku.edu.tw/course.html,UploadFailed
upload_accept,raw/iclass.tku.edu.tw/course.html,UploadProcessing
upload_accept,raw/iclass.tku.edu.tw/course.html,upload.size
upload_accept,raw/iclass.tku.edu.tw/course.html,upload.source
upload_accept,raw/iclass.tku.edu.tw/course.html,upload.source
upload_accept,raw/iclass.tku.edu.tw/course.html,FileSize
upload_accept,raw/iclass.tku.edu.tw/course.html,upload.size
upload_accept,raw/iclass.tku.edu.tw/course.html,upload.source
upload_accept,raw/iclass.tku.edu.tw/course.html,FileSize
upload_accept,raw/iclass.tku.edu.tw/course.html,upload.deleted
upload_accept,raw/iclass.tku.edu.tw/course.html,UploadFailed
upload_accept,raw/iclass.tku.edu.tw/course.html,UploadProcessing
upload_accept,raw/iclass.tku.edu.tw/course.html,upload
upload_accept,raw/iclass.tku.edu.tw/course.html,upload.type
upload_accept,raw/iclass.tku.edu.tw/course.html,upload.scorm
upload_accept,raw/iclass.tku.edu.tw/course.html,upload.scorm.files_size
upload_accept,raw/iclass.tku.edu.tw/course.html,upload.type
upload_accept,raw/iclass.tku.edu.tw/course.html,upload.duration
upload_accept,raw/iclass.tku.edu.tw/course.html,upload.duration
upload_accept,raw/iclass.tku.edu.tw/course.html,upload.id
upload_accept,raw/iclass.tku.edu.tw/course.html,upload
upload_accept,raw/iclass.tku.edu.tw/course.html,upload.source
upload_accept,raw/iclass.tku.edu.tw/course.html,upload.url
upload_accept,raw/iclass.tku.edu.tw/course.html,uploads:
upload_accept,raw/iclass.tku.edu.tw/course.html,uploads
upload_accept,raw/iclass.tku.edu.tw/course.html,upload
upload_accept,raw/iclass.tku.edu.tw/course.html,upload
upload_accept,raw/iclass.tku.edu.tw/course.html,upload.source
upload_accept,raw/iclass.tku.edu.tw/course.html,upload
upload_accept,raw/iclass.tku.edu.tw/course.html,upload.deleted
upload_accept,raw/iclass.tku.edu.tw/course.html,upload
upload_accept,raw/iclass.tku.edu.tw/course.html,upload.id
upload_accept,raw/iclass.tku.edu.tw/course.html,upload.source
upload_accept,raw/iclass.tku.edu.tw/course.html,uploads
upload_accept,raw/iclass.tku.edu.tw/course.html,upload.reference_id
upload_accept,raw/iclass.tku.edu.tw/course.html,upload
upload_accept,raw/iclass.tku.edu.tw/course.html,upload.reference_id
upload_accept,raw/iclass.tku.edu.tw/course.html,upload.deleted
upload_accept,raw/iclass.tku.edu.tw/course.html,upload.allow_download
upload_accept,raw/iclass.tku.edu.tw/course.html,upload
upload_accept,raw/iclass.tku.edu.tw/course.html,uploads
upload_accept,raw/iclass.tku.edu.tw/course.html,upload.id
upload_accept,raw/iclass.tku.edu.tw/course.html,upload
upload_accept,raw/iclass.tku.edu.tw/course.html,upload.reference_id
upload_accept,raw/iclass.tku.edu.tw/course.html,upload.deleted
upload_accept,raw/iclass.tku.edu.tw/course.html,upload.allow_download
upload_accept,raw/iclass.tku.edu.tw/course.html,upload.source
upload_accept,raw/iclass.tku.edu.tw/course.html,upload
upload_accept,raw/iclass.tku.edu.tw/course.html,upload.url
upload_accept,raw/iclass.tku.edu.tw/course.html,upload
upload_accept,raw/iclass.tku.edu.tw/course.html,upload.source
upload_accept,raw/iclass.tku.edu.tw/course.html,upload.source
upload_accept,raw/iclass.tku.edu.tw/course.html,upload.reference_id
upload_accept,raw/iclass.tku.edu.tw/course.html,upload.deleted
upload_accept,raw/iclass.tku.edu.tw/course.html,upload.allow_download
upload_accept,raw/iclass.tku.edu.tw/course.html,upload
upload_accept,raw/iclass.tku.edu.tw/course.html,uploads
upload_accept,raw/iclass.tku.edu.tw/course.html,upload.id
upload_accept,raw/iclass.tku.edu.tw/course.html,upload
upload_accept,raw/iclass.tku.edu.tw/course.html,upload.reference_id
upload_accept,raw/iclass.tku.edu.tw/course.html,upload.deleted
upload_accept,raw/iclass.tku.edu.tw/course.html,upload.allow_download
upload_accept,raw/iclass.tku.edu.tw/course.html,upload.source
upload_accept,raw/iclass.tku.edu.tw/course.html,upload
upload_accept,raw/iclass.tku.edu.tw/course.html,upload.fileid
upload_accept,raw/iclass.tku.edu.tw/course.html,upload.deleted
upload_accept,raw/iclass.tku.edu.tw/course.html,upload.allow_download
upload_accept,raw/iclass.tku.edu.tw/course.html,upload.source
upload_accept,raw/iclass.tku.edu.tw/course.html,upload
upload_accept,raw/iclass.tku.edu.tw/course.html,upload
upload_accept,raw/iclass.tku.edu.tw/course.html,upload.deleted
upload_accept,raw/iclass.tku.edu.tw/course.html,upload
upload_accept,raw/iclass.tku.edu.tw/course.html,upload
upload_accept,raw/iclass.tku.edu.tw/course.html,upload.type
upload_accept,raw/iclass.tku.edu.tw/course.html,upload.source
upload_accept,raw/iclass.tku.edu.tw/course.html,upload.source
upload_accept,raw/iclass.tku.edu.tw/course.html,upload.name.split
upload_accept,raw/iclass.tku.edu.tw/course.html,upload.name.split
upload_accept,raw/iclass.tku.edu.tw/course.html,upload.source
upload_accept,raw/iclass.tku.edu.tw/course.html,Extension
upload_accept,raw/iclass.tku.edu.tw/course.html,upload
upload_accept,raw/iclass.tku.edu.tw/course.html,upload.name
upload_accept,raw/iclass.tku.edu.tw/course.html,upload.name
upload_accept,raw/iclass.tku.edu.tw/course.html,extension
upload_accept,raw/iclass.tku.edu.tw/course.html,upload.name
upload_accept,raw/iclass.tku.edu.tw/course.html,Extension
upload_accept,raw/iclass.tku.edu.tw/course.html,upload.type
upload_accept,raw/iclass.tku.edu.tw/course.html,upload.title
upload_accept,raw/iclass.tku.edu.tw/course.html,upload.title
upload_accept,raw/iclass.tku.edu.tw/course.html,upload.deleted
upload_accept,raw/iclass.tku.edu.tw/course.html,upload.source
upload_accept,raw/iclass.tku.edu.tw/course.html,upload.status
upload_accept,raw/iclass.tku.edu.tw/course.html,upload.status
upload_accept,raw/iclass.tku.edu.tw/course.html,upload.status
upload_accept,raw/iclass.tku.edu.tw/course.html,upload.type
upload_accept,raw/iclass.tku.edu.tw/course.html,upload.videos
upload_accept,raw/iclass.tku.edu.tw/course.html,upload.status
upload_accept,raw/iclass.tku.edu.tw/course.html,upload.deleted
upload_accept,raw/iclass.tku.edu.tw/course.html,upload
upload_accept,raw/iclass.tku.edu.tw/course.html,upload.status
upload_accept,raw/iclass.tku.edu.tw/course.html,uploadsStatus
upload_accept,raw/iclass.tku.edu.tw/course.html,upload.id
upload_accept,raw/iclass.tku.edu.tw/course.html,upload.deleted
upload_accept,raw/iclass.tku.edu.tw/course.html,upload.status
upload_accept,raw/iclass.tku.edu.tw/course.html,uploadsStatus
upload_accept,raw/iclass.tku.edu.tw/course.html,upload.id
upload_accept,raw/iclass.tku.edu.tw/course.html,upload.type
upload_accept,raw/iclass.tku.edu.tw/course.html,upload.videos
upload_accept,raw/iclass.tku.edu.tw/course.html,upload.deleted
upload_accept,raw/iclass.tku.edu.tw/course.html,upload
upload_accept,raw/iclass.tku.edu.tw/course.html,upload.deleted
upload_accept,raw/iclass.tku.edu.tw/course.html,UploadFailed
upload_accept,raw/iclass.tku.edu.tw/course.html,upload.status
upload_accept,raw/iclass.tku.edu.tw/course.html,uploadsStatus
upload_accept,raw/iclass.tku.edu.tw/course.html,upload.id
upload_accept,raw/iclass.tku.edu.tw/course.html,UploadProcessing
upload_accept,raw/iclass.tku.edu.tw/course.html,upload.status
upload_accept,raw/iclass.tku.edu.tw/course.html,uploadsStatus
upload_accept,raw/iclass.tku.edu.tw/course.html,upload.id
upload_accept,raw/iclass.tku.edu.tw/course.html,upload.type
upload_accept,raw/iclass.tku.edu.tw/course.html,upload.videos
upload_accept,raw/iclass.tku.edu.tw/course.html,FileSize
upload_accept,raw/iclass.tku.edu.tw/course.html,UploadFailed
upload_accept,raw/iclass.tku.edu.tw/course.html,UploadProcessing
upload_accept,raw/iclass.tku.edu.tw/course.html,upload.size
upload_accept,raw/iclass.tku.edu.tw/course.html,upload.source
upload_accept,raw/iclass.tku.edu.tw/course.html,upload.source
upload_accept,raw/iclass.tku.edu.tw/course.html,FileSize
upload_accept,raw/iclass.tku.edu.tw/course.html,upload.size
upload_accept,raw/iclass.tku.edu.tw/course.html,upload.source
upload_accept,raw/iclass.tku.edu.tw/course.html,FileSize
upload_accept,raw/iclass.tku.edu.tw/course.html,upload.deleted
upload_accept,raw/iclass.tku.edu.tw/course.html,UploadFailed
upload_accept,raw/iclass.tku.edu.tw/course.html,UploadProcessing
upload_accept,raw/iclass.tku.edu.tw/course.html,upload
upload_accept,raw/iclass.tku.edu.tw/course.html,upload.type
upload_accept,raw/iclass.tku.edu.tw/course.html,upload.scorm
upload_accept,raw/iclass.tku.edu.tw/course.html,upload.scorm.files_size
upload_accept,raw/iclass.tku.edu.tw/course.html,upload.type
upload_accept,raw/iclass.tku.edu.tw/course.html,upload.duration
upload_accept,raw/iclass.tku.edu.tw/course.html,upload.duration
upload_accept,raw/iclass.tku.edu.tw/course.html,upload.id
upload_accept,raw/iclass.tku.edu.tw/course.html,upload
upload_accept,raw/iclass.tku.edu.tw/course.html,upload.source
upload_accept,raw/iclass.tku.edu.tw/course.html,upload.url
upload_accept,raw/iclass.tku.edu.tw/course.html,uploads:
upload_accept,raw/iclass.tku.edu.tw/course.html,uploads
upload_accept,raw/iclass.tku.edu.tw/course.html,upload
upload_accept,raw/iclass.tku.edu.tw/course.html,upload
upload_accept,raw/iclass.tku.edu.tw/course.html,upload.source
upload_accept,raw/iclass.tku.edu.tw/course.html,upload
upload_accept,raw/iclass.tku.edu.tw/course.html,upload.deleted
upload_accept,raw/iclass.tku.edu.tw/course.html,upload
upload_accept,raw/iclass.tku.edu.tw/course.html,upload.id
upload_accept,raw/iclass.tku.edu.tw/course.html,upload.source
upload_accept,raw/iclass.tku.edu.tw/course.html,uploads
upload_accept,raw/iclass.tku.edu.tw/course.html,upload.reference_id
upload_accept,raw/iclass.tku.edu.tw/course.html,upload
upload_accept,raw/iclass.tku.edu.tw/course.html,upload.reference_id
upload_accept,raw/iclass.tku.edu.tw/course.html,upload.deleted
upload_accept,raw/iclass.tku.edu.tw/course.html,upload.allow_download
upload_accept,raw/iclass.tku.edu.tw/course.html,upload
upload_accept,raw/iclass.tku.edu.tw/course.html,uploads
upload_accept,raw/iclass.tku.edu.tw/course.html,upload.id
upload_accept,raw/iclass.tku.edu.tw/course.html,upload
upload_accept,raw/iclass.tku.edu.tw/course.html,upload.reference_id
upload_accept,raw/iclass.tku.edu.tw/course.html,upload.deleted
upload_accept,raw/iclass.tku.edu.tw/course.html,upload.allow_download
upload_accept,raw/iclass.tku.edu.tw/course.html,upload.source
upload_accept,raw/iclass.tku.edu.tw/course.html,upload
upload_accept,raw/iclass.tku.edu.tw/course.html,upload.url
upload_accept,raw/iclass.tku.edu.tw/course.html,upload
upload_accept,raw/iclass.tku.edu.tw/course.html,upload.source
upload_accept,raw/iclass.tku.edu.tw/course.html,upload.source
upload_accept,raw/iclass.tku.edu.tw/course.html,upload.reference_id
upload_accept,raw/iclass.tku.edu.tw/course.html,upload.deleted
upload_accept,raw/iclass.tku.edu.tw/course.html,upload.allow_download
upload_accept,raw/iclass.tku.edu.tw/course.html,upload
upload_accept,raw/iclass.tku.edu.tw/course.html,uploads
upload_accept,raw/iclass.tku.edu.tw/course.html,upload.id
upload_accept,raw/iclass.tku.edu.tw/course.html,upload
upload_accept,raw/iclass.tku.edu.tw/course.html,upload.reference_id
upload_accept,raw/iclass.tku.edu.tw/course.html,upload.deleted
upload_accept,raw/iclass.tku.edu.tw/course.html,upload.allow_download
upload_accept,raw/iclass.tku.edu.tw/course.html,upload.source
upload_accept,raw/iclass.tku.edu.tw/course.html,upload
upload_accept,raw/iclass.tku.edu.tw/course.html,upload.fileid
upload_accept,raw/iclass.tku.edu.tw/course.html,upload.deleted
upload_accept,raw/iclass.tku.edu.tw/course.html,upload.allow_download
upload_accept,raw/iclass.tku.edu.tw/course.html,upload.source
upload_accept,raw/iclass.tku.edu.tw/course.html,upload
upload_accept,raw/iclass.tku.edu.tw/course.html,uploads-paper
upload_accept,raw/iclass.tku.edu.tw/course.html,upload
upload_accept,raw/iclass.tku.edu.tw/course.html,uploads
upload_accept,raw/iclass.tku.edu.tw/course.html,uploadWithName
upload_accept,raw/iclass.tku.edu.tw/course.html,upload.type
upload_accept,raw/iclass.tku.edu.tw/course.html,upload.id
upload_accept,raw/iclass.tku.edu.tw/course.html,uploads
upload_accept,raw/iclass.tku.edu.tw/course.html,upload.id
upload_accept,raw/iclass.tku.edu.tw/course.html,upload.key
upload_accept,raw/iclass.tku.edu.tw/course.html,upload.created_at
upload_accept,raw/iclass.tku.edu.tw/course.html,upload.name
upload_accept,raw/iclass.tku.edu.tw/course.html,upload.type
upload_accept,raw/iclass.tku.edu.tw/course.html,upload
upload_accept,raw/iclass.tku.edu.tw/course.html,upload
upload_accept,raw/iclass.tku.edu.tw/course.html,upload.enable_origin_text
upload_accept,raw/iclass.tku.edu.tw/course.html,upload.show_text
upload_accept,raw/iclass.tku.edu.tw/course.html,upload.show_text
upload_accept,raw/iclass.tku.edu.tw/course.html,upload.text
upload_accept,raw/iclass.tku.edu.tw/course.html,upload
upload_accept,raw/iclass.tku.edu.tw/course.html,upload.status
upload_accept,raw/iclass.tku.edu.tw/course.html,upload.deleted
upload_accept,raw/iclass.tku.edu.tw/course.html,upload.status
upload_accept,raw/iclass.tku.edu.tw/course.html,upload.deleted
upload_accept,raw/iclass.tku.edu.tw/course.html,upload.status
upload_accept,raw/iclass.tku.edu.tw/course.html,upload.video_urls
upload_accept,raw/iclass.tku.edu.tw/course.html,upload.deleted
upload_accept,raw/iclass.tku.edu.tw/course.html,upload.status
upload_accept,raw/iclass.tku.edu.tw/course.html,upload.status
upload_accept,raw/iclass.tku.edu.tw/course.html,upload.type
upload_accept,raw/iclass.tku.edu.tw/course.html,uploads.length
upload_accept,raw/iclass.tku.edu.tw/course.html,upload.type
upload_accept,raw/iclass.tku.edu.tw/course.html,uploads.length
upload_accept,raw/iclass.tku.edu.tw/course.html,uploads.length
upload_accept,raw/iclass.tku.edu.tw/course.html,uploads.length
upload_accept,raw/iclass.tku.edu.tw/course.html,uploadsLen
upload_accept,raw/iclass.tku.edu.tw/course.html,uploadsLen
upload_accept,raw/iclass.tku.edu.tw/course.html,upload
upload_accept,raw/iclass.tku.edu.tw/course.html,upload
upload_accept,raw/iclass.tku.edu.tw/course.html,upload
upload_accept,raw/iclass.tku.edu.tw/course.html,upload.type
upload_accept,raw/iclass.tku.edu.tw/course.html,upload.status
upload_accept,raw/iclass.tku.edu.tw/course.html,upload
upload_accept,raw/iclass.tku.edu.tw/course.html,upload.type
upload_accept,raw/iclass.tku.edu.tw/course.html,upload.status
upload_accept,raw/iclass.tku.edu.tw/course.html,upload.isTextFile
upload_accept,raw/iclass.tku.edu.tw/course.html,upload.type
upload_accept,raw/iclass.tku.edu.tw/course.html,upload.status
upload_accept,raw/iclass.tku.edu.tw/course.html,uploading
upload_accept,raw/iclass.tku.edu.tw/course.html,upload.type
upload_accept,raw/iclass.tku.edu.tw/course.html,upload.type
upload_accept,raw/iclass.tku.edu.tw/course.html,upload.status
upload_accept,raw/iclass.tku.edu.tw/course.html,uploading
upload_accept,raw/iclass.tku.edu.tw/course.html,upload.type
upload_accept,raw/iclass.tku.edu.tw/course.html,upload.status
upload_accept,raw/iclass.tku.edu.tw/course.html,uploading
upload_accept,raw/iclass.tku.edu.tw/course.html,upload.type
upload_accept,raw/iclass.tku.edu.tw/course.html,upload.status
upload_accept,raw/iclass.tku.edu.tw/course.html,uploading
upload_accept,raw/iclass.tku.edu.tw/course.html,upload.id
upload_accept,raw/iclass.tku.edu.tw/course.html,upload.type
upload_accept,raw/iclass.tku.edu.tw/course.html,upload.isFromKnowledgeGraph
upload_accept,raw/iclass.tku.edu.tw/course.html,uploads
upload_accept,raw/iclass.tku.edu.tw/course.html,upload.id
upload_accept,raw/iclass.tku.edu.tw/course.html,upload.from_project
upload_accept,raw/iclass.tku.edu.tw/course.html,upload.allow_download
upload_accept,raw/iclass.tku.edu.tw/course.html,upload.project_id
upload_accept,raw/iclass.tku.edu.tw/course.html,upload_id
upload_accept,raw/iclass.tku.edu.tw/course.html,upload.id
upload_accept,raw/iclass.tku.edu.tw/course.html,upload.node_ids
upload_accept,raw/iclass.tku.edu.tw/course.html,upload.ref_id
upload_accept,raw/iclass.tku.edu.tw/course.html,upload.id
upload_accept,raw/iclass.tku.edu.tw/course.html,upload.type
upload_accept,raw/iclass.tku.edu.tw/course.html,upload.status
upload_accept,raw/iclass.tku.edu.tw/course.html,upload.status
upload_accept,raw/iclass.tku.edu.tw/course.html,upload.status
upload_accept,raw/iclass.tku.edu.tw/course.html,uploading
upload_accept,raw/iclass.tku.edu.tw/course.html,upload.status
upload_accept,raw/iclass.tku.edu.tw/course.html,upload.allow_download
upload_accept,raw/iclass.tku.edu.tw/course.html,upload.owner_id
upload_accept,raw/iclass.tku.edu.tw/course.html,upload.isFromKnowledgeGraph
upload_accept,raw/iclass.tku.edu.tw/course.html,upload.from_project
upload_accept,raw/iclass.tku.edu.tw/course.html,uploads
upload_accept,raw/iclass.tku.edu.tw/course.html,upload.id
upload_accept,raw/iclass.tku.edu.tw/course.html,upload
upload_accept,raw/iclass.tku.edu.tw/course.html,upload.status
upload_accept,raw/iclass.tku.edu.tw/course.html,uploading
upload_accept,raw/iclass.tku.edu.tw/course.html,upload.status
upload_accept,raw/iclass.tku.edu.tw/course.html,uploading
upload_accept,raw/iclass.tku.edu.tw/course.html,upload.status
upload_accept,raw/iclass.tku.edu.tw/course.html,uploading
upload_accept,raw/iclass.tku.edu.tw/course.html,upload.type
upload_accept,raw/iclass.tku.edu.tw/course.html,upload.type
upload_accept,raw/iclass.tku.edu.tw/course.html,upload.type
upload_accept,raw/iclass.tku.edu.tw/course.html,upload.status
upload_accept,raw/iclass.tku.edu.tw/course.html,uploading
upload_accept,raw/iclass.tku.edu.tw/course.html,upload.status
upload_accept,raw/iclass.tku.edu.tw/course.html,upload.type
upload_accept,raw/iclass.tku.edu.tw/course.html,upload.type
upload_accept,raw/iclass.tku.edu.tw/course.html,upload.type
upload_accept,raw/iclass.tku.edu.tw/course.html,upload.status
upload_accept,raw/iclass.tku.edu.tw/course.html,uploading
upload_accept,raw/iclass.tku.edu.tw/course.html,upload.type
upload_accept,raw/iclass.tku.edu.tw/course.html,upload.link.url
upload_accept,raw/iclass.tku.edu.tw/course.html,upload.type
upload_accept,raw/iclass.tku.edu.tw/course.html,upload.type
upload_accept,raw/iclass.tku.edu.tw/course.html,upload
upload_accept,raw/iclass.tku.edu.tw/course.html,upload.status
upload_accept,raw/iclass.tku.edu.tw/course.html,uploading
upload_accept,raw/iclass.tku.edu.tw/course.html,upload.name
upload_accept,raw/iclass.tku.edu.tw/course.html,upload.type
upload_accept,raw/iclass.tku.edu.tw/course.html,upload.allow_download
upload_accept,raw/iclass.tku.edu.tw/course.html,upload.allowDownload
upload_accept,raw/iclass.tku.edu.tw/course.html,upload.owner_id
upload_accept,raw/iclass.tku.edu.tw/course.html,upload.id
upload_accept,raw/iclass.tku.edu.tw/course.html,upload.type
upload_accept,raw/iclass.tku.edu.tw/course.html,uploads
upload_accept,raw/iclass.tku.edu.tw/course.html,upload.id
upload_accept,raw/iclass.tku.edu.tw/course.html,upload.referType
upload_accept,raw/iclass.tku.edu.tw/course.html,upload.referId
upload_accept,raw/iclass.tku.edu.tw/course.html,upload.size
upload_accept,raw/iclass.tku.edu.tw/course.html,upload.from_project
upload_accept,raw/iclass.tku.edu.tw/course.html,upload.allow_download
upload_accept,raw/iclass.tku.edu.tw/course.html,upload.allowDownload
upload_accept,raw/iclass.tku.edu.tw/course.html,upload.project_id
upload_accept,raw/iclass.tku.edu.tw/course.html,upload_id
upload_accept,raw/iclass.tku.edu.tw/course.html,upload.id
upload_accept,raw/iclass.tku.edu.tw/course.html,upload.node_ids
upload_accept,raw/iclass.tku.edu.tw/course.html,upload.ref_id
upload_accept,raw/iclass.tku.edu.tw/course.html,upload.size
upload_accept,raw/iclass.tku.edu.tw/course.html,upload.from_project
upload_accept,raw/iclass.tku.edu.tw/course.html,upload.id
upload_accept,raw/iclass.tku.edu.tw/course.html,upload.type
upload_accept,raw/iclass.tku.edu.tw/course.html,upload.status
upload_accept,raw/iclass.tku.edu.tw/course.html,upload.status
upload_accept,raw/iclass.tku.edu.tw/course.html,upload.status
upload_accept,raw/iclass.tku.edu.tw/course.html,uploading
upload_accept,raw/iclass.tku.edu.tw/course.html,upload.status
upload_accept,raw/iclass.tku.edu.tw/course.html,upload.allow_download
upload_accept,raw/iclass.tku.edu.tw/course.html,upload.allowDownload
upload_accept,raw/iclass.tku.edu.tw/course.html,upload.owner_id
upload_accept,raw/iclass.tku.edu.tw/course.html,upload.source
upload_accept,raw/iclass.tku.edu.tw/course.html,uploads
upload_accept,raw/iclass.tku.edu.tw/course.html,upload.id
upload_accept,raw/iclass.tku.edu.tw/course.html,uploads
upload_accept,raw/iclass.tku.edu.tw/course.html,upload.id
upload_accept,raw/iclass.tku.edu.tw/course.html,upload.referType
upload_accept,raw/iclass.tku.edu.tw/course.html,upload.referId
upload_accept,raw/iclass.tku.edu.tw/course.html,upload
upload_accept,raw/iclass.tku.edu.tw/course.html,upload.size
upload_accept,raw/iclass.tku.edu.tw/course.html,upload.status
upload_accept,raw/iclass.tku.edu.tw/course.html,uploading
upload_accept,raw/iclass.tku.edu.tw/course.html,upload.size
upload_accept,raw/iclass.tku.edu.tw/course.html,upload.status
upload_accept,raw/iclass.tku.edu.tw/course.html,uploading
upload_accept,raw/iclass.tku.edu.tw/course.html,upload.size
upload_accept,raw/iclass.tku.edu.tw/course.html,upload.status
upload_accept,raw/iclass.tku.edu.tw/course.html,uploading
upload_accept,raw/iclass.tku.edu.tw/course.html,upload.size
upload_accept,raw/iclass.tku.edu.tw/course.html,upload.size
upload_accept,raw/iclass.tku.edu.tw/course.html,upload.source
upload_accept,raw/iclass.tku.edu.tw/course.html,upload.allow_download
upload_accept,raw/iclass.tku.edu.tw/course.html,upload.allowDownload
upload_accept,raw/iclass.tku.edu.tw/course.html,upload.fileid
upload_accept,raw/iclass.tku.edu.tw/course.html,upload.size
upload_accept,raw/iclass.tku.edu.tw/course.html,upload
upload_accept,raw/iclass.tku.edu.tw/course.html,upload.status
upload_accept,raw/iclass.tku.edu.tw/course.html,upload.status
upload_accept,raw/iclass.tku.edu.tw/course.html,Extension
upload_accept,raw/iclass.tku.edu.tw/course.html,upload
upload_accept,raw/iclass.tku.edu.tw/course.html,upload.status
upload_accept,raw/iclass.tku.edu.tw/course.html,uploading
upload_accept,raw/iclass.tku.edu.tw/course.html,upload.status
upload_accept,raw/iclass.tku.edu.tw/course.html,uploadStatus
upload_accept,raw/iclass.tku.edu.tw/course.html,upload.id
upload_accept,raw/iclass.tku.edu.tw/course.html,upload.status
upload_accept,raw/iclass.tku.edu.tw/course.html,uploadStatus
upload_accept,raw/iclass.tku.edu.tw/course.html,upload.id
upload_accept,raw/iclass.tku.edu.tw/course.html,upload.status
upload_accept,raw/iclass.tku.edu.tw/course.html,upload.status
upload_accept,raw/iclass.tku.edu.tw/course.html,upload.type
upload_accept,raw/iclass.tku.edu.tw/course.html,upload.status
upload_accept,raw/iclass.tku.edu.tw/course.html,upload.type
upload_accept,raw/iclass.tku.edu.tw/course.html,upload.status
upload_accept,raw/iclass.tku.edu.tw/course.html,upload.isTextFile
upload_accept,raw/iclass.tku.edu.tw/course.html,upload
upload_accept,raw/iclass.tku.edu.tw/course.html,Extension
upload_accept,raw/iclass.tku.edu.tw/course.html,upload
upload_accept,raw/iclass.tku.edu.tw/course.html,upload
upload_accept,raw/iclass.tku.edu.tw/course.html,upload.documentUrl
upload_accept,raw/iclass.tku.edu.tw/course.html,upload.documentUrl
upload_accept,raw/iclass.tku.edu.tw/course.html,upload
upload_accept,raw/iclass.tku.edu.tw/course.html,upload.type
upload_accept,raw/iclass.tku.edu.tw/course.html,upload.status
upload_accept,raw/iclass.tku.edu.tw/course.html,upload.isTextFile
upload_accept,raw/iclass.tku.edu.tw/course.html,upload.type
upload_accept,raw/iclass.tku.edu.tw/course.html,upload.status
upload_accept,raw/iclass.tku.edu.tw/course.html,uploading
upload_accept,raw/iclass.tku.edu.tw/course.html,upload.type
upload_accept,raw/iclass.tku.edu.tw/course.html,upload.type
upload_accept,raw/iclass.tku.edu.tw/course.html,upload.status
upload_accept,raw/iclass.tku.edu.tw/course.html,uploading
upload_accept,raw/iclass.tku.edu.tw/course.html,upload.type
upload_accept,raw/iclass.tku.edu.tw/course.html,upload.status
upload_accept,raw/iclass.tku.edu.tw/course.html,uploading
upload_accept,raw/iclass.tku.edu.tw/course.html,upload.type
upload_accept,raw/iclass.tku.edu.tw/course.html,upload.status
upload_accept,raw/iclass.tku.edu.tw/course.html,uploading
upload_accept,raw/iclass.tku.edu.tw/course.html,upload.id
upload_accept,raw/iclass.tku.edu.tw/course.html,upload.type
upload_accept,raw/iclass.tku.edu.tw/course.html,upload.isFromKnowledgeGraph
upload_accept,raw/iclass.tku.edu.tw/course.html,uploads
upload_accept,raw/iclass.tku.edu.tw/course.html,upload.id
upload_accept,raw/iclass.tku.edu.tw/course.html,upload.from_project
upload_accept,raw/iclass.tku.edu.tw/course.html,upload.allow_download
upload_accept,raw/iclass.tku.edu.tw/course.html,upload.project_id
upload_accept,raw/iclass.tku.edu.tw/course.html,upload_id
upload_accept,raw/iclass.tku.edu.tw/course.html,upload.id
upload_accept,raw/iclass.tku.edu.tw/course.html,upload.node_ids
upload_accept,raw/iclass.tku.edu.tw/course.html,upload.ref_id
upload_accept,raw/iclass.tku.edu.tw/course.html,upload.id
upload_accept,raw/iclass.tku.edu.tw/course.html,upload.type
upload_accept,raw/iclass.tku.edu.tw/course.html,upload.status
upload_accept,raw/iclass.tku.edu.tw/course.html,upload.status
upload_accept,raw/iclass.tku.edu.tw/course.html,upload.status
upload_accept,raw/iclass.tku.edu.tw/course.html,uploading
upload_accept,raw/iclass.tku.edu.tw/course.html,upload.status
upload_accept,raw/iclass.tku.edu.tw/course.html,upload.allow_download
upload_accept,raw/iclass.tku.edu.tw/course.html,upload.owner_id
upload_accept,raw/iclass.tku.edu.tw/course.html,upload.isFromKnowledgeGraph
upload_accept,raw/iclass.tku.edu.tw/course.html,upload.from_project
upload_accept,raw/iclass.tku.edu.tw/course.html,uploads
upload_accept,raw/iclass.tku.edu.tw/course.html,upload.id
upload_accept,raw/iclass.tku.edu.tw/course.html,upload
upload_accept,raw/iclass.tku.edu.tw/course.html,upload.status
upload_accept,raw/iclass.tku.edu.tw/course.html,uploading
upload_accept,raw/iclass.tku.edu.tw/course.html,upload.status
upload_accept,raw/iclass.tku.edu.tw/course.html,uploading
upload_accept,raw/iclass.tku.edu.tw/course.html,upload.status
upload_accept,raw/iclass.tku.edu.tw/course.html,uploading
upload_accept,raw/iclass.tku.edu.tw/course.html,upload.type
upload_accept,raw/iclass.tku.edu.tw/course.html,upload.type
upload_accept,raw/iclass.tku.edu.tw/course.html,upload.type
upload_accept,raw/iclass.tku.edu.tw/course.html,upload.status
upload_accept,raw/iclass.tku.edu.tw/course.html,uploading
upload_accept,raw/iclass.tku.edu.tw/course.html,upload.status
upload_accept,raw/iclass.tku.edu.tw/course.html,upload.type
upload_accept,raw/iclass.tku.edu.tw/course.html,upload.type
upload_accept,raw/iclass.tku.edu.tw/course.html,upload.type
upload_accept,raw/iclass.tku.edu.tw/course.html,upload.status
upload_accept,raw/iclass.tku.edu.tw/course.html,uploading
upload_accept,raw/iclass.tku.edu.tw/course.html,upload.type
upload_accept,raw/iclass.tku.edu.tw/course.html,upload.link.url
upload_accept,raw/iclass.tku.edu.tw/course.html,upload.type
upload_accept,raw/iclass.tku.edu.tw/course.html,upload.status
upload_accept,raw/iclass.tku.edu.tw/course.html,Extension
upload_accept,raw/iclass.tku.edu.tw/course.html,upload
upload_accept,raw/iclass.tku.edu.tw/course.html,upload.documentUrl
upload_accept,raw/iclass.tku.edu.tw/course.html,upload.documentUrl
upload_accept,raw/iclass.tku.edu.tw/course.html,upload
upload_accept,raw/iclass.tku.edu.tw/course.html,upload.type
upload_accept,raw/iclass.tku.edu.tw/course.html,upload.status
upload_accept,raw/iclass.tku.edu.tw/course.html,upload.isTextFile
upload_accept,raw/iclass.tku.edu.tw/course.html,upload.type
upload_accept,raw/iclass.tku.edu.tw/course.html,upload.status
upload_accept,raw/iclass.tku.edu.tw/course.html,uploading
upload_accept,raw/iclass.tku.edu.tw/course.html,upload.type
upload_accept,raw/iclass.tku.edu.tw/course.html,upload.type
upload_accept,raw/iclass.tku.edu.tw/course.html,upload.status
upload_accept,raw/iclass.tku.edu.tw/course.html,uploading
upload_accept,raw/iclass.tku.edu.tw/course.html,upload.type
upload_accept,raw/iclass.tku.edu.tw/course.html,upload.status
upload_accept,raw/iclass.tku.edu.tw/course.html,uploading
upload_accept,raw/iclass.tku.edu.tw/course.html,upload.type
upload_accept,raw/iclass.tku.edu.tw/course.html,upload.status
upload_accept,raw/iclass.tku.edu.tw/course.html,uploading
upload_accept,raw/iclass.tku.edu.tw/course.html,upload.id
upload_accept,raw/iclass.tku.edu.tw/course.html,upload.type
upload_accept,raw/iclass.tku.edu.tw/course.html,upload.isFromKnowledgeGraph
upload_accept,raw/iclass.tku.edu.tw/course.html,uploads
upload_accept,raw/iclass.tku.edu.tw/course.html,upload.id
upload_accept,raw/iclass.tku.edu.tw/course.html,upload.from_project
upload_accept,raw/iclass.tku.edu.tw/course.html,upload.allow_download
upload_accept,raw/iclass.tku.edu.tw/course.html,upload.project_id
upload_accept,raw/iclass.tku.edu.tw/course.html,upload_id
upload_accept,raw/iclass.tku.edu.tw/course.html,upload.id
upload_accept,raw/iclass.tku.edu.tw/course.html,upload.node_ids
upload_accept,raw/iclass.tku.edu.tw/course.html,upload.ref_id
upload_accept,raw/iclass.tku.edu.tw/course.html,upload.id
upload_accept,raw/iclass.tku.edu.tw/course.html,upload.type
upload_accept,raw/iclass.tku.edu.tw/course.html,upload.status
upload_accept,raw/iclass.tku.edu.tw/course.html,upload.status
upload_accept,raw/iclass.tku.edu.tw/course.html,upload.status
upload_accept,raw/iclass.tku.edu.tw/course.html,uploading
upload_accept,raw/iclass.tku.edu.tw/course.html,upload.status
upload_accept,raw/iclass.tku.edu.tw/course.html,upload.allow_download
upload_accept,raw/iclass.tku.edu.tw/course.html,upload.owner_id
upload_accept,raw/iclass.tku.edu.tw/course.html,upload.isFromKnowledgeGraph
upload_accept,raw/iclass.tku.edu.tw/course.html,upload.from_project
upload_accept,raw/iclass.tku.edu.tw/course.html,uploads
upload_accept,raw/iclass.tku.edu.tw/course.html,upload.id
upload_accept,raw/iclass.tku.edu.tw/course.html,upload
upload_accept,raw/iclass.tku.edu.tw/course.html,upload.status
upload_accept,raw/iclass.tku.edu.tw/course.html,uploading
upload_accept,raw/iclass.tku.edu.tw/course.html,upload.status
upload_accept,raw/iclass.tku.edu.tw/course.html,uploading
upload_accept,raw/iclass.tku.edu.tw/course.html,upload.status
upload_accept,raw/iclass.tku.edu.tw/course.html,uploading
upload_accept,raw/iclass.tku.edu.tw/course.html,upload.type
upload_accept,raw/iclass.tku.edu.tw/course.html,upload.type
upload_accept,raw/iclass.tku.edu.tw/course.html,upload.type
upload_accept,raw/iclass.tku.edu.tw/course.html,upload.status
upload_accept,raw/iclass.tku.edu.tw/course.html,uploading
upload_accept,raw/iclass.tku.edu.tw/course.html,upload.status
upload_accept,raw/iclass.tku.edu.tw/course.html,upload.type
upload_accept,raw/iclass.tku.edu.tw/course.html,upload.type
upload_accept,raw/iclass.tku.edu.tw/course.html,upload.type
upload_accept,raw/iclass.tku.edu.tw/course.html,upload.status
upload_accept,raw/iclass.tku.edu.tw/course.html,uploading
upload_accept,raw/iclass.tku.edu.tw/course.html,upload.type
upload_accept,raw/iclass.tku.edu.tw/course.html,upload.link.url
upload_accept,raw/iclass.tku.edu.tw/course.html,upload.type
upload_accept,raw/iclass.tku.edu.tw/course.html,upload.status
upload_accept,raw/iclass.tku.edu.tw/course.html,upload.isTextFile
upload_accept,raw/iclass.tku.edu.tw/course.html,upload.type
upload_accept,raw/iclass.tku.edu.tw/course.html,upload.status
upload_accept,raw/iclass.tku.edu.tw/course.html,upload.isTextFile
upload_accept,raw/iclass.tku.edu.tw/course.html,upload.type
upload_accept,raw/iclass.tku.edu.tw/course.html,upload.status
upload_accept,raw/iclass.tku.edu.tw/course.html,uploading
upload_accept,raw/iclass.tku.edu.tw/course.html,upload.type
upload_accept,raw/iclass.tku.edu.tw/course.html,upload.type
upload_accept,raw/iclass.tku.edu.tw/course.html,upload.status
upload_accept,raw/iclass.tku.edu.tw/course.html,uploading
upload_accept,raw/iclass.tku.edu.tw/course.html,upload.type
upload_accept,raw/iclass.tku.edu.tw/course.html,upload.status
upload_accept,raw/iclass.tku.edu.tw/course.html,uploading
upload_accept,raw/iclass.tku.edu.tw/course.html,upload.type
upload_accept,raw/iclass.tku.edu.tw/course.html,upload.status
upload_accept,raw/iclass.tku.edu.tw/course.html,uploading
upload_accept,raw/iclass.tku.edu.tw/course.html,upload.id
upload_accept,raw/iclass.tku.edu.tw/course.html,upload.type
upload_accept,raw/iclass.tku.edu.tw/course.html,upload.isFromKnowledgeGraph
upload_accept,raw/iclass.tku.edu.tw/course.html,uploads
upload_accept,raw/iclass.tku.edu.tw/course.html,upload.id
upload_accept,raw/iclass.tku.edu.tw/course.html,upload.from_project
upload_accept,raw/iclass.tku.edu.tw/course.html,upload.allow_download
upload_accept,raw/iclass.tku.edu.tw/course.html,upload.project_id
upload_accept,raw/iclass.tku.edu.tw/course.html,upload_id
upload_accept,raw/iclass.tku.edu.tw/course.html,upload.id
upload_accept,raw/iclass.tku.edu.tw/course.html,upload.node_ids
upload_accept,raw/iclass.tku.edu.tw/course.html,upload.ref_id
upload_accept,raw/iclass.tku.edu.tw/course.html,upload.id
upload_accept,raw/iclass.tku.edu.tw/course.html,upload.type
upload_accept,raw/iclass.tku.edu.tw/course.html,upload.status
upload_accept,raw/iclass.tku.edu.tw/course.html,upload.status
upload_accept,raw/iclass.tku.edu.tw/course.html,upload.status
upload_accept,raw/iclass.tku.edu.tw/course.html,uploading
upload_accept,raw/iclass.tku.edu.tw/course.html,upload.status
upload_accept,raw/iclass.tku.edu.tw/course.html,upload.allow_download
upload_accept,raw/iclass.tku.edu.tw/course.html,upload.owner_id
upload_accept,raw/iclass.tku.edu.tw/course.html,upload.isFromKnowledgeGraph
upload_accept,raw/iclass.tku.edu.tw/course.html,upload.from_project
upload_accept,raw/iclass.tku.edu.tw/course.html,uploads
upload_accept,raw/iclass.tku.edu.tw/course.html,upload.id
upload_accept,raw/iclass.tku.edu.tw/course.html,upload
upload_accept,raw/iclass.tku.edu.tw/course.html,upload.status
upload_accept,raw/iclass.tku.edu.tw/course.html,uploading
upload_accept,raw/iclass.tku.edu.tw/course.html,upload.status
upload_accept,raw/iclass.tku.edu.tw/course.html,uploading
upload_accept,raw/iclass.tku.edu.tw/course.html,upload.status
upload_accept,raw/iclass.tku.edu.tw/course.html,uploading
upload_accept,raw/iclass.tku.edu.tw/course.html,upload.type
upload_accept,raw/iclass.tku.edu.tw/course.html,upload.type
upload_accept,raw/iclass.tku.edu.tw/course.html,upload.type
upload_accept,raw/iclass.tku.edu.tw/course.html,upload.status
upload_accept,raw/iclass.tku.edu.tw/course.html,uploading
upload_accept,raw/iclass.tku.edu.tw/course.html,upload.status
upload_accept,raw/iclass.tku.edu.tw/course.html,upload.type
upload_accept,raw/iclass.tku.edu.tw/course.html,upload.type
upload_accept,raw/iclass.tku.edu.tw/course.html,upload.type
upload_accept,raw/iclass.tku.edu.tw/course.html,upload.status
upload_accept,raw/iclass.tku.edu.tw/course.html,uploading
upload_accept,raw/iclass.tku.edu.tw/course.html,upload.type
upload_accept,raw/iclass.tku.edu.tw/course.html,upload.link.url
upload_accept,raw/iclass.tku.edu.tw/course.html,upload.textContent
upload_accept,raw/iclass.tku.edu.tw/course.html,upload.textContent
upload_accept,raw/iclass.tku.edu.tw/course.html,upload.type
upload_accept,raw/iclass.tku.edu.tw/course.html,upload.source
upload_accept,raw/iclass.tku.edu.tw/course.html,upload.status
upload_accept,raw/iclass.tku.edu.tw/course.html,upload.status
upload_accept,raw/iclass.tku.edu.tw/course.html,upload.status
upload_accept,raw/iclass.tku.edu.tw/course.html,upload.url
upload_accept,raw/iclass.tku.edu.tw/course.html,uploads
upload_accept,raw/iclass.tku.edu.tw/course.html,upload.id
upload_accept,raw/iclass.tku.edu.tw/course.html,upload.referType
upload_accept,raw/iclass.tku.edu.tw/course.html,upload.referId
upload_accept,raw/iclass.tku.edu.tw/course.html,upload.source
upload_accept,raw/iclass.tku.edu.tw/course.html,upload.url
upload_accept,raw/iclass.tku.edu.tw/course.html,uploads
upload_accept,raw/iclass.tku.edu.tw/course.html,upload.id
upload_accept,raw/iclass.tku.edu.tw/course.html,upload.source
upload_accept,raw/iclass.tku.edu.tw/course.html,upload.imageUrl
upload_accept,raw/iclass.tku.edu.tw/course.html,upload.type
upload_accept,raw/iclass.tku.edu.tw/course.html,upload.source
upload_accept,raw/iclass.tku.edu.tw/course.html,upload.status
upload_accept,raw/iclass.tku.edu.tw/course.html,upload.status
upload_accept,raw/iclass.tku.edu.tw/course.html,upload.status
upload_accept,raw/iclass.tku.edu.tw/course.html,upload.source
upload_accept,raw/iclass.tku.edu.tw/course.html,upload.imageUrl
upload_accept,raw/iclass.tku.edu.tw/course.html,upload.type
upload_accept,raw/iclass.tku.edu.tw/course.html,upload.video_urls
upload_accept,raw/iclass.tku.edu.tw/course.html,upload.type
upload_accept,raw/iclass.tku.edu.tw/course.html,upload.video_url
upload_accept,raw/iclass.tku.edu.tw/course.html,upload.status
upload_accept,raw/iclass.tku.edu.tw/course.html,upload.video_urls
upload_accept,raw/iclass.tku.edu.tw/course.html,upload.video_urls
upload_accept,raw/iclass.tku.edu.tw/course.html,upload.video_src_type
upload_accept,raw/iclass.tku.edu.tw/course.html,upload.video_urls
upload_accept,raw/iclass.tku.edu.tw/course.html,upload.video_urls
upload_accept,raw/iclass.tku.edu.tw/course.html,upload.video_src_type
upload_accept,raw/iclass.tku.edu.tw/course.html,upload.video_urls
upload_accept,raw/iclass.tku.edu.tw/course.html,upload.video_urls
upload_accept,raw/iclass.tku.edu.tw/course.html,upload.video_src_type
upload_accept,raw/iclass.tku.edu.tw/course.html,upload.video_urls
upload_accept,raw/iclass.tku.edu.tw/course.html,upload.video_urls
upload_accept,raw/iclass.tku.edu.tw/course.html,upload.video_src_type
upload_accept,raw/iclass.tku.edu.tw/course.html,upload.video_urls
upload_accept,raw/iclass.tku.edu.tw/course.html,upload.is_cc_video
upload_accept,raw/iclass.tku.edu.tw/course.html,upload.status
upload_accept,raw/iclass.tku.edu.tw/course.html,upload.play_code
upload_accept,raw/iclass.tku.edu.tw/course.html,upload.type
upload_accept,raw/iclass.tku.edu.tw/course.html,upload.page_url
upload_accept,raw/iclass.tku.edu.tw/course.html,upload.status
upload_accept,raw/iclass.tku.edu.tw/course.html,upload.page_url
upload_accept,raw/iclass.tku.edu.tw/course.html,upload.type
upload_accept,raw/iclass.tku.edu.tw/course.html,upload.status
upload_accept,raw/iclass.tku.edu.tw/course.html,uploads
upload_accept,raw/iclass.tku.edu.tw/course.html,upload.source
upload_accept,raw/iclass.tku.edu.tw/course.html,uploads
upload_accept,raw/iclass.tku.edu.tw/course.html,uploads
upload_accept,raw/iclass.tku.edu.tw/course.html,uploads
upload_accept,raw/iclass.tku.edu.tw/course.html,upload.source
upload_accept,raw/iclass.tku.edu.tw/course.html,upload.url
upload_accept,raw/iclass.tku.edu.tw/course.html,upload.type
upload_accept,raw/iclass.tku.edu.tw/course.html,upload.status
upload_accept,raw/iclass.tku.edu.tw/course.html,upload.status
upload_accept,raw/iclass.tku.edu.tw/course.html,uploading
upload_accept,raw/iclass.tku.edu.tw/course.html,uploads
upload_accept,raw/iclass.tku.edu.tw/course.html,upload.id
upload_accept,raw/iclass.tku.edu.tw/course.html,uploads
upload_accept,raw/iclass.tku.edu.tw/course.html,upload.id
upload_accept,raw/iclass.tku.edu.tw/course.html,upload.type
upload_accept,raw/iclass.tku.edu.tw/course.html,upload.status
upload_accept,raw/iclass.tku.edu.tw/course.html,upload.type
upload_accept,raw/iclass.tku.edu.tw/course.html,upload.status
upload_accept,raw/iclass.tku.edu.tw/course.html,upload.type
upload_accept,raw/iclass.tku.edu.tw/course.html,upload.link.embedded_url
upload_accept,raw/iclass.tku.edu.tw/course.html,upload.link.embedded_url
upload_accept,raw/iclass.tku.edu.tw/course.html,upload.link.embedded_url
upload_accept,raw/iclass.tku.edu.tw/course.html,upload.link.url
upload_accept,raw/iclass.tku.edu.tw/course.html,upload.id
upload_accept,raw/iclass.tku.edu.tw/course.html,uploadsLen
upload_accept,raw/iclass.tku.edu.tw/course.html,uploadsLen
feature_flag,raw/iclass.tku.edu.tw/course-advance-setting.html,scope-variable
feature_flag,raw/iclass.tku.edu.tw/course-advance-setting.html,scope-variable
feature_flag,raw/iclass.tku.edu.tw/course-advance-setting.html,scope-variable
feature_flag,raw/iclass.tku.edu.tw/course-advance-setting.html,scope-variable
feature_flag,raw/iclass.tku.edu.tw/course-advance-setting.html,scope-variable
feature_flag,raw/iclass.tku.edu.tw/course-advance-setting.html,scope-variable
feature_flag,raw/iclass.tku.edu.tw/course-advance-setting.html,scope-variable
feature_flag,raw/iclass.tku.edu.tw/course-advance-setting.html,scope-variable
feature_flag,raw/iclass.tku.edu.tw/course-advance-setting.html,RoleNames
feature_flag,raw/iclass.tku.edu.tw/course-advance-setting.html,scope
feature_flag,raw/iclass.tku.edu.tw/course-advance-setting.html,scope
feature_flag,raw/iclass.tku.edu.tw/course-advance-setting.html,scope-id
feature_flag,raw/iclass.tku.edu.tw/course-advance-setting.html,ScopeId
feature_flag,raw/iclass.tku.edu.tw/course-advance-setting.html,scope
feature_flag,raw/iclass.tku.edu.tw/course-advance-setting.html,scope
feature_flag,raw/iclass.tku.edu.tw/course-advance-setting.html,scope
feature_flag,raw/iclass.tku.edu.tw/course-advance-setting.html,scope
feature_flag,raw/iclass.tku.edu.tw/course-advance-setting.html,scope
feature_flag,raw/iclass.tku.edu.tw/course-advance-setting.html,scope
feature_flag,raw/iclass.tku.edu.tw/course-advance-setting.html,scope
feature_flag,raw/iclass.tku.edu.tw/course-advance-setting.html,scope-label
feature_flag,raw/iclass.tku.edu.tw/course-advance-setting.html,scope-choice
feature_flag,raw/iclass.tku.edu.tw/course-advance-setting.html,scope
feature_flag,raw/iclass.tku.edu.tw/course-advance-setting.html,scope
feature_flag,raw/iclass.tku.edu.tw/course-advance-setting.html,scope
feature_flag,raw/iclass.tku.edu.tw/course-advance-setting.html,scope
feature_flag,raw/iclass.tku.edu.tw/course-advance-setting.html,scope
feature_flag,raw/iclass.tku.edu.tw/course-advance-setting.html,scope
feature_flag,raw/iclass.tku.edu.tw/course-advance-setting.html,Scope
feature_flag,raw/iclass.tku.edu.tw/course-advance-setting.html,ScopeIds
feature_flag,raw/iclass.tku.edu.tw/course-advance-setting.html,Enable
feature_flag,raw/iclass.tku.edu.tw/course-advance-setting.html,Enable
feature_flag,raw/iclass.tku.edu.tw/course-advance-setting.html,Enable
feature_flag,raw/iclass.tku.edu.tw/course-advance-setting.html,Enabled
feature_flag,raw/iclass.tku.edu.tw/course-advance-setting.html,Enable
feature_flag,raw/iclass.tku.edu.tw/course-advance-setting.html,Enabled
feature_flag,raw/iclass.tku.edu.tw/course-advance-setting.html,Enable
feature_flag,raw/iclass.tku.edu.tw/course-advance-setting.html,Role
feature_flag,raw/iclass.tku.edu.tw/course-advance-setting.html,scope-variable
feature_flag,raw/iclass.tku.edu.tw/course-advance-setting.html,scope-variable
feature_flag,raw/iclass.tku.edu.tw/course-advance-setting.html,scope-variable
feature_flag,raw/iclass.tku.edu.tw/course-advance-setting.html,scope-variable
feature_flag,raw/iclass.tku.edu.tw/course-advance-setting.html,scope-variable
feature_flag,raw/iclass.tku.edu.tw/course-advance-setting.html,scope-variable
feature_flag,raw/iclass.tku.edu.tw/course-advance-setting.html,scope-variable
feature_flag,raw/iclass.tku.edu.tw/course-advance-setting.html,enableUpdateActivityDatetime
feature_flag,raw/iclass.tku.edu.tw/course-advance-setting.html,scope-variable
feature_flag,raw/iclass.tku.edu.tw/course-advance-setting.html,role:
feature_flag,raw/iclass.tku.edu.tw/course-advance-setting.html,Roles:
feature_flag,raw/iclass.tku.edu.tw/course-advance-setting.html,enableLoginCheck:
feature_flag,raw/iclass.tku.edu.tw/course-advance-setting.html,enableLoginRollcallCheck:
feature_flag,raw/iclass.tku.edu.tw/course-advance-setting.html,featureToggles
feature_flag,raw/iclass.tku.edu.tw/course-advance-setting.html,enableProgram
feature_flag,raw/iclass.tku.edu.tw/course-advance-setting.html,enableAuditorCourseRole
feature_flag,raw/iclass.tku.edu.tw/course-advance-setting.html,enableDingTalkChat
feature_flag,raw/iclass.tku.edu.tw/course-advance-setting.html,enableSobot
feature_flag,raw/iclass.tku.edu.tw/course-advance-setting.html,enable_howxm
feature_flag,raw/iclass.tku.edu.tw/course-advance-setting.html,enableTrainingLevelForAuthzRole
feature_flag,raw/iclass.tku.edu.tw/course-advance-setting.html,enableHomework
feature_flag,raw/iclass.tku.edu.tw/course-advance-setting.html,enableExam
feature_flag,raw/iclass.tku.edu.tw/course-advance-setting.html,enableOnlineVideo
feature_flag,raw/iclass.tku.edu.tw/course-advance-setting.html,enableLesson
feature_flag,raw/iclass.tku.edu.tw/course-advance-setting.html,enableMaterial
feature_flag,raw/iclass.tku.edu.tw/course-advance-setting.html,enableLink
feature_flag,raw/iclass.tku.edu.tw/course-advance-setting.html,enableForum
feature_flag,raw/iclass.tku.edu.tw/course-advance-setting.html,enableQuestionnaire
feature_flag,raw/iclass.tku.edu.tw/course-advance-setting.html,enableSlide
feature_flag,raw/iclass.tku.edu.tw/course-advance-setting.html,enableCourseSubjectLib
feature_flag,raw/iclass.tku.edu.tw/course-advance-setting.html,enablePlayer2
feature_flag,raw/iclass.tku.edu.tw/course-advance-setting.html,enableIndependentCoTeachingPermission
feature_flag,raw/iclass.tku.edu.tw/course-advance-setting.html,enableKnowledgeReferenceCapture
feature_flag,raw/iclass.tku.edu.tw/course-advance-setting.html,enableKnowledgeReferencePublicResource
feature_flag,raw/iclass.tku.edu.tw/course-advance-setting.html,role
feature_flag,raw/iclass.tku.edu.tw/course-advance-setting.html,enableRubrics
feature_flag,raw/iclass.tku.edu.tw/course-advance-setting.html,enableLecturerCourseRole
feature_flag,raw/iclass.tku.edu.tw/course-advance-setting.html,enableMyGroup
feature_flag,raw/iclass.tku.edu.tw/course-advance-setting.html,enableScoreItemGroup
feature_flag,raw/iclass.tku.edu.tw/course-advance-setting.html,enable
feature_flag,raw/iclass.tku.edu.tw/course-advance-setting.html,enableTextbook
feature_flag,raw/iclass.tku.edu.tw/course-advance-setting.html,enableOffCampusUserFlag
feature_flag,raw/iclass.tku.edu.tw/course-advance-setting.html,enableTencentMeetingUseUserNoAsUid
feature_flag,raw/iclass.tku.edu.tw/course-advance-setting.html,Enabled
feature_flag,raw/iclass.tku.edu.tw/course-advance-setting.html,enableAhmuGetStudentsScore
feature_flag,raw/iclass.tku.edu.tw/course-advance-setting.html,enabledUpdateActivityDatetime
feature_flag,raw/iclass.tku.edu.tw/course-advance-setting.html,enabled
feature_flag,raw/iclass.tku.edu.tw/course-advance-setting.html,enableChinamCloudGraph
feature_flag,raw/iclass.tku.edu.tw/course-advance-setting.html,enableTodayCourse
feature_flag,raw/iclass.tku.edu.tw/course-advance-setting.html,enableDesignatedInspectCourse
feature_flag,raw/iclass.tku.edu.tw/course-advance-setting.html,enableTongjiCommunityLayout
feature_flag,raw/iclass.tku.edu.tw/course-advance-setting.html,enableTeachingScheduleAndOthers
feature_flag,raw/iclass.tku.edu.tw/course-advance-setting.html,enableShowRetakeTag
feature_flag,raw/iclass.tku.edu.tw/course-advance-setting.html,enableHomeworkReferenceAnswer
feature_flag,raw/iclass.tku.edu.tw/course-advance-setting.html,enableDownloadCoursewareHelpFile
feature_flag,raw/iclass.tku.edu.tw/course-advance-setting.html,enableEditImportedCourseClassName
feature_flag,raw/iclass.tku.edu.tw/course-advance-setting.html,enable
feature_flag,raw/iclass.tku.edu.tw/course-advance-setting.html,enableUseCourseNewBaseInfo
feature_flag,raw/iclass.tku.edu.tw/course-advance-setting.html,enableFeedbackNewUi
feature_flag,raw/iclass.tku.edu.tw/course-advance-setting.html,enableShanghaitechMeeting
feature_flag,raw/iclass.tku.edu.tw/course-advance-setting.html,enableAuditJoinPublishCourse
feature_flag,raw/iclass.tku.edu.tw/course-advance-setting.html,enableAutoRefreshUploadStatus
feature_flag,raw/iclass.tku.edu.tw/course-advance-setting.html,enableCheckWpsUrlAccessibility
feature_flag,raw/iclass.tku.edu.tw/course-advance-setting.html,enableLamsLessonVirtualExperiment
feature_flag,raw/iclass.tku.edu.tw/course-advance-setting.html,enableMgsQueryCache:
feature_flag,raw/iclass.tku.edu.tw/course-advance-setting.html,enableIdleWarning:
feature_flag,raw/iclass.tku.edu.tw/course-advance-setting.html,scope
feature_flag,raw/iclass.tku.edu.tw/course-advance-setting.html,scope
feature_flag,raw/iclass.tku.edu.tw/course-advance-setting.html,scope
feature_flag,raw/iclass.tku.edu.tw/course-advance-setting.html,enablePreviewMode
feature_flag,raw/iclass.tku.edu.tw/course-advance-setting.html,scope
feature_flag,raw/iclass.tku.edu.tw/course-advance-setting.html,scope
feature_flag,raw/iclass.tku.edu.tw/course-advance-setting.html,scope
feature_flag,raw/iclass.tku.edu.tw/course-advance-setting.html,scope
feature_flag,raw/iclass.tku.edu.tw/course-advance-setting.html,scope
feature_flag,raw/iclass.tku.edu.tw/course-advance-setting.html,scope
feature_flag,raw/iclass.tku.edu.tw/course-advance-setting.html,scope
feature_flag,raw/iclass.tku.edu.tw/course-advance-setting.html,scope
feature_flag,raw/iclass.tku.edu.tw/course-advance-setting.html,scope
feature_flag,raw/iclass.tku.edu.tw/course-advance-setting.html,scope
feature_flag,raw/iclass.tku.edu.tw/course-advance-setting.html,enable-play-rate
feature_flag,raw/iclass.tku.edu.tw/course-advance-setting.html,enable-play-rate
feature_flag,raw/iclass.tku.edu.tw/course-advance-setting.html,enable_origin_text
feature_flag,raw/iclass.tku.edu.tw/course-advance-setting.html,enable_origin_text
feature_flag,raw/iclass.tku.edu.tw/course-advance-setting.html,enable_origin_text
feature_flag,raw/iclass.tku.edu.tw/course-advance-setting.html,enable_origin_text
feature_flag,raw/iclass.tku.edu.tw/course-advance-setting.html,enable_origin_text
feature_flag,raw/iclass.tku.edu.tw/course-advance-setting.html,enable_origin_text
feature_flag,raw/iclass.tku.edu.tw/course-advance-setting.html,enable_origin_text
feature_flag,raw/iclass.tku.edu.tw/course-advance-setting.html,enable_origin_text
feature_flag,raw/iclass.tku.edu.tw/course-advance-setting.html,enable_origin_text
feature_flag,raw/iclass.tku.edu.tw/course-advance-setting.html,scope
feature_flag,raw/iclass.tku.edu.tw/course-advance-setting.html,scope
feature_flag,raw/iclass.tku.edu.tw/course-advance-setting.html,scope
feature_flag,raw/iclass.tku.edu.tw/course-advance-setting.html,scope
feature_flag,raw/iclass.tku.edu.tw/course-advance-setting.html,scope
feature_flag,raw/iclass.tku.edu.tw/course-advance-setting.html,scope
feature_flag,raw/iclass.tku.edu.tw/course-advance-setting.html,scope
feature_flag,raw/iclass.tku.edu.tw/course-advance-setting.html,scope
feature_flag,raw/iclass.tku.edu.tw/course-advance-setting.html,scope
feature_flag,raw/iclass.tku.edu.tw/course-advance-setting.html,scope
feature_flag,raw/iclass.tku.edu.tw/course-advance-setting.html,enable-play-rate
feature_flag,raw/iclass.tku.edu.tw/course-advance-setting.html,enableSobot:false
feature_flag,raw/iclass.tku.edu.tw/course-advance-setting.html,Scope.left_times
upload_accept,raw/iclass.tku.edu.tw/course-advance-setting.html,uploadExtensionFormatAllowlist
upload_accept,raw/iclass.tku.edu.tw/course-advance-setting.html,upload_extension_format_allowlist
upload_accept,raw/iclass.tku.edu.tw/course-advance-setting.html,uploads
upload_accept,raw/iclass.tku.edu.tw/course-advance-setting.html,upload.type
upload_accept,raw/iclass.tku.edu.tw/course-advance-setting.html,upload.status
upload_accept,raw/iclass.tku.edu.tw/course-advance-setting.html,upload.isTextFile
upload_accept,raw/iclass.tku.edu.tw/course-advance-setting.html,upload.type
upload_accept,raw/iclass.tku.edu.tw/course-advance-setting.html,upload.status
upload_accept,raw/iclass.tku.edu.tw/course-advance-setting.html,uploading
upload_accept,raw/iclass.tku.edu.tw/course-advance-setting.html,upload.type
upload_accept,raw/iclass.tku.edu.tw/course-advance-setting.html,upload.type
upload_accept,raw/iclass.tku.edu.tw/course-advance-setting.html,upload.status
upload_accept,raw/iclass.tku.edu.tw/course-advance-setting.html,uploading
upload_accept,raw/iclass.tku.edu.tw/course-advance-setting.html,upload.type
upload_accept,raw/iclass.tku.edu.tw/course-advance-setting.html,upload.status
upload_accept,raw/iclass.tku.edu.tw/course-advance-setting.html,uploading
upload_accept,raw/iclass.tku.edu.tw/course-advance-setting.html,upload.type
upload_accept,raw/iclass.tku.edu.tw/course-advance-setting.html,upload.status
upload_accept,raw/iclass.tku.edu.tw/course-advance-setting.html,uploading
upload_accept,raw/iclass.tku.edu.tw/course-advance-setting.html,upload.id
upload_accept,raw/iclass.tku.edu.tw/course-advance-setting.html,upload.type
upload_accept,raw/iclass.tku.edu.tw/course-advance-setting.html,upload.isFromKnowledgeGraph
upload_accept,raw/iclass.tku.edu.tw/course-advance-setting.html,uploads
upload_accept,raw/iclass.tku.edu.tw/course-advance-setting.html,upload.id
upload_accept,raw/iclass.tku.edu.tw/course-advance-setting.html,upload.from_project
upload_accept,raw/iclass.tku.edu.tw/course-advance-setting.html,upload.allow_download
upload_accept,raw/iclass.tku.edu.tw/course-advance-setting.html,upload.project_id
upload_accept,raw/iclass.tku.edu.tw/course-advance-setting.html,upload_id
upload_accept,raw/iclass.tku.edu.tw/course-advance-setting.html,upload.id
upload_accept,raw/iclass.tku.edu.tw/course-advance-setting.html,upload.node_ids
upload_accept,raw/iclass.tku.edu.tw/course-advance-setting.html,upload.ref_id
upload_accept,raw/iclass.tku.edu.tw/course-advance-setting.html,upload.id
upload_accept,raw/iclass.tku.edu.tw/course-advance-setting.html,upload.type
upload_accept,raw/iclass.tku.edu.tw/course-advance-setting.html,upload.status
upload_accept,raw/iclass.tku.edu.tw/course-advance-setting.html,upload.status
upload_accept,raw/iclass.tku.edu.tw/course-advance-setting.html,upload.status
upload_accept,raw/iclass.tku.edu.tw/course-advance-setting.html,uploading
upload_accept,raw/iclass.tku.edu.tw/course-advance-setting.html,upload.status
upload_accept,raw/iclass.tku.edu.tw/course-advance-setting.html,upload.allow_download
upload_accept,raw/iclass.tku.edu.tw/course-advance-setting.html,upload.owner_id
upload_accept,raw/iclass.tku.edu.tw/course-advance-setting.html,upload.isFromKnowledgeGraph
upload_accept,raw/iclass.tku.edu.tw/course-advance-setting.html,upload.from_project
upload_accept,raw/iclass.tku.edu.tw/course-advance-setting.html,uploads
upload_accept,raw/iclass.tku.edu.tw/course-advance-setting.html,upload.id
upload_accept,raw/iclass.tku.edu.tw/course-advance-setting.html,upload
upload_accept,raw/iclass.tku.edu.tw/course-advance-setting.html,upload.status
upload_accept,raw/iclass.tku.edu.tw/course-advance-setting.html,uploading
upload_accept,raw/iclass.tku.edu.tw/course-advance-setting.html,upload.status
upload_accept,raw/iclass.tku.edu.tw/course-advance-setting.html,uploading
upload_accept,raw/iclass.tku.edu.tw/course-advance-setting.html,upload.status
upload_accept,raw/iclass.tku.edu.tw/course-advance-setting.html,uploading
upload_accept,raw/iclass.tku.edu.tw/course-advance-setting.html,upload.type
upload_accept,raw/iclass.tku.edu.tw/course-advance-setting.html,upload.type
upload_accept,raw/iclass.tku.edu.tw/course-advance-setting.html,upload.type
upload_accept,raw/iclass.tku.edu.tw/course-advance-setting.html,upload.status
upload_accept,raw/iclass.tku.edu.tw/course-advance-setting.html,uploading
upload_accept,raw/iclass.tku.edu.tw/course-advance-setting.html,upload.status
upload_accept,raw/iclass.tku.edu.tw/course-advance-setting.html,upload.type
upload_accept,raw/iclass.tku.edu.tw/course-advance-setting.html,upload.type
upload_accept,raw/iclass.tku.edu.tw/course-advance-setting.html,upload.type
upload_accept,raw/iclass.tku.edu.tw/course-advance-setting.html,upload.status
upload_accept,raw/iclass.tku.edu.tw/course-advance-setting.html,uploading
upload_accept,raw/iclass.tku.edu.tw/course-advance-setting.html,upload.type
upload_accept,raw/iclass.tku.edu.tw/course-advance-setting.html,upload.link.url
upload_accept,raw/iclass.tku.edu.tw/course-advance-setting.html,upload-wrapper
upload_accept,raw/iclass.tku.edu.tw/course-advance-setting.html,uploads
upload_accept,raw/iclass.tku.edu.tw/course-advance-setting.html,uploads
upload_accept,raw/iclass.tku.edu.tw/course-advance-setting.html,upload
upload_accept,raw/iclass.tku.edu.tw/course-advance-setting.html,uploads.length
upload_accept,raw/iclass.tku.edu.tw/course-advance-setting.html,upload-status
upload_accept,raw/iclass.tku.edu.tw/course-advance-setting.html,upload
upload_accept,raw/iclass.tku.edu.tw/course-advance-setting.html,uploads
upload_accept,raw/iclass.tku.edu.tw/course-advance-setting.html,upload
upload_accept,raw/iclass.tku.edu.tw/course-advance-setting.html,upload.deleted
upload_accept,raw/iclass.tku.edu.tw/course-advance-setting.html,upload
upload_accept,raw/iclass.tku.edu.tw/course-advance-setting.html,uploads:
upload_accept,raw/iclass.tku.edu.tw/course-advance-setting.html,uploads
upload_accept,raw/iclass.tku.edu.tw/course-advance-setting.html,upload
upload_accept,raw/iclass.tku.edu.tw/course-advance-setting.html,upload
upload_accept,raw/iclass.tku.edu.tw/course-advance-setting.html,upload.type
upload_accept,raw/iclass.tku.edu.tw/course-advance-setting.html,upload.source
upload_accept,raw/iclass.tku.edu.tw/course-advance-setting.html,upload.source
upload_accept,raw/iclass.tku.edu.tw/course-advance-setting.html,upload.name.split
upload_accept,raw/iclass.tku.edu.tw/course-advance-setting.html,upload.name.split
upload_accept,raw/iclass.tku.edu.tw/course-advance-setting.html,upload.source
upload_accept,raw/iclass.tku.edu.tw/course-advance-setting.html,Extension
upload_accept,raw/iclass.tku.edu.tw/course-advance-setting.html,upload
upload_accept,raw/iclass.tku.edu.tw/course-advance-setting.html,upload.name
upload_accept,raw/iclass.tku.edu.tw/course-advance-setting.html,upload.name
upload_accept,raw/iclass.tku.edu.tw/course-advance-setting.html,extension
upload_accept,raw/iclass.tku.edu.tw/course-advance-setting.html,upload.name
upload_accept,raw/iclass.tku.edu.tw/course-advance-setting.html,Extension
upload_accept,raw/iclass.tku.edu.tw/course-advance-setting.html,upload.type
upload_accept,raw/iclass.tku.edu.tw/course-advance-setting.html,upload.title
upload_accept,raw/iclass.tku.edu.tw/course-advance-setting.html,upload.title
upload_accept,raw/iclass.tku.edu.tw/course-advance-setting.html,upload.deleted
upload_accept,raw/iclass.tku.edu.tw/course-advance-setting.html,upload.source
upload_accept,raw/iclass.tku.edu.tw/course-advance-setting.html,upload.status
upload_accept,raw/iclass.tku.edu.tw/course-advance-setting.html,upload.status
upload_accept,raw/iclass.tku.edu.tw/course-advance-setting.html,upload.status
upload_accept,raw/iclass.tku.edu.tw/course-advance-setting.html,upload.type
upload_accept,raw/iclass.tku.edu.tw/course-advance-setting.html,upload.videos
upload_accept,raw/iclass.tku.edu.tw/course-advance-setting.html,upload.status
upload_accept,raw/iclass.tku.edu.tw/course-advance-setting.html,upload.deleted
upload_accept,raw/iclass.tku.edu.tw/course-advance-setting.html,upload
upload_accept,raw/iclass.tku.edu.tw/course-advance-setting.html,upload.status
upload_accept,raw/iclass.tku.edu.tw/course-advance-setting.html,uploadsStatus
upload_accept,raw/iclass.tku.edu.tw/course-advance-setting.html,upload.id
upload_accept,raw/iclass.tku.edu.tw/course-advance-setting.html,upload.deleted
upload_accept,raw/iclass.tku.edu.tw/course-advance-setting.html,upload.status
upload_accept,raw/iclass.tku.edu.tw/course-advance-setting.html,uploadsStatus
upload_accept,raw/iclass.tku.edu.tw/course-advance-setting.html,upload.id
upload_accept,raw/iclass.tku.edu.tw/course-advance-setting.html,upload.type
upload_accept,raw/iclass.tku.edu.tw/course-advance-setting.html,upload.videos
upload_accept,raw/iclass.tku.edu.tw/course-advance-setting.html,upload.deleted
upload_accept,raw/iclass.tku.edu.tw/course-advance-setting.html,upload
upload_accept,raw/iclass.tku.edu.tw/course-advance-setting.html,upload.deleted
upload_accept,raw/iclass.tku.edu.tw/course-advance-setting.html,UploadFailed
upload_accept,raw/iclass.tku.edu.tw/course-advance-setting.html,upload.status
upload_accept,raw/iclass.tku.edu.tw/course-advance-setting.html,uploadsStatus
upload_accept,raw/iclass.tku.edu.tw/course-advance-setting.html,upload.id
upload_accept,raw/iclass.tku.edu.tw/course-advance-setting.html,UploadProcessing
upload_accept,raw/iclass.tku.edu.tw/course-advance-setting.html,upload.status
upload_accept,raw/iclass.tku.edu.tw/course-advance-setting.html,uploadsStatus
upload_accept,raw/iclass.tku.edu.tw/course-advance-setting.html,upload.id
upload_accept,raw/iclass.tku.edu.tw/course-advance-setting.html,upload.type
upload_accept,raw/iclass.tku.edu.tw/course-advance-setting.html,upload.videos
upload_accept,raw/iclass.tku.edu.tw/course-advance-setting.html,FileSize
upload_accept,raw/iclass.tku.edu.tw/course-advance-setting.html,UploadFailed
upload_accept,raw/iclass.tku.edu.tw/course-advance-setting.html,UploadProcessing
upload_accept,raw/iclass.tku.edu.tw/course-advance-setting.html,upload.size
upload_accept,raw/iclass.tku.edu.tw/course-advance-setting.html,upload.source
upload_accept,raw/iclass.tku.edu.tw/course-advance-setting.html,upload.source
upload_accept,raw/iclass.tku.edu.tw/course-advance-setting.html,FileSize
upload_accept,raw/iclass.tku.edu.tw/course-advance-setting.html,upload.size
upload_accept,raw/iclass.tku.edu.tw/course-advance-setting.html,upload.source
upload_accept,raw/iclass.tku.edu.tw/course-advance-setting.html,FileSize
upload_accept,raw/iclass.tku.edu.tw/course-advance-setting.html,upload.deleted
upload_accept,raw/iclass.tku.edu.tw/course-advance-setting.html,UploadFailed
upload_accept,raw/iclass.tku.edu.tw/course-advance-setting.html,UploadProcessing
upload_accept,raw/iclass.tku.edu.tw/course-advance-setting.html,upload
upload_accept,raw/iclass.tku.edu.tw/course-advance-setting.html,upload.type
upload_accept,raw/iclass.tku.edu.tw/course-advance-setting.html,upload.scorm
upload_accept,raw/iclass.tku.edu.tw/course-advance-setting.html,upload.scorm.files_size
upload_accept,raw/iclass.tku.edu.tw/course-advance-setting.html,upload.type
upload_accept,raw/iclass.tku.edu.tw/course-advance-setting.html,upload.duration
upload_accept,raw/iclass.tku.edu.tw/course-advance-setting.html,upload.duration
upload_accept,raw/iclass.tku.edu.tw/course-advance-setting.html,upload.id
upload_accept,raw/iclass.tku.edu.tw/course-advance-setting.html,upload
upload_accept,raw/iclass.tku.edu.tw/course-advance-setting.html,upload.source
upload_accept,raw/iclass.tku.edu.tw/course-advance-setting.html,upload.url
upload_accept,raw/iclass.tku.edu.tw/course-advance-setting.html,uploads:
upload_accept,raw/iclass.tku.edu.tw/course-advance-setting.html,uploads
upload_accept,raw/iclass.tku.edu.tw/course-advance-setting.html,upload
upload_accept,raw/iclass.tku.edu.tw/course-advance-setting.html,upload
upload_accept,raw/iclass.tku.edu.tw/course-advance-setting.html,upload.source
upload_accept,raw/iclass.tku.edu.tw/course-advance-setting.html,upload
upload_accept,raw/iclass.tku.edu.tw/course-advance-setting.html,upload.deleted
upload_accept,raw/iclass.tku.edu.tw/course-advance-setting.html,upload
upload_accept,raw/iclass.tku.edu.tw/course-advance-setting.html,upload.id
upload_accept,raw/iclass.tku.edu.tw/course-advance-setting.html,upload.source
upload_accept,raw/iclass.tku.edu.tw/course-advance-setting.html,upload
upload_accept,raw/iclass.tku.edu.tw/course-advance-setting.html,upload.audit_status
upload_accept,raw/iclass.tku.edu.tw/course-advance-setting.html,upload.viewCount
upload_accept,raw/iclass.tku.edu.tw/course-advance-setting.html,upload
upload_accept,raw/iclass.tku.edu.tw/course-advance-setting.html,upload.deleted
upload_accept,raw/iclass.tku.edu.tw/course-advance-setting.html,upload
upload_accept,raw/iclass.tku.edu.tw/course-advance-setting.html,upload
upload_accept,raw/iclass.tku.edu.tw/course-advance-setting.html,upload.type
upload_accept,raw/iclass.tku.edu.tw/course-advance-setting.html,upload.source
upload_accept,raw/iclass.tku.edu.tw/course-advance-setting.html,upload.source
upload_accept,raw/iclass.tku.edu.tw/course-advance-setting.html,upload.name.split
upload_accept,raw/iclass.tku.edu.tw/course-advance-setting.html,upload.name.split
upload_accept,raw/iclass.tku.edu.tw/course-advance-setting.html,upload.source
upload_accept,raw/iclass.tku.edu.tw/course-advance-setting.html,Extension
upload_accept,raw/iclass.tku.edu.tw/course-advance-setting.html,upload
upload_accept,raw/iclass.tku.edu.tw/course-advance-setting.html,upload.name
upload_accept,raw/iclass.tku.edu.tw/course-advance-setting.html,upload.name
upload_accept,raw/iclass.tku.edu.tw/course-advance-setting.html,extension
upload_accept,raw/iclass.tku.edu.tw/course-advance-setting.html,upload.name
upload_accept,raw/iclass.tku.edu.tw/course-advance-setting.html,Extension
upload_accept,raw/iclass.tku.edu.tw/course-advance-setting.html,upload.type
upload_accept,raw/iclass.tku.edu.tw/course-advance-setting.html,upload.title
upload_accept,raw/iclass.tku.edu.tw/course-advance-setting.html,upload.title
upload_accept,raw/iclass.tku.edu.tw/course-advance-setting.html,upload.deleted
upload_accept,raw/iclass.tku.edu.tw/course-advance-setting.html,upload.source
upload_accept,raw/iclass.tku.edu.tw/course-advance-setting.html,upload.status
upload_accept,raw/iclass.tku.edu.tw/course-advance-setting.html,upload.status
upload_accept,raw/iclass.tku.edu.tw/course-advance-setting.html,upload.status
upload_accept,raw/iclass.tku.edu.tw/course-advance-setting.html,upload.type
upload_accept,raw/iclass.tku.edu.tw/course-advance-setting.html,upload.videos
upload_accept,raw/iclass.tku.edu.tw/course-advance-setting.html,upload.status
upload_accept,raw/iclass.tku.edu.tw/course-advance-setting.html,upload.deleted
upload_accept,raw/iclass.tku.edu.tw/course-advance-setting.html,upload
upload_accept,raw/iclass.tku.edu.tw/course-advance-setting.html,upload.status
upload_accept,raw/iclass.tku.edu.tw/course-advance-setting.html,uploadsStatus
upload_accept,raw/iclass.tku.edu.tw/course-advance-setting.html,upload.id
upload_accept,raw/iclass.tku.edu.tw/course-advance-setting.html,upload.deleted
upload_accept,raw/iclass.tku.edu.tw/course-advance-setting.html,upload.status
upload_accept,raw/iclass.tku.edu.tw/course-advance-setting.html,uploadsStatus
upload_accept,raw/iclass.tku.edu.tw/course-advance-setting.html,upload.id
upload_accept,raw/iclass.tku.edu.tw/course-advance-setting.html,upload.type
upload_accept,raw/iclass.tku.edu.tw/course-advance-setting.html,upload.videos
upload_accept,raw/iclass.tku.edu.tw/course-advance-setting.html,upload.deleted
upload_accept,raw/iclass.tku.edu.tw/course-advance-setting.html,upload
upload_accept,raw/iclass.tku.edu.tw/course-advance-setting.html,upload.deleted
upload_accept,raw/iclass.tku.edu.tw/course-advance-setting.html,UploadFailed
upload_accept,raw/iclass.tku.edu.tw/course-advance-setting.html,upload.status
upload_accept,raw/iclass.tku.edu.tw/course-advance-setting.html,uploadsStatus
upload_accept,raw/iclass.tku.edu.tw/course-advance-setting.html,upload.id
upload_accept,raw/iclass.tku.edu.tw/course-advance-setting.html,UploadProcessing
upload_accept,raw/iclass.tku.edu.tw/course-advance-setting.html,upload.status
upload_accept,raw/iclass.tku.edu.tw/course-advance-setting.html,uploadsStatus
upload_accept,raw/iclass.tku.edu.tw/course-advance-setting.html,upload.id
upload_accept,raw/iclass.tku.edu.tw/course-advance-setting.html,upload.type
upload_accept,raw/iclass.tku.edu.tw/course-advance-setting.html,upload.videos
upload_accept,raw/iclass.tku.edu.tw/course-advance-setting.html,FileSize
upload_accept,raw/iclass.tku.edu.tw/course-advance-setting.html,UploadFailed
upload_accept,raw/iclass.tku.edu.tw/course-advance-setting.html,UploadProcessing
upload_accept,raw/iclass.tku.edu.tw/course-advance-setting.html,upload.size
upload_accept,raw/iclass.tku.edu.tw/course-advance-setting.html,upload.source
upload_accept,raw/iclass.tku.edu.tw/course-advance-setting.html,upload.source
upload_accept,raw/iclass.tku.edu.tw/course-advance-setting.html,FileSize
upload_accept,raw/iclass.tku.edu.tw/course-advance-setting.html,upload.size
upload_accept,raw/iclass.tku.edu.tw/course-advance-setting.html,upload.source
upload_accept,raw/iclass.tku.edu.tw/course-advance-setting.html,FileSize
upload_accept,raw/iclass.tku.edu.tw/course-advance-setting.html,upload.deleted
upload_accept,raw/iclass.tku.edu.tw/course-advance-setting.html,UploadFailed
upload_accept,raw/iclass.tku.edu.tw/course-advance-setting.html,UploadProcessing
upload_accept,raw/iclass.tku.edu.tw/course-advance-setting.html,upload
upload_accept,raw/iclass.tku.edu.tw/course-advance-setting.html,upload.type
upload_accept,raw/iclass.tku.edu.tw/course-advance-setting.html,upload.scorm
upload_accept,raw/iclass.tku.edu.tw/course-advance-setting.html,upload.scorm.files_size
upload_accept,raw/iclass.tku.edu.tw/course-advance-setting.html,upload.type
upload_accept,raw/iclass.tku.edu.tw/course-advance-setting.html,upload.duration
upload_accept,raw/iclass.tku.edu.tw/course-advance-setting.html,upload.duration
upload_accept,raw/iclass.tku.edu.tw/course-advance-setting.html,upload.id
upload_accept,raw/iclass.tku.edu.tw/course-advance-setting.html,upload
upload_accept,raw/iclass.tku.edu.tw/course-advance-setting.html,upload.source
upload_accept,raw/iclass.tku.edu.tw/course-advance-setting.html,upload.url
upload_accept,raw/iclass.tku.edu.tw/course-advance-setting.html,uploads:
upload_accept,raw/iclass.tku.edu.tw/course-advance-setting.html,uploads
upload_accept,raw/iclass.tku.edu.tw/course-advance-setting.html,upload
upload_accept,raw/iclass.tku.edu.tw/course-advance-setting.html,upload
upload_accept,raw/iclass.tku.edu.tw/course-advance-setting.html,upload.source
upload_accept,raw/iclass.tku.edu.tw/course-advance-setting.html,upload
upload_accept,raw/iclass.tku.edu.tw/course-advance-setting.html,upload.deleted
upload_accept,raw/iclass.tku.edu.tw/course-advance-setting.html,upload
upload_accept,raw/iclass.tku.edu.tw/course-advance-setting.html,upload.id
upload_accept,raw/iclass.tku.edu.tw/course-advance-setting.html,upload.source
upload_accept,raw/iclass.tku.edu.tw/course-advance-setting.html,upload
upload_accept,raw/iclass.tku.edu.tw/course-advance-setting.html,upload.audit_status
upload_accept,raw/iclass.tku.edu.tw/course-advance-setting.html,upload.viewCount
upload_accept,raw/iclass.tku.edu.tw/course-advance-setting.html,uploads
upload_accept,raw/iclass.tku.edu.tw/course-advance-setting.html,uploads.length
upload_accept,raw/iclass.tku.edu.tw/course-advance-setting.html,uploads.length
upload_accept,raw/iclass.tku.edu.tw/course-advance-setting.html,upload-status
upload_accept,raw/iclass.tku.edu.tw/course-advance-setting.html,upload
upload_accept,raw/iclass.tku.edu.tw/course-advance-setting.html,uploads
upload_accept,raw/iclass.tku.edu.tw/course-advance-setting.html,upload
upload_accept,raw/iclass.tku.edu.tw/course-advance-setting.html,upload.deleted
upload_accept,raw/iclass.tku.edu.tw/course-advance-setting.html,upload
upload_accept,raw/iclass.tku.edu.tw/course-advance-setting.html,uploads:
upload_accept,raw/iclass.tku.edu.tw/course-advance-setting.html,uploads
upload_accept,raw/iclass.tku.edu.tw/course-advance-setting.html,upload
upload_accept,raw/iclass.tku.edu.tw/course-advance-setting.html,upload
upload_accept,raw/iclass.tku.edu.tw/course-advance-setting.html,upload.status
upload_accept,raw/iclass.tku.edu.tw/course-advance-setting.html,uploadsStatus
upload_accept,raw/iclass.tku.edu.tw/course-advance-setting.html,upload.id
upload_accept,raw/iclass.tku.edu.tw/course-advance-setting.html,upload.deleted
upload_accept,raw/iclass.tku.edu.tw/course-advance-setting.html,upload.status
upload_accept,raw/iclass.tku.edu.tw/course-advance-setting.html,uploadsStatus
upload_accept,raw/iclass.tku.edu.tw/course-advance-setting.html,upload.id
upload_accept,raw/iclass.tku.edu.tw/course-advance-setting.html,upload.type
upload_accept,raw/iclass.tku.edu.tw/course-advance-setting.html,upload.videos
upload_accept,raw/iclass.tku.edu.tw/course-advance-setting.html,upload.deleted
upload_accept,raw/iclass.tku.edu.tw/course-advance-setting.html,upload
upload_accept,raw/iclass.tku.edu.tw/course-advance-setting.html,upload.type
upload_accept,raw/iclass.tku.edu.tw/course-advance-setting.html,upload.source
upload_accept,raw/iclass.tku.edu.tw/course-advance-setting.html,upload.source
upload_accept,raw/iclass.tku.edu.tw/course-advance-setting.html,upload.name.split
upload_accept,raw/iclass.tku.edu.tw/course-advance-setting.html,upload.name.split
upload_accept,raw/iclass.tku.edu.tw/course-advance-setting.html,upload.source
upload_accept,raw/iclass.tku.edu.tw/course-advance-setting.html,Extension
upload_accept,raw/iclass.tku.edu.tw/course-advance-setting.html,upload
upload_accept,raw/iclass.tku.edu.tw/course-advance-setting.html,upload.name
upload_accept,raw/iclass.tku.edu.tw/course-advance-setting.html,upload.name
upload_accept,raw/iclass.tku.edu.tw/course-advance-setting.html,extension
upload_accept,raw/iclass.tku.edu.tw/course-advance-setting.html,upload.name
upload_accept,raw/iclass.tku.edu.tw/course-advance-setting.html,Extension
upload_accept,raw/iclass.tku.edu.tw/course-advance-setting.html,upload.type
upload_accept,raw/iclass.tku.edu.tw/course-advance-setting.html,upload.title
upload_accept,raw/iclass.tku.edu.tw/course-advance-setting.html,upload.title
upload_accept,raw/iclass.tku.edu.tw/course-advance-setting.html,upload.status
upload_accept,raw/iclass.tku.edu.tw/course-advance-setting.html,upload.status
upload_accept,raw/iclass.tku.edu.tw/course-advance-setting.html,upload.status
upload_accept,raw/iclass.tku.edu.tw/course-advance-setting.html,upload.type
upload_accept,raw/iclass.tku.edu.tw/course-advance-setting.html,upload.videos
upload_accept,raw/iclass.tku.edu.tw/course-advance-setting.html,upload.status
upload_accept,raw/iclass.tku.edu.tw/course-advance-setting.html,upload.deleted
upload_accept,raw/iclass.tku.edu.tw/course-advance-setting.html,upload
upload_accept,raw/iclass.tku.edu.tw/course-advance-setting.html,upload.status
upload_accept,raw/iclass.tku.edu.tw/course-advance-setting.html,uploadsStatus
upload_accept,raw/iclass.tku.edu.tw/course-advance-setting.html,upload.id
upload_accept,raw/iclass.tku.edu.tw/course-advance-setting.html,upload.deleted
upload_accept,raw/iclass.tku.edu.tw/course-advance-setting.html,upload.status
upload_accept,raw/iclass.tku.edu.tw/course-advance-setting.html,uploadsStatus
upload_accept,raw/iclass.tku.edu.tw/course-advance-setting.html,upload.id
upload_accept,raw/iclass.tku.edu.tw/course-advance-setting.html,upload.type
upload_accept,raw/iclass.tku.edu.tw/course-advance-setting.html,upload.videos
upload_accept,raw/iclass.tku.edu.tw/course-advance-setting.html,upload.deleted
upload_accept,raw/iclass.tku.edu.tw/course-advance-setting.html,upload
upload_accept,raw/iclass.tku.edu.tw/course-advance-setting.html,upload.deleted
upload_accept,raw/iclass.tku.edu.tw/course-advance-setting.html,upload.id
upload_accept,raw/iclass.tku.edu.tw/course-advance-setting.html,upload
upload_accept,raw/iclass.tku.edu.tw/course-advance-setting.html,upload.source
upload_accept,raw/iclass.tku.edu.tw/course-advance-setting.html,upload.url
upload_accept,raw/iclass.tku.edu.tw/course-advance-setting.html,uploads:
upload_accept,raw/iclass.tku.edu.tw/course-advance-setting.html,uploads
upload_accept,raw/iclass.tku.edu.tw/course-advance-setting.html,upload
upload_accept,raw/iclass.tku.edu.tw/course-advance-setting.html,upload
upload_accept,raw/iclass.tku.edu.tw/course-advance-setting.html,upload.source
upload_accept,raw/iclass.tku.edu.tw/course-advance-setting.html,upload
upload_accept,raw/iclass.tku.edu.tw/course-advance-setting.html,upload.deleted
upload_accept,raw/iclass.tku.edu.tw/course-advance-setting.html,upload
upload_accept,raw/iclass.tku.edu.tw/course-advance-setting.html,upload.id
upload_accept,raw/iclass.tku.edu.tw/course-advance-setting.html,upload.source
upload_accept,raw/iclass.tku.edu.tw/course-advance-setting.html,uploads
upload_accept,raw/iclass.tku.edu.tw/course-advance-setting.html,upload.reference_id
upload_accept,raw/iclass.tku.edu.tw/course-advance-setting.html,upload
upload_accept,raw/iclass.tku.edu.tw/course-advance-setting.html,upload.reference_id
upload_accept,raw/iclass.tku.edu.tw/course-advance-setting.html,upload.deleted
upload_accept,raw/iclass.tku.edu.tw/course-advance-setting.html,upload.allow_download
upload_accept,raw/iclass.tku.edu.tw/course-advance-setting.html,upload
upload_accept,raw/iclass.tku.edu.tw/course-advance-setting.html,uploads
upload_accept,raw/iclass.tku.edu.tw/course-advance-setting.html,upload.id
upload_accept,raw/iclass.tku.edu.tw/course-advance-setting.html,upload
upload_accept,raw/iclass.tku.edu.tw/course-advance-setting.html,upload.reference_id
upload_accept,raw/iclass.tku.edu.tw/course-advance-setting.html,upload.deleted
upload_accept,raw/iclass.tku.edu.tw/course-advance-setting.html,upload.allow_download
upload_accept,raw/iclass.tku.edu.tw/course-advance-setting.html,upload.source
upload_accept,raw/iclass.tku.edu.tw/course-advance-setting.html,upload
upload_accept,raw/iclass.tku.edu.tw/course-advance-setting.html,upload.url
upload_accept,raw/iclass.tku.edu.tw/course-advance-setting.html,upload
upload_accept,raw/iclass.tku.edu.tw/course-advance-setting.html,upload.source
upload_accept,raw/iclass.tku.edu.tw/course-advance-setting.html,upload.source
upload_accept,raw/iclass.tku.edu.tw/course-advance-setting.html,upload.reference_id
upload_accept,raw/iclass.tku.edu.tw/course-advance-setting.html,upload.deleted
upload_accept,raw/iclass.tku.edu.tw/course-advance-setting.html,upload.allow_download
upload_accept,raw/iclass.tku.edu.tw/course-advance-setting.html,upload
upload_accept,raw/iclass.tku.edu.tw/course-advance-setting.html,uploads
upload_accept,raw/iclass.tku.edu.tw/course-advance-setting.html,upload.id
upload_accept,raw/iclass.tku.edu.tw/course-advance-setting.html,upload
upload_accept,raw/iclass.tku.edu.tw/course-advance-setting.html,upload.reference_id
upload_accept,raw/iclass.tku.edu.tw/course-advance-setting.html,upload.deleted
upload_accept,raw/iclass.tku.edu.tw/course-advance-setting.html,upload.allow_download
upload_accept,raw/iclass.tku.edu.tw/course-advance-setting.html,upload.source
upload_accept,raw/iclass.tku.edu.tw/course-advance-setting.html,upload
upload_accept,raw/iclass.tku.edu.tw/course-advance-setting.html,upload.fileid
upload_accept,raw/iclass.tku.edu.tw/course-advance-setting.html,upload.deleted
upload_accept,raw/iclass.tku.edu.tw/course-advance-setting.html,upload.allow_download
upload_accept,raw/iclass.tku.edu.tw/course-advance-setting.html,upload.source
upload_accept,raw/iclass.tku.edu.tw/course-advance-setting.html,upload
upload_accept,raw/iclass.tku.edu.tw/course-advance-setting.html,upload.status
upload_accept,raw/iclass.tku.edu.tw/course-advance-setting.html,uploadsStatus
upload_accept,raw/iclass.tku.edu.tw/course-advance-setting.html,upload.id
upload_accept,raw/iclass.tku.edu.tw/course-advance-setting.html,upload.deleted
upload_accept,raw/iclass.tku.edu.tw/course-advance-setting.html,upload.status
upload_accept,raw/iclass.tku.edu.tw/course-advance-setting.html,uploadsStatus
upload_accept,raw/iclass.tku.edu.tw/course-advance-setting.html,upload.id
upload_accept,raw/iclass.tku.edu.tw/course-advance-setting.html,upload.type
upload_accept,raw/iclass.tku.edu.tw/course-advance-setting.html,upload.videos
upload_accept,raw/iclass.tku.edu.tw/course-advance-setting.html,upload.deleted
upload_accept,raw/iclass.tku.edu.tw/course-advance-setting.html,upload
upload_accept,raw/iclass.tku.edu.tw/course-advance-setting.html,upload.type
upload_accept,raw/iclass.tku.edu.tw/course-advance-setting.html,upload.source
upload_accept,raw/iclass.tku.edu.tw/course-advance-setting.html,upload.source
upload_accept,raw/iclass.tku.edu.tw/course-advance-setting.html,upload.name.split
upload_accept,raw/iclass.tku.edu.tw/course-advance-setting.html,upload.name.split
upload_accept,raw/iclass.tku.edu.tw/course-advance-setting.html,upload.source
upload_accept,raw/iclass.tku.edu.tw/course-advance-setting.html,Extension
upload_accept,raw/iclass.tku.edu.tw/course-advance-setting.html,upload
upload_accept,raw/iclass.tku.edu.tw/course-advance-setting.html,upload.name
upload_accept,raw/iclass.tku.edu.tw/course-advance-setting.html,upload.name
upload_accept,raw/iclass.tku.edu.tw/course-advance-setting.html,extension
upload_accept,raw/iclass.tku.edu.tw/course-advance-setting.html,upload.name
upload_accept,raw/iclass.tku.edu.tw/course-advance-setting.html,Extension
upload_accept,raw/iclass.tku.edu.tw/course-advance-setting.html,upload.type
upload_accept,raw/iclass.tku.edu.tw/course-advance-setting.html,upload.title
upload_accept,raw/iclass.tku.edu.tw/course-advance-setting.html,upload.title
upload_accept,raw/iclass.tku.edu.tw/course-advance-setting.html,upload.deleted
upload_accept,raw/iclass.tku.edu.tw/course-advance-setting.html,upload.source
upload_accept,raw/iclass.tku.edu.tw/course-advance-setting.html,upload.status
upload_accept,raw/iclass.tku.edu.tw/course-advance-setting.html,upload.status
upload_accept,raw/iclass.tku.edu.tw/course-advance-setting.html,upload.status
upload_accept,raw/iclass.tku.edu.tw/course-advance-setting.html,upload.type
upload_accept,raw/iclass.tku.edu.tw/course-advance-setting.html,upload.videos
upload_accept,raw/iclass.tku.edu.tw/course-advance-setting.html,upload.status
upload_accept,raw/iclass.tku.edu.tw/course-advance-setting.html,upload.deleted
upload_accept,raw/iclass.tku.edu.tw/course-advance-setting.html,upload
upload_accept,raw/iclass.tku.edu.tw/course-advance-setting.html,upload.status
upload_accept,raw/iclass.tku.edu.tw/course-advance-setting.html,uploadsStatus
upload_accept,raw/iclass.tku.edu.tw/course-advance-setting.html,upload.id
upload_accept,raw/iclass.tku.edu.tw/course-advance-setting.html,upload.deleted
upload_accept,raw/iclass.tku.edu.tw/course-advance-setting.html,upload.status
upload_accept,raw/iclass.tku.edu.tw/course-advance-setting.html,uploadsStatus
upload_accept,raw/iclass.tku.edu.tw/course-advance-setting.html,upload.id
upload_accept,raw/iclass.tku.edu.tw/course-advance-setting.html,upload.type
upload_accept,raw/iclass.tku.edu.tw/course-advance-setting.html,upload.videos
upload_accept,raw/iclass.tku.edu.tw/course-advance-setting.html,upload.deleted
upload_accept,raw/iclass.tku.edu.tw/course-advance-setting.html,upload
upload_accept,raw/iclass.tku.edu.tw/course-advance-setting.html,upload.deleted
upload_accept,raw/iclass.tku.edu.tw/course-advance-setting.html,UploadFailed
upload_accept,raw/iclass.tku.edu.tw/course-advance-setting.html,upload.status
upload_accept,raw/iclass.tku.edu.tw/course-advance-setting.html,uploadsStatus
upload_accept,raw/iclass.tku.edu.tw/course-advance-setting.html,upload.id
upload_accept,raw/iclass.tku.edu.tw/course-advance-setting.html,UploadProcessing
upload_accept,raw/iclass.tku.edu.tw/course-advance-setting.html,upload.status
upload_accept,raw/iclass.tku.edu.tw/course-advance-setting.html,uploadsStatus
upload_accept,raw/iclass.tku.edu.tw/course-advance-setting.html,upload.id
upload_accept,raw/iclass.tku.edu.tw/course-advance-setting.html,upload.type
upload_accept,raw/iclass.tku.edu.tw/course-advance-setting.html,upload.videos
upload_accept,raw/iclass.tku.edu.tw/course-advance-setting.html,FileSize
upload_accept,raw/iclass.tku.edu.tw/course-advance-setting.html,UploadFailed
upload_accept,raw/iclass.tku.edu.tw/course-advance-setting.html,UploadProcessing
upload_accept,raw/iclass.tku.edu.tw/course-advance-setting.html,upload.size
upload_accept,raw/iclass.tku.edu.tw/course-advance-setting.html,upload.source
upload_accept,raw/iclass.tku.edu.tw/course-advance-setting.html,upload.source
upload_accept,raw/iclass.tku.edu.tw/course-advance-setting.html,FileSize
upload_accept,raw/iclass.tku.edu.tw/course-advance-setting.html,upload.size
upload_accept,raw/iclass.tku.edu.tw/course-advance-setting.html,upload.source
upload_accept,raw/iclass.tku.edu.tw/course-advance-setting.html,FileSize
upload_accept,raw/iclass.tku.edu.tw/course-advance-setting.html,upload.deleted
upload_accept,raw/iclass.tku.edu.tw/course-advance-setting.html,UploadFailed
upload_accept,raw/iclass.tku.edu.tw/course-advance-setting.html,UploadProcessing
upload_accept,raw/iclass.tku.edu.tw/course-advance-setting.html,upload
upload_accept,raw/iclass.tku.edu.tw/course-advance-setting.html,upload.type
upload_accept,raw/iclass.tku.edu.tw/course-advance-setting.html,upload.scorm
upload_accept,raw/iclass.tku.edu.tw/course-advance-setting.html,upload.scorm.files_size
upload_accept,raw/iclass.tku.edu.tw/course-advance-setting.html,upload.type
upload_accept,raw/iclass.tku.edu.tw/course-advance-setting.html,upload.duration
upload_accept,raw/iclass.tku.edu.tw/course-advance-setting.html,upload.duration
upload_accept,raw/iclass.tku.edu.tw/course-advance-setting.html,upload.id
upload_accept,raw/iclass.tku.edu.tw/course-advance-setting.html,upload
upload_accept,raw/iclass.tku.edu.tw/course-advance-setting.html,upload.source
upload_accept,raw/iclass.tku.edu.tw/course-advance-setting.html,upload.url
upload_accept,raw/iclass.tku.edu.tw/course-advance-setting.html,uploads:
upload_accept,raw/iclass.tku.edu.tw/course-advance-setting.html,uploads
upload_accept,raw/iclass.tku.edu.tw/course-advance-setting.html,upload
upload_accept,raw/iclass.tku.edu.tw/course-advance-setting.html,upload
upload_accept,raw/iclass.tku.edu.tw/course-advance-setting.html,upload.source
upload_accept,raw/iclass.tku.edu.tw/course-advance-setting.html,upload
upload_accept,raw/iclass.tku.edu.tw/course-advance-setting.html,upload.deleted
upload_accept,raw/iclass.tku.edu.tw/course-advance-setting.html,upload
upload_accept,raw/iclass.tku.edu.tw/course-advance-setting.html,upload.id
upload_accept,raw/iclass.tku.edu.tw/course-advance-setting.html,upload.source
upload_accept,raw/iclass.tku.edu.tw/course-advance-setting.html,uploads
upload_accept,raw/iclass.tku.edu.tw/course-advance-setting.html,upload.reference_id
upload_accept,raw/iclass.tku.edu.tw/course-advance-setting.html,upload
upload_accept,raw/iclass.tku.edu.tw/course-advance-setting.html,upload.reference_id
upload_accept,raw/iclass.tku.edu.tw/course-advance-setting.html,upload.deleted
upload_accept,raw/iclass.tku.edu.tw/course-advance-setting.html,upload.allow_download
upload_accept,raw/iclass.tku.edu.tw/course-advance-setting.html,upload
upload_accept,raw/iclass.tku.edu.tw/course-advance-setting.html,uploads
upload_accept,raw/iclass.tku.edu.tw/course-advance-setting.html,upload.id
upload_accept,raw/iclass.tku.edu.tw/course-advance-setting.html,upload
upload_accept,raw/iclass.tku.edu.tw/course-advance-setting.html,upload.reference_id
upload_accept,raw/iclass.tku.edu.tw/course-advance-setting.html,upload.deleted
upload_accept,raw/iclass.tku.edu.tw/course-advance-setting.html,upload.allow_download
upload_accept,raw/iclass.tku.edu.tw/course-advance-setting.html,upload.source
upload_accept,raw/iclass.tku.edu.tw/course-advance-setting.html,upload
upload_accept,raw/iclass.tku.edu.tw/course-advance-setting.html,upload.url
upload_accept,raw/iclass.tku.edu.tw/course-advance-setting.html,upload
upload_accept,raw/iclass.tku.edu.tw/course-advance-setting.html,upload.source
upload_accept,raw/iclass.tku.edu.tw/course-advance-setting.html,upload.source
upload_accept,raw/iclass.tku.edu.tw/course-advance-setting.html,upload.reference_id
upload_accept,raw/iclass.tku.edu.tw/course-advance-setting.html,upload.deleted
upload_accept,raw/iclass.tku.edu.tw/course-advance-setting.html,upload.allow_download
upload_accept,raw/iclass.tku.edu.tw/course-advance-setting.html,upload
upload_accept,raw/iclass.tku.edu.tw/course-advance-setting.html,uploads
upload_accept,raw/iclass.tku.edu.tw/course-advance-setting.html,upload.id
upload_accept,raw/iclass.tku.edu.tw/course-advance-setting.html,upload
upload_accept,raw/iclass.tku.edu.tw/course-advance-setting.html,upload.reference_id
upload_accept,raw/iclass.tku.edu.tw/course-advance-setting.html,upload.deleted
upload_accept,raw/iclass.tku.edu.tw/course-advance-setting.html,upload.allow_download
upload_accept,raw/iclass.tku.edu.tw/course-advance-setting.html,upload.source
upload_accept,raw/iclass.tku.edu.tw/course-advance-setting.html,upload
upload_accept,raw/iclass.tku.edu.tw/course-advance-setting.html,upload.fileid
upload_accept,raw/iclass.tku.edu.tw/course-advance-setting.html,upload.deleted
upload_accept,raw/iclass.tku.edu.tw/course-advance-setting.html,upload.allow_download
upload_accept,raw/iclass.tku.edu.tw/course-advance-setting.html,upload.source
upload_accept,raw/iclass.tku.edu.tw/course-advance-setting.html,upload
upload_accept,raw/iclass.tku.edu.tw/course-advance-setting.html,upload
upload_accept,raw/iclass.tku.edu.tw/course-advance-setting.html,upload.deleted
upload_accept,raw/iclass.tku.edu.tw/course-advance-setting.html,upload
upload_accept,raw/iclass.tku.edu.tw/course-advance-setting.html,upload
upload_accept,raw/iclass.tku.edu.tw/course-advance-setting.html,upload.type
upload_accept,raw/iclass.tku.edu.tw/course-advance-setting.html,upload.source
upload_accept,raw/iclass.tku.edu.tw/course-advance-setting.html,upload.source
upload_accept,raw/iclass.tku.edu.tw/course-advance-setting.html,upload.name.split
upload_accept,raw/iclass.tku.edu.tw/course-advance-setting.html,upload.name.split
upload_accept,raw/iclass.tku.edu.tw/course-advance-setting.html,upload.source
upload_accept,raw/iclass.tku.edu.tw/course-advance-setting.html,Extension
upload_accept,raw/iclass.tku.edu.tw/course-advance-setting.html,upload
upload_accept,raw/iclass.tku.edu.tw/course-advance-setting.html,upload.name
upload_accept,raw/iclass.tku.edu.tw/course-advance-setting.html,upload.name
upload_accept,raw/iclass.tku.edu.tw/course-advance-setting.html,extension
upload_accept,raw/iclass.tku.edu.tw/course-advance-setting.html,upload.name
upload_accept,raw/iclass.tku.edu.tw/course-advance-setting.html,Extension
upload_accept,raw/iclass.tku.edu.tw/course-advance-setting.html,upload.type
upload_accept,raw/iclass.tku.edu.tw/course-advance-setting.html,upload.title
upload_accept,raw/iclass.tku.edu.tw/course-advance-setting.html,upload.title
upload_accept,raw/iclass.tku.edu.tw/course-advance-setting.html,upload.deleted
upload_accept,raw/iclass.tku.edu.tw/course-advance-setting.html,upload.source
upload_accept,raw/iclass.tku.edu.tw/course-advance-setting.html,upload.status
upload_accept,raw/iclass.tku.edu.tw/course-advance-setting.html,upload.status
upload_accept,raw/iclass.tku.edu.tw/course-advance-setting.html,upload.status
upload_accept,raw/iclass.tku.edu.tw/course-advance-setting.html,upload.type
upload_accept,raw/iclass.tku.edu.tw/course-advance-setting.html,upload.videos
upload_accept,raw/iclass.tku.edu.tw/course-advance-setting.html,upload.status
upload_accept,raw/iclass.tku.edu.tw/course-advance-setting.html,upload.deleted
upload_accept,raw/iclass.tku.edu.tw/course-advance-setting.html,upload
upload_accept,raw/iclass.tku.edu.tw/course-advance-setting.html,upload.status
upload_accept,raw/iclass.tku.edu.tw/course-advance-setting.html,uploadsStatus
upload_accept,raw/iclass.tku.edu.tw/course-advance-setting.html,upload.id
upload_accept,raw/iclass.tku.edu.tw/course-advance-setting.html,upload.deleted
upload_accept,raw/iclass.tku.edu.tw/course-advance-setting.html,upload.status
upload_accept,raw/iclass.tku.edu.tw/course-advance-setting.html,uploadsStatus
upload_accept,raw/iclass.tku.edu.tw/course-advance-setting.html,upload.id
upload_accept,raw/iclass.tku.edu.tw/course-advance-setting.html,upload.type
upload_accept,raw/iclass.tku.edu.tw/course-advance-setting.html,upload.videos
upload_accept,raw/iclass.tku.edu.tw/course-advance-setting.html,upload.deleted
upload_accept,raw/iclass.tku.edu.tw/course-advance-setting.html,upload
upload_accept,raw/iclass.tku.edu.tw/course-advance-setting.html,upload.deleted
upload_accept,raw/iclass.tku.edu.tw/course-advance-setting.html,UploadFailed
upload_accept,raw/iclass.tku.edu.tw/course-advance-setting.html,upload.status
upload_accept,raw/iclass.tku.edu.tw/course-advance-setting.html,uploadsStatus
upload_accept,raw/iclass.tku.edu.tw/course-advance-setting.html,upload.id
upload_accept,raw/iclass.tku.edu.tw/course-advance-setting.html,UploadProcessing
upload_accept,raw/iclass.tku.edu.tw/course-advance-setting.html,upload.status
upload_accept,raw/iclass.tku.edu.tw/course-advance-setting.html,uploadsStatus
upload_accept,raw/iclass.tku.edu.tw/course-advance-setting.html,upload.id
upload_accept,raw/iclass.tku.edu.tw/course-advance-setting.html,upload.type
upload_accept,raw/iclass.tku.edu.tw/course-advance-setting.html,upload.videos
upload_accept,raw/iclass.tku.edu.tw/course-advance-setting.html,FileSize
upload_accept,raw/iclass.tku.edu.tw/course-advance-setting.html,UploadFailed
upload_accept,raw/iclass.tku.edu.tw/course-advance-setting.html,UploadProcessing
upload_accept,raw/iclass.tku.edu.tw/course-advance-setting.html,upload.size
upload_accept,raw/iclass.tku.edu.tw/course-advance-setting.html,upload.source
upload_accept,raw/iclass.tku.edu.tw/course-advance-setting.html,upload.source
upload_accept,raw/iclass.tku.edu.tw/course-advance-setting.html,FileSize
upload_accept,raw/iclass.tku.edu.tw/course-advance-setting.html,upload.size
upload_accept,raw/iclass.tku.edu.tw/course-advance-setting.html,upload.source
upload_accept,raw/iclass.tku.edu.tw/course-advance-setting.html,FileSize
upload_accept,raw/iclass.tku.edu.tw/course-advance-setting.html,upload.deleted
upload_accept,raw/iclass.tku.edu.tw/course-advance-setting.html,UploadFailed
upload_accept,raw/iclass.tku.edu.tw/course-advance-setting.html,UploadProcessing
upload_accept,raw/iclass.tku.edu.tw/course-advance-setting.html,upload
upload_accept,raw/iclass.tku.edu.tw/course-advance-setting.html,upload.type
upload_accept,raw/iclass.tku.edu.tw/course-advance-setting.html,upload.scorm
upload_accept,raw/iclass.tku.edu.tw/course-advance-setting.html,upload.scorm.files_size
upload_accept,raw/iclass.tku.edu.tw/course-advance-setting.html,upload.type
upload_accept,raw/iclass.tku.edu.tw/course-advance-setting.html,upload.duration
upload_accept,raw/iclass.tku.edu.tw/course-advance-setting.html,upload.duration
upload_accept,raw/iclass.tku.edu.tw/course-advance-setting.html,upload.id
upload_accept,raw/iclass.tku.edu.tw/course-advance-setting.html,upload
upload_accept,raw/iclass.tku.edu.tw/course-advance-setting.html,upload.source
upload_accept,raw/iclass.tku.edu.tw/course-advance-setting.html,upload.url
upload_accept,raw/iclass.tku.edu.tw/course-advance-setting.html,uploads:
upload_accept,raw/iclass.tku.edu.tw/course-advance-setting.html,uploads
upload_accept,raw/iclass.tku.edu.tw/course-advance-setting.html,upload
upload_accept,raw/iclass.tku.edu.tw/course-advance-setting.html,upload
upload_accept,raw/iclass.tku.edu.tw/course-advance-setting.html,upload.source
upload_accept,raw/iclass.tku.edu.tw/course-advance-setting.html,upload
upload_accept,raw/iclass.tku.edu.tw/course-advance-setting.html,upload.deleted
upload_accept,raw/iclass.tku.edu.tw/course-advance-setting.html,upload
upload_accept,raw/iclass.tku.edu.tw/course-advance-setting.html,upload.id
upload_accept,raw/iclass.tku.edu.tw/course-advance-setting.html,upload.source
upload_accept,raw/iclass.tku.edu.tw/course-advance-setting.html,uploads
upload_accept,raw/iclass.tku.edu.tw/course-advance-setting.html,upload.reference_id
upload_accept,raw/iclass.tku.edu.tw/course-advance-setting.html,upload
upload_accept,raw/iclass.tku.edu.tw/course-advance-setting.html,upload.reference_id
upload_accept,raw/iclass.tku.edu.tw/course-advance-setting.html,upload.deleted
upload_accept,raw/iclass.tku.edu.tw/course-advance-setting.html,upload.allow_download
upload_accept,raw/iclass.tku.edu.tw/course-advance-setting.html,upload
upload_accept,raw/iclass.tku.edu.tw/course-advance-setting.html,uploads
upload_accept,raw/iclass.tku.edu.tw/course-advance-setting.html,upload.id
upload_accept,raw/iclass.tku.edu.tw/course-advance-setting.html,upload
upload_accept,raw/iclass.tku.edu.tw/course-advance-setting.html,upload.reference_id
upload_accept,raw/iclass.tku.edu.tw/course-advance-setting.html,upload.deleted
upload_accept,raw/iclass.tku.edu.tw/course-advance-setting.html,upload.allow_download
upload_accept,raw/iclass.tku.edu.tw/course-advance-setting.html,upload.source
upload_accept,raw/iclass.tku.edu.tw/course-advance-setting.html,upload
upload_accept,raw/iclass.tku.edu.tw/course-advance-setting.html,upload.url
upload_accept,raw/iclass.tku.edu.tw/course-advance-setting.html,upload
upload_accept,raw/iclass.tku.edu.tw/course-advance-setting.html,upload.source
upload_accept,raw/iclass.tku.edu.tw/course-advance-setting.html,upload.source
upload_accept,raw/iclass.tku.edu.tw/course-advance-setting.html,upload.reference_id
upload_accept,raw/iclass.tku.edu.tw/course-advance-setting.html,upload.deleted
upload_accept,raw/iclass.tku.edu.tw/course-advance-setting.html,upload.allow_download
upload_accept,raw/iclass.tku.edu.tw/course-advance-setting.html,upload
upload_accept,raw/iclass.tku.edu.tw/course-advance-setting.html,uploads
upload_accept,raw/iclass.tku.edu.tw/course-advance-setting.html,upload.id
upload_accept,raw/iclass.tku.edu.tw/course-advance-setting.html,upload
upload_accept,raw/iclass.tku.edu.tw/course-advance-setting.html,upload.reference_id
upload_accept,raw/iclass.tku.edu.tw/course-advance-setting.html,upload.deleted
upload_accept,raw/iclass.tku.edu.tw/course-advance-setting.html,upload.allow_download
upload_accept,raw/iclass.tku.edu.tw/course-advance-setting.html,upload.source
upload_accept,raw/iclass.tku.edu.tw/course-advance-setting.html,upload
upload_accept,raw/iclass.tku.edu.tw/course-advance-setting.html,upload.fileid
upload_accept,raw/iclass.tku.edu.tw/course-advance-setting.html,upload.deleted
upload_accept,raw/iclass.tku.edu.tw/course-advance-setting.html,upload.allow_download
upload_accept,raw/iclass.tku.edu.tw/course-advance-setting.html,upload.source
upload_accept,raw/iclass.tku.edu.tw/course-advance-setting.html,upload
upload_accept,raw/iclass.tku.edu.tw/course-advance-setting.html,uploadZeroSizeFileErrorMessage
upload_accept,raw/iclass.tku.edu.tw/course-advance-setting.html,uploadSizeLimitErrorMessage
upload_accept,raw/iclass.tku.edu.tw/course-advance-setting.html,uploadFileFormatLimitErrorMessage
upload_accept,raw/iclass.tku.edu.tw/course-advance-setting.html,UploadFile
upload_accept,raw/iclass.tku.edu.tw/course-advance-setting.html,UploadSize
upload_accept,raw/iclass.tku.edu.tw/course-advance-setting.html,ExtensionCheckEnable
upload_accept,raw/iclass.tku.edu.tw/course-advance-setting.html,UploadController
upload_accept,raw/iclass.tku.edu.tw/course-advance-setting.html,upload-confirmation-popup
upload_accept,raw/iclass.tku.edu.tw/course-advance-setting.html,upload-confirmation-popup
upload_accept,raw/iclass.tku.edu.tw/course-advance-setting.html,upload-confirmation-popup
upload_accept,raw/iclass.tku.edu.tw/course-advance-setting.html,upload-confirmation-popup
upload_accept,raw/iclass.tku.edu.tw/course-advance-setting.html,upload-area
upload_accept,raw/iclass.tku.edu.tw/course-advance-setting.html,UploadEnabled
upload_accept,raw/iclass.tku.edu.tw/course-advance-setting.html,Upload
upload_accept,raw/iclass.tku.edu.tw/course-advance-setting.html,UploadFile
upload_accept,raw/iclass.tku.edu.tw/course-advance-setting.html,ExtensionCheckEnable
upload_accept,raw/iclass.tku.edu.tw/course-advance-setting.html,upload-gray
upload_accept,raw/iclass.tku.edu.tw/course-advance-setting.html,UploadSize
upload_accept,raw/iclass.tku.edu.tw/course-advance-setting.html,UploadSize
upload_accept,raw/iclass.tku.edu.tw/course-advance-setting.html,UploadSize
upload_accept,raw/iclass.tku.edu.tw/course-advance-setting.html,UploadSize
upload_accept,raw/iclass.tku.edu.tw/course-advance-setting.html,UploadSize
upload_accept,raw/iclass.tku.edu.tw/course-advance-setting.html,UploadSize
upload_accept,raw/iclass.tku.edu.tw/course-advance-setting.html,upload-gray
upload_accept,raw/iclass.tku.edu.tw/course-advance-setting.html,UploadSize
upload_accept,raw/iclass.tku.edu.tw/course-advance-setting.html,upload-gray
upload_accept,raw/iclass.tku.edu.tw/course-advance-setting.html,UploadSize
upload_accept,raw/iclass.tku.edu.tw/course-advance-setting.html,upload-area
upload_accept,raw/iclass.tku.edu.tw/course-advance-setting.html,UploadEnabled
upload_accept,raw/iclass.tku.edu.tw/course-advance-setting.html,Upload
upload_accept,raw/iclass.tku.edu.tw/course-advance-setting.html,upload-types
upload_accept,raw/iclass.tku.edu.tw/course-advance-setting.html,upload-local
upload_accept,raw/iclass.tku.edu.tw/course-advance-setting.html,upload-select-area
upload_accept,raw/iclass.tku.edu.tw/course-advance-setting.html,UploadList
upload_accept,raw/iclass.tku.edu.tw/course-advance-setting.html,UploadList
upload_accept,raw/iclass.tku.edu.tw/course-advance-setting.html,upload-alt
upload_accept,raw/iclass.tku.edu.tw/course-advance-setting.html,UploadOptions
upload_accept,raw/iclass.tku.edu.tw/course-advance-setting.html,UploadList
upload_accept,raw/iclass.tku.edu.tw/course-advance-setting.html,UploadList
upload_accept,raw/iclass.tku.edu.tw/course-advance-setting.html,upload-client
upload_accept,raw/iclass.tku.edu.tw/course-advance-setting.html,UploadFile
upload_accept,raw/iclass.tku.edu.tw/course-advance-setting.html,ExtensionCheckEnable
upload_accept,raw/iclass.tku.edu.tw/course-advance-setting.html,upload-gray
upload_accept,raw/iclass.tku.edu.tw/course-advance-setting.html,UploadSize
upload_accept,raw/iclass.tku.edu.tw/course-advance-setting.html,UploadSize
upload_accept,raw/iclass.tku.edu.tw/course-advance-setting.html,UploadSize
upload_accept,raw/iclass.tku.edu.tw/course-advance-setting.html,UploadSize
upload_accept,raw/iclass.tku.edu.tw/course-advance-setting.html,UploadSize
upload_accept,raw/iclass.tku.edu.tw/course-advance-setting.html,UploadSize
upload_accept,raw/iclass.tku.edu.tw/course-advance-setting.html,upload-gray
upload_accept,raw/iclass.tku.edu.tw/course-advance-setting.html,UploadSize
upload_accept,raw/iclass.tku.edu.tw/course-advance-setting.html,upload-gray
upload_accept,raw/iclass.tku.edu.tw/course-advance-setting.html,UploadSize
upload_accept,raw/iclass.tku.edu.tw/course-advance-setting.html,upload-content
upload_accept,raw/iclass.tku.edu.tw/course-advance-setting.html,upload-content
upload_accept,raw/iclass.tku.edu.tw/course-advance-setting.html,upload
upload_accept,raw/iclass.tku.edu.tw/course-advance-setting.html,upload.is_folder
upload_accept,raw/iclass.tku.edu.tw/course-advance-setting.html,upload.selectable
upload_accept,raw/iclass.tku.edu.tw/course-advance-setting.html,UploadClick
upload_accept,raw/iclass.tku.edu.tw/course-advance-setting.html,upload
upload_accept,raw/iclass.tku.edu.tw/course-advance-setting.html,UploadClick
upload_accept,raw/iclass.tku.edu.tw/course-advance-setting.html,upload
upload_accept,raw/iclass.tku.edu.tw/course-advance-setting.html,upload.selected
upload_accept,raw/iclass.tku.edu.tw/course-advance-setting.html,upload.failed
upload_accept,raw/iclass.tku.edu.tw/course-advance-setting.html,upload.failedWithAMessage
upload_accept,raw/iclass.tku.edu.tw/course-advance-setting.html,upload.selectable
upload_accept,raw/iclass.tku.edu.tw/course-advance-setting.html,upload.id
upload_accept,raw/iclass.tku.edu.tw/course-advance-setting.html,upload
upload_accept,raw/iclass.tku.edu.tw/course-advance-setting.html,upload
upload_accept,raw/iclass.tku.edu.tw/course-advance-setting.html,Upload
upload_accept,raw/iclass.tku.edu.tw/course-advance-setting.html,upload.failed
upload_accept,raw/iclass.tku.edu.tw/course-advance-setting.html,upload.failedWithAMessage
upload_accept,raw/iclass.tku.edu.tw/course-advance-setting.html,upload.selectable
upload_accept,raw/iclass.tku.edu.tw/course-advance-setting.html,upload.id
upload_accept,raw/iclass.tku.edu.tw/course-advance-setting.html,Extension
upload_accept,raw/iclass.tku.edu.tw/course-advance-setting.html,upload
upload_accept,raw/iclass.tku.edu.tw/course-advance-setting.html,upload
upload_accept,raw/iclass.tku.edu.tw/course-advance-setting.html,upload.name
upload_accept,raw/iclass.tku.edu.tw/course-advance-setting.html,upload.name
upload_accept,raw/iclass.tku.edu.tw/course-advance-setting.html,upload.created_at
upload_accept,raw/iclass.tku.edu.tw/course-advance-setting.html,upload.size
upload_accept,raw/iclass.tku.edu.tw/course-advance-setting.html,upload.size
upload_accept,raw/iclass.tku.edu.tw/course-advance-setting.html,upload.size
upload_accept,raw/iclass.tku.edu.tw/course-advance-setting.html,upload.failed
upload_accept,raw/iclass.tku.edu.tw/course-advance-setting.html,upload.failedWithAMessage
upload_accept,raw/iclass.tku.edu.tw/course-advance-setting.html,upload.is_upload_folder
upload_accept,raw/iclass.tku.edu.tw/course-advance-setting.html,upload.failed
upload_accept,raw/iclass.tku.edu.tw/course-advance-setting.html,upload.failedWithAMessage
upload_accept,raw/iclass.tku.edu.tw/course-advance-setting.html,upload.progress
upload_accept,raw/iclass.tku.edu.tw/course-advance-setting.html,upload.progress
upload_accept,raw/iclass.tku.edu.tw/course-advance-setting.html,upload.progress
upload_accept,raw/iclass.tku.edu.tw/course-advance-setting.html,upload.is_upload_folder
upload_accept,raw/iclass.tku.edu.tw/course-advance-setting.html,upload.progressing
upload_accept,raw/iclass.tku.edu.tw/course-advance-setting.html,upload.progress
upload_accept,raw/iclass.tku.edu.tw/course-advance-setting.html,upload.progress
upload_accept,raw/iclass.tku.edu.tw/course-advance-setting.html,upload.finishedCount
upload_accept,raw/iclass.tku.edu.tw/course-advance-setting.html,upload.filesCount
upload_accept,raw/iclass.tku.edu.tw/course-advance-setting.html,upload.is_upload_folder
upload_accept,raw/iclass.tku.edu.tw/course-advance-setting.html,upload.failed
upload_accept,raw/iclass.tku.edu.tw/course-advance-setting.html,upload.failedWithAMessage
upload_accept,raw/iclass.tku.edu.tw/course-advance-setting.html,upload-failed
upload_accept,raw/iclass.tku.edu.tw/course-advance-setting.html,upload.failed
upload_accept,raw/iclass.tku.edu.tw/course-advance-setting.html,upload.failedWithAMessage
upload_accept,raw/iclass.tku.edu.tw/course-advance-setting.html,upload.failedMessage
upload_accept,raw/iclass.tku.edu.tw/course-advance-setting.html,upload.is_upload_folder
upload_accept,raw/iclass.tku.edu.tw/course-advance-setting.html,upload.progressing
upload_accept,raw/iclass.tku.edu.tw/course-advance-setting.html,upload.failed
upload_accept,raw/iclass.tku.edu.tw/course-advance-setting.html,upload.failedFiles.length
upload_accept,raw/iclass.tku.edu.tw/course-advance-setting.html,upload-failed-warning-area
upload_accept,raw/iclass.tku.edu.tw/course-advance-setting.html,upload-failed-warning
upload_accept,raw/iclass.tku.edu.tw/course-advance-setting.html,upload
upload_accept,raw/iclass.tku.edu.tw/course-advance-setting.html,upload.failed
upload_accept,raw/iclass.tku.edu.tw/course-advance-setting.html,upload-failed-warning-area
upload_accept,raw/iclass.tku.edu.tw/course-advance-setting.html,upload-failed-warning
upload_accept,raw/iclass.tku.edu.tw/course-advance-setting.html,upload.id
upload_accept,raw/iclass.tku.edu.tw/course-advance-setting.html,upload-failed
upload_accept,raw/iclass.tku.edu.tw/course-advance-setting.html,upload.id
upload_accept,raw/iclass.tku.edu.tw/course-advance-setting.html,upload.speed
upload_accept,raw/iclass.tku.edu.tw/course-advance-setting.html,upload.speed
upload_accept,raw/iclass.tku.edu.tw/course-advance-setting.html,upload.speed
upload_accept,raw/iclass.tku.edu.tw/course-advance-setting.html,upload-buttons
upload_accept,raw/iclass.tku.edu.tw/course-advance-setting.html,upload-button
upload_accept,raw/iclass.tku.edu.tw/course-advance-setting.html,UploadingUpload
upload_accept,raw/iclass.tku.edu.tw/course-advance-setting.html,upload
upload_accept,raw/iclass.tku.edu.tw/course-advance-setting.html,upload.is_upload_folder
upload_accept,raw/iclass.tku.edu.tw/course-advance-setting.html,upload.failed
upload_accept,raw/iclass.tku.edu.tw/course-advance-setting.html,upload.finished
upload_accept,raw/iclass.tku.edu.tw/course-advance-setting.html,upload.finished
upload_accept,raw/iclass.tku.edu.tw/course-advance-setting.html,upload.is_folder
upload_accept,raw/iclass.tku.edu.tw/course-advance-setting.html,UploadClick
upload_accept,raw/iclass.tku.edu.tw/course-advance-setting.html,upload
upload_accept,raw/iclass.tku.edu.tw/course-advance-setting.html,upload.selected
upload_accept,raw/iclass.tku.edu.tw/course-advance-setting.html,upload.failed
upload_accept,raw/iclass.tku.edu.tw/course-advance-setting.html,upload.failedWithAMessage
upload_accept,raw/iclass.tku.edu.tw/course-advance-setting.html,upload.selectable
upload_accept,raw/iclass.tku.edu.tw/course-advance-setting.html,upload.id
upload_accept,raw/iclass.tku.edu.tw/course-advance-setting.html,upload
upload_accept,raw/iclass.tku.edu.tw/course-advance-setting.html,upload
upload_accept,raw/iclass.tku.edu.tw/course-advance-setting.html,Upload
upload_accept,raw/iclass.tku.edu.tw/course-advance-setting.html,upload.failed
upload_accept,raw/iclass.tku.edu.tw/course-advance-setting.html,upload.failedWithAMessage
upload_accept,raw/iclass.tku.edu.tw/course-advance-setting.html,upload.selectable
upload_accept,raw/iclass.tku.edu.tw/course-advance-setting.html,upload.id
upload_accept,raw/iclass.tku.edu.tw/course-advance-setting.html,upload.type
upload_accept,raw/iclass.tku.edu.tw/course-advance-setting.html,upload.type
upload_accept,raw/iclass.tku.edu.tw/course-advance-setting.html,Extension
upload_accept,raw/iclass.tku.edu.tw/course-advance-setting.html,upload
upload_accept,raw/iclass.tku.edu.tw/course-advance-setting.html,upload.type
upload_accept,raw/iclass.tku.edu.tw/course-advance-setting.html,upload.type
upload_accept,raw/iclass.tku.edu.tw/course-advance-setting.html,upload.type
upload_accept,raw/iclass.tku.edu.tw/course-advance-setting.html,upload.type
upload_accept,raw/iclass.tku.edu.tw/course-advance-setting.html,upload.name
upload_accept,raw/iclass.tku.edu.tw/course-advance-setting.html,upload.name
upload_accept,raw/iclass.tku.edu.tw/course-advance-setting.html,upload.type
upload_accept,raw/iclass.tku.edu.tw/course-advance-setting.html,upload.type
upload_accept,raw/iclass.tku.edu.tw/course-advance-setting.html,upload.title
upload_accept,raw/iclass.tku.edu.tw/course-advance-setting.html,upload.title
upload_accept,raw/iclass.tku.edu.tw/course-advance-setting.html,upload.type
upload_accept,raw/iclass.tku.edu.tw/course-advance-setting.html,upload.type
upload_accept,raw/iclass.tku.edu.tw/course-advance-setting.html,extension
upload_accept,raw/iclass.tku.edu.tw/course-advance-setting.html,upload.name
upload_accept,raw/iclass.tku.edu.tw/course-advance-setting.html,Extension
upload_accept,raw/iclass.tku.edu.tw/course-advance-setting.html,upload.type
upload_accept,raw/iclass.tku.edu.tw/course-advance-setting.html,upload.uploads
upload_accept,raw/iclass.tku.edu.tw/course-advance-setting.html,upload.type
upload_accept,raw/iclass.tku.edu.tw/course-advance-setting.html,upload.duration
upload_accept,raw/iclass.tku.edu.tw/course-advance-setting.html,upload.type
upload_accept,raw/iclass.tku.edu.tw/course-advance-setting.html,upload.type
upload_accept,raw/iclass.tku.edu.tw/course-advance-setting.html,upload.num_of_subjects
upload_accept,raw/iclass.tku.edu.tw/course-advance-setting.html,upload.created_at
upload_accept,raw/iclass.tku.edu.tw/course-advance-setting.html,upload.size
upload_accept,raw/iclass.tku.edu.tw/course-advance-setting.html,upload.size
upload_accept,raw/iclass.tku.edu.tw/course-advance-setting.html,upload.size
upload_accept,raw/iclass.tku.edu.tw/course-advance-setting.html,upload.failed
upload_accept,raw/iclass.tku.edu.tw/course-advance-setting.html,upload.failedWithAMessage
upload_accept,raw/iclass.tku.edu.tw/course-advance-setting.html,upload.failed
upload_accept,raw/iclass.tku.edu.tw/course-advance-setting.html,upload.failedWithAMessage
upload_accept,raw/iclass.tku.edu.tw/course-advance-setting.html,upload.progress
upload_accept,raw/iclass.tku.edu.tw/course-advance-setting.html,upload.progress
upload_accept,raw/iclass.tku.edu.tw/course-advance-setting.html,upload.progress
upload_accept,raw/iclass.tku.edu.tw/course-advance-setting.html,upload.failed
upload_accept,raw/iclass.tku.edu.tw/course-advance-setting.html,upload.failedWithAMessage
upload_accept,raw/iclass.tku.edu.tw/course-advance-setting.html,upload-failed
upload_accept,raw/iclass.tku.edu.tw/course-advance-setting.html,upload.failed
upload_accept,raw/iclass.tku.edu.tw/course-advance-setting.html,upload.failedWithAMessage
upload_accept,raw/iclass.tku.edu.tw/course-advance-setting.html,upload.failedMessage
upload_accept,raw/iclass.tku.edu.tw/course-advance-setting.html,upload.id
upload_accept,raw/iclass.tku.edu.tw/course-advance-setting.html,upload-failed
upload_accept,raw/iclass.tku.edu.tw/course-advance-setting.html,upload.id
upload_accept,raw/iclass.tku.edu.tw/course-advance-setting.html,upload.speed
upload_accept,raw/iclass.tku.edu.tw/course-advance-setting.html,upload.speed
upload_accept,raw/iclass.tku.edu.tw/course-advance-setting.html,upload.speed
upload_accept,raw/iclass.tku.edu.tw/course-advance-setting.html,upload-buttons
upload_accept,raw/iclass.tku.edu.tw/course-advance-setting.html,upload-button
upload_accept,raw/iclass.tku.edu.tw/course-advance-setting.html,UploadingUpload
upload_accept,raw/iclass.tku.edu.tw/course-advance-setting.html,upload
upload_accept,raw/iclass.tku.edu.tw/course-advance-setting.html,upload.failed
upload_accept,raw/iclass.tku.edu.tw/course-advance-setting.html,upload.finished
upload_accept,raw/iclass.tku.edu.tw/course-advance-setting.html,upload.finished
upload_accept,raw/iclass.tku.edu.tw/course-advance-setting.html,upload
upload_accept,raw/iclass.tku.edu.tw/course-advance-setting.html,upload.selected
upload_accept,raw/iclass.tku.edu.tw/course-advance-setting.html,upload.id
upload_accept,raw/iclass.tku.edu.tw/course-advance-setting.html,Upload.id
upload_accept,raw/iclass.tku.edu.tw/course-advance-setting.html,UploadClick
upload_accept,raw/iclass.tku.edu.tw/course-advance-setting.html,upload
upload_accept,raw/iclass.tku.edu.tw/course-advance-setting.html,upload.selected
upload_accept,raw/iclass.tku.edu.tw/course-advance-setting.html,upload.failed
upload_accept,raw/iclass.tku.edu.tw/course-advance-setting.html,upload.failedWithAMessage
upload_accept,raw/iclass.tku.edu.tw/course-advance-setting.html,upload.selectable
upload_accept,raw/iclass.tku.edu.tw/course-advance-setting.html,upload
upload_accept,raw/iclass.tku.edu.tw/course-advance-setting.html,upload
upload_accept,raw/iclass.tku.edu.tw/course-advance-setting.html,Upload
upload_accept,raw/iclass.tku.edu.tw/course-advance-setting.html,upload.failed
upload_accept,raw/iclass.tku.edu.tw/course-advance-setting.html,upload.failedWithAMessage
upload_accept,raw/iclass.tku.edu.tw/course-advance-setting.html,upload.selectable
upload_accept,raw/iclass.tku.edu.tw/course-advance-setting.html,uploads
upload_accept,raw/iclass.tku.edu.tw/course-advance-setting.html,upload.thumbnail.id
upload_accept,raw/iclass.tku.edu.tw/course-advance-setting.html,upload.isThirdPartResource
upload_accept,raw/iclass.tku.edu.tw/course-advance-setting.html,upload.thumbnail
upload_accept,raw/iclass.tku.edu.tw/course-advance-setting.html,upload.thumbnail.id
upload_accept,raw/iclass.tku.edu.tw/course-advance-setting.html,uploads
upload_accept,raw/iclass.tku.edu.tw/course-advance-setting.html,upload.id
upload_accept,raw/iclass.tku.edu.tw/course-advance-setting.html,upload.isThirdPartResource
upload_accept,raw/iclass.tku.edu.tw/course-advance-setting.html,upload.thumbnail
upload_accept,raw/iclass.tku.edu.tw/course-advance-setting.html,upload.thumbnail.id
upload_accept,raw/iclass.tku.edu.tw/course-advance-setting.html,uploads
upload_accept,raw/iclass.tku.edu.tw/course-advance-setting.html,upload.thumbnail.id
upload_accept,raw/iclass.tku.edu.tw/course-advance-setting.html,upload.isThirdPartResource
upload_accept,raw/iclass.tku.edu.tw/course-advance-setting.html,upload.thumbnail
upload_accept,raw/iclass.tku.edu.tw/course-advance-setting.html,upload.thumbnail.id
upload_accept,raw/iclass.tku.edu.tw/course-advance-setting.html,uploads
upload_accept,raw/iclass.tku.edu.tw/course-advance-setting.html,upload.id
upload_accept,raw/iclass.tku.edu.tw/course-advance-setting.html,upload.isThirdPartResource
upload_accept,raw/iclass.tku.edu.tw/course-advance-setting.html,upload.thumbnail
upload_accept,raw/iclass.tku.edu.tw/course-advance-setting.html,upload.thumbnail.id
upload_accept,raw/iclass.tku.edu.tw/course-advance-setting.html,upload.name
upload_accept,raw/iclass.tku.edu.tw/course-advance-setting.html,upload.name
upload_accept,raw/iclass.tku.edu.tw/course-advance-setting.html,upload-content
upload_accept,raw/iclass.tku.edu.tw/course-advance-setting.html,upload
upload_accept,raw/iclass.tku.edu.tw/course-advance-setting.html,upload.is_folder
upload_accept,raw/iclass.tku.edu.tw/course-advance-setting.html,upload.selectable
upload_accept,raw/iclass.tku.edu.tw/course-advance-setting.html,UploadClick
upload_accept,raw/iclass.tku.edu.tw/course-advance-setting.html,upload
upload_accept,raw/iclass.tku.edu.tw/course-advance-setting.html,UploadClick
upload_accept,raw/iclass.tku.edu.tw/course-advance-setting.html,upload
upload_accept,raw/iclass.tku.edu.tw/course-advance-setting.html,upload.selected
upload_accept,raw/iclass.tku.edu.tw/course-advance-setting.html,upload
upload_accept,raw/iclass.tku.edu.tw/course-advance-setting.html,upload
upload_accept,raw/iclass.tku.edu.tw/course-advance-setting.html,Upload
upload_accept,raw/iclass.tku.edu.tw/course-advance-setting.html,upload.failed
upload_accept,raw/iclass.tku.edu.tw/course-advance-setting.html,upload.failedWithAMessage
upload_accept,raw/iclass.tku.edu.tw/course-advance-setting.html,upload.selectable
upload_accept,raw/iclass.tku.edu.tw/course-advance-setting.html,Extension
upload_accept,raw/iclass.tku.edu.tw/course-advance-setting.html,upload
upload_accept,raw/iclass.tku.edu.tw/course-advance-setting.html,upload
upload_accept,raw/iclass.tku.edu.tw/course-advance-setting.html,upload.name
upload_accept,raw/iclass.tku.edu.tw/course-advance-setting.html,upload.name
upload_accept,raw/iclass.tku.edu.tw/course-advance-setting.html,upload.failed
upload_accept,raw/iclass.tku.edu.tw/course-advance-setting.html,upload.failedWithAMessage
upload_accept,raw/iclass.tku.edu.tw/course-advance-setting.html,upload.failed
upload_accept,raw/iclass.tku.edu.tw/course-advance-setting.html,upload.failedWithAMessage
upload_accept,raw/iclass.tku.edu.tw/course-advance-setting.html,upload.progress
upload_accept,raw/iclass.tku.edu.tw/course-advance-setting.html,upload.progress
upload_accept,raw/iclass.tku.edu.tw/course-advance-setting.html,upload.progress
upload_accept,raw/iclass.tku.edu.tw/course-advance-setting.html,upload.failed
upload_accept,raw/iclass.tku.edu.tw/course-advance-setting.html,upload.failedWithAMessage
upload_accept,raw/iclass.tku.edu.tw/course-advance-setting.html,upload-failed
upload_accept,raw/iclass.tku.edu.tw/course-advance-setting.html,upload.failed
upload_accept,raw/iclass.tku.edu.tw/course-advance-setting.html,upload.failedWithAMessage
upload_accept,raw/iclass.tku.edu.tw/course-advance-setting.html,upload.failedMessage
upload_accept,raw/iclass.tku.edu.tw/course-advance-setting.html,upload.speed
upload_accept,raw/iclass.tku.edu.tw/course-advance-setting.html,upload.speed
upload_accept,raw/iclass.tku.edu.tw/course-advance-setting.html,upload.speed
upload_accept,raw/iclass.tku.edu.tw/course-advance-setting.html,upload-buttons
upload_accept,raw/iclass.tku.edu.tw/course-advance-setting.html,upload-button
upload_accept,raw/iclass.tku.edu.tw/course-advance-setting.html,UploadingUpload
upload_accept,raw/iclass.tku.edu.tw/course-advance-setting.html,upload
upload_accept,raw/iclass.tku.edu.tw/course-advance-setting.html,upload.failed
upload_accept,raw/iclass.tku.edu.tw/course-advance-setting.html,upload.finished
upload_accept,raw/iclass.tku.edu.tw/course-advance-setting.html,upload.finished
upload_accept,raw/iclass.tku.edu.tw/course-advance-setting.html,upload.is_folder
upload_accept,raw/iclass.tku.edu.tw/course-advance-setting.html,UploadClick
upload_accept,raw/iclass.tku.edu.tw/course-advance-setting.html,upload
upload_accept,raw/iclass.tku.edu.tw/course-advance-setting.html,upload.selected
upload_accept,raw/iclass.tku.edu.tw/course-advance-setting.html,upload.failed
upload_accept,raw/iclass.tku.edu.tw/course-advance-setting.html,upload.failedWithAMessage
upload_accept,raw/iclass.tku.edu.tw/course-advance-setting.html,upload.selectable
upload_accept,raw/iclass.tku.edu.tw/course-advance-setting.html,upload
upload_accept,raw/iclass.tku.edu.tw/course-advance-setting.html,upload
upload_accept,raw/iclass.tku.edu.tw/course-advance-setting.html,Upload
upload_accept,raw/iclass.tku.edu.tw/course-advance-setting.html,upload.failed
upload_accept,raw/iclass.tku.edu.tw/course-advance-setting.html,upload.failedWithAMessage
upload_accept,raw/iclass.tku.edu.tw/course-advance-setting.html,upload.selectable
upload_accept,raw/iclass.tku.edu.tw/course-advance-setting.html,upload.type
upload_accept,raw/iclass.tku.edu.tw/course-advance-setting.html,upload.type
upload_accept,raw/iclass.tku.edu.tw/course-advance-setting.html,Extension
upload_accept,raw/iclass.tku.edu.tw/course-advance-setting.html,upload
upload_accept,raw/iclass.tku.edu.tw/course-advance-setting.html,upload.type
upload_accept,raw/iclass.tku.edu.tw/course-advance-setting.html,upload.type
upload_accept,raw/iclass.tku.edu.tw/course-advance-setting.html,upload.type
upload_accept,raw/iclass.tku.edu.tw/course-advance-setting.html,upload.type
upload_accept,raw/iclass.tku.edu.tw/course-advance-setting.html,upload.name
upload_accept,raw/iclass.tku.edu.tw/course-advance-setting.html,upload.name
upload_accept,raw/iclass.tku.edu.tw/course-advance-setting.html,upload.type
upload_accept,raw/iclass.tku.edu.tw/course-advance-setting.html,upload.type
upload_accept,raw/iclass.tku.edu.tw/course-advance-setting.html,upload.title
upload_accept,raw/iclass.tku.edu.tw/course-advance-setting.html,upload.title
upload_accept,raw/iclass.tku.edu.tw/course-advance-setting.html,upload.type
upload_accept,raw/iclass.tku.edu.tw/course-advance-setting.html,upload.type
upload_accept,raw/iclass.tku.edu.tw/course-advance-setting.html,extension
upload_accept,raw/iclass.tku.edu.tw/course-advance-setting.html,upload.name
upload_accept,raw/iclass.tku.edu.tw/course-advance-setting.html,Extension
upload_accept,raw/iclass.tku.edu.tw/course-advance-setting.html,upload.type
upload_accept,raw/iclass.tku.edu.tw/course-advance-setting.html,upload.uploads
upload_accept,raw/iclass.tku.edu.tw/course-advance-setting.html,upload-buttons
upload_accept,raw/iclass.tku.edu.tw/course-advance-setting.html,upload-button
upload_accept,raw/iclass.tku.edu.tw/course-advance-setting.html,UploadingUpload
upload_accept,raw/iclass.tku.edu.tw/course-advance-setting.html,upload
upload_accept,raw/iclass.tku.edu.tw/course-advance-setting.html,upload.failed
upload_accept,raw/iclass.tku.edu.tw/course-advance-setting.html,upload.finished
upload_accept,raw/iclass.tku.edu.tw/course-advance-setting.html,upload.finished
upload_accept,raw/iclass.tku.edu.tw/course-advance-setting.html,upload
upload_accept,raw/iclass.tku.edu.tw/course-advance-setting.html,upload.selected
upload_accept,raw/iclass.tku.edu.tw/course-advance-setting.html,upload.id
upload_accept,raw/iclass.tku.edu.tw/course-advance-setting.html,Upload.id
upload_accept,raw/iclass.tku.edu.tw/course-advance-setting.html,UploadClick
upload_accept,raw/iclass.tku.edu.tw/course-advance-setting.html,upload
upload_accept,raw/iclass.tku.edu.tw/course-advance-setting.html,upload.selected
upload_accept,raw/iclass.tku.edu.tw/course-advance-setting.html,upload
upload_accept,raw/iclass.tku.edu.tw/course-advance-setting.html,upload
upload_accept,raw/iclass.tku.edu.tw/course-advance-setting.html,Upload
upload_accept,raw/iclass.tku.edu.tw/course-advance-setting.html,uploads
upload_accept,raw/iclass.tku.edu.tw/course-advance-setting.html,upload.thumbnail.id
upload_accept,raw/iclass.tku.edu.tw/course-advance-setting.html,upload.isThirdPartResource
upload_accept,raw/iclass.tku.edu.tw/course-advance-setting.html,upload.thumbnail
upload_accept,raw/iclass.tku.edu.tw/course-advance-setting.html,upload.thumbnail.id
upload_accept,raw/iclass.tku.edu.tw/course-advance-setting.html,uploads
upload_accept,raw/iclass.tku.edu.tw/course-advance-setting.html,upload.id
upload_accept,raw/iclass.tku.edu.tw/course-advance-setting.html,upload.isThirdPartResource
upload_accept,raw/iclass.tku.edu.tw/course-advance-setting.html,upload.thumbnail
upload_accept,raw/iclass.tku.edu.tw/course-advance-setting.html,upload.thumbnail.id
upload_accept,raw/iclass.tku.edu.tw/course-advance-setting.html,uploads
upload_accept,raw/iclass.tku.edu.tw/course-advance-setting.html,upload.thumbnail.id
upload_accept,raw/iclass.tku.edu.tw/course-advance-setting.html,upload.isThirdPartResource
upload_accept,raw/iclass.tku.edu.tw/course-advance-setting.html,upload.thumbnail
upload_accept,raw/iclass.tku.edu.tw/course-advance-setting.html,upload.thumbnail.id
upload_accept,raw/iclass.tku.edu.tw/course-advance-setting.html,uploads
upload_accept,raw/iclass.tku.edu.tw/course-advance-setting.html,upload.id
upload_accept,raw/iclass.tku.edu.tw/course-advance-setting.html,upload.isThirdPartResource
upload_accept,raw/iclass.tku.edu.tw/course-advance-setting.html,upload.thumbnail
upload_accept,raw/iclass.tku.edu.tw/course-advance-setting.html,upload.thumbnail.id
upload_accept,raw/iclass.tku.edu.tw/course-advance-setting.html,upload.name
upload_accept,raw/iclass.tku.edu.tw/course-advance-setting.html,upload.name
upload_accept,raw/iclass.tku.edu.tw/course-advance-setting.html,upload-content
upload_accept,raw/iclass.tku.edu.tw/course-advance-setting.html,upload
upload_accept,raw/iclass.tku.edu.tw/course-advance-setting.html,upload.is_folder
upload_accept,raw/iclass.tku.edu.tw/course-advance-setting.html,upload.selectable
upload_accept,raw/iclass.tku.edu.tw/course-advance-setting.html,UploadClick
upload_accept,raw/iclass.tku.edu.tw/course-advance-setting.html,upload
upload_accept,raw/iclass.tku.edu.tw/course-advance-setting.html,UploadClick
upload_accept,raw/iclass.tku.edu.tw/course-advance-setting.html,upload
upload_accept,raw/iclass.tku.edu.tw/course-advance-setting.html,upload.selected
upload_accept,raw/iclass.tku.edu.tw/course-advance-setting.html,upload
upload_accept,raw/iclass.tku.edu.tw/course-advance-setting.html,upload
upload_accept,raw/iclass.tku.edu.tw/course-advance-setting.html,Upload
upload_accept,raw/iclass.tku.edu.tw/course-advance-setting.html,upload.failed
upload_accept,raw/iclass.tku.edu.tw/course-advance-setting.html,upload.failedWithAMessage
upload_accept,raw/iclass.tku.edu.tw/course-advance-setting.html,upload.selectable
upload_accept,raw/iclass.tku.edu.tw/course-advance-setting.html,Extension
upload_accept,raw/iclass.tku.edu.tw/course-advance-setting.html,upload
upload_accept,raw/iclass.tku.edu.tw/course-advance-setting.html,upload
upload_accept,raw/iclass.tku.edu.tw/course-advance-setting.html,upload.name
upload_accept,raw/iclass.tku.edu.tw/course-advance-setting.html,upload.name
upload_accept,raw/iclass.tku.edu.tw/course-advance-setting.html,upload.failed
upload_accept,raw/iclass.tku.edu.tw/course-advance-setting.html,upload.failedWithAMessage
upload_accept,raw/iclass.tku.edu.tw/course-advance-setting.html,upload.failed
upload_accept,raw/iclass.tku.edu.tw/course-advance-setting.html,upload.failedWithAMessage
upload_accept,raw/iclass.tku.edu.tw/course-advance-setting.html,upload.progress
upload_accept,raw/iclass.tku.edu.tw/course-advance-setting.html,upload.progress
upload_accept,raw/iclass.tku.edu.tw/course-advance-setting.html,upload.progress
upload_accept,raw/iclass.tku.edu.tw/course-advance-setting.html,upload.failed
upload_accept,raw/iclass.tku.edu.tw/course-advance-setting.html,upload.failedWithAMessage
upload_accept,raw/iclass.tku.edu.tw/course-advance-setting.html,upload-failed
upload_accept,raw/iclass.tku.edu.tw/course-advance-setting.html,upload.failed
upload_accept,raw/iclass.tku.edu.tw/course-advance-setting.html,upload.failedWithAMessage
upload_accept,raw/iclass.tku.edu.tw/course-advance-setting.html,upload.failedMessage
upload_accept,raw/iclass.tku.edu.tw/course-advance-setting.html,upload.speed
upload_accept,raw/iclass.tku.edu.tw/course-advance-setting.html,upload.speed
upload_accept,raw/iclass.tku.edu.tw/course-advance-setting.html,upload.speed
upload_accept,raw/iclass.tku.edu.tw/course-advance-setting.html,upload-buttons
upload_accept,raw/iclass.tku.edu.tw/course-advance-setting.html,upload-button
upload_accept,raw/iclass.tku.edu.tw/course-advance-setting.html,UploadingUpload
upload_accept,raw/iclass.tku.edu.tw/course-advance-setting.html,upload
upload_accept,raw/iclass.tku.edu.tw/course-advance-setting.html,upload.failed
upload_accept,raw/iclass.tku.edu.tw/course-advance-setting.html,upload.finished
upload_accept,raw/iclass.tku.edu.tw/course-advance-setting.html,upload.finished
upload_accept,raw/iclass.tku.edu.tw/course-advance-setting.html,upload.is_folder
upload_accept,raw/iclass.tku.edu.tw/course-advance-setting.html,UploadClick
upload_accept,raw/iclass.tku.edu.tw/course-advance-setting.html,upload
upload_accept,raw/iclass.tku.edu.tw/course-advance-setting.html,upload.selected
upload_accept,raw/iclass.tku.edu.tw/course-advance-setting.html,upload.failed
upload_accept,raw/iclass.tku.edu.tw/course-advance-setting.html,upload.failedWithAMessage
upload_accept,raw/iclass.tku.edu.tw/course-advance-setting.html,upload.selectable
upload_accept,raw/iclass.tku.edu.tw/course-advance-setting.html,upload
upload_accept,raw/iclass.tku.edu.tw/course-advance-setting.html,upload
upload_accept,raw/iclass.tku.edu.tw/course-advance-setting.html,Upload
upload_accept,raw/iclass.tku.edu.tw/course-advance-setting.html,upload.failed
upload_accept,raw/iclass.tku.edu.tw/course-advance-setting.html,upload.failedWithAMessage
upload_accept,raw/iclass.tku.edu.tw/course-advance-setting.html,upload.selectable
upload_accept,raw/iclass.tku.edu.tw/course-advance-setting.html,upload.type
upload_accept,raw/iclass.tku.edu.tw/course-advance-setting.html,upload.type
upload_accept,raw/iclass.tku.edu.tw/course-advance-setting.html,Extension
upload_accept,raw/iclass.tku.edu.tw/course-advance-setting.html,upload
upload_accept,raw/iclass.tku.edu.tw/course-advance-setting.html,upload.type
upload_accept,raw/iclass.tku.edu.tw/course-advance-setting.html,upload.type
upload_accept,raw/iclass.tku.edu.tw/course-advance-setting.html,upload.type
upload_accept,raw/iclass.tku.edu.tw/course-advance-setting.html,upload.type
upload_accept,raw/iclass.tku.edu.tw/course-advance-setting.html,upload.name
upload_accept,raw/iclass.tku.edu.tw/course-advance-setting.html,upload.name
upload_accept,raw/iclass.tku.edu.tw/course-advance-setting.html,upload.type
upload_accept,raw/iclass.tku.edu.tw/course-advance-setting.html,upload.type
upload_accept,raw/iclass.tku.edu.tw/course-advance-setting.html,upload.title
upload_accept,raw/iclass.tku.edu.tw/course-advance-setting.html,upload.title
upload_accept,raw/iclass.tku.edu.tw/course-advance-setting.html,upload.type
upload_accept,raw/iclass.tku.edu.tw/course-advance-setting.html,upload.type
upload_accept,raw/iclass.tku.edu.tw/course-advance-setting.html,extension
upload_accept,raw/iclass.tku.edu.tw/course-advance-setting.html,upload.name
upload_accept,raw/iclass.tku.edu.tw/course-advance-setting.html,Extension
upload_accept,raw/iclass.tku.edu.tw/course-advance-setting.html,upload.type
upload_accept,raw/iclass.tku.edu.tw/course-advance-setting.html,upload.uploads
upload_accept,raw/iclass.tku.edu.tw/course-advance-setting.html,upload-buttons
upload_accept,raw/iclass.tku.edu.tw/course-advance-setting.html,upload-button
upload_accept,raw/iclass.tku.edu.tw/course-advance-setting.html,UploadingUpload
upload_accept,raw/iclass.tku.edu.tw/course-advance-setting.html,upload
upload_accept,raw/iclass.tku.edu.tw/course-advance-setting.html,upload.failed
upload_accept,raw/iclass.tku.edu.tw/course-advance-setting.html,upload.finished
upload_accept,raw/iclass.tku.edu.tw/course-advance-setting.html,upload.finished
upload_accept,raw/iclass.tku.edu.tw/course-advance-setting.html,upload
upload_accept,raw/iclass.tku.edu.tw/course-advance-setting.html,upload.selected
upload_accept,raw/iclass.tku.edu.tw/course-advance-setting.html,upload.id
upload_accept,raw/iclass.tku.edu.tw/course-advance-setting.html,Upload.id
upload_accept,raw/iclass.tku.edu.tw/course-advance-setting.html,UploadClick
upload_accept,raw/iclass.tku.edu.tw/course-advance-setting.html,upload
upload_accept,raw/iclass.tku.edu.tw/course-advance-setting.html,upload.selected
upload_accept,raw/iclass.tku.edu.tw/course-advance-setting.html,upload
upload_accept,raw/iclass.tku.edu.tw/course-advance-setting.html,upload
upload_accept,raw/iclass.tku.edu.tw/course-advance-setting.html,Upload
upload_accept,raw/iclass.tku.edu.tw/course-advance-setting.html,uploads
upload_accept,raw/iclass.tku.edu.tw/course-advance-setting.html,upload.thumbnail.id
upload_accept,raw/iclass.tku.edu.tw/course-advance-setting.html,upload.isThirdPartResource
upload_accept,raw/iclass.tku.edu.tw/course-advance-setting.html,upload.thumbnail
upload_accept,raw/iclass.tku.edu.tw/course-advance-setting.html,upload.thumbnail.id
upload_accept,raw/iclass.tku.edu.tw/course-advance-setting.html,uploads
upload_accept,raw/iclass.tku.edu.tw/course-advance-setting.html,upload.id
upload_accept,raw/iclass.tku.edu.tw/course-advance-setting.html,upload.isThirdPartResource
upload_accept,raw/iclass.tku.edu.tw/course-advance-setting.html,upload.thumbnail
upload_accept,raw/iclass.tku.edu.tw/course-advance-setting.html,upload.thumbnail.id
upload_accept,raw/iclass.tku.edu.tw/course-advance-setting.html,uploads
upload_accept,raw/iclass.tku.edu.tw/course-advance-setting.html,upload.thumbnail.id
upload_accept,raw/iclass.tku.edu.tw/course-advance-setting.html,upload.isThirdPartResource
upload_accept,raw/iclass.tku.edu.tw/course-advance-setting.html,upload.thumbnail
upload_accept,raw/iclass.tku.edu.tw/course-advance-setting.html,upload.thumbnail.id
upload_accept,raw/iclass.tku.edu.tw/course-advance-setting.html,uploads
upload_accept,raw/iclass.tku.edu.tw/course-advance-setting.html,upload.id
upload_accept,raw/iclass.tku.edu.tw/course-advance-setting.html,upload.isThirdPartResource
upload_accept,raw/iclass.tku.edu.tw/course-advance-setting.html,upload.thumbnail
upload_accept,raw/iclass.tku.edu.tw/course-advance-setting.html,upload.thumbnail.id
upload_accept,raw/iclass.tku.edu.tw/course-advance-setting.html,upload.name
upload_accept,raw/iclass.tku.edu.tw/course-advance-setting.html,upload.name
upload_accept,raw/iclass.tku.edu.tw/course-advance-setting.html,upload-content
upload_accept,raw/iclass.tku.edu.tw/course-advance-setting.html,upload-content
upload_accept,raw/iclass.tku.edu.tw/course-advance-setting.html,upload
upload_accept,raw/iclass.tku.edu.tw/course-advance-setting.html,upload.is_folder
upload_accept,raw/iclass.tku.edu.tw/course-advance-setting.html,upload.selectable
upload_accept,raw/iclass.tku.edu.tw/course-advance-setting.html,UploadClick
upload_accept,raw/iclass.tku.edu.tw/course-advance-setting.html,upload
upload_accept,raw/iclass.tku.edu.tw/course-advance-setting.html,UploadClick
upload_accept,raw/iclass.tku.edu.tw/course-advance-setting.html,upload
upload_accept,raw/iclass.tku.edu.tw/course-advance-setting.html,upload.selected
upload_accept,raw/iclass.tku.edu.tw/course-advance-setting.html,upload.is_folder
upload_accept,raw/iclass.tku.edu.tw/course-advance-setting.html,upload
upload_accept,raw/iclass.tku.edu.tw/course-advance-setting.html,upload
upload_accept,raw/iclass.tku.edu.tw/course-advance-setting.html,Upload
upload_accept,raw/iclass.tku.edu.tw/course-advance-setting.html,upload.is_folder
upload_accept,raw/iclass.tku.edu.tw/course-advance-setting.html,Extension
upload_accept,raw/iclass.tku.edu.tw/course-advance-setting.html,upload
upload_accept,raw/iclass.tku.edu.tw/course-advance-setting.html,upload
upload_accept,raw/iclass.tku.edu.tw/course-advance-setting.html,upload.name
upload_accept,raw/iclass.tku.edu.tw/course-advance-setting.html,upload.name
upload_accept,raw/iclass.tku.edu.tw/course-advance-setting.html,upload.created_at
upload_accept,raw/iclass.tku.edu.tw/course-advance-setting.html,upload.size
upload_accept,raw/iclass.tku.edu.tw/course-advance-setting.html,upload.size
upload_accept,raw/iclass.tku.edu.tw/course-advance-setting.html,upload.size
upload_accept,raw/iclass.tku.edu.tw/course-advance-setting.html,upload.is_folder
upload_accept,raw/iclass.tku.edu.tw/course-advance-setting.html,UploadClick
upload_accept,raw/iclass.tku.edu.tw/course-advance-setting.html,upload
upload_accept,raw/iclass.tku.edu.tw/course-advance-setting.html,upload.selected
upload_accept,raw/iclass.tku.edu.tw/course-advance-setting.html,upload.failed
upload_accept,raw/iclass.tku.edu.tw/course-advance-setting.html,upload.failedWithAMessage
upload_accept,raw/iclass.tku.edu.tw/course-advance-setting.html,upload.selectable
upload_accept,raw/iclass.tku.edu.tw/course-advance-setting.html,upload.resource_id
upload_accept,raw/iclass.tku.edu.tw/course-advance-setting.html,upload
upload_accept,raw/iclass.tku.edu.tw/course-advance-setting.html,upload
upload_accept,raw/iclass.tku.edu.tw/course-advance-setting.html,Upload
upload_accept,raw/iclass.tku.edu.tw/course-advance-setting.html,upload.failed
upload_accept,raw/iclass.tku.edu.tw/course-advance-setting.html,upload.failedWithAMessage
upload_accept,raw/iclass.tku.edu.tw/course-advance-setting.html,upload.selectable
upload_accept,raw/iclass.tku.edu.tw/course-advance-setting.html,upload.resource_id
upload_accept,raw/iclass.tku.edu.tw/course-advance-setting.html,upload.type
upload_accept,raw/iclass.tku.edu.tw/course-advance-setting.html,upload.type
upload_accept,raw/iclass.tku.edu.tw/course-advance-setting.html,Extension
upload_accept,raw/iclass.tku.edu.tw/course-advance-setting.html,upload
upload_accept,raw/iclass.tku.edu.tw/course-advance-setting.html,upload.type
upload_accept,raw/iclass.tku.edu.tw/course-advance-setting.html,upload.type
upload_accept,raw/iclass.tku.edu.tw/course-advance-setting.html,upload.type
upload_accept,raw/iclass.tku.edu.tw/course-advance-setting.html,upload.type
upload_accept,raw/iclass.tku.edu.tw/course-advance-setting.html,upload.name
upload_accept,raw/iclass.tku.edu.tw/course-advance-setting.html,upload.name
upload_accept,raw/iclass.tku.edu.tw/course-advance-setting.html,upload.type
upload_accept,raw/iclass.tku.edu.tw/course-advance-setting.html,upload.type
upload_accept,raw/iclass.tku.edu.tw/course-advance-setting.html,upload.title
upload_accept,raw/iclass.tku.edu.tw/course-advance-setting.html,upload.title
upload_accept,raw/iclass.tku.edu.tw/course-advance-setting.html,upload.type
upload_accept,raw/iclass.tku.edu.tw/course-advance-setting.html,upload.type
upload_accept,raw/iclass.tku.edu.tw/course-advance-setting.html,extension
upload_accept,raw/iclass.tku.edu.tw/course-advance-setting.html,upload.name
upload_accept,raw/iclass.tku.edu.tw/course-advance-setting.html,Extension
upload_accept,raw/iclass.tku.edu.tw/course-advance-setting.html,upload.type
upload_accept,raw/iclass.tku.edu.tw/course-advance-setting.html,upload.uploads
upload_accept,raw/iclass.tku.edu.tw/course-advance-setting.html,upload.type
upload_accept,raw/iclass.tku.edu.tw/course-advance-setting.html,upload.duration
upload_accept,raw/iclass.tku.edu.tw/course-advance-setting.html,upload.type
upload_accept,raw/iclass.tku.edu.tw/course-advance-setting.html,upload.type
upload_accept,raw/iclass.tku.edu.tw/course-advance-setting.html,upload.num_of_subjects
upload_accept,raw/iclass.tku.edu.tw/course-advance-setting.html,upload.created_at
upload_accept,raw/iclass.tku.edu.tw/course-advance-setting.html,upload.size
upload_accept,raw/iclass.tku.edu.tw/course-advance-setting.html,upload.size
upload_accept,raw/iclass.tku.edu.tw/course-advance-setting.html,upload.size
upload_accept,raw/iclass.tku.edu.tw/course-advance-setting.html,upload-not-support-popup
upload_accept,raw/iclass.tku.edu.tw/course-advance-setting.html,upload-not-support-popup
upload_accept,raw/iclass.tku.edu.tw/course-advance-setting.html,upload-list
upload_accept,raw/iclass.tku.edu.tw/course-advance-setting.html,Upload
upload_accept,raw/iclass.tku.edu.tw/course-advance-setting.html,upload-not-support-popup
upload_accept,raw/iclass.tku.edu.tw/course-advance-setting.html,upload-failed-popup
upload_accept,raw/iclass.tku.edu.tw/course-advance-setting.html,upload-failed-popup
upload_accept,raw/iclass.tku.edu.tw/course-advance-setting.html,upload-list
upload_accept,raw/iclass.tku.edu.tw/course-advance-setting.html,upload-failed-popup
upload_accept,raw/iclass.tku.edu.tw/course-advance-setting.html,Upload
upload_accept,raw/iclass.tku.edu.tw/course-advance-setting.html,upload-hint
upload_accept,raw/iclass.tku.edu.tw/course-advance-setting.html,upload_hint
upload_accept,raw/iclass.tku.edu.tw/course-advance-setting.html,upload_hint_popup
upload_accept,raw/iclass.tku.edu.tw/course-advance-setting.html,upload_hint_popup
upload_accept,raw/iclass.tku.edu.tw/course-advance-setting.html,upload_hint_popup
upload_accept,raw/iclass.tku.edu.tw/course-advance-setting.html,Uploading
upload_accept,raw/iclass.tku.edu.tw/course-advance-setting.html,Uploads
upload_accept,raw/iclass.tku.edu.tw/course-advance-setting.html,UploadFolder
upload_accept,raw/iclass.tku.edu.tw/course-advance-setting.html,UploadFolder
upload_accept,raw/iclass.tku.edu.tw/course-advance-setting.html,MimeTypes
upload_accept,raw/iclass.tku.edu.tw/course-advance-setting.html,upload_file
upload_accept,raw/iclass.tku.edu.tw/course-advance-setting.html,UploadStatus
upload_accept,raw/iclass.tku.edu.tw/course-advance-setting.html,uploads
upload_accept,raw/iclass.tku.edu.tw/course-advance-setting.html,uploads.length
upload_accept,raw/iclass.tku.edu.tw/course-advance-setting.html,upload.type
upload_accept,raw/iclass.tku.edu.tw/course-advance-setting.html,upload.type
upload_accept,raw/iclass.tku.edu.tw/course-advance-setting.html,upload.name
upload_accept,raw/iclass.tku.edu.tw/course-advance-setting.html,upload.file_name
upload_accept,raw/iclass.tku.edu.tw/course-advance-setting.html,upload.name
upload_accept,raw/iclass.tku.edu.tw/course-advance-setting.html,upload.name
upload_accept,raw/iclass.tku.edu.tw/course-advance-setting.html,extension
upload_accept,raw/iclass.tku.edu.tw/course-advance-setting.html,upload.name
upload_accept,raw/iclass.tku.edu.tw/course-advance-setting.html,Extension
upload_accept,raw/iclass.tku.edu.tw/course-advance-setting.html,upload.cc_license_code
upload_accept,raw/iclass.tku.edu.tw/course-advance-setting.html,upload.cc_license_code
upload_accept,raw/iclass.tku.edu.tw/course-advance-setting.html,upload.cc_license_code
upload_accept,raw/iclass.tku.edu.tw/course-advance-setting.html,upload.cc_license_description
upload_accept,raw/iclass.tku.edu.tw/course-advance-setting.html,upload.cc_license_code
upload_accept,raw/iclass.tku.edu.tw/course-advance-setting.html,upload.cc_license_link
upload_accept,raw/iclass.tku.edu.tw/course-advance-setting.html,upload.cc_license_code
upload_accept,raw/iclass.tku.edu.tw/course-advance-setting.html,upload.cc_license_code
upload_accept,raw/iclass.tku.edu.tw/course-advance-setting.html,upload.cc_license_code
upload_accept,raw/iclass.tku.edu.tw/course-advance-setting.html,upload.cc_license_description
upload_accept,raw/iclass.tku.edu.tw/course-advance-setting.html,upload.cc_license_code
upload_accept,raw/iclass.tku.edu.tw/course-advance-setting.html,upload
upload_accept,raw/iclass.tku.edu.tw/course-advance-setting.html,upload
upload_accept,raw/iclass.tku.edu.tw/course-advance-setting.html,upload
upload_accept,raw/iclass.tku.edu.tw/course-advance-setting.html,upload.type
upload_accept,raw/iclass.tku.edu.tw/course-advance-setting.html,upload
upload_accept,raw/iclass.tku.edu.tw/course-advance-setting.html,upload
upload_accept,raw/iclass.tku.edu.tw/course-advance-setting.html,upload
upload_accept,raw/iclass.tku.edu.tw/course-advance-setting.html,upload.type
upload_accept,raw/iclass.tku.edu.tw/course-advance-setting.html,upload.status
upload_accept,raw/iclass.tku.edu.tw/course-advance-setting.html,upload
upload_accept,raw/iclass.tku.edu.tw/course-advance-setting.html,upload.type
upload_accept,raw/iclass.tku.edu.tw/course-advance-setting.html,upload.status
upload_accept,raw/iclass.tku.edu.tw/course-advance-setting.html,upload.isTextFile
upload_accept,raw/iclass.tku.edu.tw/course-advance-setting.html,upload.type
upload_accept,raw/iclass.tku.edu.tw/course-advance-setting.html,upload.status
upload_accept,raw/iclass.tku.edu.tw/course-advance-setting.html,uploading
upload_accept,raw/iclass.tku.edu.tw/course-advance-setting.html,upload.type
upload_accept,raw/iclass.tku.edu.tw/course-advance-setting.html,upload.type
upload_accept,raw/iclass.tku.edu.tw/course-advance-setting.html,upload.status
upload_accept,raw/iclass.tku.edu.tw/course-advance-setting.html,uploading
upload_accept,raw/iclass.tku.edu.tw/course-advance-setting.html,upload.type
upload_accept,raw/iclass.tku.edu.tw/course-advance-setting.html,upload.status
upload_accept,raw/iclass.tku.edu.tw/course-advance-setting.html,uploading
upload_accept,raw/iclass.tku.edu.tw/course-advance-setting.html,upload.type
upload_accept,raw/iclass.tku.edu.tw/course-advance-setting.html,upload.status
upload_accept,raw/iclass.tku.edu.tw/course-advance-setting.html,uploading
upload_accept,raw/iclass.tku.edu.tw/course-advance-setting.html,upload.id
upload_accept,raw/iclass.tku.edu.tw/course-advance-setting.html,upload.type
upload_accept,raw/iclass.tku.edu.tw/course-advance-setting.html,upload.isFromKnowledgeGraph
upload_accept,raw/iclass.tku.edu.tw/course-advance-setting.html,uploads
upload_accept,raw/iclass.tku.edu.tw/course-advance-setting.html,upload.id
upload_accept,raw/iclass.tku.edu.tw/course-advance-setting.html,upload.from_project
upload_accept,raw/iclass.tku.edu.tw/course-advance-setting.html,upload.allow_download
upload_accept,raw/iclass.tku.edu.tw/course-advance-setting.html,upload.project_id
upload_accept,raw/iclass.tku.edu.tw/course-advance-setting.html,upload_id
upload_accept,raw/iclass.tku.edu.tw/course-advance-setting.html,upload.id
upload_accept,raw/iclass.tku.edu.tw/course-advance-setting.html,upload.node_ids
upload_accept,raw/iclass.tku.edu.tw/course-advance-setting.html,upload.ref_id
upload_accept,raw/iclass.tku.edu.tw/course-advance-setting.html,upload.id
upload_accept,raw/iclass.tku.edu.tw/course-advance-setting.html,upload.type
upload_accept,raw/iclass.tku.edu.tw/course-advance-setting.html,upload.status
upload_accept,raw/iclass.tku.edu.tw/course-advance-setting.html,upload.status
upload_accept,raw/iclass.tku.edu.tw/course-advance-setting.html,upload.status
upload_accept,raw/iclass.tku.edu.tw/course-advance-setting.html,uploading
upload_accept,raw/iclass.tku.edu.tw/course-advance-setting.html,upload.status
upload_accept,raw/iclass.tku.edu.tw/course-advance-setting.html,upload.allow_download
upload_accept,raw/iclass.tku.edu.tw/course-advance-setting.html,upload.owner_id
upload_accept,raw/iclass.tku.edu.tw/course-advance-setting.html,upload.isFromKnowledgeGraph
upload_accept,raw/iclass.tku.edu.tw/course-advance-setting.html,upload.from_project
upload_accept,raw/iclass.tku.edu.tw/course-advance-setting.html,uploads
upload_accept,raw/iclass.tku.edu.tw/course-advance-setting.html,upload.id
upload_accept,raw/iclass.tku.edu.tw/course-advance-setting.html,upload
upload_accept,raw/iclass.tku.edu.tw/course-advance-setting.html,upload.status
upload_accept,raw/iclass.tku.edu.tw/course-advance-setting.html,uploading
upload_accept,raw/iclass.tku.edu.tw/course-advance-setting.html,upload.status
upload_accept,raw/iclass.tku.edu.tw/course-advance-setting.html,uploading
upload_accept,raw/iclass.tku.edu.tw/course-advance-setting.html,upload.status
upload_accept,raw/iclass.tku.edu.tw/course-advance-setting.html,uploading
upload_accept,raw/iclass.tku.edu.tw/course-advance-setting.html,upload.type
upload_accept,raw/iclass.tku.edu.tw/course-advance-setting.html,upload.type
upload_accept,raw/iclass.tku.edu.tw/course-advance-setting.html,upload.type
upload_accept,raw/iclass.tku.edu.tw/course-advance-setting.html,upload.status
upload_accept,raw/iclass.tku.edu.tw/course-advance-setting.html,uploading
upload_accept,raw/iclass.tku.edu.tw/course-advance-setting.html,upload.status
upload_accept,raw/iclass.tku.edu.tw/course-advance-setting.html,upload.type
upload_accept,raw/iclass.tku.edu.tw/course-advance-setting.html,upload.type
upload_accept,raw/iclass.tku.edu.tw/course-advance-setting.html,upload.type
upload_accept,raw/iclass.tku.edu.tw/course-advance-setting.html,upload.status
upload_accept,raw/iclass.tku.edu.tw/course-advance-setting.html,uploading
upload_accept,raw/iclass.tku.edu.tw/course-advance-setting.html,upload.type
upload_accept,raw/iclass.tku.edu.tw/course-advance-setting.html,upload.link.url
upload_accept,raw/iclass.tku.edu.tw/course-advance-setting.html,upload.type
upload_accept,raw/iclass.tku.edu.tw/course-advance-setting.html,upload.type
upload_accept,raw/iclass.tku.edu.tw/course-advance-setting.html,upload
upload_accept,raw/iclass.tku.edu.tw/course-advance-setting.html,upload.status
upload_accept,raw/iclass.tku.edu.tw/course-advance-setting.html,uploading
upload_accept,raw/iclass.tku.edu.tw/course-advance-setting.html,upload.name
upload_accept,raw/iclass.tku.edu.tw/course-advance-setting.html,upload.type
upload_accept,raw/iclass.tku.edu.tw/course-advance-setting.html,upload.allow_download
upload_accept,raw/iclass.tku.edu.tw/course-advance-setting.html,upload.allowDownload
upload_accept,raw/iclass.tku.edu.tw/course-advance-setting.html,upload.owner_id
upload_accept,raw/iclass.tku.edu.tw/course-advance-setting.html,upload.id
upload_accept,raw/iclass.tku.edu.tw/course-advance-setting.html,upload.type
upload_accept,raw/iclass.tku.edu.tw/course-advance-setting.html,uploads
upload_accept,raw/iclass.tku.edu.tw/course-advance-setting.html,upload.id
upload_accept,raw/iclass.tku.edu.tw/course-advance-setting.html,upload.referType
upload_accept,raw/iclass.tku.edu.tw/course-advance-setting.html,upload.referId
upload_accept,raw/iclass.tku.edu.tw/course-advance-setting.html,upload.size
upload_accept,raw/iclass.tku.edu.tw/course-advance-setting.html,upload.from_project
upload_accept,raw/iclass.tku.edu.tw/course-advance-setting.html,upload.allow_download
upload_accept,raw/iclass.tku.edu.tw/course-advance-setting.html,upload.allowDownload
upload_accept,raw/iclass.tku.edu.tw/course-advance-setting.html,upload.project_id
upload_accept,raw/iclass.tku.edu.tw/course-advance-setting.html,upload_id
upload_accept,raw/iclass.tku.edu.tw/course-advance-setting.html,upload.id
upload_accept,raw/iclass.tku.edu.tw/course-advance-setting.html,upload.node_ids
upload_accept,raw/iclass.tku.edu.tw/course-advance-setting.html,upload.ref_id
upload_accept,raw/iclass.tku.edu.tw/course-advance-setting.html,upload.size
upload_accept,raw/iclass.tku.edu.tw/course-advance-setting.html,upload.from_project
upload_accept,raw/iclass.tku.edu.tw/course-advance-setting.html,upload.id
upload_accept,raw/iclass.tku.edu.tw/course-advance-setting.html,upload.type
upload_accept,raw/iclass.tku.edu.tw/course-advance-setting.html,upload.status
upload_accept,raw/iclass.tku.edu.tw/course-advance-setting.html,upload.status
upload_accept,raw/iclass.tku.edu.tw/course-advance-setting.html,upload.status
upload_accept,raw/iclass.tku.edu.tw/course-advance-setting.html,uploading
upload_accept,raw/iclass.tku.edu.tw/course-advance-setting.html,upload.status
upload_accept,raw/iclass.tku.edu.tw/course-advance-setting.html,upload.allow_download
upload_accept,raw/iclass.tku.edu.tw/course-advance-setting.html,upload.allowDownload
upload_accept,raw/iclass.tku.edu.tw/course-advance-setting.html,upload.owner_id
upload_accept,raw/iclass.tku.edu.tw/course-advance-setting.html,upload.source
upload_accept,raw/iclass.tku.edu.tw/course-advance-setting.html,uploads
upload_accept,raw/iclass.tku.edu.tw/course-advance-setting.html,upload.id
upload_accept,raw/iclass.tku.edu.tw/course-advance-setting.html,uploads
upload_accept,raw/iclass.tku.edu.tw/course-advance-setting.html,upload.id
upload_accept,raw/iclass.tku.edu.tw/course-advance-setting.html,upload.referType
upload_accept,raw/iclass.tku.edu.tw/course-advance-setting.html,upload.referId
upload_accept,raw/iclass.tku.edu.tw/course-advance-setting.html,upload
upload_accept,raw/iclass.tku.edu.tw/course-advance-setting.html,upload.size
upload_accept,raw/iclass.tku.edu.tw/course-advance-setting.html,upload.status
upload_accept,raw/iclass.tku.edu.tw/course-advance-setting.html,uploading
upload_accept,raw/iclass.tku.edu.tw/course-advance-setting.html,upload.size
upload_accept,raw/iclass.tku.edu.tw/course-advance-setting.html,upload.status
upload_accept,raw/iclass.tku.edu.tw/course-advance-setting.html,uploading
upload_accept,raw/iclass.tku.edu.tw/course-advance-setting.html,upload.size
upload_accept,raw/iclass.tku.edu.tw/course-advance-setting.html,upload.status
upload_accept,raw/iclass.tku.edu.tw/course-advance-setting.html,uploading
upload_accept,raw/iclass.tku.edu.tw/course-advance-setting.html,upload.size
upload_accept,raw/iclass.tku.edu.tw/course-advance-setting.html,upload.size
upload_accept,raw/iclass.tku.edu.tw/course-advance-setting.html,upload.source
upload_accept,raw/iclass.tku.edu.tw/course-advance-setting.html,upload.allow_download
upload_accept,raw/iclass.tku.edu.tw/course-advance-setting.html,upload.allowDownload
upload_accept,raw/iclass.tku.edu.tw/course-advance-setting.html,upload.fileid
upload_accept,raw/iclass.tku.edu.tw/course-advance-setting.html,upload.size
upload_accept,raw/iclass.tku.edu.tw/course-advance-setting.html,upload
upload_accept,raw/iclass.tku.edu.tw/course-advance-setting.html,upload.status
upload_accept,raw/iclass.tku.edu.tw/course-advance-setting.html,upload.status
upload_accept,raw/iclass.tku.edu.tw/course-advance-setting.html,Extension
upload_accept,raw/iclass.tku.edu.tw/course-advance-setting.html,upload
upload_accept,raw/iclass.tku.edu.tw/course-advance-setting.html,upload.status
upload_accept,raw/iclass.tku.edu.tw/course-advance-setting.html,uploading
upload_accept,raw/iclass.tku.edu.tw/course-advance-setting.html,upload.status
upload_accept,raw/iclass.tku.edu.tw/course-advance-setting.html,uploadStatus
upload_accept,raw/iclass.tku.edu.tw/course-advance-setting.html,upload.id
upload_accept,raw/iclass.tku.edu.tw/course-advance-setting.html,upload.status
upload_accept,raw/iclass.tku.edu.tw/course-advance-setting.html,uploadStatus
upload_accept,raw/iclass.tku.edu.tw/course-advance-setting.html,upload.id
upload_accept,raw/iclass.tku.edu.tw/course-advance-setting.html,upload.status
upload_accept,raw/iclass.tku.edu.tw/course-advance-setting.html,upload.status
upload_accept,raw/iclass.tku.edu.tw/course-advance-setting.html,upload.type
upload_accept,raw/iclass.tku.edu.tw/course-advance-setting.html,upload.status
upload_accept,raw/iclass.tku.edu.tw/course-advance-setting.html,upload.type
upload_accept,raw/iclass.tku.edu.tw/course-advance-setting.html,upload.status
upload_accept,raw/iclass.tku.edu.tw/course-advance-setting.html,upload.isTextFile
upload_accept,raw/iclass.tku.edu.tw/course-advance-setting.html,upload
upload_accept,raw/iclass.tku.edu.tw/course-advance-setting.html,Extension
upload_accept,raw/iclass.tku.edu.tw/course-advance-setting.html,upload
upload_accept,raw/iclass.tku.edu.tw/course-advance-setting.html,upload
upload_accept,raw/iclass.tku.edu.tw/course-advance-setting.html,upload.documentUrl
upload_accept,raw/iclass.tku.edu.tw/course-advance-setting.html,upload.documentUrl
upload_accept,raw/iclass.tku.edu.tw/course-advance-setting.html,upload
upload_accept,raw/iclass.tku.edu.tw/course-advance-setting.html,upload.type
upload_accept,raw/iclass.tku.edu.tw/course-advance-setting.html,upload.status
upload_accept,raw/iclass.tku.edu.tw/course-advance-setting.html,upload.isTextFile
upload_accept,raw/iclass.tku.edu.tw/course-advance-setting.html,upload.type
upload_accept,raw/iclass.tku.edu.tw/course-advance-setting.html,upload.status
upload_accept,raw/iclass.tku.edu.tw/course-advance-setting.html,uploading
upload_accept,raw/iclass.tku.edu.tw/course-advance-setting.html,upload.type
upload_accept,raw/iclass.tku.edu.tw/course-advance-setting.html,upload.type
upload_accept,raw/iclass.tku.edu.tw/course-advance-setting.html,upload.status
upload_accept,raw/iclass.tku.edu.tw/course-advance-setting.html,uploading
upload_accept,raw/iclass.tku.edu.tw/course-advance-setting.html,upload.type
upload_accept,raw/iclass.tku.edu.tw/course-advance-setting.html,upload.status
upload_accept,raw/iclass.tku.edu.tw/course-advance-setting.html,uploading
upload_accept,raw/iclass.tku.edu.tw/course-advance-setting.html,upload.type
upload_accept,raw/iclass.tku.edu.tw/course-advance-setting.html,upload.status
upload_accept,raw/iclass.tku.edu.tw/course-advance-setting.html,uploading
upload_accept,raw/iclass.tku.edu.tw/course-advance-setting.html,upload.id
upload_accept,raw/iclass.tku.edu.tw/course-advance-setting.html,upload.type
upload_accept,raw/iclass.tku.edu.tw/course-advance-setting.html,upload.isFromKnowledgeGraph
upload_accept,raw/iclass.tku.edu.tw/course-advance-setting.html,uploads
upload_accept,raw/iclass.tku.edu.tw/course-advance-setting.html,upload.id
upload_accept,raw/iclass.tku.edu.tw/course-advance-setting.html,upload.from_project
upload_accept,raw/iclass.tku.edu.tw/course-advance-setting.html,upload.allow_download
upload_accept,raw/iclass.tku.edu.tw/course-advance-setting.html,upload.project_id
upload_accept,raw/iclass.tku.edu.tw/course-advance-setting.html,upload_id
upload_accept,raw/iclass.tku.edu.tw/course-advance-setting.html,upload.id
upload_accept,raw/iclass.tku.edu.tw/course-advance-setting.html,upload.node_ids
upload_accept,raw/iclass.tku.edu.tw/course-advance-setting.html,upload.ref_id
upload_accept,raw/iclass.tku.edu.tw/course-advance-setting.html,upload.id
upload_accept,raw/iclass.tku.edu.tw/course-advance-setting.html,upload.type
upload_accept,raw/iclass.tku.edu.tw/course-advance-setting.html,upload.status
upload_accept,raw/iclass.tku.edu.tw/course-advance-setting.html,upload.status
upload_accept,raw/iclass.tku.edu.tw/course-advance-setting.html,upload.status
upload_accept,raw/iclass.tku.edu.tw/course-advance-setting.html,uploading
upload_accept,raw/iclass.tku.edu.tw/course-advance-setting.html,upload.status
upload_accept,raw/iclass.tku.edu.tw/course-advance-setting.html,upload.allow_download
upload_accept,raw/iclass.tku.edu.tw/course-advance-setting.html,upload.owner_id
upload_accept,raw/iclass.tku.edu.tw/course-advance-setting.html,upload.isFromKnowledgeGraph
upload_accept,raw/iclass.tku.edu.tw/course-advance-setting.html,upload.from_project
upload_accept,raw/iclass.tku.edu.tw/course-advance-setting.html,uploads
upload_accept,raw/iclass.tku.edu.tw/course-advance-setting.html,upload.id
upload_accept,raw/iclass.tku.edu.tw/course-advance-setting.html,upload
upload_accept,raw/iclass.tku.edu.tw/course-advance-setting.html,upload.status
upload_accept,raw/iclass.tku.edu.tw/course-advance-setting.html,uploading
upload_accept,raw/iclass.tku.edu.tw/course-advance-setting.html,upload.status
upload_accept,raw/iclass.tku.edu.tw/course-advance-setting.html,uploading
upload_accept,raw/iclass.tku.edu.tw/course-advance-setting.html,upload.status
upload_accept,raw/iclass.tku.edu.tw/course-advance-setting.html,uploading
upload_accept,raw/iclass.tku.edu.tw/course-advance-setting.html,upload.type
upload_accept,raw/iclass.tku.edu.tw/course-advance-setting.html,upload.type
upload_accept,raw/iclass.tku.edu.tw/course-advance-setting.html,upload.type
upload_accept,raw/iclass.tku.edu.tw/course-advance-setting.html,upload.status
upload_accept,raw/iclass.tku.edu.tw/course-advance-setting.html,uploading
upload_accept,raw/iclass.tku.edu.tw/course-advance-setting.html,upload.status
upload_accept,raw/iclass.tku.edu.tw/course-advance-setting.html,upload.type
upload_accept,raw/iclass.tku.edu.tw/course-advance-setting.html,upload.type
upload_accept,raw/iclass.tku.edu.tw/course-advance-setting.html,upload.type
upload_accept,raw/iclass.tku.edu.tw/course-advance-setting.html,upload.status
upload_accept,raw/iclass.tku.edu.tw/course-advance-setting.html,uploading
upload_accept,raw/iclass.tku.edu.tw/course-advance-setting.html,upload.type
upload_accept,raw/iclass.tku.edu.tw/course-advance-setting.html,upload.link.url
upload_accept,raw/iclass.tku.edu.tw/course-advance-setting.html,upload.type
upload_accept,raw/iclass.tku.edu.tw/course-advance-setting.html,upload.status
upload_accept,raw/iclass.tku.edu.tw/course-advance-setting.html,Extension
upload_accept,raw/iclass.tku.edu.tw/course-advance-setting.html,upload
upload_accept,raw/iclass.tku.edu.tw/course-advance-setting.html,upload.documentUrl
upload_accept,raw/iclass.tku.edu.tw/course-advance-setting.html,upload.documentUrl
upload_accept,raw/iclass.tku.edu.tw/course-advance-setting.html,upload
upload_accept,raw/iclass.tku.edu.tw/course-advance-setting.html,upload.type
upload_accept,raw/iclass.tku.edu.tw/course-advance-setting.html,upload.status
upload_accept,raw/iclass.tku.edu.tw/course-advance-setting.html,upload.isTextFile
upload_accept,raw/iclass.tku.edu.tw/course-advance-setting.html,upload.type
upload_accept,raw/iclass.tku.edu.tw/course-advance-setting.html,upload.status
upload_accept,raw/iclass.tku.edu.tw/course-advance-setting.html,uploading
upload_accept,raw/iclass.tku.edu.tw/course-advance-setting.html,upload.type
upload_accept,raw/iclass.tku.edu.tw/course-advance-setting.html,upload.type
upload_accept,raw/iclass.tku.edu.tw/course-advance-setting.html,upload.status
upload_accept,raw/iclass.tku.edu.tw/course-advance-setting.html,uploading
upload_accept,raw/iclass.tku.edu.tw/course-advance-setting.html,upload.type
upload_accept,raw/iclass.tku.edu.tw/course-advance-setting.html,upload.status
upload_accept,raw/iclass.tku.edu.tw/course-advance-setting.html,uploading
upload_accept,raw/iclass.tku.edu.tw/course-advance-setting.html,upload.type
upload_accept,raw/iclass.tku.edu.tw/course-advance-setting.html,upload.status
upload_accept,raw/iclass.tku.edu.tw/course-advance-setting.html,uploading
upload_accept,raw/iclass.tku.edu.tw/course-advance-setting.html,upload.id
upload_accept,raw/iclass.tku.edu.tw/course-advance-setting.html,upload.type
upload_accept,raw/iclass.tku.edu.tw/course-advance-setting.html,upload.isFromKnowledgeGraph
upload_accept,raw/iclass.tku.edu.tw/course-advance-setting.html,uploads
upload_accept,raw/iclass.tku.edu.tw/course-advance-setting.html,upload.id
upload_accept,raw/iclass.tku.edu.tw/course-advance-setting.html,upload.from_project
upload_accept,raw/iclass.tku.edu.tw/course-advance-setting.html,upload.allow_download
upload_accept,raw/iclass.tku.edu.tw/course-advance-setting.html,upload.project_id
upload_accept,raw/iclass.tku.edu.tw/course-advance-setting.html,upload_id
upload_accept,raw/iclass.tku.edu.tw/course-advance-setting.html,upload.id
upload_accept,raw/iclass.tku.edu.tw/course-advance-setting.html,upload.node_ids
upload_accept,raw/iclass.tku.edu.tw/course-advance-setting.html,upload.ref_id
upload_accept,raw/iclass.tku.edu.tw/course-advance-setting.html,upload.id
upload_accept,raw/iclass.tku.edu.tw/course-advance-setting.html,upload.type
upload_accept,raw/iclass.tku.edu.tw/course-advance-setting.html,upload.status
upload_accept,raw/iclass.tku.edu.tw/course-advance-setting.html,upload.status
upload_accept,raw/iclass.tku.edu.tw/course-advance-setting.html,upload.status
upload_accept,raw/iclass.tku.edu.tw/course-advance-setting.html,uploading
upload_accept,raw/iclass.tku.edu.tw/course-advance-setting.html,upload.status
upload_accept,raw/iclass.tku.edu.tw/course-advance-setting.html,upload.allow_download
upload_accept,raw/iclass.tku.edu.tw/course-advance-setting.html,upload.owner_id
upload_accept,raw/iclass.tku.edu.tw/course-advance-setting.html,upload.isFromKnowledgeGraph
upload_accept,raw/iclass.tku.edu.tw/course-advance-setting.html,upload.from_project
upload_accept,raw/iclass.tku.edu.tw/course-advance-setting.html,uploads
upload_accept,raw/iclass.tku.edu.tw/course-advance-setting.html,upload.id
upload_accept,raw/iclass.tku.edu.tw/course-advance-setting.html,upload
upload_accept,raw/iclass.tku.edu.tw/course-advance-setting.html,upload.status
upload_accept,raw/iclass.tku.edu.tw/course-advance-setting.html,uploading
upload_accept,raw/iclass.tku.edu.tw/course-advance-setting.html,upload.status
upload_accept,raw/iclass.tku.edu.tw/course-advance-setting.html,uploading
upload_accept,raw/iclass.tku.edu.tw/course-advance-setting.html,upload.status
upload_accept,raw/iclass.tku.edu.tw/course-advance-setting.html,uploading
upload_accept,raw/iclass.tku.edu.tw/course-advance-setting.html,upload.type
upload_accept,raw/iclass.tku.edu.tw/course-advance-setting.html,upload.type
upload_accept,raw/iclass.tku.edu.tw/course-advance-setting.html,upload.type
upload_accept,raw/iclass.tku.edu.tw/course-advance-setting.html,upload.status
upload_accept,raw/iclass.tku.edu.tw/course-advance-setting.html,uploading
upload_accept,raw/iclass.tku.edu.tw/course-advance-setting.html,upload.status
upload_accept,raw/iclass.tku.edu.tw/course-advance-setting.html,upload.type
upload_accept,raw/iclass.tku.edu.tw/course-advance-setting.html,upload.type
upload_accept,raw/iclass.tku.edu.tw/course-advance-setting.html,upload.type
upload_accept,raw/iclass.tku.edu.tw/course-advance-setting.html,upload.status
upload_accept,raw/iclass.tku.edu.tw/course-advance-setting.html,uploading
upload_accept,raw/iclass.tku.edu.tw/course-advance-setting.html,upload.type
upload_accept,raw/iclass.tku.edu.tw/course-advance-setting.html,upload.link.url
upload_accept,raw/iclass.tku.edu.tw/course-advance-setting.html,upload.type
upload_accept,raw/iclass.tku.edu.tw/course-advance-setting.html,upload.status
upload_accept,raw/iclass.tku.edu.tw/course-advance-setting.html,upload.isTextFile
upload_accept,raw/iclass.tku.edu.tw/course-advance-setting.html,upload.type
upload_accept,raw/iclass.tku.edu.tw/course-advance-setting.html,upload.status
upload_accept,raw/iclass.tku.edu.tw/course-advance-setting.html,upload.isTextFile
upload_accept,raw/iclass.tku.edu.tw/course-advance-setting.html,upload.type
upload_accept,raw/iclass.tku.edu.tw/course-advance-setting.html,upload.status
upload_accept,raw/iclass.tku.edu.tw/course-advance-setting.html,uploading
upload_accept,raw/iclass.tku.edu.tw/course-advance-setting.html,upload.type
upload_accept,raw/iclass.tku.edu.tw/course-advance-setting.html,upload.type
upload_accept,raw/iclass.tku.edu.tw/course-advance-setting.html,upload.status
upload_accept,raw/iclass.tku.edu.tw/course-advance-setting.html,uploading
upload_accept,raw/iclass.tku.edu.tw/course-advance-setting.html,upload.type
upload_accept,raw/iclass.tku.edu.tw/course-advance-setting.html,upload.status
upload_accept,raw/iclass.tku.edu.tw/course-advance-setting.html,uploading
upload_accept,raw/iclass.tku.edu.tw/course-advance-setting.html,upload.type
upload_accept,raw/iclass.tku.edu.tw/course-advance-setting.html,upload.status
upload_accept,raw/iclass.tku.edu.tw/course-advance-setting.html,uploading
upload_accept,raw/iclass.tku.edu.tw/course-advance-setting.html,upload.id
upload_accept,raw/iclass.tku.edu.tw/course-advance-setting.html,upload.type
upload_accept,raw/iclass.tku.edu.tw/course-advance-setting.html,upload.isFromKnowledgeGraph
upload_accept,raw/iclass.tku.edu.tw/course-advance-setting.html,uploads
upload_accept,raw/iclass.tku.edu.tw/course-advance-setting.html,upload.id
upload_accept,raw/iclass.tku.edu.tw/course-advance-setting.html,upload.from_project
upload_accept,raw/iclass.tku.edu.tw/course-advance-setting.html,upload.allow_download
upload_accept,raw/iclass.tku.edu.tw/course-advance-setting.html,upload.project_id
upload_accept,raw/iclass.tku.edu.tw/course-advance-setting.html,upload_id
upload_accept,raw/iclass.tku.edu.tw/course-advance-setting.html,upload.id
upload_accept,raw/iclass.tku.edu.tw/course-advance-setting.html,upload.node_ids
upload_accept,raw/iclass.tku.edu.tw/course-advance-setting.html,upload.ref_id
upload_accept,raw/iclass.tku.edu.tw/course-advance-setting.html,upload.id
upload_accept,raw/iclass.tku.edu.tw/course-advance-setting.html,upload.type
upload_accept,raw/iclass.tku.edu.tw/course-advance-setting.html,upload.status
upload_accept,raw/iclass.tku.edu.tw/course-advance-setting.html,upload.status
upload_accept,raw/iclass.tku.edu.tw/course-advance-setting.html,upload.status
upload_accept,raw/iclass.tku.edu.tw/course-advance-setting.html,uploading
upload_accept,raw/iclass.tku.edu.tw/course-advance-setting.html,upload.status
upload_accept,raw/iclass.tku.edu.tw/course-advance-setting.html,upload.allow_download
upload_accept,raw/iclass.tku.edu.tw/course-advance-setting.html,upload.owner_id
upload_accept,raw/iclass.tku.edu.tw/course-advance-setting.html,upload.isFromKnowledgeGraph
upload_accept,raw/iclass.tku.edu.tw/course-advance-setting.html,upload.from_project
upload_accept,raw/iclass.tku.edu.tw/course-advance-setting.html,uploads
upload_accept,raw/iclass.tku.edu.tw/course-advance-setting.html,upload.id
upload_accept,raw/iclass.tku.edu.tw/course-advance-setting.html,upload
upload_accept,raw/iclass.tku.edu.tw/course-advance-setting.html,upload.status
upload_accept,raw/iclass.tku.edu.tw/course-advance-setting.html,uploading
upload_accept,raw/iclass.tku.edu.tw/course-advance-setting.html,upload.status
upload_accept,raw/iclass.tku.edu.tw/course-advance-setting.html,uploading
upload_accept,raw/iclass.tku.edu.tw/course-advance-setting.html,upload.status
upload_accept,raw/iclass.tku.edu.tw/course-advance-setting.html,uploading
upload_accept,raw/iclass.tku.edu.tw/course-advance-setting.html,upload.type
upload_accept,raw/iclass.tku.edu.tw/course-advance-setting.html,upload.type
upload_accept,raw/iclass.tku.edu.tw/course-advance-setting.html,upload.type
upload_accept,raw/iclass.tku.edu.tw/course-advance-setting.html,upload.status
upload_accept,raw/iclass.tku.edu.tw/course-advance-setting.html,uploading
upload_accept,raw/iclass.tku.edu.tw/course-advance-setting.html,upload.status
upload_accept,raw/iclass.tku.edu.tw/course-advance-setting.html,upload.type
upload_accept,raw/iclass.tku.edu.tw/course-advance-setting.html,upload.type
upload_accept,raw/iclass.tku.edu.tw/course-advance-setting.html,upload.type
upload_accept,raw/iclass.tku.edu.tw/course-advance-setting.html,upload.status
upload_accept,raw/iclass.tku.edu.tw/course-advance-setting.html,uploading
upload_accept,raw/iclass.tku.edu.tw/course-advance-setting.html,upload.type
upload_accept,raw/iclass.tku.edu.tw/course-advance-setting.html,upload.link.url
upload_accept,raw/iclass.tku.edu.tw/course-advance-setting.html,upload.textContent
upload_accept,raw/iclass.tku.edu.tw/course-advance-setting.html,upload.textContent
upload_accept,raw/iclass.tku.edu.tw/course-advance-setting.html,upload.type
upload_accept,raw/iclass.tku.edu.tw/course-advance-setting.html,upload.source
upload_accept,raw/iclass.tku.edu.tw/course-advance-setting.html,upload.status
upload_accept,raw/iclass.tku.edu.tw/course-advance-setting.html,upload.status
upload_accept,raw/iclass.tku.edu.tw/course-advance-setting.html,upload.status
upload_accept,raw/iclass.tku.edu.tw/course-advance-setting.html,upload.url
upload_accept,raw/iclass.tku.edu.tw/course-advance-setting.html,uploads
upload_accept,raw/iclass.tku.edu.tw/course-advance-setting.html,upload.id
upload_accept,raw/iclass.tku.edu.tw/course-advance-setting.html,upload.referType
upload_accept,raw/iclass.tku.edu.tw/course-advance-setting.html,upload.referId
upload_accept,raw/iclass.tku.edu.tw/course-advance-setting.html,upload.source
upload_accept,raw/iclass.tku.edu.tw/course-advance-setting.html,upload.url
upload_accept,raw/iclass.tku.edu.tw/course-advance-setting.html,uploads
upload_accept,raw/iclass.tku.edu.tw/course-advance-setting.html,upload.id
upload_accept,raw/iclass.tku.edu.tw/course-advance-setting.html,upload.source
upload_accept,raw/iclass.tku.edu.tw/course-advance-setting.html,upload.imageUrl
upload_accept,raw/iclass.tku.edu.tw/course-advance-setting.html,upload.type
upload_accept,raw/iclass.tku.edu.tw/course-advance-setting.html,upload.source
upload_accept,raw/iclass.tku.edu.tw/course-advance-setting.html,upload.status
upload_accept,raw/iclass.tku.edu.tw/course-advance-setting.html,upload.status
upload_accept,raw/iclass.tku.edu.tw/course-advance-setting.html,upload.status
upload_accept,raw/iclass.tku.edu.tw/course-advance-setting.html,upload.source
upload_accept,raw/iclass.tku.edu.tw/course-advance-setting.html,upload.imageUrl
upload_accept,raw/iclass.tku.edu.tw/course-advance-setting.html,upload.type
upload_accept,raw/iclass.tku.edu.tw/course-advance-setting.html,upload.video_urls
upload_accept,raw/iclass.tku.edu.tw/course-advance-setting.html,upload.type
upload_accept,raw/iclass.tku.edu.tw/course-advance-setting.html,upload.video_url
upload_accept,raw/iclass.tku.edu.tw/course-advance-setting.html,upload.status
upload_accept,raw/iclass.tku.edu.tw/course-advance-setting.html,upload.video_urls
upload_accept,raw/iclass.tku.edu.tw/course-advance-setting.html,upload.video_urls
upload_accept,raw/iclass.tku.edu.tw/course-advance-setting.html,upload.video_src_type
upload_accept,raw/iclass.tku.edu.tw/course-advance-setting.html,upload.video_urls
upload_accept,raw/iclass.tku.edu.tw/course-advance-setting.html,upload.video_urls
upload_accept,raw/iclass.tku.edu.tw/course-advance-setting.html,upload.video_src_type
