endpoint,category,method_hints,source_count,source_files,sources_sample,observed_statuses
/api/uploads/,uploads,DELETE; GET; POST; PUT; UNKNOWN,257,240,raw/ilearn.thu.edu.tw/course-advance-setting.html; raw/ilearn.thu.edu.tw/course-audits.html; raw/ilearn.thu.edu.tw/course-catalog-wrapper.html; raw/ilearn.thu.edu.tw/course-classifications.html; raw/ilearn.thu.edu.tw/course-completeness__q_ee1eaef797.html; raw/ilearn.thu.edu.tw/course-cover.html; raw/ilearn.thu.edu.tw/course-credit-setting.html; raw/ilearn.thu.edu.tw/course-estimate-wrapper.html; raw/ilearn.thu.edu.tw/course-estimates-replies/index.html; raw/ilearn.thu.edu.tw/course-estimates/avatarSmallUrl.html,
/api/courses/,courses,DELETE; GET; OBSERVED_GET; POST; PUT; UNKNOWN,241,109,raw/ilearn.thu.edu.tw/api/courses/index.json; raw/ilearn.thu.edu.tw/static/10035.853f7abc.js; raw/ilearn.thu.edu.tw/static/10257.5f75a4b2.js; raw/ilearn.thu.edu.tw/static/11812.92e9ccfe.js; raw/ilearn.thu.edu.tw/static/12159.7fb514eb.js; raw/ilearn.thu.edu.tw/static/13149-ab088423.js; raw/ilearn.thu.edu.tw/static/13529.d8cb667c.js; raw/ilearn.thu.edu.tw/static/14615.8c38d7d4.js; raw/ilearn.thu.edu.tw/static/14631.e54876b2.js; raw/ilearn.thu.edu.tw/static/15134.740fc306.js,404
/api/course/,course,DELETE; GET; OBSERVED_GET; POST; PUT; UNKNOWN,196,92,raw/ilearn.thu.edu.tw/api/course/index.json; raw/ilearn.thu.edu.tw/static/10257.5f75a4b2.js; raw/ilearn.thu.edu.tw/static/10383.d04ce83a.js; raw/ilearn.thu.edu.tw/static/11812.92e9ccfe.js; raw/ilearn.thu.edu.tw/static/11836.f57019c4.js; raw/ilearn.thu.edu.tw/static/12159.7fb514eb.js; raw/ilearn.thu.edu.tw/static/13149-ab088423.js; raw/ilearn.thu.edu.tw/static/14615.8c38d7d4.js; raw/ilearn.thu.edu.tw/static/15471.49137ee2.js; raw/ilearn.thu.edu.tw/static/16941-c2ecc958.js,404
/api/project/,project,DELETE; GET; OBSERVED_GET; POST; PUT; UNKNOWN,195,191,raw/ilearn.thu.edu.tw/api/project/index.json; raw/ilearn.thu.edu.tw/course-advance-setting.html; raw/ilearn.thu.edu.tw/course-audits.html; raw/ilearn.thu.edu.tw/course-catalog-wrapper.html; raw/ilearn.thu.edu.tw/course-classifications.html; raw/ilearn.thu.edu.tw/course-completeness__q_ee1eaef797.html; raw/ilearn.thu.edu.tw/course-cover.html; raw/ilearn.thu.edu.tw/course-credit-setting.html; raw/ilearn.thu.edu.tw/course-estimate-wrapper.html; raw/ilearn.thu.edu.tw/course-estimates-replies/index.html,404
/api/shared-resources-to/{expr}/blob,shared-resources-to,UNKNOWN,189,189,raw/ilearn.thu.edu.tw/course-advance-setting.html; raw/ilearn.thu.edu.tw/course-audits.html; raw/ilearn.thu.edu.tw/course-catalog-wrapper.html; raw/ilearn.thu.edu.tw/course-classifications.html; raw/ilearn.thu.edu.tw/course-completeness__q_ee1eaef797.html; raw/ilearn.thu.edu.tw/course-cover.html; raw/ilearn.thu.edu.tw/course-credit-setting.html; raw/ilearn.thu.edu.tw/course-estimate-wrapper.html; raw/ilearn.thu.edu.tw/course-estimates-replies/index.html; raw/ilearn.thu.edu.tw/course-estimates/avatarSmallUrl.html,
/api/shared-resources/{expr}/blob,shared-resources,UNKNOWN,189,189,raw/ilearn.thu.edu.tw/course-advance-setting.html; raw/ilearn.thu.edu.tw/course-audits.html; raw/ilearn.thu.edu.tw/course-catalog-wrapper.html; raw/ilearn.thu.edu.tw/course-classifications.html; raw/ilearn.thu.edu.tw/course-completeness__q_ee1eaef797.html; raw/ilearn.thu.edu.tw/course-cover.html; raw/ilearn.thu.edu.tw/course-credit-setting.html; raw/ilearn.thu.edu.tw/course-estimate-wrapper.html; raw/ilearn.thu.edu.tw/course-estimates-replies/index.html; raw/ilearn.thu.edu.tw/course-estimates/avatarSmallUrl.html,
/api/uploads/reference/{expr}/blob,uploads,UNKNOWN,189,189,raw/ilearn.thu.edu.tw/course-advance-setting.html; raw/ilearn.thu.edu.tw/course-audits.html; raw/ilearn.thu.edu.tw/course-catalog-wrapper.html; raw/ilearn.thu.edu.tw/course-classifications.html; raw/ilearn.thu.edu.tw/course-completeness__q_ee1eaef797.html; raw/ilearn.thu.edu.tw/course-cover.html; raw/ilearn.thu.edu.tw/course-credit-setting.html; raw/ilearn.thu.edu.tw/course-estimate-wrapper.html; raw/ilearn.thu.edu.tw/course-estimates-replies/index.html; raw/ilearn.thu.edu.tw/course-estimates/avatarSmallUrl.html,
/api/uploads/{expr}/blob,uploads,UNKNOWN,189,189,raw/ilearn.thu.edu.tw/course-advance-setting.html; raw/ilearn.thu.edu.tw/course-audits.html; raw/ilearn.thu.edu.tw/course-catalog-wrapper.html; raw/ilearn.thu.edu.tw/course-classifications.html; raw/ilearn.thu.edu.tw/course-completeness__q_ee1eaef797.html; raw/ilearn.thu.edu.tw/course-cover.html; raw/ilearn.thu.edu.tw/course-credit-setting.html; raw/ilearn.thu.edu.tw/course-estimate-wrapper.html; raw/ilearn.thu.edu.tw/course-estimates-replies/index.html; raw/ilearn.thu.edu.tw/course-estimates/avatarSmallUrl.html,
/api/uploads/{expr}/blob?preview=true&activity_type={expr},uploads,UNKNOWN,189,189,raw/ilearn.thu.edu.tw/course-advance-setting.html; raw/ilearn.thu.edu.tw/course-audits.html; raw/ilearn.thu.edu.tw/course-catalog-wrapper.html; raw/ilearn.thu.edu.tw/course-classifications.html; raw/ilearn.thu.edu.tw/course-completeness__q_ee1eaef797.html; raw/ilearn.thu.edu.tw/course-cover.html; raw/ilearn.thu.edu.tw/course-credit-setting.html; raw/ilearn.thu.edu.tw/course-estimate-wrapper.html; raw/ilearn.thu.edu.tw/course-estimates-replies/index.html; raw/ilearn.thu.edu.tw/course-estimates/avatarSmallUrl.html,
/api/wedrive/file/{expr},wedrive,UNKNOWN,189,189,raw/ilearn.thu.edu.tw/course-advance-setting.html; raw/ilearn.thu.edu.tw/course-audits.html; raw/ilearn.thu.edu.tw/course-catalog-wrapper.html; raw/ilearn.thu.edu.tw/course-classifications.html; raw/ilearn.thu.edu.tw/course-completeness__q_ee1eaef797.html; raw/ilearn.thu.edu.tw/course-cover.html; raw/ilearn.thu.edu.tw/course-credit-setting.html; raw/ilearn.thu.edu.tw/course-estimate-wrapper.html; raw/ilearn.thu.edu.tw/course-estimates-replies/index.html; raw/ilearn.thu.edu.tw/course-estimates/avatarSmallUrl.html,
/api/uploads/[[activity.uploads[0].id]]/blob,uploads,UNKNOWN,187,187,raw/ilearn.thu.edu.tw/course-advance-setting.html; raw/ilearn.thu.edu.tw/course-audits.html; raw/ilearn.thu.edu.tw/course-catalog-wrapper.html; raw/ilearn.thu.edu.tw/course-classifications.html; raw/ilearn.thu.edu.tw/course-completeness__q_ee1eaef797.html; raw/ilearn.thu.edu.tw/course-cover.html; raw/ilearn.thu.edu.tw/course-credit-setting.html; raw/ilearn.thu.edu.tw/course-estimate-wrapper.html; raw/ilearn.thu.edu.tw/course-estimates-replies/index.html; raw/ilearn.thu.edu.tw/course-estimates/avatarSmallUrl.html,
/api/uploads/{expr}/swf,uploads,UNKNOWN,187,187,raw/ilearn.thu.edu.tw/course-advance-setting.html; raw/ilearn.thu.edu.tw/course-audits.html; raw/ilearn.thu.edu.tw/course-catalog-wrapper.html; raw/ilearn.thu.edu.tw/course-classifications.html; raw/ilearn.thu.edu.tw/course-completeness__q_ee1eaef797.html; raw/ilearn.thu.edu.tw/course-cover.html; raw/ilearn.thu.edu.tw/course-credit-setting.html; raw/ilearn.thu.edu.tw/course-estimate-wrapper.html; raw/ilearn.thu.edu.tw/course-estimates-replies/index.html; raw/ilearn.thu.edu.tw/course-estimates/avatarSmallUrl.html,
https://ilearn.thu.edu.tw/api/uploads/{id}/modified-image?thumbnail=32x32,uploads,UNKNOWN,187,187,raw/ilearn.thu.edu.tw/api/course-estimates/81288.json; raw/ilearn.thu.edu.tw/api/profile.json; raw/ilearn.thu.edu.tw/course-advance-setting.html; raw/ilearn.thu.edu.tw/course-audits.html; raw/ilearn.thu.edu.tw/course-catalog-wrapper.html; raw/ilearn.thu.edu.tw/course-classifications.html; raw/ilearn.thu.edu.tw/course-completeness__q_ee1eaef797.html; raw/ilearn.thu.edu.tw/course-cover.html; raw/ilearn.thu.edu.tw/course-credit-setting.html; raw/ilearn.thu.edu.tw/course-estimate-wrapper.html,
/api/uploads/21/modified-image?thumbnail=0x272';,uploads,UNKNOWN,185,185,raw/ilearn.thu.edu.tw/course-advance-setting.html; raw/ilearn.thu.edu.tw/course-audits.html; raw/ilearn.thu.edu.tw/course-catalog-wrapper.html; raw/ilearn.thu.edu.tw/course-classifications.html; raw/ilearn.thu.edu.tw/course-completeness__q_ee1eaef797.html; raw/ilearn.thu.edu.tw/course-cover.html; raw/ilearn.thu.edu.tw/course-credit-setting.html; raw/ilearn.thu.edu.tw/course-estimate-wrapper.html; raw/ilearn.thu.edu.tw/course-estimates-replies/index.html; raw/ilearn.thu.edu.tw/course-estimates/avatarSmallUrl.html,
/api/uploads/{id}/modified-image?thumbnail=32x32,uploads,UNKNOWN,185,185,raw/ilearn.thu.edu.tw/api/course-estimates/81288.json; raw/ilearn.thu.edu.tw/api/profile.json; raw/ilearn.thu.edu.tw/course-advance-setting.html; raw/ilearn.thu.edu.tw/course-audits.html; raw/ilearn.thu.edu.tw/course-catalog-wrapper.html; raw/ilearn.thu.edu.tw/course-classifications.html; raw/ilearn.thu.edu.tw/course-completeness__q_ee1eaef797.html; raw/ilearn.thu.edu.tw/course-cover.html; raw/ilearn.thu.edu.tw/course-credit-setting.html; raw/ilearn.thu.edu.tw/course-estimate-wrapper.html,
https://ilearn.thu.edu.tw/api/uploads/21/modified-image?thumbnail=0x272,uploads,UNKNOWN,185,185,raw/ilearn.thu.edu.tw/course-advance-setting.html; raw/ilearn.thu.edu.tw/course-audits.html; raw/ilearn.thu.edu.tw/course-catalog-wrapper.html; raw/ilearn.thu.edu.tw/course-classifications.html; raw/ilearn.thu.edu.tw/course-completeness__q_ee1eaef797.html; raw/ilearn.thu.edu.tw/course-cover.html; raw/ilearn.thu.edu.tw/course-credit-setting.html; raw/ilearn.thu.edu.tw/course-estimate-wrapper.html; raw/ilearn.thu.edu.tw/course-estimates-replies/index.html; raw/ilearn.thu.edu.tw/course-estimates/avatarSmallUrl.html,
/api/uploads/{expr}/blob?preview=true,uploads,UNKNOWN,184,184,raw/ilearn.thu.edu.tw/chatbot/chatbot.umd.js; raw/ilearn.thu.edu.tw/course-advance-setting.html; raw/ilearn.thu.edu.tw/course-audits.html; raw/ilearn.thu.edu.tw/course-catalog-wrapper.html; raw/ilearn.thu.edu.tw/course-classifications.html; raw/ilearn.thu.edu.tw/course-completeness__q_ee1eaef797.html; raw/ilearn.thu.edu.tw/course-cover.html; raw/ilearn.thu.edu.tw/course-credit-setting.html; raw/ilearn.thu.edu.tw/course-estimate-wrapper.html; raw/ilearn.thu.edu.tw/course-estimates-replies/index.html,
/api/uploads/{id}/modified-image?thumbnail=200x200,uploads,UNKNOWN,184,184,raw/ilearn.thu.edu.tw/api/profile.json; raw/ilearn.thu.edu.tw/course-advance-setting.html; raw/ilearn.thu.edu.tw/course-audits.html; raw/ilearn.thu.edu.tw/course-catalog-wrapper.html; raw/ilearn.thu.edu.tw/course-classifications.html; raw/ilearn.thu.edu.tw/course-completeness__q_ee1eaef797.html; raw/ilearn.thu.edu.tw/course-cover.html; raw/ilearn.thu.edu.tw/course-credit-setting.html; raw/ilearn.thu.edu.tw/course-estimate-wrapper.html; raw/ilearn.thu.edu.tw/course-estimates-replies/index.html,
https://ilearn.thu.edu.tw/api/uploads/{id}/modified-image?thumbnail=200x200,uploads,UNKNOWN,184,184,raw/ilearn.thu.edu.tw/api/profile.json; raw/ilearn.thu.edu.tw/course-advance-setting.html; raw/ilearn.thu.edu.tw/course-audits.html; raw/ilearn.thu.edu.tw/course-catalog-wrapper.html; raw/ilearn.thu.edu.tw/course-classifications.html; raw/ilearn.thu.edu.tw/course-completeness__q_ee1eaef797.html; raw/ilearn.thu.edu.tw/course-cover.html; raw/ilearn.thu.edu.tw/course-credit-setting.html; raw/ilearn.thu.edu.tw/course-estimate-wrapper.html; raw/ilearn.thu.edu.tw/course-estimates-replies/index.html,
/api/third-part/uploads/{expr}/preview,third-part,UNKNOWN,183,183,raw/ilearn.thu.edu.tw/course-advance-setting.html; raw/ilearn.thu.edu.tw/course-audits.html; raw/ilearn.thu.edu.tw/course-catalog-wrapper.html; raw/ilearn.thu.edu.tw/course-classifications.html; raw/ilearn.thu.edu.tw/course-completeness__q_ee1eaef797.html; raw/ilearn.thu.edu.tw/course-cover.html; raw/ilearn.thu.edu.tw/course-credit-setting.html; raw/ilearn.thu.edu.tw/course-estimate-wrapper.html; raw/ilearn.thu.edu.tw/course-estimates-replies/index.html; raw/ilearn.thu.edu.tw/course-estimates/avatarSmallUrl.html,
/api/third-part/uploads/{expr}/thumbnail,third-part,UNKNOWN,183,183,raw/ilearn.thu.edu.tw/course-advance-setting.html; raw/ilearn.thu.edu.tw/course-audits.html; raw/ilearn.thu.edu.tw/course-catalog-wrapper.html; raw/ilearn.thu.edu.tw/course-classifications.html; raw/ilearn.thu.edu.tw/course-completeness__q_ee1eaef797.html; raw/ilearn.thu.edu.tw/course-cover.html; raw/ilearn.thu.edu.tw/course-credit-setting.html; raw/ilearn.thu.edu.tw/course-estimate-wrapper.html; raw/ilearn.thu.edu.tw/course-estimates-replies/index.html; raw/ilearn.thu.edu.tw/course-estimates/avatarSmallUrl.html,
/api/uploads/{expr}/thumbnail?preview=true,uploads,UNKNOWN,183,183,raw/ilearn.thu.edu.tw/course-advance-setting.html; raw/ilearn.thu.edu.tw/course-audits.html; raw/ilearn.thu.edu.tw/course-catalog-wrapper.html; raw/ilearn.thu.edu.tw/course-classifications.html; raw/ilearn.thu.edu.tw/course-completeness__q_ee1eaef797.html; raw/ilearn.thu.edu.tw/course-cover.html; raw/ilearn.thu.edu.tw/course-credit-setting.html; raw/ilearn.thu.edu.tw/course-estimate-wrapper.html; raw/ilearn.thu.edu.tw/course-estimates-replies/index.html; raw/ilearn.thu.edu.tw/course-estimates/avatarSmallUrl.html,
/api/activities/,activities,DELETE; GET; OBSERVED_GET; POST; PUT,82,36,raw/ilearn.thu.edu.tw/api/activities/index.json; raw/ilearn.thu.edu.tw/static/16941-c2ecc958.js; raw/ilearn.thu.edu.tw/static/16985.5dac5529.js; raw/ilearn.thu.edu.tw/static/20307-0fd301f4.js; raw/ilearn.thu.edu.tw/static/2276.c8da6806.js; raw/ilearn.thu.edu.tw/static/23977.ebaa5322.js; raw/ilearn.thu.edu.tw/static/25170.2159310c.js; raw/ilearn.thu.edu.tw/static/37873.f1187b3e.js; raw/ilearn.thu.edu.tw/static/39538.e12d5a24.js; raw/ilearn.thu.edu.tw/static/40251.b93d27d4.js,404
/api/exams/,exams,DELETE; GET; OBSERVED_GET; PATCH; POST; PUT; UNKNOWN,65,29,raw/ilearn.thu.edu.tw/api/exams/index.json; raw/ilearn.thu.edu.tw/static/13149-ab088423.js; raw/ilearn.thu.edu.tw/static/14615.8c38d7d4.js; raw/ilearn.thu.edu.tw/static/15682.5cfcfdda.js; raw/ilearn.thu.edu.tw/static/19446.6fdaa169.js; raw/ilearn.thu.edu.tw/static/20307-0fd301f4.js; raw/ilearn.thu.edu.tw/static/24059.e4bb5098.js; raw/ilearn.thu.edu.tw/static/31110.2a0173f2.js; raw/ilearn.thu.edu.tw/static/32436.9894d604.js; raw/ilearn.thu.edu.tw/static/34691.515731f8.js,404
/api/group-sets/,group-sets,DELETE; GET; OBSERVED_GET; POST; PUT,51,18,raw/ilearn.thu.edu.tw/api/group-sets/index.json; raw/ilearn.thu.edu.tw/static/25170.2159310c.js; raw/ilearn.thu.edu.tw/static/26703.244911cf.js; raw/ilearn.thu.edu.tw/static/28605.fa92e51e.js; raw/ilearn.thu.edu.tw/static/36105.3af57479.js; raw/ilearn.thu.edu.tw/static/42585.3fa356ed.js; raw/ilearn.thu.edu.tw/static/44346.7b57b52e.js; raw/ilearn.thu.edu.tw/static/55200.e380810d.js; raw/ilearn.thu.edu.tw/static/63256.3e10694e.js; raw/ilearn.thu.edu.tw/static/66297.9aa2f6d5.js,404
/api/orgs/,orgs,GET; OBSERVED_GET; POST; PUT; UNKNOWN,47,34,raw/ilearn.thu.edu.tw/api/orgs/index.json; raw/ilearn.thu.edu.tw/static/10257.5f75a4b2.js; raw/ilearn.thu.edu.tw/static/11812.92e9ccfe.js; raw/ilearn.thu.edu.tw/static/19832.b33b43a5.js; raw/ilearn.thu.edu.tw/static/21137.a69eb96c.js; raw/ilearn.thu.edu.tw/static/21943.5dca6268.js; raw/ilearn.thu.edu.tw/static/25753.6c691880.js; raw/ilearn.thu.edu.tw/static/26755.0336f93f.js; raw/ilearn.thu.edu.tw/static/27609.04e6959b.js; raw/ilearn.thu.edu.tw/static/28492.65731154.js,404
/api/subject-libs/,subject-libs,DELETE; GET; OBSERVED_GET; POST; PUT; UNKNOWN,43,25,raw/ilearn.thu.edu.tw/api/subject-libs/index.json; raw/ilearn.thu.edu.tw/static/12117.76d49271.js; raw/ilearn.thu.edu.tw/static/14615.8c38d7d4.js; raw/ilearn.thu.edu.tw/static/19446.6fdaa169.js; raw/ilearn.thu.edu.tw/static/23977.ebaa5322.js; raw/ilearn.thu.edu.tw/static/34691.515731f8.js; raw/ilearn.thu.edu.tw/static/37192.d0839c93.js; raw/ilearn.thu.edu.tw/static/37336.084b8613.js; raw/ilearn.thu.edu.tw/static/40251.b93d27d4.js; raw/ilearn.thu.edu.tw/static/49294.50a0a8b3.js,404
/api/groups/,groups,DELETE; GET; OBSERVED_GET; POST; PUT,36,13,raw/ilearn.thu.edu.tw/api/groups/index.json; raw/ilearn.thu.edu.tw/static/26703.244911cf.js; raw/ilearn.thu.edu.tw/static/28605.fa92e51e.js; raw/ilearn.thu.edu.tw/static/36105.3af57479.js; raw/ilearn.thu.edu.tw/static/37873.f1187b3e.js; raw/ilearn.thu.edu.tw/static/44346.7b57b52e.js; raw/ilearn.thu.edu.tw/static/63256.3e10694e.js; raw/ilearn.thu.edu.tw/static/66297.9aa2f6d5.js; raw/ilearn.thu.edu.tw/static/72088.556a45f3.js; raw/ilearn.thu.edu.tw/static/78723.49249bea.js,404
/api/blueprint/,blueprint,DELETE; GET; OBSERVED_GET; POST; UNKNOWN,32,19,raw/ilearn.thu.edu.tw/api/blueprint/index.json; raw/ilearn.thu.edu.tw/static/10035.853f7abc.js; raw/ilearn.thu.edu.tw/static/2276.c8da6806.js; raw/ilearn.thu.edu.tw/static/25170.2159310c.js; raw/ilearn.thu.edu.tw/static/27589.ae3b1ca0.js; raw/ilearn.thu.edu.tw/static/2896.c02ef48c.js; raw/ilearn.thu.edu.tw/static/49420.b30bc6e4.js; raw/ilearn.thu.edu.tw/static/49592.0ad88a29.js; raw/ilearn.thu.edu.tw/static/50559.79503daf.js; raw/ilearn.thu.edu.tw/static/50574.d4b1d445.js,404
/api/vtrses/,vtrses,DELETE; GET; OBSERVED_GET; POST; PUT,29,12,raw/ilearn.thu.edu.tw/api/vtrses/index.json; raw/ilearn.thu.edu.tw/static/23977.ebaa5322.js; raw/ilearn.thu.edu.tw/static/40251.b93d27d4.js; raw/ilearn.thu.edu.tw/static/41568.0adf30d4.js; raw/ilearn.thu.edu.tw/static/42585.3fa356ed.js; raw/ilearn.thu.edu.tw/static/56748-43cfa952.js; raw/ilearn.thu.edu.tw/static/67133.08e1a687.js; raw/ilearn.thu.edu.tw/static/67853-6eb5a068.js; raw/ilearn.thu.edu.tw/static/73644.1ab1287a.js; raw/ilearn.thu.edu.tw/static/78946.84d34ae9.js,404
/api/homework/,homework,DELETE; GET; OBSERVED_GET; POST; PUT; UNKNOWN,28,16,raw/ilearn.thu.edu.tw/api/homework/index.json; raw/ilearn.thu.edu.tw/static/42585.3fa356ed.js; raw/ilearn.thu.edu.tw/static/44346.7b57b52e.js; raw/ilearn.thu.edu.tw/static/45685.4e07b7a7.js; raw/ilearn.thu.edu.tw/static/55200.e380810d.js; raw/ilearn.thu.edu.tw/static/66297.9aa2f6d5.js; raw/ilearn.thu.edu.tw/static/70619-686c4819.js; raw/ilearn.thu.edu.tw/static/72088.556a45f3.js; raw/ilearn.thu.edu.tw/static/74302.a9e02d94.js; raw/ilearn.thu.edu.tw/static/74613.79d89a15.js,404
/api/rollcall/,rollcall,DELETE; GET; POST; PUT; UNKNOWN,28,14,raw/ilearn.thu.edu.tw/static/18326.bedfc73f.js; raw/ilearn.thu.edu.tw/static/19832.b33b43a5.js; raw/ilearn.thu.edu.tw/static/28605.fa92e51e.js; raw/ilearn.thu.edu.tw/static/44346.7b57b52e.js; raw/ilearn.thu.edu.tw/static/63256.3e10694e.js; raw/ilearn.thu.edu.tw/static/68805.a47db79c.js; raw/ilearn.thu.edu.tw/static/71196.5077b7df.js; raw/ilearn.thu.edu.tw/static/7693.6ddfbed1.js; raw/ilearn.thu.edu.tw/static/85489.5300ac04.js; raw/ilearn.thu.edu.tw/static/86422.36d3f50f.js,
/api/course/activities/,course,GET; OBSERVED_GET; POST; PUT; UNKNOWN,27,15,raw/ilearn.thu.edu.tw/api/course/activities/index.json; raw/ilearn.thu.edu.tw/static/13149-ab088423.js; raw/ilearn.thu.edu.tw/static/42585.3fa356ed.js; raw/ilearn.thu.edu.tw/static/44346.7b57b52e.js; raw/ilearn.thu.edu.tw/static/45685.4e07b7a7.js; raw/ilearn.thu.edu.tw/static/55200.e380810d.js; raw/ilearn.thu.edu.tw/static/66297.9aa2f6d5.js; raw/ilearn.thu.edu.tw/static/70619-686c4819.js; raw/ilearn.thu.edu.tw/static/74302.a9e02d94.js; raw/ilearn.thu.edu.tw/static/76756.7b06f21b.js,404
/api/my-courses,my-courses,OBSERVED_GET; POST,27,27,raw/ilearn.thu.edu.tw/api/my-courses.json; raw/ilearn.thu.edu.tw/static/10035.853f7abc.js; raw/ilearn.thu.edu.tw/static/15134.740fc306.js; raw/ilearn.thu.edu.tw/static/20307-0fd301f4.js; raw/ilearn.thu.edu.tw/static/24381.0c635568.js; raw/ilearn.thu.edu.tw/static/27589.ae3b1ca0.js; raw/ilearn.thu.edu.tw/static/37192.d0839c93.js; raw/ilearn.thu.edu.tw/static/37336.084b8613.js; raw/ilearn.thu.edu.tw/static/41789.52c6778d.js; raw/ilearn.thu.edu.tw/static/42585.3fa356ed.js,200
/api/users/,users,DELETE; GET; OBSERVED_GET; POST,27,27,raw/ilearn.thu.edu.tw/api/users/index.json; raw/ilearn.thu.edu.tw/static/11812.92e9ccfe.js; raw/ilearn.thu.edu.tw/static/14631.e54876b2.js; raw/ilearn.thu.edu.tw/static/14928.ccbfea64.js; raw/ilearn.thu.edu.tw/static/19619.6081b084.js; raw/ilearn.thu.edu.tw/static/19832.b33b43a5.js; raw/ilearn.thu.edu.tw/static/24262.bfbc60d3.js; raw/ilearn.thu.edu.tw/static/24712-18317acc.js; raw/ilearn.thu.edu.tw/static/25170.2159310c.js; raw/ilearn.thu.edu.tw/static/28605.fa92e51e.js,404
/api/shared-resources/,shared-resources,DELETE; POST; UNKNOWN,26,15,raw/ilearn.thu.edu.tw/static/25753.6c691880.js; raw/ilearn.thu.edu.tw/static/30801-25982468.js; raw/ilearn.thu.edu.tw/static/32177.f2bc5d50.js; raw/ilearn.thu.edu.tw/static/34423.a5cefcd5.js; raw/ilearn.thu.edu.tw/static/37336.084b8613.js; raw/ilearn.thu.edu.tw/static/50446.4b9b0bcc.js; raw/ilearn.thu.edu.tw/static/63756-b6ed5817.js; raw/ilearn.thu.edu.tw/static/6670.d8c7a443.js; raw/ilearn.thu.edu.tw/static/67133.08e1a687.js; raw/ilearn.thu.edu.tw/static/70536.a9427994.js,
/api/departments,departments,GET; OBSERVED_GET; UNKNOWN,24,24,raw/ilearn.thu.edu.tw/api/departments.json; raw/ilearn.thu.edu.tw/static/19619.6081b084.js; raw/ilearn.thu.edu.tw/static/19832.b33b43a5.js; raw/ilearn.thu.edu.tw/static/21137.a69eb96c.js; raw/ilearn.thu.edu.tw/static/27609.04e6959b.js; raw/ilearn.thu.edu.tw/static/28492.65731154.js; raw/ilearn.thu.edu.tw/static/28605.fa92e51e.js; raw/ilearn.thu.edu.tw/static/31552.691da904.js; raw/ilearn.thu.edu.tw/static/34671.c9d36f7b.js; raw/ilearn.thu.edu.tw/static/37336.084b8613.js,200
/api/cc-license/groups,cc-license,GET; OBSERVED_GET; POST; PUT,21,21,raw/ilearn.thu.edu.tw/api/cc-license/groups.json; raw/ilearn.thu.edu.tw/static/14615.8c38d7d4.js; raw/ilearn.thu.edu.tw/static/19832.b33b43a5.js; raw/ilearn.thu.edu.tw/static/25753.6c691880.js; raw/ilearn.thu.edu.tw/static/28605.fa92e51e.js; raw/ilearn.thu.edu.tw/static/32177.f2bc5d50.js; raw/ilearn.thu.edu.tw/static/34423.a5cefcd5.js; raw/ilearn.thu.edu.tw/static/38480.defdcfac.js; raw/ilearn.thu.edu.tw/static/50559.79503daf.js; raw/ilearn.thu.edu.tw/static/63256.3e10694e.js,200
/api/classroom-exams/,classroom-exams,DELETE; GET; OBSERVED_GET; POST; PUT; UNKNOWN,21,10,raw/ilearn.thu.edu.tw/api/classroom-exams/index.json; raw/ilearn.thu.edu.tw/static/19446.6fdaa169.js; raw/ilearn.thu.edu.tw/static/28509.a0b2d0f0.js; raw/ilearn.thu.edu.tw/static/37336.084b8613.js; raw/ilearn.thu.edu.tw/static/44346.7b57b52e.js; raw/ilearn.thu.edu.tw/static/56488.5dafa7c7.js; raw/ilearn.thu.edu.tw/static/76445.efefe93a.js; raw/ilearn.thu.edu.tw/static/82017-1e48dc04.js; raw/ilearn.thu.edu.tw/static/83727.aab0cb48.js; raw/ilearn.thu.edu.tw/static/88788.161d6b6a.js,404
/api/resource-groups/,resource-groups,DELETE; GET; OBSERVED_GET; POST; PUT,21,6,raw/ilearn.thu.edu.tw/api/resource-groups/index.json; raw/ilearn.thu.edu.tw/static/37336.084b8613.js; raw/ilearn.thu.edu.tw/static/50446.4b9b0bcc.js; raw/ilearn.thu.edu.tw/static/63756-b6ed5817.js; raw/ilearn.thu.edu.tw/static/70619-686c4819.js; raw/ilearn.thu.edu.tw/static/js/main-portal-cc072a5a.js,404
/api/all-orgs,all-orgs,GET; OBSERVED_GET; PUT,20,15,raw/ilearn.thu.edu.tw/api/all-orgs.json; raw/ilearn.thu.edu.tw/static/19832.b33b43a5.js; raw/ilearn.thu.edu.tw/static/21137.a69eb96c.js; raw/ilearn.thu.edu.tw/static/27609.04e6959b.js; raw/ilearn.thu.edu.tw/static/28605.fa92e51e.js; raw/ilearn.thu.edu.tw/static/31552.691da904.js; raw/ilearn.thu.edu.tw/static/49009.a1deb8c2.js; raw/ilearn.thu.edu.tw/static/63256.3e10694e.js; raw/ilearn.thu.edu.tw/static/68805.a47db79c.js; raw/ilearn.thu.edu.tw/static/7693.6ddfbed1.js,200
/api/classrooms/,classrooms,DELETE; GET; OBSERVED_GET; POST; PUT,20,11,raw/ilearn.thu.edu.tw/api/classrooms/index.json; raw/ilearn.thu.edu.tw/static/13149-ab088423.js; raw/ilearn.thu.edu.tw/static/14615.8c38d7d4.js; raw/ilearn.thu.edu.tw/static/19446.6fdaa169.js; raw/ilearn.thu.edu.tw/static/37336.084b8613.js; raw/ilearn.thu.edu.tw/static/44346.7b57b52e.js; raw/ilearn.thu.edu.tw/static/56488.5dafa7c7.js; raw/ilearn.thu.edu.tw/static/76445.efefe93a.js; raw/ilearn.thu.edu.tw/static/82017-1e48dc04.js; raw/ilearn.thu.edu.tw/static/83727.aab0cb48.js,404
"/api/academic-years?fields=id,name,sort,is_active",academic-years,GET; OBSERVED_GET; PUT,19,19,raw/ilearn.thu.edu.tw/api/academic-years__q_d63a01cb0b.json; raw/ilearn.thu.edu.tw/static/19619.6081b084.js; raw/ilearn.thu.edu.tw/static/19832.b33b43a5.js; raw/ilearn.thu.edu.tw/static/28492.65731154.js; raw/ilearn.thu.edu.tw/static/28605.fa92e51e.js; raw/ilearn.thu.edu.tw/static/34671.c9d36f7b.js; raw/ilearn.thu.edu.tw/static/37336.084b8613.js; raw/ilearn.thu.edu.tw/static/58273.e82db5f8.js; raw/ilearn.thu.edu.tw/static/63256.3e10694e.js; raw/ilearn.thu.edu.tw/static/6696.3bfff1df.js,200
/api/course-estimates/{id},course-estimates,OBSERVED_GET,19,19,raw/ilearn.thu.edu.tw/api/course-estimates/122518.json; raw/ilearn.thu.edu.tw/api/course-estimates/122638.json; raw/ilearn.thu.edu.tw/api/course-estimates/132448.json; raw/ilearn.thu.edu.tw/api/course-estimates/132469.json; raw/ilearn.thu.edu.tw/api/course-estimates/142033.json; raw/ilearn.thu.edu.tw/api/course-estimates/142388.json; raw/ilearn.thu.edu.tw/api/course-estimates/152021.json; raw/ilearn.thu.edu.tw/api/course-estimates/161499.json; raw/ilearn.thu.edu.tw/api/course-estimates/161532.json; raw/ilearn.thu.edu.tw/api/course-estimates/161850.json,200
/api/course/bulletins/,course,DELETE; OBSERVED_GET; PUT,19,10,raw/ilearn.thu.edu.tw/api/course/bulletins/index.json; raw/ilearn.thu.edu.tw/static/19832.b33b43a5.js; raw/ilearn.thu.edu.tw/static/28605.fa92e51e.js; raw/ilearn.thu.edu.tw/static/63256.3e10694e.js; raw/ilearn.thu.edu.tw/static/68805.a47db79c.js; raw/ilearn.thu.edu.tw/static/7693.6ddfbed1.js; raw/ilearn.thu.edu.tw/static/86422.36d3f50f.js; raw/ilearn.thu.edu.tw/static/91320.6f83888e.js; raw/ilearn.thu.edu.tw/static/91962-91463afb.js; raw/ilearn.thu.edu.tw/static/99006.38242dc9.js,404
/api/virtual-classroom-resources,virtual-classroom-resources,GET; OBSERVED_GET; POST,19,10,raw/ilearn.thu.edu.tw/api/virtual-classroom-resources.json; raw/ilearn.thu.edu.tw/static/19832.b33b43a5.js; raw/ilearn.thu.edu.tw/static/28605.fa92e51e.js; raw/ilearn.thu.edu.tw/static/63256.3e10694e.js; raw/ilearn.thu.edu.tw/static/68805.a47db79c.js; raw/ilearn.thu.edu.tw/static/7693.6ddfbed1.js; raw/ilearn.thu.edu.tw/static/86422.36d3f50f.js; raw/ilearn.thu.edu.tw/static/91320.6f83888e.js; raw/ilearn.thu.edu.tw/static/91962-91463afb.js; raw/ilearn.thu.edu.tw/static/99006.38242dc9.js,404
/api/subject-libs,subject-libs,DELETE; GET; OBSERVED_GET; POST; UNKNOWN,18,16,raw/ilearn.thu.edu.tw/api/subject-libs.json; raw/ilearn.thu.edu.tw/static/12117.76d49271.js; raw/ilearn.thu.edu.tw/static/14615.8c38d7d4.js; raw/ilearn.thu.edu.tw/static/23977.ebaa5322.js; raw/ilearn.thu.edu.tw/static/25753.6c691880.js; raw/ilearn.thu.edu.tw/static/34691.515731f8.js; raw/ilearn.thu.edu.tw/static/40251.b93d27d4.js; raw/ilearn.thu.edu.tw/static/41789.52c6778d.js; raw/ilearn.thu.edu.tw/static/50559.79503daf.js; raw/ilearn.thu.edu.tw/static/52507.583e35f3.js,200
/api/submissions/,submissions,DELETE; GET; OBSERVED_GET; POST; PUT,18,12,raw/ilearn.thu.edu.tw/api/submissions/index.json; raw/ilearn.thu.edu.tw/static/44346.7b57b52e.js; raw/ilearn.thu.edu.tw/static/51708-096d42d6.js; raw/ilearn.thu.edu.tw/static/56488.5dafa7c7.js; raw/ilearn.thu.edu.tw/static/66297.9aa2f6d5.js; raw/ilearn.thu.edu.tw/static/74302.a9e02d94.js; raw/ilearn.thu.edu.tw/static/76756.7b06f21b.js; raw/ilearn.thu.edu.tw/static/77503-ccf74164.js; raw/ilearn.thu.edu.tw/static/77887.e982b363.js; raw/ilearn.thu.edu.tw/static/80670-16696de3.js,404
/api/users?page=,users,GET; OBSERVED_GET; POST,18,18,raw/ilearn.thu.edu.tw/api/users__q_ee1eaef797.json; raw/ilearn.thu.edu.tw/static/19832.b33b43a5.js; raw/ilearn.thu.edu.tw/static/28492.65731154.js; raw/ilearn.thu.edu.tw/static/28605.fa92e51e.js; raw/ilearn.thu.edu.tw/static/37336.084b8613.js; raw/ilearn.thu.edu.tw/static/58273.e82db5f8.js; raw/ilearn.thu.edu.tw/static/63256.3e10694e.js; raw/ilearn.thu.edu.tw/static/68805.a47db79c.js; raw/ilearn.thu.edu.tw/static/7693.6ddfbed1.js; raw/ilearn.thu.edu.tw/static/78310.c45679af.js,403
/api/activity/,activity,GET; OBSERVED_GET; POST,17,12,raw/ilearn.thu.edu.tw/api/activity/index.json; raw/ilearn.thu.edu.tw/static/25170.2159310c.js; raw/ilearn.thu.edu.tw/static/44346.7b57b52e.js; raw/ilearn.thu.edu.tw/static/74302.a9e02d94.js; raw/ilearn.thu.edu.tw/static/76756.7b06f21b.js; raw/ilearn.thu.edu.tw/static/77887.e982b363.js; raw/ilearn.thu.edu.tw/static/78723.49249bea.js; raw/ilearn.thu.edu.tw/static/80670-16696de3.js; raw/ilearn.thu.edu.tw/static/82017-1e48dc04.js; raw/ilearn.thu.edu.tw/static/83727.aab0cb48.js,404
/api/exam/,exam,GET; OBSERVED_GET; POST; PUT; UNKNOWN,17,11,raw/ilearn.thu.edu.tw/api/exam/index.json; raw/ilearn.thu.edu.tw/static/19446.6fdaa169.js; raw/ilearn.thu.edu.tw/static/34691.515731f8.js; raw/ilearn.thu.edu.tw/static/42585.3fa356ed.js; raw/ilearn.thu.edu.tw/static/50446.4b9b0bcc.js; raw/ilearn.thu.edu.tw/static/56488.5dafa7c7.js; raw/ilearn.thu.edu.tw/static/71999.889e7289.js; raw/ilearn.thu.edu.tw/static/77887.e982b363.js; raw/ilearn.thu.edu.tw/static/88788.161d6b6a.js; raw/ilearn.thu.edu.tw/static/90406.9cacc319.js,404
/api/stat/courses/,stat,DELETE; GET; OBSERVED_GET; POST; UNKNOWN,17,12,raw/ilearn.thu.edu.tw/api/stat/courses/index.json; raw/ilearn.thu.edu.tw/static/10257.5f75a4b2.js; raw/ilearn.thu.edu.tw/static/11812.92e9ccfe.js; raw/ilearn.thu.edu.tw/static/23977.ebaa5322.js; raw/ilearn.thu.edu.tw/static/40251.b93d27d4.js; raw/ilearn.thu.edu.tw/static/67853-6eb5a068.js; raw/ilearn.thu.edu.tw/static/68805.a47db79c.js; raw/ilearn.thu.edu.tw/static/72088.556a45f3.js; raw/ilearn.thu.edu.tw/static/72914-965f4ad4.js; raw/ilearn.thu.edu.tw/static/78946.84d34ae9.js,404
/api/combine-courses/,combine-courses,GET; OBSERVED_GET; POST,16,9,raw/ilearn.thu.edu.tw/api/combine-courses/index.json; raw/ilearn.thu.edu.tw/static/15134.740fc306.js; raw/ilearn.thu.edu.tw/static/37336.084b8613.js; raw/ilearn.thu.edu.tw/static/41789.52c6778d.js; raw/ilearn.thu.edu.tw/static/44346.7b57b52e.js; raw/ilearn.thu.edu.tw/static/49294.50a0a8b3.js; raw/ilearn.thu.edu.tw/static/82017-1e48dc04.js; raw/ilearn.thu.edu.tw/static/83735-784775ae.js; raw/ilearn.thu.edu.tw/static/js/main-portal-cc072a5a.js,404
/api/semesters,semesters,DELETE; GET; OBSERVED_GET,16,16,raw/ilearn.thu.edu.tw/api/semesters.json; raw/ilearn.thu.edu.tw/static/19619.6081b084.js; raw/ilearn.thu.edu.tw/static/19832.b33b43a5.js; raw/ilearn.thu.edu.tw/static/28605.fa92e51e.js; raw/ilearn.thu.edu.tw/static/32419.cdd214b3.js; raw/ilearn.thu.edu.tw/static/34671.c9d36f7b.js; raw/ilearn.thu.edu.tw/static/49592.0ad88a29.js; raw/ilearn.thu.edu.tw/static/63256.3e10694e.js; raw/ilearn.thu.edu.tw/static/6696.3bfff1df.js; raw/ilearn.thu.edu.tw/static/68805.a47db79c.js,200
/api/course-estimates/,course-estimates,DELETE; GET; OBSERVED_GET; POST,15,14,raw/ilearn.thu.edu.tw/api/course-estimates/index.json; raw/ilearn.thu.edu.tw/static/19832.b33b43a5.js; raw/ilearn.thu.edu.tw/static/27093.22d65938.js; raw/ilearn.thu.edu.tw/static/28605.fa92e51e.js; raw/ilearn.thu.edu.tw/static/49294.50a0a8b3.js; raw/ilearn.thu.edu.tw/static/63256.3e10694e.js; raw/ilearn.thu.edu.tw/static/68805.a47db79c.js; raw/ilearn.thu.edu.tw/static/7693.6ddfbed1.js; raw/ilearn.thu.edu.tw/static/79055.ee36c6a2.js; raw/ilearn.thu.edu.tw/static/82017-1e48dc04.js,404
/api/my-semesters-all,my-semesters-all,GET; OBSERVED_GET,15,15,raw/ilearn.thu.edu.tw/api/my-semesters-all.json; raw/ilearn.thu.edu.tw/static/19832.b33b43a5.js; raw/ilearn.thu.edu.tw/static/28492.65731154.js; raw/ilearn.thu.edu.tw/static/28605.fa92e51e.js; raw/ilearn.thu.edu.tw/static/37336.084b8613.js; raw/ilearn.thu.edu.tw/static/58273.e82db5f8.js; raw/ilearn.thu.edu.tw/static/63256.3e10694e.js; raw/ilearn.thu.edu.tw/static/68805.a47db79c.js; raw/ilearn.thu.edu.tw/static/7693.6ddfbed1.js; raw/ilearn.thu.edu.tw/static/78310.c45679af.js,200
/api/course/activities-read/,course,OBSERVED_GET; POST,14,14,raw/ilearn.thu.edu.tw/api/course/activities-read/index.json; raw/ilearn.thu.edu.tw/static/21093-1aa02d68.js; raw/ilearn.thu.edu.tw/static/25170.2159310c.js; raw/ilearn.thu.edu.tw/static/34673.1196ba35.js; raw/ilearn.thu.edu.tw/static/44346.7b57b52e.js; raw/ilearn.thu.edu.tw/static/74302.a9e02d94.js; raw/ilearn.thu.edu.tw/static/76756.7b06f21b.js; raw/ilearn.thu.edu.tw/static/77887.e982b363.js; raw/ilearn.thu.edu.tw/static/78723.49249bea.js; raw/ilearn.thu.edu.tw/static/80670-16696de3.js,404
/api/course/enrollments/,course,DELETE; OBSERVED_GET; PUT,13,13,raw/ilearn.thu.edu.tw/api/course/enrollments/index.json; raw/ilearn.thu.edu.tw/static/15471.49137ee2.js; raw/ilearn.thu.edu.tw/static/19832.b33b43a5.js; raw/ilearn.thu.edu.tw/static/2764-f25f2bd3.js; raw/ilearn.thu.edu.tw/static/28605.fa92e51e.js; raw/ilearn.thu.edu.tw/static/51310.68c3f526.js; raw/ilearn.thu.edu.tw/static/63256.3e10694e.js; raw/ilearn.thu.edu.tw/static/68805.a47db79c.js; raw/ilearn.thu.edu.tw/static/7693.6ddfbed1.js; raw/ilearn.thu.edu.tw/static/86422.36d3f50f.js,404
/api/curriculum-classifications,curriculum-classifications,GET; OBSERVED_GET; POST,13,13,raw/ilearn.thu.edu.tw/api/curriculum-classifications.json; raw/ilearn.thu.edu.tw/static/14928.ccbfea64.js; raw/ilearn.thu.edu.tw/static/19832.b33b43a5.js; raw/ilearn.thu.edu.tw/static/24262.bfbc60d3.js; raw/ilearn.thu.edu.tw/static/24712-18317acc.js; raw/ilearn.thu.edu.tw/static/28605.fa92e51e.js; raw/ilearn.thu.edu.tw/static/63256.3e10694e.js; raw/ilearn.thu.edu.tw/static/68805.a47db79c.js; raw/ilearn.thu.edu.tw/static/7693.6ddfbed1.js; raw/ilearn.thu.edu.tw/static/86422.36d3f50f.js,404
/api/h5-courseware/,h5-courseware,OBSERVED_GET; POST; PUT,13,7,raw/ilearn.thu.edu.tw/api/h5-courseware/index.json; raw/ilearn.thu.edu.tw/static/44346.7b57b52e.js; raw/ilearn.thu.edu.tw/static/74302.a9e02d94.js; raw/ilearn.thu.edu.tw/static/76756.7b06f21b.js; raw/ilearn.thu.edu.tw/static/77887.e982b363.js; raw/ilearn.thu.edu.tw/static/80670-16696de3.js; raw/ilearn.thu.edu.tw/static/82017-1e48dc04.js,404
/api/org/,org,DELETE; GET; OBSERVED_GET; POST; PUT; UNKNOWN,13,10,raw/ilearn.thu.edu.tw/api/org/index.json; raw/ilearn.thu.edu.tw/static/11836.f57019c4.js; raw/ilearn.thu.edu.tw/static/26132-3e4ab0d2.js; raw/ilearn.thu.edu.tw/static/42585.3fa356ed.js; raw/ilearn.thu.edu.tw/static/44184.7677cc88.js; raw/ilearn.thu.edu.tw/static/49294.50a0a8b3.js; raw/ilearn.thu.edu.tw/static/72914-965f4ad4.js; raw/ilearn.thu.edu.tw/static/79055.ee36c6a2.js; raw/ilearn.thu.edu.tw/static/82017-1e48dc04.js; raw/ilearn.thu.edu.tw/static/88788.161d6b6a.js,404
/api/questionnaire/,questionnaire,DELETE; GET; OBSERVED_GET; POST; PUT; UNKNOWN,13,7,raw/ilearn.thu.edu.tw/api/questionnaire/index.json; raw/ilearn.thu.edu.tw/static/19446.6fdaa169.js; raw/ilearn.thu.edu.tw/static/28509.a0b2d0f0.js; raw/ilearn.thu.edu.tw/static/34691.515731f8.js; raw/ilearn.thu.edu.tw/static/41789.52c6778d.js; raw/ilearn.thu.edu.tw/static/50446.4b9b0bcc.js; raw/ilearn.thu.edu.tw/static/76445.efefe93a.js,404
/api/activities/have-dependents,activities,GET; OBSERVED_GET,12,12,raw/ilearn.thu.edu.tw/api/activities/have-dependents.json; raw/ilearn.thu.edu.tw/static/25170.2159310c.js; raw/ilearn.thu.edu.tw/static/44346.7b57b52e.js; raw/ilearn.thu.edu.tw/static/74302.a9e02d94.js; raw/ilearn.thu.edu.tw/static/76756.7b06f21b.js; raw/ilearn.thu.edu.tw/static/77887.e982b363.js; raw/ilearn.thu.edu.tw/static/78723.49249bea.js; raw/ilearn.thu.edu.tw/static/80670-16696de3.js; raw/ilearn.thu.edu.tw/static/82017-1e48dc04.js; raw/ilearn.thu.edu.tw/static/83727.aab0cb48.js,200
/api/air-credit/audits,air-credit,GET; OBSERVED_GET; POST; PUT,12,7,raw/ilearn.thu.edu.tw/api/air-credit/audits.json; raw/ilearn.thu.edu.tw/static/28492.65731154.js; raw/ilearn.thu.edu.tw/static/37336.084b8613.js; raw/ilearn.thu.edu.tw/static/58273.e82db5f8.js; raw/ilearn.thu.edu.tw/static/72914-965f4ad4.js; raw/ilearn.thu.edu.tw/static/78310.c45679af.js; raw/ilearn.thu.edu.tw/static/88788.161d6b6a.js,403
/api/completion-criteria,completion-criteria,DELETE; GET; OBSERVED_GET,12,12,raw/ilearn.thu.edu.tw/api/completion-criteria.html; raw/ilearn.thu.edu.tw/static/25170.2159310c.js; raw/ilearn.thu.edu.tw/static/44346.7b57b52e.js; raw/ilearn.thu.edu.tw/static/74302.a9e02d94.js; raw/ilearn.thu.edu.tw/static/76756.7b06f21b.js; raw/ilearn.thu.edu.tw/static/77887.e982b363.js; raw/ilearn.thu.edu.tw/static/78723.49249bea.js; raw/ilearn.thu.edu.tw/static/80670-16696de3.js; raw/ilearn.thu.edu.tw/static/82017-1e48dc04.js; raw/ilearn.thu.edu.tw/static/83727.aab0cb48.js,500
/api/course,course,DELETE; OBSERVED_GET; POST; UNKNOWN,12,12,raw/ilearn.thu.edu.tw/api/course.html; raw/ilearn.thu.edu.tw/static/11812.92e9ccfe.js; raw/ilearn.thu.edu.tw/static/15134.740fc306.js; raw/ilearn.thu.edu.tw/static/37336.084b8613.js; raw/ilearn.thu.edu.tw/static/41789.52c6778d.js; raw/ilearn.thu.edu.tw/static/44346.7b57b52e.js; raw/ilearn.thu.edu.tw/static/49294.50a0a8b3.js; raw/ilearn.thu.edu.tw/static/49592.0ad88a29.js; raw/ilearn.thu.edu.tw/static/6240.72c6e2a0.js; raw/ilearn.thu.edu.tw/static/72914-965f4ad4.js,500
/api/course-packages/,course-packages,DELETE; GET; OBSERVED_GET; POST,12,5,raw/ilearn.thu.edu.tw/api/course-packages/index.json; raw/ilearn.thu.edu.tw/static/18012.8701c2e1.js; raw/ilearn.thu.edu.tw/static/44346.7b57b52e.js; raw/ilearn.thu.edu.tw/static/59246.3ab4838a.js; raw/ilearn.thu.edu.tw/static/82017-1e48dc04.js,404
/api/feedback-activities/,feedback-activities,DELETE; GET; OBSERVED_GET; POST,12,6,raw/ilearn.thu.edu.tw/api/feedback-activities/index.json; raw/ilearn.thu.edu.tw/static/28509.a0b2d0f0.js; raw/ilearn.thu.edu.tw/static/37336.084b8613.js; raw/ilearn.thu.edu.tw/static/44346.7b57b52e.js; raw/ilearn.thu.edu.tw/static/76445.efefe93a.js; raw/ilearn.thu.edu.tw/static/83727.aab0cb48.js,404
"/api/my-academic-years?fields=id,name,sort,is_active",my-academic-years,GET; OBSERVED_GET,12,12,raw/ilearn.thu.edu.tw/api/my-academic-years__q_d63a01cb0b.json; raw/ilearn.thu.edu.tw/static/19832.b33b43a5.js; raw/ilearn.thu.edu.tw/static/28605.fa92e51e.js; raw/ilearn.thu.edu.tw/static/63256.3e10694e.js; raw/ilearn.thu.edu.tw/static/64911.f8406418.js; raw/ilearn.thu.edu.tw/static/68805.a47db79c.js; raw/ilearn.thu.edu.tw/static/7693.6ddfbed1.js; raw/ilearn.thu.edu.tw/static/86422.36d3f50f.js; raw/ilearn.thu.edu.tw/static/90179.4a3256c6.js; raw/ilearn.thu.edu.tw/static/91320.6f83888e.js,200
/api/my-semesters,my-semesters,GET; OBSERVED_GET; UNKNOWN,12,12,raw/ilearn.thu.edu.tw/api/my-semesters.json; raw/ilearn.thu.edu.tw/static/15134.740fc306.js; raw/ilearn.thu.edu.tw/static/20307-0fd301f4.js; raw/ilearn.thu.edu.tw/static/37336.084b8613.js; raw/ilearn.thu.edu.tw/static/41789.52c6778d.js; raw/ilearn.thu.edu.tw/static/42585.3fa356ed.js; raw/ilearn.thu.edu.tw/static/44346.7b57b52e.js; raw/ilearn.thu.edu.tw/static/49294.50a0a8b3.js; raw/ilearn.thu.edu.tw/static/64911.f8406418.js; raw/ilearn.thu.edu.tw/static/82017-1e48dc04.js,200
/api/subjects/,subjects,DELETE; GET; OBSERVED_GET; POST; PUT; UNKNOWN,12,9,raw/ilearn.thu.edu.tw/api/subjects/index.json; raw/ilearn.thu.edu.tw/static/31110.2a0173f2.js; raw/ilearn.thu.edu.tw/static/32436.9894d604.js; raw/ilearn.thu.edu.tw/static/34691.515731f8.js; raw/ilearn.thu.edu.tw/static/37192.d0839c93.js; raw/ilearn.thu.edu.tw/static/50559.79503daf.js; raw/ilearn.thu.edu.tw/static/52507.583e35f3.js; raw/ilearn.thu.edu.tw/static/76445.efefe93a.js; raw/ilearn.thu.edu.tw/static/82017-1e48dc04.js,404
/api/uploads,uploads,GET; POST,12,11,raw/ilearn.thu.edu.tw/static/18283.f40cd1f6.js; raw/ilearn.thu.edu.tw/static/34908-683cb506.js; raw/ilearn.thu.edu.tw/static/37336.084b8613.js; raw/ilearn.thu.edu.tw/static/50446.4b9b0bcc.js; raw/ilearn.thu.edu.tw/static/56488.5dafa7c7.js; raw/ilearn.thu.edu.tw/static/56834-67be8618.js; raw/ilearn.thu.edu.tw/static/70619-686c4819.js; raw/ilearn.thu.edu.tw/static/72914-965f4ad4.js; raw/ilearn.thu.edu.tw/static/88788.161d6b6a.js; raw/ilearn.thu.edu.tw/static/94795.2ff75664.js,
/api/uploads/marked_attachment/,uploads,DELETE,12,12,raw/ilearn.thu.edu.tw/static/31110.2a0173f2.js; raw/ilearn.thu.edu.tw/static/32436.9894d604.js; raw/ilearn.thu.edu.tw/static/37192.d0839c93.js; raw/ilearn.thu.edu.tw/static/44346.7b57b52e.js; raw/ilearn.thu.edu.tw/static/52507.583e35f3.js; raw/ilearn.thu.edu.tw/static/56488.5dafa7c7.js; raw/ilearn.thu.edu.tw/static/74302.a9e02d94.js; raw/ilearn.thu.edu.tw/static/76756.7b06f21b.js; raw/ilearn.thu.edu.tw/static/77887.e982b363.js; raw/ilearn.thu.edu.tw/static/80670-16696de3.js,
/api/vtrses/share-resources,vtrses,GET; OBSERVED_GET,12,12,raw/ilearn.thu.edu.tw/api/vtrses/share-resources.json; raw/ilearn.thu.edu.tw/static/19832.b33b43a5.js; raw/ilearn.thu.edu.tw/static/28605.fa92e51e.js; raw/ilearn.thu.edu.tw/static/56748-43cfa952.js; raw/ilearn.thu.edu.tw/static/63256.3e10694e.js; raw/ilearn.thu.edu.tw/static/68805.a47db79c.js; raw/ilearn.thu.edu.tw/static/7693.6ddfbed1.js; raw/ilearn.thu.edu.tw/static/78946.84d34ae9.js; raw/ilearn.thu.edu.tw/static/86422.36d3f50f.js; raw/ilearn.thu.edu.tw/static/91320.6f83888e.js,200
/api/air-credit/audits/,air-credit,OBSERVED_GET; POST; PUT,11,6,raw/ilearn.thu.edu.tw/api/air-credit/audits/index.json; raw/ilearn.thu.edu.tw/static/28492.65731154.js; raw/ilearn.thu.edu.tw/static/37336.084b8613.js; raw/ilearn.thu.edu.tw/static/58273.e82db5f8.js; raw/ilearn.thu.edu.tw/static/78310.c45679af.js; raw/ilearn.thu.edu.tw/static/88788.161d6b6a.js,404
/api/air-credit/credits,air-credit,OBSERVED_GET; POST; PUT,11,6,raw/ilearn.thu.edu.tw/api/air-credit/credits.html; raw/ilearn.thu.edu.tw/static/28492.65731154.js; raw/ilearn.thu.edu.tw/static/37336.084b8613.js; raw/ilearn.thu.edu.tw/static/58273.e82db5f8.js; raw/ilearn.thu.edu.tw/static/78310.c45679af.js; raw/ilearn.thu.edu.tw/static/88788.161d6b6a.js,500
/api/classroom/,classroom,GET; OBSERVED_GET; POST,11,9,raw/ilearn.thu.edu.tw/api/classroom/index.html; raw/ilearn.thu.edu.tw/static/28509.a0b2d0f0.js; raw/ilearn.thu.edu.tw/static/34691.515731f8.js; raw/ilearn.thu.edu.tw/static/37336.084b8613.js; raw/ilearn.thu.edu.tw/static/44346.7b57b52e.js; raw/ilearn.thu.edu.tw/static/72088.556a45f3.js; raw/ilearn.thu.edu.tw/static/76445.efefe93a.js; raw/ilearn.thu.edu.tw/static/83727.aab0cb48.js; raw/ilearn.thu.edu.tw/static/88788.161d6b6a.js,500
/api/courses?page=,courses,OBSERVED_GET; POST,11,11,raw/ilearn.thu.edu.tw/api/courses__q_ee1eaef797.json; raw/ilearn.thu.edu.tw/static/11812.92e9ccfe.js; raw/ilearn.thu.edu.tw/static/28492.65731154.js; raw/ilearn.thu.edu.tw/static/37336.084b8613.js; raw/ilearn.thu.edu.tw/static/41568.0adf30d4.js; raw/ilearn.thu.edu.tw/static/58273.e82db5f8.js; raw/ilearn.thu.edu.tw/static/72914-965f4ad4.js; raw/ilearn.thu.edu.tw/static/73644.1ab1287a.js; raw/ilearn.thu.edu.tw/static/78310.c45679af.js; raw/ilearn.thu.edu.tw/static/88788.161d6b6a.js,403
/api/live-records/,live-records,GET; OBSERVED_GET; POST,11,6,raw/ilearn.thu.edu.tw/api/live-records/index.json; raw/ilearn.thu.edu.tw/static/25170.2159310c.js; raw/ilearn.thu.edu.tw/static/78723.49249bea.js; raw/ilearn.thu.edu.tw/static/83727.aab0cb48.js; raw/ilearn.thu.edu.tw/static/8979.df45e854.js; raw/ilearn.thu.edu.tw/static/98133-ef5ebb8f.js,404
/api/org-bulletin/bulletins,org-bulletin,DELETE; GET; OBSERVED_GET,11,6,raw/ilearn.thu.edu.tw/api/org-bulletin/bulletins.html; raw/ilearn.thu.edu.tw/static/36105.3af57479.js; raw/ilearn.thu.edu.tw/static/37336.084b8613.js; raw/ilearn.thu.edu.tw/static/41789.52c6778d.js; raw/ilearn.thu.edu.tw/static/43823-bfba4179.js; raw/ilearn.thu.edu.tw/static/77503-ccf74164.js,500
/api/org-bulletin/bulletins/,org-bulletin,DELETE; OBSERVED_GET; POST,11,6,raw/ilearn.thu.edu.tw/api/org-bulletin/bulletins/index.json; raw/ilearn.thu.edu.tw/static/36105.3af57479.js; raw/ilearn.thu.edu.tw/static/37336.084b8613.js; raw/ilearn.thu.edu.tw/static/41789.52c6778d.js; raw/ilearn.thu.edu.tw/static/43823-bfba4179.js; raw/ilearn.thu.edu.tw/static/77503-ccf74164.js,404
/api/program/course-programs?department_ids=,program,GET; OBSERVED_GET; UNKNOWN,11,11,raw/ilearn.thu.edu.tw/api/program/course-programs__q_2abd7bff26.json; raw/ilearn.thu.edu.tw/static/19832.b33b43a5.js; raw/ilearn.thu.edu.tw/static/28605.fa92e51e.js; raw/ilearn.thu.edu.tw/static/49592.0ad88a29.js; raw/ilearn.thu.edu.tw/static/63256.3e10694e.js; raw/ilearn.thu.edu.tw/static/68805.a47db79c.js; raw/ilearn.thu.edu.tw/static/7693.6ddfbed1.js; raw/ilearn.thu.edu.tw/static/86422.36d3f50f.js; raw/ilearn.thu.edu.tw/static/91320.6f83888e.js; raw/ilearn.thu.edu.tw/static/91962-91463afb.js,200
/api/rubrics/,rubrics,DELETE; OBSERVED_GET; PUT,11,7,raw/ilearn.thu.edu.tw/api/rubrics/index.json; raw/ilearn.thu.edu.tw/static/26645.3ac5e040.js; raw/ilearn.thu.edu.tw/static/34423.a5cefcd5.js; raw/ilearn.thu.edu.tw/static/55200.e380810d.js; raw/ilearn.thu.edu.tw/static/63756-b6ed5817.js; raw/ilearn.thu.edu.tw/static/67133.08e1a687.js; raw/ilearn.thu.edu.tw/static/82017-1e48dc04.js,404
/api/uploads/batch/blob,uploads,POST,11,11,raw/ilearn.thu.edu.tw/static/26703.244911cf.js; raw/ilearn.thu.edu.tw/static/28605.fa92e51e.js; raw/ilearn.thu.edu.tw/static/36105.3af57479.js; raw/ilearn.thu.edu.tw/static/44346.7b57b52e.js; raw/ilearn.thu.edu.tw/static/63256.3e10694e.js; raw/ilearn.thu.edu.tw/static/66297.9aa2f6d5.js; raw/ilearn.thu.edu.tw/static/72088.556a45f3.js; raw/ilearn.thu.edu.tw/static/78723.49249bea.js; raw/ilearn.thu.edu.tw/static/8979.df45e854.js; raw/ilearn.thu.edu.tw/static/91962-91463afb.js,
/api/authz/roles,authz,GET; OBSERVED_GET; POST,10,10,raw/ilearn.thu.edu.tw/api/authz/roles.json; raw/ilearn.thu.edu.tw/static/19619.6081b084.js; raw/ilearn.thu.edu.tw/static/28492.65731154.js; raw/ilearn.thu.edu.tw/static/34671.c9d36f7b.js; raw/ilearn.thu.edu.tw/static/37336.084b8613.js; raw/ilearn.thu.edu.tw/static/58273.e82db5f8.js; raw/ilearn.thu.edu.tw/static/6696.3bfff1df.js; raw/ilearn.thu.edu.tw/static/78310.c45679af.js; raw/ilearn.thu.edu.tw/static/88788.161d6b6a.js; raw/ilearn.thu.edu.tw/static/93392.97d11656.js,403
/api/bulletins/,bulletins,OBSERVED_GET; POST,10,10,raw/ilearn.thu.edu.tw/api/bulletins/index.json; raw/ilearn.thu.edu.tw/static/19832.b33b43a5.js; raw/ilearn.thu.edu.tw/static/28605.fa92e51e.js; raw/ilearn.thu.edu.tw/static/63256.3e10694e.js; raw/ilearn.thu.edu.tw/static/68805.a47db79c.js; raw/ilearn.thu.edu.tw/static/7693.6ddfbed1.js; raw/ilearn.thu.edu.tw/static/86422.36d3f50f.js; raw/ilearn.thu.edu.tw/static/91320.6f83888e.js; raw/ilearn.thu.edu.tw/static/91962-91463afb.js; raw/ilearn.thu.edu.tw/static/99006.38242dc9.js,404
/api/classes,classes,GET; OBSERVED_GET,10,10,raw/ilearn.thu.edu.tw/api/classes.json; raw/ilearn.thu.edu.tw/static/19832.b33b43a5.js; raw/ilearn.thu.edu.tw/static/28605.fa92e51e.js; raw/ilearn.thu.edu.tw/static/63256.3e10694e.js; raw/ilearn.thu.edu.tw/static/68805.a47db79c.js; raw/ilearn.thu.edu.tw/static/7693.6ddfbed1.js; raw/ilearn.thu.edu.tw/static/86422.36d3f50f.js; raw/ilearn.thu.edu.tw/static/91320.6f83888e.js; raw/ilearn.thu.edu.tw/static/91962-91463afb.js; raw/ilearn.thu.edu.tw/static/99006.38242dc9.js,200
/api/classes?org_id=,classes,OBSERVED_GET; UNKNOWN,10,10,raw/ilearn.thu.edu.tw/api/classes__q_7eb221d14c.json; raw/ilearn.thu.edu.tw/static/19832.b33b43a5.js; raw/ilearn.thu.edu.tw/static/28605.fa92e51e.js; raw/ilearn.thu.edu.tw/static/63256.3e10694e.js; raw/ilearn.thu.edu.tw/static/68805.a47db79c.js; raw/ilearn.thu.edu.tw/static/7693.6ddfbed1.js; raw/ilearn.thu.edu.tw/static/86422.36d3f50f.js; raw/ilearn.thu.edu.tw/static/91320.6f83888e.js; raw/ilearn.thu.edu.tw/static/91962-91463afb.js; raw/ilearn.thu.edu.tw/static/99006.38242dc9.js,200
/api/copy-third-part-resources,copy-third-part-resources,OBSERVED_GET; POST,10,10,raw/ilearn.thu.edu.tw/api/copy-third-part-resources.html; raw/ilearn.thu.edu.tw/static/19832.b33b43a5.js; raw/ilearn.thu.edu.tw/static/28605.fa92e51e.js; raw/ilearn.thu.edu.tw/static/63256.3e10694e.js; raw/ilearn.thu.edu.tw/static/68805.a47db79c.js; raw/ilearn.thu.edu.tw/static/7693.6ddfbed1.js; raw/ilearn.thu.edu.tw/static/86422.36d3f50f.js; raw/ilearn.thu.edu.tw/static/91320.6f83888e.js; raw/ilearn.thu.edu.tw/static/91962-91463afb.js; raw/ilearn.thu.edu.tw/static/99006.38242dc9.js,500
/api/course-classifications,course-classifications,OBSERVED_GET; POST,10,10,raw/ilearn.thu.edu.tw/api/course-classifications.json; raw/ilearn.thu.edu.tw/static/19832.b33b43a5.js; raw/ilearn.thu.edu.tw/static/28605.fa92e51e.js; raw/ilearn.thu.edu.tw/static/63256.3e10694e.js; raw/ilearn.thu.edu.tw/static/68805.a47db79c.js; raw/ilearn.thu.edu.tw/static/7693.6ddfbed1.js; raw/ilearn.thu.edu.tw/static/86422.36d3f50f.js; raw/ilearn.thu.edu.tw/static/91320.6f83888e.js; raw/ilearn.thu.edu.tw/static/91962-91463afb.js; raw/ilearn.thu.edu.tw/static/99006.38242dc9.js,200
/api/courses/interactions/,courses,OBSERVED_GET; POST; PUT,10,9,raw/ilearn.thu.edu.tw/api/courses/interactions/index.json; raw/ilearn.thu.edu.tw/static/26703.244911cf.js; raw/ilearn.thu.edu.tw/static/37336.084b8613.js; raw/ilearn.thu.edu.tw/static/41986.fbf3188d.js; raw/ilearn.thu.edu.tw/static/44346.7b57b52e.js; raw/ilearn.thu.edu.tw/static/54964-7faa4ec3.js; raw/ilearn.thu.edu.tw/static/83727.aab0cb48.js; raw/ilearn.thu.edu.tw/static/88788.161d6b6a.js; raw/ilearn.thu.edu.tw/static/88951.3d50816c.js,404
/api/curriculum-conditions/,curriculum-conditions,DELETE; GET; OBSERVED_GET; PATCH,10,4,raw/ilearn.thu.edu.tw/api/curriculum-conditions/index.json; raw/ilearn.thu.edu.tw/static/14928.ccbfea64.js; raw/ilearn.thu.edu.tw/static/24262.bfbc60d3.js; raw/ilearn.thu.edu.tw/static/24712-18317acc.js,404
/api/curriculums/,curriculums,DELETE; OBSERVED_GET; PATCH; POST,10,4,raw/ilearn.thu.edu.tw/api/curriculums/index.json; raw/ilearn.thu.edu.tw/static/14928.ccbfea64.js; raw/ilearn.thu.edu.tw/static/24262.bfbc60d3.js; raw/ilearn.thu.edu.tw/static/24712-18317acc.js,404
/api/data-import/course-groups,data-import,OBSERVED_GET; POST,10,10,raw/ilearn.thu.edu.tw/api/data-import/course-groups.html; raw/ilearn.thu.edu.tw/static/19832.b33b43a5.js; raw/ilearn.thu.edu.tw/static/28605.fa92e51e.js; raw/ilearn.thu.edu.tw/static/63256.3e10694e.js; raw/ilearn.thu.edu.tw/static/68805.a47db79c.js; raw/ilearn.thu.edu.tw/static/7693.6ddfbed1.js; raw/ilearn.thu.edu.tw/static/86422.36d3f50f.js; raw/ilearn.thu.edu.tw/static/91320.6f83888e.js; raw/ilearn.thu.edu.tw/static/91962-91463afb.js; raw/ilearn.thu.edu.tw/static/99006.38242dc9.js,500
/api/data-import/course/,data-import,OBSERVED_GET; POST,10,10,raw/ilearn.thu.edu.tw/api/data-import/course/index.json; raw/ilearn.thu.edu.tw/static/19832.b33b43a5.js; raw/ilearn.thu.edu.tw/static/28605.fa92e51e.js; raw/ilearn.thu.edu.tw/static/63256.3e10694e.js; raw/ilearn.thu.edu.tw/static/68805.a47db79c.js; raw/ilearn.thu.edu.tw/static/7693.6ddfbed1.js; raw/ilearn.thu.edu.tw/static/86422.36d3f50f.js; raw/ilearn.thu.edu.tw/static/91320.6f83888e.js; raw/ilearn.thu.edu.tw/static/91962-91463afb.js; raw/ilearn.thu.edu.tw/static/99006.38242dc9.js,404
/api/data-import/item_scores/,data-import,OBSERVED_GET; POST,10,10,raw/ilearn.thu.edu.tw/api/data-import/item_scores/index.json; raw/ilearn.thu.edu.tw/static/19832.b33b43a5.js; raw/ilearn.thu.edu.tw/static/28605.fa92e51e.js; raw/ilearn.thu.edu.tw/static/63256.3e10694e.js; raw/ilearn.thu.edu.tw/static/68805.a47db79c.js; raw/ilearn.thu.edu.tw/static/7693.6ddfbed1.js; raw/ilearn.thu.edu.tw/static/86422.36d3f50f.js; raw/ilearn.thu.edu.tw/static/91320.6f83888e.js; raw/ilearn.thu.edu.tw/static/91962-91463afb.js; raw/ilearn.thu.edu.tw/static/99006.38242dc9.js,404
/api/data-import/scores/,data-import,OBSERVED_GET; POST,10,10,raw/ilearn.thu.edu.tw/api/data-import/scores/index.json; raw/ilearn.thu.edu.tw/static/19832.b33b43a5.js; raw/ilearn.thu.edu.tw/static/28605.fa92e51e.js; raw/ilearn.thu.edu.tw/static/63256.3e10694e.js; raw/ilearn.thu.edu.tw/static/68805.a47db79c.js; raw/ilearn.thu.edu.tw/static/7693.6ddfbed1.js; raw/ilearn.thu.edu.tw/static/86422.36d3f50f.js; raw/ilearn.thu.edu.tw/static/91320.6f83888e.js; raw/ilearn.thu.edu.tw/static/91962-91463afb.js; raw/ilearn.thu.edu.tw/static/99006.38242dc9.js,404
/api/data-import/seat-number/,data-import,OBSERVED_GET; POST,10,10,raw/ilearn.thu.edu.tw/api/data-import/seat-number/index.json; raw/ilearn.thu.edu.tw/static/19832.b33b43a5.js; raw/ilearn.thu.edu.tw/static/28605.fa92e51e.js; raw/ilearn.thu.edu.tw/static/63256.3e10694e.js; raw/ilearn.thu.edu.tw/static/68805.a47db79c.js; raw/ilearn.thu.edu.tw/static/7693.6ddfbed1.js; raw/ilearn.thu.edu.tw/static/86422.36d3f50f.js; raw/ilearn.thu.edu.tw/static/91320.6f83888e.js; raw/ilearn.thu.edu.tw/static/91962-91463afb.js; raw/ilearn.thu.edu.tw/static/99006.38242dc9.js,404
/api/homeworks/,homeworks,DELETE; GET; OBSERVED_GET; PATCH; POST; UNKNOWN,10,7,raw/ilearn.thu.edu.tw/api/homeworks/index.json; raw/ilearn.thu.edu.tw/static/26645.3ac5e040.js; raw/ilearn.thu.edu.tw/static/42585.3fa356ed.js; raw/ilearn.thu.edu.tw/static/55200.e380810d.js; raw/ilearn.thu.edu.tw/static/74613.79d89a15.js; raw/ilearn.thu.edu.tw/static/82017-1e48dc04.js; raw/ilearn.thu.edu.tw/static/88788.161d6b6a.js,404
/api/lark/files,lark,GET; OBSERVED_GET,10,10,raw/ilearn.thu.edu.tw/api/lark/files.json; raw/ilearn.thu.edu.tw/static/19832.b33b43a5.js; raw/ilearn.thu.edu.tw/static/28605.fa92e51e.js; raw/ilearn.thu.edu.tw/static/63256.3e10694e.js; raw/ilearn.thu.edu.tw/static/68805.a47db79c.js; raw/ilearn.thu.edu.tw/static/7693.6ddfbed1.js; raw/ilearn.thu.edu.tw/static/86422.36d3f50f.js; raw/ilearn.thu.edu.tw/static/91320.6f83888e.js; raw/ilearn.thu.edu.tw/static/91962-91463afb.js; raw/ilearn.thu.edu.tw/static/99006.38242dc9.js,404
/api/lesson-resources/shared-stat,lesson-resources,GET; OBSERVED_GET,10,10,raw/ilearn.thu.edu.tw/api/lesson-resources/shared-stat.json; raw/ilearn.thu.edu.tw/static/19832.b33b43a5.js; raw/ilearn.thu.edu.tw/static/28605.fa92e51e.js; raw/ilearn.thu.edu.tw/static/63256.3e10694e.js; raw/ilearn.thu.edu.tw/static/68805.a47db79c.js; raw/ilearn.thu.edu.tw/static/7693.6ddfbed1.js; raw/ilearn.thu.edu.tw/static/86422.36d3f50f.js; raw/ilearn.thu.edu.tw/static/91320.6f83888e.js; raw/ilearn.thu.edu.tw/static/91962-91463afb.js; raw/ilearn.thu.edu.tw/static/99006.38242dc9.js,403
"/api/my-curriculum-academic-years?fields=id,name,sort,is_active",my-curriculum-academic-years,GET; OBSERVED_GET,10,10,raw/ilearn.thu.edu.tw/api/my-curriculum-academic-years__q_d63a01cb0b.json; raw/ilearn.thu.edu.tw/static/19832.b33b43a5.js; raw/ilearn.thu.edu.tw/static/28605.fa92e51e.js; raw/ilearn.thu.edu.tw/static/63256.3e10694e.js; raw/ilearn.thu.edu.tw/static/68805.a47db79c.js; raw/ilearn.thu.edu.tw/static/7693.6ddfbed1.js; raw/ilearn.thu.edu.tw/static/86422.36d3f50f.js; raw/ilearn.thu.edu.tw/static/91320.6f83888e.js; raw/ilearn.thu.edu.tw/static/91962-91463afb.js; raw/ilearn.thu.edu.tw/static/99006.38242dc9.js,404
/api/obe/existed-metrics?params=,obe,GET; OBSERVED_GET,10,10,raw/ilearn.thu.edu.tw/api/obe/existed-metrics__q_1647af518b.json; raw/ilearn.thu.edu.tw/static/19832.b33b43a5.js; raw/ilearn.thu.edu.tw/static/28605.fa92e51e.js; raw/ilearn.thu.edu.tw/static/63256.3e10694e.js; raw/ilearn.thu.edu.tw/static/68805.a47db79c.js; raw/ilearn.thu.edu.tw/static/7693.6ddfbed1.js; raw/ilearn.thu.edu.tw/static/86422.36d3f50f.js; raw/ilearn.thu.edu.tw/static/91320.6f83888e.js; raw/ilearn.thu.edu.tw/static/91962-91463afb.js; raw/ilearn.thu.edu.tw/static/99006.38242dc9.js,400
/api/program/user-programs?fields=,program,OBSERVED_GET; UNKNOWN,10,10,raw/ilearn.thu.edu.tw/api/program/user-programs__q_b2d7469233.json; raw/ilearn.thu.edu.tw/static/19832.b33b43a5.js; raw/ilearn.thu.edu.tw/static/28605.fa92e51e.js; raw/ilearn.thu.edu.tw/static/63256.3e10694e.js; raw/ilearn.thu.edu.tw/static/68805.a47db79c.js; raw/ilearn.thu.edu.tw/static/7693.6ddfbed1.js; raw/ilearn.thu.edu.tw/static/86422.36d3f50f.js; raw/ilearn.thu.edu.tw/static/91320.6f83888e.js; raw/ilearn.thu.edu.tw/static/91962-91463afb.js; raw/ilearn.thu.edu.tw/static/99006.38242dc9.js,200
/api/shared-resource/classifications,shared-resource,OBSERVED_GET; POST,10,10,raw/ilearn.thu.edu.tw/api/shared-resource/classifications.json; raw/ilearn.thu.edu.tw/static/19832.b33b43a5.js; raw/ilearn.thu.edu.tw/static/28605.fa92e51e.js; raw/ilearn.thu.edu.tw/static/63256.3e10694e.js; raw/ilearn.thu.edu.tw/static/68805.a47db79c.js; raw/ilearn.thu.edu.tw/static/7693.6ddfbed1.js; raw/ilearn.thu.edu.tw/static/86422.36d3f50f.js; raw/ilearn.thu.edu.tw/static/91320.6f83888e.js; raw/ilearn.thu.edu.tw/static/91962-91463afb.js; raw/ilearn.thu.edu.tw/static/99006.38242dc9.js,200
/api/slides?keyword=,slides,DELETE; OBSERVED_GET,10,10,raw/ilearn.thu.edu.tw/api/slides__q_634b7b9d78.json; raw/ilearn.thu.edu.tw/static/19832.b33b43a5.js; raw/ilearn.thu.edu.tw/static/28605.fa92e51e.js; raw/ilearn.thu.edu.tw/static/63256.3e10694e.js; raw/ilearn.thu.edu.tw/static/68805.a47db79c.js; raw/ilearn.thu.edu.tw/static/7693.6ddfbed1.js; raw/ilearn.thu.edu.tw/static/86422.36d3f50f.js; raw/ilearn.thu.edu.tw/static/91320.6f83888e.js; raw/ilearn.thu.edu.tw/static/91962-91463afb.js; raw/ilearn.thu.edu.tw/static/99006.38242dc9.js,200
/api/top-departments?fields=,top-departments,OBSERVED_GET; POST,10,10,raw/ilearn.thu.edu.tw/api/top-departments__q_b2d7469233.json; raw/ilearn.thu.edu.tw/static/19832.b33b43a5.js; raw/ilearn.thu.edu.tw/static/28605.fa92e51e.js; raw/ilearn.thu.edu.tw/static/63256.3e10694e.js; raw/ilearn.thu.edu.tw/static/68805.a47db79c.js; raw/ilearn.thu.edu.tw/static/7693.6ddfbed1.js; raw/ilearn.thu.edu.tw/static/86422.36d3f50f.js; raw/ilearn.thu.edu.tw/static/91320.6f83888e.js; raw/ilearn.thu.edu.tw/static/91962-91463afb.js; raw/ilearn.thu.edu.tw/static/99006.38242dc9.js,200
/api/user/academic-learning-resources,user,OBSERVED_GET; POST,10,10,raw/ilearn.thu.edu.tw/api/user/academic-learning-resources.html; raw/ilearn.thu.edu.tw/static/19832.b33b43a5.js; raw/ilearn.thu.edu.tw/static/28605.fa92e51e.js; raw/ilearn.thu.edu.tw/static/63256.3e10694e.js; raw/ilearn.thu.edu.tw/static/68805.a47db79c.js; raw/ilearn.thu.edu.tw/static/7693.6ddfbed1.js; raw/ilearn.thu.edu.tw/static/86422.36d3f50f.js; raw/ilearn.thu.edu.tw/static/91320.6f83888e.js; raw/ilearn.thu.edu.tw/static/91962-91463afb.js; raw/ilearn.thu.edu.tw/static/99006.38242dc9.js,500
/api/user/classes,user,OBSERVED_GET; UNKNOWN,10,10,raw/ilearn.thu.edu.tw/api/user/classes.json; raw/ilearn.thu.edu.tw/static/19832.b33b43a5.js; raw/ilearn.thu.edu.tw/static/28605.fa92e51e.js; raw/ilearn.thu.edu.tw/static/63256.3e10694e.js; raw/ilearn.thu.edu.tw/static/68805.a47db79c.js; raw/ilearn.thu.edu.tw/static/7693.6ddfbed1.js; raw/ilearn.thu.edu.tw/static/86422.36d3f50f.js; raw/ilearn.thu.edu.tw/static/91320.6f83888e.js; raw/ilearn.thu.edu.tw/static/91962-91463afb.js; raw/ilearn.thu.edu.tw/static/99006.38242dc9.js,200
/api/user/other-video-resources,user,OBSERVED_GET; POST,10,10,raw/ilearn.thu.edu.tw/api/user/other-video-resources.html; raw/ilearn.thu.edu.tw/static/19832.b33b43a5.js; raw/ilearn.thu.edu.tw/static/28605.fa92e51e.js; raw/ilearn.thu.edu.tw/static/63256.3e10694e.js; raw/ilearn.thu.edu.tw/static/68805.a47db79c.js; raw/ilearn.thu.edu.tw/static/7693.6ddfbed1.js; raw/ilearn.thu.edu.tw/static/86422.36d3f50f.js; raw/ilearn.thu.edu.tw/static/91320.6f83888e.js; raw/ilearn.thu.edu.tw/static/91962-91463afb.js; raw/ilearn.thu.edu.tw/static/99006.38242dc9.js,500
/api/user/resources,user,GET; OBSERVED_GET,10,10,raw/ilearn.thu.edu.tw/api/user/resources.json; raw/ilearn.thu.edu.tw/static/19832.b33b43a5.js; raw/ilearn.thu.edu.tw/static/28605.fa92e51e.js; raw/ilearn.thu.edu.tw/static/63256.3e10694e.js; raw/ilearn.thu.edu.tw/static/68805.a47db79c.js; raw/ilearn.thu.edu.tw/static/7693.6ddfbed1.js; raw/ilearn.thu.edu.tw/static/86422.36d3f50f.js; raw/ilearn.thu.edu.tw/static/91320.6f83888e.js; raw/ilearn.thu.edu.tw/static/91962-91463afb.js; raw/ilearn.thu.edu.tw/static/99006.38242dc9.js,200
/api/user/third-part-resources,user,GET; OBSERVED_GET,10,10,raw/ilearn.thu.edu.tw/api/user/third-part-resources.html; raw/ilearn.thu.edu.tw/static/19832.b33b43a5.js; raw/ilearn.thu.edu.tw/static/28605.fa92e51e.js; raw/ilearn.thu.edu.tw/static/63256.3e10694e.js; raw/ilearn.thu.edu.tw/static/68805.a47db79c.js; raw/ilearn.thu.edu.tw/static/7693.6ddfbed1.js; raw/ilearn.thu.edu.tw/static/86422.36d3f50f.js; raw/ilearn.thu.edu.tw/static/91320.6f83888e.js; raw/ilearn.thu.edu.tw/static/91962-91463afb.js; raw/ilearn.thu.edu.tw/static/99006.38242dc9.js,500
/api/user?type=all&response_key=,user,OBSERVED_GET; POST,10,10,raw/ilearn.thu.edu.tw/api/user__q_f23c2273ea.json; raw/ilearn.thu.edu.tw/static/19832.b33b43a5.js; raw/ilearn.thu.edu.tw/static/28605.fa92e51e.js; raw/ilearn.thu.edu.tw/static/63256.3e10694e.js; raw/ilearn.thu.edu.tw/static/68805.a47db79c.js; raw/ilearn.thu.edu.tw/static/7693.6ddfbed1.js; raw/ilearn.thu.edu.tw/static/86422.36d3f50f.js; raw/ilearn.thu.edu.tw/static/91320.6f83888e.js; raw/ilearn.thu.edu.tw/static/91962-91463afb.js; raw/ilearn.thu.edu.tw/static/99006.38242dc9.js,403
/api/user?type=instructor,user,GET; OBSERVED_GET,10,10,raw/ilearn.thu.edu.tw/api/user__q_562fb3401e.json; raw/ilearn.thu.edu.tw/static/19832.b33b43a5.js; raw/ilearn.thu.edu.tw/static/28605.fa92e51e.js; raw/ilearn.thu.edu.tw/static/63256.3e10694e.js; raw/ilearn.thu.edu.tw/static/68805.a47db79c.js; raw/ilearn.thu.edu.tw/static/7693.6ddfbed1.js; raw/ilearn.thu.edu.tw/static/86422.36d3f50f.js; raw/ilearn.thu.edu.tw/static/91320.6f83888e.js; raw/ilearn.thu.edu.tw/static/91962-91463afb.js; raw/ilearn.thu.edu.tw/static/99006.38242dc9.js,403
/api/warning/student/,warning,DELETE; OBSERVED_GET,10,10,raw/ilearn.thu.edu.tw/api/warning/student/index.json; raw/ilearn.thu.edu.tw/static/19832.b33b43a5.js; raw/ilearn.thu.edu.tw/static/28605.fa92e51e.js; raw/ilearn.thu.edu.tw/static/63256.3e10694e.js; raw/ilearn.thu.edu.tw/static/68805.a47db79c.js; raw/ilearn.thu.edu.tw/static/7693.6ddfbed1.js; raw/ilearn.thu.edu.tw/static/86422.36d3f50f.js; raw/ilearn.thu.edu.tw/static/91320.6f83888e.js; raw/ilearn.thu.edu.tw/static/91962-91463afb.js; raw/ilearn.thu.edu.tw/static/99006.38242dc9.js,404
/api/chinamcloud/upload,chinamcloud,POST,9,9,raw/ilearn.thu.edu.tw/static/19832.b33b43a5.js; raw/ilearn.thu.edu.tw/static/28605.fa92e51e.js; raw/ilearn.thu.edu.tw/static/63256.3e10694e.js; raw/ilearn.thu.edu.tw/static/68805.a47db79c.js; raw/ilearn.thu.edu.tw/static/7693.6ddfbed1.js; raw/ilearn.thu.edu.tw/static/86422.36d3f50f.js; raw/ilearn.thu.edu.tw/static/91320.6f83888e.js; raw/ilearn.thu.edu.tw/static/91962-91463afb.js; raw/ilearn.thu.edu.tw/static/99006.38242dc9.js,
/api/correction-books/,correction-books,DELETE; GET; OBSERVED_GET; POST; PUT,9,5,raw/ilearn.thu.edu.tw/api/correction-books/index.json; raw/ilearn.thu.edu.tw/static/43586.d1d9af5d.js; raw/ilearn.thu.edu.tw/static/49360.56d01019.js; raw/ilearn.thu.edu.tw/static/72203.0823b722.js; raw/ilearn.thu.edu.tw/static/74447.a214c8b5.js,404
/api/grades,grades,GET,9,9,raw/ilearn.thu.edu.tw/static/19832.b33b43a5.js; raw/ilearn.thu.edu.tw/static/28605.fa92e51e.js; raw/ilearn.thu.edu.tw/static/63256.3e10694e.js; raw/ilearn.thu.edu.tw/static/68805.a47db79c.js; raw/ilearn.thu.edu.tw/static/7693.6ddfbed1.js; raw/ilearn.thu.edu.tw/static/86422.36d3f50f.js; raw/ilearn.thu.edu.tw/static/91320.6f83888e.js; raw/ilearn.thu.edu.tw/static/91962-91463afb.js; raw/ilearn.thu.edu.tw/static/99006.38242dc9.js,
/api/grades?org_id=,grades,UNKNOWN,9,9,raw/ilearn.thu.edu.tw/static/19832.b33b43a5.js; raw/ilearn.thu.edu.tw/static/28605.fa92e51e.js; raw/ilearn.thu.edu.tw/static/63256.3e10694e.js; raw/ilearn.thu.edu.tw/static/68805.a47db79c.js; raw/ilearn.thu.edu.tw/static/7693.6ddfbed1.js; raw/ilearn.thu.edu.tw/static/86422.36d3f50f.js; raw/ilearn.thu.edu.tw/static/91320.6f83888e.js; raw/ilearn.thu.edu.tw/static/91962-91463afb.js; raw/ilearn.thu.edu.tw/static/99006.38242dc9.js,
/api/knowledge-node/,knowledge-node,DELETE; GET; OBSERVED_GET; POST; PUT,9,3,raw/ilearn.thu.edu.tw/api/knowledge-node/index.json; raw/ilearn.thu.edu.tw/static/16941-c2ecc958.js; raw/ilearn.thu.edu.tw/static/5636-3297b778.js,404
/api/knowledge-nodes/,knowledge-nodes,GET; OBSERVED_GET; POST; UNKNOWN,9,7,raw/ilearn.thu.edu.tw/api/knowledge-nodes/index.json; raw/ilearn.thu.edu.tw/static/16941-c2ecc958.js; raw/ilearn.thu.edu.tw/static/54964-7faa4ec3.js; raw/ilearn.thu.edu.tw/static/5636-3297b778.js; raw/ilearn.thu.edu.tw/static/56473.a646da96.js; raw/ilearn.thu.edu.tw/static/76756.7b06f21b.js; raw/ilearn.thu.edu.tw/static/7693.6ddfbed1.js,404
/api/modules/,modules,GET; OBSERVED_GET; POST; PUT,9,9,raw/ilearn.thu.edu.tw/api/modules/index.json; raw/ilearn.thu.edu.tw/static/25170.2159310c.js; raw/ilearn.thu.edu.tw/static/28509.a0b2d0f0.js; raw/ilearn.thu.edu.tw/static/41962.bc8e08bd.js; raw/ilearn.thu.edu.tw/static/44346.7b57b52e.js; raw/ilearn.thu.edu.tw/static/78723.49249bea.js; raw/ilearn.thu.edu.tw/static/83727.aab0cb48.js; raw/ilearn.thu.edu.tw/static/8979.df45e854.js; raw/ilearn.thu.edu.tw/static/98133-ef5ebb8f.js,404
/api/my-curriculum-semesters?,my-curriculum-semesters,GET,9,9,raw/ilearn.thu.edu.tw/static/19832.b33b43a5.js; raw/ilearn.thu.edu.tw/static/28605.fa92e51e.js; raw/ilearn.thu.edu.tw/static/63256.3e10694e.js; raw/ilearn.thu.edu.tw/static/68805.a47db79c.js; raw/ilearn.thu.edu.tw/static/7693.6ddfbed1.js; raw/ilearn.thu.edu.tw/static/86422.36d3f50f.js; raw/ilearn.thu.edu.tw/static/91320.6f83888e.js; raw/ilearn.thu.edu.tw/static/91962-91463afb.js; raw/ilearn.thu.edu.tw/static/99006.38242dc9.js,
/api/my-semesters?,my-semesters,GET,9,9,raw/ilearn.thu.edu.tw/static/19832.b33b43a5.js; raw/ilearn.thu.edu.tw/static/28605.fa92e51e.js; raw/ilearn.thu.edu.tw/static/63256.3e10694e.js; raw/ilearn.thu.edu.tw/static/68805.a47db79c.js; raw/ilearn.thu.edu.tw/static/7693.6ddfbed1.js; raw/ilearn.thu.edu.tw/static/86422.36d3f50f.js; raw/ilearn.thu.edu.tw/static/91320.6f83888e.js; raw/ilearn.thu.edu.tw/static/91962-91463afb.js; raw/ilearn.thu.edu.tw/static/99006.38242dc9.js,
/api/rollcall/merged-rollcall,rollcall,POST,9,9,raw/ilearn.thu.edu.tw/static/19832.b33b43a5.js; raw/ilearn.thu.edu.tw/static/28605.fa92e51e.js; raw/ilearn.thu.edu.tw/static/63256.3e10694e.js; raw/ilearn.thu.edu.tw/static/68805.a47db79c.js; raw/ilearn.thu.edu.tw/static/7693.6ddfbed1.js; raw/ilearn.thu.edu.tw/static/86422.36d3f50f.js; raw/ilearn.thu.edu.tw/static/91320.6f83888e.js; raw/ilearn.thu.edu.tw/static/91962-91463afb.js; raw/ilearn.thu.edu.tw/static/99006.38242dc9.js,
/api/rollcall/merged-rollcall/student-rollcalls,rollcall,PUT,9,9,raw/ilearn.thu.edu.tw/static/19832.b33b43a5.js; raw/ilearn.thu.edu.tw/static/28605.fa92e51e.js; raw/ilearn.thu.edu.tw/static/63256.3e10694e.js; raw/ilearn.thu.edu.tw/static/68805.a47db79c.js; raw/ilearn.thu.edu.tw/static/7693.6ddfbed1.js; raw/ilearn.thu.edu.tw/static/86422.36d3f50f.js; raw/ilearn.thu.edu.tw/static/91320.6f83888e.js; raw/ilearn.thu.edu.tw/static/91962-91463afb.js; raw/ilearn.thu.edu.tw/static/99006.38242dc9.js,
/api/video-quizzes/,video-quizzes,DELETE; GET; OBSERVED_GET; POST; PUT,9,6,raw/ilearn.thu.edu.tw/api/video-quizzes/index.json; raw/ilearn.thu.edu.tw/static/13856.6c8c84cd.js; raw/ilearn.thu.edu.tw/static/14615.8c38d7d4.js; raw/ilearn.thu.edu.tw/static/58273.e82db5f8.js; raw/ilearn.thu.edu.tw/static/72914-965f4ad4.js; raw/ilearn.thu.edu.tw/static/94170.7b87e45d.js,404
/api/vtrses/meetings/classifications/,vtrses,DELETE; OBSERVED_GET; PUT,9,5,raw/ilearn.thu.edu.tw/api/vtrses/meetings/classifications/index.json; raw/ilearn.thu.edu.tw/static/23977.ebaa5322.js; raw/ilearn.thu.edu.tw/static/40251.b93d27d4.js; raw/ilearn.thu.edu.tw/static/67853-6eb5a068.js; raw/ilearn.thu.edu.tw/static/78946.84d34ae9.js,404
/api/authz/course-roles/,authz,DELETE; PUT,8,4,raw/ilearn.thu.edu.tw/static/19619.6081b084.js; raw/ilearn.thu.edu.tw/static/34671.c9d36f7b.js; raw/ilearn.thu.edu.tw/static/6696.3bfff1df.js; raw/ilearn.thu.edu.tw/static/93392.97d11656.js,
/api/authz/roles/,authz,DELETE; PUT,8,4,raw/ilearn.thu.edu.tw/static/19619.6081b084.js; raw/ilearn.thu.edu.tw/static/34671.c9d36f7b.js; raw/ilearn.thu.edu.tw/static/6696.3bfff1df.js; raw/ilearn.thu.edu.tw/static/93392.97d11656.js,
/api/calendar-meeting,calendar-meeting,DELETE; OBSERVED_GET; POST,8,8,raw/ilearn.thu.edu.tw/api/calendar-meeting.json; raw/ilearn.thu.edu.tw/static/44346.7b57b52e.js; raw/ilearn.thu.edu.tw/static/72914-965f4ad4.js; raw/ilearn.thu.edu.tw/static/74302.a9e02d94.js; raw/ilearn.thu.edu.tw/static/76756.7b06f21b.js; raw/ilearn.thu.edu.tw/static/77887.e982b363.js; raw/ilearn.thu.edu.tw/static/80670-16696de3.js; raw/ilearn.thu.edu.tw/static/82017-1e48dc04.js,200
/api/combine-courses,combine-courses,OBSERVED_GET; POST,8,8,raw/ilearn.thu.edu.tw/api/combine-courses.json; raw/ilearn.thu.edu.tw/static/15134.740fc306.js; raw/ilearn.thu.edu.tw/static/37336.084b8613.js; raw/ilearn.thu.edu.tw/static/41789.52c6778d.js; raw/ilearn.thu.edu.tw/static/44346.7b57b52e.js; raw/ilearn.thu.edu.tw/static/49294.50a0a8b3.js; raw/ilearn.thu.edu.tw/static/82017-1e48dc04.js; raw/ilearn.thu.edu.tw/static/js/main-portal-cc072a5a.js,404
/api/course/custom-score-items/,course,DELETE; OBSERVED_GET; POST; PUT,8,4,raw/ilearn.thu.edu.tw/api/course/custom-score-items/index.json; raw/ilearn.thu.edu.tw/static/12159.7fb514eb.js; raw/ilearn.thu.edu.tw/static/82017-1e48dc04.js; raw/ilearn.thu.edu.tw/static/js/main-portal-cc072a5a.js,404
/api/courses/danmu/,courses,DELETE; GET; OBSERVED_GET,8,8,raw/ilearn.thu.edu.tw/api/courses/danmu/index.json; raw/ilearn.thu.edu.tw/static/27724.2ef3f54f.js; raw/ilearn.thu.edu.tw/static/37336.084b8613.js; raw/ilearn.thu.edu.tw/static/41986.fbf3188d.js; raw/ilearn.thu.edu.tw/static/44346.7b57b52e.js; raw/ilearn.thu.edu.tw/static/65174.dce3e42d.js; raw/ilearn.thu.edu.tw/static/83727.aab0cb48.js; raw/ilearn.thu.edu.tw/static/88788.161d6b6a.js,404
/api/courses/statistic/resource-audit,courses,GET; OBSERVED_GET,8,8,raw/ilearn.thu.edu.tw/api/courses/statistic/resource-audit.json; raw/ilearn.thu.edu.tw/static/15134.740fc306.js; raw/ilearn.thu.edu.tw/static/37336.084b8613.js; raw/ilearn.thu.edu.tw/static/41789.52c6778d.js; raw/ilearn.thu.edu.tw/static/44346.7b57b52e.js; raw/ilearn.thu.edu.tw/static/49294.50a0a8b3.js; raw/ilearn.thu.edu.tw/static/82017-1e48dc04.js; raw/ilearn.thu.edu.tw/static/js/main-portal-cc072a5a.js,200
/api/courseware-quiz/quiz/,courseware-quiz,DELETE; GET; OBSERVED_GET; POST; UNKNOWN,8,4,raw/ilearn.thu.edu.tw/api/courseware-quiz/quiz/index.json; raw/ilearn.thu.edu.tw/static/51708-096d42d6.js; raw/ilearn.thu.edu.tw/static/65238-c67ee9fb.js; raw/ilearn.thu.edu.tw/static/77503-ccf74164.js,404
/api/data-import/validation,data-import,DELETE; OBSERVED_GET; POST,8,7,raw/ilearn.thu.edu.tw/api/data-import/validation.html; raw/ilearn.thu.edu.tw/static/12159.7fb514eb.js; raw/ilearn.thu.edu.tw/static/18326.bedfc73f.js; raw/ilearn.thu.edu.tw/static/2764-f25f2bd3.js; raw/ilearn.thu.edu.tw/static/76756.7b06f21b.js; raw/ilearn.thu.edu.tw/static/82017-1e48dc04.js; raw/ilearn.thu.edu.tw/static/js/main-portal-cc072a5a.js,500
/api/departments/,departments,GET; OBSERVED_GET; POST,8,8,raw/ilearn.thu.edu.tw/api/departments/index.json; raw/ilearn.thu.edu.tw/static/11812.92e9ccfe.js; raw/ilearn.thu.edu.tw/static/120.e0d9ff72.js; raw/ilearn.thu.edu.tw/static/35918.b5c140f6.js; raw/ilearn.thu.edu.tw/static/40991.c161b769.js; raw/ilearn.thu.edu.tw/static/44404.b4467c25.js; raw/ilearn.thu.edu.tw/static/72914-965f4ad4.js; raw/ilearn.thu.edu.tw/static/92455.9596e32b.js,404
/api/entries,entries,GET; OBSERVED_GET; POST,8,5,raw/ilearn.thu.edu.tw/api/entries.json; raw/ilearn.thu.edu.tw/static/14433.8da36488.js; raw/ilearn.thu.edu.tw/static/2896.c02ef48c.js; raw/ilearn.thu.edu.tw/static/72914-965f4ad4.js; raw/ilearn.thu.edu.tw/static/8751.50229f20.js,200
/api/my-academic-years,my-academic-years,GET; OBSERVED_GET,8,8,raw/ilearn.thu.edu.tw/api/my-academic-years.json; raw/ilearn.thu.edu.tw/static/15134.740fc306.js; raw/ilearn.thu.edu.tw/static/37336.084b8613.js; raw/ilearn.thu.edu.tw/static/41789.52c6778d.js; raw/ilearn.thu.edu.tw/static/44346.7b57b52e.js; raw/ilearn.thu.edu.tw/static/49294.50a0a8b3.js; raw/ilearn.thu.edu.tw/static/82017-1e48dc04.js; raw/ilearn.thu.edu.tw/static/js/main-portal-cc072a5a.js,200
/api/online-videos/,online-videos,DELETE; GET; OBSERVED_GET; POST,8,8,raw/ilearn.thu.edu.tw/api/online-videos/index.json; raw/ilearn.thu.edu.tw/static/13149-ab088423.js; raw/ilearn.thu.edu.tw/static/2276.c8da6806.js; raw/ilearn.thu.edu.tw/static/25170.2159310c.js; raw/ilearn.thu.edu.tw/static/78723.49249bea.js; raw/ilearn.thu.edu.tw/static/83727.aab0cb48.js; raw/ilearn.thu.edu.tw/static/8979.df45e854.js; raw/ilearn.thu.edu.tw/static/98133-ef5ebb8f.js,404
/api/org,org,DELETE; OBSERVED_GET; PUT,8,8,raw/ilearn.thu.edu.tw/api/org.json; raw/ilearn.thu.edu.tw/static/21137.a69eb96c.js; raw/ilearn.thu.edu.tw/static/27609.04e6959b.js; raw/ilearn.thu.edu.tw/static/31552.691da904.js; raw/ilearn.thu.edu.tw/static/49009.a1deb8c2.js; raw/ilearn.thu.edu.tw/static/72914-965f4ad4.js; raw/ilearn.thu.edu.tw/static/82017-1e48dc04.js; raw/ilearn.thu.edu.tw/static/94862.200578e9.js,200
/api/resource/folders,resource,DELETE; GET; OBSERVED_GET,8,8,raw/ilearn.thu.edu.tw/api/resource/folders.json; raw/ilearn.thu.edu.tw/static/20215.c33a19b6.js; raw/ilearn.thu.edu.tw/static/34908-683cb506.js; raw/ilearn.thu.edu.tw/static/42585.3fa356ed.js; raw/ilearn.thu.edu.tw/static/4495.92a6bcab.js; raw/ilearn.thu.edu.tw/static/67133.08e1a687.js; raw/ilearn.thu.edu.tw/static/72592.28fdf93c.js; raw/ilearn.thu.edu.tw/static/73644.1ab1287a.js,200
/api/shared-resources-to-me,shared-resources-to-me,GET; OBSERVED_GET,8,8,raw/ilearn.thu.edu.tw/api/shared-resources-to-me.json; raw/ilearn.thu.edu.tw/static/25753.6c691880.js; raw/ilearn.thu.edu.tw/static/30801-25982468.js; raw/ilearn.thu.edu.tw/static/32177.f2bc5d50.js; raw/ilearn.thu.edu.tw/static/34423.a5cefcd5.js; raw/ilearn.thu.edu.tw/static/67133.08e1a687.js; raw/ilearn.thu.edu.tw/static/82440.2e3d1706.js; raw/ilearn.thu.edu.tw/static/94795.2ff75664.js,200
/api/subject-libs/libs-move-to,subject-libs,OBSERVED_GET; POST,8,8,raw/ilearn.thu.edu.tw/api/subject-libs/libs-move-to.html; raw/ilearn.thu.edu.tw/static/23977.ebaa5322.js; raw/ilearn.thu.edu.tw/static/40251.b93d27d4.js; raw/ilearn.thu.edu.tw/static/50559.79503daf.js; raw/ilearn.thu.edu.tw/static/63756-b6ed5817.js; raw/ilearn.thu.edu.tw/static/67853-6eb5a068.js; raw/ilearn.thu.edu.tw/static/73644.1ab1287a.js; raw/ilearn.thu.edu.tw/static/78946.84d34ae9.js,500
/api/syllabus/,syllabus,DELETE; OBSERVED_GET; POST,8,7,raw/ilearn.thu.edu.tw/api/syllabus/index.json; raw/ilearn.thu.edu.tw/static/25170.2159310c.js; raw/ilearn.thu.edu.tw/static/44346.7b57b52e.js; raw/ilearn.thu.edu.tw/static/78723.49249bea.js; raw/ilearn.thu.edu.tw/static/83727.aab0cb48.js; raw/ilearn.thu.edu.tw/static/8979.df45e854.js; raw/ilearn.thu.edu.tw/static/98133-ef5ebb8f.js,404
/api/uploads/share-to-courses,uploads,POST,8,8,raw/ilearn.thu.edu.tw/static/15134.740fc306.js; raw/ilearn.thu.edu.tw/static/19832.b33b43a5.js; raw/ilearn.thu.edu.tw/static/37336.084b8613.js; raw/ilearn.thu.edu.tw/static/41789.52c6778d.js; raw/ilearn.thu.edu.tw/static/44346.7b57b52e.js; raw/ilearn.thu.edu.tw/static/49294.50a0a8b3.js; raw/ilearn.thu.edu.tw/static/82017-1e48dc04.js; raw/ilearn.thu.edu.tw/static/js/main-portal-cc072a5a.js,
/api/users?ignore_avatar=false&page=,users,DELETE; POST,8,4,raw/ilearn.thu.edu.tw/static/19619.6081b084.js; raw/ilearn.thu.edu.tw/static/34671.c9d36f7b.js; raw/ilearn.thu.edu.tw/static/6696.3bfff1df.js; raw/ilearn.thu.edu.tw/static/93392.97d11656.js,
/api/activies/classin/join-url,activies,GET; OBSERVED_GET,7,7,raw/ilearn.thu.edu.tw/api/activies/classin/join-url.html; raw/ilearn.thu.edu.tw/static/44346.7b57b52e.js; raw/ilearn.thu.edu.tw/static/74302.a9e02d94.js; raw/ilearn.thu.edu.tw/static/76756.7b06f21b.js; raw/ilearn.thu.edu.tw/static/77887.e982b363.js; raw/ilearn.thu.edu.tw/static/80670-16696de3.js; raw/ilearn.thu.edu.tw/static/82017-1e48dc04.js,500
/api/activities/classin/webcast-url,activities,GET; OBSERVED_GET,7,7,raw/ilearn.thu.edu.tw/api/activities/classin/webcast-url.json; raw/ilearn.thu.edu.tw/static/44346.7b57b52e.js; raw/ilearn.thu.edu.tw/static/74302.a9e02d94.js; raw/ilearn.thu.edu.tw/static/76756.7b06f21b.js; raw/ilearn.thu.edu.tw/static/77887.e982b363.js; raw/ilearn.thu.edu.tw/static/80670-16696de3.js; raw/ilearn.thu.edu.tw/static/82017-1e48dc04.js,400
/api/authz/course-roles,authz,DELETE; GET; OBSERVED_GET,7,7,raw/ilearn.thu.edu.tw/api/authz/course-roles.json; raw/ilearn.thu.edu.tw/static/11812.92e9ccfe.js; raw/ilearn.thu.edu.tw/static/19619.6081b084.js; raw/ilearn.thu.edu.tw/static/34671.c9d36f7b.js; raw/ilearn.thu.edu.tw/static/6696.3bfff1df.js; raw/ilearn.thu.edu.tw/static/72914-965f4ad4.js; raw/ilearn.thu.edu.tw/static/93392.97d11656.js,403
/api/authz/courses/,authz,GET; OBSERVED_GET; PUT,7,6,raw/ilearn.thu.edu.tw/api/authz/courses/index.json; raw/ilearn.thu.edu.tw/static/19619.6081b084.js; raw/ilearn.thu.edu.tw/static/20591.f56df586.js; raw/ilearn.thu.edu.tw/static/34671.c9d36f7b.js; raw/ilearn.thu.edu.tw/static/6696.3bfff1df.js; raw/ilearn.thu.edu.tw/static/93392.97d11656.js,404
/api/course_template/,course_template,OBSERVED_GET; POST; PUT,7,4,raw/ilearn.thu.edu.tw/api/course_template/index.json; raw/ilearn.thu.edu.tw/static/25163.4f7c3b16.js; raw/ilearn.thu.edu.tw/static/51533.32779be1.js; raw/ilearn.thu.edu.tw/static/81959.f1d9d1b3.js,404
/api/courses/lecture-live-activity/,courses,OBSERVED_GET; POST,7,7,raw/ilearn.thu.edu.tw/api/courses/lecture-live-activity/index.json; raw/ilearn.thu.edu.tw/static/44346.7b57b52e.js; raw/ilearn.thu.edu.tw/static/74302.a9e02d94.js; raw/ilearn.thu.edu.tw/static/76756.7b06f21b.js; raw/ilearn.thu.edu.tw/static/77887.e982b363.js; raw/ilearn.thu.edu.tw/static/80670-16696de3.js; raw/ilearn.thu.edu.tw/static/82017-1e48dc04.js,404
/api/courses/tencent-meeting/activities,courses,OBSERVED_GET; POST,7,7,raw/ilearn.thu.edu.tw/api/courses/tencent-meeting/activities.html; raw/ilearn.thu.edu.tw/static/44346.7b57b52e.js; raw/ilearn.thu.edu.tw/static/74302.a9e02d94.js; raw/ilearn.thu.edu.tw/static/76756.7b06f21b.js; raw/ilearn.thu.edu.tw/static/77887.e982b363.js; raw/ilearn.thu.edu.tw/static/80670-16696de3.js; raw/ilearn.thu.edu.tw/static/82017-1e48dc04.js,500
/api/courses/tpdoe/stat-students?,courses,GET,7,7,raw/ilearn.thu.edu.tw/static/15134.740fc306.js; raw/ilearn.thu.edu.tw/static/37336.084b8613.js; raw/ilearn.thu.edu.tw/static/41789.52c6778d.js; raw/ilearn.thu.edu.tw/static/44346.7b57b52e.js; raw/ilearn.thu.edu.tw/static/49294.50a0a8b3.js; raw/ilearn.thu.edu.tw/static/82017-1e48dc04.js; raw/ilearn.thu.edu.tw/static/js/main-portal-cc072a5a.js,
/api/courseware-quiz/activity/,courseware-quiz,GET; OBSERVED_GET; POST; UNKNOWN,7,5,raw/ilearn.thu.edu.tw/api/courseware-quiz/activity/index.json; raw/ilearn.thu.edu.tw/static/37066-6d2717c0.js; raw/ilearn.thu.edu.tw/static/51708-096d42d6.js; raw/ilearn.thu.edu.tw/static/54345.354d5629.js; raw/ilearn.thu.edu.tw/static/77503-ccf74164.js,404
/api/curriculum-sections/,curriculum-sections,DELETE; OBSERVED_GET; POST,7,4,raw/ilearn.thu.edu.tw/api/curriculum-sections/index.json; raw/ilearn.thu.edu.tw/static/14928.ccbfea64.js; raw/ilearn.thu.edu.tw/static/24262.bfbc60d3.js; raw/ilearn.thu.edu.tw/static/24712-18317acc.js,404
/api/dingtalk-lives/,dingtalk-lives,GET; OBSERVED_GET,7,7,raw/ilearn.thu.edu.tw/api/dingtalk-lives/index.json; raw/ilearn.thu.edu.tw/static/44346.7b57b52e.js; raw/ilearn.thu.edu.tw/static/74302.a9e02d94.js; raw/ilearn.thu.edu.tw/static/76756.7b06f21b.js; raw/ilearn.thu.edu.tw/static/77887.e982b363.js; raw/ilearn.thu.edu.tw/static/80670-16696de3.js; raw/ilearn.thu.edu.tw/static/82017-1e48dc04.js,404
/api/entries/,entries,DELETE; OBSERVED_GET; PUT,7,4,raw/ilearn.thu.edu.tw/api/entries/index.json; raw/ilearn.thu.edu.tw/static/14433.8da36488.js; raw/ilearn.thu.edu.tw/static/2896.c02ef48c.js; raw/ilearn.thu.edu.tw/static/8751.50229f20.js,404
/api/interaction-activities/,interaction-activities,GET; OBSERVED_GET; POST,7,4,raw/ilearn.thu.edu.tw/api/interaction-activities/index.json; raw/ilearn.thu.edu.tw/static/2276.c8da6806.js; raw/ilearn.thu.edu.tw/static/2896.c02ef48c.js; raw/ilearn.thu.edu.tw/static/58273.e82db5f8.js,404
/api/lark/authorization/check,lark,OBSERVED_GET; POST,7,7,raw/ilearn.thu.edu.tw/api/lark/authorization/check.html; raw/ilearn.thu.edu.tw/static/44346.7b57b52e.js; raw/ilearn.thu.edu.tw/static/74302.a9e02d94.js; raw/ilearn.thu.edu.tw/static/76756.7b06f21b.js; raw/ilearn.thu.edu.tw/static/77887.e982b363.js; raw/ilearn.thu.edu.tw/static/80670-16696de3.js; raw/ilearn.thu.edu.tw/static/82017-1e48dc04.js,500
/api/lecture-live/schedule/,lecture-live,OBSERVED_GET; POST,7,7,raw/ilearn.thu.edu.tw/api/lecture-live/schedule/index.json; raw/ilearn.thu.edu.tw/static/44346.7b57b52e.js; raw/ilearn.thu.edu.tw/static/74302.a9e02d94.js; raw/ilearn.thu.edu.tw/static/76756.7b06f21b.js; raw/ilearn.thu.edu.tw/static/77887.e982b363.js; raw/ilearn.thu.edu.tw/static/80670-16696de3.js; raw/ilearn.thu.edu.tw/static/82017-1e48dc04.js,404
/api/lecture-live?jwt=,lecture-live,OBSERVED_GET; POST,7,7,raw/ilearn.thu.edu.tw/api/lecture-live__q_a263c00919.json; raw/ilearn.thu.edu.tw/static/44346.7b57b52e.js; raw/ilearn.thu.edu.tw/static/74302.a9e02d94.js; raw/ilearn.thu.edu.tw/static/76756.7b06f21b.js; raw/ilearn.thu.edu.tw/static/77887.e982b363.js; raw/ilearn.thu.edu.tw/static/80670-16696de3.js; raw/ilearn.thu.edu.tw/static/82017-1e48dc04.js,404
/api/management/,management,OBSERVED_GET; POST; UNKNOWN,7,4,raw/ilearn.thu.edu.tw/api/management/index.json; raw/ilearn.thu.edu.tw/static/31510.c03f0ff5.js; raw/ilearn.thu.edu.tw/static/70397.11a0efa6.js; raw/ilearn.thu.edu.tw/static/87899.f2d33e40.js,404
/api/meeting/,meeting,DELETE; OBSERVED_GET,7,7,raw/ilearn.thu.edu.tw/api/meeting/index.json; raw/ilearn.thu.edu.tw/static/44346.7b57b52e.js; raw/ilearn.thu.edu.tw/static/74302.a9e02d94.js; raw/ilearn.thu.edu.tw/static/76756.7b06f21b.js; raw/ilearn.thu.edu.tw/static/77887.e982b363.js; raw/ilearn.thu.edu.tw/static/80670-16696de3.js; raw/ilearn.thu.edu.tw/static/82017-1e48dc04.js,404
/api/my-notes/,my-notes,DELETE; OBSERVED_GET; POST; PUT,7,3,raw/ilearn.thu.edu.tw/api/my-notes/index.json; raw/ilearn.thu.edu.tw/static/20215.c33a19b6.js; raw/ilearn.thu.edu.tw/static/4495.92a6bcab.js,404
/api/portal-logo,portal-logo,OBSERVED_GET; PUT,7,7,raw/ilearn.thu.edu.tw/api/portal-logo.json; raw/ilearn.thu.edu.tw/static/21137.a69eb96c.js; raw/ilearn.thu.edu.tw/static/27609.04e6959b.js; raw/ilearn.thu.edu.tw/static/31552.691da904.js; raw/ilearn.thu.edu.tw/static/49009.a1deb8c2.js; raw/ilearn.thu.edu.tw/static/82017-1e48dc04.js; raw/ilearn.thu.edu.tw/static/94862.200578e9.js,200
/api/resources/,resources,OBSERVED_GET; POST,7,7,raw/ilearn.thu.edu.tw/api/resources/index.json; raw/ilearn.thu.edu.tw/static/34908-683cb506.js; raw/ilearn.thu.edu.tw/static/37336.084b8613.js; raw/ilearn.thu.edu.tw/static/50446.4b9b0bcc.js; raw/ilearn.thu.edu.tw/static/70619-686c4819.js; raw/ilearn.thu.edu.tw/static/94795.2ff75664.js; raw/ilearn.thu.edu.tw/static/js/main-portal-cc072a5a.js,404
"/api/rubrics?no-intercept=true&fields=id,name,conditions,created_by,is_shared_rubric",rubrics,DELETE; GET; OBSERVED_GET,7,7,raw/ilearn.thu.edu.tw/api/rubrics__q_f8fe4f28d6.json; raw/ilearn.thu.edu.tw/static/26645.3ac5e040.js; raw/ilearn.thu.edu.tw/static/34423.a5cefcd5.js; raw/ilearn.thu.edu.tw/static/55200.e380810d.js; raw/ilearn.thu.edu.tw/static/63756-b6ed5817.js; raw/ilearn.thu.edu.tw/static/67133.08e1a687.js; raw/ilearn.thu.edu.tw/static/82017-1e48dc04.js,200
/api/subject-libs?lib_type=questionnaire,subject-libs,OBSERVED_GET; POST,7,7,raw/ilearn.thu.edu.tw/api/subject-libs__q_ed969de1cb.json; raw/ilearn.thu.edu.tw/static/14615.8c38d7d4.js; raw/ilearn.thu.edu.tw/static/50559.79503daf.js; raw/ilearn.thu.edu.tw/static/52507.583e35f3.js; raw/ilearn.thu.edu.tw/static/6610.7655c044.js; raw/ilearn.thu.edu.tw/static/76679.ac1eb26c.js; raw/ilearn.thu.edu.tw/static/82017-1e48dc04.js,200
/api/subject-libs?with_folder=,subject-libs,GET; OBSERVED_GET; POST,7,7,raw/ilearn.thu.edu.tw/api/subject-libs__q_eba4af439b.json; raw/ilearn.thu.edu.tw/static/14615.8c38d7d4.js; raw/ilearn.thu.edu.tw/static/50559.79503daf.js; raw/ilearn.thu.edu.tw/static/52507.583e35f3.js; raw/ilearn.thu.edu.tw/static/6610.7655c044.js; raw/ilearn.thu.edu.tw/static/76679.ac1eb26c.js; raw/ilearn.thu.edu.tw/static/82017-1e48dc04.js,200
/api/tencent_meeting/check-user-auth,tencent_meeting,OBSERVED_GET; PUT,7,7,raw/ilearn.thu.edu.tw/api/tencent_meeting/check-user-auth.json; raw/ilearn.thu.edu.tw/static/44346.7b57b52e.js; raw/ilearn.thu.edu.tw/static/74302.a9e02d94.js; raw/ilearn.thu.edu.tw/static/76756.7b06f21b.js; raw/ilearn.thu.edu.tw/static/77887.e982b363.js; raw/ilearn.thu.edu.tw/static/80670-16696de3.js; raw/ilearn.thu.edu.tw/static/82017-1e48dc04.js,200
/api/topics/,topics,DELETE; GET; OBSERVED_GET; POST; PUT,7,3,raw/ilearn.thu.edu.tw/api/topics/index.json; raw/ilearn.thu.edu.tw/static/44346.7b57b52e.js; raw/ilearn.thu.edu.tw/static/50759.ba0ade2f.js,404
/api/uploads/references/,uploads,DELETE,7,7,raw/ilearn.thu.edu.tw/static/44346.7b57b52e.js; raw/ilearn.thu.edu.tw/static/74302.a9e02d94.js; raw/ilearn.thu.edu.tw/static/76756.7b06f21b.js; raw/ilearn.thu.edu.tw/static/77887.e982b363.js; raw/ilearn.thu.edu.tw/static/80670-16696de3.js; raw/ilearn.thu.edu.tw/static/82017-1e48dc04.js; raw/ilearn.thu.edu.tw/static/88788.161d6b6a.js,
/api/user/,user,DELETE; GET; OBSERVED_GET; POST; PUT,7,5,raw/ilearn.thu.edu.tw/api/user/index.json; raw/ilearn.thu.edu.tw/static/2764-f25f2bd3.js; raw/ilearn.thu.edu.tw/static/28509.a0b2d0f0.js; raw/ilearn.thu.edu.tw/static/97195.2faf10fc.js; raw/ilearn.thu.edu.tw/static/99038.bc3a4ccc.js,404
/api/user/links,user,OBSERVED_GET; POST,7,7,raw/ilearn.thu.edu.tw/api/user/links.html; raw/ilearn.thu.edu.tw/static/34908-683cb506.js; raw/ilearn.thu.edu.tw/static/37336.084b8613.js; raw/ilearn.thu.edu.tw/static/50446.4b9b0bcc.js; raw/ilearn.thu.edu.tw/static/70619-686c4819.js; raw/ilearn.thu.edu.tw/static/94795.2ff75664.js; raw/ilearn.thu.edu.tw/static/js/main-portal-cc072a5a.js,500
/api/user/links/,user,OBSERVED_GET; POST,7,7,raw/ilearn.thu.edu.tw/api/user/links/index.json; raw/ilearn.thu.edu.tw/static/34908-683cb506.js; raw/ilearn.thu.edu.tw/static/37336.084b8613.js; raw/ilearn.thu.edu.tw/static/50446.4b9b0bcc.js; raw/ilearn.thu.edu.tw/static/70619-686c4819.js; raw/ilearn.thu.edu.tw/static/94795.2ff75664.js; raw/ilearn.thu.edu.tw/static/js/main-portal-cc072a5a.js,404
/api/user/storage-used,user,OBSERVED_GET; POST,7,7,raw/ilearn.thu.edu.tw/api/user/storage-used.json; raw/ilearn.thu.edu.tw/static/34908-683cb506.js; raw/ilearn.thu.edu.tw/static/37336.084b8613.js; raw/ilearn.thu.edu.tw/static/50446.4b9b0bcc.js; raw/ilearn.thu.edu.tw/static/70619-686c4819.js; raw/ilearn.thu.edu.tw/static/94795.2ff75664.js; raw/ilearn.thu.edu.tw/static/js/main-portal-cc072a5a.js,200
/api/vtrses,vtrses,GET; OBSERVED_GET,7,7,raw/ilearn.thu.edu.tw/api/vtrses.json; raw/ilearn.thu.edu.tw/static/23977.ebaa5322.js; raw/ilearn.thu.edu.tw/static/37336.084b8613.js; raw/ilearn.thu.edu.tw/static/50446.4b9b0bcc.js; raw/ilearn.thu.edu.tw/static/63756-b6ed5817.js; raw/ilearn.thu.edu.tw/static/70619-686c4819.js; raw/ilearn.thu.edu.tw/static/js/main-portal-cc072a5a.js,200
/api/activities,activities,DELETE; OBSERVED_GET,6,6,raw/ilearn.thu.edu.tw/api/activities.html; raw/ilearn.thu.edu.tw/static/25170.2159310c.js; raw/ilearn.thu.edu.tw/static/78723.49249bea.js; raw/ilearn.thu.edu.tw/static/83727.aab0cb48.js; raw/ilearn.thu.edu.tw/static/8979.df45e854.js; raw/ilearn.thu.edu.tw/static/98133-ef5ebb8f.js,500
/api/activities/resources/,activities,OBSERVED_GET; POST,6,6,raw/ilearn.thu.edu.tw/api/activities/resources/index.json; raw/ilearn.thu.edu.tw/static/25170.2159310c.js; raw/ilearn.thu.edu.tw/static/78723.49249bea.js; raw/ilearn.thu.edu.tw/static/83727.aab0cb48.js; raw/ilearn.thu.edu.tw/static/8979.df45e854.js; raw/ilearn.thu.edu.tw/static/98133-ef5ebb8f.js,404
/api/activity-resort,activity-resort,OBSERVED_GET; PUT,6,6,raw/ilearn.thu.edu.tw/api/activity-resort.html; raw/ilearn.thu.edu.tw/static/25170.2159310c.js; raw/ilearn.thu.edu.tw/static/78723.49249bea.js; raw/ilearn.thu.edu.tw/static/83727.aab0cb48.js; raw/ilearn.thu.edu.tw/static/8979.df45e854.js; raw/ilearn.thu.edu.tw/static/98133-ef5ebb8f.js,500
/api/air-credit/course/credit-states,air-credit,GET; OBSERVED_GET,6,6,raw/ilearn.thu.edu.tw/api/air-credit/course/credit-states.json; raw/ilearn.thu.edu.tw/static/28492.65731154.js; raw/ilearn.thu.edu.tw/static/37336.084b8613.js; raw/ilearn.thu.edu.tw/static/58273.e82db5f8.js; raw/ilearn.thu.edu.tw/static/78310.c45679af.js; raw/ilearn.thu.edu.tw/static/88788.161d6b6a.js,403
/api/air-credit/course/credit-states-stats/export,air-credit,OBSERVED_GET; POST,6,6,raw/ilearn.thu.edu.tw/api/air-credit/course/credit-states-stats/export.html; raw/ilearn.thu.edu.tw/static/28492.65731154.js; raw/ilearn.thu.edu.tw/static/37336.084b8613.js; raw/ilearn.thu.edu.tw/static/58273.e82db5f8.js; raw/ilearn.thu.edu.tw/static/78310.c45679af.js; raw/ilearn.thu.edu.tw/static/88788.161d6b6a.js,500
/api/air-credit/course/usage-limit,air-credit,OBSERVED_GET; PUT,6,6,raw/ilearn.thu.edu.tw/api/air-credit/course/usage-limit.html; raw/ilearn.thu.edu.tw/static/28492.65731154.js; raw/ilearn.thu.edu.tw/static/37336.084b8613.js; raw/ilearn.thu.edu.tw/static/58273.e82db5f8.js; raw/ilearn.thu.edu.tw/static/78310.c45679af.js; raw/ilearn.thu.edu.tw/static/88788.161d6b6a.js,500
/api/air-credit/courses/,air-credit,OBSERVED_GET; POST,6,6,raw/ilearn.thu.edu.tw/api/air-credit/courses/index.json; raw/ilearn.thu.edu.tw/static/28492.65731154.js; raw/ilearn.thu.edu.tw/static/37336.084b8613.js; raw/ilearn.thu.edu.tw/static/58273.e82db5f8.js; raw/ilearn.thu.edu.tw/static/78310.c45679af.js; raw/ilearn.thu.edu.tw/static/88788.161d6b6a.js,404
/api/air-credit/credit-states-stats,air-credit,GET; OBSERVED_GET,6,6,raw/ilearn.thu.edu.tw/api/air-credit/credit-states-stats.json; raw/ilearn.thu.edu.tw/static/28492.65731154.js; raw/ilearn.thu.edu.tw/static/37336.084b8613.js; raw/ilearn.thu.edu.tw/static/58273.e82db5f8.js; raw/ilearn.thu.edu.tw/static/78310.c45679af.js; raw/ilearn.thu.edu.tw/static/88788.161d6b6a.js,403
/api/air-credit/credit-states-summary,air-credit,OBSERVED_GET; POST,6,6,raw/ilearn.thu.edu.tw/api/air-credit/credit-states-summary.json; raw/ilearn.thu.edu.tw/static/28492.65731154.js; raw/ilearn.thu.edu.tw/static/37336.084b8613.js; raw/ilearn.thu.edu.tw/static/58273.e82db5f8.js; raw/ilearn.thu.edu.tw/static/78310.c45679af.js; raw/ilearn.thu.edu.tw/static/88788.161d6b6a.js,403
/api/air-credit/credits/clear-remaining-credits,air-credit,OBSERVED_GET; PUT,6,6,raw/ilearn.thu.edu.tw/api/air-credit/credits/clear-remaining-credits.html; raw/ilearn.thu.edu.tw/static/28492.65731154.js; raw/ilearn.thu.edu.tw/static/37336.084b8613.js; raw/ilearn.thu.edu.tw/static/58273.e82db5f8.js; raw/ilearn.thu.edu.tw/static/78310.c45679af.js; raw/ilearn.thu.edu.tw/static/88788.161d6b6a.js,500
/api/air-credit/credits/status,air-credit,OBSERVED_GET; PUT,6,6,raw/ilearn.thu.edu.tw/api/air-credit/credits/status.html; raw/ilearn.thu.edu.tw/static/28492.65731154.js; raw/ilearn.thu.edu.tw/static/37336.084b8613.js; raw/ilearn.thu.edu.tw/static/58273.e82db5f8.js; raw/ilearn.thu.edu.tw/static/78310.c45679af.js; raw/ilearn.thu.edu.tw/static/88788.161d6b6a.js,500
/api/air-credit/instructors/current-semester-courses,air-credit,OBSERVED_GET; PUT,6,6,raw/ilearn.thu.edu.tw/api/air-credit/instructors/current-semester-courses.json; raw/ilearn.thu.edu.tw/static/28492.65731154.js; raw/ilearn.thu.edu.tw/static/37336.084b8613.js; raw/ilearn.thu.edu.tw/static/58273.e82db5f8.js; raw/ilearn.thu.edu.tw/static/78310.c45679af.js; raw/ilearn.thu.edu.tw/static/88788.161d6b6a.js,200
/api/air-credit/org/credit-state-info,air-credit,GET; OBSERVED_GET,6,6,raw/ilearn.thu.edu.tw/api/air-credit/org/credit-state-info.json; raw/ilearn.thu.edu.tw/static/28492.65731154.js; raw/ilearn.thu.edu.tw/static/37336.084b8613.js; raw/ilearn.thu.edu.tw/static/58273.e82db5f8.js; raw/ilearn.thu.edu.tw/static/78310.c45679af.js; raw/ilearn.thu.edu.tw/static/88788.161d6b6a.js,403
/api/air-credit/user/credit-states,air-credit,GET; OBSERVED_GET,6,6,raw/ilearn.thu.edu.tw/api/air-credit/user/credit-states.json; raw/ilearn.thu.edu.tw/static/28492.65731154.js; raw/ilearn.thu.edu.tw/static/37336.084b8613.js; raw/ilearn.thu.edu.tw/static/58273.e82db5f8.js; raw/ilearn.thu.edu.tw/static/78310.c45679af.js; raw/ilearn.thu.edu.tw/static/88788.161d6b6a.js,403
/api/air-credit/user/credit-states-stats/export,air-credit,OBSERVED_GET; POST,6,6,raw/ilearn.thu.edu.tw/api/air-credit/user/credit-states-stats/export.html; raw/ilearn.thu.edu.tw/static/28492.65731154.js; raw/ilearn.thu.edu.tw/static/37336.084b8613.js; raw/ilearn.thu.edu.tw/static/58273.e82db5f8.js; raw/ilearn.thu.edu.tw/static/78310.c45679af.js; raw/ilearn.thu.edu.tw/static/88788.161d6b6a.js,500
/api/air-credit/users/,air-credit,OBSERVED_GET; PUT,6,6,raw/ilearn.thu.edu.tw/api/air-credit/users/index.json; raw/ilearn.thu.edu.tw/static/28492.65731154.js; raw/ilearn.thu.edu.tw/static/37336.084b8613.js; raw/ilearn.thu.edu.tw/static/58273.e82db5f8.js; raw/ilearn.thu.edu.tw/static/78310.c45679af.js; raw/ilearn.thu.edu.tw/static/88788.161d6b6a.js,404
/api/alerts/,alerts,DELETE; GET; POST,6,4,raw/ilearn.thu.edu.tw/static/68805.a47db79c.js; raw/ilearn.thu.edu.tw/static/83176.908d40cb.js; raw/ilearn.thu.edu.tw/static/93366.14a0fcf7.js; raw/ilearn.thu.edu.tw/static/94862.200578e9.js,
/api/captcha-code?,captcha-code,DELETE; POST; UNKNOWN,6,6,raw/ilearn.thu.edu.tw/static/16065.63e765ac.js; raw/ilearn.thu.edu.tw/static/27093.22d65938.js; raw/ilearn.thu.edu.tw/static/53787.f789eea3.js; raw/ilearn.thu.edu.tw/static/92455.9596e32b.js; raw/ilearn.thu.edu.tw/static/93341.d3187e73.js; raw/ilearn.thu.edu.tw/static/96966.ce16085e.js,
/api/course/activities-read/exam/,course,OBSERVED_GET; POST,6,6,raw/ilearn.thu.edu.tw/api/course/activities-read/exam/index.json; raw/ilearn.thu.edu.tw/static/25170.2159310c.js; raw/ilearn.thu.edu.tw/static/78723.49249bea.js; raw/ilearn.thu.edu.tw/static/83727.aab0cb48.js; raw/ilearn.thu.edu.tw/static/8979.df45e854.js; raw/ilearn.thu.edu.tw/static/98133-ef5ebb8f.js,404
/api/courses/research-meeting/,courses,DELETE; OBSERVED_GET; POST,6,4,raw/ilearn.thu.edu.tw/api/courses/research-meeting/index.json; raw/ilearn.thu.edu.tw/static/27609.04e6959b.js; raw/ilearn.thu.edu.tw/static/36824.bcd6489f.js; raw/ilearn.thu.edu.tw/static/95397.bb70580d.js,404
/api/curriculum/,curriculum,DELETE; GET; OBSERVED_GET; POST,6,4,raw/ilearn.thu.edu.tw/api/curriculum/index.json; raw/ilearn.thu.edu.tw/static/14928.ccbfea64.js; raw/ilearn.thu.edu.tw/static/24262.bfbc60d3.js; raw/ilearn.thu.edu.tw/static/24712-18317acc.js,404
/api/department/resource-center,department,OBSERVED_GET; PUT,6,6,raw/ilearn.thu.edu.tw/api/department/resource-center.html; raw/ilearn.thu.edu.tw/static/120.e0d9ff72.js; raw/ilearn.thu.edu.tw/static/35918.b5c140f6.js; raw/ilearn.thu.edu.tw/static/40991.c161b769.js; raw/ilearn.thu.edu.tw/static/44404.b4467c25.js; raw/ilearn.thu.edu.tw/static/92455.9596e32b.js,500
/api/interactions/,interactions,DELETE; OBSERVED_GET,6,6,raw/ilearn.thu.edu.tw/api/interactions/index.json; raw/ilearn.thu.edu.tw/static/37336.084b8613.js; raw/ilearn.thu.edu.tw/static/41986.fbf3188d.js; raw/ilearn.thu.edu.tw/static/44346.7b57b52e.js; raw/ilearn.thu.edu.tw/static/83727.aab0cb48.js; raw/ilearn.thu.edu.tw/static/88788.161d6b6a.js,404
/api/meeting/week/time-periods,meeting,GET; OBSERVED_GET,6,6,raw/ilearn.thu.edu.tw/api/meeting/week/time-periods.json; raw/ilearn.thu.edu.tw/static/16985.5dac5529.js; raw/ilearn.thu.edu.tw/static/39538.e12d5a24.js; raw/ilearn.thu.edu.tw/static/49009.a1deb8c2.js; raw/ilearn.thu.edu.tw/static/69385.e9b89c36.js; raw/ilearn.thu.edu.tw/static/82017-1e48dc04.js,200
/api/notebooks/,notebooks,GET; OBSERVED_GET; POST; UNKNOWN,6,4,raw/ilearn.thu.edu.tw/api/notebooks/index.json; raw/ilearn.thu.edu.tw/static/49360.56d01019.js; raw/ilearn.thu.edu.tw/static/65238-c67ee9fb.js; raw/ilearn.thu.edu.tw/static/74447.a214c8b5.js,404
/api/org-bulletin/bulletins?fields=id,org-bulletin,GET; OBSERVED_GET,6,6,raw/ilearn.thu.edu.tw/api/org-bulletin/bulletins__q_ff4049a17d.html; raw/ilearn.thu.edu.tw/static/36105.3af57479.js; raw/ilearn.thu.edu.tw/static/37336.084b8613.js; raw/ilearn.thu.edu.tw/static/41789.52c6778d.js; raw/ilearn.thu.edu.tw/static/43823-bfba4179.js; raw/ilearn.thu.edu.tw/static/77503-ccf74164.js,500
/api/org-bulletin/classifications,org-bulletin,DELETE; OBSERVED_GET,6,6,raw/ilearn.thu.edu.tw/api/org-bulletin/classifications.json; raw/ilearn.thu.edu.tw/static/36105.3af57479.js; raw/ilearn.thu.edu.tw/static/37336.084b8613.js; raw/ilearn.thu.edu.tw/static/41789.52c6778d.js; raw/ilearn.thu.edu.tw/static/43823-bfba4179.js; raw/ilearn.thu.edu.tw/static/77503-ccf74164.js,200
/api/outline/notify,outline,OBSERVED_GET; POST,6,6,raw/ilearn.thu.edu.tw/api/outline/notify.html; raw/ilearn.thu.edu.tw/static/11812.92e9ccfe.js; raw/ilearn.thu.edu.tw/static/41568.0adf30d4.js; raw/ilearn.thu.edu.tw/static/72914-965f4ad4.js; raw/ilearn.thu.edu.tw/static/73644.1ab1287a.js; raw/ilearn.thu.edu.tw/static/9727.544f163b.js,500
/api/resource-group,resource-group,DELETE; OBSERVED_GET,6,6,raw/ilearn.thu.edu.tw/api/resource-group.html; raw/ilearn.thu.edu.tw/static/37336.084b8613.js; raw/ilearn.thu.edu.tw/static/50446.4b9b0bcc.js; raw/ilearn.thu.edu.tw/static/63756-b6ed5817.js; raw/ilearn.thu.edu.tw/static/70619-686c4819.js; raw/ilearn.thu.edu.tw/static/js/main-portal-cc072a5a.js,500
/api/resource-group/,resource-group,DELETE; OBSERVED_GET,6,6,raw/ilearn.thu.edu.tw/api/resource-group/index.json; raw/ilearn.thu.edu.tw/static/37336.084b8613.js; raw/ilearn.thu.edu.tw/static/50446.4b9b0bcc.js; raw/ilearn.thu.edu.tw/static/63756-b6ed5817.js; raw/ilearn.thu.edu.tw/static/70619-686c4819.js; raw/ilearn.thu.edu.tw/static/js/main-portal-cc072a5a.js,404
/api/resource-groups,resource-groups,OBSERVED_GET; POST,6,6,raw/ilearn.thu.edu.tw/api/resource-groups.json; raw/ilearn.thu.edu.tw/static/37336.084b8613.js; raw/ilearn.thu.edu.tw/static/50446.4b9b0bcc.js; raw/ilearn.thu.edu.tw/static/63756-b6ed5817.js; raw/ilearn.thu.edu.tw/static/70619-686c4819.js; raw/ilearn.thu.edu.tw/static/js/main-portal-cc072a5a.js,200
/api/resource-groups/folders,resource-groups,DELETE; OBSERVED_GET,6,6,raw/ilearn.thu.edu.tw/api/resource-groups/folders.json; raw/ilearn.thu.edu.tw/static/37336.084b8613.js; raw/ilearn.thu.edu.tw/static/50446.4b9b0bcc.js; raw/ilearn.thu.edu.tw/static/63756-b6ed5817.js; raw/ilearn.thu.edu.tw/static/70619-686c4819.js; raw/ilearn.thu.edu.tw/static/js/main-portal-cc072a5a.js,404
/api/resource-groups/resources,resource-groups,GET; OBSERVED_GET,6,6,raw/ilearn.thu.edu.tw/api/resource-groups/resources.json; raw/ilearn.thu.edu.tw/static/37336.084b8613.js; raw/ilearn.thu.edu.tw/static/50446.4b9b0bcc.js; raw/ilearn.thu.edu.tw/static/63756-b6ed5817.js; raw/ilearn.thu.edu.tw/static/70619-686c4819.js; raw/ilearn.thu.edu.tw/static/js/main-portal-cc072a5a.js,404
/api/resource-groups?page=,resource-groups,OBSERVED_GET; POST,6,6,raw/ilearn.thu.edu.tw/api/resource-groups__q_ee1eaef797.json; raw/ilearn.thu.edu.tw/static/37336.084b8613.js; raw/ilearn.thu.edu.tw/static/50446.4b9b0bcc.js; raw/ilearn.thu.edu.tw/static/63756-b6ed5817.js; raw/ilearn.thu.edu.tw/static/70619-686c4819.js; raw/ilearn.thu.edu.tw/static/js/main-portal-cc072a5a.js,200
/api/rubrics,rubrics,DELETE; OBSERVED_GET; POST,6,5,raw/ilearn.thu.edu.tw/api/rubrics.json; raw/ilearn.thu.edu.tw/static/34423.a5cefcd5.js; raw/ilearn.thu.edu.tw/static/55200.e380810d.js; raw/ilearn.thu.edu.tw/static/63756-b6ed5817.js; raw/ilearn.thu.edu.tw/static/67133.08e1a687.js,200
/api/save-resources,save-resources,DELETE; OBSERVED_GET; POST,6,4,raw/ilearn.thu.edu.tw/api/save-resources.html; raw/ilearn.thu.edu.tw/static/42585.3fa356ed.js; raw/ilearn.thu.edu.tw/static/67133.08e1a687.js; raw/ilearn.thu.edu.tw/static/73644.1ab1287a.js,500
/api/shared-resources/batch-save,shared-resources,POST,6,6,raw/ilearn.thu.edu.tw/static/25753.6c691880.js; raw/ilearn.thu.edu.tw/static/32177.f2bc5d50.js; raw/ilearn.thu.edu.tw/static/34423.a5cefcd5.js; raw/ilearn.thu.edu.tw/static/67133.08e1a687.js; raw/ilearn.thu.edu.tw/static/82440.2e3d1706.js; raw/ilearn.thu.edu.tw/static/94795.2ff75664.js,
/api/shared-resources/user/,shared-resources,GET,6,6,raw/ilearn.thu.edu.tw/static/25753.6c691880.js; raw/ilearn.thu.edu.tw/static/32177.f2bc5d50.js; raw/ilearn.thu.edu.tw/static/34423.a5cefcd5.js; raw/ilearn.thu.edu.tw/static/67133.08e1a687.js; raw/ilearn.thu.edu.tw/static/82440.2e3d1706.js; raw/ilearn.thu.edu.tw/static/94795.2ff75664.js,
/api/stat/departments/user-attendance/export/,stat,GET; OBSERVED_GET,6,6,raw/ilearn.thu.edu.tw/api/stat/departments/user-attendance/export/index.json; raw/ilearn.thu.edu.tw/static/120.e0d9ff72.js; raw/ilearn.thu.edu.tw/static/35918.b5c140f6.js; raw/ilearn.thu.edu.tw/static/40991.c161b769.js; raw/ilearn.thu.edu.tw/static/44404.b4467c25.js; raw/ilearn.thu.edu.tw/static/92455.9596e32b.js,404
/api/stat/departments/user-attendance?page=,stat,GET; OBSERVED_GET,6,6,raw/ilearn.thu.edu.tw/api/stat/departments/user-attendance__q_ee1eaef797.json; raw/ilearn.thu.edu.tw/static/120.e0d9ff72.js; raw/ilearn.thu.edu.tw/static/35918.b5c140f6.js; raw/ilearn.thu.edu.tw/static/40991.c161b769.js; raw/ilearn.thu.edu.tw/static/44404.b4467c25.js; raw/ilearn.thu.edu.tw/static/92455.9596e32b.js,403
/api/stat/vtrses/,stat,GET; OBSERVED_GET,6,6,raw/ilearn.thu.edu.tw/api/stat/vtrses/index.json; raw/ilearn.thu.edu.tw/static/23977.ebaa5322.js; raw/ilearn.thu.edu.tw/static/40251.b93d27d4.js; raw/ilearn.thu.edu.tw/static/56748-43cfa952.js; raw/ilearn.thu.edu.tw/static/67853-6eb5a068.js; raw/ilearn.thu.edu.tw/static/78946.84d34ae9.js,404
/api/subject-libs/folders,subject-libs,DELETE; GET; OBSERVED_GET,6,6,raw/ilearn.thu.edu.tw/api/subject-libs/folders.json; raw/ilearn.thu.edu.tw/static/42585.3fa356ed.js; raw/ilearn.thu.edu.tw/static/50559.79503daf.js; raw/ilearn.thu.edu.tw/static/63756-b6ed5817.js; raw/ilearn.thu.edu.tw/static/67133.08e1a687.js; raw/ilearn.thu.edu.tw/static/73644.1ab1287a.js,200
/api/subject-libs/folders?referrer_type=course&referrer_id=,subject-libs,GET; OBSERVED_GET,6,6,raw/ilearn.thu.edu.tw/api/subject-libs/folders__q_3cb6332d38.json; raw/ilearn.thu.edu.tw/static/37192.d0839c93.js; raw/ilearn.thu.edu.tw/static/49294.50a0a8b3.js; raw/ilearn.thu.edu.tw/static/71296.d5cd8d3e.js; raw/ilearn.thu.edu.tw/static/74679.c6d29d91.js; raw/ilearn.thu.edu.tw/static/94299.52749a48.js,200
/api/top-departments,top-departments,OBSERVED_GET; PUT,6,6,raw/ilearn.thu.edu.tw/api/top-departments.json; raw/ilearn.thu.edu.tw/static/120.e0d9ff72.js; raw/ilearn.thu.edu.tw/static/35918.b5c140f6.js; raw/ilearn.thu.edu.tw/static/40991.c161b769.js; raw/ilearn.thu.edu.tw/static/44404.b4467c25.js; raw/ilearn.thu.edu.tw/static/92455.9596e32b.js,200
/api/uploads/reference/,uploads,DELETE; UNKNOWN,6,6,raw/ilearn.thu.edu.tw/static/16985.5dac5529.js; raw/ilearn.thu.edu.tw/static/34673.1196ba35.js; raw/ilearn.thu.edu.tw/static/58870.a1dc1e8d.js; raw/ilearn.thu.edu.tw/static/63918.0915f565.js; raw/ilearn.thu.edu.tw/static/82017-1e48dc04.js; raw/ilearn.thu.edu.tw/static/95397.bb70580d.js,
/api/user/course/,user,GET; OBSERVED_GET; POST,6,6,raw/ilearn.thu.edu.tw/api/user/course/index.json; raw/ilearn.thu.edu.tw/static/41568.0adf30d4.js; raw/ilearn.thu.edu.tw/static/72914-965f4ad4.js; raw/ilearn.thu.edu.tw/static/73644.1ab1287a.js; raw/ilearn.thu.edu.tw/static/9727.544f163b.js; raw/ilearn.thu.edu.tw/static/99038.bc3a4ccc.js,404
/api/user/recently-visited-courses,user,GET; OBSERVED_GET; PUT,6,4,raw/ilearn.thu.edu.tw/api/user/recently-visited-courses.json; raw/ilearn.thu.edu.tw/static/42585.3fa356ed.js; raw/ilearn.thu.edu.tw/static/46056-bf17f3c8.js; raw/ilearn.thu.edu.tw/static/7693.6ddfbed1.js,200
/api/activities/delete-check?activity_id=,activities,DELETE,5,5,raw/ilearn.thu.edu.tw/static/25170.2159310c.js; raw/ilearn.thu.edu.tw/static/78723.49249bea.js; raw/ilearn.thu.edu.tw/static/83727.aab0cb48.js; raw/ilearn.thu.edu.tw/static/8979.df45e854.js; raw/ilearn.thu.edu.tw/static/98133-ef5ebb8f.js,
/api/campus-subject-lib/classifications,campus-subject-lib,DELETE; GET; OBSERVED_GET,5,4,raw/ilearn.thu.edu.tw/api/campus-subject-lib/classifications.json; raw/ilearn.thu.edu.tw/static/12117.76d49271.js; raw/ilearn.thu.edu.tw/static/34691.515731f8.js; raw/ilearn.thu.edu.tw/static/56488.5dafa7c7.js,200
/api/campus-subject-lib/subjects,campus-subject-lib,DELETE; OBSERVED_GET; POST,5,3,raw/ilearn.thu.edu.tw/api/campus-subject-lib/subjects.json; raw/ilearn.thu.edu.tw/static/12117.76d49271.js; raw/ilearn.thu.edu.tw/static/34691.515731f8.js,200
/api/campus-subject-lib/subjects/,campus-subject-lib,DELETE; OBSERVED_GET; PUT,5,3,raw/ilearn.thu.edu.tw/api/campus-subject-lib/subjects/index.json; raw/ilearn.thu.edu.tw/static/12117.76d49271.js; raw/ilearn.thu.edu.tw/static/34691.515731f8.js,404
/api/chinamcloud/resources,chinamcloud,GET; OBSERVED_GET,5,5,raw/ilearn.thu.edu.tw/api/chinamcloud/resources.json; raw/ilearn.thu.edu.tw/static/54964-7faa4ec3.js; raw/ilearn.thu.edu.tw/static/56473.a646da96.js; raw/ilearn.thu.edu.tw/static/76756.7b06f21b.js; raw/ilearn.thu.edu.tw/static/7693.6ddfbed1.js,400
/api/course-estimate,course-estimate,OBSERVED_GET; POST,5,5,raw/ilearn.thu.edu.tw/api/course-estimate.html; raw/ilearn.thu.edu.tw/static/27093.22d65938.js; raw/ilearn.thu.edu.tw/static/49294.50a0a8b3.js; raw/ilearn.thu.edu.tw/static/79055.ee36c6a2.js; raw/ilearn.thu.edu.tw/static/82017-1e48dc04.js,500
/api/course-estimate-replies/,course-estimate-replies,GET; OBSERVED_GET; POST,5,5,raw/ilearn.thu.edu.tw/api/course-estimate-replies/index.json; raw/ilearn.thu.edu.tw/static/27093.22d65938.js; raw/ilearn.thu.edu.tw/static/49294.50a0a8b3.js; raw/ilearn.thu.edu.tw/static/79055.ee36c6a2.js; raw/ilearn.thu.edu.tw/static/82017-1e48dc04.js,404
/api/course-estimate-reply,course-estimate-reply,DELETE; OBSERVED_GET; POST,5,5,raw/ilearn.thu.edu.tw/api/course-estimate-reply.html; raw/ilearn.thu.edu.tw/static/27093.22d65938.js; raw/ilearn.thu.edu.tw/static/49294.50a0a8b3.js; raw/ilearn.thu.edu.tw/static/79055.ee36c6a2.js; raw/ilearn.thu.edu.tw/static/82017-1e48dc04.js,500
/api/course-estimate-reply/,course-estimate-reply,DELETE; OBSERVED_GET,5,5,raw/ilearn.thu.edu.tw/api/course-estimate-reply/index.json; raw/ilearn.thu.edu.tw/static/27093.22d65938.js; raw/ilearn.thu.edu.tw/static/49294.50a0a8b3.js; raw/ilearn.thu.edu.tw/static/79055.ee36c6a2.js; raw/ilearn.thu.edu.tw/static/82017-1e48dc04.js,404
/api/course-estimate/,course-estimate,DELETE; OBSERVED_GET,5,5,raw/ilearn.thu.edu.tw/api/course-estimate/index.json; raw/ilearn.thu.edu.tw/static/27093.22d65938.js; raw/ilearn.thu.edu.tw/static/49294.50a0a8b3.js; raw/ilearn.thu.edu.tw/static/79055.ee36c6a2.js; raw/ilearn.thu.edu.tw/static/82017-1e48dc04.js,404
/api/departments?,departments,POST,5,5,raw/ilearn.thu.edu.tw/static/36105.3af57479.js; raw/ilearn.thu.edu.tw/static/37336.084b8613.js; raw/ilearn.thu.edu.tw/static/41789.52c6778d.js; raw/ilearn.thu.edu.tw/static/43823-bfba4179.js; raw/ilearn.thu.edu.tw/static/77503-ccf74164.js,
/api/enrollment/,enrollment,DELETE; OBSERVED_GET; PUT,5,4,raw/ilearn.thu.edu.tw/api/enrollment/index.json; raw/ilearn.thu.edu.tw/static/12159.7fb514eb.js; raw/ilearn.thu.edu.tw/static/js/lms-main-898f71e6.js; raw/ilearn.thu.edu.tw/static/js/main-public-course-aa8290d5.js,404
/api/exam-scores/,exam-scores,OBSERVED_GET; POST; PUT,5,3,raw/ilearn.thu.edu.tw/api/exam-scores/index.json; raw/ilearn.thu.edu.tw/static/44346.7b57b52e.js; raw/ilearn.thu.edu.tw/static/56488.5dafa7c7.js,404
/api/forum/categories/,forum,DELETE; GET; OBSERVED_GET; PUT,5,3,raw/ilearn.thu.edu.tw/api/forum/categories/index.json; raw/ilearn.thu.edu.tw/static/44346.7b57b52e.js; raw/ilearn.thu.edu.tw/static/50759.ba0ade2f.js,404
/api/inclass-report/,inclass-report,GET; OBSERVED_GET; POST,5,3,raw/ilearn.thu.edu.tw/api/inclass-report/index.json; raw/ilearn.thu.edu.tw/static/27724.2ef3f54f.js; raw/ilearn.thu.edu.tw/static/65174.dce3e42d.js,404
/api/interaction-submissions/,interaction-submissions,GET; OBSERVED_GET; PUT,5,4,raw/ilearn.thu.edu.tw/api/interaction-submissions/index.json; raw/ilearn.thu.edu.tw/static/2276.c8da6806.js; raw/ilearn.thu.edu.tw/static/2896.c02ef48c.js; raw/ilearn.thu.edu.tw/static/58273.e82db5f8.js,404
/api/jobs/,jobs,GET; OBSERVED_GET,5,5,raw/ilearn.thu.edu.tw/api/jobs/index.json; raw/ilearn.thu.edu.tw/static/12159.7fb514eb.js; raw/ilearn.thu.edu.tw/static/18326.bedfc73f.js; raw/ilearn.thu.edu.tw/static/2764-f25f2bd3.js; raw/ilearn.thu.edu.tw/static/76756.7b06f21b.js,404
/api/knowledge-graph/courses/,knowledge-graph,GET; OBSERVED_GET; POST,5,3,raw/ilearn.thu.edu.tw/api/knowledge-graph/courses/index.json; raw/ilearn.thu.edu.tw/static/16941-c2ecc958.js; raw/ilearn.thu.edu.tw/static/5636-3297b778.js,404
/api/meeting/slot/,meeting,DELETE; OBSERVED_GET,5,5,raw/ilearn.thu.edu.tw/api/meeting/slot/index.json; raw/ilearn.thu.edu.tw/static/16985.5dac5529.js; raw/ilearn.thu.edu.tw/static/39538.e12d5a24.js; raw/ilearn.thu.edu.tw/static/49009.a1deb8c2.js; raw/ilearn.thu.edu.tw/static/69385.e9b89c36.js,404
/api/meeting/slots,meeting,OBSERVED_GET; POST,5,5,raw/ilearn.thu.edu.tw/api/meeting/slots.html; raw/ilearn.thu.edu.tw/static/16985.5dac5529.js; raw/ilearn.thu.edu.tw/static/39538.e12d5a24.js; raw/ilearn.thu.edu.tw/static/49009.a1deb8c2.js; raw/ilearn.thu.edu.tw/static/69385.e9b89c36.js,500
/api/meeting/slots/,meeting,DELETE; OBSERVED_GET,5,5,raw/ilearn.thu.edu.tw/api/meeting/slots/index.json; raw/ilearn.thu.edu.tw/static/16985.5dac5529.js; raw/ilearn.thu.edu.tw/static/39538.e12d5a24.js; raw/ilearn.thu.edu.tw/static/49009.a1deb8c2.js; raw/ilearn.thu.edu.tw/static/69385.e9b89c36.js,404
/api/public-resources,public-resources,OBSERVED_GET; UNKNOWN,5,5,raw/ilearn.thu.edu.tw/api/public-resources.html; raw/ilearn.thu.edu.tw/static/54964-7faa4ec3.js; raw/ilearn.thu.edu.tw/static/56473.a646da96.js; raw/ilearn.thu.edu.tw/static/76756.7b06f21b.js; raw/ilearn.thu.edu.tw/static/7693.6ddfbed1.js,500
/api/questionnaires/,questionnaires,GET; OBSERVED_GET; POST,5,5,raw/ilearn.thu.edu.tw/api/questionnaires/index.json; raw/ilearn.thu.edu.tw/static/13149-ab088423.js; raw/ilearn.thu.edu.tw/static/34691.515731f8.js; raw/ilearn.thu.edu.tw/static/41789.52c6778d.js; raw/ilearn.thu.edu.tw/static/88788.161d6b6a.js,404
/api/replies/,replies,DELETE; OBSERVED_GET; POST; PUT,5,3,raw/ilearn.thu.edu.tw/api/replies/index.json; raw/ilearn.thu.edu.tw/static/44346.7b57b52e.js; raw/ilearn.thu.edu.tw/static/50759.ba0ade2f.js,404
/api/resource-file/,resource-file,GET; OBSERVED_GET; POST,5,4,raw/ilearn.thu.edu.tw/api/resource-file/index.json; raw/ilearn.thu.edu.tw/static/72525.f719bf4f.js; raw/ilearn.thu.edu.tw/static/72592.28fdf93c.js; raw/ilearn.thu.edu.tw/static/72914-965f4ad4.js,404
/api/rubric/,rubric,DELETE; OBSERVED_GET,5,5,raw/ilearn.thu.edu.tw/api/rubric/index.json; raw/ilearn.thu.edu.tw/static/34423.a5cefcd5.js; raw/ilearn.thu.edu.tw/static/55200.e380810d.js; raw/ilearn.thu.edu.tw/static/63756-b6ed5817.js; raw/ilearn.thu.edu.tw/static/67133.08e1a687.js,404
/api/rubrics-with-resource?page=,rubrics-with-resource,GET; OBSERVED_GET,5,5,raw/ilearn.thu.edu.tw/api/rubrics-with-resource__q_ee1eaef797.json; raw/ilearn.thu.edu.tw/static/34423.a5cefcd5.js; raw/ilearn.thu.edu.tw/static/55200.e380810d.js; raw/ilearn.thu.edu.tw/static/63756-b6ed5817.js; raw/ilearn.thu.edu.tw/static/67133.08e1a687.js,403
/api/rubrics/template?no-intercept=true,rubrics,GET; OBSERVED_GET,5,5,raw/ilearn.thu.edu.tw/api/rubrics/template__q_ee79111d36.json; raw/ilearn.thu.edu.tw/static/34423.a5cefcd5.js; raw/ilearn.thu.edu.tw/static/55200.e380810d.js; raw/ilearn.thu.edu.tw/static/63756-b6ed5817.js; raw/ilearn.thu.edu.tw/static/67133.08e1a687.js,200
"/api/rubrics?no-intercept=true&fields=id,name,conditions,created_by,created_at,is_shared_rubric&page=",rubrics,GET; OBSERVED_GET,5,5,raw/ilearn.thu.edu.tw/api/rubrics__q_efc6ce5da9.json; raw/ilearn.thu.edu.tw/static/34423.a5cefcd5.js; raw/ilearn.thu.edu.tw/static/55200.e380810d.js; raw/ilearn.thu.edu.tw/static/63756-b6ed5817.js; raw/ilearn.thu.edu.tw/static/67133.08e1a687.js,200
/api/shared-resources,shared-resources,OBSERVED_GET; POST,5,5,raw/ilearn.thu.edu.tw/api/shared-resources.json; raw/ilearn.thu.edu.tw/static/25753.6c691880.js; raw/ilearn.thu.edu.tw/static/30801-25982468.js; raw/ilearn.thu.edu.tw/static/34423.a5cefcd5.js; raw/ilearn.thu.edu.tw/static/7693.6ddfbed1.js,200
/api/sign-in,sign-in,OBSERVED_GET; POST,5,5,raw/ilearn.thu.edu.tw/api/sign-in.html; raw/ilearn.thu.edu.tw/static/20307-0fd301f4.js; raw/ilearn.thu.edu.tw/static/42585.3fa356ed.js; raw/ilearn.thu.edu.tw/static/64911.f8406418.js; raw/ilearn.thu.edu.tw/static/90179.4a3256c6.js,500
/api/sign-in/stats,sign-in,OBSERVED_GET; POST,5,5,raw/ilearn.thu.edu.tw/api/sign-in/stats.json; raw/ilearn.thu.edu.tw/static/20307-0fd301f4.js; raw/ilearn.thu.edu.tw/static/42585.3fa356ed.js; raw/ilearn.thu.edu.tw/static/64911.f8406418.js; raw/ilearn.thu.edu.tw/static/90179.4a3256c6.js,200
/api/slides/,slides,DELETE; GET; OBSERVED_GET; PUT,5,3,raw/ilearn.thu.edu.tw/api/slides/index.json; raw/ilearn.thu.edu.tw/static/2469.2015e9b3.js; raw/ilearn.thu.edu.tw/static/68805.a47db79c.js,404
/api/stat/departments/attendance/export/,stat,POST,5,5,raw/ilearn.thu.edu.tw/static/120.e0d9ff72.js; raw/ilearn.thu.edu.tw/static/35918.b5c140f6.js; raw/ilearn.thu.edu.tw/static/40991.c161b769.js; raw/ilearn.thu.edu.tw/static/44404.b4467c25.js; raw/ilearn.thu.edu.tw/static/92455.9596e32b.js,
/api/stat/departments/attendance?page=,stat,POST,5,5,raw/ilearn.thu.edu.tw/static/120.e0d9ff72.js; raw/ilearn.thu.edu.tw/static/35918.b5c140f6.js; raw/ilearn.thu.edu.tw/static/40991.c161b769.js; raw/ilearn.thu.edu.tw/static/44404.b4467c25.js; raw/ilearn.thu.edu.tw/static/92455.9596e32b.js,
/api/todos?exclude_questionnaire=true,todos,GET; OBSERVED_GET,5,5,raw/ilearn.thu.edu.tw/api/todos__q_65b5ceed6b.json; raw/ilearn.thu.edu.tw/static/20307-0fd301f4.js; raw/ilearn.thu.edu.tw/static/42585.3fa356ed.js; raw/ilearn.thu.edu.tw/static/64911.f8406418.js; raw/ilearn.thu.edu.tw/static/90179.4a3256c6.js,200
/api/uploads/{id}/modified-image?thumbnail=350x190,uploads,UNKNOWN,5,5,raw/ilearn.thu.edu.tw/api/courses/public.json; raw/ilearn.thu.edu.tw/api/courses/public/hot__q_1f15a49f42.json; raw/ilearn.thu.edu.tw/api/courses/public/hot__q_8413e91418.json; raw/ilearn.thu.edu.tw/api/courses/public/latest__q_1f15a49f42.json; raw/ilearn.thu.edu.tw/api/portal-classifications.json,
/api/uploads/{id}/modified-image?thumbnail=700x380,uploads,UNKNOWN,5,5,raw/ilearn.thu.edu.tw/api/courses/public.json; raw/ilearn.thu.edu.tw/api/courses/public/hot__q_1f15a49f42.json; raw/ilearn.thu.edu.tw/api/courses/public/hot__q_8413e91418.json; raw/ilearn.thu.edu.tw/api/courses/public/latest__q_1f15a49f42.json; raw/ilearn.thu.edu.tw/api/user/recently-visited-courses.json,
/api/uptoken?id=,uptoken,GET; OBSERVED_GET; POST,5,4,raw/ilearn.thu.edu.tw/api/uptoken__q_a5c2f4a93b.json; raw/ilearn.thu.edu.tw/static/18283.f40cd1f6.js; raw/ilearn.thu.edu.tw/static/56834-67be8618.js; raw/ilearn.thu.edu.tw/static/72914-965f4ad4.js,404
/api/vtrses/access-code/,vtrses,GET; OBSERVED_GET,5,5,raw/ilearn.thu.edu.tw/api/vtrses/access-code/index.json; raw/ilearn.thu.edu.tw/static/23977.ebaa5322.js; raw/ilearn.thu.edu.tw/static/40251.b93d27d4.js; raw/ilearn.thu.edu.tw/static/67853-6eb5a068.js; raw/ilearn.thu.edu.tw/static/78946.84d34ae9.js,404
/api/vtrses/resources/classifications/,vtrses,DELETE; OBSERVED_GET; PUT,5,3,raw/ilearn.thu.edu.tw/api/vtrses/resources/classifications/index.json; raw/ilearn.thu.edu.tw/static/56748-43cfa952.js; raw/ilearn.thu.edu.tw/static/78946.84d34ae9.js,404
/api/wedrive/files?page=,wedrive,GET; OBSERVED_GET,5,5,raw/ilearn.thu.edu.tw/api/wedrive/files__q_ee1eaef797.html; raw/ilearn.thu.edu.tw/static/54964-7faa4ec3.js; raw/ilearn.thu.edu.tw/static/56473.a646da96.js; raw/ilearn.thu.edu.tw/static/76756.7b06f21b.js; raw/ilearn.thu.edu.tw/static/7693.6ddfbed1.js,500
https://ilearn.thu.edu.tw/api/uploads/{id}/modified-image?thumbnail=350x190,uploads,UNKNOWN,5,5,raw/ilearn.thu.edu.tw/api/courses/public.json; raw/ilearn.thu.edu.tw/api/courses/public/hot__q_1f15a49f42.json; raw/ilearn.thu.edu.tw/api/courses/public/hot__q_8413e91418.json; raw/ilearn.thu.edu.tw/api/courses/public/latest__q_1f15a49f42.json; raw/ilearn.thu.edu.tw/api/portal-classifications.json,
https://ilearn.thu.edu.tw/api/uploads/{id}/modified-image?thumbnail=700x380,uploads,UNKNOWN,5,5,raw/ilearn.thu.edu.tw/api/courses/public.json; raw/ilearn.thu.edu.tw/api/courses/public/hot__q_1f15a49f42.json; raw/ilearn.thu.edu.tw/api/courses/public/hot__q_8413e91418.json; raw/ilearn.thu.edu.tw/api/courses/public/latest__q_1f15a49f42.json; raw/ilearn.thu.edu.tw/api/user/recently-visited-courses.json,
/api/ask-questions/,ask-questions,DELETE; OBSERVED_GET; PUT,4,4,raw/ilearn.thu.edu.tw/api/ask-questions/index.json; raw/ilearn.thu.edu.tw/static/13149-ab088423.js; raw/ilearn.thu.edu.tw/static/80243.eb4c2912.js; raw/ilearn.thu.edu.tw/static/82017-1e48dc04.js,404
/api/authz/,authz,POST,4,4,raw/ilearn.thu.edu.tw/static/19619.6081b084.js; raw/ilearn.thu.edu.tw/static/34671.c9d36f7b.js; raw/ilearn.thu.edu.tw/static/6696.3bfff1df.js; raw/ilearn.thu.edu.tw/static/93392.97d11656.js,
/api/authz/course-permissions,authz,POST,4,4,raw/ilearn.thu.edu.tw/static/19619.6081b084.js; raw/ilearn.thu.edu.tw/static/34671.c9d36f7b.js; raw/ilearn.thu.edu.tw/static/6696.3bfff1df.js; raw/ilearn.thu.edu.tw/static/93392.97d11656.js,
/api/authz/course-role/,authz,GET,4,4,raw/ilearn.thu.edu.tw/static/19619.6081b084.js; raw/ilearn.thu.edu.tw/static/34671.c9d36f7b.js; raw/ilearn.thu.edu.tw/static/6696.3bfff1df.js; raw/ilearn.thu.edu.tw/static/93392.97d11656.js,
/api/authz/course-roles?conditions=,authz,GET,4,4,raw/ilearn.thu.edu.tw/static/19619.6081b084.js; raw/ilearn.thu.edu.tw/static/34671.c9d36f7b.js; raw/ilearn.thu.edu.tw/static/6696.3bfff1df.js; raw/ilearn.thu.edu.tw/static/93392.97d11656.js,
/api/authz/permissions,authz,POST,4,4,raw/ilearn.thu.edu.tw/static/19619.6081b084.js; raw/ilearn.thu.edu.tw/static/34671.c9d36f7b.js; raw/ilearn.thu.edu.tw/static/6696.3bfff1df.js; raw/ilearn.thu.edu.tw/static/93392.97d11656.js,
/api/authz/user-roles,authz,DELETE,4,4,raw/ilearn.thu.edu.tw/static/19619.6081b084.js; raw/ilearn.thu.edu.tw/static/34671.c9d36f7b.js; raw/ilearn.thu.edu.tw/static/6696.3bfff1df.js; raw/ilearn.thu.edu.tw/static/93392.97d11656.js,
/api/authz/user-roles?page=,authz,DELETE,4,4,raw/ilearn.thu.edu.tw/static/19619.6081b084.js; raw/ilearn.thu.edu.tw/static/34671.c9d36f7b.js; raw/ilearn.thu.edu.tw/static/6696.3bfff1df.js; raw/ilearn.thu.edu.tw/static/93392.97d11656.js,
/api/auto-create,auto-create,OBSERVED_GET; POST,4,4,raw/ilearn.thu.edu.tw/api/auto-create.html; raw/ilearn.thu.edu.tw/static/16065.63e765ac.js; raw/ilearn.thu.edu.tw/static/27093.22d65938.js; raw/ilearn.thu.edu.tw/static/76987.9d0adda9.js,500
/api/blueprint/sub-courses/,blueprint,DELETE,4,4,raw/ilearn.thu.edu.tw/static/50574.d4b1d445.js; raw/ilearn.thu.edu.tw/static/5747.0616b035.js; raw/ilearn.thu.edu.tw/static/60868-9c24b52d.js; raw/ilearn.thu.edu.tw/static/89151.33ad6225.js,
/api/certifications,certifications,GET; OBSERVED_GET; PUT,4,4,raw/ilearn.thu.edu.tw/api/certifications.json; raw/ilearn.thu.edu.tw/static/11812.92e9ccfe.js; raw/ilearn.thu.edu.tw/static/49592.0ad88a29.js; raw/ilearn.thu.edu.tw/static/72914-965f4ad4.js,200
/api/classes/,classes,GET; OBSERVED_GET,4,4,raw/ilearn.thu.edu.tw/api/classes/index.json; raw/ilearn.thu.edu.tw/static/26755.0336f93f.js; raw/ilearn.thu.edu.tw/static/30801-25982468.js; raw/ilearn.thu.edu.tw/static/76987.9d0adda9.js,404
/api/cloud-classroom/,cloud-classroom,GET; OBSERVED_GET,4,4,raw/ilearn.thu.edu.tw/api/cloud-classroom/index.json; raw/ilearn.thu.edu.tw/static/31510.c03f0ff5.js; raw/ilearn.thu.edu.tw/static/70397.11a0efa6.js; raw/ilearn.thu.edu.tw/static/87899.f2d33e40.js,404
/api/cloud-classroom/live-classes/export/excel?order_by=,cloud-classroom,OBSERVED_GET; PUT,4,4,raw/ilearn.thu.edu.tw/api/cloud-classroom/live-classes/export/excel__q_d70f56dff4.json; raw/ilearn.thu.edu.tw/static/31510.c03f0ff5.js; raw/ilearn.thu.edu.tw/static/70397.11a0efa6.js; raw/ilearn.thu.edu.tw/static/87899.f2d33e40.js,403
/api/course-packages,course-packages,DELETE; OBSERVED_GET,4,4,raw/ilearn.thu.edu.tw/api/course-packages.json; raw/ilearn.thu.edu.tw/static/18012.8701c2e1.js; raw/ilearn.thu.edu.tw/static/44346.7b57b52e.js; raw/ilearn.thu.edu.tw/static/59246.3ab4838a.js,200
/api/course_template,course_template,OBSERVED_GET; POST,4,4,raw/ilearn.thu.edu.tw/api/course_template.html; raw/ilearn.thu.edu.tw/static/25163.4f7c3b16.js; raw/ilearn.thu.edu.tw/static/51533.32779be1.js; raw/ilearn.thu.edu.tw/static/81959.f1d9d1b3.js,500
/api/courses/count,courses,OBSERVED_GET; POST; PUT,4,4,raw/ilearn.thu.edu.tw/api/courses/count.json; raw/ilearn.thu.edu.tw/static/11812.92e9ccfe.js; raw/ilearn.thu.edu.tw/static/49592.0ad88a29.js; raw/ilearn.thu.edu.tw/static/72914-965f4ad4.js,200
/api/courses/inspect-child/,courses,OBSERVED_GET; PUT,4,4,raw/ilearn.thu.edu.tw/api/courses/inspect-child/index.json; raw/ilearn.thu.edu.tw/static/49294.50a0a8b3.js; raw/ilearn.thu.edu.tw/static/79055.ee36c6a2.js; raw/ilearn.thu.edu.tw/static/82017-1e48dc04.js,404
/api/courses/interactions/vote/,courses,OBSERVED_GET; PUT,4,4,raw/ilearn.thu.edu.tw/api/courses/interactions/vote/index.json; raw/ilearn.thu.edu.tw/static/26703.244911cf.js; raw/ilearn.thu.edu.tw/static/54964-7faa4ec3.js; raw/ilearn.thu.edu.tw/static/9217.3ccc580b.js,404
/api/courses/public,courses,OBSERVED_GET; POST,4,4,raw/ilearn.thu.edu.tw/api/courses/public.json; raw/ilearn.thu.edu.tw/static/41568.0adf30d4.js; raw/ilearn.thu.edu.tw/static/73644.1ab1287a.js; raw/ilearn.thu.edu.tw/static/9727.544f163b.js,200
/api/courseware-quiz/generate-subjects,courseware-quiz,OBSERVED_GET; POST; UNKNOWN,4,4,raw/ilearn.thu.edu.tw/api/courseware-quiz/generate-subjects.html; raw/ilearn.thu.edu.tw/static/51708-096d42d6.js; raw/ilearn.thu.edu.tw/static/54345.354d5629.js; raw/ilearn.thu.edu.tw/static/77503-ccf74164.js,500
/api/courseware-quiz/generate-subjects-by-text,courseware-quiz,OBSERVED_GET; POST; UNKNOWN,4,4,raw/ilearn.thu.edu.tw/api/courseware-quiz/generate-subjects-by-text.html; raw/ilearn.thu.edu.tw/static/51708-096d42d6.js; raw/ilearn.thu.edu.tw/static/54345.354d5629.js; raw/ilearn.thu.edu.tw/static/77503-ccf74164.js,500
/api/curriculum,curriculum,DELETE; OBSERVED_GET,4,4,raw/ilearn.thu.edu.tw/api/curriculum.html; raw/ilearn.thu.edu.tw/static/14928.ccbfea64.js; raw/ilearn.thu.edu.tw/static/24262.bfbc60d3.js; raw/ilearn.thu.edu.tw/static/24712-18317acc.js,500
/api/curriculum-conditions/resort,curriculum-conditions,OBSERVED_GET; PUT,4,4,raw/ilearn.thu.edu.tw/api/curriculum-conditions/resort.html; raw/ilearn.thu.edu.tw/static/14928.ccbfea64.js; raw/ilearn.thu.edu.tw/static/24262.bfbc60d3.js; raw/ilearn.thu.edu.tw/static/24712-18317acc.js,500
/api/curriculum-enrollments/,curriculum-enrollments,DELETE; OBSERVED_GET,4,4,raw/ilearn.thu.edu.tw/api/curriculum-enrollments/index.json; raw/ilearn.thu.edu.tw/static/14928.ccbfea64.js; raw/ilearn.thu.edu.tw/static/24262.bfbc60d3.js; raw/ilearn.thu.edu.tw/static/24712-18317acc.js,404
/api/curriculum-sections/resort,curriculum-sections,DELETE; OBSERVED_GET,4,4,raw/ilearn.thu.edu.tw/api/curriculum-sections/resort.html; raw/ilearn.thu.edu.tw/static/14928.ccbfea64.js; raw/ilearn.thu.edu.tw/static/24262.bfbc60d3.js; raw/ilearn.thu.edu.tw/static/24712-18317acc.js,500
/api/curriculums,curriculums,GET; OBSERVED_GET,4,4,raw/ilearn.thu.edu.tw/api/curriculums.json; raw/ilearn.thu.edu.tw/static/14928.ccbfea64.js; raw/ilearn.thu.edu.tw/static/24262.bfbc60d3.js; raw/ilearn.thu.edu.tw/static/24712-18317acc.js,404
/api/custom-score-items/,custom-score-items,OBSERVED_GET; PUT,4,4,raw/ilearn.thu.edu.tw/api/custom-score-items/index.json; raw/ilearn.thu.edu.tw/static/12159.7fb514eb.js; raw/ilearn.thu.edu.tw/static/js/lms-main-898f71e6.js; raw/ilearn.thu.edu.tw/static/js/main-public-course-aa8290d5.js,404
/api/data-import/chaoxing-score/,data-import,OBSERVED_GET; POST,4,4,raw/ilearn.thu.edu.tw/api/data-import/chaoxing-score/index.json; raw/ilearn.thu.edu.tw/static/12159.7fb514eb.js; raw/ilearn.thu.edu.tw/static/82017-1e48dc04.js; raw/ilearn.thu.edu.tw/static/js/main-portal-cc072a5a.js,404
/api/data-import/curriculum-enrollments,data-import,OBSERVED_GET; POST,4,4,raw/ilearn.thu.edu.tw/api/data-import/curriculum-enrollments.html; raw/ilearn.thu.edu.tw/static/14928.ccbfea64.js; raw/ilearn.thu.edu.tw/static/24262.bfbc60d3.js; raw/ilearn.thu.edu.tw/static/24712-18317acc.js,500
/api/duplicate-detect/file/,duplicate-detect,GET; OBSERVED_GET,4,4,raw/ilearn.thu.edu.tw/api/duplicate-detect/file/index.json; raw/ilearn.thu.edu.tw/static/45685.4e07b7a7.js; raw/ilearn.thu.edu.tw/static/70619-686c4819.js; raw/ilearn.thu.edu.tw/static/84769.6cb6a87f.js,404
/api/entries/batch-delete,entries,DELETE; OBSERVED_GET,4,4,raw/ilearn.thu.edu.tw/api/entries/batch-delete.html; raw/ilearn.thu.edu.tw/static/14433.8da36488.js; raw/ilearn.thu.edu.tw/static/2896.c02ef48c.js; raw/ilearn.thu.edu.tw/static/8751.50229f20.js,500
/api/face-recognition/config,face-recognition,GET,4,4,raw/ilearn.thu.edu.tw/static/33655.ef38fe8c.js; raw/ilearn.thu.edu.tw/static/50759.ba0ade2f.js; raw/ilearn.thu.edu.tw/static/68932.dcb81e7e.js; raw/ilearn.thu.edu.tw/static/88788.161d6b6a.js,
/api/feedbacks/,feedbacks,DELETE; OBSERVED_GET,4,4,raw/ilearn.thu.edu.tw/api/feedbacks/index.json; raw/ilearn.thu.edu.tw/static/44346.7b57b52e.js; raw/ilearn.thu.edu.tw/static/76445.efefe93a.js; raw/ilearn.thu.edu.tw/static/83727.aab0cb48.js,404
/api/google/authorization-url,google,GET; OBSERVED_GET,4,4,raw/ilearn.thu.edu.tw/api/google/authorization-url.json; raw/ilearn.thu.edu.tw/static/4396.fcd26037.js; raw/ilearn.thu.edu.tw/static/96594.0de9518d.js; raw/ilearn.thu.edu.tw/static/96966.ce16085e.js,200
/api/lesson-rooms,lesson-rooms,GET; OBSERVED_GET,4,4,raw/ilearn.thu.edu.tw/api/lesson-rooms.json; raw/ilearn.thu.edu.tw/static/11836.f57019c4.js; raw/ilearn.thu.edu.tw/static/26132-3e4ab0d2.js; raw/ilearn.thu.edu.tw/static/44184.7677cc88.js,200
/api/line-login/authorization-url,line-login,GET; OBSERVED_GET,4,4,raw/ilearn.thu.edu.tw/api/line-login/authorization-url.json; raw/ilearn.thu.edu.tw/static/4396.fcd26037.js; raw/ilearn.thu.edu.tw/static/96594.0de9518d.js; raw/ilearn.thu.edu.tw/static/96966.ce16085e.js,200
/api/line-notify/authorization-url,line-notify,GET; OBSERVED_GET,4,4,raw/ilearn.thu.edu.tw/api/line-notify/authorization-url.json; raw/ilearn.thu.edu.tw/static/4396.fcd26037.js; raw/ilearn.thu.edu.tw/static/96594.0de9518d.js; raw/ilearn.thu.edu.tw/static/96966.ce16085e.js,404
/api/microsoft/authorization-url,microsoft,GET; OBSERVED_GET,4,4,raw/ilearn.thu.edu.tw/api/microsoft/authorization-url.json; raw/ilearn.thu.edu.tw/static/4396.fcd26037.js; raw/ilearn.thu.edu.tw/static/96594.0de9518d.js; raw/ilearn.thu.edu.tw/static/96966.ce16085e.js,200
/api/my-classes,my-classes,GET; OBSERVED_GET,4,4,raw/ilearn.thu.edu.tw/api/my-classes.json; raw/ilearn.thu.edu.tw/static/41568.0adf30d4.js; raw/ilearn.thu.edu.tw/static/73644.1ab1287a.js; raw/ilearn.thu.edu.tw/static/9727.544f163b.js,200
/api/my-departments,my-departments,GET; OBSERVED_GET,4,4,raw/ilearn.thu.edu.tw/api/my-departments.json; raw/ilearn.thu.edu.tw/static/41568.0adf30d4.js; raw/ilearn.thu.edu.tw/static/73644.1ab1287a.js; raw/ilearn.thu.edu.tw/static/9727.544f163b.js,200
/api/my-grades,my-grades,GET; OBSERVED_GET,4,4,raw/ilearn.thu.edu.tw/api/my-grades.json; raw/ilearn.thu.edu.tw/static/41568.0adf30d4.js; raw/ilearn.thu.edu.tw/static/73644.1ab1287a.js; raw/ilearn.thu.edu.tw/static/9727.544f163b.js,200
/api/my-teaching-classes,my-teaching-classes,GET; OBSERVED_GET,4,4,raw/ilearn.thu.edu.tw/api/my-teaching-classes.json; raw/ilearn.thu.edu.tw/static/41568.0adf30d4.js; raw/ilearn.thu.edu.tw/static/73644.1ab1287a.js; raw/ilearn.thu.edu.tw/static/9727.544f163b.js,200
/api/notes/,notes,DELETE; OBSERVED_GET; POST,4,3,raw/ilearn.thu.edu.tw/api/notes/index.json; raw/ilearn.thu.edu.tw/static/48471.89184ab3.js; raw/ilearn.thu.edu.tw/static/72914-965f4ad4.js,404
/api/online-teachings,online-teachings,GET; OBSERVED_GET,4,4,raw/ilearn.thu.edu.tw/api/online-teachings.json; raw/ilearn.thu.edu.tw/static/31510.c03f0ff5.js; raw/ilearn.thu.edu.tw/static/70397.11a0efa6.js; raw/ilearn.thu.edu.tw/static/87899.f2d33e40.js,404
/api/orgs?,orgs,GET,4,4,raw/ilearn.thu.edu.tw/static/24262.bfbc60d3.js; raw/ilearn.thu.edu.tw/static/41568.0adf30d4.js; raw/ilearn.thu.edu.tw/static/73644.1ab1287a.js; raw/ilearn.thu.edu.tw/static/9727.544f163b.js,
/api/outline-setting/,outline-setting,DELETE; OBSERVED_GET; POST; PUT,4,2,raw/ilearn.thu.edu.tw/api/outline-setting/index.json; raw/ilearn.thu.edu.tw/static/49420.b30bc6e4.js,404
/api/problem-level/,problem-level,DELETE; POST,4,2,raw/ilearn.thu.edu.tw/static/50574.d4b1d445.js; raw/ilearn.thu.edu.tw/static/52507.583e35f3.js,
/api/projects/,projects,GET; OBSERVED_GET; POST; PUT,4,2,raw/ilearn.thu.edu.tw/api/projects/index.json; raw/ilearn.thu.edu.tw/static/67184-b33fe039.js,404
"/api/reviewed-courses?all=true&fields=id,name,course_code",reviewed-courses,POST,4,4,raw/ilearn.thu.edu.tw/static/19619.6081b084.js; raw/ilearn.thu.edu.tw/static/34671.c9d36f7b.js; raw/ilearn.thu.edu.tw/static/6696.3bfff1df.js; raw/ilearn.thu.edu.tw/static/93392.97d11656.js,
/api/reviewed-courses?page=,reviewed-courses,POST,4,4,raw/ilearn.thu.edu.tw/static/19619.6081b084.js; raw/ilearn.thu.edu.tw/static/34671.c9d36f7b.js; raw/ilearn.thu.edu.tw/static/6696.3bfff1df.js; raw/ilearn.thu.edu.tw/static/93392.97d11656.js,
/api/sections,sections,GET; OBSERVED_GET,4,4,raw/ilearn.thu.edu.tw/api/sections.json; raw/ilearn.thu.edu.tw/static/14928.ccbfea64.js; raw/ilearn.thu.edu.tw/static/24262.bfbc60d3.js; raw/ilearn.thu.edu.tw/static/24712-18317acc.js,404
/api/task/last?no-intercept=true,task,OBSERVED_GET; POST,4,4,raw/ilearn.thu.edu.tw/api/task/last__q_ee79111d36.json; raw/ilearn.thu.edu.tw/static/41568.0adf30d4.js; raw/ilearn.thu.edu.tw/static/73644.1ab1287a.js; raw/ilearn.thu.edu.tw/static/9727.544f163b.js,400
/api/teaching-calendar/,teaching-calendar,DELETE; OBSERVED_GET,4,4,raw/ilearn.thu.edu.tw/api/teaching-calendar/index.json; raw/ilearn.thu.edu.tw/static/49294.50a0a8b3.js; raw/ilearn.thu.edu.tw/static/79055.ee36c6a2.js; raw/ilearn.thu.edu.tw/static/82017-1e48dc04.js,404
/api/teaching-calendars,teaching-calendars,GET; OBSERVED_GET,4,4,raw/ilearn.thu.edu.tw/api/teaching-calendars.json; raw/ilearn.thu.edu.tw/static/49294.50a0a8b3.js; raw/ilearn.thu.edu.tw/static/79055.ee36c6a2.js; raw/ilearn.thu.edu.tw/static/82017-1e48dc04.js,200
/api/tencent-meeting/authorization-url,tencent-meeting,OBSERVED_GET; UNKNOWN,4,4,raw/ilearn.thu.edu.tw/api/tencent-meeting/authorization-url.html; raw/ilearn.thu.edu.tw/static/16985.5dac5529.js; raw/ilearn.thu.edu.tw/static/26132-3e4ab0d2.js; raw/ilearn.thu.edu.tw/static/67853-6eb5a068.js,500
/api/tencent-meeting/statistics,tencent-meeting,GET; OBSERVED_GET,4,4,raw/ilearn.thu.edu.tw/api/tencent-meeting/statistics.json; raw/ilearn.thu.edu.tw/static/31510.c03f0ff5.js; raw/ilearn.thu.edu.tw/static/70397.11a0efa6.js; raw/ilearn.thu.edu.tw/static/87899.f2d33e40.js,200
/api/tencent-meeting/statistics/excel?conditions=,tencent-meeting,DELETE; OBSERVED_GET,4,4,raw/ilearn.thu.edu.tw/api/tencent-meeting/statistics/excel__q_312ea1bc9c.html; raw/ilearn.thu.edu.tw/static/31510.c03f0ff5.js; raw/ilearn.thu.edu.tw/static/70397.11a0efa6.js; raw/ilearn.thu.edu.tw/static/87899.f2d33e40.js,500
/api/third-party/info,third-party,GET; OBSERVED_GET,4,4,raw/ilearn.thu.edu.tw/api/third-party/info.json; raw/ilearn.thu.edu.tw/static/4396.fcd26037.js; raw/ilearn.thu.edu.tw/static/96594.0de9518d.js; raw/ilearn.thu.edu.tw/static/96966.ce16085e.js,200
/api/toggle-opened-orgs?toggle=share_resource_to_other_orgs&include_current_org=,toggle-opened-orgs,GET; OBSERVED_GET,4,4,raw/ilearn.thu.edu.tw/api/toggle-opened-orgs__q_b9f4bfaf52.html; raw/ilearn.thu.edu.tw/static/25753.6c691880.js; raw/ilearn.thu.edu.tw/static/30801-25982468.js; raw/ilearn.thu.edu.tw/static/7693.6ddfbed1.js,500
/api/uploads/audio/,uploads,GET; UNKNOWN,4,4,raw/ilearn.thu.edu.tw/static/2276.c8da6806.js; raw/ilearn.thu.edu.tw/static/44093.3708899a.js; raw/ilearn.thu.edu.tw/static/72914-965f4ad4.js; raw/ilearn.thu.edu.tw/static/82017-1e48dc04.js,
/api/user-actions?jwt=,user-actions,OBSERVED_GET; UNKNOWN,4,4,raw/ilearn.thu.edu.tw/api/user-actions__q_a263c00919.json; raw/ilearn.thu.edu.tw/static/41568.0adf30d4.js; raw/ilearn.thu.edu.tw/static/72914-965f4ad4.js; raw/ilearn.thu.edu.tw/static/9727.544f163b.js,404
/api/user/check-course-graduate,user,OBSERVED_GET; POST,4,4,raw/ilearn.thu.edu.tw/api/user/check-course-graduate.html; raw/ilearn.thu.edu.tw/static/14928.ccbfea64.js; raw/ilearn.thu.edu.tw/static/24381.0c635568.js; raw/ilearn.thu.edu.tw/static/27093.22d65938.js,500
/api/user/personas,user,DELETE; GET; OBSERVED_GET; PUT,4,3,raw/ilearn.thu.edu.tw/api/user/personas.json; raw/ilearn.thu.edu.tw/static/42585.3fa356ed.js; raw/ilearn.thu.edu.tw/static/96594.0de9518d.js,200
/api/user?page=,user,DELETE,4,4,raw/ilearn.thu.edu.tw/static/19619.6081b084.js; raw/ilearn.thu.edu.tw/static/34671.c9d36f7b.js; raw/ilearn.thu.edu.tw/static/6696.3bfff1df.js; raw/ilearn.thu.edu.tw/static/93392.97d11656.js,
/api/users/without_authz_roles?ignore_avatar=false&page=,users,DELETE,4,4,raw/ilearn.thu.edu.tw/static/19619.6081b084.js; raw/ilearn.thu.edu.tw/static/34671.c9d36f7b.js; raw/ilearn.thu.edu.tw/static/6696.3bfff1df.js; raw/ilearn.thu.edu.tw/static/93392.97d11656.js,
/api/virtual-experiments/,virtual-experiments,GET; OBSERVED_GET; POST,4,3,raw/ilearn.thu.edu.tw/api/virtual-experiments/index.json; raw/ilearn.thu.edu.tw/static/2896.c02ef48c.js; raw/ilearn.thu.edu.tw/static/88788.161d6b6a.js,404
/api/webex/authorization-url,webex,GET; OBSERVED_GET,4,4,raw/ilearn.thu.edu.tw/api/webex/authorization-url.json; raw/ilearn.thu.edu.tw/static/4396.fcd26037.js; raw/ilearn.thu.edu.tw/static/96594.0de9518d.js; raw/ilearn.thu.edu.tw/static/96966.ce16085e.js,404
/api/academic-years,academic-years,DELETE; GET; OBSERVED_GET,3,3,raw/ilearn.thu.edu.tw/api/academic-years.json; raw/ilearn.thu.edu.tw/static/32419.cdd214b3.js; raw/ilearn.thu.edu.tw/static/49592.0ad88a29.js,200
/api/ai-ppt/usage,ai-ppt,OBSERVED_GET; POST,3,3,raw/ilearn.thu.edu.tw/api/ai-ppt/usage.html; raw/ilearn.thu.edu.tw/static/40287-6134fd77.js; raw/ilearn.thu.edu.tw/static/77503-ccf74164.js,500
/api/ai-ppt/user/usage/count,ai-ppt,GET; OBSERVED_GET,3,3,raw/ilearn.thu.edu.tw/api/ai-ppt/user/usage/count.json; raw/ilearn.thu.edu.tw/static/40287-6134fd77.js; raw/ilearn.thu.edu.tw/static/77503-ccf74164.js,404
/api/air-credit/course,air-credit,GET; OBSERVED_GET,3,3,raw/ilearn.thu.edu.tw/api/air-credit/course.json; raw/ilearn.thu.edu.tw/static/51708-096d42d6.js; raw/ilearn.thu.edu.tw/static/77503-ccf74164.js,400
/api/air-credit/course/,air-credit,GET; OBSERVED_GET,3,3,raw/ilearn.thu.edu.tw/api/air-credit/course/index.json; raw/ilearn.thu.edu.tw/static/51708-096d42d6.js; raw/ilearn.thu.edu.tw/static/77503-ccf74164.js,404
/api/air-credit/resources/,air-credit,GET; OBSERVED_GET,3,3,raw/ilearn.thu.edu.tw/api/air-credit/resources/index.json; raw/ilearn.thu.edu.tw/static/51708-096d42d6.js; raw/ilearn.thu.edu.tw/static/77503-ccf74164.js,404
/api/air-credit/user,air-credit,GET; OBSERVED_GET,3,3,raw/ilearn.thu.edu.tw/api/air-credit/user.json; raw/ilearn.thu.edu.tw/static/51708-096d42d6.js; raw/ilearn.thu.edu.tw/static/77503-ccf74164.js,200
/api/air-credit/user/courses/ai-ability,air-credit,GET; OBSERVED_GET,3,3,raw/ilearn.thu.edu.tw/api/air-credit/user/courses/ai-ability.json; raw/ilearn.thu.edu.tw/static/51708-096d42d6.js; raw/ilearn.thu.edu.tw/static/77503-ccf74164.js,200
/api/air-credit/user/token,air-credit,GET; OBSERVED_GET,3,3,raw/ilearn.thu.edu.tw/api/air-credit/user/token.json; raw/ilearn.thu.edu.tw/static/51708-096d42d6.js; raw/ilearn.thu.edu.tw/static/77503-ccf74164.js,403
/api/alert-logs/,alert-logs,GET,3,3,raw/ilearn.thu.edu.tw/static/83176.908d40cb.js; raw/ilearn.thu.edu.tw/static/93366.14a0fcf7.js; raw/ilearn.thu.edu.tw/static/94862.200578e9.js,
/api/alert/members?user_ids=,alert,GET,3,3,raw/ilearn.thu.edu.tw/static/83176.908d40cb.js; raw/ilearn.thu.edu.tw/static/93366.14a0fcf7.js; raw/ilearn.thu.edu.tw/static/94862.200578e9.js,
/api/bulletins/latest,bulletins,GET; OBSERVED_GET,3,3,raw/ilearn.thu.edu.tw/api/bulletins/latest.json; raw/ilearn.thu.edu.tw/static/42585.3fa356ed.js; raw/ilearn.thu.edu.tw/static/99038.bc3a4ccc.js,200
/api/calendar-events,calendar-events,GET; OBSERVED_GET; POST,3,3,raw/ilearn.thu.edu.tw/api/calendar-events.json; raw/ilearn.thu.edu.tw/static/72914-965f4ad4.js; raw/ilearn.thu.edu.tw/static/97195.2faf10fc.js,200
/api/calendar-timetables,calendar-timetables,GET; OBSERVED_GET; POST,3,3,raw/ilearn.thu.edu.tw/api/calendar-timetables.json; raw/ilearn.thu.edu.tw/static/72914-965f4ad4.js; raw/ilearn.thu.edu.tw/static/97195.2faf10fc.js,404
/api/campus-subject-lib/combination-subjects,campus-subject-lib,OBSERVED_GET; POST,3,3,raw/ilearn.thu.edu.tw/api/campus-subject-lib/combination-subjects.html; raw/ilearn.thu.edu.tw/static/12117.76d49271.js; raw/ilearn.thu.edu.tw/static/34691.515731f8.js,500
/api/campus-subject-lib/combination-subjects/,campus-subject-lib,OBSERVED_GET; POST,3,3,raw/ilearn.thu.edu.tw/api/campus-subject-lib/combination-subjects/index.json; raw/ilearn.thu.edu.tw/static/12117.76d49271.js; raw/ilearn.thu.edu.tw/static/34691.515731f8.js,404
/api/categories/,categories,OBSERVED_GET; POST,3,3,raw/ilearn.thu.edu.tw/api/categories/index.json; raw/ilearn.thu.edu.tw/static/44346.7b57b52e.js; raw/ilearn.thu.edu.tw/static/50759.ba0ade2f.js,404
/api/cc-license/map,cc-license,GET; OBSERVED_GET,3,3,raw/ilearn.thu.edu.tw/api/cc-license/map.json; raw/ilearn.thu.edu.tw/static/56748-43cfa952.js; raw/ilearn.thu.edu.tw/static/78946.84d34ae9.js,200
/api/config?no-intercept=true,config,GET; OBSERVED_GET,3,3,raw/ilearn.thu.edu.tw/api/config__q_ee79111d36.html; raw/ilearn.thu.edu.tw/static/72914-965f4ad4.js; raw/ilearn.thu.edu.tw/static/7693.6ddfbed1.js,403
/api/course-classification,course-classification,OBSERVED_GET; POST,3,3,raw/ilearn.thu.edu.tw/api/course-classification.html; raw/ilearn.thu.edu.tw/static/11812.92e9ccfe.js; raw/ilearn.thu.edu.tw/static/49592.0ad88a29.js,500
/api/course-classifications/,course-classifications,DELETE; OBSERVED_GET,3,3,raw/ilearn.thu.edu.tw/api/course-classifications/index.json; raw/ilearn.thu.edu.tw/static/11812.92e9ccfe.js; raw/ilearn.thu.edu.tw/static/49592.0ad88a29.js,404
/api/course-subjects/,course-subjects,DELETE; POST; PUT,3,1,raw/ilearn.thu.edu.tw/static/49592.0ad88a29.js,
/api/course/access-code/,course,GET; OBSERVED_GET,3,3,raw/ilearn.thu.edu.tw/api/course/access-code/index.json; raw/ilearn.thu.edu.tw/static/27093.22d65938.js; raw/ilearn.thu.edu.tw/static/72914-965f4ad4.js,404
/api/course/cover-list,course,GET,3,3,raw/ilearn.thu.edu.tw/static/49592.0ad88a29.js; raw/ilearn.thu.edu.tw/static/66340.b22fd651.js; raw/ilearn.thu.edu.tw/static/77144.0d6d20d8.js,
/api/course/enrollments,course,DELETE; OBSERVED_GET,3,3,raw/ilearn.thu.edu.tw/api/course/enrollments.html; raw/ilearn.thu.edu.tw/static/11812.92e9ccfe.js; raw/ilearn.thu.edu.tw/static/72914-965f4ad4.js,500
/api/course/mbz/import,course,OBSERVED_GET; POST,3,3,raw/ilearn.thu.edu.tw/api/course/mbz/import.html; raw/ilearn.thu.edu.tw/static/41568.0adf30d4.js; raw/ilearn.thu.edu.tw/static/72914-965f4ad4.js,500
/api/course_templates?org_id=,course_templates,GET; OBSERVED_GET,3,3,raw/ilearn.thu.edu.tw/api/course_templates__q_7eb221d14c.json; raw/ilearn.thu.edu.tw/static/4742.b8a8d253.js; raw/ilearn.thu.edu.tw/static/60797.036cfe1d.js,200
/api/courses/settings,courses,OBSERVED_GET; POST,3,3,raw/ilearn.thu.edu.tw/api/courses/settings.html; raw/ilearn.thu.edu.tw/static/11812.92e9ccfe.js; raw/ilearn.thu.edu.tw/static/72914-965f4ad4.js,500
/api/courses/sync_from_urp,courses,OBSERVED_GET; POST,3,3,raw/ilearn.thu.edu.tw/api/courses/sync_from_urp.html; raw/ilearn.thu.edu.tw/static/11812.92e9ccfe.js; raw/ilearn.thu.edu.tw/static/72914-965f4ad4.js,500
/api/courseware-quiz/format-question,courseware-quiz,OBSERVED_GET; POST,3,3,raw/ilearn.thu.edu.tw/api/courseware-quiz/format-question.html; raw/ilearn.thu.edu.tw/static/51708-096d42d6.js; raw/ilearn.thu.edu.tw/static/77503-ccf74164.js,500
/api/courseware-quiz/settings,courseware-quiz,GET; OBSERVED_GET,3,3,raw/ilearn.thu.edu.tw/api/courseware-quiz/settings.json; raw/ilearn.thu.edu.tw/static/51708-096d42d6.js; raw/ilearn.thu.edu.tw/static/77503-ccf74164.js,200
/api/custom-knowledge-graph/similarity-analysis/task/,custom-knowledge-graph,GET; POST; PUT,3,1,raw/ilearn.thu.edu.tw/static/93155.0c0ec13a.js,
/api/data-import/classroom-exams/,data-import,OBSERVED_GET; POST,3,3,raw/ilearn.thu.edu.tw/api/data-import/classroom-exams/index.json; raw/ilearn.thu.edu.tw/static/14615.8c38d7d4.js; raw/ilearn.thu.edu.tw/static/50559.79503daf.js,404
/api/data-import/courses,data-import,OBSERVED_GET; POST,3,3,raw/ilearn.thu.edu.tw/api/data-import/courses.html; raw/ilearn.thu.edu.tw/static/11812.92e9ccfe.js; raw/ilearn.thu.edu.tw/static/72914-965f4ad4.js,500
/api/data-import/edit-courses,data-import,OBSERVED_GET; POST,3,3,raw/ilearn.thu.edu.tw/api/data-import/edit-courses.html; raw/ilearn.thu.edu.tw/static/11812.92e9ccfe.js; raw/ilearn.thu.edu.tw/static/72914-965f4ad4.js,500
/api/data-import/enrollments,data-import,OBSERVED_GET; POST,3,3,raw/ilearn.thu.edu.tw/api/data-import/enrollments.html; raw/ilearn.thu.edu.tw/static/11812.92e9ccfe.js; raw/ilearn.thu.edu.tw/static/72914-965f4ad4.js,500
/api/data-import/enrollments/,data-import,OBSERVED_GET; POST,3,3,raw/ilearn.thu.edu.tw/api/data-import/enrollments/index.json; raw/ilearn.thu.edu.tw/static/11812.92e9ccfe.js; raw/ilearn.thu.edu.tw/static/72914-965f4ad4.js,404
/api/data-import/exams/,data-import,OBSERVED_GET; POST,3,3,raw/ilearn.thu.edu.tw/api/data-import/exams/index.json; raw/ilearn.thu.edu.tw/static/14615.8c38d7d4.js; raw/ilearn.thu.edu.tw/static/50559.79503daf.js,404
/api/data-import/from-word,data-import,OBSERVED_GET; POST,3,3,raw/ilearn.thu.edu.tw/api/data-import/from-word.html; raw/ilearn.thu.edu.tw/static/18283.f40cd1f6.js; raw/ilearn.thu.edu.tw/static/56834-67be8618.js,500
/api/data-import/subject-libs/,data-import,OBSERVED_GET; UNKNOWN,3,3,raw/ilearn.thu.edu.tw/api/data-import/subject-libs/index.json; raw/ilearn.thu.edu.tw/static/14615.8c38d7d4.js; raw/ilearn.thu.edu.tw/static/50559.79503daf.js,404
/api/ding-talk/chat?course_id=,ding-talk,GET; OBSERVED_GET; PUT,3,2,raw/ilearn.thu.edu.tw/api/ding-talk/chat__q_0e8c8d66de.json; raw/ilearn.thu.edu.tw/static/72914-965f4ad4.js,400
/api/duplicate-detect/report/download,duplicate-detect,POST,3,3,raw/ilearn.thu.edu.tw/static/45685.4e07b7a7.js; raw/ilearn.thu.edu.tw/static/70619-686c4819.js; raw/ilearn.thu.edu.tw/static/84769.6cb6a87f.js,
/api/exam-scores,exam-scores,OBSERVED_GET; POST,3,3,raw/ilearn.thu.edu.tw/api/exam-scores.html; raw/ilearn.thu.edu.tw/static/44346.7b57b52e.js; raw/ilearn.thu.edu.tw/static/56488.5dafa7c7.js,500
/api/exams/submissions/,exams,GET; PATCH; POST,3,2,raw/ilearn.thu.edu.tw/static/56488.5dafa7c7.js; raw/ilearn.thu.edu.tw/static/96674.e7c69224.js,
/api/google/auth,google,OBSERVED_GET; UNKNOWN,3,3,raw/ilearn.thu.edu.tw/api/google/auth.html; raw/ilearn.thu.edu.tw/static/4396.fcd26037.js; raw/ilearn.thu.edu.tw/static/96594.0de9518d.js,500
/api/homework/submission/,homework,GET; OBSERVED_GET,3,3,raw/ilearn.thu.edu.tw/api/homework/submission/index.json; raw/ilearn.thu.edu.tw/static/42585.3fa356ed.js; raw/ilearn.thu.edu.tw/static/55200.e380810d.js,404
/api/invites/,invites,GET; OBSERVED_GET; POST,3,2,raw/ilearn.thu.edu.tw/api/invites/index.json; raw/ilearn.thu.edu.tw/static/72914-965f4ad4.js,404
/api/knowledge-capture-visit,knowledge-capture-visit,GET; OBSERVED_GET,3,3,raw/ilearn.thu.edu.tw/api/knowledge-capture-visit.json; raw/ilearn.thu.edu.tw/static/16941-c2ecc958.js; raw/ilearn.thu.edu.tw/static/5636-3297b778.js,404
/api/knowledge-graph/forest-versions/-/stats{param},knowledge-graph,GET; OBSERVED_GET,3,3,raw/ilearn.thu.edu.tw/api/knowledge-graph/forest-versions/-/stats_batchGet.html; raw/ilearn.thu.edu.tw/static/16941-c2ecc958.js; raw/ilearn.thu.edu.tw/static/5636-3297b778.js,500
/api/knowledge-graph/kfs-courses/,knowledge-graph,GET; OBSERVED_GET,3,3,raw/ilearn.thu.edu.tw/api/knowledge-graph/kfs-courses/index.json; raw/ilearn.thu.edu.tw/static/16941-c2ecc958.js; raw/ilearn.thu.edu.tw/static/5636-3297b778.js,404
/api/knowledge-graph/kfs-courses/-/published-forest-versions{param},knowledge-graph,GET; OBSERVED_GET,3,3,raw/ilearn.thu.edu.tw/api/knowledge-graph/kfs-courses/-/published-forest-versions_batchGet.html; raw/ilearn.thu.edu.tw/static/16941-c2ecc958.js; raw/ilearn.thu.edu.tw/static/5636-3297b778.js,500
/api/knowledge-graph/kfs-subjects,knowledge-graph,OBSERVED_GET; POST,3,3,raw/ilearn.thu.edu.tw/api/knowledge-graph/kfs-subjects.html; raw/ilearn.thu.edu.tw/static/16941-c2ecc958.js; raw/ilearn.thu.edu.tw/static/5636-3297b778.js,500
/api/knowledge-nodes/parse/docx,knowledge-nodes,OBSERVED_GET; POST,3,3,raw/ilearn.thu.edu.tw/api/knowledge-nodes/parse/docx.html; raw/ilearn.thu.edu.tw/static/16941-c2ecc958.js; raw/ilearn.thu.edu.tw/static/5636-3297b778.js,500
/api/knowledge-resource-visit,knowledge-resource-visit,OBSERVED_GET; UNKNOWN,3,3,raw/ilearn.thu.edu.tw/api/knowledge-resource-visit.json; raw/ilearn.thu.edu.tw/static/16941-c2ecc958.js; raw/ilearn.thu.edu.tw/static/5636-3297b778.js,404
/api/lessons_search/schedules/,lessons_search,DELETE; OBSERVED_GET; POST,3,2,raw/ilearn.thu.edu.tw/api/lessons_search/schedules/index.json; raw/ilearn.thu.edu.tw/static/32419.cdd214b3.js,404
/api/line-login/auth,line-login,OBSERVED_GET; UNKNOWN,3,3,raw/ilearn.thu.edu.tw/api/line-login/auth.html; raw/ilearn.thu.edu.tw/static/4396.fcd26037.js; raw/ilearn.thu.edu.tw/static/96594.0de9518d.js,500
/api/line-notify/auth,line-notify,OBSERVED_GET; UNKNOWN,3,3,raw/ilearn.thu.edu.tw/api/line-notify/auth.html; raw/ilearn.thu.edu.tw/static/4396.fcd26037.js; raw/ilearn.thu.edu.tw/static/96594.0de9518d.js,500
/api/live-activities/,live-activities,DELETE; OBSERVED_GET,3,3,raw/ilearn.thu.edu.tw/api/live-activities/index.json; raw/ilearn.thu.edu.tw/static/39538.e12d5a24.js; raw/ilearn.thu.edu.tw/static/82017-1e48dc04.js,404
/api/meeting/shanghaitech/,meeting,GET; OBSERVED_GET,3,3,raw/ilearn.thu.edu.tw/api/meeting/shanghaitech/index.json; raw/ilearn.thu.edu.tw/static/22787.a70ab1cd.js; raw/ilearn.thu.edu.tw/static/82017-1e48dc04.js,404
/api/microsoft/auth,microsoft,OBSERVED_GET; UNKNOWN,3,3,raw/ilearn.thu.edu.tw/api/microsoft/auth.html; raw/ilearn.thu.edu.tw/static/4396.fcd26037.js; raw/ilearn.thu.edu.tw/static/96594.0de9518d.js,500
/api/module/,module,DELETE; OBSERVED_GET; POST,3,3,raw/ilearn.thu.edu.tw/api/module/index.json; raw/ilearn.thu.edu.tw/static/28509.a0b2d0f0.js; raw/ilearn.thu.edu.tw/static/44346.7b57b52e.js,404
/api/my-captures,my-captures,GET; OBSERVED_GET,3,3,raw/ilearn.thu.edu.tw/api/my-captures.html; raw/ilearn.thu.edu.tw/static/16941-c2ecc958.js; raw/ilearn.thu.edu.tw/static/5636-3297b778.js,500
/api/my-note,my-note,OBSERVED_GET; POST,3,3,raw/ilearn.thu.edu.tw/api/my-note.html; raw/ilearn.thu.edu.tw/static/20215.c33a19b6.js; raw/ilearn.thu.edu.tw/static/4495.92a6bcab.js,500
/api/org-bulletin/bulletins/latest,org-bulletin,GET; OBSERVED_GET,3,3,raw/ilearn.thu.edu.tw/api/org-bulletin/bulletins/latest.json; raw/ilearn.thu.edu.tw/static/42585.3fa356ed.js; raw/ilearn.thu.edu.tw/static/99038.bc3a4ccc.js,200
/api/public-captures,public-captures,GET; OBSERVED_GET,3,3,raw/ilearn.thu.edu.tw/api/public-captures.html; raw/ilearn.thu.edu.tw/static/16941-c2ecc958.js; raw/ilearn.thu.edu.tw/static/5636-3297b778.js,500
/api/qrcode?url=,qrcode,OBSERVED_GET; UNKNOWN,3,3,raw/ilearn.thu.edu.tw/api/qrcode__q_c2395fa098.jpg; raw/ilearn.thu.edu.tw/static/25753.6c691880.js; raw/ilearn.thu.edu.tw/static/8751.50229f20.js,200
/api/resource-groups?fields=,resource-groups,GET,3,3,raw/ilearn.thu.edu.tw/static/50559.79503daf.js; raw/ilearn.thu.edu.tw/static/63756-b6ed5817.js; raw/ilearn.thu.edu.tw/static/73644.1ab1287a.js,
"/api/rubrics-with-resource?no-intercept=true&fields=id,name,conditions,created_by,is_shared_rubric",rubrics-with-resource,GET; OBSERVED_GET,3,3,raw/ilearn.thu.edu.tw/api/rubrics-with-resource__q_f8fe4f28d6.json; raw/ilearn.thu.edu.tw/static/26645.3ac5e040.js; raw/ilearn.thu.edu.tw/static/82017-1e48dc04.js,403
/api/rubrics/generate,rubrics,OBSERVED_GET; POST,3,3,raw/ilearn.thu.edu.tw/api/rubrics/generate.html; raw/ilearn.thu.edu.tw/static/26645.3ac5e040.js; raw/ilearn.thu.edu.tw/static/82017-1e48dc04.js,500
"/api/rubrics?fields=id,name,conditions",rubrics,OBSERVED_GET; POST,3,3,raw/ilearn.thu.edu.tw/api/rubrics__q_cec1114a27.json; raw/ilearn.thu.edu.tw/static/26645.3ac5e040.js; raw/ilearn.thu.edu.tw/static/82017-1e48dc04.js,200
/api/save-resources/check,save-resources,OBSERVED_GET; PUT,3,3,raw/ilearn.thu.edu.tw/api/save-resources/check.html; raw/ilearn.thu.edu.tw/static/21943.5dca6268.js; raw/ilearn.thu.edu.tw/static/67133.08e1a687.js,500
/api/stat/activities-for-courses,stat,OBSERVED_GET; PUT,3,3,raw/ilearn.thu.edu.tw/api/stat/activities-for-courses.json; raw/ilearn.thu.edu.tw/static/11812.92e9ccfe.js; raw/ilearn.thu.edu.tw/static/72914-965f4ad4.js,403
/api/stat/courses/class-hours/export,stat,OBSERVED_GET; POST,3,3,raw/ilearn.thu.edu.tw/api/stat/courses/class-hours/export.json; raw/ilearn.thu.edu.tw/static/11812.92e9ccfe.js; raw/ilearn.thu.edu.tw/static/72914-965f4ad4.js,403
/api/stat/courses/export/to/,stat,OBSERVED_GET; POST,3,3,raw/ilearn.thu.edu.tw/api/stat/courses/export/to/index.json; raw/ilearn.thu.edu.tw/static/11812.92e9ccfe.js; raw/ilearn.thu.edu.tw/static/72914-965f4ad4.js,404
/api/stat/courses/homework-correct/export,stat,GET; OBSERVED_GET,3,3,raw/ilearn.thu.edu.tw/api/stat/courses/homework-correct/export.json; raw/ilearn.thu.edu.tw/static/11812.92e9ccfe.js; raw/ilearn.thu.edu.tw/static/72914-965f4ad4.js,403
/api/stat/orgs/,stat,GET; OBSERVED_GET,3,3,raw/ilearn.thu.edu.tw/api/stat/orgs/index.json; raw/ilearn.thu.edu.tw/static/10257.5f75a4b2.js; raw/ilearn.thu.edu.tw/static/40991.c161b769.js,404
/api/studio/,studio,DELETE; GET; PUT,3,2,raw/ilearn.thu.edu.tw/static/50759.ba0ade2f.js; raw/ilearn.thu.edu.tw/static/85059.c0056724.js,
/api/subject-libs/batch/copy?courseware_quiz_id=,subject-libs,OBSERVED_GET; POST,3,3,raw/ilearn.thu.edu.tw/api/subject-libs/batch/copy__q_d86a510ab0.html; raw/ilearn.thu.edu.tw/static/6610.7655c044.js; raw/ilearn.thu.edu.tw/static/82017-1e48dc04.js,500
/api/subject-libs/copy-to-user,subject-libs,OBSERVED_GET; POST,3,3,raw/ilearn.thu.edu.tw/api/subject-libs/copy-to-user.html; raw/ilearn.thu.edu.tw/static/14615.8c38d7d4.js; raw/ilearn.thu.edu.tw/static/50559.79503daf.js,500
/api/subject-libs/libs-copy-to,subject-libs,DELETE,3,3,raw/ilearn.thu.edu.tw/static/50559.79503daf.js; raw/ilearn.thu.edu.tw/static/63756-b6ed5817.js; raw/ilearn.thu.edu.tw/static/73644.1ab1287a.js,
/api/tencent-meeting/,tencent-meeting,DELETE; OBSERVED_GET,3,3,raw/ilearn.thu.edu.tw/api/tencent-meeting/index.json; raw/ilearn.thu.edu.tw/static/21093-1aa02d68.js; raw/ilearn.thu.edu.tw/static/82017-1e48dc04.js,404
/api/third-party/,third-party,DELETE; OBSERVED_GET,3,3,raw/ilearn.thu.edu.tw/api/third-party/index.json; raw/ilearn.thu.edu.tw/static/4396.fcd26037.js; raw/ilearn.thu.edu.tw/static/96594.0de9518d.js,404
/api/uploads/details/query,uploads,POST,3,3,raw/ilearn.thu.edu.tw/static/51708-096d42d6.js; raw/ilearn.thu.edu.tw/static/77503-ccf74164.js; raw/ilearn.thu.edu.tw/static/8870.8a2f9339.js,
/api/user/attributes,user,DELETE; OBSERVED_GET; PUT,3,3,raw/ilearn.thu.edu.tw/api/user/attributes.html; raw/ilearn.thu.edu.tw/static/4396.fcd26037.js; raw/ilearn.thu.edu.tw/static/96594.0de9518d.js,500
/api/user/avatar,user,OBSERVED_GET; PUT,3,3,raw/ilearn.thu.edu.tw/api/user/avatar.html; raw/ilearn.thu.edu.tw/static/4396.fcd26037.js; raw/ilearn.thu.edu.tw/static/96594.0de9518d.js,500
/api/user/course-certification/scores,user,OBSERVED_GET; PUT,3,3,raw/ilearn.thu.edu.tw/api/user/course-certification/scores.html; raw/ilearn.thu.edu.tw/static/11812.92e9ccfe.js; raw/ilearn.thu.edu.tw/static/72914-965f4ad4.js,500
/api/user/email,user,OBSERVED_GET; PUT,3,3,raw/ilearn.thu.edu.tw/api/user/email.html; raw/ilearn.thu.edu.tw/static/4396.fcd26037.js; raw/ilearn.thu.edu.tw/static/96594.0de9518d.js,500
/api/user/language,user,OBSERVED_GET; PUT,3,3,raw/ilearn.thu.edu.tw/api/user/language.html; raw/ilearn.thu.edu.tw/static/46056-bf17f3c8.js; raw/ilearn.thu.edu.tw/static/7693.6ddfbed1.js,500
/api/user/mobile-phone,user,OBSERVED_GET; PUT,3,3,raw/ilearn.thu.edu.tw/api/user/mobile-phone.html; raw/ilearn.thu.edu.tw/static/4396.fcd26037.js; raw/ilearn.thu.edu.tw/static/96594.0de9518d.js,500
/api/user/my-notes,user,DELETE; OBSERVED_GET,3,3,raw/ilearn.thu.edu.tw/api/user/my-notes.json; raw/ilearn.thu.edu.tw/static/20215.c33a19b6.js; raw/ilearn.thu.edu.tw/static/4495.92a6bcab.js,200
/api/user/password,user,OBSERVED_GET; PUT,3,3,raw/ilearn.thu.edu.tw/api/user/password.html; raw/ilearn.thu.edu.tw/static/4396.fcd26037.js; raw/ilearn.thu.edu.tw/static/96594.0de9518d.js,500
/api/user/search,user,GET; OBSERVED_GET,3,3,raw/ilearn.thu.edu.tw/api/user/search.json; raw/ilearn.thu.edu.tw/static/72914-965f4ad4.js; raw/ilearn.thu.edu.tw/static/8110.900a44fb.js,200
/api/user/send_org_sing_up_verification_email,user,OBSERVED_GET; POST,3,3,raw/ilearn.thu.edu.tw/api/user/send_org_sing_up_verification_email.html; raw/ilearn.thu.edu.tw/static/27589.ae3b1ca0.js; raw/ilearn.thu.edu.tw/static/72914-965f4ad4.js,500
/api/user/send_verification_email,user,OBSERVED_GET; POST,3,3,raw/ilearn.thu.edu.tw/api/user/send_verification_email.html; raw/ilearn.thu.edu.tw/static/27589.ae3b1ca0.js; raw/ilearn.thu.edu.tw/static/72914-965f4ad4.js,500
/api/video-quizzes,video-quizzes,DELETE; OBSERVED_GET; POST,3,2,raw/ilearn.thu.edu.tw/api/video-quizzes.html; raw/ilearn.thu.edu.tw/static/13856.6c8c84cd.js,500
/api/vtrses/subject-libs,vtrses,GET; OBSERVED_GET; UNKNOWN,3,3,raw/ilearn.thu.edu.tw/api/vtrses/subject-libs.json; raw/ilearn.thu.edu.tw/static/34691.515731f8.js; raw/ilearn.thu.edu.tw/static/56488.5dafa7c7.js,200
/api/webex/auth,webex,OBSERVED_GET; UNKNOWN,3,3,raw/ilearn.thu.edu.tw/api/webex/auth.html; raw/ilearn.thu.edu.tw/static/4396.fcd26037.js; raw/ilearn.thu.edu.tw/static/96594.0de9518d.js,500
/api/activities/is-locked?activity_conditions=,activities,GET; OBSERVED_GET,2,2,raw/ilearn.thu.edu.tw/api/activities/is-locked__q_046929f855.html; raw/ilearn.thu.edu.tw/static/21943.5dca6268.js,500
/api/activity/cloud-classroom?start=,activity,OBSERVED_GET; POST,2,2,raw/ilearn.thu.edu.tw/api/activity/cloud-classroom__q_3be9190883.json; raw/ilearn.thu.edu.tw/static/72914-965f4ad4.js,200
/api/admin/through-courses/,admin,GET,2,2,raw/ilearn.thu.edu.tw/static/6240.72c6e2a0.js; raw/ilearn.thu.edu.tw/static/74678.1c824e2e.js,
/api/ai-ppt/usage/stats,ai-ppt,GET; OBSERVED_GET,2,2,raw/ilearn.thu.edu.tw/api/ai-ppt/usage/stats.json; raw/ilearn.thu.edu.tw/static/40287-6134fd77.js,404
/api/ai-ppt/user-usage/export,ai-ppt,OBSERVED_GET; POST,2,2,raw/ilearn.thu.edu.tw/api/ai-ppt/user-usage/export.html; raw/ilearn.thu.edu.tw/static/40287-6134fd77.js,500
/api/alert/messages,alert,GET; OBSERVED_GET,2,2,raw/ilearn.thu.edu.tw/api/alert/messages.json; raw/ilearn.thu.edu.tw/static/42585.3fa356ed.js,200
/api/alert/messages/read,alert,OBSERVED_GET; PUT,2,2,raw/ilearn.thu.edu.tw/api/alert/messages/read.html; raw/ilearn.thu.edu.tw/static/42585.3fa356ed.js,500
/api/alerts,alerts,POST; PUT,2,1,raw/ilearn.thu.edu.tw/static/68805.a47db79c.js,
/api/announcement,announcement,GET; OBSERVED_GET,2,2,raw/ilearn.thu.edu.tw/api/announcement.json; raw/ilearn.thu.edu.tw/static/82017-1e48dc04.js,200
/api/auth_code/auth_validate,auth_code,GET; OBSERVED_GET,2,2,raw/ilearn.thu.edu.tw/api/auth_code/auth_validate.json; raw/ilearn.thu.edu.tw/static/72914-965f4ad4.js,403
/api/auth_code/get_auth_code,auth_code,OBSERVED_GET; POST,2,2,raw/ilearn.thu.edu.tw/api/auth_code/get_auth_code.html; raw/ilearn.thu.edu.tw/static/72914-965f4ad4.js,500
/api/auth_code/validate_auth_code,auth_code,OBSERVED_GET; POST,2,2,raw/ilearn.thu.edu.tw/api/auth_code/validate_auth_code.html; raw/ilearn.thu.edu.tw/static/72914-965f4ad4.js,500
/api/calendar-alerts?no-intercept=true,calendar-alerts,DELETE; OBSERVED_GET,2,2,raw/ilearn.thu.edu.tw/api/calendar-alerts__q_ee79111d36.json; raw/ilearn.thu.edu.tw/static/72914-965f4ad4.js,200
/api/calendar-events/,calendar-events,DELETE; OBSERVED_GET,2,2,raw/ilearn.thu.edu.tw/api/calendar-events/index.json; raw/ilearn.thu.edu.tw/static/72914-965f4ad4.js,404
/api/calendar-events/users/,calendar-events,GET; OBSERVED_GET,2,2,raw/ilearn.thu.edu.tw/api/calendar-events/users/index.json; raw/ilearn.thu.edu.tw/static/72914-965f4ad4.js,404
/api/calendar-events?no-intercept=true,calendar-events,OBSERVED_GET; POST,2,2,raw/ilearn.thu.edu.tw/api/calendar-events__q_ee79111d36.json; raw/ilearn.thu.edu.tw/static/72914-965f4ad4.js,200
/api/calendar-meeting/,calendar-meeting,DELETE; OBSERVED_GET,2,2,raw/ilearn.thu.edu.tw/api/calendar-meeting/index.json; raw/ilearn.thu.edu.tw/static/72914-965f4ad4.js,404
/api/calendar-tag/,calendar-tag,DELETE; PUT,2,1,raw/ilearn.thu.edu.tw/static/97195.2faf10fc.js,
/api/calendar-timetables/,calendar-timetables,DELETE; OBSERVED_GET,2,2,raw/ilearn.thu.edu.tw/api/calendar-timetables/index.json; raw/ilearn.thu.edu.tw/static/72914-965f4ad4.js,404
/api/calendar-timetables?no-intercept=true,calendar-timetables,OBSERVED_GET; POST,2,2,raw/ilearn.thu.edu.tw/api/calendar-timetables__q_ee79111d36.json; raw/ilearn.thu.edu.tw/static/72914-965f4ad4.js,404
/api/calendar-timetables?start=,calendar-timetables,GET; OBSERVED_GET,2,2,raw/ilearn.thu.edu.tw/api/calendar-timetables__q_3be9190883.json; raw/ilearn.thu.edu.tw/static/20307-0fd301f4.js,404
/api/campus-subject-lib/subject/publish,campus-subject-lib,OBSERVED_GET; POST,2,2,raw/ilearn.thu.edu.tw/api/campus-subject-lib/subject/publish.html; raw/ilearn.thu.edu.tw/static/12117.76d49271.js,500
/api/captures/,captures,GET; OBSERVED_GET,2,2,raw/ilearn.thu.edu.tw/api/captures/index.json; raw/ilearn.thu.edu.tw/static/72914-965f4ad4.js,404
/api/certifications-for-management,certifications-for-management,GET; OBSERVED_GET,2,2,raw/ilearn.thu.edu.tw/api/certifications-for-management.json; raw/ilearn.thu.edu.tw/static/11812.92e9ccfe.js,403
/api/chatrooms/,chatrooms,GET; PUT,2,1,raw/ilearn.thu.edu.tw/static/88788.161d6b6a.js,
/api/course-bulletins,course-bulletins,GET; OBSERVED_GET,2,2,raw/ilearn.thu.edu.tw/api/course-bulletins.json; raw/ilearn.thu.edu.tw/static/36105.3af57479.js,200
/api/course-copy/copy,course-copy,OBSERVED_GET; POST,2,2,raw/ilearn.thu.edu.tw/api/course-copy/copy.html; raw/ilearn.thu.edu.tw/static/41568.0adf30d4.js,500
/api/course-copy/courses,course-copy,GET; OBSERVED_GET,2,2,raw/ilearn.thu.edu.tw/api/course-copy/courses.html; raw/ilearn.thu.edu.tw/static/41568.0adf30d4.js,500
/api/course-estimates-replies/,course-estimates-replies,OBSERVED_GET; POST,2,2,raw/ilearn.thu.edu.tw/api/course-estimates-replies/index.json; raw/ilearn.thu.edu.tw/static/27093.22d65938.js,404
/api/course/activity-read/,course,GET; OBSERVED_GET,2,2,raw/ilearn.thu.edu.tw/api/course/activity-read/index.json; raw/ilearn.thu.edu.tw/static/2276.c8da6806.js,404
/api/course/copy,course,OBSERVED_GET; POST,2,2,raw/ilearn.thu.edu.tw/api/course/copy.html; raw/ilearn.thu.edu.tw/static/41962.bc8e08bd.js,500
/api/course/copy-as-blueprint,course,OBSERVED_GET; POST,2,2,raw/ilearn.thu.edu.tw/api/course/copy-as-blueprint.json; raw/ilearn.thu.edu.tw/static/41568.0adf30d4.js,404
/api/course/customize,course,OBSERVED_GET; UNKNOWN,2,2,raw/ilearn.thu.edu.tw/api/course/customize.html; raw/ilearn.thu.edu.tw/static/49592.0ad88a29.js,500
/api/course/shared-records/,course,DELETE; OBSERVED_GET,2,2,raw/ilearn.thu.edu.tw/api/course/shared-records/index.json; raw/ilearn.thu.edu.tw/static/10383.d04ce83a.js,404
/api/course_certification/,course_certification,OBSERVED_GET; POST,2,2,raw/ilearn.thu.edu.tw/api/course_certification/index.json; raw/ilearn.thu.edu.tw/static/11812.92e9ccfe.js,404
/api/course_templates?conditions=,course_templates,GET; OBSERVED_GET,2,2,raw/ilearn.thu.edu.tw/api/course_templates__q_312ea1bc9c.json; raw/ilearn.thu.edu.tw/static/49592.0ad88a29.js,200
/api/courses-groups,courses-groups,GET; PUT,2,2,raw/ilearn.thu.edu.tw/static/56821.10ffdb15.js; raw/ilearn.thu.edu.tw/static/58605.e8c4b20e.js,
/api/courses-groups/,courses-groups,GET; PUT,2,1,raw/ilearn.thu.edu.tw/static/56821.10ffdb15.js,
/api/courses-identities?no-intercept=true,courses-identities,GET; OBSERVED_GET,2,2,raw/ilearn.thu.edu.tw/api/courses-identities__q_ee79111d36.json; raw/ilearn.thu.edu.tw/static/42585.3fa356ed.js,200
/api/courses/activities/,courses,UNKNOWN,2,2,raw/ilearn.thu.edu.tw/static/66297.9aa2f6d5.js; raw/ilearn.thu.edu.tw/static/88788.161d6b6a.js,
/api/courses/homeworks-submission-status?no-intercept=true,courses,GET; OBSERVED_GET,2,2,raw/ilearn.thu.edu.tw/api/courses/homeworks-submission-status__q_ee79111d36.json; raw/ilearn.thu.edu.tw/static/42585.3fa356ed.js,200
/api/courses/lesson-timetable,courses,GET; UNKNOWN,2,1,raw/ilearn.thu.edu.tw/static/49592.0ad88a29.js,
/api/courses/public/hot?limit=8,courses,GET; OBSERVED_GET,2,2,raw/ilearn.thu.edu.tw/api/courses/public/hot__q_1f15a49f42.json; raw/ilearn.thu.edu.tw/static/24381.0c635568.js,200
/api/courses/public/latest?limit=8,courses,GET; OBSERVED_GET,2,2,raw/ilearn.thu.edu.tw/api/courses/public/latest__q_1f15a49f42.json; raw/ilearn.thu.edu.tw/static/24381.0c635568.js,200
/api/courses/rollcall_status/,courses,GET,2,2,raw/ilearn.thu.edu.tw/static/71196.5077b7df.js; raw/ilearn.thu.edu.tw/static/9727.544f163b.js,
/api/courses/stats?course_ids=,courses,GET; OBSERVED_GET,2,2,raw/ilearn.thu.edu.tw/api/courses/stats__q_bb638ca821.html; raw/ilearn.thu.edu.tw/static/20307-0fd301f4.js,500
/api/current-semester-info,current-semester-info,GET; OBSERVED_GET,2,2,raw/ilearn.thu.edu.tw/api/current-semester-info.json; raw/ilearn.thu.edu.tw/static/99038.bc3a4ccc.js,200
/api/custom-knowledge-graph/,custom-knowledge-graph,GET; POST,2,1,raw/ilearn.thu.edu.tw/static/93155.0c0ec13a.js,
/api/data-import/ai-convert,data-import,OBSERVED_GET; UNKNOWN,2,2,raw/ilearn.thu.edu.tw/api/data-import/ai-convert.html; raw/ilearn.thu.edu.tw/static/82017-1e48dc04.js,500
/api/departments?no-intercept=true,departments,GET; OBSERVED_GET,2,2,raw/ilearn.thu.edu.tw/api/departments__q_ee79111d36.json; raw/ilearn.thu.edu.tw/static/72914-965f4ad4.js,200
/api/ding-talk/user-id,ding-talk,GET; OBSERVED_GET,2,2,raw/ilearn.thu.edu.tw/api/ding-talk/user-id.json; raw/ilearn.thu.edu.tw/static/72914-965f4ad4.js,400
/api/edu-scores/get-course-score-rate/,edu-scores,GET; OBSERVED_GET,2,2,raw/ilearn.thu.edu.tw/api/edu-scores/get-course-score-rate/index.json; raw/ilearn.thu.edu.tw/static/12159.7fb514eb.js,404
/api/edu-scores/get-submit-logs/,edu-scores,GET; OBSERVED_GET,2,2,raw/ilearn.thu.edu.tw/api/edu-scores/get-submit-logs/index.json; raw/ilearn.thu.edu.tw/static/12159.7fb514eb.js,404
/api/edu-scores/get-submit-time/,edu-scores,GET; OBSERVED_GET,2,2,raw/ilearn.thu.edu.tw/api/edu-scores/get-submit-time/index.json; raw/ilearn.thu.edu.tw/static/12159.7fb514eb.js,404
/api/enrollments/,enrollments,OBSERVED_GET; PUT,2,2,raw/ilearn.thu.edu.tw/api/enrollments/index.json; raw/ilearn.thu.edu.tw/static/2764-f25f2bd3.js,404
/api/enrollments/score,enrollments,OBSERVED_GET; PUT,2,2,raw/ilearn.thu.edu.tw/api/enrollments/score.html; raw/ilearn.thu.edu.tw/static/12159.7fb514eb.js,500
/api/enrollments/score-book,enrollments,OBSERVED_GET; PUT,2,2,raw/ilearn.thu.edu.tw/api/enrollments/score-book.json; raw/ilearn.thu.edu.tw/static/12159.7fb514eb.js,403
/api/enrollments/total-score?mode=,enrollments,OBSERVED_GET; PUT,2,2,raw/ilearn.thu.edu.tw/api/enrollments/total-score__q_da81ccbe76.html; raw/ilearn.thu.edu.tw/static/12159.7fb514eb.js,500
/api/exams/batch_delete,exams,DELETE; OBSERVED_GET,2,2,raw/ilearn.thu.edu.tw/api/exams/batch_delete.html; raw/ilearn.thu.edu.tw/static/91962-91463afb.js,500
/api/footprint/tread,footprint,OBSERVED_GET; POST,2,2,raw/ilearn.thu.edu.tw/api/footprint/tread.html; raw/ilearn.thu.edu.tw/static/44346.7b57b52e.js,500
/api/google/auth/available,google,GET; OBSERVED_GET,2,2,raw/ilearn.thu.edu.tw/api/google/auth/available.json; raw/ilearn.thu.edu.tw/static/28509.a0b2d0f0.js,400
/api/google/import,google,POST,2,2,raw/ilearn.thu.edu.tw/static/60808.b6e6469e.js; raw/ilearn.thu.edu.tw/static/63756-b6ed5817.js,
/api/google/import/resource-groups/,google,POST,2,2,raw/ilearn.thu.edu.tw/static/60808.b6e6469e.js; raw/ilearn.thu.edu.tw/static/63756-b6ed5817.js,
/api/google/picker/config,google,POST,2,2,raw/ilearn.thu.edu.tw/static/60808.b6e6469e.js; raw/ilearn.thu.edu.tw/static/63756-b6ed5817.js,
/api/in-progress-homeworks?no-intercept=true,in-progress-homeworks,GET; OBSERVED_GET,2,2,raw/ilearn.thu.edu.tw/api/in-progress-homeworks__q_ee79111d36.json; raw/ilearn.thu.edu.tw/static/42585.3fa356ed.js,200
/api/instruction-team/,instruction-team,OBSERVED_GET; POST,2,2,raw/ilearn.thu.edu.tw/api/instruction-team/index.json; raw/ilearn.thu.edu.tw/static/36824.bcd6489f.js,404
/api/instruction-team/meeting,instruction-team,GET; OBSERVED_GET,2,2,raw/ilearn.thu.edu.tw/api/instruction-team/meeting.json; raw/ilearn.thu.edu.tw/static/72914-965f4ad4.js,200
"/api/latest-activities?no-intercept=true&types=material,web_link,slide,online_video,page",latest-activities,GET; OBSERVED_GET,2,2,raw/ilearn.thu.edu.tw/api/latest-activities__q_97a147c553.json; raw/ilearn.thu.edu.tw/static/42585.3fa356ed.js,200
/api/lessons_search/agents,lessons_search,OBSERVED_GET; POST,2,2,raw/ilearn.thu.edu.tw/api/lessons_search/agents.json; raw/ilearn.thu.edu.tw/static/32419.cdd214b3.js,200
/api/lessons_search/schedule,lessons_search,DELETE; OBSERVED_GET,2,2,raw/ilearn.thu.edu.tw/api/lessons_search/schedule.html; raw/ilearn.thu.edu.tw/static/32419.cdd214b3.js,500
/api/lessons_search/schedule/,lessons_search,DELETE; OBSERVED_GET,2,2,raw/ilearn.thu.edu.tw/api/lessons_search/schedule/index.json; raw/ilearn.thu.edu.tw/static/32419.cdd214b3.js,404
/api/lessons_search/schedules,lessons_search,DELETE; OBSERVED_GET,2,2,raw/ilearn.thu.edu.tw/api/lessons_search/schedules.json; raw/ilearn.thu.edu.tw/static/32419.cdd214b3.js,200
/api/lessons_search/snapshot/,lessons_search,OBSERVED_GET; POST,2,2,raw/ilearn.thu.edu.tw/api/lessons_search/snapshot/index.json; raw/ilearn.thu.edu.tw/static/32419.cdd214b3.js,404
/api/login/check-email-domain,login,POST,2,2,raw/ilearn.thu.edu.tw/static/53787.f789eea3.js; raw/ilearn.thu.edu.tw/static/96966.ce16085e.js,
/api/make-up-exams/,make-up-exams,OBSERVED_GET; POST,2,2,raw/ilearn.thu.edu.tw/api/make-up-exams/index.json; raw/ilearn.thu.edu.tw/static/82017-1e48dc04.js,404
/api/management/calendar-meeting/excel,management,OBSERVED_GET; POST,2,2,raw/ilearn.thu.edu.tw/api/management/calendar-meeting/excel.json; raw/ilearn.thu.edu.tw/static/72914-965f4ad4.js,404
/api/management/calendar-meeting?page=,management,OBSERVED_GET; POST,2,2,raw/ilearn.thu.edu.tw/api/management/calendar-meeting__q_ee1eaef797.json; raw/ilearn.thu.edu.tw/static/72914-965f4ad4.js,404
/api/microsoft/auth/available,microsoft,GET; OBSERVED_GET,2,2,raw/ilearn.thu.edu.tw/api/microsoft/auth/available.json; raw/ilearn.thu.edu.tw/static/28509.a0b2d0f0.js,400
"/api/my-academic-years?fields=id,name,sort,is_active&user_id=",my-academic-years,GET,2,2,raw/ilearn.thu.edu.tw/static/64911.f8406418.js; raw/ilearn.thu.edu.tw/static/90179.4a3256c6.js,
/api/my-curriculum-departments,my-curriculum-departments,DELETE; OBSERVED_GET,2,2,raw/ilearn.thu.edu.tw/api/my-curriculum-departments.json; raw/ilearn.thu.edu.tw/static/24262.bfbc60d3.js,404
/api/my-tpdoe-courses,my-tpdoe-courses,GET; OBSERVED_GET,2,2,raw/ilearn.thu.edu.tw/api/my-tpdoe-courses.json; raw/ilearn.thu.edu.tw/static/49592.0ad88a29.js,404
/api/my-urp-courses,my-urp-courses,GET; OBSERVED_GET,2,2,raw/ilearn.thu.edu.tw/api/my-urp-courses.json; raw/ilearn.thu.edu.tw/static/49592.0ad88a29.js,404
/api/next-academic-years,next-academic-years,GET; OBSERVED_GET,2,2,raw/ilearn.thu.edu.tw/api/next-academic-years.json; raw/ilearn.thu.edu.tw/static/49592.0ad88a29.js,200
/api/next-semesters,next-semesters,GET; OBSERVED_GET,2,2,raw/ilearn.thu.edu.tw/api/next-semesters.json; raw/ilearn.thu.edu.tw/static/49592.0ad88a29.js,200
/api/notebooks/correction-book/add-attempt,notebooks,OBSERVED_GET; POST,2,2,raw/ilearn.thu.edu.tw/api/notebooks/correction-book/add-attempt.html; raw/ilearn.thu.edu.tw/static/43586.d1d9af5d.js,500
/api/notes,notes,DELETE; OBSERVED_GET,2,2,raw/ilearn.thu.edu.tw/api/notes.json; raw/ilearn.thu.edu.tw/static/72914-965f4ad4.js,200
/api/notes?course_id=,notes,GET; OBSERVED_GET,2,2,raw/ilearn.thu.edu.tw/api/notes__q_0e8c8d66de.json; raw/ilearn.thu.edu.tw/static/72914-965f4ad4.js,200
/api/org/change-plan-list,org,OBSERVED_GET; POST,2,2,raw/ilearn.thu.edu.tw/api/org/change-plan-list.json; raw/ilearn.thu.edu.tw/static/42585.3fa356ed.js,404
/api/org/request/change-plan/,org,OBSERVED_GET; POST,2,2,raw/ilearn.thu.edu.tw/api/org/request/change-plan/index.json; raw/ilearn.thu.edu.tw/static/42585.3fa356ed.js,404
/api/org/request/plan-plus,org,OBSERVED_GET; POST,2,2,raw/ilearn.thu.edu.tw/api/org/request/plan-plus.html; raw/ilearn.thu.edu.tw/static/42585.3fa356ed.js,500
/api/outline-setting,outline-setting,OBSERVED_GET; POST,2,2,raw/ilearn.thu.edu.tw/api/outline-setting.json; raw/ilearn.thu.edu.tw/static/49420.b30bc6e4.js,200
/api/outline-setting/toggle,outline-setting,DELETE; OBSERVED_GET,2,2,raw/ilearn.thu.edu.tw/api/outline-setting/toggle.html; raw/ilearn.thu.edu.tw/static/49420.b30bc6e4.js,500
/api/pay/,pay,GET; OBSERVED_GET,2,2,raw/ilearn.thu.edu.tw/api/pay/index.json; raw/ilearn.thu.edu.tw/static/27093.22d65938.js,404
/api/plan/request/current,plan,OBSERVED_GET; POST,2,2,raw/ilearn.thu.edu.tw/api/plan/request/current.json; raw/ilearn.thu.edu.tw/static/42585.3fa356ed.js,403
/api/plugins/,plugins,GET,2,2,raw/ilearn.thu.edu.tw/static/8870.8a2f9339.js; raw/ilearn.thu.edu.tw/static/94266.e5ff0ac2.js,
/api/project,project,OBSERVED_GET; POST,2,2,raw/ilearn.thu.edu.tw/api/project.html; raw/ilearn.thu.edu.tw/static/67184-b33fe039.js,500
/api/projects,projects,GET; OBSERVED_GET,2,2,raw/ilearn.thu.edu.tw/api/projects.json; raw/ilearn.thu.edu.tw/static/67184-b33fe039.js,200
/api/public-lives,public-lives,GET; OBSERVED_GET,2,2,raw/ilearn.thu.edu.tw/api/public-lives.json; raw/ilearn.thu.edu.tw/static/42714.ab5289df.js,400
/api/resource-file/org/arrears/,resource-file,GET; OBSERVED_GET,2,2,raw/ilearn.thu.edu.tw/api/resource-file/org/arrears/index.json; raw/ilearn.thu.edu.tw/static/72914-965f4ad4.js,404
"/api/rubrics?fields=id,name,conditions,engage_number,updated_at,created_at",rubrics,GET; OBSERVED_GET,2,2,raw/ilearn.thu.edu.tw/api/rubrics__q_059a74e38e.json; raw/ilearn.thu.edu.tw/static/34423.a5cefcd5.js,200
/api/score-publish-item-maps,score-publish-item-maps,OBSERVED_GET; PUT,2,2,raw/ilearn.thu.edu.tw/api/score-publish-item-maps.html; raw/ilearn.thu.edu.tw/static/12159.7fb514eb.js,500
/api/scores/package-excel?conditions=,scores,GET; OBSERVED_GET,2,2,raw/ilearn.thu.edu.tw/api/scores/package-excel__q_312ea1bc9c.json; raw/ilearn.thu.edu.tw/static/37291.dc77dff6.js,403
/api/scores/zip-status,scores,GET; OBSERVED_GET,2,2,raw/ilearn.thu.edu.tw/api/scores/zip-status.json; raw/ilearn.thu.edu.tw/static/37291.dc77dff6.js,403
/api/search,search,OBSERVED_GET; UNKNOWN,2,2,raw/ilearn.thu.edu.tw/api/search.json; raw/ilearn.thu.edu.tw/static/20215.c33a19b6.js,404
/api/selected-departments,selected-departments,OBSERVED_GET; POST,2,2,raw/ilearn.thu.edu.tw/api/selected-departments.html; raw/ilearn.thu.edu.tw/static/49592.0ad88a29.js,500
/api/semester-courses/,semester-courses,GET; OBSERVED_GET,2,2,raw/ilearn.thu.edu.tw/api/semester-courses/index.json; raw/ilearn.thu.edu.tw/static/20307-0fd301f4.js,404
/api/shanghaitech/lib-resources?page=,shanghaitech,GET; OBSERVED_GET,2,2,raw/ilearn.thu.edu.tw/api/shanghaitech/lib-resources__q_ee1eaef797.json; raw/ilearn.thu.edu.tw/static/19186.c2183f69.js,200
/api/shared-resource/tag,shared-resource,OBSERVED_GET; UNKNOWN,2,2,raw/ilearn.thu.edu.tw/api/shared-resource/tag.json; raw/ilearn.thu.edu.tw/static/25753.6c691880.js,200
/api/shared-resources-no-repeated?page=,shared-resources-no-repeated,GET; OBSERVED_GET,2,2,raw/ilearn.thu.edu.tw/api/shared-resources-no-repeated__q_ee1eaef797.json; raw/ilearn.thu.edu.tw/static/3738-63068e80.js,403
/api/shared-resources-to/,shared-resources-to,DELETE; UNKNOWN,2,1,raw/ilearn.thu.edu.tw/static/67133.08e1a687.js,
/api/shared-resources/management,shared-resources,POST,2,2,raw/ilearn.thu.edu.tw/static/11812.92e9ccfe.js; raw/ilearn.thu.edu.tw/static/72914-965f4ad4.js,
/api/shared-resources/stat,shared-resources,GET,2,2,raw/ilearn.thu.edu.tw/static/11812.92e9ccfe.js; raw/ilearn.thu.edu.tw/static/72914-965f4ad4.js,
/api/shared-resources/stat/video-resources,shared-resources,GET,2,2,raw/ilearn.thu.edu.tw/static/11812.92e9ccfe.js; raw/ilearn.thu.edu.tw/static/72914-965f4ad4.js,
/api/shared-resources/stat/video-resources/export,shared-resources,GET,2,2,raw/ilearn.thu.edu.tw/static/11812.92e9ccfe.js; raw/ilearn.thu.edu.tw/static/72914-965f4ad4.js,
/api/signup,signup,POST,2,2,raw/ilearn.thu.edu.tw/static/92455.9596e32b.js; raw/ilearn.thu.edu.tw/static/96966.ce16085e.js,
/api/slides,slides,DELETE; OBSERVED_GET,2,2,raw/ilearn.thu.edu.tw/api/slides.json; raw/ilearn.thu.edu.tw/static/2469.2015e9b3.js,200
/api/slides/records/,slides,DELETE; OBSERVED_GET,2,2,raw/ilearn.thu.edu.tw/api/slides/records/index.json; raw/ilearn.thu.edu.tw/static/2469.2015e9b3.js,404
/api/stat/attendance/export/to/,stat,POST,2,2,raw/ilearn.thu.edu.tw/static/11812.92e9ccfe.js; raw/ilearn.thu.edu.tw/static/72914-965f4ad4.js,
/api/stat/courses/rollcall/export,stat,POST,2,2,raw/ilearn.thu.edu.tw/static/11812.92e9ccfe.js; raw/ilearn.thu.edu.tw/static/72914-965f4ad4.js,
/api/stat/courses/rollcall/export-by-class,stat,GET,2,2,raw/ilearn.thu.edu.tw/static/11812.92e9ccfe.js; raw/ilearn.thu.edu.tw/static/72914-965f4ad4.js,
/api/stat/semester/,stat,GET; OBSERVED_GET,2,2,raw/ilearn.thu.edu.tw/api/stat/semester/index.json; raw/ilearn.thu.edu.tw/static/20307-0fd301f4.js,404
/api/stat/students/,stat,GET; OBSERVED_GET,2,2,raw/ilearn.thu.edu.tw/api/stat/students/index.json; raw/ilearn.thu.edu.tw/static/10257.5f75a4b2.js,404
/api/stat/user-info,stat,GET; OBSERVED_GET,2,2,raw/ilearn.thu.edu.tw/api/stat/user-info.json; raw/ilearn.thu.edu.tw/static/20307-0fd301f4.js,200
/api/stat/video/,stat,GET; OBSERVED_GET,2,2,raw/ilearn.thu.edu.tw/api/stat/video/index.json; raw/ilearn.thu.edu.tw/static/10257.5f75a4b2.js,404
/api/stat/vtrses/data/export,stat,OBSERVED_GET; UNKNOWN,2,2,raw/ilearn.thu.edu.tw/api/stat/vtrses/data/export.json; raw/ilearn.thu.edu.tw/static/20394.23ecfc5d.js,403
/api/statistic,statistic,GET; OBSERVED_GET,2,2,raw/ilearn.thu.edu.tw/api/statistic.json; raw/ilearn.thu.edu.tw/static/72914-965f4ad4.js,404
/api/subject-libs/subjects-movement,subject-libs,UNKNOWN,2,2,raw/ilearn.thu.edu.tw/static/50559.79503daf.js; raw/ilearn.thu.edu.tw/static/63756-b6ed5817.js,
/api/subject-libs/subjects-replication,subject-libs,POST,2,2,raw/ilearn.thu.edu.tw/static/50559.79503daf.js; raw/ilearn.thu.edu.tw/static/63756-b6ed5817.js,
/api/syllabus,syllabus,OBSERVED_GET; POST,2,2,raw/ilearn.thu.edu.tw/api/syllabus.html; raw/ilearn.thu.edu.tw/static/44346.7b57b52e.js,500
/api/syllabus/resort,syllabus,OBSERVED_GET; PUT,2,2,raw/ilearn.thu.edu.tw/api/syllabus/resort.html; raw/ilearn.thu.edu.tw/static/44346.7b57b52e.js,500
/api/syllabuses/,syllabuses,DELETE; OBSERVED_GET,2,2,raw/ilearn.thu.edu.tw/api/syllabuses/index.json; raw/ilearn.thu.edu.tw/static/44346.7b57b52e.js,404
/api/task?type=,task,GET; OBSERVED_GET,2,2,raw/ilearn.thu.edu.tw/api/task__q_271a9b2829.html; raw/ilearn.thu.edu.tw/static/49592.0ad88a29.js,500
/api/through-course/,through-course,GET; OBSERVED_GET,2,2,raw/ilearn.thu.edu.tw/api/through-course/index.json; raw/ilearn.thu.edu.tw/static/72914-965f4ad4.js,404
/api/through-courses,through-courses,POST,2,2,raw/ilearn.thu.edu.tw/static/6240.72c6e2a0.js; raw/ilearn.thu.edu.tw/static/74678.1c824e2e.js,
/api/through-courses/,through-courses,GET,2,2,raw/ilearn.thu.edu.tw/static/6240.72c6e2a0.js; raw/ilearn.thu.edu.tw/static/74678.1c824e2e.js,
/api/timetable_rollcalls,timetable_rollcalls,GET,2,2,raw/ilearn.thu.edu.tw/static/71196.5077b7df.js; raw/ilearn.thu.edu.tw/static/9727.544f163b.js,
/api/todos?no-intercept=true,todos,GET; OBSERVED_GET,2,2,raw/ilearn.thu.edu.tw/api/todos__q_ee79111d36.json; raw/ilearn.thu.edu.tw/static/42585.3fa356ed.js,200
/api/toggle-opened-orgs?toggle=org_team_teaching,toggle-opened-orgs,GET; OBSERVED_GET,2,2,raw/ilearn.thu.edu.tw/api/toggle-opened-orgs__q_d34d96ae68.json; raw/ilearn.thu.edu.tw/static/72914-965f4ad4.js,400
/api/toggle-opened-orgs?toggle=share_resource_to_other_orgs&include_current_org=0,toggle-opened-orgs,OBSERVED_GET; POST,2,2,raw/ilearn.thu.edu.tw/api/toggle-opened-orgs__q_60e1a28315.json; raw/ilearn.thu.edu.tw/static/3738-63068e80.js,400
/api/topics/latest?no-intercept=true&count=,topics,GET; OBSERVED_GET,2,2,raw/ilearn.thu.edu.tw/api/topics/latest__q_a8f0b355c5.html; raw/ilearn.thu.edu.tw/static/42585.3fa356ed.js,500
/api/tpdoe-courses,tpdoe-courses,GET; OBSERVED_GET,2,2,raw/ilearn.thu.edu.tw/api/tpdoe-courses.json; raw/ilearn.thu.edu.tw/static/49592.0ad88a29.js,404
/api/tpdoe/enrollments?user_id=,tpdoe,OBSERVED_GET; UNKNOWN,2,2,raw/ilearn.thu.edu.tw/api/tpdoe/enrollments__q_caa13a136c.html; raw/ilearn.thu.edu.tw/static/49592.0ad88a29.js,500
/api/uploads/21/modified-image?thumbnail=0x272,uploads,UNKNOWN,2,2,raw/ilearn.thu.edu.tw/index.html; raw/ilearn.thu.edu.tw/index/index.html,
/api/uploads/document/,uploads,GET,2,2,raw/ilearn.thu.edu.tw/static/51708-096d42d6.js; raw/ilearn.thu.edu.tw/static/77503-ccf74164.js,
/api/uploads/embed-material/,uploads,GET; UNKNOWN,2,2,raw/ilearn.thu.edu.tw/static/72914-965f4ad4.js; raw/ilearn.thu.edu.tw/static/88788.161d6b6a.js,
/api/uploads/moodle-pkg?page=,uploads,GET,2,2,raw/ilearn.thu.edu.tw/static/41568.0adf30d4.js; raw/ilearn.thu.edu.tw/static/72914-965f4ad4.js,
/api/uploads/video/,uploads,GET; UNKNOWN,2,2,raw/ilearn.thu.edu.tw/static/44093.3708899a.js; raw/ilearn.thu.edu.tw/static/56690.f382cd2d.js,
/api/uploads/{id}/in-rich-content?created_at=2026-03-31T10{param}{param},uploads,UNKNOWN,2,2,raw/ilearn.thu.edu.tw/api/bulletins/latest.json; raw/ilearn.thu.edu.tw/api/course-bulletins.json,
"/api/uploads/{id}/modified-image?thumbnail=32x32&crop_box=25,19,181,175",uploads,UNKNOWN,2,2,raw/ilearn.thu.edu.tw/api/courses/public.json; raw/ilearn.thu.edu.tw/api/profile.json,
/api/uploads/{id}/modified-image?thumbnail=32x32';,uploads,UNKNOWN,2,2,raw/ilearn.thu.edu.tw/index.html; raw/ilearn.thu.edu.tw/index/index.html,
/api/user-completeness,user-completeness,GET; OBSERVED_GET,2,2,raw/ilearn.thu.edu.tw/api/user-completeness.json; raw/ilearn.thu.edu.tw/static/42585.3fa356ed.js,200
/api/user-index-stat/courses/info-status,user-index-stat,GET; OBSERVED_GET,2,2,raw/ilearn.thu.edu.tw/api/user-index-stat/courses/info-status.json; raw/ilearn.thu.edu.tw/static/42585.3fa356ed.js,403
/api/user-index-stat/org-summary,user-index-stat,GET; OBSERVED_GET,2,2,raw/ilearn.thu.edu.tw/api/user-index-stat/org-summary.json; raw/ilearn.thu.edu.tw/static/42585.3fa356ed.js,403
/api/user-visits,user-visits,OBSERVED_GET; UNKNOWN,2,2,raw/ilearn.thu.edu.tw/api/user-visits.json; raw/ilearn.thu.edu.tw/static/79392-680445ea.js,404
/api/user/address,user,DELETE; OBSERVED_GET,2,2,raw/ilearn.thu.edu.tw/api/user/address.html; raw/ilearn.thu.edu.tw/static/4396.fcd26037.js,500
/api/user/addresses,user,OBSERVED_GET; POST,2,2,raw/ilearn.thu.edu.tw/api/user/addresses.json; raw/ilearn.thu.edu.tw/static/4396.fcd26037.js,200
/api/user/addresses/,user,DELETE; OBSERVED_GET,2,2,raw/ilearn.thu.edu.tw/api/user/addresses/index.json; raw/ilearn.thu.edu.tw/static/4396.fcd26037.js,404
/api/user/association-code,user,OBSERVED_GET; PUT,2,2,raw/ilearn.thu.edu.tw/api/user/association-code.html; raw/ilearn.thu.edu.tw/static/72914-965f4ad4.js,500
/api/user/chat,user,OBSERVED_GET; POST,2,2,raw/ilearn.thu.edu.tw/api/user/chat.json; raw/ilearn.thu.edu.tw/static/60859-2c42871a.js,404
/api/user/check-curriculum-graduate,user,OBSERVED_GET; POST,2,2,raw/ilearn.thu.edu.tw/api/user/check-curriculum-graduate.html; raw/ilearn.thu.edu.tw/static/24262.bfbc60d3.js,500
/api/user/check-expired-password,user,GET; OBSERVED_GET,2,2,raw/ilearn.thu.edu.tw/api/user/check-expired-password.json; raw/ilearn.thu.edu.tw/static/72914-965f4ad4.js,200
/api/user/failed-courses,user,GET; OBSERVED_GET,2,2,raw/ilearn.thu.edu.tw/api/user/failed-courses.json; raw/ilearn.thu.edu.tw/static/42585.3fa356ed.js,200
/api/user/first-time-login,user,OBSERVED_GET; PUT,2,2,raw/ilearn.thu.edu.tw/api/user/first-time-login.html; raw/ilearn.thu.edu.tw/static/42585.3fa356ed.js,500
/api/user/pre-task,user,GET; OBSERVED_GET,2,2,raw/ilearn.thu.edu.tw/api/user/pre-task.json; raw/ilearn.thu.edu.tw/static/72914-965f4ad4.js,200
/api/user/profile-stat,user,GET,2,2,raw/ilearn.thu.edu.tw/static/64911.f8406418.js; raw/ilearn.thu.edu.tw/static/90179.4a3256c6.js,
/api/user/resources/,user,GET; OBSERVED_GET,2,2,raw/ilearn.thu.edu.tw/api/user/resources/index.json; raw/ilearn.thu.edu.tw/static/34908-683cb506.js,404
/api/user/upload/,user,DELETE,2,2,raw/ilearn.thu.edu.tw/static/34908-683cb506.js; raw/ilearn.thu.edu.tw/static/94795.2ff75664.js,
/api/user/uploads,user,DELETE,2,2,raw/ilearn.thu.edu.tw/static/34908-683cb506.js; raw/ilearn.thu.edu.tw/static/94795.2ff75664.js,
/api/video-quizzes/org/arrears/,video-quizzes,GET; OBSERVED_GET,2,2,raw/ilearn.thu.edu.tw/api/video-quizzes/org/arrears/index.json; raw/ilearn.thu.edu.tw/static/72914-965f4ad4.js,404
/api/video-suite/comments/,video-suite,DELETE; POST,2,1,raw/ilearn.thu.edu.tw/static/88788.161d6b6a.js,
/api/votes/,votes,GET; PUT,2,1,raw/ilearn.thu.edu.tw/static/9217.3ccc580b.js,
/api/vtrs,vtrs,OBSERVED_GET; POST,2,2,raw/ilearn.thu.edu.tw/api/vtrs.html; raw/ilearn.thu.edu.tw/static/23977.ebaa5322.js,500
/api/vtrses/application-stat,vtrses,GET; OBSERVED_GET,2,2,raw/ilearn.thu.edu.tw/api/vtrses/application-stat.json; raw/ilearn.thu.edu.tw/static/23977.ebaa5322.js,200
/api/vtrses/applications,vtrses,GET; OBSERVED_GET,2,2,raw/ilearn.thu.edu.tw/api/vtrses/applications.json; raw/ilearn.thu.edu.tw/static/23977.ebaa5322.js,200
/api/wedrive/file/,wedrive,GET; UNKNOWN,2,2,raw/ilearn.thu.edu.tw/static/34908-683cb506.js; raw/ilearn.thu.edu.tw/static/88788.161d6b6a.js,
/api/wedrive/files?page=1&page_size=1000,wedrive,GET; OBSERVED_GET,2,2,raw/ilearn.thu.edu.tw/api/wedrive/files__q_bbf650a154.html; raw/ilearn.thu.edu.tw/static/34908-683cb506.js,500
/api/wg-admin/orgs/request,wg-admin,OBSERVED_GET; POST,2,2,raw/ilearn.thu.edu.tw/api/wg-admin/orgs/request.html; raw/ilearn.thu.edu.tw/static/42585.3fa356ed.js,500
/api/wg-admin/orgs/requests,wg-admin,OBSERVED_GET; POST,2,2,raw/ilearn.thu.edu.tw/api/wg-admin/orgs/requests.json; raw/ilearn.thu.edu.tw/static/42585.3fa356ed.js,403
"https://ilearn.thu.edu.tw/api/uploads/{id}/modified-image?thumbnail=32x32&crop_box=25,19,181,175",uploads,UNKNOWN,2,2,raw/ilearn.thu.edu.tw/api/courses/public.json; raw/ilearn.thu.edu.tw/api/profile.json,
/api/,api,OBSERVED_GET,1,1,raw/ilearn.thu.edu.tw/api/index.json,404
/api/activies/classin/join-url?course_id=,activies,GET,1,1,raw/ilearn.thu.edu.tw/static/88788.161d6b6a.js,
/api/audit/vtrses,audit,GET,1,1,raw/ilearn.thu.edu.tw/static/80123.00a036be.js,
/api/blobstorage/open-client-url?parent_id=,blobstorage,GET,1,1,raw/ilearn.thu.edu.tw/static/72914-965f4ad4.js,
/api/calendar-key-events,calendar-key-events,GET,1,1,raw/ilearn.thu.edu.tw/static/97195.2faf10fc.js,
/api/calendar-tag,calendar-tag,POST,1,1,raw/ilearn.thu.edu.tw/static/97195.2faf10fc.js,
/api/calendar-teaching-weeks,calendar-teaching-weeks,GET,1,1,raw/ilearn.thu.edu.tw/static/97195.2faf10fc.js,
/api/campus-subject-lib/classifications/subject-count,campus-subject-lib,GET,1,1,raw/ilearn.thu.edu.tw/static/56488.5dafa7c7.js,
/api/captcha-code,captcha-code,OBSERVED_GET,1,1,raw/ilearn.thu.edu.tw/api/captcha-code.jpg,200
/api/classroom-report/plugins/,classroom-report,GET,1,1,raw/ilearn.thu.edu.tw/static/94266.e5ff0ac2.js,
/api/course-subject,course-subject,POST,1,1,raw/ilearn.thu.edu.tw/static/49592.0ad88a29.js,
/api/course-subject/,course-subject,PUT,1,1,raw/ilearn.thu.edu.tw/static/49592.0ad88a29.js,
/api/course-subjects,course-subjects,GET,1,1,raw/ilearn.thu.edu.tw/static/49592.0ad88a29.js,
/api/course/copy-meta-course,course,POST,1,1,raw/ilearn.thu.edu.tw/static/74300.8f215a9f.js,
/api/course/rollcalls/count/grade,course,POST,1,1,raw/ilearn.thu.edu.tw/static/18326.bedfc73f.js,
/api/courses-homework?fields=,courses-homework,GET,1,1,raw/ilearn.thu.edu.tw/static/58960.1daf8fad.js,
/api/courses/ask-questions/,courses,GET,1,1,raw/ilearn.thu.edu.tw/static/88951.3d50816c.js,
/api/courses/public/hot?limit=12,courses,OBSERVED_GET,1,1,raw/ilearn.thu.edu.tw/api/courses/public/hot__q_8413e91418.json,200
/api/courses/tpdoe/stat-students,courses,OBSERVED_GET,1,1,raw/ilearn.thu.edu.tw/api/courses/tpdoe/stat-students.json,404
/api/csp/detect?url=,csp,GET,1,1,raw/ilearn.thu.edu.tw/static/88788.161d6b6a.js,
/api/custom-knowledge-graph/disciplines,custom-knowledge-graph,GET,1,1,raw/ilearn.thu.edu.tw/static/93155.0c0ec13a.js,
/api/custom-knowledge-graph/export/,custom-knowledge-graph,POST,1,1,raw/ilearn.thu.edu.tw/static/93155.0c0ec13a.js,
/api/custom-knowledge-graph/majors,custom-knowledge-graph,GET,1,1,raw/ilearn.thu.edu.tw/static/93155.0c0ec13a.js,
/api/custom-knowledge-graph/org/department/tree,custom-knowledge-graph,GET,1,1,raw/ilearn.thu.edu.tw/static/93155.0c0ec13a.js,
/api/custom-knowledge-graph/plan-courses/,custom-knowledge-graph,GET,1,1,raw/ilearn.thu.edu.tw/static/93155.0c0ec13a.js,
/api/custom-knowledge-graph/plan/,custom-knowledge-graph,GET,1,1,raw/ilearn.thu.edu.tw/static/93155.0c0ec13a.js,
/api/custom-knowledge-graph/program/,custom-knowledge-graph,GET,1,1,raw/ilearn.thu.edu.tw/static/93155.0c0ec13a.js,
/api/custom-knowledge-graph/stat,custom-knowledge-graph,GET,1,1,raw/ilearn.thu.edu.tw/static/93155.0c0ec13a.js,
/api/custom-knowledge-graph/workspaces/,custom-knowledge-graph,GET,1,1,raw/ilearn.thu.edu.tw/static/93155.0c0ec13a.js,
/api/departments-for-user,departments-for-user,GET,1,1,raw/ilearn.thu.edu.tw/static/52010.1669d605.js,
/api/departments?for-management=true&fields=,departments,GET,1,1,raw/ilearn.thu.edu.tw/static/49592.0ad88a29.js,
/api/edu-scores/submit-course-scores,edu-scores,POST,1,1,raw/ilearn.thu.edu.tw/static/12159.7fb514eb.js,
/api/enrollments/score-book?course_id=,enrollments,GET,1,1,raw/ilearn.thu.edu.tw/static/95078.fcfc24e6.js,
/api/examinee-actions?exam_id=,examinee-actions,GET,1,1,raw/ilearn.thu.edu.tw/static/71999.889e7289.js,
/api/feature-toggles,feature-toggles,GET,1,1,raw/ilearn.thu.edu.tw/static/31786.62752df3.js,
/api/forum/topics/,forum,GET,1,1,raw/ilearn.thu.edu.tw/static/50759.ba0ade2f.js,
/api/free-try,free-try,POST,1,1,raw/ilearn.thu.edu.tw/static/58977.6c2f35bd.js,
/api/h5-courseware/upload/,h5-courseware,PUT,1,1,raw/ilearn.thu.edu.tw/static/83735-784775ae.js,
/api/iactivity/activities?start_date=,iactivity,GET,1,1,raw/ilearn.thu.edu.tw/static/58960.1daf8fad.js,
/api/inter-score-submissions/,inter-score-submissions,GET,1,1,raw/ilearn.thu.edu.tw/static/88788.161d6b6a.js,
/api/inter-scores/,inter-scores,PUT,1,1,raw/ilearn.thu.edu.tw/static/88788.161d6b6a.js,
/api/lessons/,lessons,GET,1,1,raw/ilearn.thu.edu.tw/static/88788.161d6b6a.js,
/api/lessons_management/,lessons_management,GET,1,1,raw/ilearn.thu.edu.tw/static/8751.50229f20.js,
/api/lessons_search/upload-schedule/,lessons_search,POST,1,1,raw/ilearn.thu.edu.tw/static/32419.cdd214b3.js,
/api/login,login,POST,1,1,raw/ilearn.thu.edu.tw/static/93341.d3187e73.js,
/api/login/check-user-org,login,POST,1,1,raw/ilearn.thu.edu.tw/static/96966.ce16085e.js,
/api/login/info-update,login,DELETE,1,1,raw/ilearn.thu.edu.tw/static/50674.577c5280.js,
/api/makeup-exams/,makeup-exams,PATCH,1,1,raw/ilearn.thu.edu.tw/static/56488.5dafa7c7.js,
/api/manage/vtrses,manage,GET,1,1,raw/ilearn.thu.edu.tw/static/80123.00a036be.js,
/api/media-captions/template?lang=,media-captions,UNKNOWN,1,1,raw/ilearn.thu.edu.tw/static/88788.161d6b6a.js,
/api/media/media-caption-tasks/progress,media,GET,1,1,raw/ilearn.thu.edu.tw/static/88788.161d6b6a.js,
/api/media/media-caption-tasks/progress?media_ids=,media,GET,1,1,raw/ilearn.thu.edu.tw/static/8751.50229f20.js,
/api/my-courses?page=1&page_size=50,my-courses,OBSERVED_GET,1,1,raw/ilearn.thu.edu.tw/api/my-courses__q_5f62ca3338.json,200
/api/my-curriculum-semesters,my-curriculum-semesters,OBSERVED_GET,1,1,raw/ilearn.thu.edu.tw/api/my-curriculum-semesters.json,404
/api/notebooks/create,notebooks,POST,1,1,raw/ilearn.thu.edu.tw/static/74447.a214c8b5.js,
"/api/org-bulletin/bulletins?conditions=%7B%22unread%22{param},%22show_on_popup%22{param}%7D&page=1&page_size=100",org-bulletin,OBSERVED_GET,1,1,raw/ilearn.thu.edu.tw/api/org-bulletin/bulletins__q_11216e1707.json,200
/api/orgs,orgs,OBSERVED_GET,1,1,raw/ilearn.thu.edu.tw/api/orgs.json,200
/api/orgs/1/lang-settings,orgs,OBSERVED_GET,1,1,raw/ilearn.thu.edu.tw/api/orgs/1/lang-settings.json,200
/api/orgs/1/online-users?group_by=role,orgs,OBSERVED_GET,1,1,raw/ilearn.thu.edu.tw/api/orgs/1/online-users__q_50057dd250.json,200
/api/portal-classifications,portal-classifications,OBSERVED_GET,1,1,raw/ilearn.thu.edu.tw/api/portal-classifications.json,200
/api/profile,profile,OBSERVED_GET,1,1,raw/ilearn.thu.edu.tw/api/profile.json,200
/api/resource-file,resource-file,POST,1,1,raw/ilearn.thu.edu.tw/static/72592.28fdf93c.js,
/api/resource-file/batch-delete,resource-file,DELETE,1,1,raw/ilearn.thu.edu.tw/static/72592.28fdf93c.js,
/api/room-locations,room-locations,GET,1,1,raw/ilearn.thu.edu.tw/static/8751.50229f20.js,
/api/shared-resources/admin/to-other-orgs,shared-resources,POST,1,1,raw/ilearn.thu.edu.tw/static/3738-63068e80.js,
/api/shared-resources/comments/,shared-resources,DELETE,1,1,raw/ilearn.thu.edu.tw/static/72525.f719bf4f.js,
/api/shared-resources/my-follower,shared-resources,GET,1,1,raw/ilearn.thu.edu.tw/static/70536.a9427994.js,
/api/shared-resources/my-track-user,shared-resources,GET,1,1,raw/ilearn.thu.edu.tw/static/70536.a9427994.js,
/api/shared-resources/personal-recommendations,shared-resources,GET,1,1,raw/ilearn.thu.edu.tw/static/30801-25982468.js,
/api/signup/info-update,signup,DELETE,1,1,raw/ilearn.thu.edu.tw/static/50674.577c5280.js,
/api/slides/published?fields=,slides,GET,1,1,raw/ilearn.thu.edu.tw/static/8751.50229f20.js,
/api/source-department-code-for-user,source-department-code-for-user,GET,1,1,raw/ilearn.thu.edu.tw/static/52010.1669d605.js,
/api/stat/bulletins/,stat,GET,1,1,raw/ilearn.thu.edu.tw/static/8870.8a2f9339.js,
/api/stat/h5_courseware/,stat,GET,1,1,raw/ilearn.thu.edu.tw/static/8870.8a2f9339.js,
/api/stat/lesson/rollcall,stat,GET,1,1,raw/ilearn.thu.edu.tw/static/60004.a0b49431.js,
/api/stat/materials/,stat,GET,1,1,raw/ilearn.thu.edu.tw/static/8870.8a2f9339.js,
/api/stat/scorm/,stat,GET,1,1,raw/ilearn.thu.edu.tw/static/8870.8a2f9339.js,
/api/stat/student/rollcall,stat,GET,1,1,raw/ilearn.thu.edu.tw/static/60004.a0b49431.js,
/api/stat/teacher/rollcall,stat,GET,1,1,raw/ilearn.thu.edu.tw/static/60004.a0b49431.js,
/api/stat/videos/,stat,GET,1,1,raw/ilearn.thu.edu.tw/static/8870.8a2f9339.js,
/api/stat/vtrs/enable-status,stat,PUT,1,1,raw/ilearn.thu.edu.tw/static/80123.00a036be.js,
/api/stat/vtrses/activities,stat,GET,1,1,raw/ilearn.thu.edu.tw/static/80123.00a036be.js,
/api/stat/vtrses/count-info,stat,PUT,1,1,raw/ilearn.thu.edu.tw/static/80123.00a036be.js,
/api/stat/vtrses/data,stat,GET,1,1,raw/ilearn.thu.edu.tw/static/80123.00a036be.js,
/api/stat/vtrses/resources,stat,GET,1,1,raw/ilearn.thu.edu.tw/static/80123.00a036be.js,
/api/stat/vtrses/teaching-count-info,stat,GET,1,1,raw/ilearn.thu.edu.tw/static/80123.00a036be.js,
/api/stat/weblinks/,stat,GET,1,1,raw/ilearn.thu.edu.tw/static/8870.8a2f9339.js,
/api/subject-group/,subject-group,DELETE,1,1,raw/ilearn.thu.edu.tw/static/77887.e982b363.js,
/api/subject-libs/check-wmqti,subject-libs,POST,1,1,raw/ilearn.thu.edu.tw/static/50559.79503daf.js,
/api/subject-libs/random,subject-libs,POST,1,1,raw/ilearn.thu.edu.tw/static/56488.5dafa7c7.js,
/api/subject-libs/upload-wmqti,subject-libs,POST,1,1,raw/ilearn.thu.edu.tw/static/50559.79503daf.js,
/api/subject-libs/upload-wmqti-enterprise,subject-libs,POST,1,1,raw/ilearn.thu.edu.tw/static/50559.79503daf.js,
/api/subject-libs?lib_type=,subject-libs,POST,1,1,raw/ilearn.thu.edu.tw/static/63756-b6ed5817.js,
/api/subject-libs?lib_type=folder,subject-libs,POST,1,1,raw/ilearn.thu.edu.tw/static/50559.79503daf.js,
/api/subject-libs?lib_type=folder&referrer_type=resource_group&referrer_id=,subject-libs,POST,1,1,raw/ilearn.thu.edu.tw/static/63756-b6ed5817.js,
/api/submission/,submission,POST,1,1,raw/ilearn.thu.edu.tw/static/88788.161d6b6a.js,
/api/submission/recommend,submission,PUT,1,1,raw/ilearn.thu.edu.tw/static/88788.161d6b6a.js,
/api/text-optimization,text-optimization,UNKNOWN,1,1,raw/ilearn.thu.edu.tw/static/97620.c8167195.js,
/api/timetables/,timetables,GET,1,1,raw/ilearn.thu.edu.tw/static/94266.e5ff0ac2.js,
/api/todos,todos,GET,1,1,raw/ilearn.thu.edu.tw/static/99038.bc3a4ccc.js,
/api/toggle-opened-orgs?toggle=share_public_course_to_other_orgs,toggle-opened-orgs,GET,1,1,raw/ilearn.thu.edu.tw/static/49592.0ad88a29.js,
/api/topics,topics,POST,1,1,raw/ilearn.thu.edu.tw/static/50759.ba0ade2f.js,
/api/tpdoe/courses/,tpdoe,UNKNOWN,1,1,raw/ilearn.thu.edu.tw/static/49592.0ad88a29.js,
/api/tpdoe/courses?user_id=,tpdoe,UNKNOWN,1,1,raw/ilearn.thu.edu.tw/static/49592.0ad88a29.js,
/api/tpdoe/week-sections?user_id=,tpdoe,UNKNOWN,1,1,raw/ilearn.thu.edu.tw/static/49592.0ad88a29.js,
"/api/uploads/24/modified-image?thumbnail=32x32&crop_box=16,0,501,485",uploads,UNKNOWN,1,1,raw/ilearn.thu.edu.tw/api/courses/public.json,
/api/uploads/reference/document/,uploads,GET,1,1,raw/ilearn.thu.edu.tw/static/72914-965f4ad4.js,
/api/uploads/scorm/,uploads,UNKNOWN,1,1,raw/ilearn.thu.edu.tw/static/72914-965f4ad4.js,
/api/uploads/screen-shot,uploads,POST,1,1,raw/ilearn.thu.edu.tw/static/72914-965f4ad4.js,
/api/uploads/screen-shot/share-to,uploads,POST,1,1,raw/ilearn.thu.edu.tw/static/72914-965f4ad4.js,
"/api/uploads/{id}/modified-image?thumbnail=200x200&crop_box=25,19,181,175",uploads,UNKNOWN,1,1,raw/ilearn.thu.edu.tw/api/profile.json,
"/api/uploads/{id}/modified-image?thumbnail=32x32&crop_box=0,0,998,998",uploads,UNKNOWN,1,1,raw/ilearn.thu.edu.tw/api/courses/public.json,
"/api/uploads/{id}/modified-image?thumbnail=32x32&crop_box=161,119,635,593",uploads,UNKNOWN,1,1,raw/ilearn.thu.edu.tw/api/courses/public.json,
"/api/uploads/{id}/modified-image?thumbnail=32x32&crop_box=59,59,537,537",uploads,UNKNOWN,1,1,raw/ilearn.thu.edu.tw/api/course-estimates/81288.json,
"/api/uploads/{id}/modified-image?thumbnail=32x32&crop_box=890,575,2234,1919",uploads,UNKNOWN,1,1,raw/ilearn.thu.edu.tw/api/courses/public.json,
/api/uploads?uploadIds=,uploads,POST,1,1,raw/ilearn.thu.edu.tw/static/19832.b33b43a5.js,
/api/urp/courses,urp,UNKNOWN,1,1,raw/ilearn.thu.edu.tw/static/49592.0ad88a29.js,
/api/user,user,OBSERVED_GET,1,1,raw/ilearn.thu.edu.tw/api/user.json,403
/api/user/classrooms?start_date=,user,GET,1,1,raw/ilearn.thu.edu.tw/static/58960.1daf8fad.js,
/api/user/courses/activities,user,GET,1,1,raw/ilearn.thu.edu.tw/static/9727.544f163b.js,
/api/user/department,user,PUT,1,1,raw/ilearn.thu.edu.tw/static/52010.1669d605.js,
/api/user/lesson-resources/progress?no-intercept=true,user,GET,1,1,raw/ilearn.thu.edu.tw/static/72592.28fdf93c.js,
/api/user/name,user,PUT,1,1,raw/ilearn.thu.edu.tw/static/96594.0de9518d.js,
/api/user/nickname,user,PUT,1,1,raw/ilearn.thu.edu.tw/static/96594.0de9518d.js,
/api/user/persona/upload/,user,DELETE,1,1,raw/ilearn.thu.edu.tw/static/96594.0de9518d.js,
/api/user/portfolio_url,user,POST,1,1,raw/ilearn.thu.edu.tw/static/96594.0de9518d.js,
"/api/user/resources?conditions=%7B%22keyword%22:%22%22,%22includeSlides%22{param},%22limitTypes%22:%5B%22file%22,%22video%22,%22document%22,%22image%22,%22audio%22,%22scorm%22,%22evercam%22,%22swf%22,%22wmpkg%22,%22link%22%5D,%22fileType%22:%22all%22,%22parentId%22{param},%22sourceType%22:%22MyResourcesFile%22,%22no-intercept%22{param}%7D&page=1&page_size=20",user,OBSERVED_GET,1,1,raw/ilearn.thu.edu.tw/api/user/resources__q_420c8f699e.json,200
"/api/user/resources?conditions=%7B%22keyword%22:%22%22,%22includeSlides%22{param},%22limitTypes%22:%5B%22folder%22%5D,%22fileType%22:%22all%22,%22parentId%22{param},%22sourceType%22:%22MyResourcesFolder%22,%22no-intercept%22{param}%7D&page=1&page_size=20",user,OBSERVED_GET,1,1,raw/ilearn.thu.edu.tw/api/user/resources__q_e7fa3edbca.json,200
/api/user/role,user,PUT,1,1,raw/ilearn.thu.edu.tw/static/96594.0de9518d.js,
/api/user/user-school-photo,user,UNKNOWN,1,1,raw/ilearn.thu.edu.tw/static/96594.0de9518d.js,
/api/users?for_management=true&page=1&page_size=2000,users,POST,1,1,raw/ilearn.thu.edu.tw/static/49592.0ad88a29.js,
/api/v1,v1,UNKNOWN,1,1,raw/ilearn.thu.edu.tw/static/80575.32ea74f5.js,
/api/video-suites/,video-suites,POST,1,1,raw/ilearn.thu.edu.tw/static/88788.161d6b6a.js,
/api/zip-status/COURSE_STAT_EXPORT:,zip-status,GET,1,1,raw/ilearn.thu.edu.tw/static/68805.a47db79c.js,
/api/zip-status/homework-zip/,zip-status,GET,1,1,raw/ilearn.thu.edu.tw/static/88788.161d6b6a.js,
"https://ilearn.thu.edu.tw/api/uploads/24/modified-image?thumbnail=32x32&crop_box=16,0,501,485",uploads,UNKNOWN,1,1,raw/ilearn.thu.edu.tw/api/courses/public.json,
"https://ilearn.thu.edu.tw/api/uploads/{id}/modified-image?thumbnail=200x200&crop_box=25,19,181,175",uploads,UNKNOWN,1,1,raw/ilearn.thu.edu.tw/api/profile.json,
"https://ilearn.thu.edu.tw/api/uploads/{id}/modified-image?thumbnail=32x32&crop_box=0,0,998,998",uploads,UNKNOWN,1,1,raw/ilearn.thu.edu.tw/api/courses/public.json,
"https://ilearn.thu.edu.tw/api/uploads/{id}/modified-image?thumbnail=32x32&crop_box=161,119,635,593",uploads,UNKNOWN,1,1,raw/ilearn.thu.edu.tw/api/courses/public.json,
"https://ilearn.thu.edu.tw/api/uploads/{id}/modified-image?thumbnail=32x32&crop_box=59,59,537,537",uploads,UNKNOWN,1,1,raw/ilearn.thu.edu.tw/api/course-estimates/81288.json,
"https://ilearn.thu.edu.tw/api/uploads/{id}/modified-image?thumbnail=32x32&crop_box=890,575,2234,1919",uploads,UNKNOWN,1,1,raw/ilearn.thu.edu.tw/api/courses/public.json,
