url,host,source_path,source_url,context
https://ilearn.thu.edu.tw/,ilearn.thu.edu.tw,raw/ilearn.thu.edu.tw/index.html,https://ilearn.thu.edu.tw,absolute-url
https://www.googletagmanager.com/gtag/js,www.googletagmanager.com,raw/ilearn.thu.edu.tw/index.html,https://ilearn.thu.edu.tw,absolute-url
https://github.com/OWASP/CheatSheetSeries/blob/master/cheatsheets/Clickjacking_Defense_Cheat_Sheet.md#best-for-now-legacy-browser-frame-breaking-script--,github.com,raw/ilearn.thu.edu.tw/index.html,https://ilearn.thu.edu.tw,absolute-url
"https://tronclass.com.tw/public-manual/TronclassManual_System_Admin.pdf',",tronclass.com.tw,raw/ilearn.thu.edu.tw/index.html,https://ilearn.thu.edu.tw,absolute-url
"https://tronclass.com.tw/public-manual/TronclassManual_Administrator.pdf',",tronclass.com.tw,raw/ilearn.thu.edu.tw/index.html,https://ilearn.thu.edu.tw,absolute-url
"https://tronclass.com.tw/public-manual/manual-teacher.html',",tronclass.com.tw,raw/ilearn.thu.edu.tw/index.html,https://ilearn.thu.edu.tw,absolute-url
"https://tronclass.com.tw/public-manual/TronclassManual_Student.pdf',",tronclass.com.tw,raw/ilearn.thu.edu.tw/index.html,https://ilearn.thu.edu.tw,absolute-url
"https://tronclass.com.tw/public-manual/TronclassManual_App.pdf',",tronclass.com.tw,raw/ilearn.thu.edu.tw/index.html,https://ilearn.thu.edu.tw,absolute-url
https://support.tronclass.com',support.tronclass.com',raw/ilearn.thu.edu.tw/index.html,https://ilearn.thu.edu.tw,absolute-url
https://ilearn.thu.edu.tw/market,ilearn.thu.edu.tw,raw/ilearn.thu.edu.tw/index.html,https://ilearn.thu.edu.tw,absolute-url
https://tciportal.thu.edu.tw,tciportal.thu.edu.tw,raw/ilearn.thu.edu.tw/index.html,https://ilearn.thu.edu.tw,absolute-url
"https://ilearn.thu.edu.tw/chatbot/chatbot.umd.js',",ilearn.thu.edu.tw,raw/ilearn.thu.edu.tw/index.html,https://ilearn.thu.edu.tw,absolute-url
https://ilearn.thu.edu.tw/,ilearn.thu.edu.tw,raw/ilearn.thu.edu.tw/index/index.html,https://ilearn.thu.edu.tw/,absolute-url
https://www.googletagmanager.com/gtag/js,www.googletagmanager.com,raw/ilearn.thu.edu.tw/index/index.html,https://ilearn.thu.edu.tw/,absolute-url
https://github.com/OWASP/CheatSheetSeries/blob/master/cheatsheets/Clickjacking_Defense_Cheat_Sheet.md#best-for-now-legacy-browser-frame-breaking-script--,github.com,raw/ilearn.thu.edu.tw/index/index.html,https://ilearn.thu.edu.tw/,absolute-url
"https://tronclass.com.tw/public-manual/TronclassManual_System_Admin.pdf',",tronclass.com.tw,raw/ilearn.thu.edu.tw/index/index.html,https://ilearn.thu.edu.tw/,absolute-url
"https://tronclass.com.tw/public-manual/TronclassManual_Administrator.pdf',",tronclass.com.tw,raw/ilearn.thu.edu.tw/index/index.html,https://ilearn.thu.edu.tw/,absolute-url
"https://tronclass.com.tw/public-manual/manual-teacher.html',",tronclass.com.tw,raw/ilearn.thu.edu.tw/index/index.html,https://ilearn.thu.edu.tw/,absolute-url
"https://tronclass.com.tw/public-manual/TronclassManual_Student.pdf',",tronclass.com.tw,raw/ilearn.thu.edu.tw/index/index.html,https://ilearn.thu.edu.tw/,absolute-url
"https://tronclass.com.tw/public-manual/TronclassManual_App.pdf',",tronclass.com.tw,raw/ilearn.thu.edu.tw/index/index.html,https://ilearn.thu.edu.tw/,absolute-url
https://support.tronclass.com',support.tronclass.com',raw/ilearn.thu.edu.tw/index/index.html,https://ilearn.thu.edu.tw/,absolute-url
https://ilearn.thu.edu.tw/market,ilearn.thu.edu.tw,raw/ilearn.thu.edu.tw/index/index.html,https://ilearn.thu.edu.tw/,absolute-url
https://tciportal.thu.edu.tw,tciportal.thu.edu.tw,raw/ilearn.thu.edu.tw/index/index.html,https://ilearn.thu.edu.tw/,absolute-url
"https://ilearn.thu.edu.tw/chatbot/chatbot.umd.js',",ilearn.thu.edu.tw,raw/ilearn.thu.edu.tw/index/index.html,https://ilearn.thu.edu.tw/,absolute-url
https://event.ithu.tw/{id},event.ithu.tw,raw/ilearn.thu.edu.tw/api/bulletins/latest.json,https://ilearn.thu.edu.tw/api/bulletins/latest,absolute-url
https://forms.gle/Czk3hZzjYpxeJNB26,forms.gle,raw/ilearn.thu.edu.tw/api/bulletins/latest.json,https://ilearn.thu.edu.tw/api/bulletins/latest,absolute-url
https://student.next.thu.edu.tw/wwwstud/STUD_V6/login_landing.php,student.next.thu.edu.tw,raw/ilearn.thu.edu.tw/api/bulletins/latest.json,https://ilearn.thu.edu.tw/api/bulletins/latest,absolute-url
http://creativecommons.tw/explore,creativecommons.tw,raw/ilearn.thu.edu.tw/api/cc-license/map.json,https://ilearn.thu.edu.tw/api/cc-license/map,absolute-url
https://event.ithu.tw/{id},event.ithu.tw,raw/ilearn.thu.edu.tw/api/course-bulletins.json,https://ilearn.thu.edu.tw/api/course-bulletins,absolute-url
https://forms.gle/Czk3hZzjYpxeJNB26,forms.gle,raw/ilearn.thu.edu.tw/api/course-bulletins.json,https://ilearn.thu.edu.tw/api/course-bulletins,absolute-url
https://student.next.thu.edu.tw/wwwstud/STUD_V6/login_landing.php,student.next.thu.edu.tw,raw/ilearn.thu.edu.tw/api/course-bulletins.json,https://ilearn.thu.edu.tw/api/course-bulletins,absolute-url
https://accounts.google.com/o/oauth2/auth?response_type=code&client_id=306741705464-0kcojenor8madhsc42ttu850hsmdqf3k.apps.googleusercontent.com&redirect_uri=https%3A%2F%2Filearn.thu.edu.tw%2Fcallback%3Fapp_type%3DgoogleService&scope=https%3A%2F%2Fwww.googleapis.com%2Fauth%2Fcalendar+https%3A%2F%2Fwww.googleapis.com%2Fauth%2Fuserinfo.email+https%3A%2F%2Fwww.googleapis.com%2Fauth%2Fuserinfo.profile+openid&state=8w2h5Eya2DljEP8Mq5VtCe2n18fGaD&code_challenge=k2nkSly4s59dQXfCB0jlD4XzB4i3aR4djOi9v0IjF,accounts.google.com,raw/ilearn.thu.edu.tw/api/google/authorization-url.json,https://ilearn.thu.edu.tw/api/google/authorization-url,absolute-url
https://www.youtube.com/watch?v=9T8Dn2cY_04,www.youtube.com,raw/ilearn.thu.edu.tw/api/in-progress-homeworks__q_ee79111d36.json,https://ilearn.thu.edu.tw/api/in-progress-homeworks?no-intercept=true,absolute-url
https://www.youtube.com/watch?v=E1Oca36trcA,www.youtube.com,raw/ilearn.thu.edu.tw/api/in-progress-homeworks__q_ee79111d36.json,https://ilearn.thu.edu.tw/api/in-progress-homeworks?no-intercept=true,absolute-url
https://www.youtube.com/watch?v=GgctK8UVrig,www.youtube.com,raw/ilearn.thu.edu.tw/api/in-progress-homeworks__q_ee79111d36.json,https://ilearn.thu.edu.tw/api/in-progress-homeworks?no-intercept=true,absolute-url
https://access.line.me/oauth2/v2.1/authorize?client_id=&redirect_uri=&scope=openid&response_type=code&response_mode=query&state=linelogin&bot_prompt=normal,access.line.me,raw/ilearn.thu.edu.tw/api/line-login/authorization-url.json,https://ilearn.thu.edu.tw/api/line-login/authorization-url,absolute-url
https://login.microsoftonline.com/organizations/oauth2/v2.0/authorize?client_id=7c2e9348-a04e-4a98-b948-37b42a5e66f3&redirect_uri=https%3A%2F%2Filearn.thu.edu.tw%2Fcallback&scope=profile+email+openid+offline_access+https%3A%2F%2Fgraph.microsoft.com%2Fuser.read+https%3A%2F%2Fgraph.microsoft.com%2FOnlineMeetings.Read+https%3A%2F%2Fgraph.microsoft.com%2FOnlineMeetings.ReadWrite&response_type=code&response_mode=query&state=microsoft,login.microsoftonline.com,raw/ilearn.thu.edu.tw/api/microsoft/authorization-url.json,https://ilearn.thu.edu.tw/api/microsoft/authorization-url,absolute-url
https://ilearn.thu.edu.tw/course/{id}/content,ilearn.thu.edu.tw,raw/ilearn.thu.edu.tw/api/user/recently-visited-courses.json,https://ilearn.thu.edu.tw/api/user/recently-visited-courses,absolute-url
https://vuejs.org/error-reference/#runtime-$,vuejs.org,raw/ilearn.thu.edu.tw/chatbot/chatbot.umd.js,https://ilearn.thu.edu.tw/chatbot/chatbot.umd.js,absolute-url
http://www.w3.org/{id}/svg,www.w3.org,raw/ilearn.thu.edu.tw/chatbot/chatbot.umd.js,https://ilearn.thu.edu.tw/chatbot/chatbot.umd.js,absolute-url
http://www.w3.org/{id}/Math/MathML,www.w3.org,raw/ilearn.thu.edu.tw/chatbot/chatbot.umd.js,https://ilearn.thu.edu.tw/chatbot/chatbot.umd.js,absolute-url
http://www.w3.org/{id}/xlink,www.w3.org,raw/ilearn.thu.edu.tw/chatbot/chatbot.umd.js,https://ilearn.thu.edu.tw/chatbot/chatbot.umd.js,absolute-url
http://www.apache.org/licenses/LICENSE-2.0,www.apache.org,raw/ilearn.thu.edu.tw/chatbot/chatbot.umd.js,https://ilearn.thu.edu.tw/chatbot/chatbot.umd.js,absolute-url
http://hammerjs.github.io/,hammerjs.github.io,raw/ilearn.thu.edu.tw/chatbot/chatbot.umd.js,https://ilearn.thu.edu.tw/chatbot/chatbot.umd.js,absolute-url
https://github.com/uuidjs/uuid#getrandomvalues-not-supported,github.com,raw/ilearn.thu.edu.tw/chatbot/chatbot.umd.js,https://ilearn.thu.edu.tw/chatbot/chatbot.umd.js,absolute-url
http://www.w3.org/{id}/xhtml,www.w3.org,raw/ilearn.thu.edu.tw/chatbot/chatbot.umd.js,https://ilearn.thu.edu.tw/chatbot/chatbot.umd.js,absolute-url
http://www.w3.org/{id}/xmlns/,www.w3.org,raw/ilearn.thu.edu.tw/chatbot/chatbot.umd.js,https://ilearn.thu.edu.tw/chatbot/chatbot.umd.js,absolute-url
http://svgjs.dev/svgjs,svgjs.dev,raw/ilearn.thu.edu.tw/chatbot/chatbot.umd.js,https://ilearn.thu.edu.tw/chatbot/chatbot.umd.js,absolute-url
http://lxqnsys.com/,lxqnsys.com,raw/ilearn.thu.edu.tw/chatbot/chatbot.umd.js,https://ilearn.thu.edu.tw/chatbot/chatbot.umd.js,absolute-url
https://github.com/wanglin2/mind-map,github.com,raw/ilearn.thu.edu.tw/chatbot/chatbot.umd.js,https://ilearn.thu.edu.tw/chatbot/chatbot.umd.js,absolute-url
https://unpkg.com/katex@0.16.11/dist/,unpkg.com,raw/ilearn.thu.edu.tw/chatbot/chatbot.umd.js,https://ilearn.thu.edu.tw/chatbot/chatbot.umd.js,absolute-url
http://jedwatson.github.io/classnames,jedwatson.github.io,raw/ilearn.thu.edu.tw/chatbot/chatbot.umd.js,https://ilearn.thu.edu.tw/chatbot/chatbot.umd.js,absolute-url
https://github.com/textmate/swift.tmbundle/issues/29,github.com,raw/ilearn.thu.edu.tw/chatbot/chatbot.umd.js,https://ilearn.thu.edu.tw/chatbot/chatbot.umd.js,absolute-url
https://github.com/microsoft/vscode-textmate/issues/{id}#issuecomment-1793610346,github.com,raw/ilearn.thu.edu.tw/chatbot/chatbot.umd.js,https://ilearn.thu.edu.tw/chatbot/chatbot.umd.js,absolute-url
https://github.com/microsoft/vscode-textmate/issues/{id},github.com,raw/ilearn.thu.edu.tw/chatbot/chatbot.umd.js,https://ilearn.thu.edu.tw/chatbot/chatbot.umd.js,absolute-url
https://ilearn.thu.edu.tw/,ilearn.thu.edu.tw,raw/ilearn.thu.edu.tw/course.html,https://ilearn.thu.edu.tw/course,absolute-url
https://www.googletagmanager.com/gtag/js,www.googletagmanager.com,raw/ilearn.thu.edu.tw/course.html,https://ilearn.thu.edu.tw/course,absolute-url
https://github.com/OWASP/CheatSheetSeries/blob/master/cheatsheets/Clickjacking_Defense_Cheat_Sheet.md#best-for-now-legacy-browser-frame-breaking-script--,github.com,raw/ilearn.thu.edu.tw/course.html,https://ilearn.thu.edu.tw/course,absolute-url
https://bam.nr-data.net,bam.nr-data.net,raw/ilearn.thu.edu.tw/course.html,https://ilearn.thu.edu.tw/course,absolute-url
https://www.google-analytics.com,www.google-analytics.com,raw/ilearn.thu.edu.tw/course.html,https://ilearn.thu.edu.tw/course,absolute-url
"https://tronclass.com.tw/public-manual/TronclassManual_System_Admin.pdf',",tronclass.com.tw,raw/ilearn.thu.edu.tw/course.html,https://ilearn.thu.edu.tw/course,absolute-url
"https://tronclass.com.tw/public-manual/TronclassManual_Administrator.pdf',",tronclass.com.tw,raw/ilearn.thu.edu.tw/course.html,https://ilearn.thu.edu.tw/course,absolute-url
"https://tronclass.com.tw/public-manual/manual-teacher.html',",tronclass.com.tw,raw/ilearn.thu.edu.tw/course.html,https://ilearn.thu.edu.tw/course,absolute-url
"https://tronclass.com.tw/public-manual/TronclassManual_Student.pdf',",tronclass.com.tw,raw/ilearn.thu.edu.tw/course.html,https://ilearn.thu.edu.tw/course,absolute-url
"https://tronclass.com.tw/public-manual/TronclassManual_App.pdf',",tronclass.com.tw,raw/ilearn.thu.edu.tw/course.html,https://ilearn.thu.edu.tw/course,absolute-url
https://support.tronclass.com',support.tronclass.com',raw/ilearn.thu.edu.tw/course.html,https://ilearn.thu.edu.tw/course,absolute-url
https://ilearn.thu.edu.tw/market,ilearn.thu.edu.tw,raw/ilearn.thu.edu.tw/course.html,https://ilearn.thu.edu.tw/course,absolute-url
"https://ilearn.thu.edu.tw/chatbot/chatbot.umd.js',",ilearn.thu.edu.tw,raw/ilearn.thu.edu.tw/course.html,https://ilearn.thu.edu.tw/course,absolute-url
https://www.youtube.com/iframe_api,www.youtube.com,raw/ilearn.thu.edu.tw/course.html,https://ilearn.thu.edu.tw/course,absolute-url
https://ilearn.thu.edu.tw/video-editor',ilearn.thu.edu.tw,raw/ilearn.thu.edu.tw/course.html,https://ilearn.thu.edu.tw/course,absolute-url
https://get.adobe.com/flashplayer/,get.adobe.com,raw/ilearn.thu.edu.tw/course.html,https://ilearn.thu.edu.tw/course,absolute-url
https://ilearn.thu.edu.tw/,ilearn.thu.edu.tw,raw/ilearn.thu.edu.tw/course-advance-setting.html,https://ilearn.thu.edu.tw/course-advance-setting,absolute-url
https://www.googletagmanager.com/gtag/js,www.googletagmanager.com,raw/ilearn.thu.edu.tw/course-advance-setting.html,https://ilearn.thu.edu.tw/course-advance-setting,absolute-url
https://github.com/OWASP/CheatSheetSeries/blob/master/cheatsheets/Clickjacking_Defense_Cheat_Sheet.md#best-for-now-legacy-browser-frame-breaking-script--,github.com,raw/ilearn.thu.edu.tw/course-advance-setting.html,https://ilearn.thu.edu.tw/course-advance-setting,absolute-url
https://bam.nr-data.net,bam.nr-data.net,raw/ilearn.thu.edu.tw/course-advance-setting.html,https://ilearn.thu.edu.tw/course-advance-setting,absolute-url
https://www.google-analytics.com,www.google-analytics.com,raw/ilearn.thu.edu.tw/course-advance-setting.html,https://ilearn.thu.edu.tw/course-advance-setting,absolute-url
"https://tronclass.com.tw/public-manual/TronclassManual_System_Admin.pdf',",tronclass.com.tw,raw/ilearn.thu.edu.tw/course-advance-setting.html,https://ilearn.thu.edu.tw/course-advance-setting,absolute-url
"https://tronclass.com.tw/public-manual/TronclassManual_Administrator.pdf',",tronclass.com.tw,raw/ilearn.thu.edu.tw/course-advance-setting.html,https://ilearn.thu.edu.tw/course-advance-setting,absolute-url
"https://tronclass.com.tw/public-manual/manual-teacher.html',",tronclass.com.tw,raw/ilearn.thu.edu.tw/course-advance-setting.html,https://ilearn.thu.edu.tw/course-advance-setting,absolute-url
"https://tronclass.com.tw/public-manual/TronclassManual_Student.pdf',",tronclass.com.tw,raw/ilearn.thu.edu.tw/course-advance-setting.html,https://ilearn.thu.edu.tw/course-advance-setting,absolute-url
"https://tronclass.com.tw/public-manual/TronclassManual_App.pdf',",tronclass.com.tw,raw/ilearn.thu.edu.tw/course-advance-setting.html,https://ilearn.thu.edu.tw/course-advance-setting,absolute-url
https://support.tronclass.com',support.tronclass.com',raw/ilearn.thu.edu.tw/course-advance-setting.html,https://ilearn.thu.edu.tw/course-advance-setting,absolute-url
https://ilearn.thu.edu.tw/market,ilearn.thu.edu.tw,raw/ilearn.thu.edu.tw/course-advance-setting.html,https://ilearn.thu.edu.tw/course-advance-setting,absolute-url
"https://ilearn.thu.edu.tw/chatbot/chatbot.umd.js',",ilearn.thu.edu.tw,raw/ilearn.thu.edu.tw/course-advance-setting.html,https://ilearn.thu.edu.tw/course-advance-setting,absolute-url
https://www.youtube.com/iframe_api,www.youtube.com,raw/ilearn.thu.edu.tw/course-advance-setting.html,https://ilearn.thu.edu.tw/course-advance-setting,absolute-url
https://ilearn.thu.edu.tw/video-editor',ilearn.thu.edu.tw,raw/ilearn.thu.edu.tw/course-advance-setting.html,https://ilearn.thu.edu.tw/course-advance-setting,absolute-url
https://get.adobe.com/flashplayer/,get.adobe.com,raw/ilearn.thu.edu.tw/course-advance-setting.html,https://ilearn.thu.edu.tw/course-advance-setting,absolute-url
https://ilearn.thu.edu.tw/,ilearn.thu.edu.tw,raw/ilearn.thu.edu.tw/course-audits.html,https://ilearn.thu.edu.tw/course-audits,absolute-url
https://www.googletagmanager.com/gtag/js,www.googletagmanager.com,raw/ilearn.thu.edu.tw/course-audits.html,https://ilearn.thu.edu.tw/course-audits,absolute-url
https://github.com/OWASP/CheatSheetSeries/blob/master/cheatsheets/Clickjacking_Defense_Cheat_Sheet.md#best-for-now-legacy-browser-frame-breaking-script--,github.com,raw/ilearn.thu.edu.tw/course-audits.html,https://ilearn.thu.edu.tw/course-audits,absolute-url
https://bam.nr-data.net,bam.nr-data.net,raw/ilearn.thu.edu.tw/course-audits.html,https://ilearn.thu.edu.tw/course-audits,absolute-url
https://www.google-analytics.com,www.google-analytics.com,raw/ilearn.thu.edu.tw/course-audits.html,https://ilearn.thu.edu.tw/course-audits,absolute-url
"https://tronclass.com.tw/public-manual/TronclassManual_System_Admin.pdf',",tronclass.com.tw,raw/ilearn.thu.edu.tw/course-audits.html,https://ilearn.thu.edu.tw/course-audits,absolute-url
"https://tronclass.com.tw/public-manual/TronclassManual_Administrator.pdf',",tronclass.com.tw,raw/ilearn.thu.edu.tw/course-audits.html,https://ilearn.thu.edu.tw/course-audits,absolute-url
"https://tronclass.com.tw/public-manual/manual-teacher.html',",tronclass.com.tw,raw/ilearn.thu.edu.tw/course-audits.html,https://ilearn.thu.edu.tw/course-audits,absolute-url
"https://tronclass.com.tw/public-manual/TronclassManual_Student.pdf',",tronclass.com.tw,raw/ilearn.thu.edu.tw/course-audits.html,https://ilearn.thu.edu.tw/course-audits,absolute-url
"https://tronclass.com.tw/public-manual/TronclassManual_App.pdf',",tronclass.com.tw,raw/ilearn.thu.edu.tw/course-audits.html,https://ilearn.thu.edu.tw/course-audits,absolute-url
https://support.tronclass.com',support.tronclass.com',raw/ilearn.thu.edu.tw/course-audits.html,https://ilearn.thu.edu.tw/course-audits,absolute-url
https://ilearn.thu.edu.tw/market,ilearn.thu.edu.tw,raw/ilearn.thu.edu.tw/course-audits.html,https://ilearn.thu.edu.tw/course-audits,absolute-url
"https://ilearn.thu.edu.tw/chatbot/chatbot.umd.js',",ilearn.thu.edu.tw,raw/ilearn.thu.edu.tw/course-audits.html,https://ilearn.thu.edu.tw/course-audits,absolute-url
https://www.youtube.com/iframe_api,www.youtube.com,raw/ilearn.thu.edu.tw/course-audits.html,https://ilearn.thu.edu.tw/course-audits,absolute-url
https://ilearn.thu.edu.tw/video-editor',ilearn.thu.edu.tw,raw/ilearn.thu.edu.tw/course-audits.html,https://ilearn.thu.edu.tw/course-audits,absolute-url
https://get.adobe.com/flashplayer/,get.adobe.com,raw/ilearn.thu.edu.tw/course-audits.html,https://ilearn.thu.edu.tw/course-audits,absolute-url
https://ilearn.thu.edu.tw/,ilearn.thu.edu.tw,raw/ilearn.thu.edu.tw/course-catalog-wrapper.html,https://ilearn.thu.edu.tw/course-catalog-wrapper,absolute-url
https://www.googletagmanager.com/gtag/js,www.googletagmanager.com,raw/ilearn.thu.edu.tw/course-catalog-wrapper.html,https://ilearn.thu.edu.tw/course-catalog-wrapper,absolute-url
https://github.com/OWASP/CheatSheetSeries/blob/master/cheatsheets/Clickjacking_Defense_Cheat_Sheet.md#best-for-now-legacy-browser-frame-breaking-script--,github.com,raw/ilearn.thu.edu.tw/course-catalog-wrapper.html,https://ilearn.thu.edu.tw/course-catalog-wrapper,absolute-url
https://bam.nr-data.net,bam.nr-data.net,raw/ilearn.thu.edu.tw/course-catalog-wrapper.html,https://ilearn.thu.edu.tw/course-catalog-wrapper,absolute-url
https://www.google-analytics.com,www.google-analytics.com,raw/ilearn.thu.edu.tw/course-catalog-wrapper.html,https://ilearn.thu.edu.tw/course-catalog-wrapper,absolute-url
"https://tronclass.com.tw/public-manual/TronclassManual_System_Admin.pdf',",tronclass.com.tw,raw/ilearn.thu.edu.tw/course-catalog-wrapper.html,https://ilearn.thu.edu.tw/course-catalog-wrapper,absolute-url
"https://tronclass.com.tw/public-manual/TronclassManual_Administrator.pdf',",tronclass.com.tw,raw/ilearn.thu.edu.tw/course-catalog-wrapper.html,https://ilearn.thu.edu.tw/course-catalog-wrapper,absolute-url
"https://tronclass.com.tw/public-manual/manual-teacher.html',",tronclass.com.tw,raw/ilearn.thu.edu.tw/course-catalog-wrapper.html,https://ilearn.thu.edu.tw/course-catalog-wrapper,absolute-url
"https://tronclass.com.tw/public-manual/TronclassManual_Student.pdf',",tronclass.com.tw,raw/ilearn.thu.edu.tw/course-catalog-wrapper.html,https://ilearn.thu.edu.tw/course-catalog-wrapper,absolute-url
"https://tronclass.com.tw/public-manual/TronclassManual_App.pdf',",tronclass.com.tw,raw/ilearn.thu.edu.tw/course-catalog-wrapper.html,https://ilearn.thu.edu.tw/course-catalog-wrapper,absolute-url
https://support.tronclass.com',support.tronclass.com',raw/ilearn.thu.edu.tw/course-catalog-wrapper.html,https://ilearn.thu.edu.tw/course-catalog-wrapper,absolute-url
https://ilearn.thu.edu.tw/market,ilearn.thu.edu.tw,raw/ilearn.thu.edu.tw/course-catalog-wrapper.html,https://ilearn.thu.edu.tw/course-catalog-wrapper,absolute-url
"https://ilearn.thu.edu.tw/chatbot/chatbot.umd.js',",ilearn.thu.edu.tw,raw/ilearn.thu.edu.tw/course-catalog-wrapper.html,https://ilearn.thu.edu.tw/course-catalog-wrapper,absolute-url
https://www.youtube.com/iframe_api,www.youtube.com,raw/ilearn.thu.edu.tw/course-catalog-wrapper.html,https://ilearn.thu.edu.tw/course-catalog-wrapper,absolute-url
https://ilearn.thu.edu.tw/video-editor',ilearn.thu.edu.tw,raw/ilearn.thu.edu.tw/course-catalog-wrapper.html,https://ilearn.thu.edu.tw/course-catalog-wrapper,absolute-url
https://get.adobe.com/flashplayer/,get.adobe.com,raw/ilearn.thu.edu.tw/course-catalog-wrapper.html,https://ilearn.thu.edu.tw/course-catalog-wrapper,absolute-url
https://ilearn.thu.edu.tw/,ilearn.thu.edu.tw,raw/ilearn.thu.edu.tw/course-classifications.html,https://ilearn.thu.edu.tw/course-classifications,absolute-url
https://www.googletagmanager.com/gtag/js,www.googletagmanager.com,raw/ilearn.thu.edu.tw/course-classifications.html,https://ilearn.thu.edu.tw/course-classifications,absolute-url
https://github.com/OWASP/CheatSheetSeries/blob/master/cheatsheets/Clickjacking_Defense_Cheat_Sheet.md#best-for-now-legacy-browser-frame-breaking-script--,github.com,raw/ilearn.thu.edu.tw/course-classifications.html,https://ilearn.thu.edu.tw/course-classifications,absolute-url
https://bam.nr-data.net,bam.nr-data.net,raw/ilearn.thu.edu.tw/course-classifications.html,https://ilearn.thu.edu.tw/course-classifications,absolute-url
https://www.google-analytics.com,www.google-analytics.com,raw/ilearn.thu.edu.tw/course-classifications.html,https://ilearn.thu.edu.tw/course-classifications,absolute-url
"https://tronclass.com.tw/public-manual/TronclassManual_System_Admin.pdf',",tronclass.com.tw,raw/ilearn.thu.edu.tw/course-classifications.html,https://ilearn.thu.edu.tw/course-classifications,absolute-url
"https://tronclass.com.tw/public-manual/TronclassManual_Administrator.pdf',",tronclass.com.tw,raw/ilearn.thu.edu.tw/course-classifications.html,https://ilearn.thu.edu.tw/course-classifications,absolute-url
"https://tronclass.com.tw/public-manual/manual-teacher.html',",tronclass.com.tw,raw/ilearn.thu.edu.tw/course-classifications.html,https://ilearn.thu.edu.tw/course-classifications,absolute-url
"https://tronclass.com.tw/public-manual/TronclassManual_Student.pdf',",tronclass.com.tw,raw/ilearn.thu.edu.tw/course-classifications.html,https://ilearn.thu.edu.tw/course-classifications,absolute-url
"https://tronclass.com.tw/public-manual/TronclassManual_App.pdf',",tronclass.com.tw,raw/ilearn.thu.edu.tw/course-classifications.html,https://ilearn.thu.edu.tw/course-classifications,absolute-url
https://support.tronclass.com',support.tronclass.com',raw/ilearn.thu.edu.tw/course-classifications.html,https://ilearn.thu.edu.tw/course-classifications,absolute-url
https://ilearn.thu.edu.tw/market,ilearn.thu.edu.tw,raw/ilearn.thu.edu.tw/course-classifications.html,https://ilearn.thu.edu.tw/course-classifications,absolute-url
"https://ilearn.thu.edu.tw/chatbot/chatbot.umd.js',",ilearn.thu.edu.tw,raw/ilearn.thu.edu.tw/course-classifications.html,https://ilearn.thu.edu.tw/course-classifications,absolute-url
https://www.youtube.com/iframe_api,www.youtube.com,raw/ilearn.thu.edu.tw/course-classifications.html,https://ilearn.thu.edu.tw/course-classifications,absolute-url
https://ilearn.thu.edu.tw/video-editor',ilearn.thu.edu.tw,raw/ilearn.thu.edu.tw/course-classifications.html,https://ilearn.thu.edu.tw/course-classifications,absolute-url
https://get.adobe.com/flashplayer/,get.adobe.com,raw/ilearn.thu.edu.tw/course-classifications.html,https://ilearn.thu.edu.tw/course-classifications,absolute-url
https://ilearn.thu.edu.tw/,ilearn.thu.edu.tw,raw/ilearn.thu.edu.tw/course-completeness__q_ee1eaef797.html,https://ilearn.thu.edu.tw/course-completeness?page=,absolute-url
https://www.googletagmanager.com/gtag/js,www.googletagmanager.com,raw/ilearn.thu.edu.tw/course-completeness__q_ee1eaef797.html,https://ilearn.thu.edu.tw/course-completeness?page=,absolute-url
https://github.com/OWASP/CheatSheetSeries/blob/master/cheatsheets/Clickjacking_Defense_Cheat_Sheet.md#best-for-now-legacy-browser-frame-breaking-script--,github.com,raw/ilearn.thu.edu.tw/course-completeness__q_ee1eaef797.html,https://ilearn.thu.edu.tw/course-completeness?page=,absolute-url
https://bam.nr-data.net,bam.nr-data.net,raw/ilearn.thu.edu.tw/course-completeness__q_ee1eaef797.html,https://ilearn.thu.edu.tw/course-completeness?page=,absolute-url
https://www.google-analytics.com,www.google-analytics.com,raw/ilearn.thu.edu.tw/course-completeness__q_ee1eaef797.html,https://ilearn.thu.edu.tw/course-completeness?page=,absolute-url
"https://tronclass.com.tw/public-manual/TronclassManual_System_Admin.pdf',",tronclass.com.tw,raw/ilearn.thu.edu.tw/course-completeness__q_ee1eaef797.html,https://ilearn.thu.edu.tw/course-completeness?page=,absolute-url
"https://tronclass.com.tw/public-manual/TronclassManual_Administrator.pdf',",tronclass.com.tw,raw/ilearn.thu.edu.tw/course-completeness__q_ee1eaef797.html,https://ilearn.thu.edu.tw/course-completeness?page=,absolute-url
"https://tronclass.com.tw/public-manual/manual-teacher.html',",tronclass.com.tw,raw/ilearn.thu.edu.tw/course-completeness__q_ee1eaef797.html,https://ilearn.thu.edu.tw/course-completeness?page=,absolute-url
"https://tronclass.com.tw/public-manual/TronclassManual_Student.pdf',",tronclass.com.tw,raw/ilearn.thu.edu.tw/course-completeness__q_ee1eaef797.html,https://ilearn.thu.edu.tw/course-completeness?page=,absolute-url
"https://tronclass.com.tw/public-manual/TronclassManual_App.pdf',",tronclass.com.tw,raw/ilearn.thu.edu.tw/course-completeness__q_ee1eaef797.html,https://ilearn.thu.edu.tw/course-completeness?page=,absolute-url
https://support.tronclass.com',support.tronclass.com',raw/ilearn.thu.edu.tw/course-completeness__q_ee1eaef797.html,https://ilearn.thu.edu.tw/course-completeness?page=,absolute-url
https://ilearn.thu.edu.tw/market,ilearn.thu.edu.tw,raw/ilearn.thu.edu.tw/course-completeness__q_ee1eaef797.html,https://ilearn.thu.edu.tw/course-completeness?page=,absolute-url
"https://ilearn.thu.edu.tw/chatbot/chatbot.umd.js',",ilearn.thu.edu.tw,raw/ilearn.thu.edu.tw/course-completeness__q_ee1eaef797.html,https://ilearn.thu.edu.tw/course-completeness?page=,absolute-url
https://www.youtube.com/iframe_api,www.youtube.com,raw/ilearn.thu.edu.tw/course-completeness__q_ee1eaef797.html,https://ilearn.thu.edu.tw/course-completeness?page=,absolute-url
https://ilearn.thu.edu.tw/video-editor',ilearn.thu.edu.tw,raw/ilearn.thu.edu.tw/course-completeness__q_ee1eaef797.html,https://ilearn.thu.edu.tw/course-completeness?page=,absolute-url
https://get.adobe.com/flashplayer/,get.adobe.com,raw/ilearn.thu.edu.tw/course-completeness__q_ee1eaef797.html,https://ilearn.thu.edu.tw/course-completeness?page=,absolute-url
https://ilearn.thu.edu.tw/,ilearn.thu.edu.tw,raw/ilearn.thu.edu.tw/course-cover.html,https://ilearn.thu.edu.tw/course-cover,absolute-url
https://www.googletagmanager.com/gtag/js,www.googletagmanager.com,raw/ilearn.thu.edu.tw/course-cover.html,https://ilearn.thu.edu.tw/course-cover,absolute-url
https://github.com/OWASP/CheatSheetSeries/blob/master/cheatsheets/Clickjacking_Defense_Cheat_Sheet.md#best-for-now-legacy-browser-frame-breaking-script--,github.com,raw/ilearn.thu.edu.tw/course-cover.html,https://ilearn.thu.edu.tw/course-cover,absolute-url
https://bam.nr-data.net,bam.nr-data.net,raw/ilearn.thu.edu.tw/course-cover.html,https://ilearn.thu.edu.tw/course-cover,absolute-url
https://www.google-analytics.com,www.google-analytics.com,raw/ilearn.thu.edu.tw/course-cover.html,https://ilearn.thu.edu.tw/course-cover,absolute-url
"https://tronclass.com.tw/public-manual/TronclassManual_System_Admin.pdf',",tronclass.com.tw,raw/ilearn.thu.edu.tw/course-cover.html,https://ilearn.thu.edu.tw/course-cover,absolute-url
"https://tronclass.com.tw/public-manual/TronclassManual_Administrator.pdf',",tronclass.com.tw,raw/ilearn.thu.edu.tw/course-cover.html,https://ilearn.thu.edu.tw/course-cover,absolute-url
"https://tronclass.com.tw/public-manual/manual-teacher.html',",tronclass.com.tw,raw/ilearn.thu.edu.tw/course-cover.html,https://ilearn.thu.edu.tw/course-cover,absolute-url
"https://tronclass.com.tw/public-manual/TronclassManual_Student.pdf',",tronclass.com.tw,raw/ilearn.thu.edu.tw/course-cover.html,https://ilearn.thu.edu.tw/course-cover,absolute-url
"https://tronclass.com.tw/public-manual/TronclassManual_App.pdf',",tronclass.com.tw,raw/ilearn.thu.edu.tw/course-cover.html,https://ilearn.thu.edu.tw/course-cover,absolute-url
https://support.tronclass.com',support.tronclass.com',raw/ilearn.thu.edu.tw/course-cover.html,https://ilearn.thu.edu.tw/course-cover,absolute-url
https://ilearn.thu.edu.tw/market,ilearn.thu.edu.tw,raw/ilearn.thu.edu.tw/course-cover.html,https://ilearn.thu.edu.tw/course-cover,absolute-url
"https://ilearn.thu.edu.tw/chatbot/chatbot.umd.js',",ilearn.thu.edu.tw,raw/ilearn.thu.edu.tw/course-cover.html,https://ilearn.thu.edu.tw/course-cover,absolute-url
https://www.youtube.com/iframe_api,www.youtube.com,raw/ilearn.thu.edu.tw/course-cover.html,https://ilearn.thu.edu.tw/course-cover,absolute-url
https://ilearn.thu.edu.tw/video-editor',ilearn.thu.edu.tw,raw/ilearn.thu.edu.tw/course-cover.html,https://ilearn.thu.edu.tw/course-cover,absolute-url
https://get.adobe.com/flashplayer/,get.adobe.com,raw/ilearn.thu.edu.tw/course-cover.html,https://ilearn.thu.edu.tw/course-cover,absolute-url
https://ilearn.thu.edu.tw/,ilearn.thu.edu.tw,raw/ilearn.thu.edu.tw/course-credit-setting.html,https://ilearn.thu.edu.tw/course-credit-setting,absolute-url
https://www.googletagmanager.com/gtag/js,www.googletagmanager.com,raw/ilearn.thu.edu.tw/course-credit-setting.html,https://ilearn.thu.edu.tw/course-credit-setting,absolute-url
https://github.com/OWASP/CheatSheetSeries/blob/master/cheatsheets/Clickjacking_Defense_Cheat_Sheet.md#best-for-now-legacy-browser-frame-breaking-script--,github.com,raw/ilearn.thu.edu.tw/course-credit-setting.html,https://ilearn.thu.edu.tw/course-credit-setting,absolute-url
https://bam.nr-data.net,bam.nr-data.net,raw/ilearn.thu.edu.tw/course-credit-setting.html,https://ilearn.thu.edu.tw/course-credit-setting,absolute-url
https://www.google-analytics.com,www.google-analytics.com,raw/ilearn.thu.edu.tw/course-credit-setting.html,https://ilearn.thu.edu.tw/course-credit-setting,absolute-url
"https://tronclass.com.tw/public-manual/TronclassManual_System_Admin.pdf',",tronclass.com.tw,raw/ilearn.thu.edu.tw/course-credit-setting.html,https://ilearn.thu.edu.tw/course-credit-setting,absolute-url
"https://tronclass.com.tw/public-manual/TronclassManual_Administrator.pdf',",tronclass.com.tw,raw/ilearn.thu.edu.tw/course-credit-setting.html,https://ilearn.thu.edu.tw/course-credit-setting,absolute-url
"https://tronclass.com.tw/public-manual/manual-teacher.html',",tronclass.com.tw,raw/ilearn.thu.edu.tw/course-credit-setting.html,https://ilearn.thu.edu.tw/course-credit-setting,absolute-url
"https://tronclass.com.tw/public-manual/TronclassManual_Student.pdf',",tronclass.com.tw,raw/ilearn.thu.edu.tw/course-credit-setting.html,https://ilearn.thu.edu.tw/course-credit-setting,absolute-url
"https://tronclass.com.tw/public-manual/TronclassManual_App.pdf',",tronclass.com.tw,raw/ilearn.thu.edu.tw/course-credit-setting.html,https://ilearn.thu.edu.tw/course-credit-setting,absolute-url
https://support.tronclass.com',support.tronclass.com',raw/ilearn.thu.edu.tw/course-credit-setting.html,https://ilearn.thu.edu.tw/course-credit-setting,absolute-url
https://ilearn.thu.edu.tw/market,ilearn.thu.edu.tw,raw/ilearn.thu.edu.tw/course-credit-setting.html,https://ilearn.thu.edu.tw/course-credit-setting,absolute-url
"https://ilearn.thu.edu.tw/chatbot/chatbot.umd.js',",ilearn.thu.edu.tw,raw/ilearn.thu.edu.tw/course-credit-setting.html,https://ilearn.thu.edu.tw/course-credit-setting,absolute-url
https://www.youtube.com/iframe_api,www.youtube.com,raw/ilearn.thu.edu.tw/course-credit-setting.html,https://ilearn.thu.edu.tw/course-credit-setting,absolute-url
https://ilearn.thu.edu.tw/video-editor',ilearn.thu.edu.tw,raw/ilearn.thu.edu.tw/course-credit-setting.html,https://ilearn.thu.edu.tw/course-credit-setting,absolute-url
https://get.adobe.com/flashplayer/,get.adobe.com,raw/ilearn.thu.edu.tw/course-credit-setting.html,https://ilearn.thu.edu.tw/course-credit-setting,absolute-url
https://ilearn.thu.edu.tw/,ilearn.thu.edu.tw,raw/ilearn.thu.edu.tw/course-estimate-wrapper.html,https://ilearn.thu.edu.tw/course-estimate-wrapper,absolute-url
https://www.googletagmanager.com/gtag/js,www.googletagmanager.com,raw/ilearn.thu.edu.tw/course-estimate-wrapper.html,https://ilearn.thu.edu.tw/course-estimate-wrapper,absolute-url
https://github.com/OWASP/CheatSheetSeries/blob/master/cheatsheets/Clickjacking_Defense_Cheat_Sheet.md#best-for-now-legacy-browser-frame-breaking-script--,github.com,raw/ilearn.thu.edu.tw/course-estimate-wrapper.html,https://ilearn.thu.edu.tw/course-estimate-wrapper,absolute-url
https://bam.nr-data.net,bam.nr-data.net,raw/ilearn.thu.edu.tw/course-estimate-wrapper.html,https://ilearn.thu.edu.tw/course-estimate-wrapper,absolute-url
https://www.google-analytics.com,www.google-analytics.com,raw/ilearn.thu.edu.tw/course-estimate-wrapper.html,https://ilearn.thu.edu.tw/course-estimate-wrapper,absolute-url
"https://tronclass.com.tw/public-manual/TronclassManual_System_Admin.pdf',",tronclass.com.tw,raw/ilearn.thu.edu.tw/course-estimate-wrapper.html,https://ilearn.thu.edu.tw/course-estimate-wrapper,absolute-url
"https://tronclass.com.tw/public-manual/TronclassManual_Administrator.pdf',",tronclass.com.tw,raw/ilearn.thu.edu.tw/course-estimate-wrapper.html,https://ilearn.thu.edu.tw/course-estimate-wrapper,absolute-url
"https://tronclass.com.tw/public-manual/manual-teacher.html',",tronclass.com.tw,raw/ilearn.thu.edu.tw/course-estimate-wrapper.html,https://ilearn.thu.edu.tw/course-estimate-wrapper,absolute-url
"https://tronclass.com.tw/public-manual/TronclassManual_Student.pdf',",tronclass.com.tw,raw/ilearn.thu.edu.tw/course-estimate-wrapper.html,https://ilearn.thu.edu.tw/course-estimate-wrapper,absolute-url
"https://tronclass.com.tw/public-manual/TronclassManual_App.pdf',",tronclass.com.tw,raw/ilearn.thu.edu.tw/course-estimate-wrapper.html,https://ilearn.thu.edu.tw/course-estimate-wrapper,absolute-url
https://support.tronclass.com',support.tronclass.com',raw/ilearn.thu.edu.tw/course-estimate-wrapper.html,https://ilearn.thu.edu.tw/course-estimate-wrapper,absolute-url
https://ilearn.thu.edu.tw/market,ilearn.thu.edu.tw,raw/ilearn.thu.edu.tw/course-estimate-wrapper.html,https://ilearn.thu.edu.tw/course-estimate-wrapper,absolute-url
"https://ilearn.thu.edu.tw/chatbot/chatbot.umd.js',",ilearn.thu.edu.tw,raw/ilearn.thu.edu.tw/course-estimate-wrapper.html,https://ilearn.thu.edu.tw/course-estimate-wrapper,absolute-url
https://www.youtube.com/iframe_api,www.youtube.com,raw/ilearn.thu.edu.tw/course-estimate-wrapper.html,https://ilearn.thu.edu.tw/course-estimate-wrapper,absolute-url
https://ilearn.thu.edu.tw/video-editor',ilearn.thu.edu.tw,raw/ilearn.thu.edu.tw/course-estimate-wrapper.html,https://ilearn.thu.edu.tw/course-estimate-wrapper,absolute-url
https://get.adobe.com/flashplayer/,get.adobe.com,raw/ilearn.thu.edu.tw/course-estimate-wrapper.html,https://ilearn.thu.edu.tw/course-estimate-wrapper,absolute-url
https://ilearn.thu.edu.tw/,ilearn.thu.edu.tw,raw/ilearn.thu.edu.tw/course-estimates-replies/index.html,https://ilearn.thu.edu.tw/course-estimates-replies/,absolute-url
https://www.googletagmanager.com/gtag/js,www.googletagmanager.com,raw/ilearn.thu.edu.tw/course-estimates-replies/index.html,https://ilearn.thu.edu.tw/course-estimates-replies/,absolute-url
https://github.com/OWASP/CheatSheetSeries/blob/master/cheatsheets/Clickjacking_Defense_Cheat_Sheet.md#best-for-now-legacy-browser-frame-breaking-script--,github.com,raw/ilearn.thu.edu.tw/course-estimates-replies/index.html,https://ilearn.thu.edu.tw/course-estimates-replies/,absolute-url
https://bam.nr-data.net,bam.nr-data.net,raw/ilearn.thu.edu.tw/course-estimates-replies/index.html,https://ilearn.thu.edu.tw/course-estimates-replies/,absolute-url
https://www.google-analytics.com,www.google-analytics.com,raw/ilearn.thu.edu.tw/course-estimates-replies/index.html,https://ilearn.thu.edu.tw/course-estimates-replies/,absolute-url
"https://tronclass.com.tw/public-manual/TronclassManual_System_Admin.pdf',",tronclass.com.tw,raw/ilearn.thu.edu.tw/course-estimates-replies/index.html,https://ilearn.thu.edu.tw/course-estimates-replies/,absolute-url
"https://tronclass.com.tw/public-manual/TronclassManual_Administrator.pdf',",tronclass.com.tw,raw/ilearn.thu.edu.tw/course-estimates-replies/index.html,https://ilearn.thu.edu.tw/course-estimates-replies/,absolute-url
"https://tronclass.com.tw/public-manual/manual-teacher.html',",tronclass.com.tw,raw/ilearn.thu.edu.tw/course-estimates-replies/index.html,https://ilearn.thu.edu.tw/course-estimates-replies/,absolute-url
"https://tronclass.com.tw/public-manual/TronclassManual_Student.pdf',",tronclass.com.tw,raw/ilearn.thu.edu.tw/course-estimates-replies/index.html,https://ilearn.thu.edu.tw/course-estimates-replies/,absolute-url
"https://tronclass.com.tw/public-manual/TronclassManual_App.pdf',",tronclass.com.tw,raw/ilearn.thu.edu.tw/course-estimates-replies/index.html,https://ilearn.thu.edu.tw/course-estimates-replies/,absolute-url
https://support.tronclass.com',support.tronclass.com',raw/ilearn.thu.edu.tw/course-estimates-replies/index.html,https://ilearn.thu.edu.tw/course-estimates-replies/,absolute-url
https://ilearn.thu.edu.tw/market,ilearn.thu.edu.tw,raw/ilearn.thu.edu.tw/course-estimates-replies/index.html,https://ilearn.thu.edu.tw/course-estimates-replies/,absolute-url
"https://ilearn.thu.edu.tw/chatbot/chatbot.umd.js',",ilearn.thu.edu.tw,raw/ilearn.thu.edu.tw/course-estimates-replies/index.html,https://ilearn.thu.edu.tw/course-estimates-replies/,absolute-url
https://www.youtube.com/iframe_api,www.youtube.com,raw/ilearn.thu.edu.tw/course-estimates-replies/index.html,https://ilearn.thu.edu.tw/course-estimates-replies/,absolute-url
https://ilearn.thu.edu.tw/video-editor',ilearn.thu.edu.tw,raw/ilearn.thu.edu.tw/course-estimates-replies/index.html,https://ilearn.thu.edu.tw/course-estimates-replies/,absolute-url
https://get.adobe.com/flashplayer/,get.adobe.com,raw/ilearn.thu.edu.tw/course-estimates-replies/index.html,https://ilearn.thu.edu.tw/course-estimates-replies/,absolute-url
https://ilearn.thu.edu.tw/,ilearn.thu.edu.tw,raw/ilearn.thu.edu.tw/course-estimates/index.html,https://ilearn.thu.edu.tw/course-estimates/,absolute-url
https://www.googletagmanager.com/gtag/js,www.googletagmanager.com,raw/ilearn.thu.edu.tw/course-estimates/index.html,https://ilearn.thu.edu.tw/course-estimates/,absolute-url
https://github.com/OWASP/CheatSheetSeries/blob/master/cheatsheets/Clickjacking_Defense_Cheat_Sheet.md#best-for-now-legacy-browser-frame-breaking-script--,github.com,raw/ilearn.thu.edu.tw/course-estimates/index.html,https://ilearn.thu.edu.tw/course-estimates/,absolute-url
https://bam.nr-data.net,bam.nr-data.net,raw/ilearn.thu.edu.tw/course-estimates/index.html,https://ilearn.thu.edu.tw/course-estimates/,absolute-url
https://www.google-analytics.com,www.google-analytics.com,raw/ilearn.thu.edu.tw/course-estimates/index.html,https://ilearn.thu.edu.tw/course-estimates/,absolute-url
"https://tronclass.com.tw/public-manual/TronclassManual_System_Admin.pdf',",tronclass.com.tw,raw/ilearn.thu.edu.tw/course-estimates/index.html,https://ilearn.thu.edu.tw/course-estimates/,absolute-url
"https://tronclass.com.tw/public-manual/TronclassManual_Administrator.pdf',",tronclass.com.tw,raw/ilearn.thu.edu.tw/course-estimates/index.html,https://ilearn.thu.edu.tw/course-estimates/,absolute-url
"https://tronclass.com.tw/public-manual/manual-teacher.html',",tronclass.com.tw,raw/ilearn.thu.edu.tw/course-estimates/index.html,https://ilearn.thu.edu.tw/course-estimates/,absolute-url
"https://tronclass.com.tw/public-manual/TronclassManual_Student.pdf',",tronclass.com.tw,raw/ilearn.thu.edu.tw/course-estimates/index.html,https://ilearn.thu.edu.tw/course-estimates/,absolute-url
"https://tronclass.com.tw/public-manual/TronclassManual_App.pdf',",tronclass.com.tw,raw/ilearn.thu.edu.tw/course-estimates/index.html,https://ilearn.thu.edu.tw/course-estimates/,absolute-url
https://support.tronclass.com',support.tronclass.com',raw/ilearn.thu.edu.tw/course-estimates/index.html,https://ilearn.thu.edu.tw/course-estimates/,absolute-url
https://ilearn.thu.edu.tw/market,ilearn.thu.edu.tw,raw/ilearn.thu.edu.tw/course-estimates/index.html,https://ilearn.thu.edu.tw/course-estimates/,absolute-url
"https://ilearn.thu.edu.tw/chatbot/chatbot.umd.js',",ilearn.thu.edu.tw,raw/ilearn.thu.edu.tw/course-estimates/index.html,https://ilearn.thu.edu.tw/course-estimates/,absolute-url
https://www.youtube.com/iframe_api,www.youtube.com,raw/ilearn.thu.edu.tw/course-estimates/index.html,https://ilearn.thu.edu.tw/course-estimates/,absolute-url
https://ilearn.thu.edu.tw/video-editor',ilearn.thu.edu.tw,raw/ilearn.thu.edu.tw/course-estimates/index.html,https://ilearn.thu.edu.tw/course-estimates/,absolute-url
https://get.adobe.com/flashplayer/,get.adobe.com,raw/ilearn.thu.edu.tw/course-estimates/index.html,https://ilearn.thu.edu.tw/course-estimates/,absolute-url
https://ilearn.thu.edu.tw/,ilearn.thu.edu.tw,raw/ilearn.thu.edu.tw/course-estimates/avatarSmallUrl.html,https://ilearn.thu.edu.tw/course-estimates/avatarSmallUrl,absolute-url
https://www.googletagmanager.com/gtag/js,www.googletagmanager.com,raw/ilearn.thu.edu.tw/course-estimates/avatarSmallUrl.html,https://ilearn.thu.edu.tw/course-estimates/avatarSmallUrl,absolute-url
https://github.com/OWASP/CheatSheetSeries/blob/master/cheatsheets/Clickjacking_Defense_Cheat_Sheet.md#best-for-now-legacy-browser-frame-breaking-script--,github.com,raw/ilearn.thu.edu.tw/course-estimates/avatarSmallUrl.html,https://ilearn.thu.edu.tw/course-estimates/avatarSmallUrl,absolute-url
https://bam.nr-data.net,bam.nr-data.net,raw/ilearn.thu.edu.tw/course-estimates/avatarSmallUrl.html,https://ilearn.thu.edu.tw/course-estimates/avatarSmallUrl,absolute-url
https://www.google-analytics.com,www.google-analytics.com,raw/ilearn.thu.edu.tw/course-estimates/avatarSmallUrl.html,https://ilearn.thu.edu.tw/course-estimates/avatarSmallUrl,absolute-url
"https://tronclass.com.tw/public-manual/TronclassManual_System_Admin.pdf',",tronclass.com.tw,raw/ilearn.thu.edu.tw/course-estimates/avatarSmallUrl.html,https://ilearn.thu.edu.tw/course-estimates/avatarSmallUrl,absolute-url
"https://tronclass.com.tw/public-manual/TronclassManual_Administrator.pdf',",tronclass.com.tw,raw/ilearn.thu.edu.tw/course-estimates/avatarSmallUrl.html,https://ilearn.thu.edu.tw/course-estimates/avatarSmallUrl,absolute-url
"https://tronclass.com.tw/public-manual/manual-teacher.html',",tronclass.com.tw,raw/ilearn.thu.edu.tw/course-estimates/avatarSmallUrl.html,https://ilearn.thu.edu.tw/course-estimates/avatarSmallUrl,absolute-url
"https://tronclass.com.tw/public-manual/TronclassManual_Student.pdf',",tronclass.com.tw,raw/ilearn.thu.edu.tw/course-estimates/avatarSmallUrl.html,https://ilearn.thu.edu.tw/course-estimates/avatarSmallUrl,absolute-url
"https://tronclass.com.tw/public-manual/TronclassManual_App.pdf',",tronclass.com.tw,raw/ilearn.thu.edu.tw/course-estimates/avatarSmallUrl.html,https://ilearn.thu.edu.tw/course-estimates/avatarSmallUrl,absolute-url
https://support.tronclass.com',support.tronclass.com',raw/ilearn.thu.edu.tw/course-estimates/avatarSmallUrl.html,https://ilearn.thu.edu.tw/course-estimates/avatarSmallUrl,absolute-url
https://ilearn.thu.edu.tw/market,ilearn.thu.edu.tw,raw/ilearn.thu.edu.tw/course-estimates/avatarSmallUrl.html,https://ilearn.thu.edu.tw/course-estimates/avatarSmallUrl,absolute-url
"https://ilearn.thu.edu.tw/chatbot/chatbot.umd.js',",ilearn.thu.edu.tw,raw/ilearn.thu.edu.tw/course-estimates/avatarSmallUrl.html,https://ilearn.thu.edu.tw/course-estimates/avatarSmallUrl,absolute-url
https://www.youtube.com/iframe_api,www.youtube.com,raw/ilearn.thu.edu.tw/course-estimates/avatarSmallUrl.html,https://ilearn.thu.edu.tw/course-estimates/avatarSmallUrl,absolute-url
https://ilearn.thu.edu.tw/video-editor',ilearn.thu.edu.tw,raw/ilearn.thu.edu.tw/course-estimates/avatarSmallUrl.html,https://ilearn.thu.edu.tw/course-estimates/avatarSmallUrl,absolute-url
https://get.adobe.com/flashplayer/,get.adobe.com,raw/ilearn.thu.edu.tw/course-estimates/avatarSmallUrl.html,https://ilearn.thu.edu.tw/course-estimates/avatarSmallUrl,absolute-url
https://ilearn.thu.edu.tw/,ilearn.thu.edu.tw,raw/ilearn.thu.edu.tw/course-estimates/lesson_resource_url.html,https://ilearn.thu.edu.tw/course-estimates/lesson_resource_url,absolute-url
https://www.googletagmanager.com/gtag/js,www.googletagmanager.com,raw/ilearn.thu.edu.tw/course-estimates/lesson_resource_url.html,https://ilearn.thu.edu.tw/course-estimates/lesson_resource_url,absolute-url
https://github.com/OWASP/CheatSheetSeries/blob/master/cheatsheets/Clickjacking_Defense_Cheat_Sheet.md#best-for-now-legacy-browser-frame-breaking-script--,github.com,raw/ilearn.thu.edu.tw/course-estimates/lesson_resource_url.html,https://ilearn.thu.edu.tw/course-estimates/lesson_resource_url,absolute-url
https://bam.nr-data.net,bam.nr-data.net,raw/ilearn.thu.edu.tw/course-estimates/lesson_resource_url.html,https://ilearn.thu.edu.tw/course-estimates/lesson_resource_url,absolute-url
https://www.google-analytics.com,www.google-analytics.com,raw/ilearn.thu.edu.tw/course-estimates/lesson_resource_url.html,https://ilearn.thu.edu.tw/course-estimates/lesson_resource_url,absolute-url
"https://tronclass.com.tw/public-manual/TronclassManual_System_Admin.pdf',",tronclass.com.tw,raw/ilearn.thu.edu.tw/course-estimates/lesson_resource_url.html,https://ilearn.thu.edu.tw/course-estimates/lesson_resource_url,absolute-url
"https://tronclass.com.tw/public-manual/TronclassManual_Administrator.pdf',",tronclass.com.tw,raw/ilearn.thu.edu.tw/course-estimates/lesson_resource_url.html,https://ilearn.thu.edu.tw/course-estimates/lesson_resource_url,absolute-url
"https://tronclass.com.tw/public-manual/manual-teacher.html',",tronclass.com.tw,raw/ilearn.thu.edu.tw/course-estimates/lesson_resource_url.html,https://ilearn.thu.edu.tw/course-estimates/lesson_resource_url,absolute-url
"https://tronclass.com.tw/public-manual/TronclassManual_Student.pdf',",tronclass.com.tw,raw/ilearn.thu.edu.tw/course-estimates/lesson_resource_url.html,https://ilearn.thu.edu.tw/course-estimates/lesson_resource_url,absolute-url
"https://tronclass.com.tw/public-manual/TronclassManual_App.pdf',",tronclass.com.tw,raw/ilearn.thu.edu.tw/course-estimates/lesson_resource_url.html,https://ilearn.thu.edu.tw/course-estimates/lesson_resource_url,absolute-url
https://support.tronclass.com',support.tronclass.com',raw/ilearn.thu.edu.tw/course-estimates/lesson_resource_url.html,https://ilearn.thu.edu.tw/course-estimates/lesson_resource_url,absolute-url
https://ilearn.thu.edu.tw/market,ilearn.thu.edu.tw,raw/ilearn.thu.edu.tw/course-estimates/lesson_resource_url.html,https://ilearn.thu.edu.tw/course-estimates/lesson_resource_url,absolute-url
"https://ilearn.thu.edu.tw/chatbot/chatbot.umd.js',",ilearn.thu.edu.tw,raw/ilearn.thu.edu.tw/course-estimates/lesson_resource_url.html,https://ilearn.thu.edu.tw/course-estimates/lesson_resource_url,absolute-url
https://www.youtube.com/iframe_api,www.youtube.com,raw/ilearn.thu.edu.tw/course-estimates/lesson_resource_url.html,https://ilearn.thu.edu.tw/course-estimates/lesson_resource_url,absolute-url
https://ilearn.thu.edu.tw/video-editor',ilearn.thu.edu.tw,raw/ilearn.thu.edu.tw/course-estimates/lesson_resource_url.html,https://ilearn.thu.edu.tw/course-estimates/lesson_resource_url,absolute-url
https://get.adobe.com/flashplayer/,get.adobe.com,raw/ilearn.thu.edu.tw/course-estimates/lesson_resource_url.html,https://ilearn.thu.edu.tw/course-estimates/lesson_resource_url,absolute-url
https://ilearn.thu.edu.tw/,ilearn.thu.edu.tw,raw/ilearn.thu.edu.tw/course-estimates/manualUrl.html,https://ilearn.thu.edu.tw/course-estimates/manualUrl,absolute-url
https://www.googletagmanager.com/gtag/js,www.googletagmanager.com,raw/ilearn.thu.edu.tw/course-estimates/manualUrl.html,https://ilearn.thu.edu.tw/course-estimates/manualUrl,absolute-url
https://github.com/OWASP/CheatSheetSeries/blob/master/cheatsheets/Clickjacking_Defense_Cheat_Sheet.md#best-for-now-legacy-browser-frame-breaking-script--,github.com,raw/ilearn.thu.edu.tw/course-estimates/manualUrl.html,https://ilearn.thu.edu.tw/course-estimates/manualUrl,absolute-url
https://bam.nr-data.net,bam.nr-data.net,raw/ilearn.thu.edu.tw/course-estimates/manualUrl.html,https://ilearn.thu.edu.tw/course-estimates/manualUrl,absolute-url
https://www.google-analytics.com,www.google-analytics.com,raw/ilearn.thu.edu.tw/course-estimates/manualUrl.html,https://ilearn.thu.edu.tw/course-estimates/manualUrl,absolute-url
"https://tronclass.com.tw/public-manual/TronclassManual_System_Admin.pdf',",tronclass.com.tw,raw/ilearn.thu.edu.tw/course-estimates/manualUrl.html,https://ilearn.thu.edu.tw/course-estimates/manualUrl,absolute-url
"https://tronclass.com.tw/public-manual/TronclassManual_Administrator.pdf',",tronclass.com.tw,raw/ilearn.thu.edu.tw/course-estimates/manualUrl.html,https://ilearn.thu.edu.tw/course-estimates/manualUrl,absolute-url
"https://tronclass.com.tw/public-manual/manual-teacher.html',",tronclass.com.tw,raw/ilearn.thu.edu.tw/course-estimates/manualUrl.html,https://ilearn.thu.edu.tw/course-estimates/manualUrl,absolute-url
"https://tronclass.com.tw/public-manual/TronclassManual_Student.pdf',",tronclass.com.tw,raw/ilearn.thu.edu.tw/course-estimates/manualUrl.html,https://ilearn.thu.edu.tw/course-estimates/manualUrl,absolute-url
"https://tronclass.com.tw/public-manual/TronclassManual_App.pdf',",tronclass.com.tw,raw/ilearn.thu.edu.tw/course-estimates/manualUrl.html,https://ilearn.thu.edu.tw/course-estimates/manualUrl,absolute-url
https://support.tronclass.com',support.tronclass.com',raw/ilearn.thu.edu.tw/course-estimates/manualUrl.html,https://ilearn.thu.edu.tw/course-estimates/manualUrl,absolute-url
https://ilearn.thu.edu.tw/market,ilearn.thu.edu.tw,raw/ilearn.thu.edu.tw/course-estimates/manualUrl.html,https://ilearn.thu.edu.tw/course-estimates/manualUrl,absolute-url
"https://ilearn.thu.edu.tw/chatbot/chatbot.umd.js',",ilearn.thu.edu.tw,raw/ilearn.thu.edu.tw/course-estimates/manualUrl.html,https://ilearn.thu.edu.tw/course-estimates/manualUrl,absolute-url
https://www.youtube.com/iframe_api,www.youtube.com,raw/ilearn.thu.edu.tw/course-estimates/manualUrl.html,https://ilearn.thu.edu.tw/course-estimates/manualUrl,absolute-url
https://ilearn.thu.edu.tw/video-editor',ilearn.thu.edu.tw,raw/ilearn.thu.edu.tw/course-estimates/manualUrl.html,https://ilearn.thu.edu.tw/course-estimates/manualUrl,absolute-url
https://get.adobe.com/flashplayer/,get.adobe.com,raw/ilearn.thu.edu.tw/course-estimates/manualUrl.html,https://ilearn.thu.edu.tw/course-estimates/manualUrl,absolute-url
https://ilearn.thu.edu.tw/,ilearn.thu.edu.tw,raw/ilearn.thu.edu.tw/course-package.html,https://ilearn.thu.edu.tw/course-package,absolute-url
https://www.googletagmanager.com/gtag/js,www.googletagmanager.com,raw/ilearn.thu.edu.tw/course-package.html,https://ilearn.thu.edu.tw/course-package,absolute-url
https://github.com/OWASP/CheatSheetSeries/blob/master/cheatsheets/Clickjacking_Defense_Cheat_Sheet.md#best-for-now-legacy-browser-frame-breaking-script--,github.com,raw/ilearn.thu.edu.tw/course-package.html,https://ilearn.thu.edu.tw/course-package,absolute-url
https://bam.nr-data.net,bam.nr-data.net,raw/ilearn.thu.edu.tw/course-package.html,https://ilearn.thu.edu.tw/course-package,absolute-url
https://www.google-analytics.com,www.google-analytics.com,raw/ilearn.thu.edu.tw/course-package.html,https://ilearn.thu.edu.tw/course-package,absolute-url
"https://tronclass.com.tw/public-manual/TronclassManual_System_Admin.pdf',",tronclass.com.tw,raw/ilearn.thu.edu.tw/course-package.html,https://ilearn.thu.edu.tw/course-package,absolute-url
"https://tronclass.com.tw/public-manual/TronclassManual_Administrator.pdf',",tronclass.com.tw,raw/ilearn.thu.edu.tw/course-package.html,https://ilearn.thu.edu.tw/course-package,absolute-url
"https://tronclass.com.tw/public-manual/manual-teacher.html',",tronclass.com.tw,raw/ilearn.thu.edu.tw/course-package.html,https://ilearn.thu.edu.tw/course-package,absolute-url
"https://tronclass.com.tw/public-manual/TronclassManual_Student.pdf',",tronclass.com.tw,raw/ilearn.thu.edu.tw/course-package.html,https://ilearn.thu.edu.tw/course-package,absolute-url
"https://tronclass.com.tw/public-manual/TronclassManual_App.pdf',",tronclass.com.tw,raw/ilearn.thu.edu.tw/course-package.html,https://ilearn.thu.edu.tw/course-package,absolute-url
https://support.tronclass.com',support.tronclass.com',raw/ilearn.thu.edu.tw/course-package.html,https://ilearn.thu.edu.tw/course-package,absolute-url
https://ilearn.thu.edu.tw/market,ilearn.thu.edu.tw,raw/ilearn.thu.edu.tw/course-package.html,https://ilearn.thu.edu.tw/course-package,absolute-url
"https://ilearn.thu.edu.tw/chatbot/chatbot.umd.js',",ilearn.thu.edu.tw,raw/ilearn.thu.edu.tw/course-package.html,https://ilearn.thu.edu.tw/course-package,absolute-url
https://www.youtube.com/iframe_api,www.youtube.com,raw/ilearn.thu.edu.tw/course-package.html,https://ilearn.thu.edu.tw/course-package,absolute-url
https://ilearn.thu.edu.tw/video-editor',ilearn.thu.edu.tw,raw/ilearn.thu.edu.tw/course-package.html,https://ilearn.thu.edu.tw/course-package,absolute-url
https://get.adobe.com/flashplayer/,get.adobe.com,raw/ilearn.thu.edu.tw/course-package.html,https://ilearn.thu.edu.tw/course-package,absolute-url
https://ilearn.thu.edu.tw/,ilearn.thu.edu.tw,raw/ilearn.thu.edu.tw/course-package/avatarSmallUrl.html,https://ilearn.thu.edu.tw/course-package/avatarSmallUrl,absolute-url
https://www.googletagmanager.com/gtag/js,www.googletagmanager.com,raw/ilearn.thu.edu.tw/course-package/avatarSmallUrl.html,https://ilearn.thu.edu.tw/course-package/avatarSmallUrl,absolute-url
https://github.com/OWASP/CheatSheetSeries/blob/master/cheatsheets/Clickjacking_Defense_Cheat_Sheet.md#best-for-now-legacy-browser-frame-breaking-script--,github.com,raw/ilearn.thu.edu.tw/course-package/avatarSmallUrl.html,https://ilearn.thu.edu.tw/course-package/avatarSmallUrl,absolute-url
https://bam.nr-data.net,bam.nr-data.net,raw/ilearn.thu.edu.tw/course-package/avatarSmallUrl.html,https://ilearn.thu.edu.tw/course-package/avatarSmallUrl,absolute-url
https://www.google-analytics.com,www.google-analytics.com,raw/ilearn.thu.edu.tw/course-package/avatarSmallUrl.html,https://ilearn.thu.edu.tw/course-package/avatarSmallUrl,absolute-url
"https://tronclass.com.tw/public-manual/TronclassManual_System_Admin.pdf',",tronclass.com.tw,raw/ilearn.thu.edu.tw/course-package/avatarSmallUrl.html,https://ilearn.thu.edu.tw/course-package/avatarSmallUrl,absolute-url
"https://tronclass.com.tw/public-manual/TronclassManual_Administrator.pdf',",tronclass.com.tw,raw/ilearn.thu.edu.tw/course-package/avatarSmallUrl.html,https://ilearn.thu.edu.tw/course-package/avatarSmallUrl,absolute-url
"https://tronclass.com.tw/public-manual/manual-teacher.html',",tronclass.com.tw,raw/ilearn.thu.edu.tw/course-package/avatarSmallUrl.html,https://ilearn.thu.edu.tw/course-package/avatarSmallUrl,absolute-url
"https://tronclass.com.tw/public-manual/TronclassManual_Student.pdf',",tronclass.com.tw,raw/ilearn.thu.edu.tw/course-package/avatarSmallUrl.html,https://ilearn.thu.edu.tw/course-package/avatarSmallUrl,absolute-url
"https://tronclass.com.tw/public-manual/TronclassManual_App.pdf',",tronclass.com.tw,raw/ilearn.thu.edu.tw/course-package/avatarSmallUrl.html,https://ilearn.thu.edu.tw/course-package/avatarSmallUrl,absolute-url
https://support.tronclass.com',support.tronclass.com',raw/ilearn.thu.edu.tw/course-package/avatarSmallUrl.html,https://ilearn.thu.edu.tw/course-package/avatarSmallUrl,absolute-url
https://ilearn.thu.edu.tw/market,ilearn.thu.edu.tw,raw/ilearn.thu.edu.tw/course-package/avatarSmallUrl.html,https://ilearn.thu.edu.tw/course-package/avatarSmallUrl,absolute-url
"https://ilearn.thu.edu.tw/chatbot/chatbot.umd.js',",ilearn.thu.edu.tw,raw/ilearn.thu.edu.tw/course-package/avatarSmallUrl.html,https://ilearn.thu.edu.tw/course-package/avatarSmallUrl,absolute-url
https://www.youtube.com/iframe_api,www.youtube.com,raw/ilearn.thu.edu.tw/course-package/avatarSmallUrl.html,https://ilearn.thu.edu.tw/course-package/avatarSmallUrl,absolute-url
https://ilearn.thu.edu.tw/video-editor',ilearn.thu.edu.tw,raw/ilearn.thu.edu.tw/course-package/avatarSmallUrl.html,https://ilearn.thu.edu.tw/course-package/avatarSmallUrl,absolute-url
https://get.adobe.com/flashplayer/,get.adobe.com,raw/ilearn.thu.edu.tw/course-package/avatarSmallUrl.html,https://ilearn.thu.edu.tw/course-package/avatarSmallUrl,absolute-url
https://ilearn.thu.edu.tw/,ilearn.thu.edu.tw,raw/ilearn.thu.edu.tw/course-package/capture_url.html,https://ilearn.thu.edu.tw/course-package/capture_url,absolute-url
https://www.googletagmanager.com/gtag/js,www.googletagmanager.com,raw/ilearn.thu.edu.tw/course-package/capture_url.html,https://ilearn.thu.edu.tw/course-package/capture_url,absolute-url
https://github.com/OWASP/CheatSheetSeries/blob/master/cheatsheets/Clickjacking_Defense_Cheat_Sheet.md#best-for-now-legacy-browser-frame-breaking-script--,github.com,raw/ilearn.thu.edu.tw/course-package/capture_url.html,https://ilearn.thu.edu.tw/course-package/capture_url,absolute-url
https://bam.nr-data.net,bam.nr-data.net,raw/ilearn.thu.edu.tw/course-package/capture_url.html,https://ilearn.thu.edu.tw/course-package/capture_url,absolute-url
https://www.google-analytics.com,www.google-analytics.com,raw/ilearn.thu.edu.tw/course-package/capture_url.html,https://ilearn.thu.edu.tw/course-package/capture_url,absolute-url
"https://tronclass.com.tw/public-manual/TronclassManual_System_Admin.pdf',",tronclass.com.tw,raw/ilearn.thu.edu.tw/course-package/capture_url.html,https://ilearn.thu.edu.tw/course-package/capture_url,absolute-url
"https://tronclass.com.tw/public-manual/TronclassManual_Administrator.pdf',",tronclass.com.tw,raw/ilearn.thu.edu.tw/course-package/capture_url.html,https://ilearn.thu.edu.tw/course-package/capture_url,absolute-url
"https://tronclass.com.tw/public-manual/manual-teacher.html',",tronclass.com.tw,raw/ilearn.thu.edu.tw/course-package/capture_url.html,https://ilearn.thu.edu.tw/course-package/capture_url,absolute-url
"https://tronclass.com.tw/public-manual/TronclassManual_Student.pdf',",tronclass.com.tw,raw/ilearn.thu.edu.tw/course-package/capture_url.html,https://ilearn.thu.edu.tw/course-package/capture_url,absolute-url
"https://tronclass.com.tw/public-manual/TronclassManual_App.pdf',",tronclass.com.tw,raw/ilearn.thu.edu.tw/course-package/capture_url.html,https://ilearn.thu.edu.tw/course-package/capture_url,absolute-url
https://support.tronclass.com',support.tronclass.com',raw/ilearn.thu.edu.tw/course-package/capture_url.html,https://ilearn.thu.edu.tw/course-package/capture_url,absolute-url
https://ilearn.thu.edu.tw/market,ilearn.thu.edu.tw,raw/ilearn.thu.edu.tw/course-package/capture_url.html,https://ilearn.thu.edu.tw/course-package/capture_url,absolute-url
"https://ilearn.thu.edu.tw/chatbot/chatbot.umd.js',",ilearn.thu.edu.tw,raw/ilearn.thu.edu.tw/course-package/capture_url.html,https://ilearn.thu.edu.tw/course-package/capture_url,absolute-url
https://www.youtube.com/iframe_api,www.youtube.com,raw/ilearn.thu.edu.tw/course-package/capture_url.html,https://ilearn.thu.edu.tw/course-package/capture_url,absolute-url
https://ilearn.thu.edu.tw/video-editor',ilearn.thu.edu.tw,raw/ilearn.thu.edu.tw/course-package/capture_url.html,https://ilearn.thu.edu.tw/course-package/capture_url,absolute-url
https://get.adobe.com/flashplayer/,get.adobe.com,raw/ilearn.thu.edu.tw/course-package/capture_url.html,https://ilearn.thu.edu.tw/course-package/capture_url,absolute-url
https://ilearn.thu.edu.tw/,ilearn.thu.edu.tw,raw/ilearn.thu.edu.tw/course-package/export.html,https://ilearn.thu.edu.tw/course-package/export,absolute-url
https://www.googletagmanager.com/gtag/js,www.googletagmanager.com,raw/ilearn.thu.edu.tw/course-package/export.html,https://ilearn.thu.edu.tw/course-package/export,absolute-url
https://github.com/OWASP/CheatSheetSeries/blob/master/cheatsheets/Clickjacking_Defense_Cheat_Sheet.md#best-for-now-legacy-browser-frame-breaking-script--,github.com,raw/ilearn.thu.edu.tw/course-package/export.html,https://ilearn.thu.edu.tw/course-package/export,absolute-url
https://bam.nr-data.net,bam.nr-data.net,raw/ilearn.thu.edu.tw/course-package/export.html,https://ilearn.thu.edu.tw/course-package/export,absolute-url
https://www.google-analytics.com,www.google-analytics.com,raw/ilearn.thu.edu.tw/course-package/export.html,https://ilearn.thu.edu.tw/course-package/export,absolute-url
"https://tronclass.com.tw/public-manual/TronclassManual_System_Admin.pdf',",tronclass.com.tw,raw/ilearn.thu.edu.tw/course-package/export.html,https://ilearn.thu.edu.tw/course-package/export,absolute-url
"https://tronclass.com.tw/public-manual/TronclassManual_Administrator.pdf',",tronclass.com.tw,raw/ilearn.thu.edu.tw/course-package/export.html,https://ilearn.thu.edu.tw/course-package/export,absolute-url
"https://tronclass.com.tw/public-manual/manual-teacher.html',",tronclass.com.tw,raw/ilearn.thu.edu.tw/course-package/export.html,https://ilearn.thu.edu.tw/course-package/export,absolute-url
"https://tronclass.com.tw/public-manual/TronclassManual_Student.pdf',",tronclass.com.tw,raw/ilearn.thu.edu.tw/course-package/export.html,https://ilearn.thu.edu.tw/course-package/export,absolute-url
"https://tronclass.com.tw/public-manual/TronclassManual_App.pdf',",tronclass.com.tw,raw/ilearn.thu.edu.tw/course-package/export.html,https://ilearn.thu.edu.tw/course-package/export,absolute-url
https://support.tronclass.com',support.tronclass.com',raw/ilearn.thu.edu.tw/course-package/export.html,https://ilearn.thu.edu.tw/course-package/export,absolute-url
https://ilearn.thu.edu.tw/market,ilearn.thu.edu.tw,raw/ilearn.thu.edu.tw/course-package/export.html,https://ilearn.thu.edu.tw/course-package/export,absolute-url
"https://ilearn.thu.edu.tw/chatbot/chatbot.umd.js',",ilearn.thu.edu.tw,raw/ilearn.thu.edu.tw/course-package/export.html,https://ilearn.thu.edu.tw/course-package/export,absolute-url
https://www.youtube.com/iframe_api,www.youtube.com,raw/ilearn.thu.edu.tw/course-package/export.html,https://ilearn.thu.edu.tw/course-package/export,absolute-url
https://ilearn.thu.edu.tw/video-editor',ilearn.thu.edu.tw,raw/ilearn.thu.edu.tw/course-package/export.html,https://ilearn.thu.edu.tw/course-package/export,absolute-url
https://get.adobe.com/flashplayer/,get.adobe.com,raw/ilearn.thu.edu.tw/course-package/export.html,https://ilearn.thu.edu.tw/course-package/export,absolute-url
https://ilearn.thu.edu.tw/,ilearn.thu.edu.tw,raw/ilearn.thu.edu.tw/course-package/lesson_resource_url.html,https://ilearn.thu.edu.tw/course-package/lesson_resource_url,absolute-url
https://www.googletagmanager.com/gtag/js,www.googletagmanager.com,raw/ilearn.thu.edu.tw/course-package/lesson_resource_url.html,https://ilearn.thu.edu.tw/course-package/lesson_resource_url,absolute-url
https://github.com/OWASP/CheatSheetSeries/blob/master/cheatsheets/Clickjacking_Defense_Cheat_Sheet.md#best-for-now-legacy-browser-frame-breaking-script--,github.com,raw/ilearn.thu.edu.tw/course-package/lesson_resource_url.html,https://ilearn.thu.edu.tw/course-package/lesson_resource_url,absolute-url
https://bam.nr-data.net,bam.nr-data.net,raw/ilearn.thu.edu.tw/course-package/lesson_resource_url.html,https://ilearn.thu.edu.tw/course-package/lesson_resource_url,absolute-url
https://www.google-analytics.com,www.google-analytics.com,raw/ilearn.thu.edu.tw/course-package/lesson_resource_url.html,https://ilearn.thu.edu.tw/course-package/lesson_resource_url,absolute-url
"https://tronclass.com.tw/public-manual/TronclassManual_System_Admin.pdf',",tronclass.com.tw,raw/ilearn.thu.edu.tw/course-package/lesson_resource_url.html,https://ilearn.thu.edu.tw/course-package/lesson_resource_url,absolute-url
"https://tronclass.com.tw/public-manual/TronclassManual_Administrator.pdf',",tronclass.com.tw,raw/ilearn.thu.edu.tw/course-package/lesson_resource_url.html,https://ilearn.thu.edu.tw/course-package/lesson_resource_url,absolute-url
"https://tronclass.com.tw/public-manual/manual-teacher.html',",tronclass.com.tw,raw/ilearn.thu.edu.tw/course-package/lesson_resource_url.html,https://ilearn.thu.edu.tw/course-package/lesson_resource_url,absolute-url
"https://tronclass.com.tw/public-manual/TronclassManual_Student.pdf',",tronclass.com.tw,raw/ilearn.thu.edu.tw/course-package/lesson_resource_url.html,https://ilearn.thu.edu.tw/course-package/lesson_resource_url,absolute-url
"https://tronclass.com.tw/public-manual/TronclassManual_App.pdf',",tronclass.com.tw,raw/ilearn.thu.edu.tw/course-package/lesson_resource_url.html,https://ilearn.thu.edu.tw/course-package/lesson_resource_url,absolute-url
https://support.tronclass.com',support.tronclass.com',raw/ilearn.thu.edu.tw/course-package/lesson_resource_url.html,https://ilearn.thu.edu.tw/course-package/lesson_resource_url,absolute-url
https://ilearn.thu.edu.tw/market,ilearn.thu.edu.tw,raw/ilearn.thu.edu.tw/course-package/lesson_resource_url.html,https://ilearn.thu.edu.tw/course-package/lesson_resource_url,absolute-url
"https://ilearn.thu.edu.tw/chatbot/chatbot.umd.js',",ilearn.thu.edu.tw,raw/ilearn.thu.edu.tw/course-package/lesson_resource_url.html,https://ilearn.thu.edu.tw/course-package/lesson_resource_url,absolute-url
https://www.youtube.com/iframe_api,www.youtube.com,raw/ilearn.thu.edu.tw/course-package/lesson_resource_url.html,https://ilearn.thu.edu.tw/course-package/lesson_resource_url,absolute-url
https://ilearn.thu.edu.tw/video-editor',ilearn.thu.edu.tw,raw/ilearn.thu.edu.tw/course-package/lesson_resource_url.html,https://ilearn.thu.edu.tw/course-package/lesson_resource_url,absolute-url
https://get.adobe.com/flashplayer/,get.adobe.com,raw/ilearn.thu.edu.tw/course-package/lesson_resource_url.html,https://ilearn.thu.edu.tw/course-package/lesson_resource_url,absolute-url
https://ilearn.thu.edu.tw/,ilearn.thu.edu.tw,raw/ilearn.thu.edu.tw/course-package/manualUrl.html,https://ilearn.thu.edu.tw/course-package/manualUrl,absolute-url
https://www.googletagmanager.com/gtag/js,www.googletagmanager.com,raw/ilearn.thu.edu.tw/course-package/manualUrl.html,https://ilearn.thu.edu.tw/course-package/manualUrl,absolute-url
https://github.com/OWASP/CheatSheetSeries/blob/master/cheatsheets/Clickjacking_Defense_Cheat_Sheet.md#best-for-now-legacy-browser-frame-breaking-script--,github.com,raw/ilearn.thu.edu.tw/course-package/manualUrl.html,https://ilearn.thu.edu.tw/course-package/manualUrl,absolute-url
https://bam.nr-data.net,bam.nr-data.net,raw/ilearn.thu.edu.tw/course-package/manualUrl.html,https://ilearn.thu.edu.tw/course-package/manualUrl,absolute-url
https://www.google-analytics.com,www.google-analytics.com,raw/ilearn.thu.edu.tw/course-package/manualUrl.html,https://ilearn.thu.edu.tw/course-package/manualUrl,absolute-url
"https://tronclass.com.tw/public-manual/TronclassManual_System_Admin.pdf',",tronclass.com.tw,raw/ilearn.thu.edu.tw/course-package/manualUrl.html,https://ilearn.thu.edu.tw/course-package/manualUrl,absolute-url
"https://tronclass.com.tw/public-manual/TronclassManual_Administrator.pdf',",tronclass.com.tw,raw/ilearn.thu.edu.tw/course-package/manualUrl.html,https://ilearn.thu.edu.tw/course-package/manualUrl,absolute-url
"https://tronclass.com.tw/public-manual/manual-teacher.html',",tronclass.com.tw,raw/ilearn.thu.edu.tw/course-package/manualUrl.html,https://ilearn.thu.edu.tw/course-package/manualUrl,absolute-url
"https://tronclass.com.tw/public-manual/TronclassManual_Student.pdf',",tronclass.com.tw,raw/ilearn.thu.edu.tw/course-package/manualUrl.html,https://ilearn.thu.edu.tw/course-package/manualUrl,absolute-url
"https://tronclass.com.tw/public-manual/TronclassManual_App.pdf',",tronclass.com.tw,raw/ilearn.thu.edu.tw/course-package/manualUrl.html,https://ilearn.thu.edu.tw/course-package/manualUrl,absolute-url
https://support.tronclass.com',support.tronclass.com',raw/ilearn.thu.edu.tw/course-package/manualUrl.html,https://ilearn.thu.edu.tw/course-package/manualUrl,absolute-url
https://ilearn.thu.edu.tw/market,ilearn.thu.edu.tw,raw/ilearn.thu.edu.tw/course-package/manualUrl.html,https://ilearn.thu.edu.tw/course-package/manualUrl,absolute-url
"https://ilearn.thu.edu.tw/chatbot/chatbot.umd.js',",ilearn.thu.edu.tw,raw/ilearn.thu.edu.tw/course-package/manualUrl.html,https://ilearn.thu.edu.tw/course-package/manualUrl,absolute-url
https://www.youtube.com/iframe_api,www.youtube.com,raw/ilearn.thu.edu.tw/course-package/manualUrl.html,https://ilearn.thu.edu.tw/course-package/manualUrl,absolute-url
https://ilearn.thu.edu.tw/video-editor',ilearn.thu.edu.tw,raw/ilearn.thu.edu.tw/course-package/manualUrl.html,https://ilearn.thu.edu.tw/course-package/manualUrl,absolute-url
https://get.adobe.com/flashplayer/,get.adobe.com,raw/ilearn.thu.edu.tw/course-package/manualUrl.html,https://ilearn.thu.edu.tw/course-package/manualUrl,absolute-url
https://ilearn.thu.edu.tw/,ilearn.thu.edu.tw,raw/ilearn.thu.edu.tw/course-package/status.html,https://ilearn.thu.edu.tw/course-package/status,absolute-url
https://www.googletagmanager.com/gtag/js,www.googletagmanager.com,raw/ilearn.thu.edu.tw/course-package/status.html,https://ilearn.thu.edu.tw/course-package/status,absolute-url
https://github.com/OWASP/CheatSheetSeries/blob/master/cheatsheets/Clickjacking_Defense_Cheat_Sheet.md#best-for-now-legacy-browser-frame-breaking-script--,github.com,raw/ilearn.thu.edu.tw/course-package/status.html,https://ilearn.thu.edu.tw/course-package/status,absolute-url
https://bam.nr-data.net,bam.nr-data.net,raw/ilearn.thu.edu.tw/course-package/status.html,https://ilearn.thu.edu.tw/course-package/status,absolute-url
https://www.google-analytics.com,www.google-analytics.com,raw/ilearn.thu.edu.tw/course-package/status.html,https://ilearn.thu.edu.tw/course-package/status,absolute-url
"https://tronclass.com.tw/public-manual/TronclassManual_System_Admin.pdf',",tronclass.com.tw,raw/ilearn.thu.edu.tw/course-package/status.html,https://ilearn.thu.edu.tw/course-package/status,absolute-url
"https://tronclass.com.tw/public-manual/TronclassManual_Administrator.pdf',",tronclass.com.tw,raw/ilearn.thu.edu.tw/course-package/status.html,https://ilearn.thu.edu.tw/course-package/status,absolute-url
"https://tronclass.com.tw/public-manual/manual-teacher.html',",tronclass.com.tw,raw/ilearn.thu.edu.tw/course-package/status.html,https://ilearn.thu.edu.tw/course-package/status,absolute-url
"https://tronclass.com.tw/public-manual/TronclassManual_Student.pdf',",tronclass.com.tw,raw/ilearn.thu.edu.tw/course-package/status.html,https://ilearn.thu.edu.tw/course-package/status,absolute-url
"https://tronclass.com.tw/public-manual/TronclassManual_App.pdf',",tronclass.com.tw,raw/ilearn.thu.edu.tw/course-package/status.html,https://ilearn.thu.edu.tw/course-package/status,absolute-url
https://support.tronclass.com',support.tronclass.com',raw/ilearn.thu.edu.tw/course-package/status.html,https://ilearn.thu.edu.tw/course-package/status,absolute-url
https://ilearn.thu.edu.tw/market,ilearn.thu.edu.tw,raw/ilearn.thu.edu.tw/course-package/status.html,https://ilearn.thu.edu.tw/course-package/status,absolute-url
"https://ilearn.thu.edu.tw/chatbot/chatbot.umd.js',",ilearn.thu.edu.tw,raw/ilearn.thu.edu.tw/course-package/status.html,https://ilearn.thu.edu.tw/course-package/status,absolute-url
https://www.youtube.com/iframe_api,www.youtube.com,raw/ilearn.thu.edu.tw/course-package/status.html,https://ilearn.thu.edu.tw/course-package/status,absolute-url
https://ilearn.thu.edu.tw/video-editor',ilearn.thu.edu.tw,raw/ilearn.thu.edu.tw/course-package/status.html,https://ilearn.thu.edu.tw/course-package/status,absolute-url
https://get.adobe.com/flashplayer/,get.adobe.com,raw/ilearn.thu.edu.tw/course-package/status.html,https://ilearn.thu.edu.tw/course-package/status,absolute-url
https://ilearn.thu.edu.tw/,ilearn.thu.edu.tw,raw/ilearn.thu.edu.tw/course-roles.html,https://ilearn.thu.edu.tw/course-roles,absolute-url
https://www.googletagmanager.com/gtag/js,www.googletagmanager.com,raw/ilearn.thu.edu.tw/course-roles.html,https://ilearn.thu.edu.tw/course-roles,absolute-url
https://github.com/OWASP/CheatSheetSeries/blob/master/cheatsheets/Clickjacking_Defense_Cheat_Sheet.md#best-for-now-legacy-browser-frame-breaking-script--,github.com,raw/ilearn.thu.edu.tw/course-roles.html,https://ilearn.thu.edu.tw/course-roles,absolute-url
https://bam.nr-data.net,bam.nr-data.net,raw/ilearn.thu.edu.tw/course-roles.html,https://ilearn.thu.edu.tw/course-roles,absolute-url
https://www.google-analytics.com,www.google-analytics.com,raw/ilearn.thu.edu.tw/course-roles.html,https://ilearn.thu.edu.tw/course-roles,absolute-url
"https://tronclass.com.tw/public-manual/TronclassManual_System_Admin.pdf',",tronclass.com.tw,raw/ilearn.thu.edu.tw/course-roles.html,https://ilearn.thu.edu.tw/course-roles,absolute-url
"https://tronclass.com.tw/public-manual/TronclassManual_Administrator.pdf',",tronclass.com.tw,raw/ilearn.thu.edu.tw/course-roles.html,https://ilearn.thu.edu.tw/course-roles,absolute-url
"https://tronclass.com.tw/public-manual/manual-teacher.html',",tronclass.com.tw,raw/ilearn.thu.edu.tw/course-roles.html,https://ilearn.thu.edu.tw/course-roles,absolute-url
"https://tronclass.com.tw/public-manual/TronclassManual_Student.pdf',",tronclass.com.tw,raw/ilearn.thu.edu.tw/course-roles.html,https://ilearn.thu.edu.tw/course-roles,absolute-url
"https://tronclass.com.tw/public-manual/TronclassManual_App.pdf',",tronclass.com.tw,raw/ilearn.thu.edu.tw/course-roles.html,https://ilearn.thu.edu.tw/course-roles,absolute-url
https://support.tronclass.com',support.tronclass.com',raw/ilearn.thu.edu.tw/course-roles.html,https://ilearn.thu.edu.tw/course-roles,absolute-url
https://ilearn.thu.edu.tw/market,ilearn.thu.edu.tw,raw/ilearn.thu.edu.tw/course-roles.html,https://ilearn.thu.edu.tw/course-roles,absolute-url
"https://ilearn.thu.edu.tw/chatbot/chatbot.umd.js',",ilearn.thu.edu.tw,raw/ilearn.thu.edu.tw/course-roles.html,https://ilearn.thu.edu.tw/course-roles,absolute-url
https://www.youtube.com/iframe_api,www.youtube.com,raw/ilearn.thu.edu.tw/course-roles.html,https://ilearn.thu.edu.tw/course-roles,absolute-url
https://ilearn.thu.edu.tw/video-editor',ilearn.thu.edu.tw,raw/ilearn.thu.edu.tw/course-roles.html,https://ilearn.thu.edu.tw/course-roles,absolute-url
https://get.adobe.com/flashplayer/,get.adobe.com,raw/ilearn.thu.edu.tw/course-roles.html,https://ilearn.thu.edu.tw/course-roles,absolute-url
https://ilearn.thu.edu.tw/,ilearn.thu.edu.tw,raw/ilearn.thu.edu.tw/course-roles/index.html,https://ilearn.thu.edu.tw/course-roles/,absolute-url
https://www.googletagmanager.com/gtag/js,www.googletagmanager.com,raw/ilearn.thu.edu.tw/course-roles/index.html,https://ilearn.thu.edu.tw/course-roles/,absolute-url
https://github.com/OWASP/CheatSheetSeries/blob/master/cheatsheets/Clickjacking_Defense_Cheat_Sheet.md#best-for-now-legacy-browser-frame-breaking-script--,github.com,raw/ilearn.thu.edu.tw/course-roles/index.html,https://ilearn.thu.edu.tw/course-roles/,absolute-url
https://bam.nr-data.net,bam.nr-data.net,raw/ilearn.thu.edu.tw/course-roles/index.html,https://ilearn.thu.edu.tw/course-roles/,absolute-url
https://www.google-analytics.com,www.google-analytics.com,raw/ilearn.thu.edu.tw/course-roles/index.html,https://ilearn.thu.edu.tw/course-roles/,absolute-url
"https://tronclass.com.tw/public-manual/TronclassManual_System_Admin.pdf',",tronclass.com.tw,raw/ilearn.thu.edu.tw/course-roles/index.html,https://ilearn.thu.edu.tw/course-roles/,absolute-url
"https://tronclass.com.tw/public-manual/TronclassManual_Administrator.pdf',",tronclass.com.tw,raw/ilearn.thu.edu.tw/course-roles/index.html,https://ilearn.thu.edu.tw/course-roles/,absolute-url
"https://tronclass.com.tw/public-manual/manual-teacher.html',",tronclass.com.tw,raw/ilearn.thu.edu.tw/course-roles/index.html,https://ilearn.thu.edu.tw/course-roles/,absolute-url
"https://tronclass.com.tw/public-manual/TronclassManual_Student.pdf',",tronclass.com.tw,raw/ilearn.thu.edu.tw/course-roles/index.html,https://ilearn.thu.edu.tw/course-roles/,absolute-url
"https://tronclass.com.tw/public-manual/TronclassManual_App.pdf',",tronclass.com.tw,raw/ilearn.thu.edu.tw/course-roles/index.html,https://ilearn.thu.edu.tw/course-roles/,absolute-url
https://support.tronclass.com',support.tronclass.com',raw/ilearn.thu.edu.tw/course-roles/index.html,https://ilearn.thu.edu.tw/course-roles/,absolute-url
https://ilearn.thu.edu.tw/market,ilearn.thu.edu.tw,raw/ilearn.thu.edu.tw/course-roles/index.html,https://ilearn.thu.edu.tw/course-roles/,absolute-url
"https://ilearn.thu.edu.tw/chatbot/chatbot.umd.js',",ilearn.thu.edu.tw,raw/ilearn.thu.edu.tw/course-roles/index.html,https://ilearn.thu.edu.tw/course-roles/,absolute-url
https://www.youtube.com/iframe_api,www.youtube.com,raw/ilearn.thu.edu.tw/course-roles/index.html,https://ilearn.thu.edu.tw/course-roles/,absolute-url
https://ilearn.thu.edu.tw/video-editor',ilearn.thu.edu.tw,raw/ilearn.thu.edu.tw/course-roles/index.html,https://ilearn.thu.edu.tw/course-roles/,absolute-url
https://get.adobe.com/flashplayer/,get.adobe.com,raw/ilearn.thu.edu.tw/course-roles/index.html,https://ilearn.thu.edu.tw/course-roles/,absolute-url
https://ilearn.thu.edu.tw/,ilearn.thu.edu.tw,raw/ilearn.thu.edu.tw/course-roles/_roleId/course/_courseId.html,https://ilearn.thu.edu.tw/course-roles/:roleId/course/:courseId,absolute-url
https://www.googletagmanager.com/gtag/js,www.googletagmanager.com,raw/ilearn.thu.edu.tw/course-roles/_roleId/course/_courseId.html,https://ilearn.thu.edu.tw/course-roles/:roleId/course/:courseId,absolute-url
https://github.com/OWASP/CheatSheetSeries/blob/master/cheatsheets/Clickjacking_Defense_Cheat_Sheet.md#best-for-now-legacy-browser-frame-breaking-script--,github.com,raw/ilearn.thu.edu.tw/course-roles/_roleId/course/_courseId.html,https://ilearn.thu.edu.tw/course-roles/:roleId/course/:courseId,absolute-url
https://bam.nr-data.net,bam.nr-data.net,raw/ilearn.thu.edu.tw/course-roles/_roleId/course/_courseId.html,https://ilearn.thu.edu.tw/course-roles/:roleId/course/:courseId,absolute-url
https://www.google-analytics.com,www.google-analytics.com,raw/ilearn.thu.edu.tw/course-roles/_roleId/course/_courseId.html,https://ilearn.thu.edu.tw/course-roles/:roleId/course/:courseId,absolute-url
"https://tronclass.com.tw/public-manual/TronclassManual_System_Admin.pdf',",tronclass.com.tw,raw/ilearn.thu.edu.tw/course-roles/_roleId/course/_courseId.html,https://ilearn.thu.edu.tw/course-roles/:roleId/course/:courseId,absolute-url
"https://tronclass.com.tw/public-manual/TronclassManual_Administrator.pdf',",tronclass.com.tw,raw/ilearn.thu.edu.tw/course-roles/_roleId/course/_courseId.html,https://ilearn.thu.edu.tw/course-roles/:roleId/course/:courseId,absolute-url
"https://tronclass.com.tw/public-manual/manual-teacher.html',",tronclass.com.tw,raw/ilearn.thu.edu.tw/course-roles/_roleId/course/_courseId.html,https://ilearn.thu.edu.tw/course-roles/:roleId/course/:courseId,absolute-url
"https://tronclass.com.tw/public-manual/TronclassManual_Student.pdf',",tronclass.com.tw,raw/ilearn.thu.edu.tw/course-roles/_roleId/course/_courseId.html,https://ilearn.thu.edu.tw/course-roles/:roleId/course/:courseId,absolute-url
"https://tronclass.com.tw/public-manual/TronclassManual_App.pdf',",tronclass.com.tw,raw/ilearn.thu.edu.tw/course-roles/_roleId/course/_courseId.html,https://ilearn.thu.edu.tw/course-roles/:roleId/course/:courseId,absolute-url
https://support.tronclass.com',support.tronclass.com',raw/ilearn.thu.edu.tw/course-roles/_roleId/course/_courseId.html,https://ilearn.thu.edu.tw/course-roles/:roleId/course/:courseId,absolute-url
https://ilearn.thu.edu.tw/market,ilearn.thu.edu.tw,raw/ilearn.thu.edu.tw/course-roles/_roleId/course/_courseId.html,https://ilearn.thu.edu.tw/course-roles/:roleId/course/:courseId,absolute-url
"https://ilearn.thu.edu.tw/chatbot/chatbot.umd.js',",ilearn.thu.edu.tw,raw/ilearn.thu.edu.tw/course-roles/_roleId/course/_courseId.html,https://ilearn.thu.edu.tw/course-roles/:roleId/course/:courseId,absolute-url
https://www.youtube.com/iframe_api,www.youtube.com,raw/ilearn.thu.edu.tw/course-roles/_roleId/course/_courseId.html,https://ilearn.thu.edu.tw/course-roles/:roleId/course/:courseId,absolute-url
https://ilearn.thu.edu.tw/video-editor',ilearn.thu.edu.tw,raw/ilearn.thu.edu.tw/course-roles/_roleId/course/_courseId.html,https://ilearn.thu.edu.tw/course-roles/:roleId/course/:courseId,absolute-url
https://get.adobe.com/flashplayer/,get.adobe.com,raw/ilearn.thu.edu.tw/course-roles/_roleId/course/_courseId.html,https://ilearn.thu.edu.tw/course-roles/:roleId/course/:courseId,absolute-url
https://ilearn.thu.edu.tw/,ilearn.thu.edu.tw,raw/ilearn.thu.edu.tw/course-roles/_roleId/edit.html,https://ilearn.thu.edu.tw/course-roles/:roleId/edit,absolute-url
https://www.googletagmanager.com/gtag/js,www.googletagmanager.com,raw/ilearn.thu.edu.tw/course-roles/_roleId/edit.html,https://ilearn.thu.edu.tw/course-roles/:roleId/edit,absolute-url
https://github.com/OWASP/CheatSheetSeries/blob/master/cheatsheets/Clickjacking_Defense_Cheat_Sheet.md#best-for-now-legacy-browser-frame-breaking-script--,github.com,raw/ilearn.thu.edu.tw/course-roles/_roleId/edit.html,https://ilearn.thu.edu.tw/course-roles/:roleId/edit,absolute-url
https://bam.nr-data.net,bam.nr-data.net,raw/ilearn.thu.edu.tw/course-roles/_roleId/edit.html,https://ilearn.thu.edu.tw/course-roles/:roleId/edit,absolute-url
https://www.google-analytics.com,www.google-analytics.com,raw/ilearn.thu.edu.tw/course-roles/_roleId/edit.html,https://ilearn.thu.edu.tw/course-roles/:roleId/edit,absolute-url
"https://tronclass.com.tw/public-manual/TronclassManual_System_Admin.pdf',",tronclass.com.tw,raw/ilearn.thu.edu.tw/course-roles/_roleId/edit.html,https://ilearn.thu.edu.tw/course-roles/:roleId/edit,absolute-url
"https://tronclass.com.tw/public-manual/TronclassManual_Administrator.pdf',",tronclass.com.tw,raw/ilearn.thu.edu.tw/course-roles/_roleId/edit.html,https://ilearn.thu.edu.tw/course-roles/:roleId/edit,absolute-url
"https://tronclass.com.tw/public-manual/manual-teacher.html',",tronclass.com.tw,raw/ilearn.thu.edu.tw/course-roles/_roleId/edit.html,https://ilearn.thu.edu.tw/course-roles/:roleId/edit,absolute-url
"https://tronclass.com.tw/public-manual/TronclassManual_Student.pdf',",tronclass.com.tw,raw/ilearn.thu.edu.tw/course-roles/_roleId/edit.html,https://ilearn.thu.edu.tw/course-roles/:roleId/edit,absolute-url
"https://tronclass.com.tw/public-manual/TronclassManual_App.pdf',",tronclass.com.tw,raw/ilearn.thu.edu.tw/course-roles/_roleId/edit.html,https://ilearn.thu.edu.tw/course-roles/:roleId/edit,absolute-url
https://support.tronclass.com',support.tronclass.com',raw/ilearn.thu.edu.tw/course-roles/_roleId/edit.html,https://ilearn.thu.edu.tw/course-roles/:roleId/edit,absolute-url
https://ilearn.thu.edu.tw/market,ilearn.thu.edu.tw,raw/ilearn.thu.edu.tw/course-roles/_roleId/edit.html,https://ilearn.thu.edu.tw/course-roles/:roleId/edit,absolute-url
"https://ilearn.thu.edu.tw/chatbot/chatbot.umd.js',",ilearn.thu.edu.tw,raw/ilearn.thu.edu.tw/course-roles/_roleId/edit.html,https://ilearn.thu.edu.tw/course-roles/:roleId/edit,absolute-url
https://www.youtube.com/iframe_api,www.youtube.com,raw/ilearn.thu.edu.tw/course-roles/_roleId/edit.html,https://ilearn.thu.edu.tw/course-roles/:roleId/edit,absolute-url
https://ilearn.thu.edu.tw/video-editor',ilearn.thu.edu.tw,raw/ilearn.thu.edu.tw/course-roles/_roleId/edit.html,https://ilearn.thu.edu.tw/course-roles/:roleId/edit,absolute-url
https://get.adobe.com/flashplayer/,get.adobe.com,raw/ilearn.thu.edu.tw/course-roles/_roleId/edit.html,https://ilearn.thu.edu.tw/course-roles/:roleId/edit,absolute-url
https://ilearn.thu.edu.tw/,ilearn.thu.edu.tw,raw/ilearn.thu.edu.tw/course-roles/add.html,https://ilearn.thu.edu.tw/course-roles/add,absolute-url
https://www.googletagmanager.com/gtag/js,www.googletagmanager.com,raw/ilearn.thu.edu.tw/course-roles/add.html,https://ilearn.thu.edu.tw/course-roles/add,absolute-url
https://github.com/OWASP/CheatSheetSeries/blob/master/cheatsheets/Clickjacking_Defense_Cheat_Sheet.md#best-for-now-legacy-browser-frame-breaking-script--,github.com,raw/ilearn.thu.edu.tw/course-roles/add.html,https://ilearn.thu.edu.tw/course-roles/add,absolute-url
https://bam.nr-data.net,bam.nr-data.net,raw/ilearn.thu.edu.tw/course-roles/add.html,https://ilearn.thu.edu.tw/course-roles/add,absolute-url
https://www.google-analytics.com,www.google-analytics.com,raw/ilearn.thu.edu.tw/course-roles/add.html,https://ilearn.thu.edu.tw/course-roles/add,absolute-url
"https://tronclass.com.tw/public-manual/TronclassManual_System_Admin.pdf',",tronclass.com.tw,raw/ilearn.thu.edu.tw/course-roles/add.html,https://ilearn.thu.edu.tw/course-roles/add,absolute-url
"https://tronclass.com.tw/public-manual/TronclassManual_Administrator.pdf',",tronclass.com.tw,raw/ilearn.thu.edu.tw/course-roles/add.html,https://ilearn.thu.edu.tw/course-roles/add,absolute-url
"https://tronclass.com.tw/public-manual/manual-teacher.html',",tronclass.com.tw,raw/ilearn.thu.edu.tw/course-roles/add.html,https://ilearn.thu.edu.tw/course-roles/add,absolute-url
"https://tronclass.com.tw/public-manual/TronclassManual_Student.pdf',",tronclass.com.tw,raw/ilearn.thu.edu.tw/course-roles/add.html,https://ilearn.thu.edu.tw/course-roles/add,absolute-url
"https://tronclass.com.tw/public-manual/TronclassManual_App.pdf',",tronclass.com.tw,raw/ilearn.thu.edu.tw/course-roles/add.html,https://ilearn.thu.edu.tw/course-roles/add,absolute-url
https://support.tronclass.com',support.tronclass.com',raw/ilearn.thu.edu.tw/course-roles/add.html,https://ilearn.thu.edu.tw/course-roles/add,absolute-url
https://ilearn.thu.edu.tw/market,ilearn.thu.edu.tw,raw/ilearn.thu.edu.tw/course-roles/add.html,https://ilearn.thu.edu.tw/course-roles/add,absolute-url
"https://ilearn.thu.edu.tw/chatbot/chatbot.umd.js',",ilearn.thu.edu.tw,raw/ilearn.thu.edu.tw/course-roles/add.html,https://ilearn.thu.edu.tw/course-roles/add,absolute-url
https://www.youtube.com/iframe_api,www.youtube.com,raw/ilearn.thu.edu.tw/course-roles/add.html,https://ilearn.thu.edu.tw/course-roles/add,absolute-url
https://ilearn.thu.edu.tw/video-editor',ilearn.thu.edu.tw,raw/ilearn.thu.edu.tw/course-roles/add.html,https://ilearn.thu.edu.tw/course-roles/add,absolute-url
https://get.adobe.com/flashplayer/,get.adobe.com,raw/ilearn.thu.edu.tw/course-roles/add.html,https://ilearn.thu.edu.tw/course-roles/add,absolute-url
https://ilearn.thu.edu.tw/,ilearn.thu.edu.tw,raw/ilearn.thu.edu.tw/course-summary-wrapper.html,https://ilearn.thu.edu.tw/course-summary-wrapper,absolute-url
https://www.googletagmanager.com/gtag/js,www.googletagmanager.com,raw/ilearn.thu.edu.tw/course-summary-wrapper.html,https://ilearn.thu.edu.tw/course-summary-wrapper,absolute-url
https://github.com/OWASP/CheatSheetSeries/blob/master/cheatsheets/Clickjacking_Defense_Cheat_Sheet.md#best-for-now-legacy-browser-frame-breaking-script--,github.com,raw/ilearn.thu.edu.tw/course-summary-wrapper.html,https://ilearn.thu.edu.tw/course-summary-wrapper,absolute-url
https://bam.nr-data.net,bam.nr-data.net,raw/ilearn.thu.edu.tw/course-summary-wrapper.html,https://ilearn.thu.edu.tw/course-summary-wrapper,absolute-url
https://www.google-analytics.com,www.google-analytics.com,raw/ilearn.thu.edu.tw/course-summary-wrapper.html,https://ilearn.thu.edu.tw/course-summary-wrapper,absolute-url
"https://tronclass.com.tw/public-manual/TronclassManual_System_Admin.pdf',",tronclass.com.tw,raw/ilearn.thu.edu.tw/course-summary-wrapper.html,https://ilearn.thu.edu.tw/course-summary-wrapper,absolute-url
"https://tronclass.com.tw/public-manual/TronclassManual_Administrator.pdf',",tronclass.com.tw,raw/ilearn.thu.edu.tw/course-summary-wrapper.html,https://ilearn.thu.edu.tw/course-summary-wrapper,absolute-url
"https://tronclass.com.tw/public-manual/manual-teacher.html',",tronclass.com.tw,raw/ilearn.thu.edu.tw/course-summary-wrapper.html,https://ilearn.thu.edu.tw/course-summary-wrapper,absolute-url
"https://tronclass.com.tw/public-manual/TronclassManual_Student.pdf',",tronclass.com.tw,raw/ilearn.thu.edu.tw/course-summary-wrapper.html,https://ilearn.thu.edu.tw/course-summary-wrapper,absolute-url
"https://tronclass.com.tw/public-manual/TronclassManual_App.pdf',",tronclass.com.tw,raw/ilearn.thu.edu.tw/course-summary-wrapper.html,https://ilearn.thu.edu.tw/course-summary-wrapper,absolute-url
https://support.tronclass.com',support.tronclass.com',raw/ilearn.thu.edu.tw/course-summary-wrapper.html,https://ilearn.thu.edu.tw/course-summary-wrapper,absolute-url
https://ilearn.thu.edu.tw/market,ilearn.thu.edu.tw,raw/ilearn.thu.edu.tw/course-summary-wrapper.html,https://ilearn.thu.edu.tw/course-summary-wrapper,absolute-url
"https://ilearn.thu.edu.tw/chatbot/chatbot.umd.js',",ilearn.thu.edu.tw,raw/ilearn.thu.edu.tw/course-summary-wrapper.html,https://ilearn.thu.edu.tw/course-summary-wrapper,absolute-url
https://www.youtube.com/iframe_api,www.youtube.com,raw/ilearn.thu.edu.tw/course-summary-wrapper.html,https://ilearn.thu.edu.tw/course-summary-wrapper,absolute-url
https://ilearn.thu.edu.tw/video-editor',ilearn.thu.edu.tw,raw/ilearn.thu.edu.tw/course-summary-wrapper.html,https://ilearn.thu.edu.tw/course-summary-wrapper,absolute-url
https://get.adobe.com/flashplayer/,get.adobe.com,raw/ilearn.thu.edu.tw/course-summary-wrapper.html,https://ilearn.thu.edu.tw/course-summary-wrapper,absolute-url
https://ilearn.thu.edu.tw/,ilearn.thu.edu.tw,raw/ilearn.thu.edu.tw/course-themes.html,https://ilearn.thu.edu.tw/course-themes,absolute-url
https://www.googletagmanager.com/gtag/js,www.googletagmanager.com,raw/ilearn.thu.edu.tw/course-themes.html,https://ilearn.thu.edu.tw/course-themes,absolute-url
https://github.com/OWASP/CheatSheetSeries/blob/master/cheatsheets/Clickjacking_Defense_Cheat_Sheet.md#best-for-now-legacy-browser-frame-breaking-script--,github.com,raw/ilearn.thu.edu.tw/course-themes.html,https://ilearn.thu.edu.tw/course-themes,absolute-url
https://bam.nr-data.net,bam.nr-data.net,raw/ilearn.thu.edu.tw/course-themes.html,https://ilearn.thu.edu.tw/course-themes,absolute-url
https://www.google-analytics.com,www.google-analytics.com,raw/ilearn.thu.edu.tw/course-themes.html,https://ilearn.thu.edu.tw/course-themes,absolute-url
"https://tronclass.com.tw/public-manual/TronclassManual_System_Admin.pdf',",tronclass.com.tw,raw/ilearn.thu.edu.tw/course-themes.html,https://ilearn.thu.edu.tw/course-themes,absolute-url
"https://tronclass.com.tw/public-manual/TronclassManual_Administrator.pdf',",tronclass.com.tw,raw/ilearn.thu.edu.tw/course-themes.html,https://ilearn.thu.edu.tw/course-themes,absolute-url
"https://tronclass.com.tw/public-manual/manual-teacher.html',",tronclass.com.tw,raw/ilearn.thu.edu.tw/course-themes.html,https://ilearn.thu.edu.tw/course-themes,absolute-url
"https://tronclass.com.tw/public-manual/TronclassManual_Student.pdf',",tronclass.com.tw,raw/ilearn.thu.edu.tw/course-themes.html,https://ilearn.thu.edu.tw/course-themes,absolute-url
"https://tronclass.com.tw/public-manual/TronclassManual_App.pdf',",tronclass.com.tw,raw/ilearn.thu.edu.tw/course-themes.html,https://ilearn.thu.edu.tw/course-themes,absolute-url
https://support.tronclass.com',support.tronclass.com',raw/ilearn.thu.edu.tw/course-themes.html,https://ilearn.thu.edu.tw/course-themes,absolute-url
https://ilearn.thu.edu.tw/market,ilearn.thu.edu.tw,raw/ilearn.thu.edu.tw/course-themes.html,https://ilearn.thu.edu.tw/course-themes,absolute-url
"https://ilearn.thu.edu.tw/chatbot/chatbot.umd.js',",ilearn.thu.edu.tw,raw/ilearn.thu.edu.tw/course-themes.html,https://ilearn.thu.edu.tw/course-themes,absolute-url
https://www.youtube.com/iframe_api,www.youtube.com,raw/ilearn.thu.edu.tw/course-themes.html,https://ilearn.thu.edu.tw/course-themes,absolute-url
https://ilearn.thu.edu.tw/video-editor',ilearn.thu.edu.tw,raw/ilearn.thu.edu.tw/course-themes.html,https://ilearn.thu.edu.tw/course-themes,absolute-url
https://get.adobe.com/flashplayer/,get.adobe.com,raw/ilearn.thu.edu.tw/course-themes.html,https://ilearn.thu.edu.tw/course-themes,absolute-url
https://ilearn.thu.edu.tw/,ilearn.thu.edu.tw,raw/ilearn.thu.edu.tw/course/index.html,https://ilearn.thu.edu.tw/course/,absolute-url
https://www.googletagmanager.com/gtag/js,www.googletagmanager.com,raw/ilearn.thu.edu.tw/course/index.html,https://ilearn.thu.edu.tw/course/,absolute-url
https://github.com/OWASP/CheatSheetSeries/blob/master/cheatsheets/Clickjacking_Defense_Cheat_Sheet.md#best-for-now-legacy-browser-frame-breaking-script--,github.com,raw/ilearn.thu.edu.tw/course/index.html,https://ilearn.thu.edu.tw/course/,absolute-url
https://bam.nr-data.net,bam.nr-data.net,raw/ilearn.thu.edu.tw/course/index.html,https://ilearn.thu.edu.tw/course/,absolute-url
https://www.google-analytics.com,www.google-analytics.com,raw/ilearn.thu.edu.tw/course/index.html,https://ilearn.thu.edu.tw/course/,absolute-url
"https://tronclass.com.tw/public-manual/TronclassManual_System_Admin.pdf',",tronclass.com.tw,raw/ilearn.thu.edu.tw/course/index.html,https://ilearn.thu.edu.tw/course/,absolute-url
"https://tronclass.com.tw/public-manual/TronclassManual_Administrator.pdf',",tronclass.com.tw,raw/ilearn.thu.edu.tw/course/index.html,https://ilearn.thu.edu.tw/course/,absolute-url
"https://tronclass.com.tw/public-manual/manual-teacher.html',",tronclass.com.tw,raw/ilearn.thu.edu.tw/course/index.html,https://ilearn.thu.edu.tw/course/,absolute-url
"https://tronclass.com.tw/public-manual/TronclassManual_Student.pdf',",tronclass.com.tw,raw/ilearn.thu.edu.tw/course/index.html,https://ilearn.thu.edu.tw/course/,absolute-url
"https://tronclass.com.tw/public-manual/TronclassManual_App.pdf',",tronclass.com.tw,raw/ilearn.thu.edu.tw/course/index.html,https://ilearn.thu.edu.tw/course/,absolute-url
https://support.tronclass.com',support.tronclass.com',raw/ilearn.thu.edu.tw/course/index.html,https://ilearn.thu.edu.tw/course/,absolute-url
https://ilearn.thu.edu.tw/market,ilearn.thu.edu.tw,raw/ilearn.thu.edu.tw/course/index.html,https://ilearn.thu.edu.tw/course/,absolute-url
"https://ilearn.thu.edu.tw/chatbot/chatbot.umd.js',",ilearn.thu.edu.tw,raw/ilearn.thu.edu.tw/course/index.html,https://ilearn.thu.edu.tw/course/,absolute-url
https://www.youtube.com/iframe_api,www.youtube.com,raw/ilearn.thu.edu.tw/course/index.html,https://ilearn.thu.edu.tw/course/,absolute-url
https://ilearn.thu.edu.tw/video-editor',ilearn.thu.edu.tw,raw/ilearn.thu.edu.tw/course/index.html,https://ilearn.thu.edu.tw/course/,absolute-url
https://get.adobe.com/flashplayer/,get.adobe.com,raw/ilearn.thu.edu.tw/course/index.html,https://ilearn.thu.edu.tw/course/,absolute-url
https://ilearn.thu.edu.tw/,ilearn.thu.edu.tw,raw/ilearn.thu.edu.tw/course/162381/content.html,https://ilearn.thu.edu.tw/course/162381/content,absolute-url
https://www.googletagmanager.com/gtag/js,www.googletagmanager.com,raw/ilearn.thu.edu.tw/course/162381/content.html,https://ilearn.thu.edu.tw/course/162381/content,absolute-url
https://github.com/OWASP/CheatSheetSeries/blob/master/cheatsheets/Clickjacking_Defense_Cheat_Sheet.md#best-for-now-legacy-browser-frame-breaking-script--,github.com,raw/ilearn.thu.edu.tw/course/162381/content.html,https://ilearn.thu.edu.tw/course/162381/content,absolute-url
https://bam.nr-data.net,bam.nr-data.net,raw/ilearn.thu.edu.tw/course/162381/content.html,https://ilearn.thu.edu.tw/course/162381/content,absolute-url
https://www.google-analytics.com,www.google-analytics.com,raw/ilearn.thu.edu.tw/course/162381/content.html,https://ilearn.thu.edu.tw/course/162381/content,absolute-url
"https://tronclass.com.tw/public-manual/TronclassManual_System_Admin.pdf',",tronclass.com.tw,raw/ilearn.thu.edu.tw/course/162381/content.html,https://ilearn.thu.edu.tw/course/162381/content,absolute-url
"https://tronclass.com.tw/public-manual/TronclassManual_Administrator.pdf',",tronclass.com.tw,raw/ilearn.thu.edu.tw/course/162381/content.html,https://ilearn.thu.edu.tw/course/162381/content,absolute-url
"https://tronclass.com.tw/public-manual/manual-teacher.html',",tronclass.com.tw,raw/ilearn.thu.edu.tw/course/162381/content.html,https://ilearn.thu.edu.tw/course/162381/content,absolute-url
"https://tronclass.com.tw/public-manual/TronclassManual_Student.pdf',",tronclass.com.tw,raw/ilearn.thu.edu.tw/course/162381/content.html,https://ilearn.thu.edu.tw/course/162381/content,absolute-url
"https://tronclass.com.tw/public-manual/TronclassManual_App.pdf',",tronclass.com.tw,raw/ilearn.thu.edu.tw/course/162381/content.html,https://ilearn.thu.edu.tw/course/162381/content,absolute-url
https://support.tronclass.com',support.tronclass.com',raw/ilearn.thu.edu.tw/course/162381/content.html,https://ilearn.thu.edu.tw/course/162381/content,absolute-url
https://ilearn.thu.edu.tw/market,ilearn.thu.edu.tw,raw/ilearn.thu.edu.tw/course/162381/content.html,https://ilearn.thu.edu.tw/course/162381/content,absolute-url
"https://ilearn.thu.edu.tw/chatbot/chatbot.umd.js',",ilearn.thu.edu.tw,raw/ilearn.thu.edu.tw/course/162381/content.html,https://ilearn.thu.edu.tw/course/162381/content,absolute-url
https://ilearn.thu.edu.tw/video-editor',ilearn.thu.edu.tw,raw/ilearn.thu.edu.tw/course/162381/content.html,https://ilearn.thu.edu.tw/course/162381/content,absolute-url
https://get.adobe.com/flashplayer/,get.adobe.com,raw/ilearn.thu.edu.tw/course/162381/content.html,https://ilearn.thu.edu.tw/course/162381/content,absolute-url
https://www.youtube.com/iframe_api,www.youtube.com,raw/ilearn.thu.edu.tw/course/162381/content.html,https://ilearn.thu.edu.tw/course/162381/content,absolute-url
https://ilearn.thu.edu.tw/,ilearn.thu.edu.tw,raw/ilearn.thu.edu.tw/course/164205/content.html,https://ilearn.thu.edu.tw/course/164205/content,absolute-url
https://www.googletagmanager.com/gtag/js,www.googletagmanager.com,raw/ilearn.thu.edu.tw/course/164205/content.html,https://ilearn.thu.edu.tw/course/164205/content,absolute-url
https://github.com/OWASP/CheatSheetSeries/blob/master/cheatsheets/Clickjacking_Defense_Cheat_Sheet.md#best-for-now-legacy-browser-frame-breaking-script--,github.com,raw/ilearn.thu.edu.tw/course/164205/content.html,https://ilearn.thu.edu.tw/course/164205/content,absolute-url
https://bam.nr-data.net,bam.nr-data.net,raw/ilearn.thu.edu.tw/course/164205/content.html,https://ilearn.thu.edu.tw/course/164205/content,absolute-url
https://www.google-analytics.com,www.google-analytics.com,raw/ilearn.thu.edu.tw/course/164205/content.html,https://ilearn.thu.edu.tw/course/164205/content,absolute-url
"https://tronclass.com.tw/public-manual/TronclassManual_System_Admin.pdf',",tronclass.com.tw,raw/ilearn.thu.edu.tw/course/164205/content.html,https://ilearn.thu.edu.tw/course/164205/content,absolute-url
"https://tronclass.com.tw/public-manual/TronclassManual_Administrator.pdf',",tronclass.com.tw,raw/ilearn.thu.edu.tw/course/164205/content.html,https://ilearn.thu.edu.tw/course/164205/content,absolute-url
"https://tronclass.com.tw/public-manual/manual-teacher.html',",tronclass.com.tw,raw/ilearn.thu.edu.tw/course/164205/content.html,https://ilearn.thu.edu.tw/course/164205/content,absolute-url
"https://tronclass.com.tw/public-manual/TronclassManual_Student.pdf',",tronclass.com.tw,raw/ilearn.thu.edu.tw/course/164205/content.html,https://ilearn.thu.edu.tw/course/164205/content,absolute-url
"https://tronclass.com.tw/public-manual/TronclassManual_App.pdf',",tronclass.com.tw,raw/ilearn.thu.edu.tw/course/164205/content.html,https://ilearn.thu.edu.tw/course/164205/content,absolute-url
https://support.tronclass.com',support.tronclass.com',raw/ilearn.thu.edu.tw/course/164205/content.html,https://ilearn.thu.edu.tw/course/164205/content,absolute-url
https://ilearn.thu.edu.tw/market,ilearn.thu.edu.tw,raw/ilearn.thu.edu.tw/course/164205/content.html,https://ilearn.thu.edu.tw/course/164205/content,absolute-url
"https://ilearn.thu.edu.tw/chatbot/chatbot.umd.js',",ilearn.thu.edu.tw,raw/ilearn.thu.edu.tw/course/164205/content.html,https://ilearn.thu.edu.tw/course/164205/content,absolute-url
https://ilearn.thu.edu.tw/video-editor',ilearn.thu.edu.tw,raw/ilearn.thu.edu.tw/course/164205/content.html,https://ilearn.thu.edu.tw/course/164205/content,absolute-url
https://get.adobe.com/flashplayer/,get.adobe.com,raw/ilearn.thu.edu.tw/course/164205/content.html,https://ilearn.thu.edu.tw/course/164205/content,absolute-url
https://www.youtube.com/iframe_api,www.youtube.com,raw/ilearn.thu.edu.tw/course/164205/content.html,https://ilearn.thu.edu.tw/course/164205/content,absolute-url
https://ilearn.thu.edu.tw/,ilearn.thu.edu.tw,raw/ilearn.thu.edu.tw/course/165573/content.html,https://ilearn.thu.edu.tw/course/165573/content,absolute-url
https://www.googletagmanager.com/gtag/js,www.googletagmanager.com,raw/ilearn.thu.edu.tw/course/165573/content.html,https://ilearn.thu.edu.tw/course/165573/content,absolute-url
https://github.com/OWASP/CheatSheetSeries/blob/master/cheatsheets/Clickjacking_Defense_Cheat_Sheet.md#best-for-now-legacy-browser-frame-breaking-script--,github.com,raw/ilearn.thu.edu.tw/course/165573/content.html,https://ilearn.thu.edu.tw/course/165573/content,absolute-url
https://bam.nr-data.net,bam.nr-data.net,raw/ilearn.thu.edu.tw/course/165573/content.html,https://ilearn.thu.edu.tw/course/165573/content,absolute-url
https://www.google-analytics.com,www.google-analytics.com,raw/ilearn.thu.edu.tw/course/165573/content.html,https://ilearn.thu.edu.tw/course/165573/content,absolute-url
"https://tronclass.com.tw/public-manual/TronclassManual_System_Admin.pdf',",tronclass.com.tw,raw/ilearn.thu.edu.tw/course/165573/content.html,https://ilearn.thu.edu.tw/course/165573/content,absolute-url
"https://tronclass.com.tw/public-manual/TronclassManual_Administrator.pdf',",tronclass.com.tw,raw/ilearn.thu.edu.tw/course/165573/content.html,https://ilearn.thu.edu.tw/course/165573/content,absolute-url
"https://tronclass.com.tw/public-manual/manual-teacher.html',",tronclass.com.tw,raw/ilearn.thu.edu.tw/course/165573/content.html,https://ilearn.thu.edu.tw/course/165573/content,absolute-url
"https://tronclass.com.tw/public-manual/TronclassManual_Student.pdf',",tronclass.com.tw,raw/ilearn.thu.edu.tw/course/165573/content.html,https://ilearn.thu.edu.tw/course/165573/content,absolute-url
"https://tronclass.com.tw/public-manual/TronclassManual_App.pdf',",tronclass.com.tw,raw/ilearn.thu.edu.tw/course/165573/content.html,https://ilearn.thu.edu.tw/course/165573/content,absolute-url
https://support.tronclass.com',support.tronclass.com',raw/ilearn.thu.edu.tw/course/165573/content.html,https://ilearn.thu.edu.tw/course/165573/content,absolute-url
https://ilearn.thu.edu.tw/market,ilearn.thu.edu.tw,raw/ilearn.thu.edu.tw/course/165573/content.html,https://ilearn.thu.edu.tw/course/165573/content,absolute-url
"https://ilearn.thu.edu.tw/chatbot/chatbot.umd.js',",ilearn.thu.edu.tw,raw/ilearn.thu.edu.tw/course/165573/content.html,https://ilearn.thu.edu.tw/course/165573/content,absolute-url
https://ilearn.thu.edu.tw/video-editor',ilearn.thu.edu.tw,raw/ilearn.thu.edu.tw/course/165573/content.html,https://ilearn.thu.edu.tw/course/165573/content,absolute-url
https://get.adobe.com/flashplayer/,get.adobe.com,raw/ilearn.thu.edu.tw/course/165573/content.html,https://ilearn.thu.edu.tw/course/165573/content,absolute-url
https://www.youtube.com/iframe_api,www.youtube.com,raw/ilearn.thu.edu.tw/course/165573/content.html,https://ilearn.thu.edu.tw/course/165573/content,absolute-url
https://ilearn.thu.edu.tw/,ilearn.thu.edu.tw,raw/ilearn.thu.edu.tw/course/166026/content.html,https://ilearn.thu.edu.tw/course/166026/content,absolute-url
https://www.googletagmanager.com/gtag/js,www.googletagmanager.com,raw/ilearn.thu.edu.tw/course/166026/content.html,https://ilearn.thu.edu.tw/course/166026/content,absolute-url
https://github.com/OWASP/CheatSheetSeries/blob/master/cheatsheets/Clickjacking_Defense_Cheat_Sheet.md#best-for-now-legacy-browser-frame-breaking-script--,github.com,raw/ilearn.thu.edu.tw/course/166026/content.html,https://ilearn.thu.edu.tw/course/166026/content,absolute-url
https://bam.nr-data.net,bam.nr-data.net,raw/ilearn.thu.edu.tw/course/166026/content.html,https://ilearn.thu.edu.tw/course/166026/content,absolute-url
https://www.google-analytics.com,www.google-analytics.com,raw/ilearn.thu.edu.tw/course/166026/content.html,https://ilearn.thu.edu.tw/course/166026/content,absolute-url
"https://tronclass.com.tw/public-manual/TronclassManual_System_Admin.pdf',",tronclass.com.tw,raw/ilearn.thu.edu.tw/course/166026/content.html,https://ilearn.thu.edu.tw/course/166026/content,absolute-url
"https://tronclass.com.tw/public-manual/TronclassManual_Administrator.pdf',",tronclass.com.tw,raw/ilearn.thu.edu.tw/course/166026/content.html,https://ilearn.thu.edu.tw/course/166026/content,absolute-url
"https://tronclass.com.tw/public-manual/manual-teacher.html',",tronclass.com.tw,raw/ilearn.thu.edu.tw/course/166026/content.html,https://ilearn.thu.edu.tw/course/166026/content,absolute-url
"https://tronclass.com.tw/public-manual/TronclassManual_Student.pdf',",tronclass.com.tw,raw/ilearn.thu.edu.tw/course/166026/content.html,https://ilearn.thu.edu.tw/course/166026/content,absolute-url
"https://tronclass.com.tw/public-manual/TronclassManual_App.pdf',",tronclass.com.tw,raw/ilearn.thu.edu.tw/course/166026/content.html,https://ilearn.thu.edu.tw/course/166026/content,absolute-url
https://support.tronclass.com',support.tronclass.com',raw/ilearn.thu.edu.tw/course/166026/content.html,https://ilearn.thu.edu.tw/course/166026/content,absolute-url
https://ilearn.thu.edu.tw/market,ilearn.thu.edu.tw,raw/ilearn.thu.edu.tw/course/166026/content.html,https://ilearn.thu.edu.tw/course/166026/content,absolute-url
"https://ilearn.thu.edu.tw/chatbot/chatbot.umd.js',",ilearn.thu.edu.tw,raw/ilearn.thu.edu.tw/course/166026/content.html,https://ilearn.thu.edu.tw/course/166026/content,absolute-url
https://ilearn.thu.edu.tw/video-editor',ilearn.thu.edu.tw,raw/ilearn.thu.edu.tw/course/166026/content.html,https://ilearn.thu.edu.tw/course/166026/content,absolute-url
https://get.adobe.com/flashplayer/,get.adobe.com,raw/ilearn.thu.edu.tw/course/166026/content.html,https://ilearn.thu.edu.tw/course/166026/content,absolute-url
https://www.youtube.com/iframe_api,www.youtube.com,raw/ilearn.thu.edu.tw/course/166026/content.html,https://ilearn.thu.edu.tw/course/166026/content,absolute-url
https://ilearn.thu.edu.tw/,ilearn.thu.edu.tw,raw/ilearn.thu.edu.tw/course/166800/content.html,https://ilearn.thu.edu.tw/course/166800/content,absolute-url
https://www.googletagmanager.com/gtag/js,www.googletagmanager.com,raw/ilearn.thu.edu.tw/course/166800/content.html,https://ilearn.thu.edu.tw/course/166800/content,absolute-url
https://github.com/OWASP/CheatSheetSeries/blob/master/cheatsheets/Clickjacking_Defense_Cheat_Sheet.md#best-for-now-legacy-browser-frame-breaking-script--,github.com,raw/ilearn.thu.edu.tw/course/166800/content.html,https://ilearn.thu.edu.tw/course/166800/content,absolute-url
https://bam.nr-data.net,bam.nr-data.net,raw/ilearn.thu.edu.tw/course/166800/content.html,https://ilearn.thu.edu.tw/course/166800/content,absolute-url
https://www.google-analytics.com,www.google-analytics.com,raw/ilearn.thu.edu.tw/course/166800/content.html,https://ilearn.thu.edu.tw/course/166800/content,absolute-url
"https://tronclass.com.tw/public-manual/TronclassManual_System_Admin.pdf',",tronclass.com.tw,raw/ilearn.thu.edu.tw/course/166800/content.html,https://ilearn.thu.edu.tw/course/166800/content,absolute-url
"https://tronclass.com.tw/public-manual/TronclassManual_Administrator.pdf',",tronclass.com.tw,raw/ilearn.thu.edu.tw/course/166800/content.html,https://ilearn.thu.edu.tw/course/166800/content,absolute-url
"https://tronclass.com.tw/public-manual/manual-teacher.html',",tronclass.com.tw,raw/ilearn.thu.edu.tw/course/166800/content.html,https://ilearn.thu.edu.tw/course/166800/content,absolute-url
"https://tronclass.com.tw/public-manual/TronclassManual_Student.pdf',",tronclass.com.tw,raw/ilearn.thu.edu.tw/course/166800/content.html,https://ilearn.thu.edu.tw/course/166800/content,absolute-url
"https://tronclass.com.tw/public-manual/TronclassManual_App.pdf',",tronclass.com.tw,raw/ilearn.thu.edu.tw/course/166800/content.html,https://ilearn.thu.edu.tw/course/166800/content,absolute-url
https://support.tronclass.com',support.tronclass.com',raw/ilearn.thu.edu.tw/course/166800/content.html,https://ilearn.thu.edu.tw/course/166800/content,absolute-url
https://ilearn.thu.edu.tw/market,ilearn.thu.edu.tw,raw/ilearn.thu.edu.tw/course/166800/content.html,https://ilearn.thu.edu.tw/course/166800/content,absolute-url
"https://ilearn.thu.edu.tw/chatbot/chatbot.umd.js',",ilearn.thu.edu.tw,raw/ilearn.thu.edu.tw/course/166800/content.html,https://ilearn.thu.edu.tw/course/166800/content,absolute-url
https://ilearn.thu.edu.tw/video-editor',ilearn.thu.edu.tw,raw/ilearn.thu.edu.tw/course/166800/content.html,https://ilearn.thu.edu.tw/course/166800/content,absolute-url
https://get.adobe.com/flashplayer/,get.adobe.com,raw/ilearn.thu.edu.tw/course/166800/content.html,https://ilearn.thu.edu.tw/course/166800/content,absolute-url
https://www.youtube.com/iframe_api,www.youtube.com,raw/ilearn.thu.edu.tw/course/166800/content.html,https://ilearn.thu.edu.tw/course/166800/content,absolute-url
https://ilearn.thu.edu.tw/,ilearn.thu.edu.tw,raw/ilearn.thu.edu.tw/course/169476/content.html,https://ilearn.thu.edu.tw/course/169476/content,absolute-url
https://www.googletagmanager.com/gtag/js,www.googletagmanager.com,raw/ilearn.thu.edu.tw/course/169476/content.html,https://ilearn.thu.edu.tw/course/169476/content,absolute-url
https://github.com/OWASP/CheatSheetSeries/blob/master/cheatsheets/Clickjacking_Defense_Cheat_Sheet.md#best-for-now-legacy-browser-frame-breaking-script--,github.com,raw/ilearn.thu.edu.tw/course/169476/content.html,https://ilearn.thu.edu.tw/course/169476/content,absolute-url
https://bam.nr-data.net,bam.nr-data.net,raw/ilearn.thu.edu.tw/course/169476/content.html,https://ilearn.thu.edu.tw/course/169476/content,absolute-url
https://www.google-analytics.com,www.google-analytics.com,raw/ilearn.thu.edu.tw/course/169476/content.html,https://ilearn.thu.edu.tw/course/169476/content,absolute-url
"https://tronclass.com.tw/public-manual/TronclassManual_System_Admin.pdf',",tronclass.com.tw,raw/ilearn.thu.edu.tw/course/169476/content.html,https://ilearn.thu.edu.tw/course/169476/content,absolute-url
"https://tronclass.com.tw/public-manual/TronclassManual_Administrator.pdf',",tronclass.com.tw,raw/ilearn.thu.edu.tw/course/169476/content.html,https://ilearn.thu.edu.tw/course/169476/content,absolute-url
"https://tronclass.com.tw/public-manual/manual-teacher.html',",tronclass.com.tw,raw/ilearn.thu.edu.tw/course/169476/content.html,https://ilearn.thu.edu.tw/course/169476/content,absolute-url
"https://tronclass.com.tw/public-manual/TronclassManual_Student.pdf',",tronclass.com.tw,raw/ilearn.thu.edu.tw/course/169476/content.html,https://ilearn.thu.edu.tw/course/169476/content,absolute-url
"https://tronclass.com.tw/public-manual/TronclassManual_App.pdf',",tronclass.com.tw,raw/ilearn.thu.edu.tw/course/169476/content.html,https://ilearn.thu.edu.tw/course/169476/content,absolute-url
https://support.tronclass.com',support.tronclass.com',raw/ilearn.thu.edu.tw/course/169476/content.html,https://ilearn.thu.edu.tw/course/169476/content,absolute-url
https://ilearn.thu.edu.tw/market,ilearn.thu.edu.tw,raw/ilearn.thu.edu.tw/course/169476/content.html,https://ilearn.thu.edu.tw/course/169476/content,absolute-url
"https://ilearn.thu.edu.tw/chatbot/chatbot.umd.js',",ilearn.thu.edu.tw,raw/ilearn.thu.edu.tw/course/169476/content.html,https://ilearn.thu.edu.tw/course/169476/content,absolute-url
https://ilearn.thu.edu.tw/video-editor',ilearn.thu.edu.tw,raw/ilearn.thu.edu.tw/course/169476/content.html,https://ilearn.thu.edu.tw/course/169476/content,absolute-url
https://get.adobe.com/flashplayer/,get.adobe.com,raw/ilearn.thu.edu.tw/course/169476/content.html,https://ilearn.thu.edu.tw/course/169476/content,absolute-url
https://www.youtube.com/iframe_api,www.youtube.com,raw/ilearn.thu.edu.tw/course/169476/content.html,https://ilearn.thu.edu.tw/course/169476/content,absolute-url
https://ilearn.thu.edu.tw/,ilearn.thu.edu.tw,raw/ilearn.thu.edu.tw/course/add__q_515421e58e.html,https://ilearn.thu.edu.tw/course/add?course_type=13,absolute-url
https://www.googletagmanager.com/gtag/js,www.googletagmanager.com,raw/ilearn.thu.edu.tw/course/add__q_515421e58e.html,https://ilearn.thu.edu.tw/course/add?course_type=13,absolute-url
https://github.com/OWASP/CheatSheetSeries/blob/master/cheatsheets/Clickjacking_Defense_Cheat_Sheet.md#best-for-now-legacy-browser-frame-breaking-script--,github.com,raw/ilearn.thu.edu.tw/course/add__q_515421e58e.html,https://ilearn.thu.edu.tw/course/add?course_type=13,absolute-url
https://bam.nr-data.net,bam.nr-data.net,raw/ilearn.thu.edu.tw/course/add__q_515421e58e.html,https://ilearn.thu.edu.tw/course/add?course_type=13,absolute-url
https://www.google-analytics.com,www.google-analytics.com,raw/ilearn.thu.edu.tw/course/add__q_515421e58e.html,https://ilearn.thu.edu.tw/course/add?course_type=13,absolute-url
"https://tronclass.com.tw/public-manual/TronclassManual_System_Admin.pdf',",tronclass.com.tw,raw/ilearn.thu.edu.tw/course/add__q_515421e58e.html,https://ilearn.thu.edu.tw/course/add?course_type=13,absolute-url
"https://tronclass.com.tw/public-manual/TronclassManual_Administrator.pdf',",tronclass.com.tw,raw/ilearn.thu.edu.tw/course/add__q_515421e58e.html,https://ilearn.thu.edu.tw/course/add?course_type=13,absolute-url
"https://tronclass.com.tw/public-manual/manual-teacher.html',",tronclass.com.tw,raw/ilearn.thu.edu.tw/course/add__q_515421e58e.html,https://ilearn.thu.edu.tw/course/add?course_type=13,absolute-url
"https://tronclass.com.tw/public-manual/TronclassManual_Student.pdf',",tronclass.com.tw,raw/ilearn.thu.edu.tw/course/add__q_515421e58e.html,https://ilearn.thu.edu.tw/course/add?course_type=13,absolute-url
"https://tronclass.com.tw/public-manual/TronclassManual_App.pdf',",tronclass.com.tw,raw/ilearn.thu.edu.tw/course/add__q_515421e58e.html,https://ilearn.thu.edu.tw/course/add?course_type=13,absolute-url
https://support.tronclass.com',support.tronclass.com',raw/ilearn.thu.edu.tw/course/add__q_515421e58e.html,https://ilearn.thu.edu.tw/course/add?course_type=13,absolute-url
https://ilearn.thu.edu.tw/market,ilearn.thu.edu.tw,raw/ilearn.thu.edu.tw/course/add__q_515421e58e.html,https://ilearn.thu.edu.tw/course/add?course_type=13,absolute-url
"https://ilearn.thu.edu.tw/chatbot/chatbot.umd.js',",ilearn.thu.edu.tw,raw/ilearn.thu.edu.tw/course/add__q_515421e58e.html,https://ilearn.thu.edu.tw/course/add?course_type=13,absolute-url
https://www.youtube.com/iframe_api,www.youtube.com,raw/ilearn.thu.edu.tw/course/add__q_515421e58e.html,https://ilearn.thu.edu.tw/course/add?course_type=13,absolute-url
https://ilearn.thu.edu.tw/video-editor',ilearn.thu.edu.tw,raw/ilearn.thu.edu.tw/course/add__q_515421e58e.html,https://ilearn.thu.edu.tw/course/add?course_type=13,absolute-url
https://get.adobe.com/flashplayer/,get.adobe.com,raw/ilearn.thu.edu.tw/course/add__q_515421e58e.html,https://ilearn.thu.edu.tw/course/add?course_type=13,absolute-url
https://ilearn.thu.edu.tw/,ilearn.thu.edu.tw,raw/ilearn.thu.edu.tw/course/avatarSmallUrl.html,https://ilearn.thu.edu.tw/course/avatarSmallUrl,absolute-url
https://www.googletagmanager.com/gtag/js,www.googletagmanager.com,raw/ilearn.thu.edu.tw/course/avatarSmallUrl.html,https://ilearn.thu.edu.tw/course/avatarSmallUrl,absolute-url
https://github.com/OWASP/CheatSheetSeries/blob/master/cheatsheets/Clickjacking_Defense_Cheat_Sheet.md#best-for-now-legacy-browser-frame-breaking-script--,github.com,raw/ilearn.thu.edu.tw/course/avatarSmallUrl.html,https://ilearn.thu.edu.tw/course/avatarSmallUrl,absolute-url
https://bam.nr-data.net,bam.nr-data.net,raw/ilearn.thu.edu.tw/course/avatarSmallUrl.html,https://ilearn.thu.edu.tw/course/avatarSmallUrl,absolute-url
https://www.google-analytics.com,www.google-analytics.com,raw/ilearn.thu.edu.tw/course/avatarSmallUrl.html,https://ilearn.thu.edu.tw/course/avatarSmallUrl,absolute-url
"https://tronclass.com.tw/public-manual/TronclassManual_System_Admin.pdf',",tronclass.com.tw,raw/ilearn.thu.edu.tw/course/avatarSmallUrl.html,https://ilearn.thu.edu.tw/course/avatarSmallUrl,absolute-url
"https://tronclass.com.tw/public-manual/TronclassManual_Administrator.pdf',",tronclass.com.tw,raw/ilearn.thu.edu.tw/course/avatarSmallUrl.html,https://ilearn.thu.edu.tw/course/avatarSmallUrl,absolute-url
"https://tronclass.com.tw/public-manual/manual-teacher.html',",tronclass.com.tw,raw/ilearn.thu.edu.tw/course/avatarSmallUrl.html,https://ilearn.thu.edu.tw/course/avatarSmallUrl,absolute-url
"https://tronclass.com.tw/public-manual/TronclassManual_Student.pdf',",tronclass.com.tw,raw/ilearn.thu.edu.tw/course/avatarSmallUrl.html,https://ilearn.thu.edu.tw/course/avatarSmallUrl,absolute-url
"https://tronclass.com.tw/public-manual/TronclassManual_App.pdf',",tronclass.com.tw,raw/ilearn.thu.edu.tw/course/avatarSmallUrl.html,https://ilearn.thu.edu.tw/course/avatarSmallUrl,absolute-url
https://support.tronclass.com',support.tronclass.com',raw/ilearn.thu.edu.tw/course/avatarSmallUrl.html,https://ilearn.thu.edu.tw/course/avatarSmallUrl,absolute-url
https://ilearn.thu.edu.tw/market,ilearn.thu.edu.tw,raw/ilearn.thu.edu.tw/course/avatarSmallUrl.html,https://ilearn.thu.edu.tw/course/avatarSmallUrl,absolute-url
"https://ilearn.thu.edu.tw/chatbot/chatbot.umd.js',",ilearn.thu.edu.tw,raw/ilearn.thu.edu.tw/course/avatarSmallUrl.html,https://ilearn.thu.edu.tw/course/avatarSmallUrl,absolute-url
https://www.youtube.com/iframe_api,www.youtube.com,raw/ilearn.thu.edu.tw/course/avatarSmallUrl.html,https://ilearn.thu.edu.tw/course/avatarSmallUrl,absolute-url
https://ilearn.thu.edu.tw/video-editor',ilearn.thu.edu.tw,raw/ilearn.thu.edu.tw/course/avatarSmallUrl.html,https://ilearn.thu.edu.tw/course/avatarSmallUrl,absolute-url
https://get.adobe.com/flashplayer/,get.adobe.com,raw/ilearn.thu.edu.tw/course/avatarSmallUrl.html,https://ilearn.thu.edu.tw/course/avatarSmallUrl,absolute-url
https://ilearn.thu.edu.tw/,ilearn.thu.edu.tw,raw/ilearn.thu.edu.tw/course/capture_url.html,https://ilearn.thu.edu.tw/course/capture_url,absolute-url
https://www.googletagmanager.com/gtag/js,www.googletagmanager.com,raw/ilearn.thu.edu.tw/course/capture_url.html,https://ilearn.thu.edu.tw/course/capture_url,absolute-url
https://github.com/OWASP/CheatSheetSeries/blob/master/cheatsheets/Clickjacking_Defense_Cheat_Sheet.md#best-for-now-legacy-browser-frame-breaking-script--,github.com,raw/ilearn.thu.edu.tw/course/capture_url.html,https://ilearn.thu.edu.tw/course/capture_url,absolute-url
https://bam.nr-data.net,bam.nr-data.net,raw/ilearn.thu.edu.tw/course/capture_url.html,https://ilearn.thu.edu.tw/course/capture_url,absolute-url
https://www.google-analytics.com,www.google-analytics.com,raw/ilearn.thu.edu.tw/course/capture_url.html,https://ilearn.thu.edu.tw/course/capture_url,absolute-url
"https://tronclass.com.tw/public-manual/TronclassManual_System_Admin.pdf',",tronclass.com.tw,raw/ilearn.thu.edu.tw/course/capture_url.html,https://ilearn.thu.edu.tw/course/capture_url,absolute-url
"https://tronclass.com.tw/public-manual/TronclassManual_Administrator.pdf',",tronclass.com.tw,raw/ilearn.thu.edu.tw/course/capture_url.html,https://ilearn.thu.edu.tw/course/capture_url,absolute-url
"https://tronclass.com.tw/public-manual/manual-teacher.html',",tronclass.com.tw,raw/ilearn.thu.edu.tw/course/capture_url.html,https://ilearn.thu.edu.tw/course/capture_url,absolute-url
"https://tronclass.com.tw/public-manual/TronclassManual_Student.pdf',",tronclass.com.tw,raw/ilearn.thu.edu.tw/course/capture_url.html,https://ilearn.thu.edu.tw/course/capture_url,absolute-url
"https://tronclass.com.tw/public-manual/TronclassManual_App.pdf',",tronclass.com.tw,raw/ilearn.thu.edu.tw/course/capture_url.html,https://ilearn.thu.edu.tw/course/capture_url,absolute-url
https://support.tronclass.com',support.tronclass.com',raw/ilearn.thu.edu.tw/course/capture_url.html,https://ilearn.thu.edu.tw/course/capture_url,absolute-url
https://ilearn.thu.edu.tw/market,ilearn.thu.edu.tw,raw/ilearn.thu.edu.tw/course/capture_url.html,https://ilearn.thu.edu.tw/course/capture_url,absolute-url
"https://ilearn.thu.edu.tw/chatbot/chatbot.umd.js',",ilearn.thu.edu.tw,raw/ilearn.thu.edu.tw/course/capture_url.html,https://ilearn.thu.edu.tw/course/capture_url,absolute-url
https://www.youtube.com/iframe_api,www.youtube.com,raw/ilearn.thu.edu.tw/course/capture_url.html,https://ilearn.thu.edu.tw/course/capture_url,absolute-url
https://ilearn.thu.edu.tw/video-editor',ilearn.thu.edu.tw,raw/ilearn.thu.edu.tw/course/capture_url.html,https://ilearn.thu.edu.tw/course/capture_url,absolute-url
https://get.adobe.com/flashplayer/,get.adobe.com,raw/ilearn.thu.edu.tw/course/capture_url.html,https://ilearn.thu.edu.tw/course/capture_url,absolute-url
https://ilearn.thu.edu.tw/,ilearn.thu.edu.tw,raw/ilearn.thu.edu.tw/course/classroom-exam/index.html,https://ilearn.thu.edu.tw/course/classroom-exam/,absolute-url
https://www.googletagmanager.com/gtag/js,www.googletagmanager.com,raw/ilearn.thu.edu.tw/course/classroom-exam/index.html,https://ilearn.thu.edu.tw/course/classroom-exam/,absolute-url
https://github.com/OWASP/CheatSheetSeries/blob/master/cheatsheets/Clickjacking_Defense_Cheat_Sheet.md#best-for-now-legacy-browser-frame-breaking-script--,github.com,raw/ilearn.thu.edu.tw/course/classroom-exam/index.html,https://ilearn.thu.edu.tw/course/classroom-exam/,absolute-url
https://bam.nr-data.net,bam.nr-data.net,raw/ilearn.thu.edu.tw/course/classroom-exam/index.html,https://ilearn.thu.edu.tw/course/classroom-exam/,absolute-url
https://www.google-analytics.com,www.google-analytics.com,raw/ilearn.thu.edu.tw/course/classroom-exam/index.html,https://ilearn.thu.edu.tw/course/classroom-exam/,absolute-url
"https://tronclass.com.tw/public-manual/TronclassManual_System_Admin.pdf',",tronclass.com.tw,raw/ilearn.thu.edu.tw/course/classroom-exam/index.html,https://ilearn.thu.edu.tw/course/classroom-exam/,absolute-url
"https://tronclass.com.tw/public-manual/TronclassManual_Administrator.pdf',",tronclass.com.tw,raw/ilearn.thu.edu.tw/course/classroom-exam/index.html,https://ilearn.thu.edu.tw/course/classroom-exam/,absolute-url
"https://tronclass.com.tw/public-manual/manual-teacher.html',",tronclass.com.tw,raw/ilearn.thu.edu.tw/course/classroom-exam/index.html,https://ilearn.thu.edu.tw/course/classroom-exam/,absolute-url
"https://tronclass.com.tw/public-manual/TronclassManual_Student.pdf',",tronclass.com.tw,raw/ilearn.thu.edu.tw/course/classroom-exam/index.html,https://ilearn.thu.edu.tw/course/classroom-exam/,absolute-url
"https://tronclass.com.tw/public-manual/TronclassManual_App.pdf',",tronclass.com.tw,raw/ilearn.thu.edu.tw/course/classroom-exam/index.html,https://ilearn.thu.edu.tw/course/classroom-exam/,absolute-url
https://support.tronclass.com',support.tronclass.com',raw/ilearn.thu.edu.tw/course/classroom-exam/index.html,https://ilearn.thu.edu.tw/course/classroom-exam/,absolute-url
https://ilearn.thu.edu.tw/market,ilearn.thu.edu.tw,raw/ilearn.thu.edu.tw/course/classroom-exam/index.html,https://ilearn.thu.edu.tw/course/classroom-exam/,absolute-url
"https://ilearn.thu.edu.tw/chatbot/chatbot.umd.js',",ilearn.thu.edu.tw,raw/ilearn.thu.edu.tw/course/classroom-exam/index.html,https://ilearn.thu.edu.tw/course/classroom-exam/,absolute-url
https://www.youtube.com/iframe_api,www.youtube.com,raw/ilearn.thu.edu.tw/course/classroom-exam/index.html,https://ilearn.thu.edu.tw/course/classroom-exam/,absolute-url
https://ilearn.thu.edu.tw/video-editor',ilearn.thu.edu.tw,raw/ilearn.thu.edu.tw/course/classroom-exam/index.html,https://ilearn.thu.edu.tw/course/classroom-exam/,absolute-url
https://get.adobe.com/flashplayer/,get.adobe.com,raw/ilearn.thu.edu.tw/course/classroom-exam/index.html,https://ilearn.thu.edu.tw/course/classroom-exam/,absolute-url
https://ilearn.thu.edu.tw/,ilearn.thu.edu.tw,raw/ilearn.thu.edu.tw/course/classroom-exam/avatarSmallUrl.html,https://ilearn.thu.edu.tw/course/classroom-exam/avatarSmallUrl,absolute-url
https://www.googletagmanager.com/gtag/js,www.googletagmanager.com,raw/ilearn.thu.edu.tw/course/classroom-exam/avatarSmallUrl.html,https://ilearn.thu.edu.tw/course/classroom-exam/avatarSmallUrl,absolute-url
https://github.com/OWASP/CheatSheetSeries/blob/master/cheatsheets/Clickjacking_Defense_Cheat_Sheet.md#best-for-now-legacy-browser-frame-breaking-script--,github.com,raw/ilearn.thu.edu.tw/course/classroom-exam/avatarSmallUrl.html,https://ilearn.thu.edu.tw/course/classroom-exam/avatarSmallUrl,absolute-url
https://bam.nr-data.net,bam.nr-data.net,raw/ilearn.thu.edu.tw/course/classroom-exam/avatarSmallUrl.html,https://ilearn.thu.edu.tw/course/classroom-exam/avatarSmallUrl,absolute-url
https://www.google-analytics.com,www.google-analytics.com,raw/ilearn.thu.edu.tw/course/classroom-exam/avatarSmallUrl.html,https://ilearn.thu.edu.tw/course/classroom-exam/avatarSmallUrl,absolute-url
"https://tronclass.com.tw/public-manual/TronclassManual_System_Admin.pdf',",tronclass.com.tw,raw/ilearn.thu.edu.tw/course/classroom-exam/avatarSmallUrl.html,https://ilearn.thu.edu.tw/course/classroom-exam/avatarSmallUrl,absolute-url
"https://tronclass.com.tw/public-manual/TronclassManual_Administrator.pdf',",tronclass.com.tw,raw/ilearn.thu.edu.tw/course/classroom-exam/avatarSmallUrl.html,https://ilearn.thu.edu.tw/course/classroom-exam/avatarSmallUrl,absolute-url
"https://tronclass.com.tw/public-manual/manual-teacher.html',",tronclass.com.tw,raw/ilearn.thu.edu.tw/course/classroom-exam/avatarSmallUrl.html,https://ilearn.thu.edu.tw/course/classroom-exam/avatarSmallUrl,absolute-url
"https://tronclass.com.tw/public-manual/TronclassManual_Student.pdf',",tronclass.com.tw,raw/ilearn.thu.edu.tw/course/classroom-exam/avatarSmallUrl.html,https://ilearn.thu.edu.tw/course/classroom-exam/avatarSmallUrl,absolute-url
"https://tronclass.com.tw/public-manual/TronclassManual_App.pdf',",tronclass.com.tw,raw/ilearn.thu.edu.tw/course/classroom-exam/avatarSmallUrl.html,https://ilearn.thu.edu.tw/course/classroom-exam/avatarSmallUrl,absolute-url
https://support.tronclass.com',support.tronclass.com',raw/ilearn.thu.edu.tw/course/classroom-exam/avatarSmallUrl.html,https://ilearn.thu.edu.tw/course/classroom-exam/avatarSmallUrl,absolute-url
https://ilearn.thu.edu.tw/market,ilearn.thu.edu.tw,raw/ilearn.thu.edu.tw/course/classroom-exam/avatarSmallUrl.html,https://ilearn.thu.edu.tw/course/classroom-exam/avatarSmallUrl,absolute-url
"https://ilearn.thu.edu.tw/chatbot/chatbot.umd.js',",ilearn.thu.edu.tw,raw/ilearn.thu.edu.tw/course/classroom-exam/avatarSmallUrl.html,https://ilearn.thu.edu.tw/course/classroom-exam/avatarSmallUrl,absolute-url
https://www.youtube.com/iframe_api,www.youtube.com,raw/ilearn.thu.edu.tw/course/classroom-exam/avatarSmallUrl.html,https://ilearn.thu.edu.tw/course/classroom-exam/avatarSmallUrl,absolute-url
https://ilearn.thu.edu.tw/video-editor',ilearn.thu.edu.tw,raw/ilearn.thu.edu.tw/course/classroom-exam/avatarSmallUrl.html,https://ilearn.thu.edu.tw/course/classroom-exam/avatarSmallUrl,absolute-url
https://get.adobe.com/flashplayer/,get.adobe.com,raw/ilearn.thu.edu.tw/course/classroom-exam/avatarSmallUrl.html,https://ilearn.thu.edu.tw/course/classroom-exam/avatarSmallUrl,absolute-url
https://ilearn.thu.edu.tw/,ilearn.thu.edu.tw,raw/ilearn.thu.edu.tw/course/classroom-exam/capture_url.html,https://ilearn.thu.edu.tw/course/classroom-exam/capture_url,absolute-url
https://www.googletagmanager.com/gtag/js,www.googletagmanager.com,raw/ilearn.thu.edu.tw/course/classroom-exam/capture_url.html,https://ilearn.thu.edu.tw/course/classroom-exam/capture_url,absolute-url
https://github.com/OWASP/CheatSheetSeries/blob/master/cheatsheets/Clickjacking_Defense_Cheat_Sheet.md#best-for-now-legacy-browser-frame-breaking-script--,github.com,raw/ilearn.thu.edu.tw/course/classroom-exam/capture_url.html,https://ilearn.thu.edu.tw/course/classroom-exam/capture_url,absolute-url
https://bam.nr-data.net,bam.nr-data.net,raw/ilearn.thu.edu.tw/course/classroom-exam/capture_url.html,https://ilearn.thu.edu.tw/course/classroom-exam/capture_url,absolute-url
https://www.google-analytics.com,www.google-analytics.com,raw/ilearn.thu.edu.tw/course/classroom-exam/capture_url.html,https://ilearn.thu.edu.tw/course/classroom-exam/capture_url,absolute-url
"https://tronclass.com.tw/public-manual/TronclassManual_System_Admin.pdf',",tronclass.com.tw,raw/ilearn.thu.edu.tw/course/classroom-exam/capture_url.html,https://ilearn.thu.edu.tw/course/classroom-exam/capture_url,absolute-url
"https://tronclass.com.tw/public-manual/TronclassManual_Administrator.pdf',",tronclass.com.tw,raw/ilearn.thu.edu.tw/course/classroom-exam/capture_url.html,https://ilearn.thu.edu.tw/course/classroom-exam/capture_url,absolute-url
"https://tronclass.com.tw/public-manual/manual-teacher.html',",tronclass.com.tw,raw/ilearn.thu.edu.tw/course/classroom-exam/capture_url.html,https://ilearn.thu.edu.tw/course/classroom-exam/capture_url,absolute-url
"https://tronclass.com.tw/public-manual/TronclassManual_Student.pdf',",tronclass.com.tw,raw/ilearn.thu.edu.tw/course/classroom-exam/capture_url.html,https://ilearn.thu.edu.tw/course/classroom-exam/capture_url,absolute-url
"https://tronclass.com.tw/public-manual/TronclassManual_App.pdf',",tronclass.com.tw,raw/ilearn.thu.edu.tw/course/classroom-exam/capture_url.html,https://ilearn.thu.edu.tw/course/classroom-exam/capture_url,absolute-url
https://support.tronclass.com',support.tronclass.com',raw/ilearn.thu.edu.tw/course/classroom-exam/capture_url.html,https://ilearn.thu.edu.tw/course/classroom-exam/capture_url,absolute-url
https://ilearn.thu.edu.tw/market,ilearn.thu.edu.tw,raw/ilearn.thu.edu.tw/course/classroom-exam/capture_url.html,https://ilearn.thu.edu.tw/course/classroom-exam/capture_url,absolute-url
"https://ilearn.thu.edu.tw/chatbot/chatbot.umd.js',",ilearn.thu.edu.tw,raw/ilearn.thu.edu.tw/course/classroom-exam/capture_url.html,https://ilearn.thu.edu.tw/course/classroom-exam/capture_url,absolute-url
https://www.youtube.com/iframe_api,www.youtube.com,raw/ilearn.thu.edu.tw/course/classroom-exam/capture_url.html,https://ilearn.thu.edu.tw/course/classroom-exam/capture_url,absolute-url
https://ilearn.thu.edu.tw/video-editor',ilearn.thu.edu.tw,raw/ilearn.thu.edu.tw/course/classroom-exam/capture_url.html,https://ilearn.thu.edu.tw/course/classroom-exam/capture_url,absolute-url
https://get.adobe.com/flashplayer/,get.adobe.com,raw/ilearn.thu.edu.tw/course/classroom-exam/capture_url.html,https://ilearn.thu.edu.tw/course/classroom-exam/capture_url,absolute-url
https://ilearn.thu.edu.tw/,ilearn.thu.edu.tw,raw/ilearn.thu.edu.tw/course/classroom-exam/lesson_resource_url.html,https://ilearn.thu.edu.tw/course/classroom-exam/lesson_resource_url,absolute-url
https://www.googletagmanager.com/gtag/js,www.googletagmanager.com,raw/ilearn.thu.edu.tw/course/classroom-exam/lesson_resource_url.html,https://ilearn.thu.edu.tw/course/classroom-exam/lesson_resource_url,absolute-url
https://github.com/OWASP/CheatSheetSeries/blob/master/cheatsheets/Clickjacking_Defense_Cheat_Sheet.md#best-for-now-legacy-browser-frame-breaking-script--,github.com,raw/ilearn.thu.edu.tw/course/classroom-exam/lesson_resource_url.html,https://ilearn.thu.edu.tw/course/classroom-exam/lesson_resource_url,absolute-url
https://bam.nr-data.net,bam.nr-data.net,raw/ilearn.thu.edu.tw/course/classroom-exam/lesson_resource_url.html,https://ilearn.thu.edu.tw/course/classroom-exam/lesson_resource_url,absolute-url
https://www.google-analytics.com,www.google-analytics.com,raw/ilearn.thu.edu.tw/course/classroom-exam/lesson_resource_url.html,https://ilearn.thu.edu.tw/course/classroom-exam/lesson_resource_url,absolute-url
"https://tronclass.com.tw/public-manual/TronclassManual_System_Admin.pdf',",tronclass.com.tw,raw/ilearn.thu.edu.tw/course/classroom-exam/lesson_resource_url.html,https://ilearn.thu.edu.tw/course/classroom-exam/lesson_resource_url,absolute-url
"https://tronclass.com.tw/public-manual/TronclassManual_Administrator.pdf',",tronclass.com.tw,raw/ilearn.thu.edu.tw/course/classroom-exam/lesson_resource_url.html,https://ilearn.thu.edu.tw/course/classroom-exam/lesson_resource_url,absolute-url
"https://tronclass.com.tw/public-manual/manual-teacher.html',",tronclass.com.tw,raw/ilearn.thu.edu.tw/course/classroom-exam/lesson_resource_url.html,https://ilearn.thu.edu.tw/course/classroom-exam/lesson_resource_url,absolute-url
"https://tronclass.com.tw/public-manual/TronclassManual_Student.pdf',",tronclass.com.tw,raw/ilearn.thu.edu.tw/course/classroom-exam/lesson_resource_url.html,https://ilearn.thu.edu.tw/course/classroom-exam/lesson_resource_url,absolute-url
"https://tronclass.com.tw/public-manual/TronclassManual_App.pdf',",tronclass.com.tw,raw/ilearn.thu.edu.tw/course/classroom-exam/lesson_resource_url.html,https://ilearn.thu.edu.tw/course/classroom-exam/lesson_resource_url,absolute-url
https://support.tronclass.com',support.tronclass.com',raw/ilearn.thu.edu.tw/course/classroom-exam/lesson_resource_url.html,https://ilearn.thu.edu.tw/course/classroom-exam/lesson_resource_url,absolute-url
https://ilearn.thu.edu.tw/market,ilearn.thu.edu.tw,raw/ilearn.thu.edu.tw/course/classroom-exam/lesson_resource_url.html,https://ilearn.thu.edu.tw/course/classroom-exam/lesson_resource_url,absolute-url
"https://ilearn.thu.edu.tw/chatbot/chatbot.umd.js',",ilearn.thu.edu.tw,raw/ilearn.thu.edu.tw/course/classroom-exam/lesson_resource_url.html,https://ilearn.thu.edu.tw/course/classroom-exam/lesson_resource_url,absolute-url
https://www.youtube.com/iframe_api,www.youtube.com,raw/ilearn.thu.edu.tw/course/classroom-exam/lesson_resource_url.html,https://ilearn.thu.edu.tw/course/classroom-exam/lesson_resource_url,absolute-url
https://ilearn.thu.edu.tw/video-editor',ilearn.thu.edu.tw,raw/ilearn.thu.edu.tw/course/classroom-exam/lesson_resource_url.html,https://ilearn.thu.edu.tw/course/classroom-exam/lesson_resource_url,absolute-url
https://get.adobe.com/flashplayer/,get.adobe.com,raw/ilearn.thu.edu.tw/course/classroom-exam/lesson_resource_url.html,https://ilearn.thu.edu.tw/course/classroom-exam/lesson_resource_url,absolute-url
https://ilearn.thu.edu.tw/,ilearn.thu.edu.tw,raw/ilearn.thu.edu.tw/course/classroom-exam/manualUrl.html,https://ilearn.thu.edu.tw/course/classroom-exam/manualUrl,absolute-url
https://www.googletagmanager.com/gtag/js,www.googletagmanager.com,raw/ilearn.thu.edu.tw/course/classroom-exam/manualUrl.html,https://ilearn.thu.edu.tw/course/classroom-exam/manualUrl,absolute-url
https://github.com/OWASP/CheatSheetSeries/blob/master/cheatsheets/Clickjacking_Defense_Cheat_Sheet.md#best-for-now-legacy-browser-frame-breaking-script--,github.com,raw/ilearn.thu.edu.tw/course/classroom-exam/manualUrl.html,https://ilearn.thu.edu.tw/course/classroom-exam/manualUrl,absolute-url
https://bam.nr-data.net,bam.nr-data.net,raw/ilearn.thu.edu.tw/course/classroom-exam/manualUrl.html,https://ilearn.thu.edu.tw/course/classroom-exam/manualUrl,absolute-url
https://www.google-analytics.com,www.google-analytics.com,raw/ilearn.thu.edu.tw/course/classroom-exam/manualUrl.html,https://ilearn.thu.edu.tw/course/classroom-exam/manualUrl,absolute-url
"https://tronclass.com.tw/public-manual/TronclassManual_System_Admin.pdf',",tronclass.com.tw,raw/ilearn.thu.edu.tw/course/classroom-exam/manualUrl.html,https://ilearn.thu.edu.tw/course/classroom-exam/manualUrl,absolute-url
"https://tronclass.com.tw/public-manual/TronclassManual_Administrator.pdf',",tronclass.com.tw,raw/ilearn.thu.edu.tw/course/classroom-exam/manualUrl.html,https://ilearn.thu.edu.tw/course/classroom-exam/manualUrl,absolute-url
"https://tronclass.com.tw/public-manual/manual-teacher.html',",tronclass.com.tw,raw/ilearn.thu.edu.tw/course/classroom-exam/manualUrl.html,https://ilearn.thu.edu.tw/course/classroom-exam/manualUrl,absolute-url
"https://tronclass.com.tw/public-manual/TronclassManual_Student.pdf',",tronclass.com.tw,raw/ilearn.thu.edu.tw/course/classroom-exam/manualUrl.html,https://ilearn.thu.edu.tw/course/classroom-exam/manualUrl,absolute-url
"https://tronclass.com.tw/public-manual/TronclassManual_App.pdf',",tronclass.com.tw,raw/ilearn.thu.edu.tw/course/classroom-exam/manualUrl.html,https://ilearn.thu.edu.tw/course/classroom-exam/manualUrl,absolute-url
https://support.tronclass.com',support.tronclass.com',raw/ilearn.thu.edu.tw/course/classroom-exam/manualUrl.html,https://ilearn.thu.edu.tw/course/classroom-exam/manualUrl,absolute-url
https://ilearn.thu.edu.tw/market,ilearn.thu.edu.tw,raw/ilearn.thu.edu.tw/course/classroom-exam/manualUrl.html,https://ilearn.thu.edu.tw/course/classroom-exam/manualUrl,absolute-url
"https://ilearn.thu.edu.tw/chatbot/chatbot.umd.js',",ilearn.thu.edu.tw,raw/ilearn.thu.edu.tw/course/classroom-exam/manualUrl.html,https://ilearn.thu.edu.tw/course/classroom-exam/manualUrl,absolute-url
https://www.youtube.com/iframe_api,www.youtube.com,raw/ilearn.thu.edu.tw/course/classroom-exam/manualUrl.html,https://ilearn.thu.edu.tw/course/classroom-exam/manualUrl,absolute-url
https://ilearn.thu.edu.tw/video-editor',ilearn.thu.edu.tw,raw/ilearn.thu.edu.tw/course/classroom-exam/manualUrl.html,https://ilearn.thu.edu.tw/course/classroom-exam/manualUrl,absolute-url
https://get.adobe.com/flashplayer/,get.adobe.com,raw/ilearn.thu.edu.tw/course/classroom-exam/manualUrl.html,https://ilearn.thu.edu.tw/course/classroom-exam/manualUrl,absolute-url
https://ilearn.thu.edu.tw/,ilearn.thu.edu.tw,raw/ilearn.thu.edu.tw/course/classroom-subjects-import-help__q_351366dd3a.html,https://ilearn.thu.edu.tw/course/classroom-subjects-import-help?mode=word,absolute-url
https://www.googletagmanager.com/gtag/js,www.googletagmanager.com,raw/ilearn.thu.edu.tw/course/classroom-subjects-import-help__q_351366dd3a.html,https://ilearn.thu.edu.tw/course/classroom-subjects-import-help?mode=word,absolute-url
https://github.com/OWASP/CheatSheetSeries/blob/master/cheatsheets/Clickjacking_Defense_Cheat_Sheet.md#best-for-now-legacy-browser-frame-breaking-script--,github.com,raw/ilearn.thu.edu.tw/course/classroom-subjects-import-help__q_351366dd3a.html,https://ilearn.thu.edu.tw/course/classroom-subjects-import-help?mode=word,absolute-url
https://bam.nr-data.net,bam.nr-data.net,raw/ilearn.thu.edu.tw/course/classroom-subjects-import-help__q_351366dd3a.html,https://ilearn.thu.edu.tw/course/classroom-subjects-import-help?mode=word,absolute-url
https://www.google-analytics.com,www.google-analytics.com,raw/ilearn.thu.edu.tw/course/classroom-subjects-import-help__q_351366dd3a.html,https://ilearn.thu.edu.tw/course/classroom-subjects-import-help?mode=word,absolute-url
"https://ilearn.thu.edu.tw/chatbot/chatbot.umd.js',",ilearn.thu.edu.tw,raw/ilearn.thu.edu.tw/course/classroom-subjects-import-help__q_351366dd3a.html,https://ilearn.thu.edu.tw/course/classroom-subjects-import-help?mode=word,absolute-url
https://www.youtube.com/iframe_api,www.youtube.com,raw/ilearn.thu.edu.tw/course/classroom-subjects-import-help__q_351366dd3a.html,https://ilearn.thu.edu.tw/course/classroom-subjects-import-help?mode=word,absolute-url
https://ilearn.thu.edu.tw/video-editor',ilearn.thu.edu.tw,raw/ilearn.thu.edu.tw/course/classroom-subjects-import-help__q_351366dd3a.html,https://ilearn.thu.edu.tw/course/classroom-subjects-import-help?mode=word,absolute-url
https://get.adobe.com/flashplayer/,get.adobe.com,raw/ilearn.thu.edu.tw/course/classroom-subjects-import-help__q_351366dd3a.html,https://ilearn.thu.edu.tw/course/classroom-subjects-import-help?mode=word,absolute-url
https://ilearn.thu.edu.tw/,ilearn.thu.edu.tw,raw/ilearn.thu.edu.tw/course/course_template/index.html,https://ilearn.thu.edu.tw/course/course_template/,absolute-url
https://www.googletagmanager.com/gtag/js,www.googletagmanager.com,raw/ilearn.thu.edu.tw/course/course_template/index.html,https://ilearn.thu.edu.tw/course/course_template/,absolute-url
https://github.com/OWASP/CheatSheetSeries/blob/master/cheatsheets/Clickjacking_Defense_Cheat_Sheet.md#best-for-now-legacy-browser-frame-breaking-script--,github.com,raw/ilearn.thu.edu.tw/course/course_template/index.html,https://ilearn.thu.edu.tw/course/course_template/,absolute-url
https://bam.nr-data.net,bam.nr-data.net,raw/ilearn.thu.edu.tw/course/course_template/index.html,https://ilearn.thu.edu.tw/course/course_template/,absolute-url
https://www.google-analytics.com,www.google-analytics.com,raw/ilearn.thu.edu.tw/course/course_template/index.html,https://ilearn.thu.edu.tw/course/course_template/,absolute-url
"https://tronclass.com.tw/public-manual/TronclassManual_System_Admin.pdf',",tronclass.com.tw,raw/ilearn.thu.edu.tw/course/course_template/index.html,https://ilearn.thu.edu.tw/course/course_template/,absolute-url
"https://tronclass.com.tw/public-manual/TronclassManual_Administrator.pdf',",tronclass.com.tw,raw/ilearn.thu.edu.tw/course/course_template/index.html,https://ilearn.thu.edu.tw/course/course_template/,absolute-url
"https://tronclass.com.tw/public-manual/manual-teacher.html',",tronclass.com.tw,raw/ilearn.thu.edu.tw/course/course_template/index.html,https://ilearn.thu.edu.tw/course/course_template/,absolute-url
"https://tronclass.com.tw/public-manual/TronclassManual_Student.pdf',",tronclass.com.tw,raw/ilearn.thu.edu.tw/course/course_template/index.html,https://ilearn.thu.edu.tw/course/course_template/,absolute-url
"https://tronclass.com.tw/public-manual/TronclassManual_App.pdf',",tronclass.com.tw,raw/ilearn.thu.edu.tw/course/course_template/index.html,https://ilearn.thu.edu.tw/course/course_template/,absolute-url
https://support.tronclass.com',support.tronclass.com',raw/ilearn.thu.edu.tw/course/course_template/index.html,https://ilearn.thu.edu.tw/course/course_template/,absolute-url
https://ilearn.thu.edu.tw/market,ilearn.thu.edu.tw,raw/ilearn.thu.edu.tw/course/course_template/index.html,https://ilearn.thu.edu.tw/course/course_template/,absolute-url
"https://ilearn.thu.edu.tw/chatbot/chatbot.umd.js',",ilearn.thu.edu.tw,raw/ilearn.thu.edu.tw/course/course_template/index.html,https://ilearn.thu.edu.tw/course/course_template/,absolute-url
https://www.youtube.com/iframe_api,www.youtube.com,raw/ilearn.thu.edu.tw/course/course_template/index.html,https://ilearn.thu.edu.tw/course/course_template/,absolute-url
https://ilearn.thu.edu.tw/video-editor',ilearn.thu.edu.tw,raw/ilearn.thu.edu.tw/course/course_template/index.html,https://ilearn.thu.edu.tw/course/course_template/,absolute-url
https://get.adobe.com/flashplayer/,get.adobe.com,raw/ilearn.thu.edu.tw/course/course_template/index.html,https://ilearn.thu.edu.tw/course/course_template/,absolute-url
https://ilearn.thu.edu.tw/,ilearn.thu.edu.tw,raw/ilearn.thu.edu.tw/course/course_template/0/preview.html,https://ilearn.thu.edu.tw/course/course_template/0/preview,absolute-url
https://www.googletagmanager.com/gtag/js,www.googletagmanager.com,raw/ilearn.thu.edu.tw/course/course_template/0/preview.html,https://ilearn.thu.edu.tw/course/course_template/0/preview,absolute-url
https://github.com/OWASP/CheatSheetSeries/blob/master/cheatsheets/Clickjacking_Defense_Cheat_Sheet.md#best-for-now-legacy-browser-frame-breaking-script--,github.com,raw/ilearn.thu.edu.tw/course/course_template/0/preview.html,https://ilearn.thu.edu.tw/course/course_template/0/preview,absolute-url
https://bam.nr-data.net,bam.nr-data.net,raw/ilearn.thu.edu.tw/course/course_template/0/preview.html,https://ilearn.thu.edu.tw/course/course_template/0/preview,absolute-url
https://www.google-analytics.com,www.google-analytics.com,raw/ilearn.thu.edu.tw/course/course_template/0/preview.html,https://ilearn.thu.edu.tw/course/course_template/0/preview,absolute-url
"https://ilearn.thu.edu.tw/chatbot/chatbot.umd.js',",ilearn.thu.edu.tw,raw/ilearn.thu.edu.tw/course/course_template/0/preview.html,https://ilearn.thu.edu.tw/course/course_template/0/preview,absolute-url
https://www.youtube.com/iframe_api,www.youtube.com,raw/ilearn.thu.edu.tw/course/course_template/0/preview.html,https://ilearn.thu.edu.tw/course/course_template/0/preview,absolute-url
https://ilearn.thu.edu.tw/video-editor',ilearn.thu.edu.tw,raw/ilearn.thu.edu.tw/course/course_template/0/preview.html,https://ilearn.thu.edu.tw/course/course_template/0/preview,absolute-url
https://get.adobe.com/flashplayer/,get.adobe.com,raw/ilearn.thu.edu.tw/course/course_template/0/preview.html,https://ilearn.thu.edu.tw/course/course_template/0/preview,absolute-url
https://ilearn.thu.edu.tw/,ilearn.thu.edu.tw,raw/ilearn.thu.edu.tw/course/exam-subjects-import-help__q_d5507f9e99.html,https://ilearn.thu.edu.tw/course/exam-subjects-import-help?mode=word&show_knowledge_node=,absolute-url
https://www.googletagmanager.com/gtag/js,www.googletagmanager.com,raw/ilearn.thu.edu.tw/course/exam-subjects-import-help__q_d5507f9e99.html,https://ilearn.thu.edu.tw/course/exam-subjects-import-help?mode=word&show_knowledge_node=,absolute-url
https://github.com/OWASP/CheatSheetSeries/blob/master/cheatsheets/Clickjacking_Defense_Cheat_Sheet.md#best-for-now-legacy-browser-frame-breaking-script--,github.com,raw/ilearn.thu.edu.tw/course/exam-subjects-import-help__q_d5507f9e99.html,https://ilearn.thu.edu.tw/course/exam-subjects-import-help?mode=word&show_knowledge_node=,absolute-url
https://bam.nr-data.net,bam.nr-data.net,raw/ilearn.thu.edu.tw/course/exam-subjects-import-help__q_d5507f9e99.html,https://ilearn.thu.edu.tw/course/exam-subjects-import-help?mode=word&show_knowledge_node=,absolute-url
https://www.google-analytics.com,www.google-analytics.com,raw/ilearn.thu.edu.tw/course/exam-subjects-import-help__q_d5507f9e99.html,https://ilearn.thu.edu.tw/course/exam-subjects-import-help?mode=word&show_knowledge_node=,absolute-url
"https://ilearn.thu.edu.tw/chatbot/chatbot.umd.js',",ilearn.thu.edu.tw,raw/ilearn.thu.edu.tw/course/exam-subjects-import-help__q_d5507f9e99.html,https://ilearn.thu.edu.tw/course/exam-subjects-import-help?mode=word&show_knowledge_node=,absolute-url
https://www.youtube.com/iframe_api,www.youtube.com,raw/ilearn.thu.edu.tw/course/exam-subjects-import-help__q_d5507f9e99.html,https://ilearn.thu.edu.tw/course/exam-subjects-import-help?mode=word&show_knowledge_node=,absolute-url
https://ilearn.thu.edu.tw/video-editor',ilearn.thu.edu.tw,raw/ilearn.thu.edu.tw/course/exam-subjects-import-help__q_d5507f9e99.html,https://ilearn.thu.edu.tw/course/exam-subjects-import-help?mode=word&show_knowledge_node=,absolute-url
https://get.adobe.com/flashplayer/,get.adobe.com,raw/ilearn.thu.edu.tw/course/exam-subjects-import-help__q_d5507f9e99.html,https://ilearn.thu.edu.tw/course/exam-subjects-import-help?mode=word&show_knowledge_node=,absolute-url
https://ilearn.thu.edu.tw/,ilearn.thu.edu.tw,raw/ilearn.thu.edu.tw/course/join/index.html,https://ilearn.thu.edu.tw/course/join/,absolute-url
https://www.googletagmanager.com/gtag/js,www.googletagmanager.com,raw/ilearn.thu.edu.tw/course/join/index.html,https://ilearn.thu.edu.tw/course/join/,absolute-url
https://github.com/OWASP/CheatSheetSeries/blob/master/cheatsheets/Clickjacking_Defense_Cheat_Sheet.md#best-for-now-legacy-browser-frame-breaking-script--,github.com,raw/ilearn.thu.edu.tw/course/join/index.html,https://ilearn.thu.edu.tw/course/join/,absolute-url
https://bam.nr-data.net,bam.nr-data.net,raw/ilearn.thu.edu.tw/course/join/index.html,https://ilearn.thu.edu.tw/course/join/,absolute-url
https://www.google-analytics.com,www.google-analytics.com,raw/ilearn.thu.edu.tw/course/join/index.html,https://ilearn.thu.edu.tw/course/join/,absolute-url
"https://tronclass.com.tw/public-manual/TronclassManual_System_Admin.pdf',",tronclass.com.tw,raw/ilearn.thu.edu.tw/course/join/index.html,https://ilearn.thu.edu.tw/course/join/,absolute-url
"https://tronclass.com.tw/public-manual/TronclassManual_Administrator.pdf',",tronclass.com.tw,raw/ilearn.thu.edu.tw/course/join/index.html,https://ilearn.thu.edu.tw/course/join/,absolute-url
"https://tronclass.com.tw/public-manual/manual-teacher.html',",tronclass.com.tw,raw/ilearn.thu.edu.tw/course/join/index.html,https://ilearn.thu.edu.tw/course/join/,absolute-url
"https://tronclass.com.tw/public-manual/TronclassManual_Student.pdf',",tronclass.com.tw,raw/ilearn.thu.edu.tw/course/join/index.html,https://ilearn.thu.edu.tw/course/join/,absolute-url
"https://tronclass.com.tw/public-manual/TronclassManual_App.pdf',",tronclass.com.tw,raw/ilearn.thu.edu.tw/course/join/index.html,https://ilearn.thu.edu.tw/course/join/,absolute-url
https://support.tronclass.com',support.tronclass.com',raw/ilearn.thu.edu.tw/course/join/index.html,https://ilearn.thu.edu.tw/course/join/,absolute-url
https://ilearn.thu.edu.tw/market,ilearn.thu.edu.tw,raw/ilearn.thu.edu.tw/course/join/index.html,https://ilearn.thu.edu.tw/course/join/,absolute-url
"https://ilearn.thu.edu.tw/chatbot/chatbot.umd.js',",ilearn.thu.edu.tw,raw/ilearn.thu.edu.tw/course/join/index.html,https://ilearn.thu.edu.tw/course/join/,absolute-url
https://www.youtube.com/iframe_api,www.youtube.com,raw/ilearn.thu.edu.tw/course/join/index.html,https://ilearn.thu.edu.tw/course/join/,absolute-url
https://ilearn.thu.edu.tw/video-editor',ilearn.thu.edu.tw,raw/ilearn.thu.edu.tw/course/join/index.html,https://ilearn.thu.edu.tw/course/join/,absolute-url
https://get.adobe.com/flashplayer/,get.adobe.com,raw/ilearn.thu.edu.tw/course/join/index.html,https://ilearn.thu.edu.tw/course/join/,absolute-url
https://ilearn.thu.edu.tw/,ilearn.thu.edu.tw,raw/ilearn.thu.edu.tw/course/join/avatarSmallUrl.html,https://ilearn.thu.edu.tw/course/join/avatarSmallUrl,absolute-url
https://www.googletagmanager.com/gtag/js,www.googletagmanager.com,raw/ilearn.thu.edu.tw/course/join/avatarSmallUrl.html,https://ilearn.thu.edu.tw/course/join/avatarSmallUrl,absolute-url
https://github.com/OWASP/CheatSheetSeries/blob/master/cheatsheets/Clickjacking_Defense_Cheat_Sheet.md#best-for-now-legacy-browser-frame-breaking-script--,github.com,raw/ilearn.thu.edu.tw/course/join/avatarSmallUrl.html,https://ilearn.thu.edu.tw/course/join/avatarSmallUrl,absolute-url
https://bam.nr-data.net,bam.nr-data.net,raw/ilearn.thu.edu.tw/course/join/avatarSmallUrl.html,https://ilearn.thu.edu.tw/course/join/avatarSmallUrl,absolute-url
https://www.google-analytics.com,www.google-analytics.com,raw/ilearn.thu.edu.tw/course/join/avatarSmallUrl.html,https://ilearn.thu.edu.tw/course/join/avatarSmallUrl,absolute-url
"https://tronclass.com.tw/public-manual/TronclassManual_System_Admin.pdf',",tronclass.com.tw,raw/ilearn.thu.edu.tw/course/join/avatarSmallUrl.html,https://ilearn.thu.edu.tw/course/join/avatarSmallUrl,absolute-url
"https://tronclass.com.tw/public-manual/TronclassManual_Administrator.pdf',",tronclass.com.tw,raw/ilearn.thu.edu.tw/course/join/avatarSmallUrl.html,https://ilearn.thu.edu.tw/course/join/avatarSmallUrl,absolute-url
"https://tronclass.com.tw/public-manual/manual-teacher.html',",tronclass.com.tw,raw/ilearn.thu.edu.tw/course/join/avatarSmallUrl.html,https://ilearn.thu.edu.tw/course/join/avatarSmallUrl,absolute-url
"https://tronclass.com.tw/public-manual/TronclassManual_Student.pdf',",tronclass.com.tw,raw/ilearn.thu.edu.tw/course/join/avatarSmallUrl.html,https://ilearn.thu.edu.tw/course/join/avatarSmallUrl,absolute-url
"https://tronclass.com.tw/public-manual/TronclassManual_App.pdf',",tronclass.com.tw,raw/ilearn.thu.edu.tw/course/join/avatarSmallUrl.html,https://ilearn.thu.edu.tw/course/join/avatarSmallUrl,absolute-url
https://support.tronclass.com',support.tronclass.com',raw/ilearn.thu.edu.tw/course/join/avatarSmallUrl.html,https://ilearn.thu.edu.tw/course/join/avatarSmallUrl,absolute-url
https://ilearn.thu.edu.tw/market,ilearn.thu.edu.tw,raw/ilearn.thu.edu.tw/course/join/avatarSmallUrl.html,https://ilearn.thu.edu.tw/course/join/avatarSmallUrl,absolute-url
"https://ilearn.thu.edu.tw/chatbot/chatbot.umd.js',",ilearn.thu.edu.tw,raw/ilearn.thu.edu.tw/course/join/avatarSmallUrl.html,https://ilearn.thu.edu.tw/course/join/avatarSmallUrl,absolute-url
https://www.youtube.com/iframe_api,www.youtube.com,raw/ilearn.thu.edu.tw/course/join/avatarSmallUrl.html,https://ilearn.thu.edu.tw/course/join/avatarSmallUrl,absolute-url
https://ilearn.thu.edu.tw/video-editor',ilearn.thu.edu.tw,raw/ilearn.thu.edu.tw/course/join/avatarSmallUrl.html,https://ilearn.thu.edu.tw/course/join/avatarSmallUrl,absolute-url
https://get.adobe.com/flashplayer/,get.adobe.com,raw/ilearn.thu.edu.tw/course/join/avatarSmallUrl.html,https://ilearn.thu.edu.tw/course/join/avatarSmallUrl,absolute-url
https://ilearn.thu.edu.tw/,ilearn.thu.edu.tw,raw/ilearn.thu.edu.tw/course/join/capture_url.html,https://ilearn.thu.edu.tw/course/join/capture_url,absolute-url
https://www.googletagmanager.com/gtag/js,www.googletagmanager.com,raw/ilearn.thu.edu.tw/course/join/capture_url.html,https://ilearn.thu.edu.tw/course/join/capture_url,absolute-url
https://github.com/OWASP/CheatSheetSeries/blob/master/cheatsheets/Clickjacking_Defense_Cheat_Sheet.md#best-for-now-legacy-browser-frame-breaking-script--,github.com,raw/ilearn.thu.edu.tw/course/join/capture_url.html,https://ilearn.thu.edu.tw/course/join/capture_url,absolute-url
https://bam.nr-data.net,bam.nr-data.net,raw/ilearn.thu.edu.tw/course/join/capture_url.html,https://ilearn.thu.edu.tw/course/join/capture_url,absolute-url
https://www.google-analytics.com,www.google-analytics.com,raw/ilearn.thu.edu.tw/course/join/capture_url.html,https://ilearn.thu.edu.tw/course/join/capture_url,absolute-url
"https://tronclass.com.tw/public-manual/TronclassManual_System_Admin.pdf',",tronclass.com.tw,raw/ilearn.thu.edu.tw/course/join/capture_url.html,https://ilearn.thu.edu.tw/course/join/capture_url,absolute-url
"https://tronclass.com.tw/public-manual/TronclassManual_Administrator.pdf',",tronclass.com.tw,raw/ilearn.thu.edu.tw/course/join/capture_url.html,https://ilearn.thu.edu.tw/course/join/capture_url,absolute-url
"https://tronclass.com.tw/public-manual/manual-teacher.html',",tronclass.com.tw,raw/ilearn.thu.edu.tw/course/join/capture_url.html,https://ilearn.thu.edu.tw/course/join/capture_url,absolute-url
"https://tronclass.com.tw/public-manual/TronclassManual_Student.pdf',",tronclass.com.tw,raw/ilearn.thu.edu.tw/course/join/capture_url.html,https://ilearn.thu.edu.tw/course/join/capture_url,absolute-url
"https://tronclass.com.tw/public-manual/TronclassManual_App.pdf',",tronclass.com.tw,raw/ilearn.thu.edu.tw/course/join/capture_url.html,https://ilearn.thu.edu.tw/course/join/capture_url,absolute-url
https://support.tronclass.com',support.tronclass.com',raw/ilearn.thu.edu.tw/course/join/capture_url.html,https://ilearn.thu.edu.tw/course/join/capture_url,absolute-url
https://ilearn.thu.edu.tw/market,ilearn.thu.edu.tw,raw/ilearn.thu.edu.tw/course/join/capture_url.html,https://ilearn.thu.edu.tw/course/join/capture_url,absolute-url
"https://ilearn.thu.edu.tw/chatbot/chatbot.umd.js',",ilearn.thu.edu.tw,raw/ilearn.thu.edu.tw/course/join/capture_url.html,https://ilearn.thu.edu.tw/course/join/capture_url,absolute-url
https://www.youtube.com/iframe_api,www.youtube.com,raw/ilearn.thu.edu.tw/course/join/capture_url.html,https://ilearn.thu.edu.tw/course/join/capture_url,absolute-url
https://ilearn.thu.edu.tw/video-editor',ilearn.thu.edu.tw,raw/ilearn.thu.edu.tw/course/join/capture_url.html,https://ilearn.thu.edu.tw/course/join/capture_url,absolute-url
https://get.adobe.com/flashplayer/,get.adobe.com,raw/ilearn.thu.edu.tw/course/join/capture_url.html,https://ilearn.thu.edu.tw/course/join/capture_url,absolute-url
https://ilearn.thu.edu.tw/,ilearn.thu.edu.tw,raw/ilearn.thu.edu.tw/course/join/lesson_resource_url.html,https://ilearn.thu.edu.tw/course/join/lesson_resource_url,absolute-url
https://www.googletagmanager.com/gtag/js,www.googletagmanager.com,raw/ilearn.thu.edu.tw/course/join/lesson_resource_url.html,https://ilearn.thu.edu.tw/course/join/lesson_resource_url,absolute-url
https://github.com/OWASP/CheatSheetSeries/blob/master/cheatsheets/Clickjacking_Defense_Cheat_Sheet.md#best-for-now-legacy-browser-frame-breaking-script--,github.com,raw/ilearn.thu.edu.tw/course/join/lesson_resource_url.html,https://ilearn.thu.edu.tw/course/join/lesson_resource_url,absolute-url
https://bam.nr-data.net,bam.nr-data.net,raw/ilearn.thu.edu.tw/course/join/lesson_resource_url.html,https://ilearn.thu.edu.tw/course/join/lesson_resource_url,absolute-url
https://www.google-analytics.com,www.google-analytics.com,raw/ilearn.thu.edu.tw/course/join/lesson_resource_url.html,https://ilearn.thu.edu.tw/course/join/lesson_resource_url,absolute-url
"https://tronclass.com.tw/public-manual/TronclassManual_System_Admin.pdf',",tronclass.com.tw,raw/ilearn.thu.edu.tw/course/join/lesson_resource_url.html,https://ilearn.thu.edu.tw/course/join/lesson_resource_url,absolute-url
"https://tronclass.com.tw/public-manual/TronclassManual_Administrator.pdf',",tronclass.com.tw,raw/ilearn.thu.edu.tw/course/join/lesson_resource_url.html,https://ilearn.thu.edu.tw/course/join/lesson_resource_url,absolute-url
"https://tronclass.com.tw/public-manual/manual-teacher.html',",tronclass.com.tw,raw/ilearn.thu.edu.tw/course/join/lesson_resource_url.html,https://ilearn.thu.edu.tw/course/join/lesson_resource_url,absolute-url
"https://tronclass.com.tw/public-manual/TronclassManual_Student.pdf',",tronclass.com.tw,raw/ilearn.thu.edu.tw/course/join/lesson_resource_url.html,https://ilearn.thu.edu.tw/course/join/lesson_resource_url,absolute-url
"https://tronclass.com.tw/public-manual/TronclassManual_App.pdf',",tronclass.com.tw,raw/ilearn.thu.edu.tw/course/join/lesson_resource_url.html,https://ilearn.thu.edu.tw/course/join/lesson_resource_url,absolute-url
https://support.tronclass.com',support.tronclass.com',raw/ilearn.thu.edu.tw/course/join/lesson_resource_url.html,https://ilearn.thu.edu.tw/course/join/lesson_resource_url,absolute-url
https://ilearn.thu.edu.tw/market,ilearn.thu.edu.tw,raw/ilearn.thu.edu.tw/course/join/lesson_resource_url.html,https://ilearn.thu.edu.tw/course/join/lesson_resource_url,absolute-url
"https://ilearn.thu.edu.tw/chatbot/chatbot.umd.js',",ilearn.thu.edu.tw,raw/ilearn.thu.edu.tw/course/join/lesson_resource_url.html,https://ilearn.thu.edu.tw/course/join/lesson_resource_url,absolute-url
https://www.youtube.com/iframe_api,www.youtube.com,raw/ilearn.thu.edu.tw/course/join/lesson_resource_url.html,https://ilearn.thu.edu.tw/course/join/lesson_resource_url,absolute-url
https://ilearn.thu.edu.tw/video-editor',ilearn.thu.edu.tw,raw/ilearn.thu.edu.tw/course/join/lesson_resource_url.html,https://ilearn.thu.edu.tw/course/join/lesson_resource_url,absolute-url
https://get.adobe.com/flashplayer/,get.adobe.com,raw/ilearn.thu.edu.tw/course/join/lesson_resource_url.html,https://ilearn.thu.edu.tw/course/join/lesson_resource_url,absolute-url
https://ilearn.thu.edu.tw/,ilearn.thu.edu.tw,raw/ilearn.thu.edu.tw/course/join/manualUrl.html,https://ilearn.thu.edu.tw/course/join/manualUrl,absolute-url
https://www.googletagmanager.com/gtag/js,www.googletagmanager.com,raw/ilearn.thu.edu.tw/course/join/manualUrl.html,https://ilearn.thu.edu.tw/course/join/manualUrl,absolute-url
https://github.com/OWASP/CheatSheetSeries/blob/master/cheatsheets/Clickjacking_Defense_Cheat_Sheet.md#best-for-now-legacy-browser-frame-breaking-script--,github.com,raw/ilearn.thu.edu.tw/course/join/manualUrl.html,https://ilearn.thu.edu.tw/course/join/manualUrl,absolute-url
https://bam.nr-data.net,bam.nr-data.net,raw/ilearn.thu.edu.tw/course/join/manualUrl.html,https://ilearn.thu.edu.tw/course/join/manualUrl,absolute-url
https://www.google-analytics.com,www.google-analytics.com,raw/ilearn.thu.edu.tw/course/join/manualUrl.html,https://ilearn.thu.edu.tw/course/join/manualUrl,absolute-url
"https://tronclass.com.tw/public-manual/TronclassManual_System_Admin.pdf',",tronclass.com.tw,raw/ilearn.thu.edu.tw/course/join/manualUrl.html,https://ilearn.thu.edu.tw/course/join/manualUrl,absolute-url
"https://tronclass.com.tw/public-manual/TronclassManual_Administrator.pdf',",tronclass.com.tw,raw/ilearn.thu.edu.tw/course/join/manualUrl.html,https://ilearn.thu.edu.tw/course/join/manualUrl,absolute-url
"https://tronclass.com.tw/public-manual/manual-teacher.html',",tronclass.com.tw,raw/ilearn.thu.edu.tw/course/join/manualUrl.html,https://ilearn.thu.edu.tw/course/join/manualUrl,absolute-url
"https://tronclass.com.tw/public-manual/TronclassManual_Student.pdf',",tronclass.com.tw,raw/ilearn.thu.edu.tw/course/join/manualUrl.html,https://ilearn.thu.edu.tw/course/join/manualUrl,absolute-url
"https://tronclass.com.tw/public-manual/TronclassManual_App.pdf',",tronclass.com.tw,raw/ilearn.thu.edu.tw/course/join/manualUrl.html,https://ilearn.thu.edu.tw/course/join/manualUrl,absolute-url
https://support.tronclass.com',support.tronclass.com',raw/ilearn.thu.edu.tw/course/join/manualUrl.html,https://ilearn.thu.edu.tw/course/join/manualUrl,absolute-url
https://ilearn.thu.edu.tw/market,ilearn.thu.edu.tw,raw/ilearn.thu.edu.tw/course/join/manualUrl.html,https://ilearn.thu.edu.tw/course/join/manualUrl,absolute-url
"https://ilearn.thu.edu.tw/chatbot/chatbot.umd.js',",ilearn.thu.edu.tw,raw/ilearn.thu.edu.tw/course/join/manualUrl.html,https://ilearn.thu.edu.tw/course/join/manualUrl,absolute-url
https://www.youtube.com/iframe_api,www.youtube.com,raw/ilearn.thu.edu.tw/course/join/manualUrl.html,https://ilearn.thu.edu.tw/course/join/manualUrl,absolute-url
https://ilearn.thu.edu.tw/video-editor',ilearn.thu.edu.tw,raw/ilearn.thu.edu.tw/course/join/manualUrl.html,https://ilearn.thu.edu.tw/course/join/manualUrl,absolute-url
https://get.adobe.com/flashplayer/,get.adobe.com,raw/ilearn.thu.edu.tw/course/join/manualUrl.html,https://ilearn.thu.edu.tw/course/join/manualUrl,absolute-url
https://ilearn.thu.edu.tw/,ilearn.thu.edu.tw,raw/ilearn.thu.edu.tw/course/lesson_resource_url.html,https://ilearn.thu.edu.tw/course/lesson_resource_url,absolute-url
https://www.googletagmanager.com/gtag/js,www.googletagmanager.com,raw/ilearn.thu.edu.tw/course/lesson_resource_url.html,https://ilearn.thu.edu.tw/course/lesson_resource_url,absolute-url
https://github.com/OWASP/CheatSheetSeries/blob/master/cheatsheets/Clickjacking_Defense_Cheat_Sheet.md#best-for-now-legacy-browser-frame-breaking-script--,github.com,raw/ilearn.thu.edu.tw/course/lesson_resource_url.html,https://ilearn.thu.edu.tw/course/lesson_resource_url,absolute-url
https://bam.nr-data.net,bam.nr-data.net,raw/ilearn.thu.edu.tw/course/lesson_resource_url.html,https://ilearn.thu.edu.tw/course/lesson_resource_url,absolute-url
https://www.google-analytics.com,www.google-analytics.com,raw/ilearn.thu.edu.tw/course/lesson_resource_url.html,https://ilearn.thu.edu.tw/course/lesson_resource_url,absolute-url
"https://tronclass.com.tw/public-manual/TronclassManual_System_Admin.pdf',",tronclass.com.tw,raw/ilearn.thu.edu.tw/course/lesson_resource_url.html,https://ilearn.thu.edu.tw/course/lesson_resource_url,absolute-url
"https://tronclass.com.tw/public-manual/TronclassManual_Administrator.pdf',",tronclass.com.tw,raw/ilearn.thu.edu.tw/course/lesson_resource_url.html,https://ilearn.thu.edu.tw/course/lesson_resource_url,absolute-url
"https://tronclass.com.tw/public-manual/manual-teacher.html',",tronclass.com.tw,raw/ilearn.thu.edu.tw/course/lesson_resource_url.html,https://ilearn.thu.edu.tw/course/lesson_resource_url,absolute-url
"https://tronclass.com.tw/public-manual/TronclassManual_Student.pdf',",tronclass.com.tw,raw/ilearn.thu.edu.tw/course/lesson_resource_url.html,https://ilearn.thu.edu.tw/course/lesson_resource_url,absolute-url
"https://tronclass.com.tw/public-manual/TronclassManual_App.pdf',",tronclass.com.tw,raw/ilearn.thu.edu.tw/course/lesson_resource_url.html,https://ilearn.thu.edu.tw/course/lesson_resource_url,absolute-url
https://support.tronclass.com',support.tronclass.com',raw/ilearn.thu.edu.tw/course/lesson_resource_url.html,https://ilearn.thu.edu.tw/course/lesson_resource_url,absolute-url
https://ilearn.thu.edu.tw/market,ilearn.thu.edu.tw,raw/ilearn.thu.edu.tw/course/lesson_resource_url.html,https://ilearn.thu.edu.tw/course/lesson_resource_url,absolute-url
"https://ilearn.thu.edu.tw/chatbot/chatbot.umd.js',",ilearn.thu.edu.tw,raw/ilearn.thu.edu.tw/course/lesson_resource_url.html,https://ilearn.thu.edu.tw/course/lesson_resource_url,absolute-url
https://www.youtube.com/iframe_api,www.youtube.com,raw/ilearn.thu.edu.tw/course/lesson_resource_url.html,https://ilearn.thu.edu.tw/course/lesson_resource_url,absolute-url
https://ilearn.thu.edu.tw/video-editor',ilearn.thu.edu.tw,raw/ilearn.thu.edu.tw/course/lesson_resource_url.html,https://ilearn.thu.edu.tw/course/lesson_resource_url,absolute-url
https://get.adobe.com/flashplayer/,get.adobe.com,raw/ilearn.thu.edu.tw/course/lesson_resource_url.html,https://ilearn.thu.edu.tw/course/lesson_resource_url,absolute-url
https://ilearn.thu.edu.tw/,ilearn.thu.edu.tw,raw/ilearn.thu.edu.tw/course/library-subjects-import-help__q_d5507f9e99.html,https://ilearn.thu.edu.tw/course/library-subjects-import-help?mode=word&show_knowledge_node=,absolute-url
https://www.googletagmanager.com/gtag/js,www.googletagmanager.com,raw/ilearn.thu.edu.tw/course/library-subjects-import-help__q_d5507f9e99.html,https://ilearn.thu.edu.tw/course/library-subjects-import-help?mode=word&show_knowledge_node=,absolute-url
https://github.com/OWASP/CheatSheetSeries/blob/master/cheatsheets/Clickjacking_Defense_Cheat_Sheet.md#best-for-now-legacy-browser-frame-breaking-script--,github.com,raw/ilearn.thu.edu.tw/course/library-subjects-import-help__q_d5507f9e99.html,https://ilearn.thu.edu.tw/course/library-subjects-import-help?mode=word&show_knowledge_node=,absolute-url
https://bam.nr-data.net,bam.nr-data.net,raw/ilearn.thu.edu.tw/course/library-subjects-import-help__q_d5507f9e99.html,https://ilearn.thu.edu.tw/course/library-subjects-import-help?mode=word&show_knowledge_node=,absolute-url
https://www.google-analytics.com,www.google-analytics.com,raw/ilearn.thu.edu.tw/course/library-subjects-import-help__q_d5507f9e99.html,https://ilearn.thu.edu.tw/course/library-subjects-import-help?mode=word&show_knowledge_node=,absolute-url
"https://ilearn.thu.edu.tw/chatbot/chatbot.umd.js',",ilearn.thu.edu.tw,raw/ilearn.thu.edu.tw/course/library-subjects-import-help__q_d5507f9e99.html,https://ilearn.thu.edu.tw/course/library-subjects-import-help?mode=word&show_knowledge_node=,absolute-url
https://www.youtube.com/iframe_api,www.youtube.com,raw/ilearn.thu.edu.tw/course/library-subjects-import-help__q_d5507f9e99.html,https://ilearn.thu.edu.tw/course/library-subjects-import-help?mode=word&show_knowledge_node=,absolute-url
https://ilearn.thu.edu.tw/video-editor',ilearn.thu.edu.tw,raw/ilearn.thu.edu.tw/course/library-subjects-import-help__q_d5507f9e99.html,https://ilearn.thu.edu.tw/course/library-subjects-import-help?mode=word&show_knowledge_node=,absolute-url
https://get.adobe.com/flashplayer/,get.adobe.com,raw/ilearn.thu.edu.tw/course/library-subjects-import-help__q_d5507f9e99.html,https://ilearn.thu.edu.tw/course/library-subjects-import-help?mode=word&show_knowledge_node=,absolute-url
https://ilearn.thu.edu.tw/,ilearn.thu.edu.tw,raw/ilearn.thu.edu.tw/course/manualUrl.html,https://ilearn.thu.edu.tw/course/manualUrl,absolute-url
https://www.googletagmanager.com/gtag/js,www.googletagmanager.com,raw/ilearn.thu.edu.tw/course/manualUrl.html,https://ilearn.thu.edu.tw/course/manualUrl,absolute-url
https://github.com/OWASP/CheatSheetSeries/blob/master/cheatsheets/Clickjacking_Defense_Cheat_Sheet.md#best-for-now-legacy-browser-frame-breaking-script--,github.com,raw/ilearn.thu.edu.tw/course/manualUrl.html,https://ilearn.thu.edu.tw/course/manualUrl,absolute-url
https://bam.nr-data.net,bam.nr-data.net,raw/ilearn.thu.edu.tw/course/manualUrl.html,https://ilearn.thu.edu.tw/course/manualUrl,absolute-url
https://www.google-analytics.com,www.google-analytics.com,raw/ilearn.thu.edu.tw/course/manualUrl.html,https://ilearn.thu.edu.tw/course/manualUrl,absolute-url
"https://tronclass.com.tw/public-manual/TronclassManual_System_Admin.pdf',",tronclass.com.tw,raw/ilearn.thu.edu.tw/course/manualUrl.html,https://ilearn.thu.edu.tw/course/manualUrl,absolute-url
"https://tronclass.com.tw/public-manual/TronclassManual_Administrator.pdf',",tronclass.com.tw,raw/ilearn.thu.edu.tw/course/manualUrl.html,https://ilearn.thu.edu.tw/course/manualUrl,absolute-url
"https://tronclass.com.tw/public-manual/manual-teacher.html',",tronclass.com.tw,raw/ilearn.thu.edu.tw/course/manualUrl.html,https://ilearn.thu.edu.tw/course/manualUrl,absolute-url
"https://tronclass.com.tw/public-manual/TronclassManual_Student.pdf',",tronclass.com.tw,raw/ilearn.thu.edu.tw/course/manualUrl.html,https://ilearn.thu.edu.tw/course/manualUrl,absolute-url
"https://tronclass.com.tw/public-manual/TronclassManual_App.pdf',",tronclass.com.tw,raw/ilearn.thu.edu.tw/course/manualUrl.html,https://ilearn.thu.edu.tw/course/manualUrl,absolute-url
https://support.tronclass.com',support.tronclass.com',raw/ilearn.thu.edu.tw/course/manualUrl.html,https://ilearn.thu.edu.tw/course/manualUrl,absolute-url
https://ilearn.thu.edu.tw/market,ilearn.thu.edu.tw,raw/ilearn.thu.edu.tw/course/manualUrl.html,https://ilearn.thu.edu.tw/course/manualUrl,absolute-url
"https://ilearn.thu.edu.tw/chatbot/chatbot.umd.js',",ilearn.thu.edu.tw,raw/ilearn.thu.edu.tw/course/manualUrl.html,https://ilearn.thu.edu.tw/course/manualUrl,absolute-url
https://www.youtube.com/iframe_api,www.youtube.com,raw/ilearn.thu.edu.tw/course/manualUrl.html,https://ilearn.thu.edu.tw/course/manualUrl,absolute-url
https://ilearn.thu.edu.tw/video-editor',ilearn.thu.edu.tw,raw/ilearn.thu.edu.tw/course/manualUrl.html,https://ilearn.thu.edu.tw/course/manualUrl,absolute-url
https://get.adobe.com/flashplayer/,get.adobe.com,raw/ilearn.thu.edu.tw/course/manualUrl.html,https://ilearn.thu.edu.tw/course/manualUrl,absolute-url
https://ilearn.thu.edu.tw/,ilearn.thu.edu.tw,raw/ilearn.thu.edu.tw/course/package/index.html,https://ilearn.thu.edu.tw/course/package/,absolute-url
https://www.googletagmanager.com/gtag/js,www.googletagmanager.com,raw/ilearn.thu.edu.tw/course/package/index.html,https://ilearn.thu.edu.tw/course/package/,absolute-url
https://github.com/OWASP/CheatSheetSeries/blob/master/cheatsheets/Clickjacking_Defense_Cheat_Sheet.md#best-for-now-legacy-browser-frame-breaking-script--,github.com,raw/ilearn.thu.edu.tw/course/package/index.html,https://ilearn.thu.edu.tw/course/package/,absolute-url
https://bam.nr-data.net,bam.nr-data.net,raw/ilearn.thu.edu.tw/course/package/index.html,https://ilearn.thu.edu.tw/course/package/,absolute-url
https://www.google-analytics.com,www.google-analytics.com,raw/ilearn.thu.edu.tw/course/package/index.html,https://ilearn.thu.edu.tw/course/package/,absolute-url
"https://tronclass.com.tw/public-manual/TronclassManual_System_Admin.pdf',",tronclass.com.tw,raw/ilearn.thu.edu.tw/course/package/index.html,https://ilearn.thu.edu.tw/course/package/,absolute-url
"https://tronclass.com.tw/public-manual/TronclassManual_Administrator.pdf',",tronclass.com.tw,raw/ilearn.thu.edu.tw/course/package/index.html,https://ilearn.thu.edu.tw/course/package/,absolute-url
"https://tronclass.com.tw/public-manual/manual-teacher.html',",tronclass.com.tw,raw/ilearn.thu.edu.tw/course/package/index.html,https://ilearn.thu.edu.tw/course/package/,absolute-url
"https://tronclass.com.tw/public-manual/TronclassManual_Student.pdf',",tronclass.com.tw,raw/ilearn.thu.edu.tw/course/package/index.html,https://ilearn.thu.edu.tw/course/package/,absolute-url
"https://tronclass.com.tw/public-manual/TronclassManual_App.pdf',",tronclass.com.tw,raw/ilearn.thu.edu.tw/course/package/index.html,https://ilearn.thu.edu.tw/course/package/,absolute-url
https://support.tronclass.com',support.tronclass.com',raw/ilearn.thu.edu.tw/course/package/index.html,https://ilearn.thu.edu.tw/course/package/,absolute-url
https://ilearn.thu.edu.tw/market,ilearn.thu.edu.tw,raw/ilearn.thu.edu.tw/course/package/index.html,https://ilearn.thu.edu.tw/course/package/,absolute-url
"https://ilearn.thu.edu.tw/chatbot/chatbot.umd.js',",ilearn.thu.edu.tw,raw/ilearn.thu.edu.tw/course/package/index.html,https://ilearn.thu.edu.tw/course/package/,absolute-url
https://www.youtube.com/iframe_api,www.youtube.com,raw/ilearn.thu.edu.tw/course/package/index.html,https://ilearn.thu.edu.tw/course/package/,absolute-url
https://ilearn.thu.edu.tw/video-editor',ilearn.thu.edu.tw,raw/ilearn.thu.edu.tw/course/package/index.html,https://ilearn.thu.edu.tw/course/package/,absolute-url
https://get.adobe.com/flashplayer/,get.adobe.com,raw/ilearn.thu.edu.tw/course/package/index.html,https://ilearn.thu.edu.tw/course/package/,absolute-url
https://ilearn.thu.edu.tw/,ilearn.thu.edu.tw,raw/ilearn.thu.edu.tw/course/questionnaire-exam/index.html,https://ilearn.thu.edu.tw/course/questionnaire-exam/,absolute-url
https://www.googletagmanager.com/gtag/js,www.googletagmanager.com,raw/ilearn.thu.edu.tw/course/questionnaire-exam/index.html,https://ilearn.thu.edu.tw/course/questionnaire-exam/,absolute-url
https://github.com/OWASP/CheatSheetSeries/blob/master/cheatsheets/Clickjacking_Defense_Cheat_Sheet.md#best-for-now-legacy-browser-frame-breaking-script--,github.com,raw/ilearn.thu.edu.tw/course/questionnaire-exam/index.html,https://ilearn.thu.edu.tw/course/questionnaire-exam/,absolute-url
https://bam.nr-data.net,bam.nr-data.net,raw/ilearn.thu.edu.tw/course/questionnaire-exam/index.html,https://ilearn.thu.edu.tw/course/questionnaire-exam/,absolute-url
https://www.google-analytics.com,www.google-analytics.com,raw/ilearn.thu.edu.tw/course/questionnaire-exam/index.html,https://ilearn.thu.edu.tw/course/questionnaire-exam/,absolute-url
"https://tronclass.com.tw/public-manual/TronclassManual_System_Admin.pdf',",tronclass.com.tw,raw/ilearn.thu.edu.tw/course/questionnaire-exam/index.html,https://ilearn.thu.edu.tw/course/questionnaire-exam/,absolute-url
"https://tronclass.com.tw/public-manual/TronclassManual_Administrator.pdf',",tronclass.com.tw,raw/ilearn.thu.edu.tw/course/questionnaire-exam/index.html,https://ilearn.thu.edu.tw/course/questionnaire-exam/,absolute-url
"https://tronclass.com.tw/public-manual/manual-teacher.html',",tronclass.com.tw,raw/ilearn.thu.edu.tw/course/questionnaire-exam/index.html,https://ilearn.thu.edu.tw/course/questionnaire-exam/,absolute-url
"https://tronclass.com.tw/public-manual/TronclassManual_Student.pdf',",tronclass.com.tw,raw/ilearn.thu.edu.tw/course/questionnaire-exam/index.html,https://ilearn.thu.edu.tw/course/questionnaire-exam/,absolute-url
"https://tronclass.com.tw/public-manual/TronclassManual_App.pdf',",tronclass.com.tw,raw/ilearn.thu.edu.tw/course/questionnaire-exam/index.html,https://ilearn.thu.edu.tw/course/questionnaire-exam/,absolute-url
https://support.tronclass.com',support.tronclass.com',raw/ilearn.thu.edu.tw/course/questionnaire-exam/index.html,https://ilearn.thu.edu.tw/course/questionnaire-exam/,absolute-url
https://ilearn.thu.edu.tw/market,ilearn.thu.edu.tw,raw/ilearn.thu.edu.tw/course/questionnaire-exam/index.html,https://ilearn.thu.edu.tw/course/questionnaire-exam/,absolute-url
"https://ilearn.thu.edu.tw/chatbot/chatbot.umd.js',",ilearn.thu.edu.tw,raw/ilearn.thu.edu.tw/course/questionnaire-exam/index.html,https://ilearn.thu.edu.tw/course/questionnaire-exam/,absolute-url
https://www.youtube.com/iframe_api,www.youtube.com,raw/ilearn.thu.edu.tw/course/questionnaire-exam/index.html,https://ilearn.thu.edu.tw/course/questionnaire-exam/,absolute-url
https://ilearn.thu.edu.tw/video-editor',ilearn.thu.edu.tw,raw/ilearn.thu.edu.tw/course/questionnaire-exam/index.html,https://ilearn.thu.edu.tw/course/questionnaire-exam/,absolute-url
https://get.adobe.com/flashplayer/,get.adobe.com,raw/ilearn.thu.edu.tw/course/questionnaire-exam/index.html,https://ilearn.thu.edu.tw/course/questionnaire-exam/,absolute-url
https://ilearn.thu.edu.tw/,ilearn.thu.edu.tw,raw/ilearn.thu.edu.tw/course/stat.html,https://ilearn.thu.edu.tw/course/stat,absolute-url
https://www.googletagmanager.com/gtag/js,www.googletagmanager.com,raw/ilearn.thu.edu.tw/course/stat.html,https://ilearn.thu.edu.tw/course/stat,absolute-url
https://github.com/OWASP/CheatSheetSeries/blob/master/cheatsheets/Clickjacking_Defense_Cheat_Sheet.md#best-for-now-legacy-browser-frame-breaking-script--,github.com,raw/ilearn.thu.edu.tw/course/stat.html,https://ilearn.thu.edu.tw/course/stat,absolute-url
https://bam.nr-data.net,bam.nr-data.net,raw/ilearn.thu.edu.tw/course/stat.html,https://ilearn.thu.edu.tw/course/stat,absolute-url
https://www.google-analytics.com,www.google-analytics.com,raw/ilearn.thu.edu.tw/course/stat.html,https://ilearn.thu.edu.tw/course/stat,absolute-url
"https://tronclass.com.tw/public-manual/TronclassManual_System_Admin.pdf',",tronclass.com.tw,raw/ilearn.thu.edu.tw/course/stat.html,https://ilearn.thu.edu.tw/course/stat,absolute-url
"https://tronclass.com.tw/public-manual/TronclassManual_Administrator.pdf',",tronclass.com.tw,raw/ilearn.thu.edu.tw/course/stat.html,https://ilearn.thu.edu.tw/course/stat,absolute-url
"https://tronclass.com.tw/public-manual/manual-teacher.html',",tronclass.com.tw,raw/ilearn.thu.edu.tw/course/stat.html,https://ilearn.thu.edu.tw/course/stat,absolute-url
"https://tronclass.com.tw/public-manual/TronclassManual_Student.pdf',",tronclass.com.tw,raw/ilearn.thu.edu.tw/course/stat.html,https://ilearn.thu.edu.tw/course/stat,absolute-url
"https://tronclass.com.tw/public-manual/TronclassManual_App.pdf',",tronclass.com.tw,raw/ilearn.thu.edu.tw/course/stat.html,https://ilearn.thu.edu.tw/course/stat,absolute-url
https://support.tronclass.com',support.tronclass.com',raw/ilearn.thu.edu.tw/course/stat.html,https://ilearn.thu.edu.tw/course/stat,absolute-url
https://ilearn.thu.edu.tw/market,ilearn.thu.edu.tw,raw/ilearn.thu.edu.tw/course/stat.html,https://ilearn.thu.edu.tw/course/stat,absolute-url
"https://ilearn.thu.edu.tw/chatbot/chatbot.umd.js',",ilearn.thu.edu.tw,raw/ilearn.thu.edu.tw/course/stat.html,https://ilearn.thu.edu.tw/course/stat,absolute-url
https://www.youtube.com/iframe_api,www.youtube.com,raw/ilearn.thu.edu.tw/course/stat.html,https://ilearn.thu.edu.tw/course/stat,absolute-url
https://ilearn.thu.edu.tw/video-editor',ilearn.thu.edu.tw,raw/ilearn.thu.edu.tw/course/stat.html,https://ilearn.thu.edu.tw/course/stat,absolute-url
https://get.adobe.com/flashplayer/,get.adobe.com,raw/ilearn.thu.edu.tw/course/stat.html,https://ilearn.thu.edu.tw/course/stat,absolute-url
https://ilearn.thu.edu.tw/,ilearn.thu.edu.tw,raw/ilearn.thu.edu.tw/course/virtual-experiments/index.html,https://ilearn.thu.edu.tw/course/virtual-experiments/,absolute-url
https://www.googletagmanager.com/gtag/js,www.googletagmanager.com,raw/ilearn.thu.edu.tw/course/virtual-experiments/index.html,https://ilearn.thu.edu.tw/course/virtual-experiments/,absolute-url
https://github.com/OWASP/CheatSheetSeries/blob/master/cheatsheets/Clickjacking_Defense_Cheat_Sheet.md#best-for-now-legacy-browser-frame-breaking-script--,github.com,raw/ilearn.thu.edu.tw/course/virtual-experiments/index.html,https://ilearn.thu.edu.tw/course/virtual-experiments/,absolute-url
https://bam.nr-data.net,bam.nr-data.net,raw/ilearn.thu.edu.tw/course/virtual-experiments/index.html,https://ilearn.thu.edu.tw/course/virtual-experiments/,absolute-url
https://www.google-analytics.com,www.google-analytics.com,raw/ilearn.thu.edu.tw/course/virtual-experiments/index.html,https://ilearn.thu.edu.tw/course/virtual-experiments/,absolute-url
"https://tronclass.com.tw/public-manual/TronclassManual_System_Admin.pdf',",tronclass.com.tw,raw/ilearn.thu.edu.tw/course/virtual-experiments/index.html,https://ilearn.thu.edu.tw/course/virtual-experiments/,absolute-url
"https://tronclass.com.tw/public-manual/TronclassManual_Administrator.pdf',",tronclass.com.tw,raw/ilearn.thu.edu.tw/course/virtual-experiments/index.html,https://ilearn.thu.edu.tw/course/virtual-experiments/,absolute-url
"https://tronclass.com.tw/public-manual/manual-teacher.html',",tronclass.com.tw,raw/ilearn.thu.edu.tw/course/virtual-experiments/index.html,https://ilearn.thu.edu.tw/course/virtual-experiments/,absolute-url
"https://tronclass.com.tw/public-manual/TronclassManual_Student.pdf',",tronclass.com.tw,raw/ilearn.thu.edu.tw/course/virtual-experiments/index.html,https://ilearn.thu.edu.tw/course/virtual-experiments/,absolute-url
"https://tronclass.com.tw/public-manual/TronclassManual_App.pdf',",tronclass.com.tw,raw/ilearn.thu.edu.tw/course/virtual-experiments/index.html,https://ilearn.thu.edu.tw/course/virtual-experiments/,absolute-url
https://support.tronclass.com',support.tronclass.com',raw/ilearn.thu.edu.tw/course/virtual-experiments/index.html,https://ilearn.thu.edu.tw/course/virtual-experiments/,absolute-url
https://ilearn.thu.edu.tw/market,ilearn.thu.edu.tw,raw/ilearn.thu.edu.tw/course/virtual-experiments/index.html,https://ilearn.thu.edu.tw/course/virtual-experiments/,absolute-url
"https://ilearn.thu.edu.tw/chatbot/chatbot.umd.js',",ilearn.thu.edu.tw,raw/ilearn.thu.edu.tw/course/virtual-experiments/index.html,https://ilearn.thu.edu.tw/course/virtual-experiments/,absolute-url
https://www.youtube.com/iframe_api,www.youtube.com,raw/ilearn.thu.edu.tw/course/virtual-experiments/index.html,https://ilearn.thu.edu.tw/course/virtual-experiments/,absolute-url
https://ilearn.thu.edu.tw/video-editor',ilearn.thu.edu.tw,raw/ilearn.thu.edu.tw/course/virtual-experiments/index.html,https://ilearn.thu.edu.tw/course/virtual-experiments/,absolute-url
https://get.adobe.com/flashplayer/,get.adobe.com,raw/ilearn.thu.edu.tw/course/virtual-experiments/index.html,https://ilearn.thu.edu.tw/course/virtual-experiments/,absolute-url
https://ilearn.thu.edu.tw/,ilearn.thu.edu.tw,raw/ilearn.thu.edu.tw/course/virtual-experiments/avatarSmallUrl.html,https://ilearn.thu.edu.tw/course/virtual-experiments/avatarSmallUrl,absolute-url
https://www.googletagmanager.com/gtag/js,www.googletagmanager.com,raw/ilearn.thu.edu.tw/course/virtual-experiments/avatarSmallUrl.html,https://ilearn.thu.edu.tw/course/virtual-experiments/avatarSmallUrl,absolute-url
https://github.com/OWASP/CheatSheetSeries/blob/master/cheatsheets/Clickjacking_Defense_Cheat_Sheet.md#best-for-now-legacy-browser-frame-breaking-script--,github.com,raw/ilearn.thu.edu.tw/course/virtual-experiments/avatarSmallUrl.html,https://ilearn.thu.edu.tw/course/virtual-experiments/avatarSmallUrl,absolute-url
https://bam.nr-data.net,bam.nr-data.net,raw/ilearn.thu.edu.tw/course/virtual-experiments/avatarSmallUrl.html,https://ilearn.thu.edu.tw/course/virtual-experiments/avatarSmallUrl,absolute-url
https://www.google-analytics.com,www.google-analytics.com,raw/ilearn.thu.edu.tw/course/virtual-experiments/avatarSmallUrl.html,https://ilearn.thu.edu.tw/course/virtual-experiments/avatarSmallUrl,absolute-url
"https://tronclass.com.tw/public-manual/TronclassManual_System_Admin.pdf',",tronclass.com.tw,raw/ilearn.thu.edu.tw/course/virtual-experiments/avatarSmallUrl.html,https://ilearn.thu.edu.tw/course/virtual-experiments/avatarSmallUrl,absolute-url
"https://tronclass.com.tw/public-manual/TronclassManual_Administrator.pdf',",tronclass.com.tw,raw/ilearn.thu.edu.tw/course/virtual-experiments/avatarSmallUrl.html,https://ilearn.thu.edu.tw/course/virtual-experiments/avatarSmallUrl,absolute-url
"https://tronclass.com.tw/public-manual/manual-teacher.html',",tronclass.com.tw,raw/ilearn.thu.edu.tw/course/virtual-experiments/avatarSmallUrl.html,https://ilearn.thu.edu.tw/course/virtual-experiments/avatarSmallUrl,absolute-url
"https://tronclass.com.tw/public-manual/TronclassManual_Student.pdf',",tronclass.com.tw,raw/ilearn.thu.edu.tw/course/virtual-experiments/avatarSmallUrl.html,https://ilearn.thu.edu.tw/course/virtual-experiments/avatarSmallUrl,absolute-url
"https://tronclass.com.tw/public-manual/TronclassManual_App.pdf',",tronclass.com.tw,raw/ilearn.thu.edu.tw/course/virtual-experiments/avatarSmallUrl.html,https://ilearn.thu.edu.tw/course/virtual-experiments/avatarSmallUrl,absolute-url
https://support.tronclass.com',support.tronclass.com',raw/ilearn.thu.edu.tw/course/virtual-experiments/avatarSmallUrl.html,https://ilearn.thu.edu.tw/course/virtual-experiments/avatarSmallUrl,absolute-url
https://ilearn.thu.edu.tw/market,ilearn.thu.edu.tw,raw/ilearn.thu.edu.tw/course/virtual-experiments/avatarSmallUrl.html,https://ilearn.thu.edu.tw/course/virtual-experiments/avatarSmallUrl,absolute-url
"https://ilearn.thu.edu.tw/chatbot/chatbot.umd.js',",ilearn.thu.edu.tw,raw/ilearn.thu.edu.tw/course/virtual-experiments/avatarSmallUrl.html,https://ilearn.thu.edu.tw/course/virtual-experiments/avatarSmallUrl,absolute-url
https://www.youtube.com/iframe_api,www.youtube.com,raw/ilearn.thu.edu.tw/course/virtual-experiments/avatarSmallUrl.html,https://ilearn.thu.edu.tw/course/virtual-experiments/avatarSmallUrl,absolute-url
https://ilearn.thu.edu.tw/video-editor',ilearn.thu.edu.tw,raw/ilearn.thu.edu.tw/course/virtual-experiments/avatarSmallUrl.html,https://ilearn.thu.edu.tw/course/virtual-experiments/avatarSmallUrl,absolute-url
https://get.adobe.com/flashplayer/,get.adobe.com,raw/ilearn.thu.edu.tw/course/virtual-experiments/avatarSmallUrl.html,https://ilearn.thu.edu.tw/course/virtual-experiments/avatarSmallUrl,absolute-url
https://ilearn.thu.edu.tw/,ilearn.thu.edu.tw,raw/ilearn.thu.edu.tw/course/virtual-experiments/capture_url.html,https://ilearn.thu.edu.tw/course/virtual-experiments/capture_url,absolute-url
https://www.googletagmanager.com/gtag/js,www.googletagmanager.com,raw/ilearn.thu.edu.tw/course/virtual-experiments/capture_url.html,https://ilearn.thu.edu.tw/course/virtual-experiments/capture_url,absolute-url
https://github.com/OWASP/CheatSheetSeries/blob/master/cheatsheets/Clickjacking_Defense_Cheat_Sheet.md#best-for-now-legacy-browser-frame-breaking-script--,github.com,raw/ilearn.thu.edu.tw/course/virtual-experiments/capture_url.html,https://ilearn.thu.edu.tw/course/virtual-experiments/capture_url,absolute-url
https://bam.nr-data.net,bam.nr-data.net,raw/ilearn.thu.edu.tw/course/virtual-experiments/capture_url.html,https://ilearn.thu.edu.tw/course/virtual-experiments/capture_url,absolute-url
https://www.google-analytics.com,www.google-analytics.com,raw/ilearn.thu.edu.tw/course/virtual-experiments/capture_url.html,https://ilearn.thu.edu.tw/course/virtual-experiments/capture_url,absolute-url
"https://tronclass.com.tw/public-manual/TronclassManual_System_Admin.pdf',",tronclass.com.tw,raw/ilearn.thu.edu.tw/course/virtual-experiments/capture_url.html,https://ilearn.thu.edu.tw/course/virtual-experiments/capture_url,absolute-url
"https://tronclass.com.tw/public-manual/TronclassManual_Administrator.pdf',",tronclass.com.tw,raw/ilearn.thu.edu.tw/course/virtual-experiments/capture_url.html,https://ilearn.thu.edu.tw/course/virtual-experiments/capture_url,absolute-url
"https://tronclass.com.tw/public-manual/manual-teacher.html',",tronclass.com.tw,raw/ilearn.thu.edu.tw/course/virtual-experiments/capture_url.html,https://ilearn.thu.edu.tw/course/virtual-experiments/capture_url,absolute-url
"https://tronclass.com.tw/public-manual/TronclassManual_Student.pdf',",tronclass.com.tw,raw/ilearn.thu.edu.tw/course/virtual-experiments/capture_url.html,https://ilearn.thu.edu.tw/course/virtual-experiments/capture_url,absolute-url
"https://tronclass.com.tw/public-manual/TronclassManual_App.pdf',",tronclass.com.tw,raw/ilearn.thu.edu.tw/course/virtual-experiments/capture_url.html,https://ilearn.thu.edu.tw/course/virtual-experiments/capture_url,absolute-url
https://support.tronclass.com',support.tronclass.com',raw/ilearn.thu.edu.tw/course/virtual-experiments/capture_url.html,https://ilearn.thu.edu.tw/course/virtual-experiments/capture_url,absolute-url
https://ilearn.thu.edu.tw/market,ilearn.thu.edu.tw,raw/ilearn.thu.edu.tw/course/virtual-experiments/capture_url.html,https://ilearn.thu.edu.tw/course/virtual-experiments/capture_url,absolute-url
"https://ilearn.thu.edu.tw/chatbot/chatbot.umd.js',",ilearn.thu.edu.tw,raw/ilearn.thu.edu.tw/course/virtual-experiments/capture_url.html,https://ilearn.thu.edu.tw/course/virtual-experiments/capture_url,absolute-url
https://www.youtube.com/iframe_api,www.youtube.com,raw/ilearn.thu.edu.tw/course/virtual-experiments/capture_url.html,https://ilearn.thu.edu.tw/course/virtual-experiments/capture_url,absolute-url
https://ilearn.thu.edu.tw/video-editor',ilearn.thu.edu.tw,raw/ilearn.thu.edu.tw/course/virtual-experiments/capture_url.html,https://ilearn.thu.edu.tw/course/virtual-experiments/capture_url,absolute-url
https://get.adobe.com/flashplayer/,get.adobe.com,raw/ilearn.thu.edu.tw/course/virtual-experiments/capture_url.html,https://ilearn.thu.edu.tw/course/virtual-experiments/capture_url,absolute-url
https://ilearn.thu.edu.tw/,ilearn.thu.edu.tw,raw/ilearn.thu.edu.tw/course/virtual-experiments/lesson_resource_url.html,https://ilearn.thu.edu.tw/course/virtual-experiments/lesson_resource_url,absolute-url
https://www.googletagmanager.com/gtag/js,www.googletagmanager.com,raw/ilearn.thu.edu.tw/course/virtual-experiments/lesson_resource_url.html,https://ilearn.thu.edu.tw/course/virtual-experiments/lesson_resource_url,absolute-url
https://github.com/OWASP/CheatSheetSeries/blob/master/cheatsheets/Clickjacking_Defense_Cheat_Sheet.md#best-for-now-legacy-browser-frame-breaking-script--,github.com,raw/ilearn.thu.edu.tw/course/virtual-experiments/lesson_resource_url.html,https://ilearn.thu.edu.tw/course/virtual-experiments/lesson_resource_url,absolute-url
https://bam.nr-data.net,bam.nr-data.net,raw/ilearn.thu.edu.tw/course/virtual-experiments/lesson_resource_url.html,https://ilearn.thu.edu.tw/course/virtual-experiments/lesson_resource_url,absolute-url
https://www.google-analytics.com,www.google-analytics.com,raw/ilearn.thu.edu.tw/course/virtual-experiments/lesson_resource_url.html,https://ilearn.thu.edu.tw/course/virtual-experiments/lesson_resource_url,absolute-url
"https://tronclass.com.tw/public-manual/TronclassManual_System_Admin.pdf',",tronclass.com.tw,raw/ilearn.thu.edu.tw/course/virtual-experiments/lesson_resource_url.html,https://ilearn.thu.edu.tw/course/virtual-experiments/lesson_resource_url,absolute-url
"https://tronclass.com.tw/public-manual/TronclassManual_Administrator.pdf',",tronclass.com.tw,raw/ilearn.thu.edu.tw/course/virtual-experiments/lesson_resource_url.html,https://ilearn.thu.edu.tw/course/virtual-experiments/lesson_resource_url,absolute-url
"https://tronclass.com.tw/public-manual/manual-teacher.html',",tronclass.com.tw,raw/ilearn.thu.edu.tw/course/virtual-experiments/lesson_resource_url.html,https://ilearn.thu.edu.tw/course/virtual-experiments/lesson_resource_url,absolute-url
"https://tronclass.com.tw/public-manual/TronclassManual_Student.pdf',",tronclass.com.tw,raw/ilearn.thu.edu.tw/course/virtual-experiments/lesson_resource_url.html,https://ilearn.thu.edu.tw/course/virtual-experiments/lesson_resource_url,absolute-url
"https://tronclass.com.tw/public-manual/TronclassManual_App.pdf',",tronclass.com.tw,raw/ilearn.thu.edu.tw/course/virtual-experiments/lesson_resource_url.html,https://ilearn.thu.edu.tw/course/virtual-experiments/lesson_resource_url,absolute-url
https://support.tronclass.com',support.tronclass.com',raw/ilearn.thu.edu.tw/course/virtual-experiments/lesson_resource_url.html,https://ilearn.thu.edu.tw/course/virtual-experiments/lesson_resource_url,absolute-url
https://ilearn.thu.edu.tw/market,ilearn.thu.edu.tw,raw/ilearn.thu.edu.tw/course/virtual-experiments/lesson_resource_url.html,https://ilearn.thu.edu.tw/course/virtual-experiments/lesson_resource_url,absolute-url
"https://ilearn.thu.edu.tw/chatbot/chatbot.umd.js',",ilearn.thu.edu.tw,raw/ilearn.thu.edu.tw/course/virtual-experiments/lesson_resource_url.html,https://ilearn.thu.edu.tw/course/virtual-experiments/lesson_resource_url,absolute-url
https://www.youtube.com/iframe_api,www.youtube.com,raw/ilearn.thu.edu.tw/course/virtual-experiments/lesson_resource_url.html,https://ilearn.thu.edu.tw/course/virtual-experiments/lesson_resource_url,absolute-url
https://ilearn.thu.edu.tw/video-editor',ilearn.thu.edu.tw,raw/ilearn.thu.edu.tw/course/virtual-experiments/lesson_resource_url.html,https://ilearn.thu.edu.tw/course/virtual-experiments/lesson_resource_url,absolute-url
https://get.adobe.com/flashplayer/,get.adobe.com,raw/ilearn.thu.edu.tw/course/virtual-experiments/lesson_resource_url.html,https://ilearn.thu.edu.tw/course/virtual-experiments/lesson_resource_url,absolute-url
https://ilearn.thu.edu.tw/,ilearn.thu.edu.tw,raw/ilearn.thu.edu.tw/course/virtual-experiments/manualUrl.html,https://ilearn.thu.edu.tw/course/virtual-experiments/manualUrl,absolute-url
https://www.googletagmanager.com/gtag/js,www.googletagmanager.com,raw/ilearn.thu.edu.tw/course/virtual-experiments/manualUrl.html,https://ilearn.thu.edu.tw/course/virtual-experiments/manualUrl,absolute-url
https://github.com/OWASP/CheatSheetSeries/blob/master/cheatsheets/Clickjacking_Defense_Cheat_Sheet.md#best-for-now-legacy-browser-frame-breaking-script--,github.com,raw/ilearn.thu.edu.tw/course/virtual-experiments/manualUrl.html,https://ilearn.thu.edu.tw/course/virtual-experiments/manualUrl,absolute-url
https://bam.nr-data.net,bam.nr-data.net,raw/ilearn.thu.edu.tw/course/virtual-experiments/manualUrl.html,https://ilearn.thu.edu.tw/course/virtual-experiments/manualUrl,absolute-url
https://www.google-analytics.com,www.google-analytics.com,raw/ilearn.thu.edu.tw/course/virtual-experiments/manualUrl.html,https://ilearn.thu.edu.tw/course/virtual-experiments/manualUrl,absolute-url
"https://tronclass.com.tw/public-manual/TronclassManual_System_Admin.pdf',",tronclass.com.tw,raw/ilearn.thu.edu.tw/course/virtual-experiments/manualUrl.html,https://ilearn.thu.edu.tw/course/virtual-experiments/manualUrl,absolute-url
"https://tronclass.com.tw/public-manual/TronclassManual_Administrator.pdf',",tronclass.com.tw,raw/ilearn.thu.edu.tw/course/virtual-experiments/manualUrl.html,https://ilearn.thu.edu.tw/course/virtual-experiments/manualUrl,absolute-url
"https://tronclass.com.tw/public-manual/manual-teacher.html',",tronclass.com.tw,raw/ilearn.thu.edu.tw/course/virtual-experiments/manualUrl.html,https://ilearn.thu.edu.tw/course/virtual-experiments/manualUrl,absolute-url
"https://tronclass.com.tw/public-manual/TronclassManual_Student.pdf',",tronclass.com.tw,raw/ilearn.thu.edu.tw/course/virtual-experiments/manualUrl.html,https://ilearn.thu.edu.tw/course/virtual-experiments/manualUrl,absolute-url
"https://tronclass.com.tw/public-manual/TronclassManual_App.pdf',",tronclass.com.tw,raw/ilearn.thu.edu.tw/course/virtual-experiments/manualUrl.html,https://ilearn.thu.edu.tw/course/virtual-experiments/manualUrl,absolute-url
https://support.tronclass.com',support.tronclass.com',raw/ilearn.thu.edu.tw/course/virtual-experiments/manualUrl.html,https://ilearn.thu.edu.tw/course/virtual-experiments/manualUrl,absolute-url
https://ilearn.thu.edu.tw/market,ilearn.thu.edu.tw,raw/ilearn.thu.edu.tw/course/virtual-experiments/manualUrl.html,https://ilearn.thu.edu.tw/course/virtual-experiments/manualUrl,absolute-url
"https://ilearn.thu.edu.tw/chatbot/chatbot.umd.js',",ilearn.thu.edu.tw,raw/ilearn.thu.edu.tw/course/virtual-experiments/manualUrl.html,https://ilearn.thu.edu.tw/course/virtual-experiments/manualUrl,absolute-url
https://www.youtube.com/iframe_api,www.youtube.com,raw/ilearn.thu.edu.tw/course/virtual-experiments/manualUrl.html,https://ilearn.thu.edu.tw/course/virtual-experiments/manualUrl,absolute-url
https://ilearn.thu.edu.tw/video-editor',ilearn.thu.edu.tw,raw/ilearn.thu.edu.tw/course/virtual-experiments/manualUrl.html,https://ilearn.thu.edu.tw/course/virtual-experiments/manualUrl,absolute-url
https://get.adobe.com/flashplayer/,get.adobe.com,raw/ilearn.thu.edu.tw/course/virtual-experiments/manualUrl.html,https://ilearn.thu.edu.tw/course/virtual-experiments/manualUrl,absolute-url
https://ilearn.thu.edu.tw/,ilearn.thu.edu.tw,raw/ilearn.thu.edu.tw/course_library.html,https://ilearn.thu.edu.tw/course_library,absolute-url
https://www.googletagmanager.com/gtag/js,www.googletagmanager.com,raw/ilearn.thu.edu.tw/course_library.html,https://ilearn.thu.edu.tw/course_library,absolute-url
https://github.com/OWASP/CheatSheetSeries/blob/master/cheatsheets/Clickjacking_Defense_Cheat_Sheet.md#best-for-now-legacy-browser-frame-breaking-script--,github.com,raw/ilearn.thu.edu.tw/course_library.html,https://ilearn.thu.edu.tw/course_library,absolute-url
https://bam.nr-data.net,bam.nr-data.net,raw/ilearn.thu.edu.tw/course_library.html,https://ilearn.thu.edu.tw/course_library,absolute-url
https://www.google-analytics.com,www.google-analytics.com,raw/ilearn.thu.edu.tw/course_library.html,https://ilearn.thu.edu.tw/course_library,absolute-url
"https://tronclass.com.tw/public-manual/TronclassManual_System_Admin.pdf',",tronclass.com.tw,raw/ilearn.thu.edu.tw/course_library.html,https://ilearn.thu.edu.tw/course_library,absolute-url
"https://tronclass.com.tw/public-manual/TronclassManual_Administrator.pdf',",tronclass.com.tw,raw/ilearn.thu.edu.tw/course_library.html,https://ilearn.thu.edu.tw/course_library,absolute-url
"https://tronclass.com.tw/public-manual/manual-teacher.html',",tronclass.com.tw,raw/ilearn.thu.edu.tw/course_library.html,https://ilearn.thu.edu.tw/course_library,absolute-url
"https://tronclass.com.tw/public-manual/TronclassManual_Student.pdf',",tronclass.com.tw,raw/ilearn.thu.edu.tw/course_library.html,https://ilearn.thu.edu.tw/course_library,absolute-url
"https://tronclass.com.tw/public-manual/TronclassManual_App.pdf',",tronclass.com.tw,raw/ilearn.thu.edu.tw/course_library.html,https://ilearn.thu.edu.tw/course_library,absolute-url
https://support.tronclass.com',support.tronclass.com',raw/ilearn.thu.edu.tw/course_library.html,https://ilearn.thu.edu.tw/course_library,absolute-url
https://ilearn.thu.edu.tw/market,ilearn.thu.edu.tw,raw/ilearn.thu.edu.tw/course_library.html,https://ilearn.thu.edu.tw/course_library,absolute-url
"https://ilearn.thu.edu.tw/chatbot/chatbot.umd.js',",ilearn.thu.edu.tw,raw/ilearn.thu.edu.tw/course_library.html,https://ilearn.thu.edu.tw/course_library,absolute-url
https://www.youtube.com/iframe_api,www.youtube.com,raw/ilearn.thu.edu.tw/course_library.html,https://ilearn.thu.edu.tw/course_library,absolute-url
https://ilearn.thu.edu.tw/video-editor',ilearn.thu.edu.tw,raw/ilearn.thu.edu.tw/course_library.html,https://ilearn.thu.edu.tw/course_library,absolute-url
https://get.adobe.com/flashplayer/,get.adobe.com,raw/ilearn.thu.edu.tw/course_library.html,https://ilearn.thu.edu.tw/course_library,absolute-url
https://ilearn.thu.edu.tw/,ilearn.thu.edu.tw,raw/ilearn.thu.edu.tw/course_library/parent_id/_parent_id.html,https://ilearn.thu.edu.tw/course_library/parent_id/:parent_id,absolute-url
https://www.googletagmanager.com/gtag/js,www.googletagmanager.com,raw/ilearn.thu.edu.tw/course_library/parent_id/_parent_id.html,https://ilearn.thu.edu.tw/course_library/parent_id/:parent_id,absolute-url
https://github.com/OWASP/CheatSheetSeries/blob/master/cheatsheets/Clickjacking_Defense_Cheat_Sheet.md#best-for-now-legacy-browser-frame-breaking-script--,github.com,raw/ilearn.thu.edu.tw/course_library/parent_id/_parent_id.html,https://ilearn.thu.edu.tw/course_library/parent_id/:parent_id,absolute-url
https://bam.nr-data.net,bam.nr-data.net,raw/ilearn.thu.edu.tw/course_library/parent_id/_parent_id.html,https://ilearn.thu.edu.tw/course_library/parent_id/:parent_id,absolute-url
https://www.google-analytics.com,www.google-analytics.com,raw/ilearn.thu.edu.tw/course_library/parent_id/_parent_id.html,https://ilearn.thu.edu.tw/course_library/parent_id/:parent_id,absolute-url
"https://tronclass.com.tw/public-manual/TronclassManual_System_Admin.pdf',",tronclass.com.tw,raw/ilearn.thu.edu.tw/course_library/parent_id/_parent_id.html,https://ilearn.thu.edu.tw/course_library/parent_id/:parent_id,absolute-url
"https://tronclass.com.tw/public-manual/TronclassManual_Administrator.pdf',",tronclass.com.tw,raw/ilearn.thu.edu.tw/course_library/parent_id/_parent_id.html,https://ilearn.thu.edu.tw/course_library/parent_id/:parent_id,absolute-url
"https://tronclass.com.tw/public-manual/manual-teacher.html',",tronclass.com.tw,raw/ilearn.thu.edu.tw/course_library/parent_id/_parent_id.html,https://ilearn.thu.edu.tw/course_library/parent_id/:parent_id,absolute-url
"https://tronclass.com.tw/public-manual/TronclassManual_Student.pdf',",tronclass.com.tw,raw/ilearn.thu.edu.tw/course_library/parent_id/_parent_id.html,https://ilearn.thu.edu.tw/course_library/parent_id/:parent_id,absolute-url
"https://tronclass.com.tw/public-manual/TronclassManual_App.pdf',",tronclass.com.tw,raw/ilearn.thu.edu.tw/course_library/parent_id/_parent_id.html,https://ilearn.thu.edu.tw/course_library/parent_id/:parent_id,absolute-url
https://support.tronclass.com',support.tronclass.com',raw/ilearn.thu.edu.tw/course_library/parent_id/_parent_id.html,https://ilearn.thu.edu.tw/course_library/parent_id/:parent_id,absolute-url
https://ilearn.thu.edu.tw/market,ilearn.thu.edu.tw,raw/ilearn.thu.edu.tw/course_library/parent_id/_parent_id.html,https://ilearn.thu.edu.tw/course_library/parent_id/:parent_id,absolute-url
"https://ilearn.thu.edu.tw/chatbot/chatbot.umd.js',",ilearn.thu.edu.tw,raw/ilearn.thu.edu.tw/course_library/parent_id/_parent_id.html,https://ilearn.thu.edu.tw/course_library/parent_id/:parent_id,absolute-url
https://www.youtube.com/iframe_api,www.youtube.com,raw/ilearn.thu.edu.tw/course_library/parent_id/_parent_id.html,https://ilearn.thu.edu.tw/course_library/parent_id/:parent_id,absolute-url
https://ilearn.thu.edu.tw/video-editor',ilearn.thu.edu.tw,raw/ilearn.thu.edu.tw/course_library/parent_id/_parent_id.html,https://ilearn.thu.edu.tw/course_library/parent_id/:parent_id,absolute-url
https://get.adobe.com/flashplayer/,get.adobe.com,raw/ilearn.thu.edu.tw/course_library/parent_id/_parent_id.html,https://ilearn.thu.edu.tw/course_library/parent_id/:parent_id,absolute-url
https://ilearn.thu.edu.tw/,ilearn.thu.edu.tw,raw/ilearn.thu.edu.tw/courses.html,https://ilearn.thu.edu.tw/courses,absolute-url
https://www.googletagmanager.com/gtag/js,www.googletagmanager.com,raw/ilearn.thu.edu.tw/courses.html,https://ilearn.thu.edu.tw/courses,absolute-url
https://github.com/OWASP/CheatSheetSeries/blob/master/cheatsheets/Clickjacking_Defense_Cheat_Sheet.md#best-for-now-legacy-browser-frame-breaking-script--,github.com,raw/ilearn.thu.edu.tw/courses.html,https://ilearn.thu.edu.tw/courses,absolute-url
https://bam.nr-data.net,bam.nr-data.net,raw/ilearn.thu.edu.tw/courses.html,https://ilearn.thu.edu.tw/courses,absolute-url
https://www.google-analytics.com,www.google-analytics.com,raw/ilearn.thu.edu.tw/courses.html,https://ilearn.thu.edu.tw/courses,absolute-url
"https://tronclass.com.tw/public-manual/TronclassManual_System_Admin.pdf',",tronclass.com.tw,raw/ilearn.thu.edu.tw/courses.html,https://ilearn.thu.edu.tw/courses,absolute-url
"https://tronclass.com.tw/public-manual/TronclassManual_Administrator.pdf',",tronclass.com.tw,raw/ilearn.thu.edu.tw/courses.html,https://ilearn.thu.edu.tw/courses,absolute-url
"https://tronclass.com.tw/public-manual/manual-teacher.html',",tronclass.com.tw,raw/ilearn.thu.edu.tw/courses.html,https://ilearn.thu.edu.tw/courses,absolute-url
"https://tronclass.com.tw/public-manual/TronclassManual_Student.pdf',",tronclass.com.tw,raw/ilearn.thu.edu.tw/courses.html,https://ilearn.thu.edu.tw/courses,absolute-url
"https://tronclass.com.tw/public-manual/TronclassManual_App.pdf',",tronclass.com.tw,raw/ilearn.thu.edu.tw/courses.html,https://ilearn.thu.edu.tw/courses,absolute-url
https://support.tronclass.com',support.tronclass.com',raw/ilearn.thu.edu.tw/courses.html,https://ilearn.thu.edu.tw/courses,absolute-url
https://ilearn.thu.edu.tw/market,ilearn.thu.edu.tw,raw/ilearn.thu.edu.tw/courses.html,https://ilearn.thu.edu.tw/courses,absolute-url
"https://ilearn.thu.edu.tw/chatbot/chatbot.umd.js',",ilearn.thu.edu.tw,raw/ilearn.thu.edu.tw/courses.html,https://ilearn.thu.edu.tw/courses,absolute-url
https://www.youtube.com/iframe_api,www.youtube.com,raw/ilearn.thu.edu.tw/courses.html,https://ilearn.thu.edu.tw/courses,absolute-url
https://ilearn.thu.edu.tw/video-editor',ilearn.thu.edu.tw,raw/ilearn.thu.edu.tw/courses.html,https://ilearn.thu.edu.tw/courses,absolute-url
https://get.adobe.com/flashplayer/,get.adobe.com,raw/ilearn.thu.edu.tw/courses.html,https://ilearn.thu.edu.tw/courses,absolute-url
https://ilearn.thu.edu.tw/,ilearn.thu.edu.tw,raw/ilearn.thu.edu.tw/courses-for-copy.html,https://ilearn.thu.edu.tw/courses-for-copy,absolute-url
https://www.googletagmanager.com/gtag/js,www.googletagmanager.com,raw/ilearn.thu.edu.tw/courses-for-copy.html,https://ilearn.thu.edu.tw/courses-for-copy,absolute-url
https://github.com/OWASP/CheatSheetSeries/blob/master/cheatsheets/Clickjacking_Defense_Cheat_Sheet.md#best-for-now-legacy-browser-frame-breaking-script--,github.com,raw/ilearn.thu.edu.tw/courses-for-copy.html,https://ilearn.thu.edu.tw/courses-for-copy,absolute-url
https://bam.nr-data.net,bam.nr-data.net,raw/ilearn.thu.edu.tw/courses-for-copy.html,https://ilearn.thu.edu.tw/courses-for-copy,absolute-url
https://www.google-analytics.com,www.google-analytics.com,raw/ilearn.thu.edu.tw/courses-for-copy.html,https://ilearn.thu.edu.tw/courses-for-copy,absolute-url
"https://tronclass.com.tw/public-manual/TronclassManual_System_Admin.pdf',",tronclass.com.tw,raw/ilearn.thu.edu.tw/courses-for-copy.html,https://ilearn.thu.edu.tw/courses-for-copy,absolute-url
"https://tronclass.com.tw/public-manual/TronclassManual_Administrator.pdf',",tronclass.com.tw,raw/ilearn.thu.edu.tw/courses-for-copy.html,https://ilearn.thu.edu.tw/courses-for-copy,absolute-url
"https://tronclass.com.tw/public-manual/manual-teacher.html',",tronclass.com.tw,raw/ilearn.thu.edu.tw/courses-for-copy.html,https://ilearn.thu.edu.tw/courses-for-copy,absolute-url
"https://tronclass.com.tw/public-manual/TronclassManual_Student.pdf',",tronclass.com.tw,raw/ilearn.thu.edu.tw/courses-for-copy.html,https://ilearn.thu.edu.tw/courses-for-copy,absolute-url
"https://tronclass.com.tw/public-manual/TronclassManual_App.pdf',",tronclass.com.tw,raw/ilearn.thu.edu.tw/courses-for-copy.html,https://ilearn.thu.edu.tw/courses-for-copy,absolute-url
https://support.tronclass.com',support.tronclass.com',raw/ilearn.thu.edu.tw/courses-for-copy.html,https://ilearn.thu.edu.tw/courses-for-copy,absolute-url
https://ilearn.thu.edu.tw/market,ilearn.thu.edu.tw,raw/ilearn.thu.edu.tw/courses-for-copy.html,https://ilearn.thu.edu.tw/courses-for-copy,absolute-url
"https://ilearn.thu.edu.tw/chatbot/chatbot.umd.js',",ilearn.thu.edu.tw,raw/ilearn.thu.edu.tw/courses-for-copy.html,https://ilearn.thu.edu.tw/courses-for-copy,absolute-url
https://www.youtube.com/iframe_api,www.youtube.com,raw/ilearn.thu.edu.tw/courses-for-copy.html,https://ilearn.thu.edu.tw/courses-for-copy,absolute-url
https://ilearn.thu.edu.tw/video-editor',ilearn.thu.edu.tw,raw/ilearn.thu.edu.tw/courses-for-copy.html,https://ilearn.thu.edu.tw/courses-for-copy,absolute-url
https://get.adobe.com/flashplayer/,get.adobe.com,raw/ilearn.thu.edu.tw/courses-for-copy.html,https://ilearn.thu.edu.tw/courses-for-copy,absolute-url
https://ilearn.thu.edu.tw/,ilearn.thu.edu.tw,raw/ilearn.thu.edu.tw/courses-group/index.html,https://ilearn.thu.edu.tw/courses-group/,absolute-url
https://www.googletagmanager.com/gtag/js,www.googletagmanager.com,raw/ilearn.thu.edu.tw/courses-group/index.html,https://ilearn.thu.edu.tw/courses-group/,absolute-url
https://github.com/OWASP/CheatSheetSeries/blob/master/cheatsheets/Clickjacking_Defense_Cheat_Sheet.md#best-for-now-legacy-browser-frame-breaking-script--,github.com,raw/ilearn.thu.edu.tw/courses-group/index.html,https://ilearn.thu.edu.tw/courses-group/,absolute-url
https://bam.nr-data.net,bam.nr-data.net,raw/ilearn.thu.edu.tw/courses-group/index.html,https://ilearn.thu.edu.tw/courses-group/,absolute-url
https://www.google-analytics.com,www.google-analytics.com,raw/ilearn.thu.edu.tw/courses-group/index.html,https://ilearn.thu.edu.tw/courses-group/,absolute-url
"https://tronclass.com.tw/public-manual/TronclassManual_System_Admin.pdf',",tronclass.com.tw,raw/ilearn.thu.edu.tw/courses-group/index.html,https://ilearn.thu.edu.tw/courses-group/,absolute-url
"https://tronclass.com.tw/public-manual/TronclassManual_Administrator.pdf',",tronclass.com.tw,raw/ilearn.thu.edu.tw/courses-group/index.html,https://ilearn.thu.edu.tw/courses-group/,absolute-url
"https://tronclass.com.tw/public-manual/manual-teacher.html',",tronclass.com.tw,raw/ilearn.thu.edu.tw/courses-group/index.html,https://ilearn.thu.edu.tw/courses-group/,absolute-url
"https://tronclass.com.tw/public-manual/TronclassManual_Student.pdf',",tronclass.com.tw,raw/ilearn.thu.edu.tw/courses-group/index.html,https://ilearn.thu.edu.tw/courses-group/,absolute-url
"https://tronclass.com.tw/public-manual/TronclassManual_App.pdf',",tronclass.com.tw,raw/ilearn.thu.edu.tw/courses-group/index.html,https://ilearn.thu.edu.tw/courses-group/,absolute-url
https://support.tronclass.com',support.tronclass.com',raw/ilearn.thu.edu.tw/courses-group/index.html,https://ilearn.thu.edu.tw/courses-group/,absolute-url
https://ilearn.thu.edu.tw/market,ilearn.thu.edu.tw,raw/ilearn.thu.edu.tw/courses-group/index.html,https://ilearn.thu.edu.tw/courses-group/,absolute-url
"https://ilearn.thu.edu.tw/chatbot/chatbot.umd.js',",ilearn.thu.edu.tw,raw/ilearn.thu.edu.tw/courses-group/index.html,https://ilearn.thu.edu.tw/courses-group/,absolute-url
https://www.youtube.com/iframe_api,www.youtube.com,raw/ilearn.thu.edu.tw/courses-group/index.html,https://ilearn.thu.edu.tw/courses-group/,absolute-url
https://ilearn.thu.edu.tw/video-editor',ilearn.thu.edu.tw,raw/ilearn.thu.edu.tw/courses-group/index.html,https://ilearn.thu.edu.tw/courses-group/,absolute-url
https://get.adobe.com/flashplayer/,get.adobe.com,raw/ilearn.thu.edu.tw/courses-group/index.html,https://ilearn.thu.edu.tw/courses-group/,absolute-url
https://ilearn.thu.edu.tw/,ilearn.thu.edu.tw,raw/ilearn.thu.edu.tw/courses-number.html,https://ilearn.thu.edu.tw/courses-number,absolute-url
https://www.googletagmanager.com/gtag/js,www.googletagmanager.com,raw/ilearn.thu.edu.tw/courses-number.html,https://ilearn.thu.edu.tw/courses-number,absolute-url
https://github.com/OWASP/CheatSheetSeries/blob/master/cheatsheets/Clickjacking_Defense_Cheat_Sheet.md#best-for-now-legacy-browser-frame-breaking-script--,github.com,raw/ilearn.thu.edu.tw/courses-number.html,https://ilearn.thu.edu.tw/courses-number,absolute-url
https://bam.nr-data.net,bam.nr-data.net,raw/ilearn.thu.edu.tw/courses-number.html,https://ilearn.thu.edu.tw/courses-number,absolute-url
https://www.google-analytics.com,www.google-analytics.com,raw/ilearn.thu.edu.tw/courses-number.html,https://ilearn.thu.edu.tw/courses-number,absolute-url
"https://tronclass.com.tw/public-manual/TronclassManual_System_Admin.pdf',",tronclass.com.tw,raw/ilearn.thu.edu.tw/courses-number.html,https://ilearn.thu.edu.tw/courses-number,absolute-url
"https://tronclass.com.tw/public-manual/TronclassManual_Administrator.pdf',",tronclass.com.tw,raw/ilearn.thu.edu.tw/courses-number.html,https://ilearn.thu.edu.tw/courses-number,absolute-url
"https://tronclass.com.tw/public-manual/manual-teacher.html',",tronclass.com.tw,raw/ilearn.thu.edu.tw/courses-number.html,https://ilearn.thu.edu.tw/courses-number,absolute-url
"https://tronclass.com.tw/public-manual/TronclassManual_Student.pdf',",tronclass.com.tw,raw/ilearn.thu.edu.tw/courses-number.html,https://ilearn.thu.edu.tw/courses-number,absolute-url
"https://tronclass.com.tw/public-manual/TronclassManual_App.pdf',",tronclass.com.tw,raw/ilearn.thu.edu.tw/courses-number.html,https://ilearn.thu.edu.tw/courses-number,absolute-url
https://support.tronclass.com',support.tronclass.com',raw/ilearn.thu.edu.tw/courses-number.html,https://ilearn.thu.edu.tw/courses-number,absolute-url
https://ilearn.thu.edu.tw/market,ilearn.thu.edu.tw,raw/ilearn.thu.edu.tw/courses-number.html,https://ilearn.thu.edu.tw/courses-number,absolute-url
"https://ilearn.thu.edu.tw/chatbot/chatbot.umd.js',",ilearn.thu.edu.tw,raw/ilearn.thu.edu.tw/courses-number.html,https://ilearn.thu.edu.tw/courses-number,absolute-url
https://www.youtube.com/iframe_api,www.youtube.com,raw/ilearn.thu.edu.tw/courses-number.html,https://ilearn.thu.edu.tw/courses-number,absolute-url
https://ilearn.thu.edu.tw/video-editor',ilearn.thu.edu.tw,raw/ilearn.thu.edu.tw/courses-number.html,https://ilearn.thu.edu.tw/courses-number,absolute-url
https://get.adobe.com/flashplayer/,get.adobe.com,raw/ilearn.thu.edu.tw/courses-number.html,https://ilearn.thu.edu.tw/courses-number,absolute-url
https://ilearn.thu.edu.tw/,ilearn.thu.edu.tw,raw/ilearn.thu.edu.tw/courses-to-merged.html,https://ilearn.thu.edu.tw/courses-to-merged,absolute-url
https://www.googletagmanager.com/gtag/js,www.googletagmanager.com,raw/ilearn.thu.edu.tw/courses-to-merged.html,https://ilearn.thu.edu.tw/courses-to-merged,absolute-url
https://github.com/OWASP/CheatSheetSeries/blob/master/cheatsheets/Clickjacking_Defense_Cheat_Sheet.md#best-for-now-legacy-browser-frame-breaking-script--,github.com,raw/ilearn.thu.edu.tw/courses-to-merged.html,https://ilearn.thu.edu.tw/courses-to-merged,absolute-url
https://bam.nr-data.net,bam.nr-data.net,raw/ilearn.thu.edu.tw/courses-to-merged.html,https://ilearn.thu.edu.tw/courses-to-merged,absolute-url
https://www.google-analytics.com,www.google-analytics.com,raw/ilearn.thu.edu.tw/courses-to-merged.html,https://ilearn.thu.edu.tw/courses-to-merged,absolute-url
"https://tronclass.com.tw/public-manual/TronclassManual_System_Admin.pdf',",tronclass.com.tw,raw/ilearn.thu.edu.tw/courses-to-merged.html,https://ilearn.thu.edu.tw/courses-to-merged,absolute-url
"https://tronclass.com.tw/public-manual/TronclassManual_Administrator.pdf',",tronclass.com.tw,raw/ilearn.thu.edu.tw/courses-to-merged.html,https://ilearn.thu.edu.tw/courses-to-merged,absolute-url
"https://tronclass.com.tw/public-manual/manual-teacher.html',",tronclass.com.tw,raw/ilearn.thu.edu.tw/courses-to-merged.html,https://ilearn.thu.edu.tw/courses-to-merged,absolute-url
"https://tronclass.com.tw/public-manual/TronclassManual_Student.pdf',",tronclass.com.tw,raw/ilearn.thu.edu.tw/courses-to-merged.html,https://ilearn.thu.edu.tw/courses-to-merged,absolute-url
"https://tronclass.com.tw/public-manual/TronclassManual_App.pdf',",tronclass.com.tw,raw/ilearn.thu.edu.tw/courses-to-merged.html,https://ilearn.thu.edu.tw/courses-to-merged,absolute-url
https://support.tronclass.com',support.tronclass.com',raw/ilearn.thu.edu.tw/courses-to-merged.html,https://ilearn.thu.edu.tw/courses-to-merged,absolute-url
https://ilearn.thu.edu.tw/market,ilearn.thu.edu.tw,raw/ilearn.thu.edu.tw/courses-to-merged.html,https://ilearn.thu.edu.tw/courses-to-merged,absolute-url
"https://ilearn.thu.edu.tw/chatbot/chatbot.umd.js',",ilearn.thu.edu.tw,raw/ilearn.thu.edu.tw/courses-to-merged.html,https://ilearn.thu.edu.tw/courses-to-merged,absolute-url
https://www.youtube.com/iframe_api,www.youtube.com,raw/ilearn.thu.edu.tw/courses-to-merged.html,https://ilearn.thu.edu.tw/courses-to-merged,absolute-url
https://ilearn.thu.edu.tw/video-editor',ilearn.thu.edu.tw,raw/ilearn.thu.edu.tw/courses-to-merged.html,https://ilearn.thu.edu.tw/courses-to-merged,absolute-url
https://get.adobe.com/flashplayer/,get.adobe.com,raw/ilearn.thu.edu.tw/courses-to-merged.html,https://ilearn.thu.edu.tw/courses-to-merged,absolute-url
https://ilearn.thu.edu.tw/,ilearn.thu.edu.tw,raw/ilearn.thu.edu.tw/courses/index.html,https://ilearn.thu.edu.tw/courses/,absolute-url
https://www.googletagmanager.com/gtag/js,www.googletagmanager.com,raw/ilearn.thu.edu.tw/courses/index.html,https://ilearn.thu.edu.tw/courses/,absolute-url
https://github.com/OWASP/CheatSheetSeries/blob/master/cheatsheets/Clickjacking_Defense_Cheat_Sheet.md#best-for-now-legacy-browser-frame-breaking-script--,github.com,raw/ilearn.thu.edu.tw/courses/index.html,https://ilearn.thu.edu.tw/courses/,absolute-url
https://bam.nr-data.net,bam.nr-data.net,raw/ilearn.thu.edu.tw/courses/index.html,https://ilearn.thu.edu.tw/courses/,absolute-url
https://www.google-analytics.com,www.google-analytics.com,raw/ilearn.thu.edu.tw/courses/index.html,https://ilearn.thu.edu.tw/courses/,absolute-url
"https://tronclass.com.tw/public-manual/TronclassManual_System_Admin.pdf',",tronclass.com.tw,raw/ilearn.thu.edu.tw/courses/index.html,https://ilearn.thu.edu.tw/courses/,absolute-url
"https://tronclass.com.tw/public-manual/TronclassManual_Administrator.pdf',",tronclass.com.tw,raw/ilearn.thu.edu.tw/courses/index.html,https://ilearn.thu.edu.tw/courses/,absolute-url
"https://tronclass.com.tw/public-manual/manual-teacher.html',",tronclass.com.tw,raw/ilearn.thu.edu.tw/courses/index.html,https://ilearn.thu.edu.tw/courses/,absolute-url
"https://tronclass.com.tw/public-manual/TronclassManual_Student.pdf',",tronclass.com.tw,raw/ilearn.thu.edu.tw/courses/index.html,https://ilearn.thu.edu.tw/courses/,absolute-url
"https://tronclass.com.tw/public-manual/TronclassManual_App.pdf',",tronclass.com.tw,raw/ilearn.thu.edu.tw/courses/index.html,https://ilearn.thu.edu.tw/courses/,absolute-url
https://support.tronclass.com',support.tronclass.com',raw/ilearn.thu.edu.tw/courses/index.html,https://ilearn.thu.edu.tw/courses/,absolute-url
https://ilearn.thu.edu.tw/market,ilearn.thu.edu.tw,raw/ilearn.thu.edu.tw/courses/index.html,https://ilearn.thu.edu.tw/courses/,absolute-url
"https://ilearn.thu.edu.tw/chatbot/chatbot.umd.js',",ilearn.thu.edu.tw,raw/ilearn.thu.edu.tw/courses/index.html,https://ilearn.thu.edu.tw/courses/,absolute-url
https://www.youtube.com/iframe_api,www.youtube.com,raw/ilearn.thu.edu.tw/courses/index.html,https://ilearn.thu.edu.tw/courses/,absolute-url
https://ilearn.thu.edu.tw/video-editor',ilearn.thu.edu.tw,raw/ilearn.thu.edu.tw/courses/index.html,https://ilearn.thu.edu.tw/courses/,absolute-url
https://get.adobe.com/flashplayer/,get.adobe.com,raw/ilearn.thu.edu.tw/courses/index.html,https://ilearn.thu.edu.tw/courses/,absolute-url
https://ilearn.thu.edu.tw/,ilearn.thu.edu.tw,raw/ilearn.thu.edu.tw/courses/avatarSmallUrl.html,https://ilearn.thu.edu.tw/courses/avatarSmallUrl,absolute-url
https://www.googletagmanager.com/gtag/js,www.googletagmanager.com,raw/ilearn.thu.edu.tw/courses/avatarSmallUrl.html,https://ilearn.thu.edu.tw/courses/avatarSmallUrl,absolute-url
https://github.com/OWASP/CheatSheetSeries/blob/master/cheatsheets/Clickjacking_Defense_Cheat_Sheet.md#best-for-now-legacy-browser-frame-breaking-script--,github.com,raw/ilearn.thu.edu.tw/courses/avatarSmallUrl.html,https://ilearn.thu.edu.tw/courses/avatarSmallUrl,absolute-url
https://bam.nr-data.net,bam.nr-data.net,raw/ilearn.thu.edu.tw/courses/avatarSmallUrl.html,https://ilearn.thu.edu.tw/courses/avatarSmallUrl,absolute-url
https://www.google-analytics.com,www.google-analytics.com,raw/ilearn.thu.edu.tw/courses/avatarSmallUrl.html,https://ilearn.thu.edu.tw/courses/avatarSmallUrl,absolute-url
"https://tronclass.com.tw/public-manual/TronclassManual_System_Admin.pdf',",tronclass.com.tw,raw/ilearn.thu.edu.tw/courses/avatarSmallUrl.html,https://ilearn.thu.edu.tw/courses/avatarSmallUrl,absolute-url
"https://tronclass.com.tw/public-manual/TronclassManual_Administrator.pdf',",tronclass.com.tw,raw/ilearn.thu.edu.tw/courses/avatarSmallUrl.html,https://ilearn.thu.edu.tw/courses/avatarSmallUrl,absolute-url
"https://tronclass.com.tw/public-manual/manual-teacher.html',",tronclass.com.tw,raw/ilearn.thu.edu.tw/courses/avatarSmallUrl.html,https://ilearn.thu.edu.tw/courses/avatarSmallUrl,absolute-url
"https://tronclass.com.tw/public-manual/TronclassManual_Student.pdf',",tronclass.com.tw,raw/ilearn.thu.edu.tw/courses/avatarSmallUrl.html,https://ilearn.thu.edu.tw/courses/avatarSmallUrl,absolute-url
"https://tronclass.com.tw/public-manual/TronclassManual_App.pdf',",tronclass.com.tw,raw/ilearn.thu.edu.tw/courses/avatarSmallUrl.html,https://ilearn.thu.edu.tw/courses/avatarSmallUrl,absolute-url
https://support.tronclass.com',support.tronclass.com',raw/ilearn.thu.edu.tw/courses/avatarSmallUrl.html,https://ilearn.thu.edu.tw/courses/avatarSmallUrl,absolute-url
https://ilearn.thu.edu.tw/market,ilearn.thu.edu.tw,raw/ilearn.thu.edu.tw/courses/avatarSmallUrl.html,https://ilearn.thu.edu.tw/courses/avatarSmallUrl,absolute-url
"https://ilearn.thu.edu.tw/chatbot/chatbot.umd.js',",ilearn.thu.edu.tw,raw/ilearn.thu.edu.tw/courses/avatarSmallUrl.html,https://ilearn.thu.edu.tw/courses/avatarSmallUrl,absolute-url
https://www.youtube.com/iframe_api,www.youtube.com,raw/ilearn.thu.edu.tw/courses/avatarSmallUrl.html,https://ilearn.thu.edu.tw/courses/avatarSmallUrl,absolute-url
https://ilearn.thu.edu.tw/video-editor',ilearn.thu.edu.tw,raw/ilearn.thu.edu.tw/courses/avatarSmallUrl.html,https://ilearn.thu.edu.tw/courses/avatarSmallUrl,absolute-url
https://get.adobe.com/flashplayer/,get.adobe.com,raw/ilearn.thu.edu.tw/courses/avatarSmallUrl.html,https://ilearn.thu.edu.tw/courses/avatarSmallUrl,absolute-url
https://ilearn.thu.edu.tw/,ilearn.thu.edu.tw,raw/ilearn.thu.edu.tw/courses/capture_url.html,https://ilearn.thu.edu.tw/courses/capture_url,absolute-url
https://www.googletagmanager.com/gtag/js,www.googletagmanager.com,raw/ilearn.thu.edu.tw/courses/capture_url.html,https://ilearn.thu.edu.tw/courses/capture_url,absolute-url
https://github.com/OWASP/CheatSheetSeries/blob/master/cheatsheets/Clickjacking_Defense_Cheat_Sheet.md#best-for-now-legacy-browser-frame-breaking-script--,github.com,raw/ilearn.thu.edu.tw/courses/capture_url.html,https://ilearn.thu.edu.tw/courses/capture_url,absolute-url
https://bam.nr-data.net,bam.nr-data.net,raw/ilearn.thu.edu.tw/courses/capture_url.html,https://ilearn.thu.edu.tw/courses/capture_url,absolute-url
https://www.google-analytics.com,www.google-analytics.com,raw/ilearn.thu.edu.tw/courses/capture_url.html,https://ilearn.thu.edu.tw/courses/capture_url,absolute-url
"https://tronclass.com.tw/public-manual/TronclassManual_System_Admin.pdf',",tronclass.com.tw,raw/ilearn.thu.edu.tw/courses/capture_url.html,https://ilearn.thu.edu.tw/courses/capture_url,absolute-url
"https://tronclass.com.tw/public-manual/TronclassManual_Administrator.pdf',",tronclass.com.tw,raw/ilearn.thu.edu.tw/courses/capture_url.html,https://ilearn.thu.edu.tw/courses/capture_url,absolute-url
"https://tronclass.com.tw/public-manual/manual-teacher.html',",tronclass.com.tw,raw/ilearn.thu.edu.tw/courses/capture_url.html,https://ilearn.thu.edu.tw/courses/capture_url,absolute-url
"https://tronclass.com.tw/public-manual/TronclassManual_Student.pdf',",tronclass.com.tw,raw/ilearn.thu.edu.tw/courses/capture_url.html,https://ilearn.thu.edu.tw/courses/capture_url,absolute-url
"https://tronclass.com.tw/public-manual/TronclassManual_App.pdf',",tronclass.com.tw,raw/ilearn.thu.edu.tw/courses/capture_url.html,https://ilearn.thu.edu.tw/courses/capture_url,absolute-url
https://support.tronclass.com',support.tronclass.com',raw/ilearn.thu.edu.tw/courses/capture_url.html,https://ilearn.thu.edu.tw/courses/capture_url,absolute-url
https://ilearn.thu.edu.tw/market,ilearn.thu.edu.tw,raw/ilearn.thu.edu.tw/courses/capture_url.html,https://ilearn.thu.edu.tw/courses/capture_url,absolute-url
"https://ilearn.thu.edu.tw/chatbot/chatbot.umd.js',",ilearn.thu.edu.tw,raw/ilearn.thu.edu.tw/courses/capture_url.html,https://ilearn.thu.edu.tw/courses/capture_url,absolute-url
https://www.youtube.com/iframe_api,www.youtube.com,raw/ilearn.thu.edu.tw/courses/capture_url.html,https://ilearn.thu.edu.tw/courses/capture_url,absolute-url
https://ilearn.thu.edu.tw/video-editor',ilearn.thu.edu.tw,raw/ilearn.thu.edu.tw/courses/capture_url.html,https://ilearn.thu.edu.tw/courses/capture_url,absolute-url
https://get.adobe.com/flashplayer/,get.adobe.com,raw/ilearn.thu.edu.tw/courses/capture_url.html,https://ilearn.thu.edu.tw/courses/capture_url,absolute-url
https://ilearn.thu.edu.tw/,ilearn.thu.edu.tw,raw/ilearn.thu.edu.tw/courses/count.html,https://ilearn.thu.edu.tw/courses/count,absolute-url
https://www.googletagmanager.com/gtag/js,www.googletagmanager.com,raw/ilearn.thu.edu.tw/courses/count.html,https://ilearn.thu.edu.tw/courses/count,absolute-url
https://github.com/OWASP/CheatSheetSeries/blob/master/cheatsheets/Clickjacking_Defense_Cheat_Sheet.md#best-for-now-legacy-browser-frame-breaking-script--,github.com,raw/ilearn.thu.edu.tw/courses/count.html,https://ilearn.thu.edu.tw/courses/count,absolute-url
https://bam.nr-data.net,bam.nr-data.net,raw/ilearn.thu.edu.tw/courses/count.html,https://ilearn.thu.edu.tw/courses/count,absolute-url
https://www.google-analytics.com,www.google-analytics.com,raw/ilearn.thu.edu.tw/courses/count.html,https://ilearn.thu.edu.tw/courses/count,absolute-url
"https://tronclass.com.tw/public-manual/TronclassManual_System_Admin.pdf',",tronclass.com.tw,raw/ilearn.thu.edu.tw/courses/count.html,https://ilearn.thu.edu.tw/courses/count,absolute-url
"https://tronclass.com.tw/public-manual/TronclassManual_Administrator.pdf',",tronclass.com.tw,raw/ilearn.thu.edu.tw/courses/count.html,https://ilearn.thu.edu.tw/courses/count,absolute-url
"https://tronclass.com.tw/public-manual/manual-teacher.html',",tronclass.com.tw,raw/ilearn.thu.edu.tw/courses/count.html,https://ilearn.thu.edu.tw/courses/count,absolute-url
"https://tronclass.com.tw/public-manual/TronclassManual_Student.pdf',",tronclass.com.tw,raw/ilearn.thu.edu.tw/courses/count.html,https://ilearn.thu.edu.tw/courses/count,absolute-url
"https://tronclass.com.tw/public-manual/TronclassManual_App.pdf',",tronclass.com.tw,raw/ilearn.thu.edu.tw/courses/count.html,https://ilearn.thu.edu.tw/courses/count,absolute-url
https://support.tronclass.com',support.tronclass.com',raw/ilearn.thu.edu.tw/courses/count.html,https://ilearn.thu.edu.tw/courses/count,absolute-url
https://ilearn.thu.edu.tw/market,ilearn.thu.edu.tw,raw/ilearn.thu.edu.tw/courses/count.html,https://ilearn.thu.edu.tw/courses/count,absolute-url
"https://ilearn.thu.edu.tw/chatbot/chatbot.umd.js',",ilearn.thu.edu.tw,raw/ilearn.thu.edu.tw/courses/count.html,https://ilearn.thu.edu.tw/courses/count,absolute-url
https://www.youtube.com/iframe_api,www.youtube.com,raw/ilearn.thu.edu.tw/courses/count.html,https://ilearn.thu.edu.tw/courses/count,absolute-url
https://ilearn.thu.edu.tw/video-editor',ilearn.thu.edu.tw,raw/ilearn.thu.edu.tw/courses/count.html,https://ilearn.thu.edu.tw/courses/count,absolute-url
https://get.adobe.com/flashplayer/,get.adobe.com,raw/ilearn.thu.edu.tw/courses/count.html,https://ilearn.thu.edu.tw/courses/count,absolute-url
https://ilearn.thu.edu.tw/,ilearn.thu.edu.tw,raw/ilearn.thu.edu.tw/courses/count__q_312ea1bc9c.html,https://ilearn.thu.edu.tw/courses/count?conditions=,absolute-url
https://www.googletagmanager.com/gtag/js,www.googletagmanager.com,raw/ilearn.thu.edu.tw/courses/count__q_312ea1bc9c.html,https://ilearn.thu.edu.tw/courses/count?conditions=,absolute-url
https://github.com/OWASP/CheatSheetSeries/blob/master/cheatsheets/Clickjacking_Defense_Cheat_Sheet.md#best-for-now-legacy-browser-frame-breaking-script--,github.com,raw/ilearn.thu.edu.tw/courses/count__q_312ea1bc9c.html,https://ilearn.thu.edu.tw/courses/count?conditions=,absolute-url
https://bam.nr-data.net,bam.nr-data.net,raw/ilearn.thu.edu.tw/courses/count__q_312ea1bc9c.html,https://ilearn.thu.edu.tw/courses/count?conditions=,absolute-url
https://www.google-analytics.com,www.google-analytics.com,raw/ilearn.thu.edu.tw/courses/count__q_312ea1bc9c.html,https://ilearn.thu.edu.tw/courses/count?conditions=,absolute-url
"https://tronclass.com.tw/public-manual/TronclassManual_System_Admin.pdf',",tronclass.com.tw,raw/ilearn.thu.edu.tw/courses/count__q_312ea1bc9c.html,https://ilearn.thu.edu.tw/courses/count?conditions=,absolute-url
"https://tronclass.com.tw/public-manual/TronclassManual_Administrator.pdf',",tronclass.com.tw,raw/ilearn.thu.edu.tw/courses/count__q_312ea1bc9c.html,https://ilearn.thu.edu.tw/courses/count?conditions=,absolute-url
"https://tronclass.com.tw/public-manual/manual-teacher.html',",tronclass.com.tw,raw/ilearn.thu.edu.tw/courses/count__q_312ea1bc9c.html,https://ilearn.thu.edu.tw/courses/count?conditions=,absolute-url
"https://tronclass.com.tw/public-manual/TronclassManual_Student.pdf',",tronclass.com.tw,raw/ilearn.thu.edu.tw/courses/count__q_312ea1bc9c.html,https://ilearn.thu.edu.tw/courses/count?conditions=,absolute-url
"https://tronclass.com.tw/public-manual/TronclassManual_App.pdf',",tronclass.com.tw,raw/ilearn.thu.edu.tw/courses/count__q_312ea1bc9c.html,https://ilearn.thu.edu.tw/courses/count?conditions=,absolute-url
https://support.tronclass.com',support.tronclass.com',raw/ilearn.thu.edu.tw/courses/count__q_312ea1bc9c.html,https://ilearn.thu.edu.tw/courses/count?conditions=,absolute-url
https://ilearn.thu.edu.tw/market,ilearn.thu.edu.tw,raw/ilearn.thu.edu.tw/courses/count__q_312ea1bc9c.html,https://ilearn.thu.edu.tw/courses/count?conditions=,absolute-url
"https://ilearn.thu.edu.tw/chatbot/chatbot.umd.js',",ilearn.thu.edu.tw,raw/ilearn.thu.edu.tw/courses/count__q_312ea1bc9c.html,https://ilearn.thu.edu.tw/courses/count?conditions=,absolute-url
https://www.youtube.com/iframe_api,www.youtube.com,raw/ilearn.thu.edu.tw/courses/count__q_312ea1bc9c.html,https://ilearn.thu.edu.tw/courses/count?conditions=,absolute-url
https://ilearn.thu.edu.tw/video-editor',ilearn.thu.edu.tw,raw/ilearn.thu.edu.tw/courses/count__q_312ea1bc9c.html,https://ilearn.thu.edu.tw/courses/count?conditions=,absolute-url
https://get.adobe.com/flashplayer/,get.adobe.com,raw/ilearn.thu.edu.tw/courses/count__q_312ea1bc9c.html,https://ilearn.thu.edu.tw/courses/count?conditions=,absolute-url
https://ilearn.thu.edu.tw/,ilearn.thu.edu.tw,raw/ilearn.thu.edu.tw/courses/lesson_resource_url.html,https://ilearn.thu.edu.tw/courses/lesson_resource_url,absolute-url
https://www.googletagmanager.com/gtag/js,www.googletagmanager.com,raw/ilearn.thu.edu.tw/courses/lesson_resource_url.html,https://ilearn.thu.edu.tw/courses/lesson_resource_url,absolute-url
https://github.com/OWASP/CheatSheetSeries/blob/master/cheatsheets/Clickjacking_Defense_Cheat_Sheet.md#best-for-now-legacy-browser-frame-breaking-script--,github.com,raw/ilearn.thu.edu.tw/courses/lesson_resource_url.html,https://ilearn.thu.edu.tw/courses/lesson_resource_url,absolute-url
https://bam.nr-data.net,bam.nr-data.net,raw/ilearn.thu.edu.tw/courses/lesson_resource_url.html,https://ilearn.thu.edu.tw/courses/lesson_resource_url,absolute-url
https://www.google-analytics.com,www.google-analytics.com,raw/ilearn.thu.edu.tw/courses/lesson_resource_url.html,https://ilearn.thu.edu.tw/courses/lesson_resource_url,absolute-url
"https://tronclass.com.tw/public-manual/TronclassManual_System_Admin.pdf',",tronclass.com.tw,raw/ilearn.thu.edu.tw/courses/lesson_resource_url.html,https://ilearn.thu.edu.tw/courses/lesson_resource_url,absolute-url
"https://tronclass.com.tw/public-manual/TronclassManual_Administrator.pdf',",tronclass.com.tw,raw/ilearn.thu.edu.tw/courses/lesson_resource_url.html,https://ilearn.thu.edu.tw/courses/lesson_resource_url,absolute-url
"https://tronclass.com.tw/public-manual/manual-teacher.html',",tronclass.com.tw,raw/ilearn.thu.edu.tw/courses/lesson_resource_url.html,https://ilearn.thu.edu.tw/courses/lesson_resource_url,absolute-url
"https://tronclass.com.tw/public-manual/TronclassManual_Student.pdf',",tronclass.com.tw,raw/ilearn.thu.edu.tw/courses/lesson_resource_url.html,https://ilearn.thu.edu.tw/courses/lesson_resource_url,absolute-url
"https://tronclass.com.tw/public-manual/TronclassManual_App.pdf',",tronclass.com.tw,raw/ilearn.thu.edu.tw/courses/lesson_resource_url.html,https://ilearn.thu.edu.tw/courses/lesson_resource_url,absolute-url
https://support.tronclass.com',support.tronclass.com',raw/ilearn.thu.edu.tw/courses/lesson_resource_url.html,https://ilearn.thu.edu.tw/courses/lesson_resource_url,absolute-url
https://ilearn.thu.edu.tw/market,ilearn.thu.edu.tw,raw/ilearn.thu.edu.tw/courses/lesson_resource_url.html,https://ilearn.thu.edu.tw/courses/lesson_resource_url,absolute-url
"https://ilearn.thu.edu.tw/chatbot/chatbot.umd.js',",ilearn.thu.edu.tw,raw/ilearn.thu.edu.tw/courses/lesson_resource_url.html,https://ilearn.thu.edu.tw/courses/lesson_resource_url,absolute-url
https://www.youtube.com/iframe_api,www.youtube.com,raw/ilearn.thu.edu.tw/courses/lesson_resource_url.html,https://ilearn.thu.edu.tw/courses/lesson_resource_url,absolute-url
https://ilearn.thu.edu.tw/video-editor',ilearn.thu.edu.tw,raw/ilearn.thu.edu.tw/courses/lesson_resource_url.html,https://ilearn.thu.edu.tw/courses/lesson_resource_url,absolute-url
https://get.adobe.com/flashplayer/,get.adobe.com,raw/ilearn.thu.edu.tw/courses/lesson_resource_url.html,https://ilearn.thu.edu.tw/courses/lesson_resource_url,absolute-url
https://ilearn.thu.edu.tw/,ilearn.thu.edu.tw,raw/ilearn.thu.edu.tw/courses/manualUrl.html,https://ilearn.thu.edu.tw/courses/manualUrl,absolute-url
https://www.googletagmanager.com/gtag/js,www.googletagmanager.com,raw/ilearn.thu.edu.tw/courses/manualUrl.html,https://ilearn.thu.edu.tw/courses/manualUrl,absolute-url
https://github.com/OWASP/CheatSheetSeries/blob/master/cheatsheets/Clickjacking_Defense_Cheat_Sheet.md#best-for-now-legacy-browser-frame-breaking-script--,github.com,raw/ilearn.thu.edu.tw/courses/manualUrl.html,https://ilearn.thu.edu.tw/courses/manualUrl,absolute-url
https://bam.nr-data.net,bam.nr-data.net,raw/ilearn.thu.edu.tw/courses/manualUrl.html,https://ilearn.thu.edu.tw/courses/manualUrl,absolute-url
https://www.google-analytics.com,www.google-analytics.com,raw/ilearn.thu.edu.tw/courses/manualUrl.html,https://ilearn.thu.edu.tw/courses/manualUrl,absolute-url
"https://tronclass.com.tw/public-manual/TronclassManual_System_Admin.pdf',",tronclass.com.tw,raw/ilearn.thu.edu.tw/courses/manualUrl.html,https://ilearn.thu.edu.tw/courses/manualUrl,absolute-url
"https://tronclass.com.tw/public-manual/TronclassManual_Administrator.pdf',",tronclass.com.tw,raw/ilearn.thu.edu.tw/courses/manualUrl.html,https://ilearn.thu.edu.tw/courses/manualUrl,absolute-url
"https://tronclass.com.tw/public-manual/manual-teacher.html',",tronclass.com.tw,raw/ilearn.thu.edu.tw/courses/manualUrl.html,https://ilearn.thu.edu.tw/courses/manualUrl,absolute-url
"https://tronclass.com.tw/public-manual/TronclassManual_Student.pdf',",tronclass.com.tw,raw/ilearn.thu.edu.tw/courses/manualUrl.html,https://ilearn.thu.edu.tw/courses/manualUrl,absolute-url
"https://tronclass.com.tw/public-manual/TronclassManual_App.pdf',",tronclass.com.tw,raw/ilearn.thu.edu.tw/courses/manualUrl.html,https://ilearn.thu.edu.tw/courses/manualUrl,absolute-url
https://support.tronclass.com',support.tronclass.com',raw/ilearn.thu.edu.tw/courses/manualUrl.html,https://ilearn.thu.edu.tw/courses/manualUrl,absolute-url
https://ilearn.thu.edu.tw/market,ilearn.thu.edu.tw,raw/ilearn.thu.edu.tw/courses/manualUrl.html,https://ilearn.thu.edu.tw/courses/manualUrl,absolute-url
"https://ilearn.thu.edu.tw/chatbot/chatbot.umd.js',",ilearn.thu.edu.tw,raw/ilearn.thu.edu.tw/courses/manualUrl.html,https://ilearn.thu.edu.tw/courses/manualUrl,absolute-url
https://www.youtube.com/iframe_api,www.youtube.com,raw/ilearn.thu.edu.tw/courses/manualUrl.html,https://ilearn.thu.edu.tw/courses/manualUrl,absolute-url
https://ilearn.thu.edu.tw/video-editor',ilearn.thu.edu.tw,raw/ilearn.thu.edu.tw/courses/manualUrl.html,https://ilearn.thu.edu.tw/courses/manualUrl,absolute-url
https://get.adobe.com/flashplayer/,get.adobe.com,raw/ilearn.thu.edu.tw/courses/manualUrl.html,https://ilearn.thu.edu.tw/courses/manualUrl,absolute-url
https://ilearn.thu.edu.tw/,ilearn.thu.edu.tw,raw/ilearn.thu.edu.tw/courses/public.html,https://ilearn.thu.edu.tw/courses/public,absolute-url
https://www.googletagmanager.com/gtag/js,www.googletagmanager.com,raw/ilearn.thu.edu.tw/courses/public.html,https://ilearn.thu.edu.tw/courses/public,absolute-url
https://github.com/OWASP/CheatSheetSeries/blob/master/cheatsheets/Clickjacking_Defense_Cheat_Sheet.md#best-for-now-legacy-browser-frame-breaking-script--,github.com,raw/ilearn.thu.edu.tw/courses/public.html,https://ilearn.thu.edu.tw/courses/public,absolute-url
https://bam.nr-data.net,bam.nr-data.net,raw/ilearn.thu.edu.tw/courses/public.html,https://ilearn.thu.edu.tw/courses/public,absolute-url
https://www.google-analytics.com,www.google-analytics.com,raw/ilearn.thu.edu.tw/courses/public.html,https://ilearn.thu.edu.tw/courses/public,absolute-url
"https://tronclass.com.tw/public-manual/TronclassManual_System_Admin.pdf',",tronclass.com.tw,raw/ilearn.thu.edu.tw/courses/public.html,https://ilearn.thu.edu.tw/courses/public,absolute-url
"https://tronclass.com.tw/public-manual/TronclassManual_Administrator.pdf',",tronclass.com.tw,raw/ilearn.thu.edu.tw/courses/public.html,https://ilearn.thu.edu.tw/courses/public,absolute-url
"https://tronclass.com.tw/public-manual/manual-teacher.html',",tronclass.com.tw,raw/ilearn.thu.edu.tw/courses/public.html,https://ilearn.thu.edu.tw/courses/public,absolute-url
"https://tronclass.com.tw/public-manual/TronclassManual_Student.pdf',",tronclass.com.tw,raw/ilearn.thu.edu.tw/courses/public.html,https://ilearn.thu.edu.tw/courses/public,absolute-url
"https://tronclass.com.tw/public-manual/TronclassManual_App.pdf',",tronclass.com.tw,raw/ilearn.thu.edu.tw/courses/public.html,https://ilearn.thu.edu.tw/courses/public,absolute-url
https://support.tronclass.com',support.tronclass.com',raw/ilearn.thu.edu.tw/courses/public.html,https://ilearn.thu.edu.tw/courses/public,absolute-url
https://ilearn.thu.edu.tw/market,ilearn.thu.edu.tw,raw/ilearn.thu.edu.tw/courses/public.html,https://ilearn.thu.edu.tw/courses/public,absolute-url
"https://ilearn.thu.edu.tw/chatbot/chatbot.umd.js',",ilearn.thu.edu.tw,raw/ilearn.thu.edu.tw/courses/public.html,https://ilearn.thu.edu.tw/courses/public,absolute-url
https://www.youtube.com/iframe_api,www.youtube.com,raw/ilearn.thu.edu.tw/courses/public.html,https://ilearn.thu.edu.tw/courses/public,absolute-url
https://ilearn.thu.edu.tw/video-editor',ilearn.thu.edu.tw,raw/ilearn.thu.edu.tw/courses/public.html,https://ilearn.thu.edu.tw/courses/public,absolute-url
https://get.adobe.com/flashplayer/,get.adobe.com,raw/ilearn.thu.edu.tw/courses/public.html,https://ilearn.thu.edu.tw/courses/public,absolute-url
https://ilearn.thu.edu.tw/,ilearn.thu.edu.tw,raw/ilearn.thu.edu.tw/courses/public/hot__q_8413e91418.html,https://ilearn.thu.edu.tw/courses/public/hot?limit=12,absolute-url
https://www.googletagmanager.com/gtag/js,www.googletagmanager.com,raw/ilearn.thu.edu.tw/courses/public/hot__q_8413e91418.html,https://ilearn.thu.edu.tw/courses/public/hot?limit=12,absolute-url
https://github.com/OWASP/CheatSheetSeries/blob/master/cheatsheets/Clickjacking_Defense_Cheat_Sheet.md#best-for-now-legacy-browser-frame-breaking-script--,github.com,raw/ilearn.thu.edu.tw/courses/public/hot__q_8413e91418.html,https://ilearn.thu.edu.tw/courses/public/hot?limit=12,absolute-url
https://bam.nr-data.net,bam.nr-data.net,raw/ilearn.thu.edu.tw/courses/public/hot__q_8413e91418.html,https://ilearn.thu.edu.tw/courses/public/hot?limit=12,absolute-url
https://www.google-analytics.com,www.google-analytics.com,raw/ilearn.thu.edu.tw/courses/public/hot__q_8413e91418.html,https://ilearn.thu.edu.tw/courses/public/hot?limit=12,absolute-url
"https://tronclass.com.tw/public-manual/TronclassManual_System_Admin.pdf',",tronclass.com.tw,raw/ilearn.thu.edu.tw/courses/public/hot__q_8413e91418.html,https://ilearn.thu.edu.tw/courses/public/hot?limit=12,absolute-url
"https://tronclass.com.tw/public-manual/TronclassManual_Administrator.pdf',",tronclass.com.tw,raw/ilearn.thu.edu.tw/courses/public/hot__q_8413e91418.html,https://ilearn.thu.edu.tw/courses/public/hot?limit=12,absolute-url
"https://tronclass.com.tw/public-manual/manual-teacher.html',",tronclass.com.tw,raw/ilearn.thu.edu.tw/courses/public/hot__q_8413e91418.html,https://ilearn.thu.edu.tw/courses/public/hot?limit=12,absolute-url
"https://tronclass.com.tw/public-manual/TronclassManual_Student.pdf',",tronclass.com.tw,raw/ilearn.thu.edu.tw/courses/public/hot__q_8413e91418.html,https://ilearn.thu.edu.tw/courses/public/hot?limit=12,absolute-url
"https://tronclass.com.tw/public-manual/TronclassManual_App.pdf',",tronclass.com.tw,raw/ilearn.thu.edu.tw/courses/public/hot__q_8413e91418.html,https://ilearn.thu.edu.tw/courses/public/hot?limit=12,absolute-url
https://support.tronclass.com',support.tronclass.com',raw/ilearn.thu.edu.tw/courses/public/hot__q_8413e91418.html,https://ilearn.thu.edu.tw/courses/public/hot?limit=12,absolute-url
https://ilearn.thu.edu.tw/market,ilearn.thu.edu.tw,raw/ilearn.thu.edu.tw/courses/public/hot__q_8413e91418.html,https://ilearn.thu.edu.tw/courses/public/hot?limit=12,absolute-url
"https://ilearn.thu.edu.tw/chatbot/chatbot.umd.js',",ilearn.thu.edu.tw,raw/ilearn.thu.edu.tw/courses/public/hot__q_8413e91418.html,https://ilearn.thu.edu.tw/courses/public/hot?limit=12,absolute-url
https://www.youtube.com/iframe_api,www.youtube.com,raw/ilearn.thu.edu.tw/courses/public/hot__q_8413e91418.html,https://ilearn.thu.edu.tw/courses/public/hot?limit=12,absolute-url
https://ilearn.thu.edu.tw/video-editor',ilearn.thu.edu.tw,raw/ilearn.thu.edu.tw/courses/public/hot__q_8413e91418.html,https://ilearn.thu.edu.tw/courses/public/hot?limit=12,absolute-url
https://get.adobe.com/flashplayer/,get.adobe.com,raw/ilearn.thu.edu.tw/courses/public/hot__q_8413e91418.html,https://ilearn.thu.edu.tw/courses/public/hot?limit=12,absolute-url
https://ilearn.thu.edu.tw/,ilearn.thu.edu.tw,raw/ilearn.thu.edu.tw/courses/public/latest__q_1f15a49f42.html,https://ilearn.thu.edu.tw/courses/public/latest?limit=8,absolute-url
https://www.googletagmanager.com/gtag/js,www.googletagmanager.com,raw/ilearn.thu.edu.tw/courses/public/latest__q_1f15a49f42.html,https://ilearn.thu.edu.tw/courses/public/latest?limit=8,absolute-url
https://github.com/OWASP/CheatSheetSeries/blob/master/cheatsheets/Clickjacking_Defense_Cheat_Sheet.md#best-for-now-legacy-browser-frame-breaking-script--,github.com,raw/ilearn.thu.edu.tw/courses/public/latest__q_1f15a49f42.html,https://ilearn.thu.edu.tw/courses/public/latest?limit=8,absolute-url
https://bam.nr-data.net,bam.nr-data.net,raw/ilearn.thu.edu.tw/courses/public/latest__q_1f15a49f42.html,https://ilearn.thu.edu.tw/courses/public/latest?limit=8,absolute-url
https://www.google-analytics.com,www.google-analytics.com,raw/ilearn.thu.edu.tw/courses/public/latest__q_1f15a49f42.html,https://ilearn.thu.edu.tw/courses/public/latest?limit=8,absolute-url
"https://tronclass.com.tw/public-manual/TronclassManual_System_Admin.pdf',",tronclass.com.tw,raw/ilearn.thu.edu.tw/courses/public/latest__q_1f15a49f42.html,https://ilearn.thu.edu.tw/courses/public/latest?limit=8,absolute-url
"https://tronclass.com.tw/public-manual/TronclassManual_Administrator.pdf',",tronclass.com.tw,raw/ilearn.thu.edu.tw/courses/public/latest__q_1f15a49f42.html,https://ilearn.thu.edu.tw/courses/public/latest?limit=8,absolute-url
"https://tronclass.com.tw/public-manual/manual-teacher.html',",tronclass.com.tw,raw/ilearn.thu.edu.tw/courses/public/latest__q_1f15a49f42.html,https://ilearn.thu.edu.tw/courses/public/latest?limit=8,absolute-url
"https://tronclass.com.tw/public-manual/TronclassManual_Student.pdf',",tronclass.com.tw,raw/ilearn.thu.edu.tw/courses/public/latest__q_1f15a49f42.html,https://ilearn.thu.edu.tw/courses/public/latest?limit=8,absolute-url
"https://tronclass.com.tw/public-manual/TronclassManual_App.pdf',",tronclass.com.tw,raw/ilearn.thu.edu.tw/courses/public/latest__q_1f15a49f42.html,https://ilearn.thu.edu.tw/courses/public/latest?limit=8,absolute-url
https://support.tronclass.com',support.tronclass.com',raw/ilearn.thu.edu.tw/courses/public/latest__q_1f15a49f42.html,https://ilearn.thu.edu.tw/courses/public/latest?limit=8,absolute-url
https://ilearn.thu.edu.tw/market,ilearn.thu.edu.tw,raw/ilearn.thu.edu.tw/courses/public/latest__q_1f15a49f42.html,https://ilearn.thu.edu.tw/courses/public/latest?limit=8,absolute-url
"https://ilearn.thu.edu.tw/chatbot/chatbot.umd.js',",ilearn.thu.edu.tw,raw/ilearn.thu.edu.tw/courses/public/latest__q_1f15a49f42.html,https://ilearn.thu.edu.tw/courses/public/latest?limit=8,absolute-url
https://www.youtube.com/iframe_api,www.youtube.com,raw/ilearn.thu.edu.tw/courses/public/latest__q_1f15a49f42.html,https://ilearn.thu.edu.tw/courses/public/latest?limit=8,absolute-url
https://ilearn.thu.edu.tw/video-editor',ilearn.thu.edu.tw,raw/ilearn.thu.edu.tw/courses/public/latest__q_1f15a49f42.html,https://ilearn.thu.edu.tw/courses/public/latest?limit=8,absolute-url
https://get.adobe.com/flashplayer/,get.adobe.com,raw/ilearn.thu.edu.tw/courses/public/latest__q_1f15a49f42.html,https://ilearn.thu.edu.tw/courses/public/latest?limit=8,absolute-url
https://ilearn.thu.edu.tw/,ilearn.thu.edu.tw,raw/ilearn.thu.edu.tw/courses/public/stats.html,https://ilearn.thu.edu.tw/courses/public/stats,absolute-url
https://www.googletagmanager.com/gtag/js,www.googletagmanager.com,raw/ilearn.thu.edu.tw/courses/public/stats.html,https://ilearn.thu.edu.tw/courses/public/stats,absolute-url
https://github.com/OWASP/CheatSheetSeries/blob/master/cheatsheets/Clickjacking_Defense_Cheat_Sheet.md#best-for-now-legacy-browser-frame-breaking-script--,github.com,raw/ilearn.thu.edu.tw/courses/public/stats.html,https://ilearn.thu.edu.tw/courses/public/stats,absolute-url
https://bam.nr-data.net,bam.nr-data.net,raw/ilearn.thu.edu.tw/courses/public/stats.html,https://ilearn.thu.edu.tw/courses/public/stats,absolute-url
https://www.google-analytics.com,www.google-analytics.com,raw/ilearn.thu.edu.tw/courses/public/stats.html,https://ilearn.thu.edu.tw/courses/public/stats,absolute-url
"https://tronclass.com.tw/public-manual/TronclassManual_System_Admin.pdf',",tronclass.com.tw,raw/ilearn.thu.edu.tw/courses/public/stats.html,https://ilearn.thu.edu.tw/courses/public/stats,absolute-url
"https://tronclass.com.tw/public-manual/TronclassManual_Administrator.pdf',",tronclass.com.tw,raw/ilearn.thu.edu.tw/courses/public/stats.html,https://ilearn.thu.edu.tw/courses/public/stats,absolute-url
"https://tronclass.com.tw/public-manual/manual-teacher.html',",tronclass.com.tw,raw/ilearn.thu.edu.tw/courses/public/stats.html,https://ilearn.thu.edu.tw/courses/public/stats,absolute-url
"https://tronclass.com.tw/public-manual/TronclassManual_Student.pdf',",tronclass.com.tw,raw/ilearn.thu.edu.tw/courses/public/stats.html,https://ilearn.thu.edu.tw/courses/public/stats,absolute-url
"https://tronclass.com.tw/public-manual/TronclassManual_App.pdf',",tronclass.com.tw,raw/ilearn.thu.edu.tw/courses/public/stats.html,https://ilearn.thu.edu.tw/courses/public/stats,absolute-url
https://support.tronclass.com',support.tronclass.com',raw/ilearn.thu.edu.tw/courses/public/stats.html,https://ilearn.thu.edu.tw/courses/public/stats,absolute-url
https://ilearn.thu.edu.tw/market,ilearn.thu.edu.tw,raw/ilearn.thu.edu.tw/courses/public/stats.html,https://ilearn.thu.edu.tw/courses/public/stats,absolute-url
"https://ilearn.thu.edu.tw/chatbot/chatbot.umd.js',",ilearn.thu.edu.tw,raw/ilearn.thu.edu.tw/courses/public/stats.html,https://ilearn.thu.edu.tw/courses/public/stats,absolute-url
https://www.youtube.com/iframe_api,www.youtube.com,raw/ilearn.thu.edu.tw/courses/public/stats.html,https://ilearn.thu.edu.tw/courses/public/stats,absolute-url
https://ilearn.thu.edu.tw/video-editor',ilearn.thu.edu.tw,raw/ilearn.thu.edu.tw/courses/public/stats.html,https://ilearn.thu.edu.tw/courses/public/stats,absolute-url
https://get.adobe.com/flashplayer/,get.adobe.com,raw/ilearn.thu.edu.tw/courses/public/stats.html,https://ilearn.thu.edu.tw/courses/public/stats,absolute-url
https://ilearn.thu.edu.tw/,ilearn.thu.edu.tw,raw/ilearn.thu.edu.tw/courses__q_b2d7469233.html,https://ilearn.thu.edu.tw/courses?fields=,absolute-url
https://www.googletagmanager.com/gtag/js,www.googletagmanager.com,raw/ilearn.thu.edu.tw/courses__q_b2d7469233.html,https://ilearn.thu.edu.tw/courses?fields=,absolute-url
https://github.com/OWASP/CheatSheetSeries/blob/master/cheatsheets/Clickjacking_Defense_Cheat_Sheet.md#best-for-now-legacy-browser-frame-breaking-script--,github.com,raw/ilearn.thu.edu.tw/courses__q_b2d7469233.html,https://ilearn.thu.edu.tw/courses?fields=,absolute-url
https://bam.nr-data.net,bam.nr-data.net,raw/ilearn.thu.edu.tw/courses__q_b2d7469233.html,https://ilearn.thu.edu.tw/courses?fields=,absolute-url
https://www.google-analytics.com,www.google-analytics.com,raw/ilearn.thu.edu.tw/courses__q_b2d7469233.html,https://ilearn.thu.edu.tw/courses?fields=,absolute-url
"https://tronclass.com.tw/public-manual/TronclassManual_System_Admin.pdf',",tronclass.com.tw,raw/ilearn.thu.edu.tw/courses__q_b2d7469233.html,https://ilearn.thu.edu.tw/courses?fields=,absolute-url
"https://tronclass.com.tw/public-manual/TronclassManual_Administrator.pdf',",tronclass.com.tw,raw/ilearn.thu.edu.tw/courses__q_b2d7469233.html,https://ilearn.thu.edu.tw/courses?fields=,absolute-url
"https://tronclass.com.tw/public-manual/manual-teacher.html',",tronclass.com.tw,raw/ilearn.thu.edu.tw/courses__q_b2d7469233.html,https://ilearn.thu.edu.tw/courses?fields=,absolute-url
"https://tronclass.com.tw/public-manual/TronclassManual_Student.pdf',",tronclass.com.tw,raw/ilearn.thu.edu.tw/courses__q_b2d7469233.html,https://ilearn.thu.edu.tw/courses?fields=,absolute-url
"https://tronclass.com.tw/public-manual/TronclassManual_App.pdf',",tronclass.com.tw,raw/ilearn.thu.edu.tw/courses__q_b2d7469233.html,https://ilearn.thu.edu.tw/courses?fields=,absolute-url
https://support.tronclass.com',support.tronclass.com',raw/ilearn.thu.edu.tw/courses__q_b2d7469233.html,https://ilearn.thu.edu.tw/courses?fields=,absolute-url
https://ilearn.thu.edu.tw/market,ilearn.thu.edu.tw,raw/ilearn.thu.edu.tw/courses__q_b2d7469233.html,https://ilearn.thu.edu.tw/courses?fields=,absolute-url
"https://ilearn.thu.edu.tw/chatbot/chatbot.umd.js',",ilearn.thu.edu.tw,raw/ilearn.thu.edu.tw/courses__q_b2d7469233.html,https://ilearn.thu.edu.tw/courses?fields=,absolute-url
https://www.youtube.com/iframe_api,www.youtube.com,raw/ilearn.thu.edu.tw/courses__q_b2d7469233.html,https://ilearn.thu.edu.tw/courses?fields=,absolute-url
https://ilearn.thu.edu.tw/video-editor',ilearn.thu.edu.tw,raw/ilearn.thu.edu.tw/courses__q_b2d7469233.html,https://ilearn.thu.edu.tw/courses?fields=,absolute-url
https://get.adobe.com/flashplayer/,get.adobe.com,raw/ilearn.thu.edu.tw/courses__q_b2d7469233.html,https://ilearn.thu.edu.tw/courses?fields=,absolute-url
https://ilearn.thu.edu.tw/,ilearn.thu.edu.tw,raw/ilearn.thu.edu.tw/courses__q_ee79111d36.html,https://ilearn.thu.edu.tw/courses?no-intercept=true,absolute-url
https://www.googletagmanager.com/gtag/js,www.googletagmanager.com,raw/ilearn.thu.edu.tw/courses__q_ee79111d36.html,https://ilearn.thu.edu.tw/courses?no-intercept=true,absolute-url
https://github.com/OWASP/CheatSheetSeries/blob/master/cheatsheets/Clickjacking_Defense_Cheat_Sheet.md#best-for-now-legacy-browser-frame-breaking-script--,github.com,raw/ilearn.thu.edu.tw/courses__q_ee79111d36.html,https://ilearn.thu.edu.tw/courses?no-intercept=true,absolute-url
https://bam.nr-data.net,bam.nr-data.net,raw/ilearn.thu.edu.tw/courses__q_ee79111d36.html,https://ilearn.thu.edu.tw/courses?no-intercept=true,absolute-url
https://www.google-analytics.com,www.google-analytics.com,raw/ilearn.thu.edu.tw/courses__q_ee79111d36.html,https://ilearn.thu.edu.tw/courses?no-intercept=true,absolute-url
"https://tronclass.com.tw/public-manual/TronclassManual_System_Admin.pdf',",tronclass.com.tw,raw/ilearn.thu.edu.tw/courses__q_ee79111d36.html,https://ilearn.thu.edu.tw/courses?no-intercept=true,absolute-url
"https://tronclass.com.tw/public-manual/TronclassManual_Administrator.pdf',",tronclass.com.tw,raw/ilearn.thu.edu.tw/courses__q_ee79111d36.html,https://ilearn.thu.edu.tw/courses?no-intercept=true,absolute-url
"https://tronclass.com.tw/public-manual/manual-teacher.html',",tronclass.com.tw,raw/ilearn.thu.edu.tw/courses__q_ee79111d36.html,https://ilearn.thu.edu.tw/courses?no-intercept=true,absolute-url
"https://tronclass.com.tw/public-manual/TronclassManual_Student.pdf',",tronclass.com.tw,raw/ilearn.thu.edu.tw/courses__q_ee79111d36.html,https://ilearn.thu.edu.tw/courses?no-intercept=true,absolute-url
"https://tronclass.com.tw/public-manual/TronclassManual_App.pdf',",tronclass.com.tw,raw/ilearn.thu.edu.tw/courses__q_ee79111d36.html,https://ilearn.thu.edu.tw/courses?no-intercept=true,absolute-url
https://support.tronclass.com',support.tronclass.com',raw/ilearn.thu.edu.tw/courses__q_ee79111d36.html,https://ilearn.thu.edu.tw/courses?no-intercept=true,absolute-url
https://ilearn.thu.edu.tw/market,ilearn.thu.edu.tw,raw/ilearn.thu.edu.tw/courses__q_ee79111d36.html,https://ilearn.thu.edu.tw/courses?no-intercept=true,absolute-url
"https://ilearn.thu.edu.tw/chatbot/chatbot.umd.js',",ilearn.thu.edu.tw,raw/ilearn.thu.edu.tw/courses__q_ee79111d36.html,https://ilearn.thu.edu.tw/courses?no-intercept=true,absolute-url
https://www.youtube.com/iframe_api,www.youtube.com,raw/ilearn.thu.edu.tw/courses__q_ee79111d36.html,https://ilearn.thu.edu.tw/courses?no-intercept=true,absolute-url
https://ilearn.thu.edu.tw/video-editor',ilearn.thu.edu.tw,raw/ilearn.thu.edu.tw/courses__q_ee79111d36.html,https://ilearn.thu.edu.tw/courses?no-intercept=true,absolute-url
https://get.adobe.com/flashplayer/,get.adobe.com,raw/ilearn.thu.edu.tw/courses__q_ee79111d36.html,https://ilearn.thu.edu.tw/courses?no-intercept=true,absolute-url
https://ilearn.thu.edu.tw/,ilearn.thu.edu.tw,raw/ilearn.thu.edu.tw/courseware.html,https://ilearn.thu.edu.tw/courseware,absolute-url
https://www.googletagmanager.com/gtag/js,www.googletagmanager.com,raw/ilearn.thu.edu.tw/courseware.html,https://ilearn.thu.edu.tw/courseware,absolute-url
https://github.com/OWASP/CheatSheetSeries/blob/master/cheatsheets/Clickjacking_Defense_Cheat_Sheet.md#best-for-now-legacy-browser-frame-breaking-script--,github.com,raw/ilearn.thu.edu.tw/courseware.html,https://ilearn.thu.edu.tw/courseware,absolute-url
https://bam.nr-data.net,bam.nr-data.net,raw/ilearn.thu.edu.tw/courseware.html,https://ilearn.thu.edu.tw/courseware,absolute-url
https://www.google-analytics.com,www.google-analytics.com,raw/ilearn.thu.edu.tw/courseware.html,https://ilearn.thu.edu.tw/courseware,absolute-url
"https://tronclass.com.tw/public-manual/TronclassManual_System_Admin.pdf',",tronclass.com.tw,raw/ilearn.thu.edu.tw/courseware.html,https://ilearn.thu.edu.tw/courseware,absolute-url
"https://tronclass.com.tw/public-manual/TronclassManual_Administrator.pdf',",tronclass.com.tw,raw/ilearn.thu.edu.tw/courseware.html,https://ilearn.thu.edu.tw/courseware,absolute-url
"https://tronclass.com.tw/public-manual/manual-teacher.html',",tronclass.com.tw,raw/ilearn.thu.edu.tw/courseware.html,https://ilearn.thu.edu.tw/courseware,absolute-url
"https://tronclass.com.tw/public-manual/TronclassManual_Student.pdf',",tronclass.com.tw,raw/ilearn.thu.edu.tw/courseware.html,https://ilearn.thu.edu.tw/courseware,absolute-url
"https://tronclass.com.tw/public-manual/TronclassManual_App.pdf',",tronclass.com.tw,raw/ilearn.thu.edu.tw/courseware.html,https://ilearn.thu.edu.tw/courseware,absolute-url
https://support.tronclass.com',support.tronclass.com',raw/ilearn.thu.edu.tw/courseware.html,https://ilearn.thu.edu.tw/courseware,absolute-url
https://ilearn.thu.edu.tw/market,ilearn.thu.edu.tw,raw/ilearn.thu.edu.tw/courseware.html,https://ilearn.thu.edu.tw/courseware,absolute-url
"https://ilearn.thu.edu.tw/chatbot/chatbot.umd.js',",ilearn.thu.edu.tw,raw/ilearn.thu.edu.tw/courseware.html,https://ilearn.thu.edu.tw/courseware,absolute-url
https://www.youtube.com/iframe_api,www.youtube.com,raw/ilearn.thu.edu.tw/courseware.html,https://ilearn.thu.edu.tw/courseware,absolute-url
https://ilearn.thu.edu.tw/video-editor',ilearn.thu.edu.tw,raw/ilearn.thu.edu.tw/courseware.html,https://ilearn.thu.edu.tw/courseware,absolute-url
https://get.adobe.com/flashplayer/,get.adobe.com,raw/ilearn.thu.edu.tw/courseware.html,https://ilearn.thu.edu.tw/courseware,absolute-url
https://ilearn.thu.edu.tw/,ilearn.thu.edu.tw,raw/ilearn.thu.edu.tw/courseware-activities.html,https://ilearn.thu.edu.tw/courseware-activities,absolute-url
https://www.googletagmanager.com/gtag/js,www.googletagmanager.com,raw/ilearn.thu.edu.tw/courseware-activities.html,https://ilearn.thu.edu.tw/courseware-activities,absolute-url
https://github.com/OWASP/CheatSheetSeries/blob/master/cheatsheets/Clickjacking_Defense_Cheat_Sheet.md#best-for-now-legacy-browser-frame-breaking-script--,github.com,raw/ilearn.thu.edu.tw/courseware-activities.html,https://ilearn.thu.edu.tw/courseware-activities,absolute-url
https://bam.nr-data.net,bam.nr-data.net,raw/ilearn.thu.edu.tw/courseware-activities.html,https://ilearn.thu.edu.tw/courseware-activities,absolute-url
https://www.google-analytics.com,www.google-analytics.com,raw/ilearn.thu.edu.tw/courseware-activities.html,https://ilearn.thu.edu.tw/courseware-activities,absolute-url
"https://tronclass.com.tw/public-manual/TronclassManual_System_Admin.pdf',",tronclass.com.tw,raw/ilearn.thu.edu.tw/courseware-activities.html,https://ilearn.thu.edu.tw/courseware-activities,absolute-url
"https://tronclass.com.tw/public-manual/TronclassManual_Administrator.pdf',",tronclass.com.tw,raw/ilearn.thu.edu.tw/courseware-activities.html,https://ilearn.thu.edu.tw/courseware-activities,absolute-url
"https://tronclass.com.tw/public-manual/manual-teacher.html',",tronclass.com.tw,raw/ilearn.thu.edu.tw/courseware-activities.html,https://ilearn.thu.edu.tw/courseware-activities,absolute-url
"https://tronclass.com.tw/public-manual/TronclassManual_Student.pdf',",tronclass.com.tw,raw/ilearn.thu.edu.tw/courseware-activities.html,https://ilearn.thu.edu.tw/courseware-activities,absolute-url
"https://tronclass.com.tw/public-manual/TronclassManual_App.pdf',",tronclass.com.tw,raw/ilearn.thu.edu.tw/courseware-activities.html,https://ilearn.thu.edu.tw/courseware-activities,absolute-url
https://support.tronclass.com',support.tronclass.com',raw/ilearn.thu.edu.tw/courseware-activities.html,https://ilearn.thu.edu.tw/courseware-activities,absolute-url
https://ilearn.thu.edu.tw/market,ilearn.thu.edu.tw,raw/ilearn.thu.edu.tw/courseware-activities.html,https://ilearn.thu.edu.tw/courseware-activities,absolute-url
"https://ilearn.thu.edu.tw/chatbot/chatbot.umd.js',",ilearn.thu.edu.tw,raw/ilearn.thu.edu.tw/courseware-activities.html,https://ilearn.thu.edu.tw/courseware-activities,absolute-url
https://www.youtube.com/iframe_api,www.youtube.com,raw/ilearn.thu.edu.tw/courseware-activities.html,https://ilearn.thu.edu.tw/courseware-activities,absolute-url
https://ilearn.thu.edu.tw/video-editor',ilearn.thu.edu.tw,raw/ilearn.thu.edu.tw/courseware-activities.html,https://ilearn.thu.edu.tw/courseware-activities,absolute-url
https://get.adobe.com/flashplayer/,get.adobe.com,raw/ilearn.thu.edu.tw/courseware-activities.html,https://ilearn.thu.edu.tw/courseware-activities,absolute-url
https://ilearn.thu.edu.tw/,ilearn.thu.edu.tw,raw/ilearn.thu.edu.tw/courseware-quiz/quiz/index.html,https://ilearn.thu.edu.tw/courseware-quiz/quiz/,absolute-url
https://www.googletagmanager.com/gtag/js,www.googletagmanager.com,raw/ilearn.thu.edu.tw/courseware-quiz/quiz/index.html,https://ilearn.thu.edu.tw/courseware-quiz/quiz/,absolute-url
https://github.com/OWASP/CheatSheetSeries/blob/master/cheatsheets/Clickjacking_Defense_Cheat_Sheet.md#best-for-now-legacy-browser-frame-breaking-script--,github.com,raw/ilearn.thu.edu.tw/courseware-quiz/quiz/index.html,https://ilearn.thu.edu.tw/courseware-quiz/quiz/,absolute-url
https://bam.nr-data.net,bam.nr-data.net,raw/ilearn.thu.edu.tw/courseware-quiz/quiz/index.html,https://ilearn.thu.edu.tw/courseware-quiz/quiz/,absolute-url
https://www.google-analytics.com,www.google-analytics.com,raw/ilearn.thu.edu.tw/courseware-quiz/quiz/index.html,https://ilearn.thu.edu.tw/courseware-quiz/quiz/,absolute-url
"https://tronclass.com.tw/public-manual/TronclassManual_System_Admin.pdf',",tronclass.com.tw,raw/ilearn.thu.edu.tw/courseware-quiz/quiz/index.html,https://ilearn.thu.edu.tw/courseware-quiz/quiz/,absolute-url
"https://tronclass.com.tw/public-manual/TronclassManual_Administrator.pdf',",tronclass.com.tw,raw/ilearn.thu.edu.tw/courseware-quiz/quiz/index.html,https://ilearn.thu.edu.tw/courseware-quiz/quiz/,absolute-url
"https://tronclass.com.tw/public-manual/manual-teacher.html',",tronclass.com.tw,raw/ilearn.thu.edu.tw/courseware-quiz/quiz/index.html,https://ilearn.thu.edu.tw/courseware-quiz/quiz/,absolute-url
"https://tronclass.com.tw/public-manual/TronclassManual_Student.pdf',",tronclass.com.tw,raw/ilearn.thu.edu.tw/courseware-quiz/quiz/index.html,https://ilearn.thu.edu.tw/courseware-quiz/quiz/,absolute-url
"https://tronclass.com.tw/public-manual/TronclassManual_App.pdf',",tronclass.com.tw,raw/ilearn.thu.edu.tw/courseware-quiz/quiz/index.html,https://ilearn.thu.edu.tw/courseware-quiz/quiz/,absolute-url
https://support.tronclass.com',support.tronclass.com',raw/ilearn.thu.edu.tw/courseware-quiz/quiz/index.html,https://ilearn.thu.edu.tw/courseware-quiz/quiz/,absolute-url
https://ilearn.thu.edu.tw/market,ilearn.thu.edu.tw,raw/ilearn.thu.edu.tw/courseware-quiz/quiz/index.html,https://ilearn.thu.edu.tw/courseware-quiz/quiz/,absolute-url
"https://ilearn.thu.edu.tw/chatbot/chatbot.umd.js',",ilearn.thu.edu.tw,raw/ilearn.thu.edu.tw/courseware-quiz/quiz/index.html,https://ilearn.thu.edu.tw/courseware-quiz/quiz/,absolute-url
https://www.youtube.com/iframe_api,www.youtube.com,raw/ilearn.thu.edu.tw/courseware-quiz/quiz/index.html,https://ilearn.thu.edu.tw/courseware-quiz/quiz/,absolute-url
https://ilearn.thu.edu.tw/video-editor',ilearn.thu.edu.tw,raw/ilearn.thu.edu.tw/courseware-quiz/quiz/index.html,https://ilearn.thu.edu.tw/courseware-quiz/quiz/,absolute-url
https://get.adobe.com/flashplayer/,get.adobe.com,raw/ilearn.thu.edu.tw/courseware-quiz/quiz/index.html,https://ilearn.thu.edu.tw/courseware-quiz/quiz/,absolute-url
https://ilearn.thu.edu.tw/,ilearn.thu.edu.tw,raw/ilearn.thu.edu.tw/courseware-quiz/quiz/avatarSmallUrl.html,https://ilearn.thu.edu.tw/courseware-quiz/quiz/avatarSmallUrl,absolute-url
https://www.googletagmanager.com/gtag/js,www.googletagmanager.com,raw/ilearn.thu.edu.tw/courseware-quiz/quiz/avatarSmallUrl.html,https://ilearn.thu.edu.tw/courseware-quiz/quiz/avatarSmallUrl,absolute-url
https://github.com/OWASP/CheatSheetSeries/blob/master/cheatsheets/Clickjacking_Defense_Cheat_Sheet.md#best-for-now-legacy-browser-frame-breaking-script--,github.com,raw/ilearn.thu.edu.tw/courseware-quiz/quiz/avatarSmallUrl.html,https://ilearn.thu.edu.tw/courseware-quiz/quiz/avatarSmallUrl,absolute-url
https://bam.nr-data.net,bam.nr-data.net,raw/ilearn.thu.edu.tw/courseware-quiz/quiz/avatarSmallUrl.html,https://ilearn.thu.edu.tw/courseware-quiz/quiz/avatarSmallUrl,absolute-url
https://www.google-analytics.com,www.google-analytics.com,raw/ilearn.thu.edu.tw/courseware-quiz/quiz/avatarSmallUrl.html,https://ilearn.thu.edu.tw/courseware-quiz/quiz/avatarSmallUrl,absolute-url
"https://tronclass.com.tw/public-manual/TronclassManual_System_Admin.pdf',",tronclass.com.tw,raw/ilearn.thu.edu.tw/courseware-quiz/quiz/avatarSmallUrl.html,https://ilearn.thu.edu.tw/courseware-quiz/quiz/avatarSmallUrl,absolute-url
"https://tronclass.com.tw/public-manual/TronclassManual_Administrator.pdf',",tronclass.com.tw,raw/ilearn.thu.edu.tw/courseware-quiz/quiz/avatarSmallUrl.html,https://ilearn.thu.edu.tw/courseware-quiz/quiz/avatarSmallUrl,absolute-url
"https://tronclass.com.tw/public-manual/manual-teacher.html',",tronclass.com.tw,raw/ilearn.thu.edu.tw/courseware-quiz/quiz/avatarSmallUrl.html,https://ilearn.thu.edu.tw/courseware-quiz/quiz/avatarSmallUrl,absolute-url
"https://tronclass.com.tw/public-manual/TronclassManual_Student.pdf',",tronclass.com.tw,raw/ilearn.thu.edu.tw/courseware-quiz/quiz/avatarSmallUrl.html,https://ilearn.thu.edu.tw/courseware-quiz/quiz/avatarSmallUrl,absolute-url
"https://tronclass.com.tw/public-manual/TronclassManual_App.pdf',",tronclass.com.tw,raw/ilearn.thu.edu.tw/courseware-quiz/quiz/avatarSmallUrl.html,https://ilearn.thu.edu.tw/courseware-quiz/quiz/avatarSmallUrl,absolute-url
https://support.tronclass.com',support.tronclass.com',raw/ilearn.thu.edu.tw/courseware-quiz/quiz/avatarSmallUrl.html,https://ilearn.thu.edu.tw/courseware-quiz/quiz/avatarSmallUrl,absolute-url
https://ilearn.thu.edu.tw/market,ilearn.thu.edu.tw,raw/ilearn.thu.edu.tw/courseware-quiz/quiz/avatarSmallUrl.html,https://ilearn.thu.edu.tw/courseware-quiz/quiz/avatarSmallUrl,absolute-url
"https://ilearn.thu.edu.tw/chatbot/chatbot.umd.js',",ilearn.thu.edu.tw,raw/ilearn.thu.edu.tw/courseware-quiz/quiz/avatarSmallUrl.html,https://ilearn.thu.edu.tw/courseware-quiz/quiz/avatarSmallUrl,absolute-url
https://www.youtube.com/iframe_api,www.youtube.com,raw/ilearn.thu.edu.tw/courseware-quiz/quiz/avatarSmallUrl.html,https://ilearn.thu.edu.tw/courseware-quiz/quiz/avatarSmallUrl,absolute-url
https://ilearn.thu.edu.tw/video-editor',ilearn.thu.edu.tw,raw/ilearn.thu.edu.tw/courseware-quiz/quiz/avatarSmallUrl.html,https://ilearn.thu.edu.tw/courseware-quiz/quiz/avatarSmallUrl,absolute-url
https://get.adobe.com/flashplayer/,get.adobe.com,raw/ilearn.thu.edu.tw/courseware-quiz/quiz/avatarSmallUrl.html,https://ilearn.thu.edu.tw/courseware-quiz/quiz/avatarSmallUrl,absolute-url
https://ilearn.thu.edu.tw/,ilearn.thu.edu.tw,raw/ilearn.thu.edu.tw/courseware-quiz/quiz/capture_url.html,https://ilearn.thu.edu.tw/courseware-quiz/quiz/capture_url,absolute-url
https://www.googletagmanager.com/gtag/js,www.googletagmanager.com,raw/ilearn.thu.edu.tw/courseware-quiz/quiz/capture_url.html,https://ilearn.thu.edu.tw/courseware-quiz/quiz/capture_url,absolute-url
https://github.com/OWASP/CheatSheetSeries/blob/master/cheatsheets/Clickjacking_Defense_Cheat_Sheet.md#best-for-now-legacy-browser-frame-breaking-script--,github.com,raw/ilearn.thu.edu.tw/courseware-quiz/quiz/capture_url.html,https://ilearn.thu.edu.tw/courseware-quiz/quiz/capture_url,absolute-url
https://bam.nr-data.net,bam.nr-data.net,raw/ilearn.thu.edu.tw/courseware-quiz/quiz/capture_url.html,https://ilearn.thu.edu.tw/courseware-quiz/quiz/capture_url,absolute-url
https://www.google-analytics.com,www.google-analytics.com,raw/ilearn.thu.edu.tw/courseware-quiz/quiz/capture_url.html,https://ilearn.thu.edu.tw/courseware-quiz/quiz/capture_url,absolute-url
"https://tronclass.com.tw/public-manual/TronclassManual_System_Admin.pdf',",tronclass.com.tw,raw/ilearn.thu.edu.tw/courseware-quiz/quiz/capture_url.html,https://ilearn.thu.edu.tw/courseware-quiz/quiz/capture_url,absolute-url
"https://tronclass.com.tw/public-manual/TronclassManual_Administrator.pdf',",tronclass.com.tw,raw/ilearn.thu.edu.tw/courseware-quiz/quiz/capture_url.html,https://ilearn.thu.edu.tw/courseware-quiz/quiz/capture_url,absolute-url
"https://tronclass.com.tw/public-manual/manual-teacher.html',",tronclass.com.tw,raw/ilearn.thu.edu.tw/courseware-quiz/quiz/capture_url.html,https://ilearn.thu.edu.tw/courseware-quiz/quiz/capture_url,absolute-url
"https://tronclass.com.tw/public-manual/TronclassManual_Student.pdf',",tronclass.com.tw,raw/ilearn.thu.edu.tw/courseware-quiz/quiz/capture_url.html,https://ilearn.thu.edu.tw/courseware-quiz/quiz/capture_url,absolute-url
"https://tronclass.com.tw/public-manual/TronclassManual_App.pdf',",tronclass.com.tw,raw/ilearn.thu.edu.tw/courseware-quiz/quiz/capture_url.html,https://ilearn.thu.edu.tw/courseware-quiz/quiz/capture_url,absolute-url
https://support.tronclass.com',support.tronclass.com',raw/ilearn.thu.edu.tw/courseware-quiz/quiz/capture_url.html,https://ilearn.thu.edu.tw/courseware-quiz/quiz/capture_url,absolute-url
https://ilearn.thu.edu.tw/market,ilearn.thu.edu.tw,raw/ilearn.thu.edu.tw/courseware-quiz/quiz/capture_url.html,https://ilearn.thu.edu.tw/courseware-quiz/quiz/capture_url,absolute-url
"https://ilearn.thu.edu.tw/chatbot/chatbot.umd.js',",ilearn.thu.edu.tw,raw/ilearn.thu.edu.tw/courseware-quiz/quiz/capture_url.html,https://ilearn.thu.edu.tw/courseware-quiz/quiz/capture_url,absolute-url
https://www.youtube.com/iframe_api,www.youtube.com,raw/ilearn.thu.edu.tw/courseware-quiz/quiz/capture_url.html,https://ilearn.thu.edu.tw/courseware-quiz/quiz/capture_url,absolute-url
https://ilearn.thu.edu.tw/video-editor',ilearn.thu.edu.tw,raw/ilearn.thu.edu.tw/courseware-quiz/quiz/capture_url.html,https://ilearn.thu.edu.tw/courseware-quiz/quiz/capture_url,absolute-url
https://get.adobe.com/flashplayer/,get.adobe.com,raw/ilearn.thu.edu.tw/courseware-quiz/quiz/capture_url.html,https://ilearn.thu.edu.tw/courseware-quiz/quiz/capture_url,absolute-url
https://ilearn.thu.edu.tw/,ilearn.thu.edu.tw,raw/ilearn.thu.edu.tw/courseware-quiz/quiz/lesson_resource_url.html,https://ilearn.thu.edu.tw/courseware-quiz/quiz/lesson_resource_url,absolute-url
https://www.googletagmanager.com/gtag/js,www.googletagmanager.com,raw/ilearn.thu.edu.tw/courseware-quiz/quiz/lesson_resource_url.html,https://ilearn.thu.edu.tw/courseware-quiz/quiz/lesson_resource_url,absolute-url
https://github.com/OWASP/CheatSheetSeries/blob/master/cheatsheets/Clickjacking_Defense_Cheat_Sheet.md#best-for-now-legacy-browser-frame-breaking-script--,github.com,raw/ilearn.thu.edu.tw/courseware-quiz/quiz/lesson_resource_url.html,https://ilearn.thu.edu.tw/courseware-quiz/quiz/lesson_resource_url,absolute-url
https://bam.nr-data.net,bam.nr-data.net,raw/ilearn.thu.edu.tw/courseware-quiz/quiz/lesson_resource_url.html,https://ilearn.thu.edu.tw/courseware-quiz/quiz/lesson_resource_url,absolute-url
https://www.google-analytics.com,www.google-analytics.com,raw/ilearn.thu.edu.tw/courseware-quiz/quiz/lesson_resource_url.html,https://ilearn.thu.edu.tw/courseware-quiz/quiz/lesson_resource_url,absolute-url
"https://tronclass.com.tw/public-manual/TronclassManual_System_Admin.pdf',",tronclass.com.tw,raw/ilearn.thu.edu.tw/courseware-quiz/quiz/lesson_resource_url.html,https://ilearn.thu.edu.tw/courseware-quiz/quiz/lesson_resource_url,absolute-url
"https://tronclass.com.tw/public-manual/TronclassManual_Administrator.pdf',",tronclass.com.tw,raw/ilearn.thu.edu.tw/courseware-quiz/quiz/lesson_resource_url.html,https://ilearn.thu.edu.tw/courseware-quiz/quiz/lesson_resource_url,absolute-url
"https://tronclass.com.tw/public-manual/manual-teacher.html',",tronclass.com.tw,raw/ilearn.thu.edu.tw/courseware-quiz/quiz/lesson_resource_url.html,https://ilearn.thu.edu.tw/courseware-quiz/quiz/lesson_resource_url,absolute-url
"https://tronclass.com.tw/public-manual/TronclassManual_Student.pdf',",tronclass.com.tw,raw/ilearn.thu.edu.tw/courseware-quiz/quiz/lesson_resource_url.html,https://ilearn.thu.edu.tw/courseware-quiz/quiz/lesson_resource_url,absolute-url
"https://tronclass.com.tw/public-manual/TronclassManual_App.pdf',",tronclass.com.tw,raw/ilearn.thu.edu.tw/courseware-quiz/quiz/lesson_resource_url.html,https://ilearn.thu.edu.tw/courseware-quiz/quiz/lesson_resource_url,absolute-url
https://support.tronclass.com',support.tronclass.com',raw/ilearn.thu.edu.tw/courseware-quiz/quiz/lesson_resource_url.html,https://ilearn.thu.edu.tw/courseware-quiz/quiz/lesson_resource_url,absolute-url
https://ilearn.thu.edu.tw/market,ilearn.thu.edu.tw,raw/ilearn.thu.edu.tw/courseware-quiz/quiz/lesson_resource_url.html,https://ilearn.thu.edu.tw/courseware-quiz/quiz/lesson_resource_url,absolute-url
"https://ilearn.thu.edu.tw/chatbot/chatbot.umd.js',",ilearn.thu.edu.tw,raw/ilearn.thu.edu.tw/courseware-quiz/quiz/lesson_resource_url.html,https://ilearn.thu.edu.tw/courseware-quiz/quiz/lesson_resource_url,absolute-url
https://www.youtube.com/iframe_api,www.youtube.com,raw/ilearn.thu.edu.tw/courseware-quiz/quiz/lesson_resource_url.html,https://ilearn.thu.edu.tw/courseware-quiz/quiz/lesson_resource_url,absolute-url
https://ilearn.thu.edu.tw/video-editor',ilearn.thu.edu.tw,raw/ilearn.thu.edu.tw/courseware-quiz/quiz/lesson_resource_url.html,https://ilearn.thu.edu.tw/courseware-quiz/quiz/lesson_resource_url,absolute-url
https://get.adobe.com/flashplayer/,get.adobe.com,raw/ilearn.thu.edu.tw/courseware-quiz/quiz/lesson_resource_url.html,https://ilearn.thu.edu.tw/courseware-quiz/quiz/lesson_resource_url,absolute-url
https://ilearn.thu.edu.tw/,ilearn.thu.edu.tw,raw/ilearn.thu.edu.tw/courseware-quiz/quiz/manualUrl.html,https://ilearn.thu.edu.tw/courseware-quiz/quiz/manualUrl,absolute-url
https://www.googletagmanager.com/gtag/js,www.googletagmanager.com,raw/ilearn.thu.edu.tw/courseware-quiz/quiz/manualUrl.html,https://ilearn.thu.edu.tw/courseware-quiz/quiz/manualUrl,absolute-url
https://github.com/OWASP/CheatSheetSeries/blob/master/cheatsheets/Clickjacking_Defense_Cheat_Sheet.md#best-for-now-legacy-browser-frame-breaking-script--,github.com,raw/ilearn.thu.edu.tw/courseware-quiz/quiz/manualUrl.html,https://ilearn.thu.edu.tw/courseware-quiz/quiz/manualUrl,absolute-url
https://bam.nr-data.net,bam.nr-data.net,raw/ilearn.thu.edu.tw/courseware-quiz/quiz/manualUrl.html,https://ilearn.thu.edu.tw/courseware-quiz/quiz/manualUrl,absolute-url
https://www.google-analytics.com,www.google-analytics.com,raw/ilearn.thu.edu.tw/courseware-quiz/quiz/manualUrl.html,https://ilearn.thu.edu.tw/courseware-quiz/quiz/manualUrl,absolute-url
"https://tronclass.com.tw/public-manual/TronclassManual_System_Admin.pdf',",tronclass.com.tw,raw/ilearn.thu.edu.tw/courseware-quiz/quiz/manualUrl.html,https://ilearn.thu.edu.tw/courseware-quiz/quiz/manualUrl,absolute-url
"https://tronclass.com.tw/public-manual/TronclassManual_Administrator.pdf',",tronclass.com.tw,raw/ilearn.thu.edu.tw/courseware-quiz/quiz/manualUrl.html,https://ilearn.thu.edu.tw/courseware-quiz/quiz/manualUrl,absolute-url
"https://tronclass.com.tw/public-manual/manual-teacher.html',",tronclass.com.tw,raw/ilearn.thu.edu.tw/courseware-quiz/quiz/manualUrl.html,https://ilearn.thu.edu.tw/courseware-quiz/quiz/manualUrl,absolute-url
"https://tronclass.com.tw/public-manual/TronclassManual_Student.pdf',",tronclass.com.tw,raw/ilearn.thu.edu.tw/courseware-quiz/quiz/manualUrl.html,https://ilearn.thu.edu.tw/courseware-quiz/quiz/manualUrl,absolute-url
"https://tronclass.com.tw/public-manual/TronclassManual_App.pdf',",tronclass.com.tw,raw/ilearn.thu.edu.tw/courseware-quiz/quiz/manualUrl.html,https://ilearn.thu.edu.tw/courseware-quiz/quiz/manualUrl,absolute-url
https://support.tronclass.com',support.tronclass.com',raw/ilearn.thu.edu.tw/courseware-quiz/quiz/manualUrl.html,https://ilearn.thu.edu.tw/courseware-quiz/quiz/manualUrl,absolute-url
https://ilearn.thu.edu.tw/market,ilearn.thu.edu.tw,raw/ilearn.thu.edu.tw/courseware-quiz/quiz/manualUrl.html,https://ilearn.thu.edu.tw/courseware-quiz/quiz/manualUrl,absolute-url
"https://ilearn.thu.edu.tw/chatbot/chatbot.umd.js',",ilearn.thu.edu.tw,raw/ilearn.thu.edu.tw/courseware-quiz/quiz/manualUrl.html,https://ilearn.thu.edu.tw/courseware-quiz/quiz/manualUrl,absolute-url
https://www.youtube.com/iframe_api,www.youtube.com,raw/ilearn.thu.edu.tw/courseware-quiz/quiz/manualUrl.html,https://ilearn.thu.edu.tw/courseware-quiz/quiz/manualUrl,absolute-url
https://ilearn.thu.edu.tw/video-editor',ilearn.thu.edu.tw,raw/ilearn.thu.edu.tw/courseware-quiz/quiz/manualUrl.html,https://ilearn.thu.edu.tw/courseware-quiz/quiz/manualUrl,absolute-url
https://get.adobe.com/flashplayer/,get.adobe.com,raw/ilearn.thu.edu.tw/courseware-quiz/quiz/manualUrl.html,https://ilearn.thu.edu.tw/courseware-quiz/quiz/manualUrl,absolute-url
https://ilearn.thu.edu.tw/,ilearn.thu.edu.tw,raw/ilearn.thu.edu.tw/coursewares.html,https://ilearn.thu.edu.tw/coursewares,absolute-url
https://www.googletagmanager.com/gtag/js,www.googletagmanager.com,raw/ilearn.thu.edu.tw/coursewares.html,https://ilearn.thu.edu.tw/coursewares,absolute-url
https://github.com/OWASP/CheatSheetSeries/blob/master/cheatsheets/Clickjacking_Defense_Cheat_Sheet.md#best-for-now-legacy-browser-frame-breaking-script--,github.com,raw/ilearn.thu.edu.tw/coursewares.html,https://ilearn.thu.edu.tw/coursewares,absolute-url
https://bam.nr-data.net,bam.nr-data.net,raw/ilearn.thu.edu.tw/coursewares.html,https://ilearn.thu.edu.tw/coursewares,absolute-url
https://www.google-analytics.com,www.google-analytics.com,raw/ilearn.thu.edu.tw/coursewares.html,https://ilearn.thu.edu.tw/coursewares,absolute-url
"https://tronclass.com.tw/public-manual/TronclassManual_System_Admin.pdf',",tronclass.com.tw,raw/ilearn.thu.edu.tw/coursewares.html,https://ilearn.thu.edu.tw/coursewares,absolute-url
"https://tronclass.com.tw/public-manual/TronclassManual_Administrator.pdf',",tronclass.com.tw,raw/ilearn.thu.edu.tw/coursewares.html,https://ilearn.thu.edu.tw/coursewares,absolute-url
"https://tronclass.com.tw/public-manual/manual-teacher.html',",tronclass.com.tw,raw/ilearn.thu.edu.tw/coursewares.html,https://ilearn.thu.edu.tw/coursewares,absolute-url
"https://tronclass.com.tw/public-manual/TronclassManual_Student.pdf',",tronclass.com.tw,raw/ilearn.thu.edu.tw/coursewares.html,https://ilearn.thu.edu.tw/coursewares,absolute-url
"https://tronclass.com.tw/public-manual/TronclassManual_App.pdf',",tronclass.com.tw,raw/ilearn.thu.edu.tw/coursewares.html,https://ilearn.thu.edu.tw/coursewares,absolute-url
https://support.tronclass.com',support.tronclass.com',raw/ilearn.thu.edu.tw/coursewares.html,https://ilearn.thu.edu.tw/coursewares,absolute-url
https://ilearn.thu.edu.tw/market,ilearn.thu.edu.tw,raw/ilearn.thu.edu.tw/coursewares.html,https://ilearn.thu.edu.tw/coursewares,absolute-url
"https://ilearn.thu.edu.tw/chatbot/chatbot.umd.js',",ilearn.thu.edu.tw,raw/ilearn.thu.edu.tw/coursewares.html,https://ilearn.thu.edu.tw/coursewares,absolute-url
https://www.youtube.com/iframe_api,www.youtube.com,raw/ilearn.thu.edu.tw/coursewares.html,https://ilearn.thu.edu.tw/coursewares,absolute-url
https://ilearn.thu.edu.tw/video-editor',ilearn.thu.edu.tw,raw/ilearn.thu.edu.tw/coursewares.html,https://ilearn.thu.edu.tw/coursewares,absolute-url
https://get.adobe.com/flashplayer/,get.adobe.com,raw/ilearn.thu.edu.tw/coursewares.html,https://ilearn.thu.edu.tw/coursewares,absolute-url
https://ilearn.thu.edu.tw/,ilearn.thu.edu.tw,raw/ilearn.thu.edu.tw/public-course.html,https://ilearn.thu.edu.tw/public-course,absolute-url
https://www.googletagmanager.com/gtag/js,www.googletagmanager.com,raw/ilearn.thu.edu.tw/public-course.html,https://ilearn.thu.edu.tw/public-course,absolute-url
https://github.com/OWASP/CheatSheetSeries/blob/master/cheatsheets/Clickjacking_Defense_Cheat_Sheet.md#best-for-now-legacy-browser-frame-breaking-script--,github.com,raw/ilearn.thu.edu.tw/public-course.html,https://ilearn.thu.edu.tw/public-course,absolute-url
https://bam.nr-data.net,bam.nr-data.net,raw/ilearn.thu.edu.tw/public-course.html,https://ilearn.thu.edu.tw/public-course,absolute-url
https://www.google-analytics.com,www.google-analytics.com,raw/ilearn.thu.edu.tw/public-course.html,https://ilearn.thu.edu.tw/public-course,absolute-url
"https://tronclass.com.tw/public-manual/TronclassManual_System_Admin.pdf',",tronclass.com.tw,raw/ilearn.thu.edu.tw/public-course.html,https://ilearn.thu.edu.tw/public-course,absolute-url
"https://tronclass.com.tw/public-manual/TronclassManual_Administrator.pdf',",tronclass.com.tw,raw/ilearn.thu.edu.tw/public-course.html,https://ilearn.thu.edu.tw/public-course,absolute-url
"https://tronclass.com.tw/public-manual/manual-teacher.html',",tronclass.com.tw,raw/ilearn.thu.edu.tw/public-course.html,https://ilearn.thu.edu.tw/public-course,absolute-url
"https://tronclass.com.tw/public-manual/TronclassManual_Student.pdf',",tronclass.com.tw,raw/ilearn.thu.edu.tw/public-course.html,https://ilearn.thu.edu.tw/public-course,absolute-url
"https://tronclass.com.tw/public-manual/TronclassManual_App.pdf',",tronclass.com.tw,raw/ilearn.thu.edu.tw/public-course.html,https://ilearn.thu.edu.tw/public-course,absolute-url
https://support.tronclass.com',support.tronclass.com',raw/ilearn.thu.edu.tw/public-course.html,https://ilearn.thu.edu.tw/public-course,absolute-url
https://ilearn.thu.edu.tw/market,ilearn.thu.edu.tw,raw/ilearn.thu.edu.tw/public-course.html,https://ilearn.thu.edu.tw/public-course,absolute-url
"https://ilearn.thu.edu.tw/chatbot/chatbot.umd.js',",ilearn.thu.edu.tw,raw/ilearn.thu.edu.tw/public-course.html,https://ilearn.thu.edu.tw/public-course,absolute-url
https://www.youtube.com/iframe_api,www.youtube.com,raw/ilearn.thu.edu.tw/public-course.html,https://ilearn.thu.edu.tw/public-course,absolute-url
https://ilearn.thu.edu.tw/video-editor',ilearn.thu.edu.tw,raw/ilearn.thu.edu.tw/public-course.html,https://ilearn.thu.edu.tw/public-course,absolute-url
https://get.adobe.com/flashplayer/,get.adobe.com,raw/ilearn.thu.edu.tw/public-course.html,https://ilearn.thu.edu.tw/public-course,absolute-url
https://bit.ly/2ZqJzkp,bit.ly,raw/ilearn.thu.edu.tw/static/10067.39ff48db.js,https://ilearn.thu.edu.tw/static/10067.39ff48db.js,absolute-url
https://bit.ly/2ZqJzkp,bit.ly,raw/ilearn.thu.edu.tw/static/10188.0cd009aa.js,https://ilearn.thu.edu.tw/static/10188.0cd009aa.js,absolute-url
https://theajack.github.io/disable-devtool/{id}.html?h=,theajack.github.io,raw/ilearn.thu.edu.tw/static/1065.e951cf0f.js,https://ilearn.thu.edu.tw/static/1065.e951cf0f.js,absolute-url
http://www.w3.org/{id}/xhtml,www.w3.org,raw/ilearn.thu.edu.tw/static/1065.e951cf0f.js,https://ilearn.thu.edu.tw/static/1065.e951cf0f.js,absolute-url
https://theajack.github.io/disable-devtool/{id}.html?h=,theajack.github.io,raw/ilearn.thu.edu.tw/static/1104.a7791db6.js,https://ilearn.thu.edu.tw/static/1104.a7791db6.js,absolute-url
http://www.w3.org/{id}/xhtml,www.w3.org,raw/ilearn.thu.edu.tw/static/1104.a7791db6.js,https://ilearn.thu.edu.tw/static/1104.a7791db6.js,absolute-url
https://theajack.github.io/disable-devtool/{id}.html?h=,theajack.github.io,raw/ilearn.thu.edu.tw/static/11580.a7791db6.js,https://ilearn.thu.edu.tw/static/11580.a7791db6.js,absolute-url
http://www.w3.org/{id}/xhtml,www.w3.org,raw/ilearn.thu.edu.tw/static/11580.a7791db6.js,https://ilearn.thu.edu.tw/static/11580.a7791db6.js,absolute-url
http://www.w3.org/{id}/svg,www.w3.org,raw/ilearn.thu.edu.tw/static/12159.7fb514eb.js,https://ilearn.thu.edu.tw/static/12159.7fb514eb.js,absolute-url
http://www.w3.org/{id}/xlink,www.w3.org,raw/ilearn.thu.edu.tw/static/12159.7fb514eb.js,https://ilearn.thu.edu.tw/static/12159.7fb514eb.js,absolute-url
http://www.w3.org/{id}/xhtml,www.w3.org,raw/ilearn.thu.edu.tw/static/13706.e0d1043a.js,https://ilearn.thu.edu.tw/static/13706.e0d1043a.js,absolute-url
http://www.w3.org/{id}/svg,www.w3.org,raw/ilearn.thu.edu.tw/static/13706.e0d1043a.js,https://ilearn.thu.edu.tw/static/13706.e0d1043a.js,absolute-url
http://www.w3.org/{id}/xlink,www.w3.org,raw/ilearn.thu.edu.tw/static/13706.e0d1043a.js,https://ilearn.thu.edu.tw/static/13706.e0d1043a.js,absolute-url
http://www.w3.org/XML/{id}/namespace,www.w3.org,raw/ilearn.thu.edu.tw/static/13706.e0d1043a.js,https://ilearn.thu.edu.tw/static/13706.e0d1043a.js,absolute-url
http://www.w3.org/{id}/xmlns/,www.w3.org,raw/ilearn.thu.edu.tw/static/13706.e0d1043a.js,https://ilearn.thu.edu.tw/static/13706.e0d1043a.js,absolute-url
https://bit.ly/2ZqJzkp,bit.ly,raw/ilearn.thu.edu.tw/static/13821.19c32f7f.js,https://ilearn.thu.edu.tw/static/13821.19c32f7f.js,absolute-url
https://npms.io/search?q=ponyfill.,npms.io,raw/ilearn.thu.edu.tw/static/13958-91152030.js,https://ilearn.thu.edu.tw/static/13958-91152030.js,absolute-url
https://github.com/zloirock/core-js/blob/v3.21.1/LICENSE,github.com,raw/ilearn.thu.edu.tw/static/13958-91152030.js,https://ilearn.thu.edu.tw/static/13958-91152030.js,absolute-url
https://github.com/zloirock/core-js,github.com,raw/ilearn.thu.edu.tw/static/13958-91152030.js,https://ilearn.thu.edu.tw/static/13958-91152030.js,absolute-url
https://theajack.github.io/disable-devtool/{id}.html?h=,theajack.github.io,raw/ilearn.thu.edu.tw/static/13969.2a552dd2.js,https://ilearn.thu.edu.tw/static/13969.2a552dd2.js,absolute-url
https://bit.ly/2ZqJzkp,bit.ly,raw/ilearn.thu.edu.tw/static/13969.2a552dd2.js,https://ilearn.thu.edu.tw/static/13969.2a552dd2.js,absolute-url
http://www.w3.org/{id}/xhtml,www.w3.org,raw/ilearn.thu.edu.tw/static/13969.2a552dd2.js,https://ilearn.thu.edu.tw/static/13969.2a552dd2.js,absolute-url
https://bit.ly/2ZqJzkp,bit.ly,raw/ilearn.thu.edu.tw/static/14572-b07cd6d5.js,https://ilearn.thu.edu.tw/static/14572-b07cd6d5.js,absolute-url
http://www.w3.org/{id}/xhtml,www.w3.org,raw/ilearn.thu.edu.tw/static/14572-b07cd6d5.js,https://ilearn.thu.edu.tw/static/14572-b07cd6d5.js,absolute-url
http://www.w3.org/{id}/svg,www.w3.org,raw/ilearn.thu.edu.tw/static/14769.c100af91.js,https://ilearn.thu.edu.tw/static/14769.c100af91.js,absolute-url
http://www.w3.org/{id}/xlink,www.w3.org,raw/ilearn.thu.edu.tw/static/14769.c100af91.js,https://ilearn.thu.edu.tw/static/14769.c100af91.js,absolute-url
http://www.w3.org/{id}/svg,www.w3.org,raw/ilearn.thu.edu.tw/static/15034.a0e65e77.js,https://ilearn.thu.edu.tw/static/15034.a0e65e77.js,absolute-url
http://www.w3.org/{id}/xlink,www.w3.org,raw/ilearn.thu.edu.tw/static/15034.a0e65e77.js,https://ilearn.thu.edu.tw/static/15034.a0e65e77.js,absolute-url
https://bit.ly/2ZqJzkp,bit.ly,raw/ilearn.thu.edu.tw/static/15175.570cff7b.js,https://ilearn.thu.edu.tw/static/15175.570cff7b.js,absolute-url
https://bit.ly/2ZqJzkp,bit.ly,raw/ilearn.thu.edu.tw/static/15225.71f0582a.js,https://ilearn.thu.edu.tw/static/15225.71f0582a.js,absolute-url
http://a,a,raw/ilearn.thu.edu.tw/static/15225.71f0582a.js,https://ilearn.thu.edu.tw/static/15225.71f0582a.js,absolute-url
http://a/c%20d?a=1&c=3,a,raw/ilearn.thu.edu.tw/static/15225.71f0582a.js,https://ilearn.thu.edu.tw/static/15225.71f0582a.js,absolute-url
https://a@b,b,raw/ilearn.thu.edu.tw/static/15225.71f0582a.js,https://ilearn.thu.edu.tw/static/15225.71f0582a.js,absolute-url
http://a#,a,raw/ilearn.thu.edu.tw/static/15225.71f0582a.js,https://ilearn.thu.edu.tw/static/15225.71f0582a.js,absolute-url
http://x,x,raw/ilearn.thu.edu.tw/static/15225.71f0582a.js,https://ilearn.thu.edu.tw/static/15225.71f0582a.js,absolute-url
http://www.w3.org/{id}/svg,www.w3.org,raw/ilearn.thu.edu.tw/static/15448.d1593c31.js,https://ilearn.thu.edu.tw/static/15448.d1593c31.js,absolute-url
http://www.w3.org/{id}/xlink,www.w3.org,raw/ilearn.thu.edu.tw/static/15448.d1593c31.js,https://ilearn.thu.edu.tw/static/15448.d1593c31.js,absolute-url
https://mozilla.github.io/localForage/#definedriver,mozilla.github.io,raw/ilearn.thu.edu.tw/static/15448.d1593c31.js,https://ilearn.thu.edu.tw/static/15448.d1593c31.js,absolute-url
http://www.w3.org/{id}/svg,www.w3.org,raw/ilearn.thu.edu.tw/static/15770.c0eea2d2.js,https://ilearn.thu.edu.tw/static/15770.c0eea2d2.js,absolute-url
http://www.w3.org/{id}/xhtml,www.w3.org,raw/ilearn.thu.edu.tw/static/15770.c0eea2d2.js,https://ilearn.thu.edu.tw/static/15770.c0eea2d2.js,absolute-url
http://www.w3.org/{id}/xmlns/,www.w3.org,raw/ilearn.thu.edu.tw/static/15770.c0eea2d2.js,https://ilearn.thu.edu.tw/static/15770.c0eea2d2.js,absolute-url
http://www.w3.org/{id}/xlink,www.w3.org,raw/ilearn.thu.edu.tw/static/15770.c0eea2d2.js,https://ilearn.thu.edu.tw/static/15770.c0eea2d2.js,absolute-url
http://svgjs.dev/svgjs,svgjs.dev,raw/ilearn.thu.edu.tw/static/15770.c0eea2d2.js,https://ilearn.thu.edu.tw/static/15770.c0eea2d2.js,absolute-url
https://github.com/uuidjs/uuid#getrandomvalues-not-supported,github.com,raw/ilearn.thu.edu.tw/static/15770.c0eea2d2.js,https://ilearn.thu.edu.tw/static/15770.c0eea2d2.js,absolute-url
https://theajack.github.io/disable-devtool/{id}.html?h=,theajack.github.io,raw/ilearn.thu.edu.tw/static/16591.cb86ad23.js,https://ilearn.thu.edu.tw/static/16591.cb86ad23.js,absolute-url
https://bit.ly/2ZqJzkp,bit.ly,raw/ilearn.thu.edu.tw/static/16591.cb86ad23.js,https://ilearn.thu.edu.tw/static/16591.cb86ad23.js,absolute-url
http://www.w3.org/{id}/xhtml,www.w3.org,raw/ilearn.thu.edu.tw/static/16591.cb86ad23.js,https://ilearn.thu.edu.tw/static/16591.cb86ad23.js,absolute-url
https://bit.ly/2ZqJzkp,bit.ly,raw/ilearn.thu.edu.tw/static/17621.f956d0b8.js,https://ilearn.thu.edu.tw/static/17621.f956d0b8.js,absolute-url
https://bit.ly/2ZqJzkp,bit.ly,raw/ilearn.thu.edu.tw/static/18041.e129ba21.js,https://ilearn.thu.edu.tw/static/18041.e129ba21.js,absolute-url
http://www.w3.org/{id}/svg,www.w3.org,raw/ilearn.thu.edu.tw/static/18147.b98c675a.js,https://ilearn.thu.edu.tw/static/18147.b98c675a.js,absolute-url
http://www.w3.org/{id}/xlink,www.w3.org,raw/ilearn.thu.edu.tw/static/18147.b98c675a.js,https://ilearn.thu.edu.tw/static/18147.b98c675a.js,absolute-url
https://theajack.github.io/disable-devtool/{id}.html?h=,theajack.github.io,raw/ilearn.thu.edu.tw/static/18406.eb86529e.js,https://ilearn.thu.edu.tw/static/18406.eb86529e.js,absolute-url
http://www.w3.org/{id}/xhtml,www.w3.org,raw/ilearn.thu.edu.tw/static/18406.eb86529e.js,https://ilearn.thu.edu.tw/static/18406.eb86529e.js,absolute-url
https://eduhub.zju.edu.cn/,eduhub.zju.edu.cn,raw/ilearn.thu.edu.tw/static/18774-c8d49780.js,https://ilearn.thu.edu.tw/static/18774-c8d49780.js,absolute-url
https://tronclass.com,tronclass.com,raw/ilearn.thu.edu.tw/static/18774-c8d49780.js,https://ilearn.thu.edu.tw/static/18774-c8d49780.js,absolute-url
https://tronclass.com.cn,tronclass.com.cn,raw/ilearn.thu.edu.tw/static/18774-c8d49780.js,https://ilearn.thu.edu.tw/static/18774-c8d49780.js,absolute-url
https://theajack.github.io/disable-devtool/{id}.html?h=,theajack.github.io,raw/ilearn.thu.edu.tw/static/18835.4a84ef1e.js,https://ilearn.thu.edu.tw/static/18835.4a84ef1e.js,absolute-url
http://www.w3.org/{id}/xhtml,www.w3.org,raw/ilearn.thu.edu.tw/static/18835.4a84ef1e.js,https://ilearn.thu.edu.tw/static/18835.4a84ef1e.js,absolute-url
http://www.w3.org/{id}/svg,www.w3.org,raw/ilearn.thu.edu.tw/static/19552.d3ef0a6f.js,https://ilearn.thu.edu.tw/static/19552.d3ef0a6f.js,absolute-url
http://www.w3.org/{id}/xlink,www.w3.org,raw/ilearn.thu.edu.tw/static/19552.d3ef0a6f.js,https://ilearn.thu.edu.tw/static/19552.d3ef0a6f.js,absolute-url
https://github.com/uuidjs/uuid#getrandomvalues-not-supported,github.com,raw/ilearn.thu.edu.tw/static/19552.d3ef0a6f.js,https://ilearn.thu.edu.tw/static/19552.d3ef0a6f.js,absolute-url
https://vimeo.com/,vimeo.com,raw/ilearn.thu.edu.tw/static/19552.d3ef0a6f.js,https://ilearn.thu.edu.tw/static/19552.d3ef0a6f.js,absolute-url
https://vimeo.com/api/oembed.json?url=,vimeo.com,raw/ilearn.thu.edu.tw/static/19552.d3ef0a6f.js,https://ilearn.thu.edu.tw/static/19552.d3ef0a6f.js,absolute-url
http://www.w3.org/{id}/svg,www.w3.org,raw/ilearn.thu.edu.tw/static/19705.6a8993c5.js,https://ilearn.thu.edu.tw/static/19705.6a8993c5.js,absolute-url
http://www.w3.org/{id}/xlink,www.w3.org,raw/ilearn.thu.edu.tw/static/19705.6a8993c5.js,https://ilearn.thu.edu.tw/static/19705.6a8993c5.js,absolute-url
https://theajack.github.io/disable-devtool/{id}.html?h=,theajack.github.io,raw/ilearn.thu.edu.tw/static/19705.6a8993c5.js,https://ilearn.thu.edu.tw/static/19705.6a8993c5.js,absolute-url
https://github.com/uuidjs/uuid#getrandomvalues-not-supported,github.com,raw/ilearn.thu.edu.tw/static/19705.6a8993c5.js,https://ilearn.thu.edu.tw/static/19705.6a8993c5.js,absolute-url
http://www.w3.org/{id}/xhtml,www.w3.org,raw/ilearn.thu.edu.tw/static/19705.6a8993c5.js,https://ilearn.thu.edu.tw/static/19705.6a8993c5.js,absolute-url
http://www.w3.org/{id}/svg,www.w3.org,raw/ilearn.thu.edu.tw/static/21137.a69eb96c.js,https://ilearn.thu.edu.tw/static/21137.a69eb96c.js,absolute-url
http://www.w3.org/{id}/xlink,www.w3.org,raw/ilearn.thu.edu.tw/static/21137.a69eb96c.js,https://ilearn.thu.edu.tw/static/21137.a69eb96c.js,absolute-url
http://www.w3.org/{id}/svg,www.w3.org,raw/ilearn.thu.edu.tw/static/213.fe741934.js,https://ilearn.thu.edu.tw/static/213.fe741934.js,absolute-url
http://www.w3.org/{id}/xlink,www.w3.org,raw/ilearn.thu.edu.tw/static/213.fe741934.js,https://ilearn.thu.edu.tw/static/213.fe741934.js,absolute-url
http://www.w3.org/{id}/svg,www.w3.org,raw/ilearn.thu.edu.tw/static/21356.22ba888a.js,https://ilearn.thu.edu.tw/static/21356.22ba888a.js,absolute-url
http://www.w3.org/{id}/xlink,www.w3.org,raw/ilearn.thu.edu.tw/static/21356.22ba888a.js,https://ilearn.thu.edu.tw/static/21356.22ba888a.js,absolute-url
https://theajack.github.io/disable-devtool/{id}.html?h=,theajack.github.io,raw/ilearn.thu.edu.tw/static/21356.22ba888a.js,https://ilearn.thu.edu.tw/static/21356.22ba888a.js,absolute-url
https://bit.ly/2ZqJzkp,bit.ly,raw/ilearn.thu.edu.tw/static/21356.22ba888a.js,https://ilearn.thu.edu.tw/static/21356.22ba888a.js,absolute-url
http://www.w3.org/{id}/xhtml,www.w3.org,raw/ilearn.thu.edu.tw/static/21356.22ba888a.js,https://ilearn.thu.edu.tw/static/21356.22ba888a.js,absolute-url
http://www.w3.org/{id}/svg,www.w3.org,raw/ilearn.thu.edu.tw/static/22594.058c8b1e.js,https://ilearn.thu.edu.tw/static/22594.058c8b1e.js,absolute-url
http://www.w3.org/{id}/xlink,www.w3.org,raw/ilearn.thu.edu.tw/static/22594.058c8b1e.js,https://ilearn.thu.edu.tw/static/22594.058c8b1e.js,absolute-url
http://www.w3.org/{id}/svg,www.w3.org,raw/ilearn.thu.edu.tw/static/22931.71278fd1.js,https://ilearn.thu.edu.tw/static/22931.71278fd1.js,absolute-url
http://www.w3.org/{id}/xlink,www.w3.org,raw/ilearn.thu.edu.tw/static/22931.71278fd1.js,https://ilearn.thu.edu.tw/static/22931.71278fd1.js,absolute-url
https://github.com/highlightjs/highlight.js/issues/{id},github.com,raw/ilearn.thu.edu.tw/static/23223-9b89ab86.js,https://ilearn.thu.edu.tw/static/23223-9b89ab86.js,absolute-url
http://schema.org/ImageGallery,schema.org,raw/ilearn.thu.edu.tw/static/23268-40f6b5e5.js,https://ilearn.thu.edu.tw/static/23268-40f6b5e5.js,absolute-url
http://schema.org/ImageObject,schema.org,raw/ilearn.thu.edu.tw/static/23268-40f6b5e5.js,https://ilearn.thu.edu.tw/static/23268-40f6b5e5.js,absolute-url
https://www.facebook.com/sharer/sharer.php?u=,www.facebook.com,raw/ilearn.thu.edu.tw/static/23268-40f6b5e5.js,https://ilearn.thu.edu.tw/static/23268-40f6b5e5.js,absolute-url
https://twitter.com/intent/tweet?text=,twitter.com,raw/ilearn.thu.edu.tw/static/23268-40f6b5e5.js,https://ilearn.thu.edu.tw/static/23268-40f6b5e5.js,absolute-url
http://www.pinterest.com/pin/create/button/?url=,www.pinterest.com,raw/ilearn.thu.edu.tw/static/23268-40f6b5e5.js,https://ilearn.thu.edu.tw/static/23268-40f6b5e5.js,absolute-url
http://www.w3.org/{id}/svg,www.w3.org,raw/ilearn.thu.edu.tw/static/23268-40f6b5e5.js,https://ilearn.thu.edu.tw/static/23268-40f6b5e5.js,absolute-url
https://wisdomGarden.soboten.com/chat/frame/v6/entrance.js?sysnum=2cc912fd5aa3433cbfa70e66188a3d9c,wisdomgarden.soboten.com,raw/ilearn.thu.edu.tw/static/23467.58f50ede.js,https://ilearn.thu.edu.tw/static/23467.58f50ede.js,absolute-url
http://www.w3.org/{id}/svg,www.w3.org,raw/ilearn.thu.edu.tw/static/23977.ebaa5322.js,https://ilearn.thu.edu.tw/static/23977.ebaa5322.js,absolute-url
http://www.w3.org/{id}/xlink,www.w3.org,raw/ilearn.thu.edu.tw/static/23977.ebaa5322.js,https://ilearn.thu.edu.tw/static/23977.ebaa5322.js,absolute-url
http://www.w3.org/{id}/svg,www.w3.org,raw/ilearn.thu.edu.tw/static/24072.ab960016.js,https://ilearn.thu.edu.tw/static/24072.ab960016.js,absolute-url
http://www.w3.org/{id}/svg,www.w3.org,raw/ilearn.thu.edu.tw/static/24549.cf667c52.js,https://ilearn.thu.edu.tw/static/24549.cf667c52.js,absolute-url
http://www.w3.org/{id}/xlink,www.w3.org,raw/ilearn.thu.edu.tw/static/24549.cf667c52.js,https://ilearn.thu.edu.tw/static/24549.cf667c52.js,absolute-url
https://npms.io/search?q=ponyfill.,npms.io,raw/ilearn.thu.edu.tw/static/24549.cf667c52.js,https://ilearn.thu.edu.tw/static/24549.cf667c52.js,absolute-url
https://github.com/uuidjs/uuid#getrandomvalues-not-supported,github.com,raw/ilearn.thu.edu.tw/static/24549.cf667c52.js,https://ilearn.thu.edu.tw/static/24549.cf667c52.js,absolute-url
http://example.com,example.com,raw/ilearn.thu.edu.tw/static/24549.cf667c52.js,https://ilearn.thu.edu.tw/static/24549.cf667c52.js,absolute-url
http://www.w3.org/{id}/xhtml,www.w3.org,raw/ilearn.thu.edu.tw/static/24549.cf667c52.js,https://ilearn.thu.edu.tw/static/24549.cf667c52.js,absolute-url
http://www.w3.org/XML/{id}/namespace,www.w3.org,raw/ilearn.thu.edu.tw/static/24549.cf667c52.js,https://ilearn.thu.edu.tw/static/24549.cf667c52.js,absolute-url
http://www.w3.org/{id}/xmlns/,www.w3.org,raw/ilearn.thu.edu.tw/static/24549.cf667c52.js,https://ilearn.thu.edu.tw/static/24549.cf667c52.js,absolute-url
https://vjs.zencdn.net/vttjs/0.14.1/vtt.min.js,vjs.zencdn.net,raw/ilearn.thu.edu.tw/static/24549.cf667c52.js,https://ilearn.thu.edu.tw/static/24549.cf667c52.js,absolute-url
https://github.com/videojs/video.js/issues/{id},github.com,raw/ilearn.thu.edu.tw/static/24549.cf667c52.js,https://ilearn.thu.edu.tw/static/24549.cf667c52.js,absolute-url
https://datatracker.ietf.org/doc/html/draft-pantos-hls-rfc8216bis-09#section-4.4.3.7.,datatracker.ietf.org,raw/ilearn.thu.edu.tw/static/24549.cf667c52.js,https://ilearn.thu.edu.tw/static/24549.cf667c52.js,absolute-url
https://tools.ietf.org/html/draft-pantos-http-live-streaming-23#section-4.3.3.1,tools.ietf.org,raw/ilearn.thu.edu.tw/static/24549.cf667c52.js,https://ilearn.thu.edu.tw/static/24549.cf667c52.js,absolute-url
https://git.io/vMpjB,git.io,raw/ilearn.thu.edu.tw/static/24549.cf667c52.js,https://ilearn.thu.edu.tw/static/24549.cf667c52.js,absolute-url
https://github.com/w3c/IntersectionObserver/tree/master/polyfill,github.com,raw/ilearn.thu.edu.tw/static/24549.cf667c52.js,https://ilearn.thu.edu.tw/static/24549.cf667c52.js,absolute-url
http://schemas.openxmlformats.org/drawingml/{id}/main,schemas.openxmlformats.org,raw/ilearn.thu.edu.tw/static/24549.cf667c52.js,https://ilearn.thu.edu.tw/static/24549.cf667c52.js,absolute-url
http://schemas.openxmlformats.org/drawingml/{id}/picture,schemas.openxmlformats.org,raw/ilearn.thu.edu.tw/static/24549.cf667c52.js,https://ilearn.thu.edu.tw/static/24549.cf667c52.js,absolute-url
http://schemas.microsoft.com/office/drawing/{id}/chartex,schemas.microsoft.com,raw/ilearn.thu.edu.tw/static/24549.cf667c52.js,https://ilearn.thu.edu.tw/static/24549.cf667c52.js,absolute-url
http://schemas.microsoft.com/office/drawing/{id}/9/8/chartex,schemas.microsoft.com,raw/ilearn.thu.edu.tw/static/24549.cf667c52.js,https://ilearn.thu.edu.tw/static/24549.cf667c52.js,absolute-url
http://schemas.microsoft.com/office/drawing/{id}/10/21/chartex,schemas.microsoft.com,raw/ilearn.thu.edu.tw/static/24549.cf667c52.js,https://ilearn.thu.edu.tw/static/24549.cf667c52.js,absolute-url
http://schemas.microsoft.com/office/drawing/{id}/5/9/chartex,schemas.microsoft.com,raw/ilearn.thu.edu.tw/static/24549.cf667c52.js,https://ilearn.thu.edu.tw/static/24549.cf667c52.js,absolute-url
http://schemas.microsoft.com/office/drawing/{id}/5/10/chartex,schemas.microsoft.com,raw/ilearn.thu.edu.tw/static/24549.cf667c52.js,https://ilearn.thu.edu.tw/static/24549.cf667c52.js,absolute-url
http://schemas.microsoft.com/office/drawing/{id}/5/11/chartex,schemas.microsoft.com,raw/ilearn.thu.edu.tw/static/24549.cf667c52.js,https://ilearn.thu.edu.tw/static/24549.cf667c52.js,absolute-url
http://schemas.microsoft.com/office/drawing/{id}/5/12/chartex,schemas.microsoft.com,raw/ilearn.thu.edu.tw/static/24549.cf667c52.js,https://ilearn.thu.edu.tw/static/24549.cf667c52.js,absolute-url
http://schemas.microsoft.com/office/drawing/{id}/5/13/chartex,schemas.microsoft.com,raw/ilearn.thu.edu.tw/static/24549.cf667c52.js,https://ilearn.thu.edu.tw/static/24549.cf667c52.js,absolute-url
http://schemas.microsoft.com/office/drawing/{id}/5/14/chartex,schemas.microsoft.com,raw/ilearn.thu.edu.tw/static/24549.cf667c52.js,https://ilearn.thu.edu.tw/static/24549.cf667c52.js,absolute-url
http://schemas.openxmlformats.org/markup-compatibility/{id},schemas.openxmlformats.org,raw/ilearn.thu.edu.tw/static/24549.cf667c52.js,https://ilearn.thu.edu.tw/static/24549.cf667c52.js,absolute-url
http://schemas.microsoft.com/office/drawing/{id}/ink,schemas.microsoft.com,raw/ilearn.thu.edu.tw/static/24549.cf667c52.js,https://ilearn.thu.edu.tw/static/24549.cf667c52.js,absolute-url
http://schemas.microsoft.com/office/drawing/{id}/model3d,schemas.microsoft.com,raw/ilearn.thu.edu.tw/static/24549.cf667c52.js,https://ilearn.thu.edu.tw/static/24549.cf667c52.js,absolute-url
http://schemas.openxmlformats.org/officeDocument/{id}/relationships,schemas.openxmlformats.org,raw/ilearn.thu.edu.tw/static/24549.cf667c52.js,https://ilearn.thu.edu.tw/static/24549.cf667c52.js,absolute-url
http://schemas.openxmlformats.org/officeDocument/{id}/math,schemas.openxmlformats.org,raw/ilearn.thu.edu.tw/static/24549.cf667c52.js,https://ilearn.thu.edu.tw/static/24549.cf667c52.js,absolute-url
http://schemas.microsoft.com/office/word/{id}/wordprocessingDrawing,schemas.microsoft.com,raw/ilearn.thu.edu.tw/static/24549.cf667c52.js,https://ilearn.thu.edu.tw/static/24549.cf667c52.js,absolute-url
http://schemas.openxmlformats.org/drawingml/{id}/wordprocessingDrawing,schemas.openxmlformats.org,raw/ilearn.thu.edu.tw/static/24549.cf667c52.js,https://ilearn.thu.edu.tw/static/24549.cf667c52.js,absolute-url
http://schemas.openxmlformats.org/wordprocessingml/{id}/main,schemas.openxmlformats.org,raw/ilearn.thu.edu.tw/static/24549.cf667c52.js,https://ilearn.thu.edu.tw/static/24549.cf667c52.js,absolute-url
http://schemas.microsoft.com/office/word/{id}/wordml,schemas.microsoft.com,raw/ilearn.thu.edu.tw/static/24549.cf667c52.js,https://ilearn.thu.edu.tw/static/24549.cf667c52.js,absolute-url
http://schemas.microsoft.com/office/word/{id}/wordml/cex,schemas.microsoft.com,raw/ilearn.thu.edu.tw/static/24549.cf667c52.js,https://ilearn.thu.edu.tw/static/24549.cf667c52.js,absolute-url
http://schemas.microsoft.com/office/word/{id}/wordml/cid,schemas.microsoft.com,raw/ilearn.thu.edu.tw/static/24549.cf667c52.js,https://ilearn.thu.edu.tw/static/24549.cf667c52.js,absolute-url
http://schemas.microsoft.com/office/word/{id}/wordml/sdtdatahash,schemas.microsoft.com,raw/ilearn.thu.edu.tw/static/24549.cf667c52.js,https://ilearn.thu.edu.tw/static/24549.cf667c52.js,absolute-url
http://schemas.microsoft.com/office/word/{id}/wordml/symex,schemas.microsoft.com,raw/ilearn.thu.edu.tw/static/24549.cf667c52.js,https://ilearn.thu.edu.tw/static/24549.cf667c52.js,absolute-url
http://schemas.microsoft.com/office/word/{id}/wordprocessingGroup,schemas.microsoft.com,raw/ilearn.thu.edu.tw/static/24549.cf667c52.js,https://ilearn.thu.edu.tw/static/24549.cf667c52.js,absolute-url
http://schemas.microsoft.com/office/word/{id}/wordprocessingInk,schemas.microsoft.com,raw/ilearn.thu.edu.tw/static/24549.cf667c52.js,https://ilearn.thu.edu.tw/static/24549.cf667c52.js,absolute-url
http://schemas.microsoft.com/office/word/{id}/wordprocessingShape,schemas.microsoft.com,raw/ilearn.thu.edu.tw/static/24549.cf667c52.js,https://ilearn.thu.edu.tw/static/24549.cf667c52.js,absolute-url
https://answers.microsoft.com/en-us/msoffice/forum/all/does-word-support-more-than-9-list-levels/d130fdcd-1781-446d-8c84-c6c79124e4d7,answers.microsoft.com,raw/ilearn.thu.edu.tw/static/24549.cf667c52.js,https://ilearn.thu.edu.tw/static/24549.cf667c52.js,absolute-url
http://schemas.microsoft.com/office/word/{id}/wordprocessingCanvas,schemas.microsoft.com,raw/ilearn.thu.edu.tw/static/24549.cf667c52.js,https://ilearn.thu.edu.tw/static/24549.cf667c52.js,absolute-url
http://schemas.openxmlformats.org/package/{id}/relationships,schemas.openxmlformats.org,raw/ilearn.thu.edu.tw/static/24549.cf667c52.js,https://ilearn.thu.edu.tw/static/24549.cf667c52.js,absolute-url
http://schemas.openxmlformats.org/officeDocument/{id}/relationships/hyperlink,schemas.openxmlformats.org,raw/ilearn.thu.edu.tw/static/24549.cf667c52.js,https://ilearn.thu.edu.tw/static/24549.cf667c52.js,absolute-url
http://schemas.openxmlformats.org/officeDocument/{id}/extended-properties,schemas.openxmlformats.org,raw/ilearn.thu.edu.tw/static/24549.cf667c52.js,https://ilearn.thu.edu.tw/static/24549.cf667c52.js,absolute-url
http://schemas.openxmlformats.org/officeDocument/{id}/docPropsVTypes,schemas.openxmlformats.org,raw/ilearn.thu.edu.tw/static/24549.cf667c52.js,https://ilearn.thu.edu.tw/static/24549.cf667c52.js,absolute-url
http://schemas.openxmlformats.org/package/{id}/content-types,schemas.openxmlformats.org,raw/ilearn.thu.edu.tw/static/24549.cf667c52.js,https://ilearn.thu.edu.tw/static/24549.cf667c52.js,absolute-url
http://schemas.openxmlformats.org/package/{id}/metadata/core-properties,schemas.openxmlformats.org,raw/ilearn.thu.edu.tw/static/24549.cf667c52.js,https://ilearn.thu.edu.tw/static/24549.cf667c52.js,absolute-url
http://purl.org/dc/elements/1.1/,purl.org,raw/ilearn.thu.edu.tw/static/24549.cf667c52.js,https://ilearn.thu.edu.tw/static/24549.cf667c52.js,absolute-url
http://purl.org/dc/terms/,purl.org,raw/ilearn.thu.edu.tw/static/24549.cf667c52.js,https://ilearn.thu.edu.tw/static/24549.cf667c52.js,absolute-url
http://purl.org/dc/dcmitype/,purl.org,raw/ilearn.thu.edu.tw/static/24549.cf667c52.js,https://ilearn.thu.edu.tw/static/24549.cf667c52.js,absolute-url
http://www.w3.org/{id}/XMLSchema-instance,www.w3.org,raw/ilearn.thu.edu.tw/static/24549.cf667c52.js,https://ilearn.thu.edu.tw/static/24549.cf667c52.js,absolute-url
http://schemas.openxmlformats.org/officeDocument/{id}/custom-properties,schemas.openxmlformats.org,raw/ilearn.thu.edu.tw/static/24549.cf667c52.js,https://ilearn.thu.edu.tw/static/24549.cf667c52.js,absolute-url
http://schemas.microsoft.com/office/word,schemas.microsoft.com,raw/ilearn.thu.edu.tw/static/24549.cf667c52.js,https://ilearn.thu.edu.tw/static/24549.cf667c52.js,absolute-url
https://stuk.github.io/jszip/documentation/howto/read_zip.html,stuk.github.io,raw/ilearn.thu.edu.tw/static/24549.cf667c52.js,https://ilearn.thu.edu.tw/static/24549.cf667c52.js,absolute-url
http://schemas.openxmlformats.org/officeDocument/{id}/relationships/header,schemas.openxmlformats.org,raw/ilearn.thu.edu.tw/static/24549.cf667c52.js,https://ilearn.thu.edu.tw/static/24549.cf667c52.js,absolute-url
http://schemas.openxmlformats.org/officeDocument/{id}/relationships/footer,schemas.openxmlformats.org,raw/ilearn.thu.edu.tw/static/24549.cf667c52.js,https://ilearn.thu.edu.tw/static/24549.cf667c52.js,absolute-url
http://schemas.openxmlformats.org/officeDocument/{id}/relationships/officeDocument,schemas.openxmlformats.org,raw/ilearn.thu.edu.tw/static/24549.cf667c52.js,https://ilearn.thu.edu.tw/static/24549.cf667c52.js,absolute-url
http://schemas.openxmlformats.org/package/{id}/relationships/metadata/core-properties,schemas.openxmlformats.org,raw/ilearn.thu.edu.tw/static/24549.cf667c52.js,https://ilearn.thu.edu.tw/static/24549.cf667c52.js,absolute-url
http://schemas.openxmlformats.org/officeDocument/{id}/relationships/extended-properties,schemas.openxmlformats.org,raw/ilearn.thu.edu.tw/static/24549.cf667c52.js,https://ilearn.thu.edu.tw/static/24549.cf667c52.js,absolute-url
http://schemas.openxmlformats.org/officeDocument/{id}/relationships/custom-properties,schemas.openxmlformats.org,raw/ilearn.thu.edu.tw/static/24549.cf667c52.js,https://ilearn.thu.edu.tw/static/24549.cf667c52.js,absolute-url
http://schemas.openxmlformats.org/officeDocument/{id}/relationships/styles,schemas.openxmlformats.org,raw/ilearn.thu.edu.tw/static/24549.cf667c52.js,https://ilearn.thu.edu.tw/static/24549.cf667c52.js,absolute-url
http://schemas.openxmlformats.org/officeDocument/{id}/relationships/numbering,schemas.openxmlformats.org,raw/ilearn.thu.edu.tw/static/24549.cf667c52.js,https://ilearn.thu.edu.tw/static/24549.cf667c52.js,absolute-url
http://schemas.openxmlformats.org/officeDocument/{id}/relationships/footnotes,schemas.openxmlformats.org,raw/ilearn.thu.edu.tw/static/24549.cf667c52.js,https://ilearn.thu.edu.tw/static/24549.cf667c52.js,absolute-url
http://schemas.openxmlformats.org/officeDocument/{id}/relationships/settings,schemas.openxmlformats.org,raw/ilearn.thu.edu.tw/static/24549.cf667c52.js,https://ilearn.thu.edu.tw/static/24549.cf667c52.js,absolute-url
http://schemas.openxmlformats.org/officeDocument/{id}/relationships/comments,schemas.openxmlformats.org,raw/ilearn.thu.edu.tw/static/24549.cf667c52.js,https://ilearn.thu.edu.tw/static/24549.cf667c52.js,absolute-url
http://schemas.openxmlformats.org/officeDocument/{id}/relationships/image,schemas.openxmlformats.org,raw/ilearn.thu.edu.tw/static/24549.cf667c52.js,https://ilearn.thu.edu.tw/static/24549.cf667c52.js,absolute-url
https://picsum.photos/,picsum.photos,raw/ilearn.thu.edu.tw/static/24549.cf667c52.js,https://ilearn.thu.edu.tw/static/24549.cf667c52.js,absolute-url
https://aisk.one.blendvision.com/playground?token=eyJhbGciOiJSUzI1NiIsImtpZCI6IjBkOTYxOTcxLWQxNTAtNDU0ZC05MzAxLWYwODllNTYyOTFkZCIsInR5cCI6IkpXVCJ9.eyJjaGF0Ym90X2lkIjoiZTk3M2IxOWQtMGNkMS00NDdmLTgxZWMtOGI1OTg1YWRjNzY4Iiwib3JnX2lkIjoiYWM5MDkyZDctYzY4ZS00MThkLWI4MDEtZmZiZDU4MmU1ZjkxIiwidGVuYW50X2lkIjoiMjc3MjQzOTAtZTM0Ny00N2FjLWFmNGYtOTA0MmNiYTIyYWYwIn0.l-iHLG-z4-8UEXFikATyMWDDCHm31QuizQERA-wmGzSYbjRYZCoMWU7ni34Lczj8HN9eWQ3yEMkxq4FeOQWAO7IqG3PRXX1nLk---2BDYYo9r5gZWInQa6gujdFGJNxYE9erTe--E_oTmPICX0syW,aisk.one.blendvision.com,raw/ilearn.thu.edu.tw/static/24549.cf667c52.js,https://ilearn.thu.edu.tw/static/24549.cf667c52.js,absolute-url
https://example.com,example.com,raw/ilearn.thu.edu.tw/static/24549.cf667c52.js,https://ilearn.thu.edu.tw/static/24549.cf667c52.js,absolute-url
https://unpkg.com/emoji-datasource-,unpkg.com,raw/ilearn.thu.edu.tw/static/24549.cf667c52.js,https://ilearn.thu.edu.tw/static/24549.cf667c52.js,absolute-url
https://socket.io/docs/v3/migrating-from-2-x-to-3-0/),socket.io,raw/ilearn.thu.edu.tw/static/24549.cf667c52.js,https://ilearn.thu.edu.tw/static/24549.cf667c52.js,absolute-url
http://www.w3.org/{id}/svg,www.w3.org,raw/ilearn.thu.edu.tw/static/24598.127c6b42.js,https://ilearn.thu.edu.tw/static/24598.127c6b42.js,absolute-url
http://www.w3.org/{id}/xlink,www.w3.org,raw/ilearn.thu.edu.tw/static/24598.127c6b42.js,https://ilearn.thu.edu.tw/static/24598.127c6b42.js,absolute-url
https://theajack.github.io/disable-devtool/{id}.html?h=,theajack.github.io,raw/ilearn.thu.edu.tw/static/24598.127c6b42.js,https://ilearn.thu.edu.tw/static/24598.127c6b42.js,absolute-url
https://bit.ly/2ZqJzkp,bit.ly,raw/ilearn.thu.edu.tw/static/24598.127c6b42.js,https://ilearn.thu.edu.tw/static/24598.127c6b42.js,absolute-url
http://www.w3.org/{id}/xhtml,www.w3.org,raw/ilearn.thu.edu.tw/static/24598.127c6b42.js,https://ilearn.thu.edu.tw/static/24598.127c6b42.js,absolute-url
http://www.w3.org/{id}/svg,www.w3.org,raw/ilearn.thu.edu.tw/static/24659.7b933a47.js,https://ilearn.thu.edu.tw/static/24659.7b933a47.js,absolute-url
http://www.w3.org/{id}/xlink,www.w3.org,raw/ilearn.thu.edu.tw/static/24659.7b933a47.js,https://ilearn.thu.edu.tw/static/24659.7b933a47.js,absolute-url
https://vimeo.com/,vimeo.com,raw/ilearn.thu.edu.tw/static/25695.1e9f7e35.js,https://ilearn.thu.edu.tw/static/25695.1e9f7e35.js,absolute-url
https://vimeo.com/api/oembed.json?url=,vimeo.com,raw/ilearn.thu.edu.tw/static/25695.1e9f7e35.js,https://ilearn.thu.edu.tw/static/25695.1e9f7e35.js,absolute-url
https://theajack.github.io/disable-devtool/{id}.html?h=,theajack.github.io,raw/ilearn.thu.edu.tw/static/26039.b4a636ae.js,https://ilearn.thu.edu.tw/static/26039.b4a636ae.js,absolute-url
http://www.w3.org/{id}/xhtml,www.w3.org,raw/ilearn.thu.edu.tw/static/26039.b4a636ae.js,https://ilearn.thu.edu.tw/static/26039.b4a636ae.js,absolute-url
https://theajack.github.io/disable-devtool/{id}.html?h=,theajack.github.io,raw/ilearn.thu.edu.tw/static/26158.3edb1bbc.js,https://ilearn.thu.edu.tw/static/26158.3edb1bbc.js,absolute-url
https://bit.ly/2ZqJzkp,bit.ly,raw/ilearn.thu.edu.tw/static/26158.3edb1bbc.js,https://ilearn.thu.edu.tw/static/26158.3edb1bbc.js,absolute-url
http://www.w3.org/{id}/xhtml,www.w3.org,raw/ilearn.thu.edu.tw/static/26158.3edb1bbc.js,https://ilearn.thu.edu.tw/static/26158.3edb1bbc.js,absolute-url
http://example.com,example.com,raw/ilearn.thu.edu.tw/static/26296-0d2e8412.js,https://ilearn.thu.edu.tw/static/26296-0d2e8412.js,absolute-url
http://www.w3.org/{id}/xhtml,www.w3.org,raw/ilearn.thu.edu.tw/static/26296-0d2e8412.js,https://ilearn.thu.edu.tw/static/26296-0d2e8412.js,absolute-url
http://www.w3.org/{id}/svg,www.w3.org,raw/ilearn.thu.edu.tw/static/26296-0d2e8412.js,https://ilearn.thu.edu.tw/static/26296-0d2e8412.js,absolute-url
http://www.w3.org/XML/{id}/namespace,www.w3.org,raw/ilearn.thu.edu.tw/static/26296-0d2e8412.js,https://ilearn.thu.edu.tw/static/26296-0d2e8412.js,absolute-url
http://www.w3.org/{id}/xmlns/,www.w3.org,raw/ilearn.thu.edu.tw/static/26296-0d2e8412.js,https://ilearn.thu.edu.tw/static/26296-0d2e8412.js,absolute-url
https://socket.io/docs/v3/migrating-from-2-x-to-3-0/),socket.io,raw/ilearn.thu.edu.tw/static/26359-4b776c7f.js,https://ilearn.thu.edu.tw/static/26359-4b776c7f.js,absolute-url
https://theajack.github.io/disable-devtool/{id}.html?h=,theajack.github.io,raw/ilearn.thu.edu.tw/static/26648.5d159b57.js,https://ilearn.thu.edu.tw/static/26648.5d159b57.js,absolute-url
http://www.w3.org/{id}/xhtml,www.w3.org,raw/ilearn.thu.edu.tw/static/26648.5d159b57.js,https://ilearn.thu.edu.tw/static/26648.5d159b57.js,absolute-url
http://www.w3.org/{id}/svg,www.w3.org,raw/ilearn.thu.edu.tw/static/27148.dc9a1b6d.js,https://ilearn.thu.edu.tw/static/27148.dc9a1b6d.js,absolute-url
https://unpkg.com/$,unpkg.com,raw/ilearn.thu.edu.tw/static/27359.c8e5eebe.js,https://ilearn.thu.edu.tw/static/27359.c8e5eebe.js,absolute-url
https://cdn.jsdelivr.net/npm/$,cdn.jsdelivr.net,raw/ilearn.thu.edu.tw/static/27359.c8e5eebe.js,https://ilearn.thu.edu.tw/static/27359.c8e5eebe.js,absolute-url
http://www.w3.org/{id}/svg,www.w3.org,raw/ilearn.thu.edu.tw/static/27783-f0ef0edb.js,https://ilearn.thu.edu.tw/static/27783-f0ef0edb.js,absolute-url
http://www.w3.org/{id}/xlink,www.w3.org,raw/ilearn.thu.edu.tw/static/27783-f0ef0edb.js,https://ilearn.thu.edu.tw/static/27783-f0ef0edb.js,absolute-url
http://www.w3.org/{id}/xmlns/,www.w3.org,raw/ilearn.thu.edu.tw/static/27783-f0ef0edb.js,https://ilearn.thu.edu.tw/static/27783-f0ef0edb.js,absolute-url
http://www.w3.org/XML/{id}/namespace,www.w3.org,raw/ilearn.thu.edu.tw/static/27783-f0ef0edb.js,https://ilearn.thu.edu.tw/static/27783-f0ef0edb.js,absolute-url
https://bit.ly/2ZqJzkp,bit.ly,raw/ilearn.thu.edu.tw/static/28245.9d3509d0.js,https://ilearn.thu.edu.tw/static/28245.9d3509d0.js,absolute-url
https://github.com/uuidjs/uuid#getrandomvalues-not-supported,github.com,raw/ilearn.thu.edu.tw/static/28245.9d3509d0.js,https://ilearn.thu.edu.tw/static/28245.9d3509d0.js,absolute-url
http://www.w3.org/{id}/svg,www.w3.org,raw/ilearn.thu.edu.tw/static/2828.ed6f8396.js,https://ilearn.thu.edu.tw/static/2828.ed6f8396.js,absolute-url
http://www.w3.org/{id}/xlink,www.w3.org,raw/ilearn.thu.edu.tw/static/2828.ed6f8396.js,https://ilearn.thu.edu.tw/static/2828.ed6f8396.js,absolute-url
http://www.w3.org/{id}/svg,www.w3.org,raw/ilearn.thu.edu.tw/static/28413.2c9b36eb.js,https://ilearn.thu.edu.tw/static/28413.2c9b36eb.js,absolute-url
http://www.w3.org/{id}/xlink,www.w3.org,raw/ilearn.thu.edu.tw/static/28413.2c9b36eb.js,https://ilearn.thu.edu.tw/static/28413.2c9b36eb.js,absolute-url
https://theajack.github.io/disable-devtool/{id}.html?h=,theajack.github.io,raw/ilearn.thu.edu.tw/static/28413.2c9b36eb.js,https://ilearn.thu.edu.tw/static/28413.2c9b36eb.js,absolute-url
https://bit.ly/2ZqJzkp,bit.ly,raw/ilearn.thu.edu.tw/static/28413.2c9b36eb.js,https://ilearn.thu.edu.tw/static/28413.2c9b36eb.js,absolute-url
http://www.w3.org/{id}/xhtml,www.w3.org,raw/ilearn.thu.edu.tw/static/28413.2c9b36eb.js,https://ilearn.thu.edu.tw/static/28413.2c9b36eb.js,absolute-url
https://theajack.github.io/disable-devtool/{id}.html?h=,theajack.github.io,raw/ilearn.thu.edu.tw/static/29155.ad8982cf.js,https://ilearn.thu.edu.tw/static/29155.ad8982cf.js,absolute-url
http://www.w3.org/{id}/xhtml,www.w3.org,raw/ilearn.thu.edu.tw/static/29155.ad8982cf.js,https://ilearn.thu.edu.tw/static/29155.ad8982cf.js,absolute-url
https://theajack.github.io/disable-devtool/{id}.html?h=,theajack.github.io,raw/ilearn.thu.edu.tw/static/29798-429bec4f.js,https://ilearn.thu.edu.tw/static/29798-429bec4f.js,absolute-url
https://github.com/uuidjs/uuid#getrandomvalues-not-supported,github.com,raw/ilearn.thu.edu.tw/static/29798-429bec4f.js,https://ilearn.thu.edu.tw/static/29798-429bec4f.js,absolute-url
http://www.w3.org/{id}/xhtml,www.w3.org,raw/ilearn.thu.edu.tw/static/29798-429bec4f.js,https://ilearn.thu.edu.tw/static/29798-429bec4f.js,absolute-url
http://www.w3.org/{id}/svg,www.w3.org,raw/ilearn.thu.edu.tw/static/30803-7b1f840f.js,https://ilearn.thu.edu.tw/static/30803-7b1f840f.js,absolute-url
http://www.w3.org/{id}/xlink,www.w3.org,raw/ilearn.thu.edu.tw/static/30803-7b1f840f.js,https://ilearn.thu.edu.tw/static/30803-7b1f840f.js,absolute-url
http://www.w3.org/{id}/xmlns/,www.w3.org,raw/ilearn.thu.edu.tw/static/30803-7b1f840f.js,https://ilearn.thu.edu.tw/static/30803-7b1f840f.js,absolute-url
http://www.w3.org/XML/{id}/namespace,www.w3.org,raw/ilearn.thu.edu.tw/static/30803-7b1f840f.js,https://ilearn.thu.edu.tw/static/30803-7b1f840f.js,absolute-url
https://vjs.zencdn.net/vttjs/0.14.1/vtt.min.js,vjs.zencdn.net,raw/ilearn.thu.edu.tw/static/31076.a8c88684.js,https://ilearn.thu.edu.tw/static/31076.a8c88684.js,absolute-url
https://github.com/videojs/video.js/issues/{id},github.com,raw/ilearn.thu.edu.tw/static/31076.a8c88684.js,https://ilearn.thu.edu.tw/static/31076.a8c88684.js,absolute-url
https://git.io/vMpjB,git.io,raw/ilearn.thu.edu.tw/static/31076.a8c88684.js,https://ilearn.thu.edu.tw/static/31076.a8c88684.js,absolute-url
http://www.w3.org/{id}/svg,www.w3.org,raw/ilearn.thu.edu.tw/static/31345.ad1e1769.js,https://ilearn.thu.edu.tw/static/31345.ad1e1769.js,absolute-url
http://www.w3.org/{id}/xlink,www.w3.org,raw/ilearn.thu.edu.tw/static/31345.ad1e1769.js,https://ilearn.thu.edu.tw/static/31345.ad1e1769.js,absolute-url
http://www.w3.org/{id}/svg,www.w3.org,raw/ilearn.thu.edu.tw/static/31651.9857c692.js,https://ilearn.thu.edu.tw/static/31651.9857c692.js,absolute-url
https://bit.ly/2ZqJzkp,bit.ly,raw/ilearn.thu.edu.tw/static/31937.5b34c824.js,https://ilearn.thu.edu.tw/static/31937.5b34c824.js,absolute-url
http://www.w3.org/{id}/svg,www.w3.org,raw/ilearn.thu.edu.tw/static/31975.e0a4fe1f.js,https://ilearn.thu.edu.tw/static/31975.e0a4fe1f.js,absolute-url
http://www.w3.org/{id}/xlink,www.w3.org,raw/ilearn.thu.edu.tw/static/31975.e0a4fe1f.js,https://ilearn.thu.edu.tw/static/31975.e0a4fe1f.js,absolute-url
https://bit.ly/2ZqJzkp,bit.ly,raw/ilearn.thu.edu.tw/static/32622.ac8af71b.js,https://ilearn.thu.edu.tw/static/32622.ac8af71b.js,absolute-url
https://static.howxm.com/sdk.js,static.howxm.com,raw/ilearn.thu.edu.tw/static/328.7ecb97ad.js,https://ilearn.thu.edu.tw/static/328.7ecb97ad.js,absolute-url
http://www.w3.org/{id}/svg,www.w3.org,raw/ilearn.thu.edu.tw/static/3324.1e4898ec.js,https://ilearn.thu.edu.tw/static/3324.1e4898ec.js,absolute-url
http://www.w3.org/{id}/xlink,www.w3.org,raw/ilearn.thu.edu.tw/static/3324.1e4898ec.js,https://ilearn.thu.edu.tw/static/3324.1e4898ec.js,absolute-url
http://www.w3.org/{id}/xhtml,www.w3.org,raw/ilearn.thu.edu.tw/static/3347-d08db718.js,https://ilearn.thu.edu.tw/static/3347-d08db718.js,absolute-url
http://www.w3.org/{id}/svg,www.w3.org,raw/ilearn.thu.edu.tw/static/3347-d08db718.js,https://ilearn.thu.edu.tw/static/3347-d08db718.js,absolute-url
http://www.w3.org/{id}/xlink,www.w3.org,raw/ilearn.thu.edu.tw/static/3347-d08db718.js,https://ilearn.thu.edu.tw/static/3347-d08db718.js,absolute-url
http://www.w3.org/XML/{id}/namespace,www.w3.org,raw/ilearn.thu.edu.tw/static/3347-d08db718.js,https://ilearn.thu.edu.tw/static/3347-d08db718.js,absolute-url
http://www.w3.org/{id}/xmlns/,www.w3.org,raw/ilearn.thu.edu.tw/static/3347-d08db718.js,https://ilearn.thu.edu.tw/static/3347-d08db718.js,absolute-url
https://theajack.github.io/disable-devtool/{id}.html?h=,theajack.github.io,raw/ilearn.thu.edu.tw/static/33961.a7791db6.js,https://ilearn.thu.edu.tw/static/33961.a7791db6.js,absolute-url
http://www.w3.org/{id}/xhtml,www.w3.org,raw/ilearn.thu.edu.tw/static/33961.a7791db6.js,https://ilearn.thu.edu.tw/static/33961.a7791db6.js,absolute-url
http://www.w3.org/{id}/svg,www.w3.org,raw/ilearn.thu.edu.tw/static/35169.c1d1c9fe.js,https://ilearn.thu.edu.tw/static/35169.c1d1c9fe.js,absolute-url
http://www.w3.org/{id}/xlink,www.w3.org,raw/ilearn.thu.edu.tw/static/35169.c1d1c9fe.js,https://ilearn.thu.edu.tw/static/35169.c1d1c9fe.js,absolute-url
https://npms.io/search?q=ponyfill.,npms.io,raw/ilearn.thu.edu.tw/static/35684.22e582e5.js,https://ilearn.thu.edu.tw/static/35684.22e582e5.js,absolute-url
http://www.w3.org/{id}/svg,www.w3.org,raw/ilearn.thu.edu.tw/static/36972.cf8417d8.js,https://ilearn.thu.edu.tw/static/36972.cf8417d8.js,absolute-url
http://www.w3.org/{id}/xlink,www.w3.org,raw/ilearn.thu.edu.tw/static/36972.cf8417d8.js,https://ilearn.thu.edu.tw/static/36972.cf8417d8.js,absolute-url
https://co.aippt.cn/api/grant/code?uid=,co.aippt.cn,raw/ilearn.thu.edu.tw/static/37336.084b8613.js,https://ilearn.thu.edu.tw/static/37336.084b8613.js,absolute-url
https://bit.ly/2ZqJzkp,bit.ly,raw/ilearn.thu.edu.tw/static/40002.f956d0b8.js,https://ilearn.thu.edu.tw/static/40002.f956d0b8.js,absolute-url
https://bit.ly/2ZqJzkp,bit.ly,raw/ilearn.thu.edu.tw/static/40251.b93d27d4.js,https://ilearn.thu.edu.tw/static/40251.b93d27d4.js,absolute-url
https://github.com/zloirock/core-js/blob/v3.37.1/LICENSE,github.com,raw/ilearn.thu.edu.tw/static/40661-c706bf0b.js,https://ilearn.thu.edu.tw/static/40661-c706bf0b.js,absolute-url
https://github.com/zloirock/core-js,github.com,raw/ilearn.thu.edu.tw/static/40661-c706bf0b.js,https://ilearn.thu.edu.tw/static/40661-c706bf0b.js,absolute-url
http://www.w3.org/{id}/svg,www.w3.org,raw/ilearn.thu.edu.tw/static/40991.c161b769.js,https://ilearn.thu.edu.tw/static/40991.c161b769.js,absolute-url
https://theajack.github.io/disable-devtool/{id}.html?h=,theajack.github.io,raw/ilearn.thu.edu.tw/static/42041.c3faf34c.js,https://ilearn.thu.edu.tw/static/42041.c3faf34c.js,absolute-url
http://www.w3.org/{id}/xhtml,www.w3.org,raw/ilearn.thu.edu.tw/static/42041.c3faf34c.js,https://ilearn.thu.edu.tw/static/42041.c3faf34c.js,absolute-url
https://theajack.github.io/disable-devtool/{id}.html?h=,theajack.github.io,raw/ilearn.thu.edu.tw/static/42227.9531c22f.js,https://ilearn.thu.edu.tw/static/42227.9531c22f.js,absolute-url
https://bit.ly/2ZqJzkp,bit.ly,raw/ilearn.thu.edu.tw/static/42227.9531c22f.js,https://ilearn.thu.edu.tw/static/42227.9531c22f.js,absolute-url
http://www.w3.org/{id}/xhtml,www.w3.org,raw/ilearn.thu.edu.tw/static/42227.9531c22f.js,https://ilearn.thu.edu.tw/static/42227.9531c22f.js,absolute-url
https://gw.alipayobjects.com/mdn/rms_f8c6a0/afts/img/A*RsnHRqLfJn4AAAAAAAAAAAAAARQnAQ,gw.alipayobjects.com,raw/ilearn.thu.edu.tw/static/42753.47feb217.js,https://ilearn.thu.edu.tw/static/42753.47feb217.js,absolute-url
https://gw.alipayobjects.com/mdn/rms_f8c6a0/afts/img/A*eD7nT6tmYgAAAAAAAAAAAABkARQnAQ,gw.alipayobjects.com,raw/ilearn.thu.edu.tw/static/42753.47feb217.js,https://ilearn.thu.edu.tw/static/42753.47feb217.js,absolute-url
https://gw.alipayobjects.com/os/s/prod/antv/assets/image/logo-with-text-73b8a.svg,gw.alipayobjects.com,raw/ilearn.thu.edu.tw/static/42753.47feb217.js,https://ilearn.thu.edu.tw/static/42753.47feb217.js,absolute-url
http://khronos.org/webgl/wiki/Getting_a_WebGL_Implementation,khronos.org,raw/ilearn.thu.edu.tw/static/42753.47feb217.js,https://ilearn.thu.edu.tw/static/42753.47feb217.js,absolute-url
http://get.webgl.org/,get.webgl.org,raw/ilearn.thu.edu.tw/static/42753.47feb217.js,https://ilearn.thu.edu.tw/static/42753.47feb217.js,absolute-url
https://unpkg.com/@antv/layout@0.3.23/dist/layout.min.js,unpkg.com,raw/ilearn.thu.edu.tw/static/42753.47feb217.js,https://ilearn.thu.edu.tw/static/42753.47feb217.js,absolute-url
http://www.w3.org/Graphics/SVG/1.1/DTD/svg11.dtd,www.w3.org,raw/ilearn.thu.edu.tw/static/42753.47feb217.js,https://ilearn.thu.edu.tw/static/42753.47feb217.js,absolute-url
http://www.w3.org/{id}/svg,www.w3.org,raw/ilearn.thu.edu.tw/static/42753.47feb217.js,https://ilearn.thu.edu.tw/static/42753.47feb217.js,absolute-url
https://gw.alipayobjects.com/zos/bmw-prod/5d015065-8505-4e7a-baec-976f81e3c41d.svg,gw.alipayobjects.com,raw/ilearn.thu.edu.tw/static/42753.47feb217.js,https://ilearn.thu.edu.tw/static/42753.47feb217.js,absolute-url
https://gw.alipayobjects.com/zos/basement_prod/4f81893c-1806-4de4-aff3-9a6b266bc8a2.svg,gw.alipayobjects.com,raw/ilearn.thu.edu.tw/static/42753.47feb217.js,https://ilearn.thu.edu.tw/static/42753.47feb217.js,absolute-url
https://gw.alipayobjects.com/zos/basement_prod/{id}a2523-67e0-4cbf-9d4a-67c077b40395.svg,gw.alipayobjects.com,raw/ilearn.thu.edu.tw/static/42753.47feb217.js,https://ilearn.thu.edu.tw/static/42753.47feb217.js,absolute-url
https://twitter.com/$2,twitter.com,raw/ilearn.thu.edu.tw/static/42789-f3817b0b.js,https://ilearn.thu.edu.tw/static/42789-f3817b0b.js,absolute-url
https://twitter.com/search?q=%23$2,twitter.com,raw/ilearn.thu.edu.tw/static/42789-f3817b0b.js,https://ilearn.thu.edu.tw/static/42789-f3817b0b.js,absolute-url
https://github.com/$2,github.com,raw/ilearn.thu.edu.tw/static/42789-f3817b0b.js,https://ilearn.thu.edu.tw/static/42789-f3817b0b.js,absolute-url
http://angular-translate.github.io/docs/#/guide/19_security,angular-translate.github.io,raw/ilearn.thu.edu.tw/static/42962-a2c070d7.js,https://ilearn.thu.edu.tw/static/42962-a2c070d7.js,absolute-url
https://docs.angularjs.org/api/ngSanitize),docs.angularjs.org,raw/ilearn.thu.edu.tw/static/42962-a2c070d7.js,https://ilearn.thu.edu.tw/static/42962-a2c070d7.js,absolute-url
https://github.com/angular/angular.js/commit/{id}b9d04c722b278fa93c5d66ad1e578ad6eb1f,github.com,raw/ilearn.thu.edu.tw/static/42962-a2c070d7.js,https://ilearn.thu.edu.tw/static/42962-a2c070d7.js,absolute-url
http://www.w3.org/{id}/svg,www.w3.org,raw/ilearn.thu.edu.tw/static/43161.4bd4e9a7.js,https://ilearn.thu.edu.tw/static/43161.4bd4e9a7.js,absolute-url
http://www.w3.org/{id}/xlink,www.w3.org,raw/ilearn.thu.edu.tw/static/43161.4bd4e9a7.js,https://ilearn.thu.edu.tw/static/43161.4bd4e9a7.js,absolute-url
https://github.com/SortableJS/Vue.Draggable/blob/master/documentation/migrate.md#element-props,github.com,raw/ilearn.thu.edu.tw/static/432-55bea773.js,https://ilearn.thu.edu.tw/static/432-55bea773.js,absolute-url
https://github.com/SortableJS/Vue.Draggable/blob/master/documentation/migrate.md#options-props,github.com,raw/ilearn.thu.edu.tw/static/432-55bea773.js,https://ilearn.thu.edu.tw/static/432-55bea773.js,absolute-url
https://login.welink.huaweicloud.com,login.welink.huaweicloud.com,raw/ilearn.thu.edu.tw/static/4396.fcd26037.js,https://ilearn.thu.edu.tw/static/4396.fcd26037.js,absolute-url
https://api.weibo.com/oauth2/authorize?client_id=,api.weibo.com,raw/ilearn.thu.edu.tw/static/4396.fcd26037.js,https://ilearn.thu.edu.tw/static/4396.fcd26037.js,absolute-url
https://graph.qq.com/oauth2.0/authorize?client_id=,graph.qq.com,raw/ilearn.thu.edu.tw/static/4396.fcd26037.js,https://ilearn.thu.edu.tw/static/4396.fcd26037.js,absolute-url
https://www.facebook.com/dialog/oauth?client_id=,www.facebook.com,raw/ilearn.thu.edu.tw/static/4396.fcd26037.js,https://ilearn.thu.edu.tw/static/4396.fcd26037.js,absolute-url
https://www.googleapis.com/auth/userinfo.email,www.googleapis.com,raw/ilearn.thu.edu.tw/static/4396.fcd26037.js,https://ilearn.thu.edu.tw/static/4396.fcd26037.js,absolute-url
https://www.googleapis.com/auth/userinfo.profile,www.googleapis.com,raw/ilearn.thu.edu.tw/static/4396.fcd26037.js,https://ilearn.thu.edu.tw/static/4396.fcd26037.js,absolute-url
https://accounts.google.com/o/oauth2/auth?client_id=,accounts.google.com,raw/ilearn.thu.edu.tw/static/4396.fcd26037.js,https://ilearn.thu.edu.tw/static/4396.fcd26037.js,absolute-url
http://www.w3.org/{id}/svg,www.w3.org,raw/ilearn.thu.edu.tw/static/44194.476375f7.js,https://ilearn.thu.edu.tw/static/44194.476375f7.js,absolute-url
http://www.w3.org/{id}/xlink,www.w3.org,raw/ilearn.thu.edu.tw/static/44194.476375f7.js,https://ilearn.thu.edu.tw/static/44194.476375f7.js,absolute-url
https://theajack.github.io/disable-devtool/{id}.html?h=,theajack.github.io,raw/ilearn.thu.edu.tw/static/44194.476375f7.js,https://ilearn.thu.edu.tw/static/44194.476375f7.js,absolute-url
https://bit.ly/2ZqJzkp,bit.ly,raw/ilearn.thu.edu.tw/static/44194.476375f7.js,https://ilearn.thu.edu.tw/static/44194.476375f7.js,absolute-url
https://github.com/uuidjs/uuid#getrandomvalues-not-supported,github.com,raw/ilearn.thu.edu.tw/static/44194.476375f7.js,https://ilearn.thu.edu.tw/static/44194.476375f7.js,absolute-url
http://www.w3.org/{id}/xhtml,www.w3.org,raw/ilearn.thu.edu.tw/static/44194.476375f7.js,https://ilearn.thu.edu.tw/static/44194.476375f7.js,absolute-url
https://theajack.github.io/disable-devtool/{id}.html?h=,theajack.github.io,raw/ilearn.thu.edu.tw/static/44437.a7791db6.js,https://ilearn.thu.edu.tw/static/44437.a7791db6.js,absolute-url
http://www.w3.org/{id}/xhtml,www.w3.org,raw/ilearn.thu.edu.tw/static/44437.a7791db6.js,https://ilearn.thu.edu.tw/static/44437.a7791db6.js,absolute-url
https://bit.ly/2ZqJzkp,bit.ly,raw/ilearn.thu.edu.tw/static/44893.6b7d178e.js,https://ilearn.thu.edu.tw/static/44893.6b7d178e.js,absolute-url
http://www.w3.org/{id}/svg,www.w3.org,raw/ilearn.thu.edu.tw/static/44975.b06e0074.js,https://ilearn.thu.edu.tw/static/44975.b06e0074.js,absolute-url
http://www.w3.org/{id}/xlink,www.w3.org,raw/ilearn.thu.edu.tw/static/44975.b06e0074.js,https://ilearn.thu.edu.tw/static/44975.b06e0074.js,absolute-url
https://theajack.github.io/disable-devtool/{id}.html?h=,theajack.github.io,raw/ilearn.thu.edu.tw/static/44975.b06e0074.js,https://ilearn.thu.edu.tw/static/44975.b06e0074.js,absolute-url
http://www.w3.org/{id}/xhtml,www.w3.org,raw/ilearn.thu.edu.tw/static/44975.b06e0074.js,https://ilearn.thu.edu.tw/static/44975.b06e0074.js,absolute-url
http://www.w3.org/{id}/svg,www.w3.org,raw/ilearn.thu.edu.tw/static/45286-6fefd965.js,https://ilearn.thu.edu.tw/static/45286-6fefd965.js,absolute-url
http://www.w3.org/{id}/svg,www.w3.org,raw/ilearn.thu.edu.tw/static/45312.71278fd1.js,https://ilearn.thu.edu.tw/static/45312.71278fd1.js,absolute-url
http://www.w3.org/{id}/xlink,www.w3.org,raw/ilearn.thu.edu.tw/static/45312.71278fd1.js,https://ilearn.thu.edu.tw/static/45312.71278fd1.js,absolute-url
http://www.w3.org/{id}/svg,www.w3.org,raw/ilearn.thu.edu.tw/static/45567.01dfb060.js,https://ilearn.thu.edu.tw/static/45567.01dfb060.js,absolute-url
http://www.w3.org/{id}/xlink,www.w3.org,raw/ilearn.thu.edu.tw/static/45567.01dfb060.js,https://ilearn.thu.edu.tw/static/45567.01dfb060.js,absolute-url
https://theajack.github.io/disable-devtool/{id}.html?h=,theajack.github.io,raw/ilearn.thu.edu.tw/static/45605.d7e10a35.js,https://ilearn.thu.edu.tw/static/45605.d7e10a35.js,absolute-url
http://www.w3.org/{id}/xhtml,www.w3.org,raw/ilearn.thu.edu.tw/static/45605.d7e10a35.js,https://ilearn.thu.edu.tw/static/45605.d7e10a35.js,absolute-url
https://bit.ly/2ZqJzkp,bit.ly,raw/ilearn.thu.edu.tw/static/45685.4e07b7a7.js,https://ilearn.thu.edu.tw/static/45685.4e07b7a7.js,absolute-url
https://bit.ly/2ZqJzkp,bit.ly,raw/ilearn.thu.edu.tw/static/46169.a4bec735.js,https://ilearn.thu.edu.tw/static/46169.a4bec735.js,absolute-url
http://www.w3.org/{id}/svg,www.w3.org,raw/ilearn.thu.edu.tw/static/46865.870c4965.js,https://ilearn.thu.edu.tw/static/46865.870c4965.js,absolute-url
http://www.w3.org/{id}/xlink,www.w3.org,raw/ilearn.thu.edu.tw/static/46865.870c4965.js,https://ilearn.thu.edu.tw/static/46865.870c4965.js,absolute-url
https://github.com/uuidjs/uuid#getrandomvalues-not-supported,github.com,raw/ilearn.thu.edu.tw/static/46865.870c4965.js,https://ilearn.thu.edu.tw/static/46865.870c4965.js,absolute-url
https://theajack.github.io/disable-devtool/{id}.html?h=,theajack.github.io,raw/ilearn.thu.edu.tw/static/47273.0f291c3d.js,https://ilearn.thu.edu.tw/static/47273.0f291c3d.js,absolute-url
https://bit.ly/2ZqJzkp,bit.ly,raw/ilearn.thu.edu.tw/static/47273.0f291c3d.js,https://ilearn.thu.edu.tw/static/47273.0f291c3d.js,absolute-url
http://www.w3.org/{id}/xhtml,www.w3.org,raw/ilearn.thu.edu.tw/static/47273.0f291c3d.js,https://ilearn.thu.edu.tw/static/47273.0f291c3d.js,absolute-url
https://bit.ly/2ZqJzkp,bit.ly,raw/ilearn.thu.edu.tw/static/47611.42ee6df9.js,https://ilearn.thu.edu.tw/static/47611.42ee6df9.js,absolute-url
http://www.w3.org/{id}/svg,www.w3.org,raw/ilearn.thu.edu.tw/static/47695.1d992af3.js,https://ilearn.thu.edu.tw/static/47695.1d992af3.js,absolute-url
http://www.w3.org/{id}/xlink,www.w3.org,raw/ilearn.thu.edu.tw/static/47695.1d992af3.js,https://ilearn.thu.edu.tw/static/47695.1d992af3.js,absolute-url
https://bit.ly/2ZqJzkp,bit.ly,raw/ilearn.thu.edu.tw/static/48458.a917af91.js,https://ilearn.thu.edu.tw/static/48458.a917af91.js,absolute-url
http://www.w3.org/{id}/svg,www.w3.org,raw/ilearn.thu.edu.tw/static/48925.39b391b4.js,https://ilearn.thu.edu.tw/static/48925.39b391b4.js,absolute-url
http://www.w3.org/{id}/xlink,www.w3.org,raw/ilearn.thu.edu.tw/static/48925.39b391b4.js,https://ilearn.thu.edu.tw/static/48925.39b391b4.js,absolute-url
https://theajack.github.io/disable-devtool/{id}.html?h=,theajack.github.io,raw/ilearn.thu.edu.tw/static/48925.39b391b4.js,https://ilearn.thu.edu.tw/static/48925.39b391b4.js,absolute-url
https://github.com/uuidjs/uuid#getrandomvalues-not-supported,github.com,raw/ilearn.thu.edu.tw/static/48925.39b391b4.js,https://ilearn.thu.edu.tw/static/48925.39b391b4.js,absolute-url
http://www.w3.org/{id}/xhtml,www.w3.org,raw/ilearn.thu.edu.tw/static/48925.39b391b4.js,https://ilearn.thu.edu.tw/static/48925.39b391b4.js,absolute-url
https://github.com/markedjs/marked.,github.com,raw/ilearn.thu.edu.tw/static/48938-ac64b718.js,https://ilearn.thu.edu.tw/static/48938-ac64b718.js,absolute-url
http://www.w3.org/{id}/svg,www.w3.org,raw/ilearn.thu.edu.tw/static/49123-8cda630f.js,https://ilearn.thu.edu.tw/static/49123-8cda630f.js,absolute-url
http://www.w3.org/{id}/svg,www.w3.org,raw/ilearn.thu.edu.tw/static/49294.50a0a8b3.js,https://ilearn.thu.edu.tw/static/49294.50a0a8b3.js,absolute-url
http://www.w3.org/{id}/svg,www.w3.org,raw/ilearn.thu.edu.tw/static/49412.3bf7965d.js,https://ilearn.thu.edu.tw/static/49412.3bf7965d.js,absolute-url
http://www.w3.org/{id}/xlink,www.w3.org,raw/ilearn.thu.edu.tw/static/49412.3bf7965d.js,https://ilearn.thu.edu.tw/static/49412.3bf7965d.js,absolute-url
https://theajack.github.io/disable-devtool/{id}.html?h=,theajack.github.io,raw/ilearn.thu.edu.tw/static/49412.3bf7965d.js,https://ilearn.thu.edu.tw/static/49412.3bf7965d.js,absolute-url
https://bit.ly/2ZqJzkp,bit.ly,raw/ilearn.thu.edu.tw/static/49412.3bf7965d.js,https://ilearn.thu.edu.tw/static/49412.3bf7965d.js,absolute-url
http://www.w3.org/{id}/xhtml,www.w3.org,raw/ilearn.thu.edu.tw/static/49412.3bf7965d.js,https://ilearn.thu.edu.tw/static/49412.3bf7965d.js,absolute-url
http://www.w3.org/{id}/svg,www.w3.org,raw/ilearn.thu.edu.tw/static/50446.4b9b0bcc.js,https://ilearn.thu.edu.tw/static/50446.4b9b0bcc.js,absolute-url
http://www.w3.org/{id}/xlink,www.w3.org,raw/ilearn.thu.edu.tw/static/50446.4b9b0bcc.js,https://ilearn.thu.edu.tw/static/50446.4b9b0bcc.js,absolute-url
https://co.aippt.cn/api/grant/code?uid=,co.aippt.cn,raw/ilearn.thu.edu.tw/static/50446.4b9b0bcc.js,https://ilearn.thu.edu.tw/static/50446.4b9b0bcc.js,absolute-url
https://theajack.github.io/disable-devtool/{id}.html?h=,theajack.github.io,raw/ilearn.thu.edu.tw/static/50489-e6c39d0a.js,https://ilearn.thu.edu.tw/static/50489-e6c39d0a.js,absolute-url
https://github.com/uuidjs/uuid#getrandomvalues-not-supported,github.com,raw/ilearn.thu.edu.tw/static/50489-e6c39d0a.js,https://ilearn.thu.edu.tw/static/50489-e6c39d0a.js,absolute-url
http://www.w3.org/{id}/xhtml,www.w3.org,raw/ilearn.thu.edu.tw/static/50489-e6c39d0a.js,https://ilearn.thu.edu.tw/static/50489-e6c39d0a.js,absolute-url
http://www.w3.org/{id}/svg,www.w3.org,raw/ilearn.thu.edu.tw/static/50574.d4b1d445.js,https://ilearn.thu.edu.tw/static/50574.d4b1d445.js,absolute-url
http://www.w3.org/{id}/xlink,www.w3.org,raw/ilearn.thu.edu.tw/static/50574.d4b1d445.js,https://ilearn.thu.edu.tw/static/50574.d4b1d445.js,absolute-url
https://github.com/uuidjs/uuid#getrandomvalues-not-supported,github.com,raw/ilearn.thu.edu.tw/static/50574.d4b1d445.js,https://ilearn.thu.edu.tw/static/50574.d4b1d445.js,absolute-url
http://www.w3.org/{id}/svg,www.w3.org,raw/ilearn.thu.edu.tw/static/50674.577c5280.js,https://ilearn.thu.edu.tw/static/50674.577c5280.js,absolute-url
http://www.w3.org/{id}/svg,www.w3.org,raw/ilearn.thu.edu.tw/static/51310.68c3f526.js,https://ilearn.thu.edu.tw/static/51310.68c3f526.js,absolute-url
https://social-plugins.line.me/lineit/share?url=',social-plugins.line.me,raw/ilearn.thu.edu.tw/static/51310.68c3f526.js,https://ilearn.thu.edu.tw/static/51310.68c3f526.js,absolute-url
https://www.facebook.com/sharer/sharer.php?u=',www.facebook.com,raw/ilearn.thu.edu.tw/static/51310.68c3f526.js,https://ilearn.thu.edu.tw/static/51310.68c3f526.js,absolute-url
http://localhost{param},localhost{param},raw/ilearn.thu.edu.tw/static/52003.a789feda.js,https://ilearn.thu.edu.tw/static/52003.a789feda.js,absolute-url
https://theajack.github.io/disable-devtool/{id}.html?h=,theajack.github.io,raw/ilearn.thu.edu.tw/static/52042.ed0e59eb.js,https://ilearn.thu.edu.tw/static/52042.ed0e59eb.js,absolute-url
http://www.w3.org/{id}/xhtml,www.w3.org,raw/ilearn.thu.edu.tw/static/52042.ed0e59eb.js,https://ilearn.thu.edu.tw/static/52042.ed0e59eb.js,absolute-url
https://theajack.github.io/disable-devtool/{id}.html?h=,theajack.github.io,raw/ilearn.thu.edu.tw/static/52089.d0fdfa73.js,https://ilearn.thu.edu.tw/static/52089.d0fdfa73.js,absolute-url
https://bit.ly/2ZqJzkp,bit.ly,raw/ilearn.thu.edu.tw/static/52089.d0fdfa73.js,https://ilearn.thu.edu.tw/static/52089.d0fdfa73.js,absolute-url
http://www.w3.org/{id}/xhtml,www.w3.org,raw/ilearn.thu.edu.tw/static/52089.d0fdfa73.js,https://ilearn.thu.edu.tw/static/52089.d0fdfa73.js,absolute-url
http://www.w3.org/{id}/svg,www.w3.org,raw/ilearn.thu.edu.tw/static/52507.583e35f3.js,https://ilearn.thu.edu.tw/static/52507.583e35f3.js,absolute-url
https://bit.ly/2ZqJzkp,bit.ly,raw/ilearn.thu.edu.tw/static/53105.ebe47697.js,https://ilearn.thu.edu.tw/static/53105.ebe47697.js,absolute-url
https://bit.ly/2ZqJzkp,bit.ly,raw/ilearn.thu.edu.tw/static/53517.939eb523.js,https://ilearn.thu.edu.tw/static/53517.939eb523.js,absolute-url
http://www.w3.org/{id}/svg,www.w3.org,raw/ilearn.thu.edu.tw/static/53726.ad1e1769.js,https://ilearn.thu.edu.tw/static/53726.ad1e1769.js,absolute-url
http://www.w3.org/{id}/xlink,www.w3.org,raw/ilearn.thu.edu.tw/static/53726.ad1e1769.js,https://ilearn.thu.edu.tw/static/53726.ad1e1769.js,absolute-url
http://www.w3.org/{id}/svg,www.w3.org,raw/ilearn.thu.edu.tw/static/54345.354d5629.js,https://ilearn.thu.edu.tw/static/54345.354d5629.js,absolute-url
http://www.w3.org/{id}/xlink,www.w3.org,raw/ilearn.thu.edu.tw/static/54345.354d5629.js,https://ilearn.thu.edu.tw/static/54345.354d5629.js,absolute-url
https://bit.ly/2ZqJzkp,bit.ly,raw/ilearn.thu.edu.tw/static/5587.35565f0b.js,https://ilearn.thu.edu.tw/static/5587.35565f0b.js,absolute-url
https://errors.angularjs.org/1.9.9/,errors.angularjs.org,raw/ilearn.thu.edu.tw/static/56029-a5e838cb.js,https://ilearn.thu.edu.tw/static/56029-a5e838cb.js,absolute-url
http://docs.angularjs.org/api/angular.element,docs.angularjs.org,raw/ilearn.thu.edu.tw/static/56029-a5e838cb.js,https://ilearn.thu.edu.tw/static/56029-a5e838cb.js,absolute-url
http://docs.angularjs.org/api/ng.$sce,docs.angularjs.org,raw/ilearn.thu.edu.tw/static/56029-a5e838cb.js,https://ilearn.thu.edu.tw/static/56029-a5e838cb.js,absolute-url
http://[:{param}],[,raw/ilearn.thu.edu.tw/static/56029-a5e838cb.js,https://ilearn.thu.edu.tw/static/56029-a5e838cb.js,absolute-url
https://theajack.github.io/disable-devtool/{id}.html?h=,theajack.github.io,raw/ilearn.thu.edu.tw/static/56342.a7791db6.js,https://ilearn.thu.edu.tw/static/56342.a7791db6.js,absolute-url
http://www.w3.org/{id}/xhtml,www.w3.org,raw/ilearn.thu.edu.tw/static/56342.a7791db6.js,https://ilearn.thu.edu.tw/static/56342.a7791db6.js,absolute-url
http://www.w3.org/{id}/svg,www.w3.org,raw/ilearn.thu.edu.tw/static/56557.a1d013f3.js,https://ilearn.thu.edu.tw/static/56557.a1d013f3.js,absolute-url
http://www.w3.org/{id}/xlink,www.w3.org,raw/ilearn.thu.edu.tw/static/56557.a1d013f3.js,https://ilearn.thu.edu.tw/static/56557.a1d013f3.js,absolute-url
http://a,a,raw/ilearn.thu.edu.tw/static/56662-68e56a01.js,https://ilearn.thu.edu.tw/static/56662-68e56a01.js,absolute-url
http://a/c%20d?a=1&c=3,a,raw/ilearn.thu.edu.tw/static/56662-68e56a01.js,https://ilearn.thu.edu.tw/static/56662-68e56a01.js,absolute-url
https://a@b,b,raw/ilearn.thu.edu.tw/static/56662-68e56a01.js,https://ilearn.thu.edu.tw/static/56662-68e56a01.js,absolute-url
http://a#,a,raw/ilearn.thu.edu.tw/static/56662-68e56a01.js,https://ilearn.thu.edu.tw/static/56662-68e56a01.js,absolute-url
http://x,x,raw/ilearn.thu.edu.tw/static/56662-68e56a01.js,https://ilearn.thu.edu.tw/static/56662-68e56a01.js,absolute-url
http://www.w3.org/{id}/svg,www.w3.org,raw/ilearn.thu.edu.tw/static/56713.bccc0b10.js,https://ilearn.thu.edu.tw/static/56713.bccc0b10.js,absolute-url
http://www.w3.org/{id}/xlink,www.w3.org,raw/ilearn.thu.edu.tw/static/56713.bccc0b10.js,https://ilearn.thu.edu.tw/static/56713.bccc0b10.js,absolute-url
https://bit.ly/2ZqJzkp,bit.ly,raw/ilearn.thu.edu.tw/static/56863.7dd32aa6.js,https://ilearn.thu.edu.tw/static/56863.7dd32aa6.js,absolute-url
https://eduhub.zju.edu.cn/,eduhub.zju.edu.cn,raw/ilearn.thu.edu.tw/static/56964-3b1e52ac.js,https://ilearn.thu.edu.tw/static/56964-3b1e52ac.js,absolute-url
https://tronclass.com,tronclass.com,raw/ilearn.thu.edu.tw/static/56964-3b1e52ac.js,https://ilearn.thu.edu.tw/static/56964-3b1e52ac.js,absolute-url
http://www.w3.org/{id}/svg,www.w3.org,raw/ilearn.thu.edu.tw/static/56998.6f4a56d4.js,https://ilearn.thu.edu.tw/static/56998.6f4a56d4.js,absolute-url
http://www.w3.org/{id}/svg,www.w3.org,raw/ilearn.thu.edu.tw/static/57006.98dfde3c.js,https://ilearn.thu.edu.tw/static/57006.98dfde3c.js,absolute-url
http://www.w3.org/{id}/xlink,www.w3.org,raw/ilearn.thu.edu.tw/static/57006.98dfde3c.js,https://ilearn.thu.edu.tw/static/57006.98dfde3c.js,absolute-url
http://www.w3.org/{id}/svg,www.w3.org,raw/ilearn.thu.edu.tw/static/5727.fe67c462.js,https://ilearn.thu.edu.tw/static/5727.fe67c462.js,absolute-url
http://www.w3.org/{id}/xlink,www.w3.org,raw/ilearn.thu.edu.tw/static/5727.fe67c462.js,https://ilearn.thu.edu.tw/static/5727.fe67c462.js,absolute-url
http://www.w3.org/{id}/svg,www.w3.org,raw/ilearn.thu.edu.tw/static/5747.0616b035.js,https://ilearn.thu.edu.tw/static/5747.0616b035.js,absolute-url
http://www.w3.org/{id}/xlink,www.w3.org,raw/ilearn.thu.edu.tw/static/5747.0616b035.js,https://ilearn.thu.edu.tw/static/5747.0616b035.js,absolute-url
https://github.com/uuidjs/uuid#getrandomvalues-not-supported,github.com,raw/ilearn.thu.edu.tw/static/577.ebb262f3.js,https://ilearn.thu.edu.tw/static/577.ebb262f3.js,absolute-url
http://www.w3.org/{id}/svg,www.w3.org,raw/ilearn.thu.edu.tw/static/57719.311a757c.js,https://ilearn.thu.edu.tw/static/57719.311a757c.js,absolute-url
http://www.w3.org/{id}/xlink,www.w3.org,raw/ilearn.thu.edu.tw/static/57719.311a757c.js,https://ilearn.thu.edu.tw/static/57719.311a757c.js,absolute-url
http://momentjs.com/guides/#/warnings/define-locale/,momentjs.com,raw/ilearn.thu.edu.tw/static/58354.7f76f53b.js,https://ilearn.thu.edu.tw/static/58354.7f76f53b.js,absolute-url
http://momentjs.com/guides/#/warnings/js-date/,momentjs.com,raw/ilearn.thu.edu.tw/static/58354.7f76f53b.js,https://ilearn.thu.edu.tw/static/58354.7f76f53b.js,absolute-url
http://momentjs.com/guides/#/warnings/min-max/,momentjs.com,raw/ilearn.thu.edu.tw/static/58354.7f76f53b.js,https://ilearn.thu.edu.tw/static/58354.7f76f53b.js,absolute-url
http://momentjs.com/guides/#/warnings/add-inverted-param/,momentjs.com,raw/ilearn.thu.edu.tw/static/58354.7f76f53b.js,https://ilearn.thu.edu.tw/static/58354.7f76f53b.js,absolute-url
http://momentjs.com/guides/#/warnings/zone/,momentjs.com,raw/ilearn.thu.edu.tw/static/58354.7f76f53b.js,https://ilearn.thu.edu.tw/static/58354.7f76f53b.js,absolute-url
http://momentjs.com/guides/#/warnings/dst-shifted/,momentjs.com,raw/ilearn.thu.edu.tw/static/58354.7f76f53b.js,https://ilearn.thu.edu.tw/static/58354.7f76f53b.js,absolute-url
http://www.w3.org/{id}/svg,www.w3.org,raw/ilearn.thu.edu.tw/static/58354.7f76f53b.js,https://ilearn.thu.edu.tw/static/58354.7f76f53b.js,absolute-url
https://bit.ly/2ZqJzkp,bit.ly,raw/ilearn.thu.edu.tw/static/58675.da882e8a.js,https://ilearn.thu.edu.tw/static/58675.da882e8a.js,absolute-url
https://github.com/uuidjs/uuid#getrandomvalues-not-supported,github.com,raw/ilearn.thu.edu.tw/static/58675.da882e8a.js,https://ilearn.thu.edu.tw/static/58675.da882e8a.js,absolute-url
http://www.w3.org/{id}/svg,www.w3.org,raw/ilearn.thu.edu.tw/static/59576.7aadb53f.js,https://ilearn.thu.edu.tw/static/59576.7aadb53f.js,absolute-url
http://www.w3.org/{id}/Math/MathML,www.w3.org,raw/ilearn.thu.edu.tw/static/59576.7aadb53f.js,https://ilearn.thu.edu.tw/static/59576.7aadb53f.js,absolute-url
https://github.com/uuidjs/uuid#getrandomvalues-not-supported,github.com,raw/ilearn.thu.edu.tw/static/59988-09b8540a.js,https://ilearn.thu.edu.tw/static/59988-09b8540a.js,absolute-url
https://theajack.github.io/disable-devtool/{id}.html?h=,theajack.github.io,raw/ilearn.thu.edu.tw/static/60648.54941882.js,https://ilearn.thu.edu.tw/static/60648.54941882.js,absolute-url
https://bit.ly/2ZqJzkp,bit.ly,raw/ilearn.thu.edu.tw/static/60648.54941882.js,https://ilearn.thu.edu.tw/static/60648.54941882.js,absolute-url
http://www.w3.org/{id}/xhtml,www.w3.org,raw/ilearn.thu.edu.tw/static/60648.54941882.js,https://ilearn.thu.edu.tw/static/60648.54941882.js,absolute-url
https://apis.google.com/js/api.js,apis.google.com,raw/ilearn.thu.edu.tw/static/60808.b6e6469e.js,https://ilearn.thu.edu.tw/static/60808.b6e6469e.js,absolute-url
https://bit.ly/2ZqJzkp,bit.ly,raw/ilearn.thu.edu.tw/static/61141.27f30369.js,https://ilearn.thu.edu.tw/static/61141.27f30369.js,absolute-url
https://momentjs.com/timezone/docs/#/use-it/browser/,momentjs.com,raw/ilearn.thu.edu.tw/static/61409-cf835457.js,https://ilearn.thu.edu.tw/static/61409-cf835457.js,absolute-url
http://momentjs.com/timezone/docs/#/data-loading/.,momentjs.com,raw/ilearn.thu.edu.tw/static/61409-cf835457.js,https://ilearn.thu.edu.tw/static/61409-cf835457.js,absolute-url
http://www.w3.org/{id}/svg,www.w3.org,raw/ilearn.thu.edu.tw/static/61508.ff3d35a7.js,https://ilearn.thu.edu.tw/static/61508.ff3d35a7.js,absolute-url
http://www.w3.org/{id}/xlink,www.w3.org,raw/ilearn.thu.edu.tw/static/61508.ff3d35a7.js,https://ilearn.thu.edu.tw/static/61508.ff3d35a7.js,absolute-url
https://vimeo.com/,vimeo.com,raw/ilearn.thu.edu.tw/static/61508.ff3d35a7.js,https://ilearn.thu.edu.tw/static/61508.ff3d35a7.js,absolute-url
https://vimeo.com/api/oembed.json?url=,vimeo.com,raw/ilearn.thu.edu.tw/static/61508.ff3d35a7.js,https://ilearn.thu.edu.tw/static/61508.ff3d35a7.js,absolute-url
https://bit.ly/2ZqJzkp,bit.ly,raw/ilearn.thu.edu.tw/static/61813.953957a8.js,https://ilearn.thu.edu.tw/static/61813.953957a8.js,absolute-url
https://theajack.github.io/disable-devtool/{id}.html?h=,theajack.github.io,raw/ilearn.thu.edu.tw/static/61827.21c6f16e.js,https://ilearn.thu.edu.tw/static/61827.21c6f16e.js,absolute-url
https://bit.ly/2ZqJzkp,bit.ly,raw/ilearn.thu.edu.tw/static/61827.21c6f16e.js,https://ilearn.thu.edu.tw/static/61827.21c6f16e.js,absolute-url
http://www.w3.org/{id}/xhtml,www.w3.org,raw/ilearn.thu.edu.tw/static/61827.21c6f16e.js,https://ilearn.thu.edu.tw/static/61827.21c6f16e.js,absolute-url
https://bit.ly/2ZqJzkp,bit.ly,raw/ilearn.thu.edu.tw/static/62115.535dac38.js,https://ilearn.thu.edu.tw/static/62115.535dac38.js,absolute-url
https://github.com/uuidjs/uuid#getrandomvalues-not-supported,github.com,raw/ilearn.thu.edu.tw/static/62115.535dac38.js,https://ilearn.thu.edu.tw/static/62115.535dac38.js,absolute-url
https://bit.ly/2ZqJzkp,bit.ly,raw/ilearn.thu.edu.tw/static/62383.f956d0b8.js,https://ilearn.thu.edu.tw/static/62383.f956d0b8.js,absolute-url
https://theajack.github.io/disable-devtool/{id}.html?h=,theajack.github.io,raw/ilearn.thu.edu.tw/static/62699.d8a837e2.js,https://ilearn.thu.edu.tw/static/62699.d8a837e2.js,absolute-url
http://www.w3.org/{id}/xhtml,www.w3.org,raw/ilearn.thu.edu.tw/static/62699.d8a837e2.js,https://ilearn.thu.edu.tw/static/62699.d8a837e2.js,absolute-url
http://www.w3.org/{id}/xlink,www.w3.org,raw/ilearn.thu.edu.tw/static/62893-20da0904.js,https://ilearn.thu.edu.tw/static/62893-20da0904.js,absolute-url
http://www.w3.org/{id}/svg,www.w3.org,raw/ilearn.thu.edu.tw/static/62893-20da0904.js,https://ilearn.thu.edu.tw/static/62893-20da0904.js,absolute-url
http://www.w3.org/{id}/Math/MathML,www.w3.org,raw/ilearn.thu.edu.tw/static/62893-20da0904.js,https://ilearn.thu.edu.tw/static/62893-20da0904.js,absolute-url
https://apis.google.com/js/api.js,apis.google.com,raw/ilearn.thu.edu.tw/static/63756-b6ed5817.js,https://ilearn.thu.edu.tw/static/63756-b6ed5817.js,absolute-url
https://bit.ly/2ZqJzkp,bit.ly,raw/ilearn.thu.edu.tw/static/6411.88ba6ff3.js,https://ilearn.thu.edu.tw/static/6411.88ba6ff3.js,absolute-url
http://www.w3.org/{id}/svg,www.w3.org,raw/ilearn.thu.edu.tw/static/64274.801be9be.js,https://ilearn.thu.edu.tw/static/64274.801be9be.js,absolute-url
http://www.w3.org/{id}/xlink,www.w3.org,raw/ilearn.thu.edu.tw/static/64274.801be9be.js,https://ilearn.thu.edu.tw/static/64274.801be9be.js,absolute-url
https://theajack.github.io/disable-devtool/{id}.html?h=,theajack.github.io,raw/ilearn.thu.edu.tw/static/64422.c3faf34c.js,https://ilearn.thu.edu.tw/static/64422.c3faf34c.js,absolute-url
http://www.w3.org/{id}/xhtml,www.w3.org,raw/ilearn.thu.edu.tw/static/64422.c3faf34c.js,https://ilearn.thu.edu.tw/static/64422.c3faf34c.js,absolute-url
https://theajack.github.io/disable-devtool/{id}.html?h=,theajack.github.io,raw/ilearn.thu.edu.tw/static/64608.9531c22f.js,https://ilearn.thu.edu.tw/static/64608.9531c22f.js,absolute-url
https://bit.ly/2ZqJzkp,bit.ly,raw/ilearn.thu.edu.tw/static/64608.9531c22f.js,https://ilearn.thu.edu.tw/static/64608.9531c22f.js,absolute-url
http://www.w3.org/{id}/xhtml,www.w3.org,raw/ilearn.thu.edu.tw/static/64608.9531c22f.js,https://ilearn.thu.edu.tw/static/64608.9531c22f.js,absolute-url
https://github.com/rich-harris/magic-string,github.com,raw/ilearn.thu.edu.tw/static/6485-41033c6b.js,https://ilearn.thu.edu.tw/static/6485-41033c6b.js,absolute-url
http://www.w3.org/{id}/svg,www.w3.org,raw/ilearn.thu.edu.tw/static/6610.7655c044.js,https://ilearn.thu.edu.tw/static/6610.7655c044.js,absolute-url
http://www.w3.org/{id}/xlink,www.w3.org,raw/ilearn.thu.edu.tw/static/6610.7655c044.js,https://ilearn.thu.edu.tw/static/6610.7655c044.js,absolute-url
http://www.w3.org/{id}/svg,www.w3.org,raw/ilearn.thu.edu.tw/static/66278.7b246336.js,https://ilearn.thu.edu.tw/static/66278.7b246336.js,absolute-url
http://www.w3.org/{id}/xlink,www.w3.org,raw/ilearn.thu.edu.tw/static/66278.7b246336.js,https://ilearn.thu.edu.tw/static/66278.7b246336.js,absolute-url
https://theajack.github.io/disable-devtool/{id}.html?h=,theajack.github.io,raw/ilearn.thu.edu.tw/static/66286.f8a7aa7c.js,https://ilearn.thu.edu.tw/static/66286.f8a7aa7c.js,absolute-url
https://bit.ly/2ZqJzkp,bit.ly,raw/ilearn.thu.edu.tw/static/66286.f8a7aa7c.js,https://ilearn.thu.edu.tw/static/66286.f8a7aa7c.js,absolute-url
http://www.w3.org/{id}/xhtml,www.w3.org,raw/ilearn.thu.edu.tw/static/66286.f8a7aa7c.js,https://ilearn.thu.edu.tw/static/66286.f8a7aa7c.js,absolute-url
http://www.w3.org/{id}/svg,www.w3.org,raw/ilearn.thu.edu.tw/static/66297.9aa2f6d5.js,https://ilearn.thu.edu.tw/static/66297.9aa2f6d5.js,absolute-url
http://www.w3.org/{id}/xlink,www.w3.org,raw/ilearn.thu.edu.tw/static/66297.9aa2f6d5.js,https://ilearn.thu.edu.tw/static/66297.9aa2f6d5.js,absolute-url
https://player.youku.com/embed/,player.youku.com,raw/ilearn.thu.edu.tw/static/66491-75fbe9d2.js,https://ilearn.thu.edu.tw/static/66491-75fbe9d2.js,absolute-url
https://web.microsoftstream.com/embed/video/,web.microsoftstream.com,raw/ilearn.thu.edu.tw/static/66491-75fbe9d2.js,https://ilearn.thu.edu.tw/static/66491-75fbe9d2.js,absolute-url
https://player.vimeo.com/video/,player.vimeo.com,raw/ilearn.thu.edu.tw/static/66491-75fbe9d2.js,https://ilearn.thu.edu.tw/static/66491-75fbe9d2.js,absolute-url
https://bit.ly/2ZqJzkp,bit.ly,raw/ilearn.thu.edu.tw/static/66498.ce4f1ab9.js,https://ilearn.thu.edu.tw/static/66498.ce4f1ab9.js,absolute-url
https://theajack.github.io/disable-devtool/{id}.html?h=,theajack.github.io,raw/ilearn.thu.edu.tw/static/66563.ae6e7541.js,https://ilearn.thu.edu.tw/static/66563.ae6e7541.js,absolute-url
http://www.w3.org/{id}/xhtml,www.w3.org,raw/ilearn.thu.edu.tw/static/66563.ae6e7541.js,https://ilearn.thu.edu.tw/static/66563.ae6e7541.js,absolute-url
https://theajack.github.io/disable-devtool/{id}.html?h=,theajack.github.io,raw/ilearn.thu.edu.tw/static/66818.a7791db6.js,https://ilearn.thu.edu.tw/static/66818.a7791db6.js,absolute-url
http://www.w3.org/{id}/xhtml,www.w3.org,raw/ilearn.thu.edu.tw/static/66818.a7791db6.js,https://ilearn.thu.edu.tw/static/66818.a7791db6.js,absolute-url
http://www.w3.org/{id}/svg,www.w3.org,raw/ilearn.thu.edu.tw/static/67184-b33fe039.js,https://ilearn.thu.edu.tw/static/67184-b33fe039.js,absolute-url
http://www.w3.org/{id}/xlink,www.w3.org,raw/ilearn.thu.edu.tw/static/67184-b33fe039.js,https://ilearn.thu.edu.tw/static/67184-b33fe039.js,absolute-url
http://www.w3.org/{id}/svg,www.w3.org,raw/ilearn.thu.edu.tw/static/67356.e8082ef9.js,https://ilearn.thu.edu.tw/static/67356.e8082ef9.js,absolute-url
http://www.w3.org/{id}/xlink,www.w3.org,raw/ilearn.thu.edu.tw/static/67356.e8082ef9.js,https://ilearn.thu.edu.tw/static/67356.e8082ef9.js,absolute-url
https://theajack.github.io/disable-devtool/{id}.html?h=,theajack.github.io,raw/ilearn.thu.edu.tw/static/67356.e8082ef9.js,https://ilearn.thu.edu.tw/static/67356.e8082ef9.js,absolute-url
http://www.w3.org/{id}/xhtml,www.w3.org,raw/ilearn.thu.edu.tw/static/67356.e8082ef9.js,https://ilearn.thu.edu.tw/static/67356.e8082ef9.js,absolute-url
http://www.w3.org/{id}/svg,www.w3.org,raw/ilearn.thu.edu.tw/static/68245.1304549e.js,https://ilearn.thu.edu.tw/static/68245.1304549e.js,absolute-url
http://www.w3.org/{id}/xlink,www.w3.org,raw/ilearn.thu.edu.tw/static/68245.1304549e.js,https://ilearn.thu.edu.tw/static/68245.1304549e.js,absolute-url
https://theajack.github.io/disable-devtool/{id}.html?h=,theajack.github.io,raw/ilearn.thu.edu.tw/static/68610.a1465cdd.js,https://ilearn.thu.edu.tw/static/68610.a1465cdd.js,absolute-url
http://www.w3.org/{id}/xhtml,www.w3.org,raw/ilearn.thu.edu.tw/static/68610.a1465cdd.js,https://ilearn.thu.edu.tw/static/68610.a1465cdd.js,absolute-url
http://www.w3.org/{id}/svg,www.w3.org,raw/ilearn.thu.edu.tw/static/68924-a30f5597.js,https://ilearn.thu.edu.tw/static/68924-a30f5597.js,absolute-url
http://www.w3.org/{id}/xlink,www.w3.org,raw/ilearn.thu.edu.tw/static/68924-a30f5597.js,https://ilearn.thu.edu.tw/static/68924-a30f5597.js,absolute-url
http://www.w3.org/{id}/Math/MathML,www.w3.org,raw/ilearn.thu.edu.tw/static/68924-a30f5597.js,https://ilearn.thu.edu.tw/static/68924-a30f5597.js,absolute-url
http://www.w3.org/{id}/svg,www.w3.org,raw/ilearn.thu.edu.tw/static/69410.09c7ddd2.js,https://ilearn.thu.edu.tw/static/69410.09c7ddd2.js,absolute-url
http://www.w3.org/{id}/xlink,www.w3.org,raw/ilearn.thu.edu.tw/static/69410.09c7ddd2.js,https://ilearn.thu.edu.tw/static/69410.09c7ddd2.js,absolute-url
https://theajack.github.io/disable-devtool/{id}.html?h=,theajack.github.io,raw/ilearn.thu.edu.tw/static/69491.39eb865f.js,https://ilearn.thu.edu.tw/static/69491.39eb865f.js,absolute-url
http://www.w3.org/{id}/xhtml,www.w3.org,raw/ilearn.thu.edu.tw/static/69491.39eb865f.js,https://ilearn.thu.edu.tw/static/69491.39eb865f.js,absolute-url
https://bit.ly/2ZqJzkp,bit.ly,raw/ilearn.thu.edu.tw/static/69624.cf0f0c03.js,https://ilearn.thu.edu.tw/static/69624.cf0f0c03.js,absolute-url
http://www.w3.org/{id}/svg,www.w3.org,raw/ilearn.thu.edu.tw/static/69818.d9060642.js,https://ilearn.thu.edu.tw/static/69818.d9060642.js,absolute-url
http://www.w3.org/{id}/xlink,www.w3.org,raw/ilearn.thu.edu.tw/static/69818.d9060642.js,https://ilearn.thu.edu.tw/static/69818.d9060642.js,absolute-url
http://www.w3.org/{id}/svg,www.w3.org,raw/ilearn.thu.edu.tw/static/69942.24c3a1ff.js,https://ilearn.thu.edu.tw/static/69942.24c3a1ff.js,absolute-url
http://www.w3.org/{id}/xlink,www.w3.org,raw/ilearn.thu.edu.tw/static/69942.24c3a1ff.js,https://ilearn.thu.edu.tw/static/69942.24c3a1ff.js,absolute-url
https://theajack.github.io/disable-devtool/{id}.html?h=,theajack.github.io,raw/ilearn.thu.edu.tw/static/69942.24c3a1ff.js,https://ilearn.thu.edu.tw/static/69942.24c3a1ff.js,absolute-url
https://bit.ly/2ZqJzkp,bit.ly,raw/ilearn.thu.edu.tw/static/69942.24c3a1ff.js,https://ilearn.thu.edu.tw/static/69942.24c3a1ff.js,absolute-url
http://www.w3.org/{id}/xhtml,www.w3.org,raw/ilearn.thu.edu.tw/static/69942.24c3a1ff.js,https://ilearn.thu.edu.tw/static/69942.24c3a1ff.js,absolute-url
https://bit.ly/2ZqJzkp,bit.ly,raw/ilearn.thu.edu.tw/static/70413.570cff7b.js,https://ilearn.thu.edu.tw/static/70413.570cff7b.js,absolute-url
https://co.aippt.cn/api/grant/code?uid=,co.aippt.cn,raw/ilearn.thu.edu.tw/static/70619-686c4819.js,https://ilearn.thu.edu.tw/static/70619-686c4819.js,absolute-url
https://theajack.github.io/disable-devtool/{id}.html?h=,theajack.github.io,raw/ilearn.thu.edu.tw/static/71218.801909bf.js,https://ilearn.thu.edu.tw/static/71218.801909bf.js,absolute-url
http://www.w3.org/{id}/xhtml,www.w3.org,raw/ilearn.thu.edu.tw/static/71218.801909bf.js,https://ilearn.thu.edu.tw/static/71218.801909bf.js,absolute-url
https://bit.ly/2ZqJzkp,bit.ly,raw/ilearn.thu.edu.tw/static/7145.f956d0b8.js,https://ilearn.thu.edu.tw/static/7145.f956d0b8.js,absolute-url
http://www.w3.org/{id}/svg,www.w3.org,raw/ilearn.thu.edu.tw/static/71801.117745a3.js,https://ilearn.thu.edu.tw/static/71801.117745a3.js,absolute-url
https://theajack.github.io/disable-devtool/{id}.html?h=,theajack.github.io,raw/ilearn.thu.edu.tw/static/72088.556a45f3.js,https://ilearn.thu.edu.tw/static/72088.556a45f3.js,absolute-url
http://www.w3.org/{id}/xhtml,www.w3.org,raw/ilearn.thu.edu.tw/static/72088.556a45f3.js,https://ilearn.thu.edu.tw/static/72088.556a45f3.js,absolute-url
http://www.w3.org/{id}/svg,www.w3.org,raw/ilearn.thu.edu.tw/static/72317.6146d22a.js,https://ilearn.thu.edu.tw/static/72317.6146d22a.js,absolute-url
http://www.w3.org/{id}/xlink,www.w3.org,raw/ilearn.thu.edu.tw/static/72317.6146d22a.js,https://ilearn.thu.edu.tw/static/72317.6146d22a.js,absolute-url
http://www.w3.org/{id}/svg,www.w3.org,raw/ilearn.thu.edu.tw/static/72366.cf741b4a.js,https://ilearn.thu.edu.tw/static/72366.cf741b4a.js,absolute-url
http://www.w3.org/{id}/xhtml,www.w3.org,raw/ilearn.thu.edu.tw/static/72366.cf741b4a.js,https://ilearn.thu.edu.tw/static/72366.cf741b4a.js,absolute-url
http://www.w3.org/{id}/xlink,www.w3.org,raw/ilearn.thu.edu.tw/static/72366.cf741b4a.js,https://ilearn.thu.edu.tw/static/72366.cf741b4a.js,absolute-url
http://www.w3.org/XML/{id}/namespace,www.w3.org,raw/ilearn.thu.edu.tw/static/72366.cf741b4a.js,https://ilearn.thu.edu.tw/static/72366.cf741b4a.js,absolute-url
http://www.w3.org/{id}/xmlns/,www.w3.org,raw/ilearn.thu.edu.tw/static/72366.cf741b4a.js,https://ilearn.thu.edu.tw/static/72366.cf741b4a.js,absolute-url
http://eurasia.mycospxk.com/,eurasia.mycospxk.com,raw/ilearn.thu.edu.tw/static/72914-965f4ad4.js,https://ilearn.thu.edu.tw/static/72914-965f4ad4.js,absolute-url
https://support.qq.com/product/{id},support.qq.com,raw/ilearn.thu.edu.tw/static/72914-965f4ad4.js,https://ilearn.thu.edu.tw/static/72914-965f4ad4.js,absolute-url
https://pwchange.mkc.edu.tw/,pwchange.mkc.edu.tw,raw/ilearn.thu.edu.tw/static/72914-965f4ad4.js,https://ilearn.thu.edu.tw/static/72914-965f4ad4.js,absolute-url
http://www.w3.org/{id}/svg,www.w3.org,raw/ilearn.thu.edu.tw/static/74211.308e4e7a.js,https://ilearn.thu.edu.tw/static/74211.308e4e7a.js,absolute-url
http://www.w3.org/{id}/xlink,www.w3.org,raw/ilearn.thu.edu.tw/static/74211.308e4e7a.js,https://ilearn.thu.edu.tw/static/74211.308e4e7a.js,absolute-url
http://www.w3.org/{id}/svg,www.w3.org,raw/ilearn.thu.edu.tw/static/74316.5d723c22.js,https://ilearn.thu.edu.tw/static/74316.5d723c22.js,absolute-url
http://www.w3.org/{id}/xlink,www.w3.org,raw/ilearn.thu.edu.tw/static/74316.5d723c22.js,https://ilearn.thu.edu.tw/static/74316.5d723c22.js,absolute-url
http://www.w3.org/{id}/svg,www.w3.org,raw/ilearn.thu.edu.tw/static/74447.a214c8b5.js,https://ilearn.thu.edu.tw/static/74447.a214c8b5.js,absolute-url
http://www.w3.org/{id}/xlink,www.w3.org,raw/ilearn.thu.edu.tw/static/74447.a214c8b5.js,https://ilearn.thu.edu.tw/static/74447.a214c8b5.js,absolute-url
http://www.w3.org/{id}/svg,www.w3.org,raw/ilearn.thu.edu.tw/static/74927.c4fad5cf.js,https://ilearn.thu.edu.tw/static/74927.c4fad5cf.js,absolute-url
http://www.w3.org/{id}/xlink,www.w3.org,raw/ilearn.thu.edu.tw/static/74927.c4fad5cf.js,https://ilearn.thu.edu.tw/static/74927.c4fad5cf.js,absolute-url
https://bit.ly/2ZqJzkp,bit.ly,raw/ilearn.thu.edu.tw/static/74927.c4fad5cf.js,https://ilearn.thu.edu.tw/static/74927.c4fad5cf.js,absolute-url
https://eduhub.zju.edu.cn/,eduhub.zju.edu.cn,raw/ilearn.thu.edu.tw/static/75360-6745dc29.js,https://ilearn.thu.edu.tw/static/75360-6745dc29.js,absolute-url
https://tronclass.com,tronclass.com,raw/ilearn.thu.edu.tw/static/75360-6745dc29.js,https://ilearn.thu.edu.tw/static/75360-6745dc29.js,absolute-url
http://a,a,raw/ilearn.thu.edu.tw/static/75513.92e7c98f.js,https://ilearn.thu.edu.tw/static/75513.92e7c98f.js,absolute-url
http://a/c%20d?a=1&c=3,a,raw/ilearn.thu.edu.tw/static/75513.92e7c98f.js,https://ilearn.thu.edu.tw/static/75513.92e7c98f.js,absolute-url
https://a@b,b,raw/ilearn.thu.edu.tw/static/75513.92e7c98f.js,https://ilearn.thu.edu.tw/static/75513.92e7c98f.js,absolute-url
http://a#,a,raw/ilearn.thu.edu.tw/static/75513.92e7c98f.js,https://ilearn.thu.edu.tw/static/75513.92e7c98f.js,absolute-url
http://x,x,raw/ilearn.thu.edu.tw/static/75513.92e7c98f.js,https://ilearn.thu.edu.tw/static/75513.92e7c98f.js,absolute-url
https://theajack.github.io/disable-devtool/{id}.html?h=,theajack.github.io,raw/ilearn.thu.edu.tw/static/75596.4847a7c2.js,https://ilearn.thu.edu.tw/static/75596.4847a7c2.js,absolute-url
https://bit.ly/2ZqJzkp,bit.ly,raw/ilearn.thu.edu.tw/static/75596.4847a7c2.js,https://ilearn.thu.edu.tw/static/75596.4847a7c2.js,absolute-url
http://www.w3.org/{id}/xhtml,www.w3.org,raw/ilearn.thu.edu.tw/static/75596.4847a7c2.js,https://ilearn.thu.edu.tw/static/75596.4847a7c2.js,absolute-url
http://www.w3.org/{id}/svg,www.w3.org,raw/ilearn.thu.edu.tw/static/75789.017d3b22.js,https://ilearn.thu.edu.tw/static/75789.017d3b22.js,absolute-url
http://www.w3.org/{id}/xlink,www.w3.org,raw/ilearn.thu.edu.tw/static/75789.017d3b22.js,https://ilearn.thu.edu.tw/static/75789.017d3b22.js,absolute-url
https://github.com/uuidjs/uuid#getrandomvalues-not-supported,github.com,raw/ilearn.thu.edu.tw/static/75789.017d3b22.js,https://ilearn.thu.edu.tw/static/75789.017d3b22.js,absolute-url
http://a,a,raw/ilearn.thu.edu.tw/static/75789.017d3b22.js,https://ilearn.thu.edu.tw/static/75789.017d3b22.js,absolute-url
http://a/c%20d?a=1&c=3,a,raw/ilearn.thu.edu.tw/static/75789.017d3b22.js,https://ilearn.thu.edu.tw/static/75789.017d3b22.js,absolute-url
https://a@b,b,raw/ilearn.thu.edu.tw/static/75789.017d3b22.js,https://ilearn.thu.edu.tw/static/75789.017d3b22.js,absolute-url
http://a#,a,raw/ilearn.thu.edu.tw/static/75789.017d3b22.js,https://ilearn.thu.edu.tw/static/75789.017d3b22.js,absolute-url
http://x,x,raw/ilearn.thu.edu.tw/static/75789.017d3b22.js,https://ilearn.thu.edu.tw/static/75789.017d3b22.js,absolute-url
https://bit.ly/2ZqJzkp,bit.ly,raw/ilearn.thu.edu.tw/static/7623.13351f8c.js,https://ilearn.thu.edu.tw/static/7623.13351f8c.js,absolute-url
http://get.webgl.org,get.webgl.org,raw/ilearn.thu.edu.tw/static/76546.56ad0d6e.js,https://ilearn.thu.edu.tw/static/76546.56ad0d6e.js,absolute-url
https://www.npmjs.com/package/glsl-read-float,www.npmjs.com,raw/ilearn.thu.edu.tw/static/76546.56ad0d6e.js,https://ilearn.thu.edu.tw/static/76546.56ad0d6e.js,absolute-url
http://www.w3.org/{id}/svg,www.w3.org,raw/ilearn.thu.edu.tw/static/76756.7b06f21b.js,https://ilearn.thu.edu.tw/static/76756.7b06f21b.js,absolute-url
http://www.w3.org/{id}/xlink,www.w3.org,raw/ilearn.thu.edu.tw/static/76756.7b06f21b.js,https://ilearn.thu.edu.tw/static/76756.7b06f21b.js,absolute-url
https://theajack.github.io/disable-devtool/{id}.html?h=,theajack.github.io,raw/ilearn.thu.edu.tw/static/76987.9d0adda9.js,https://ilearn.thu.edu.tw/static/76987.9d0adda9.js,absolute-url
http://www.w3.org/{id}/xhtml,www.w3.org,raw/ilearn.thu.edu.tw/static/76987.9d0adda9.js,https://ilearn.thu.edu.tw/static/76987.9d0adda9.js,absolute-url
https://bit.ly/2ZqJzkp,bit.ly,raw/ilearn.thu.edu.tw/static/77444.f1068012.js,https://ilearn.thu.edu.tw/static/77444.f1068012.js,absolute-url
https://bit.ly/2ZqJzkp,bit.ly,raw/ilearn.thu.edu.tw/static/77547.1ee921ff.js,https://ilearn.thu.edu.tw/static/77547.1ee921ff.js,absolute-url
https://theajack.github.io/disable-devtool/{id}.html?h=,theajack.github.io,raw/ilearn.thu.edu.tw/static/77676.71559eab.js,https://ilearn.thu.edu.tw/static/77676.71559eab.js,absolute-url
https://bit.ly/2ZqJzkp,bit.ly,raw/ilearn.thu.edu.tw/static/77676.71559eab.js,https://ilearn.thu.edu.tw/static/77676.71559eab.js,absolute-url
http://www.w3.org/{id}/xhtml,www.w3.org,raw/ilearn.thu.edu.tw/static/77676.71559eab.js,https://ilearn.thu.edu.tw/static/77676.71559eab.js,absolute-url
http://jspdf.default.namespaceuri/,jspdf.default.namespaceuri,raw/ilearn.thu.edu.tw/static/78435-bff624c3.js,https://ilearn.thu.edu.tw/static/78435-bff624c3.js,absolute-url
http://www.w3.org/{id}/02/22-rdf-syntax-ns#,www.w3.org,raw/ilearn.thu.edu.tw/static/78435-bff624c3.js,https://ilearn.thu.edu.tw/static/78435-bff624c3.js,absolute-url
https://github.com/niklasvh/html2canvas,github.com,raw/ilearn.thu.edu.tw/static/78435-bff624c3.js,https://ilearn.thu.edu.tw/static/78435-bff624c3.js,absolute-url
https://github.com/cburgmer/rasterizeHTML.js,github.com,raw/ilearn.thu.edu.tw/static/78435-bff624c3.js,https://ilearn.thu.edu.tw/static/78435-bff624c3.js,absolute-url
http://www.w3.org/{id}/xhtml,www.w3.org,raw/ilearn.thu.edu.tw/static/78435-bff624c3.js,https://ilearn.thu.edu.tw/static/78435-bff624c3.js,absolute-url
http://www.w3.org/{id}/svg,www.w3.org,raw/ilearn.thu.edu.tw/static/78924.ba69a532.js,https://ilearn.thu.edu.tw/static/78924.ba69a532.js,absolute-url
http://www.w3.org/{id}/xlink,www.w3.org,raw/ilearn.thu.edu.tw/static/78924.ba69a532.js,https://ilearn.thu.edu.tw/static/78924.ba69a532.js,absolute-url
http://www.w3.org/{id}/svg',www.w3.org,raw/ilearn.thu.edu.tw/static/79001.978df930.js,https://ilearn.thu.edu.tw/static/79001.978df930.js,absolute-url
http://www.w3.org/{id}/svg,www.w3.org,raw/ilearn.thu.edu.tw/static/79001.978df930.js,https://ilearn.thu.edu.tw/static/79001.978df930.js,absolute-url
http://www.w3.org/{id}/svg,www.w3.org,raw/ilearn.thu.edu.tw/static/79278-2435c454.js,https://ilearn.thu.edu.tw/static/79278-2435c454.js,absolute-url
http://www.w3.org/{id}/xhtml,www.w3.org,raw/ilearn.thu.edu.tw/static/79278-2435c454.js,https://ilearn.thu.edu.tw/static/79278-2435c454.js,absolute-url
http://www.w3.org/{id}/xlink,www.w3.org,raw/ilearn.thu.edu.tw/static/79278-2435c454.js,https://ilearn.thu.edu.tw/static/79278-2435c454.js,absolute-url
https://bit.ly/2ZqJzkp,bit.ly,raw/ilearn.thu.edu.tw/static/7930.cc04692e.js,https://ilearn.thu.edu.tw/static/7930.cc04692e.js,absolute-url
https://github.com/uuidjs/uuid#getrandomvalues-not-supported,github.com,raw/ilearn.thu.edu.tw/static/7930.cc04692e.js,https://ilearn.thu.edu.tw/static/7930.cc04692e.js,absolute-url
http://www.w3.org/{id}/svg,www.w3.org,raw/ilearn.thu.edu.tw/static/80575.32ea74f5.js,https://ilearn.thu.edu.tw/static/80575.32ea74f5.js,absolute-url
http://www.w3.org/{id}/svg,www.w3.org,raw/ilearn.thu.edu.tw/static/80670-16696de3.js,https://ilearn.thu.edu.tw/static/80670-16696de3.js,absolute-url
http://www.w3.org/{id}/xlink,www.w3.org,raw/ilearn.thu.edu.tw/static/80670-16696de3.js,https://ilearn.thu.edu.tw/static/80670-16696de3.js,absolute-url
http://www.w3.org/{id}/svg,www.w3.org,raw/ilearn.thu.edu.tw/static/80824.30d4b893.js,https://ilearn.thu.edu.tw/static/80824.30d4b893.js,absolute-url
http://www.w3.org/{id}/xlink,www.w3.org,raw/ilearn.thu.edu.tw/static/80824.30d4b893.js,https://ilearn.thu.edu.tw/static/80824.30d4b893.js,absolute-url
https://theajack.github.io/disable-devtool/{id}.html?h=,theajack.github.io,raw/ilearn.thu.edu.tw/static/81684.a42641d1.js,https://ilearn.thu.edu.tw/static/81684.a42641d1.js,absolute-url
https://bit.ly/2ZqJzkp,bit.ly,raw/ilearn.thu.edu.tw/static/81684.a42641d1.js,https://ilearn.thu.edu.tw/static/81684.a42641d1.js,absolute-url
http://www.w3.org/{id}/xhtml,www.w3.org,raw/ilearn.thu.edu.tw/static/81684.a42641d1.js,https://ilearn.thu.edu.tw/static/81684.a42641d1.js,absolute-url
https://theajack.github.io/disable-devtool/{id}.html?h=,theajack.github.io,raw/ilearn.thu.edu.tw/static/81854.5595ac26.js,https://ilearn.thu.edu.tw/static/81854.5595ac26.js,absolute-url
http://www.w3.org/{id}/xhtml,www.w3.org,raw/ilearn.thu.edu.tw/static/81854.5595ac26.js,https://ilearn.thu.edu.tw/static/81854.5595ac26.js,absolute-url
https://player.youku.com/embed/,player.youku.com,raw/ilearn.thu.edu.tw/static/82017-1e48dc04.js,https://ilearn.thu.edu.tw/static/82017-1e48dc04.js,absolute-url
https://web.microsoftstream.com/embed/video/,web.microsoftstream.com,raw/ilearn.thu.edu.tw/static/82017-1e48dc04.js,https://ilearn.thu.edu.tw/static/82017-1e48dc04.js,absolute-url
https://player.vimeo.com/video/,player.vimeo.com,raw/ilearn.thu.edu.tw/static/82017-1e48dc04.js,https://ilearn.thu.edu.tw/static/82017-1e48dc04.js,absolute-url
https://chat-widget-psi.vercel.app/chat-widget.js,chat-widget-psi.vercel.app,raw/ilearn.thu.edu.tw/static/82017-1e48dc04.js,https://ilearn.thu.edu.tw/static/82017-1e48dc04.js,absolute-url
http://www.w3.org/{id}/svg,www.w3.org,raw/ilearn.thu.edu.tw/static/82611-28e6c396.js,https://ilearn.thu.edu.tw/static/82611-28e6c396.js,absolute-url
http://www.w3.org/{id}/xlink,www.w3.org,raw/ilearn.thu.edu.tw/static/82611-28e6c396.js,https://ilearn.thu.edu.tw/static/82611-28e6c396.js,absolute-url
https://stats.g.doubleclick.net/collect?t=dc&aip=1&,stats.g.doubleclick.net,raw/ilearn.thu.edu.tw/static/82906.5e360954.js,https://ilearn.thu.edu.tw/static/82906.5e360954.js,absolute-url
https://www.google.com/ads/ga-audiences?t=sr&aip=1&,www.google.com,raw/ilearn.thu.edu.tw/static/82906.5e360954.js,https://ilearn.thu.edu.tw/static/82906.5e360954.js,absolute-url
https://www.google.com/analytics/web/inpage/pub/inpage.js?,www.google.com,raw/ilearn.thu.edu.tw/static/82906.5e360954.js,https://ilearn.thu.edu.tw/static/82906.5e360954.js,absolute-url
https://www.google-analytics.com/analytics,www.google-analytics.com,raw/ilearn.thu.edu.tw/static/82906.5e360954.js,https://ilearn.thu.edu.tw/static/82906.5e360954.js,absolute-url
https://bit.ly/2ZqJzkp,bit.ly,raw/ilearn.thu.edu.tw/static/83522.27f30369.js,https://ilearn.thu.edu.tw/static/83522.27f30369.js,absolute-url
https://theajack.github.io/disable-devtool/{id}.html?h=,theajack.github.io,raw/ilearn.thu.edu.tw/static/83564.7e35e3f5.js,https://ilearn.thu.edu.tw/static/83564.7e35e3f5.js,absolute-url
http://www.w3.org/{id}/xhtml,www.w3.org,raw/ilearn.thu.edu.tw/static/83564.7e35e3f5.js,https://ilearn.thu.edu.tw/static/83564.7e35e3f5.js,absolute-url
https://bit.ly/2ZqJzkp,bit.ly,raw/ilearn.thu.edu.tw/static/83825.3fa3def0.js,https://ilearn.thu.edu.tw/static/83825.3fa3def0.js,absolute-url
https://theajack.github.io/disable-devtool/{id}.html?h=,theajack.github.io,raw/ilearn.thu.edu.tw/static/84208.21c6f16e.js,https://ilearn.thu.edu.tw/static/84208.21c6f16e.js,absolute-url
https://bit.ly/2ZqJzkp,bit.ly,raw/ilearn.thu.edu.tw/static/84208.21c6f16e.js,https://ilearn.thu.edu.tw/static/84208.21c6f16e.js,absolute-url
http://www.w3.org/{id}/xhtml,www.w3.org,raw/ilearn.thu.edu.tw/static/84208.21c6f16e.js,https://ilearn.thu.edu.tw/static/84208.21c6f16e.js,absolute-url
https://bit.ly/2ZqJzkp,bit.ly,raw/ilearn.thu.edu.tw/static/84764.f956d0b8.js,https://ilearn.thu.edu.tw/static/84764.f956d0b8.js,absolute-url
https://theajack.github.io/disable-devtool/{id}.html?h=,theajack.github.io,raw/ilearn.thu.edu.tw/static/85080.d8a837e2.js,https://ilearn.thu.edu.tw/static/85080.d8a837e2.js,absolute-url
http://www.w3.org/{id}/xhtml,www.w3.org,raw/ilearn.thu.edu.tw/static/85080.d8a837e2.js,https://ilearn.thu.edu.tw/static/85080.d8a837e2.js,absolute-url
https://theajack.github.io/disable-devtool/{id}.html?h=,theajack.github.io,raw/ilearn.thu.edu.tw/static/85700.09352f8a.js,https://ilearn.thu.edu.tw/static/85700.09352f8a.js,absolute-url
http://www.w3.org/{id}/xhtml,www.w3.org,raw/ilearn.thu.edu.tw/static/85700.09352f8a.js,https://ilearn.thu.edu.tw/static/85700.09352f8a.js,absolute-url
https://theajack.github.io/disable-devtool/{id}.html?h=,theajack.github.io,raw/ilearn.thu.edu.tw/static/86066.8fa17c6e.js,https://ilearn.thu.edu.tw/static/86066.8fa17c6e.js,absolute-url
http://www.w3.org/{id}/xhtml,www.w3.org,raw/ilearn.thu.edu.tw/static/86066.8fa17c6e.js,https://ilearn.thu.edu.tw/static/86066.8fa17c6e.js,absolute-url
https://theajack.github.io/disable-devtool/{id}.html?h=,theajack.github.io,raw/ilearn.thu.edu.tw/static/87349.d701ccfd.js,https://ilearn.thu.edu.tw/static/87349.d701ccfd.js,absolute-url
https://bit.ly/2ZqJzkp,bit.ly,raw/ilearn.thu.edu.tw/static/87349.d701ccfd.js,https://ilearn.thu.edu.tw/static/87349.d701ccfd.js,absolute-url
http://www.w3.org/{id}/xhtml,www.w3.org,raw/ilearn.thu.edu.tw/static/87349.d701ccfd.js,https://ilearn.thu.edu.tw/static/87349.d701ccfd.js,absolute-url
"https://player.vimeo.com/video/'.concat(i,'",player.vimeo.com,raw/ilearn.thu.edu.tw/static/8751.50229f20.js,https://ilearn.thu.edu.tw/static/8751.50229f20.js,absolute-url
http://www.w3.org/{id}/svg,www.w3.org,raw/ilearn.thu.edu.tw/static/89151.33ad6225.js,https://ilearn.thu.edu.tw/static/89151.33ad6225.js,absolute-url
http://www.w3.org/{id}/xlink,www.w3.org,raw/ilearn.thu.edu.tw/static/89151.33ad6225.js,https://ilearn.thu.edu.tw/static/89151.33ad6225.js,absolute-url
https://theajack.github.io/disable-devtool/{id}.html?h=,theajack.github.io,raw/ilearn.thu.edu.tw/static/89199.a7791db6.js,https://ilearn.thu.edu.tw/static/89199.a7791db6.js,absolute-url
http://www.w3.org/{id}/xhtml,www.w3.org,raw/ilearn.thu.edu.tw/static/89199.a7791db6.js,https://ilearn.thu.edu.tw/static/89199.a7791db6.js,absolute-url
https://theajack.github.io/disable-devtool/{id}.html?h=,theajack.github.io,raw/ilearn.thu.edu.tw/static/89898.fcb9a984.js,https://ilearn.thu.edu.tw/static/89898.fcb9a984.js,absolute-url
http://www.w3.org/{id}/xhtml,www.w3.org,raw/ilearn.thu.edu.tw/static/89898.fcb9a984.js,https://ilearn.thu.edu.tw/static/89898.fcb9a984.js,absolute-url
https://bit.ly/2ZqJzkp,bit.ly,raw/ilearn.thu.edu.tw/static/91882.ab0217bc.js,https://ilearn.thu.edu.tw/static/91882.ab0217bc.js,absolute-url
https://bit.ly/2ZqJzkp,bit.ly,raw/ilearn.thu.edu.tw/static/92082.4c9d5e26.js,https://ilearn.thu.edu.tw/static/92082.4c9d5e26.js,absolute-url
http://www.w3.org/{id}/svg,www.w3.org,raw/ilearn.thu.edu.tw/static/92245.31ede0b5.js,https://ilearn.thu.edu.tw/static/92245.31ede0b5.js,absolute-url
http://www.w3.org/{id}/xlink,www.w3.org,raw/ilearn.thu.edu.tw/static/92245.31ede0b5.js,https://ilearn.thu.edu.tw/static/92245.31ede0b5.js,absolute-url
https://bit.ly/2ZqJzkp,bit.ly,raw/ilearn.thu.edu.tw/static/92794.570cff7b.js,https://ilearn.thu.edu.tw/static/92794.570cff7b.js,absolute-url
http://www.w3.org/{id}/svg,www.w3.org,raw/ilearn.thu.edu.tw/static/93281.cb5e4d75.js,https://ilearn.thu.edu.tw/static/93281.cb5e4d75.js,absolute-url
http://www.w3.org/{id}/xlink,www.w3.org,raw/ilearn.thu.edu.tw/static/93281.cb5e4d75.js,https://ilearn.thu.edu.tw/static/93281.cb5e4d75.js,absolute-url
https://theajack.github.io/disable-devtool/{id}.html?h=,theajack.github.io,raw/ilearn.thu.edu.tw/static/93281.cb5e4d75.js,https://ilearn.thu.edu.tw/static/93281.cb5e4d75.js,absolute-url
http://www.w3.org/{id}/xhtml,www.w3.org,raw/ilearn.thu.edu.tw/static/93281.cb5e4d75.js,https://ilearn.thu.edu.tw/static/93281.cb5e4d75.js,absolute-url
https://open.weixin.qq.com/connect/qrconnect?appid=,open.weixin.qq.com,raw/ilearn.thu.edu.tw/static/93341.d3187e73.js,https://ilearn.thu.edu.tw/static/93341.d3187e73.js,absolute-url
https://api.weibo.com/oauth2/authorize?client_id=,api.weibo.com,raw/ilearn.thu.edu.tw/static/93341.d3187e73.js,https://ilearn.thu.edu.tw/static/93341.d3187e73.js,absolute-url
https://graph.qq.com/oauth2.0/authorize?client_id=,graph.qq.com,raw/ilearn.thu.edu.tw/static/93341.d3187e73.js,https://ilearn.thu.edu.tw/static/93341.d3187e73.js,absolute-url
http://www.w3.org/{id}/svg,www.w3.org,raw/ilearn.thu.edu.tw/static/93341.d3187e73.js,https://ilearn.thu.edu.tw/static/93341.d3187e73.js,absolute-url
https://api-org.tronclass.com.cn/orgs,api-org.tronclass.com.cn,raw/ilearn.thu.edu.tw/static/93341.d3187e73.js,https://ilearn.thu.edu.tw/static/93341.d3187e73.js,absolute-url
http://www.w3.org/{id}/svg,www.w3.org,raw/ilearn.thu.edu.tw/static/93714.ed691a45.js,https://ilearn.thu.edu.tw/static/93714.ed691a45.js,absolute-url
http://www.w3.org/{id}/xlink,www.w3.org,raw/ilearn.thu.edu.tw/static/93714.ed691a45.js,https://ilearn.thu.edu.tw/static/93714.ed691a45.js,absolute-url
http://www.w3.org/{id}/svg,www.w3.org,raw/ilearn.thu.edu.tw/static/94084.256de11c.js,https://ilearn.thu.edu.tw/static/94084.256de11c.js,absolute-url
http://www.w3.org/{id}/xlink,www.w3.org,raw/ilearn.thu.edu.tw/static/94084.256de11c.js,https://ilearn.thu.edu.tw/static/94084.256de11c.js,absolute-url
http://www.w3.org/{id}/svg,www.w3.org,raw/ilearn.thu.edu.tw/static/94207.55993ecf.js,https://ilearn.thu.edu.tw/static/94207.55993ecf.js,absolute-url
http://www.w3.org/{id}/xlink,www.w3.org,raw/ilearn.thu.edu.tw/static/94207.55993ecf.js,https://ilearn.thu.edu.tw/static/94207.55993ecf.js,absolute-url
https://theajack.github.io/disable-devtool/{id}.html?h=,theajack.github.io,raw/ilearn.thu.edu.tw/static/94591.2a6f5e72.js,https://ilearn.thu.edu.tw/static/94591.2a6f5e72.js,absolute-url
https://bit.ly/2ZqJzkp,bit.ly,raw/ilearn.thu.edu.tw/static/94591.2a6f5e72.js,https://ilearn.thu.edu.tw/static/94591.2a6f5e72.js,absolute-url
http://www.w3.org/{id}/xhtml,www.w3.org,raw/ilearn.thu.edu.tw/static/94591.2a6f5e72.js,https://ilearn.thu.edu.tw/static/94591.2a6f5e72.js,absolute-url
https://bit.ly/2ZqJzkp,bit.ly,raw/ilearn.thu.edu.tw/static/95034.c578be3f.js,https://ilearn.thu.edu.tw/static/95034.c578be3f.js,absolute-url
http://momentjs.com/guides/#/warnings/define-locale/,momentjs.com,raw/ilearn.thu.edu.tw/static/95093-78347e93.js,https://ilearn.thu.edu.tw/static/95093-78347e93.js,absolute-url
http://momentjs.com/guides/#/warnings/js-date/,momentjs.com,raw/ilearn.thu.edu.tw/static/95093-78347e93.js,https://ilearn.thu.edu.tw/static/95093-78347e93.js,absolute-url
http://momentjs.com/guides/#/warnings/min-max/,momentjs.com,raw/ilearn.thu.edu.tw/static/95093-78347e93.js,https://ilearn.thu.edu.tw/static/95093-78347e93.js,absolute-url
http://momentjs.com/guides/#/warnings/add-inverted-param/,momentjs.com,raw/ilearn.thu.edu.tw/static/95093-78347e93.js,https://ilearn.thu.edu.tw/static/95093-78347e93.js,absolute-url
http://momentjs.com/guides/#/warnings/zone/,momentjs.com,raw/ilearn.thu.edu.tw/static/95093-78347e93.js,https://ilearn.thu.edu.tw/static/95093-78347e93.js,absolute-url
http://momentjs.com/guides/#/warnings/dst-shifted/,momentjs.com,raw/ilearn.thu.edu.tw/static/95093-78347e93.js,https://ilearn.thu.edu.tw/static/95093-78347e93.js,absolute-url
https://theajack.github.io/disable-devtool/{id}.html?h=,theajack.github.io,raw/ilearn.thu.edu.tw/static/95877.fecdc441.js,https://ilearn.thu.edu.tw/static/95877.fecdc441.js,absolute-url
http://www.w3.org/{id}/xhtml,www.w3.org,raw/ilearn.thu.edu.tw/static/95877.fecdc441.js,https://ilearn.thu.edu.tw/static/95877.fecdc441.js,absolute-url
https://login.welink.huaweicloud.com,login.welink.huaweicloud.com,raw/ilearn.thu.edu.tw/static/96594.0de9518d.js,https://ilearn.thu.edu.tw/static/96594.0de9518d.js,absolute-url
https://api.weibo.com/oauth2/authorize?client_id=,api.weibo.com,raw/ilearn.thu.edu.tw/static/96594.0de9518d.js,https://ilearn.thu.edu.tw/static/96594.0de9518d.js,absolute-url
https://graph.qq.com/oauth2.0/authorize?client_id=,graph.qq.com,raw/ilearn.thu.edu.tw/static/96594.0de9518d.js,https://ilearn.thu.edu.tw/static/96594.0de9518d.js,absolute-url
https://www.facebook.com/dialog/oauth?client_id=,www.facebook.com,raw/ilearn.thu.edu.tw/static/96594.0de9518d.js,https://ilearn.thu.edu.tw/static/96594.0de9518d.js,absolute-url
https://www.googleapis.com/auth/userinfo.email,www.googleapis.com,raw/ilearn.thu.edu.tw/static/96594.0de9518d.js,https://ilearn.thu.edu.tw/static/96594.0de9518d.js,absolute-url
https://www.googleapis.com/auth/userinfo.profile,www.googleapis.com,raw/ilearn.thu.edu.tw/static/96594.0de9518d.js,https://ilearn.thu.edu.tw/static/96594.0de9518d.js,absolute-url
https://accounts.google.com/o/oauth2/auth?client_id=,accounts.google.com,raw/ilearn.thu.edu.tw/static/96594.0de9518d.js,https://ilearn.thu.edu.tw/static/96594.0de9518d.js,absolute-url
https://theajack.github.io/disable-devtool/{id}.html?h=,theajack.github.io,raw/ilearn.thu.edu.tw/static/96781.5b15a99b.js,https://ilearn.thu.edu.tw/static/96781.5b15a99b.js,absolute-url
https://bit.ly/2ZqJzkp,bit.ly,raw/ilearn.thu.edu.tw/static/96781.5b15a99b.js,https://ilearn.thu.edu.tw/static/96781.5b15a99b.js,absolute-url
http://www.w3.org/{id}/xhtml,www.w3.org,raw/ilearn.thu.edu.tw/static/96781.5b15a99b.js,https://ilearn.thu.edu.tw/static/96781.5b15a99b.js,absolute-url
https://login.welink.huaweicloud.com,login.welink.huaweicloud.com,raw/ilearn.thu.edu.tw/static/96966.ce16085e.js,https://ilearn.thu.edu.tw/static/96966.ce16085e.js,absolute-url
https://api.weibo.com/oauth2/authorize?client_id=,api.weibo.com,raw/ilearn.thu.edu.tw/static/96966.ce16085e.js,https://ilearn.thu.edu.tw/static/96966.ce16085e.js,absolute-url
https://graph.qq.com/oauth2.0/authorize?client_id=,graph.qq.com,raw/ilearn.thu.edu.tw/static/96966.ce16085e.js,https://ilearn.thu.edu.tw/static/96966.ce16085e.js,absolute-url
https://www.facebook.com/dialog/oauth?client_id=,www.facebook.com,raw/ilearn.thu.edu.tw/static/96966.ce16085e.js,https://ilearn.thu.edu.tw/static/96966.ce16085e.js,absolute-url
https://www.googleapis.com/auth/userinfo.email,www.googleapis.com,raw/ilearn.thu.edu.tw/static/96966.ce16085e.js,https://ilearn.thu.edu.tw/static/96966.ce16085e.js,absolute-url
https://www.googleapis.com/auth/userinfo.profile,www.googleapis.com,raw/ilearn.thu.edu.tw/static/96966.ce16085e.js,https://ilearn.thu.edu.tw/static/96966.ce16085e.js,absolute-url
https://accounts.google.com/o/oauth2/auth?client_id=,accounts.google.com,raw/ilearn.thu.edu.tw/static/96966.ce16085e.js,https://ilearn.thu.edu.tw/static/96966.ce16085e.js,absolute-url
http://www.w3.org/{id}/svg,www.w3.org,raw/ilearn.thu.edu.tw/static/97195.2faf10fc.js,https://ilearn.thu.edu.tw/static/97195.2faf10fc.js,absolute-url
http://www.w3.org/{id}/xlink,www.w3.org,raw/ilearn.thu.edu.tw/static/97195.2faf10fc.js,https://ilearn.thu.edu.tw/static/97195.2faf10fc.js,absolute-url
https://meet.google.com,meet.google.com,raw/ilearn.thu.edu.tw/static/9727.544f163b.js,https://ilearn.thu.edu.tw/static/9727.544f163b.js,absolute-url
https://bit.ly/2ZqJzkp,bit.ly,raw/ilearn.thu.edu.tw/static/9733.dbcbf3d9.js,https://ilearn.thu.edu.tw/static/9733.dbcbf3d9.js,absolute-url
https://github.com/webpack-contrib/style-loader#insertat),github.com,raw/ilearn.thu.edu.tw/static/97620.c8167195.js,https://ilearn.thu.edu.tw/static/97620.c8167195.js,absolute-url
http://purl.org/dc/elements/1.1/,purl.org,raw/ilearn.thu.edu.tw/static/97620.c8167195.js,https://ilearn.thu.edu.tw/static/97620.c8167195.js,absolute-url
http://creativecommons.org/ns#,creativecommons.org,raw/ilearn.thu.edu.tw/static/97620.c8167195.js,https://ilearn.thu.edu.tw/static/97620.c8167195.js,absolute-url
http://www.w3.org/{id}/02/22-rdf-syntax-ns#,www.w3.org,raw/ilearn.thu.edu.tw/static/97620.c8167195.js,https://ilearn.thu.edu.tw/static/97620.c8167195.js,absolute-url
http://www.w3.org/{id}/svg,www.w3.org,raw/ilearn.thu.edu.tw/static/97620.c8167195.js,https://ilearn.thu.edu.tw/static/97620.c8167195.js,absolute-url
http://www.w3.org/{id}/xlink,www.w3.org,raw/ilearn.thu.edu.tw/static/97620.c8167195.js,https://ilearn.thu.edu.tw/static/97620.c8167195.js,absolute-url
http://purl.org/dc/dcmitype/StillImage,purl.org,raw/ilearn.thu.edu.tw/static/97620.c8167195.js,https://ilearn.thu.edu.tw/static/97620.c8167195.js,absolute-url
https://github.com/uuidjs/uuid#getrandomvalues-not-supported,github.com,raw/ilearn.thu.edu.tw/static/97620.c8167195.js,https://ilearn.thu.edu.tw/static/97620.c8167195.js,absolute-url
https://telemetry.wiris.net,telemetry.wiris.net,raw/ilearn.thu.edu.tw/static/97620.c8167195.js,https://ilearn.thu.edu.tw/static/97620.c8167195.js,absolute-url
https://www.wiris.net/demo/plugins/app,www.wiris.net,raw/ilearn.thu.edu.tw/static/97620.c8167195.js,https://ilearn.thu.edu.tw/static/97620.c8167195.js,absolute-url
http://www.w3.org/{id}/Math/MathML,www.w3.org,raw/ilearn.thu.edu.tw/static/97620.c8167195.js,https://ilearn.thu.edu.tw/static/97620.c8167195.js,absolute-url
https://github.com/videojs/video.js/issues/{id},github.com,raw/ilearn.thu.edu.tw/static/9862.d5cc01ba.js,https://ilearn.thu.edu.tw/static/9862.d5cc01ba.js,absolute-url
https://cdn.rawgit.com/gkatsev/vtt.js/vjs-v0.12.1/dist/vtt.min.js,cdn.rawgit.com,raw/ilearn.thu.edu.tw/static/9862.d5cc01ba.js,https://ilearn.thu.edu.tw/static/9862.d5cc01ba.js,absolute-url
http://www.w3.org/{id}/svg,www.w3.org,raw/ilearn.thu.edu.tw/static/99038.bc3a4ccc.js,https://ilearn.thu.edu.tw/static/99038.bc3a4ccc.js,absolute-url
https://theajack.github.io/disable-devtool/{id}.html?h=,theajack.github.io,raw/ilearn.thu.edu.tw/static/99224.622b68bb.js,https://ilearn.thu.edu.tw/static/99224.622b68bb.js,absolute-url
https://bit.ly/2ZqJzkp,bit.ly,raw/ilearn.thu.edu.tw/static/99224.622b68bb.js,https://ilearn.thu.edu.tw/static/99224.622b68bb.js,absolute-url
http://www.w3.org/{id}/xhtml,www.w3.org,raw/ilearn.thu.edu.tw/static/99224.622b68bb.js,https://ilearn.thu.edu.tw/static/99224.622b68bb.js,absolute-url
http://www.w3.org/{id}/svg,www.w3.org,raw/ilearn.thu.edu.tw/static/99393.17a82ead.js,https://ilearn.thu.edu.tw/static/99393.17a82ead.js,absolute-url
http://www.w3.org/{id}/xlink,www.w3.org,raw/ilearn.thu.edu.tw/static/99393.17a82ead.js,https://ilearn.thu.edu.tw/static/99393.17a82ead.js,absolute-url
https://theajack.github.io/disable-devtool/{id}.html?h=,theajack.github.io,raw/ilearn.thu.edu.tw/static/99393.17a82ead.js,https://ilearn.thu.edu.tw/static/99393.17a82ead.js,absolute-url
https://bit.ly/2ZqJzkp,bit.ly,raw/ilearn.thu.edu.tw/static/99393.17a82ead.js,https://ilearn.thu.edu.tw/static/99393.17a82ead.js,absolute-url
http://www.w3.org/{id}/xhtml,www.w3.org,raw/ilearn.thu.edu.tw/static/99393.17a82ead.js,https://ilearn.thu.edu.tw/static/99393.17a82ead.js,absolute-url
http://www.w3.org/{id}/Math/MathML,www.w3.org,raw/ilearn.thu.edu.tw/static/99418-8d2e703c.js,https://ilearn.thu.edu.tw/static/99418-8d2e703c.js,absolute-url
http://www.w3.org/{id}/svg,www.w3.org,raw/ilearn.thu.edu.tw/static/99418-8d2e703c.js,https://ilearn.thu.edu.tw/static/99418-8d2e703c.js,absolute-url
http://www.w3.org/{id}/xhtml,www.w3.org,raw/ilearn.thu.edu.tw/static/99418-8d2e703c.js,https://ilearn.thu.edu.tw/static/99418-8d2e703c.js,absolute-url
https://co.aippt.cn/api/grant/code?uid=,co.aippt.cn,raw/ilearn.thu.edu.tw/static/js/main-portal-cc072a5a.js,https://ilearn.thu.edu.tw/static/js/main-portal-cc072a5a.js,absolute-url
http://www.w3.org/{id}/Math/MathML,www.w3.org,raw/ilearn.thu.edu.tw/static/js/mathjax/es5/tex-mml-svg.js,https://ilearn.thu.edu.tw/static/js/mathjax/es5/tex-mml-svg.js,absolute-url
http://www.w3.org/{id}/svg,www.w3.org,raw/ilearn.thu.edu.tw/static/js/mathjax/es5/tex-mml-svg.js,https://ilearn.thu.edu.tw/static/js/mathjax/es5/tex-mml-svg.js,absolute-url
http://www.w3.org/{id}/xlink,www.w3.org,raw/ilearn.thu.edu.tw/static/js/mathjax/es5/tex-mml-svg.js,https://ilearn.thu.edu.tw/static/js/mathjax/es5/tex-mml-svg.js,absolute-url
https://www.mathjax.org,www.mathjax.org,raw/ilearn.thu.edu.tw/static/js/mathjax/es5/tex-mml-svg.js,https://ilearn.thu.edu.tw/static/js/mathjax/es5/tex-mml-svg.js,absolute-url
http://www.w3.org/{id}/10/synthesis,www.w3.org,raw/ilearn.thu.edu.tw/static/js/mathjax/es5/tex-mml-svg.js,https://ilearn.thu.edu.tw/static/js/mathjax/es5/tex-mml-svg.js,absolute-url
https://cdn.jsdelivr.net/npm/sre-mathmaps-ie@,cdn.jsdelivr.net,raw/ilearn.thu.edu.tw/static/js/mathjax/es5/tex-mml-svg.js,https://ilearn.thu.edu.tw/static/js/mathjax/es5/tex-mml-svg.js,absolute-url
https://cdn.jsdelivr.net/npm/speech-rule-engine@,cdn.jsdelivr.net,raw/ilearn.thu.edu.tw/static/js/mathjax/es5/tex-mml-svg.js,https://ilearn.thu.edu.tw/static/js/mathjax/es5/tex-mml-svg.js,absolute-url
https://cdn.jsdelivr.net/npm/wicked-good-xpath@1.3.0/dist/wgxpath.install.js,cdn.jsdelivr.net,raw/ilearn.thu.edu.tw/static/js/mathjax/es5/tex-mml-svg.js,https://ilearn.thu.edu.tw/static/js/mathjax/es5/tex-mml-svg.js,absolute-url
http://www.w3.org/{id}/xhtml,www.w3.org,raw/ilearn.thu.edu.tw/static/js/mathjax/es5/tex-mml-svg.js,https://ilearn.thu.edu.tw/static/js/mathjax/es5/tex-mml-svg.js,absolute-url
http://www.w3.org/{id}/svg,www.w3.org,raw/ilearn.thu.edu.tw/static/styles-course-f15203a0-c3fcafaa.css,https://ilearn.thu.edu.tw/static/styles-course-f15203a0-c3fcafaa.css,absolute-url
https://ilearn.thu.edu.tw/,ilearn.thu.edu.tw,raw/ilearn.thu.edu.tw/user-completeness.html,https://ilearn.thu.edu.tw/user-completeness,absolute-url
https://www.googletagmanager.com/gtag/js,www.googletagmanager.com,raw/ilearn.thu.edu.tw/user-completeness.html,https://ilearn.thu.edu.tw/user-completeness,absolute-url
https://github.com/OWASP/CheatSheetSeries/blob/master/cheatsheets/Clickjacking_Defense_Cheat_Sheet.md#best-for-now-legacy-browser-frame-breaking-script--,github.com,raw/ilearn.thu.edu.tw/user-completeness.html,https://ilearn.thu.edu.tw/user-completeness,absolute-url
https://bam.nr-data.net,bam.nr-data.net,raw/ilearn.thu.edu.tw/user-completeness.html,https://ilearn.thu.edu.tw/user-completeness,absolute-url
https://www.google-analytics.com,www.google-analytics.com,raw/ilearn.thu.edu.tw/user-completeness.html,https://ilearn.thu.edu.tw/user-completeness,absolute-url
"https://tronclass.com.tw/public-manual/TronclassManual_System_Admin.pdf',",tronclass.com.tw,raw/ilearn.thu.edu.tw/user-completeness.html,https://ilearn.thu.edu.tw/user-completeness,absolute-url
"https://tronclass.com.tw/public-manual/TronclassManual_Administrator.pdf',",tronclass.com.tw,raw/ilearn.thu.edu.tw/user-completeness.html,https://ilearn.thu.edu.tw/user-completeness,absolute-url
"https://tronclass.com.tw/public-manual/manual-teacher.html',",tronclass.com.tw,raw/ilearn.thu.edu.tw/user-completeness.html,https://ilearn.thu.edu.tw/user-completeness,absolute-url
"https://tronclass.com.tw/public-manual/TronclassManual_Student.pdf',",tronclass.com.tw,raw/ilearn.thu.edu.tw/user-completeness.html,https://ilearn.thu.edu.tw/user-completeness,absolute-url
"https://tronclass.com.tw/public-manual/TronclassManual_App.pdf',",tronclass.com.tw,raw/ilearn.thu.edu.tw/user-completeness.html,https://ilearn.thu.edu.tw/user-completeness,absolute-url
https://support.tronclass.com',support.tronclass.com',raw/ilearn.thu.edu.tw/user-completeness.html,https://ilearn.thu.edu.tw/user-completeness,absolute-url
https://ilearn.thu.edu.tw/market,ilearn.thu.edu.tw,raw/ilearn.thu.edu.tw/user-completeness.html,https://ilearn.thu.edu.tw/user-completeness,absolute-url
"https://ilearn.thu.edu.tw/chatbot/chatbot.umd.js',",ilearn.thu.edu.tw,raw/ilearn.thu.edu.tw/user-completeness.html,https://ilearn.thu.edu.tw/user-completeness,absolute-url
https://www.youtube.com/iframe_api,www.youtube.com,raw/ilearn.thu.edu.tw/user-completeness.html,https://ilearn.thu.edu.tw/user-completeness,absolute-url
https://ilearn.thu.edu.tw/video-editor',ilearn.thu.edu.tw,raw/ilearn.thu.edu.tw/user-completeness.html,https://ilearn.thu.edu.tw/user-completeness,absolute-url
https://get.adobe.com/flashplayer/,get.adobe.com,raw/ilearn.thu.edu.tw/user-completeness.html,https://ilearn.thu.edu.tw/user-completeness,absolute-url
https://ilearn.thu.edu.tw/,ilearn.thu.edu.tw,raw/ilearn.thu.edu.tw/user-roles.html,https://ilearn.thu.edu.tw/user-roles,absolute-url
https://www.googletagmanager.com/gtag/js,www.googletagmanager.com,raw/ilearn.thu.edu.tw/user-roles.html,https://ilearn.thu.edu.tw/user-roles,absolute-url
https://github.com/OWASP/CheatSheetSeries/blob/master/cheatsheets/Clickjacking_Defense_Cheat_Sheet.md#best-for-now-legacy-browser-frame-breaking-script--,github.com,raw/ilearn.thu.edu.tw/user-roles.html,https://ilearn.thu.edu.tw/user-roles,absolute-url
https://bam.nr-data.net,bam.nr-data.net,raw/ilearn.thu.edu.tw/user-roles.html,https://ilearn.thu.edu.tw/user-roles,absolute-url
https://www.google-analytics.com,www.google-analytics.com,raw/ilearn.thu.edu.tw/user-roles.html,https://ilearn.thu.edu.tw/user-roles,absolute-url
"https://tronclass.com.tw/public-manual/TronclassManual_System_Admin.pdf',",tronclass.com.tw,raw/ilearn.thu.edu.tw/user-roles.html,https://ilearn.thu.edu.tw/user-roles,absolute-url
"https://tronclass.com.tw/public-manual/TronclassManual_Administrator.pdf',",tronclass.com.tw,raw/ilearn.thu.edu.tw/user-roles.html,https://ilearn.thu.edu.tw/user-roles,absolute-url
"https://tronclass.com.tw/public-manual/manual-teacher.html',",tronclass.com.tw,raw/ilearn.thu.edu.tw/user-roles.html,https://ilearn.thu.edu.tw/user-roles,absolute-url
"https://tronclass.com.tw/public-manual/TronclassManual_Student.pdf',",tronclass.com.tw,raw/ilearn.thu.edu.tw/user-roles.html,https://ilearn.thu.edu.tw/user-roles,absolute-url
"https://tronclass.com.tw/public-manual/TronclassManual_App.pdf',",tronclass.com.tw,raw/ilearn.thu.edu.tw/user-roles.html,https://ilearn.thu.edu.tw/user-roles,absolute-url
https://support.tronclass.com',support.tronclass.com',raw/ilearn.thu.edu.tw/user-roles.html,https://ilearn.thu.edu.tw/user-roles,absolute-url
https://ilearn.thu.edu.tw/market,ilearn.thu.edu.tw,raw/ilearn.thu.edu.tw/user-roles.html,https://ilearn.thu.edu.tw/user-roles,absolute-url
"https://ilearn.thu.edu.tw/chatbot/chatbot.umd.js',",ilearn.thu.edu.tw,raw/ilearn.thu.edu.tw/user-roles.html,https://ilearn.thu.edu.tw/user-roles,absolute-url
https://www.youtube.com/iframe_api,www.youtube.com,raw/ilearn.thu.edu.tw/user-roles.html,https://ilearn.thu.edu.tw/user-roles,absolute-url
https://ilearn.thu.edu.tw/video-editor',ilearn.thu.edu.tw,raw/ilearn.thu.edu.tw/user-roles.html,https://ilearn.thu.edu.tw/user-roles,absolute-url
https://get.adobe.com/flashplayer/,get.adobe.com,raw/ilearn.thu.edu.tw/user-roles.html,https://ilearn.thu.edu.tw/user-roles,absolute-url
https://ilearn.thu.edu.tw/,ilearn.thu.edu.tw,raw/ilearn.thu.edu.tw/user-visits.html,https://ilearn.thu.edu.tw/user-visits,absolute-url
https://www.googletagmanager.com/gtag/js,www.googletagmanager.com,raw/ilearn.thu.edu.tw/user-visits.html,https://ilearn.thu.edu.tw/user-visits,absolute-url
https://github.com/OWASP/CheatSheetSeries/blob/master/cheatsheets/Clickjacking_Defense_Cheat_Sheet.md#best-for-now-legacy-browser-frame-breaking-script--,github.com,raw/ilearn.thu.edu.tw/user-visits.html,https://ilearn.thu.edu.tw/user-visits,absolute-url
https://bam.nr-data.net,bam.nr-data.net,raw/ilearn.thu.edu.tw/user-visits.html,https://ilearn.thu.edu.tw/user-visits,absolute-url
https://www.google-analytics.com,www.google-analytics.com,raw/ilearn.thu.edu.tw/user-visits.html,https://ilearn.thu.edu.tw/user-visits,absolute-url
"https://tronclass.com.tw/public-manual/TronclassManual_System_Admin.pdf',",tronclass.com.tw,raw/ilearn.thu.edu.tw/user-visits.html,https://ilearn.thu.edu.tw/user-visits,absolute-url
"https://tronclass.com.tw/public-manual/TronclassManual_Administrator.pdf',",tronclass.com.tw,raw/ilearn.thu.edu.tw/user-visits.html,https://ilearn.thu.edu.tw/user-visits,absolute-url
"https://tronclass.com.tw/public-manual/manual-teacher.html',",tronclass.com.tw,raw/ilearn.thu.edu.tw/user-visits.html,https://ilearn.thu.edu.tw/user-visits,absolute-url
"https://tronclass.com.tw/public-manual/TronclassManual_Student.pdf',",tronclass.com.tw,raw/ilearn.thu.edu.tw/user-visits.html,https://ilearn.thu.edu.tw/user-visits,absolute-url
"https://tronclass.com.tw/public-manual/TronclassManual_App.pdf',",tronclass.com.tw,raw/ilearn.thu.edu.tw/user-visits.html,https://ilearn.thu.edu.tw/user-visits,absolute-url
https://support.tronclass.com',support.tronclass.com',raw/ilearn.thu.edu.tw/user-visits.html,https://ilearn.thu.edu.tw/user-visits,absolute-url
https://ilearn.thu.edu.tw/market,ilearn.thu.edu.tw,raw/ilearn.thu.edu.tw/user-visits.html,https://ilearn.thu.edu.tw/user-visits,absolute-url
"https://ilearn.thu.edu.tw/chatbot/chatbot.umd.js',",ilearn.thu.edu.tw,raw/ilearn.thu.edu.tw/user-visits.html,https://ilearn.thu.edu.tw/user-visits,absolute-url
https://www.youtube.com/iframe_api,www.youtube.com,raw/ilearn.thu.edu.tw/user-visits.html,https://ilearn.thu.edu.tw/user-visits,absolute-url
https://ilearn.thu.edu.tw/video-editor',ilearn.thu.edu.tw,raw/ilearn.thu.edu.tw/user-visits.html,https://ilearn.thu.edu.tw/user-visits,absolute-url
https://get.adobe.com/flashplayer/,get.adobe.com,raw/ilearn.thu.edu.tw/user-visits.html,https://ilearn.thu.edu.tw/user-visits,absolute-url
https://ilearn.thu.edu.tw/,ilearn.thu.edu.tw,raw/ilearn.thu.edu.tw/user-visits/avatarSmallUrl.html,https://ilearn.thu.edu.tw/user-visits/avatarSmallUrl,absolute-url
https://www.googletagmanager.com/gtag/js,www.googletagmanager.com,raw/ilearn.thu.edu.tw/user-visits/avatarSmallUrl.html,https://ilearn.thu.edu.tw/user-visits/avatarSmallUrl,absolute-url
https://github.com/OWASP/CheatSheetSeries/blob/master/cheatsheets/Clickjacking_Defense_Cheat_Sheet.md#best-for-now-legacy-browser-frame-breaking-script--,github.com,raw/ilearn.thu.edu.tw/user-visits/avatarSmallUrl.html,https://ilearn.thu.edu.tw/user-visits/avatarSmallUrl,absolute-url
https://bam.nr-data.net,bam.nr-data.net,raw/ilearn.thu.edu.tw/user-visits/avatarSmallUrl.html,https://ilearn.thu.edu.tw/user-visits/avatarSmallUrl,absolute-url
https://www.google-analytics.com,www.google-analytics.com,raw/ilearn.thu.edu.tw/user-visits/avatarSmallUrl.html,https://ilearn.thu.edu.tw/user-visits/avatarSmallUrl,absolute-url
"https://tronclass.com.tw/public-manual/TronclassManual_System_Admin.pdf',",tronclass.com.tw,raw/ilearn.thu.edu.tw/user-visits/avatarSmallUrl.html,https://ilearn.thu.edu.tw/user-visits/avatarSmallUrl,absolute-url
"https://tronclass.com.tw/public-manual/TronclassManual_Administrator.pdf',",tronclass.com.tw,raw/ilearn.thu.edu.tw/user-visits/avatarSmallUrl.html,https://ilearn.thu.edu.tw/user-visits/avatarSmallUrl,absolute-url
"https://tronclass.com.tw/public-manual/manual-teacher.html',",tronclass.com.tw,raw/ilearn.thu.edu.tw/user-visits/avatarSmallUrl.html,https://ilearn.thu.edu.tw/user-visits/avatarSmallUrl,absolute-url
"https://tronclass.com.tw/public-manual/TronclassManual_Student.pdf',",tronclass.com.tw,raw/ilearn.thu.edu.tw/user-visits/avatarSmallUrl.html,https://ilearn.thu.edu.tw/user-visits/avatarSmallUrl,absolute-url
"https://tronclass.com.tw/public-manual/TronclassManual_App.pdf',",tronclass.com.tw,raw/ilearn.thu.edu.tw/user-visits/avatarSmallUrl.html,https://ilearn.thu.edu.tw/user-visits/avatarSmallUrl,absolute-url
https://support.tronclass.com',support.tronclass.com',raw/ilearn.thu.edu.tw/user-visits/avatarSmallUrl.html,https://ilearn.thu.edu.tw/user-visits/avatarSmallUrl,absolute-url
https://ilearn.thu.edu.tw/market,ilearn.thu.edu.tw,raw/ilearn.thu.edu.tw/user-visits/avatarSmallUrl.html,https://ilearn.thu.edu.tw/user-visits/avatarSmallUrl,absolute-url
"https://ilearn.thu.edu.tw/chatbot/chatbot.umd.js',",ilearn.thu.edu.tw,raw/ilearn.thu.edu.tw/user-visits/avatarSmallUrl.html,https://ilearn.thu.edu.tw/user-visits/avatarSmallUrl,absolute-url
https://www.youtube.com/iframe_api,www.youtube.com,raw/ilearn.thu.edu.tw/user-visits/avatarSmallUrl.html,https://ilearn.thu.edu.tw/user-visits/avatarSmallUrl,absolute-url
https://ilearn.thu.edu.tw/video-editor',ilearn.thu.edu.tw,raw/ilearn.thu.edu.tw/user-visits/avatarSmallUrl.html,https://ilearn.thu.edu.tw/user-visits/avatarSmallUrl,absolute-url
https://get.adobe.com/flashplayer/,get.adobe.com,raw/ilearn.thu.edu.tw/user-visits/avatarSmallUrl.html,https://ilearn.thu.edu.tw/user-visits/avatarSmallUrl,absolute-url
https://ilearn.thu.edu.tw/,ilearn.thu.edu.tw,raw/ilearn.thu.edu.tw/user-visits/browsers__q_f462bfe880.html,https://ilearn.thu.edu.tw/user-visits/browsers?days=,absolute-url
https://www.googletagmanager.com/gtag/js,www.googletagmanager.com,raw/ilearn.thu.edu.tw/user-visits/browsers__q_f462bfe880.html,https://ilearn.thu.edu.tw/user-visits/browsers?days=,absolute-url
https://github.com/OWASP/CheatSheetSeries/blob/master/cheatsheets/Clickjacking_Defense_Cheat_Sheet.md#best-for-now-legacy-browser-frame-breaking-script--,github.com,raw/ilearn.thu.edu.tw/user-visits/browsers__q_f462bfe880.html,https://ilearn.thu.edu.tw/user-visits/browsers?days=,absolute-url
https://bam.nr-data.net,bam.nr-data.net,raw/ilearn.thu.edu.tw/user-visits/browsers__q_f462bfe880.html,https://ilearn.thu.edu.tw/user-visits/browsers?days=,absolute-url
https://www.google-analytics.com,www.google-analytics.com,raw/ilearn.thu.edu.tw/user-visits/browsers__q_f462bfe880.html,https://ilearn.thu.edu.tw/user-visits/browsers?days=,absolute-url
"https://tronclass.com.tw/public-manual/TronclassManual_System_Admin.pdf',",tronclass.com.tw,raw/ilearn.thu.edu.tw/user-visits/browsers__q_f462bfe880.html,https://ilearn.thu.edu.tw/user-visits/browsers?days=,absolute-url
"https://tronclass.com.tw/public-manual/TronclassManual_Administrator.pdf',",tronclass.com.tw,raw/ilearn.thu.edu.tw/user-visits/browsers__q_f462bfe880.html,https://ilearn.thu.edu.tw/user-visits/browsers?days=,absolute-url
"https://tronclass.com.tw/public-manual/manual-teacher.html',",tronclass.com.tw,raw/ilearn.thu.edu.tw/user-visits/browsers__q_f462bfe880.html,https://ilearn.thu.edu.tw/user-visits/browsers?days=,absolute-url
"https://tronclass.com.tw/public-manual/TronclassManual_Student.pdf',",tronclass.com.tw,raw/ilearn.thu.edu.tw/user-visits/browsers__q_f462bfe880.html,https://ilearn.thu.edu.tw/user-visits/browsers?days=,absolute-url
"https://tronclass.com.tw/public-manual/TronclassManual_App.pdf',",tronclass.com.tw,raw/ilearn.thu.edu.tw/user-visits/browsers__q_f462bfe880.html,https://ilearn.thu.edu.tw/user-visits/browsers?days=,absolute-url
https://support.tronclass.com',support.tronclass.com',raw/ilearn.thu.edu.tw/user-visits/browsers__q_f462bfe880.html,https://ilearn.thu.edu.tw/user-visits/browsers?days=,absolute-url
https://ilearn.thu.edu.tw/market,ilearn.thu.edu.tw,raw/ilearn.thu.edu.tw/user-visits/browsers__q_f462bfe880.html,https://ilearn.thu.edu.tw/user-visits/browsers?days=,absolute-url
"https://ilearn.thu.edu.tw/chatbot/chatbot.umd.js',",ilearn.thu.edu.tw,raw/ilearn.thu.edu.tw/user-visits/browsers__q_f462bfe880.html,https://ilearn.thu.edu.tw/user-visits/browsers?days=,absolute-url
https://www.youtube.com/iframe_api,www.youtube.com,raw/ilearn.thu.edu.tw/user-visits/browsers__q_f462bfe880.html,https://ilearn.thu.edu.tw/user-visits/browsers?days=,absolute-url
https://ilearn.thu.edu.tw/video-editor',ilearn.thu.edu.tw,raw/ilearn.thu.edu.tw/user-visits/browsers__q_f462bfe880.html,https://ilearn.thu.edu.tw/user-visits/browsers?days=,absolute-url
https://get.adobe.com/flashplayer/,get.adobe.com,raw/ilearn.thu.edu.tw/user-visits/browsers__q_f462bfe880.html,https://ilearn.thu.edu.tw/user-visits/browsers?days=,absolute-url
https://ilearn.thu.edu.tw/,ilearn.thu.edu.tw,raw/ilearn.thu.edu.tw/user-visits/capture_url.html,https://ilearn.thu.edu.tw/user-visits/capture_url,absolute-url
https://www.googletagmanager.com/gtag/js,www.googletagmanager.com,raw/ilearn.thu.edu.tw/user-visits/capture_url.html,https://ilearn.thu.edu.tw/user-visits/capture_url,absolute-url
https://github.com/OWASP/CheatSheetSeries/blob/master/cheatsheets/Clickjacking_Defense_Cheat_Sheet.md#best-for-now-legacy-browser-frame-breaking-script--,github.com,raw/ilearn.thu.edu.tw/user-visits/capture_url.html,https://ilearn.thu.edu.tw/user-visits/capture_url,absolute-url
https://bam.nr-data.net,bam.nr-data.net,raw/ilearn.thu.edu.tw/user-visits/capture_url.html,https://ilearn.thu.edu.tw/user-visits/capture_url,absolute-url
https://www.google-analytics.com,www.google-analytics.com,raw/ilearn.thu.edu.tw/user-visits/capture_url.html,https://ilearn.thu.edu.tw/user-visits/capture_url,absolute-url
"https://tronclass.com.tw/public-manual/TronclassManual_System_Admin.pdf',",tronclass.com.tw,raw/ilearn.thu.edu.tw/user-visits/capture_url.html,https://ilearn.thu.edu.tw/user-visits/capture_url,absolute-url
"https://tronclass.com.tw/public-manual/TronclassManual_Administrator.pdf',",tronclass.com.tw,raw/ilearn.thu.edu.tw/user-visits/capture_url.html,https://ilearn.thu.edu.tw/user-visits/capture_url,absolute-url
"https://tronclass.com.tw/public-manual/manual-teacher.html',",tronclass.com.tw,raw/ilearn.thu.edu.tw/user-visits/capture_url.html,https://ilearn.thu.edu.tw/user-visits/capture_url,absolute-url
"https://tronclass.com.tw/public-manual/TronclassManual_Student.pdf',",tronclass.com.tw,raw/ilearn.thu.edu.tw/user-visits/capture_url.html,https://ilearn.thu.edu.tw/user-visits/capture_url,absolute-url
"https://tronclass.com.tw/public-manual/TronclassManual_App.pdf',",tronclass.com.tw,raw/ilearn.thu.edu.tw/user-visits/capture_url.html,https://ilearn.thu.edu.tw/user-visits/capture_url,absolute-url
https://support.tronclass.com',support.tronclass.com',raw/ilearn.thu.edu.tw/user-visits/capture_url.html,https://ilearn.thu.edu.tw/user-visits/capture_url,absolute-url
https://ilearn.thu.edu.tw/market,ilearn.thu.edu.tw,raw/ilearn.thu.edu.tw/user-visits/capture_url.html,https://ilearn.thu.edu.tw/user-visits/capture_url,absolute-url
"https://ilearn.thu.edu.tw/chatbot/chatbot.umd.js',",ilearn.thu.edu.tw,raw/ilearn.thu.edu.tw/user-visits/capture_url.html,https://ilearn.thu.edu.tw/user-visits/capture_url,absolute-url
https://www.youtube.com/iframe_api,www.youtube.com,raw/ilearn.thu.edu.tw/user-visits/capture_url.html,https://ilearn.thu.edu.tw/user-visits/capture_url,absolute-url
https://ilearn.thu.edu.tw/video-editor',ilearn.thu.edu.tw,raw/ilearn.thu.edu.tw/user-visits/capture_url.html,https://ilearn.thu.edu.tw/user-visits/capture_url,absolute-url
https://get.adobe.com/flashplayer/,get.adobe.com,raw/ilearn.thu.edu.tw/user-visits/capture_url.html,https://ilearn.thu.edu.tw/user-visits/capture_url,absolute-url
https://ilearn.thu.edu.tw/,ilearn.thu.edu.tw,raw/ilearn.thu.edu.tw/user-visits/date-range/apps__q_a263c00919.html,https://ilearn.thu.edu.tw/user-visits/date-range/apps?jwt=,absolute-url
https://www.googletagmanager.com/gtag/js,www.googletagmanager.com,raw/ilearn.thu.edu.tw/user-visits/date-range/apps__q_a263c00919.html,https://ilearn.thu.edu.tw/user-visits/date-range/apps?jwt=,absolute-url
https://github.com/OWASP/CheatSheetSeries/blob/master/cheatsheets/Clickjacking_Defense_Cheat_Sheet.md#best-for-now-legacy-browser-frame-breaking-script--,github.com,raw/ilearn.thu.edu.tw/user-visits/date-range/apps__q_a263c00919.html,https://ilearn.thu.edu.tw/user-visits/date-range/apps?jwt=,absolute-url
https://bam.nr-data.net,bam.nr-data.net,raw/ilearn.thu.edu.tw/user-visits/date-range/apps__q_a263c00919.html,https://ilearn.thu.edu.tw/user-visits/date-range/apps?jwt=,absolute-url
https://www.google-analytics.com,www.google-analytics.com,raw/ilearn.thu.edu.tw/user-visits/date-range/apps__q_a263c00919.html,https://ilearn.thu.edu.tw/user-visits/date-range/apps?jwt=,absolute-url
"https://tronclass.com.tw/public-manual/TronclassManual_System_Admin.pdf',",tronclass.com.tw,raw/ilearn.thu.edu.tw/user-visits/date-range/apps__q_a263c00919.html,https://ilearn.thu.edu.tw/user-visits/date-range/apps?jwt=,absolute-url
"https://tronclass.com.tw/public-manual/TronclassManual_Administrator.pdf',",tronclass.com.tw,raw/ilearn.thu.edu.tw/user-visits/date-range/apps__q_a263c00919.html,https://ilearn.thu.edu.tw/user-visits/date-range/apps?jwt=,absolute-url
"https://tronclass.com.tw/public-manual/manual-teacher.html',",tronclass.com.tw,raw/ilearn.thu.edu.tw/user-visits/date-range/apps__q_a263c00919.html,https://ilearn.thu.edu.tw/user-visits/date-range/apps?jwt=,absolute-url
"https://tronclass.com.tw/public-manual/TronclassManual_Student.pdf',",tronclass.com.tw,raw/ilearn.thu.edu.tw/user-visits/date-range/apps__q_a263c00919.html,https://ilearn.thu.edu.tw/user-visits/date-range/apps?jwt=,absolute-url
"https://tronclass.com.tw/public-manual/TronclassManual_App.pdf',",tronclass.com.tw,raw/ilearn.thu.edu.tw/user-visits/date-range/apps__q_a263c00919.html,https://ilearn.thu.edu.tw/user-visits/date-range/apps?jwt=,absolute-url
https://support.tronclass.com',support.tronclass.com',raw/ilearn.thu.edu.tw/user-visits/date-range/apps__q_a263c00919.html,https://ilearn.thu.edu.tw/user-visits/date-range/apps?jwt=,absolute-url
https://ilearn.thu.edu.tw/market,ilearn.thu.edu.tw,raw/ilearn.thu.edu.tw/user-visits/date-range/apps__q_a263c00919.html,https://ilearn.thu.edu.tw/user-visits/date-range/apps?jwt=,absolute-url
"https://ilearn.thu.edu.tw/chatbot/chatbot.umd.js',",ilearn.thu.edu.tw,raw/ilearn.thu.edu.tw/user-visits/date-range/apps__q_a263c00919.html,https://ilearn.thu.edu.tw/user-visits/date-range/apps?jwt=,absolute-url
https://www.youtube.com/iframe_api,www.youtube.com,raw/ilearn.thu.edu.tw/user-visits/date-range/apps__q_a263c00919.html,https://ilearn.thu.edu.tw/user-visits/date-range/apps?jwt=,absolute-url
https://ilearn.thu.edu.tw/video-editor',ilearn.thu.edu.tw,raw/ilearn.thu.edu.tw/user-visits/date-range/apps__q_a263c00919.html,https://ilearn.thu.edu.tw/user-visits/date-range/apps?jwt=,absolute-url
https://get.adobe.com/flashplayer/,get.adobe.com,raw/ilearn.thu.edu.tw/user-visits/date-range/apps__q_a263c00919.html,https://ilearn.thu.edu.tw/user-visits/date-range/apps?jwt=,absolute-url
https://ilearn.thu.edu.tw/,ilearn.thu.edu.tw,raw/ilearn.thu.edu.tw/user-visits/date-range/avatarSmallUrl.html,https://ilearn.thu.edu.tw/user-visits/date-range/avatarSmallUrl,absolute-url
https://www.googletagmanager.com/gtag/js,www.googletagmanager.com,raw/ilearn.thu.edu.tw/user-visits/date-range/avatarSmallUrl.html,https://ilearn.thu.edu.tw/user-visits/date-range/avatarSmallUrl,absolute-url
https://github.com/OWASP/CheatSheetSeries/blob/master/cheatsheets/Clickjacking_Defense_Cheat_Sheet.md#best-for-now-legacy-browser-frame-breaking-script--,github.com,raw/ilearn.thu.edu.tw/user-visits/date-range/avatarSmallUrl.html,https://ilearn.thu.edu.tw/user-visits/date-range/avatarSmallUrl,absolute-url
https://bam.nr-data.net,bam.nr-data.net,raw/ilearn.thu.edu.tw/user-visits/date-range/avatarSmallUrl.html,https://ilearn.thu.edu.tw/user-visits/date-range/avatarSmallUrl,absolute-url
https://www.google-analytics.com,www.google-analytics.com,raw/ilearn.thu.edu.tw/user-visits/date-range/avatarSmallUrl.html,https://ilearn.thu.edu.tw/user-visits/date-range/avatarSmallUrl,absolute-url
"https://tronclass.com.tw/public-manual/TronclassManual_System_Admin.pdf',",tronclass.com.tw,raw/ilearn.thu.edu.tw/user-visits/date-range/avatarSmallUrl.html,https://ilearn.thu.edu.tw/user-visits/date-range/avatarSmallUrl,absolute-url
"https://tronclass.com.tw/public-manual/TronclassManual_Administrator.pdf',",tronclass.com.tw,raw/ilearn.thu.edu.tw/user-visits/date-range/avatarSmallUrl.html,https://ilearn.thu.edu.tw/user-visits/date-range/avatarSmallUrl,absolute-url
"https://tronclass.com.tw/public-manual/manual-teacher.html',",tronclass.com.tw,raw/ilearn.thu.edu.tw/user-visits/date-range/avatarSmallUrl.html,https://ilearn.thu.edu.tw/user-visits/date-range/avatarSmallUrl,absolute-url
"https://tronclass.com.tw/public-manual/TronclassManual_Student.pdf',",tronclass.com.tw,raw/ilearn.thu.edu.tw/user-visits/date-range/avatarSmallUrl.html,https://ilearn.thu.edu.tw/user-visits/date-range/avatarSmallUrl,absolute-url
"https://tronclass.com.tw/public-manual/TronclassManual_App.pdf',",tronclass.com.tw,raw/ilearn.thu.edu.tw/user-visits/date-range/avatarSmallUrl.html,https://ilearn.thu.edu.tw/user-visits/date-range/avatarSmallUrl,absolute-url
https://support.tronclass.com',support.tronclass.com',raw/ilearn.thu.edu.tw/user-visits/date-range/avatarSmallUrl.html,https://ilearn.thu.edu.tw/user-visits/date-range/avatarSmallUrl,absolute-url
https://ilearn.thu.edu.tw/market,ilearn.thu.edu.tw,raw/ilearn.thu.edu.tw/user-visits/date-range/avatarSmallUrl.html,https://ilearn.thu.edu.tw/user-visits/date-range/avatarSmallUrl,absolute-url
"https://ilearn.thu.edu.tw/chatbot/chatbot.umd.js',",ilearn.thu.edu.tw,raw/ilearn.thu.edu.tw/user-visits/date-range/avatarSmallUrl.html,https://ilearn.thu.edu.tw/user-visits/date-range/avatarSmallUrl,absolute-url
https://www.youtube.com/iframe_api,www.youtube.com,raw/ilearn.thu.edu.tw/user-visits/date-range/avatarSmallUrl.html,https://ilearn.thu.edu.tw/user-visits/date-range/avatarSmallUrl,absolute-url
https://ilearn.thu.edu.tw/video-editor',ilearn.thu.edu.tw,raw/ilearn.thu.edu.tw/user-visits/date-range/avatarSmallUrl.html,https://ilearn.thu.edu.tw/user-visits/date-range/avatarSmallUrl,absolute-url
https://get.adobe.com/flashplayer/,get.adobe.com,raw/ilearn.thu.edu.tw/user-visits/date-range/avatarSmallUrl.html,https://ilearn.thu.edu.tw/user-visits/date-range/avatarSmallUrl,absolute-url
https://ilearn.thu.edu.tw/,ilearn.thu.edu.tw,raw/ilearn.thu.edu.tw/user-visits/date-range/browsers__q_a263c00919.html,https://ilearn.thu.edu.tw/user-visits/date-range/browsers?jwt=,absolute-url
https://www.googletagmanager.com/gtag/js,www.googletagmanager.com,raw/ilearn.thu.edu.tw/user-visits/date-range/browsers__q_a263c00919.html,https://ilearn.thu.edu.tw/user-visits/date-range/browsers?jwt=,absolute-url
https://github.com/OWASP/CheatSheetSeries/blob/master/cheatsheets/Clickjacking_Defense_Cheat_Sheet.md#best-for-now-legacy-browser-frame-breaking-script--,github.com,raw/ilearn.thu.edu.tw/user-visits/date-range/browsers__q_a263c00919.html,https://ilearn.thu.edu.tw/user-visits/date-range/browsers?jwt=,absolute-url
https://bam.nr-data.net,bam.nr-data.net,raw/ilearn.thu.edu.tw/user-visits/date-range/browsers__q_a263c00919.html,https://ilearn.thu.edu.tw/user-visits/date-range/browsers?jwt=,absolute-url
https://www.google-analytics.com,www.google-analytics.com,raw/ilearn.thu.edu.tw/user-visits/date-range/browsers__q_a263c00919.html,https://ilearn.thu.edu.tw/user-visits/date-range/browsers?jwt=,absolute-url
"https://tronclass.com.tw/public-manual/TronclassManual_System_Admin.pdf',",tronclass.com.tw,raw/ilearn.thu.edu.tw/user-visits/date-range/browsers__q_a263c00919.html,https://ilearn.thu.edu.tw/user-visits/date-range/browsers?jwt=,absolute-url
"https://tronclass.com.tw/public-manual/TronclassManual_Administrator.pdf',",tronclass.com.tw,raw/ilearn.thu.edu.tw/user-visits/date-range/browsers__q_a263c00919.html,https://ilearn.thu.edu.tw/user-visits/date-range/browsers?jwt=,absolute-url
"https://tronclass.com.tw/public-manual/manual-teacher.html',",tronclass.com.tw,raw/ilearn.thu.edu.tw/user-visits/date-range/browsers__q_a263c00919.html,https://ilearn.thu.edu.tw/user-visits/date-range/browsers?jwt=,absolute-url
"https://tronclass.com.tw/public-manual/TronclassManual_Student.pdf',",tronclass.com.tw,raw/ilearn.thu.edu.tw/user-visits/date-range/browsers__q_a263c00919.html,https://ilearn.thu.edu.tw/user-visits/date-range/browsers?jwt=,absolute-url
"https://tronclass.com.tw/public-manual/TronclassManual_App.pdf',",tronclass.com.tw,raw/ilearn.thu.edu.tw/user-visits/date-range/browsers__q_a263c00919.html,https://ilearn.thu.edu.tw/user-visits/date-range/browsers?jwt=,absolute-url
https://support.tronclass.com',support.tronclass.com',raw/ilearn.thu.edu.tw/user-visits/date-range/browsers__q_a263c00919.html,https://ilearn.thu.edu.tw/user-visits/date-range/browsers?jwt=,absolute-url
https://ilearn.thu.edu.tw/market,ilearn.thu.edu.tw,raw/ilearn.thu.edu.tw/user-visits/date-range/browsers__q_a263c00919.html,https://ilearn.thu.edu.tw/user-visits/date-range/browsers?jwt=,absolute-url
"https://ilearn.thu.edu.tw/chatbot/chatbot.umd.js',",ilearn.thu.edu.tw,raw/ilearn.thu.edu.tw/user-visits/date-range/browsers__q_a263c00919.html,https://ilearn.thu.edu.tw/user-visits/date-range/browsers?jwt=,absolute-url
https://www.youtube.com/iframe_api,www.youtube.com,raw/ilearn.thu.edu.tw/user-visits/date-range/browsers__q_a263c00919.html,https://ilearn.thu.edu.tw/user-visits/date-range/browsers?jwt=,absolute-url
https://ilearn.thu.edu.tw/video-editor',ilearn.thu.edu.tw,raw/ilearn.thu.edu.tw/user-visits/date-range/browsers__q_a263c00919.html,https://ilearn.thu.edu.tw/user-visits/date-range/browsers?jwt=,absolute-url
https://get.adobe.com/flashplayer/,get.adobe.com,raw/ilearn.thu.edu.tw/user-visits/date-range/browsers__q_a263c00919.html,https://ilearn.thu.edu.tw/user-visits/date-range/browsers?jwt=,absolute-url
https://ilearn.thu.edu.tw/,ilearn.thu.edu.tw,raw/ilearn.thu.edu.tw/user-visits/date-range/browsers__q_10f2513dc3.html,https://ilearn.thu.edu.tw/user-visits/date-range/browsers?start_date=,absolute-url
https://www.googletagmanager.com/gtag/js,www.googletagmanager.com,raw/ilearn.thu.edu.tw/user-visits/date-range/browsers__q_10f2513dc3.html,https://ilearn.thu.edu.tw/user-visits/date-range/browsers?start_date=,absolute-url
https://github.com/OWASP/CheatSheetSeries/blob/master/cheatsheets/Clickjacking_Defense_Cheat_Sheet.md#best-for-now-legacy-browser-frame-breaking-script--,github.com,raw/ilearn.thu.edu.tw/user-visits/date-range/browsers__q_10f2513dc3.html,https://ilearn.thu.edu.tw/user-visits/date-range/browsers?start_date=,absolute-url
https://bam.nr-data.net,bam.nr-data.net,raw/ilearn.thu.edu.tw/user-visits/date-range/browsers__q_10f2513dc3.html,https://ilearn.thu.edu.tw/user-visits/date-range/browsers?start_date=,absolute-url
https://www.google-analytics.com,www.google-analytics.com,raw/ilearn.thu.edu.tw/user-visits/date-range/browsers__q_10f2513dc3.html,https://ilearn.thu.edu.tw/user-visits/date-range/browsers?start_date=,absolute-url
"https://tronclass.com.tw/public-manual/TronclassManual_System_Admin.pdf',",tronclass.com.tw,raw/ilearn.thu.edu.tw/user-visits/date-range/browsers__q_10f2513dc3.html,https://ilearn.thu.edu.tw/user-visits/date-range/browsers?start_date=,absolute-url
"https://tronclass.com.tw/public-manual/TronclassManual_Administrator.pdf',",tronclass.com.tw,raw/ilearn.thu.edu.tw/user-visits/date-range/browsers__q_10f2513dc3.html,https://ilearn.thu.edu.tw/user-visits/date-range/browsers?start_date=,absolute-url
"https://tronclass.com.tw/public-manual/manual-teacher.html',",tronclass.com.tw,raw/ilearn.thu.edu.tw/user-visits/date-range/browsers__q_10f2513dc3.html,https://ilearn.thu.edu.tw/user-visits/date-range/browsers?start_date=,absolute-url
"https://tronclass.com.tw/public-manual/TronclassManual_Student.pdf',",tronclass.com.tw,raw/ilearn.thu.edu.tw/user-visits/date-range/browsers__q_10f2513dc3.html,https://ilearn.thu.edu.tw/user-visits/date-range/browsers?start_date=,absolute-url
"https://tronclass.com.tw/public-manual/TronclassManual_App.pdf',",tronclass.com.tw,raw/ilearn.thu.edu.tw/user-visits/date-range/browsers__q_10f2513dc3.html,https://ilearn.thu.edu.tw/user-visits/date-range/browsers?start_date=,absolute-url
https://support.tronclass.com',support.tronclass.com',raw/ilearn.thu.edu.tw/user-visits/date-range/browsers__q_10f2513dc3.html,https://ilearn.thu.edu.tw/user-visits/date-range/browsers?start_date=,absolute-url
https://ilearn.thu.edu.tw/market,ilearn.thu.edu.tw,raw/ilearn.thu.edu.tw/user-visits/date-range/browsers__q_10f2513dc3.html,https://ilearn.thu.edu.tw/user-visits/date-range/browsers?start_date=,absolute-url
"https://ilearn.thu.edu.tw/chatbot/chatbot.umd.js',",ilearn.thu.edu.tw,raw/ilearn.thu.edu.tw/user-visits/date-range/browsers__q_10f2513dc3.html,https://ilearn.thu.edu.tw/user-visits/date-range/browsers?start_date=,absolute-url
https://www.youtube.com/iframe_api,www.youtube.com,raw/ilearn.thu.edu.tw/user-visits/date-range/browsers__q_10f2513dc3.html,https://ilearn.thu.edu.tw/user-visits/date-range/browsers?start_date=,absolute-url
https://ilearn.thu.edu.tw/video-editor',ilearn.thu.edu.tw,raw/ilearn.thu.edu.tw/user-visits/date-range/browsers__q_10f2513dc3.html,https://ilearn.thu.edu.tw/user-visits/date-range/browsers?start_date=,absolute-url
https://get.adobe.com/flashplayer/,get.adobe.com,raw/ilearn.thu.edu.tw/user-visits/date-range/browsers__q_10f2513dc3.html,https://ilearn.thu.edu.tw/user-visits/date-range/browsers?start_date=,absolute-url
https://ilearn.thu.edu.tw/,ilearn.thu.edu.tw,raw/ilearn.thu.edu.tw/user-visits/date-range/capture_url.html,https://ilearn.thu.edu.tw/user-visits/date-range/capture_url,absolute-url
https://www.googletagmanager.com/gtag/js,www.googletagmanager.com,raw/ilearn.thu.edu.tw/user-visits/date-range/capture_url.html,https://ilearn.thu.edu.tw/user-visits/date-range/capture_url,absolute-url
https://github.com/OWASP/CheatSheetSeries/blob/master/cheatsheets/Clickjacking_Defense_Cheat_Sheet.md#best-for-now-legacy-browser-frame-breaking-script--,github.com,raw/ilearn.thu.edu.tw/user-visits/date-range/capture_url.html,https://ilearn.thu.edu.tw/user-visits/date-range/capture_url,absolute-url
https://bam.nr-data.net,bam.nr-data.net,raw/ilearn.thu.edu.tw/user-visits/date-range/capture_url.html,https://ilearn.thu.edu.tw/user-visits/date-range/capture_url,absolute-url
https://www.google-analytics.com,www.google-analytics.com,raw/ilearn.thu.edu.tw/user-visits/date-range/capture_url.html,https://ilearn.thu.edu.tw/user-visits/date-range/capture_url,absolute-url
"https://tronclass.com.tw/public-manual/TronclassManual_System_Admin.pdf',",tronclass.com.tw,raw/ilearn.thu.edu.tw/user-visits/date-range/capture_url.html,https://ilearn.thu.edu.tw/user-visits/date-range/capture_url,absolute-url
"https://tronclass.com.tw/public-manual/TronclassManual_Administrator.pdf',",tronclass.com.tw,raw/ilearn.thu.edu.tw/user-visits/date-range/capture_url.html,https://ilearn.thu.edu.tw/user-visits/date-range/capture_url,absolute-url
"https://tronclass.com.tw/public-manual/manual-teacher.html',",tronclass.com.tw,raw/ilearn.thu.edu.tw/user-visits/date-range/capture_url.html,https://ilearn.thu.edu.tw/user-visits/date-range/capture_url,absolute-url
"https://tronclass.com.tw/public-manual/TronclassManual_Student.pdf',",tronclass.com.tw,raw/ilearn.thu.edu.tw/user-visits/date-range/capture_url.html,https://ilearn.thu.edu.tw/user-visits/date-range/capture_url,absolute-url
"https://tronclass.com.tw/public-manual/TronclassManual_App.pdf',",tronclass.com.tw,raw/ilearn.thu.edu.tw/user-visits/date-range/capture_url.html,https://ilearn.thu.edu.tw/user-visits/date-range/capture_url,absolute-url
https://support.tronclass.com',support.tronclass.com',raw/ilearn.thu.edu.tw/user-visits/date-range/capture_url.html,https://ilearn.thu.edu.tw/user-visits/date-range/capture_url,absolute-url
https://ilearn.thu.edu.tw/market,ilearn.thu.edu.tw,raw/ilearn.thu.edu.tw/user-visits/date-range/capture_url.html,https://ilearn.thu.edu.tw/user-visits/date-range/capture_url,absolute-url
"https://ilearn.thu.edu.tw/chatbot/chatbot.umd.js',",ilearn.thu.edu.tw,raw/ilearn.thu.edu.tw/user-visits/date-range/capture_url.html,https://ilearn.thu.edu.tw/user-visits/date-range/capture_url,absolute-url
https://www.youtube.com/iframe_api,www.youtube.com,raw/ilearn.thu.edu.tw/user-visits/date-range/capture_url.html,https://ilearn.thu.edu.tw/user-visits/date-range/capture_url,absolute-url
https://ilearn.thu.edu.tw/video-editor',ilearn.thu.edu.tw,raw/ilearn.thu.edu.tw/user-visits/date-range/capture_url.html,https://ilearn.thu.edu.tw/user-visits/date-range/capture_url,absolute-url
https://get.adobe.com/flashplayer/,get.adobe.com,raw/ilearn.thu.edu.tw/user-visits/date-range/capture_url.html,https://ilearn.thu.edu.tw/user-visits/date-range/capture_url,absolute-url
https://ilearn.thu.edu.tw/,ilearn.thu.edu.tw,raw/ilearn.thu.edu.tw/user-visits/date-range/lesson_resource_url.html,https://ilearn.thu.edu.tw/user-visits/date-range/lesson_resource_url,absolute-url
https://www.googletagmanager.com/gtag/js,www.googletagmanager.com,raw/ilearn.thu.edu.tw/user-visits/date-range/lesson_resource_url.html,https://ilearn.thu.edu.tw/user-visits/date-range/lesson_resource_url,absolute-url
https://github.com/OWASP/CheatSheetSeries/blob/master/cheatsheets/Clickjacking_Defense_Cheat_Sheet.md#best-for-now-legacy-browser-frame-breaking-script--,github.com,raw/ilearn.thu.edu.tw/user-visits/date-range/lesson_resource_url.html,https://ilearn.thu.edu.tw/user-visits/date-range/lesson_resource_url,absolute-url
https://bam.nr-data.net,bam.nr-data.net,raw/ilearn.thu.edu.tw/user-visits/date-range/lesson_resource_url.html,https://ilearn.thu.edu.tw/user-visits/date-range/lesson_resource_url,absolute-url
https://www.google-analytics.com,www.google-analytics.com,raw/ilearn.thu.edu.tw/user-visits/date-range/lesson_resource_url.html,https://ilearn.thu.edu.tw/user-visits/date-range/lesson_resource_url,absolute-url
"https://tronclass.com.tw/public-manual/TronclassManual_System_Admin.pdf',",tronclass.com.tw,raw/ilearn.thu.edu.tw/user-visits/date-range/lesson_resource_url.html,https://ilearn.thu.edu.tw/user-visits/date-range/lesson_resource_url,absolute-url
"https://tronclass.com.tw/public-manual/TronclassManual_Administrator.pdf',",tronclass.com.tw,raw/ilearn.thu.edu.tw/user-visits/date-range/lesson_resource_url.html,https://ilearn.thu.edu.tw/user-visits/date-range/lesson_resource_url,absolute-url
"https://tronclass.com.tw/public-manual/manual-teacher.html',",tronclass.com.tw,raw/ilearn.thu.edu.tw/user-visits/date-range/lesson_resource_url.html,https://ilearn.thu.edu.tw/user-visits/date-range/lesson_resource_url,absolute-url
"https://tronclass.com.tw/public-manual/TronclassManual_Student.pdf',",tronclass.com.tw,raw/ilearn.thu.edu.tw/user-visits/date-range/lesson_resource_url.html,https://ilearn.thu.edu.tw/user-visits/date-range/lesson_resource_url,absolute-url
"https://tronclass.com.tw/public-manual/TronclassManual_App.pdf',",tronclass.com.tw,raw/ilearn.thu.edu.tw/user-visits/date-range/lesson_resource_url.html,https://ilearn.thu.edu.tw/user-visits/date-range/lesson_resource_url,absolute-url
https://support.tronclass.com',support.tronclass.com',raw/ilearn.thu.edu.tw/user-visits/date-range/lesson_resource_url.html,https://ilearn.thu.edu.tw/user-visits/date-range/lesson_resource_url,absolute-url
https://ilearn.thu.edu.tw/market,ilearn.thu.edu.tw,raw/ilearn.thu.edu.tw/user-visits/date-range/lesson_resource_url.html,https://ilearn.thu.edu.tw/user-visits/date-range/lesson_resource_url,absolute-url
"https://ilearn.thu.edu.tw/chatbot/chatbot.umd.js',",ilearn.thu.edu.tw,raw/ilearn.thu.edu.tw/user-visits/date-range/lesson_resource_url.html,https://ilearn.thu.edu.tw/user-visits/date-range/lesson_resource_url,absolute-url
https://www.youtube.com/iframe_api,www.youtube.com,raw/ilearn.thu.edu.tw/user-visits/date-range/lesson_resource_url.html,https://ilearn.thu.edu.tw/user-visits/date-range/lesson_resource_url,absolute-url
https://ilearn.thu.edu.tw/video-editor',ilearn.thu.edu.tw,raw/ilearn.thu.edu.tw/user-visits/date-range/lesson_resource_url.html,https://ilearn.thu.edu.tw/user-visits/date-range/lesson_resource_url,absolute-url
https://get.adobe.com/flashplayer/,get.adobe.com,raw/ilearn.thu.edu.tw/user-visits/date-range/lesson_resource_url.html,https://ilearn.thu.edu.tw/user-visits/date-range/lesson_resource_url,absolute-url
https://ilearn.thu.edu.tw/,ilearn.thu.edu.tw,raw/ilearn.thu.edu.tw/user-visits/date-range/manualUrl.html,https://ilearn.thu.edu.tw/user-visits/date-range/manualUrl,absolute-url
https://www.googletagmanager.com/gtag/js,www.googletagmanager.com,raw/ilearn.thu.edu.tw/user-visits/date-range/manualUrl.html,https://ilearn.thu.edu.tw/user-visits/date-range/manualUrl,absolute-url
https://github.com/OWASP/CheatSheetSeries/blob/master/cheatsheets/Clickjacking_Defense_Cheat_Sheet.md#best-for-now-legacy-browser-frame-breaking-script--,github.com,raw/ilearn.thu.edu.tw/user-visits/date-range/manualUrl.html,https://ilearn.thu.edu.tw/user-visits/date-range/manualUrl,absolute-url
https://bam.nr-data.net,bam.nr-data.net,raw/ilearn.thu.edu.tw/user-visits/date-range/manualUrl.html,https://ilearn.thu.edu.tw/user-visits/date-range/manualUrl,absolute-url
https://www.google-analytics.com,www.google-analytics.com,raw/ilearn.thu.edu.tw/user-visits/date-range/manualUrl.html,https://ilearn.thu.edu.tw/user-visits/date-range/manualUrl,absolute-url
"https://tronclass.com.tw/public-manual/TronclassManual_System_Admin.pdf',",tronclass.com.tw,raw/ilearn.thu.edu.tw/user-visits/date-range/manualUrl.html,https://ilearn.thu.edu.tw/user-visits/date-range/manualUrl,absolute-url
"https://tronclass.com.tw/public-manual/TronclassManual_Administrator.pdf',",tronclass.com.tw,raw/ilearn.thu.edu.tw/user-visits/date-range/manualUrl.html,https://ilearn.thu.edu.tw/user-visits/date-range/manualUrl,absolute-url
"https://tronclass.com.tw/public-manual/manual-teacher.html',",tronclass.com.tw,raw/ilearn.thu.edu.tw/user-visits/date-range/manualUrl.html,https://ilearn.thu.edu.tw/user-visits/date-range/manualUrl,absolute-url
"https://tronclass.com.tw/public-manual/TronclassManual_Student.pdf',",tronclass.com.tw,raw/ilearn.thu.edu.tw/user-visits/date-range/manualUrl.html,https://ilearn.thu.edu.tw/user-visits/date-range/manualUrl,absolute-url
"https://tronclass.com.tw/public-manual/TronclassManual_App.pdf',",tronclass.com.tw,raw/ilearn.thu.edu.tw/user-visits/date-range/manualUrl.html,https://ilearn.thu.edu.tw/user-visits/date-range/manualUrl,absolute-url
https://support.tronclass.com',support.tronclass.com',raw/ilearn.thu.edu.tw/user-visits/date-range/manualUrl.html,https://ilearn.thu.edu.tw/user-visits/date-range/manualUrl,absolute-url
https://ilearn.thu.edu.tw/market,ilearn.thu.edu.tw,raw/ilearn.thu.edu.tw/user-visits/date-range/manualUrl.html,https://ilearn.thu.edu.tw/user-visits/date-range/manualUrl,absolute-url
"https://ilearn.thu.edu.tw/chatbot/chatbot.umd.js',",ilearn.thu.edu.tw,raw/ilearn.thu.edu.tw/user-visits/date-range/manualUrl.html,https://ilearn.thu.edu.tw/user-visits/date-range/manualUrl,absolute-url
https://www.youtube.com/iframe_api,www.youtube.com,raw/ilearn.thu.edu.tw/user-visits/date-range/manualUrl.html,https://ilearn.thu.edu.tw/user-visits/date-range/manualUrl,absolute-url
https://ilearn.thu.edu.tw/video-editor',ilearn.thu.edu.tw,raw/ilearn.thu.edu.tw/user-visits/date-range/manualUrl.html,https://ilearn.thu.edu.tw/user-visits/date-range/manualUrl,absolute-url
https://get.adobe.com/flashplayer/,get.adobe.com,raw/ilearn.thu.edu.tw/user-visits/date-range/manualUrl.html,https://ilearn.thu.edu.tw/user-visits/date-range/manualUrl,absolute-url
https://ilearn.thu.edu.tw/,ilearn.thu.edu.tw,raw/ilearn.thu.edu.tw/user-visits/lesson_resource_url.html,https://ilearn.thu.edu.tw/user-visits/lesson_resource_url,absolute-url
https://www.googletagmanager.com/gtag/js,www.googletagmanager.com,raw/ilearn.thu.edu.tw/user-visits/lesson_resource_url.html,https://ilearn.thu.edu.tw/user-visits/lesson_resource_url,absolute-url
https://github.com/OWASP/CheatSheetSeries/blob/master/cheatsheets/Clickjacking_Defense_Cheat_Sheet.md#best-for-now-legacy-browser-frame-breaking-script--,github.com,raw/ilearn.thu.edu.tw/user-visits/lesson_resource_url.html,https://ilearn.thu.edu.tw/user-visits/lesson_resource_url,absolute-url
https://bam.nr-data.net,bam.nr-data.net,raw/ilearn.thu.edu.tw/user-visits/lesson_resource_url.html,https://ilearn.thu.edu.tw/user-visits/lesson_resource_url,absolute-url
https://www.google-analytics.com,www.google-analytics.com,raw/ilearn.thu.edu.tw/user-visits/lesson_resource_url.html,https://ilearn.thu.edu.tw/user-visits/lesson_resource_url,absolute-url
"https://tronclass.com.tw/public-manual/TronclassManual_System_Admin.pdf',",tronclass.com.tw,raw/ilearn.thu.edu.tw/user-visits/lesson_resource_url.html,https://ilearn.thu.edu.tw/user-visits/lesson_resource_url,absolute-url
"https://tronclass.com.tw/public-manual/TronclassManual_Administrator.pdf',",tronclass.com.tw,raw/ilearn.thu.edu.tw/user-visits/lesson_resource_url.html,https://ilearn.thu.edu.tw/user-visits/lesson_resource_url,absolute-url
"https://tronclass.com.tw/public-manual/manual-teacher.html',",tronclass.com.tw,raw/ilearn.thu.edu.tw/user-visits/lesson_resource_url.html,https://ilearn.thu.edu.tw/user-visits/lesson_resource_url,absolute-url
"https://tronclass.com.tw/public-manual/TronclassManual_Student.pdf',",tronclass.com.tw,raw/ilearn.thu.edu.tw/user-visits/lesson_resource_url.html,https://ilearn.thu.edu.tw/user-visits/lesson_resource_url,absolute-url
"https://tronclass.com.tw/public-manual/TronclassManual_App.pdf',",tronclass.com.tw,raw/ilearn.thu.edu.tw/user-visits/lesson_resource_url.html,https://ilearn.thu.edu.tw/user-visits/lesson_resource_url,absolute-url
https://support.tronclass.com',support.tronclass.com',raw/ilearn.thu.edu.tw/user-visits/lesson_resource_url.html,https://ilearn.thu.edu.tw/user-visits/lesson_resource_url,absolute-url
https://ilearn.thu.edu.tw/market,ilearn.thu.edu.tw,raw/ilearn.thu.edu.tw/user-visits/lesson_resource_url.html,https://ilearn.thu.edu.tw/user-visits/lesson_resource_url,absolute-url
"https://ilearn.thu.edu.tw/chatbot/chatbot.umd.js',",ilearn.thu.edu.tw,raw/ilearn.thu.edu.tw/user-visits/lesson_resource_url.html,https://ilearn.thu.edu.tw/user-visits/lesson_resource_url,absolute-url
https://www.youtube.com/iframe_api,www.youtube.com,raw/ilearn.thu.edu.tw/user-visits/lesson_resource_url.html,https://ilearn.thu.edu.tw/user-visits/lesson_resource_url,absolute-url
https://ilearn.thu.edu.tw/video-editor',ilearn.thu.edu.tw,raw/ilearn.thu.edu.tw/user-visits/lesson_resource_url.html,https://ilearn.thu.edu.tw/user-visits/lesson_resource_url,absolute-url
https://get.adobe.com/flashplayer/,get.adobe.com,raw/ilearn.thu.edu.tw/user-visits/lesson_resource_url.html,https://ilearn.thu.edu.tw/user-visits/lesson_resource_url,absolute-url
https://ilearn.thu.edu.tw/,ilearn.thu.edu.tw,raw/ilearn.thu.edu.tw/user-visits/manualUrl.html,https://ilearn.thu.edu.tw/user-visits/manualUrl,absolute-url
https://www.googletagmanager.com/gtag/js,www.googletagmanager.com,raw/ilearn.thu.edu.tw/user-visits/manualUrl.html,https://ilearn.thu.edu.tw/user-visits/manualUrl,absolute-url
https://github.com/OWASP/CheatSheetSeries/blob/master/cheatsheets/Clickjacking_Defense_Cheat_Sheet.md#best-for-now-legacy-browser-frame-breaking-script--,github.com,raw/ilearn.thu.edu.tw/user-visits/manualUrl.html,https://ilearn.thu.edu.tw/user-visits/manualUrl,absolute-url
https://bam.nr-data.net,bam.nr-data.net,raw/ilearn.thu.edu.tw/user-visits/manualUrl.html,https://ilearn.thu.edu.tw/user-visits/manualUrl,absolute-url
https://www.google-analytics.com,www.google-analytics.com,raw/ilearn.thu.edu.tw/user-visits/manualUrl.html,https://ilearn.thu.edu.tw/user-visits/manualUrl,absolute-url
"https://tronclass.com.tw/public-manual/TronclassManual_System_Admin.pdf',",tronclass.com.tw,raw/ilearn.thu.edu.tw/user-visits/manualUrl.html,https://ilearn.thu.edu.tw/user-visits/manualUrl,absolute-url
"https://tronclass.com.tw/public-manual/TronclassManual_Administrator.pdf',",tronclass.com.tw,raw/ilearn.thu.edu.tw/user-visits/manualUrl.html,https://ilearn.thu.edu.tw/user-visits/manualUrl,absolute-url
"https://tronclass.com.tw/public-manual/manual-teacher.html',",tronclass.com.tw,raw/ilearn.thu.edu.tw/user-visits/manualUrl.html,https://ilearn.thu.edu.tw/user-visits/manualUrl,absolute-url
"https://tronclass.com.tw/public-manual/TronclassManual_Student.pdf',",tronclass.com.tw,raw/ilearn.thu.edu.tw/user-visits/manualUrl.html,https://ilearn.thu.edu.tw/user-visits/manualUrl,absolute-url
"https://tronclass.com.tw/public-manual/TronclassManual_App.pdf',",tronclass.com.tw,raw/ilearn.thu.edu.tw/user-visits/manualUrl.html,https://ilearn.thu.edu.tw/user-visits/manualUrl,absolute-url
https://support.tronclass.com',support.tronclass.com',raw/ilearn.thu.edu.tw/user-visits/manualUrl.html,https://ilearn.thu.edu.tw/user-visits/manualUrl,absolute-url
https://ilearn.thu.edu.tw/market,ilearn.thu.edu.tw,raw/ilearn.thu.edu.tw/user-visits/manualUrl.html,https://ilearn.thu.edu.tw/user-visits/manualUrl,absolute-url
"https://ilearn.thu.edu.tw/chatbot/chatbot.umd.js',",ilearn.thu.edu.tw,raw/ilearn.thu.edu.tw/user-visits/manualUrl.html,https://ilearn.thu.edu.tw/user-visits/manualUrl,absolute-url
https://www.youtube.com/iframe_api,www.youtube.com,raw/ilearn.thu.edu.tw/user-visits/manualUrl.html,https://ilearn.thu.edu.tw/user-visits/manualUrl,absolute-url
https://ilearn.thu.edu.tw/video-editor',ilearn.thu.edu.tw,raw/ilearn.thu.edu.tw/user-visits/manualUrl.html,https://ilearn.thu.edu.tw/user-visits/manualUrl,absolute-url
https://get.adobe.com/flashplayer/,get.adobe.com,raw/ilearn.thu.edu.tw/user-visits/manualUrl.html,https://ilearn.thu.edu.tw/user-visits/manualUrl,absolute-url
https://ilearn.thu.edu.tw/,ilearn.thu.edu.tw,raw/ilearn.thu.edu.tw/user-visits/metrics.html,https://ilearn.thu.edu.tw/user-visits/metrics,absolute-url
https://www.googletagmanager.com/gtag/js,www.googletagmanager.com,raw/ilearn.thu.edu.tw/user-visits/metrics.html,https://ilearn.thu.edu.tw/user-visits/metrics,absolute-url
https://github.com/OWASP/CheatSheetSeries/blob/master/cheatsheets/Clickjacking_Defense_Cheat_Sheet.md#best-for-now-legacy-browser-frame-breaking-script--,github.com,raw/ilearn.thu.edu.tw/user-visits/metrics.html,https://ilearn.thu.edu.tw/user-visits/metrics,absolute-url
https://bam.nr-data.net,bam.nr-data.net,raw/ilearn.thu.edu.tw/user-visits/metrics.html,https://ilearn.thu.edu.tw/user-visits/metrics,absolute-url
https://www.google-analytics.com,www.google-analytics.com,raw/ilearn.thu.edu.tw/user-visits/metrics.html,https://ilearn.thu.edu.tw/user-visits/metrics,absolute-url
"https://tronclass.com.tw/public-manual/TronclassManual_System_Admin.pdf',",tronclass.com.tw,raw/ilearn.thu.edu.tw/user-visits/metrics.html,https://ilearn.thu.edu.tw/user-visits/metrics,absolute-url
"https://tronclass.com.tw/public-manual/TronclassManual_Administrator.pdf',",tronclass.com.tw,raw/ilearn.thu.edu.tw/user-visits/metrics.html,https://ilearn.thu.edu.tw/user-visits/metrics,absolute-url
"https://tronclass.com.tw/public-manual/manual-teacher.html',",tronclass.com.tw,raw/ilearn.thu.edu.tw/user-visits/metrics.html,https://ilearn.thu.edu.tw/user-visits/metrics,absolute-url
"https://tronclass.com.tw/public-manual/TronclassManual_Student.pdf',",tronclass.com.tw,raw/ilearn.thu.edu.tw/user-visits/metrics.html,https://ilearn.thu.edu.tw/user-visits/metrics,absolute-url
"https://tronclass.com.tw/public-manual/TronclassManual_App.pdf',",tronclass.com.tw,raw/ilearn.thu.edu.tw/user-visits/metrics.html,https://ilearn.thu.edu.tw/user-visits/metrics,absolute-url
https://support.tronclass.com',support.tronclass.com',raw/ilearn.thu.edu.tw/user-visits/metrics.html,https://ilearn.thu.edu.tw/user-visits/metrics,absolute-url
https://ilearn.thu.edu.tw/market,ilearn.thu.edu.tw,raw/ilearn.thu.edu.tw/user-visits/metrics.html,https://ilearn.thu.edu.tw/user-visits/metrics,absolute-url
"https://ilearn.thu.edu.tw/chatbot/chatbot.umd.js',",ilearn.thu.edu.tw,raw/ilearn.thu.edu.tw/user-visits/metrics.html,https://ilearn.thu.edu.tw/user-visits/metrics,absolute-url
https://www.youtube.com/iframe_api,www.youtube.com,raw/ilearn.thu.edu.tw/user-visits/metrics.html,https://ilearn.thu.edu.tw/user-visits/metrics,absolute-url
https://ilearn.thu.edu.tw/video-editor',ilearn.thu.edu.tw,raw/ilearn.thu.edu.tw/user-visits/metrics.html,https://ilearn.thu.edu.tw/user-visits/metrics,absolute-url
https://get.adobe.com/flashplayer/,get.adobe.com,raw/ilearn.thu.edu.tw/user-visits/metrics.html,https://ilearn.thu.edu.tw/user-visits/metrics,absolute-url
https://ilearn.thu.edu.tw/,ilearn.thu.edu.tw,raw/ilearn.thu.edu.tw/user-visits/metrics__q_1779bf8de6.html,https://ilearn.thu.edu.tw/user-visits/metrics?activity_type=,absolute-url
https://www.googletagmanager.com/gtag/js,www.googletagmanager.com,raw/ilearn.thu.edu.tw/user-visits/metrics__q_1779bf8de6.html,https://ilearn.thu.edu.tw/user-visits/metrics?activity_type=,absolute-url
https://github.com/OWASP/CheatSheetSeries/blob/master/cheatsheets/Clickjacking_Defense_Cheat_Sheet.md#best-for-now-legacy-browser-frame-breaking-script--,github.com,raw/ilearn.thu.edu.tw/user-visits/metrics__q_1779bf8de6.html,https://ilearn.thu.edu.tw/user-visits/metrics?activity_type=,absolute-url
https://bam.nr-data.net,bam.nr-data.net,raw/ilearn.thu.edu.tw/user-visits/metrics__q_1779bf8de6.html,https://ilearn.thu.edu.tw/user-visits/metrics?activity_type=,absolute-url
https://www.google-analytics.com,www.google-analytics.com,raw/ilearn.thu.edu.tw/user-visits/metrics__q_1779bf8de6.html,https://ilearn.thu.edu.tw/user-visits/metrics?activity_type=,absolute-url
"https://tronclass.com.tw/public-manual/TronclassManual_System_Admin.pdf',",tronclass.com.tw,raw/ilearn.thu.edu.tw/user-visits/metrics__q_1779bf8de6.html,https://ilearn.thu.edu.tw/user-visits/metrics?activity_type=,absolute-url
"https://tronclass.com.tw/public-manual/TronclassManual_Administrator.pdf',",tronclass.com.tw,raw/ilearn.thu.edu.tw/user-visits/metrics__q_1779bf8de6.html,https://ilearn.thu.edu.tw/user-visits/metrics?activity_type=,absolute-url
"https://tronclass.com.tw/public-manual/manual-teacher.html',",tronclass.com.tw,raw/ilearn.thu.edu.tw/user-visits/metrics__q_1779bf8de6.html,https://ilearn.thu.edu.tw/user-visits/metrics?activity_type=,absolute-url
"https://tronclass.com.tw/public-manual/TronclassManual_Student.pdf',",tronclass.com.tw,raw/ilearn.thu.edu.tw/user-visits/metrics__q_1779bf8de6.html,https://ilearn.thu.edu.tw/user-visits/metrics?activity_type=,absolute-url
"https://tronclass.com.tw/public-manual/TronclassManual_App.pdf',",tronclass.com.tw,raw/ilearn.thu.edu.tw/user-visits/metrics__q_1779bf8de6.html,https://ilearn.thu.edu.tw/user-visits/metrics?activity_type=,absolute-url
https://support.tronclass.com',support.tronclass.com',raw/ilearn.thu.edu.tw/user-visits/metrics__q_1779bf8de6.html,https://ilearn.thu.edu.tw/user-visits/metrics?activity_type=,absolute-url
https://ilearn.thu.edu.tw/market,ilearn.thu.edu.tw,raw/ilearn.thu.edu.tw/user-visits/metrics__q_1779bf8de6.html,https://ilearn.thu.edu.tw/user-visits/metrics?activity_type=,absolute-url
"https://ilearn.thu.edu.tw/chatbot/chatbot.umd.js',",ilearn.thu.edu.tw,raw/ilearn.thu.edu.tw/user-visits/metrics__q_1779bf8de6.html,https://ilearn.thu.edu.tw/user-visits/metrics?activity_type=,absolute-url
https://www.youtube.com/iframe_api,www.youtube.com,raw/ilearn.thu.edu.tw/user-visits/metrics__q_1779bf8de6.html,https://ilearn.thu.edu.tw/user-visits/metrics?activity_type=,absolute-url
https://ilearn.thu.edu.tw/video-editor',ilearn.thu.edu.tw,raw/ilearn.thu.edu.tw/user-visits/metrics__q_1779bf8de6.html,https://ilearn.thu.edu.tw/user-visits/metrics?activity_type=,absolute-url
https://get.adobe.com/flashplayer/,get.adobe.com,raw/ilearn.thu.edu.tw/user-visits/metrics__q_1779bf8de6.html,https://ilearn.thu.edu.tw/user-visits/metrics?activity_type=,absolute-url
https://ilearn.thu.edu.tw/,ilearn.thu.edu.tw,raw/ilearn.thu.edu.tw/user-visits/metrics__q_a47d98bf86.html,https://ilearn.thu.edu.tw/user-visits/metrics?group=,absolute-url
https://www.googletagmanager.com/gtag/js,www.googletagmanager.com,raw/ilearn.thu.edu.tw/user-visits/metrics__q_a47d98bf86.html,https://ilearn.thu.edu.tw/user-visits/metrics?group=,absolute-url
https://github.com/OWASP/CheatSheetSeries/blob/master/cheatsheets/Clickjacking_Defense_Cheat_Sheet.md#best-for-now-legacy-browser-frame-breaking-script--,github.com,raw/ilearn.thu.edu.tw/user-visits/metrics__q_a47d98bf86.html,https://ilearn.thu.edu.tw/user-visits/metrics?group=,absolute-url
https://bam.nr-data.net,bam.nr-data.net,raw/ilearn.thu.edu.tw/user-visits/metrics__q_a47d98bf86.html,https://ilearn.thu.edu.tw/user-visits/metrics?group=,absolute-url
https://www.google-analytics.com,www.google-analytics.com,raw/ilearn.thu.edu.tw/user-visits/metrics__q_a47d98bf86.html,https://ilearn.thu.edu.tw/user-visits/metrics?group=,absolute-url
"https://tronclass.com.tw/public-manual/TronclassManual_System_Admin.pdf',",tronclass.com.tw,raw/ilearn.thu.edu.tw/user-visits/metrics__q_a47d98bf86.html,https://ilearn.thu.edu.tw/user-visits/metrics?group=,absolute-url
"https://tronclass.com.tw/public-manual/TronclassManual_Administrator.pdf',",tronclass.com.tw,raw/ilearn.thu.edu.tw/user-visits/metrics__q_a47d98bf86.html,https://ilearn.thu.edu.tw/user-visits/metrics?group=,absolute-url
"https://tronclass.com.tw/public-manual/manual-teacher.html',",tronclass.com.tw,raw/ilearn.thu.edu.tw/user-visits/metrics__q_a47d98bf86.html,https://ilearn.thu.edu.tw/user-visits/metrics?group=,absolute-url
"https://tronclass.com.tw/public-manual/TronclassManual_Student.pdf',",tronclass.com.tw,raw/ilearn.thu.edu.tw/user-visits/metrics__q_a47d98bf86.html,https://ilearn.thu.edu.tw/user-visits/metrics?group=,absolute-url
"https://tronclass.com.tw/public-manual/TronclassManual_App.pdf',",tronclass.com.tw,raw/ilearn.thu.edu.tw/user-visits/metrics__q_a47d98bf86.html,https://ilearn.thu.edu.tw/user-visits/metrics?group=,absolute-url
https://support.tronclass.com',support.tronclass.com',raw/ilearn.thu.edu.tw/user-visits/metrics__q_a47d98bf86.html,https://ilearn.thu.edu.tw/user-visits/metrics?group=,absolute-url
https://ilearn.thu.edu.tw/market,ilearn.thu.edu.tw,raw/ilearn.thu.edu.tw/user-visits/metrics__q_a47d98bf86.html,https://ilearn.thu.edu.tw/user-visits/metrics?group=,absolute-url
"https://ilearn.thu.edu.tw/chatbot/chatbot.umd.js',",ilearn.thu.edu.tw,raw/ilearn.thu.edu.tw/user-visits/metrics__q_a47d98bf86.html,https://ilearn.thu.edu.tw/user-visits/metrics?group=,absolute-url
https://www.youtube.com/iframe_api,www.youtube.com,raw/ilearn.thu.edu.tw/user-visits/metrics__q_a47d98bf86.html,https://ilearn.thu.edu.tw/user-visits/metrics?group=,absolute-url
https://ilearn.thu.edu.tw/video-editor',ilearn.thu.edu.tw,raw/ilearn.thu.edu.tw/user-visits/metrics__q_a47d98bf86.html,https://ilearn.thu.edu.tw/user-visits/metrics?group=,absolute-url
https://get.adobe.com/flashplayer/,get.adobe.com,raw/ilearn.thu.edu.tw/user-visits/metrics__q_a47d98bf86.html,https://ilearn.thu.edu.tw/user-visits/metrics?group=,absolute-url
https://ilearn.thu.edu.tw/,ilearn.thu.edu.tw,raw/ilearn.thu.edu.tw/user-visits/metrics__q_9e12186284.html,"https://ilearn.thu.edu.tw/user-visits/metrics?group_by=activity,group,type",absolute-url
https://www.googletagmanager.com/gtag/js,www.googletagmanager.com,raw/ilearn.thu.edu.tw/user-visits/metrics__q_9e12186284.html,"https://ilearn.thu.edu.tw/user-visits/metrics?group_by=activity,group,type",absolute-url
https://github.com/OWASP/CheatSheetSeries/blob/master/cheatsheets/Clickjacking_Defense_Cheat_Sheet.md#best-for-now-legacy-browser-frame-breaking-script--,github.com,raw/ilearn.thu.edu.tw/user-visits/metrics__q_9e12186284.html,"https://ilearn.thu.edu.tw/user-visits/metrics?group_by=activity,group,type",absolute-url
https://bam.nr-data.net,bam.nr-data.net,raw/ilearn.thu.edu.tw/user-visits/metrics__q_9e12186284.html,"https://ilearn.thu.edu.tw/user-visits/metrics?group_by=activity,group,type",absolute-url
https://www.google-analytics.com,www.google-analytics.com,raw/ilearn.thu.edu.tw/user-visits/metrics__q_9e12186284.html,"https://ilearn.thu.edu.tw/user-visits/metrics?group_by=activity,group,type",absolute-url
"https://tronclass.com.tw/public-manual/TronclassManual_System_Admin.pdf',",tronclass.com.tw,raw/ilearn.thu.edu.tw/user-visits/metrics__q_9e12186284.html,"https://ilearn.thu.edu.tw/user-visits/metrics?group_by=activity,group,type",absolute-url
"https://tronclass.com.tw/public-manual/TronclassManual_Administrator.pdf',",tronclass.com.tw,raw/ilearn.thu.edu.tw/user-visits/metrics__q_9e12186284.html,"https://ilearn.thu.edu.tw/user-visits/metrics?group_by=activity,group,type",absolute-url
"https://tronclass.com.tw/public-manual/manual-teacher.html',",tronclass.com.tw,raw/ilearn.thu.edu.tw/user-visits/metrics__q_9e12186284.html,"https://ilearn.thu.edu.tw/user-visits/metrics?group_by=activity,group,type",absolute-url
"https://tronclass.com.tw/public-manual/TronclassManual_Student.pdf',",tronclass.com.tw,raw/ilearn.thu.edu.tw/user-visits/metrics__q_9e12186284.html,"https://ilearn.thu.edu.tw/user-visits/metrics?group_by=activity,group,type",absolute-url
"https://tronclass.com.tw/public-manual/TronclassManual_App.pdf',",tronclass.com.tw,raw/ilearn.thu.edu.tw/user-visits/metrics__q_9e12186284.html,"https://ilearn.thu.edu.tw/user-visits/metrics?group_by=activity,group,type",absolute-url
https://support.tronclass.com',support.tronclass.com',raw/ilearn.thu.edu.tw/user-visits/metrics__q_9e12186284.html,"https://ilearn.thu.edu.tw/user-visits/metrics?group_by=activity,group,type",absolute-url
https://ilearn.thu.edu.tw/market,ilearn.thu.edu.tw,raw/ilearn.thu.edu.tw/user-visits/metrics__q_9e12186284.html,"https://ilearn.thu.edu.tw/user-visits/metrics?group_by=activity,group,type",absolute-url
"https://ilearn.thu.edu.tw/chatbot/chatbot.umd.js',",ilearn.thu.edu.tw,raw/ilearn.thu.edu.tw/user-visits/metrics__q_9e12186284.html,"https://ilearn.thu.edu.tw/user-visits/metrics?group_by=activity,group,type",absolute-url
https://www.youtube.com/iframe_api,www.youtube.com,raw/ilearn.thu.edu.tw/user-visits/metrics__q_9e12186284.html,"https://ilearn.thu.edu.tw/user-visits/metrics?group_by=activity,group,type",absolute-url
https://ilearn.thu.edu.tw/video-editor',ilearn.thu.edu.tw,raw/ilearn.thu.edu.tw/user-visits/metrics__q_9e12186284.html,"https://ilearn.thu.edu.tw/user-visits/metrics?group_by=activity,group,type",absolute-url
https://get.adobe.com/flashplayer/,get.adobe.com,raw/ilearn.thu.edu.tw/user-visits/metrics__q_9e12186284.html,"https://ilearn.thu.edu.tw/user-visits/metrics?group_by=activity,group,type",absolute-url
https://ilearn.thu.edu.tw/,ilearn.thu.edu.tw,raw/ilearn.thu.edu.tw/user-visits/metrics__q_13072ad053.html,"https://ilearn.thu.edu.tw/user-visits/metrics?group_by=activity,group,type&time_restrict=day",absolute-url
https://www.googletagmanager.com/gtag/js,www.googletagmanager.com,raw/ilearn.thu.edu.tw/user-visits/metrics__q_13072ad053.html,"https://ilearn.thu.edu.tw/user-visits/metrics?group_by=activity,group,type&time_restrict=day",absolute-url
https://github.com/OWASP/CheatSheetSeries/blob/master/cheatsheets/Clickjacking_Defense_Cheat_Sheet.md#best-for-now-legacy-browser-frame-breaking-script--,github.com,raw/ilearn.thu.edu.tw/user-visits/metrics__q_13072ad053.html,"https://ilearn.thu.edu.tw/user-visits/metrics?group_by=activity,group,type&time_restrict=day",absolute-url
https://bam.nr-data.net,bam.nr-data.net,raw/ilearn.thu.edu.tw/user-visits/metrics__q_13072ad053.html,"https://ilearn.thu.edu.tw/user-visits/metrics?group_by=activity,group,type&time_restrict=day",absolute-url
https://www.google-analytics.com,www.google-analytics.com,raw/ilearn.thu.edu.tw/user-visits/metrics__q_13072ad053.html,"https://ilearn.thu.edu.tw/user-visits/metrics?group_by=activity,group,type&time_restrict=day",absolute-url
"https://tronclass.com.tw/public-manual/TronclassManual_System_Admin.pdf',",tronclass.com.tw,raw/ilearn.thu.edu.tw/user-visits/metrics__q_13072ad053.html,"https://ilearn.thu.edu.tw/user-visits/metrics?group_by=activity,group,type&time_restrict=day",absolute-url
"https://tronclass.com.tw/public-manual/TronclassManual_Administrator.pdf',",tronclass.com.tw,raw/ilearn.thu.edu.tw/user-visits/metrics__q_13072ad053.html,"https://ilearn.thu.edu.tw/user-visits/metrics?group_by=activity,group,type&time_restrict=day",absolute-url
"https://tronclass.com.tw/public-manual/manual-teacher.html',",tronclass.com.tw,raw/ilearn.thu.edu.tw/user-visits/metrics__q_13072ad053.html,"https://ilearn.thu.edu.tw/user-visits/metrics?group_by=activity,group,type&time_restrict=day",absolute-url
"https://tronclass.com.tw/public-manual/TronclassManual_Student.pdf',",tronclass.com.tw,raw/ilearn.thu.edu.tw/user-visits/metrics__q_13072ad053.html,"https://ilearn.thu.edu.tw/user-visits/metrics?group_by=activity,group,type&time_restrict=day",absolute-url
"https://tronclass.com.tw/public-manual/TronclassManual_App.pdf',",tronclass.com.tw,raw/ilearn.thu.edu.tw/user-visits/metrics__q_13072ad053.html,"https://ilearn.thu.edu.tw/user-visits/metrics?group_by=activity,group,type&time_restrict=day",absolute-url
https://support.tronclass.com',support.tronclass.com',raw/ilearn.thu.edu.tw/user-visits/metrics__q_13072ad053.html,"https://ilearn.thu.edu.tw/user-visits/metrics?group_by=activity,group,type&time_restrict=day",absolute-url
https://ilearn.thu.edu.tw/market,ilearn.thu.edu.tw,raw/ilearn.thu.edu.tw/user-visits/metrics__q_13072ad053.html,"https://ilearn.thu.edu.tw/user-visits/metrics?group_by=activity,group,type&time_restrict=day",absolute-url
"https://ilearn.thu.edu.tw/chatbot/chatbot.umd.js',",ilearn.thu.edu.tw,raw/ilearn.thu.edu.tw/user-visits/metrics__q_13072ad053.html,"https://ilearn.thu.edu.tw/user-visits/metrics?group_by=activity,group,type&time_restrict=day",absolute-url
https://www.youtube.com/iframe_api,www.youtube.com,raw/ilearn.thu.edu.tw/user-visits/metrics__q_13072ad053.html,"https://ilearn.thu.edu.tw/user-visits/metrics?group_by=activity,group,type&time_restrict=day",absolute-url
https://ilearn.thu.edu.tw/video-editor',ilearn.thu.edu.tw,raw/ilearn.thu.edu.tw/user-visits/metrics__q_13072ad053.html,"https://ilearn.thu.edu.tw/user-visits/metrics?group_by=activity,group,type&time_restrict=day",absolute-url
https://get.adobe.com/flashplayer/,get.adobe.com,raw/ilearn.thu.edu.tw/user-visits/metrics__q_13072ad053.html,"https://ilearn.thu.edu.tw/user-visits/metrics?group_by=activity,group,type&time_restrict=day",absolute-url
https://ilearn.thu.edu.tw/,ilearn.thu.edu.tw,raw/ilearn.thu.edu.tw/user-visits/metrics__q_dbbfe96229.html,https://ilearn.thu.edu.tw/user-visits/metrics?group_by=user,absolute-url
https://www.googletagmanager.com/gtag/js,www.googletagmanager.com,raw/ilearn.thu.edu.tw/user-visits/metrics__q_dbbfe96229.html,https://ilearn.thu.edu.tw/user-visits/metrics?group_by=user,absolute-url
https://github.com/OWASP/CheatSheetSeries/blob/master/cheatsheets/Clickjacking_Defense_Cheat_Sheet.md#best-for-now-legacy-browser-frame-breaking-script--,github.com,raw/ilearn.thu.edu.tw/user-visits/metrics__q_dbbfe96229.html,https://ilearn.thu.edu.tw/user-visits/metrics?group_by=user,absolute-url
https://bam.nr-data.net,bam.nr-data.net,raw/ilearn.thu.edu.tw/user-visits/metrics__q_dbbfe96229.html,https://ilearn.thu.edu.tw/user-visits/metrics?group_by=user,absolute-url
https://www.google-analytics.com,www.google-analytics.com,raw/ilearn.thu.edu.tw/user-visits/metrics__q_dbbfe96229.html,https://ilearn.thu.edu.tw/user-visits/metrics?group_by=user,absolute-url
"https://tronclass.com.tw/public-manual/TronclassManual_System_Admin.pdf',",tronclass.com.tw,raw/ilearn.thu.edu.tw/user-visits/metrics__q_dbbfe96229.html,https://ilearn.thu.edu.tw/user-visits/metrics?group_by=user,absolute-url
"https://tronclass.com.tw/public-manual/TronclassManual_Administrator.pdf',",tronclass.com.tw,raw/ilearn.thu.edu.tw/user-visits/metrics__q_dbbfe96229.html,https://ilearn.thu.edu.tw/user-visits/metrics?group_by=user,absolute-url
"https://tronclass.com.tw/public-manual/manual-teacher.html',",tronclass.com.tw,raw/ilearn.thu.edu.tw/user-visits/metrics__q_dbbfe96229.html,https://ilearn.thu.edu.tw/user-visits/metrics?group_by=user,absolute-url
"https://tronclass.com.tw/public-manual/TronclassManual_Student.pdf',",tronclass.com.tw,raw/ilearn.thu.edu.tw/user-visits/metrics__q_dbbfe96229.html,https://ilearn.thu.edu.tw/user-visits/metrics?group_by=user,absolute-url
"https://tronclass.com.tw/public-manual/TronclassManual_App.pdf',",tronclass.com.tw,raw/ilearn.thu.edu.tw/user-visits/metrics__q_dbbfe96229.html,https://ilearn.thu.edu.tw/user-visits/metrics?group_by=user,absolute-url
https://support.tronclass.com',support.tronclass.com',raw/ilearn.thu.edu.tw/user-visits/metrics__q_dbbfe96229.html,https://ilearn.thu.edu.tw/user-visits/metrics?group_by=user,absolute-url
https://ilearn.thu.edu.tw/market,ilearn.thu.edu.tw,raw/ilearn.thu.edu.tw/user-visits/metrics__q_dbbfe96229.html,https://ilearn.thu.edu.tw/user-visits/metrics?group_by=user,absolute-url
"https://ilearn.thu.edu.tw/chatbot/chatbot.umd.js',",ilearn.thu.edu.tw,raw/ilearn.thu.edu.tw/user-visits/metrics__q_dbbfe96229.html,https://ilearn.thu.edu.tw/user-visits/metrics?group_by=user,absolute-url
https://www.youtube.com/iframe_api,www.youtube.com,raw/ilearn.thu.edu.tw/user-visits/metrics__q_dbbfe96229.html,https://ilearn.thu.edu.tw/user-visits/metrics?group_by=user,absolute-url
https://ilearn.thu.edu.tw/video-editor',ilearn.thu.edu.tw,raw/ilearn.thu.edu.tw/user-visits/metrics__q_dbbfe96229.html,https://ilearn.thu.edu.tw/user-visits/metrics?group_by=user,absolute-url
https://get.adobe.com/flashplayer/,get.adobe.com,raw/ilearn.thu.edu.tw/user-visits/metrics__q_dbbfe96229.html,https://ilearn.thu.edu.tw/user-visits/metrics?group_by=user,absolute-url
https://ilearn.thu.edu.tw/,ilearn.thu.edu.tw,raw/ilearn.thu.edu.tw/user-visits/metrics__q_eee5cd0104.html,https://ilearn.thu.edu.tw/user-visits/metrics?group_by=user&jwt=,absolute-url
https://www.googletagmanager.com/gtag/js,www.googletagmanager.com,raw/ilearn.thu.edu.tw/user-visits/metrics__q_eee5cd0104.html,https://ilearn.thu.edu.tw/user-visits/metrics?group_by=user&jwt=,absolute-url
https://github.com/OWASP/CheatSheetSeries/blob/master/cheatsheets/Clickjacking_Defense_Cheat_Sheet.md#best-for-now-legacy-browser-frame-breaking-script--,github.com,raw/ilearn.thu.edu.tw/user-visits/metrics__q_eee5cd0104.html,https://ilearn.thu.edu.tw/user-visits/metrics?group_by=user&jwt=,absolute-url
https://bam.nr-data.net,bam.nr-data.net,raw/ilearn.thu.edu.tw/user-visits/metrics__q_eee5cd0104.html,https://ilearn.thu.edu.tw/user-visits/metrics?group_by=user&jwt=,absolute-url
https://www.google-analytics.com,www.google-analytics.com,raw/ilearn.thu.edu.tw/user-visits/metrics__q_eee5cd0104.html,https://ilearn.thu.edu.tw/user-visits/metrics?group_by=user&jwt=,absolute-url
"https://tronclass.com.tw/public-manual/TronclassManual_System_Admin.pdf',",tronclass.com.tw,raw/ilearn.thu.edu.tw/user-visits/metrics__q_eee5cd0104.html,https://ilearn.thu.edu.tw/user-visits/metrics?group_by=user&jwt=,absolute-url
"https://tronclass.com.tw/public-manual/TronclassManual_Administrator.pdf',",tronclass.com.tw,raw/ilearn.thu.edu.tw/user-visits/metrics__q_eee5cd0104.html,https://ilearn.thu.edu.tw/user-visits/metrics?group_by=user&jwt=,absolute-url
"https://tronclass.com.tw/public-manual/manual-teacher.html',",tronclass.com.tw,raw/ilearn.thu.edu.tw/user-visits/metrics__q_eee5cd0104.html,https://ilearn.thu.edu.tw/user-visits/metrics?group_by=user&jwt=,absolute-url
"https://tronclass.com.tw/public-manual/TronclassManual_Student.pdf',",tronclass.com.tw,raw/ilearn.thu.edu.tw/user-visits/metrics__q_eee5cd0104.html,https://ilearn.thu.edu.tw/user-visits/metrics?group_by=user&jwt=,absolute-url
"https://tronclass.com.tw/public-manual/TronclassManual_App.pdf',",tronclass.com.tw,raw/ilearn.thu.edu.tw/user-visits/metrics__q_eee5cd0104.html,https://ilearn.thu.edu.tw/user-visits/metrics?group_by=user&jwt=,absolute-url
https://support.tronclass.com',support.tronclass.com',raw/ilearn.thu.edu.tw/user-visits/metrics__q_eee5cd0104.html,https://ilearn.thu.edu.tw/user-visits/metrics?group_by=user&jwt=,absolute-url
https://ilearn.thu.edu.tw/market,ilearn.thu.edu.tw,raw/ilearn.thu.edu.tw/user-visits/metrics__q_eee5cd0104.html,https://ilearn.thu.edu.tw/user-visits/metrics?group_by=user&jwt=,absolute-url
"https://ilearn.thu.edu.tw/chatbot/chatbot.umd.js',",ilearn.thu.edu.tw,raw/ilearn.thu.edu.tw/user-visits/metrics__q_eee5cd0104.html,https://ilearn.thu.edu.tw/user-visits/metrics?group_by=user&jwt=,absolute-url
https://www.youtube.com/iframe_api,www.youtube.com,raw/ilearn.thu.edu.tw/user-visits/metrics__q_eee5cd0104.html,https://ilearn.thu.edu.tw/user-visits/metrics?group_by=user&jwt=,absolute-url
https://ilearn.thu.edu.tw/video-editor',ilearn.thu.edu.tw,raw/ilearn.thu.edu.tw/user-visits/metrics__q_eee5cd0104.html,https://ilearn.thu.edu.tw/user-visits/metrics?group_by=user&jwt=,absolute-url
https://get.adobe.com/flashplayer/,get.adobe.com,raw/ilearn.thu.edu.tw/user-visits/metrics__q_eee5cd0104.html,https://ilearn.thu.edu.tw/user-visits/metrics?group_by=user&jwt=,absolute-url
https://ilearn.thu.edu.tw/,ilearn.thu.edu.tw,raw/ilearn.thu.edu.tw/user-visits/metrics__q_a263c00919.html,https://ilearn.thu.edu.tw/user-visits/metrics?jwt=,absolute-url
https://www.googletagmanager.com/gtag/js,www.googletagmanager.com,raw/ilearn.thu.edu.tw/user-visits/metrics__q_a263c00919.html,https://ilearn.thu.edu.tw/user-visits/metrics?jwt=,absolute-url
https://github.com/OWASP/CheatSheetSeries/blob/master/cheatsheets/Clickjacking_Defense_Cheat_Sheet.md#best-for-now-legacy-browser-frame-breaking-script--,github.com,raw/ilearn.thu.edu.tw/user-visits/metrics__q_a263c00919.html,https://ilearn.thu.edu.tw/user-visits/metrics?jwt=,absolute-url
https://bam.nr-data.net,bam.nr-data.net,raw/ilearn.thu.edu.tw/user-visits/metrics__q_a263c00919.html,https://ilearn.thu.edu.tw/user-visits/metrics?jwt=,absolute-url
https://www.google-analytics.com,www.google-analytics.com,raw/ilearn.thu.edu.tw/user-visits/metrics__q_a263c00919.html,https://ilearn.thu.edu.tw/user-visits/metrics?jwt=,absolute-url
"https://tronclass.com.tw/public-manual/TronclassManual_System_Admin.pdf',",tronclass.com.tw,raw/ilearn.thu.edu.tw/user-visits/metrics__q_a263c00919.html,https://ilearn.thu.edu.tw/user-visits/metrics?jwt=,absolute-url
"https://tronclass.com.tw/public-manual/TronclassManual_Administrator.pdf',",tronclass.com.tw,raw/ilearn.thu.edu.tw/user-visits/metrics__q_a263c00919.html,https://ilearn.thu.edu.tw/user-visits/metrics?jwt=,absolute-url
"https://tronclass.com.tw/public-manual/manual-teacher.html',",tronclass.com.tw,raw/ilearn.thu.edu.tw/user-visits/metrics__q_a263c00919.html,https://ilearn.thu.edu.tw/user-visits/metrics?jwt=,absolute-url
"https://tronclass.com.tw/public-manual/TronclassManual_Student.pdf',",tronclass.com.tw,raw/ilearn.thu.edu.tw/user-visits/metrics__q_a263c00919.html,https://ilearn.thu.edu.tw/user-visits/metrics?jwt=,absolute-url
"https://tronclass.com.tw/public-manual/TronclassManual_App.pdf',",tronclass.com.tw,raw/ilearn.thu.edu.tw/user-visits/metrics__q_a263c00919.html,https://ilearn.thu.edu.tw/user-visits/metrics?jwt=,absolute-url
https://support.tronclass.com',support.tronclass.com',raw/ilearn.thu.edu.tw/user-visits/metrics__q_a263c00919.html,https://ilearn.thu.edu.tw/user-visits/metrics?jwt=,absolute-url
https://ilearn.thu.edu.tw/market,ilearn.thu.edu.tw,raw/ilearn.thu.edu.tw/user-visits/metrics__q_a263c00919.html,https://ilearn.thu.edu.tw/user-visits/metrics?jwt=,absolute-url
"https://ilearn.thu.edu.tw/chatbot/chatbot.umd.js',",ilearn.thu.edu.tw,raw/ilearn.thu.edu.tw/user-visits/metrics__q_a263c00919.html,https://ilearn.thu.edu.tw/user-visits/metrics?jwt=,absolute-url
https://www.youtube.com/iframe_api,www.youtube.com,raw/ilearn.thu.edu.tw/user-visits/metrics__q_a263c00919.html,https://ilearn.thu.edu.tw/user-visits/metrics?jwt=,absolute-url
https://ilearn.thu.edu.tw/video-editor',ilearn.thu.edu.tw,raw/ilearn.thu.edu.tw/user-visits/metrics__q_a263c00919.html,https://ilearn.thu.edu.tw/user-visits/metrics?jwt=,absolute-url
https://get.adobe.com/flashplayer/,get.adobe.com,raw/ilearn.thu.edu.tw/user-visits/metrics__q_a263c00919.html,https://ilearn.thu.edu.tw/user-visits/metrics?jwt=,absolute-url
https://ilearn.thu.edu.tw/,ilearn.thu.edu.tw,raw/ilearn.thu.edu.tw/user-visits/metrics__q_b44e51afa1.html,https://ilearn.thu.edu.tw/user-visits/metrics?time_restrict=,absolute-url
https://www.googletagmanager.com/gtag/js,www.googletagmanager.com,raw/ilearn.thu.edu.tw/user-visits/metrics__q_b44e51afa1.html,https://ilearn.thu.edu.tw/user-visits/metrics?time_restrict=,absolute-url
https://github.com/OWASP/CheatSheetSeries/blob/master/cheatsheets/Clickjacking_Defense_Cheat_Sheet.md#best-for-now-legacy-browser-frame-breaking-script--,github.com,raw/ilearn.thu.edu.tw/user-visits/metrics__q_b44e51afa1.html,https://ilearn.thu.edu.tw/user-visits/metrics?time_restrict=,absolute-url
https://bam.nr-data.net,bam.nr-data.net,raw/ilearn.thu.edu.tw/user-visits/metrics__q_b44e51afa1.html,https://ilearn.thu.edu.tw/user-visits/metrics?time_restrict=,absolute-url
https://www.google-analytics.com,www.google-analytics.com,raw/ilearn.thu.edu.tw/user-visits/metrics__q_b44e51afa1.html,https://ilearn.thu.edu.tw/user-visits/metrics?time_restrict=,absolute-url
"https://tronclass.com.tw/public-manual/TronclassManual_System_Admin.pdf',",tronclass.com.tw,raw/ilearn.thu.edu.tw/user-visits/metrics__q_b44e51afa1.html,https://ilearn.thu.edu.tw/user-visits/metrics?time_restrict=,absolute-url
"https://tronclass.com.tw/public-manual/TronclassManual_Administrator.pdf',",tronclass.com.tw,raw/ilearn.thu.edu.tw/user-visits/metrics__q_b44e51afa1.html,https://ilearn.thu.edu.tw/user-visits/metrics?time_restrict=,absolute-url
"https://tronclass.com.tw/public-manual/manual-teacher.html',",tronclass.com.tw,raw/ilearn.thu.edu.tw/user-visits/metrics__q_b44e51afa1.html,https://ilearn.thu.edu.tw/user-visits/metrics?time_restrict=,absolute-url
"https://tronclass.com.tw/public-manual/TronclassManual_Student.pdf',",tronclass.com.tw,raw/ilearn.thu.edu.tw/user-visits/metrics__q_b44e51afa1.html,https://ilearn.thu.edu.tw/user-visits/metrics?time_restrict=,absolute-url
"https://tronclass.com.tw/public-manual/TronclassManual_App.pdf',",tronclass.com.tw,raw/ilearn.thu.edu.tw/user-visits/metrics__q_b44e51afa1.html,https://ilearn.thu.edu.tw/user-visits/metrics?time_restrict=,absolute-url
https://support.tronclass.com',support.tronclass.com',raw/ilearn.thu.edu.tw/user-visits/metrics__q_b44e51afa1.html,https://ilearn.thu.edu.tw/user-visits/metrics?time_restrict=,absolute-url
https://ilearn.thu.edu.tw/market,ilearn.thu.edu.tw,raw/ilearn.thu.edu.tw/user-visits/metrics__q_b44e51afa1.html,https://ilearn.thu.edu.tw/user-visits/metrics?time_restrict=,absolute-url
"https://ilearn.thu.edu.tw/chatbot/chatbot.umd.js',",ilearn.thu.edu.tw,raw/ilearn.thu.edu.tw/user-visits/metrics__q_b44e51afa1.html,https://ilearn.thu.edu.tw/user-visits/metrics?time_restrict=,absolute-url
https://www.youtube.com/iframe_api,www.youtube.com,raw/ilearn.thu.edu.tw/user-visits/metrics__q_b44e51afa1.html,https://ilearn.thu.edu.tw/user-visits/metrics?time_restrict=,absolute-url
https://ilearn.thu.edu.tw/video-editor',ilearn.thu.edu.tw,raw/ilearn.thu.edu.tw/user-visits/metrics__q_b44e51afa1.html,https://ilearn.thu.edu.tw/user-visits/metrics?time_restrict=,absolute-url
https://get.adobe.com/flashplayer/,get.adobe.com,raw/ilearn.thu.edu.tw/user-visits/metrics__q_b44e51afa1.html,https://ilearn.thu.edu.tw/user-visits/metrics?time_restrict=,absolute-url
https://ilearn.thu.edu.tw/,ilearn.thu.edu.tw,raw/ilearn.thu.edu.tw/user-visits/metrics__q_8c9e265bc2.html,https://ilearn.thu.edu.tw/user-visits/metrics?time_restrict=date-range&start_date=,absolute-url
https://www.googletagmanager.com/gtag/js,www.googletagmanager.com,raw/ilearn.thu.edu.tw/user-visits/metrics__q_8c9e265bc2.html,https://ilearn.thu.edu.tw/user-visits/metrics?time_restrict=date-range&start_date=,absolute-url
https://github.com/OWASP/CheatSheetSeries/blob/master/cheatsheets/Clickjacking_Defense_Cheat_Sheet.md#best-for-now-legacy-browser-frame-breaking-script--,github.com,raw/ilearn.thu.edu.tw/user-visits/metrics__q_8c9e265bc2.html,https://ilearn.thu.edu.tw/user-visits/metrics?time_restrict=date-range&start_date=,absolute-url
https://bam.nr-data.net,bam.nr-data.net,raw/ilearn.thu.edu.tw/user-visits/metrics__q_8c9e265bc2.html,https://ilearn.thu.edu.tw/user-visits/metrics?time_restrict=date-range&start_date=,absolute-url
https://www.google-analytics.com,www.google-analytics.com,raw/ilearn.thu.edu.tw/user-visits/metrics__q_8c9e265bc2.html,https://ilearn.thu.edu.tw/user-visits/metrics?time_restrict=date-range&start_date=,absolute-url
"https://tronclass.com.tw/public-manual/TronclassManual_System_Admin.pdf',",tronclass.com.tw,raw/ilearn.thu.edu.tw/user-visits/metrics__q_8c9e265bc2.html,https://ilearn.thu.edu.tw/user-visits/metrics?time_restrict=date-range&start_date=,absolute-url
"https://tronclass.com.tw/public-manual/TronclassManual_Administrator.pdf',",tronclass.com.tw,raw/ilearn.thu.edu.tw/user-visits/metrics__q_8c9e265bc2.html,https://ilearn.thu.edu.tw/user-visits/metrics?time_restrict=date-range&start_date=,absolute-url
"https://tronclass.com.tw/public-manual/manual-teacher.html',",tronclass.com.tw,raw/ilearn.thu.edu.tw/user-visits/metrics__q_8c9e265bc2.html,https://ilearn.thu.edu.tw/user-visits/metrics?time_restrict=date-range&start_date=,absolute-url
"https://tronclass.com.tw/public-manual/TronclassManual_Student.pdf',",tronclass.com.tw,raw/ilearn.thu.edu.tw/user-visits/metrics__q_8c9e265bc2.html,https://ilearn.thu.edu.tw/user-visits/metrics?time_restrict=date-range&start_date=,absolute-url
"https://tronclass.com.tw/public-manual/TronclassManual_App.pdf',",tronclass.com.tw,raw/ilearn.thu.edu.tw/user-visits/metrics__q_8c9e265bc2.html,https://ilearn.thu.edu.tw/user-visits/metrics?time_restrict=date-range&start_date=,absolute-url
https://support.tronclass.com',support.tronclass.com',raw/ilearn.thu.edu.tw/user-visits/metrics__q_8c9e265bc2.html,https://ilearn.thu.edu.tw/user-visits/metrics?time_restrict=date-range&start_date=,absolute-url
https://ilearn.thu.edu.tw/market,ilearn.thu.edu.tw,raw/ilearn.thu.edu.tw/user-visits/metrics__q_8c9e265bc2.html,https://ilearn.thu.edu.tw/user-visits/metrics?time_restrict=date-range&start_date=,absolute-url
"https://ilearn.thu.edu.tw/chatbot/chatbot.umd.js',",ilearn.thu.edu.tw,raw/ilearn.thu.edu.tw/user-visits/metrics__q_8c9e265bc2.html,https://ilearn.thu.edu.tw/user-visits/metrics?time_restrict=date-range&start_date=,absolute-url
https://www.youtube.com/iframe_api,www.youtube.com,raw/ilearn.thu.edu.tw/user-visits/metrics__q_8c9e265bc2.html,https://ilearn.thu.edu.tw/user-visits/metrics?time_restrict=date-range&start_date=,absolute-url
https://ilearn.thu.edu.tw/video-editor',ilearn.thu.edu.tw,raw/ilearn.thu.edu.tw/user-visits/metrics__q_8c9e265bc2.html,https://ilearn.thu.edu.tw/user-visits/metrics?time_restrict=date-range&start_date=,absolute-url
https://get.adobe.com/flashplayer/,get.adobe.com,raw/ilearn.thu.edu.tw/user-visits/metrics__q_8c9e265bc2.html,https://ilearn.thu.edu.tw/user-visits/metrics?time_restrict=date-range&start_date=,absolute-url
https://ilearn.thu.edu.tw/,ilearn.thu.edu.tw,raw/ilearn.thu.edu.tw/user-visits/metrics__q_e893a4a9db.html,https://ilearn.thu.edu.tw/user-visits/metrics?time_restrict=day,absolute-url
https://www.googletagmanager.com/gtag/js,www.googletagmanager.com,raw/ilearn.thu.edu.tw/user-visits/metrics__q_e893a4a9db.html,https://ilearn.thu.edu.tw/user-visits/metrics?time_restrict=day,absolute-url
https://github.com/OWASP/CheatSheetSeries/blob/master/cheatsheets/Clickjacking_Defense_Cheat_Sheet.md#best-for-now-legacy-browser-frame-breaking-script--,github.com,raw/ilearn.thu.edu.tw/user-visits/metrics__q_e893a4a9db.html,https://ilearn.thu.edu.tw/user-visits/metrics?time_restrict=day,absolute-url
https://bam.nr-data.net,bam.nr-data.net,raw/ilearn.thu.edu.tw/user-visits/metrics__q_e893a4a9db.html,https://ilearn.thu.edu.tw/user-visits/metrics?time_restrict=day,absolute-url
https://www.google-analytics.com,www.google-analytics.com,raw/ilearn.thu.edu.tw/user-visits/metrics__q_e893a4a9db.html,https://ilearn.thu.edu.tw/user-visits/metrics?time_restrict=day,absolute-url
"https://tronclass.com.tw/public-manual/TronclassManual_System_Admin.pdf',",tronclass.com.tw,raw/ilearn.thu.edu.tw/user-visits/metrics__q_e893a4a9db.html,https://ilearn.thu.edu.tw/user-visits/metrics?time_restrict=day,absolute-url
"https://tronclass.com.tw/public-manual/TronclassManual_Administrator.pdf',",tronclass.com.tw,raw/ilearn.thu.edu.tw/user-visits/metrics__q_e893a4a9db.html,https://ilearn.thu.edu.tw/user-visits/metrics?time_restrict=day,absolute-url
"https://tronclass.com.tw/public-manual/manual-teacher.html',",tronclass.com.tw,raw/ilearn.thu.edu.tw/user-visits/metrics__q_e893a4a9db.html,https://ilearn.thu.edu.tw/user-visits/metrics?time_restrict=day,absolute-url
"https://tronclass.com.tw/public-manual/TronclassManual_Student.pdf',",tronclass.com.tw,raw/ilearn.thu.edu.tw/user-visits/metrics__q_e893a4a9db.html,https://ilearn.thu.edu.tw/user-visits/metrics?time_restrict=day,absolute-url
"https://tronclass.com.tw/public-manual/TronclassManual_App.pdf',",tronclass.com.tw,raw/ilearn.thu.edu.tw/user-visits/metrics__q_e893a4a9db.html,https://ilearn.thu.edu.tw/user-visits/metrics?time_restrict=day,absolute-url
https://support.tronclass.com',support.tronclass.com',raw/ilearn.thu.edu.tw/user-visits/metrics__q_e893a4a9db.html,https://ilearn.thu.edu.tw/user-visits/metrics?time_restrict=day,absolute-url
https://ilearn.thu.edu.tw/market,ilearn.thu.edu.tw,raw/ilearn.thu.edu.tw/user-visits/metrics__q_e893a4a9db.html,https://ilearn.thu.edu.tw/user-visits/metrics?time_restrict=day,absolute-url
"https://ilearn.thu.edu.tw/chatbot/chatbot.umd.js',",ilearn.thu.edu.tw,raw/ilearn.thu.edu.tw/user-visits/metrics__q_e893a4a9db.html,https://ilearn.thu.edu.tw/user-visits/metrics?time_restrict=day,absolute-url
https://www.youtube.com/iframe_api,www.youtube.com,raw/ilearn.thu.edu.tw/user-visits/metrics__q_e893a4a9db.html,https://ilearn.thu.edu.tw/user-visits/metrics?time_restrict=day,absolute-url
https://ilearn.thu.edu.tw/video-editor',ilearn.thu.edu.tw,raw/ilearn.thu.edu.tw/user-visits/metrics__q_e893a4a9db.html,https://ilearn.thu.edu.tw/user-visits/metrics?time_restrict=day,absolute-url
https://get.adobe.com/flashplayer/,get.adobe.com,raw/ilearn.thu.edu.tw/user-visits/metrics__q_e893a4a9db.html,https://ilearn.thu.edu.tw/user-visits/metrics?time_restrict=day,absolute-url
https://ilearn.thu.edu.tw/,ilearn.thu.edu.tw,raw/ilearn.thu.edu.tw/user-visits/metrics__q_def6069d15.html,"https://ilearn.thu.edu.tw/user-visits/metrics?time_restrict=day&group_by=activity,group,type",absolute-url
https://www.googletagmanager.com/gtag/js,www.googletagmanager.com,raw/ilearn.thu.edu.tw/user-visits/metrics__q_def6069d15.html,"https://ilearn.thu.edu.tw/user-visits/metrics?time_restrict=day&group_by=activity,group,type",absolute-url
https://github.com/OWASP/CheatSheetSeries/blob/master/cheatsheets/Clickjacking_Defense_Cheat_Sheet.md#best-for-now-legacy-browser-frame-breaking-script--,github.com,raw/ilearn.thu.edu.tw/user-visits/metrics__q_def6069d15.html,"https://ilearn.thu.edu.tw/user-visits/metrics?time_restrict=day&group_by=activity,group,type",absolute-url
https://bam.nr-data.net,bam.nr-data.net,raw/ilearn.thu.edu.tw/user-visits/metrics__q_def6069d15.html,"https://ilearn.thu.edu.tw/user-visits/metrics?time_restrict=day&group_by=activity,group,type",absolute-url
https://www.google-analytics.com,www.google-analytics.com,raw/ilearn.thu.edu.tw/user-visits/metrics__q_def6069d15.html,"https://ilearn.thu.edu.tw/user-visits/metrics?time_restrict=day&group_by=activity,group,type",absolute-url
"https://tronclass.com.tw/public-manual/TronclassManual_System_Admin.pdf',",tronclass.com.tw,raw/ilearn.thu.edu.tw/user-visits/metrics__q_def6069d15.html,"https://ilearn.thu.edu.tw/user-visits/metrics?time_restrict=day&group_by=activity,group,type",absolute-url
"https://tronclass.com.tw/public-manual/TronclassManual_Administrator.pdf',",tronclass.com.tw,raw/ilearn.thu.edu.tw/user-visits/metrics__q_def6069d15.html,"https://ilearn.thu.edu.tw/user-visits/metrics?time_restrict=day&group_by=activity,group,type",absolute-url
"https://tronclass.com.tw/public-manual/manual-teacher.html',",tronclass.com.tw,raw/ilearn.thu.edu.tw/user-visits/metrics__q_def6069d15.html,"https://ilearn.thu.edu.tw/user-visits/metrics?time_restrict=day&group_by=activity,group,type",absolute-url
"https://tronclass.com.tw/public-manual/TronclassManual_Student.pdf',",tronclass.com.tw,raw/ilearn.thu.edu.tw/user-visits/metrics__q_def6069d15.html,"https://ilearn.thu.edu.tw/user-visits/metrics?time_restrict=day&group_by=activity,group,type",absolute-url
"https://tronclass.com.tw/public-manual/TronclassManual_App.pdf',",tronclass.com.tw,raw/ilearn.thu.edu.tw/user-visits/metrics__q_def6069d15.html,"https://ilearn.thu.edu.tw/user-visits/metrics?time_restrict=day&group_by=activity,group,type",absolute-url
https://support.tronclass.com',support.tronclass.com',raw/ilearn.thu.edu.tw/user-visits/metrics__q_def6069d15.html,"https://ilearn.thu.edu.tw/user-visits/metrics?time_restrict=day&group_by=activity,group,type",absolute-url
https://ilearn.thu.edu.tw/market,ilearn.thu.edu.tw,raw/ilearn.thu.edu.tw/user-visits/metrics__q_def6069d15.html,"https://ilearn.thu.edu.tw/user-visits/metrics?time_restrict=day&group_by=activity,group,type",absolute-url
"https://ilearn.thu.edu.tw/chatbot/chatbot.umd.js',",ilearn.thu.edu.tw,raw/ilearn.thu.edu.tw/user-visits/metrics__q_def6069d15.html,"https://ilearn.thu.edu.tw/user-visits/metrics?time_restrict=day&group_by=activity,group,type",absolute-url
https://www.youtube.com/iframe_api,www.youtube.com,raw/ilearn.thu.edu.tw/user-visits/metrics__q_def6069d15.html,"https://ilearn.thu.edu.tw/user-visits/metrics?time_restrict=day&group_by=activity,group,type",absolute-url
https://ilearn.thu.edu.tw/video-editor',ilearn.thu.edu.tw,raw/ilearn.thu.edu.tw/user-visits/metrics__q_def6069d15.html,"https://ilearn.thu.edu.tw/user-visits/metrics?time_restrict=day&group_by=activity,group,type",absolute-url
https://get.adobe.com/flashplayer/,get.adobe.com,raw/ilearn.thu.edu.tw/user-visits/metrics__q_def6069d15.html,"https://ilearn.thu.edu.tw/user-visits/metrics?time_restrict=day&group_by=activity,group,type",absolute-url
https://ilearn.thu.edu.tw/,ilearn.thu.edu.tw,raw/ilearn.thu.edu.tw/user-visits/metrics__q_a0ca406ed7.html,https://ilearn.thu.edu.tw/user-visits/metrics?time_restrict=hour,absolute-url
https://www.googletagmanager.com/gtag/js,www.googletagmanager.com,raw/ilearn.thu.edu.tw/user-visits/metrics__q_a0ca406ed7.html,https://ilearn.thu.edu.tw/user-visits/metrics?time_restrict=hour,absolute-url
https://github.com/OWASP/CheatSheetSeries/blob/master/cheatsheets/Clickjacking_Defense_Cheat_Sheet.md#best-for-now-legacy-browser-frame-breaking-script--,github.com,raw/ilearn.thu.edu.tw/user-visits/metrics__q_a0ca406ed7.html,https://ilearn.thu.edu.tw/user-visits/metrics?time_restrict=hour,absolute-url
https://bam.nr-data.net,bam.nr-data.net,raw/ilearn.thu.edu.tw/user-visits/metrics__q_a0ca406ed7.html,https://ilearn.thu.edu.tw/user-visits/metrics?time_restrict=hour,absolute-url
https://www.google-analytics.com,www.google-analytics.com,raw/ilearn.thu.edu.tw/user-visits/metrics__q_a0ca406ed7.html,https://ilearn.thu.edu.tw/user-visits/metrics?time_restrict=hour,absolute-url
"https://tronclass.com.tw/public-manual/TronclassManual_System_Admin.pdf',",tronclass.com.tw,raw/ilearn.thu.edu.tw/user-visits/metrics__q_a0ca406ed7.html,https://ilearn.thu.edu.tw/user-visits/metrics?time_restrict=hour,absolute-url
"https://tronclass.com.tw/public-manual/TronclassManual_Administrator.pdf',",tronclass.com.tw,raw/ilearn.thu.edu.tw/user-visits/metrics__q_a0ca406ed7.html,https://ilearn.thu.edu.tw/user-visits/metrics?time_restrict=hour,absolute-url
"https://tronclass.com.tw/public-manual/manual-teacher.html',",tronclass.com.tw,raw/ilearn.thu.edu.tw/user-visits/metrics__q_a0ca406ed7.html,https://ilearn.thu.edu.tw/user-visits/metrics?time_restrict=hour,absolute-url
"https://tronclass.com.tw/public-manual/TronclassManual_Student.pdf',",tronclass.com.tw,raw/ilearn.thu.edu.tw/user-visits/metrics__q_a0ca406ed7.html,https://ilearn.thu.edu.tw/user-visits/metrics?time_restrict=hour,absolute-url
"https://tronclass.com.tw/public-manual/TronclassManual_App.pdf',",tronclass.com.tw,raw/ilearn.thu.edu.tw/user-visits/metrics__q_a0ca406ed7.html,https://ilearn.thu.edu.tw/user-visits/metrics?time_restrict=hour,absolute-url
https://support.tronclass.com',support.tronclass.com',raw/ilearn.thu.edu.tw/user-visits/metrics__q_a0ca406ed7.html,https://ilearn.thu.edu.tw/user-visits/metrics?time_restrict=hour,absolute-url
https://ilearn.thu.edu.tw/market,ilearn.thu.edu.tw,raw/ilearn.thu.edu.tw/user-visits/metrics__q_a0ca406ed7.html,https://ilearn.thu.edu.tw/user-visits/metrics?time_restrict=hour,absolute-url
"https://ilearn.thu.edu.tw/chatbot/chatbot.umd.js',",ilearn.thu.edu.tw,raw/ilearn.thu.edu.tw/user-visits/metrics__q_a0ca406ed7.html,https://ilearn.thu.edu.tw/user-visits/metrics?time_restrict=hour,absolute-url
https://www.youtube.com/iframe_api,www.youtube.com,raw/ilearn.thu.edu.tw/user-visits/metrics__q_a0ca406ed7.html,https://ilearn.thu.edu.tw/user-visits/metrics?time_restrict=hour,absolute-url
https://ilearn.thu.edu.tw/video-editor',ilearn.thu.edu.tw,raw/ilearn.thu.edu.tw/user-visits/metrics__q_a0ca406ed7.html,https://ilearn.thu.edu.tw/user-visits/metrics?time_restrict=hour,absolute-url
https://get.adobe.com/flashplayer/,get.adobe.com,raw/ilearn.thu.edu.tw/user-visits/metrics__q_a0ca406ed7.html,https://ilearn.thu.edu.tw/user-visits/metrics?time_restrict=hour,absolute-url
https://ilearn.thu.edu.tw/,ilearn.thu.edu.tw,raw/ilearn.thu.edu.tw/user-visits/metrics__q_0c80a45bbd.html,"https://ilearn.thu.edu.tw/user-visits/metrics?time_restrict=hour&group_by=activity,group,type",absolute-url
https://www.googletagmanager.com/gtag/js,www.googletagmanager.com,raw/ilearn.thu.edu.tw/user-visits/metrics__q_0c80a45bbd.html,"https://ilearn.thu.edu.tw/user-visits/metrics?time_restrict=hour&group_by=activity,group,type",absolute-url
https://github.com/OWASP/CheatSheetSeries/blob/master/cheatsheets/Clickjacking_Defense_Cheat_Sheet.md#best-for-now-legacy-browser-frame-breaking-script--,github.com,raw/ilearn.thu.edu.tw/user-visits/metrics__q_0c80a45bbd.html,"https://ilearn.thu.edu.tw/user-visits/metrics?time_restrict=hour&group_by=activity,group,type",absolute-url
https://bam.nr-data.net,bam.nr-data.net,raw/ilearn.thu.edu.tw/user-visits/metrics__q_0c80a45bbd.html,"https://ilearn.thu.edu.tw/user-visits/metrics?time_restrict=hour&group_by=activity,group,type",absolute-url
https://www.google-analytics.com,www.google-analytics.com,raw/ilearn.thu.edu.tw/user-visits/metrics__q_0c80a45bbd.html,"https://ilearn.thu.edu.tw/user-visits/metrics?time_restrict=hour&group_by=activity,group,type",absolute-url
"https://tronclass.com.tw/public-manual/TronclassManual_System_Admin.pdf',",tronclass.com.tw,raw/ilearn.thu.edu.tw/user-visits/metrics__q_0c80a45bbd.html,"https://ilearn.thu.edu.tw/user-visits/metrics?time_restrict=hour&group_by=activity,group,type",absolute-url
"https://tronclass.com.tw/public-manual/TronclassManual_Administrator.pdf',",tronclass.com.tw,raw/ilearn.thu.edu.tw/user-visits/metrics__q_0c80a45bbd.html,"https://ilearn.thu.edu.tw/user-visits/metrics?time_restrict=hour&group_by=activity,group,type",absolute-url
"https://tronclass.com.tw/public-manual/manual-teacher.html',",tronclass.com.tw,raw/ilearn.thu.edu.tw/user-visits/metrics__q_0c80a45bbd.html,"https://ilearn.thu.edu.tw/user-visits/metrics?time_restrict=hour&group_by=activity,group,type",absolute-url
"https://tronclass.com.tw/public-manual/TronclassManual_Student.pdf',",tronclass.com.tw,raw/ilearn.thu.edu.tw/user-visits/metrics__q_0c80a45bbd.html,"https://ilearn.thu.edu.tw/user-visits/metrics?time_restrict=hour&group_by=activity,group,type",absolute-url
"https://tronclass.com.tw/public-manual/TronclassManual_App.pdf',",tronclass.com.tw,raw/ilearn.thu.edu.tw/user-visits/metrics__q_0c80a45bbd.html,"https://ilearn.thu.edu.tw/user-visits/metrics?time_restrict=hour&group_by=activity,group,type",absolute-url
https://support.tronclass.com',support.tronclass.com',raw/ilearn.thu.edu.tw/user-visits/metrics__q_0c80a45bbd.html,"https://ilearn.thu.edu.tw/user-visits/metrics?time_restrict=hour&group_by=activity,group,type",absolute-url
https://ilearn.thu.edu.tw/market,ilearn.thu.edu.tw,raw/ilearn.thu.edu.tw/user-visits/metrics__q_0c80a45bbd.html,"https://ilearn.thu.edu.tw/user-visits/metrics?time_restrict=hour&group_by=activity,group,type",absolute-url
"https://ilearn.thu.edu.tw/chatbot/chatbot.umd.js',",ilearn.thu.edu.tw,raw/ilearn.thu.edu.tw/user-visits/metrics__q_0c80a45bbd.html,"https://ilearn.thu.edu.tw/user-visits/metrics?time_restrict=hour&group_by=activity,group,type",absolute-url
https://www.youtube.com/iframe_api,www.youtube.com,raw/ilearn.thu.edu.tw/user-visits/metrics__q_0c80a45bbd.html,"https://ilearn.thu.edu.tw/user-visits/metrics?time_restrict=hour&group_by=activity,group,type",absolute-url
https://ilearn.thu.edu.tw/video-editor',ilearn.thu.edu.tw,raw/ilearn.thu.edu.tw/user-visits/metrics__q_0c80a45bbd.html,"https://ilearn.thu.edu.tw/user-visits/metrics?time_restrict=hour&group_by=activity,group,type",absolute-url
https://get.adobe.com/flashplayer/,get.adobe.com,raw/ilearn.thu.edu.tw/user-visits/metrics__q_0c80a45bbd.html,"https://ilearn.thu.edu.tw/user-visits/metrics?time_restrict=hour&group_by=activity,group,type",absolute-url
https://ilearn.thu.edu.tw/,ilearn.thu.edu.tw,raw/ilearn.thu.edu.tw/user-visits/metrics__q_8576cdb008.html,https://ilearn.thu.edu.tw/user-visits/metrics?time_restrict=month,absolute-url
https://www.googletagmanager.com/gtag/js,www.googletagmanager.com,raw/ilearn.thu.edu.tw/user-visits/metrics__q_8576cdb008.html,https://ilearn.thu.edu.tw/user-visits/metrics?time_restrict=month,absolute-url
https://github.com/OWASP/CheatSheetSeries/blob/master/cheatsheets/Clickjacking_Defense_Cheat_Sheet.md#best-for-now-legacy-browser-frame-breaking-script--,github.com,raw/ilearn.thu.edu.tw/user-visits/metrics__q_8576cdb008.html,https://ilearn.thu.edu.tw/user-visits/metrics?time_restrict=month,absolute-url
https://bam.nr-data.net,bam.nr-data.net,raw/ilearn.thu.edu.tw/user-visits/metrics__q_8576cdb008.html,https://ilearn.thu.edu.tw/user-visits/metrics?time_restrict=month,absolute-url
https://www.google-analytics.com,www.google-analytics.com,raw/ilearn.thu.edu.tw/user-visits/metrics__q_8576cdb008.html,https://ilearn.thu.edu.tw/user-visits/metrics?time_restrict=month,absolute-url
"https://tronclass.com.tw/public-manual/TronclassManual_System_Admin.pdf',",tronclass.com.tw,raw/ilearn.thu.edu.tw/user-visits/metrics__q_8576cdb008.html,https://ilearn.thu.edu.tw/user-visits/metrics?time_restrict=month,absolute-url
"https://tronclass.com.tw/public-manual/TronclassManual_Administrator.pdf',",tronclass.com.tw,raw/ilearn.thu.edu.tw/user-visits/metrics__q_8576cdb008.html,https://ilearn.thu.edu.tw/user-visits/metrics?time_restrict=month,absolute-url
"https://tronclass.com.tw/public-manual/manual-teacher.html',",tronclass.com.tw,raw/ilearn.thu.edu.tw/user-visits/metrics__q_8576cdb008.html,https://ilearn.thu.edu.tw/user-visits/metrics?time_restrict=month,absolute-url
"https://tronclass.com.tw/public-manual/TronclassManual_Student.pdf',",tronclass.com.tw,raw/ilearn.thu.edu.tw/user-visits/metrics__q_8576cdb008.html,https://ilearn.thu.edu.tw/user-visits/metrics?time_restrict=month,absolute-url
"https://tronclass.com.tw/public-manual/TronclassManual_App.pdf',",tronclass.com.tw,raw/ilearn.thu.edu.tw/user-visits/metrics__q_8576cdb008.html,https://ilearn.thu.edu.tw/user-visits/metrics?time_restrict=month,absolute-url
https://support.tronclass.com',support.tronclass.com',raw/ilearn.thu.edu.tw/user-visits/metrics__q_8576cdb008.html,https://ilearn.thu.edu.tw/user-visits/metrics?time_restrict=month,absolute-url
https://ilearn.thu.edu.tw/market,ilearn.thu.edu.tw,raw/ilearn.thu.edu.tw/user-visits/metrics__q_8576cdb008.html,https://ilearn.thu.edu.tw/user-visits/metrics?time_restrict=month,absolute-url
"https://ilearn.thu.edu.tw/chatbot/chatbot.umd.js',",ilearn.thu.edu.tw,raw/ilearn.thu.edu.tw/user-visits/metrics__q_8576cdb008.html,https://ilearn.thu.edu.tw/user-visits/metrics?time_restrict=month,absolute-url
https://www.youtube.com/iframe_api,www.youtube.com,raw/ilearn.thu.edu.tw/user-visits/metrics__q_8576cdb008.html,https://ilearn.thu.edu.tw/user-visits/metrics?time_restrict=month,absolute-url
https://ilearn.thu.edu.tw/video-editor',ilearn.thu.edu.tw,raw/ilearn.thu.edu.tw/user-visits/metrics__q_8576cdb008.html,https://ilearn.thu.edu.tw/user-visits/metrics?time_restrict=month,absolute-url
https://get.adobe.com/flashplayer/,get.adobe.com,raw/ilearn.thu.edu.tw/user-visits/metrics__q_8576cdb008.html,https://ilearn.thu.edu.tw/user-visits/metrics?time_restrict=month,absolute-url
https://ilearn.thu.edu.tw/,ilearn.thu.edu.tw,raw/ilearn.thu.edu.tw/user-visits/metrics__q_a520f79c32.html,"https://ilearn.thu.edu.tw/user-visits/metrics?time_restrict=month&group_by=activity,group,type",absolute-url
https://www.googletagmanager.com/gtag/js,www.googletagmanager.com,raw/ilearn.thu.edu.tw/user-visits/metrics__q_a520f79c32.html,"https://ilearn.thu.edu.tw/user-visits/metrics?time_restrict=month&group_by=activity,group,type",absolute-url
https://github.com/OWASP/CheatSheetSeries/blob/master/cheatsheets/Clickjacking_Defense_Cheat_Sheet.md#best-for-now-legacy-browser-frame-breaking-script--,github.com,raw/ilearn.thu.edu.tw/user-visits/metrics__q_a520f79c32.html,"https://ilearn.thu.edu.tw/user-visits/metrics?time_restrict=month&group_by=activity,group,type",absolute-url
https://bam.nr-data.net,bam.nr-data.net,raw/ilearn.thu.edu.tw/user-visits/metrics__q_a520f79c32.html,"https://ilearn.thu.edu.tw/user-visits/metrics?time_restrict=month&group_by=activity,group,type",absolute-url
https://www.google-analytics.com,www.google-analytics.com,raw/ilearn.thu.edu.tw/user-visits/metrics__q_a520f79c32.html,"https://ilearn.thu.edu.tw/user-visits/metrics?time_restrict=month&group_by=activity,group,type",absolute-url
"https://tronclass.com.tw/public-manual/TronclassManual_System_Admin.pdf',",tronclass.com.tw,raw/ilearn.thu.edu.tw/user-visits/metrics__q_a520f79c32.html,"https://ilearn.thu.edu.tw/user-visits/metrics?time_restrict=month&group_by=activity,group,type",absolute-url
"https://tronclass.com.tw/public-manual/TronclassManual_Administrator.pdf',",tronclass.com.tw,raw/ilearn.thu.edu.tw/user-visits/metrics__q_a520f79c32.html,"https://ilearn.thu.edu.tw/user-visits/metrics?time_restrict=month&group_by=activity,group,type",absolute-url
"https://tronclass.com.tw/public-manual/manual-teacher.html',",tronclass.com.tw,raw/ilearn.thu.edu.tw/user-visits/metrics__q_a520f79c32.html,"https://ilearn.thu.edu.tw/user-visits/metrics?time_restrict=month&group_by=activity,group,type",absolute-url
"https://tronclass.com.tw/public-manual/TronclassManual_Student.pdf',",tronclass.com.tw,raw/ilearn.thu.edu.tw/user-visits/metrics__q_a520f79c32.html,"https://ilearn.thu.edu.tw/user-visits/metrics?time_restrict=month&group_by=activity,group,type",absolute-url
"https://tronclass.com.tw/public-manual/TronclassManual_App.pdf',",tronclass.com.tw,raw/ilearn.thu.edu.tw/user-visits/metrics__q_a520f79c32.html,"https://ilearn.thu.edu.tw/user-visits/metrics?time_restrict=month&group_by=activity,group,type",absolute-url
https://support.tronclass.com',support.tronclass.com',raw/ilearn.thu.edu.tw/user-visits/metrics__q_a520f79c32.html,"https://ilearn.thu.edu.tw/user-visits/metrics?time_restrict=month&group_by=activity,group,type",absolute-url
https://ilearn.thu.edu.tw/market,ilearn.thu.edu.tw,raw/ilearn.thu.edu.tw/user-visits/metrics__q_a520f79c32.html,"https://ilearn.thu.edu.tw/user-visits/metrics?time_restrict=month&group_by=activity,group,type",absolute-url
"https://ilearn.thu.edu.tw/chatbot/chatbot.umd.js',",ilearn.thu.edu.tw,raw/ilearn.thu.edu.tw/user-visits/metrics__q_a520f79c32.html,"https://ilearn.thu.edu.tw/user-visits/metrics?time_restrict=month&group_by=activity,group,type",absolute-url
https://www.youtube.com/iframe_api,www.youtube.com,raw/ilearn.thu.edu.tw/user-visits/metrics__q_a520f79c32.html,"https://ilearn.thu.edu.tw/user-visits/metrics?time_restrict=month&group_by=activity,group,type",absolute-url
https://ilearn.thu.edu.tw/video-editor',ilearn.thu.edu.tw,raw/ilearn.thu.edu.tw/user-visits/metrics__q_a520f79c32.html,"https://ilearn.thu.edu.tw/user-visits/metrics?time_restrict=month&group_by=activity,group,type",absolute-url
https://get.adobe.com/flashplayer/,get.adobe.com,raw/ilearn.thu.edu.tw/user-visits/metrics__q_a520f79c32.html,"https://ilearn.thu.edu.tw/user-visits/metrics?time_restrict=month&group_by=activity,group,type",absolute-url
https://ilearn.thu.edu.tw/,ilearn.thu.edu.tw,raw/ilearn.thu.edu.tw/user-visits/visits__q_3be9190883.html,https://ilearn.thu.edu.tw/user-visits/visits?start=,absolute-url
https://www.googletagmanager.com/gtag/js,www.googletagmanager.com,raw/ilearn.thu.edu.tw/user-visits/visits__q_3be9190883.html,https://ilearn.thu.edu.tw/user-visits/visits?start=,absolute-url
https://github.com/OWASP/CheatSheetSeries/blob/master/cheatsheets/Clickjacking_Defense_Cheat_Sheet.md#best-for-now-legacy-browser-frame-breaking-script--,github.com,raw/ilearn.thu.edu.tw/user-visits/visits__q_3be9190883.html,https://ilearn.thu.edu.tw/user-visits/visits?start=,absolute-url
https://bam.nr-data.net,bam.nr-data.net,raw/ilearn.thu.edu.tw/user-visits/visits__q_3be9190883.html,https://ilearn.thu.edu.tw/user-visits/visits?start=,absolute-url
https://www.google-analytics.com,www.google-analytics.com,raw/ilearn.thu.edu.tw/user-visits/visits__q_3be9190883.html,https://ilearn.thu.edu.tw/user-visits/visits?start=,absolute-url
"https://tronclass.com.tw/public-manual/TronclassManual_System_Admin.pdf',",tronclass.com.tw,raw/ilearn.thu.edu.tw/user-visits/visits__q_3be9190883.html,https://ilearn.thu.edu.tw/user-visits/visits?start=,absolute-url
"https://tronclass.com.tw/public-manual/TronclassManual_Administrator.pdf',",tronclass.com.tw,raw/ilearn.thu.edu.tw/user-visits/visits__q_3be9190883.html,https://ilearn.thu.edu.tw/user-visits/visits?start=,absolute-url
"https://tronclass.com.tw/public-manual/manual-teacher.html',",tronclass.com.tw,raw/ilearn.thu.edu.tw/user-visits/visits__q_3be9190883.html,https://ilearn.thu.edu.tw/user-visits/visits?start=,absolute-url
"https://tronclass.com.tw/public-manual/TronclassManual_Student.pdf',",tronclass.com.tw,raw/ilearn.thu.edu.tw/user-visits/visits__q_3be9190883.html,https://ilearn.thu.edu.tw/user-visits/visits?start=,absolute-url
"https://tronclass.com.tw/public-manual/TronclassManual_App.pdf',",tronclass.com.tw,raw/ilearn.thu.edu.tw/user-visits/visits__q_3be9190883.html,https://ilearn.thu.edu.tw/user-visits/visits?start=,absolute-url
https://support.tronclass.com',support.tronclass.com',raw/ilearn.thu.edu.tw/user-visits/visits__q_3be9190883.html,https://ilearn.thu.edu.tw/user-visits/visits?start=,absolute-url
https://ilearn.thu.edu.tw/market,ilearn.thu.edu.tw,raw/ilearn.thu.edu.tw/user-visits/visits__q_3be9190883.html,https://ilearn.thu.edu.tw/user-visits/visits?start=,absolute-url
"https://ilearn.thu.edu.tw/chatbot/chatbot.umd.js',",ilearn.thu.edu.tw,raw/ilearn.thu.edu.tw/user-visits/visits__q_3be9190883.html,https://ilearn.thu.edu.tw/user-visits/visits?start=,absolute-url
https://www.youtube.com/iframe_api,www.youtube.com,raw/ilearn.thu.edu.tw/user-visits/visits__q_3be9190883.html,https://ilearn.thu.edu.tw/user-visits/visits?start=,absolute-url
https://ilearn.thu.edu.tw/video-editor',ilearn.thu.edu.tw,raw/ilearn.thu.edu.tw/user-visits/visits__q_3be9190883.html,https://ilearn.thu.edu.tw/user-visits/visits?start=,absolute-url
https://get.adobe.com/flashplayer/,get.adobe.com,raw/ilearn.thu.edu.tw/user-visits/visits__q_3be9190883.html,https://ilearn.thu.edu.tw/user-visits/visits?start=,absolute-url
https://ilearn.thu.edu.tw/,ilearn.thu.edu.tw,raw/ilearn.thu.edu.tw/user/index.html,https://ilearn.thu.edu.tw/user/,absolute-url
https://www.googletagmanager.com/gtag/js,www.googletagmanager.com,raw/ilearn.thu.edu.tw/user/index.html,https://ilearn.thu.edu.tw/user/,absolute-url
https://github.com/OWASP/CheatSheetSeries/blob/master/cheatsheets/Clickjacking_Defense_Cheat_Sheet.md#best-for-now-legacy-browser-frame-breaking-script--,github.com,raw/ilearn.thu.edu.tw/user/index.html,https://ilearn.thu.edu.tw/user/,absolute-url
https://bam.nr-data.net,bam.nr-data.net,raw/ilearn.thu.edu.tw/user/index.html,https://ilearn.thu.edu.tw/user/,absolute-url
https://www.google-analytics.com,www.google-analytics.com,raw/ilearn.thu.edu.tw/user/index.html,https://ilearn.thu.edu.tw/user/,absolute-url
"https://tronclass.com.tw/public-manual/TronclassManual_System_Admin.pdf',",tronclass.com.tw,raw/ilearn.thu.edu.tw/user/index.html,https://ilearn.thu.edu.tw/user/,absolute-url
"https://tronclass.com.tw/public-manual/TronclassManual_Administrator.pdf',",tronclass.com.tw,raw/ilearn.thu.edu.tw/user/index.html,https://ilearn.thu.edu.tw/user/,absolute-url
"https://tronclass.com.tw/public-manual/manual-teacher.html',",tronclass.com.tw,raw/ilearn.thu.edu.tw/user/index.html,https://ilearn.thu.edu.tw/user/,absolute-url
"https://tronclass.com.tw/public-manual/TronclassManual_Student.pdf',",tronclass.com.tw,raw/ilearn.thu.edu.tw/user/index.html,https://ilearn.thu.edu.tw/user/,absolute-url
"https://tronclass.com.tw/public-manual/TronclassManual_App.pdf',",tronclass.com.tw,raw/ilearn.thu.edu.tw/user/index.html,https://ilearn.thu.edu.tw/user/,absolute-url
https://support.tronclass.com',support.tronclass.com',raw/ilearn.thu.edu.tw/user/index.html,https://ilearn.thu.edu.tw/user/,absolute-url
https://ilearn.thu.edu.tw/market,ilearn.thu.edu.tw,raw/ilearn.thu.edu.tw/user/index.html,https://ilearn.thu.edu.tw/user/,absolute-url
"https://ilearn.thu.edu.tw/chatbot/chatbot.umd.js',",ilearn.thu.edu.tw,raw/ilearn.thu.edu.tw/user/index.html,https://ilearn.thu.edu.tw/user/,absolute-url
https://www.youtube.com/iframe_api,www.youtube.com,raw/ilearn.thu.edu.tw/user/index.html,https://ilearn.thu.edu.tw/user/,absolute-url
https://ilearn.thu.edu.tw/video-editor',ilearn.thu.edu.tw,raw/ilearn.thu.edu.tw/user/index.html,https://ilearn.thu.edu.tw/user/,absolute-url
https://get.adobe.com/flashplayer/,get.adobe.com,raw/ilearn.thu.edu.tw/user/index.html,https://ilearn.thu.edu.tw/user/,absolute-url
https://ilearn.thu.edu.tw/,ilearn.thu.edu.tw,raw/ilearn.thu.edu.tw/user/avatarBigUrl.html,https://ilearn.thu.edu.tw/user/avatarBigUrl,absolute-url
https://www.googletagmanager.com/gtag/js,www.googletagmanager.com,raw/ilearn.thu.edu.tw/user/avatarBigUrl.html,https://ilearn.thu.edu.tw/user/avatarBigUrl,absolute-url
https://github.com/OWASP/CheatSheetSeries/blob/master/cheatsheets/Clickjacking_Defense_Cheat_Sheet.md#best-for-now-legacy-browser-frame-breaking-script--,github.com,raw/ilearn.thu.edu.tw/user/avatarBigUrl.html,https://ilearn.thu.edu.tw/user/avatarBigUrl,absolute-url
https://bam.nr-data.net,bam.nr-data.net,raw/ilearn.thu.edu.tw/user/avatarBigUrl.html,https://ilearn.thu.edu.tw/user/avatarBigUrl,absolute-url
https://www.google-analytics.com,www.google-analytics.com,raw/ilearn.thu.edu.tw/user/avatarBigUrl.html,https://ilearn.thu.edu.tw/user/avatarBigUrl,absolute-url
"https://tronclass.com.tw/public-manual/TronclassManual_System_Admin.pdf',",tronclass.com.tw,raw/ilearn.thu.edu.tw/user/avatarBigUrl.html,https://ilearn.thu.edu.tw/user/avatarBigUrl,absolute-url
"https://tronclass.com.tw/public-manual/TronclassManual_Administrator.pdf',",tronclass.com.tw,raw/ilearn.thu.edu.tw/user/avatarBigUrl.html,https://ilearn.thu.edu.tw/user/avatarBigUrl,absolute-url
"https://tronclass.com.tw/public-manual/manual-teacher.html',",tronclass.com.tw,raw/ilearn.thu.edu.tw/user/avatarBigUrl.html,https://ilearn.thu.edu.tw/user/avatarBigUrl,absolute-url
"https://tronclass.com.tw/public-manual/TronclassManual_Student.pdf',",tronclass.com.tw,raw/ilearn.thu.edu.tw/user/avatarBigUrl.html,https://ilearn.thu.edu.tw/user/avatarBigUrl,absolute-url
"https://tronclass.com.tw/public-manual/TronclassManual_App.pdf',",tronclass.com.tw,raw/ilearn.thu.edu.tw/user/avatarBigUrl.html,https://ilearn.thu.edu.tw/user/avatarBigUrl,absolute-url
https://support.tronclass.com',support.tronclass.com',raw/ilearn.thu.edu.tw/user/avatarBigUrl.html,https://ilearn.thu.edu.tw/user/avatarBigUrl,absolute-url
https://ilearn.thu.edu.tw/market,ilearn.thu.edu.tw,raw/ilearn.thu.edu.tw/user/avatarBigUrl.html,https://ilearn.thu.edu.tw/user/avatarBigUrl,absolute-url
"https://ilearn.thu.edu.tw/chatbot/chatbot.umd.js',",ilearn.thu.edu.tw,raw/ilearn.thu.edu.tw/user/avatarBigUrl.html,https://ilearn.thu.edu.tw/user/avatarBigUrl,absolute-url
https://www.youtube.com/iframe_api,www.youtube.com,raw/ilearn.thu.edu.tw/user/avatarBigUrl.html,https://ilearn.thu.edu.tw/user/avatarBigUrl,absolute-url
https://ilearn.thu.edu.tw/video-editor',ilearn.thu.edu.tw,raw/ilearn.thu.edu.tw/user/avatarBigUrl.html,https://ilearn.thu.edu.tw/user/avatarBigUrl,absolute-url
https://get.adobe.com/flashplayer/,get.adobe.com,raw/ilearn.thu.edu.tw/user/avatarBigUrl.html,https://ilearn.thu.edu.tw/user/avatarBigUrl,absolute-url
https://ilearn.thu.edu.tw/,ilearn.thu.edu.tw,raw/ilearn.thu.edu.tw/user/avatarSmallUrl.html,https://ilearn.thu.edu.tw/user/avatarSmallUrl,absolute-url
https://www.googletagmanager.com/gtag/js,www.googletagmanager.com,raw/ilearn.thu.edu.tw/user/avatarSmallUrl.html,https://ilearn.thu.edu.tw/user/avatarSmallUrl,absolute-url
https://github.com/OWASP/CheatSheetSeries/blob/master/cheatsheets/Clickjacking_Defense_Cheat_Sheet.md#best-for-now-legacy-browser-frame-breaking-script--,github.com,raw/ilearn.thu.edu.tw/user/avatarSmallUrl.html,https://ilearn.thu.edu.tw/user/avatarSmallUrl,absolute-url
https://bam.nr-data.net,bam.nr-data.net,raw/ilearn.thu.edu.tw/user/avatarSmallUrl.html,https://ilearn.thu.edu.tw/user/avatarSmallUrl,absolute-url
https://www.google-analytics.com,www.google-analytics.com,raw/ilearn.thu.edu.tw/user/avatarSmallUrl.html,https://ilearn.thu.edu.tw/user/avatarSmallUrl,absolute-url
"https://tronclass.com.tw/public-manual/TronclassManual_System_Admin.pdf',",tronclass.com.tw,raw/ilearn.thu.edu.tw/user/avatarSmallUrl.html,https://ilearn.thu.edu.tw/user/avatarSmallUrl,absolute-url
"https://tronclass.com.tw/public-manual/TronclassManual_Administrator.pdf',",tronclass.com.tw,raw/ilearn.thu.edu.tw/user/avatarSmallUrl.html,https://ilearn.thu.edu.tw/user/avatarSmallUrl,absolute-url
"https://tronclass.com.tw/public-manual/manual-teacher.html',",tronclass.com.tw,raw/ilearn.thu.edu.tw/user/avatarSmallUrl.html,https://ilearn.thu.edu.tw/user/avatarSmallUrl,absolute-url
"https://tronclass.com.tw/public-manual/TronclassManual_Student.pdf',",tronclass.com.tw,raw/ilearn.thu.edu.tw/user/avatarSmallUrl.html,https://ilearn.thu.edu.tw/user/avatarSmallUrl,absolute-url
"https://tronclass.com.tw/public-manual/TronclassManual_App.pdf',",tronclass.com.tw,raw/ilearn.thu.edu.tw/user/avatarSmallUrl.html,https://ilearn.thu.edu.tw/user/avatarSmallUrl,absolute-url
https://support.tronclass.com',support.tronclass.com',raw/ilearn.thu.edu.tw/user/avatarSmallUrl.html,https://ilearn.thu.edu.tw/user/avatarSmallUrl,absolute-url
https://ilearn.thu.edu.tw/market,ilearn.thu.edu.tw,raw/ilearn.thu.edu.tw/user/avatarSmallUrl.html,https://ilearn.thu.edu.tw/user/avatarSmallUrl,absolute-url
"https://ilearn.thu.edu.tw/chatbot/chatbot.umd.js',",ilearn.thu.edu.tw,raw/ilearn.thu.edu.tw/user/avatarSmallUrl.html,https://ilearn.thu.edu.tw/user/avatarSmallUrl,absolute-url
https://www.youtube.com/iframe_api,www.youtube.com,raw/ilearn.thu.edu.tw/user/avatarSmallUrl.html,https://ilearn.thu.edu.tw/user/avatarSmallUrl,absolute-url
https://ilearn.thu.edu.tw/video-editor',ilearn.thu.edu.tw,raw/ilearn.thu.edu.tw/user/avatarSmallUrl.html,https://ilearn.thu.edu.tw/user/avatarSmallUrl,absolute-url
https://get.adobe.com/flashplayer/,get.adobe.com,raw/ilearn.thu.edu.tw/user/avatarSmallUrl.html,https://ilearn.thu.edu.tw/user/avatarSmallUrl,absolute-url
https://ilearn.thu.edu.tw/,ilearn.thu.edu.tw,raw/ilearn.thu.edu.tw/user/capture_url.html,https://ilearn.thu.edu.tw/user/capture_url,absolute-url
https://www.googletagmanager.com/gtag/js,www.googletagmanager.com,raw/ilearn.thu.edu.tw/user/capture_url.html,https://ilearn.thu.edu.tw/user/capture_url,absolute-url
https://github.com/OWASP/CheatSheetSeries/blob/master/cheatsheets/Clickjacking_Defense_Cheat_Sheet.md#best-for-now-legacy-browser-frame-breaking-script--,github.com,raw/ilearn.thu.edu.tw/user/capture_url.html,https://ilearn.thu.edu.tw/user/capture_url,absolute-url
https://bam.nr-data.net,bam.nr-data.net,raw/ilearn.thu.edu.tw/user/capture_url.html,https://ilearn.thu.edu.tw/user/capture_url,absolute-url
https://www.google-analytics.com,www.google-analytics.com,raw/ilearn.thu.edu.tw/user/capture_url.html,https://ilearn.thu.edu.tw/user/capture_url,absolute-url
"https://tronclass.com.tw/public-manual/TronclassManual_System_Admin.pdf',",tronclass.com.tw,raw/ilearn.thu.edu.tw/user/capture_url.html,https://ilearn.thu.edu.tw/user/capture_url,absolute-url
"https://tronclass.com.tw/public-manual/TronclassManual_Administrator.pdf',",tronclass.com.tw,raw/ilearn.thu.edu.tw/user/capture_url.html,https://ilearn.thu.edu.tw/user/capture_url,absolute-url
"https://tronclass.com.tw/public-manual/manual-teacher.html',",tronclass.com.tw,raw/ilearn.thu.edu.tw/user/capture_url.html,https://ilearn.thu.edu.tw/user/capture_url,absolute-url
"https://tronclass.com.tw/public-manual/TronclassManual_Student.pdf',",tronclass.com.tw,raw/ilearn.thu.edu.tw/user/capture_url.html,https://ilearn.thu.edu.tw/user/capture_url,absolute-url
"https://tronclass.com.tw/public-manual/TronclassManual_App.pdf',",tronclass.com.tw,raw/ilearn.thu.edu.tw/user/capture_url.html,https://ilearn.thu.edu.tw/user/capture_url,absolute-url
https://support.tronclass.com',support.tronclass.com',raw/ilearn.thu.edu.tw/user/capture_url.html,https://ilearn.thu.edu.tw/user/capture_url,absolute-url
https://ilearn.thu.edu.tw/market,ilearn.thu.edu.tw,raw/ilearn.thu.edu.tw/user/capture_url.html,https://ilearn.thu.edu.tw/user/capture_url,absolute-url
"https://ilearn.thu.edu.tw/chatbot/chatbot.umd.js',",ilearn.thu.edu.tw,raw/ilearn.thu.edu.tw/user/capture_url.html,https://ilearn.thu.edu.tw/user/capture_url,absolute-url
https://www.youtube.com/iframe_api,www.youtube.com,raw/ilearn.thu.edu.tw/user/capture_url.html,https://ilearn.thu.edu.tw/user/capture_url,absolute-url
https://ilearn.thu.edu.tw/video-editor',ilearn.thu.edu.tw,raw/ilearn.thu.edu.tw/user/capture_url.html,https://ilearn.thu.edu.tw/user/capture_url,absolute-url
https://get.adobe.com/flashplayer/,get.adobe.com,raw/ilearn.thu.edu.tw/user/capture_url.html,https://ilearn.thu.edu.tw/user/capture_url,absolute-url
https://ilearn.thu.edu.tw/,ilearn.thu.edu.tw,raw/ilearn.thu.edu.tw/user/certificate/student/index.html,https://ilearn.thu.edu.tw/user/certificate/student/,absolute-url
https://www.googletagmanager.com/gtag/js,www.googletagmanager.com,raw/ilearn.thu.edu.tw/user/certificate/student/index.html,https://ilearn.thu.edu.tw/user/certificate/student/,absolute-url
https://github.com/OWASP/CheatSheetSeries/blob/master/cheatsheets/Clickjacking_Defense_Cheat_Sheet.md#best-for-now-legacy-browser-frame-breaking-script--,github.com,raw/ilearn.thu.edu.tw/user/certificate/student/index.html,https://ilearn.thu.edu.tw/user/certificate/student/,absolute-url
https://bam.nr-data.net,bam.nr-data.net,raw/ilearn.thu.edu.tw/user/certificate/student/index.html,https://ilearn.thu.edu.tw/user/certificate/student/,absolute-url
https://www.google-analytics.com,www.google-analytics.com,raw/ilearn.thu.edu.tw/user/certificate/student/index.html,https://ilearn.thu.edu.tw/user/certificate/student/,absolute-url
"https://tronclass.com.tw/public-manual/TronclassManual_System_Admin.pdf',",tronclass.com.tw,raw/ilearn.thu.edu.tw/user/certificate/student/index.html,https://ilearn.thu.edu.tw/user/certificate/student/,absolute-url
"https://tronclass.com.tw/public-manual/TronclassManual_Administrator.pdf',",tronclass.com.tw,raw/ilearn.thu.edu.tw/user/certificate/student/index.html,https://ilearn.thu.edu.tw/user/certificate/student/,absolute-url
"https://tronclass.com.tw/public-manual/manual-teacher.html',",tronclass.com.tw,raw/ilearn.thu.edu.tw/user/certificate/student/index.html,https://ilearn.thu.edu.tw/user/certificate/student/,absolute-url
"https://tronclass.com.tw/public-manual/TronclassManual_Student.pdf',",tronclass.com.tw,raw/ilearn.thu.edu.tw/user/certificate/student/index.html,https://ilearn.thu.edu.tw/user/certificate/student/,absolute-url
"https://tronclass.com.tw/public-manual/TronclassManual_App.pdf',",tronclass.com.tw,raw/ilearn.thu.edu.tw/user/certificate/student/index.html,https://ilearn.thu.edu.tw/user/certificate/student/,absolute-url
https://support.tronclass.com',support.tronclass.com',raw/ilearn.thu.edu.tw/user/certificate/student/index.html,https://ilearn.thu.edu.tw/user/certificate/student/,absolute-url
https://ilearn.thu.edu.tw/market,ilearn.thu.edu.tw,raw/ilearn.thu.edu.tw/user/certificate/student/index.html,https://ilearn.thu.edu.tw/user/certificate/student/,absolute-url
"https://ilearn.thu.edu.tw/chatbot/chatbot.umd.js',",ilearn.thu.edu.tw,raw/ilearn.thu.edu.tw/user/certificate/student/index.html,https://ilearn.thu.edu.tw/user/certificate/student/,absolute-url
https://www.youtube.com/iframe_api,www.youtube.com,raw/ilearn.thu.edu.tw/user/certificate/student/index.html,https://ilearn.thu.edu.tw/user/certificate/student/,absolute-url
https://ilearn.thu.edu.tw/video-editor',ilearn.thu.edu.tw,raw/ilearn.thu.edu.tw/user/certificate/student/index.html,https://ilearn.thu.edu.tw/user/certificate/student/,absolute-url
https://get.adobe.com/flashplayer/,get.adobe.com,raw/ilearn.thu.edu.tw/user/certificate/student/index.html,https://ilearn.thu.edu.tw/user/certificate/student/,absolute-url
https://ilearn.thu.edu.tw/,ilearn.thu.edu.tw,raw/ilearn.thu.edu.tw/user/chatrooms/index.html,https://ilearn.thu.edu.tw/user/chatrooms/,absolute-url
https://www.googletagmanager.com/gtag/js,www.googletagmanager.com,raw/ilearn.thu.edu.tw/user/chatrooms/index.html,https://ilearn.thu.edu.tw/user/chatrooms/,absolute-url
https://github.com/OWASP/CheatSheetSeries/blob/master/cheatsheets/Clickjacking_Defense_Cheat_Sheet.md#best-for-now-legacy-browser-frame-breaking-script--,github.com,raw/ilearn.thu.edu.tw/user/chatrooms/index.html,https://ilearn.thu.edu.tw/user/chatrooms/,absolute-url
https://bam.nr-data.net,bam.nr-data.net,raw/ilearn.thu.edu.tw/user/chatrooms/index.html,https://ilearn.thu.edu.tw/user/chatrooms/,absolute-url
https://www.google-analytics.com,www.google-analytics.com,raw/ilearn.thu.edu.tw/user/chatrooms/index.html,https://ilearn.thu.edu.tw/user/chatrooms/,absolute-url
"https://tronclass.com.tw/public-manual/TronclassManual_System_Admin.pdf',",tronclass.com.tw,raw/ilearn.thu.edu.tw/user/chatrooms/index.html,https://ilearn.thu.edu.tw/user/chatrooms/,absolute-url
"https://tronclass.com.tw/public-manual/TronclassManual_Administrator.pdf',",tronclass.com.tw,raw/ilearn.thu.edu.tw/user/chatrooms/index.html,https://ilearn.thu.edu.tw/user/chatrooms/,absolute-url
"https://tronclass.com.tw/public-manual/manual-teacher.html',",tronclass.com.tw,raw/ilearn.thu.edu.tw/user/chatrooms/index.html,https://ilearn.thu.edu.tw/user/chatrooms/,absolute-url
"https://tronclass.com.tw/public-manual/TronclassManual_Student.pdf',",tronclass.com.tw,raw/ilearn.thu.edu.tw/user/chatrooms/index.html,https://ilearn.thu.edu.tw/user/chatrooms/,absolute-url
"https://tronclass.com.tw/public-manual/TronclassManual_App.pdf',",tronclass.com.tw,raw/ilearn.thu.edu.tw/user/chatrooms/index.html,https://ilearn.thu.edu.tw/user/chatrooms/,absolute-url
https://support.tronclass.com',support.tronclass.com',raw/ilearn.thu.edu.tw/user/chatrooms/index.html,https://ilearn.thu.edu.tw/user/chatrooms/,absolute-url
https://ilearn.thu.edu.tw/market,ilearn.thu.edu.tw,raw/ilearn.thu.edu.tw/user/chatrooms/index.html,https://ilearn.thu.edu.tw/user/chatrooms/,absolute-url
"https://ilearn.thu.edu.tw/chatbot/chatbot.umd.js',",ilearn.thu.edu.tw,raw/ilearn.thu.edu.tw/user/chatrooms/index.html,https://ilearn.thu.edu.tw/user/chatrooms/,absolute-url
https://www.youtube.com/iframe_api,www.youtube.com,raw/ilearn.thu.edu.tw/user/chatrooms/index.html,https://ilearn.thu.edu.tw/user/chatrooms/,absolute-url
https://ilearn.thu.edu.tw/video-editor',ilearn.thu.edu.tw,raw/ilearn.thu.edu.tw/user/chatrooms/index.html,https://ilearn.thu.edu.tw/user/chatrooms/,absolute-url
https://get.adobe.com/flashplayer/,get.adobe.com,raw/ilearn.thu.edu.tw/user/chatrooms/index.html,https://ilearn.thu.edu.tw/user/chatrooms/,absolute-url
https://ilearn.thu.edu.tw/,ilearn.thu.edu.tw,raw/ilearn.thu.edu.tw/user/combine-courses.html,https://ilearn.thu.edu.tw/user/combine-courses,absolute-url
https://www.googletagmanager.com/gtag/js,www.googletagmanager.com,raw/ilearn.thu.edu.tw/user/combine-courses.html,https://ilearn.thu.edu.tw/user/combine-courses,absolute-url
https://github.com/OWASP/CheatSheetSeries/blob/master/cheatsheets/Clickjacking_Defense_Cheat_Sheet.md#best-for-now-legacy-browser-frame-breaking-script--,github.com,raw/ilearn.thu.edu.tw/user/combine-courses.html,https://ilearn.thu.edu.tw/user/combine-courses,absolute-url
https://bam.nr-data.net,bam.nr-data.net,raw/ilearn.thu.edu.tw/user/combine-courses.html,https://ilearn.thu.edu.tw/user/combine-courses,absolute-url
https://www.google-analytics.com,www.google-analytics.com,raw/ilearn.thu.edu.tw/user/combine-courses.html,https://ilearn.thu.edu.tw/user/combine-courses,absolute-url
"https://tronclass.com.tw/public-manual/TronclassManual_System_Admin.pdf',",tronclass.com.tw,raw/ilearn.thu.edu.tw/user/combine-courses.html,https://ilearn.thu.edu.tw/user/combine-courses,absolute-url
"https://tronclass.com.tw/public-manual/TronclassManual_Administrator.pdf',",tronclass.com.tw,raw/ilearn.thu.edu.tw/user/combine-courses.html,https://ilearn.thu.edu.tw/user/combine-courses,absolute-url
"https://tronclass.com.tw/public-manual/manual-teacher.html',",tronclass.com.tw,raw/ilearn.thu.edu.tw/user/combine-courses.html,https://ilearn.thu.edu.tw/user/combine-courses,absolute-url
"https://tronclass.com.tw/public-manual/TronclassManual_Student.pdf',",tronclass.com.tw,raw/ilearn.thu.edu.tw/user/combine-courses.html,https://ilearn.thu.edu.tw/user/combine-courses,absolute-url
"https://tronclass.com.tw/public-manual/TronclassManual_App.pdf',",tronclass.com.tw,raw/ilearn.thu.edu.tw/user/combine-courses.html,https://ilearn.thu.edu.tw/user/combine-courses,absolute-url
https://support.tronclass.com',support.tronclass.com',raw/ilearn.thu.edu.tw/user/combine-courses.html,https://ilearn.thu.edu.tw/user/combine-courses,absolute-url
https://ilearn.thu.edu.tw/market,ilearn.thu.edu.tw,raw/ilearn.thu.edu.tw/user/combine-courses.html,https://ilearn.thu.edu.tw/user/combine-courses,absolute-url
"https://ilearn.thu.edu.tw/chatbot/chatbot.umd.js',",ilearn.thu.edu.tw,raw/ilearn.thu.edu.tw/user/combine-courses.html,https://ilearn.thu.edu.tw/user/combine-courses,absolute-url
https://www.youtube.com/iframe_api,www.youtube.com,raw/ilearn.thu.edu.tw/user/combine-courses.html,https://ilearn.thu.edu.tw/user/combine-courses,absolute-url
https://ilearn.thu.edu.tw/video-editor',ilearn.thu.edu.tw,raw/ilearn.thu.edu.tw/user/combine-courses.html,https://ilearn.thu.edu.tw/user/combine-courses,absolute-url
https://get.adobe.com/flashplayer/,get.adobe.com,raw/ilearn.thu.edu.tw/user/combine-courses.html,https://ilearn.thu.edu.tw/user/combine-courses,absolute-url
https://ilearn.thu.edu.tw/,ilearn.thu.edu.tw,raw/ilearn.thu.edu.tw/user/courses.html,https://ilearn.thu.edu.tw/user/courses,absolute-url
https://www.googletagmanager.com/gtag/js,www.googletagmanager.com,raw/ilearn.thu.edu.tw/user/courses.html,https://ilearn.thu.edu.tw/user/courses,absolute-url
https://github.com/OWASP/CheatSheetSeries/blob/master/cheatsheets/Clickjacking_Defense_Cheat_Sheet.md#best-for-now-legacy-browser-frame-breaking-script--,github.com,raw/ilearn.thu.edu.tw/user/courses.html,https://ilearn.thu.edu.tw/user/courses,absolute-url
https://bam.nr-data.net,bam.nr-data.net,raw/ilearn.thu.edu.tw/user/courses.html,https://ilearn.thu.edu.tw/user/courses,absolute-url
https://www.google-analytics.com,www.google-analytics.com,raw/ilearn.thu.edu.tw/user/courses.html,https://ilearn.thu.edu.tw/user/courses,absolute-url
"https://tronclass.com.tw/public-manual/TronclassManual_System_Admin.pdf',",tronclass.com.tw,raw/ilearn.thu.edu.tw/user/courses.html,https://ilearn.thu.edu.tw/user/courses,absolute-url
"https://tronclass.com.tw/public-manual/TronclassManual_Administrator.pdf',",tronclass.com.tw,raw/ilearn.thu.edu.tw/user/courses.html,https://ilearn.thu.edu.tw/user/courses,absolute-url
"https://tronclass.com.tw/public-manual/manual-teacher.html',",tronclass.com.tw,raw/ilearn.thu.edu.tw/user/courses.html,https://ilearn.thu.edu.tw/user/courses,absolute-url
"https://tronclass.com.tw/public-manual/TronclassManual_Student.pdf',",tronclass.com.tw,raw/ilearn.thu.edu.tw/user/courses.html,https://ilearn.thu.edu.tw/user/courses,absolute-url
"https://tronclass.com.tw/public-manual/TronclassManual_App.pdf',",tronclass.com.tw,raw/ilearn.thu.edu.tw/user/courses.html,https://ilearn.thu.edu.tw/user/courses,absolute-url
https://support.tronclass.com',support.tronclass.com',raw/ilearn.thu.edu.tw/user/courses.html,https://ilearn.thu.edu.tw/user/courses,absolute-url
https://ilearn.thu.edu.tw/market,ilearn.thu.edu.tw,raw/ilearn.thu.edu.tw/user/courses.html,https://ilearn.thu.edu.tw/user/courses,absolute-url
"https://ilearn.thu.edu.tw/chatbot/chatbot.umd.js',",ilearn.thu.edu.tw,raw/ilearn.thu.edu.tw/user/courses.html,https://ilearn.thu.edu.tw/user/courses,absolute-url
https://www.youtube.com/iframe_api,www.youtube.com,raw/ilearn.thu.edu.tw/user/courses.html,https://ilearn.thu.edu.tw/user/courses,absolute-url
https://ilearn.thu.edu.tw/video-editor',ilearn.thu.edu.tw,raw/ilearn.thu.edu.tw/user/courses.html,https://ilearn.thu.edu.tw/user/courses,absolute-url
https://get.adobe.com/flashplayer/,get.adobe.com,raw/ilearn.thu.edu.tw/user/courses.html,https://ilearn.thu.edu.tw/user/courses,absolute-url
https://ilearn.thu.edu.tw/,ilearn.thu.edu.tw,raw/ilearn.thu.edu.tw/user/courses__q_634b7b9d78.html,https://ilearn.thu.edu.tw/user/courses?keyword=,absolute-url
https://www.googletagmanager.com/gtag/js,www.googletagmanager.com,raw/ilearn.thu.edu.tw/user/courses__q_634b7b9d78.html,https://ilearn.thu.edu.tw/user/courses?keyword=,absolute-url
https://github.com/OWASP/CheatSheetSeries/blob/master/cheatsheets/Clickjacking_Defense_Cheat_Sheet.md#best-for-now-legacy-browser-frame-breaking-script--,github.com,raw/ilearn.thu.edu.tw/user/courses__q_634b7b9d78.html,https://ilearn.thu.edu.tw/user/courses?keyword=,absolute-url
https://bam.nr-data.net,bam.nr-data.net,raw/ilearn.thu.edu.tw/user/courses__q_634b7b9d78.html,https://ilearn.thu.edu.tw/user/courses?keyword=,absolute-url
https://www.google-analytics.com,www.google-analytics.com,raw/ilearn.thu.edu.tw/user/courses__q_634b7b9d78.html,https://ilearn.thu.edu.tw/user/courses?keyword=,absolute-url
"https://tronclass.com.tw/public-manual/TronclassManual_System_Admin.pdf',",tronclass.com.tw,raw/ilearn.thu.edu.tw/user/courses__q_634b7b9d78.html,https://ilearn.thu.edu.tw/user/courses?keyword=,absolute-url
"https://tronclass.com.tw/public-manual/TronclassManual_Administrator.pdf',",tronclass.com.tw,raw/ilearn.thu.edu.tw/user/courses__q_634b7b9d78.html,https://ilearn.thu.edu.tw/user/courses?keyword=,absolute-url
"https://tronclass.com.tw/public-manual/manual-teacher.html',",tronclass.com.tw,raw/ilearn.thu.edu.tw/user/courses__q_634b7b9d78.html,https://ilearn.thu.edu.tw/user/courses?keyword=,absolute-url
"https://tronclass.com.tw/public-manual/TronclassManual_Student.pdf',",tronclass.com.tw,raw/ilearn.thu.edu.tw/user/courses__q_634b7b9d78.html,https://ilearn.thu.edu.tw/user/courses?keyword=,absolute-url
"https://tronclass.com.tw/public-manual/TronclassManual_App.pdf',",tronclass.com.tw,raw/ilearn.thu.edu.tw/user/courses__q_634b7b9d78.html,https://ilearn.thu.edu.tw/user/courses?keyword=,absolute-url
https://support.tronclass.com',support.tronclass.com',raw/ilearn.thu.edu.tw/user/courses__q_634b7b9d78.html,https://ilearn.thu.edu.tw/user/courses?keyword=,absolute-url
https://ilearn.thu.edu.tw/market,ilearn.thu.edu.tw,raw/ilearn.thu.edu.tw/user/courses__q_634b7b9d78.html,https://ilearn.thu.edu.tw/user/courses?keyword=,absolute-url
"https://ilearn.thu.edu.tw/chatbot/chatbot.umd.js',",ilearn.thu.edu.tw,raw/ilearn.thu.edu.tw/user/courses__q_634b7b9d78.html,https://ilearn.thu.edu.tw/user/courses?keyword=,absolute-url
https://www.youtube.com/iframe_api,www.youtube.com,raw/ilearn.thu.edu.tw/user/courses__q_634b7b9d78.html,https://ilearn.thu.edu.tw/user/courses?keyword=,absolute-url
https://ilearn.thu.edu.tw/video-editor',ilearn.thu.edu.tw,raw/ilearn.thu.edu.tw/user/courses__q_634b7b9d78.html,https://ilearn.thu.edu.tw/user/courses?keyword=,absolute-url
https://get.adobe.com/flashplayer/,get.adobe.com,raw/ilearn.thu.edu.tw/user/courses__q_634b7b9d78.html,https://ilearn.thu.edu.tw/user/courses?keyword=,absolute-url
https://ilearn.thu.edu.tw/,ilearn.thu.edu.tw,raw/ilearn.thu.edu.tw/user/index__q_7833fea385.html,https://ilearn.thu.edu.tw/user/index?version=v0,absolute-url
https://www.googletagmanager.com/gtag/js,www.googletagmanager.com,raw/ilearn.thu.edu.tw/user/index__q_7833fea385.html,https://ilearn.thu.edu.tw/user/index?version=v0,absolute-url
https://github.com/OWASP/CheatSheetSeries/blob/master/cheatsheets/Clickjacking_Defense_Cheat_Sheet.md#best-for-now-legacy-browser-frame-breaking-script--,github.com,raw/ilearn.thu.edu.tw/user/index__q_7833fea385.html,https://ilearn.thu.edu.tw/user/index?version=v0,absolute-url
https://bam.nr-data.net,bam.nr-data.net,raw/ilearn.thu.edu.tw/user/index__q_7833fea385.html,https://ilearn.thu.edu.tw/user/index?version=v0,absolute-url
https://www.google-analytics.com,www.google-analytics.com,raw/ilearn.thu.edu.tw/user/index__q_7833fea385.html,https://ilearn.thu.edu.tw/user/index?version=v0,absolute-url
"https://tronclass.com.tw/public-manual/TronclassManual_System_Admin.pdf',",tronclass.com.tw,raw/ilearn.thu.edu.tw/user/index__q_7833fea385.html,https://ilearn.thu.edu.tw/user/index?version=v0,absolute-url
"https://tronclass.com.tw/public-manual/TronclassManual_Administrator.pdf',",tronclass.com.tw,raw/ilearn.thu.edu.tw/user/index__q_7833fea385.html,https://ilearn.thu.edu.tw/user/index?version=v0,absolute-url
"https://tronclass.com.tw/public-manual/manual-teacher.html',",tronclass.com.tw,raw/ilearn.thu.edu.tw/user/index__q_7833fea385.html,https://ilearn.thu.edu.tw/user/index?version=v0,absolute-url
"https://tronclass.com.tw/public-manual/TronclassManual_Student.pdf',",tronclass.com.tw,raw/ilearn.thu.edu.tw/user/index__q_7833fea385.html,https://ilearn.thu.edu.tw/user/index?version=v0,absolute-url
"https://tronclass.com.tw/public-manual/TronclassManual_App.pdf',",tronclass.com.tw,raw/ilearn.thu.edu.tw/user/index__q_7833fea385.html,https://ilearn.thu.edu.tw/user/index?version=v0,absolute-url
https://support.tronclass.com',support.tronclass.com',raw/ilearn.thu.edu.tw/user/index__q_7833fea385.html,https://ilearn.thu.edu.tw/user/index?version=v0,absolute-url
https://ilearn.thu.edu.tw/market,ilearn.thu.edu.tw,raw/ilearn.thu.edu.tw/user/index__q_7833fea385.html,https://ilearn.thu.edu.tw/user/index?version=v0,absolute-url
"https://ilearn.thu.edu.tw/chatbot/chatbot.umd.js',",ilearn.thu.edu.tw,raw/ilearn.thu.edu.tw/user/index__q_7833fea385.html,https://ilearn.thu.edu.tw/user/index?version=v0,absolute-url
https://ilearn.thu.edu.tw/video-editor',ilearn.thu.edu.tw,raw/ilearn.thu.edu.tw/user/index__q_7833fea385.html,https://ilearn.thu.edu.tw/user/index?version=v0,absolute-url
https://get.adobe.com/flashplayer/,get.adobe.com,raw/ilearn.thu.edu.tw/user/index__q_7833fea385.html,https://ilearn.thu.edu.tw/user/index?version=v0,absolute-url
https://www.youtube.com/iframe_api,www.youtube.com,raw/ilearn.thu.edu.tw/user/index__q_7833fea385.html,https://ilearn.thu.edu.tw/user/index?version=v0,absolute-url
https://ilearn.thu.edu.tw/,ilearn.thu.edu.tw,raw/ilearn.thu.edu.tw/user/lesson_resource_url.html,https://ilearn.thu.edu.tw/user/lesson_resource_url,absolute-url
https://www.googletagmanager.com/gtag/js,www.googletagmanager.com,raw/ilearn.thu.edu.tw/user/lesson_resource_url.html,https://ilearn.thu.edu.tw/user/lesson_resource_url,absolute-url
https://github.com/OWASP/CheatSheetSeries/blob/master/cheatsheets/Clickjacking_Defense_Cheat_Sheet.md#best-for-now-legacy-browser-frame-breaking-script--,github.com,raw/ilearn.thu.edu.tw/user/lesson_resource_url.html,https://ilearn.thu.edu.tw/user/lesson_resource_url,absolute-url
https://bam.nr-data.net,bam.nr-data.net,raw/ilearn.thu.edu.tw/user/lesson_resource_url.html,https://ilearn.thu.edu.tw/user/lesson_resource_url,absolute-url
https://www.google-analytics.com,www.google-analytics.com,raw/ilearn.thu.edu.tw/user/lesson_resource_url.html,https://ilearn.thu.edu.tw/user/lesson_resource_url,absolute-url
"https://tronclass.com.tw/public-manual/TronclassManual_System_Admin.pdf',",tronclass.com.tw,raw/ilearn.thu.edu.tw/user/lesson_resource_url.html,https://ilearn.thu.edu.tw/user/lesson_resource_url,absolute-url
"https://tronclass.com.tw/public-manual/TronclassManual_Administrator.pdf',",tronclass.com.tw,raw/ilearn.thu.edu.tw/user/lesson_resource_url.html,https://ilearn.thu.edu.tw/user/lesson_resource_url,absolute-url
"https://tronclass.com.tw/public-manual/manual-teacher.html',",tronclass.com.tw,raw/ilearn.thu.edu.tw/user/lesson_resource_url.html,https://ilearn.thu.edu.tw/user/lesson_resource_url,absolute-url
"https://tronclass.com.tw/public-manual/TronclassManual_Student.pdf',",tronclass.com.tw,raw/ilearn.thu.edu.tw/user/lesson_resource_url.html,https://ilearn.thu.edu.tw/user/lesson_resource_url,absolute-url
"https://tronclass.com.tw/public-manual/TronclassManual_App.pdf',",tronclass.com.tw,raw/ilearn.thu.edu.tw/user/lesson_resource_url.html,https://ilearn.thu.edu.tw/user/lesson_resource_url,absolute-url
https://support.tronclass.com',support.tronclass.com',raw/ilearn.thu.edu.tw/user/lesson_resource_url.html,https://ilearn.thu.edu.tw/user/lesson_resource_url,absolute-url
https://ilearn.thu.edu.tw/market,ilearn.thu.edu.tw,raw/ilearn.thu.edu.tw/user/lesson_resource_url.html,https://ilearn.thu.edu.tw/user/lesson_resource_url,absolute-url
"https://ilearn.thu.edu.tw/chatbot/chatbot.umd.js',",ilearn.thu.edu.tw,raw/ilearn.thu.edu.tw/user/lesson_resource_url.html,https://ilearn.thu.edu.tw/user/lesson_resource_url,absolute-url
https://www.youtube.com/iframe_api,www.youtube.com,raw/ilearn.thu.edu.tw/user/lesson_resource_url.html,https://ilearn.thu.edu.tw/user/lesson_resource_url,absolute-url
https://ilearn.thu.edu.tw/video-editor',ilearn.thu.edu.tw,raw/ilearn.thu.edu.tw/user/lesson_resource_url.html,https://ilearn.thu.edu.tw/user/lesson_resource_url,absolute-url
https://get.adobe.com/flashplayer/,get.adobe.com,raw/ilearn.thu.edu.tw/user/lesson_resource_url.html,https://ilearn.thu.edu.tw/user/lesson_resource_url,absolute-url
https://ilearn.thu.edu.tw/,ilearn.thu.edu.tw,raw/ilearn.thu.edu.tw/user/manualUrl.html,https://ilearn.thu.edu.tw/user/manualUrl,absolute-url
https://www.googletagmanager.com/gtag/js,www.googletagmanager.com,raw/ilearn.thu.edu.tw/user/manualUrl.html,https://ilearn.thu.edu.tw/user/manualUrl,absolute-url
https://github.com/OWASP/CheatSheetSeries/blob/master/cheatsheets/Clickjacking_Defense_Cheat_Sheet.md#best-for-now-legacy-browser-frame-breaking-script--,github.com,raw/ilearn.thu.edu.tw/user/manualUrl.html,https://ilearn.thu.edu.tw/user/manualUrl,absolute-url
https://bam.nr-data.net,bam.nr-data.net,raw/ilearn.thu.edu.tw/user/manualUrl.html,https://ilearn.thu.edu.tw/user/manualUrl,absolute-url
https://www.google-analytics.com,www.google-analytics.com,raw/ilearn.thu.edu.tw/user/manualUrl.html,https://ilearn.thu.edu.tw/user/manualUrl,absolute-url
"https://tronclass.com.tw/public-manual/TronclassManual_System_Admin.pdf',",tronclass.com.tw,raw/ilearn.thu.edu.tw/user/manualUrl.html,https://ilearn.thu.edu.tw/user/manualUrl,absolute-url
"https://tronclass.com.tw/public-manual/TronclassManual_Administrator.pdf',",tronclass.com.tw,raw/ilearn.thu.edu.tw/user/manualUrl.html,https://ilearn.thu.edu.tw/user/manualUrl,absolute-url
"https://tronclass.com.tw/public-manual/manual-teacher.html',",tronclass.com.tw,raw/ilearn.thu.edu.tw/user/manualUrl.html,https://ilearn.thu.edu.tw/user/manualUrl,absolute-url
"https://tronclass.com.tw/public-manual/TronclassManual_Student.pdf',",tronclass.com.tw,raw/ilearn.thu.edu.tw/user/manualUrl.html,https://ilearn.thu.edu.tw/user/manualUrl,absolute-url
"https://tronclass.com.tw/public-manual/TronclassManual_App.pdf',",tronclass.com.tw,raw/ilearn.thu.edu.tw/user/manualUrl.html,https://ilearn.thu.edu.tw/user/manualUrl,absolute-url
https://support.tronclass.com',support.tronclass.com',raw/ilearn.thu.edu.tw/user/manualUrl.html,https://ilearn.thu.edu.tw/user/manualUrl,absolute-url
https://ilearn.thu.edu.tw/market,ilearn.thu.edu.tw,raw/ilearn.thu.edu.tw/user/manualUrl.html,https://ilearn.thu.edu.tw/user/manualUrl,absolute-url
"https://ilearn.thu.edu.tw/chatbot/chatbot.umd.js',",ilearn.thu.edu.tw,raw/ilearn.thu.edu.tw/user/manualUrl.html,https://ilearn.thu.edu.tw/user/manualUrl,absolute-url
https://www.youtube.com/iframe_api,www.youtube.com,raw/ilearn.thu.edu.tw/user/manualUrl.html,https://ilearn.thu.edu.tw/user/manualUrl,absolute-url
https://ilearn.thu.edu.tw/video-editor',ilearn.thu.edu.tw,raw/ilearn.thu.edu.tw/user/manualUrl.html,https://ilearn.thu.edu.tw/user/manualUrl,absolute-url
https://get.adobe.com/flashplayer/,get.adobe.com,raw/ilearn.thu.edu.tw/user/manualUrl.html,https://ilearn.thu.edu.tw/user/manualUrl,absolute-url
https://ilearn.thu.edu.tw/,ilearn.thu.edu.tw,raw/ilearn.thu.edu.tw/user/notes.html,https://ilearn.thu.edu.tw/user/notes,absolute-url
https://www.googletagmanager.com/gtag/js,www.googletagmanager.com,raw/ilearn.thu.edu.tw/user/notes.html,https://ilearn.thu.edu.tw/user/notes,absolute-url
https://github.com/OWASP/CheatSheetSeries/blob/master/cheatsheets/Clickjacking_Defense_Cheat_Sheet.md#best-for-now-legacy-browser-frame-breaking-script--,github.com,raw/ilearn.thu.edu.tw/user/notes.html,https://ilearn.thu.edu.tw/user/notes,absolute-url
https://bam.nr-data.net,bam.nr-data.net,raw/ilearn.thu.edu.tw/user/notes.html,https://ilearn.thu.edu.tw/user/notes,absolute-url
https://www.google-analytics.com,www.google-analytics.com,raw/ilearn.thu.edu.tw/user/notes.html,https://ilearn.thu.edu.tw/user/notes,absolute-url
"https://tronclass.com.tw/public-manual/TronclassManual_System_Admin.pdf',",tronclass.com.tw,raw/ilearn.thu.edu.tw/user/notes.html,https://ilearn.thu.edu.tw/user/notes,absolute-url
"https://tronclass.com.tw/public-manual/TronclassManual_Administrator.pdf',",tronclass.com.tw,raw/ilearn.thu.edu.tw/user/notes.html,https://ilearn.thu.edu.tw/user/notes,absolute-url
"https://tronclass.com.tw/public-manual/manual-teacher.html',",tronclass.com.tw,raw/ilearn.thu.edu.tw/user/notes.html,https://ilearn.thu.edu.tw/user/notes,absolute-url
"https://tronclass.com.tw/public-manual/TronclassManual_Student.pdf',",tronclass.com.tw,raw/ilearn.thu.edu.tw/user/notes.html,https://ilearn.thu.edu.tw/user/notes,absolute-url
"https://tronclass.com.tw/public-manual/TronclassManual_App.pdf',",tronclass.com.tw,raw/ilearn.thu.edu.tw/user/notes.html,https://ilearn.thu.edu.tw/user/notes,absolute-url
https://support.tronclass.com',support.tronclass.com',raw/ilearn.thu.edu.tw/user/notes.html,https://ilearn.thu.edu.tw/user/notes,absolute-url
https://ilearn.thu.edu.tw/market,ilearn.thu.edu.tw,raw/ilearn.thu.edu.tw/user/notes.html,https://ilearn.thu.edu.tw/user/notes,absolute-url
"https://ilearn.thu.edu.tw/chatbot/chatbot.umd.js',",ilearn.thu.edu.tw,raw/ilearn.thu.edu.tw/user/notes.html,https://ilearn.thu.edu.tw/user/notes,absolute-url
https://www.youtube.com/iframe_api,www.youtube.com,raw/ilearn.thu.edu.tw/user/notes.html,https://ilearn.thu.edu.tw/user/notes,absolute-url
https://ilearn.thu.edu.tw/video-editor',ilearn.thu.edu.tw,raw/ilearn.thu.edu.tw/user/notes.html,https://ilearn.thu.edu.tw/user/notes,absolute-url
https://get.adobe.com/flashplayer/,get.adobe.com,raw/ilearn.thu.edu.tw/user/notes.html,https://ilearn.thu.edu.tw/user/notes,absolute-url
https://ilearn.thu.edu.tw/,ilearn.thu.edu.tw,raw/ilearn.thu.edu.tw/user/profile.html,https://ilearn.thu.edu.tw/user/profile,absolute-url
https://www.googletagmanager.com/gtag/js,www.googletagmanager.com,raw/ilearn.thu.edu.tw/user/profile.html,https://ilearn.thu.edu.tw/user/profile,absolute-url
https://github.com/OWASP/CheatSheetSeries/blob/master/cheatsheets/Clickjacking_Defense_Cheat_Sheet.md#best-for-now-legacy-browser-frame-breaking-script--,github.com,raw/ilearn.thu.edu.tw/user/profile.html,https://ilearn.thu.edu.tw/user/profile,absolute-url
https://bam.nr-data.net,bam.nr-data.net,raw/ilearn.thu.edu.tw/user/profile.html,https://ilearn.thu.edu.tw/user/profile,absolute-url
https://www.google-analytics.com,www.google-analytics.com,raw/ilearn.thu.edu.tw/user/profile.html,https://ilearn.thu.edu.tw/user/profile,absolute-url
"https://tronclass.com.tw/public-manual/TronclassManual_System_Admin.pdf',",tronclass.com.tw,raw/ilearn.thu.edu.tw/user/profile.html,https://ilearn.thu.edu.tw/user/profile,absolute-url
"https://tronclass.com.tw/public-manual/TronclassManual_Administrator.pdf',",tronclass.com.tw,raw/ilearn.thu.edu.tw/user/profile.html,https://ilearn.thu.edu.tw/user/profile,absolute-url
"https://tronclass.com.tw/public-manual/manual-teacher.html',",tronclass.com.tw,raw/ilearn.thu.edu.tw/user/profile.html,https://ilearn.thu.edu.tw/user/profile,absolute-url
"https://tronclass.com.tw/public-manual/TronclassManual_Student.pdf',",tronclass.com.tw,raw/ilearn.thu.edu.tw/user/profile.html,https://ilearn.thu.edu.tw/user/profile,absolute-url
"https://tronclass.com.tw/public-manual/TronclassManual_App.pdf',",tronclass.com.tw,raw/ilearn.thu.edu.tw/user/profile.html,https://ilearn.thu.edu.tw/user/profile,absolute-url
https://support.tronclass.com',support.tronclass.com',raw/ilearn.thu.edu.tw/user/profile.html,https://ilearn.thu.edu.tw/user/profile,absolute-url
https://ilearn.thu.edu.tw/market,ilearn.thu.edu.tw,raw/ilearn.thu.edu.tw/user/profile.html,https://ilearn.thu.edu.tw/user/profile,absolute-url
"https://ilearn.thu.edu.tw/chatbot/chatbot.umd.js',",ilearn.thu.edu.tw,raw/ilearn.thu.edu.tw/user/profile.html,https://ilearn.thu.edu.tw/user/profile,absolute-url
https://www.youtube.com/iframe_api,www.youtube.com,raw/ilearn.thu.edu.tw/user/profile.html,https://ilearn.thu.edu.tw/user/profile,absolute-url
https://ilearn.thu.edu.tw/video-editor',ilearn.thu.edu.tw,raw/ilearn.thu.edu.tw/user/profile.html,https://ilearn.thu.edu.tw/user/profile,absolute-url
https://get.adobe.com/flashplayer/,get.adobe.com,raw/ilearn.thu.edu.tw/user/profile.html,https://ilearn.thu.edu.tw/user/profile,absolute-url
https://ilearn.thu.edu.tw/,ilearn.thu.edu.tw,raw/ilearn.thu.edu.tw/user/project.html,https://ilearn.thu.edu.tw/user/project,absolute-url
https://www.googletagmanager.com/gtag/js,www.googletagmanager.com,raw/ilearn.thu.edu.tw/user/project.html,https://ilearn.thu.edu.tw/user/project,absolute-url
https://github.com/OWASP/CheatSheetSeries/blob/master/cheatsheets/Clickjacking_Defense_Cheat_Sheet.md#best-for-now-legacy-browser-frame-breaking-script--,github.com,raw/ilearn.thu.edu.tw/user/project.html,https://ilearn.thu.edu.tw/user/project,absolute-url
https://bam.nr-data.net,bam.nr-data.net,raw/ilearn.thu.edu.tw/user/project.html,https://ilearn.thu.edu.tw/user/project,absolute-url
https://www.google-analytics.com,www.google-analytics.com,raw/ilearn.thu.edu.tw/user/project.html,https://ilearn.thu.edu.tw/user/project,absolute-url
"https://tronclass.com.tw/public-manual/TronclassManual_System_Admin.pdf',",tronclass.com.tw,raw/ilearn.thu.edu.tw/user/project.html,https://ilearn.thu.edu.tw/user/project,absolute-url
"https://tronclass.com.tw/public-manual/TronclassManual_Administrator.pdf',",tronclass.com.tw,raw/ilearn.thu.edu.tw/user/project.html,https://ilearn.thu.edu.tw/user/project,absolute-url
"https://tronclass.com.tw/public-manual/manual-teacher.html',",tronclass.com.tw,raw/ilearn.thu.edu.tw/user/project.html,https://ilearn.thu.edu.tw/user/project,absolute-url
"https://tronclass.com.tw/public-manual/TronclassManual_Student.pdf',",tronclass.com.tw,raw/ilearn.thu.edu.tw/user/project.html,https://ilearn.thu.edu.tw/user/project,absolute-url
"https://tronclass.com.tw/public-manual/TronclassManual_App.pdf',",tronclass.com.tw,raw/ilearn.thu.edu.tw/user/project.html,https://ilearn.thu.edu.tw/user/project,absolute-url
https://support.tronclass.com',support.tronclass.com',raw/ilearn.thu.edu.tw/user/project.html,https://ilearn.thu.edu.tw/user/project,absolute-url
https://ilearn.thu.edu.tw/market,ilearn.thu.edu.tw,raw/ilearn.thu.edu.tw/user/project.html,https://ilearn.thu.edu.tw/user/project,absolute-url
"https://ilearn.thu.edu.tw/chatbot/chatbot.umd.js',",ilearn.thu.edu.tw,raw/ilearn.thu.edu.tw/user/project.html,https://ilearn.thu.edu.tw/user/project,absolute-url
https://www.youtube.com/iframe_api,www.youtube.com,raw/ilearn.thu.edu.tw/user/project.html,https://ilearn.thu.edu.tw/user/project,absolute-url
https://ilearn.thu.edu.tw/video-editor',ilearn.thu.edu.tw,raw/ilearn.thu.edu.tw/user/project.html,https://ilearn.thu.edu.tw/user/project,absolute-url
https://get.adobe.com/flashplayer/,get.adobe.com,raw/ilearn.thu.edu.tw/user/project.html,https://ilearn.thu.edu.tw/user/project,absolute-url
https://ilearn.thu.edu.tw/,ilearn.thu.edu.tw,raw/ilearn.thu.edu.tw/user/project__q_634b7b9d78.html,https://ilearn.thu.edu.tw/user/project?keyword=,absolute-url
https://www.googletagmanager.com/gtag/js,www.googletagmanager.com,raw/ilearn.thu.edu.tw/user/project__q_634b7b9d78.html,https://ilearn.thu.edu.tw/user/project?keyword=,absolute-url
https://github.com/OWASP/CheatSheetSeries/blob/master/cheatsheets/Clickjacking_Defense_Cheat_Sheet.md#best-for-now-legacy-browser-frame-breaking-script--,github.com,raw/ilearn.thu.edu.tw/user/project__q_634b7b9d78.html,https://ilearn.thu.edu.tw/user/project?keyword=,absolute-url
https://bam.nr-data.net,bam.nr-data.net,raw/ilearn.thu.edu.tw/user/project__q_634b7b9d78.html,https://ilearn.thu.edu.tw/user/project?keyword=,absolute-url
https://www.google-analytics.com,www.google-analytics.com,raw/ilearn.thu.edu.tw/user/project__q_634b7b9d78.html,https://ilearn.thu.edu.tw/user/project?keyword=,absolute-url
"https://tronclass.com.tw/public-manual/TronclassManual_System_Admin.pdf',",tronclass.com.tw,raw/ilearn.thu.edu.tw/user/project__q_634b7b9d78.html,https://ilearn.thu.edu.tw/user/project?keyword=,absolute-url
"https://tronclass.com.tw/public-manual/TronclassManual_Administrator.pdf',",tronclass.com.tw,raw/ilearn.thu.edu.tw/user/project__q_634b7b9d78.html,https://ilearn.thu.edu.tw/user/project?keyword=,absolute-url
"https://tronclass.com.tw/public-manual/manual-teacher.html',",tronclass.com.tw,raw/ilearn.thu.edu.tw/user/project__q_634b7b9d78.html,https://ilearn.thu.edu.tw/user/project?keyword=,absolute-url
"https://tronclass.com.tw/public-manual/TronclassManual_Student.pdf',",tronclass.com.tw,raw/ilearn.thu.edu.tw/user/project__q_634b7b9d78.html,https://ilearn.thu.edu.tw/user/project?keyword=,absolute-url
"https://tronclass.com.tw/public-manual/TronclassManual_App.pdf',",tronclass.com.tw,raw/ilearn.thu.edu.tw/user/project__q_634b7b9d78.html,https://ilearn.thu.edu.tw/user/project?keyword=,absolute-url
https://support.tronclass.com',support.tronclass.com',raw/ilearn.thu.edu.tw/user/project__q_634b7b9d78.html,https://ilearn.thu.edu.tw/user/project?keyword=,absolute-url
https://ilearn.thu.edu.tw/market,ilearn.thu.edu.tw,raw/ilearn.thu.edu.tw/user/project__q_634b7b9d78.html,https://ilearn.thu.edu.tw/user/project?keyword=,absolute-url
"https://ilearn.thu.edu.tw/chatbot/chatbot.umd.js',",ilearn.thu.edu.tw,raw/ilearn.thu.edu.tw/user/project__q_634b7b9d78.html,https://ilearn.thu.edu.tw/user/project?keyword=,absolute-url
https://www.youtube.com/iframe_api,www.youtube.com,raw/ilearn.thu.edu.tw/user/project__q_634b7b9d78.html,https://ilearn.thu.edu.tw/user/project?keyword=,absolute-url
https://ilearn.thu.edu.tw/video-editor',ilearn.thu.edu.tw,raw/ilearn.thu.edu.tw/user/project__q_634b7b9d78.html,https://ilearn.thu.edu.tw/user/project?keyword=,absolute-url
https://get.adobe.com/flashplayer/,get.adobe.com,raw/ilearn.thu.edu.tw/user/project__q_634b7b9d78.html,https://ilearn.thu.edu.tw/user/project?keyword=,absolute-url
https://ilearn.thu.edu.tw/,ilearn.thu.edu.tw,raw/ilearn.thu.edu.tw/user/record-preview/index.html,https://ilearn.thu.edu.tw/user/record-preview/,absolute-url
https://www.googletagmanager.com/gtag/js,www.googletagmanager.com,raw/ilearn.thu.edu.tw/user/record-preview/index.html,https://ilearn.thu.edu.tw/user/record-preview/,absolute-url
https://github.com/OWASP/CheatSheetSeries/blob/master/cheatsheets/Clickjacking_Defense_Cheat_Sheet.md#best-for-now-legacy-browser-frame-breaking-script--,github.com,raw/ilearn.thu.edu.tw/user/record-preview/index.html,https://ilearn.thu.edu.tw/user/record-preview/,absolute-url
https://bam.nr-data.net,bam.nr-data.net,raw/ilearn.thu.edu.tw/user/record-preview/index.html,https://ilearn.thu.edu.tw/user/record-preview/,absolute-url
https://www.google-analytics.com,www.google-analytics.com,raw/ilearn.thu.edu.tw/user/record-preview/index.html,https://ilearn.thu.edu.tw/user/record-preview/,absolute-url
"https://tronclass.com.tw/public-manual/TronclassManual_System_Admin.pdf',",tronclass.com.tw,raw/ilearn.thu.edu.tw/user/record-preview/index.html,https://ilearn.thu.edu.tw/user/record-preview/,absolute-url
"https://tronclass.com.tw/public-manual/TronclassManual_Administrator.pdf',",tronclass.com.tw,raw/ilearn.thu.edu.tw/user/record-preview/index.html,https://ilearn.thu.edu.tw/user/record-preview/,absolute-url
"https://tronclass.com.tw/public-manual/manual-teacher.html',",tronclass.com.tw,raw/ilearn.thu.edu.tw/user/record-preview/index.html,https://ilearn.thu.edu.tw/user/record-preview/,absolute-url
"https://tronclass.com.tw/public-manual/TronclassManual_Student.pdf',",tronclass.com.tw,raw/ilearn.thu.edu.tw/user/record-preview/index.html,https://ilearn.thu.edu.tw/user/record-preview/,absolute-url
"https://tronclass.com.tw/public-manual/TronclassManual_App.pdf',",tronclass.com.tw,raw/ilearn.thu.edu.tw/user/record-preview/index.html,https://ilearn.thu.edu.tw/user/record-preview/,absolute-url
https://support.tronclass.com',support.tronclass.com',raw/ilearn.thu.edu.tw/user/record-preview/index.html,https://ilearn.thu.edu.tw/user/record-preview/,absolute-url
https://ilearn.thu.edu.tw/market,ilearn.thu.edu.tw,raw/ilearn.thu.edu.tw/user/record-preview/index.html,https://ilearn.thu.edu.tw/user/record-preview/,absolute-url
"https://ilearn.thu.edu.tw/chatbot/chatbot.umd.js',",ilearn.thu.edu.tw,raw/ilearn.thu.edu.tw/user/record-preview/index.html,https://ilearn.thu.edu.tw/user/record-preview/,absolute-url
https://www.youtube.com/iframe_api,www.youtube.com,raw/ilearn.thu.edu.tw/user/record-preview/index.html,https://ilearn.thu.edu.tw/user/record-preview/,absolute-url
https://ilearn.thu.edu.tw/video-editor',ilearn.thu.edu.tw,raw/ilearn.thu.edu.tw/user/record-preview/index.html,https://ilearn.thu.edu.tw/user/record-preview/,absolute-url
https://get.adobe.com/flashplayer/,get.adobe.com,raw/ilearn.thu.edu.tw/user/record-preview/index.html,https://ilearn.thu.edu.tw/user/record-preview/,absolute-url
https://ilearn.thu.edu.tw/,ilearn.thu.edu.tw,raw/ilearn.thu.edu.tw/user/resource-groups.html,https://ilearn.thu.edu.tw/user/resource-groups,absolute-url
https://www.googletagmanager.com/gtag/js,www.googletagmanager.com,raw/ilearn.thu.edu.tw/user/resource-groups.html,https://ilearn.thu.edu.tw/user/resource-groups,absolute-url
https://github.com/OWASP/CheatSheetSeries/blob/master/cheatsheets/Clickjacking_Defense_Cheat_Sheet.md#best-for-now-legacy-browser-frame-breaking-script--,github.com,raw/ilearn.thu.edu.tw/user/resource-groups.html,https://ilearn.thu.edu.tw/user/resource-groups,absolute-url
https://bam.nr-data.net,bam.nr-data.net,raw/ilearn.thu.edu.tw/user/resource-groups.html,https://ilearn.thu.edu.tw/user/resource-groups,absolute-url
https://www.google-analytics.com,www.google-analytics.com,raw/ilearn.thu.edu.tw/user/resource-groups.html,https://ilearn.thu.edu.tw/user/resource-groups,absolute-url
"https://tronclass.com.tw/public-manual/TronclassManual_System_Admin.pdf',",tronclass.com.tw,raw/ilearn.thu.edu.tw/user/resource-groups.html,https://ilearn.thu.edu.tw/user/resource-groups,absolute-url
"https://tronclass.com.tw/public-manual/TronclassManual_Administrator.pdf',",tronclass.com.tw,raw/ilearn.thu.edu.tw/user/resource-groups.html,https://ilearn.thu.edu.tw/user/resource-groups,absolute-url
"https://tronclass.com.tw/public-manual/manual-teacher.html',",tronclass.com.tw,raw/ilearn.thu.edu.tw/user/resource-groups.html,https://ilearn.thu.edu.tw/user/resource-groups,absolute-url
"https://tronclass.com.tw/public-manual/TronclassManual_Student.pdf',",tronclass.com.tw,raw/ilearn.thu.edu.tw/user/resource-groups.html,https://ilearn.thu.edu.tw/user/resource-groups,absolute-url
"https://tronclass.com.tw/public-manual/TronclassManual_App.pdf',",tronclass.com.tw,raw/ilearn.thu.edu.tw/user/resource-groups.html,https://ilearn.thu.edu.tw/user/resource-groups,absolute-url
https://support.tronclass.com',support.tronclass.com',raw/ilearn.thu.edu.tw/user/resource-groups.html,https://ilearn.thu.edu.tw/user/resource-groups,absolute-url
https://ilearn.thu.edu.tw/market,ilearn.thu.edu.tw,raw/ilearn.thu.edu.tw/user/resource-groups.html,https://ilearn.thu.edu.tw/user/resource-groups,absolute-url
"https://ilearn.thu.edu.tw/chatbot/chatbot.umd.js',",ilearn.thu.edu.tw,raw/ilearn.thu.edu.tw/user/resource-groups.html,https://ilearn.thu.edu.tw/user/resource-groups,absolute-url
https://www.youtube.com/iframe_api,www.youtube.com,raw/ilearn.thu.edu.tw/user/resource-groups.html,https://ilearn.thu.edu.tw/user/resource-groups,absolute-url
https://ilearn.thu.edu.tw/video-editor',ilearn.thu.edu.tw,raw/ilearn.thu.edu.tw/user/resource-groups.html,https://ilearn.thu.edu.tw/user/resource-groups,absolute-url
https://get.adobe.com/flashplayer/,get.adobe.com,raw/ilearn.thu.edu.tw/user/resource-groups.html,https://ilearn.thu.edu.tw/user/resource-groups,absolute-url
https://ilearn.thu.edu.tw/,ilearn.thu.edu.tw,raw/ilearn.thu.edu.tw/user/resource-groups/resource/index.html,https://ilearn.thu.edu.tw/user/resource-groups/resource/,absolute-url
https://www.googletagmanager.com/gtag/js,www.googletagmanager.com,raw/ilearn.thu.edu.tw/user/resource-groups/resource/index.html,https://ilearn.thu.edu.tw/user/resource-groups/resource/,absolute-url
https://github.com/OWASP/CheatSheetSeries/blob/master/cheatsheets/Clickjacking_Defense_Cheat_Sheet.md#best-for-now-legacy-browser-frame-breaking-script--,github.com,raw/ilearn.thu.edu.tw/user/resource-groups/resource/index.html,https://ilearn.thu.edu.tw/user/resource-groups/resource/,absolute-url
https://bam.nr-data.net,bam.nr-data.net,raw/ilearn.thu.edu.tw/user/resource-groups/resource/index.html,https://ilearn.thu.edu.tw/user/resource-groups/resource/,absolute-url
https://www.google-analytics.com,www.google-analytics.com,raw/ilearn.thu.edu.tw/user/resource-groups/resource/index.html,https://ilearn.thu.edu.tw/user/resource-groups/resource/,absolute-url
"https://tronclass.com.tw/public-manual/TronclassManual_System_Admin.pdf',",tronclass.com.tw,raw/ilearn.thu.edu.tw/user/resource-groups/resource/index.html,https://ilearn.thu.edu.tw/user/resource-groups/resource/,absolute-url
"https://tronclass.com.tw/public-manual/TronclassManual_Administrator.pdf',",tronclass.com.tw,raw/ilearn.thu.edu.tw/user/resource-groups/resource/index.html,https://ilearn.thu.edu.tw/user/resource-groups/resource/,absolute-url
"https://tronclass.com.tw/public-manual/manual-teacher.html',",tronclass.com.tw,raw/ilearn.thu.edu.tw/user/resource-groups/resource/index.html,https://ilearn.thu.edu.tw/user/resource-groups/resource/,absolute-url
"https://tronclass.com.tw/public-manual/TronclassManual_Student.pdf',",tronclass.com.tw,raw/ilearn.thu.edu.tw/user/resource-groups/resource/index.html,https://ilearn.thu.edu.tw/user/resource-groups/resource/,absolute-url
"https://tronclass.com.tw/public-manual/TronclassManual_App.pdf',",tronclass.com.tw,raw/ilearn.thu.edu.tw/user/resource-groups/resource/index.html,https://ilearn.thu.edu.tw/user/resource-groups/resource/,absolute-url
https://support.tronclass.com',support.tronclass.com',raw/ilearn.thu.edu.tw/user/resource-groups/resource/index.html,https://ilearn.thu.edu.tw/user/resource-groups/resource/,absolute-url
https://ilearn.thu.edu.tw/market,ilearn.thu.edu.tw,raw/ilearn.thu.edu.tw/user/resource-groups/resource/index.html,https://ilearn.thu.edu.tw/user/resource-groups/resource/,absolute-url
"https://ilearn.thu.edu.tw/chatbot/chatbot.umd.js',",ilearn.thu.edu.tw,raw/ilearn.thu.edu.tw/user/resource-groups/resource/index.html,https://ilearn.thu.edu.tw/user/resource-groups/resource/,absolute-url
https://www.youtube.com/iframe_api,www.youtube.com,raw/ilearn.thu.edu.tw/user/resource-groups/resource/index.html,https://ilearn.thu.edu.tw/user/resource-groups/resource/,absolute-url
https://ilearn.thu.edu.tw/video-editor',ilearn.thu.edu.tw,raw/ilearn.thu.edu.tw/user/resource-groups/resource/index.html,https://ilearn.thu.edu.tw/user/resource-groups/resource/,absolute-url
https://get.adobe.com/flashplayer/,get.adobe.com,raw/ilearn.thu.edu.tw/user/resource-groups/resource/index.html,https://ilearn.thu.edu.tw/user/resource-groups/resource/,absolute-url
https://ilearn.thu.edu.tw/,ilearn.thu.edu.tw,raw/ilearn.thu.edu.tw/user/resources/avatarBigUrl.html,https://ilearn.thu.edu.tw/user/resources/avatarBigUrl,absolute-url
https://www.googletagmanager.com/gtag/js,www.googletagmanager.com,raw/ilearn.thu.edu.tw/user/resources/avatarBigUrl.html,https://ilearn.thu.edu.tw/user/resources/avatarBigUrl,absolute-url
https://github.com/OWASP/CheatSheetSeries/blob/master/cheatsheets/Clickjacking_Defense_Cheat_Sheet.md#best-for-now-legacy-browser-frame-breaking-script--,github.com,raw/ilearn.thu.edu.tw/user/resources/avatarBigUrl.html,https://ilearn.thu.edu.tw/user/resources/avatarBigUrl,absolute-url
https://bam.nr-data.net,bam.nr-data.net,raw/ilearn.thu.edu.tw/user/resources/avatarBigUrl.html,https://ilearn.thu.edu.tw/user/resources/avatarBigUrl,absolute-url
https://www.google-analytics.com,www.google-analytics.com,raw/ilearn.thu.edu.tw/user/resources/avatarBigUrl.html,https://ilearn.thu.edu.tw/user/resources/avatarBigUrl,absolute-url
"https://tronclass.com.tw/public-manual/TronclassManual_System_Admin.pdf',",tronclass.com.tw,raw/ilearn.thu.edu.tw/user/resources/avatarBigUrl.html,https://ilearn.thu.edu.tw/user/resources/avatarBigUrl,absolute-url
"https://tronclass.com.tw/public-manual/TronclassManual_Administrator.pdf',",tronclass.com.tw,raw/ilearn.thu.edu.tw/user/resources/avatarBigUrl.html,https://ilearn.thu.edu.tw/user/resources/avatarBigUrl,absolute-url
"https://tronclass.com.tw/public-manual/manual-teacher.html',",tronclass.com.tw,raw/ilearn.thu.edu.tw/user/resources/avatarBigUrl.html,https://ilearn.thu.edu.tw/user/resources/avatarBigUrl,absolute-url
"https://tronclass.com.tw/public-manual/TronclassManual_Student.pdf',",tronclass.com.tw,raw/ilearn.thu.edu.tw/user/resources/avatarBigUrl.html,https://ilearn.thu.edu.tw/user/resources/avatarBigUrl,absolute-url
"https://tronclass.com.tw/public-manual/TronclassManual_App.pdf',",tronclass.com.tw,raw/ilearn.thu.edu.tw/user/resources/avatarBigUrl.html,https://ilearn.thu.edu.tw/user/resources/avatarBigUrl,absolute-url
https://support.tronclass.com',support.tronclass.com',raw/ilearn.thu.edu.tw/user/resources/avatarBigUrl.html,https://ilearn.thu.edu.tw/user/resources/avatarBigUrl,absolute-url
https://ilearn.thu.edu.tw/market,ilearn.thu.edu.tw,raw/ilearn.thu.edu.tw/user/resources/avatarBigUrl.html,https://ilearn.thu.edu.tw/user/resources/avatarBigUrl,absolute-url
"https://ilearn.thu.edu.tw/chatbot/chatbot.umd.js',",ilearn.thu.edu.tw,raw/ilearn.thu.edu.tw/user/resources/avatarBigUrl.html,https://ilearn.thu.edu.tw/user/resources/avatarBigUrl,absolute-url
https://www.youtube.com/iframe_api,www.youtube.com,raw/ilearn.thu.edu.tw/user/resources/avatarBigUrl.html,https://ilearn.thu.edu.tw/user/resources/avatarBigUrl,absolute-url
https://ilearn.thu.edu.tw/video-editor',ilearn.thu.edu.tw,raw/ilearn.thu.edu.tw/user/resources/avatarBigUrl.html,https://ilearn.thu.edu.tw/user/resources/avatarBigUrl,absolute-url
https://get.adobe.com/flashplayer/,get.adobe.com,raw/ilearn.thu.edu.tw/user/resources/avatarBigUrl.html,https://ilearn.thu.edu.tw/user/resources/avatarBigUrl,absolute-url
https://ilearn.thu.edu.tw/,ilearn.thu.edu.tw,raw/ilearn.thu.edu.tw/user/resources/avatarSmallUrl.html,https://ilearn.thu.edu.tw/user/resources/avatarSmallUrl,absolute-url
https://www.googletagmanager.com/gtag/js,www.googletagmanager.com,raw/ilearn.thu.edu.tw/user/resources/avatarSmallUrl.html,https://ilearn.thu.edu.tw/user/resources/avatarSmallUrl,absolute-url
https://github.com/OWASP/CheatSheetSeries/blob/master/cheatsheets/Clickjacking_Defense_Cheat_Sheet.md#best-for-now-legacy-browser-frame-breaking-script--,github.com,raw/ilearn.thu.edu.tw/user/resources/avatarSmallUrl.html,https://ilearn.thu.edu.tw/user/resources/avatarSmallUrl,absolute-url
https://bam.nr-data.net,bam.nr-data.net,raw/ilearn.thu.edu.tw/user/resources/avatarSmallUrl.html,https://ilearn.thu.edu.tw/user/resources/avatarSmallUrl,absolute-url
https://www.google-analytics.com,www.google-analytics.com,raw/ilearn.thu.edu.tw/user/resources/avatarSmallUrl.html,https://ilearn.thu.edu.tw/user/resources/avatarSmallUrl,absolute-url
"https://tronclass.com.tw/public-manual/TronclassManual_System_Admin.pdf',",tronclass.com.tw,raw/ilearn.thu.edu.tw/user/resources/avatarSmallUrl.html,https://ilearn.thu.edu.tw/user/resources/avatarSmallUrl,absolute-url
"https://tronclass.com.tw/public-manual/TronclassManual_Administrator.pdf',",tronclass.com.tw,raw/ilearn.thu.edu.tw/user/resources/avatarSmallUrl.html,https://ilearn.thu.edu.tw/user/resources/avatarSmallUrl,absolute-url
"https://tronclass.com.tw/public-manual/manual-teacher.html',",tronclass.com.tw,raw/ilearn.thu.edu.tw/user/resources/avatarSmallUrl.html,https://ilearn.thu.edu.tw/user/resources/avatarSmallUrl,absolute-url
"https://tronclass.com.tw/public-manual/TronclassManual_Student.pdf',",tronclass.com.tw,raw/ilearn.thu.edu.tw/user/resources/avatarSmallUrl.html,https://ilearn.thu.edu.tw/user/resources/avatarSmallUrl,absolute-url
"https://tronclass.com.tw/public-manual/TronclassManual_App.pdf',",tronclass.com.tw,raw/ilearn.thu.edu.tw/user/resources/avatarSmallUrl.html,https://ilearn.thu.edu.tw/user/resources/avatarSmallUrl,absolute-url
https://support.tronclass.com',support.tronclass.com',raw/ilearn.thu.edu.tw/user/resources/avatarSmallUrl.html,https://ilearn.thu.edu.tw/user/resources/avatarSmallUrl,absolute-url
https://ilearn.thu.edu.tw/market,ilearn.thu.edu.tw,raw/ilearn.thu.edu.tw/user/resources/avatarSmallUrl.html,https://ilearn.thu.edu.tw/user/resources/avatarSmallUrl,absolute-url
"https://ilearn.thu.edu.tw/chatbot/chatbot.umd.js',",ilearn.thu.edu.tw,raw/ilearn.thu.edu.tw/user/resources/avatarSmallUrl.html,https://ilearn.thu.edu.tw/user/resources/avatarSmallUrl,absolute-url
https://www.youtube.com/iframe_api,www.youtube.com,raw/ilearn.thu.edu.tw/user/resources/avatarSmallUrl.html,https://ilearn.thu.edu.tw/user/resources/avatarSmallUrl,absolute-url
https://ilearn.thu.edu.tw/video-editor',ilearn.thu.edu.tw,raw/ilearn.thu.edu.tw/user/resources/avatarSmallUrl.html,https://ilearn.thu.edu.tw/user/resources/avatarSmallUrl,absolute-url
https://get.adobe.com/flashplayer/,get.adobe.com,raw/ilearn.thu.edu.tw/user/resources/avatarSmallUrl.html,https://ilearn.thu.edu.tw/user/resources/avatarSmallUrl,absolute-url
https://ilearn.thu.edu.tw/,ilearn.thu.edu.tw,raw/ilearn.thu.edu.tw/user/resources/capture_url.html,https://ilearn.thu.edu.tw/user/resources/capture_url,absolute-url
https://www.googletagmanager.com/gtag/js,www.googletagmanager.com,raw/ilearn.thu.edu.tw/user/resources/capture_url.html,https://ilearn.thu.edu.tw/user/resources/capture_url,absolute-url
https://github.com/OWASP/CheatSheetSeries/blob/master/cheatsheets/Clickjacking_Defense_Cheat_Sheet.md#best-for-now-legacy-browser-frame-breaking-script--,github.com,raw/ilearn.thu.edu.tw/user/resources/capture_url.html,https://ilearn.thu.edu.tw/user/resources/capture_url,absolute-url
https://bam.nr-data.net,bam.nr-data.net,raw/ilearn.thu.edu.tw/user/resources/capture_url.html,https://ilearn.thu.edu.tw/user/resources/capture_url,absolute-url
https://www.google-analytics.com,www.google-analytics.com,raw/ilearn.thu.edu.tw/user/resources/capture_url.html,https://ilearn.thu.edu.tw/user/resources/capture_url,absolute-url
"https://tronclass.com.tw/public-manual/TronclassManual_System_Admin.pdf',",tronclass.com.tw,raw/ilearn.thu.edu.tw/user/resources/capture_url.html,https://ilearn.thu.edu.tw/user/resources/capture_url,absolute-url
"https://tronclass.com.tw/public-manual/TronclassManual_Administrator.pdf',",tronclass.com.tw,raw/ilearn.thu.edu.tw/user/resources/capture_url.html,https://ilearn.thu.edu.tw/user/resources/capture_url,absolute-url
"https://tronclass.com.tw/public-manual/manual-teacher.html',",tronclass.com.tw,raw/ilearn.thu.edu.tw/user/resources/capture_url.html,https://ilearn.thu.edu.tw/user/resources/capture_url,absolute-url
"https://tronclass.com.tw/public-manual/TronclassManual_Student.pdf',",tronclass.com.tw,raw/ilearn.thu.edu.tw/user/resources/capture_url.html,https://ilearn.thu.edu.tw/user/resources/capture_url,absolute-url
"https://tronclass.com.tw/public-manual/TronclassManual_App.pdf',",tronclass.com.tw,raw/ilearn.thu.edu.tw/user/resources/capture_url.html,https://ilearn.thu.edu.tw/user/resources/capture_url,absolute-url
https://support.tronclass.com',support.tronclass.com',raw/ilearn.thu.edu.tw/user/resources/capture_url.html,https://ilearn.thu.edu.tw/user/resources/capture_url,absolute-url
https://ilearn.thu.edu.tw/market,ilearn.thu.edu.tw,raw/ilearn.thu.edu.tw/user/resources/capture_url.html,https://ilearn.thu.edu.tw/user/resources/capture_url,absolute-url
"https://ilearn.thu.edu.tw/chatbot/chatbot.umd.js',",ilearn.thu.edu.tw,raw/ilearn.thu.edu.tw/user/resources/capture_url.html,https://ilearn.thu.edu.tw/user/resources/capture_url,absolute-url
https://www.youtube.com/iframe_api,www.youtube.com,raw/ilearn.thu.edu.tw/user/resources/capture_url.html,https://ilearn.thu.edu.tw/user/resources/capture_url,absolute-url
https://ilearn.thu.edu.tw/video-editor',ilearn.thu.edu.tw,raw/ilearn.thu.edu.tw/user/resources/capture_url.html,https://ilearn.thu.edu.tw/user/resources/capture_url,absolute-url
https://get.adobe.com/flashplayer/,get.adobe.com,raw/ilearn.thu.edu.tw/user/resources/capture_url.html,https://ilearn.thu.edu.tw/user/resources/capture_url,absolute-url
https://ilearn.thu.edu.tw/,ilearn.thu.edu.tw,raw/ilearn.thu.edu.tw/user/resources/collection.html,https://ilearn.thu.edu.tw/user/resources/collection,absolute-url
https://www.googletagmanager.com/gtag/js,www.googletagmanager.com,raw/ilearn.thu.edu.tw/user/resources/collection.html,https://ilearn.thu.edu.tw/user/resources/collection,absolute-url
https://github.com/OWASP/CheatSheetSeries/blob/master/cheatsheets/Clickjacking_Defense_Cheat_Sheet.md#best-for-now-legacy-browser-frame-breaking-script--,github.com,raw/ilearn.thu.edu.tw/user/resources/collection.html,https://ilearn.thu.edu.tw/user/resources/collection,absolute-url
https://bam.nr-data.net,bam.nr-data.net,raw/ilearn.thu.edu.tw/user/resources/collection.html,https://ilearn.thu.edu.tw/user/resources/collection,absolute-url
https://www.google-analytics.com,www.google-analytics.com,raw/ilearn.thu.edu.tw/user/resources/collection.html,https://ilearn.thu.edu.tw/user/resources/collection,absolute-url
"https://tronclass.com.tw/public-manual/TronclassManual_System_Admin.pdf',",tronclass.com.tw,raw/ilearn.thu.edu.tw/user/resources/collection.html,https://ilearn.thu.edu.tw/user/resources/collection,absolute-url
"https://tronclass.com.tw/public-manual/TronclassManual_Administrator.pdf',",tronclass.com.tw,raw/ilearn.thu.edu.tw/user/resources/collection.html,https://ilearn.thu.edu.tw/user/resources/collection,absolute-url
"https://tronclass.com.tw/public-manual/manual-teacher.html',",tronclass.com.tw,raw/ilearn.thu.edu.tw/user/resources/collection.html,https://ilearn.thu.edu.tw/user/resources/collection,absolute-url
"https://tronclass.com.tw/public-manual/TronclassManual_Student.pdf',",tronclass.com.tw,raw/ilearn.thu.edu.tw/user/resources/collection.html,https://ilearn.thu.edu.tw/user/resources/collection,absolute-url
"https://tronclass.com.tw/public-manual/TronclassManual_App.pdf',",tronclass.com.tw,raw/ilearn.thu.edu.tw/user/resources/collection.html,https://ilearn.thu.edu.tw/user/resources/collection,absolute-url
https://support.tronclass.com',support.tronclass.com',raw/ilearn.thu.edu.tw/user/resources/collection.html,https://ilearn.thu.edu.tw/user/resources/collection,absolute-url
https://ilearn.thu.edu.tw/market,ilearn.thu.edu.tw,raw/ilearn.thu.edu.tw/user/resources/collection.html,https://ilearn.thu.edu.tw/user/resources/collection,absolute-url
"https://ilearn.thu.edu.tw/chatbot/chatbot.umd.js',",ilearn.thu.edu.tw,raw/ilearn.thu.edu.tw/user/resources/collection.html,https://ilearn.thu.edu.tw/user/resources/collection,absolute-url
https://www.youtube.com/iframe_api,www.youtube.com,raw/ilearn.thu.edu.tw/user/resources/collection.html,https://ilearn.thu.edu.tw/user/resources/collection,absolute-url
https://ilearn.thu.edu.tw/video-editor',ilearn.thu.edu.tw,raw/ilearn.thu.edu.tw/user/resources/collection.html,https://ilearn.thu.edu.tw/user/resources/collection,absolute-url
https://get.adobe.com/flashplayer/,get.adobe.com,raw/ilearn.thu.edu.tw/user/resources/collection.html,https://ilearn.thu.edu.tw/user/resources/collection,absolute-url
https://ilearn.thu.edu.tw/,ilearn.thu.edu.tw,raw/ilearn.thu.edu.tw/user/resources/entries/index.html,https://ilearn.thu.edu.tw/user/resources/entries/,absolute-url
https://www.googletagmanager.com/gtag/js,www.googletagmanager.com,raw/ilearn.thu.edu.tw/user/resources/entries/index.html,https://ilearn.thu.edu.tw/user/resources/entries/,absolute-url
https://github.com/OWASP/CheatSheetSeries/blob/master/cheatsheets/Clickjacking_Defense_Cheat_Sheet.md#best-for-now-legacy-browser-frame-breaking-script--,github.com,raw/ilearn.thu.edu.tw/user/resources/entries/index.html,https://ilearn.thu.edu.tw/user/resources/entries/,absolute-url
https://bam.nr-data.net,bam.nr-data.net,raw/ilearn.thu.edu.tw/user/resources/entries/index.html,https://ilearn.thu.edu.tw/user/resources/entries/,absolute-url
https://www.google-analytics.com,www.google-analytics.com,raw/ilearn.thu.edu.tw/user/resources/entries/index.html,https://ilearn.thu.edu.tw/user/resources/entries/,absolute-url
"https://tronclass.com.tw/public-manual/TronclassManual_System_Admin.pdf',",tronclass.com.tw,raw/ilearn.thu.edu.tw/user/resources/entries/index.html,https://ilearn.thu.edu.tw/user/resources/entries/,absolute-url
"https://tronclass.com.tw/public-manual/TronclassManual_Administrator.pdf',",tronclass.com.tw,raw/ilearn.thu.edu.tw/user/resources/entries/index.html,https://ilearn.thu.edu.tw/user/resources/entries/,absolute-url
"https://tronclass.com.tw/public-manual/manual-teacher.html',",tronclass.com.tw,raw/ilearn.thu.edu.tw/user/resources/entries/index.html,https://ilearn.thu.edu.tw/user/resources/entries/,absolute-url
"https://tronclass.com.tw/public-manual/TronclassManual_Student.pdf',",tronclass.com.tw,raw/ilearn.thu.edu.tw/user/resources/entries/index.html,https://ilearn.thu.edu.tw/user/resources/entries/,absolute-url
"https://tronclass.com.tw/public-manual/TronclassManual_App.pdf',",tronclass.com.tw,raw/ilearn.thu.edu.tw/user/resources/entries/index.html,https://ilearn.thu.edu.tw/user/resources/entries/,absolute-url
https://support.tronclass.com',support.tronclass.com',raw/ilearn.thu.edu.tw/user/resources/entries/index.html,https://ilearn.thu.edu.tw/user/resources/entries/,absolute-url
https://ilearn.thu.edu.tw/market,ilearn.thu.edu.tw,raw/ilearn.thu.edu.tw/user/resources/entries/index.html,https://ilearn.thu.edu.tw/user/resources/entries/,absolute-url
"https://ilearn.thu.edu.tw/chatbot/chatbot.umd.js',",ilearn.thu.edu.tw,raw/ilearn.thu.edu.tw/user/resources/entries/index.html,https://ilearn.thu.edu.tw/user/resources/entries/,absolute-url
https://www.youtube.com/iframe_api,www.youtube.com,raw/ilearn.thu.edu.tw/user/resources/entries/index.html,https://ilearn.thu.edu.tw/user/resources/entries/,absolute-url
https://ilearn.thu.edu.tw/video-editor',ilearn.thu.edu.tw,raw/ilearn.thu.edu.tw/user/resources/entries/index.html,https://ilearn.thu.edu.tw/user/resources/entries/,absolute-url
https://get.adobe.com/flashplayer/,get.adobe.com,raw/ilearn.thu.edu.tw/user/resources/entries/index.html,https://ilearn.thu.edu.tw/user/resources/entries/,absolute-url
https://ilearn.thu.edu.tw/,ilearn.thu.edu.tw,raw/ilearn.thu.edu.tw/user/resources/files.html,https://ilearn.thu.edu.tw/user/resources/files,absolute-url
https://www.googletagmanager.com/gtag/js,www.googletagmanager.com,raw/ilearn.thu.edu.tw/user/resources/files.html,https://ilearn.thu.edu.tw/user/resources/files,absolute-url
https://github.com/OWASP/CheatSheetSeries/blob/master/cheatsheets/Clickjacking_Defense_Cheat_Sheet.md#best-for-now-legacy-browser-frame-breaking-script--,github.com,raw/ilearn.thu.edu.tw/user/resources/files.html,https://ilearn.thu.edu.tw/user/resources/files,absolute-url
https://bam.nr-data.net,bam.nr-data.net,raw/ilearn.thu.edu.tw/user/resources/files.html,https://ilearn.thu.edu.tw/user/resources/files,absolute-url
https://www.google-analytics.com,www.google-analytics.com,raw/ilearn.thu.edu.tw/user/resources/files.html,https://ilearn.thu.edu.tw/user/resources/files,absolute-url
"https://tronclass.com.tw/public-manual/TronclassManual_System_Admin.pdf',",tronclass.com.tw,raw/ilearn.thu.edu.tw/user/resources/files.html,https://ilearn.thu.edu.tw/user/resources/files,absolute-url
"https://tronclass.com.tw/public-manual/TronclassManual_Administrator.pdf',",tronclass.com.tw,raw/ilearn.thu.edu.tw/user/resources/files.html,https://ilearn.thu.edu.tw/user/resources/files,absolute-url
"https://tronclass.com.tw/public-manual/manual-teacher.html',",tronclass.com.tw,raw/ilearn.thu.edu.tw/user/resources/files.html,https://ilearn.thu.edu.tw/user/resources/files,absolute-url
"https://tronclass.com.tw/public-manual/TronclassManual_Student.pdf',",tronclass.com.tw,raw/ilearn.thu.edu.tw/user/resources/files.html,https://ilearn.thu.edu.tw/user/resources/files,absolute-url
"https://tronclass.com.tw/public-manual/TronclassManual_App.pdf',",tronclass.com.tw,raw/ilearn.thu.edu.tw/user/resources/files.html,https://ilearn.thu.edu.tw/user/resources/files,absolute-url
https://support.tronclass.com',support.tronclass.com',raw/ilearn.thu.edu.tw/user/resources/files.html,https://ilearn.thu.edu.tw/user/resources/files,absolute-url
https://ilearn.thu.edu.tw/market,ilearn.thu.edu.tw,raw/ilearn.thu.edu.tw/user/resources/files.html,https://ilearn.thu.edu.tw/user/resources/files,absolute-url
"https://ilearn.thu.edu.tw/chatbot/chatbot.umd.js',",ilearn.thu.edu.tw,raw/ilearn.thu.edu.tw/user/resources/files.html,https://ilearn.thu.edu.tw/user/resources/files,absolute-url
https://ilearn.thu.edu.tw/video-editor/api/media-clip-tasks/progress?no-intercept=true';,ilearn.thu.edu.tw,raw/ilearn.thu.edu.tw/user/resources/files.html,https://ilearn.thu.edu.tw/user/resources/files,absolute-url
http://www.w3.org/{id}/html,www.w3.org,raw/ilearn.thu.edu.tw/user/resources/files.html,https://ilearn.thu.edu.tw/user/resources/files,absolute-url
https://www.youtube.com/iframe_api,www.youtube.com,raw/ilearn.thu.edu.tw/user/resources/files.html,https://ilearn.thu.edu.tw/user/resources/files,absolute-url
https://ilearn.thu.edu.tw/video-editor',ilearn.thu.edu.tw,raw/ilearn.thu.edu.tw/user/resources/files.html,https://ilearn.thu.edu.tw/user/resources/files,absolute-url
https://get.adobe.com/flashplayer/,get.adobe.com,raw/ilearn.thu.edu.tw/user/resources/files.html,https://ilearn.thu.edu.tw/user/resources/files,absolute-url
https://ilearn.thu.edu.tw/,ilearn.thu.edu.tw,raw/ilearn.thu.edu.tw/user/resources/lesson_resource_url.html,https://ilearn.thu.edu.tw/user/resources/lesson_resource_url,absolute-url
https://www.googletagmanager.com/gtag/js,www.googletagmanager.com,raw/ilearn.thu.edu.tw/user/resources/lesson_resource_url.html,https://ilearn.thu.edu.tw/user/resources/lesson_resource_url,absolute-url
https://github.com/OWASP/CheatSheetSeries/blob/master/cheatsheets/Clickjacking_Defense_Cheat_Sheet.md#best-for-now-legacy-browser-frame-breaking-script--,github.com,raw/ilearn.thu.edu.tw/user/resources/lesson_resource_url.html,https://ilearn.thu.edu.tw/user/resources/lesson_resource_url,absolute-url
https://bam.nr-data.net,bam.nr-data.net,raw/ilearn.thu.edu.tw/user/resources/lesson_resource_url.html,https://ilearn.thu.edu.tw/user/resources/lesson_resource_url,absolute-url
https://www.google-analytics.com,www.google-analytics.com,raw/ilearn.thu.edu.tw/user/resources/lesson_resource_url.html,https://ilearn.thu.edu.tw/user/resources/lesson_resource_url,absolute-url
"https://tronclass.com.tw/public-manual/TronclassManual_System_Admin.pdf',",tronclass.com.tw,raw/ilearn.thu.edu.tw/user/resources/lesson_resource_url.html,https://ilearn.thu.edu.tw/user/resources/lesson_resource_url,absolute-url
"https://tronclass.com.tw/public-manual/TronclassManual_Administrator.pdf',",tronclass.com.tw,raw/ilearn.thu.edu.tw/user/resources/lesson_resource_url.html,https://ilearn.thu.edu.tw/user/resources/lesson_resource_url,absolute-url
"https://tronclass.com.tw/public-manual/manual-teacher.html',",tronclass.com.tw,raw/ilearn.thu.edu.tw/user/resources/lesson_resource_url.html,https://ilearn.thu.edu.tw/user/resources/lesson_resource_url,absolute-url
"https://tronclass.com.tw/public-manual/TronclassManual_Student.pdf',",tronclass.com.tw,raw/ilearn.thu.edu.tw/user/resources/lesson_resource_url.html,https://ilearn.thu.edu.tw/user/resources/lesson_resource_url,absolute-url
"https://tronclass.com.tw/public-manual/TronclassManual_App.pdf',",tronclass.com.tw,raw/ilearn.thu.edu.tw/user/resources/lesson_resource_url.html,https://ilearn.thu.edu.tw/user/resources/lesson_resource_url,absolute-url
https://support.tronclass.com',support.tronclass.com',raw/ilearn.thu.edu.tw/user/resources/lesson_resource_url.html,https://ilearn.thu.edu.tw/user/resources/lesson_resource_url,absolute-url
https://ilearn.thu.edu.tw/market,ilearn.thu.edu.tw,raw/ilearn.thu.edu.tw/user/resources/lesson_resource_url.html,https://ilearn.thu.edu.tw/user/resources/lesson_resource_url,absolute-url
"https://ilearn.thu.edu.tw/chatbot/chatbot.umd.js',",ilearn.thu.edu.tw,raw/ilearn.thu.edu.tw/user/resources/lesson_resource_url.html,https://ilearn.thu.edu.tw/user/resources/lesson_resource_url,absolute-url
https://www.youtube.com/iframe_api,www.youtube.com,raw/ilearn.thu.edu.tw/user/resources/lesson_resource_url.html,https://ilearn.thu.edu.tw/user/resources/lesson_resource_url,absolute-url
https://ilearn.thu.edu.tw/video-editor',ilearn.thu.edu.tw,raw/ilearn.thu.edu.tw/user/resources/lesson_resource_url.html,https://ilearn.thu.edu.tw/user/resources/lesson_resource_url,absolute-url
https://get.adobe.com/flashplayer/,get.adobe.com,raw/ilearn.thu.edu.tw/user/resources/lesson_resource_url.html,https://ilearn.thu.edu.tw/user/resources/lesson_resource_url,absolute-url
https://ilearn.thu.edu.tw/,ilearn.thu.edu.tw,raw/ilearn.thu.edu.tw/user/resources/manualUrl.html,https://ilearn.thu.edu.tw/user/resources/manualUrl,absolute-url
https://www.googletagmanager.com/gtag/js,www.googletagmanager.com,raw/ilearn.thu.edu.tw/user/resources/manualUrl.html,https://ilearn.thu.edu.tw/user/resources/manualUrl,absolute-url
https://github.com/OWASP/CheatSheetSeries/blob/master/cheatsheets/Clickjacking_Defense_Cheat_Sheet.md#best-for-now-legacy-browser-frame-breaking-script--,github.com,raw/ilearn.thu.edu.tw/user/resources/manualUrl.html,https://ilearn.thu.edu.tw/user/resources/manualUrl,absolute-url
https://bam.nr-data.net,bam.nr-data.net,raw/ilearn.thu.edu.tw/user/resources/manualUrl.html,https://ilearn.thu.edu.tw/user/resources/manualUrl,absolute-url
https://www.google-analytics.com,www.google-analytics.com,raw/ilearn.thu.edu.tw/user/resources/manualUrl.html,https://ilearn.thu.edu.tw/user/resources/manualUrl,absolute-url
"https://tronclass.com.tw/public-manual/TronclassManual_System_Admin.pdf',",tronclass.com.tw,raw/ilearn.thu.edu.tw/user/resources/manualUrl.html,https://ilearn.thu.edu.tw/user/resources/manualUrl,absolute-url
"https://tronclass.com.tw/public-manual/TronclassManual_Administrator.pdf',",tronclass.com.tw,raw/ilearn.thu.edu.tw/user/resources/manualUrl.html,https://ilearn.thu.edu.tw/user/resources/manualUrl,absolute-url
"https://tronclass.com.tw/public-manual/manual-teacher.html',",tronclass.com.tw,raw/ilearn.thu.edu.tw/user/resources/manualUrl.html,https://ilearn.thu.edu.tw/user/resources/manualUrl,absolute-url
"https://tronclass.com.tw/public-manual/TronclassManual_Student.pdf',",tronclass.com.tw,raw/ilearn.thu.edu.tw/user/resources/manualUrl.html,https://ilearn.thu.edu.tw/user/resources/manualUrl,absolute-url
"https://tronclass.com.tw/public-manual/TronclassManual_App.pdf',",tronclass.com.tw,raw/ilearn.thu.edu.tw/user/resources/manualUrl.html,https://ilearn.thu.edu.tw/user/resources/manualUrl,absolute-url
https://support.tronclass.com',support.tronclass.com',raw/ilearn.thu.edu.tw/user/resources/manualUrl.html,https://ilearn.thu.edu.tw/user/resources/manualUrl,absolute-url
https://ilearn.thu.edu.tw/market,ilearn.thu.edu.tw,raw/ilearn.thu.edu.tw/user/resources/manualUrl.html,https://ilearn.thu.edu.tw/user/resources/manualUrl,absolute-url
"https://ilearn.thu.edu.tw/chatbot/chatbot.umd.js',",ilearn.thu.edu.tw,raw/ilearn.thu.edu.tw/user/resources/manualUrl.html,https://ilearn.thu.edu.tw/user/resources/manualUrl,absolute-url
https://www.youtube.com/iframe_api,www.youtube.com,raw/ilearn.thu.edu.tw/user/resources/manualUrl.html,https://ilearn.thu.edu.tw/user/resources/manualUrl,absolute-url
https://ilearn.thu.edu.tw/video-editor',ilearn.thu.edu.tw,raw/ilearn.thu.edu.tw/user/resources/manualUrl.html,https://ilearn.thu.edu.tw/user/resources/manualUrl,absolute-url
https://get.adobe.com/flashplayer/,get.adobe.com,raw/ilearn.thu.edu.tw/user/resources/manualUrl.html,https://ilearn.thu.edu.tw/user/resources/manualUrl,absolute-url
https://ilearn.thu.edu.tw/,ilearn.thu.edu.tw,raw/ilearn.thu.edu.tw/user/resources/rubrics.html,https://ilearn.thu.edu.tw/user/resources/rubrics,absolute-url
https://www.googletagmanager.com/gtag/js,www.googletagmanager.com,raw/ilearn.thu.edu.tw/user/resources/rubrics.html,https://ilearn.thu.edu.tw/user/resources/rubrics,absolute-url
https://github.com/OWASP/CheatSheetSeries/blob/master/cheatsheets/Clickjacking_Defense_Cheat_Sheet.md#best-for-now-legacy-browser-frame-breaking-script--,github.com,raw/ilearn.thu.edu.tw/user/resources/rubrics.html,https://ilearn.thu.edu.tw/user/resources/rubrics,absolute-url
https://bam.nr-data.net,bam.nr-data.net,raw/ilearn.thu.edu.tw/user/resources/rubrics.html,https://ilearn.thu.edu.tw/user/resources/rubrics,absolute-url
https://www.google-analytics.com,www.google-analytics.com,raw/ilearn.thu.edu.tw/user/resources/rubrics.html,https://ilearn.thu.edu.tw/user/resources/rubrics,absolute-url
"https://tronclass.com.tw/public-manual/TronclassManual_System_Admin.pdf',",tronclass.com.tw,raw/ilearn.thu.edu.tw/user/resources/rubrics.html,https://ilearn.thu.edu.tw/user/resources/rubrics,absolute-url
"https://tronclass.com.tw/public-manual/TronclassManual_Administrator.pdf',",tronclass.com.tw,raw/ilearn.thu.edu.tw/user/resources/rubrics.html,https://ilearn.thu.edu.tw/user/resources/rubrics,absolute-url
"https://tronclass.com.tw/public-manual/manual-teacher.html',",tronclass.com.tw,raw/ilearn.thu.edu.tw/user/resources/rubrics.html,https://ilearn.thu.edu.tw/user/resources/rubrics,absolute-url
"https://tronclass.com.tw/public-manual/TronclassManual_Student.pdf',",tronclass.com.tw,raw/ilearn.thu.edu.tw/user/resources/rubrics.html,https://ilearn.thu.edu.tw/user/resources/rubrics,absolute-url
"https://tronclass.com.tw/public-manual/TronclassManual_App.pdf',",tronclass.com.tw,raw/ilearn.thu.edu.tw/user/resources/rubrics.html,https://ilearn.thu.edu.tw/user/resources/rubrics,absolute-url
https://support.tronclass.com',support.tronclass.com',raw/ilearn.thu.edu.tw/user/resources/rubrics.html,https://ilearn.thu.edu.tw/user/resources/rubrics,absolute-url
https://ilearn.thu.edu.tw/market,ilearn.thu.edu.tw,raw/ilearn.thu.edu.tw/user/resources/rubrics.html,https://ilearn.thu.edu.tw/user/resources/rubrics,absolute-url
"https://ilearn.thu.edu.tw/chatbot/chatbot.umd.js',",ilearn.thu.edu.tw,raw/ilearn.thu.edu.tw/user/resources/rubrics.html,https://ilearn.thu.edu.tw/user/resources/rubrics,absolute-url
https://www.youtube.com/iframe_api,www.youtube.com,raw/ilearn.thu.edu.tw/user/resources/rubrics.html,https://ilearn.thu.edu.tw/user/resources/rubrics,absolute-url
https://ilearn.thu.edu.tw/video-editor',ilearn.thu.edu.tw,raw/ilearn.thu.edu.tw/user/resources/rubrics.html,https://ilearn.thu.edu.tw/user/resources/rubrics,absolute-url
https://get.adobe.com/flashplayer/,get.adobe.com,raw/ilearn.thu.edu.tw/user/resources/rubrics.html,https://ilearn.thu.edu.tw/user/resources/rubrics,absolute-url
https://ilearn.thu.edu.tw/,ilearn.thu.edu.tw,raw/ilearn.thu.edu.tw/user/resources/share-to-courses__q_f330520a40.html,https://ilearn.thu.edu.tw/user/resources/share-to-courses?upload_ids=,absolute-url
https://www.googletagmanager.com/gtag/js,www.googletagmanager.com,raw/ilearn.thu.edu.tw/user/resources/share-to-courses__q_f330520a40.html,https://ilearn.thu.edu.tw/user/resources/share-to-courses?upload_ids=,absolute-url
https://github.com/OWASP/CheatSheetSeries/blob/master/cheatsheets/Clickjacking_Defense_Cheat_Sheet.md#best-for-now-legacy-browser-frame-breaking-script--,github.com,raw/ilearn.thu.edu.tw/user/resources/share-to-courses__q_f330520a40.html,https://ilearn.thu.edu.tw/user/resources/share-to-courses?upload_ids=,absolute-url
https://bam.nr-data.net,bam.nr-data.net,raw/ilearn.thu.edu.tw/user/resources/share-to-courses__q_f330520a40.html,https://ilearn.thu.edu.tw/user/resources/share-to-courses?upload_ids=,absolute-url
https://www.google-analytics.com,www.google-analytics.com,raw/ilearn.thu.edu.tw/user/resources/share-to-courses__q_f330520a40.html,https://ilearn.thu.edu.tw/user/resources/share-to-courses?upload_ids=,absolute-url
"https://tronclass.com.tw/public-manual/TronclassManual_System_Admin.pdf',",tronclass.com.tw,raw/ilearn.thu.edu.tw/user/resources/share-to-courses__q_f330520a40.html,https://ilearn.thu.edu.tw/user/resources/share-to-courses?upload_ids=,absolute-url
"https://tronclass.com.tw/public-manual/TronclassManual_Administrator.pdf',",tronclass.com.tw,raw/ilearn.thu.edu.tw/user/resources/share-to-courses__q_f330520a40.html,https://ilearn.thu.edu.tw/user/resources/share-to-courses?upload_ids=,absolute-url
"https://tronclass.com.tw/public-manual/manual-teacher.html',",tronclass.com.tw,raw/ilearn.thu.edu.tw/user/resources/share-to-courses__q_f330520a40.html,https://ilearn.thu.edu.tw/user/resources/share-to-courses?upload_ids=,absolute-url
"https://tronclass.com.tw/public-manual/TronclassManual_Student.pdf',",tronclass.com.tw,raw/ilearn.thu.edu.tw/user/resources/share-to-courses__q_f330520a40.html,https://ilearn.thu.edu.tw/user/resources/share-to-courses?upload_ids=,absolute-url
"https://tronclass.com.tw/public-manual/TronclassManual_App.pdf',",tronclass.com.tw,raw/ilearn.thu.edu.tw/user/resources/share-to-courses__q_f330520a40.html,https://ilearn.thu.edu.tw/user/resources/share-to-courses?upload_ids=,absolute-url
https://support.tronclass.com',support.tronclass.com',raw/ilearn.thu.edu.tw/user/resources/share-to-courses__q_f330520a40.html,https://ilearn.thu.edu.tw/user/resources/share-to-courses?upload_ids=,absolute-url
https://ilearn.thu.edu.tw/market,ilearn.thu.edu.tw,raw/ilearn.thu.edu.tw/user/resources/share-to-courses__q_f330520a40.html,https://ilearn.thu.edu.tw/user/resources/share-to-courses?upload_ids=,absolute-url
"https://ilearn.thu.edu.tw/chatbot/chatbot.umd.js',",ilearn.thu.edu.tw,raw/ilearn.thu.edu.tw/user/resources/share-to-courses__q_f330520a40.html,https://ilearn.thu.edu.tw/user/resources/share-to-courses?upload_ids=,absolute-url
https://www.youtube.com/iframe_api,www.youtube.com,raw/ilearn.thu.edu.tw/user/resources/share-to-courses__q_f330520a40.html,https://ilearn.thu.edu.tw/user/resources/share-to-courses?upload_ids=,absolute-url
https://ilearn.thu.edu.tw/video-editor',ilearn.thu.edu.tw,raw/ilearn.thu.edu.tw/user/resources/share-to-courses__q_f330520a40.html,https://ilearn.thu.edu.tw/user/resources/share-to-courses?upload_ids=,absolute-url
https://get.adobe.com/flashplayer/,get.adobe.com,raw/ilearn.thu.edu.tw/user/resources/share-to-courses__q_f330520a40.html,https://ilearn.thu.edu.tw/user/resources/share-to-courses?upload_ids=,absolute-url
https://ilearn.thu.edu.tw/,ilearn.thu.edu.tw,raw/ilearn.thu.edu.tw/user/resources/shared.html,https://ilearn.thu.edu.tw/user/resources/shared,absolute-url
https://www.googletagmanager.com/gtag/js,www.googletagmanager.com,raw/ilearn.thu.edu.tw/user/resources/shared.html,https://ilearn.thu.edu.tw/user/resources/shared,absolute-url
https://github.com/OWASP/CheatSheetSeries/blob/master/cheatsheets/Clickjacking_Defense_Cheat_Sheet.md#best-for-now-legacy-browser-frame-breaking-script--,github.com,raw/ilearn.thu.edu.tw/user/resources/shared.html,https://ilearn.thu.edu.tw/user/resources/shared,absolute-url
https://bam.nr-data.net,bam.nr-data.net,raw/ilearn.thu.edu.tw/user/resources/shared.html,https://ilearn.thu.edu.tw/user/resources/shared,absolute-url
https://www.google-analytics.com,www.google-analytics.com,raw/ilearn.thu.edu.tw/user/resources/shared.html,https://ilearn.thu.edu.tw/user/resources/shared,absolute-url
"https://tronclass.com.tw/public-manual/TronclassManual_System_Admin.pdf',",tronclass.com.tw,raw/ilearn.thu.edu.tw/user/resources/shared.html,https://ilearn.thu.edu.tw/user/resources/shared,absolute-url
"https://tronclass.com.tw/public-manual/TronclassManual_Administrator.pdf',",tronclass.com.tw,raw/ilearn.thu.edu.tw/user/resources/shared.html,https://ilearn.thu.edu.tw/user/resources/shared,absolute-url
"https://tronclass.com.tw/public-manual/manual-teacher.html',",tronclass.com.tw,raw/ilearn.thu.edu.tw/user/resources/shared.html,https://ilearn.thu.edu.tw/user/resources/shared,absolute-url
"https://tronclass.com.tw/public-manual/TronclassManual_Student.pdf',",tronclass.com.tw,raw/ilearn.thu.edu.tw/user/resources/shared.html,https://ilearn.thu.edu.tw/user/resources/shared,absolute-url
"https://tronclass.com.tw/public-manual/TronclassManual_App.pdf',",tronclass.com.tw,raw/ilearn.thu.edu.tw/user/resources/shared.html,https://ilearn.thu.edu.tw/user/resources/shared,absolute-url
https://support.tronclass.com',support.tronclass.com',raw/ilearn.thu.edu.tw/user/resources/shared.html,https://ilearn.thu.edu.tw/user/resources/shared,absolute-url
https://ilearn.thu.edu.tw/market,ilearn.thu.edu.tw,raw/ilearn.thu.edu.tw/user/resources/shared.html,https://ilearn.thu.edu.tw/user/resources/shared,absolute-url
"https://ilearn.thu.edu.tw/chatbot/chatbot.umd.js',",ilearn.thu.edu.tw,raw/ilearn.thu.edu.tw/user/resources/shared.html,https://ilearn.thu.edu.tw/user/resources/shared,absolute-url
https://www.youtube.com/iframe_api,www.youtube.com,raw/ilearn.thu.edu.tw/user/resources/shared.html,https://ilearn.thu.edu.tw/user/resources/shared,absolute-url
https://ilearn.thu.edu.tw/video-editor',ilearn.thu.edu.tw,raw/ilearn.thu.edu.tw/user/resources/shared.html,https://ilearn.thu.edu.tw/user/resources/shared,absolute-url
https://get.adobe.com/flashplayer/,get.adobe.com,raw/ilearn.thu.edu.tw/user/resources/shared.html,https://ilearn.thu.edu.tw/user/resources/shared,absolute-url
https://ilearn.thu.edu.tw/,ilearn.thu.edu.tw,raw/ilearn.thu.edu.tw/user/resources/slides.html,https://ilearn.thu.edu.tw/user/resources/slides,absolute-url
https://www.googletagmanager.com/gtag/js,www.googletagmanager.com,raw/ilearn.thu.edu.tw/user/resources/slides.html,https://ilearn.thu.edu.tw/user/resources/slides,absolute-url
https://github.com/OWASP/CheatSheetSeries/blob/master/cheatsheets/Clickjacking_Defense_Cheat_Sheet.md#best-for-now-legacy-browser-frame-breaking-script--,github.com,raw/ilearn.thu.edu.tw/user/resources/slides.html,https://ilearn.thu.edu.tw/user/resources/slides,absolute-url
https://bam.nr-data.net,bam.nr-data.net,raw/ilearn.thu.edu.tw/user/resources/slides.html,https://ilearn.thu.edu.tw/user/resources/slides,absolute-url
https://www.google-analytics.com,www.google-analytics.com,raw/ilearn.thu.edu.tw/user/resources/slides.html,https://ilearn.thu.edu.tw/user/resources/slides,absolute-url
"https://tronclass.com.tw/public-manual/TronclassManual_System_Admin.pdf',",tronclass.com.tw,raw/ilearn.thu.edu.tw/user/resources/slides.html,https://ilearn.thu.edu.tw/user/resources/slides,absolute-url
"https://tronclass.com.tw/public-manual/TronclassManual_Administrator.pdf',",tronclass.com.tw,raw/ilearn.thu.edu.tw/user/resources/slides.html,https://ilearn.thu.edu.tw/user/resources/slides,absolute-url
"https://tronclass.com.tw/public-manual/manual-teacher.html',",tronclass.com.tw,raw/ilearn.thu.edu.tw/user/resources/slides.html,https://ilearn.thu.edu.tw/user/resources/slides,absolute-url
"https://tronclass.com.tw/public-manual/TronclassManual_Student.pdf',",tronclass.com.tw,raw/ilearn.thu.edu.tw/user/resources/slides.html,https://ilearn.thu.edu.tw/user/resources/slides,absolute-url
"https://tronclass.com.tw/public-manual/TronclassManual_App.pdf',",tronclass.com.tw,raw/ilearn.thu.edu.tw/user/resources/slides.html,https://ilearn.thu.edu.tw/user/resources/slides,absolute-url
https://support.tronclass.com',support.tronclass.com',raw/ilearn.thu.edu.tw/user/resources/slides.html,https://ilearn.thu.edu.tw/user/resources/slides,absolute-url
https://ilearn.thu.edu.tw/market,ilearn.thu.edu.tw,raw/ilearn.thu.edu.tw/user/resources/slides.html,https://ilearn.thu.edu.tw/user/resources/slides,absolute-url
"https://ilearn.thu.edu.tw/chatbot/chatbot.umd.js',",ilearn.thu.edu.tw,raw/ilearn.thu.edu.tw/user/resources/slides.html,https://ilearn.thu.edu.tw/user/resources/slides,absolute-url
https://www.youtube.com/iframe_api,www.youtube.com,raw/ilearn.thu.edu.tw/user/resources/slides.html,https://ilearn.thu.edu.tw/user/resources/slides,absolute-url
https://ilearn.thu.edu.tw/video-editor',ilearn.thu.edu.tw,raw/ilearn.thu.edu.tw/user/resources/slides.html,https://ilearn.thu.edu.tw/user/resources/slides,absolute-url
https://get.adobe.com/flashplayer/,get.adobe.com,raw/ilearn.thu.edu.tw/user/resources/slides.html,https://ilearn.thu.edu.tw/user/resources/slides,absolute-url
https://ilearn.thu.edu.tw/,ilearn.thu.edu.tw,raw/ilearn.thu.edu.tw/user/resources/subject-libs.html,https://ilearn.thu.edu.tw/user/resources/subject-libs,absolute-url
https://www.googletagmanager.com/gtag/js,www.googletagmanager.com,raw/ilearn.thu.edu.tw/user/resources/subject-libs.html,https://ilearn.thu.edu.tw/user/resources/subject-libs,absolute-url
https://github.com/OWASP/CheatSheetSeries/blob/master/cheatsheets/Clickjacking_Defense_Cheat_Sheet.md#best-for-now-legacy-browser-frame-breaking-script--,github.com,raw/ilearn.thu.edu.tw/user/resources/subject-libs.html,https://ilearn.thu.edu.tw/user/resources/subject-libs,absolute-url
https://bam.nr-data.net,bam.nr-data.net,raw/ilearn.thu.edu.tw/user/resources/subject-libs.html,https://ilearn.thu.edu.tw/user/resources/subject-libs,absolute-url
https://www.google-analytics.com,www.google-analytics.com,raw/ilearn.thu.edu.tw/user/resources/subject-libs.html,https://ilearn.thu.edu.tw/user/resources/subject-libs,absolute-url
"https://tronclass.com.tw/public-manual/TronclassManual_System_Admin.pdf',",tronclass.com.tw,raw/ilearn.thu.edu.tw/user/resources/subject-libs.html,https://ilearn.thu.edu.tw/user/resources/subject-libs,absolute-url
"https://tronclass.com.tw/public-manual/TronclassManual_Administrator.pdf',",tronclass.com.tw,raw/ilearn.thu.edu.tw/user/resources/subject-libs.html,https://ilearn.thu.edu.tw/user/resources/subject-libs,absolute-url
"https://tronclass.com.tw/public-manual/manual-teacher.html',",tronclass.com.tw,raw/ilearn.thu.edu.tw/user/resources/subject-libs.html,https://ilearn.thu.edu.tw/user/resources/subject-libs,absolute-url
"https://tronclass.com.tw/public-manual/TronclassManual_Student.pdf',",tronclass.com.tw,raw/ilearn.thu.edu.tw/user/resources/subject-libs.html,https://ilearn.thu.edu.tw/user/resources/subject-libs,absolute-url
"https://tronclass.com.tw/public-manual/TronclassManual_App.pdf',",tronclass.com.tw,raw/ilearn.thu.edu.tw/user/resources/subject-libs.html,https://ilearn.thu.edu.tw/user/resources/subject-libs,absolute-url
https://support.tronclass.com',support.tronclass.com',raw/ilearn.thu.edu.tw/user/resources/subject-libs.html,https://ilearn.thu.edu.tw/user/resources/subject-libs,absolute-url
https://ilearn.thu.edu.tw/market,ilearn.thu.edu.tw,raw/ilearn.thu.edu.tw/user/resources/subject-libs.html,https://ilearn.thu.edu.tw/user/resources/subject-libs,absolute-url
"https://ilearn.thu.edu.tw/chatbot/chatbot.umd.js',",ilearn.thu.edu.tw,raw/ilearn.thu.edu.tw/user/resources/subject-libs.html,https://ilearn.thu.edu.tw/user/resources/subject-libs,absolute-url
https://www.youtube.com/iframe_api,www.youtube.com,raw/ilearn.thu.edu.tw/user/resources/subject-libs.html,https://ilearn.thu.edu.tw/user/resources/subject-libs,absolute-url
https://ilearn.thu.edu.tw/video-editor',ilearn.thu.edu.tw,raw/ilearn.thu.edu.tw/user/resources/subject-libs.html,https://ilearn.thu.edu.tw/user/resources/subject-libs,absolute-url
https://get.adobe.com/flashplayer/,get.adobe.com,raw/ilearn.thu.edu.tw/user/resources/subject-libs.html,https://ilearn.thu.edu.tw/user/resources/subject-libs,absolute-url
https://ilearn.thu.edu.tw/,ilearn.thu.edu.tw,raw/ilearn.thu.edu.tw/user/resources/track-user.html,https://ilearn.thu.edu.tw/user/resources/track-user,absolute-url
https://www.googletagmanager.com/gtag/js,www.googletagmanager.com,raw/ilearn.thu.edu.tw/user/resources/track-user.html,https://ilearn.thu.edu.tw/user/resources/track-user,absolute-url
https://github.com/OWASP/CheatSheetSeries/blob/master/cheatsheets/Clickjacking_Defense_Cheat_Sheet.md#best-for-now-legacy-browser-frame-breaking-script--,github.com,raw/ilearn.thu.edu.tw/user/resources/track-user.html,https://ilearn.thu.edu.tw/user/resources/track-user,absolute-url
https://bam.nr-data.net,bam.nr-data.net,raw/ilearn.thu.edu.tw/user/resources/track-user.html,https://ilearn.thu.edu.tw/user/resources/track-user,absolute-url
https://www.google-analytics.com,www.google-analytics.com,raw/ilearn.thu.edu.tw/user/resources/track-user.html,https://ilearn.thu.edu.tw/user/resources/track-user,absolute-url
"https://tronclass.com.tw/public-manual/TronclassManual_System_Admin.pdf',",tronclass.com.tw,raw/ilearn.thu.edu.tw/user/resources/track-user.html,https://ilearn.thu.edu.tw/user/resources/track-user,absolute-url
"https://tronclass.com.tw/public-manual/TronclassManual_Administrator.pdf',",tronclass.com.tw,raw/ilearn.thu.edu.tw/user/resources/track-user.html,https://ilearn.thu.edu.tw/user/resources/track-user,absolute-url
"https://tronclass.com.tw/public-manual/manual-teacher.html',",tronclass.com.tw,raw/ilearn.thu.edu.tw/user/resources/track-user.html,https://ilearn.thu.edu.tw/user/resources/track-user,absolute-url
"https://tronclass.com.tw/public-manual/TronclassManual_Student.pdf',",tronclass.com.tw,raw/ilearn.thu.edu.tw/user/resources/track-user.html,https://ilearn.thu.edu.tw/user/resources/track-user,absolute-url
"https://tronclass.com.tw/public-manual/TronclassManual_App.pdf',",tronclass.com.tw,raw/ilearn.thu.edu.tw/user/resources/track-user.html,https://ilearn.thu.edu.tw/user/resources/track-user,absolute-url
https://support.tronclass.com',support.tronclass.com',raw/ilearn.thu.edu.tw/user/resources/track-user.html,https://ilearn.thu.edu.tw/user/resources/track-user,absolute-url
https://ilearn.thu.edu.tw/market,ilearn.thu.edu.tw,raw/ilearn.thu.edu.tw/user/resources/track-user.html,https://ilearn.thu.edu.tw/user/resources/track-user,absolute-url
"https://ilearn.thu.edu.tw/chatbot/chatbot.umd.js',",ilearn.thu.edu.tw,raw/ilearn.thu.edu.tw/user/resources/track-user.html,https://ilearn.thu.edu.tw/user/resources/track-user,absolute-url
https://www.youtube.com/iframe_api,www.youtube.com,raw/ilearn.thu.edu.tw/user/resources/track-user.html,https://ilearn.thu.edu.tw/user/resources/track-user,absolute-url
https://ilearn.thu.edu.tw/video-editor',ilearn.thu.edu.tw,raw/ilearn.thu.edu.tw/user/resources/track-user.html,https://ilearn.thu.edu.tw/user/resources/track-user,absolute-url
https://get.adobe.com/flashplayer/,get.adobe.com,raw/ilearn.thu.edu.tw/user/resources/track-user.html,https://ilearn.thu.edu.tw/user/resources/track-user,absolute-url
https://ilearn.thu.edu.tw/,ilearn.thu.edu.tw,raw/ilearn.thu.edu.tw/user/resources/trustSrc.html,https://ilearn.thu.edu.tw/user/resources/trustSrc,absolute-url
https://www.googletagmanager.com/gtag/js,www.googletagmanager.com,raw/ilearn.thu.edu.tw/user/resources/trustSrc.html,https://ilearn.thu.edu.tw/user/resources/trustSrc,absolute-url
https://github.com/OWASP/CheatSheetSeries/blob/master/cheatsheets/Clickjacking_Defense_Cheat_Sheet.md#best-for-now-legacy-browser-frame-breaking-script--,github.com,raw/ilearn.thu.edu.tw/user/resources/trustSrc.html,https://ilearn.thu.edu.tw/user/resources/trustSrc,absolute-url
https://bam.nr-data.net,bam.nr-data.net,raw/ilearn.thu.edu.tw/user/resources/trustSrc.html,https://ilearn.thu.edu.tw/user/resources/trustSrc,absolute-url
https://www.google-analytics.com,www.google-analytics.com,raw/ilearn.thu.edu.tw/user/resources/trustSrc.html,https://ilearn.thu.edu.tw/user/resources/trustSrc,absolute-url
"https://tronclass.com.tw/public-manual/TronclassManual_System_Admin.pdf',",tronclass.com.tw,raw/ilearn.thu.edu.tw/user/resources/trustSrc.html,https://ilearn.thu.edu.tw/user/resources/trustSrc,absolute-url
"https://tronclass.com.tw/public-manual/TronclassManual_Administrator.pdf',",tronclass.com.tw,raw/ilearn.thu.edu.tw/user/resources/trustSrc.html,https://ilearn.thu.edu.tw/user/resources/trustSrc,absolute-url
"https://tronclass.com.tw/public-manual/manual-teacher.html',",tronclass.com.tw,raw/ilearn.thu.edu.tw/user/resources/trustSrc.html,https://ilearn.thu.edu.tw/user/resources/trustSrc,absolute-url
"https://tronclass.com.tw/public-manual/TronclassManual_Student.pdf',",tronclass.com.tw,raw/ilearn.thu.edu.tw/user/resources/trustSrc.html,https://ilearn.thu.edu.tw/user/resources/trustSrc,absolute-url
"https://tronclass.com.tw/public-manual/TronclassManual_App.pdf',",tronclass.com.tw,raw/ilearn.thu.edu.tw/user/resources/trustSrc.html,https://ilearn.thu.edu.tw/user/resources/trustSrc,absolute-url
https://support.tronclass.com',support.tronclass.com',raw/ilearn.thu.edu.tw/user/resources/trustSrc.html,https://ilearn.thu.edu.tw/user/resources/trustSrc,absolute-url
https://ilearn.thu.edu.tw/market,ilearn.thu.edu.tw,raw/ilearn.thu.edu.tw/user/resources/trustSrc.html,https://ilearn.thu.edu.tw/user/resources/trustSrc,absolute-url
"https://ilearn.thu.edu.tw/chatbot/chatbot.umd.js',",ilearn.thu.edu.tw,raw/ilearn.thu.edu.tw/user/resources/trustSrc.html,https://ilearn.thu.edu.tw/user/resources/trustSrc,absolute-url
https://www.youtube.com/iframe_api,www.youtube.com,raw/ilearn.thu.edu.tw/user/resources/trustSrc.html,https://ilearn.thu.edu.tw/user/resources/trustSrc,absolute-url
https://ilearn.thu.edu.tw/video-editor',ilearn.thu.edu.tw,raw/ilearn.thu.edu.tw/user/resources/trustSrc.html,https://ilearn.thu.edu.tw/user/resources/trustSrc,absolute-url
https://get.adobe.com/flashplayer/,get.adobe.com,raw/ilearn.thu.edu.tw/user/resources/trustSrc.html,https://ilearn.thu.edu.tw/user/resources/trustSrc,absolute-url
https://ilearn.thu.edu.tw/,ilearn.thu.edu.tw,raw/ilearn.thu.edu.tw/user/resources/video-quizzes.html,https://ilearn.thu.edu.tw/user/resources/video-quizzes,absolute-url
https://www.googletagmanager.com/gtag/js,www.googletagmanager.com,raw/ilearn.thu.edu.tw/user/resources/video-quizzes.html,https://ilearn.thu.edu.tw/user/resources/video-quizzes,absolute-url
https://github.com/OWASP/CheatSheetSeries/blob/master/cheatsheets/Clickjacking_Defense_Cheat_Sheet.md#best-for-now-legacy-browser-frame-breaking-script--,github.com,raw/ilearn.thu.edu.tw/user/resources/video-quizzes.html,https://ilearn.thu.edu.tw/user/resources/video-quizzes,absolute-url
https://bam.nr-data.net,bam.nr-data.net,raw/ilearn.thu.edu.tw/user/resources/video-quizzes.html,https://ilearn.thu.edu.tw/user/resources/video-quizzes,absolute-url
https://www.google-analytics.com,www.google-analytics.com,raw/ilearn.thu.edu.tw/user/resources/video-quizzes.html,https://ilearn.thu.edu.tw/user/resources/video-quizzes,absolute-url
"https://tronclass.com.tw/public-manual/TronclassManual_System_Admin.pdf',",tronclass.com.tw,raw/ilearn.thu.edu.tw/user/resources/video-quizzes.html,https://ilearn.thu.edu.tw/user/resources/video-quizzes,absolute-url
"https://tronclass.com.tw/public-manual/TronclassManual_Administrator.pdf',",tronclass.com.tw,raw/ilearn.thu.edu.tw/user/resources/video-quizzes.html,https://ilearn.thu.edu.tw/user/resources/video-quizzes,absolute-url
"https://tronclass.com.tw/public-manual/manual-teacher.html',",tronclass.com.tw,raw/ilearn.thu.edu.tw/user/resources/video-quizzes.html,https://ilearn.thu.edu.tw/user/resources/video-quizzes,absolute-url
"https://tronclass.com.tw/public-manual/TronclassManual_Student.pdf',",tronclass.com.tw,raw/ilearn.thu.edu.tw/user/resources/video-quizzes.html,https://ilearn.thu.edu.tw/user/resources/video-quizzes,absolute-url
"https://tronclass.com.tw/public-manual/TronclassManual_App.pdf',",tronclass.com.tw,raw/ilearn.thu.edu.tw/user/resources/video-quizzes.html,https://ilearn.thu.edu.tw/user/resources/video-quizzes,absolute-url
https://support.tronclass.com',support.tronclass.com',raw/ilearn.thu.edu.tw/user/resources/video-quizzes.html,https://ilearn.thu.edu.tw/user/resources/video-quizzes,absolute-url
https://ilearn.thu.edu.tw/market,ilearn.thu.edu.tw,raw/ilearn.thu.edu.tw/user/resources/video-quizzes.html,https://ilearn.thu.edu.tw/user/resources/video-quizzes,absolute-url
"https://ilearn.thu.edu.tw/chatbot/chatbot.umd.js',",ilearn.thu.edu.tw,raw/ilearn.thu.edu.tw/user/resources/video-quizzes.html,https://ilearn.thu.edu.tw/user/resources/video-quizzes,absolute-url
https://www.youtube.com/iframe_api,www.youtube.com,raw/ilearn.thu.edu.tw/user/resources/video-quizzes.html,https://ilearn.thu.edu.tw/user/resources/video-quizzes,absolute-url
https://ilearn.thu.edu.tw/video-editor',ilearn.thu.edu.tw,raw/ilearn.thu.edu.tw/user/resources/video-quizzes.html,https://ilearn.thu.edu.tw/user/resources/video-quizzes,absolute-url
https://get.adobe.com/flashplayer/,get.adobe.com,raw/ilearn.thu.edu.tw/user/resources/video-quizzes.html,https://ilearn.thu.edu.tw/user/resources/video-quizzes,absolute-url
https://ilearn.thu.edu.tw/,ilearn.thu.edu.tw,raw/ilearn.thu.edu.tw/user/resources/video_storage.html,https://ilearn.thu.edu.tw/user/resources/video_storage,absolute-url
https://www.googletagmanager.com/gtag/js,www.googletagmanager.com,raw/ilearn.thu.edu.tw/user/resources/video_storage.html,https://ilearn.thu.edu.tw/user/resources/video_storage,absolute-url
https://github.com/OWASP/CheatSheetSeries/blob/master/cheatsheets/Clickjacking_Defense_Cheat_Sheet.md#best-for-now-legacy-browser-frame-breaking-script--,github.com,raw/ilearn.thu.edu.tw/user/resources/video_storage.html,https://ilearn.thu.edu.tw/user/resources/video_storage,absolute-url
https://bam.nr-data.net,bam.nr-data.net,raw/ilearn.thu.edu.tw/user/resources/video_storage.html,https://ilearn.thu.edu.tw/user/resources/video_storage,absolute-url
https://www.google-analytics.com,www.google-analytics.com,raw/ilearn.thu.edu.tw/user/resources/video_storage.html,https://ilearn.thu.edu.tw/user/resources/video_storage,absolute-url
"https://tronclass.com.tw/public-manual/TronclassManual_System_Admin.pdf',",tronclass.com.tw,raw/ilearn.thu.edu.tw/user/resources/video_storage.html,https://ilearn.thu.edu.tw/user/resources/video_storage,absolute-url
"https://tronclass.com.tw/public-manual/TronclassManual_Administrator.pdf',",tronclass.com.tw,raw/ilearn.thu.edu.tw/user/resources/video_storage.html,https://ilearn.thu.edu.tw/user/resources/video_storage,absolute-url
"https://tronclass.com.tw/public-manual/manual-teacher.html',",tronclass.com.tw,raw/ilearn.thu.edu.tw/user/resources/video_storage.html,https://ilearn.thu.edu.tw/user/resources/video_storage,absolute-url
"https://tronclass.com.tw/public-manual/TronclassManual_Student.pdf',",tronclass.com.tw,raw/ilearn.thu.edu.tw/user/resources/video_storage.html,https://ilearn.thu.edu.tw/user/resources/video_storage,absolute-url
"https://tronclass.com.tw/public-manual/TronclassManual_App.pdf',",tronclass.com.tw,raw/ilearn.thu.edu.tw/user/resources/video_storage.html,https://ilearn.thu.edu.tw/user/resources/video_storage,absolute-url
https://support.tronclass.com',support.tronclass.com',raw/ilearn.thu.edu.tw/user/resources/video_storage.html,https://ilearn.thu.edu.tw/user/resources/video_storage,absolute-url
https://ilearn.thu.edu.tw/market,ilearn.thu.edu.tw,raw/ilearn.thu.edu.tw/user/resources/video_storage.html,https://ilearn.thu.edu.tw/user/resources/video_storage,absolute-url
"https://ilearn.thu.edu.tw/chatbot/chatbot.umd.js',",ilearn.thu.edu.tw,raw/ilearn.thu.edu.tw/user/resources/video_storage.html,https://ilearn.thu.edu.tw/user/resources/video_storage,absolute-url
https://www.youtube.com/iframe_api,www.youtube.com,raw/ilearn.thu.edu.tw/user/resources/video_storage.html,https://ilearn.thu.edu.tw/user/resources/video_storage,absolute-url
https://ilearn.thu.edu.tw/video-editor',ilearn.thu.edu.tw,raw/ilearn.thu.edu.tw/user/resources/video_storage.html,https://ilearn.thu.edu.tw/user/resources/video_storage,absolute-url
https://get.adobe.com/flashplayer/,get.adobe.com,raw/ilearn.thu.edu.tw/user/resources/video_storage.html,https://ilearn.thu.edu.tw/user/resources/video_storage,absolute-url
https://ilearn.thu.edu.tw/,ilearn.thu.edu.tw,raw/ilearn.thu.edu.tw/user/search.html,https://ilearn.thu.edu.tw/user/search,absolute-url
https://www.googletagmanager.com/gtag/js,www.googletagmanager.com,raw/ilearn.thu.edu.tw/user/search.html,https://ilearn.thu.edu.tw/user/search,absolute-url
https://github.com/OWASP/CheatSheetSeries/blob/master/cheatsheets/Clickjacking_Defense_Cheat_Sheet.md#best-for-now-legacy-browser-frame-breaking-script--,github.com,raw/ilearn.thu.edu.tw/user/search.html,https://ilearn.thu.edu.tw/user/search,absolute-url
https://bam.nr-data.net,bam.nr-data.net,raw/ilearn.thu.edu.tw/user/search.html,https://ilearn.thu.edu.tw/user/search,absolute-url
https://www.google-analytics.com,www.google-analytics.com,raw/ilearn.thu.edu.tw/user/search.html,https://ilearn.thu.edu.tw/user/search,absolute-url
"https://tronclass.com.tw/public-manual/TronclassManual_System_Admin.pdf',",tronclass.com.tw,raw/ilearn.thu.edu.tw/user/search.html,https://ilearn.thu.edu.tw/user/search,absolute-url
"https://tronclass.com.tw/public-manual/TronclassManual_Administrator.pdf',",tronclass.com.tw,raw/ilearn.thu.edu.tw/user/search.html,https://ilearn.thu.edu.tw/user/search,absolute-url
"https://tronclass.com.tw/public-manual/manual-teacher.html',",tronclass.com.tw,raw/ilearn.thu.edu.tw/user/search.html,https://ilearn.thu.edu.tw/user/search,absolute-url
"https://tronclass.com.tw/public-manual/TronclassManual_Student.pdf',",tronclass.com.tw,raw/ilearn.thu.edu.tw/user/search.html,https://ilearn.thu.edu.tw/user/search,absolute-url
"https://tronclass.com.tw/public-manual/TronclassManual_App.pdf',",tronclass.com.tw,raw/ilearn.thu.edu.tw/user/search.html,https://ilearn.thu.edu.tw/user/search,absolute-url
https://support.tronclass.com',support.tronclass.com',raw/ilearn.thu.edu.tw/user/search.html,https://ilearn.thu.edu.tw/user/search,absolute-url
https://ilearn.thu.edu.tw/market,ilearn.thu.edu.tw,raw/ilearn.thu.edu.tw/user/search.html,https://ilearn.thu.edu.tw/user/search,absolute-url
"https://ilearn.thu.edu.tw/chatbot/chatbot.umd.js',",ilearn.thu.edu.tw,raw/ilearn.thu.edu.tw/user/search.html,https://ilearn.thu.edu.tw/user/search,absolute-url
https://www.youtube.com/iframe_api,www.youtube.com,raw/ilearn.thu.edu.tw/user/search.html,https://ilearn.thu.edu.tw/user/search,absolute-url
https://ilearn.thu.edu.tw/video-editor',ilearn.thu.edu.tw,raw/ilearn.thu.edu.tw/user/search.html,https://ilearn.thu.edu.tw/user/search,absolute-url
https://get.adobe.com/flashplayer/,get.adobe.com,raw/ilearn.thu.edu.tw/user/search.html,https://ilearn.thu.edu.tw/user/search,absolute-url
https://ilearn.thu.edu.tw/,ilearn.thu.edu.tw,raw/ilearn.thu.edu.tw/user/settings.html,https://ilearn.thu.edu.tw/user/settings,absolute-url
https://www.googletagmanager.com/gtag/js,www.googletagmanager.com,raw/ilearn.thu.edu.tw/user/settings.html,https://ilearn.thu.edu.tw/user/settings,absolute-url
https://github.com/OWASP/CheatSheetSeries/blob/master/cheatsheets/Clickjacking_Defense_Cheat_Sheet.md#best-for-now-legacy-browser-frame-breaking-script--,github.com,raw/ilearn.thu.edu.tw/user/settings.html,https://ilearn.thu.edu.tw/user/settings,absolute-url
https://bam.nr-data.net,bam.nr-data.net,raw/ilearn.thu.edu.tw/user/settings.html,https://ilearn.thu.edu.tw/user/settings,absolute-url
https://www.google-analytics.com,www.google-analytics.com,raw/ilearn.thu.edu.tw/user/settings.html,https://ilearn.thu.edu.tw/user/settings,absolute-url
"https://tronclass.com.tw/public-manual/TronclassManual_System_Admin.pdf',",tronclass.com.tw,raw/ilearn.thu.edu.tw/user/settings.html,https://ilearn.thu.edu.tw/user/settings,absolute-url
"https://tronclass.com.tw/public-manual/TronclassManual_Administrator.pdf',",tronclass.com.tw,raw/ilearn.thu.edu.tw/user/settings.html,https://ilearn.thu.edu.tw/user/settings,absolute-url
"https://tronclass.com.tw/public-manual/manual-teacher.html',",tronclass.com.tw,raw/ilearn.thu.edu.tw/user/settings.html,https://ilearn.thu.edu.tw/user/settings,absolute-url
"https://tronclass.com.tw/public-manual/TronclassManual_Student.pdf',",tronclass.com.tw,raw/ilearn.thu.edu.tw/user/settings.html,https://ilearn.thu.edu.tw/user/settings,absolute-url
"https://tronclass.com.tw/public-manual/TronclassManual_App.pdf',",tronclass.com.tw,raw/ilearn.thu.edu.tw/user/settings.html,https://ilearn.thu.edu.tw/user/settings,absolute-url
https://support.tronclass.com',support.tronclass.com',raw/ilearn.thu.edu.tw/user/settings.html,https://ilearn.thu.edu.tw/user/settings,absolute-url
https://ilearn.thu.edu.tw/market,ilearn.thu.edu.tw,raw/ilearn.thu.edu.tw/user/settings.html,https://ilearn.thu.edu.tw/user/settings,absolute-url
"https://ilearn.thu.edu.tw/chatbot/chatbot.umd.js',",ilearn.thu.edu.tw,raw/ilearn.thu.edu.tw/user/settings.html,https://ilearn.thu.edu.tw/user/settings,absolute-url
https://www.youtube.com/iframe_api,www.youtube.com,raw/ilearn.thu.edu.tw/user/settings.html,https://ilearn.thu.edu.tw/user/settings,absolute-url
https://ilearn.thu.edu.tw/video-editor',ilearn.thu.edu.tw,raw/ilearn.thu.edu.tw/user/settings.html,https://ilearn.thu.edu.tw/user/settings,absolute-url
https://get.adobe.com/flashplayer/,get.adobe.com,raw/ilearn.thu.edu.tw/user/settings.html,https://ilearn.thu.edu.tw/user/settings,absolute-url
https://ilearn.thu.edu.tw/,ilearn.thu.edu.tw,raw/ilearn.thu.edu.tw/user/settings__q_5fcfc32b26.html,https://ilearn.thu.edu.tw/user/settings?bindMobile,absolute-url
https://www.googletagmanager.com/gtag/js,www.googletagmanager.com,raw/ilearn.thu.edu.tw/user/settings__q_5fcfc32b26.html,https://ilearn.thu.edu.tw/user/settings?bindMobile,absolute-url
https://github.com/OWASP/CheatSheetSeries/blob/master/cheatsheets/Clickjacking_Defense_Cheat_Sheet.md#best-for-now-legacy-browser-frame-breaking-script--,github.com,raw/ilearn.thu.edu.tw/user/settings__q_5fcfc32b26.html,https://ilearn.thu.edu.tw/user/settings?bindMobile,absolute-url
https://bam.nr-data.net,bam.nr-data.net,raw/ilearn.thu.edu.tw/user/settings__q_5fcfc32b26.html,https://ilearn.thu.edu.tw/user/settings?bindMobile,absolute-url
https://www.google-analytics.com,www.google-analytics.com,raw/ilearn.thu.edu.tw/user/settings__q_5fcfc32b26.html,https://ilearn.thu.edu.tw/user/settings?bindMobile,absolute-url
"https://tronclass.com.tw/public-manual/TronclassManual_System_Admin.pdf',",tronclass.com.tw,raw/ilearn.thu.edu.tw/user/settings__q_5fcfc32b26.html,https://ilearn.thu.edu.tw/user/settings?bindMobile,absolute-url
"https://tronclass.com.tw/public-manual/TronclassManual_Administrator.pdf',",tronclass.com.tw,raw/ilearn.thu.edu.tw/user/settings__q_5fcfc32b26.html,https://ilearn.thu.edu.tw/user/settings?bindMobile,absolute-url
"https://tronclass.com.tw/public-manual/manual-teacher.html',",tronclass.com.tw,raw/ilearn.thu.edu.tw/user/settings__q_5fcfc32b26.html,https://ilearn.thu.edu.tw/user/settings?bindMobile,absolute-url
"https://tronclass.com.tw/public-manual/TronclassManual_Student.pdf',",tronclass.com.tw,raw/ilearn.thu.edu.tw/user/settings__q_5fcfc32b26.html,https://ilearn.thu.edu.tw/user/settings?bindMobile,absolute-url
"https://tronclass.com.tw/public-manual/TronclassManual_App.pdf',",tronclass.com.tw,raw/ilearn.thu.edu.tw/user/settings__q_5fcfc32b26.html,https://ilearn.thu.edu.tw/user/settings?bindMobile,absolute-url
https://support.tronclass.com',support.tronclass.com',raw/ilearn.thu.edu.tw/user/settings__q_5fcfc32b26.html,https://ilearn.thu.edu.tw/user/settings?bindMobile,absolute-url
https://ilearn.thu.edu.tw/market,ilearn.thu.edu.tw,raw/ilearn.thu.edu.tw/user/settings__q_5fcfc32b26.html,https://ilearn.thu.edu.tw/user/settings?bindMobile,absolute-url
"https://ilearn.thu.edu.tw/chatbot/chatbot.umd.js',",ilearn.thu.edu.tw,raw/ilearn.thu.edu.tw/user/settings__q_5fcfc32b26.html,https://ilearn.thu.edu.tw/user/settings?bindMobile,absolute-url
https://www.youtube.com/iframe_api,www.youtube.com,raw/ilearn.thu.edu.tw/user/settings__q_5fcfc32b26.html,https://ilearn.thu.edu.tw/user/settings?bindMobile,absolute-url
https://ilearn.thu.edu.tw/video-editor',ilearn.thu.edu.tw,raw/ilearn.thu.edu.tw/user/settings__q_5fcfc32b26.html,https://ilearn.thu.edu.tw/user/settings?bindMobile,absolute-url
https://get.adobe.com/flashplayer/,get.adobe.com,raw/ilearn.thu.edu.tw/user/settings__q_5fcfc32b26.html,https://ilearn.thu.edu.tw/user/settings?bindMobile,absolute-url
https://ilearn.thu.edu.tw/,ilearn.thu.edu.tw,raw/ilearn.thu.edu.tw/user/sites-menu.html,https://ilearn.thu.edu.tw/user/sites-menu,absolute-url
https://www.googletagmanager.com/gtag/js,www.googletagmanager.com,raw/ilearn.thu.edu.tw/user/sites-menu.html,https://ilearn.thu.edu.tw/user/sites-menu,absolute-url
https://github.com/OWASP/CheatSheetSeries/blob/master/cheatsheets/Clickjacking_Defense_Cheat_Sheet.md#best-for-now-legacy-browser-frame-breaking-script--,github.com,raw/ilearn.thu.edu.tw/user/sites-menu.html,https://ilearn.thu.edu.tw/user/sites-menu,absolute-url
https://bam.nr-data.net,bam.nr-data.net,raw/ilearn.thu.edu.tw/user/sites-menu.html,https://ilearn.thu.edu.tw/user/sites-menu,absolute-url
https://www.google-analytics.com,www.google-analytics.com,raw/ilearn.thu.edu.tw/user/sites-menu.html,https://ilearn.thu.edu.tw/user/sites-menu,absolute-url
"https://tronclass.com.tw/public-manual/TronclassManual_System_Admin.pdf',",tronclass.com.tw,raw/ilearn.thu.edu.tw/user/sites-menu.html,https://ilearn.thu.edu.tw/user/sites-menu,absolute-url
"https://tronclass.com.tw/public-manual/TronclassManual_Administrator.pdf',",tronclass.com.tw,raw/ilearn.thu.edu.tw/user/sites-menu.html,https://ilearn.thu.edu.tw/user/sites-menu,absolute-url
"https://tronclass.com.tw/public-manual/manual-teacher.html',",tronclass.com.tw,raw/ilearn.thu.edu.tw/user/sites-menu.html,https://ilearn.thu.edu.tw/user/sites-menu,absolute-url
"https://tronclass.com.tw/public-manual/TronclassManual_Student.pdf',",tronclass.com.tw,raw/ilearn.thu.edu.tw/user/sites-menu.html,https://ilearn.thu.edu.tw/user/sites-menu,absolute-url
"https://tronclass.com.tw/public-manual/TronclassManual_App.pdf',",tronclass.com.tw,raw/ilearn.thu.edu.tw/user/sites-menu.html,https://ilearn.thu.edu.tw/user/sites-menu,absolute-url
https://support.tronclass.com',support.tronclass.com',raw/ilearn.thu.edu.tw/user/sites-menu.html,https://ilearn.thu.edu.tw/user/sites-menu,absolute-url
https://ilearn.thu.edu.tw/market,ilearn.thu.edu.tw,raw/ilearn.thu.edu.tw/user/sites-menu.html,https://ilearn.thu.edu.tw/user/sites-menu,absolute-url
"https://ilearn.thu.edu.tw/chatbot/chatbot.umd.js',",ilearn.thu.edu.tw,raw/ilearn.thu.edu.tw/user/sites-menu.html,https://ilearn.thu.edu.tw/user/sites-menu,absolute-url
https://www.youtube.com/iframe_api,www.youtube.com,raw/ilearn.thu.edu.tw/user/sites-menu.html,https://ilearn.thu.edu.tw/user/sites-menu,absolute-url
https://ilearn.thu.edu.tw/video-editor',ilearn.thu.edu.tw,raw/ilearn.thu.edu.tw/user/sites-menu.html,https://ilearn.thu.edu.tw/user/sites-menu,absolute-url
https://get.adobe.com/flashplayer/,get.adobe.com,raw/ilearn.thu.edu.tw/user/sites-menu.html,https://ilearn.thu.edu.tw/user/sites-menu,absolute-url
https://ilearn.thu.edu.tw/,ilearn.thu.edu.tw,raw/ilearn.thu.edu.tw/user/slides/index.html,https://ilearn.thu.edu.tw/user/slides/,absolute-url
https://www.googletagmanager.com/gtag/js,www.googletagmanager.com,raw/ilearn.thu.edu.tw/user/slides/index.html,https://ilearn.thu.edu.tw/user/slides/,absolute-url
https://github.com/OWASP/CheatSheetSeries/blob/master/cheatsheets/Clickjacking_Defense_Cheat_Sheet.md#best-for-now-legacy-browser-frame-breaking-script--,github.com,raw/ilearn.thu.edu.tw/user/slides/index.html,https://ilearn.thu.edu.tw/user/slides/,absolute-url
https://bam.nr-data.net,bam.nr-data.net,raw/ilearn.thu.edu.tw/user/slides/index.html,https://ilearn.thu.edu.tw/user/slides/,absolute-url
https://www.google-analytics.com,www.google-analytics.com,raw/ilearn.thu.edu.tw/user/slides/index.html,https://ilearn.thu.edu.tw/user/slides/,absolute-url
"https://tronclass.com.tw/public-manual/TronclassManual_System_Admin.pdf',",tronclass.com.tw,raw/ilearn.thu.edu.tw/user/slides/index.html,https://ilearn.thu.edu.tw/user/slides/,absolute-url
"https://tronclass.com.tw/public-manual/TronclassManual_Administrator.pdf',",tronclass.com.tw,raw/ilearn.thu.edu.tw/user/slides/index.html,https://ilearn.thu.edu.tw/user/slides/,absolute-url
"https://tronclass.com.tw/public-manual/manual-teacher.html',",tronclass.com.tw,raw/ilearn.thu.edu.tw/user/slides/index.html,https://ilearn.thu.edu.tw/user/slides/,absolute-url
"https://tronclass.com.tw/public-manual/TronclassManual_Student.pdf',",tronclass.com.tw,raw/ilearn.thu.edu.tw/user/slides/index.html,https://ilearn.thu.edu.tw/user/slides/,absolute-url
"https://tronclass.com.tw/public-manual/TronclassManual_App.pdf',",tronclass.com.tw,raw/ilearn.thu.edu.tw/user/slides/index.html,https://ilearn.thu.edu.tw/user/slides/,absolute-url
https://support.tronclass.com',support.tronclass.com',raw/ilearn.thu.edu.tw/user/slides/index.html,https://ilearn.thu.edu.tw/user/slides/,absolute-url
https://ilearn.thu.edu.tw/market,ilearn.thu.edu.tw,raw/ilearn.thu.edu.tw/user/slides/index.html,https://ilearn.thu.edu.tw/user/slides/,absolute-url
"https://ilearn.thu.edu.tw/chatbot/chatbot.umd.js',",ilearn.thu.edu.tw,raw/ilearn.thu.edu.tw/user/slides/index.html,https://ilearn.thu.edu.tw/user/slides/,absolute-url
https://www.youtube.com/iframe_api,www.youtube.com,raw/ilearn.thu.edu.tw/user/slides/index.html,https://ilearn.thu.edu.tw/user/slides/,absolute-url
https://ilearn.thu.edu.tw/video-editor',ilearn.thu.edu.tw,raw/ilearn.thu.edu.tw/user/slides/index.html,https://ilearn.thu.edu.tw/user/slides/,absolute-url
https://get.adobe.com/flashplayer/,get.adobe.com,raw/ilearn.thu.edu.tw/user/slides/index.html,https://ilearn.thu.edu.tw/user/slides/,absolute-url
https://ilearn.thu.edu.tw/,ilearn.thu.edu.tw,raw/ilearn.thu.edu.tw/user/studios.html,https://ilearn.thu.edu.tw/user/studios,absolute-url
https://www.googletagmanager.com/gtag/js,www.googletagmanager.com,raw/ilearn.thu.edu.tw/user/studios.html,https://ilearn.thu.edu.tw/user/studios,absolute-url
https://github.com/OWASP/CheatSheetSeries/blob/master/cheatsheets/Clickjacking_Defense_Cheat_Sheet.md#best-for-now-legacy-browser-frame-breaking-script--,github.com,raw/ilearn.thu.edu.tw/user/studios.html,https://ilearn.thu.edu.tw/user/studios,absolute-url
https://bam.nr-data.net,bam.nr-data.net,raw/ilearn.thu.edu.tw/user/studios.html,https://ilearn.thu.edu.tw/user/studios,absolute-url
https://www.google-analytics.com,www.google-analytics.com,raw/ilearn.thu.edu.tw/user/studios.html,https://ilearn.thu.edu.tw/user/studios,absolute-url
"https://tronclass.com.tw/public-manual/TronclassManual_System_Admin.pdf',",tronclass.com.tw,raw/ilearn.thu.edu.tw/user/studios.html,https://ilearn.thu.edu.tw/user/studios,absolute-url
"https://tronclass.com.tw/public-manual/TronclassManual_Administrator.pdf',",tronclass.com.tw,raw/ilearn.thu.edu.tw/user/studios.html,https://ilearn.thu.edu.tw/user/studios,absolute-url
"https://tronclass.com.tw/public-manual/manual-teacher.html',",tronclass.com.tw,raw/ilearn.thu.edu.tw/user/studios.html,https://ilearn.thu.edu.tw/user/studios,absolute-url
"https://tronclass.com.tw/public-manual/TronclassManual_Student.pdf',",tronclass.com.tw,raw/ilearn.thu.edu.tw/user/studios.html,https://ilearn.thu.edu.tw/user/studios,absolute-url
"https://tronclass.com.tw/public-manual/TronclassManual_App.pdf',",tronclass.com.tw,raw/ilearn.thu.edu.tw/user/studios.html,https://ilearn.thu.edu.tw/user/studios,absolute-url
https://support.tronclass.com',support.tronclass.com',raw/ilearn.thu.edu.tw/user/studios.html,https://ilearn.thu.edu.tw/user/studios,absolute-url
https://ilearn.thu.edu.tw/market,ilearn.thu.edu.tw,raw/ilearn.thu.edu.tw/user/studios.html,https://ilearn.thu.edu.tw/user/studios,absolute-url
"https://ilearn.thu.edu.tw/chatbot/chatbot.umd.js',",ilearn.thu.edu.tw,raw/ilearn.thu.edu.tw/user/studios.html,https://ilearn.thu.edu.tw/user/studios,absolute-url
https://www.youtube.com/iframe_api,www.youtube.com,raw/ilearn.thu.edu.tw/user/studios.html,https://ilearn.thu.edu.tw/user/studios,absolute-url
https://ilearn.thu.edu.tw/video-editor',ilearn.thu.edu.tw,raw/ilearn.thu.edu.tw/user/studios.html,https://ilearn.thu.edu.tw/user/studios,absolute-url
https://get.adobe.com/flashplayer/,get.adobe.com,raw/ilearn.thu.edu.tw/user/studios.html,https://ilearn.thu.edu.tw/user/studios,absolute-url
https://ilearn.thu.edu.tw/,ilearn.thu.edu.tw,raw/ilearn.thu.edu.tw/user/supervision-reports.html,https://ilearn.thu.edu.tw/user/supervision-reports,absolute-url
https://www.googletagmanager.com/gtag/js,www.googletagmanager.com,raw/ilearn.thu.edu.tw/user/supervision-reports.html,https://ilearn.thu.edu.tw/user/supervision-reports,absolute-url
https://github.com/OWASP/CheatSheetSeries/blob/master/cheatsheets/Clickjacking_Defense_Cheat_Sheet.md#best-for-now-legacy-browser-frame-breaking-script--,github.com,raw/ilearn.thu.edu.tw/user/supervision-reports.html,https://ilearn.thu.edu.tw/user/supervision-reports,absolute-url
https://bam.nr-data.net,bam.nr-data.net,raw/ilearn.thu.edu.tw/user/supervision-reports.html,https://ilearn.thu.edu.tw/user/supervision-reports,absolute-url
https://www.google-analytics.com,www.google-analytics.com,raw/ilearn.thu.edu.tw/user/supervision-reports.html,https://ilearn.thu.edu.tw/user/supervision-reports,absolute-url
"https://tronclass.com.tw/public-manual/TronclassManual_System_Admin.pdf',",tronclass.com.tw,raw/ilearn.thu.edu.tw/user/supervision-reports.html,https://ilearn.thu.edu.tw/user/supervision-reports,absolute-url
"https://tronclass.com.tw/public-manual/TronclassManual_Administrator.pdf',",tronclass.com.tw,raw/ilearn.thu.edu.tw/user/supervision-reports.html,https://ilearn.thu.edu.tw/user/supervision-reports,absolute-url
"https://tronclass.com.tw/public-manual/manual-teacher.html',",tronclass.com.tw,raw/ilearn.thu.edu.tw/user/supervision-reports.html,https://ilearn.thu.edu.tw/user/supervision-reports,absolute-url
"https://tronclass.com.tw/public-manual/TronclassManual_Student.pdf',",tronclass.com.tw,raw/ilearn.thu.edu.tw/user/supervision-reports.html,https://ilearn.thu.edu.tw/user/supervision-reports,absolute-url
"https://tronclass.com.tw/public-manual/TronclassManual_App.pdf',",tronclass.com.tw,raw/ilearn.thu.edu.tw/user/supervision-reports.html,https://ilearn.thu.edu.tw/user/supervision-reports,absolute-url
https://support.tronclass.com',support.tronclass.com',raw/ilearn.thu.edu.tw/user/supervision-reports.html,https://ilearn.thu.edu.tw/user/supervision-reports,absolute-url
https://ilearn.thu.edu.tw/market,ilearn.thu.edu.tw,raw/ilearn.thu.edu.tw/user/supervision-reports.html,https://ilearn.thu.edu.tw/user/supervision-reports,absolute-url
"https://ilearn.thu.edu.tw/chatbot/chatbot.umd.js',",ilearn.thu.edu.tw,raw/ilearn.thu.edu.tw/user/supervision-reports.html,https://ilearn.thu.edu.tw/user/supervision-reports,absolute-url
https://www.youtube.com/iframe_api,www.youtube.com,raw/ilearn.thu.edu.tw/user/supervision-reports.html,https://ilearn.thu.edu.tw/user/supervision-reports,absolute-url
https://ilearn.thu.edu.tw/video-editor',ilearn.thu.edu.tw,raw/ilearn.thu.edu.tw/user/supervision-reports.html,https://ilearn.thu.edu.tw/user/supervision-reports,absolute-url
https://get.adobe.com/flashplayer/,get.adobe.com,raw/ilearn.thu.edu.tw/user/supervision-reports.html,https://ilearn.thu.edu.tw/user/supervision-reports,absolute-url
https://ilearn.thu.edu.tw/,ilearn.thu.edu.tw,raw/ilearn.thu.edu.tw/user/trustSrc.html,https://ilearn.thu.edu.tw/user/trustSrc,absolute-url
https://www.googletagmanager.com/gtag/js,www.googletagmanager.com,raw/ilearn.thu.edu.tw/user/trustSrc.html,https://ilearn.thu.edu.tw/user/trustSrc,absolute-url
https://github.com/OWASP/CheatSheetSeries/blob/master/cheatsheets/Clickjacking_Defense_Cheat_Sheet.md#best-for-now-legacy-browser-frame-breaking-script--,github.com,raw/ilearn.thu.edu.tw/user/trustSrc.html,https://ilearn.thu.edu.tw/user/trustSrc,absolute-url
https://bam.nr-data.net,bam.nr-data.net,raw/ilearn.thu.edu.tw/user/trustSrc.html,https://ilearn.thu.edu.tw/user/trustSrc,absolute-url
https://www.google-analytics.com,www.google-analytics.com,raw/ilearn.thu.edu.tw/user/trustSrc.html,https://ilearn.thu.edu.tw/user/trustSrc,absolute-url
"https://tronclass.com.tw/public-manual/TronclassManual_System_Admin.pdf',",tronclass.com.tw,raw/ilearn.thu.edu.tw/user/trustSrc.html,https://ilearn.thu.edu.tw/user/trustSrc,absolute-url
"https://tronclass.com.tw/public-manual/TronclassManual_Administrator.pdf',",tronclass.com.tw,raw/ilearn.thu.edu.tw/user/trustSrc.html,https://ilearn.thu.edu.tw/user/trustSrc,absolute-url
"https://tronclass.com.tw/public-manual/manual-teacher.html',",tronclass.com.tw,raw/ilearn.thu.edu.tw/user/trustSrc.html,https://ilearn.thu.edu.tw/user/trustSrc,absolute-url
"https://tronclass.com.tw/public-manual/TronclassManual_Student.pdf',",tronclass.com.tw,raw/ilearn.thu.edu.tw/user/trustSrc.html,https://ilearn.thu.edu.tw/user/trustSrc,absolute-url
"https://tronclass.com.tw/public-manual/TronclassManual_App.pdf',",tronclass.com.tw,raw/ilearn.thu.edu.tw/user/trustSrc.html,https://ilearn.thu.edu.tw/user/trustSrc,absolute-url
https://support.tronclass.com',support.tronclass.com',raw/ilearn.thu.edu.tw/user/trustSrc.html,https://ilearn.thu.edu.tw/user/trustSrc,absolute-url
https://ilearn.thu.edu.tw/market,ilearn.thu.edu.tw,raw/ilearn.thu.edu.tw/user/trustSrc.html,https://ilearn.thu.edu.tw/user/trustSrc,absolute-url
"https://ilearn.thu.edu.tw/chatbot/chatbot.umd.js',",ilearn.thu.edu.tw,raw/ilearn.thu.edu.tw/user/trustSrc.html,https://ilearn.thu.edu.tw/user/trustSrc,absolute-url
https://www.youtube.com/iframe_api,www.youtube.com,raw/ilearn.thu.edu.tw/user/trustSrc.html,https://ilearn.thu.edu.tw/user/trustSrc,absolute-url
https://ilearn.thu.edu.tw/video-editor',ilearn.thu.edu.tw,raw/ilearn.thu.edu.tw/user/trustSrc.html,https://ilearn.thu.edu.tw/user/trustSrc,absolute-url
https://get.adobe.com/flashplayer/,get.adobe.com,raw/ilearn.thu.edu.tw/user/trustSrc.html,https://ilearn.thu.edu.tw/user/trustSrc,absolute-url
https://ilearn.thu.edu.tw/,ilearn.thu.edu.tw,raw/ilearn.thu.edu.tw/user/vtrses.html,https://ilearn.thu.edu.tw/user/vtrses,absolute-url
https://www.googletagmanager.com/gtag/js,www.googletagmanager.com,raw/ilearn.thu.edu.tw/user/vtrses.html,https://ilearn.thu.edu.tw/user/vtrses,absolute-url
https://github.com/OWASP/CheatSheetSeries/blob/master/cheatsheets/Clickjacking_Defense_Cheat_Sheet.md#best-for-now-legacy-browser-frame-breaking-script--,github.com,raw/ilearn.thu.edu.tw/user/vtrses.html,https://ilearn.thu.edu.tw/user/vtrses,absolute-url
https://bam.nr-data.net,bam.nr-data.net,raw/ilearn.thu.edu.tw/user/vtrses.html,https://ilearn.thu.edu.tw/user/vtrses,absolute-url
https://www.google-analytics.com,www.google-analytics.com,raw/ilearn.thu.edu.tw/user/vtrses.html,https://ilearn.thu.edu.tw/user/vtrses,absolute-url
"https://tronclass.com.tw/public-manual/TronclassManual_System_Admin.pdf',",tronclass.com.tw,raw/ilearn.thu.edu.tw/user/vtrses.html,https://ilearn.thu.edu.tw/user/vtrses,absolute-url
"https://tronclass.com.tw/public-manual/TronclassManual_Administrator.pdf',",tronclass.com.tw,raw/ilearn.thu.edu.tw/user/vtrses.html,https://ilearn.thu.edu.tw/user/vtrses,absolute-url
"https://tronclass.com.tw/public-manual/manual-teacher.html',",tronclass.com.tw,raw/ilearn.thu.edu.tw/user/vtrses.html,https://ilearn.thu.edu.tw/user/vtrses,absolute-url
"https://tronclass.com.tw/public-manual/TronclassManual_Student.pdf',",tronclass.com.tw,raw/ilearn.thu.edu.tw/user/vtrses.html,https://ilearn.thu.edu.tw/user/vtrses,absolute-url
"https://tronclass.com.tw/public-manual/TronclassManual_App.pdf',",tronclass.com.tw,raw/ilearn.thu.edu.tw/user/vtrses.html,https://ilearn.thu.edu.tw/user/vtrses,absolute-url
https://support.tronclass.com',support.tronclass.com',raw/ilearn.thu.edu.tw/user/vtrses.html,https://ilearn.thu.edu.tw/user/vtrses,absolute-url
https://ilearn.thu.edu.tw/market,ilearn.thu.edu.tw,raw/ilearn.thu.edu.tw/user/vtrses.html,https://ilearn.thu.edu.tw/user/vtrses,absolute-url
"https://ilearn.thu.edu.tw/chatbot/chatbot.umd.js',",ilearn.thu.edu.tw,raw/ilearn.thu.edu.tw/user/vtrses.html,https://ilearn.thu.edu.tw/user/vtrses,absolute-url
https://www.youtube.com/iframe_api,www.youtube.com,raw/ilearn.thu.edu.tw/user/vtrses.html,https://ilearn.thu.edu.tw/user/vtrses,absolute-url
https://ilearn.thu.edu.tw/video-editor',ilearn.thu.edu.tw,raw/ilearn.thu.edu.tw/user/vtrses.html,https://ilearn.thu.edu.tw/user/vtrses,absolute-url
https://get.adobe.com/flashplayer/,get.adobe.com,raw/ilearn.thu.edu.tw/user/vtrses.html,https://ilearn.thu.edu.tw/user/vtrses,absolute-url
https://ilearn.thu.edu.tw/,ilearn.thu.edu.tw,raw/ilearn.thu.edu.tw/users.html,https://ilearn.thu.edu.tw/users,absolute-url
https://www.googletagmanager.com/gtag/js,www.googletagmanager.com,raw/ilearn.thu.edu.tw/users.html,https://ilearn.thu.edu.tw/users,absolute-url
https://github.com/OWASP/CheatSheetSeries/blob/master/cheatsheets/Clickjacking_Defense_Cheat_Sheet.md#best-for-now-legacy-browser-frame-breaking-script--,github.com,raw/ilearn.thu.edu.tw/users.html,https://ilearn.thu.edu.tw/users,absolute-url
https://bam.nr-data.net,bam.nr-data.net,raw/ilearn.thu.edu.tw/users.html,https://ilearn.thu.edu.tw/users,absolute-url
https://www.google-analytics.com,www.google-analytics.com,raw/ilearn.thu.edu.tw/users.html,https://ilearn.thu.edu.tw/users,absolute-url
"https://tronclass.com.tw/public-manual/TronclassManual_System_Admin.pdf',",tronclass.com.tw,raw/ilearn.thu.edu.tw/users.html,https://ilearn.thu.edu.tw/users,absolute-url
"https://tronclass.com.tw/public-manual/TronclassManual_Administrator.pdf',",tronclass.com.tw,raw/ilearn.thu.edu.tw/users.html,https://ilearn.thu.edu.tw/users,absolute-url
"https://tronclass.com.tw/public-manual/manual-teacher.html',",tronclass.com.tw,raw/ilearn.thu.edu.tw/users.html,https://ilearn.thu.edu.tw/users,absolute-url
"https://tronclass.com.tw/public-manual/TronclassManual_Student.pdf',",tronclass.com.tw,raw/ilearn.thu.edu.tw/users.html,https://ilearn.thu.edu.tw/users,absolute-url
"https://tronclass.com.tw/public-manual/TronclassManual_App.pdf',",tronclass.com.tw,raw/ilearn.thu.edu.tw/users.html,https://ilearn.thu.edu.tw/users,absolute-url
https://support.tronclass.com',support.tronclass.com',raw/ilearn.thu.edu.tw/users.html,https://ilearn.thu.edu.tw/users,absolute-url
https://ilearn.thu.edu.tw/market,ilearn.thu.edu.tw,raw/ilearn.thu.edu.tw/users.html,https://ilearn.thu.edu.tw/users,absolute-url
"https://ilearn.thu.edu.tw/chatbot/chatbot.umd.js',",ilearn.thu.edu.tw,raw/ilearn.thu.edu.tw/users.html,https://ilearn.thu.edu.tw/users,absolute-url
https://www.youtube.com/iframe_api,www.youtube.com,raw/ilearn.thu.edu.tw/users.html,https://ilearn.thu.edu.tw/users,absolute-url
https://ilearn.thu.edu.tw/video-editor',ilearn.thu.edu.tw,raw/ilearn.thu.edu.tw/users.html,https://ilearn.thu.edu.tw/users,absolute-url
https://get.adobe.com/flashplayer/,get.adobe.com,raw/ilearn.thu.edu.tw/users.html,https://ilearn.thu.edu.tw/users,absolute-url
https://ilearn.thu.edu.tw/,ilearn.thu.edu.tw,raw/ilearn.thu.edu.tw/users-avatars__q_e0722ac59b.html,https://ilearn.thu.edu.tw/users-avatars?type=big,absolute-url
https://www.googletagmanager.com/gtag/js,www.googletagmanager.com,raw/ilearn.thu.edu.tw/users-avatars__q_e0722ac59b.html,https://ilearn.thu.edu.tw/users-avatars?type=big,absolute-url
https://github.com/OWASP/CheatSheetSeries/blob/master/cheatsheets/Clickjacking_Defense_Cheat_Sheet.md#best-for-now-legacy-browser-frame-breaking-script--,github.com,raw/ilearn.thu.edu.tw/users-avatars__q_e0722ac59b.html,https://ilearn.thu.edu.tw/users-avatars?type=big,absolute-url
https://bam.nr-data.net,bam.nr-data.net,raw/ilearn.thu.edu.tw/users-avatars__q_e0722ac59b.html,https://ilearn.thu.edu.tw/users-avatars?type=big,absolute-url
https://www.google-analytics.com,www.google-analytics.com,raw/ilearn.thu.edu.tw/users-avatars__q_e0722ac59b.html,https://ilearn.thu.edu.tw/users-avatars?type=big,absolute-url
"https://tronclass.com.tw/public-manual/TronclassManual_System_Admin.pdf',",tronclass.com.tw,raw/ilearn.thu.edu.tw/users-avatars__q_e0722ac59b.html,https://ilearn.thu.edu.tw/users-avatars?type=big,absolute-url
"https://tronclass.com.tw/public-manual/TronclassManual_Administrator.pdf',",tronclass.com.tw,raw/ilearn.thu.edu.tw/users-avatars__q_e0722ac59b.html,https://ilearn.thu.edu.tw/users-avatars?type=big,absolute-url
"https://tronclass.com.tw/public-manual/manual-teacher.html',",tronclass.com.tw,raw/ilearn.thu.edu.tw/users-avatars__q_e0722ac59b.html,https://ilearn.thu.edu.tw/users-avatars?type=big,absolute-url
"https://tronclass.com.tw/public-manual/TronclassManual_Student.pdf',",tronclass.com.tw,raw/ilearn.thu.edu.tw/users-avatars__q_e0722ac59b.html,https://ilearn.thu.edu.tw/users-avatars?type=big,absolute-url
"https://tronclass.com.tw/public-manual/TronclassManual_App.pdf',",tronclass.com.tw,raw/ilearn.thu.edu.tw/users-avatars__q_e0722ac59b.html,https://ilearn.thu.edu.tw/users-avatars?type=big,absolute-url
https://support.tronclass.com',support.tronclass.com',raw/ilearn.thu.edu.tw/users-avatars__q_e0722ac59b.html,https://ilearn.thu.edu.tw/users-avatars?type=big,absolute-url
https://ilearn.thu.edu.tw/market,ilearn.thu.edu.tw,raw/ilearn.thu.edu.tw/users-avatars__q_e0722ac59b.html,https://ilearn.thu.edu.tw/users-avatars?type=big,absolute-url
"https://ilearn.thu.edu.tw/chatbot/chatbot.umd.js',",ilearn.thu.edu.tw,raw/ilearn.thu.edu.tw/users-avatars__q_e0722ac59b.html,https://ilearn.thu.edu.tw/users-avatars?type=big,absolute-url
https://www.youtube.com/iframe_api,www.youtube.com,raw/ilearn.thu.edu.tw/users-avatars__q_e0722ac59b.html,https://ilearn.thu.edu.tw/users-avatars?type=big,absolute-url
https://ilearn.thu.edu.tw/video-editor',ilearn.thu.edu.tw,raw/ilearn.thu.edu.tw/users-avatars__q_e0722ac59b.html,https://ilearn.thu.edu.tw/users-avatars?type=big,absolute-url
https://get.adobe.com/flashplayer/,get.adobe.com,raw/ilearn.thu.edu.tw/users-avatars__q_e0722ac59b.html,https://ilearn.thu.edu.tw/users-avatars?type=big,absolute-url
https://ilearn.thu.edu.tw/,ilearn.thu.edu.tw,raw/ilearn.thu.edu.tw/users-small-avatars.html,https://ilearn.thu.edu.tw/users-small-avatars,absolute-url
https://www.googletagmanager.com/gtag/js,www.googletagmanager.com,raw/ilearn.thu.edu.tw/users-small-avatars.html,https://ilearn.thu.edu.tw/users-small-avatars,absolute-url
https://github.com/OWASP/CheatSheetSeries/blob/master/cheatsheets/Clickjacking_Defense_Cheat_Sheet.md#best-for-now-legacy-browser-frame-breaking-script--,github.com,raw/ilearn.thu.edu.tw/users-small-avatars.html,https://ilearn.thu.edu.tw/users-small-avatars,absolute-url
https://bam.nr-data.net,bam.nr-data.net,raw/ilearn.thu.edu.tw/users-small-avatars.html,https://ilearn.thu.edu.tw/users-small-avatars,absolute-url
https://www.google-analytics.com,www.google-analytics.com,raw/ilearn.thu.edu.tw/users-small-avatars.html,https://ilearn.thu.edu.tw/users-small-avatars,absolute-url
"https://tronclass.com.tw/public-manual/TronclassManual_System_Admin.pdf',",tronclass.com.tw,raw/ilearn.thu.edu.tw/users-small-avatars.html,https://ilearn.thu.edu.tw/users-small-avatars,absolute-url
"https://tronclass.com.tw/public-manual/TronclassManual_Administrator.pdf',",tronclass.com.tw,raw/ilearn.thu.edu.tw/users-small-avatars.html,https://ilearn.thu.edu.tw/users-small-avatars,absolute-url
"https://tronclass.com.tw/public-manual/manual-teacher.html',",tronclass.com.tw,raw/ilearn.thu.edu.tw/users-small-avatars.html,https://ilearn.thu.edu.tw/users-small-avatars,absolute-url
"https://tronclass.com.tw/public-manual/TronclassManual_Student.pdf',",tronclass.com.tw,raw/ilearn.thu.edu.tw/users-small-avatars.html,https://ilearn.thu.edu.tw/users-small-avatars,absolute-url
"https://tronclass.com.tw/public-manual/TronclassManual_App.pdf',",tronclass.com.tw,raw/ilearn.thu.edu.tw/users-small-avatars.html,https://ilearn.thu.edu.tw/users-small-avatars,absolute-url
https://support.tronclass.com',support.tronclass.com',raw/ilearn.thu.edu.tw/users-small-avatars.html,https://ilearn.thu.edu.tw/users-small-avatars,absolute-url
https://ilearn.thu.edu.tw/market,ilearn.thu.edu.tw,raw/ilearn.thu.edu.tw/users-small-avatars.html,https://ilearn.thu.edu.tw/users-small-avatars,absolute-url
"https://ilearn.thu.edu.tw/chatbot/chatbot.umd.js',",ilearn.thu.edu.tw,raw/ilearn.thu.edu.tw/users-small-avatars.html,https://ilearn.thu.edu.tw/users-small-avatars,absolute-url
https://www.youtube.com/iframe_api,www.youtube.com,raw/ilearn.thu.edu.tw/users-small-avatars.html,https://ilearn.thu.edu.tw/users-small-avatars,absolute-url
https://ilearn.thu.edu.tw/video-editor',ilearn.thu.edu.tw,raw/ilearn.thu.edu.tw/users-small-avatars.html,https://ilearn.thu.edu.tw/users-small-avatars,absolute-url
https://get.adobe.com/flashplayer/,get.adobe.com,raw/ilearn.thu.edu.tw/users-small-avatars.html,https://ilearn.thu.edu.tw/users-small-avatars,absolute-url
https://ilearn.thu.edu.tw/,ilearn.thu.edu.tw,raw/ilearn.thu.edu.tw/users/index.html,https://ilearn.thu.edu.tw/users/,absolute-url
https://www.googletagmanager.com/gtag/js,www.googletagmanager.com,raw/ilearn.thu.edu.tw/users/index.html,https://ilearn.thu.edu.tw/users/,absolute-url
https://github.com/OWASP/CheatSheetSeries/blob/master/cheatsheets/Clickjacking_Defense_Cheat_Sheet.md#best-for-now-legacy-browser-frame-breaking-script--,github.com,raw/ilearn.thu.edu.tw/users/index.html,https://ilearn.thu.edu.tw/users/,absolute-url
https://bam.nr-data.net,bam.nr-data.net,raw/ilearn.thu.edu.tw/users/index.html,https://ilearn.thu.edu.tw/users/,absolute-url
https://www.google-analytics.com,www.google-analytics.com,raw/ilearn.thu.edu.tw/users/index.html,https://ilearn.thu.edu.tw/users/,absolute-url
"https://tronclass.com.tw/public-manual/TronclassManual_System_Admin.pdf',",tronclass.com.tw,raw/ilearn.thu.edu.tw/users/index.html,https://ilearn.thu.edu.tw/users/,absolute-url
"https://tronclass.com.tw/public-manual/TronclassManual_Administrator.pdf',",tronclass.com.tw,raw/ilearn.thu.edu.tw/users/index.html,https://ilearn.thu.edu.tw/users/,absolute-url
"https://tronclass.com.tw/public-manual/manual-teacher.html',",tronclass.com.tw,raw/ilearn.thu.edu.tw/users/index.html,https://ilearn.thu.edu.tw/users/,absolute-url
"https://tronclass.com.tw/public-manual/TronclassManual_Student.pdf',",tronclass.com.tw,raw/ilearn.thu.edu.tw/users/index.html,https://ilearn.thu.edu.tw/users/,absolute-url
"https://tronclass.com.tw/public-manual/TronclassManual_App.pdf',",tronclass.com.tw,raw/ilearn.thu.edu.tw/users/index.html,https://ilearn.thu.edu.tw/users/,absolute-url
https://support.tronclass.com',support.tronclass.com',raw/ilearn.thu.edu.tw/users/index.html,https://ilearn.thu.edu.tw/users/,absolute-url
https://ilearn.thu.edu.tw/market,ilearn.thu.edu.tw,raw/ilearn.thu.edu.tw/users/index.html,https://ilearn.thu.edu.tw/users/,absolute-url
"https://ilearn.thu.edu.tw/chatbot/chatbot.umd.js',",ilearn.thu.edu.tw,raw/ilearn.thu.edu.tw/users/index.html,https://ilearn.thu.edu.tw/users/,absolute-url
https://www.youtube.com/iframe_api,www.youtube.com,raw/ilearn.thu.edu.tw/users/index.html,https://ilearn.thu.edu.tw/users/,absolute-url
https://ilearn.thu.edu.tw/video-editor',ilearn.thu.edu.tw,raw/ilearn.thu.edu.tw/users/index.html,https://ilearn.thu.edu.tw/users/,absolute-url
https://get.adobe.com/flashplayer/,get.adobe.com,raw/ilearn.thu.edu.tw/users/index.html,https://ilearn.thu.edu.tw/users/,absolute-url
https://ilearn.thu.edu.tw/,ilearn.thu.edu.tw,raw/ilearn.thu.edu.tw/users/add__q_634b7b9d78.html,https://ilearn.thu.edu.tw/users/add?keyword=,absolute-url
https://www.googletagmanager.com/gtag/js,www.googletagmanager.com,raw/ilearn.thu.edu.tw/users/add__q_634b7b9d78.html,https://ilearn.thu.edu.tw/users/add?keyword=,absolute-url
https://github.com/OWASP/CheatSheetSeries/blob/master/cheatsheets/Clickjacking_Defense_Cheat_Sheet.md#best-for-now-legacy-browser-frame-breaking-script--,github.com,raw/ilearn.thu.edu.tw/users/add__q_634b7b9d78.html,https://ilearn.thu.edu.tw/users/add?keyword=,absolute-url
https://bam.nr-data.net,bam.nr-data.net,raw/ilearn.thu.edu.tw/users/add__q_634b7b9d78.html,https://ilearn.thu.edu.tw/users/add?keyword=,absolute-url
https://www.google-analytics.com,www.google-analytics.com,raw/ilearn.thu.edu.tw/users/add__q_634b7b9d78.html,https://ilearn.thu.edu.tw/users/add?keyword=,absolute-url
"https://tronclass.com.tw/public-manual/TronclassManual_System_Admin.pdf',",tronclass.com.tw,raw/ilearn.thu.edu.tw/users/add__q_634b7b9d78.html,https://ilearn.thu.edu.tw/users/add?keyword=,absolute-url
"https://tronclass.com.tw/public-manual/TronclassManual_Administrator.pdf',",tronclass.com.tw,raw/ilearn.thu.edu.tw/users/add__q_634b7b9d78.html,https://ilearn.thu.edu.tw/users/add?keyword=,absolute-url
"https://tronclass.com.tw/public-manual/manual-teacher.html',",tronclass.com.tw,raw/ilearn.thu.edu.tw/users/add__q_634b7b9d78.html,https://ilearn.thu.edu.tw/users/add?keyword=,absolute-url
"https://tronclass.com.tw/public-manual/TronclassManual_Student.pdf',",tronclass.com.tw,raw/ilearn.thu.edu.tw/users/add__q_634b7b9d78.html,https://ilearn.thu.edu.tw/users/add?keyword=,absolute-url
"https://tronclass.com.tw/public-manual/TronclassManual_App.pdf',",tronclass.com.tw,raw/ilearn.thu.edu.tw/users/add__q_634b7b9d78.html,https://ilearn.thu.edu.tw/users/add?keyword=,absolute-url
https://support.tronclass.com',support.tronclass.com',raw/ilearn.thu.edu.tw/users/add__q_634b7b9d78.html,https://ilearn.thu.edu.tw/users/add?keyword=,absolute-url
https://ilearn.thu.edu.tw/market,ilearn.thu.edu.tw,raw/ilearn.thu.edu.tw/users/add__q_634b7b9d78.html,https://ilearn.thu.edu.tw/users/add?keyword=,absolute-url
"https://ilearn.thu.edu.tw/chatbot/chatbot.umd.js',",ilearn.thu.edu.tw,raw/ilearn.thu.edu.tw/users/add__q_634b7b9d78.html,https://ilearn.thu.edu.tw/users/add?keyword=,absolute-url
https://www.youtube.com/iframe_api,www.youtube.com,raw/ilearn.thu.edu.tw/users/add__q_634b7b9d78.html,https://ilearn.thu.edu.tw/users/add?keyword=,absolute-url
https://ilearn.thu.edu.tw/video-editor',ilearn.thu.edu.tw,raw/ilearn.thu.edu.tw/users/add__q_634b7b9d78.html,https://ilearn.thu.edu.tw/users/add?keyword=,absolute-url
https://get.adobe.com/flashplayer/,get.adobe.com,raw/ilearn.thu.edu.tw/users/add__q_634b7b9d78.html,https://ilearn.thu.edu.tw/users/add?keyword=,absolute-url
https://ilearn.thu.edu.tw/,ilearn.thu.edu.tw,raw/ilearn.thu.edu.tw/users/avatarSmallUrl.html,https://ilearn.thu.edu.tw/users/avatarSmallUrl,absolute-url
https://www.googletagmanager.com/gtag/js,www.googletagmanager.com,raw/ilearn.thu.edu.tw/users/avatarSmallUrl.html,https://ilearn.thu.edu.tw/users/avatarSmallUrl,absolute-url
https://github.com/OWASP/CheatSheetSeries/blob/master/cheatsheets/Clickjacking_Defense_Cheat_Sheet.md#best-for-now-legacy-browser-frame-breaking-script--,github.com,raw/ilearn.thu.edu.tw/users/avatarSmallUrl.html,https://ilearn.thu.edu.tw/users/avatarSmallUrl,absolute-url
https://bam.nr-data.net,bam.nr-data.net,raw/ilearn.thu.edu.tw/users/avatarSmallUrl.html,https://ilearn.thu.edu.tw/users/avatarSmallUrl,absolute-url
https://www.google-analytics.com,www.google-analytics.com,raw/ilearn.thu.edu.tw/users/avatarSmallUrl.html,https://ilearn.thu.edu.tw/users/avatarSmallUrl,absolute-url
"https://tronclass.com.tw/public-manual/TronclassManual_System_Admin.pdf',",tronclass.com.tw,raw/ilearn.thu.edu.tw/users/avatarSmallUrl.html,https://ilearn.thu.edu.tw/users/avatarSmallUrl,absolute-url
"https://tronclass.com.tw/public-manual/TronclassManual_Administrator.pdf',",tronclass.com.tw,raw/ilearn.thu.edu.tw/users/avatarSmallUrl.html,https://ilearn.thu.edu.tw/users/avatarSmallUrl,absolute-url
"https://tronclass.com.tw/public-manual/manual-teacher.html',",tronclass.com.tw,raw/ilearn.thu.edu.tw/users/avatarSmallUrl.html,https://ilearn.thu.edu.tw/users/avatarSmallUrl,absolute-url
"https://tronclass.com.tw/public-manual/TronclassManual_Student.pdf',",tronclass.com.tw,raw/ilearn.thu.edu.tw/users/avatarSmallUrl.html,https://ilearn.thu.edu.tw/users/avatarSmallUrl,absolute-url
"https://tronclass.com.tw/public-manual/TronclassManual_App.pdf',",tronclass.com.tw,raw/ilearn.thu.edu.tw/users/avatarSmallUrl.html,https://ilearn.thu.edu.tw/users/avatarSmallUrl,absolute-url
https://support.tronclass.com',support.tronclass.com',raw/ilearn.thu.edu.tw/users/avatarSmallUrl.html,https://ilearn.thu.edu.tw/users/avatarSmallUrl,absolute-url
https://ilearn.thu.edu.tw/market,ilearn.thu.edu.tw,raw/ilearn.thu.edu.tw/users/avatarSmallUrl.html,https://ilearn.thu.edu.tw/users/avatarSmallUrl,absolute-url
"https://ilearn.thu.edu.tw/chatbot/chatbot.umd.js',",ilearn.thu.edu.tw,raw/ilearn.thu.edu.tw/users/avatarSmallUrl.html,https://ilearn.thu.edu.tw/users/avatarSmallUrl,absolute-url
https://www.youtube.com/iframe_api,www.youtube.com,raw/ilearn.thu.edu.tw/users/avatarSmallUrl.html,https://ilearn.thu.edu.tw/users/avatarSmallUrl,absolute-url
https://ilearn.thu.edu.tw/video-editor',ilearn.thu.edu.tw,raw/ilearn.thu.edu.tw/users/avatarSmallUrl.html,https://ilearn.thu.edu.tw/users/avatarSmallUrl,absolute-url
https://get.adobe.com/flashplayer/,get.adobe.com,raw/ilearn.thu.edu.tw/users/avatarSmallUrl.html,https://ilearn.thu.edu.tw/users/avatarSmallUrl,absolute-url
https://ilearn.thu.edu.tw/,ilearn.thu.edu.tw,raw/ilearn.thu.edu.tw/users/capture_url.html,https://ilearn.thu.edu.tw/users/capture_url,absolute-url
https://www.googletagmanager.com/gtag/js,www.googletagmanager.com,raw/ilearn.thu.edu.tw/users/capture_url.html,https://ilearn.thu.edu.tw/users/capture_url,absolute-url
https://github.com/OWASP/CheatSheetSeries/blob/master/cheatsheets/Clickjacking_Defense_Cheat_Sheet.md#best-for-now-legacy-browser-frame-breaking-script--,github.com,raw/ilearn.thu.edu.tw/users/capture_url.html,https://ilearn.thu.edu.tw/users/capture_url,absolute-url
https://bam.nr-data.net,bam.nr-data.net,raw/ilearn.thu.edu.tw/users/capture_url.html,https://ilearn.thu.edu.tw/users/capture_url,absolute-url
https://www.google-analytics.com,www.google-analytics.com,raw/ilearn.thu.edu.tw/users/capture_url.html,https://ilearn.thu.edu.tw/users/capture_url,absolute-url
"https://tronclass.com.tw/public-manual/TronclassManual_System_Admin.pdf',",tronclass.com.tw,raw/ilearn.thu.edu.tw/users/capture_url.html,https://ilearn.thu.edu.tw/users/capture_url,absolute-url
"https://tronclass.com.tw/public-manual/TronclassManual_Administrator.pdf',",tronclass.com.tw,raw/ilearn.thu.edu.tw/users/capture_url.html,https://ilearn.thu.edu.tw/users/capture_url,absolute-url
"https://tronclass.com.tw/public-manual/manual-teacher.html',",tronclass.com.tw,raw/ilearn.thu.edu.tw/users/capture_url.html,https://ilearn.thu.edu.tw/users/capture_url,absolute-url
"https://tronclass.com.tw/public-manual/TronclassManual_Student.pdf',",tronclass.com.tw,raw/ilearn.thu.edu.tw/users/capture_url.html,https://ilearn.thu.edu.tw/users/capture_url,absolute-url
"https://tronclass.com.tw/public-manual/TronclassManual_App.pdf',",tronclass.com.tw,raw/ilearn.thu.edu.tw/users/capture_url.html,https://ilearn.thu.edu.tw/users/capture_url,absolute-url
https://support.tronclass.com',support.tronclass.com',raw/ilearn.thu.edu.tw/users/capture_url.html,https://ilearn.thu.edu.tw/users/capture_url,absolute-url
https://ilearn.thu.edu.tw/market,ilearn.thu.edu.tw,raw/ilearn.thu.edu.tw/users/capture_url.html,https://ilearn.thu.edu.tw/users/capture_url,absolute-url
"https://ilearn.thu.edu.tw/chatbot/chatbot.umd.js',",ilearn.thu.edu.tw,raw/ilearn.thu.edu.tw/users/capture_url.html,https://ilearn.thu.edu.tw/users/capture_url,absolute-url
https://www.youtube.com/iframe_api,www.youtube.com,raw/ilearn.thu.edu.tw/users/capture_url.html,https://ilearn.thu.edu.tw/users/capture_url,absolute-url
https://ilearn.thu.edu.tw/video-editor',ilearn.thu.edu.tw,raw/ilearn.thu.edu.tw/users/capture_url.html,https://ilearn.thu.edu.tw/users/capture_url,absolute-url
https://get.adobe.com/flashplayer/,get.adobe.com,raw/ilearn.thu.edu.tw/users/capture_url.html,https://ilearn.thu.edu.tw/users/capture_url,absolute-url
https://ilearn.thu.edu.tw/,ilearn.thu.edu.tw,raw/ilearn.thu.edu.tw/users/edit.html,https://ilearn.thu.edu.tw/users/edit,absolute-url
https://www.googletagmanager.com/gtag/js,www.googletagmanager.com,raw/ilearn.thu.edu.tw/users/edit.html,https://ilearn.thu.edu.tw/users/edit,absolute-url
https://github.com/OWASP/CheatSheetSeries/blob/master/cheatsheets/Clickjacking_Defense_Cheat_Sheet.md#best-for-now-legacy-browser-frame-breaking-script--,github.com,raw/ilearn.thu.edu.tw/users/edit.html,https://ilearn.thu.edu.tw/users/edit,absolute-url
https://bam.nr-data.net,bam.nr-data.net,raw/ilearn.thu.edu.tw/users/edit.html,https://ilearn.thu.edu.tw/users/edit,absolute-url
https://www.google-analytics.com,www.google-analytics.com,raw/ilearn.thu.edu.tw/users/edit.html,https://ilearn.thu.edu.tw/users/edit,absolute-url
"https://tronclass.com.tw/public-manual/TronclassManual_System_Admin.pdf',",tronclass.com.tw,raw/ilearn.thu.edu.tw/users/edit.html,https://ilearn.thu.edu.tw/users/edit,absolute-url
"https://tronclass.com.tw/public-manual/TronclassManual_Administrator.pdf',",tronclass.com.tw,raw/ilearn.thu.edu.tw/users/edit.html,https://ilearn.thu.edu.tw/users/edit,absolute-url
"https://tronclass.com.tw/public-manual/manual-teacher.html',",tronclass.com.tw,raw/ilearn.thu.edu.tw/users/edit.html,https://ilearn.thu.edu.tw/users/edit,absolute-url
"https://tronclass.com.tw/public-manual/TronclassManual_Student.pdf',",tronclass.com.tw,raw/ilearn.thu.edu.tw/users/edit.html,https://ilearn.thu.edu.tw/users/edit,absolute-url
"https://tronclass.com.tw/public-manual/TronclassManual_App.pdf',",tronclass.com.tw,raw/ilearn.thu.edu.tw/users/edit.html,https://ilearn.thu.edu.tw/users/edit,absolute-url
https://support.tronclass.com',support.tronclass.com',raw/ilearn.thu.edu.tw/users/edit.html,https://ilearn.thu.edu.tw/users/edit,absolute-url
https://ilearn.thu.edu.tw/market,ilearn.thu.edu.tw,raw/ilearn.thu.edu.tw/users/edit.html,https://ilearn.thu.edu.tw/users/edit,absolute-url
"https://ilearn.thu.edu.tw/chatbot/chatbot.umd.js',",ilearn.thu.edu.tw,raw/ilearn.thu.edu.tw/users/edit.html,https://ilearn.thu.edu.tw/users/edit,absolute-url
https://www.youtube.com/iframe_api,www.youtube.com,raw/ilearn.thu.edu.tw/users/edit.html,https://ilearn.thu.edu.tw/users/edit,absolute-url
https://ilearn.thu.edu.tw/video-editor',ilearn.thu.edu.tw,raw/ilearn.thu.edu.tw/users/edit.html,https://ilearn.thu.edu.tw/users/edit,absolute-url
https://get.adobe.com/flashplayer/,get.adobe.com,raw/ilearn.thu.edu.tw/users/edit.html,https://ilearn.thu.edu.tw/users/edit,absolute-url
https://ilearn.thu.edu.tw/,ilearn.thu.edu.tw,raw/ilearn.thu.edu.tw/users/edit__q_6372a35dd8.html,https://ilearn.thu.edu.tw/users/edit?userIds=,absolute-url
https://www.googletagmanager.com/gtag/js,www.googletagmanager.com,raw/ilearn.thu.edu.tw/users/edit__q_6372a35dd8.html,https://ilearn.thu.edu.tw/users/edit?userIds=,absolute-url
https://github.com/OWASP/CheatSheetSeries/blob/master/cheatsheets/Clickjacking_Defense_Cheat_Sheet.md#best-for-now-legacy-browser-frame-breaking-script--,github.com,raw/ilearn.thu.edu.tw/users/edit__q_6372a35dd8.html,https://ilearn.thu.edu.tw/users/edit?userIds=,absolute-url
https://bam.nr-data.net,bam.nr-data.net,raw/ilearn.thu.edu.tw/users/edit__q_6372a35dd8.html,https://ilearn.thu.edu.tw/users/edit?userIds=,absolute-url
https://www.google-analytics.com,www.google-analytics.com,raw/ilearn.thu.edu.tw/users/edit__q_6372a35dd8.html,https://ilearn.thu.edu.tw/users/edit?userIds=,absolute-url
"https://tronclass.com.tw/public-manual/TronclassManual_System_Admin.pdf',",tronclass.com.tw,raw/ilearn.thu.edu.tw/users/edit__q_6372a35dd8.html,https://ilearn.thu.edu.tw/users/edit?userIds=,absolute-url
"https://tronclass.com.tw/public-manual/TronclassManual_Administrator.pdf',",tronclass.com.tw,raw/ilearn.thu.edu.tw/users/edit__q_6372a35dd8.html,https://ilearn.thu.edu.tw/users/edit?userIds=,absolute-url
"https://tronclass.com.tw/public-manual/manual-teacher.html',",tronclass.com.tw,raw/ilearn.thu.edu.tw/users/edit__q_6372a35dd8.html,https://ilearn.thu.edu.tw/users/edit?userIds=,absolute-url
"https://tronclass.com.tw/public-manual/TronclassManual_Student.pdf',",tronclass.com.tw,raw/ilearn.thu.edu.tw/users/edit__q_6372a35dd8.html,https://ilearn.thu.edu.tw/users/edit?userIds=,absolute-url
"https://tronclass.com.tw/public-manual/TronclassManual_App.pdf',",tronclass.com.tw,raw/ilearn.thu.edu.tw/users/edit__q_6372a35dd8.html,https://ilearn.thu.edu.tw/users/edit?userIds=,absolute-url
https://support.tronclass.com',support.tronclass.com',raw/ilearn.thu.edu.tw/users/edit__q_6372a35dd8.html,https://ilearn.thu.edu.tw/users/edit?userIds=,absolute-url
https://ilearn.thu.edu.tw/market,ilearn.thu.edu.tw,raw/ilearn.thu.edu.tw/users/edit__q_6372a35dd8.html,https://ilearn.thu.edu.tw/users/edit?userIds=,absolute-url
"https://ilearn.thu.edu.tw/chatbot/chatbot.umd.js',",ilearn.thu.edu.tw,raw/ilearn.thu.edu.tw/users/edit__q_6372a35dd8.html,https://ilearn.thu.edu.tw/users/edit?userIds=,absolute-url
https://www.youtube.com/iframe_api,www.youtube.com,raw/ilearn.thu.edu.tw/users/edit__q_6372a35dd8.html,https://ilearn.thu.edu.tw/users/edit?userIds=,absolute-url
https://ilearn.thu.edu.tw/video-editor',ilearn.thu.edu.tw,raw/ilearn.thu.edu.tw/users/edit__q_6372a35dd8.html,https://ilearn.thu.edu.tw/users/edit?userIds=,absolute-url
https://get.adobe.com/flashplayer/,get.adobe.com,raw/ilearn.thu.edu.tw/users/edit__q_6372a35dd8.html,https://ilearn.thu.edu.tw/users/edit?userIds=,absolute-url
https://ilearn.thu.edu.tw/,ilearn.thu.edu.tw,raw/ilearn.thu.edu.tw/users/lesson_resource_url.html,https://ilearn.thu.edu.tw/users/lesson_resource_url,absolute-url
https://www.googletagmanager.com/gtag/js,www.googletagmanager.com,raw/ilearn.thu.edu.tw/users/lesson_resource_url.html,https://ilearn.thu.edu.tw/users/lesson_resource_url,absolute-url
https://github.com/OWASP/CheatSheetSeries/blob/master/cheatsheets/Clickjacking_Defense_Cheat_Sheet.md#best-for-now-legacy-browser-frame-breaking-script--,github.com,raw/ilearn.thu.edu.tw/users/lesson_resource_url.html,https://ilearn.thu.edu.tw/users/lesson_resource_url,absolute-url
https://bam.nr-data.net,bam.nr-data.net,raw/ilearn.thu.edu.tw/users/lesson_resource_url.html,https://ilearn.thu.edu.tw/users/lesson_resource_url,absolute-url
https://www.google-analytics.com,www.google-analytics.com,raw/ilearn.thu.edu.tw/users/lesson_resource_url.html,https://ilearn.thu.edu.tw/users/lesson_resource_url,absolute-url
"https://tronclass.com.tw/public-manual/TronclassManual_System_Admin.pdf',",tronclass.com.tw,raw/ilearn.thu.edu.tw/users/lesson_resource_url.html,https://ilearn.thu.edu.tw/users/lesson_resource_url,absolute-url
"https://tronclass.com.tw/public-manual/TronclassManual_Administrator.pdf',",tronclass.com.tw,raw/ilearn.thu.edu.tw/users/lesson_resource_url.html,https://ilearn.thu.edu.tw/users/lesson_resource_url,absolute-url
"https://tronclass.com.tw/public-manual/manual-teacher.html',",tronclass.com.tw,raw/ilearn.thu.edu.tw/users/lesson_resource_url.html,https://ilearn.thu.edu.tw/users/lesson_resource_url,absolute-url
"https://tronclass.com.tw/public-manual/TronclassManual_Student.pdf',",tronclass.com.tw,raw/ilearn.thu.edu.tw/users/lesson_resource_url.html,https://ilearn.thu.edu.tw/users/lesson_resource_url,absolute-url
"https://tronclass.com.tw/public-manual/TronclassManual_App.pdf',",tronclass.com.tw,raw/ilearn.thu.edu.tw/users/lesson_resource_url.html,https://ilearn.thu.edu.tw/users/lesson_resource_url,absolute-url
https://support.tronclass.com',support.tronclass.com',raw/ilearn.thu.edu.tw/users/lesson_resource_url.html,https://ilearn.thu.edu.tw/users/lesson_resource_url,absolute-url
https://ilearn.thu.edu.tw/market,ilearn.thu.edu.tw,raw/ilearn.thu.edu.tw/users/lesson_resource_url.html,https://ilearn.thu.edu.tw/users/lesson_resource_url,absolute-url
"https://ilearn.thu.edu.tw/chatbot/chatbot.umd.js',",ilearn.thu.edu.tw,raw/ilearn.thu.edu.tw/users/lesson_resource_url.html,https://ilearn.thu.edu.tw/users/lesson_resource_url,absolute-url
https://www.youtube.com/iframe_api,www.youtube.com,raw/ilearn.thu.edu.tw/users/lesson_resource_url.html,https://ilearn.thu.edu.tw/users/lesson_resource_url,absolute-url
https://ilearn.thu.edu.tw/video-editor',ilearn.thu.edu.tw,raw/ilearn.thu.edu.tw/users/lesson_resource_url.html,https://ilearn.thu.edu.tw/users/lesson_resource_url,absolute-url
https://get.adobe.com/flashplayer/,get.adobe.com,raw/ilearn.thu.edu.tw/users/lesson_resource_url.html,https://ilearn.thu.edu.tw/users/lesson_resource_url,absolute-url
https://ilearn.thu.edu.tw/,ilearn.thu.edu.tw,raw/ilearn.thu.edu.tw/users/manualUrl.html,https://ilearn.thu.edu.tw/users/manualUrl,absolute-url
https://www.googletagmanager.com/gtag/js,www.googletagmanager.com,raw/ilearn.thu.edu.tw/users/manualUrl.html,https://ilearn.thu.edu.tw/users/manualUrl,absolute-url
https://github.com/OWASP/CheatSheetSeries/blob/master/cheatsheets/Clickjacking_Defense_Cheat_Sheet.md#best-for-now-legacy-browser-frame-breaking-script--,github.com,raw/ilearn.thu.edu.tw/users/manualUrl.html,https://ilearn.thu.edu.tw/users/manualUrl,absolute-url
https://bam.nr-data.net,bam.nr-data.net,raw/ilearn.thu.edu.tw/users/manualUrl.html,https://ilearn.thu.edu.tw/users/manualUrl,absolute-url
https://www.google-analytics.com,www.google-analytics.com,raw/ilearn.thu.edu.tw/users/manualUrl.html,https://ilearn.thu.edu.tw/users/manualUrl,absolute-url
"https://tronclass.com.tw/public-manual/TronclassManual_System_Admin.pdf',",tronclass.com.tw,raw/ilearn.thu.edu.tw/users/manualUrl.html,https://ilearn.thu.edu.tw/users/manualUrl,absolute-url
"https://tronclass.com.tw/public-manual/TronclassManual_Administrator.pdf',",tronclass.com.tw,raw/ilearn.thu.edu.tw/users/manualUrl.html,https://ilearn.thu.edu.tw/users/manualUrl,absolute-url
"https://tronclass.com.tw/public-manual/manual-teacher.html',",tronclass.com.tw,raw/ilearn.thu.edu.tw/users/manualUrl.html,https://ilearn.thu.edu.tw/users/manualUrl,absolute-url
"https://tronclass.com.tw/public-manual/TronclassManual_Student.pdf',",tronclass.com.tw,raw/ilearn.thu.edu.tw/users/manualUrl.html,https://ilearn.thu.edu.tw/users/manualUrl,absolute-url
"https://tronclass.com.tw/public-manual/TronclassManual_App.pdf',",tronclass.com.tw,raw/ilearn.thu.edu.tw/users/manualUrl.html,https://ilearn.thu.edu.tw/users/manualUrl,absolute-url
https://support.tronclass.com',support.tronclass.com',raw/ilearn.thu.edu.tw/users/manualUrl.html,https://ilearn.thu.edu.tw/users/manualUrl,absolute-url
https://ilearn.thu.edu.tw/market,ilearn.thu.edu.tw,raw/ilearn.thu.edu.tw/users/manualUrl.html,https://ilearn.thu.edu.tw/users/manualUrl,absolute-url
"https://ilearn.thu.edu.tw/chatbot/chatbot.umd.js',",ilearn.thu.edu.tw,raw/ilearn.thu.edu.tw/users/manualUrl.html,https://ilearn.thu.edu.tw/users/manualUrl,absolute-url
https://www.youtube.com/iframe_api,www.youtube.com,raw/ilearn.thu.edu.tw/users/manualUrl.html,https://ilearn.thu.edu.tw/users/manualUrl,absolute-url
https://ilearn.thu.edu.tw/video-editor',ilearn.thu.edu.tw,raw/ilearn.thu.edu.tw/users/manualUrl.html,https://ilearn.thu.edu.tw/users/manualUrl,absolute-url
https://get.adobe.com/flashplayer/,get.adobe.com,raw/ilearn.thu.edu.tw/users/manualUrl.html,https://ilearn.thu.edu.tw/users/manualUrl,absolute-url
https://ilearn.thu.edu.tw/,ilearn.thu.edu.tw,raw/ilearn.thu.edu.tw/users/user-visits/avatarSmallUrl.html,https://ilearn.thu.edu.tw/users/user-visits/avatarSmallUrl,absolute-url
https://www.googletagmanager.com/gtag/js,www.googletagmanager.com,raw/ilearn.thu.edu.tw/users/user-visits/avatarSmallUrl.html,https://ilearn.thu.edu.tw/users/user-visits/avatarSmallUrl,absolute-url
https://github.com/OWASP/CheatSheetSeries/blob/master/cheatsheets/Clickjacking_Defense_Cheat_Sheet.md#best-for-now-legacy-browser-frame-breaking-script--,github.com,raw/ilearn.thu.edu.tw/users/user-visits/avatarSmallUrl.html,https://ilearn.thu.edu.tw/users/user-visits/avatarSmallUrl,absolute-url
https://bam.nr-data.net,bam.nr-data.net,raw/ilearn.thu.edu.tw/users/user-visits/avatarSmallUrl.html,https://ilearn.thu.edu.tw/users/user-visits/avatarSmallUrl,absolute-url
https://www.google-analytics.com,www.google-analytics.com,raw/ilearn.thu.edu.tw/users/user-visits/avatarSmallUrl.html,https://ilearn.thu.edu.tw/users/user-visits/avatarSmallUrl,absolute-url
"https://tronclass.com.tw/public-manual/TronclassManual_System_Admin.pdf',",tronclass.com.tw,raw/ilearn.thu.edu.tw/users/user-visits/avatarSmallUrl.html,https://ilearn.thu.edu.tw/users/user-visits/avatarSmallUrl,absolute-url
"https://tronclass.com.tw/public-manual/TronclassManual_Administrator.pdf',",tronclass.com.tw,raw/ilearn.thu.edu.tw/users/user-visits/avatarSmallUrl.html,https://ilearn.thu.edu.tw/users/user-visits/avatarSmallUrl,absolute-url
"https://tronclass.com.tw/public-manual/manual-teacher.html',",tronclass.com.tw,raw/ilearn.thu.edu.tw/users/user-visits/avatarSmallUrl.html,https://ilearn.thu.edu.tw/users/user-visits/avatarSmallUrl,absolute-url
"https://tronclass.com.tw/public-manual/TronclassManual_Student.pdf',",tronclass.com.tw,raw/ilearn.thu.edu.tw/users/user-visits/avatarSmallUrl.html,https://ilearn.thu.edu.tw/users/user-visits/avatarSmallUrl,absolute-url
"https://tronclass.com.tw/public-manual/TronclassManual_App.pdf',",tronclass.com.tw,raw/ilearn.thu.edu.tw/users/user-visits/avatarSmallUrl.html,https://ilearn.thu.edu.tw/users/user-visits/avatarSmallUrl,absolute-url
https://support.tronclass.com',support.tronclass.com',raw/ilearn.thu.edu.tw/users/user-visits/avatarSmallUrl.html,https://ilearn.thu.edu.tw/users/user-visits/avatarSmallUrl,absolute-url
https://ilearn.thu.edu.tw/market,ilearn.thu.edu.tw,raw/ilearn.thu.edu.tw/users/user-visits/avatarSmallUrl.html,https://ilearn.thu.edu.tw/users/user-visits/avatarSmallUrl,absolute-url
"https://ilearn.thu.edu.tw/chatbot/chatbot.umd.js',",ilearn.thu.edu.tw,raw/ilearn.thu.edu.tw/users/user-visits/avatarSmallUrl.html,https://ilearn.thu.edu.tw/users/user-visits/avatarSmallUrl,absolute-url
https://www.youtube.com/iframe_api,www.youtube.com,raw/ilearn.thu.edu.tw/users/user-visits/avatarSmallUrl.html,https://ilearn.thu.edu.tw/users/user-visits/avatarSmallUrl,absolute-url
https://ilearn.thu.edu.tw/video-editor',ilearn.thu.edu.tw,raw/ilearn.thu.edu.tw/users/user-visits/avatarSmallUrl.html,https://ilearn.thu.edu.tw/users/user-visits/avatarSmallUrl,absolute-url
https://get.adobe.com/flashplayer/,get.adobe.com,raw/ilearn.thu.edu.tw/users/user-visits/avatarSmallUrl.html,https://ilearn.thu.edu.tw/users/user-visits/avatarSmallUrl,absolute-url
https://ilearn.thu.edu.tw/,ilearn.thu.edu.tw,raw/ilearn.thu.edu.tw/users/user-visits/capture_url.html,https://ilearn.thu.edu.tw/users/user-visits/capture_url,absolute-url
https://www.googletagmanager.com/gtag/js,www.googletagmanager.com,raw/ilearn.thu.edu.tw/users/user-visits/capture_url.html,https://ilearn.thu.edu.tw/users/user-visits/capture_url,absolute-url
https://github.com/OWASP/CheatSheetSeries/blob/master/cheatsheets/Clickjacking_Defense_Cheat_Sheet.md#best-for-now-legacy-browser-frame-breaking-script--,github.com,raw/ilearn.thu.edu.tw/users/user-visits/capture_url.html,https://ilearn.thu.edu.tw/users/user-visits/capture_url,absolute-url
https://bam.nr-data.net,bam.nr-data.net,raw/ilearn.thu.edu.tw/users/user-visits/capture_url.html,https://ilearn.thu.edu.tw/users/user-visits/capture_url,absolute-url
https://www.google-analytics.com,www.google-analytics.com,raw/ilearn.thu.edu.tw/users/user-visits/capture_url.html,https://ilearn.thu.edu.tw/users/user-visits/capture_url,absolute-url
"https://tronclass.com.tw/public-manual/TronclassManual_System_Admin.pdf',",tronclass.com.tw,raw/ilearn.thu.edu.tw/users/user-visits/capture_url.html,https://ilearn.thu.edu.tw/users/user-visits/capture_url,absolute-url
"https://tronclass.com.tw/public-manual/TronclassManual_Administrator.pdf',",tronclass.com.tw,raw/ilearn.thu.edu.tw/users/user-visits/capture_url.html,https://ilearn.thu.edu.tw/users/user-visits/capture_url,absolute-url
"https://tronclass.com.tw/public-manual/manual-teacher.html',",tronclass.com.tw,raw/ilearn.thu.edu.tw/users/user-visits/capture_url.html,https://ilearn.thu.edu.tw/users/user-visits/capture_url,absolute-url
"https://tronclass.com.tw/public-manual/TronclassManual_Student.pdf',",tronclass.com.tw,raw/ilearn.thu.edu.tw/users/user-visits/capture_url.html,https://ilearn.thu.edu.tw/users/user-visits/capture_url,absolute-url
"https://tronclass.com.tw/public-manual/TronclassManual_App.pdf',",tronclass.com.tw,raw/ilearn.thu.edu.tw/users/user-visits/capture_url.html,https://ilearn.thu.edu.tw/users/user-visits/capture_url,absolute-url
https://support.tronclass.com',support.tronclass.com',raw/ilearn.thu.edu.tw/users/user-visits/capture_url.html,https://ilearn.thu.edu.tw/users/user-visits/capture_url,absolute-url
https://ilearn.thu.edu.tw/market,ilearn.thu.edu.tw,raw/ilearn.thu.edu.tw/users/user-visits/capture_url.html,https://ilearn.thu.edu.tw/users/user-visits/capture_url,absolute-url
"https://ilearn.thu.edu.tw/chatbot/chatbot.umd.js',",ilearn.thu.edu.tw,raw/ilearn.thu.edu.tw/users/user-visits/capture_url.html,https://ilearn.thu.edu.tw/users/user-visits/capture_url,absolute-url
https://www.youtube.com/iframe_api,www.youtube.com,raw/ilearn.thu.edu.tw/users/user-visits/capture_url.html,https://ilearn.thu.edu.tw/users/user-visits/capture_url,absolute-url
https://ilearn.thu.edu.tw/video-editor',ilearn.thu.edu.tw,raw/ilearn.thu.edu.tw/users/user-visits/capture_url.html,https://ilearn.thu.edu.tw/users/user-visits/capture_url,absolute-url
https://get.adobe.com/flashplayer/,get.adobe.com,raw/ilearn.thu.edu.tw/users/user-visits/capture_url.html,https://ilearn.thu.edu.tw/users/user-visits/capture_url,absolute-url
https://ilearn.thu.edu.tw/,ilearn.thu.edu.tw,raw/ilearn.thu.edu.tw/users/user-visits/lesson_resource_url.html,https://ilearn.thu.edu.tw/users/user-visits/lesson_resource_url,absolute-url
https://www.googletagmanager.com/gtag/js,www.googletagmanager.com,raw/ilearn.thu.edu.tw/users/user-visits/lesson_resource_url.html,https://ilearn.thu.edu.tw/users/user-visits/lesson_resource_url,absolute-url
https://github.com/OWASP/CheatSheetSeries/blob/master/cheatsheets/Clickjacking_Defense_Cheat_Sheet.md#best-for-now-legacy-browser-frame-breaking-script--,github.com,raw/ilearn.thu.edu.tw/users/user-visits/lesson_resource_url.html,https://ilearn.thu.edu.tw/users/user-visits/lesson_resource_url,absolute-url
https://bam.nr-data.net,bam.nr-data.net,raw/ilearn.thu.edu.tw/users/user-visits/lesson_resource_url.html,https://ilearn.thu.edu.tw/users/user-visits/lesson_resource_url,absolute-url
https://www.google-analytics.com,www.google-analytics.com,raw/ilearn.thu.edu.tw/users/user-visits/lesson_resource_url.html,https://ilearn.thu.edu.tw/users/user-visits/lesson_resource_url,absolute-url
"https://tronclass.com.tw/public-manual/TronclassManual_System_Admin.pdf',",tronclass.com.tw,raw/ilearn.thu.edu.tw/users/user-visits/lesson_resource_url.html,https://ilearn.thu.edu.tw/users/user-visits/lesson_resource_url,absolute-url
"https://tronclass.com.tw/public-manual/TronclassManual_Administrator.pdf',",tronclass.com.tw,raw/ilearn.thu.edu.tw/users/user-visits/lesson_resource_url.html,https://ilearn.thu.edu.tw/users/user-visits/lesson_resource_url,absolute-url
"https://tronclass.com.tw/public-manual/manual-teacher.html',",tronclass.com.tw,raw/ilearn.thu.edu.tw/users/user-visits/lesson_resource_url.html,https://ilearn.thu.edu.tw/users/user-visits/lesson_resource_url,absolute-url
"https://tronclass.com.tw/public-manual/TronclassManual_Student.pdf',",tronclass.com.tw,raw/ilearn.thu.edu.tw/users/user-visits/lesson_resource_url.html,https://ilearn.thu.edu.tw/users/user-visits/lesson_resource_url,absolute-url
"https://tronclass.com.tw/public-manual/TronclassManual_App.pdf',",tronclass.com.tw,raw/ilearn.thu.edu.tw/users/user-visits/lesson_resource_url.html,https://ilearn.thu.edu.tw/users/user-visits/lesson_resource_url,absolute-url
https://support.tronclass.com',support.tronclass.com',raw/ilearn.thu.edu.tw/users/user-visits/lesson_resource_url.html,https://ilearn.thu.edu.tw/users/user-visits/lesson_resource_url,absolute-url
https://ilearn.thu.edu.tw/market,ilearn.thu.edu.tw,raw/ilearn.thu.edu.tw/users/user-visits/lesson_resource_url.html,https://ilearn.thu.edu.tw/users/user-visits/lesson_resource_url,absolute-url
"https://ilearn.thu.edu.tw/chatbot/chatbot.umd.js',",ilearn.thu.edu.tw,raw/ilearn.thu.edu.tw/users/user-visits/lesson_resource_url.html,https://ilearn.thu.edu.tw/users/user-visits/lesson_resource_url,absolute-url
https://www.youtube.com/iframe_api,www.youtube.com,raw/ilearn.thu.edu.tw/users/user-visits/lesson_resource_url.html,https://ilearn.thu.edu.tw/users/user-visits/lesson_resource_url,absolute-url
https://ilearn.thu.edu.tw/video-editor',ilearn.thu.edu.tw,raw/ilearn.thu.edu.tw/users/user-visits/lesson_resource_url.html,https://ilearn.thu.edu.tw/users/user-visits/lesson_resource_url,absolute-url
https://get.adobe.com/flashplayer/,get.adobe.com,raw/ilearn.thu.edu.tw/users/user-visits/lesson_resource_url.html,https://ilearn.thu.edu.tw/users/user-visits/lesson_resource_url,absolute-url
https://ilearn.thu.edu.tw/,ilearn.thu.edu.tw,raw/ilearn.thu.edu.tw/users/user-visits/manualUrl.html,https://ilearn.thu.edu.tw/users/user-visits/manualUrl,absolute-url
https://www.googletagmanager.com/gtag/js,www.googletagmanager.com,raw/ilearn.thu.edu.tw/users/user-visits/manualUrl.html,https://ilearn.thu.edu.tw/users/user-visits/manualUrl,absolute-url
https://github.com/OWASP/CheatSheetSeries/blob/master/cheatsheets/Clickjacking_Defense_Cheat_Sheet.md#best-for-now-legacy-browser-frame-breaking-script--,github.com,raw/ilearn.thu.edu.tw/users/user-visits/manualUrl.html,https://ilearn.thu.edu.tw/users/user-visits/manualUrl,absolute-url
https://bam.nr-data.net,bam.nr-data.net,raw/ilearn.thu.edu.tw/users/user-visits/manualUrl.html,https://ilearn.thu.edu.tw/users/user-visits/manualUrl,absolute-url
https://www.google-analytics.com,www.google-analytics.com,raw/ilearn.thu.edu.tw/users/user-visits/manualUrl.html,https://ilearn.thu.edu.tw/users/user-visits/manualUrl,absolute-url
"https://tronclass.com.tw/public-manual/TronclassManual_System_Admin.pdf',",tronclass.com.tw,raw/ilearn.thu.edu.tw/users/user-visits/manualUrl.html,https://ilearn.thu.edu.tw/users/user-visits/manualUrl,absolute-url
"https://tronclass.com.tw/public-manual/TronclassManual_Administrator.pdf',",tronclass.com.tw,raw/ilearn.thu.edu.tw/users/user-visits/manualUrl.html,https://ilearn.thu.edu.tw/users/user-visits/manualUrl,absolute-url
"https://tronclass.com.tw/public-manual/manual-teacher.html',",tronclass.com.tw,raw/ilearn.thu.edu.tw/users/user-visits/manualUrl.html,https://ilearn.thu.edu.tw/users/user-visits/manualUrl,absolute-url
"https://tronclass.com.tw/public-manual/TronclassManual_Student.pdf',",tronclass.com.tw,raw/ilearn.thu.edu.tw/users/user-visits/manualUrl.html,https://ilearn.thu.edu.tw/users/user-visits/manualUrl,absolute-url
"https://tronclass.com.tw/public-manual/TronclassManual_App.pdf',",tronclass.com.tw,raw/ilearn.thu.edu.tw/users/user-visits/manualUrl.html,https://ilearn.thu.edu.tw/users/user-visits/manualUrl,absolute-url
https://support.tronclass.com',support.tronclass.com',raw/ilearn.thu.edu.tw/users/user-visits/manualUrl.html,https://ilearn.thu.edu.tw/users/user-visits/manualUrl,absolute-url
https://ilearn.thu.edu.tw/market,ilearn.thu.edu.tw,raw/ilearn.thu.edu.tw/users/user-visits/manualUrl.html,https://ilearn.thu.edu.tw/users/user-visits/manualUrl,absolute-url
"https://ilearn.thu.edu.tw/chatbot/chatbot.umd.js',",ilearn.thu.edu.tw,raw/ilearn.thu.edu.tw/users/user-visits/manualUrl.html,https://ilearn.thu.edu.tw/users/user-visits/manualUrl,absolute-url
https://www.youtube.com/iframe_api,www.youtube.com,raw/ilearn.thu.edu.tw/users/user-visits/manualUrl.html,https://ilearn.thu.edu.tw/users/user-visits/manualUrl,absolute-url
https://ilearn.thu.edu.tw/video-editor',ilearn.thu.edu.tw,raw/ilearn.thu.edu.tw/users/user-visits/manualUrl.html,https://ilearn.thu.edu.tw/users/user-visits/manualUrl,absolute-url
https://get.adobe.com/flashplayer/,get.adobe.com,raw/ilearn.thu.edu.tw/users/user-visits/manualUrl.html,https://ilearn.thu.edu.tw/users/user-visits/manualUrl,absolute-url
https://ilearn.thu.edu.tw/,ilearn.thu.edu.tw,raw/ilearn.thu.edu.tw/users/user-visits/visits__q_a263c00919.html,https://ilearn.thu.edu.tw/users/user-visits/visits?jwt=,absolute-url
https://www.googletagmanager.com/gtag/js,www.googletagmanager.com,raw/ilearn.thu.edu.tw/users/user-visits/visits__q_a263c00919.html,https://ilearn.thu.edu.tw/users/user-visits/visits?jwt=,absolute-url
https://github.com/OWASP/CheatSheetSeries/blob/master/cheatsheets/Clickjacking_Defense_Cheat_Sheet.md#best-for-now-legacy-browser-frame-breaking-script--,github.com,raw/ilearn.thu.edu.tw/users/user-visits/visits__q_a263c00919.html,https://ilearn.thu.edu.tw/users/user-visits/visits?jwt=,absolute-url
https://bam.nr-data.net,bam.nr-data.net,raw/ilearn.thu.edu.tw/users/user-visits/visits__q_a263c00919.html,https://ilearn.thu.edu.tw/users/user-visits/visits?jwt=,absolute-url
https://www.google-analytics.com,www.google-analytics.com,raw/ilearn.thu.edu.tw/users/user-visits/visits__q_a263c00919.html,https://ilearn.thu.edu.tw/users/user-visits/visits?jwt=,absolute-url
"https://tronclass.com.tw/public-manual/TronclassManual_System_Admin.pdf',",tronclass.com.tw,raw/ilearn.thu.edu.tw/users/user-visits/visits__q_a263c00919.html,https://ilearn.thu.edu.tw/users/user-visits/visits?jwt=,absolute-url
"https://tronclass.com.tw/public-manual/TronclassManual_Administrator.pdf',",tronclass.com.tw,raw/ilearn.thu.edu.tw/users/user-visits/visits__q_a263c00919.html,https://ilearn.thu.edu.tw/users/user-visits/visits?jwt=,absolute-url
"https://tronclass.com.tw/public-manual/manual-teacher.html',",tronclass.com.tw,raw/ilearn.thu.edu.tw/users/user-visits/visits__q_a263c00919.html,https://ilearn.thu.edu.tw/users/user-visits/visits?jwt=,absolute-url
"https://tronclass.com.tw/public-manual/TronclassManual_Student.pdf',",tronclass.com.tw,raw/ilearn.thu.edu.tw/users/user-visits/visits__q_a263c00919.html,https://ilearn.thu.edu.tw/users/user-visits/visits?jwt=,absolute-url
"https://tronclass.com.tw/public-manual/TronclassManual_App.pdf',",tronclass.com.tw,raw/ilearn.thu.edu.tw/users/user-visits/visits__q_a263c00919.html,https://ilearn.thu.edu.tw/users/user-visits/visits?jwt=,absolute-url
https://support.tronclass.com',support.tronclass.com',raw/ilearn.thu.edu.tw/users/user-visits/visits__q_a263c00919.html,https://ilearn.thu.edu.tw/users/user-visits/visits?jwt=,absolute-url
https://ilearn.thu.edu.tw/market,ilearn.thu.edu.tw,raw/ilearn.thu.edu.tw/users/user-visits/visits__q_a263c00919.html,https://ilearn.thu.edu.tw/users/user-visits/visits?jwt=,absolute-url
"https://ilearn.thu.edu.tw/chatbot/chatbot.umd.js',",ilearn.thu.edu.tw,raw/ilearn.thu.edu.tw/users/user-visits/visits__q_a263c00919.html,https://ilearn.thu.edu.tw/users/user-visits/visits?jwt=,absolute-url
https://www.youtube.com/iframe_api,www.youtube.com,raw/ilearn.thu.edu.tw/users/user-visits/visits__q_a263c00919.html,https://ilearn.thu.edu.tw/users/user-visits/visits?jwt=,absolute-url
https://ilearn.thu.edu.tw/video-editor',ilearn.thu.edu.tw,raw/ilearn.thu.edu.tw/users/user-visits/visits__q_a263c00919.html,https://ilearn.thu.edu.tw/users/user-visits/visits?jwt=,absolute-url
https://get.adobe.com/flashplayer/,get.adobe.com,raw/ilearn.thu.edu.tw/users/user-visits/visits__q_a263c00919.html,https://ilearn.thu.edu.tw/users/user-visits/visits?jwt=,absolute-url
https://ilearn.thu.edu.tw/,ilearn.thu.edu.tw,raw/ilearn.thu.edu.tw/users/user-visits/visits__q_3be9190883.html,https://ilearn.thu.edu.tw/users/user-visits/visits?start=,absolute-url
https://www.googletagmanager.com/gtag/js,www.googletagmanager.com,raw/ilearn.thu.edu.tw/users/user-visits/visits__q_3be9190883.html,https://ilearn.thu.edu.tw/users/user-visits/visits?start=,absolute-url
https://github.com/OWASP/CheatSheetSeries/blob/master/cheatsheets/Clickjacking_Defense_Cheat_Sheet.md#best-for-now-legacy-browser-frame-breaking-script--,github.com,raw/ilearn.thu.edu.tw/users/user-visits/visits__q_3be9190883.html,https://ilearn.thu.edu.tw/users/user-visits/visits?start=,absolute-url
https://bam.nr-data.net,bam.nr-data.net,raw/ilearn.thu.edu.tw/users/user-visits/visits__q_3be9190883.html,https://ilearn.thu.edu.tw/users/user-visits/visits?start=,absolute-url
https://www.google-analytics.com,www.google-analytics.com,raw/ilearn.thu.edu.tw/users/user-visits/visits__q_3be9190883.html,https://ilearn.thu.edu.tw/users/user-visits/visits?start=,absolute-url
"https://tronclass.com.tw/public-manual/TronclassManual_System_Admin.pdf',",tronclass.com.tw,raw/ilearn.thu.edu.tw/users/user-visits/visits__q_3be9190883.html,https://ilearn.thu.edu.tw/users/user-visits/visits?start=,absolute-url
"https://tronclass.com.tw/public-manual/TronclassManual_Administrator.pdf',",tronclass.com.tw,raw/ilearn.thu.edu.tw/users/user-visits/visits__q_3be9190883.html,https://ilearn.thu.edu.tw/users/user-visits/visits?start=,absolute-url
"https://tronclass.com.tw/public-manual/manual-teacher.html',",tronclass.com.tw,raw/ilearn.thu.edu.tw/users/user-visits/visits__q_3be9190883.html,https://ilearn.thu.edu.tw/users/user-visits/visits?start=,absolute-url
"https://tronclass.com.tw/public-manual/TronclassManual_Student.pdf',",tronclass.com.tw,raw/ilearn.thu.edu.tw/users/user-visits/visits__q_3be9190883.html,https://ilearn.thu.edu.tw/users/user-visits/visits?start=,absolute-url
"https://tronclass.com.tw/public-manual/TronclassManual_App.pdf',",tronclass.com.tw,raw/ilearn.thu.edu.tw/users/user-visits/visits__q_3be9190883.html,https://ilearn.thu.edu.tw/users/user-visits/visits?start=,absolute-url
https://support.tronclass.com',support.tronclass.com',raw/ilearn.thu.edu.tw/users/user-visits/visits__q_3be9190883.html,https://ilearn.thu.edu.tw/users/user-visits/visits?start=,absolute-url
https://ilearn.thu.edu.tw/market,ilearn.thu.edu.tw,raw/ilearn.thu.edu.tw/users/user-visits/visits__q_3be9190883.html,https://ilearn.thu.edu.tw/users/user-visits/visits?start=,absolute-url
"https://ilearn.thu.edu.tw/chatbot/chatbot.umd.js',",ilearn.thu.edu.tw,raw/ilearn.thu.edu.tw/users/user-visits/visits__q_3be9190883.html,https://ilearn.thu.edu.tw/users/user-visits/visits?start=,absolute-url
https://www.youtube.com/iframe_api,www.youtube.com,raw/ilearn.thu.edu.tw/users/user-visits/visits__q_3be9190883.html,https://ilearn.thu.edu.tw/users/user-visits/visits?start=,absolute-url
https://ilearn.thu.edu.tw/video-editor',ilearn.thu.edu.tw,raw/ilearn.thu.edu.tw/users/user-visits/visits__q_3be9190883.html,https://ilearn.thu.edu.tw/users/user-visits/visits?start=,absolute-url
https://get.adobe.com/flashplayer/,get.adobe.com,raw/ilearn.thu.edu.tw/users/user-visits/visits__q_3be9190883.html,https://ilearn.thu.edu.tw/users/user-visits/visits?start=,absolute-url
https://ilearn.thu.edu.tw/,ilearn.thu.edu.tw,raw/ilearn.thu.edu.tw/users/visits.html,https://ilearn.thu.edu.tw/users/visits,absolute-url
https://www.googletagmanager.com/gtag/js,www.googletagmanager.com,raw/ilearn.thu.edu.tw/users/visits.html,https://ilearn.thu.edu.tw/users/visits,absolute-url
https://github.com/OWASP/CheatSheetSeries/blob/master/cheatsheets/Clickjacking_Defense_Cheat_Sheet.md#best-for-now-legacy-browser-frame-breaking-script--,github.com,raw/ilearn.thu.edu.tw/users/visits.html,https://ilearn.thu.edu.tw/users/visits,absolute-url
https://bam.nr-data.net,bam.nr-data.net,raw/ilearn.thu.edu.tw/users/visits.html,https://ilearn.thu.edu.tw/users/visits,absolute-url
https://www.google-analytics.com,www.google-analytics.com,raw/ilearn.thu.edu.tw/users/visits.html,https://ilearn.thu.edu.tw/users/visits,absolute-url
"https://tronclass.com.tw/public-manual/TronclassManual_System_Admin.pdf',",tronclass.com.tw,raw/ilearn.thu.edu.tw/users/visits.html,https://ilearn.thu.edu.tw/users/visits,absolute-url
"https://tronclass.com.tw/public-manual/TronclassManual_Administrator.pdf',",tronclass.com.tw,raw/ilearn.thu.edu.tw/users/visits.html,https://ilearn.thu.edu.tw/users/visits,absolute-url
"https://tronclass.com.tw/public-manual/manual-teacher.html',",tronclass.com.tw,raw/ilearn.thu.edu.tw/users/visits.html,https://ilearn.thu.edu.tw/users/visits,absolute-url
"https://tronclass.com.tw/public-manual/TronclassManual_Student.pdf',",tronclass.com.tw,raw/ilearn.thu.edu.tw/users/visits.html,https://ilearn.thu.edu.tw/users/visits,absolute-url
"https://tronclass.com.tw/public-manual/TronclassManual_App.pdf',",tronclass.com.tw,raw/ilearn.thu.edu.tw/users/visits.html,https://ilearn.thu.edu.tw/users/visits,absolute-url
https://support.tronclass.com',support.tronclass.com',raw/ilearn.thu.edu.tw/users/visits.html,https://ilearn.thu.edu.tw/users/visits,absolute-url
https://ilearn.thu.edu.tw/market,ilearn.thu.edu.tw,raw/ilearn.thu.edu.tw/users/visits.html,https://ilearn.thu.edu.tw/users/visits,absolute-url
"https://ilearn.thu.edu.tw/chatbot/chatbot.umd.js',",ilearn.thu.edu.tw,raw/ilearn.thu.edu.tw/users/visits.html,https://ilearn.thu.edu.tw/users/visits,absolute-url
https://www.youtube.com/iframe_api,www.youtube.com,raw/ilearn.thu.edu.tw/users/visits.html,https://ilearn.thu.edu.tw/users/visits,absolute-url
https://ilearn.thu.edu.tw/video-editor',ilearn.thu.edu.tw,raw/ilearn.thu.edu.tw/users/visits.html,https://ilearn.thu.edu.tw/users/visits,absolute-url
https://get.adobe.com/flashplayer/,get.adobe.com,raw/ilearn.thu.edu.tw/users/visits.html,https://ilearn.thu.edu.tw/users/visits,absolute-url
http://www.w3.org/TR/xhtml1/DTD/xhtml1-transitional.dtd,www.w3.org,raw/tcidentity.thu.edu.tw/auth/realms/thu/protocol/cas/login__q_ad7a11d0c0.html,https://tcidentity.thu.edu.tw/auth/realms/thu/protocol/cas/login?ui_locales=zh-TW&service=https://ilearn.thu.edu.tw/login&locale=zh_TW,absolute-url
http://www.w3.org/{id}/xhtml,www.w3.org,raw/tcidentity.thu.edu.tw/auth/realms/thu/protocol/cas/login__q_ad7a11d0c0.html,https://tcidentity.thu.edu.tw/auth/realms/thu/protocol/cas/login?ui_locales=zh-TW&service=https://ilearn.thu.edu.tw/login&locale=zh_TW,absolute-url
https://tcidentity.thu.edu.tw/auth/realms/thu/login-actions/authenticate?session_code=NKcZeqdvhmdxbvT4ErGllpsD-mjsbxq3mlfgBI3lDu8&amp;execution=c74909d0-cc2c-450e-92a3-55ec8b87fecd&amp;client_id=tronclass&amp;tab_id=R4WFBf73jE8,tcidentity.thu.edu.tw,raw/tcidentity.thu.edu.tw/auth/realms/thu/protocol/cas/login__q_ad7a11d0c0.html,https://tcidentity.thu.edu.tw/auth/realms/thu/protocol/cas/login?ui_locales=zh-TW&service=https://ilearn.thu.edu.tw/login&locale=zh_TW,absolute-url
https://ilearn.thu.edu.tw';,ilearn.thu.edu.tw';,raw/tcidentity.thu.edu.tw/auth/realms/thu/protocol/cas/login__q_ad7a11d0c0.html,https://tcidentity.thu.edu.tw/auth/realms/thu/protocol/cas/login?ui_locales=zh-TW&service=https://ilearn.thu.edu.tw/login&locale=zh_TW,absolute-url
https://adservice.google.com/pagead/regclk,adservice.google.com,raw/www.googletagmanager.com/gtag/js.js,https://www.googletagmanager.com/gtag/js,absolute-url
https://cct.google/taggy/agent.js,cct.google,raw/www.googletagmanager.com/gtag/js.js,https://www.googletagmanager.com/gtag/js,absolute-url
https://www.googletagmanager.com/,www.googletagmanager.com,raw/www.googletagmanager.com/gtag/js.js,https://www.googletagmanager.com/gtag/js,absolute-url
https://www.google.com/ccm/geo,www.google.com,raw/www.googletagmanager.com/gtag/js.js,https://www.googletagmanager.com/gtag/js,absolute-url
https://ad.doubleclick.net/activity;,ad.doubleclick.net,raw/www.googletagmanager.com/gtag/js.js,https://www.googletagmanager.com/gtag/js,absolute-url
https://ade.googlesyndication.com,ade.googlesyndication.com,raw/www.googletagmanager.com/gtag/js.js,https://www.googletagmanager.com/gtag/js,absolute-url
https://www.google.com/,www.google.com,raw/www.googletagmanager.com/gtag/js.js,https://www.googletagmanager.com/gtag/js,absolute-url
https://pagead2.googlesyndication.com/pagead/gen_204?id=tcfe,pagead2.googlesyndication.com,raw/www.googletagmanager.com/gtag/js.js,https://www.googletagmanager.com/gtag/js,absolute-url
https://www.google.com,www.google.com,raw/www.googletagmanager.com/gtag/js.js,https://www.googletagmanager.com/gtag/js,absolute-url
https://www.youtube.com,www.youtube.com,raw/www.googletagmanager.com/gtag/js.js,https://www.googletagmanager.com/gtag/js,absolute-url
https://m.youtube.com,m.youtube.com,raw/www.googletagmanager.com/gtag/js.js,https://www.googletagmanager.com/gtag/js,absolute-url
https://adservice.google.com/pagead/regclk,adservice.google.com,raw/www.googletagmanager.com/gtag/js__q_f844cdbeb7.js,https://www.googletagmanager.com/gtag/js?id=G-XDY1LQM8TQ&cx=c&gtm=4e65k1,absolute-url
https://cct.google/taggy/agent.js,cct.google,raw/www.googletagmanager.com/gtag/js__q_f844cdbeb7.js,https://www.googletagmanager.com/gtag/js?id=G-XDY1LQM8TQ&cx=c&gtm=4e65k1,absolute-url
https://www.google.com,www.google.com,raw/www.googletagmanager.com/gtag/js__q_f844cdbeb7.js,https://www.googletagmanager.com/gtag/js?id=G-XDY1LQM8TQ&cx=c&gtm=4e65k1,absolute-url
https://www.googleadservices.com,www.googleadservices.com,raw/www.googletagmanager.com/gtag/js__q_f844cdbeb7.js,https://www.googletagmanager.com/gtag/js?id=G-XDY1LQM8TQ&cx=c&gtm=4e65k1,absolute-url
https://pagead2.googlesyndication.com,pagead2.googlesyndication.com,raw/www.googletagmanager.com/gtag/js__q_f844cdbeb7.js,https://www.googletagmanager.com/gtag/js?id=G-XDY1LQM8TQ&cx=c&gtm=4e65k1,absolute-url
https://www.googletagmanager.com/,www.googletagmanager.com,raw/www.googletagmanager.com/gtag/js__q_f844cdbeb7.js,https://www.googletagmanager.com/gtag/js?id=G-XDY1LQM8TQ&cx=c&gtm=4e65k1,absolute-url
https://www.google.com/ccm/geo,www.google.com,raw/www.googletagmanager.com/gtag/js__q_f844cdbeb7.js,https://www.googletagmanager.com/gtag/js?id=G-XDY1LQM8TQ&cx=c&gtm=4e65k1,absolute-url
https://ad.doubleclick.net/activity;,ad.doubleclick.net,raw/www.googletagmanager.com/gtag/js__q_f844cdbeb7.js,https://www.googletagmanager.com/gtag/js?id=G-XDY1LQM8TQ&cx=c&gtm=4e65k1,absolute-url
https://ade.googlesyndication.com,ade.googlesyndication.com,raw/www.googletagmanager.com/gtag/js__q_f844cdbeb7.js,https://www.googletagmanager.com/gtag/js?id=G-XDY1LQM8TQ&cx=c&gtm=4e65k1,absolute-url
https://www.google.com/,www.google.com,raw/www.googletagmanager.com/gtag/js__q_f844cdbeb7.js,https://www.googletagmanager.com/gtag/js?id=G-XDY1LQM8TQ&cx=c&gtm=4e65k1,absolute-url
https://pagead2.googlesyndication.com/pagead/gen_204?id=tcfe,pagead2.googlesyndication.com,raw/www.googletagmanager.com/gtag/js__q_f844cdbeb7.js,https://www.googletagmanager.com/gtag/js?id=G-XDY1LQM8TQ&cx=c&gtm=4e65k1,absolute-url
https://ad.doubleclick.net/ccm/s/collect?,ad.doubleclick.net,raw/www.googletagmanager.com/gtag/js__q_f844cdbeb7.js,https://www.googletagmanager.com/gtag/js?id=G-XDY1LQM8TQ&cx=c&gtm=4e65k1,absolute-url
https://www.youtube.com/iframe_api,www.youtube.com,raw/www.googletagmanager.com/gtag/js__q_f844cdbeb7.js,https://www.googletagmanager.com/gtag/js?id=G-XDY1LQM8TQ&cx=c&gtm=4e65k1,absolute-url
https://www.youtube.com,www.youtube.com,raw/www.googletagmanager.com/gtag/js__q_f844cdbeb7.js,https://www.googletagmanager.com/gtag/js?id=G-XDY1LQM8TQ&cx=c&gtm=4e65k1,absolute-url
https://m.youtube.com,m.youtube.com,raw/www.googletagmanager.com/gtag/js__q_f844cdbeb7.js,https://www.googletagmanager.com/gtag/js?id=G-XDY1LQM8TQ&cx=c&gtm=4e65k1,absolute-url
https://www.googletagmanager.com/static/service_worker/,www.googletagmanager.com,raw/www.googletagmanager.com/gtag/js__q_f844cdbeb7.js,https://www.googletagmanager.com/gtag/js?id=G-XDY1LQM8TQ&cx=c&gtm=4e65k1,absolute-url
https://www.googletagmanager.com,www.googletagmanager.com,raw/www.googletagmanager.com/gtag/js__q_f844cdbeb7.js,https://www.googletagmanager.com/gtag/js?id=G-XDY1LQM8TQ&cx=c&gtm=4e65k1,absolute-url
https://www.merchant-center-analytics.goog,www.merchant-center-analytics.goog,raw/www.googletagmanager.com/gtag/js__q_f844cdbeb7.js,https://www.googletagmanager.com/gtag/js?id=G-XDY1LQM8TQ&cx=c&gtm=4e65k1,absolute-url
https://www.%/ads/ga-audiences?v=1&t=sr&slf_rd=1&_r=4&,www.%,raw/www.googletagmanager.com/gtag/js__q_f844cdbeb7.js,https://www.googletagmanager.com/gtag/js?id=G-XDY1LQM8TQ&cx=c&gtm=4e65k1,absolute-url
https://stats.g.doubleclick.net/g/collect,stats.g.doubleclick.net,raw/www.googletagmanager.com/gtag/js__q_f844cdbeb7.js,https://www.googletagmanager.com/gtag/js?id=G-XDY1LQM8TQ&cx=c&gtm=4e65k1,absolute-url
https://stats.g.doubleclick.net/g/collect?v=2&,stats.g.doubleclick.net,raw/www.googletagmanager.com/gtag/js__q_f844cdbeb7.js,https://www.googletagmanager.com/gtag/js?id=G-XDY1LQM8TQ&cx=c&gtm=4e65k1,absolute-url
https://adservice.google.com/pagead/regclk,adservice.google.com,raw/www.googletagmanager.com/gtag/js__q_732b4fcc17.js,https://www.googletagmanager.com/gtag/js?id=G-YVETSS0ZGJ&cx=c&gtm=4e65k1,absolute-url
https://cct.google/taggy/agent.js,cct.google,raw/www.googletagmanager.com/gtag/js__q_732b4fcc17.js,https://www.googletagmanager.com/gtag/js?id=G-YVETSS0ZGJ&cx=c&gtm=4e65k1,absolute-url
https://www.google.com,www.google.com,raw/www.googletagmanager.com/gtag/js__q_732b4fcc17.js,https://www.googletagmanager.com/gtag/js?id=G-YVETSS0ZGJ&cx=c&gtm=4e65k1,absolute-url
https://www.googleadservices.com,www.googleadservices.com,raw/www.googletagmanager.com/gtag/js__q_732b4fcc17.js,https://www.googletagmanager.com/gtag/js?id=G-YVETSS0ZGJ&cx=c&gtm=4e65k1,absolute-url
https://pagead2.googlesyndication.com,pagead2.googlesyndication.com,raw/www.googletagmanager.com/gtag/js__q_732b4fcc17.js,https://www.googletagmanager.com/gtag/js?id=G-YVETSS0ZGJ&cx=c&gtm=4e65k1,absolute-url
https://www.googletagmanager.com/,www.googletagmanager.com,raw/www.googletagmanager.com/gtag/js__q_732b4fcc17.js,https://www.googletagmanager.com/gtag/js?id=G-YVETSS0ZGJ&cx=c&gtm=4e65k1,absolute-url
https://www.google.com/ccm/geo,www.google.com,raw/www.googletagmanager.com/gtag/js__q_732b4fcc17.js,https://www.googletagmanager.com/gtag/js?id=G-YVETSS0ZGJ&cx=c&gtm=4e65k1,absolute-url
https://ad.doubleclick.net/activity;,ad.doubleclick.net,raw/www.googletagmanager.com/gtag/js__q_732b4fcc17.js,https://www.googletagmanager.com/gtag/js?id=G-YVETSS0ZGJ&cx=c&gtm=4e65k1,absolute-url
https://ade.googlesyndication.com,ade.googlesyndication.com,raw/www.googletagmanager.com/gtag/js__q_732b4fcc17.js,https://www.googletagmanager.com/gtag/js?id=G-YVETSS0ZGJ&cx=c&gtm=4e65k1,absolute-url
https://www.google.com/,www.google.com,raw/www.googletagmanager.com/gtag/js__q_732b4fcc17.js,https://www.googletagmanager.com/gtag/js?id=G-YVETSS0ZGJ&cx=c&gtm=4e65k1,absolute-url
https://pagead2.googlesyndication.com/pagead/gen_204?id=tcfe,pagead2.googlesyndication.com,raw/www.googletagmanager.com/gtag/js__q_732b4fcc17.js,https://www.googletagmanager.com/gtag/js?id=G-YVETSS0ZGJ&cx=c&gtm=4e65k1,absolute-url
https://ad.doubleclick.net/ccm/s/collect?,ad.doubleclick.net,raw/www.googletagmanager.com/gtag/js__q_732b4fcc17.js,https://www.googletagmanager.com/gtag/js?id=G-YVETSS0ZGJ&cx=c&gtm=4e65k1,absolute-url
https://www.youtube.com/iframe_api,www.youtube.com,raw/www.googletagmanager.com/gtag/js__q_732b4fcc17.js,https://www.googletagmanager.com/gtag/js?id=G-YVETSS0ZGJ&cx=c&gtm=4e65k1,absolute-url
https://www.youtube.com,www.youtube.com,raw/www.googletagmanager.com/gtag/js__q_732b4fcc17.js,https://www.googletagmanager.com/gtag/js?id=G-YVETSS0ZGJ&cx=c&gtm=4e65k1,absolute-url
https://m.youtube.com,m.youtube.com,raw/www.googletagmanager.com/gtag/js__q_732b4fcc17.js,https://www.googletagmanager.com/gtag/js?id=G-YVETSS0ZGJ&cx=c&gtm=4e65k1,absolute-url
https://www.googletagmanager.com/static/service_worker/,www.googletagmanager.com,raw/www.googletagmanager.com/gtag/js__q_732b4fcc17.js,https://www.googletagmanager.com/gtag/js?id=G-YVETSS0ZGJ&cx=c&gtm=4e65k1,absolute-url
https://www.googletagmanager.com,www.googletagmanager.com,raw/www.googletagmanager.com/gtag/js__q_732b4fcc17.js,https://www.googletagmanager.com/gtag/js?id=G-YVETSS0ZGJ&cx=c&gtm=4e65k1,absolute-url
https://www.merchant-center-analytics.goog,www.merchant-center-analytics.goog,raw/www.googletagmanager.com/gtag/js__q_732b4fcc17.js,https://www.googletagmanager.com/gtag/js?id=G-YVETSS0ZGJ&cx=c&gtm=4e65k1,absolute-url
https://www.%/ads/ga-audiences?v=1&t=sr&slf_rd=1&_r=4&,www.%,raw/www.googletagmanager.com/gtag/js__q_732b4fcc17.js,https://www.googletagmanager.com/gtag/js?id=G-YVETSS0ZGJ&cx=c&gtm=4e65k1,absolute-url
https://stats.g.doubleclick.net/g/collect,stats.g.doubleclick.net,raw/www.googletagmanager.com/gtag/js__q_732b4fcc17.js,https://www.googletagmanager.com/gtag/js?id=G-YVETSS0ZGJ&cx=c&gtm=4e65k1,absolute-url
https://stats.g.doubleclick.net/g/collect?v=2&,stats.g.doubleclick.net,raw/www.googletagmanager.com/gtag/js__q_732b4fcc17.js,https://www.googletagmanager.com/gtag/js?id=G-YVETSS0ZGJ&cx=c&gtm=4e65k1,absolute-url
