kind,source_path,value
feature_flag,raw/ilearn.thu.edu.tw/index.html,scope-variable
feature_flag,raw/ilearn.thu.edu.tw/index.html,scope-variable
feature_flag,raw/ilearn.thu.edu.tw/index.html,RoleNames
feature_flag,raw/ilearn.thu.edu.tw/index.html,scope
feature_flag,raw/ilearn.thu.edu.tw/index.html,scope
feature_flag,raw/ilearn.thu.edu.tw/index.html,scope-id
feature_flag,raw/ilearn.thu.edu.tw/index.html,ScopeId
feature_flag,raw/ilearn.thu.edu.tw/index.html,scope
feature_flag,raw/ilearn.thu.edu.tw/index.html,scope
feature_flag,raw/ilearn.thu.edu.tw/index.html,scope
feature_flag,raw/ilearn.thu.edu.tw/index.html,scope
feature_flag,raw/ilearn.thu.edu.tw/index.html,scope
feature_flag,raw/ilearn.thu.edu.tw/index.html,scope
feature_flag,raw/ilearn.thu.edu.tw/index.html,scope
feature_flag,raw/ilearn.thu.edu.tw/index.html,scope-label
feature_flag,raw/ilearn.thu.edu.tw/index.html,scope-choice
feature_flag,raw/ilearn.thu.edu.tw/index.html,scope
feature_flag,raw/ilearn.thu.edu.tw/index.html,scope
feature_flag,raw/ilearn.thu.edu.tw/index.html,scope
feature_flag,raw/ilearn.thu.edu.tw/index.html,scope
feature_flag,raw/ilearn.thu.edu.tw/index.html,scope
feature_flag,raw/ilearn.thu.edu.tw/index.html,scope
feature_flag,raw/ilearn.thu.edu.tw/index.html,enable-application-center
feature_flag,raw/ilearn.thu.edu.tw/index.html,enable-iportal-platform-info
feature_flag,raw/ilearn.thu.edu.tw/index.html,Role
feature_flag,raw/ilearn.thu.edu.tw/index.html,scope-variable
feature_flag,raw/ilearn.thu.edu.tw/index.html,scope-variable
feature_flag,raw/ilearn.thu.edu.tw/index.html,scope-variable
feature_flag,raw/ilearn.thu.edu.tw/index.html,scope-variable
feature_flag,raw/ilearn.thu.edu.tw/index.html,scope-variable
feature_flag,raw/ilearn.thu.edu.tw/index.html,scope-variable
feature_flag,raw/ilearn.thu.edu.tw/index.html,scope-variable
feature_flag,raw/ilearn.thu.edu.tw/index.html,enableUpdateActivityDatetime
feature_flag,raw/ilearn.thu.edu.tw/index.html,scope-variable
feature_flag,raw/ilearn.thu.edu.tw/index.html,role:
feature_flag,raw/ilearn.thu.edu.tw/index.html,Roles:
feature_flag,raw/ilearn.thu.edu.tw/index.html,enableLoginCheck:
feature_flag,raw/ilearn.thu.edu.tw/index.html,enableLoginRollcallCheck:
feature_flag,raw/ilearn.thu.edu.tw/index.html,featureToggles
feature_flag,raw/ilearn.thu.edu.tw/index.html,enableProgram
feature_flag,raw/ilearn.thu.edu.tw/index.html,enableAuditorCourseRole
feature_flag,raw/ilearn.thu.edu.tw/index.html,enableDingTalkChat
feature_flag,raw/ilearn.thu.edu.tw/index.html,enableSobot
feature_flag,raw/ilearn.thu.edu.tw/index.html,enable_howxm
feature_flag,raw/ilearn.thu.edu.tw/index.html,enableTrainingLevelForAuthzRole
feature_flag,raw/ilearn.thu.edu.tw/index.html,enableHomework
feature_flag,raw/ilearn.thu.edu.tw/index.html,enableExam
feature_flag,raw/ilearn.thu.edu.tw/index.html,enableOnlineVideo
feature_flag,raw/ilearn.thu.edu.tw/index.html,enableLesson
feature_flag,raw/ilearn.thu.edu.tw/index.html,enableMaterial
feature_flag,raw/ilearn.thu.edu.tw/index.html,enableLink
feature_flag,raw/ilearn.thu.edu.tw/index.html,enableForum
feature_flag,raw/ilearn.thu.edu.tw/index.html,enableQuestionnaire
feature_flag,raw/ilearn.thu.edu.tw/index.html,enableSlide
feature_flag,raw/ilearn.thu.edu.tw/index.html,enableCourseSubjectLib
feature_flag,raw/ilearn.thu.edu.tw/index.html,enablePlayer2
feature_flag,raw/ilearn.thu.edu.tw/index.html,enableIndependentCoTeachingPermission
feature_flag,raw/ilearn.thu.edu.tw/index.html,enableKnowledgeReferenceCapture
feature_flag,raw/ilearn.thu.edu.tw/index.html,enableKnowledgeReferencePublicResource
feature_flag,raw/ilearn.thu.edu.tw/index.html,role
feature_flag,raw/ilearn.thu.edu.tw/index.html,enableRubrics
feature_flag,raw/ilearn.thu.edu.tw/index.html,enableLecturerCourseRole
feature_flag,raw/ilearn.thu.edu.tw/index.html,enableMyGroup
feature_flag,raw/ilearn.thu.edu.tw/index.html,enableScoreItemGroup
feature_flag,raw/ilearn.thu.edu.tw/index.html,enablePlayerWaterMark
feature_flag,raw/ilearn.thu.edu.tw/index.html,enableThroughCourse
feature_flag,raw/ilearn.thu.edu.tw/index.html,enable
feature_flag,raw/ilearn.thu.edu.tw/index.html,enableTextbook
feature_flag,raw/ilearn.thu.edu.tw/index.html,enableOffCampusUserFlag
feature_flag,raw/ilearn.thu.edu.tw/index.html,enable_electron
feature_flag,raw/ilearn.thu.edu.tw/index.html,enable_web
feature_flag,raw/ilearn.thu.edu.tw/index.html,enableTencentMeetingUseUserNoAsUid
feature_flag,raw/ilearn.thu.edu.tw/index.html,Enabled
feature_flag,raw/ilearn.thu.edu.tw/index.html,enableAhmuGetStudentsScore
feature_flag,raw/ilearn.thu.edu.tw/index.html,enabledUpdateActivityDatetime
feature_flag,raw/ilearn.thu.edu.tw/index.html,enableChinamCloudGraph
feature_flag,raw/ilearn.thu.edu.tw/index.html,enableTodayCourse
feature_flag,raw/ilearn.thu.edu.tw/index.html,enableDesignatedInspectCourse
feature_flag,raw/ilearn.thu.edu.tw/index.html,enable
feature_flag,raw/ilearn.thu.edu.tw/index.html,roles
feature_flag,raw/ilearn.thu.edu.tw/index.html,enableTongjiCommunityLayout
feature_flag,raw/ilearn.thu.edu.tw/index.html,enableTeachingScheduleAndOthers
feature_flag,raw/ilearn.thu.edu.tw/index.html,enableShowRetakeTag
feature_flag,raw/ilearn.thu.edu.tw/index.html,enableHomeworkReferenceAnswer
feature_flag,raw/ilearn.thu.edu.tw/index.html,enableDownloadCoursewareHelpFile
feature_flag,raw/ilearn.thu.edu.tw/index.html,enableEditImportedCourseClassName
feature_flag,raw/ilearn.thu.edu.tw/index.html,enable
feature_flag,raw/ilearn.thu.edu.tw/index.html,enabled
feature_flag,raw/ilearn.thu.edu.tw/index.html,enabled
feature_flag,raw/ilearn.thu.edu.tw/index.html,enableUseCourseNewBaseInfo
feature_flag,raw/ilearn.thu.edu.tw/index.html,enableFeedbackNewUi
feature_flag,raw/ilearn.thu.edu.tw/index.html,enableShanghaitechMeeting
feature_flag,raw/ilearn.thu.edu.tw/index.html,enableAuditJoinPublishCourse
feature_flag,raw/ilearn.thu.edu.tw/index.html,enableAutoRefreshUploadStatus
feature_flag,raw/ilearn.thu.edu.tw/index.html,enableCheckWpsUrlAccessibility
feature_flag,raw/ilearn.thu.edu.tw/index.html,enableLamsLessonVirtualExperiment
feature_flag,raw/ilearn.thu.edu.tw/index.html,enableMgsQueryCache:
upload_accept,raw/ilearn.thu.edu.tw/index.html,uploadExtensionFormatAllowlist
upload_accept,raw/ilearn.thu.edu.tw/index.html,upload_extension_format_allowlist
upload_accept,raw/ilearn.thu.edu.tw/index.html,uploads
upload_accept,raw/ilearn.thu.edu.tw/index.html,uploads
upload_accept,raw/ilearn.thu.edu.tw/index.html,upload.type
upload_accept,raw/ilearn.thu.edu.tw/index.html,upload.status
upload_accept,raw/ilearn.thu.edu.tw/index.html,upload.isTextFile
upload_accept,raw/ilearn.thu.edu.tw/index.html,upload.type
upload_accept,raw/ilearn.thu.edu.tw/index.html,upload.status
upload_accept,raw/ilearn.thu.edu.tw/index.html,uploading
upload_accept,raw/ilearn.thu.edu.tw/index.html,upload.type
upload_accept,raw/ilearn.thu.edu.tw/index.html,upload.type
upload_accept,raw/ilearn.thu.edu.tw/index.html,upload.status
upload_accept,raw/ilearn.thu.edu.tw/index.html,uploading
upload_accept,raw/ilearn.thu.edu.tw/index.html,upload.type
upload_accept,raw/ilearn.thu.edu.tw/index.html,upload.status
upload_accept,raw/ilearn.thu.edu.tw/index.html,uploading
upload_accept,raw/ilearn.thu.edu.tw/index.html,upload.type
upload_accept,raw/ilearn.thu.edu.tw/index.html,upload.status
upload_accept,raw/ilearn.thu.edu.tw/index.html,uploading
upload_accept,raw/ilearn.thu.edu.tw/index.html,upload.id
upload_accept,raw/ilearn.thu.edu.tw/index.html,upload.type
upload_accept,raw/ilearn.thu.edu.tw/index.html,upload.isFromKnowledgeGraph
upload_accept,raw/ilearn.thu.edu.tw/index.html,uploads
upload_accept,raw/ilearn.thu.edu.tw/index.html,upload.id
upload_accept,raw/ilearn.thu.edu.tw/index.html,upload.from_project
upload_accept,raw/ilearn.thu.edu.tw/index.html,upload.allow_download
upload_accept,raw/ilearn.thu.edu.tw/index.html,upload.project_id
upload_accept,raw/ilearn.thu.edu.tw/index.html,upload_id
upload_accept,raw/ilearn.thu.edu.tw/index.html,upload.id
upload_accept,raw/ilearn.thu.edu.tw/index.html,upload.node_ids
upload_accept,raw/ilearn.thu.edu.tw/index.html,upload.ref_id
upload_accept,raw/ilearn.thu.edu.tw/index.html,upload.id
upload_accept,raw/ilearn.thu.edu.tw/index.html,upload.type
upload_accept,raw/ilearn.thu.edu.tw/index.html,upload.status
upload_accept,raw/ilearn.thu.edu.tw/index.html,upload.status
upload_accept,raw/ilearn.thu.edu.tw/index.html,upload.status
upload_accept,raw/ilearn.thu.edu.tw/index.html,uploading
upload_accept,raw/ilearn.thu.edu.tw/index.html,upload.status
upload_accept,raw/ilearn.thu.edu.tw/index.html,upload.allow_download
upload_accept,raw/ilearn.thu.edu.tw/index.html,upload.owner_id
upload_accept,raw/ilearn.thu.edu.tw/index.html,upload.isFromKnowledgeGraph
upload_accept,raw/ilearn.thu.edu.tw/index.html,upload.from_project
upload_accept,raw/ilearn.thu.edu.tw/index.html,uploads
upload_accept,raw/ilearn.thu.edu.tw/index.html,upload.id
upload_accept,raw/ilearn.thu.edu.tw/index.html,upload
upload_accept,raw/ilearn.thu.edu.tw/index.html,upload.status
upload_accept,raw/ilearn.thu.edu.tw/index.html,uploading
upload_accept,raw/ilearn.thu.edu.tw/index.html,upload.status
upload_accept,raw/ilearn.thu.edu.tw/index.html,uploading
upload_accept,raw/ilearn.thu.edu.tw/index.html,upload.status
upload_accept,raw/ilearn.thu.edu.tw/index.html,uploading
upload_accept,raw/ilearn.thu.edu.tw/index.html,upload.type
upload_accept,raw/ilearn.thu.edu.tw/index.html,upload.type
upload_accept,raw/ilearn.thu.edu.tw/index.html,upload.type
upload_accept,raw/ilearn.thu.edu.tw/index.html,upload.status
upload_accept,raw/ilearn.thu.edu.tw/index.html,uploading
upload_accept,raw/ilearn.thu.edu.tw/index.html,upload.status
upload_accept,raw/ilearn.thu.edu.tw/index.html,upload.type
upload_accept,raw/ilearn.thu.edu.tw/index.html,upload.type
upload_accept,raw/ilearn.thu.edu.tw/index.html,upload.type
upload_accept,raw/ilearn.thu.edu.tw/index.html,upload.status
upload_accept,raw/ilearn.thu.edu.tw/index.html,uploading
upload_accept,raw/ilearn.thu.edu.tw/index.html,upload.type
upload_accept,raw/ilearn.thu.edu.tw/index.html,upload.link.url
upload_accept,raw/ilearn.thu.edu.tw/index.html,upload-wrapper
upload_accept,raw/ilearn.thu.edu.tw/index.html,uploads
upload_accept,raw/ilearn.thu.edu.tw/index.html,uploads
upload_accept,raw/ilearn.thu.edu.tw/index.html,upload
upload_accept,raw/ilearn.thu.edu.tw/index.html,uploads.length
upload_accept,raw/ilearn.thu.edu.tw/index.html,upload-status
upload_accept,raw/ilearn.thu.edu.tw/index.html,upload
upload_accept,raw/ilearn.thu.edu.tw/index.html,uploads
upload_accept,raw/ilearn.thu.edu.tw/index.html,upload
upload_accept,raw/ilearn.thu.edu.tw/index.html,upload.deleted
upload_accept,raw/ilearn.thu.edu.tw/index.html,upload
upload_accept,raw/ilearn.thu.edu.tw/index.html,uploads:
upload_accept,raw/ilearn.thu.edu.tw/index.html,uploads
upload_accept,raw/ilearn.thu.edu.tw/index.html,upload
upload_accept,raw/ilearn.thu.edu.tw/index.html,upload
upload_accept,raw/ilearn.thu.edu.tw/index.html,upload.type
upload_accept,raw/ilearn.thu.edu.tw/index.html,upload.source
upload_accept,raw/ilearn.thu.edu.tw/index.html,upload.source
upload_accept,raw/ilearn.thu.edu.tw/index.html,upload.name.split
upload_accept,raw/ilearn.thu.edu.tw/index.html,upload.name.split
upload_accept,raw/ilearn.thu.edu.tw/index.html,upload.source
upload_accept,raw/ilearn.thu.edu.tw/index.html,Extension
upload_accept,raw/ilearn.thu.edu.tw/index.html,upload
upload_accept,raw/ilearn.thu.edu.tw/index.html,upload.name
upload_accept,raw/ilearn.thu.edu.tw/index.html,upload.name
upload_accept,raw/ilearn.thu.edu.tw/index.html,extension
upload_accept,raw/ilearn.thu.edu.tw/index.html,upload.name
upload_accept,raw/ilearn.thu.edu.tw/index.html,Extension
upload_accept,raw/ilearn.thu.edu.tw/index.html,upload.type
upload_accept,raw/ilearn.thu.edu.tw/index.html,upload.title
upload_accept,raw/ilearn.thu.edu.tw/index.html,upload.title
upload_accept,raw/ilearn.thu.edu.tw/index.html,upload.deleted
upload_accept,raw/ilearn.thu.edu.tw/index.html,upload.source
upload_accept,raw/ilearn.thu.edu.tw/index.html,upload.status
upload_accept,raw/ilearn.thu.edu.tw/index.html,upload.status
upload_accept,raw/ilearn.thu.edu.tw/index.html,upload.status
upload_accept,raw/ilearn.thu.edu.tw/index.html,upload.type
upload_accept,raw/ilearn.thu.edu.tw/index.html,upload.videos
upload_accept,raw/ilearn.thu.edu.tw/index.html,upload.status
upload_accept,raw/ilearn.thu.edu.tw/index.html,upload.deleted
upload_accept,raw/ilearn.thu.edu.tw/index.html,upload
upload_accept,raw/ilearn.thu.edu.tw/index.html,upload.status
upload_accept,raw/ilearn.thu.edu.tw/index.html,uploadsStatus
upload_accept,raw/ilearn.thu.edu.tw/index.html,upload.id
upload_accept,raw/ilearn.thu.edu.tw/index.html,upload.deleted
upload_accept,raw/ilearn.thu.edu.tw/index.html,upload.status
upload_accept,raw/ilearn.thu.edu.tw/index.html,uploadsStatus
upload_accept,raw/ilearn.thu.edu.tw/index.html,upload.id
upload_accept,raw/ilearn.thu.edu.tw/index.html,upload.type
upload_accept,raw/ilearn.thu.edu.tw/index.html,upload.videos
upload_accept,raw/ilearn.thu.edu.tw/index.html,upload.deleted
upload_accept,raw/ilearn.thu.edu.tw/index.html,upload
upload_accept,raw/ilearn.thu.edu.tw/index.html,upload.deleted
upload_accept,raw/ilearn.thu.edu.tw/index.html,UploadFailed
upload_accept,raw/ilearn.thu.edu.tw/index.html,upload.status
upload_accept,raw/ilearn.thu.edu.tw/index.html,uploadsStatus
upload_accept,raw/ilearn.thu.edu.tw/index.html,upload.id
upload_accept,raw/ilearn.thu.edu.tw/index.html,UploadProcessing
upload_accept,raw/ilearn.thu.edu.tw/index.html,upload.status
upload_accept,raw/ilearn.thu.edu.tw/index.html,uploadsStatus
upload_accept,raw/ilearn.thu.edu.tw/index.html,upload.id
upload_accept,raw/ilearn.thu.edu.tw/index.html,upload.type
upload_accept,raw/ilearn.thu.edu.tw/index.html,upload.videos
upload_accept,raw/ilearn.thu.edu.tw/index.html,FileSize
upload_accept,raw/ilearn.thu.edu.tw/index.html,UploadFailed
upload_accept,raw/ilearn.thu.edu.tw/index.html,UploadProcessing
upload_accept,raw/ilearn.thu.edu.tw/index.html,upload.size
upload_accept,raw/ilearn.thu.edu.tw/index.html,upload.source
upload_accept,raw/ilearn.thu.edu.tw/index.html,upload.source
upload_accept,raw/ilearn.thu.edu.tw/index.html,FileSize
upload_accept,raw/ilearn.thu.edu.tw/index.html,upload.size
upload_accept,raw/ilearn.thu.edu.tw/index.html,upload.source
upload_accept,raw/ilearn.thu.edu.tw/index.html,FileSize
upload_accept,raw/ilearn.thu.edu.tw/index.html,upload.deleted
upload_accept,raw/ilearn.thu.edu.tw/index.html,UploadFailed
upload_accept,raw/ilearn.thu.edu.tw/index.html,UploadProcessing
upload_accept,raw/ilearn.thu.edu.tw/index.html,upload
upload_accept,raw/ilearn.thu.edu.tw/index.html,upload.type
upload_accept,raw/ilearn.thu.edu.tw/index.html,upload.scorm
upload_accept,raw/ilearn.thu.edu.tw/index.html,upload.scorm.files_size
upload_accept,raw/ilearn.thu.edu.tw/index.html,upload.type
upload_accept,raw/ilearn.thu.edu.tw/index.html,upload.duration
upload_accept,raw/ilearn.thu.edu.tw/index.html,upload.duration
upload_accept,raw/ilearn.thu.edu.tw/index.html,upload.id
upload_accept,raw/ilearn.thu.edu.tw/index.html,UploadKnowledgePointsMap
upload_accept,raw/ilearn.thu.edu.tw/index.html,upload.id
upload_accept,raw/ilearn.thu.edu.tw/index.html,UploadKnowledgePointsMap
upload_accept,raw/ilearn.thu.edu.tw/index.html,upload.id
upload_accept,raw/ilearn.thu.edu.tw/index.html,UploadKnowledgePointsMap
upload_accept,raw/ilearn.thu.edu.tw/index.html,upload.id
upload_accept,raw/ilearn.thu.edu.tw/index.html,UploadKnowledgePointsMap
upload_accept,raw/ilearn.thu.edu.tw/index.html,upload.id
upload_accept,raw/ilearn.thu.edu.tw/index.html,UploadKnowledgePointsMap
upload_accept,raw/ilearn.thu.edu.tw/index.html,upload.id
upload_accept,raw/ilearn.thu.edu.tw/index.html,upload.aiQuiz.subjectsCount
upload_accept,raw/ilearn.thu.edu.tw/index.html,upload.id
upload_accept,raw/ilearn.thu.edu.tw/index.html,uploadsStatus
upload_accept,raw/ilearn.thu.edu.tw/index.html,upload.id
upload_accept,raw/ilearn.thu.edu.tw/index.html,upload.deleted
upload_accept,raw/ilearn.thu.edu.tw/index.html,upload
upload_accept,raw/ilearn.thu.edu.tw/index.html,upload.id
upload_accept,raw/ilearn.thu.edu.tw/index.html,upload
upload_accept,raw/ilearn.thu.edu.tw/index.html,upload.source
upload_accept,raw/ilearn.thu.edu.tw/index.html,upload.url
upload_accept,raw/ilearn.thu.edu.tw/index.html,uploads:
upload_accept,raw/ilearn.thu.edu.tw/index.html,uploads
upload_accept,raw/ilearn.thu.edu.tw/index.html,upload
upload_accept,raw/ilearn.thu.edu.tw/index.html,upload
upload_accept,raw/ilearn.thu.edu.tw/index.html,upload.source
upload_accept,raw/ilearn.thu.edu.tw/index.html,upload
upload_accept,raw/ilearn.thu.edu.tw/index.html,upload.deleted
upload_accept,raw/ilearn.thu.edu.tw/index.html,upload
upload_accept,raw/ilearn.thu.edu.tw/index.html,upload.id
upload_accept,raw/ilearn.thu.edu.tw/index.html,upload.source
upload_accept,raw/ilearn.thu.edu.tw/index.html,upload
upload_accept,raw/ilearn.thu.edu.tw/index.html,upload.audit_status
upload_accept,raw/ilearn.thu.edu.tw/index.html,upload.viewCount
upload_accept,raw/ilearn.thu.edu.tw/index.html,upload
upload_accept,raw/ilearn.thu.edu.tw/index.html,upload.deleted
upload_accept,raw/ilearn.thu.edu.tw/index.html,upload
upload_accept,raw/ilearn.thu.edu.tw/index.html,upload
upload_accept,raw/ilearn.thu.edu.tw/index.html,upload.type
upload_accept,raw/ilearn.thu.edu.tw/index.html,upload.source
upload_accept,raw/ilearn.thu.edu.tw/index.html,upload.source
upload_accept,raw/ilearn.thu.edu.tw/index.html,upload.name.split
upload_accept,raw/ilearn.thu.edu.tw/index.html,upload.name.split
upload_accept,raw/ilearn.thu.edu.tw/index.html,upload.source
upload_accept,raw/ilearn.thu.edu.tw/index.html,Extension
upload_accept,raw/ilearn.thu.edu.tw/index.html,upload
upload_accept,raw/ilearn.thu.edu.tw/index.html,upload.name
upload_accept,raw/ilearn.thu.edu.tw/index.html,upload.name
upload_accept,raw/ilearn.thu.edu.tw/index.html,extension
upload_accept,raw/ilearn.thu.edu.tw/index.html,upload.name
upload_accept,raw/ilearn.thu.edu.tw/index.html,Extension
upload_accept,raw/ilearn.thu.edu.tw/index.html,upload.type
upload_accept,raw/ilearn.thu.edu.tw/index.html,upload.title
upload_accept,raw/ilearn.thu.edu.tw/index.html,upload.title
upload_accept,raw/ilearn.thu.edu.tw/index.html,upload.deleted
upload_accept,raw/ilearn.thu.edu.tw/index.html,upload.source
upload_accept,raw/ilearn.thu.edu.tw/index.html,upload.status
upload_accept,raw/ilearn.thu.edu.tw/index.html,upload.status
upload_accept,raw/ilearn.thu.edu.tw/index.html,upload.status
upload_accept,raw/ilearn.thu.edu.tw/index.html,upload.type
upload_accept,raw/ilearn.thu.edu.tw/index.html,upload.videos
upload_accept,raw/ilearn.thu.edu.tw/index.html,upload.status
upload_accept,raw/ilearn.thu.edu.tw/index.html,upload.deleted
upload_accept,raw/ilearn.thu.edu.tw/index.html,upload
upload_accept,raw/ilearn.thu.edu.tw/index.html,upload.status
upload_accept,raw/ilearn.thu.edu.tw/index.html,uploadsStatus
upload_accept,raw/ilearn.thu.edu.tw/index.html,upload.id
upload_accept,raw/ilearn.thu.edu.tw/index.html,upload.deleted
upload_accept,raw/ilearn.thu.edu.tw/index.html,upload.status
upload_accept,raw/ilearn.thu.edu.tw/index.html,uploadsStatus
upload_accept,raw/ilearn.thu.edu.tw/index.html,upload.id
upload_accept,raw/ilearn.thu.edu.tw/index.html,upload.type
upload_accept,raw/ilearn.thu.edu.tw/index.html,upload.videos
upload_accept,raw/ilearn.thu.edu.tw/index.html,upload.deleted
upload_accept,raw/ilearn.thu.edu.tw/index.html,upload
upload_accept,raw/ilearn.thu.edu.tw/index.html,upload.deleted
upload_accept,raw/ilearn.thu.edu.tw/index.html,UploadFailed
upload_accept,raw/ilearn.thu.edu.tw/index.html,upload.status
upload_accept,raw/ilearn.thu.edu.tw/index.html,uploadsStatus
upload_accept,raw/ilearn.thu.edu.tw/index.html,upload.id
upload_accept,raw/ilearn.thu.edu.tw/index.html,UploadProcessing
upload_accept,raw/ilearn.thu.edu.tw/index.html,upload.status
upload_accept,raw/ilearn.thu.edu.tw/index.html,uploadsStatus
upload_accept,raw/ilearn.thu.edu.tw/index.html,upload.id
upload_accept,raw/ilearn.thu.edu.tw/index.html,upload.type
upload_accept,raw/ilearn.thu.edu.tw/index.html,upload.videos
upload_accept,raw/ilearn.thu.edu.tw/index.html,FileSize
upload_accept,raw/ilearn.thu.edu.tw/index.html,UploadFailed
upload_accept,raw/ilearn.thu.edu.tw/index.html,UploadProcessing
upload_accept,raw/ilearn.thu.edu.tw/index.html,upload.size
upload_accept,raw/ilearn.thu.edu.tw/index.html,upload.source
upload_accept,raw/ilearn.thu.edu.tw/index.html,upload.source
upload_accept,raw/ilearn.thu.edu.tw/index.html,FileSize
upload_accept,raw/ilearn.thu.edu.tw/index.html,upload.size
upload_accept,raw/ilearn.thu.edu.tw/index.html,upload.source
upload_accept,raw/ilearn.thu.edu.tw/index.html,FileSize
upload_accept,raw/ilearn.thu.edu.tw/index.html,upload.deleted
upload_accept,raw/ilearn.thu.edu.tw/index.html,UploadFailed
upload_accept,raw/ilearn.thu.edu.tw/index.html,UploadProcessing
upload_accept,raw/ilearn.thu.edu.tw/index.html,upload
upload_accept,raw/ilearn.thu.edu.tw/index.html,upload.type
upload_accept,raw/ilearn.thu.edu.tw/index.html,upload.scorm
upload_accept,raw/ilearn.thu.edu.tw/index.html,upload.scorm.files_size
upload_accept,raw/ilearn.thu.edu.tw/index.html,upload.type
upload_accept,raw/ilearn.thu.edu.tw/index.html,upload.duration
upload_accept,raw/ilearn.thu.edu.tw/index.html,upload.duration
upload_accept,raw/ilearn.thu.edu.tw/index.html,upload.id
upload_accept,raw/ilearn.thu.edu.tw/index.html,UploadKnowledgePointsMap
upload_accept,raw/ilearn.thu.edu.tw/index.html,upload.id
upload_accept,raw/ilearn.thu.edu.tw/index.html,UploadKnowledgePointsMap
upload_accept,raw/ilearn.thu.edu.tw/index.html,upload.id
upload_accept,raw/ilearn.thu.edu.tw/index.html,UploadKnowledgePointsMap
upload_accept,raw/ilearn.thu.edu.tw/index.html,upload.id
upload_accept,raw/ilearn.thu.edu.tw/index.html,UploadKnowledgePointsMap
upload_accept,raw/ilearn.thu.edu.tw/index.html,upload.id
upload_accept,raw/ilearn.thu.edu.tw/index.html,UploadKnowledgePointsMap
upload_accept,raw/ilearn.thu.edu.tw/index.html,upload.id
upload_accept,raw/ilearn.thu.edu.tw/index.html,upload.aiQuiz.subjectsCount
upload_accept,raw/ilearn.thu.edu.tw/index.html,upload.id
upload_accept,raw/ilearn.thu.edu.tw/index.html,uploadsStatus
upload_accept,raw/ilearn.thu.edu.tw/index.html,upload.id
upload_accept,raw/ilearn.thu.edu.tw/index.html,upload.deleted
upload_accept,raw/ilearn.thu.edu.tw/index.html,upload
upload_accept,raw/ilearn.thu.edu.tw/index.html,upload.id
upload_accept,raw/ilearn.thu.edu.tw/index.html,upload
upload_accept,raw/ilearn.thu.edu.tw/index.html,upload.source
upload_accept,raw/ilearn.thu.edu.tw/index.html,upload.url
upload_accept,raw/ilearn.thu.edu.tw/index.html,uploads:
upload_accept,raw/ilearn.thu.edu.tw/index.html,uploads
upload_accept,raw/ilearn.thu.edu.tw/index.html,upload
upload_accept,raw/ilearn.thu.edu.tw/index.html,upload
upload_accept,raw/ilearn.thu.edu.tw/index.html,upload.source
upload_accept,raw/ilearn.thu.edu.tw/index.html,upload
upload_accept,raw/ilearn.thu.edu.tw/index.html,upload.deleted
upload_accept,raw/ilearn.thu.edu.tw/index.html,upload
upload_accept,raw/ilearn.thu.edu.tw/index.html,upload.id
upload_accept,raw/ilearn.thu.edu.tw/index.html,upload.source
upload_accept,raw/ilearn.thu.edu.tw/index.html,upload
upload_accept,raw/ilearn.thu.edu.tw/index.html,upload.audit_status
upload_accept,raw/ilearn.thu.edu.tw/index.html,upload.viewCount
upload_accept,raw/ilearn.thu.edu.tw/index.html,uploads
upload_accept,raw/ilearn.thu.edu.tw/index.html,uploads.length
upload_accept,raw/ilearn.thu.edu.tw/index.html,uploads.length
upload_accept,raw/ilearn.thu.edu.tw/index.html,upload-status
upload_accept,raw/ilearn.thu.edu.tw/index.html,upload
upload_accept,raw/ilearn.thu.edu.tw/index.html,uploads
upload_accept,raw/ilearn.thu.edu.tw/index.html,upload
upload_accept,raw/ilearn.thu.edu.tw/index.html,upload.deleted
upload_accept,raw/ilearn.thu.edu.tw/index.html,upload
upload_accept,raw/ilearn.thu.edu.tw/index.html,uploads:
upload_accept,raw/ilearn.thu.edu.tw/index.html,uploads
upload_accept,raw/ilearn.thu.edu.tw/index.html,upload
upload_accept,raw/ilearn.thu.edu.tw/index.html,upload
upload_accept,raw/ilearn.thu.edu.tw/index.html,upload.status
upload_accept,raw/ilearn.thu.edu.tw/index.html,uploadsStatus
upload_accept,raw/ilearn.thu.edu.tw/index.html,upload.id
upload_accept,raw/ilearn.thu.edu.tw/index.html,upload.deleted
upload_accept,raw/ilearn.thu.edu.tw/index.html,upload.status
upload_accept,raw/ilearn.thu.edu.tw/index.html,uploadsStatus
upload_accept,raw/ilearn.thu.edu.tw/index.html,upload.id
upload_accept,raw/ilearn.thu.edu.tw/index.html,upload.type
upload_accept,raw/ilearn.thu.edu.tw/index.html,upload.videos
upload_accept,raw/ilearn.thu.edu.tw/index.html,upload.deleted
upload_accept,raw/ilearn.thu.edu.tw/index.html,upload
upload_accept,raw/ilearn.thu.edu.tw/index.html,upload.type
upload_accept,raw/ilearn.thu.edu.tw/index.html,upload.source
upload_accept,raw/ilearn.thu.edu.tw/index.html,upload.source
upload_accept,raw/ilearn.thu.edu.tw/index.html,upload.name.split
upload_accept,raw/ilearn.thu.edu.tw/index.html,upload.name.split
upload_accept,raw/ilearn.thu.edu.tw/index.html,upload.source
upload_accept,raw/ilearn.thu.edu.tw/index.html,Extension
upload_accept,raw/ilearn.thu.edu.tw/index.html,upload
upload_accept,raw/ilearn.thu.edu.tw/index.html,upload.name
upload_accept,raw/ilearn.thu.edu.tw/index.html,upload.name
upload_accept,raw/ilearn.thu.edu.tw/index.html,extension
upload_accept,raw/ilearn.thu.edu.tw/index.html,upload.name
upload_accept,raw/ilearn.thu.edu.tw/index.html,Extension
upload_accept,raw/ilearn.thu.edu.tw/index.html,upload.type
upload_accept,raw/ilearn.thu.edu.tw/index.html,upload.title
upload_accept,raw/ilearn.thu.edu.tw/index.html,upload.title
upload_accept,raw/ilearn.thu.edu.tw/index.html,upload.status
upload_accept,raw/ilearn.thu.edu.tw/index.html,upload.status
upload_accept,raw/ilearn.thu.edu.tw/index.html,upload.status
upload_accept,raw/ilearn.thu.edu.tw/index.html,upload.type
upload_accept,raw/ilearn.thu.edu.tw/index.html,upload.videos
upload_accept,raw/ilearn.thu.edu.tw/index.html,upload.status
upload_accept,raw/ilearn.thu.edu.tw/index.html,upload.deleted
upload_accept,raw/ilearn.thu.edu.tw/index.html,upload
upload_accept,raw/ilearn.thu.edu.tw/index.html,upload.status
upload_accept,raw/ilearn.thu.edu.tw/index.html,uploadsStatus
upload_accept,raw/ilearn.thu.edu.tw/index.html,upload.id
upload_accept,raw/ilearn.thu.edu.tw/index.html,upload.deleted
upload_accept,raw/ilearn.thu.edu.tw/index.html,upload.status
upload_accept,raw/ilearn.thu.edu.tw/index.html,uploadsStatus
upload_accept,raw/ilearn.thu.edu.tw/index.html,upload.id
upload_accept,raw/ilearn.thu.edu.tw/index.html,upload.type
upload_accept,raw/ilearn.thu.edu.tw/index.html,upload.videos
upload_accept,raw/ilearn.thu.edu.tw/index.html,upload.deleted
upload_accept,raw/ilearn.thu.edu.tw/index.html,upload
upload_accept,raw/ilearn.thu.edu.tw/index.html,upload.deleted
upload_accept,raw/ilearn.thu.edu.tw/index.html,upload.id
upload_accept,raw/ilearn.thu.edu.tw/index.html,UploadKnowledgePointsMap
upload_accept,raw/ilearn.thu.edu.tw/index.html,upload.id
upload_accept,raw/ilearn.thu.edu.tw/index.html,UploadKnowledgePointsMap
upload_accept,raw/ilearn.thu.edu.tw/index.html,upload.id
upload_accept,raw/ilearn.thu.edu.tw/index.html,UploadKnowledgePointsMap
upload_accept,raw/ilearn.thu.edu.tw/index.html,upload.id
upload_accept,raw/ilearn.thu.edu.tw/index.html,UploadKnowledgePointsMap
upload_accept,raw/ilearn.thu.edu.tw/index.html,upload.id
upload_accept,raw/ilearn.thu.edu.tw/index.html,UploadKnowledgePointsMap
upload_accept,raw/ilearn.thu.edu.tw/index.html,upload.id
upload_accept,raw/ilearn.thu.edu.tw/index.html,upload.aiQuiz.subjectsCount
upload_accept,raw/ilearn.thu.edu.tw/index.html,upload.id
upload_accept,raw/ilearn.thu.edu.tw/index.html,uploadsStatus
upload_accept,raw/ilearn.thu.edu.tw/index.html,upload.id
upload_accept,raw/ilearn.thu.edu.tw/index.html,upload.deleted
upload_accept,raw/ilearn.thu.edu.tw/index.html,upload
upload_accept,raw/ilearn.thu.edu.tw/index.html,upload.id
upload_accept,raw/ilearn.thu.edu.tw/index.html,upload
upload_accept,raw/ilearn.thu.edu.tw/index.html,upload.source
upload_accept,raw/ilearn.thu.edu.tw/index.html,upload.url
upload_accept,raw/ilearn.thu.edu.tw/index.html,uploads:
upload_accept,raw/ilearn.thu.edu.tw/index.html,uploads
upload_accept,raw/ilearn.thu.edu.tw/index.html,upload
upload_accept,raw/ilearn.thu.edu.tw/index.html,upload
upload_accept,raw/ilearn.thu.edu.tw/index.html,upload.source
upload_accept,raw/ilearn.thu.edu.tw/index.html,upload
upload_accept,raw/ilearn.thu.edu.tw/index.html,upload.deleted
upload_accept,raw/ilearn.thu.edu.tw/index.html,upload
upload_accept,raw/ilearn.thu.edu.tw/index.html,upload.id
upload_accept,raw/ilearn.thu.edu.tw/index.html,upload.source
upload_accept,raw/ilearn.thu.edu.tw/index.html,uploads
upload_accept,raw/ilearn.thu.edu.tw/index.html,upload.reference_id
upload_accept,raw/ilearn.thu.edu.tw/index.html,upload
upload_accept,raw/ilearn.thu.edu.tw/index.html,upload.reference_id
upload_accept,raw/ilearn.thu.edu.tw/index.html,upload.deleted
upload_accept,raw/ilearn.thu.edu.tw/index.html,upload.allow_download
upload_accept,raw/ilearn.thu.edu.tw/index.html,upload
upload_accept,raw/ilearn.thu.edu.tw/index.html,uploads
upload_accept,raw/ilearn.thu.edu.tw/index.html,upload.id
upload_accept,raw/ilearn.thu.edu.tw/index.html,upload
upload_accept,raw/ilearn.thu.edu.tw/index.html,upload.reference_id
upload_accept,raw/ilearn.thu.edu.tw/index.html,upload.deleted
upload_accept,raw/ilearn.thu.edu.tw/index.html,upload.allow_download
upload_accept,raw/ilearn.thu.edu.tw/index.html,upload.source
upload_accept,raw/ilearn.thu.edu.tw/index.html,upload
upload_accept,raw/ilearn.thu.edu.tw/index.html,upload.url
upload_accept,raw/ilearn.thu.edu.tw/index.html,upload
upload_accept,raw/ilearn.thu.edu.tw/index.html,upload.source
upload_accept,raw/ilearn.thu.edu.tw/index.html,upload.source
upload_accept,raw/ilearn.thu.edu.tw/index.html,upload.reference_id
upload_accept,raw/ilearn.thu.edu.tw/index.html,upload.deleted
upload_accept,raw/ilearn.thu.edu.tw/index.html,upload.allow_download
upload_accept,raw/ilearn.thu.edu.tw/index.html,upload
upload_accept,raw/ilearn.thu.edu.tw/index.html,uploads
upload_accept,raw/ilearn.thu.edu.tw/index.html,upload.id
upload_accept,raw/ilearn.thu.edu.tw/index.html,upload
upload_accept,raw/ilearn.thu.edu.tw/index.html,upload.reference_id
upload_accept,raw/ilearn.thu.edu.tw/index.html,upload.deleted
upload_accept,raw/ilearn.thu.edu.tw/index.html,upload.allow_download
upload_accept,raw/ilearn.thu.edu.tw/index.html,upload.source
upload_accept,raw/ilearn.thu.edu.tw/index.html,upload
upload_accept,raw/ilearn.thu.edu.tw/index.html,upload.fileid
upload_accept,raw/ilearn.thu.edu.tw/index.html,upload.deleted
upload_accept,raw/ilearn.thu.edu.tw/index.html,upload.allow_download
upload_accept,raw/ilearn.thu.edu.tw/index.html,upload.source
upload_accept,raw/ilearn.thu.edu.tw/index.html,upload
upload_accept,raw/ilearn.thu.edu.tw/index.html,upload.status
upload_accept,raw/ilearn.thu.edu.tw/index.html,uploadsStatus
upload_accept,raw/ilearn.thu.edu.tw/index.html,upload.id
upload_accept,raw/ilearn.thu.edu.tw/index.html,upload.deleted
upload_accept,raw/ilearn.thu.edu.tw/index.html,upload.status
upload_accept,raw/ilearn.thu.edu.tw/index.html,uploadsStatus
upload_accept,raw/ilearn.thu.edu.tw/index.html,upload.id
upload_accept,raw/ilearn.thu.edu.tw/index.html,upload.type
upload_accept,raw/ilearn.thu.edu.tw/index.html,upload.videos
upload_accept,raw/ilearn.thu.edu.tw/index.html,upload.deleted
upload_accept,raw/ilearn.thu.edu.tw/index.html,upload
upload_accept,raw/ilearn.thu.edu.tw/index.html,upload.type
upload_accept,raw/ilearn.thu.edu.tw/index.html,upload.source
upload_accept,raw/ilearn.thu.edu.tw/index.html,upload.source
upload_accept,raw/ilearn.thu.edu.tw/index.html,upload.name.split
upload_accept,raw/ilearn.thu.edu.tw/index.html,upload.name.split
upload_accept,raw/ilearn.thu.edu.tw/index.html,upload.source
upload_accept,raw/ilearn.thu.edu.tw/index.html,Extension
upload_accept,raw/ilearn.thu.edu.tw/index.html,upload
upload_accept,raw/ilearn.thu.edu.tw/index.html,upload.name
upload_accept,raw/ilearn.thu.edu.tw/index.html,upload.name
upload_accept,raw/ilearn.thu.edu.tw/index.html,extension
upload_accept,raw/ilearn.thu.edu.tw/index.html,upload.name
upload_accept,raw/ilearn.thu.edu.tw/index.html,Extension
upload_accept,raw/ilearn.thu.edu.tw/index.html,upload.type
upload_accept,raw/ilearn.thu.edu.tw/index.html,upload.title
upload_accept,raw/ilearn.thu.edu.tw/index.html,upload.title
upload_accept,raw/ilearn.thu.edu.tw/index.html,upload.deleted
upload_accept,raw/ilearn.thu.edu.tw/index.html,upload.source
upload_accept,raw/ilearn.thu.edu.tw/index.html,upload.status
upload_accept,raw/ilearn.thu.edu.tw/index.html,upload.status
upload_accept,raw/ilearn.thu.edu.tw/index.html,upload.status
upload_accept,raw/ilearn.thu.edu.tw/index.html,upload.type
upload_accept,raw/ilearn.thu.edu.tw/index.html,upload.videos
upload_accept,raw/ilearn.thu.edu.tw/index.html,upload.status
upload_accept,raw/ilearn.thu.edu.tw/index.html,upload.deleted
upload_accept,raw/ilearn.thu.edu.tw/index.html,upload
upload_accept,raw/ilearn.thu.edu.tw/index.html,upload.status
upload_accept,raw/ilearn.thu.edu.tw/index.html,uploadsStatus
upload_accept,raw/ilearn.thu.edu.tw/index.html,upload.id
upload_accept,raw/ilearn.thu.edu.tw/index.html,upload.deleted
upload_accept,raw/ilearn.thu.edu.tw/index.html,upload.status
upload_accept,raw/ilearn.thu.edu.tw/index.html,uploadsStatus
upload_accept,raw/ilearn.thu.edu.tw/index.html,upload.id
upload_accept,raw/ilearn.thu.edu.tw/index.html,upload.type
upload_accept,raw/ilearn.thu.edu.tw/index.html,upload.videos
upload_accept,raw/ilearn.thu.edu.tw/index.html,upload.deleted
upload_accept,raw/ilearn.thu.edu.tw/index.html,upload
upload_accept,raw/ilearn.thu.edu.tw/index.html,upload.deleted
upload_accept,raw/ilearn.thu.edu.tw/index.html,UploadFailed
upload_accept,raw/ilearn.thu.edu.tw/index.html,upload.status
upload_accept,raw/ilearn.thu.edu.tw/index.html,uploadsStatus
upload_accept,raw/ilearn.thu.edu.tw/index.html,upload.id
upload_accept,raw/ilearn.thu.edu.tw/index.html,UploadProcessing
upload_accept,raw/ilearn.thu.edu.tw/index.html,upload.status
upload_accept,raw/ilearn.thu.edu.tw/index.html,uploadsStatus
upload_accept,raw/ilearn.thu.edu.tw/index.html,upload.id
upload_accept,raw/ilearn.thu.edu.tw/index.html,upload.type
upload_accept,raw/ilearn.thu.edu.tw/index.html,upload.videos
upload_accept,raw/ilearn.thu.edu.tw/index.html,FileSize
upload_accept,raw/ilearn.thu.edu.tw/index.html,UploadFailed
upload_accept,raw/ilearn.thu.edu.tw/index.html,UploadProcessing
upload_accept,raw/ilearn.thu.edu.tw/index.html,upload.size
upload_accept,raw/ilearn.thu.edu.tw/index.html,upload.source
upload_accept,raw/ilearn.thu.edu.tw/index.html,upload.source
upload_accept,raw/ilearn.thu.edu.tw/index.html,FileSize
upload_accept,raw/ilearn.thu.edu.tw/index.html,upload.size
upload_accept,raw/ilearn.thu.edu.tw/index.html,upload.source
upload_accept,raw/ilearn.thu.edu.tw/index.html,FileSize
upload_accept,raw/ilearn.thu.edu.tw/index.html,upload.deleted
upload_accept,raw/ilearn.thu.edu.tw/index.html,UploadFailed
upload_accept,raw/ilearn.thu.edu.tw/index.html,UploadProcessing
upload_accept,raw/ilearn.thu.edu.tw/index.html,upload
upload_accept,raw/ilearn.thu.edu.tw/index.html,upload.type
upload_accept,raw/ilearn.thu.edu.tw/index.html,upload.scorm
upload_accept,raw/ilearn.thu.edu.tw/index.html,upload.scorm.files_size
upload_accept,raw/ilearn.thu.edu.tw/index.html,upload.type
upload_accept,raw/ilearn.thu.edu.tw/index.html,upload.duration
upload_accept,raw/ilearn.thu.edu.tw/index.html,upload.duration
upload_accept,raw/ilearn.thu.edu.tw/index.html,upload.id
upload_accept,raw/ilearn.thu.edu.tw/index.html,UploadKnowledgePointsMap
upload_accept,raw/ilearn.thu.edu.tw/index.html,upload.id
upload_accept,raw/ilearn.thu.edu.tw/index.html,UploadKnowledgePointsMap
upload_accept,raw/ilearn.thu.edu.tw/index.html,upload.id
upload_accept,raw/ilearn.thu.edu.tw/index.html,UploadKnowledgePointsMap
upload_accept,raw/ilearn.thu.edu.tw/index.html,upload.id
upload_accept,raw/ilearn.thu.edu.tw/index.html,UploadKnowledgePointsMap
upload_accept,raw/ilearn.thu.edu.tw/index.html,upload.id
upload_accept,raw/ilearn.thu.edu.tw/index.html,UploadKnowledgePointsMap
upload_accept,raw/ilearn.thu.edu.tw/index.html,upload.id
upload_accept,raw/ilearn.thu.edu.tw/index.html,upload.aiQuiz.subjectsCount
upload_accept,raw/ilearn.thu.edu.tw/index.html,upload.id
upload_accept,raw/ilearn.thu.edu.tw/index.html,uploadsStatus
upload_accept,raw/ilearn.thu.edu.tw/index.html,upload.id
upload_accept,raw/ilearn.thu.edu.tw/index.html,upload.deleted
upload_accept,raw/ilearn.thu.edu.tw/index.html,upload
upload_accept,raw/ilearn.thu.edu.tw/index.html,upload.id
upload_accept,raw/ilearn.thu.edu.tw/index.html,upload
upload_accept,raw/ilearn.thu.edu.tw/index.html,upload.source
upload_accept,raw/ilearn.thu.edu.tw/index.html,upload.url
upload_accept,raw/ilearn.thu.edu.tw/index.html,uploads:
upload_accept,raw/ilearn.thu.edu.tw/index.html,uploads
upload_accept,raw/ilearn.thu.edu.tw/index.html,upload
upload_accept,raw/ilearn.thu.edu.tw/index.html,upload
upload_accept,raw/ilearn.thu.edu.tw/index.html,upload.source
upload_accept,raw/ilearn.thu.edu.tw/index.html,upload
upload_accept,raw/ilearn.thu.edu.tw/index.html,upload.deleted
upload_accept,raw/ilearn.thu.edu.tw/index.html,upload
upload_accept,raw/ilearn.thu.edu.tw/index.html,upload.id
upload_accept,raw/ilearn.thu.edu.tw/index.html,upload.source
upload_accept,raw/ilearn.thu.edu.tw/index.html,uploads
upload_accept,raw/ilearn.thu.edu.tw/index.html,upload.reference_id
upload_accept,raw/ilearn.thu.edu.tw/index.html,upload
upload_accept,raw/ilearn.thu.edu.tw/index.html,upload.reference_id
upload_accept,raw/ilearn.thu.edu.tw/index.html,upload.deleted
upload_accept,raw/ilearn.thu.edu.tw/index.html,upload.allow_download
upload_accept,raw/ilearn.thu.edu.tw/index.html,upload
upload_accept,raw/ilearn.thu.edu.tw/index.html,uploads
upload_accept,raw/ilearn.thu.edu.tw/index.html,upload.id
upload_accept,raw/ilearn.thu.edu.tw/index.html,upload
upload_accept,raw/ilearn.thu.edu.tw/index.html,upload.reference_id
upload_accept,raw/ilearn.thu.edu.tw/index.html,upload.deleted
upload_accept,raw/ilearn.thu.edu.tw/index.html,upload.allow_download
upload_accept,raw/ilearn.thu.edu.tw/index.html,upload.source
upload_accept,raw/ilearn.thu.edu.tw/index.html,upload
upload_accept,raw/ilearn.thu.edu.tw/index.html,upload.url
upload_accept,raw/ilearn.thu.edu.tw/index.html,upload
upload_accept,raw/ilearn.thu.edu.tw/index.html,upload.source
upload_accept,raw/ilearn.thu.edu.tw/index.html,upload.source
upload_accept,raw/ilearn.thu.edu.tw/index.html,upload.reference_id
upload_accept,raw/ilearn.thu.edu.tw/index.html,upload.deleted
upload_accept,raw/ilearn.thu.edu.tw/index.html,upload.allow_download
upload_accept,raw/ilearn.thu.edu.tw/index.html,upload
upload_accept,raw/ilearn.thu.edu.tw/index.html,uploads
upload_accept,raw/ilearn.thu.edu.tw/index.html,upload.id
upload_accept,raw/ilearn.thu.edu.tw/index.html,upload
upload_accept,raw/ilearn.thu.edu.tw/index.html,upload.reference_id
upload_accept,raw/ilearn.thu.edu.tw/index.html,upload.deleted
upload_accept,raw/ilearn.thu.edu.tw/index.html,upload.allow_download
upload_accept,raw/ilearn.thu.edu.tw/index.html,upload.source
upload_accept,raw/ilearn.thu.edu.tw/index.html,upload
upload_accept,raw/ilearn.thu.edu.tw/index.html,upload.fileid
upload_accept,raw/ilearn.thu.edu.tw/index.html,upload.deleted
upload_accept,raw/ilearn.thu.edu.tw/index.html,upload.allow_download
upload_accept,raw/ilearn.thu.edu.tw/index.html,upload.source
upload_accept,raw/ilearn.thu.edu.tw/index.html,upload
upload_accept,raw/ilearn.thu.edu.tw/index.html,upload
upload_accept,raw/ilearn.thu.edu.tw/index.html,upload.deleted
upload_accept,raw/ilearn.thu.edu.tw/index.html,upload
upload_accept,raw/ilearn.thu.edu.tw/index.html,upload
upload_accept,raw/ilearn.thu.edu.tw/index.html,upload.type
upload_accept,raw/ilearn.thu.edu.tw/index.html,upload.source
upload_accept,raw/ilearn.thu.edu.tw/index.html,upload.source
upload_accept,raw/ilearn.thu.edu.tw/index.html,upload.name.split
upload_accept,raw/ilearn.thu.edu.tw/index.html,upload.name.split
upload_accept,raw/ilearn.thu.edu.tw/index.html,upload.source
upload_accept,raw/ilearn.thu.edu.tw/index.html,Extension
upload_accept,raw/ilearn.thu.edu.tw/index.html,upload
upload_accept,raw/ilearn.thu.edu.tw/index.html,upload.name
upload_accept,raw/ilearn.thu.edu.tw/index.html,upload.name
upload_accept,raw/ilearn.thu.edu.tw/index.html,extension
upload_accept,raw/ilearn.thu.edu.tw/index.html,upload.name
upload_accept,raw/ilearn.thu.edu.tw/index.html,Extension
upload_accept,raw/ilearn.thu.edu.tw/index.html,upload.type
upload_accept,raw/ilearn.thu.edu.tw/index.html,upload.title
upload_accept,raw/ilearn.thu.edu.tw/index.html,upload.title
upload_accept,raw/ilearn.thu.edu.tw/index.html,upload.deleted
upload_accept,raw/ilearn.thu.edu.tw/index.html,upload.source
upload_accept,raw/ilearn.thu.edu.tw/index.html,upload.status
upload_accept,raw/ilearn.thu.edu.tw/index.html,upload.status
upload_accept,raw/ilearn.thu.edu.tw/index.html,upload.status
upload_accept,raw/ilearn.thu.edu.tw/index.html,upload.type
upload_accept,raw/ilearn.thu.edu.tw/index.html,upload.videos
upload_accept,raw/ilearn.thu.edu.tw/index.html,upload.status
upload_accept,raw/ilearn.thu.edu.tw/index.html,upload.deleted
upload_accept,raw/ilearn.thu.edu.tw/index.html,upload
upload_accept,raw/ilearn.thu.edu.tw/index.html,upload.status
upload_accept,raw/ilearn.thu.edu.tw/index.html,uploadsStatus
upload_accept,raw/ilearn.thu.edu.tw/index.html,upload.id
upload_accept,raw/ilearn.thu.edu.tw/index.html,upload.deleted
upload_accept,raw/ilearn.thu.edu.tw/index.html,upload.status
upload_accept,raw/ilearn.thu.edu.tw/index.html,uploadsStatus
upload_accept,raw/ilearn.thu.edu.tw/index.html,upload.id
upload_accept,raw/ilearn.thu.edu.tw/index.html,upload.type
upload_accept,raw/ilearn.thu.edu.tw/index.html,upload.videos
upload_accept,raw/ilearn.thu.edu.tw/index.html,upload.deleted
upload_accept,raw/ilearn.thu.edu.tw/index.html,upload
upload_accept,raw/ilearn.thu.edu.tw/index.html,upload.deleted
upload_accept,raw/ilearn.thu.edu.tw/index.html,UploadFailed
upload_accept,raw/ilearn.thu.edu.tw/index.html,upload.status
upload_accept,raw/ilearn.thu.edu.tw/index.html,uploadsStatus
upload_accept,raw/ilearn.thu.edu.tw/index.html,upload.id
upload_accept,raw/ilearn.thu.edu.tw/index.html,UploadProcessing
upload_accept,raw/ilearn.thu.edu.tw/index.html,upload.status
upload_accept,raw/ilearn.thu.edu.tw/index.html,uploadsStatus
upload_accept,raw/ilearn.thu.edu.tw/index.html,upload.id
upload_accept,raw/ilearn.thu.edu.tw/index.html,upload.type
upload_accept,raw/ilearn.thu.edu.tw/index.html,upload.videos
upload_accept,raw/ilearn.thu.edu.tw/index.html,FileSize
upload_accept,raw/ilearn.thu.edu.tw/index.html,UploadFailed
upload_accept,raw/ilearn.thu.edu.tw/index.html,UploadProcessing
upload_accept,raw/ilearn.thu.edu.tw/index.html,upload.size
upload_accept,raw/ilearn.thu.edu.tw/index.html,upload.source
upload_accept,raw/ilearn.thu.edu.tw/index.html,upload.source
upload_accept,raw/ilearn.thu.edu.tw/index.html,FileSize
upload_accept,raw/ilearn.thu.edu.tw/index.html,upload.size
upload_accept,raw/ilearn.thu.edu.tw/index.html,upload.source
upload_accept,raw/ilearn.thu.edu.tw/index.html,FileSize
upload_accept,raw/ilearn.thu.edu.tw/index.html,upload.deleted
upload_accept,raw/ilearn.thu.edu.tw/index.html,UploadFailed
upload_accept,raw/ilearn.thu.edu.tw/index.html,UploadProcessing
upload_accept,raw/ilearn.thu.edu.tw/index.html,upload
upload_accept,raw/ilearn.thu.edu.tw/index.html,upload.type
upload_accept,raw/ilearn.thu.edu.tw/index.html,upload.scorm
upload_accept,raw/ilearn.thu.edu.tw/index.html,upload.scorm.files_size
upload_accept,raw/ilearn.thu.edu.tw/index.html,upload.type
upload_accept,raw/ilearn.thu.edu.tw/index.html,upload.duration
upload_accept,raw/ilearn.thu.edu.tw/index.html,upload.duration
upload_accept,raw/ilearn.thu.edu.tw/index.html,upload.id
upload_accept,raw/ilearn.thu.edu.tw/index.html,UploadKnowledgePointsMap
upload_accept,raw/ilearn.thu.edu.tw/index.html,upload.id
upload_accept,raw/ilearn.thu.edu.tw/index.html,UploadKnowledgePointsMap
upload_accept,raw/ilearn.thu.edu.tw/index.html,upload.id
upload_accept,raw/ilearn.thu.edu.tw/index.html,UploadKnowledgePointsMap
upload_accept,raw/ilearn.thu.edu.tw/index.html,upload.id
upload_accept,raw/ilearn.thu.edu.tw/index.html,UploadKnowledgePointsMap
upload_accept,raw/ilearn.thu.edu.tw/index.html,upload.id
upload_accept,raw/ilearn.thu.edu.tw/index.html,UploadKnowledgePointsMap
upload_accept,raw/ilearn.thu.edu.tw/index.html,upload.id
upload_accept,raw/ilearn.thu.edu.tw/index.html,upload.aiQuiz.subjectsCount
upload_accept,raw/ilearn.thu.edu.tw/index.html,upload.id
upload_accept,raw/ilearn.thu.edu.tw/index.html,uploadsStatus
upload_accept,raw/ilearn.thu.edu.tw/index.html,upload.id
upload_accept,raw/ilearn.thu.edu.tw/index.html,upload.deleted
upload_accept,raw/ilearn.thu.edu.tw/index.html,upload
upload_accept,raw/ilearn.thu.edu.tw/index.html,upload.id
upload_accept,raw/ilearn.thu.edu.tw/index.html,upload
upload_accept,raw/ilearn.thu.edu.tw/index.html,upload.source
upload_accept,raw/ilearn.thu.edu.tw/index.html,upload.url
upload_accept,raw/ilearn.thu.edu.tw/index.html,uploads:
upload_accept,raw/ilearn.thu.edu.tw/index.html,uploads
upload_accept,raw/ilearn.thu.edu.tw/index.html,upload
upload_accept,raw/ilearn.thu.edu.tw/index.html,upload
upload_accept,raw/ilearn.thu.edu.tw/index.html,upload.source
upload_accept,raw/ilearn.thu.edu.tw/index.html,upload
upload_accept,raw/ilearn.thu.edu.tw/index.html,upload.deleted
upload_accept,raw/ilearn.thu.edu.tw/index.html,upload
upload_accept,raw/ilearn.thu.edu.tw/index.html,upload.id
upload_accept,raw/ilearn.thu.edu.tw/index.html,upload.source
upload_accept,raw/ilearn.thu.edu.tw/index.html,uploads
upload_accept,raw/ilearn.thu.edu.tw/index.html,upload.reference_id
upload_accept,raw/ilearn.thu.edu.tw/index.html,upload
upload_accept,raw/ilearn.thu.edu.tw/index.html,upload.reference_id
upload_accept,raw/ilearn.thu.edu.tw/index.html,upload.deleted
upload_accept,raw/ilearn.thu.edu.tw/index.html,upload.allow_download
upload_accept,raw/ilearn.thu.edu.tw/index.html,upload
upload_accept,raw/ilearn.thu.edu.tw/index.html,uploads
upload_accept,raw/ilearn.thu.edu.tw/index.html,upload.id
upload_accept,raw/ilearn.thu.edu.tw/index.html,upload
upload_accept,raw/ilearn.thu.edu.tw/index.html,upload.reference_id
upload_accept,raw/ilearn.thu.edu.tw/index.html,upload.deleted
upload_accept,raw/ilearn.thu.edu.tw/index.html,upload.allow_download
upload_accept,raw/ilearn.thu.edu.tw/index.html,upload.source
upload_accept,raw/ilearn.thu.edu.tw/index.html,upload
upload_accept,raw/ilearn.thu.edu.tw/index.html,upload.url
upload_accept,raw/ilearn.thu.edu.tw/index.html,upload
upload_accept,raw/ilearn.thu.edu.tw/index.html,upload.source
upload_accept,raw/ilearn.thu.edu.tw/index.html,upload.source
upload_accept,raw/ilearn.thu.edu.tw/index.html,upload.reference_id
upload_accept,raw/ilearn.thu.edu.tw/index.html,upload.deleted
upload_accept,raw/ilearn.thu.edu.tw/index.html,upload.allow_download
upload_accept,raw/ilearn.thu.edu.tw/index.html,upload
upload_accept,raw/ilearn.thu.edu.tw/index.html,uploads
upload_accept,raw/ilearn.thu.edu.tw/index.html,upload.id
upload_accept,raw/ilearn.thu.edu.tw/index.html,upload
upload_accept,raw/ilearn.thu.edu.tw/index.html,upload.reference_id
upload_accept,raw/ilearn.thu.edu.tw/index.html,upload.deleted
upload_accept,raw/ilearn.thu.edu.tw/index.html,upload.allow_download
upload_accept,raw/ilearn.thu.edu.tw/index.html,upload.source
upload_accept,raw/ilearn.thu.edu.tw/index.html,upload
upload_accept,raw/ilearn.thu.edu.tw/index.html,upload.fileid
upload_accept,raw/ilearn.thu.edu.tw/index.html,upload.deleted
upload_accept,raw/ilearn.thu.edu.tw/index.html,upload.allow_download
upload_accept,raw/ilearn.thu.edu.tw/index.html,upload.source
upload_accept,raw/ilearn.thu.edu.tw/index.html,upload
upload_accept,raw/ilearn.thu.edu.tw/index.html,uploads
upload_accept,raw/ilearn.thu.edu.tw/index.html,UploadFolder
upload_accept,raw/ilearn.thu.edu.tw/index.html,UploadFolder
upload_accept,raw/ilearn.thu.edu.tw/index.html,MimeTypes
upload_accept,raw/ilearn.thu.edu.tw/index.html,upload_file
upload_accept,raw/ilearn.thu.edu.tw/index.html,UploadStatus
feature_flag,raw/ilearn.thu.edu.tw/index/index.html,scope-variable
feature_flag,raw/ilearn.thu.edu.tw/index/index.html,scope-variable
feature_flag,raw/ilearn.thu.edu.tw/index/index.html,RoleNames
feature_flag,raw/ilearn.thu.edu.tw/index/index.html,scope
feature_flag,raw/ilearn.thu.edu.tw/index/index.html,scope
feature_flag,raw/ilearn.thu.edu.tw/index/index.html,scope-id
feature_flag,raw/ilearn.thu.edu.tw/index/index.html,ScopeId
feature_flag,raw/ilearn.thu.edu.tw/index/index.html,scope
feature_flag,raw/ilearn.thu.edu.tw/index/index.html,scope
feature_flag,raw/ilearn.thu.edu.tw/index/index.html,scope
feature_flag,raw/ilearn.thu.edu.tw/index/index.html,scope
feature_flag,raw/ilearn.thu.edu.tw/index/index.html,scope
feature_flag,raw/ilearn.thu.edu.tw/index/index.html,scope
feature_flag,raw/ilearn.thu.edu.tw/index/index.html,scope
feature_flag,raw/ilearn.thu.edu.tw/index/index.html,scope-label
feature_flag,raw/ilearn.thu.edu.tw/index/index.html,scope-choice
feature_flag,raw/ilearn.thu.edu.tw/index/index.html,scope
feature_flag,raw/ilearn.thu.edu.tw/index/index.html,scope
feature_flag,raw/ilearn.thu.edu.tw/index/index.html,scope
feature_flag,raw/ilearn.thu.edu.tw/index/index.html,scope
feature_flag,raw/ilearn.thu.edu.tw/index/index.html,scope
feature_flag,raw/ilearn.thu.edu.tw/index/index.html,scope
feature_flag,raw/ilearn.thu.edu.tw/index/index.html,enable-application-center
feature_flag,raw/ilearn.thu.edu.tw/index/index.html,enable-iportal-platform-info
feature_flag,raw/ilearn.thu.edu.tw/index/index.html,Role
feature_flag,raw/ilearn.thu.edu.tw/index/index.html,scope-variable
feature_flag,raw/ilearn.thu.edu.tw/index/index.html,scope-variable
feature_flag,raw/ilearn.thu.edu.tw/index/index.html,scope-variable
feature_flag,raw/ilearn.thu.edu.tw/index/index.html,scope-variable
feature_flag,raw/ilearn.thu.edu.tw/index/index.html,scope-variable
feature_flag,raw/ilearn.thu.edu.tw/index/index.html,scope-variable
feature_flag,raw/ilearn.thu.edu.tw/index/index.html,scope-variable
feature_flag,raw/ilearn.thu.edu.tw/index/index.html,enableUpdateActivityDatetime
feature_flag,raw/ilearn.thu.edu.tw/index/index.html,scope-variable
feature_flag,raw/ilearn.thu.edu.tw/index/index.html,role:
feature_flag,raw/ilearn.thu.edu.tw/index/index.html,Roles:
feature_flag,raw/ilearn.thu.edu.tw/index/index.html,enableLoginCheck:
feature_flag,raw/ilearn.thu.edu.tw/index/index.html,enableLoginRollcallCheck:
feature_flag,raw/ilearn.thu.edu.tw/index/index.html,featureToggles
feature_flag,raw/ilearn.thu.edu.tw/index/index.html,enableProgram
feature_flag,raw/ilearn.thu.edu.tw/index/index.html,enableAuditorCourseRole
feature_flag,raw/ilearn.thu.edu.tw/index/index.html,enableDingTalkChat
feature_flag,raw/ilearn.thu.edu.tw/index/index.html,enableSobot
feature_flag,raw/ilearn.thu.edu.tw/index/index.html,enable_howxm
feature_flag,raw/ilearn.thu.edu.tw/index/index.html,enableTrainingLevelForAuthzRole
feature_flag,raw/ilearn.thu.edu.tw/index/index.html,enableHomework
feature_flag,raw/ilearn.thu.edu.tw/index/index.html,enableExam
feature_flag,raw/ilearn.thu.edu.tw/index/index.html,enableOnlineVideo
feature_flag,raw/ilearn.thu.edu.tw/index/index.html,enableLesson
feature_flag,raw/ilearn.thu.edu.tw/index/index.html,enableMaterial
feature_flag,raw/ilearn.thu.edu.tw/index/index.html,enableLink
feature_flag,raw/ilearn.thu.edu.tw/index/index.html,enableForum
feature_flag,raw/ilearn.thu.edu.tw/index/index.html,enableQuestionnaire
feature_flag,raw/ilearn.thu.edu.tw/index/index.html,enableSlide
feature_flag,raw/ilearn.thu.edu.tw/index/index.html,enableCourseSubjectLib
feature_flag,raw/ilearn.thu.edu.tw/index/index.html,enablePlayer2
feature_flag,raw/ilearn.thu.edu.tw/index/index.html,enableIndependentCoTeachingPermission
feature_flag,raw/ilearn.thu.edu.tw/index/index.html,enableKnowledgeReferenceCapture
feature_flag,raw/ilearn.thu.edu.tw/index/index.html,enableKnowledgeReferencePublicResource
feature_flag,raw/ilearn.thu.edu.tw/index/index.html,role
feature_flag,raw/ilearn.thu.edu.tw/index/index.html,enableRubrics
feature_flag,raw/ilearn.thu.edu.tw/index/index.html,enableLecturerCourseRole
feature_flag,raw/ilearn.thu.edu.tw/index/index.html,enableMyGroup
feature_flag,raw/ilearn.thu.edu.tw/index/index.html,enableScoreItemGroup
feature_flag,raw/ilearn.thu.edu.tw/index/index.html,enablePlayerWaterMark
feature_flag,raw/ilearn.thu.edu.tw/index/index.html,enableThroughCourse
feature_flag,raw/ilearn.thu.edu.tw/index/index.html,enable
feature_flag,raw/ilearn.thu.edu.tw/index/index.html,enableTextbook
feature_flag,raw/ilearn.thu.edu.tw/index/index.html,enableOffCampusUserFlag
feature_flag,raw/ilearn.thu.edu.tw/index/index.html,enable_electron
feature_flag,raw/ilearn.thu.edu.tw/index/index.html,enable_web
feature_flag,raw/ilearn.thu.edu.tw/index/index.html,enableTencentMeetingUseUserNoAsUid
feature_flag,raw/ilearn.thu.edu.tw/index/index.html,Enabled
feature_flag,raw/ilearn.thu.edu.tw/index/index.html,enableAhmuGetStudentsScore
feature_flag,raw/ilearn.thu.edu.tw/index/index.html,enabledUpdateActivityDatetime
feature_flag,raw/ilearn.thu.edu.tw/index/index.html,enableChinamCloudGraph
feature_flag,raw/ilearn.thu.edu.tw/index/index.html,enableTodayCourse
feature_flag,raw/ilearn.thu.edu.tw/index/index.html,enableDesignatedInspectCourse
feature_flag,raw/ilearn.thu.edu.tw/index/index.html,enable
feature_flag,raw/ilearn.thu.edu.tw/index/index.html,roles
feature_flag,raw/ilearn.thu.edu.tw/index/index.html,enableTongjiCommunityLayout
feature_flag,raw/ilearn.thu.edu.tw/index/index.html,enableTeachingScheduleAndOthers
feature_flag,raw/ilearn.thu.edu.tw/index/index.html,enableShowRetakeTag
feature_flag,raw/ilearn.thu.edu.tw/index/index.html,enableHomeworkReferenceAnswer
feature_flag,raw/ilearn.thu.edu.tw/index/index.html,enableDownloadCoursewareHelpFile
feature_flag,raw/ilearn.thu.edu.tw/index/index.html,enableEditImportedCourseClassName
feature_flag,raw/ilearn.thu.edu.tw/index/index.html,enable
feature_flag,raw/ilearn.thu.edu.tw/index/index.html,enabled
feature_flag,raw/ilearn.thu.edu.tw/index/index.html,enabled
feature_flag,raw/ilearn.thu.edu.tw/index/index.html,enableUseCourseNewBaseInfo
feature_flag,raw/ilearn.thu.edu.tw/index/index.html,enableFeedbackNewUi
feature_flag,raw/ilearn.thu.edu.tw/index/index.html,enableShanghaitechMeeting
feature_flag,raw/ilearn.thu.edu.tw/index/index.html,enableAuditJoinPublishCourse
feature_flag,raw/ilearn.thu.edu.tw/index/index.html,enableAutoRefreshUploadStatus
feature_flag,raw/ilearn.thu.edu.tw/index/index.html,enableCheckWpsUrlAccessibility
feature_flag,raw/ilearn.thu.edu.tw/index/index.html,enableLamsLessonVirtualExperiment
feature_flag,raw/ilearn.thu.edu.tw/index/index.html,enableMgsQueryCache:
upload_accept,raw/ilearn.thu.edu.tw/index/index.html,uploadExtensionFormatAllowlist
upload_accept,raw/ilearn.thu.edu.tw/index/index.html,upload_extension_format_allowlist
upload_accept,raw/ilearn.thu.edu.tw/index/index.html,uploads
upload_accept,raw/ilearn.thu.edu.tw/index/index.html,uploads
upload_accept,raw/ilearn.thu.edu.tw/index/index.html,upload.type
upload_accept,raw/ilearn.thu.edu.tw/index/index.html,upload.status
upload_accept,raw/ilearn.thu.edu.tw/index/index.html,upload.isTextFile
upload_accept,raw/ilearn.thu.edu.tw/index/index.html,upload.type
upload_accept,raw/ilearn.thu.edu.tw/index/index.html,upload.status
upload_accept,raw/ilearn.thu.edu.tw/index/index.html,uploading
upload_accept,raw/ilearn.thu.edu.tw/index/index.html,upload.type
upload_accept,raw/ilearn.thu.edu.tw/index/index.html,upload.type
upload_accept,raw/ilearn.thu.edu.tw/index/index.html,upload.status
upload_accept,raw/ilearn.thu.edu.tw/index/index.html,uploading
upload_accept,raw/ilearn.thu.edu.tw/index/index.html,upload.type
upload_accept,raw/ilearn.thu.edu.tw/index/index.html,upload.status
upload_accept,raw/ilearn.thu.edu.tw/index/index.html,uploading
upload_accept,raw/ilearn.thu.edu.tw/index/index.html,upload.type
upload_accept,raw/ilearn.thu.edu.tw/index/index.html,upload.status
upload_accept,raw/ilearn.thu.edu.tw/index/index.html,uploading
upload_accept,raw/ilearn.thu.edu.tw/index/index.html,upload.id
upload_accept,raw/ilearn.thu.edu.tw/index/index.html,upload.type
upload_accept,raw/ilearn.thu.edu.tw/index/index.html,upload.isFromKnowledgeGraph
upload_accept,raw/ilearn.thu.edu.tw/index/index.html,uploads
upload_accept,raw/ilearn.thu.edu.tw/index/index.html,upload.id
upload_accept,raw/ilearn.thu.edu.tw/index/index.html,upload.from_project
upload_accept,raw/ilearn.thu.edu.tw/index/index.html,upload.allow_download
upload_accept,raw/ilearn.thu.edu.tw/index/index.html,upload.project_id
upload_accept,raw/ilearn.thu.edu.tw/index/index.html,upload_id
upload_accept,raw/ilearn.thu.edu.tw/index/index.html,upload.id
upload_accept,raw/ilearn.thu.edu.tw/index/index.html,upload.node_ids
upload_accept,raw/ilearn.thu.edu.tw/index/index.html,upload.ref_id
upload_accept,raw/ilearn.thu.edu.tw/index/index.html,upload.id
upload_accept,raw/ilearn.thu.edu.tw/index/index.html,upload.type
upload_accept,raw/ilearn.thu.edu.tw/index/index.html,upload.status
upload_accept,raw/ilearn.thu.edu.tw/index/index.html,upload.status
upload_accept,raw/ilearn.thu.edu.tw/index/index.html,upload.status
upload_accept,raw/ilearn.thu.edu.tw/index/index.html,uploading
upload_accept,raw/ilearn.thu.edu.tw/index/index.html,upload.status
upload_accept,raw/ilearn.thu.edu.tw/index/index.html,upload.allow_download
upload_accept,raw/ilearn.thu.edu.tw/index/index.html,upload.owner_id
upload_accept,raw/ilearn.thu.edu.tw/index/index.html,upload.isFromKnowledgeGraph
upload_accept,raw/ilearn.thu.edu.tw/index/index.html,upload.from_project
upload_accept,raw/ilearn.thu.edu.tw/index/index.html,uploads
upload_accept,raw/ilearn.thu.edu.tw/index/index.html,upload.id
upload_accept,raw/ilearn.thu.edu.tw/index/index.html,upload
upload_accept,raw/ilearn.thu.edu.tw/index/index.html,upload.status
upload_accept,raw/ilearn.thu.edu.tw/index/index.html,uploading
upload_accept,raw/ilearn.thu.edu.tw/index/index.html,upload.status
upload_accept,raw/ilearn.thu.edu.tw/index/index.html,uploading
upload_accept,raw/ilearn.thu.edu.tw/index/index.html,upload.status
upload_accept,raw/ilearn.thu.edu.tw/index/index.html,uploading
upload_accept,raw/ilearn.thu.edu.tw/index/index.html,upload.type
upload_accept,raw/ilearn.thu.edu.tw/index/index.html,upload.type
upload_accept,raw/ilearn.thu.edu.tw/index/index.html,upload.type
upload_accept,raw/ilearn.thu.edu.tw/index/index.html,upload.status
upload_accept,raw/ilearn.thu.edu.tw/index/index.html,uploading
upload_accept,raw/ilearn.thu.edu.tw/index/index.html,upload.status
upload_accept,raw/ilearn.thu.edu.tw/index/index.html,upload.type
upload_accept,raw/ilearn.thu.edu.tw/index/index.html,upload.type
upload_accept,raw/ilearn.thu.edu.tw/index/index.html,upload.type
upload_accept,raw/ilearn.thu.edu.tw/index/index.html,upload.status
upload_accept,raw/ilearn.thu.edu.tw/index/index.html,uploading
upload_accept,raw/ilearn.thu.edu.tw/index/index.html,upload.type
upload_accept,raw/ilearn.thu.edu.tw/index/index.html,upload.link.url
upload_accept,raw/ilearn.thu.edu.tw/index/index.html,upload-wrapper
upload_accept,raw/ilearn.thu.edu.tw/index/index.html,uploads
upload_accept,raw/ilearn.thu.edu.tw/index/index.html,uploads
upload_accept,raw/ilearn.thu.edu.tw/index/index.html,upload
upload_accept,raw/ilearn.thu.edu.tw/index/index.html,uploads.length
upload_accept,raw/ilearn.thu.edu.tw/index/index.html,upload-status
upload_accept,raw/ilearn.thu.edu.tw/index/index.html,upload
upload_accept,raw/ilearn.thu.edu.tw/index/index.html,uploads
upload_accept,raw/ilearn.thu.edu.tw/index/index.html,upload
upload_accept,raw/ilearn.thu.edu.tw/index/index.html,upload.deleted
upload_accept,raw/ilearn.thu.edu.tw/index/index.html,upload
upload_accept,raw/ilearn.thu.edu.tw/index/index.html,uploads:
upload_accept,raw/ilearn.thu.edu.tw/index/index.html,uploads
upload_accept,raw/ilearn.thu.edu.tw/index/index.html,upload
upload_accept,raw/ilearn.thu.edu.tw/index/index.html,upload
upload_accept,raw/ilearn.thu.edu.tw/index/index.html,upload.type
upload_accept,raw/ilearn.thu.edu.tw/index/index.html,upload.source
upload_accept,raw/ilearn.thu.edu.tw/index/index.html,upload.source
upload_accept,raw/ilearn.thu.edu.tw/index/index.html,upload.name.split
upload_accept,raw/ilearn.thu.edu.tw/index/index.html,upload.name.split
upload_accept,raw/ilearn.thu.edu.tw/index/index.html,upload.source
upload_accept,raw/ilearn.thu.edu.tw/index/index.html,Extension
upload_accept,raw/ilearn.thu.edu.tw/index/index.html,upload
upload_accept,raw/ilearn.thu.edu.tw/index/index.html,upload.name
upload_accept,raw/ilearn.thu.edu.tw/index/index.html,upload.name
upload_accept,raw/ilearn.thu.edu.tw/index/index.html,extension
upload_accept,raw/ilearn.thu.edu.tw/index/index.html,upload.name
upload_accept,raw/ilearn.thu.edu.tw/index/index.html,Extension
upload_accept,raw/ilearn.thu.edu.tw/index/index.html,upload.type
upload_accept,raw/ilearn.thu.edu.tw/index/index.html,upload.title
upload_accept,raw/ilearn.thu.edu.tw/index/index.html,upload.title
upload_accept,raw/ilearn.thu.edu.tw/index/index.html,upload.deleted
upload_accept,raw/ilearn.thu.edu.tw/index/index.html,upload.source
upload_accept,raw/ilearn.thu.edu.tw/index/index.html,upload.status
upload_accept,raw/ilearn.thu.edu.tw/index/index.html,upload.status
upload_accept,raw/ilearn.thu.edu.tw/index/index.html,upload.status
upload_accept,raw/ilearn.thu.edu.tw/index/index.html,upload.type
upload_accept,raw/ilearn.thu.edu.tw/index/index.html,upload.videos
upload_accept,raw/ilearn.thu.edu.tw/index/index.html,upload.status
upload_accept,raw/ilearn.thu.edu.tw/index/index.html,upload.deleted
upload_accept,raw/ilearn.thu.edu.tw/index/index.html,upload
upload_accept,raw/ilearn.thu.edu.tw/index/index.html,upload.status
upload_accept,raw/ilearn.thu.edu.tw/index/index.html,uploadsStatus
upload_accept,raw/ilearn.thu.edu.tw/index/index.html,upload.id
upload_accept,raw/ilearn.thu.edu.tw/index/index.html,upload.deleted
upload_accept,raw/ilearn.thu.edu.tw/index/index.html,upload.status
upload_accept,raw/ilearn.thu.edu.tw/index/index.html,uploadsStatus
upload_accept,raw/ilearn.thu.edu.tw/index/index.html,upload.id
upload_accept,raw/ilearn.thu.edu.tw/index/index.html,upload.type
upload_accept,raw/ilearn.thu.edu.tw/index/index.html,upload.videos
upload_accept,raw/ilearn.thu.edu.tw/index/index.html,upload.deleted
upload_accept,raw/ilearn.thu.edu.tw/index/index.html,upload
upload_accept,raw/ilearn.thu.edu.tw/index/index.html,upload.deleted
upload_accept,raw/ilearn.thu.edu.tw/index/index.html,UploadFailed
upload_accept,raw/ilearn.thu.edu.tw/index/index.html,upload.status
upload_accept,raw/ilearn.thu.edu.tw/index/index.html,uploadsStatus
upload_accept,raw/ilearn.thu.edu.tw/index/index.html,upload.id
upload_accept,raw/ilearn.thu.edu.tw/index/index.html,UploadProcessing
upload_accept,raw/ilearn.thu.edu.tw/index/index.html,upload.status
upload_accept,raw/ilearn.thu.edu.tw/index/index.html,uploadsStatus
upload_accept,raw/ilearn.thu.edu.tw/index/index.html,upload.id
upload_accept,raw/ilearn.thu.edu.tw/index/index.html,upload.type
upload_accept,raw/ilearn.thu.edu.tw/index/index.html,upload.videos
upload_accept,raw/ilearn.thu.edu.tw/index/index.html,FileSize
upload_accept,raw/ilearn.thu.edu.tw/index/index.html,UploadFailed
upload_accept,raw/ilearn.thu.edu.tw/index/index.html,UploadProcessing
upload_accept,raw/ilearn.thu.edu.tw/index/index.html,upload.size
upload_accept,raw/ilearn.thu.edu.tw/index/index.html,upload.source
upload_accept,raw/ilearn.thu.edu.tw/index/index.html,upload.source
upload_accept,raw/ilearn.thu.edu.tw/index/index.html,FileSize
upload_accept,raw/ilearn.thu.edu.tw/index/index.html,upload.size
upload_accept,raw/ilearn.thu.edu.tw/index/index.html,upload.source
upload_accept,raw/ilearn.thu.edu.tw/index/index.html,FileSize
upload_accept,raw/ilearn.thu.edu.tw/index/index.html,upload.deleted
upload_accept,raw/ilearn.thu.edu.tw/index/index.html,UploadFailed
upload_accept,raw/ilearn.thu.edu.tw/index/index.html,UploadProcessing
upload_accept,raw/ilearn.thu.edu.tw/index/index.html,upload
upload_accept,raw/ilearn.thu.edu.tw/index/index.html,upload.type
upload_accept,raw/ilearn.thu.edu.tw/index/index.html,upload.scorm
upload_accept,raw/ilearn.thu.edu.tw/index/index.html,upload.scorm.files_size
upload_accept,raw/ilearn.thu.edu.tw/index/index.html,upload.type
upload_accept,raw/ilearn.thu.edu.tw/index/index.html,upload.duration
upload_accept,raw/ilearn.thu.edu.tw/index/index.html,upload.duration
upload_accept,raw/ilearn.thu.edu.tw/index/index.html,upload.id
upload_accept,raw/ilearn.thu.edu.tw/index/index.html,UploadKnowledgePointsMap
upload_accept,raw/ilearn.thu.edu.tw/index/index.html,upload.id
upload_accept,raw/ilearn.thu.edu.tw/index/index.html,UploadKnowledgePointsMap
upload_accept,raw/ilearn.thu.edu.tw/index/index.html,upload.id
upload_accept,raw/ilearn.thu.edu.tw/index/index.html,UploadKnowledgePointsMap
upload_accept,raw/ilearn.thu.edu.tw/index/index.html,upload.id
upload_accept,raw/ilearn.thu.edu.tw/index/index.html,UploadKnowledgePointsMap
upload_accept,raw/ilearn.thu.edu.tw/index/index.html,upload.id
upload_accept,raw/ilearn.thu.edu.tw/index/index.html,UploadKnowledgePointsMap
upload_accept,raw/ilearn.thu.edu.tw/index/index.html,upload.id
upload_accept,raw/ilearn.thu.edu.tw/index/index.html,upload.aiQuiz.subjectsCount
upload_accept,raw/ilearn.thu.edu.tw/index/index.html,upload.id
upload_accept,raw/ilearn.thu.edu.tw/index/index.html,uploadsStatus
upload_accept,raw/ilearn.thu.edu.tw/index/index.html,upload.id
upload_accept,raw/ilearn.thu.edu.tw/index/index.html,upload.deleted
upload_accept,raw/ilearn.thu.edu.tw/index/index.html,upload
upload_accept,raw/ilearn.thu.edu.tw/index/index.html,upload.id
upload_accept,raw/ilearn.thu.edu.tw/index/index.html,upload
upload_accept,raw/ilearn.thu.edu.tw/index/index.html,upload.source
upload_accept,raw/ilearn.thu.edu.tw/index/index.html,upload.url
upload_accept,raw/ilearn.thu.edu.tw/index/index.html,uploads:
upload_accept,raw/ilearn.thu.edu.tw/index/index.html,uploads
upload_accept,raw/ilearn.thu.edu.tw/index/index.html,upload
upload_accept,raw/ilearn.thu.edu.tw/index/index.html,upload
upload_accept,raw/ilearn.thu.edu.tw/index/index.html,upload.source
upload_accept,raw/ilearn.thu.edu.tw/index/index.html,upload
upload_accept,raw/ilearn.thu.edu.tw/index/index.html,upload.deleted
upload_accept,raw/ilearn.thu.edu.tw/index/index.html,upload
upload_accept,raw/ilearn.thu.edu.tw/index/index.html,upload.id
upload_accept,raw/ilearn.thu.edu.tw/index/index.html,upload.source
upload_accept,raw/ilearn.thu.edu.tw/index/index.html,upload
upload_accept,raw/ilearn.thu.edu.tw/index/index.html,upload.audit_status
upload_accept,raw/ilearn.thu.edu.tw/index/index.html,upload.viewCount
upload_accept,raw/ilearn.thu.edu.tw/index/index.html,upload
upload_accept,raw/ilearn.thu.edu.tw/index/index.html,upload.deleted
upload_accept,raw/ilearn.thu.edu.tw/index/index.html,upload
upload_accept,raw/ilearn.thu.edu.tw/index/index.html,upload
upload_accept,raw/ilearn.thu.edu.tw/index/index.html,upload.type
upload_accept,raw/ilearn.thu.edu.tw/index/index.html,upload.source
upload_accept,raw/ilearn.thu.edu.tw/index/index.html,upload.source
upload_accept,raw/ilearn.thu.edu.tw/index/index.html,upload.name.split
upload_accept,raw/ilearn.thu.edu.tw/index/index.html,upload.name.split
upload_accept,raw/ilearn.thu.edu.tw/index/index.html,upload.source
upload_accept,raw/ilearn.thu.edu.tw/index/index.html,Extension
upload_accept,raw/ilearn.thu.edu.tw/index/index.html,upload
upload_accept,raw/ilearn.thu.edu.tw/index/index.html,upload.name
upload_accept,raw/ilearn.thu.edu.tw/index/index.html,upload.name
upload_accept,raw/ilearn.thu.edu.tw/index/index.html,extension
upload_accept,raw/ilearn.thu.edu.tw/index/index.html,upload.name
upload_accept,raw/ilearn.thu.edu.tw/index/index.html,Extension
upload_accept,raw/ilearn.thu.edu.tw/index/index.html,upload.type
upload_accept,raw/ilearn.thu.edu.tw/index/index.html,upload.title
upload_accept,raw/ilearn.thu.edu.tw/index/index.html,upload.title
upload_accept,raw/ilearn.thu.edu.tw/index/index.html,upload.deleted
upload_accept,raw/ilearn.thu.edu.tw/index/index.html,upload.source
upload_accept,raw/ilearn.thu.edu.tw/index/index.html,upload.status
upload_accept,raw/ilearn.thu.edu.tw/index/index.html,upload.status
upload_accept,raw/ilearn.thu.edu.tw/index/index.html,upload.status
upload_accept,raw/ilearn.thu.edu.tw/index/index.html,upload.type
upload_accept,raw/ilearn.thu.edu.tw/index/index.html,upload.videos
upload_accept,raw/ilearn.thu.edu.tw/index/index.html,upload.status
upload_accept,raw/ilearn.thu.edu.tw/index/index.html,upload.deleted
upload_accept,raw/ilearn.thu.edu.tw/index/index.html,upload
upload_accept,raw/ilearn.thu.edu.tw/index/index.html,upload.status
upload_accept,raw/ilearn.thu.edu.tw/index/index.html,uploadsStatus
upload_accept,raw/ilearn.thu.edu.tw/index/index.html,upload.id
upload_accept,raw/ilearn.thu.edu.tw/index/index.html,upload.deleted
upload_accept,raw/ilearn.thu.edu.tw/index/index.html,upload.status
upload_accept,raw/ilearn.thu.edu.tw/index/index.html,uploadsStatus
upload_accept,raw/ilearn.thu.edu.tw/index/index.html,upload.id
upload_accept,raw/ilearn.thu.edu.tw/index/index.html,upload.type
upload_accept,raw/ilearn.thu.edu.tw/index/index.html,upload.videos
upload_accept,raw/ilearn.thu.edu.tw/index/index.html,upload.deleted
upload_accept,raw/ilearn.thu.edu.tw/index/index.html,upload
upload_accept,raw/ilearn.thu.edu.tw/index/index.html,upload.deleted
upload_accept,raw/ilearn.thu.edu.tw/index/index.html,UploadFailed
upload_accept,raw/ilearn.thu.edu.tw/index/index.html,upload.status
upload_accept,raw/ilearn.thu.edu.tw/index/index.html,uploadsStatus
upload_accept,raw/ilearn.thu.edu.tw/index/index.html,upload.id
upload_accept,raw/ilearn.thu.edu.tw/index/index.html,UploadProcessing
upload_accept,raw/ilearn.thu.edu.tw/index/index.html,upload.status
upload_accept,raw/ilearn.thu.edu.tw/index/index.html,uploadsStatus
upload_accept,raw/ilearn.thu.edu.tw/index/index.html,upload.id
upload_accept,raw/ilearn.thu.edu.tw/index/index.html,upload.type
upload_accept,raw/ilearn.thu.edu.tw/index/index.html,upload.videos
upload_accept,raw/ilearn.thu.edu.tw/index/index.html,FileSize
upload_accept,raw/ilearn.thu.edu.tw/index/index.html,UploadFailed
upload_accept,raw/ilearn.thu.edu.tw/index/index.html,UploadProcessing
upload_accept,raw/ilearn.thu.edu.tw/index/index.html,upload.size
upload_accept,raw/ilearn.thu.edu.tw/index/index.html,upload.source
upload_accept,raw/ilearn.thu.edu.tw/index/index.html,upload.source
upload_accept,raw/ilearn.thu.edu.tw/index/index.html,FileSize
upload_accept,raw/ilearn.thu.edu.tw/index/index.html,upload.size
upload_accept,raw/ilearn.thu.edu.tw/index/index.html,upload.source
upload_accept,raw/ilearn.thu.edu.tw/index/index.html,FileSize
upload_accept,raw/ilearn.thu.edu.tw/index/index.html,upload.deleted
upload_accept,raw/ilearn.thu.edu.tw/index/index.html,UploadFailed
upload_accept,raw/ilearn.thu.edu.tw/index/index.html,UploadProcessing
upload_accept,raw/ilearn.thu.edu.tw/index/index.html,upload
upload_accept,raw/ilearn.thu.edu.tw/index/index.html,upload.type
upload_accept,raw/ilearn.thu.edu.tw/index/index.html,upload.scorm
upload_accept,raw/ilearn.thu.edu.tw/index/index.html,upload.scorm.files_size
upload_accept,raw/ilearn.thu.edu.tw/index/index.html,upload.type
upload_accept,raw/ilearn.thu.edu.tw/index/index.html,upload.duration
upload_accept,raw/ilearn.thu.edu.tw/index/index.html,upload.duration
upload_accept,raw/ilearn.thu.edu.tw/index/index.html,upload.id
upload_accept,raw/ilearn.thu.edu.tw/index/index.html,UploadKnowledgePointsMap
upload_accept,raw/ilearn.thu.edu.tw/index/index.html,upload.id
upload_accept,raw/ilearn.thu.edu.tw/index/index.html,UploadKnowledgePointsMap
upload_accept,raw/ilearn.thu.edu.tw/index/index.html,upload.id
upload_accept,raw/ilearn.thu.edu.tw/index/index.html,UploadKnowledgePointsMap
upload_accept,raw/ilearn.thu.edu.tw/index/index.html,upload.id
upload_accept,raw/ilearn.thu.edu.tw/index/index.html,UploadKnowledgePointsMap
upload_accept,raw/ilearn.thu.edu.tw/index/index.html,upload.id
upload_accept,raw/ilearn.thu.edu.tw/index/index.html,UploadKnowledgePointsMap
upload_accept,raw/ilearn.thu.edu.tw/index/index.html,upload.id
upload_accept,raw/ilearn.thu.edu.tw/index/index.html,upload.aiQuiz.subjectsCount
upload_accept,raw/ilearn.thu.edu.tw/index/index.html,upload.id
upload_accept,raw/ilearn.thu.edu.tw/index/index.html,uploadsStatus
upload_accept,raw/ilearn.thu.edu.tw/index/index.html,upload.id
upload_accept,raw/ilearn.thu.edu.tw/index/index.html,upload.deleted
upload_accept,raw/ilearn.thu.edu.tw/index/index.html,upload
upload_accept,raw/ilearn.thu.edu.tw/index/index.html,upload.id
upload_accept,raw/ilearn.thu.edu.tw/index/index.html,upload
upload_accept,raw/ilearn.thu.edu.tw/index/index.html,upload.source
upload_accept,raw/ilearn.thu.edu.tw/index/index.html,upload.url
upload_accept,raw/ilearn.thu.edu.tw/index/index.html,uploads:
upload_accept,raw/ilearn.thu.edu.tw/index/index.html,uploads
upload_accept,raw/ilearn.thu.edu.tw/index/index.html,upload
upload_accept,raw/ilearn.thu.edu.tw/index/index.html,upload
upload_accept,raw/ilearn.thu.edu.tw/index/index.html,upload.source
upload_accept,raw/ilearn.thu.edu.tw/index/index.html,upload
upload_accept,raw/ilearn.thu.edu.tw/index/index.html,upload.deleted
upload_accept,raw/ilearn.thu.edu.tw/index/index.html,upload
upload_accept,raw/ilearn.thu.edu.tw/index/index.html,upload.id
upload_accept,raw/ilearn.thu.edu.tw/index/index.html,upload.source
upload_accept,raw/ilearn.thu.edu.tw/index/index.html,upload
upload_accept,raw/ilearn.thu.edu.tw/index/index.html,upload.audit_status
upload_accept,raw/ilearn.thu.edu.tw/index/index.html,upload.viewCount
upload_accept,raw/ilearn.thu.edu.tw/index/index.html,uploads
upload_accept,raw/ilearn.thu.edu.tw/index/index.html,uploads.length
upload_accept,raw/ilearn.thu.edu.tw/index/index.html,uploads.length
upload_accept,raw/ilearn.thu.edu.tw/index/index.html,upload-status
upload_accept,raw/ilearn.thu.edu.tw/index/index.html,upload
upload_accept,raw/ilearn.thu.edu.tw/index/index.html,uploads
upload_accept,raw/ilearn.thu.edu.tw/index/index.html,upload
upload_accept,raw/ilearn.thu.edu.tw/index/index.html,upload.deleted
upload_accept,raw/ilearn.thu.edu.tw/index/index.html,upload
upload_accept,raw/ilearn.thu.edu.tw/index/index.html,uploads:
upload_accept,raw/ilearn.thu.edu.tw/index/index.html,uploads
upload_accept,raw/ilearn.thu.edu.tw/index/index.html,upload
upload_accept,raw/ilearn.thu.edu.tw/index/index.html,upload
upload_accept,raw/ilearn.thu.edu.tw/index/index.html,upload.status
upload_accept,raw/ilearn.thu.edu.tw/index/index.html,uploadsStatus
upload_accept,raw/ilearn.thu.edu.tw/index/index.html,upload.id
upload_accept,raw/ilearn.thu.edu.tw/index/index.html,upload.deleted
upload_accept,raw/ilearn.thu.edu.tw/index/index.html,upload.status
upload_accept,raw/ilearn.thu.edu.tw/index/index.html,uploadsStatus
upload_accept,raw/ilearn.thu.edu.tw/index/index.html,upload.id
upload_accept,raw/ilearn.thu.edu.tw/index/index.html,upload.type
upload_accept,raw/ilearn.thu.edu.tw/index/index.html,upload.videos
upload_accept,raw/ilearn.thu.edu.tw/index/index.html,upload.deleted
upload_accept,raw/ilearn.thu.edu.tw/index/index.html,upload
upload_accept,raw/ilearn.thu.edu.tw/index/index.html,upload.type
upload_accept,raw/ilearn.thu.edu.tw/index/index.html,upload.source
upload_accept,raw/ilearn.thu.edu.tw/index/index.html,upload.source
upload_accept,raw/ilearn.thu.edu.tw/index/index.html,upload.name.split
upload_accept,raw/ilearn.thu.edu.tw/index/index.html,upload.name.split
upload_accept,raw/ilearn.thu.edu.tw/index/index.html,upload.source
upload_accept,raw/ilearn.thu.edu.tw/index/index.html,Extension
upload_accept,raw/ilearn.thu.edu.tw/index/index.html,upload
upload_accept,raw/ilearn.thu.edu.tw/index/index.html,upload.name
upload_accept,raw/ilearn.thu.edu.tw/index/index.html,upload.name
upload_accept,raw/ilearn.thu.edu.tw/index/index.html,extension
upload_accept,raw/ilearn.thu.edu.tw/index/index.html,upload.name
upload_accept,raw/ilearn.thu.edu.tw/index/index.html,Extension
upload_accept,raw/ilearn.thu.edu.tw/index/index.html,upload.type
upload_accept,raw/ilearn.thu.edu.tw/index/index.html,upload.title
upload_accept,raw/ilearn.thu.edu.tw/index/index.html,upload.title
upload_accept,raw/ilearn.thu.edu.tw/index/index.html,upload.status
upload_accept,raw/ilearn.thu.edu.tw/index/index.html,upload.status
upload_accept,raw/ilearn.thu.edu.tw/index/index.html,upload.status
upload_accept,raw/ilearn.thu.edu.tw/index/index.html,upload.type
upload_accept,raw/ilearn.thu.edu.tw/index/index.html,upload.videos
upload_accept,raw/ilearn.thu.edu.tw/index/index.html,upload.status
upload_accept,raw/ilearn.thu.edu.tw/index/index.html,upload.deleted
upload_accept,raw/ilearn.thu.edu.tw/index/index.html,upload
upload_accept,raw/ilearn.thu.edu.tw/index/index.html,upload.status
upload_accept,raw/ilearn.thu.edu.tw/index/index.html,uploadsStatus
upload_accept,raw/ilearn.thu.edu.tw/index/index.html,upload.id
upload_accept,raw/ilearn.thu.edu.tw/index/index.html,upload.deleted
upload_accept,raw/ilearn.thu.edu.tw/index/index.html,upload.status
upload_accept,raw/ilearn.thu.edu.tw/index/index.html,uploadsStatus
upload_accept,raw/ilearn.thu.edu.tw/index/index.html,upload.id
upload_accept,raw/ilearn.thu.edu.tw/index/index.html,upload.type
upload_accept,raw/ilearn.thu.edu.tw/index/index.html,upload.videos
upload_accept,raw/ilearn.thu.edu.tw/index/index.html,upload.deleted
upload_accept,raw/ilearn.thu.edu.tw/index/index.html,upload
upload_accept,raw/ilearn.thu.edu.tw/index/index.html,upload.deleted
upload_accept,raw/ilearn.thu.edu.tw/index/index.html,upload.id
upload_accept,raw/ilearn.thu.edu.tw/index/index.html,UploadKnowledgePointsMap
upload_accept,raw/ilearn.thu.edu.tw/index/index.html,upload.id
upload_accept,raw/ilearn.thu.edu.tw/index/index.html,UploadKnowledgePointsMap
upload_accept,raw/ilearn.thu.edu.tw/index/index.html,upload.id
upload_accept,raw/ilearn.thu.edu.tw/index/index.html,UploadKnowledgePointsMap
upload_accept,raw/ilearn.thu.edu.tw/index/index.html,upload.id
upload_accept,raw/ilearn.thu.edu.tw/index/index.html,UploadKnowledgePointsMap
upload_accept,raw/ilearn.thu.edu.tw/index/index.html,upload.id
upload_accept,raw/ilearn.thu.edu.tw/index/index.html,UploadKnowledgePointsMap
upload_accept,raw/ilearn.thu.edu.tw/index/index.html,upload.id
upload_accept,raw/ilearn.thu.edu.tw/index/index.html,upload.aiQuiz.subjectsCount
upload_accept,raw/ilearn.thu.edu.tw/index/index.html,upload.id
upload_accept,raw/ilearn.thu.edu.tw/index/index.html,uploadsStatus
upload_accept,raw/ilearn.thu.edu.tw/index/index.html,upload.id
upload_accept,raw/ilearn.thu.edu.tw/index/index.html,upload.deleted
upload_accept,raw/ilearn.thu.edu.tw/index/index.html,upload
upload_accept,raw/ilearn.thu.edu.tw/index/index.html,upload.id
upload_accept,raw/ilearn.thu.edu.tw/index/index.html,upload
upload_accept,raw/ilearn.thu.edu.tw/index/index.html,upload.source
upload_accept,raw/ilearn.thu.edu.tw/index/index.html,upload.url
upload_accept,raw/ilearn.thu.edu.tw/index/index.html,uploads:
upload_accept,raw/ilearn.thu.edu.tw/index/index.html,uploads
upload_accept,raw/ilearn.thu.edu.tw/index/index.html,upload
upload_accept,raw/ilearn.thu.edu.tw/index/index.html,upload
upload_accept,raw/ilearn.thu.edu.tw/index/index.html,upload.source
upload_accept,raw/ilearn.thu.edu.tw/index/index.html,upload
upload_accept,raw/ilearn.thu.edu.tw/index/index.html,upload.deleted
upload_accept,raw/ilearn.thu.edu.tw/index/index.html,upload
upload_accept,raw/ilearn.thu.edu.tw/index/index.html,upload.id
upload_accept,raw/ilearn.thu.edu.tw/index/index.html,upload.source
upload_accept,raw/ilearn.thu.edu.tw/index/index.html,uploads
upload_accept,raw/ilearn.thu.edu.tw/index/index.html,upload.reference_id
upload_accept,raw/ilearn.thu.edu.tw/index/index.html,upload
upload_accept,raw/ilearn.thu.edu.tw/index/index.html,upload.reference_id
upload_accept,raw/ilearn.thu.edu.tw/index/index.html,upload.deleted
upload_accept,raw/ilearn.thu.edu.tw/index/index.html,upload.allow_download
upload_accept,raw/ilearn.thu.edu.tw/index/index.html,upload
upload_accept,raw/ilearn.thu.edu.tw/index/index.html,uploads
upload_accept,raw/ilearn.thu.edu.tw/index/index.html,upload.id
upload_accept,raw/ilearn.thu.edu.tw/index/index.html,upload
upload_accept,raw/ilearn.thu.edu.tw/index/index.html,upload.reference_id
upload_accept,raw/ilearn.thu.edu.tw/index/index.html,upload.deleted
upload_accept,raw/ilearn.thu.edu.tw/index/index.html,upload.allow_download
upload_accept,raw/ilearn.thu.edu.tw/index/index.html,upload.source
upload_accept,raw/ilearn.thu.edu.tw/index/index.html,upload
upload_accept,raw/ilearn.thu.edu.tw/index/index.html,upload.url
upload_accept,raw/ilearn.thu.edu.tw/index/index.html,upload
upload_accept,raw/ilearn.thu.edu.tw/index/index.html,upload.source
upload_accept,raw/ilearn.thu.edu.tw/index/index.html,upload.source
upload_accept,raw/ilearn.thu.edu.tw/index/index.html,upload.reference_id
upload_accept,raw/ilearn.thu.edu.tw/index/index.html,upload.deleted
upload_accept,raw/ilearn.thu.edu.tw/index/index.html,upload.allow_download
upload_accept,raw/ilearn.thu.edu.tw/index/index.html,upload
upload_accept,raw/ilearn.thu.edu.tw/index/index.html,uploads
upload_accept,raw/ilearn.thu.edu.tw/index/index.html,upload.id
upload_accept,raw/ilearn.thu.edu.tw/index/index.html,upload
upload_accept,raw/ilearn.thu.edu.tw/index/index.html,upload.reference_id
upload_accept,raw/ilearn.thu.edu.tw/index/index.html,upload.deleted
upload_accept,raw/ilearn.thu.edu.tw/index/index.html,upload.allow_download
upload_accept,raw/ilearn.thu.edu.tw/index/index.html,upload.source
upload_accept,raw/ilearn.thu.edu.tw/index/index.html,upload
upload_accept,raw/ilearn.thu.edu.tw/index/index.html,upload.fileid
upload_accept,raw/ilearn.thu.edu.tw/index/index.html,upload.deleted
upload_accept,raw/ilearn.thu.edu.tw/index/index.html,upload.allow_download
upload_accept,raw/ilearn.thu.edu.tw/index/index.html,upload.source
upload_accept,raw/ilearn.thu.edu.tw/index/index.html,upload
upload_accept,raw/ilearn.thu.edu.tw/index/index.html,upload.status
upload_accept,raw/ilearn.thu.edu.tw/index/index.html,uploadsStatus
upload_accept,raw/ilearn.thu.edu.tw/index/index.html,upload.id
upload_accept,raw/ilearn.thu.edu.tw/index/index.html,upload.deleted
upload_accept,raw/ilearn.thu.edu.tw/index/index.html,upload.status
upload_accept,raw/ilearn.thu.edu.tw/index/index.html,uploadsStatus
upload_accept,raw/ilearn.thu.edu.tw/index/index.html,upload.id
upload_accept,raw/ilearn.thu.edu.tw/index/index.html,upload.type
upload_accept,raw/ilearn.thu.edu.tw/index/index.html,upload.videos
upload_accept,raw/ilearn.thu.edu.tw/index/index.html,upload.deleted
upload_accept,raw/ilearn.thu.edu.tw/index/index.html,upload
upload_accept,raw/ilearn.thu.edu.tw/index/index.html,upload.type
upload_accept,raw/ilearn.thu.edu.tw/index/index.html,upload.source
upload_accept,raw/ilearn.thu.edu.tw/index/index.html,upload.source
upload_accept,raw/ilearn.thu.edu.tw/index/index.html,upload.name.split
upload_accept,raw/ilearn.thu.edu.tw/index/index.html,upload.name.split
upload_accept,raw/ilearn.thu.edu.tw/index/index.html,upload.source
upload_accept,raw/ilearn.thu.edu.tw/index/index.html,Extension
upload_accept,raw/ilearn.thu.edu.tw/index/index.html,upload
upload_accept,raw/ilearn.thu.edu.tw/index/index.html,upload.name
upload_accept,raw/ilearn.thu.edu.tw/index/index.html,upload.name
upload_accept,raw/ilearn.thu.edu.tw/index/index.html,extension
upload_accept,raw/ilearn.thu.edu.tw/index/index.html,upload.name
upload_accept,raw/ilearn.thu.edu.tw/index/index.html,Extension
upload_accept,raw/ilearn.thu.edu.tw/index/index.html,upload.type
upload_accept,raw/ilearn.thu.edu.tw/index/index.html,upload.title
upload_accept,raw/ilearn.thu.edu.tw/index/index.html,upload.title
upload_accept,raw/ilearn.thu.edu.tw/index/index.html,upload.deleted
upload_accept,raw/ilearn.thu.edu.tw/index/index.html,upload.source
upload_accept,raw/ilearn.thu.edu.tw/index/index.html,upload.status
upload_accept,raw/ilearn.thu.edu.tw/index/index.html,upload.status
upload_accept,raw/ilearn.thu.edu.tw/index/index.html,upload.status
upload_accept,raw/ilearn.thu.edu.tw/index/index.html,upload.type
upload_accept,raw/ilearn.thu.edu.tw/index/index.html,upload.videos
upload_accept,raw/ilearn.thu.edu.tw/index/index.html,upload.status
upload_accept,raw/ilearn.thu.edu.tw/index/index.html,upload.deleted
upload_accept,raw/ilearn.thu.edu.tw/index/index.html,upload
upload_accept,raw/ilearn.thu.edu.tw/index/index.html,upload.status
upload_accept,raw/ilearn.thu.edu.tw/index/index.html,uploadsStatus
upload_accept,raw/ilearn.thu.edu.tw/index/index.html,upload.id
upload_accept,raw/ilearn.thu.edu.tw/index/index.html,upload.deleted
upload_accept,raw/ilearn.thu.edu.tw/index/index.html,upload.status
upload_accept,raw/ilearn.thu.edu.tw/index/index.html,uploadsStatus
upload_accept,raw/ilearn.thu.edu.tw/index/index.html,upload.id
upload_accept,raw/ilearn.thu.edu.tw/index/index.html,upload.type
upload_accept,raw/ilearn.thu.edu.tw/index/index.html,upload.videos
upload_accept,raw/ilearn.thu.edu.tw/index/index.html,upload.deleted
upload_accept,raw/ilearn.thu.edu.tw/index/index.html,upload
upload_accept,raw/ilearn.thu.edu.tw/index/index.html,upload.deleted
upload_accept,raw/ilearn.thu.edu.tw/index/index.html,UploadFailed
upload_accept,raw/ilearn.thu.edu.tw/index/index.html,upload.status
upload_accept,raw/ilearn.thu.edu.tw/index/index.html,uploadsStatus
upload_accept,raw/ilearn.thu.edu.tw/index/index.html,upload.id
upload_accept,raw/ilearn.thu.edu.tw/index/index.html,UploadProcessing
upload_accept,raw/ilearn.thu.edu.tw/index/index.html,upload.status
upload_accept,raw/ilearn.thu.edu.tw/index/index.html,uploadsStatus
upload_accept,raw/ilearn.thu.edu.tw/index/index.html,upload.id
upload_accept,raw/ilearn.thu.edu.tw/index/index.html,upload.type
upload_accept,raw/ilearn.thu.edu.tw/index/index.html,upload.videos
upload_accept,raw/ilearn.thu.edu.tw/index/index.html,FileSize
upload_accept,raw/ilearn.thu.edu.tw/index/index.html,UploadFailed
upload_accept,raw/ilearn.thu.edu.tw/index/index.html,UploadProcessing
upload_accept,raw/ilearn.thu.edu.tw/index/index.html,upload.size
upload_accept,raw/ilearn.thu.edu.tw/index/index.html,upload.source
upload_accept,raw/ilearn.thu.edu.tw/index/index.html,upload.source
upload_accept,raw/ilearn.thu.edu.tw/index/index.html,FileSize
upload_accept,raw/ilearn.thu.edu.tw/index/index.html,upload.size
upload_accept,raw/ilearn.thu.edu.tw/index/index.html,upload.source
upload_accept,raw/ilearn.thu.edu.tw/index/index.html,FileSize
upload_accept,raw/ilearn.thu.edu.tw/index/index.html,upload.deleted
upload_accept,raw/ilearn.thu.edu.tw/index/index.html,UploadFailed
upload_accept,raw/ilearn.thu.edu.tw/index/index.html,UploadProcessing
upload_accept,raw/ilearn.thu.edu.tw/index/index.html,upload
upload_accept,raw/ilearn.thu.edu.tw/index/index.html,upload.type
upload_accept,raw/ilearn.thu.edu.tw/index/index.html,upload.scorm
upload_accept,raw/ilearn.thu.edu.tw/index/index.html,upload.scorm.files_size
upload_accept,raw/ilearn.thu.edu.tw/index/index.html,upload.type
upload_accept,raw/ilearn.thu.edu.tw/index/index.html,upload.duration
upload_accept,raw/ilearn.thu.edu.tw/index/index.html,upload.duration
upload_accept,raw/ilearn.thu.edu.tw/index/index.html,upload.id
upload_accept,raw/ilearn.thu.edu.tw/index/index.html,UploadKnowledgePointsMap
upload_accept,raw/ilearn.thu.edu.tw/index/index.html,upload.id
upload_accept,raw/ilearn.thu.edu.tw/index/index.html,UploadKnowledgePointsMap
upload_accept,raw/ilearn.thu.edu.tw/index/index.html,upload.id
upload_accept,raw/ilearn.thu.edu.tw/index/index.html,UploadKnowledgePointsMap
upload_accept,raw/ilearn.thu.edu.tw/index/index.html,upload.id
upload_accept,raw/ilearn.thu.edu.tw/index/index.html,UploadKnowledgePointsMap
upload_accept,raw/ilearn.thu.edu.tw/index/index.html,upload.id
upload_accept,raw/ilearn.thu.edu.tw/index/index.html,UploadKnowledgePointsMap
upload_accept,raw/ilearn.thu.edu.tw/index/index.html,upload.id
upload_accept,raw/ilearn.thu.edu.tw/index/index.html,upload.aiQuiz.subjectsCount
upload_accept,raw/ilearn.thu.edu.tw/index/index.html,upload.id
upload_accept,raw/ilearn.thu.edu.tw/index/index.html,uploadsStatus
upload_accept,raw/ilearn.thu.edu.tw/index/index.html,upload.id
upload_accept,raw/ilearn.thu.edu.tw/index/index.html,upload.deleted
upload_accept,raw/ilearn.thu.edu.tw/index/index.html,upload
upload_accept,raw/ilearn.thu.edu.tw/index/index.html,upload.id
upload_accept,raw/ilearn.thu.edu.tw/index/index.html,upload
upload_accept,raw/ilearn.thu.edu.tw/index/index.html,upload.source
upload_accept,raw/ilearn.thu.edu.tw/index/index.html,upload.url
upload_accept,raw/ilearn.thu.edu.tw/index/index.html,uploads:
upload_accept,raw/ilearn.thu.edu.tw/index/index.html,uploads
upload_accept,raw/ilearn.thu.edu.tw/index/index.html,upload
upload_accept,raw/ilearn.thu.edu.tw/index/index.html,upload
upload_accept,raw/ilearn.thu.edu.tw/index/index.html,upload.source
upload_accept,raw/ilearn.thu.edu.tw/index/index.html,upload
upload_accept,raw/ilearn.thu.edu.tw/index/index.html,upload.deleted
upload_accept,raw/ilearn.thu.edu.tw/index/index.html,upload
upload_accept,raw/ilearn.thu.edu.tw/index/index.html,upload.id
upload_accept,raw/ilearn.thu.edu.tw/index/index.html,upload.source
upload_accept,raw/ilearn.thu.edu.tw/index/index.html,uploads
upload_accept,raw/ilearn.thu.edu.tw/index/index.html,upload.reference_id
upload_accept,raw/ilearn.thu.edu.tw/index/index.html,upload
upload_accept,raw/ilearn.thu.edu.tw/index/index.html,upload.reference_id
upload_accept,raw/ilearn.thu.edu.tw/index/index.html,upload.deleted
upload_accept,raw/ilearn.thu.edu.tw/index/index.html,upload.allow_download
upload_accept,raw/ilearn.thu.edu.tw/index/index.html,upload
upload_accept,raw/ilearn.thu.edu.tw/index/index.html,uploads
upload_accept,raw/ilearn.thu.edu.tw/index/index.html,upload.id
upload_accept,raw/ilearn.thu.edu.tw/index/index.html,upload
upload_accept,raw/ilearn.thu.edu.tw/index/index.html,upload.reference_id
upload_accept,raw/ilearn.thu.edu.tw/index/index.html,upload.deleted
upload_accept,raw/ilearn.thu.edu.tw/index/index.html,upload.allow_download
upload_accept,raw/ilearn.thu.edu.tw/index/index.html,upload.source
upload_accept,raw/ilearn.thu.edu.tw/index/index.html,upload
upload_accept,raw/ilearn.thu.edu.tw/index/index.html,upload.url
upload_accept,raw/ilearn.thu.edu.tw/index/index.html,upload
upload_accept,raw/ilearn.thu.edu.tw/index/index.html,upload.source
upload_accept,raw/ilearn.thu.edu.tw/index/index.html,upload.source
upload_accept,raw/ilearn.thu.edu.tw/index/index.html,upload.reference_id
upload_accept,raw/ilearn.thu.edu.tw/index/index.html,upload.deleted
upload_accept,raw/ilearn.thu.edu.tw/index/index.html,upload.allow_download
upload_accept,raw/ilearn.thu.edu.tw/index/index.html,upload
upload_accept,raw/ilearn.thu.edu.tw/index/index.html,uploads
upload_accept,raw/ilearn.thu.edu.tw/index/index.html,upload.id
upload_accept,raw/ilearn.thu.edu.tw/index/index.html,upload
upload_accept,raw/ilearn.thu.edu.tw/index/index.html,upload.reference_id
upload_accept,raw/ilearn.thu.edu.tw/index/index.html,upload.deleted
upload_accept,raw/ilearn.thu.edu.tw/index/index.html,upload.allow_download
upload_accept,raw/ilearn.thu.edu.tw/index/index.html,upload.source
upload_accept,raw/ilearn.thu.edu.tw/index/index.html,upload
upload_accept,raw/ilearn.thu.edu.tw/index/index.html,upload.fileid
upload_accept,raw/ilearn.thu.edu.tw/index/index.html,upload.deleted
upload_accept,raw/ilearn.thu.edu.tw/index/index.html,upload.allow_download
upload_accept,raw/ilearn.thu.edu.tw/index/index.html,upload.source
upload_accept,raw/ilearn.thu.edu.tw/index/index.html,upload
upload_accept,raw/ilearn.thu.edu.tw/index/index.html,upload
upload_accept,raw/ilearn.thu.edu.tw/index/index.html,upload.deleted
upload_accept,raw/ilearn.thu.edu.tw/index/index.html,upload
upload_accept,raw/ilearn.thu.edu.tw/index/index.html,upload
upload_accept,raw/ilearn.thu.edu.tw/index/index.html,upload.type
upload_accept,raw/ilearn.thu.edu.tw/index/index.html,upload.source
upload_accept,raw/ilearn.thu.edu.tw/index/index.html,upload.source
upload_accept,raw/ilearn.thu.edu.tw/index/index.html,upload.name.split
upload_accept,raw/ilearn.thu.edu.tw/index/index.html,upload.name.split
upload_accept,raw/ilearn.thu.edu.tw/index/index.html,upload.source
upload_accept,raw/ilearn.thu.edu.tw/index/index.html,Extension
upload_accept,raw/ilearn.thu.edu.tw/index/index.html,upload
upload_accept,raw/ilearn.thu.edu.tw/index/index.html,upload.name
upload_accept,raw/ilearn.thu.edu.tw/index/index.html,upload.name
upload_accept,raw/ilearn.thu.edu.tw/index/index.html,extension
upload_accept,raw/ilearn.thu.edu.tw/index/index.html,upload.name
upload_accept,raw/ilearn.thu.edu.tw/index/index.html,Extension
upload_accept,raw/ilearn.thu.edu.tw/index/index.html,upload.type
upload_accept,raw/ilearn.thu.edu.tw/index/index.html,upload.title
upload_accept,raw/ilearn.thu.edu.tw/index/index.html,upload.title
upload_accept,raw/ilearn.thu.edu.tw/index/index.html,upload.deleted
upload_accept,raw/ilearn.thu.edu.tw/index/index.html,upload.source
upload_accept,raw/ilearn.thu.edu.tw/index/index.html,upload.status
upload_accept,raw/ilearn.thu.edu.tw/index/index.html,upload.status
upload_accept,raw/ilearn.thu.edu.tw/index/index.html,upload.status
upload_accept,raw/ilearn.thu.edu.tw/index/index.html,upload.type
upload_accept,raw/ilearn.thu.edu.tw/index/index.html,upload.videos
upload_accept,raw/ilearn.thu.edu.tw/index/index.html,upload.status
upload_accept,raw/ilearn.thu.edu.tw/index/index.html,upload.deleted
upload_accept,raw/ilearn.thu.edu.tw/index/index.html,upload
upload_accept,raw/ilearn.thu.edu.tw/index/index.html,upload.status
upload_accept,raw/ilearn.thu.edu.tw/index/index.html,uploadsStatus
upload_accept,raw/ilearn.thu.edu.tw/index/index.html,upload.id
upload_accept,raw/ilearn.thu.edu.tw/index/index.html,upload.deleted
upload_accept,raw/ilearn.thu.edu.tw/index/index.html,upload.status
upload_accept,raw/ilearn.thu.edu.tw/index/index.html,uploadsStatus
upload_accept,raw/ilearn.thu.edu.tw/index/index.html,upload.id
upload_accept,raw/ilearn.thu.edu.tw/index/index.html,upload.type
upload_accept,raw/ilearn.thu.edu.tw/index/index.html,upload.videos
upload_accept,raw/ilearn.thu.edu.tw/index/index.html,upload.deleted
upload_accept,raw/ilearn.thu.edu.tw/index/index.html,upload
upload_accept,raw/ilearn.thu.edu.tw/index/index.html,upload.deleted
upload_accept,raw/ilearn.thu.edu.tw/index/index.html,UploadFailed
upload_accept,raw/ilearn.thu.edu.tw/index/index.html,upload.status
upload_accept,raw/ilearn.thu.edu.tw/index/index.html,uploadsStatus
upload_accept,raw/ilearn.thu.edu.tw/index/index.html,upload.id
upload_accept,raw/ilearn.thu.edu.tw/index/index.html,UploadProcessing
upload_accept,raw/ilearn.thu.edu.tw/index/index.html,upload.status
upload_accept,raw/ilearn.thu.edu.tw/index/index.html,uploadsStatus
upload_accept,raw/ilearn.thu.edu.tw/index/index.html,upload.id
upload_accept,raw/ilearn.thu.edu.tw/index/index.html,upload.type
upload_accept,raw/ilearn.thu.edu.tw/index/index.html,upload.videos
upload_accept,raw/ilearn.thu.edu.tw/index/index.html,FileSize
upload_accept,raw/ilearn.thu.edu.tw/index/index.html,UploadFailed
upload_accept,raw/ilearn.thu.edu.tw/index/index.html,UploadProcessing
upload_accept,raw/ilearn.thu.edu.tw/index/index.html,upload.size
upload_accept,raw/ilearn.thu.edu.tw/index/index.html,upload.source
upload_accept,raw/ilearn.thu.edu.tw/index/index.html,upload.source
upload_accept,raw/ilearn.thu.edu.tw/index/index.html,FileSize
upload_accept,raw/ilearn.thu.edu.tw/index/index.html,upload.size
upload_accept,raw/ilearn.thu.edu.tw/index/index.html,upload.source
upload_accept,raw/ilearn.thu.edu.tw/index/index.html,FileSize
upload_accept,raw/ilearn.thu.edu.tw/index/index.html,upload.deleted
upload_accept,raw/ilearn.thu.edu.tw/index/index.html,UploadFailed
upload_accept,raw/ilearn.thu.edu.tw/index/index.html,UploadProcessing
upload_accept,raw/ilearn.thu.edu.tw/index/index.html,upload
upload_accept,raw/ilearn.thu.edu.tw/index/index.html,upload.type
upload_accept,raw/ilearn.thu.edu.tw/index/index.html,upload.scorm
upload_accept,raw/ilearn.thu.edu.tw/index/index.html,upload.scorm.files_size
upload_accept,raw/ilearn.thu.edu.tw/index/index.html,upload.type
upload_accept,raw/ilearn.thu.edu.tw/index/index.html,upload.duration
upload_accept,raw/ilearn.thu.edu.tw/index/index.html,upload.duration
upload_accept,raw/ilearn.thu.edu.tw/index/index.html,upload.id
upload_accept,raw/ilearn.thu.edu.tw/index/index.html,UploadKnowledgePointsMap
upload_accept,raw/ilearn.thu.edu.tw/index/index.html,upload.id
upload_accept,raw/ilearn.thu.edu.tw/index/index.html,UploadKnowledgePointsMap
upload_accept,raw/ilearn.thu.edu.tw/index/index.html,upload.id
upload_accept,raw/ilearn.thu.edu.tw/index/index.html,UploadKnowledgePointsMap
upload_accept,raw/ilearn.thu.edu.tw/index/index.html,upload.id
upload_accept,raw/ilearn.thu.edu.tw/index/index.html,UploadKnowledgePointsMap
upload_accept,raw/ilearn.thu.edu.tw/index/index.html,upload.id
upload_accept,raw/ilearn.thu.edu.tw/index/index.html,UploadKnowledgePointsMap
upload_accept,raw/ilearn.thu.edu.tw/index/index.html,upload.id
upload_accept,raw/ilearn.thu.edu.tw/index/index.html,upload.aiQuiz.subjectsCount
upload_accept,raw/ilearn.thu.edu.tw/index/index.html,upload.id
upload_accept,raw/ilearn.thu.edu.tw/index/index.html,uploadsStatus
upload_accept,raw/ilearn.thu.edu.tw/index/index.html,upload.id
upload_accept,raw/ilearn.thu.edu.tw/index/index.html,upload.deleted
upload_accept,raw/ilearn.thu.edu.tw/index/index.html,upload
upload_accept,raw/ilearn.thu.edu.tw/index/index.html,upload.id
upload_accept,raw/ilearn.thu.edu.tw/index/index.html,upload
upload_accept,raw/ilearn.thu.edu.tw/index/index.html,upload.source
upload_accept,raw/ilearn.thu.edu.tw/index/index.html,upload.url
upload_accept,raw/ilearn.thu.edu.tw/index/index.html,uploads:
upload_accept,raw/ilearn.thu.edu.tw/index/index.html,uploads
upload_accept,raw/ilearn.thu.edu.tw/index/index.html,upload
upload_accept,raw/ilearn.thu.edu.tw/index/index.html,upload
upload_accept,raw/ilearn.thu.edu.tw/index/index.html,upload.source
upload_accept,raw/ilearn.thu.edu.tw/index/index.html,upload
upload_accept,raw/ilearn.thu.edu.tw/index/index.html,upload.deleted
upload_accept,raw/ilearn.thu.edu.tw/index/index.html,upload
upload_accept,raw/ilearn.thu.edu.tw/index/index.html,upload.id
upload_accept,raw/ilearn.thu.edu.tw/index/index.html,upload.source
upload_accept,raw/ilearn.thu.edu.tw/index/index.html,uploads
upload_accept,raw/ilearn.thu.edu.tw/index/index.html,upload.reference_id
upload_accept,raw/ilearn.thu.edu.tw/index/index.html,upload
upload_accept,raw/ilearn.thu.edu.tw/index/index.html,upload.reference_id
upload_accept,raw/ilearn.thu.edu.tw/index/index.html,upload.deleted
upload_accept,raw/ilearn.thu.edu.tw/index/index.html,upload.allow_download
upload_accept,raw/ilearn.thu.edu.tw/index/index.html,upload
upload_accept,raw/ilearn.thu.edu.tw/index/index.html,uploads
upload_accept,raw/ilearn.thu.edu.tw/index/index.html,upload.id
upload_accept,raw/ilearn.thu.edu.tw/index/index.html,upload
upload_accept,raw/ilearn.thu.edu.tw/index/index.html,upload.reference_id
upload_accept,raw/ilearn.thu.edu.tw/index/index.html,upload.deleted
upload_accept,raw/ilearn.thu.edu.tw/index/index.html,upload.allow_download
upload_accept,raw/ilearn.thu.edu.tw/index/index.html,upload.source
upload_accept,raw/ilearn.thu.edu.tw/index/index.html,upload
upload_accept,raw/ilearn.thu.edu.tw/index/index.html,upload.url
upload_accept,raw/ilearn.thu.edu.tw/index/index.html,upload
upload_accept,raw/ilearn.thu.edu.tw/index/index.html,upload.source
upload_accept,raw/ilearn.thu.edu.tw/index/index.html,upload.source
upload_accept,raw/ilearn.thu.edu.tw/index/index.html,upload.reference_id
upload_accept,raw/ilearn.thu.edu.tw/index/index.html,upload.deleted
upload_accept,raw/ilearn.thu.edu.tw/index/index.html,upload.allow_download
upload_accept,raw/ilearn.thu.edu.tw/index/index.html,upload
upload_accept,raw/ilearn.thu.edu.tw/index/index.html,uploads
upload_accept,raw/ilearn.thu.edu.tw/index/index.html,upload.id
upload_accept,raw/ilearn.thu.edu.tw/index/index.html,upload
upload_accept,raw/ilearn.thu.edu.tw/index/index.html,upload.reference_id
upload_accept,raw/ilearn.thu.edu.tw/index/index.html,upload.deleted
upload_accept,raw/ilearn.thu.edu.tw/index/index.html,upload.allow_download
upload_accept,raw/ilearn.thu.edu.tw/index/index.html,upload.source
upload_accept,raw/ilearn.thu.edu.tw/index/index.html,upload
upload_accept,raw/ilearn.thu.edu.tw/index/index.html,upload.fileid
upload_accept,raw/ilearn.thu.edu.tw/index/index.html,upload.deleted
upload_accept,raw/ilearn.thu.edu.tw/index/index.html,upload.allow_download
upload_accept,raw/ilearn.thu.edu.tw/index/index.html,upload.source
upload_accept,raw/ilearn.thu.edu.tw/index/index.html,upload
upload_accept,raw/ilearn.thu.edu.tw/index/index.html,uploads
upload_accept,raw/ilearn.thu.edu.tw/index/index.html,UploadFolder
upload_accept,raw/ilearn.thu.edu.tw/index/index.html,UploadFolder
upload_accept,raw/ilearn.thu.edu.tw/index/index.html,MimeTypes
upload_accept,raw/ilearn.thu.edu.tw/index/index.html,upload_file
upload_accept,raw/ilearn.thu.edu.tw/index/index.html,UploadStatus
cookie_access,raw/ilearn.thu.edu.tw/chatbot/chatbot.umd.js,"document.cookie=a+""=""+e.write(i,a)+r}}function A(a){if(!(typeof document==""undefined""||arguments.length&&!a)){for(var i=document.cookie?document.cookie.split("""
feature_flag,raw/ilearn.thu.edu.tw/chatbot/chatbot.umd.js,feature-settings:
feature_flag,raw/ilearn.thu.edu.tw/chatbot/chatbot.umd.js,feature-settings:
feature_flag,raw/ilearn.thu.edu.tw/chatbot/chatbot.umd.js,feature-settings:
feature_flag,raw/ilearn.thu.edu.tw/chatbot/chatbot.umd.js,feature-settings:
feature_flag,raw/ilearn.thu.edu.tw/chatbot/chatbot.umd.js,feature-settings:
feature_flag,raw/ilearn.thu.edu.tw/chatbot/chatbot.umd.js,feature-settings:
feature_flag,raw/ilearn.thu.edu.tw/chatbot/chatbot.umd.js,feature-settings:
feature_flag,raw/ilearn.thu.edu.tw/chatbot/chatbot.umd.js,feature-settings:
feature_flag,raw/ilearn.thu.edu.tw/chatbot/chatbot.umd.js,feature-settings:
feature_flag,raw/ilearn.thu.edu.tw/chatbot/chatbot.umd.js,feature-settings:
feature_flag,raw/ilearn.thu.edu.tw/chatbot/chatbot.umd.js,scope
feature_flag,raw/ilearn.thu.edu.tw/chatbot/chatbot.umd.js,scopes
feature_flag,raw/ilearn.thu.edu.tw/chatbot/chatbot.umd.js,scopes
feature_flag,raw/ilearn.thu.edu.tw/chatbot/chatbot.umd.js,scopes
feature_flag,raw/ilearn.thu.edu.tw/chatbot/chatbot.umd.js,scopes.length
feature_flag,raw/ilearn.thu.edu.tw/chatbot/chatbot.umd.js,scopes
feature_flag,raw/ilearn.thu.edu.tw/chatbot/chatbot.umd.js,scopes
feature_flag,raw/ilearn.thu.edu.tw/chatbot/chatbot.umd.js,scopes.length
feature_flag,raw/ilearn.thu.edu.tw/chatbot/chatbot.umd.js,scopes
feature_flag,raw/ilearn.thu.edu.tw/chatbot/chatbot.umd.js,scopes
feature_flag,raw/ilearn.thu.edu.tw/chatbot/chatbot.umd.js,scopes.length
feature_flag,raw/ilearn.thu.edu.tw/chatbot/chatbot.umd.js,scopes
feature_flag,raw/ilearn.thu.edu.tw/chatbot/chatbot.umd.js,scopes.length
feature_flag,raw/ilearn.thu.edu.tw/chatbot/chatbot.umd.js,scopes.pop
feature_flag,raw/ilearn.thu.edu.tw/chatbot/chatbot.umd.js,scopes
feature_flag,raw/ilearn.thu.edu.tw/chatbot/chatbot.umd.js,flags
feature_flag,raw/ilearn.thu.edu.tw/chatbot/chatbot.umd.js,flags
feature_flag,raw/ilearn.thu.edu.tw/chatbot/chatbot.umd.js,flags
feature_flag,raw/ilearn.thu.edu.tw/chatbot/chatbot.umd.js,flags
feature_flag,raw/ilearn.thu.edu.tw/chatbot/chatbot.umd.js,flags
feature_flag,raw/ilearn.thu.edu.tw/chatbot/chatbot.umd.js,flags
feature_flag,raw/ilearn.thu.edu.tw/chatbot/chatbot.umd.js,flags
feature_flag,raw/ilearn.thu.edu.tw/chatbot/chatbot.umd.js,flags
feature_flag,raw/ilearn.thu.edu.tw/chatbot/chatbot.umd.js,flags
feature_flag,raw/ilearn.thu.edu.tw/chatbot/chatbot.umd.js,flags
feature_flag,raw/ilearn.thu.edu.tw/chatbot/chatbot.umd.js,flags
feature_flag,raw/ilearn.thu.edu.tw/chatbot/chatbot.umd.js,flags
feature_flag,raw/ilearn.thu.edu.tw/chatbot/chatbot.umd.js,flags
feature_flag,raw/ilearn.thu.edu.tw/chatbot/chatbot.umd.js,flags
feature_flag,raw/ilearn.thu.edu.tw/chatbot/chatbot.umd.js,flags
feature_flag,raw/ilearn.thu.edu.tw/chatbot/chatbot.umd.js,flags
feature_flag,raw/ilearn.thu.edu.tw/chatbot/chatbot.umd.js,flags
feature_flag,raw/ilearn.thu.edu.tw/chatbot/chatbot.umd.js,flags
feature_flag,raw/ilearn.thu.edu.tw/chatbot/chatbot.umd.js,flags
feature_flag,raw/ilearn.thu.edu.tw/chatbot/chatbot.umd.js,flags
feature_flag,raw/ilearn.thu.edu.tw/chatbot/chatbot.umd.js,flags
feature_flag,raw/ilearn.thu.edu.tw/chatbot/chatbot.umd.js,flags
feature_flag,raw/ilearn.thu.edu.tw/chatbot/chatbot.umd.js,flags
feature_flag,raw/ilearn.thu.edu.tw/chatbot/chatbot.umd.js,flags
feature_flag,raw/ilearn.thu.edu.tw/chatbot/chatbot.umd.js,flags
feature_flag,raw/ilearn.thu.edu.tw/chatbot/chatbot.umd.js,flags
feature_flag,raw/ilearn.thu.edu.tw/chatbot/chatbot.umd.js,flags
feature_flag,raw/ilearn.thu.edu.tw/chatbot/chatbot.umd.js,flags
feature_flag,raw/ilearn.thu.edu.tw/chatbot/chatbot.umd.js,flags
feature_flag,raw/ilearn.thu.edu.tw/chatbot/chatbot.umd.js,flags
feature_flag,raw/ilearn.thu.edu.tw/chatbot/chatbot.umd.js,flags
feature_flag,raw/ilearn.thu.edu.tw/chatbot/chatbot.umd.js,flags
feature_flag,raw/ilearn.thu.edu.tw/chatbot/chatbot.umd.js,flags
feature_flag,raw/ilearn.thu.edu.tw/chatbot/chatbot.umd.js,flags
feature_flag,raw/ilearn.thu.edu.tw/chatbot/chatbot.umd.js,flags
feature_flag,raw/ilearn.thu.edu.tw/chatbot/chatbot.umd.js,flags
feature_flag,raw/ilearn.thu.edu.tw/chatbot/chatbot.umd.js,flags
feature_flag,raw/ilearn.thu.edu.tw/chatbot/chatbot.umd.js,flags
feature_flag,raw/ilearn.thu.edu.tw/chatbot/chatbot.umd.js,flags
feature_flag,raw/ilearn.thu.edu.tw/chatbot/chatbot.umd.js,flags
feature_flag,raw/ilearn.thu.edu.tw/chatbot/chatbot.umd.js,flags
feature_flag,raw/ilearn.thu.edu.tw/chatbot/chatbot.umd.js,flags
feature_flag,raw/ilearn.thu.edu.tw/chatbot/chatbot.umd.js,flags
feature_flag,raw/ilearn.thu.edu.tw/chatbot/chatbot.umd.js,flags
feature_flag,raw/ilearn.thu.edu.tw/chatbot/chatbot.umd.js,flags
feature_flag,raw/ilearn.thu.edu.tw/chatbot/chatbot.umd.js,flags
feature_flag,raw/ilearn.thu.edu.tw/chatbot/chatbot.umd.js,flags
feature_flag,raw/ilearn.thu.edu.tw/chatbot/chatbot.umd.js,flags
feature_flag,raw/ilearn.thu.edu.tw/chatbot/chatbot.umd.js,flags
feature_flag,raw/ilearn.thu.edu.tw/chatbot/chatbot.umd.js,flags
feature_flag,raw/ilearn.thu.edu.tw/chatbot/chatbot.umd.js,flags
feature_flag,raw/ilearn.thu.edu.tw/chatbot/chatbot.umd.js,flags
feature_flag,raw/ilearn.thu.edu.tw/chatbot/chatbot.umd.js,scopeId
feature_flag,raw/ilearn.thu.edu.tw/chatbot/chatbot.umd.js,Flag:b
feature_flag,raw/ilearn.thu.edu.tw/chatbot/chatbot.umd.js,Flag:o
feature_flag,raw/ilearn.thu.edu.tw/chatbot/chatbot.umd.js,Flag:s
feature_flag,raw/ilearn.thu.edu.tw/chatbot/chatbot.umd.js,Flag
feature_flag,raw/ilearn.thu.edu.tw/chatbot/chatbot.umd.js,flags
feature_flag,raw/ilearn.thu.edu.tw/chatbot/chatbot.umd.js,Flag:t
feature_flag,raw/ilearn.thu.edu.tw/chatbot/chatbot.umd.js,Flag
feature_flag,raw/ilearn.thu.edu.tw/chatbot/chatbot.umd.js,Flag
feature_flag,raw/ilearn.thu.edu.tw/chatbot/chatbot.umd.js,Flag
feature_flag,raw/ilearn.thu.edu.tw/chatbot/chatbot.umd.js,Flag
feature_flag,raw/ilearn.thu.edu.tw/chatbot/chatbot.umd.js,Flag
feature_flag,raw/ilearn.thu.edu.tw/chatbot/chatbot.umd.js,Flag
feature_flag,raw/ilearn.thu.edu.tw/chatbot/chatbot.umd.js,ScopeIds
feature_flag,raw/ilearn.thu.edu.tw/chatbot/chatbot.umd.js,Flag
feature_flag,raw/ilearn.thu.edu.tw/chatbot/chatbot.umd.js,Flag
feature_flag,raw/ilearn.thu.edu.tw/chatbot/chatbot.umd.js,Flag
feature_flag,raw/ilearn.thu.edu.tw/chatbot/chatbot.umd.js,Flag
feature_flag,raw/ilearn.thu.edu.tw/chatbot/chatbot.umd.js,Flag
feature_flag,raw/ilearn.thu.edu.tw/chatbot/chatbot.umd.js,Flag
feature_flag,raw/ilearn.thu.edu.tw/chatbot/chatbot.umd.js,Flag
feature_flag,raw/ilearn.thu.edu.tw/chatbot/chatbot.umd.js,Flag
feature_flag,raw/ilearn.thu.edu.tw/chatbot/chatbot.umd.js,Flag
feature_flag,raw/ilearn.thu.edu.tw/chatbot/chatbot.umd.js,scopeId
feature_flag,raw/ilearn.thu.edu.tw/chatbot/chatbot.umd.js,ScopeIds
feature_flag,raw/ilearn.thu.edu.tw/chatbot/chatbot.umd.js,scopeId
feature_flag,raw/ilearn.thu.edu.tw/chatbot/chatbot.umd.js,Flag:o
feature_flag,raw/ilearn.thu.edu.tw/chatbot/chatbot.umd.js,Flag
feature_flag,raw/ilearn.thu.edu.tw/chatbot/chatbot.umd.js,Flag
feature_flag,raw/ilearn.thu.edu.tw/chatbot/chatbot.umd.js,ScopeId:d
feature_flag,raw/ilearn.thu.edu.tw/chatbot/chatbot.umd.js,Flag
feature_flag,raw/ilearn.thu.edu.tw/chatbot/chatbot.umd.js,Flag:Me
feature_flag,raw/ilearn.thu.edu.tw/chatbot/chatbot.umd.js,Flag:Me
feature_flag,raw/ilearn.thu.edu.tw/chatbot/chatbot.umd.js,scopeId
feature_flag,raw/ilearn.thu.edu.tw/chatbot/chatbot.umd.js,scopeId
feature_flag,raw/ilearn.thu.edu.tw/chatbot/chatbot.umd.js,ScopeIds
feature_flag,raw/ilearn.thu.edu.tw/chatbot/chatbot.umd.js,Flag:U
feature_flag,raw/ilearn.thu.edu.tw/chatbot/chatbot.umd.js,Flag
feature_flag,raw/ilearn.thu.edu.tw/chatbot/chatbot.umd.js,Flag
feature_flag,raw/ilearn.thu.edu.tw/chatbot/chatbot.umd.js,Flag:Me
feature_flag,raw/ilearn.thu.edu.tw/chatbot/chatbot.umd.js,ScopeIds:Be
feature_flag,raw/ilearn.thu.edu.tw/chatbot/chatbot.umd.js,ScopeIds
feature_flag,raw/ilearn.thu.edu.tw/chatbot/chatbot.umd.js,Flag
feature_flag,raw/ilearn.thu.edu.tw/chatbot/chatbot.umd.js,Flag
feature_flag,raw/ilearn.thu.edu.tw/chatbot/chatbot.umd.js,Flag
feature_flag,raw/ilearn.thu.edu.tw/chatbot/chatbot.umd.js,scope.on
feature_flag,raw/ilearn.thu.edu.tw/chatbot/chatbot.umd.js,scope.off
feature_flag,raw/ilearn.thu.edu.tw/chatbot/chatbot.umd.js,Flag:0
feature_flag,raw/ilearn.thu.edu.tw/chatbot/chatbot.umd.js,Flag:Te
feature_flag,raw/ilearn.thu.edu.tw/chatbot/chatbot.umd.js,Flag:Be
feature_flag,raw/ilearn.thu.edu.tw/chatbot/chatbot.umd.js,Flag:me
feature_flag,raw/ilearn.thu.edu.tw/chatbot/chatbot.umd.js,Flag:ue
feature_flag,raw/ilearn.thu.edu.tw/chatbot/chatbot.umd.js,Flag:Me
feature_flag,raw/ilearn.thu.edu.tw/chatbot/chatbot.umd.js,Flag
feature_flag,raw/ilearn.thu.edu.tw/chatbot/chatbot.umd.js,scope:pe
feature_flag,raw/ilearn.thu.edu.tw/chatbot/chatbot.umd.js,flags
feature_flag,raw/ilearn.thu.edu.tw/chatbot/chatbot.umd.js,Flag
feature_flag,raw/ilearn.thu.edu.tw/chatbot/chatbot.umd.js,Flag
feature_flag,raw/ilearn.thu.edu.tw/chatbot/chatbot.umd.js,flags
feature_flag,raw/ilearn.thu.edu.tw/chatbot/chatbot.umd.js,flags
feature_flag,raw/ilearn.thu.edu.tw/chatbot/chatbot.umd.js,flags
feature_flag,raw/ilearn.thu.edu.tw/chatbot/chatbot.umd.js,flags
feature_flag,raw/ilearn.thu.edu.tw/chatbot/chatbot.umd.js,Flag
feature_flag,raw/ilearn.thu.edu.tw/chatbot/chatbot.umd.js,Flag
feature_flag,raw/ilearn.thu.edu.tw/chatbot/chatbot.umd.js,Flag
feature_flag,raw/ilearn.thu.edu.tw/chatbot/chatbot.umd.js,Flag
feature_flag,raw/ilearn.thu.edu.tw/chatbot/chatbot.umd.js,flags
feature_flag,raw/ilearn.thu.edu.tw/chatbot/chatbot.umd.js,flags
feature_flag,raw/ilearn.thu.edu.tw/chatbot/chatbot.umd.js,flags
feature_flag,raw/ilearn.thu.edu.tw/chatbot/chatbot.umd.js,Flag
feature_flag,raw/ilearn.thu.edu.tw/chatbot/chatbot.umd.js,Flag:B
feature_flag,raw/ilearn.thu.edu.tw/chatbot/chatbot.umd.js,Flag:s
feature_flag,raw/ilearn.thu.edu.tw/chatbot/chatbot.umd.js,Flag
feature_flag,raw/ilearn.thu.edu.tw/chatbot/chatbot.umd.js,Flag:t
feature_flag,raw/ilearn.thu.edu.tw/chatbot/chatbot.umd.js,scopeId:R_
feature_flag,raw/ilearn.thu.edu.tw/chatbot/chatbot.umd.js,ScopeIds:null
feature_flag,raw/ilearn.thu.edu.tw/chatbot/chatbot.umd.js,Flag:i
feature_flag,raw/ilearn.thu.edu.tw/chatbot/chatbot.umd.js,Flag:A
feature_flag,raw/ilearn.thu.edu.tw/chatbot/chatbot.umd.js,Flag
feature_flag,raw/ilearn.thu.edu.tw/chatbot/chatbot.umd.js,Flag
feature_flag,raw/ilearn.thu.edu.tw/chatbot/chatbot.umd.js,Flag
feature_flag,raw/ilearn.thu.edu.tw/chatbot/chatbot.umd.js,Flag
feature_flag,raw/ilearn.thu.edu.tw/chatbot/chatbot.umd.js,Flag
feature_flag,raw/ilearn.thu.edu.tw/chatbot/chatbot.umd.js,Flag:o
feature_flag,raw/ilearn.thu.edu.tw/chatbot/chatbot.umd.js,scopeId:e.scopeId
feature_flag,raw/ilearn.thu.edu.tw/chatbot/chatbot.umd.js,ScopeIds:e.slotScopeIds
feature_flag,raw/ilearn.thu.edu.tw/chatbot/chatbot.umd.js,Flag:e.shapeFlag
feature_flag,raw/ilearn.thu.edu.tw/chatbot/chatbot.umd.js,Flag:t
feature_flag,raw/ilearn.thu.edu.tw/chatbot/chatbot.umd.js,Flag
feature_flag,raw/ilearn.thu.edu.tw/chatbot/chatbot.umd.js,Flag:A
feature_flag,raw/ilearn.thu.edu.tw/chatbot/chatbot.umd.js,Flag
feature_flag,raw/ilearn.thu.edu.tw/chatbot/chatbot.umd.js,Flag
feature_flag,raw/ilearn.thu.edu.tw/chatbot/chatbot.umd.js,scope:new
feature_flag,raw/ilearn.thu.edu.tw/chatbot/chatbot.umd.js,scope.on
feature_flag,raw/ilearn.thu.edu.tw/chatbot/chatbot.umd.js,scope.off
feature_flag,raw/ilearn.thu.edu.tw/chatbot/chatbot.umd.js,scope.off
feature_flag,raw/ilearn.thu.edu.tw/chatbot/chatbot.umd.js,Flag
feature_flag,raw/ilearn.thu.edu.tw/chatbot/chatbot.umd.js,ScopeId
feature_flag,raw/ilearn.thu.edu.tw/chatbot/chatbot.umd.js,Flag
feature_flag,raw/ilearn.thu.edu.tw/chatbot/chatbot.umd.js,Flag
feature_flag,raw/ilearn.thu.edu.tw/chatbot/chatbot.umd.js,scopeId
feature_flag,raw/ilearn.thu.edu.tw/chatbot/chatbot.umd.js,scope:
feature_flag,raw/ilearn.thu.edu.tw/chatbot/chatbot.umd.js,Scope:e.scope
feature_flag,raw/ilearn.thu.edu.tw/chatbot/chatbot.umd.js,Scope:e.scope
feature_flag,raw/ilearn.thu.edu.tw/chatbot/chatbot.umd.js,Scope:e.scope
feature_flag,raw/ilearn.thu.edu.tw/chatbot/chatbot.umd.js,Scope
feature_flag,raw/ilearn.thu.edu.tw/chatbot/chatbot.umd.js,Scope:
feature_flag,raw/ilearn.thu.edu.tw/chatbot/chatbot.umd.js,enabled.12
feature_flag,raw/ilearn.thu.edu.tw/chatbot/chatbot.umd.js,enabled.12
feature_flag,raw/ilearn.thu.edu.tw/chatbot/chatbot.umd.js,enabled.12
feature_flag,raw/ilearn.thu.edu.tw/chatbot/chatbot.umd.js,enabled.12
feature_flag,raw/ilearn.thu.edu.tw/chatbot/chatbot.umd.js,enabled.12
feature_flag,raw/ilearn.thu.edu.tw/chatbot/chatbot.umd.js,enabled.12
feature_flag,raw/ilearn.thu.edu.tw/chatbot/chatbot.umd.js,enabled.12
feature_flag,raw/ilearn.thu.edu.tw/chatbot/chatbot.umd.js,enabled.12
feature_flag,raw/ilearn.thu.edu.tw/chatbot/chatbot.umd.js,enabled.12
feature_flag,raw/ilearn.thu.edu.tw/chatbot/chatbot.umd.js,enabled.12
feature_flag,raw/ilearn.thu.edu.tw/chatbot/chatbot.umd.js,enabled.12
feature_flag,raw/ilearn.thu.edu.tw/chatbot/chatbot.umd.js,feature-handler
feature_flag,raw/ilearn.thu.edu.tw/chatbot/chatbot.umd.js,enabled
feature_flag,raw/ilearn.thu.edu.tw/chatbot/chatbot.umd.js,enable
feature_flag,raw/ilearn.thu.edu.tw/chatbot/chatbot.umd.js,enable:0
feature_flag,raw/ilearn.thu.edu.tw/chatbot/chatbot.umd.js,enabled:
feature_flag,raw/ilearn.thu.edu.tw/chatbot/chatbot.umd.js,enabled:
feature_flag,raw/ilearn.thu.edu.tw/chatbot/chatbot.umd.js,enabled:
feature_flag,raw/ilearn.thu.edu.tw/chatbot/chatbot.umd.js,enabled:
feature_flag,raw/ilearn.thu.edu.tw/chatbot/chatbot.umd.js,enabled:
feature_flag,raw/ilearn.thu.edu.tw/chatbot/chatbot.umd.js,enabled:
feature_flag,raw/ilearn.thu.edu.tw/chatbot/chatbot.umd.js,enabled:
feature_flag,raw/ilearn.thu.edu.tw/chatbot/chatbot.umd.js,enabled:
feature_flag,raw/ilearn.thu.edu.tw/chatbot/chatbot.umd.js,enable
feature_flag,raw/ilearn.thu.edu.tw/chatbot/chatbot.umd.js,Enable:c
feature_flag,raw/ilearn.thu.edu.tw/chatbot/chatbot.umd.js,enabled
feature_flag,raw/ilearn.thu.edu.tw/chatbot/chatbot.umd.js,role:
feature_flag,raw/ilearn.thu.edu.tw/chatbot/chatbot.umd.js,role
feature_flag,raw/ilearn.thu.edu.tw/chatbot/chatbot.umd.js,scope
feature_flag,raw/ilearn.thu.edu.tw/chatbot/chatbot.umd.js,scoped
feature_flag,raw/ilearn.thu.edu.tw/chatbot/chatbot.umd.js,role
feature_flag,raw/ilearn.thu.edu.tw/chatbot/chatbot.umd.js,role:String
feature_flag,raw/ilearn.thu.edu.tw/chatbot/chatbot.umd.js,role:String
feature_flag,raw/ilearn.thu.edu.tw/chatbot/chatbot.umd.js,role:e.role
feature_flag,raw/ilearn.thu.edu.tw/chatbot/chatbot.umd.js,EnableScrollRange
feature_flag,raw/ilearn.thu.edu.tw/chatbot/chatbot.umd.js,EnableHeightRange
feature_flag,raw/ilearn.thu.edu.tw/chatbot/chatbot.umd.js,EnableScrollRange
feature_flag,raw/ilearn.thu.edu.tw/chatbot/chatbot.umd.js,EnableHeightRange
feature_flag,raw/ilearn.thu.edu.tw/chatbot/chatbot.umd.js,EnableScrollRange
feature_flag,raw/ilearn.thu.edu.tw/chatbot/chatbot.umd.js,EnableHeightRange
feature_flag,raw/ilearn.thu.edu.tw/chatbot/chatbot.umd.js,role:v
feature_flag,raw/ilearn.thu.edu.tw/chatbot/chatbot.umd.js,role:
feature_flag,raw/ilearn.thu.edu.tw/chatbot/chatbot.umd.js,role:
feature_flag,raw/ilearn.thu.edu.tw/chatbot/chatbot.umd.js,role:
feature_flag,raw/ilearn.thu.edu.tw/chatbot/chatbot.umd.js,role:
feature_flag,raw/ilearn.thu.edu.tw/chatbot/chatbot.umd.js,role:String
feature_flag,raw/ilearn.thu.edu.tw/chatbot/chatbot.umd.js,role
feature_flag,raw/ilearn.thu.edu.tw/chatbot/chatbot.umd.js,role:e.role
feature_flag,raw/ilearn.thu.edu.tw/chatbot/chatbot.umd.js,role:
feature_flag,raw/ilearn.thu.edu.tw/chatbot/chatbot.umd.js,role:String
feature_flag,raw/ilearn.thu.edu.tw/chatbot/chatbot.umd.js,role:
feature_flag,raw/ilearn.thu.edu.tw/chatbot/chatbot.umd.js,role
feature_flag,raw/ilearn.thu.edu.tw/chatbot/chatbot.umd.js,role:
feature_flag,raw/ilearn.thu.edu.tw/chatbot/chatbot.umd.js,role:
feature_flag,raw/ilearn.thu.edu.tw/chatbot/chatbot.umd.js,role:
feature_flag,raw/ilearn.thu.edu.tw/chatbot/chatbot.umd.js,role:
feature_flag,raw/ilearn.thu.edu.tw/chatbot/chatbot.umd.js,role:
feature_flag,raw/ilearn.thu.edu.tw/chatbot/chatbot.umd.js,role
feature_flag,raw/ilearn.thu.edu.tw/chatbot/chatbot.umd.js,role:
feature_flag,raw/ilearn.thu.edu.tw/chatbot/chatbot.umd.js,role:
feature_flag,raw/ilearn.thu.edu.tw/chatbot/chatbot.umd.js,role:
feature_flag,raw/ilearn.thu.edu.tw/chatbot/chatbot.umd.js,role:
feature_flag,raw/ilearn.thu.edu.tw/chatbot/chatbot.umd.js,role:
feature_flag,raw/ilearn.thu.edu.tw/chatbot/chatbot.umd.js,role:
feature_flag,raw/ilearn.thu.edu.tw/chatbot/chatbot.umd.js,role:
feature_flag,raw/ilearn.thu.edu.tw/chatbot/chatbot.umd.js,role:
feature_flag,raw/ilearn.thu.edu.tw/chatbot/chatbot.umd.js,Flag:
feature_flag,raw/ilearn.thu.edu.tw/chatbot/chatbot.umd.js,role:
feature_flag,raw/ilearn.thu.edu.tw/chatbot/chatbot.umd.js,role:
feature_flag,raw/ilearn.thu.edu.tw/chatbot/chatbot.umd.js,enableCircularCheck
feature_flag,raw/ilearn.thu.edu.tw/chatbot/chatbot.umd.js,enableCircularCheck
feature_flag,raw/ilearn.thu.edu.tw/chatbot/chatbot.umd.js,enableImplicitConversion
feature_flag,raw/ilearn.thu.edu.tw/chatbot/chatbot.umd.js,enableCircularCheck
feature_flag,raw/ilearn.thu.edu.tw/chatbot/chatbot.umd.js,enableCircularCheck
feature_flag,raw/ilearn.thu.edu.tw/chatbot/chatbot.umd.js,enableCircularCheck:
feature_flag,raw/ilearn.thu.edu.tw/chatbot/chatbot.umd.js,enableImplicitConversion:
feature_flag,raw/ilearn.thu.edu.tw/chatbot/chatbot.umd.js,permissions
feature_flag,raw/ilearn.thu.edu.tw/chatbot/chatbot.umd.js,Scope
feature_flag,raw/ilearn.thu.edu.tw/chatbot/chatbot.umd.js,Scope
feature_flag,raw/ilearn.thu.edu.tw/chatbot/chatbot.umd.js,permissions
feature_flag,raw/ilearn.thu.edu.tw/chatbot/chatbot.umd.js,permissions.query
feature_flag,raw/ilearn.thu.edu.tw/chatbot/chatbot.umd.js,enable
feature_flag,raw/ilearn.thu.edu.tw/chatbot/chatbot.umd.js,enable
feature_flag,raw/ilearn.thu.edu.tw/chatbot/chatbot.umd.js,enable
feature_flag,raw/ilearn.thu.edu.tw/chatbot/chatbot.umd.js,enable
feature_flag,raw/ilearn.thu.edu.tw/chatbot/chatbot.umd.js,enable
feature_flag,raw/ilearn.thu.edu.tw/chatbot/chatbot.umd.js,enable:
feature_flag,raw/ilearn.thu.edu.tw/chatbot/chatbot.umd.js,enable:
feature_flag,raw/ilearn.thu.edu.tw/chatbot/chatbot.umd.js,enable:
feature_flag,raw/ilearn.thu.edu.tw/chatbot/chatbot.umd.js,scopeName
feature_flag,raw/ilearn.thu.edu.tw/chatbot/chatbot.umd.js,Scopes
feature_flag,raw/ilearn.thu.edu.tw/chatbot/chatbot.umd.js,scopeName
feature_flag,raw/ilearn.thu.edu.tw/chatbot/chatbot.umd.js,scopeName
feature_flag,raw/ilearn.thu.edu.tw/chatbot/chatbot.umd.js,scopeName
feature_flag,raw/ilearn.thu.edu.tw/chatbot/chatbot.umd.js,scopeName
feature_flag,raw/ilearn.thu.edu.tw/chatbot/chatbot.umd.js,scope
feature_flag,raw/ilearn.thu.edu.tw/chatbot/chatbot.umd.js,scope
feature_flag,raw/ilearn.thu.edu.tw/chatbot/chatbot.umd.js,scope
feature_flag,raw/ilearn.thu.edu.tw/chatbot/chatbot.umd.js,scope:r
feature_flag,raw/ilearn.thu.edu.tw/chatbot/chatbot.umd.js,scope
feature_flag,raw/ilearn.thu.edu.tw/chatbot/chatbot.umd.js,Scopes
feature_flag,raw/ilearn.thu.edu.tw/chatbot/chatbot.umd.js,scope
feature_flag,raw/ilearn.thu.edu.tw/chatbot/chatbot.umd.js,scope
feature_flag,raw/ilearn.thu.edu.tw/chatbot/chatbot.umd.js,Scopes
feature_flag,raw/ilearn.thu.edu.tw/chatbot/chatbot.umd.js,Scopes
feature_flag,raw/ilearn.thu.edu.tw/chatbot/chatbot.umd.js,scope
feature_flag,raw/ilearn.thu.edu.tw/chatbot/chatbot.umd.js,scope
feature_flag,raw/ilearn.thu.edu.tw/chatbot/chatbot.umd.js,Scopes
feature_flag,raw/ilearn.thu.edu.tw/chatbot/chatbot.umd.js,scopeDepth
feature_flag,raw/ilearn.thu.edu.tw/chatbot/chatbot.umd.js,Scopes
feature_flag,raw/ilearn.thu.edu.tw/chatbot/chatbot.umd.js,scopeDepth
feature_flag,raw/ilearn.thu.edu.tw/chatbot/chatbot.umd.js,Scopes
feature_flag,raw/ilearn.thu.edu.tw/chatbot/chatbot.umd.js,scopeDepth
feature_flag,raw/ilearn.thu.edu.tw/chatbot/chatbot.umd.js,scopeDepth
feature_flag,raw/ilearn.thu.edu.tw/chatbot/chatbot.umd.js,Scopes
feature_flag,raw/ilearn.thu.edu.tw/chatbot/chatbot.umd.js,scopeDepth
feature_flag,raw/ilearn.thu.edu.tw/chatbot/chatbot.umd.js,scopeDepth
feature_flag,raw/ilearn.thu.edu.tw/chatbot/chatbot.umd.js,scopeDepth-t.scopeDepth
feature_flag,raw/ilearn.thu.edu.tw/chatbot/chatbot.umd.js,Scopes
feature_flag,raw/ilearn.thu.edu.tw/chatbot/chatbot.umd.js,Scopes
feature_flag,raw/ilearn.thu.edu.tw/chatbot/chatbot.umd.js,Scopes.length
feature_flag,raw/ilearn.thu.edu.tw/chatbot/chatbot.umd.js,Scopes.length
feature_flag,raw/ilearn.thu.edu.tw/chatbot/chatbot.umd.js,Scopes
feature_flag,raw/ilearn.thu.edu.tw/chatbot/chatbot.umd.js,Scopes
feature_flag,raw/ilearn.thu.edu.tw/chatbot/chatbot.umd.js,Scopes.length-t.parentScopes.length
feature_flag,raw/ilearn.thu.edu.tw/chatbot/chatbot.umd.js,Scopes.concat
feature_flag,raw/ilearn.thu.edu.tw/chatbot/chatbot.umd.js,Scopes
feature_flag,raw/ilearn.thu.edu.tw/chatbot/chatbot.umd.js,Scopes.length
feature_flag,raw/ilearn.thu.edu.tw/chatbot/chatbot.umd.js,Scopes
feature_flag,raw/ilearn.thu.edu.tw/chatbot/chatbot.umd.js,Scopes
feature_flag,raw/ilearn.thu.edu.tw/chatbot/chatbot.umd.js,Scopes.push
feature_flag,raw/ilearn.thu.edu.tw/chatbot/chatbot.umd.js,scope
feature_flag,raw/ilearn.thu.edu.tw/chatbot/chatbot.umd.js,scopeName
feature_flag,raw/ilearn.thu.edu.tw/chatbot/chatbot.umd.js,scopeName
feature_flag,raw/ilearn.thu.edu.tw/chatbot/chatbot.umd.js,scopeName
feature_flag,raw/ilearn.thu.edu.tw/chatbot/chatbot.umd.js,scopeName
feature_flag,raw/ilearn.thu.edu.tw/chatbot/chatbot.umd.js,ScopeName
feature_flag,raw/ilearn.thu.edu.tw/chatbot/chatbot.umd.js,ScopeRequests
feature_flag,raw/ilearn.thu.edu.tw/chatbot/chatbot.umd.js,ScopeRequests
feature_flag,raw/ilearn.thu.edu.tw/chatbot/chatbot.umd.js,ScopeRequests.add
feature_flag,raw/ilearn.thu.edu.tw/chatbot/chatbot.umd.js,ScopeName
feature_flag,raw/ilearn.thu.edu.tw/chatbot/chatbot.umd.js,ScopeName
feature_flag,raw/ilearn.thu.edu.tw/chatbot/chatbot.umd.js,ScopeName
feature_flag,raw/ilearn.thu.edu.tw/chatbot/chatbot.umd.js,ScopeRequests.has
feature_flag,raw/ilearn.thu.edu.tw/chatbot/chatbot.umd.js,scopeName
feature_flag,raw/ilearn.thu.edu.tw/chatbot/chatbot.umd.js,ScopeRequests.add
feature_flag,raw/ilearn.thu.edu.tw/chatbot/chatbot.umd.js,scopeName
feature_flag,raw/ilearn.thu.edu.tw/chatbot/chatbot.umd.js,ScopeRequests.has
feature_flag,raw/ilearn.thu.edu.tw/chatbot/chatbot.umd.js,scopeName
feature_flag,raw/ilearn.thu.edu.tw/chatbot/chatbot.umd.js,ScopeRequests.has
feature_flag,raw/ilearn.thu.edu.tw/chatbot/chatbot.umd.js,ScopeRequests.add
feature_flag,raw/ilearn.thu.edu.tw/chatbot/chatbot.umd.js,scopeName
feature_flag,raw/ilearn.thu.edu.tw/chatbot/chatbot.umd.js,scopeName
feature_flag,raw/ilearn.thu.edu.tw/chatbot/chatbot.umd.js,scopeName
feature_flag,raw/ilearn.thu.edu.tw/chatbot/chatbot.umd.js,scopeName
feature_flag,raw/ilearn.thu.edu.tw/chatbot/chatbot.umd.js,scopeName
feature_flag,raw/ilearn.thu.edu.tw/chatbot/chatbot.umd.js,scopeName
feature_flag,raw/ilearn.thu.edu.tw/chatbot/chatbot.umd.js,scopeName
feature_flag,raw/ilearn.thu.edu.tw/chatbot/chatbot.umd.js,scopeName
feature_flag,raw/ilearn.thu.edu.tw/chatbot/chatbot.umd.js,scopeName
feature_flag,raw/ilearn.thu.edu.tw/chatbot/chatbot.umd.js,scopeName
feature_flag,raw/ilearn.thu.edu.tw/chatbot/chatbot.umd.js,scopeName
feature_flag,raw/ilearn.thu.edu.tw/chatbot/chatbot.umd.js,scopeName
feature_flag,raw/ilearn.thu.edu.tw/chatbot/chatbot.umd.js,ScopeAttributes
feature_flag,raw/ilearn.thu.edu.tw/chatbot/chatbot.umd.js,scopeToLanguage
feature_flag,raw/ilearn.thu.edu.tw/chatbot/chatbot.umd.js,ScopeAttributes
feature_flag,raw/ilearn.thu.edu.tw/chatbot/chatbot.umd.js,SCOPE_METADATA:this._getBasicScopeAttributes.get
feature_flag,raw/ilearn.thu.edu.tw/chatbot/chatbot.umd.js,scopeToLanguage
feature_flag,raw/ilearn.thu.edu.tw/chatbot/chatbot.umd.js,SCOPE_METADATA
feature_flag,raw/ilearn.thu.edu.tw/chatbot/chatbot.umd.js,scopesRegExp
feature_flag,raw/ilearn.thu.edu.tw/chatbot/chatbot.umd.js,scopesRegExp
feature_flag,raw/ilearn.thu.edu.tw/chatbot/chatbot.umd.js,scopesRegExp
feature_flag,raw/ilearn.thu.edu.tw/chatbot/chatbot.umd.js,scopesRegExp
feature_flag,raw/ilearn.thu.edu.tw/chatbot/chatbot.umd.js,ScopesList
feature_flag,raw/ilearn.thu.edu.tw/chatbot/chatbot.umd.js,ScopesList
feature_flag,raw/ilearn.thu.edu.tw/chatbot/chatbot.umd.js,ScopesList.pushAttributed
feature_flag,raw/ilearn.thu.edu.tw/chatbot/chatbot.umd.js,ScopesList
feature_flag,raw/ilearn.thu.edu.tw/chatbot/chatbot.umd.js,ScopesList
feature_flag,raw/ilearn.thu.edu.tw/chatbot/chatbot.umd.js,ScopesList.getScopeNames
feature_flag,raw/ilearn.thu.edu.tw/chatbot/chatbot.umd.js,Scopes
feature_flag,raw/ilearn.thu.edu.tw/chatbot/chatbot.umd.js,scopes
feature_flag,raw/ilearn.thu.edu.tw/chatbot/chatbot.umd.js,Scopes
feature_flag,raw/ilearn.thu.edu.tw/chatbot/chatbot.umd.js,scopes
feature_flag,raw/ilearn.thu.edu.tw/chatbot/chatbot.umd.js,ScopesList.pushAttributed
feature_flag,raw/ilearn.thu.edu.tw/chatbot/chatbot.umd.js,scopes:A.contentNameScopesList
feature_flag,raw/ilearn.thu.edu.tw/chatbot/chatbot.umd.js,Scopes
feature_flag,raw/ilearn.thu.edu.tw/chatbot/chatbot.umd.js,scopes
feature_flag,raw/ilearn.thu.edu.tw/chatbot/chatbot.umd.js,scopes
feature_flag,raw/ilearn.thu.edu.tw/chatbot/chatbot.umd.js,ScopeName
feature_flag,raw/ilearn.thu.edu.tw/chatbot/chatbot.umd.js,ScopeAttributesProvider
feature_flag,raw/ilearn.thu.edu.tw/chatbot/chatbot.umd.js,Scope
feature_flag,raw/ilearn.thu.edu.tw/chatbot/chatbot.umd.js,ScopeAttributesProvider.getBasicScopeAttributes
feature_flag,raw/ilearn.thu.edu.tw/chatbot/chatbot.umd.js,ScopeName
feature_flag,raw/ilearn.thu.edu.tw/chatbot/chatbot.umd.js,ScopeName
feature_flag,raw/ilearn.thu.edu.tw/chatbot/chatbot.umd.js,ScopeAttributesProvider.getDefaultAttributes
feature_flag,raw/ilearn.thu.edu.tw/chatbot/chatbot.umd.js,ScopeName
feature_flag,raw/ilearn.thu.edu.tw/chatbot/chatbot.umd.js,scopeName
feature_flag,raw/ilearn.thu.edu.tw/chatbot/chatbot.umd.js,scopePath
feature_flag,raw/ilearn.thu.edu.tw/chatbot/chatbot.umd.js,scopePath
feature_flag,raw/ilearn.thu.edu.tw/chatbot/chatbot.umd.js,scopeNames
feature_flag,raw/ilearn.thu.edu.tw/chatbot/chatbot.umd.js,ScopeName
feature_flag,raw/ilearn.thu.edu.tw/chatbot/chatbot.umd.js,Scope
feature_flag,raw/ilearn.thu.edu.tw/chatbot/chatbot.umd.js,scopeName
feature_flag,raw/ilearn.thu.edu.tw/chatbot/chatbot.umd.js,scopePath.scopeName
feature_flag,raw/ilearn.thu.edu.tw/chatbot/chatbot.umd.js,ScopeNames
feature_flag,raw/ilearn.thu.edu.tw/chatbot/chatbot.umd.js,scopeName
feature_flag,raw/ilearn.thu.edu.tw/chatbot/chatbot.umd.js,scopeName
feature_flag,raw/ilearn.thu.edu.tw/chatbot/chatbot.umd.js,Scope
feature_flag,raw/ilearn.thu.edu.tw/chatbot/chatbot.umd.js,scopePath.push
feature_flag,raw/ilearn.thu.edu.tw/chatbot/chatbot.umd.js,ScopeNames
feature_flag,raw/ilearn.thu.edu.tw/chatbot/chatbot.umd.js,scopePath.getSegments
feature_flag,raw/ilearn.thu.edu.tw/chatbot/chatbot.umd.js,scopeNames:A.scopePath.getExtensionIfDefined
feature_flag,raw/ilearn.thu.edu.tw/chatbot/chatbot.umd.js,scopePath
feature_flag,raw/ilearn.thu.edu.tw/chatbot/chatbot.umd.js,ScopesList
feature_flag,raw/ilearn.thu.edu.tw/chatbot/chatbot.umd.js,ScopesList
feature_flag,raw/ilearn.thu.edu.tw/chatbot/chatbot.umd.js,ScopesList
feature_flag,raw/ilearn.thu.edu.tw/chatbot/chatbot.umd.js,ScopesList
feature_flag,raw/ilearn.thu.edu.tw/chatbot/chatbot.umd.js,ScopesList
feature_flag,raw/ilearn.thu.edu.tw/chatbot/chatbot.umd.js,ScopesList
feature_flag,raw/ilearn.thu.edu.tw/chatbot/chatbot.umd.js,ScopesList
feature_flag,raw/ilearn.thu.edu.tw/chatbot/chatbot.umd.js,ScopesList
feature_flag,raw/ilearn.thu.edu.tw/chatbot/chatbot.umd.js,ScopesList
feature_flag,raw/ilearn.thu.edu.tw/chatbot/chatbot.umd.js,ScopesList
feature_flag,raw/ilearn.thu.edu.tw/chatbot/chatbot.umd.js,ScopesList
feature_flag,raw/ilearn.thu.edu.tw/chatbot/chatbot.umd.js,ScopesList:
feature_flag,raw/ilearn.thu.edu.tw/chatbot/chatbot.umd.js,ScopesList
feature_flag,raw/ilearn.thu.edu.tw/chatbot/chatbot.umd.js,ScopesList
feature_flag,raw/ilearn.thu.edu.tw/chatbot/chatbot.umd.js,ScopesList:
feature_flag,raw/ilearn.thu.edu.tw/chatbot/chatbot.umd.js,ScopesList
feature_flag,raw/ilearn.thu.edu.tw/chatbot/chatbot.umd.js,ScopesList
feature_flag,raw/ilearn.thu.edu.tw/chatbot/chatbot.umd.js,ScopesList
feature_flag,raw/ilearn.thu.edu.tw/chatbot/chatbot.umd.js,ScopesList
feature_flag,raw/ilearn.thu.edu.tw/chatbot/chatbot.umd.js,ScopesList
feature_flag,raw/ilearn.thu.edu.tw/chatbot/chatbot.umd.js,Scopes
feature_flag,raw/ilearn.thu.edu.tw/chatbot/chatbot.umd.js,Scopes
feature_flag,raw/ilearn.thu.edu.tw/chatbot/chatbot.umd.js,Scopes.length
feature_flag,raw/ilearn.thu.edu.tw/chatbot/chatbot.umd.js,Scopes.length
feature_flag,raw/ilearn.thu.edu.tw/chatbot/chatbot.umd.js,Scopes
feature_flag,raw/ilearn.thu.edu.tw/chatbot/chatbot.umd.js,Scopes
feature_flag,raw/ilearn.thu.edu.tw/chatbot/chatbot.umd.js,Scopes
feature_flag,raw/ilearn.thu.edu.tw/chatbot/chatbot.umd.js,ScopesList
feature_flag,raw/ilearn.thu.edu.tw/chatbot/chatbot.umd.js,Scopes
feature_flag,raw/ilearn.thu.edu.tw/chatbot/chatbot.umd.js,ScopeNames
feature_flag,raw/ilearn.thu.edu.tw/chatbot/chatbot.umd.js,ScopeNames
feature_flag,raw/ilearn.thu.edu.tw/chatbot/chatbot.umd.js,scopes:n
feature_flag,raw/ilearn.thu.edu.tw/chatbot/chatbot.umd.js,scopeName
feature_flag,raw/ilearn.thu.edu.tw/chatbot/chatbot.umd.js,scopeName
feature_flag,raw/ilearn.thu.edu.tw/chatbot/chatbot.umd.js,ScopeName
feature_flag,raw/ilearn.thu.edu.tw/chatbot/chatbot.umd.js,scopeName
feature_flag,raw/ilearn.thu.edu.tw/chatbot/chatbot.umd.js,ScopeName
feature_flag,raw/ilearn.thu.edu.tw/chatbot/chatbot.umd.js,ScopeName
feature_flag,raw/ilearn.thu.edu.tw/chatbot/chatbot.umd.js,scopeName
feature_flag,raw/ilearn.thu.edu.tw/chatbot/chatbot.umd.js,ScopeName
feature_flag,raw/ilearn.thu.edu.tw/chatbot/chatbot.umd.js,ScopeName
feature_flag,raw/ilearn.thu.edu.tw/chatbot/chatbot.umd.js,Role:null
feature_flag,raw/ilearn.thu.edu.tw/chatbot/chatbot.umd.js,Role:null
feature_flag,raw/ilearn.thu.edu.tw/chatbot/chatbot.umd.js,role
feature_flag,raw/ilearn.thu.edu.tw/chatbot/chatbot.umd.js,RoleDescription:Un
feature_flag,raw/ilearn.thu.edu.tw/chatbot/chatbot.umd.js,role:null
feature_flag,raw/ilearn.thu.edu.tw/chatbot/chatbot.umd.js,Scope:Jt
feature_flag,raw/ilearn.thu.edu.tw/chatbot/chatbot.umd.js,scope:null
feature_flag,raw/ilearn.thu.edu.tw/chatbot/chatbot.umd.js,scoped:Jt
feature_flag,raw/ilearn.thu.edu.tw/chatbot/chatbot.umd.js,enableBackground:
feature_flag,raw/ilearn.thu.edu.tw/chatbot/chatbot.umd.js,enable-background
feature_flag,raw/ilearn.thu.edu.tw/chatbot/chatbot.umd.js,enableBackground:null
feature_flag,raw/ilearn.thu.edu.tw/chatbot/chatbot.umd.js,Features:ci
feature_flag,raw/ilearn.thu.edu.tw/chatbot/chatbot.umd.js,scopes
feature_flag,raw/ilearn.thu.edu.tw/chatbot/chatbot.umd.js,scopes:this.scopes
feature_flag,raw/ilearn.thu.edu.tw/chatbot/chatbot.umd.js,ScopesList
feature_flag,raw/ilearn.thu.edu.tw/chatbot/chatbot.umd.js,scopeName
feature_flag,raw/ilearn.thu.edu.tw/chatbot/chatbot.umd.js,scopeName
feature_flag,raw/ilearn.thu.edu.tw/chatbot/chatbot.umd.js,scope
feature_flag,raw/ilearn.thu.edu.tw/chatbot/chatbot.umd.js,scope.split
feature_flag,raw/ilearn.thu.edu.tw/chatbot/chatbot.umd.js,scope
feature_flag,raw/ilearn.thu.edu.tw/chatbot/chatbot.umd.js,scopes:a.includeExplanation
feature_flag,raw/ilearn.thu.edu.tw/chatbot/chatbot.umd.js,scopeName
feature_flag,raw/ilearn.thu.edu.tw/chatbot/chatbot.umd.js,scopes
feature_flag,raw/ilearn.thu.edu.tw/chatbot/chatbot.umd.js,scopes
feature_flag,raw/ilearn.thu.edu.tw/chatbot/chatbot.umd.js,scopeName:t
feature_flag,raw/ilearn.thu.edu.tw/chatbot/chatbot.umd.js,scopeName:i
feature_flag,raw/ilearn.thu.edu.tw/chatbot/chatbot.umd.js,scope
feature_flag,raw/ilearn.thu.edu.tw/chatbot/chatbot.umd.js,scope
feature_flag,raw/ilearn.thu.edu.tw/chatbot/chatbot.umd.js,scopeName
feature_flag,raw/ilearn.thu.edu.tw/chatbot/chatbot.umd.js,scopeName
feature_flag,raw/ilearn.thu.edu.tw/chatbot/chatbot.umd.js,scopeName
feature_flag,raw/ilearn.thu.edu.tw/chatbot/chatbot.umd.js,scopeName
feature_flag,raw/ilearn.thu.edu.tw/chatbot/chatbot.umd.js,scopeToLang
feature_flag,raw/ilearn.thu.edu.tw/chatbot/chatbot.umd.js,scopeToLang.get
feature_flag,raw/ilearn.thu.edu.tw/chatbot/chatbot.umd.js,scopeToLang.set
feature_flag,raw/ilearn.thu.edu.tw/chatbot/chatbot.umd.js,scopeName
feature_flag,raw/ilearn.thu.edu.tw/chatbot/chatbot.umd.js,scopeName
feature_flag,raw/ilearn.thu.edu.tw/chatbot/chatbot.umd.js,scope
feature_flag,raw/ilearn.thu.edu.tw/chatbot/chatbot.umd.js,scope
feature_flag,raw/ilearn.thu.edu.tw/chatbot/chatbot.umd.js,scope
feature_flag,raw/ilearn.thu.edu.tw/chatbot/chatbot.umd.js,scope
feature_flag,raw/ilearn.thu.edu.tw/chatbot/chatbot.umd.js,scope
feature_flag,raw/ilearn.thu.edu.tw/chatbot/chatbot.umd.js,scope
feature_flag,raw/ilearn.thu.edu.tw/chatbot/chatbot.umd.js,scope
feature_flag,raw/ilearn.thu.edu.tw/chatbot/chatbot.umd.js,scope
feature_flag,raw/ilearn.thu.edu.tw/chatbot/chatbot.umd.js,scope
feature_flag,raw/ilearn.thu.edu.tw/chatbot/chatbot.umd.js,scope
feature_flag,raw/ilearn.thu.edu.tw/chatbot/chatbot.umd.js,scope
feature_flag,raw/ilearn.thu.edu.tw/chatbot/chatbot.umd.js,scope
feature_flag,raw/ilearn.thu.edu.tw/chatbot/chatbot.umd.js,scope
feature_flag,raw/ilearn.thu.edu.tw/chatbot/chatbot.umd.js,scope
feature_flag,raw/ilearn.thu.edu.tw/chatbot/chatbot.umd.js,scope
feature_flag,raw/ilearn.thu.edu.tw/chatbot/chatbot.umd.js,scope
feature_flag,raw/ilearn.thu.edu.tw/chatbot/chatbot.umd.js,scope
feature_flag,raw/ilearn.thu.edu.tw/chatbot/chatbot.umd.js,scope
feature_flag,raw/ilearn.thu.edu.tw/chatbot/chatbot.umd.js,scope
feature_flag,raw/ilearn.thu.edu.tw/chatbot/chatbot.umd.js,scope
feature_flag,raw/ilearn.thu.edu.tw/chatbot/chatbot.umd.js,scope
feature_flag,raw/ilearn.thu.edu.tw/chatbot/chatbot.umd.js,scope
feature_flag,raw/ilearn.thu.edu.tw/chatbot/chatbot.umd.js,scope
feature_flag,raw/ilearn.thu.edu.tw/chatbot/chatbot.umd.js,scope
feature_flag,raw/ilearn.thu.edu.tw/chatbot/chatbot.umd.js,scope
feature_flag,raw/ilearn.thu.edu.tw/chatbot/chatbot.umd.js,scope
feature_flag,raw/ilearn.thu.edu.tw/chatbot/chatbot.umd.js,scope
feature_flag,raw/ilearn.thu.edu.tw/chatbot/chatbot.umd.js,scope
feature_flag,raw/ilearn.thu.edu.tw/chatbot/chatbot.umd.js,scope
feature_flag,raw/ilearn.thu.edu.tw/chatbot/chatbot.umd.js,scope
feature_flag,raw/ilearn.thu.edu.tw/chatbot/chatbot.umd.js,scope
feature_flag,raw/ilearn.thu.edu.tw/chatbot/chatbot.umd.js,scope
feature_flag,raw/ilearn.thu.edu.tw/chatbot/chatbot.umd.js,scope
feature_flag,raw/ilearn.thu.edu.tw/chatbot/chatbot.umd.js,scope
feature_flag,raw/ilearn.thu.edu.tw/chatbot/chatbot.umd.js,scope
feature_flag,raw/ilearn.thu.edu.tw/chatbot/chatbot.umd.js,scope
feature_flag,raw/ilearn.thu.edu.tw/chatbot/chatbot.umd.js,scope
feature_flag,raw/ilearn.thu.edu.tw/chatbot/chatbot.umd.js,scope
feature_flag,raw/ilearn.thu.edu.tw/chatbot/chatbot.umd.js,scope
feature_flag,raw/ilearn.thu.edu.tw/chatbot/chatbot.umd.js,scope
feature_flag,raw/ilearn.thu.edu.tw/chatbot/chatbot.umd.js,scope
feature_flag,raw/ilearn.thu.edu.tw/chatbot/chatbot.umd.js,scope
feature_flag,raw/ilearn.thu.edu.tw/chatbot/chatbot.umd.js,scope
feature_flag,raw/ilearn.thu.edu.tw/chatbot/chatbot.umd.js,scope
feature_flag,raw/ilearn.thu.edu.tw/chatbot/chatbot.umd.js,scope
feature_flag,raw/ilearn.thu.edu.tw/chatbot/chatbot.umd.js,scope
feature_flag,raw/ilearn.thu.edu.tw/chatbot/chatbot.umd.js,scope
feature_flag,raw/ilearn.thu.edu.tw/chatbot/chatbot.umd.js,scope
feature_flag,raw/ilearn.thu.edu.tw/chatbot/chatbot.umd.js,scope
feature_flag,raw/ilearn.thu.edu.tw/chatbot/chatbot.umd.js,scope
feature_flag,raw/ilearn.thu.edu.tw/chatbot/chatbot.umd.js,scope
feature_flag,raw/ilearn.thu.edu.tw/chatbot/chatbot.umd.js,scope
feature_flag,raw/ilearn.thu.edu.tw/chatbot/chatbot.umd.js,scope
feature_flag,raw/ilearn.thu.edu.tw/chatbot/chatbot.umd.js,scope
feature_flag,raw/ilearn.thu.edu.tw/chatbot/chatbot.umd.js,scope
feature_flag,raw/ilearn.thu.edu.tw/chatbot/chatbot.umd.js,scope
feature_flag,raw/ilearn.thu.edu.tw/chatbot/chatbot.umd.js,scope
feature_flag,raw/ilearn.thu.edu.tw/chatbot/chatbot.umd.js,scope
feature_flag,raw/ilearn.thu.edu.tw/chatbot/chatbot.umd.js,scope
feature_flag,raw/ilearn.thu.edu.tw/chatbot/chatbot.umd.js,scope
feature_flag,raw/ilearn.thu.edu.tw/chatbot/chatbot.umd.js,scope
feature_flag,raw/ilearn.thu.edu.tw/chatbot/chatbot.umd.js,scope
feature_flag,raw/ilearn.thu.edu.tw/chatbot/chatbot.umd.js,scope
feature_flag,raw/ilearn.thu.edu.tw/chatbot/chatbot.umd.js,scope
feature_flag,raw/ilearn.thu.edu.tw/chatbot/chatbot.umd.js,scope
feature_flag,raw/ilearn.thu.edu.tw/chatbot/chatbot.umd.js,scope
feature_flag,raw/ilearn.thu.edu.tw/chatbot/chatbot.umd.js,scope
feature_flag,raw/ilearn.thu.edu.tw/chatbot/chatbot.umd.js,scope
feature_flag,raw/ilearn.thu.edu.tw/chatbot/chatbot.umd.js,scope
feature_flag,raw/ilearn.thu.edu.tw/chatbot/chatbot.umd.js,scope
feature_flag,raw/ilearn.thu.edu.tw/chatbot/chatbot.umd.js,scope
feature_flag,raw/ilearn.thu.edu.tw/chatbot/chatbot.umd.js,scope
feature_flag,raw/ilearn.thu.edu.tw/chatbot/chatbot.umd.js,scope
feature_flag,raw/ilearn.thu.edu.tw/chatbot/chatbot.umd.js,scope
feature_flag,raw/ilearn.thu.edu.tw/chatbot/chatbot.umd.js,scope
feature_flag,raw/ilearn.thu.edu.tw/chatbot/chatbot.umd.js,scope
feature_flag,raw/ilearn.thu.edu.tw/chatbot/chatbot.umd.js,scope
feature_flag,raw/ilearn.thu.edu.tw/chatbot/chatbot.umd.js,scope
feature_flag,raw/ilearn.thu.edu.tw/chatbot/chatbot.umd.js,scope
feature_flag,raw/ilearn.thu.edu.tw/chatbot/chatbot.umd.js,scope
feature_flag,raw/ilearn.thu.edu.tw/chatbot/chatbot.umd.js,scope
feature_flag,raw/ilearn.thu.edu.tw/chatbot/chatbot.umd.js,scope
feature_flag,raw/ilearn.thu.edu.tw/chatbot/chatbot.umd.js,scope
feature_flag,raw/ilearn.thu.edu.tw/chatbot/chatbot.umd.js,scope
feature_flag,raw/ilearn.thu.edu.tw/chatbot/chatbot.umd.js,scope
feature_flag,raw/ilearn.thu.edu.tw/chatbot/chatbot.umd.js,scope
feature_flag,raw/ilearn.thu.edu.tw/chatbot/chatbot.umd.js,scope
feature_flag,raw/ilearn.thu.edu.tw/chatbot/chatbot.umd.js,scope
feature_flag,raw/ilearn.thu.edu.tw/chatbot/chatbot.umd.js,scope
feature_flag,raw/ilearn.thu.edu.tw/chatbot/chatbot.umd.js,scope
feature_flag,raw/ilearn.thu.edu.tw/chatbot/chatbot.umd.js,scope
feature_flag,raw/ilearn.thu.edu.tw/chatbot/chatbot.umd.js,scope
feature_flag,raw/ilearn.thu.edu.tw/chatbot/chatbot.umd.js,scope
feature_flag,raw/ilearn.thu.edu.tw/chatbot/chatbot.umd.js,scope
feature_flag,raw/ilearn.thu.edu.tw/chatbot/chatbot.umd.js,scope
feature_flag,raw/ilearn.thu.edu.tw/chatbot/chatbot.umd.js,scope
feature_flag,raw/ilearn.thu.edu.tw/chatbot/chatbot.umd.js,scope
feature_flag,raw/ilearn.thu.edu.tw/chatbot/chatbot.umd.js,scope
feature_flag,raw/ilearn.thu.edu.tw/chatbot/chatbot.umd.js,scope
feature_flag,raw/ilearn.thu.edu.tw/chatbot/chatbot.umd.js,scope
feature_flag,raw/ilearn.thu.edu.tw/chatbot/chatbot.umd.js,scope
feature_flag,raw/ilearn.thu.edu.tw/chatbot/chatbot.umd.js,scope
feature_flag,raw/ilearn.thu.edu.tw/chatbot/chatbot.umd.js,scope
feature_flag,raw/ilearn.thu.edu.tw/chatbot/chatbot.umd.js,scope
feature_flag,raw/ilearn.thu.edu.tw/chatbot/chatbot.umd.js,scope
feature_flag,raw/ilearn.thu.edu.tw/chatbot/chatbot.umd.js,scope
feature_flag,raw/ilearn.thu.edu.tw/chatbot/chatbot.umd.js,scope
feature_flag,raw/ilearn.thu.edu.tw/chatbot/chatbot.umd.js,scopeName
feature_flag,raw/ilearn.thu.edu.tw/chatbot/chatbot.umd.js,scopeName
feature_flag,raw/ilearn.thu.edu.tw/chatbot/chatbot.umd.js,scopeName
feature_flag,raw/ilearn.thu.edu.tw/chatbot/chatbot.umd.js,scopeName
feature_flag,raw/ilearn.thu.edu.tw/chatbot/chatbot.umd.js,scope-resolution
feature_flag,raw/ilearn.thu.edu.tw/chatbot/chatbot.umd.js,scope-resolution
feature_flag,raw/ilearn.thu.edu.tw/chatbot/chatbot.umd.js,FLAGS
feature_flag,raw/ilearn.thu.edu.tw/chatbot/chatbot.umd.js,FLAG
feature_flag,raw/ilearn.thu.edu.tw/chatbot/chatbot.umd.js,FLAG
feature_flag,raw/ilearn.thu.edu.tw/chatbot/chatbot.umd.js,FLAG
feature_flag,raw/ilearn.thu.edu.tw/chatbot/chatbot.umd.js,FLAG
feature_flag,raw/ilearn.thu.edu.tw/chatbot/chatbot.umd.js,FLAG
feature_flag,raw/ilearn.thu.edu.tw/chatbot/chatbot.umd.js,FLAG
feature_flag,raw/ilearn.thu.edu.tw/chatbot/chatbot.umd.js,FLAG
feature_flag,raw/ilearn.thu.edu.tw/chatbot/chatbot.umd.js,FLAG
feature_flag,raw/ilearn.thu.edu.tw/chatbot/chatbot.umd.js,ENABLED
feature_flag,raw/ilearn.thu.edu.tw/chatbot/chatbot.umd.js,FLAG
feature_flag,raw/ilearn.thu.edu.tw/chatbot/chatbot.umd.js,FLAG
feature_flag,raw/ilearn.thu.edu.tw/chatbot/chatbot.umd.js,FLAG_
feature_flag,raw/ilearn.thu.edu.tw/chatbot/chatbot.umd.js,FLAG_
feature_flag,raw/ilearn.thu.edu.tw/chatbot/chatbot.umd.js,scope-resolution
feature_flag,raw/ilearn.thu.edu.tw/chatbot/chatbot.umd.js,flags
feature_flag,raw/ilearn.thu.edu.tw/chatbot/chatbot.umd.js,enable
feature_flag,raw/ilearn.thu.edu.tw/chatbot/chatbot.umd.js,flags
feature_flag,raw/ilearn.thu.edu.tw/chatbot/chatbot.umd.js,enable
feature_flag,raw/ilearn.thu.edu.tw/chatbot/chatbot.umd.js,enabled
feature_flag,raw/ilearn.thu.edu.tw/chatbot/chatbot.umd.js,flag_full
feature_flag,raw/ilearn.thu.edu.tw/chatbot/chatbot.umd.js,flag_full
feature_flag,raw/ilearn.thu.edu.tw/chatbot/chatbot.umd.js,privileges
feature_flag,raw/ilearn.thu.edu.tw/chatbot/chatbot.umd.js,privileges
feature_flag,raw/ilearn.thu.edu.tw/chatbot/chatbot.umd.js,enable_crypto
feature_flag,raw/ilearn.thu.edu.tw/chatbot/chatbot.umd.js,flags
feature_flag,raw/ilearn.thu.edu.tw/chatbot/chatbot.umd.js,enable
feature_flag,raw/ilearn.thu.edu.tw/chatbot/chatbot.umd.js,scopeName
feature_flag,raw/ilearn.thu.edu.tw/chatbot/chatbot.umd.js,Permission
feature_flag,raw/ilearn.thu.edu.tw/chatbot/chatbot.umd.js,flags
feature_flag,raw/ilearn.thu.edu.tw/chatbot/chatbot.umd.js,flags
feature_flag,raw/ilearn.thu.edu.tw/chatbot/chatbot.umd.js,scope
feature_flag,raw/ilearn.thu.edu.tw/chatbot/chatbot.umd.js,flags
feature_flag,raw/ilearn.thu.edu.tw/chatbot/chatbot.umd.js,flag.regexp
feature_flag,raw/ilearn.thu.edu.tw/chatbot/chatbot.umd.js,flags
feature_flag,raw/ilearn.thu.edu.tw/chatbot/chatbot.umd.js,flags
feature_flag,raw/ilearn.thu.edu.tw/chatbot/chatbot.umd.js,scopeName
feature_flag,raw/ilearn.thu.edu.tw/chatbot/chatbot.umd.js,scope
feature_flag,raw/ilearn.thu.edu.tw/chatbot/chatbot.umd.js,scope
feature_flag,raw/ilearn.thu.edu.tw/chatbot/chatbot.umd.js,scope
feature_flag,raw/ilearn.thu.edu.tw/chatbot/chatbot.umd.js,scopeName
feature_flag,raw/ilearn.thu.edu.tw/chatbot/chatbot.umd.js,scope.logical-expression.shell
feature_flag,raw/ilearn.thu.edu.tw/chatbot/chatbot.umd.js,scope.group.shell
feature_flag,raw/ilearn.thu.edu.tw/chatbot/chatbot.umd.js,scope.logical-expression.shell
feature_flag,raw/ilearn.thu.edu.tw/chatbot/chatbot.umd.js,scope.logical-expression.shell
feature_flag,raw/ilearn.thu.edu.tw/chatbot/chatbot.umd.js,scope.for-in-loop.shell
feature_flag,raw/ilearn.thu.edu.tw/chatbot/chatbot.umd.js,scope.while-loop.shell
feature_flag,raw/ilearn.thu.edu.tw/chatbot/chatbot.umd.js,scope.select-block.shell
feature_flag,raw/ilearn.thu.edu.tw/chatbot/chatbot.umd.js,scope.if-block.shell
feature_flag,raw/ilearn.thu.edu.tw/chatbot/chatbot.umd.js,scope.group.shell
feature_flag,raw/ilearn.thu.edu.tw/chatbot/chatbot.umd.js,scope.subshell
feature_flag,raw/ilearn.thu.edu.tw/chatbot/chatbot.umd.js,scopeName
feature_flag,raw/ilearn.thu.edu.tw/chatbot/chatbot.umd.js,scopeName
feature_flag,raw/ilearn.thu.edu.tw/chatbot/chatbot.umd.js,scope.begin.ruby
feature_flag,raw/ilearn.thu.edu.tw/chatbot/chatbot.umd.js,scope.end.ruby
feature_flag,raw/ilearn.thu.edu.tw/chatbot/chatbot.umd.js,scope.ruby
feature_flag,raw/ilearn.thu.edu.tw/chatbot/chatbot.umd.js,flags.
feature_flag,raw/ilearn.thu.edu.tw/chatbot/chatbot.umd.js,scopeName
feature_flag,raw/ilearn.thu.edu.tw/chatbot/chatbot.umd.js,scopeName
feature_flag,raw/ilearn.thu.edu.tw/chatbot/chatbot.umd.js,scope.begin.swift
feature_flag,raw/ilearn.thu.edu.tw/chatbot/chatbot.umd.js,scope.end.swift
feature_flag,raw/ilearn.thu.edu.tw/chatbot/chatbot.umd.js,scopes
feature_flag,raw/ilearn.thu.edu.tw/chatbot/chatbot.umd.js,scopes
feature_flag,raw/ilearn.thu.edu.tw/chatbot/chatbot.umd.js,scope
feature_flag,raw/ilearn.thu.edu.tw/chatbot/chatbot.umd.js,scopeName
feature_flag,raw/ilearn.thu.edu.tw/chatbot/chatbot.umd.js,scopeName
feature_flag,raw/ilearn.thu.edu.tw/chatbot/chatbot.umd.js,scopeName
feature_flag,raw/ilearn.thu.edu.tw/chatbot/chatbot.umd.js,scopeName
upload_accept,raw/ilearn.thu.edu.tw/chatbot/chatbot.umd.js,extension
upload_accept,raw/ilearn.thu.edu.tw/chatbot/chatbot.umd.js,Upload
upload_accept,raw/ilearn.thu.edu.tw/chatbot/chatbot.umd.js,upload-container
upload_accept,raw/ilearn.thu.edu.tw/chatbot/chatbot.umd.js,upload-container
upload_accept,raw/ilearn.thu.edu.tw/chatbot/chatbot.umd.js,uploadLimitTips
upload_accept,raw/ilearn.thu.edu.tw/chatbot/chatbot.umd.js,upload-container
upload_accept,raw/ilearn.thu.edu.tw/chatbot/chatbot.umd.js,uploadLimitTips
upload_accept,raw/ilearn.thu.edu.tw/chatbot/chatbot.umd.js,upload-container
upload_accept,raw/ilearn.thu.edu.tw/chatbot/chatbot.umd.js,uploadBtns
upload_accept,raw/ilearn.thu.edu.tw/chatbot/chatbot.umd.js,upload-container
upload_accept,raw/ilearn.thu.edu.tw/chatbot/chatbot.umd.js,uploadBtns
upload_accept,raw/ilearn.thu.edu.tw/chatbot/chatbot.umd.js,upload-container
upload_accept,raw/ilearn.thu.edu.tw/chatbot/chatbot.umd.js,uploadBtns
upload_accept,raw/ilearn.thu.edu.tw/chatbot/chatbot.umd.js,upload-container
upload_accept,raw/ilearn.thu.edu.tw/chatbot/chatbot.umd.js,upload-container
upload_accept,raw/ilearn.thu.edu.tw/chatbot/chatbot.umd.js,upload-container
upload_accept,raw/ilearn.thu.edu.tw/chatbot/chatbot.umd.js,upload-wrapper
upload_accept,raw/ilearn.thu.edu.tw/chatbot/chatbot.umd.js,upload-container
upload_accept,raw/ilearn.thu.edu.tw/chatbot/chatbot.umd.js,upload-wrapper
upload_accept,raw/ilearn.thu.edu.tw/chatbot/chatbot.umd.js,upload-drag
upload_accept,raw/ilearn.thu.edu.tw/chatbot/chatbot.umd.js,upload-container
upload_accept,raw/ilearn.thu.edu.tw/chatbot/chatbot.umd.js,upload-wrapper
upload_accept,raw/ilearn.thu.edu.tw/chatbot/chatbot.umd.js,upload
upload_accept,raw/ilearn.thu.edu.tw/chatbot/chatbot.umd.js,upload-container
upload_accept,raw/ilearn.thu.edu.tw/chatbot/chatbot.umd.js,upload-container
upload_accept,raw/ilearn.thu.edu.tw/chatbot/chatbot.umd.js,extension
upload_accept,raw/ilearn.thu.edu.tw/chatbot/chatbot.umd.js,extensions:
upload_accept,raw/ilearn.thu.edu.tw/chatbot/chatbot.umd.js,extensions:
upload_accept,raw/ilearn.thu.edu.tw/chatbot/chatbot.umd.js,extensions:
upload_accept,raw/ilearn.thu.edu.tw/chatbot/chatbot.umd.js,extensions:
upload_accept,raw/ilearn.thu.edu.tw/chatbot/chatbot.umd.js,extensions:
upload_accept,raw/ilearn.thu.edu.tw/chatbot/chatbot.umd.js,extensions:
upload_accept,raw/ilearn.thu.edu.tw/chatbot/chatbot.umd.js,extensions:
upload_accept,raw/ilearn.thu.edu.tw/chatbot/chatbot.umd.js,extensions:
upload_accept,raw/ilearn.thu.edu.tw/chatbot/chatbot.umd.js,extensions:
upload_accept,raw/ilearn.thu.edu.tw/chatbot/chatbot.umd.js,extensions:
upload_accept,raw/ilearn.thu.edu.tw/chatbot/chatbot.umd.js,extensions:
upload_accept,raw/ilearn.thu.edu.tw/chatbot/chatbot.umd.js,extensions:
upload_accept,raw/ilearn.thu.edu.tw/chatbot/chatbot.umd.js,extensions:
upload_accept,raw/ilearn.thu.edu.tw/chatbot/chatbot.umd.js,extensions:
upload_accept,raw/ilearn.thu.edu.tw/chatbot/chatbot.umd.js,extensions:
upload_accept,raw/ilearn.thu.edu.tw/chatbot/chatbot.umd.js,extensions:
upload_accept,raw/ilearn.thu.edu.tw/chatbot/chatbot.umd.js,extensions:
upload_accept,raw/ilearn.thu.edu.tw/chatbot/chatbot.umd.js,extensions:
upload_accept,raw/ilearn.thu.edu.tw/chatbot/chatbot.umd.js,extensions:
upload_accept,raw/ilearn.thu.edu.tw/chatbot/chatbot.umd.js,extensions:
upload_accept,raw/ilearn.thu.edu.tw/chatbot/chatbot.umd.js,extensions:
upload_accept,raw/ilearn.thu.edu.tw/chatbot/chatbot.umd.js,extensions:
upload_accept,raw/ilearn.thu.edu.tw/chatbot/chatbot.umd.js,extensions:
upload_accept,raw/ilearn.thu.edu.tw/chatbot/chatbot.umd.js,extensions:
upload_accept,raw/ilearn.thu.edu.tw/chatbot/chatbot.umd.js,extensions:
upload_accept,raw/ilearn.thu.edu.tw/chatbot/chatbot.umd.js,extensions:
upload_accept,raw/ilearn.thu.edu.tw/chatbot/chatbot.umd.js,extensions:
upload_accept,raw/ilearn.thu.edu.tw/chatbot/chatbot.umd.js,extensions:
upload_accept,raw/ilearn.thu.edu.tw/chatbot/chatbot.umd.js,extensions:
upload_accept,raw/ilearn.thu.edu.tw/chatbot/chatbot.umd.js,extensions:
upload_accept,raw/ilearn.thu.edu.tw/chatbot/chatbot.umd.js,extensions:
upload_accept,raw/ilearn.thu.edu.tw/chatbot/chatbot.umd.js,extensions:
upload_accept,raw/ilearn.thu.edu.tw/chatbot/chatbot.umd.js,extensions:
upload_accept,raw/ilearn.thu.edu.tw/chatbot/chatbot.umd.js,extensions:
upload_accept,raw/ilearn.thu.edu.tw/chatbot/chatbot.umd.js,extensions:
upload_accept,raw/ilearn.thu.edu.tw/chatbot/chatbot.umd.js,extensions:
upload_accept,raw/ilearn.thu.edu.tw/chatbot/chatbot.umd.js,extensions:
upload_accept,raw/ilearn.thu.edu.tw/chatbot/chatbot.umd.js,extensions:
upload_accept,raw/ilearn.thu.edu.tw/chatbot/chatbot.umd.js,extensions:
upload_accept,raw/ilearn.thu.edu.tw/chatbot/chatbot.umd.js,extensions:
upload_accept,raw/ilearn.thu.edu.tw/chatbot/chatbot.umd.js,extensions:
upload_accept,raw/ilearn.thu.edu.tw/chatbot/chatbot.umd.js,extensions:
upload_accept,raw/ilearn.thu.edu.tw/chatbot/chatbot.umd.js,extensions:
upload_accept,raw/ilearn.thu.edu.tw/chatbot/chatbot.umd.js,extensions:
upload_accept,raw/ilearn.thu.edu.tw/chatbot/chatbot.umd.js,extensions:
upload_accept,raw/ilearn.thu.edu.tw/chatbot/chatbot.umd.js,extensions:
upload_accept,raw/ilearn.thu.edu.tw/chatbot/chatbot.umd.js,extensions:
upload_accept,raw/ilearn.thu.edu.tw/chatbot/chatbot.umd.js,extensions:
upload_accept,raw/ilearn.thu.edu.tw/chatbot/chatbot.umd.js,extensions:
upload_accept,raw/ilearn.thu.edu.tw/chatbot/chatbot.umd.js,extensions:
upload_accept,raw/ilearn.thu.edu.tw/chatbot/chatbot.umd.js,extensions:
upload_accept,raw/ilearn.thu.edu.tw/chatbot/chatbot.umd.js,extensions:
upload_accept,raw/ilearn.thu.edu.tw/chatbot/chatbot.umd.js,extensions:
upload_accept,raw/ilearn.thu.edu.tw/chatbot/chatbot.umd.js,extensions:
upload_accept,raw/ilearn.thu.edu.tw/chatbot/chatbot.umd.js,extensions:
upload_accept,raw/ilearn.thu.edu.tw/chatbot/chatbot.umd.js,extensions:
upload_accept,raw/ilearn.thu.edu.tw/chatbot/chatbot.umd.js,extensions:
upload_accept,raw/ilearn.thu.edu.tw/chatbot/chatbot.umd.js,extensions:
upload_accept,raw/ilearn.thu.edu.tw/chatbot/chatbot.umd.js,extensions:
upload_accept,raw/ilearn.thu.edu.tw/chatbot/chatbot.umd.js,extensions:
upload_accept,raw/ilearn.thu.edu.tw/chatbot/chatbot.umd.js,extensions:
upload_accept,raw/ilearn.thu.edu.tw/chatbot/chatbot.umd.js,extensions:
upload_accept,raw/ilearn.thu.edu.tw/chatbot/chatbot.umd.js,extensions:
upload_accept,raw/ilearn.thu.edu.tw/chatbot/chatbot.umd.js,extensions:
upload_accept,raw/ilearn.thu.edu.tw/chatbot/chatbot.umd.js,extensions:
upload_accept,raw/ilearn.thu.edu.tw/chatbot/chatbot.umd.js,extensions:
upload_accept,raw/ilearn.thu.edu.tw/chatbot/chatbot.umd.js,extensions:
upload_accept,raw/ilearn.thu.edu.tw/chatbot/chatbot.umd.js,extensions:
upload_accept,raw/ilearn.thu.edu.tw/chatbot/chatbot.umd.js,extensions:
upload_accept,raw/ilearn.thu.edu.tw/chatbot/chatbot.umd.js,extensions:
upload_accept,raw/ilearn.thu.edu.tw/chatbot/chatbot.umd.js,extensions:
upload_accept,raw/ilearn.thu.edu.tw/chatbot/chatbot.umd.js,extensions:
upload_accept,raw/ilearn.thu.edu.tw/chatbot/chatbot.umd.js,extensions:
upload_accept,raw/ilearn.thu.edu.tw/chatbot/chatbot.umd.js,extensions:
upload_accept,raw/ilearn.thu.edu.tw/chatbot/chatbot.umd.js,extensions:
upload_accept,raw/ilearn.thu.edu.tw/chatbot/chatbot.umd.js,extensions:
upload_accept,raw/ilearn.thu.edu.tw/chatbot/chatbot.umd.js,extensions:
upload_accept,raw/ilearn.thu.edu.tw/chatbot/chatbot.umd.js,extensions:
upload_accept,raw/ilearn.thu.edu.tw/chatbot/chatbot.umd.js,extensions:
upload_accept,raw/ilearn.thu.edu.tw/chatbot/chatbot.umd.js,extensions:
upload_accept,raw/ilearn.thu.edu.tw/chatbot/chatbot.umd.js,extensions:
upload_accept,raw/ilearn.thu.edu.tw/chatbot/chatbot.umd.js,extensions:
upload_accept,raw/ilearn.thu.edu.tw/chatbot/chatbot.umd.js,extensions:
upload_accept,raw/ilearn.thu.edu.tw/chatbot/chatbot.umd.js,extensions:
upload_accept,raw/ilearn.thu.edu.tw/chatbot/chatbot.umd.js,extensions:
upload_accept,raw/ilearn.thu.edu.tw/chatbot/chatbot.umd.js,extensions:
upload_accept,raw/ilearn.thu.edu.tw/chatbot/chatbot.umd.js,extensions:
upload_accept,raw/ilearn.thu.edu.tw/chatbot/chatbot.umd.js,extensions:
upload_accept,raw/ilearn.thu.edu.tw/chatbot/chatbot.umd.js,extensions:
upload_accept,raw/ilearn.thu.edu.tw/chatbot/chatbot.umd.js,extensions:
upload_accept,raw/ilearn.thu.edu.tw/chatbot/chatbot.umd.js,extensions:
upload_accept,raw/ilearn.thu.edu.tw/chatbot/chatbot.umd.js,extensions:
upload_accept,raw/ilearn.thu.edu.tw/chatbot/chatbot.umd.js,extensions:
upload_accept,raw/ilearn.thu.edu.tw/chatbot/chatbot.umd.js,extensions:
upload_accept,raw/ilearn.thu.edu.tw/chatbot/chatbot.umd.js,extensions:
upload_accept,raw/ilearn.thu.edu.tw/chatbot/chatbot.umd.js,extensions:
upload_accept,raw/ilearn.thu.edu.tw/chatbot/chatbot.umd.js,extensions:
upload_accept,raw/ilearn.thu.edu.tw/chatbot/chatbot.umd.js,extensions:
upload_accept,raw/ilearn.thu.edu.tw/chatbot/chatbot.umd.js,extensions:
upload_accept,raw/ilearn.thu.edu.tw/chatbot/chatbot.umd.js,extensions:
upload_accept,raw/ilearn.thu.edu.tw/chatbot/chatbot.umd.js,extensions:
upload_accept,raw/ilearn.thu.edu.tw/chatbot/chatbot.umd.js,extensions:
upload_accept,raw/ilearn.thu.edu.tw/chatbot/chatbot.umd.js,extensions:
upload_accept,raw/ilearn.thu.edu.tw/chatbot/chatbot.umd.js,mime
upload_accept,raw/ilearn.thu.edu.tw/chatbot/chatbot.umd.js,extensions:
upload_accept,raw/ilearn.thu.edu.tw/chatbot/chatbot.umd.js,extensions:
upload_accept,raw/ilearn.thu.edu.tw/chatbot/chatbot.umd.js,extensions:
upload_accept,raw/ilearn.thu.edu.tw/chatbot/chatbot.umd.js,extensions:
upload_accept,raw/ilearn.thu.edu.tw/chatbot/chatbot.umd.js,extensions:
upload_accept,raw/ilearn.thu.edu.tw/chatbot/chatbot.umd.js,extensions:
upload_accept,raw/ilearn.thu.edu.tw/chatbot/chatbot.umd.js,extensions:
upload_accept,raw/ilearn.thu.edu.tw/chatbot/chatbot.umd.js,extensions:
upload_accept,raw/ilearn.thu.edu.tw/chatbot/chatbot.umd.js,extensions:
upload_accept,raw/ilearn.thu.edu.tw/chatbot/chatbot.umd.js,extensions:
upload_accept,raw/ilearn.thu.edu.tw/chatbot/chatbot.umd.js,extensions:
upload_accept,raw/ilearn.thu.edu.tw/chatbot/chatbot.umd.js,extensions:
upload_accept,raw/ilearn.thu.edu.tw/chatbot/chatbot.umd.js,extensions:
upload_accept,raw/ilearn.thu.edu.tw/chatbot/chatbot.umd.js,extensions:
upload_accept,raw/ilearn.thu.edu.tw/chatbot/chatbot.umd.js,extensions:
upload_accept,raw/ilearn.thu.edu.tw/chatbot/chatbot.umd.js,extensions:
upload_accept,raw/ilearn.thu.edu.tw/chatbot/chatbot.umd.js,extensions:
upload_accept,raw/ilearn.thu.edu.tw/chatbot/chatbot.umd.js,extensions:
upload_accept,raw/ilearn.thu.edu.tw/chatbot/chatbot.umd.js,extensions:
upload_accept,raw/ilearn.thu.edu.tw/chatbot/chatbot.umd.js,extensions:
upload_accept,raw/ilearn.thu.edu.tw/chatbot/chatbot.umd.js,extensions:
upload_accept,raw/ilearn.thu.edu.tw/chatbot/chatbot.umd.js,extensions:
upload_accept,raw/ilearn.thu.edu.tw/chatbot/chatbot.umd.js,extensions:
upload_accept,raw/ilearn.thu.edu.tw/chatbot/chatbot.umd.js,extensions:
upload_accept,raw/ilearn.thu.edu.tw/chatbot/chatbot.umd.js,extensions:
upload_accept,raw/ilearn.thu.edu.tw/chatbot/chatbot.umd.js,extensions:
upload_accept,raw/ilearn.thu.edu.tw/chatbot/chatbot.umd.js,extensions:
upload_accept,raw/ilearn.thu.edu.tw/chatbot/chatbot.umd.js,extensions:
upload_accept,raw/ilearn.thu.edu.tw/chatbot/chatbot.umd.js,extensions:
upload_accept,raw/ilearn.thu.edu.tw/chatbot/chatbot.umd.js,extensions:
upload_accept,raw/ilearn.thu.edu.tw/chatbot/chatbot.umd.js,extensions:
upload_accept,raw/ilearn.thu.edu.tw/chatbot/chatbot.umd.js,extensions:
upload_accept,raw/ilearn.thu.edu.tw/chatbot/chatbot.umd.js,extensions:
upload_accept,raw/ilearn.thu.edu.tw/chatbot/chatbot.umd.js,extensions:
upload_accept,raw/ilearn.thu.edu.tw/chatbot/chatbot.umd.js,extensions:
upload_accept,raw/ilearn.thu.edu.tw/chatbot/chatbot.umd.js,extensions:
upload_accept,raw/ilearn.thu.edu.tw/chatbot/chatbot.umd.js,extensions:
upload_accept,raw/ilearn.thu.edu.tw/chatbot/chatbot.umd.js,extensions:
upload_accept,raw/ilearn.thu.edu.tw/chatbot/chatbot.umd.js,extensions:
upload_accept,raw/ilearn.thu.edu.tw/chatbot/chatbot.umd.js,extensions:
upload_accept,raw/ilearn.thu.edu.tw/chatbot/chatbot.umd.js,extensions:
upload_accept,raw/ilearn.thu.edu.tw/chatbot/chatbot.umd.js,extensions:
upload_accept,raw/ilearn.thu.edu.tw/chatbot/chatbot.umd.js,extensions:
upload_accept,raw/ilearn.thu.edu.tw/chatbot/chatbot.umd.js,extensions:
upload_accept,raw/ilearn.thu.edu.tw/chatbot/chatbot.umd.js,extensions:
upload_accept,raw/ilearn.thu.edu.tw/chatbot/chatbot.umd.js,extensions:
upload_accept,raw/ilearn.thu.edu.tw/chatbot/chatbot.umd.js,extensions:
upload_accept,raw/ilearn.thu.edu.tw/chatbot/chatbot.umd.js,extensions:
upload_accept,raw/ilearn.thu.edu.tw/chatbot/chatbot.umd.js,extensions:
upload_accept,raw/ilearn.thu.edu.tw/chatbot/chatbot.umd.js,extensions:
upload_accept,raw/ilearn.thu.edu.tw/chatbot/chatbot.umd.js,extensions:
upload_accept,raw/ilearn.thu.edu.tw/chatbot/chatbot.umd.js,extensions:
upload_accept,raw/ilearn.thu.edu.tw/chatbot/chatbot.umd.js,extensions:
upload_accept,raw/ilearn.thu.edu.tw/chatbot/chatbot.umd.js,extensions:
upload_accept,raw/ilearn.thu.edu.tw/chatbot/chatbot.umd.js,extensions:
upload_accept,raw/ilearn.thu.edu.tw/chatbot/chatbot.umd.js,extensions:
upload_accept,raw/ilearn.thu.edu.tw/chatbot/chatbot.umd.js,extensions:
upload_accept,raw/ilearn.thu.edu.tw/chatbot/chatbot.umd.js,extensions:
upload_accept,raw/ilearn.thu.edu.tw/chatbot/chatbot.umd.js,extensions:
upload_accept,raw/ilearn.thu.edu.tw/chatbot/chatbot.umd.js,extensions:
upload_accept,raw/ilearn.thu.edu.tw/chatbot/chatbot.umd.js,extensions:
upload_accept,raw/ilearn.thu.edu.tw/chatbot/chatbot.umd.js,extensions:
upload_accept,raw/ilearn.thu.edu.tw/chatbot/chatbot.umd.js,extensions:
upload_accept,raw/ilearn.thu.edu.tw/chatbot/chatbot.umd.js,extensions:
upload_accept,raw/ilearn.thu.edu.tw/chatbot/chatbot.umd.js,extensions:
upload_accept,raw/ilearn.thu.edu.tw/chatbot/chatbot.umd.js,extensions:
upload_accept,raw/ilearn.thu.edu.tw/chatbot/chatbot.umd.js,extensions:
upload_accept,raw/ilearn.thu.edu.tw/chatbot/chatbot.umd.js,extensions:
upload_accept,raw/ilearn.thu.edu.tw/chatbot/chatbot.umd.js,extensions:
upload_accept,raw/ilearn.thu.edu.tw/chatbot/chatbot.umd.js,extensions:
upload_accept,raw/ilearn.thu.edu.tw/chatbot/chatbot.umd.js,extensions:
upload_accept,raw/ilearn.thu.edu.tw/chatbot/chatbot.umd.js,extensions:
upload_accept,raw/ilearn.thu.edu.tw/chatbot/chatbot.umd.js,extensions:
upload_accept,raw/ilearn.thu.edu.tw/chatbot/chatbot.umd.js,extensions:
upload_accept,raw/ilearn.thu.edu.tw/chatbot/chatbot.umd.js,upload
upload_accept,raw/ilearn.thu.edu.tw/chatbot/chatbot.umd.js,extensions:
upload_accept,raw/ilearn.thu.edu.tw/chatbot/chatbot.umd.js,extensions:
upload_accept,raw/ilearn.thu.edu.tw/chatbot/chatbot.umd.js,extensions:
upload_accept,raw/ilearn.thu.edu.tw/chatbot/chatbot.umd.js,extensions:
upload_accept,raw/ilearn.thu.edu.tw/chatbot/chatbot.umd.js,extensions:
upload_accept,raw/ilearn.thu.edu.tw/chatbot/chatbot.umd.js,extensions:
upload_accept,raw/ilearn.thu.edu.tw/chatbot/chatbot.umd.js,extensions:
upload_accept,raw/ilearn.thu.edu.tw/chatbot/chatbot.umd.js,extensions:
upload_accept,raw/ilearn.thu.edu.tw/chatbot/chatbot.umd.js,extensions:
upload_accept,raw/ilearn.thu.edu.tw/chatbot/chatbot.umd.js,extensions:
upload_accept,raw/ilearn.thu.edu.tw/chatbot/chatbot.umd.js,extensions:
upload_accept,raw/ilearn.thu.edu.tw/chatbot/chatbot.umd.js,extensions:
upload_accept,raw/ilearn.thu.edu.tw/chatbot/chatbot.umd.js,extensions:
upload_accept,raw/ilearn.thu.edu.tw/chatbot/chatbot.umd.js,extensions:
upload_accept,raw/ilearn.thu.edu.tw/chatbot/chatbot.umd.js,extensions:
upload_accept,raw/ilearn.thu.edu.tw/chatbot/chatbot.umd.js,extensions:
upload_accept,raw/ilearn.thu.edu.tw/chatbot/chatbot.umd.js,extensions:
upload_accept,raw/ilearn.thu.edu.tw/chatbot/chatbot.umd.js,extensions:
upload_accept,raw/ilearn.thu.edu.tw/chatbot/chatbot.umd.js,extensions:
upload_accept,raw/ilearn.thu.edu.tw/chatbot/chatbot.umd.js,extensions:
upload_accept,raw/ilearn.thu.edu.tw/chatbot/chatbot.umd.js,extensions:
upload_accept,raw/ilearn.thu.edu.tw/chatbot/chatbot.umd.js,extensions:
upload_accept,raw/ilearn.thu.edu.tw/chatbot/chatbot.umd.js,extensions:
upload_accept,raw/ilearn.thu.edu.tw/chatbot/chatbot.umd.js,extensions:
upload_accept,raw/ilearn.thu.edu.tw/chatbot/chatbot.umd.js,extensions:
upload_accept,raw/ilearn.thu.edu.tw/chatbot/chatbot.umd.js,extensions:
upload_accept,raw/ilearn.thu.edu.tw/chatbot/chatbot.umd.js,extensions:
upload_accept,raw/ilearn.thu.edu.tw/chatbot/chatbot.umd.js,extensions:
upload_accept,raw/ilearn.thu.edu.tw/chatbot/chatbot.umd.js,extensions:
upload_accept,raw/ilearn.thu.edu.tw/chatbot/chatbot.umd.js,extensions:
upload_accept,raw/ilearn.thu.edu.tw/chatbot/chatbot.umd.js,extensions:
upload_accept,raw/ilearn.thu.edu.tw/chatbot/chatbot.umd.js,extensions:
upload_accept,raw/ilearn.thu.edu.tw/chatbot/chatbot.umd.js,extensions:
upload_accept,raw/ilearn.thu.edu.tw/chatbot/chatbot.umd.js,extensions:
upload_accept,raw/ilearn.thu.edu.tw/chatbot/chatbot.umd.js,extensions:
upload_accept,raw/ilearn.thu.edu.tw/chatbot/chatbot.umd.js,extensions:
upload_accept,raw/ilearn.thu.edu.tw/chatbot/chatbot.umd.js,extensions:
upload_accept,raw/ilearn.thu.edu.tw/chatbot/chatbot.umd.js,extensions:
upload_accept,raw/ilearn.thu.edu.tw/chatbot/chatbot.umd.js,extensions:
upload_accept,raw/ilearn.thu.edu.tw/chatbot/chatbot.umd.js,extensions:
upload_accept,raw/ilearn.thu.edu.tw/chatbot/chatbot.umd.js,extensions:
upload_accept,raw/ilearn.thu.edu.tw/chatbot/chatbot.umd.js,extensions:
upload_accept,raw/ilearn.thu.edu.tw/chatbot/chatbot.umd.js,extensions:
upload_accept,raw/ilearn.thu.edu.tw/chatbot/chatbot.umd.js,extensions:
upload_accept,raw/ilearn.thu.edu.tw/chatbot/chatbot.umd.js,extensions:
upload_accept,raw/ilearn.thu.edu.tw/chatbot/chatbot.umd.js,extensions:
upload_accept,raw/ilearn.thu.edu.tw/chatbot/chatbot.umd.js,extensions:
upload_accept,raw/ilearn.thu.edu.tw/chatbot/chatbot.umd.js,extensions:
upload_accept,raw/ilearn.thu.edu.tw/chatbot/chatbot.umd.js,extensions:
upload_accept,raw/ilearn.thu.edu.tw/chatbot/chatbot.umd.js,extensions:
upload_accept,raw/ilearn.thu.edu.tw/chatbot/chatbot.umd.js,extensions:
upload_accept,raw/ilearn.thu.edu.tw/chatbot/chatbot.umd.js,extensions:
upload_accept,raw/ilearn.thu.edu.tw/chatbot/chatbot.umd.js,extensions:
upload_accept,raw/ilearn.thu.edu.tw/chatbot/chatbot.umd.js,extensions:
upload_accept,raw/ilearn.thu.edu.tw/chatbot/chatbot.umd.js,extensions:
upload_accept,raw/ilearn.thu.edu.tw/chatbot/chatbot.umd.js,extensions:
upload_accept,raw/ilearn.thu.edu.tw/chatbot/chatbot.umd.js,extensions:
upload_accept,raw/ilearn.thu.edu.tw/chatbot/chatbot.umd.js,extensions:
upload_accept,raw/ilearn.thu.edu.tw/chatbot/chatbot.umd.js,extensions:
upload_accept,raw/ilearn.thu.edu.tw/chatbot/chatbot.umd.js,extensions:
upload_accept,raw/ilearn.thu.edu.tw/chatbot/chatbot.umd.js,extensions:
upload_accept,raw/ilearn.thu.edu.tw/chatbot/chatbot.umd.js,extensions:
upload_accept,raw/ilearn.thu.edu.tw/chatbot/chatbot.umd.js,extensions:
upload_accept,raw/ilearn.thu.edu.tw/chatbot/chatbot.umd.js,extensions:
upload_accept,raw/ilearn.thu.edu.tw/chatbot/chatbot.umd.js,extensions:
upload_accept,raw/ilearn.thu.edu.tw/chatbot/chatbot.umd.js,extensions:
upload_accept,raw/ilearn.thu.edu.tw/chatbot/chatbot.umd.js,extensions:
upload_accept,raw/ilearn.thu.edu.tw/chatbot/chatbot.umd.js,extensions:
upload_accept,raw/ilearn.thu.edu.tw/chatbot/chatbot.umd.js,extensions:
upload_accept,raw/ilearn.thu.edu.tw/chatbot/chatbot.umd.js,extensions:
upload_accept,raw/ilearn.thu.edu.tw/chatbot/chatbot.umd.js,extensions:
upload_accept,raw/ilearn.thu.edu.tw/chatbot/chatbot.umd.js,extensions:
upload_accept,raw/ilearn.thu.edu.tw/chatbot/chatbot.umd.js,extensions:
upload_accept,raw/ilearn.thu.edu.tw/chatbot/chatbot.umd.js,extensions:
upload_accept,raw/ilearn.thu.edu.tw/chatbot/chatbot.umd.js,extensions:
upload_accept,raw/ilearn.thu.edu.tw/chatbot/chatbot.umd.js,extensions:
upload_accept,raw/ilearn.thu.edu.tw/chatbot/chatbot.umd.js,extensions:
upload_accept,raw/ilearn.thu.edu.tw/chatbot/chatbot.umd.js,extensions:
upload_accept,raw/ilearn.thu.edu.tw/chatbot/chatbot.umd.js,extensions:
upload_accept,raw/ilearn.thu.edu.tw/chatbot/chatbot.umd.js,extensions:
upload_accept,raw/ilearn.thu.edu.tw/chatbot/chatbot.umd.js,extensions:
upload_accept,raw/ilearn.thu.edu.tw/chatbot/chatbot.umd.js,extensions:
upload_accept,raw/ilearn.thu.edu.tw/chatbot/chatbot.umd.js,extensions:
upload_accept,raw/ilearn.thu.edu.tw/chatbot/chatbot.umd.js,extensions:
upload_accept,raw/ilearn.thu.edu.tw/chatbot/chatbot.umd.js,extensions:
upload_accept,raw/ilearn.thu.edu.tw/chatbot/chatbot.umd.js,extensions:
upload_accept,raw/ilearn.thu.edu.tw/chatbot/chatbot.umd.js,extensions:
upload_accept,raw/ilearn.thu.edu.tw/chatbot/chatbot.umd.js,extensions:
upload_accept,raw/ilearn.thu.edu.tw/chatbot/chatbot.umd.js,extensions:
upload_accept,raw/ilearn.thu.edu.tw/chatbot/chatbot.umd.js,extensions:
upload_accept,raw/ilearn.thu.edu.tw/chatbot/chatbot.umd.js,extensions:
upload_accept,raw/ilearn.thu.edu.tw/chatbot/chatbot.umd.js,extensions:
upload_accept,raw/ilearn.thu.edu.tw/chatbot/chatbot.umd.js,extensions:
upload_accept,raw/ilearn.thu.edu.tw/chatbot/chatbot.umd.js,extensions:
upload_accept,raw/ilearn.thu.edu.tw/chatbot/chatbot.umd.js,extensions:
upload_accept,raw/ilearn.thu.edu.tw/chatbot/chatbot.umd.js,extensions:
upload_accept,raw/ilearn.thu.edu.tw/chatbot/chatbot.umd.js,extensions:
upload_accept,raw/ilearn.thu.edu.tw/chatbot/chatbot.umd.js,extensions:
upload_accept,raw/ilearn.thu.edu.tw/chatbot/chatbot.umd.js,extensions:
upload_accept,raw/ilearn.thu.edu.tw/chatbot/chatbot.umd.js,extensions:
upload_accept,raw/ilearn.thu.edu.tw/chatbot/chatbot.umd.js,extensions:
upload_accept,raw/ilearn.thu.edu.tw/chatbot/chatbot.umd.js,extensions:
upload_accept,raw/ilearn.thu.edu.tw/chatbot/chatbot.umd.js,extensions:
upload_accept,raw/ilearn.thu.edu.tw/chatbot/chatbot.umd.js,extensions:
upload_accept,raw/ilearn.thu.edu.tw/chatbot/chatbot.umd.js,extensions:
upload_accept,raw/ilearn.thu.edu.tw/chatbot/chatbot.umd.js,extensions:
upload_accept,raw/ilearn.thu.edu.tw/chatbot/chatbot.umd.js,extensions:
upload_accept,raw/ilearn.thu.edu.tw/chatbot/chatbot.umd.js,extensions:
upload_accept,raw/ilearn.thu.edu.tw/chatbot/chatbot.umd.js,extensions:
upload_accept,raw/ilearn.thu.edu.tw/chatbot/chatbot.umd.js,extensions:
upload_accept,raw/ilearn.thu.edu.tw/chatbot/chatbot.umd.js,extensions:
upload_accept,raw/ilearn.thu.edu.tw/chatbot/chatbot.umd.js,extensions:
upload_accept,raw/ilearn.thu.edu.tw/chatbot/chatbot.umd.js,extensions:
upload_accept,raw/ilearn.thu.edu.tw/chatbot/chatbot.umd.js,extensions:
upload_accept,raw/ilearn.thu.edu.tw/chatbot/chatbot.umd.js,extensions:
upload_accept,raw/ilearn.thu.edu.tw/chatbot/chatbot.umd.js,extensions:
upload_accept,raw/ilearn.thu.edu.tw/chatbot/chatbot.umd.js,extensions:
upload_accept,raw/ilearn.thu.edu.tw/chatbot/chatbot.umd.js,extensions:
upload_accept,raw/ilearn.thu.edu.tw/chatbot/chatbot.umd.js,extensions:
upload_accept,raw/ilearn.thu.edu.tw/chatbot/chatbot.umd.js,extensions:
upload_accept,raw/ilearn.thu.edu.tw/chatbot/chatbot.umd.js,extensions:
upload_accept,raw/ilearn.thu.edu.tw/chatbot/chatbot.umd.js,extensions:
upload_accept,raw/ilearn.thu.edu.tw/chatbot/chatbot.umd.js,extensions:
upload_accept,raw/ilearn.thu.edu.tw/chatbot/chatbot.umd.js,extensions:
upload_accept,raw/ilearn.thu.edu.tw/chatbot/chatbot.umd.js,extensions:
upload_accept,raw/ilearn.thu.edu.tw/chatbot/chatbot.umd.js,extensions:
upload_accept,raw/ilearn.thu.edu.tw/chatbot/chatbot.umd.js,extensions:
upload_accept,raw/ilearn.thu.edu.tw/chatbot/chatbot.umd.js,extensions:
upload_accept,raw/ilearn.thu.edu.tw/chatbot/chatbot.umd.js,extensions:
upload_accept,raw/ilearn.thu.edu.tw/chatbot/chatbot.umd.js,extensions:
upload_accept,raw/ilearn.thu.edu.tw/chatbot/chatbot.umd.js,extensions:
upload_accept,raw/ilearn.thu.edu.tw/chatbot/chatbot.umd.js,extensions:
upload_accept,raw/ilearn.thu.edu.tw/chatbot/chatbot.umd.js,extensions:
upload_accept,raw/ilearn.thu.edu.tw/chatbot/chatbot.umd.js,extensions:
upload_accept,raw/ilearn.thu.edu.tw/chatbot/chatbot.umd.js,extensions:
upload_accept,raw/ilearn.thu.edu.tw/chatbot/chatbot.umd.js,extensions:
upload_accept,raw/ilearn.thu.edu.tw/chatbot/chatbot.umd.js,extensions:
upload_accept,raw/ilearn.thu.edu.tw/chatbot/chatbot.umd.js,extensions:
upload_accept,raw/ilearn.thu.edu.tw/chatbot/chatbot.umd.js,extensions:
upload_accept,raw/ilearn.thu.edu.tw/chatbot/chatbot.umd.js,extensions:
upload_accept,raw/ilearn.thu.edu.tw/chatbot/chatbot.umd.js,extensions:
upload_accept,raw/ilearn.thu.edu.tw/chatbot/chatbot.umd.js,extensions:
upload_accept,raw/ilearn.thu.edu.tw/chatbot/chatbot.umd.js,extensions:
upload_accept,raw/ilearn.thu.edu.tw/chatbot/chatbot.umd.js,extensions:
upload_accept,raw/ilearn.thu.edu.tw/chatbot/chatbot.umd.js,extensions:
upload_accept,raw/ilearn.thu.edu.tw/chatbot/chatbot.umd.js,extensions:
upload_accept,raw/ilearn.thu.edu.tw/chatbot/chatbot.umd.js,extensions:
upload_accept,raw/ilearn.thu.edu.tw/chatbot/chatbot.umd.js,extensions:
upload_accept,raw/ilearn.thu.edu.tw/chatbot/chatbot.umd.js,extensions:
upload_accept,raw/ilearn.thu.edu.tw/chatbot/chatbot.umd.js,extensions:
upload_accept,raw/ilearn.thu.edu.tw/chatbot/chatbot.umd.js,extensions:
upload_accept,raw/ilearn.thu.edu.tw/chatbot/chatbot.umd.js,extensions:
upload_accept,raw/ilearn.thu.edu.tw/chatbot/chatbot.umd.js,extensions:
upload_accept,raw/ilearn.thu.edu.tw/chatbot/chatbot.umd.js,extensions:
upload_accept,raw/ilearn.thu.edu.tw/chatbot/chatbot.umd.js,extensions:
upload_accept,raw/ilearn.thu.edu.tw/chatbot/chatbot.umd.js,extensions:
upload_accept,raw/ilearn.thu.edu.tw/chatbot/chatbot.umd.js,extensions:
upload_accept,raw/ilearn.thu.edu.tw/chatbot/chatbot.umd.js,extensions:
upload_accept,raw/ilearn.thu.edu.tw/chatbot/chatbot.umd.js,extensions:
upload_accept,raw/ilearn.thu.edu.tw/chatbot/chatbot.umd.js,extensions:
upload_accept,raw/ilearn.thu.edu.tw/chatbot/chatbot.umd.js,extensions:
upload_accept,raw/ilearn.thu.edu.tw/chatbot/chatbot.umd.js,extensions:
upload_accept,raw/ilearn.thu.edu.tw/chatbot/chatbot.umd.js,extensions:
upload_accept,raw/ilearn.thu.edu.tw/chatbot/chatbot.umd.js,extensions:
upload_accept,raw/ilearn.thu.edu.tw/chatbot/chatbot.umd.js,extensions:
upload_accept,raw/ilearn.thu.edu.tw/chatbot/chatbot.umd.js,extensions:
upload_accept,raw/ilearn.thu.edu.tw/chatbot/chatbot.umd.js,extensions:
upload_accept,raw/ilearn.thu.edu.tw/chatbot/chatbot.umd.js,extensions:
upload_accept,raw/ilearn.thu.edu.tw/chatbot/chatbot.umd.js,extensions:
upload_accept,raw/ilearn.thu.edu.tw/chatbot/chatbot.umd.js,extensions:
upload_accept,raw/ilearn.thu.edu.tw/chatbot/chatbot.umd.js,extensions:
upload_accept,raw/ilearn.thu.edu.tw/chatbot/chatbot.umd.js,extensions:
upload_accept,raw/ilearn.thu.edu.tw/chatbot/chatbot.umd.js,extensions:
upload_accept,raw/ilearn.thu.edu.tw/chatbot/chatbot.umd.js,extensions:
upload_accept,raw/ilearn.thu.edu.tw/chatbot/chatbot.umd.js,extensions:
upload_accept,raw/ilearn.thu.edu.tw/chatbot/chatbot.umd.js,extensions:
upload_accept,raw/ilearn.thu.edu.tw/chatbot/chatbot.umd.js,extensions:
upload_accept,raw/ilearn.thu.edu.tw/chatbot/chatbot.umd.js,extensions:
upload_accept,raw/ilearn.thu.edu.tw/chatbot/chatbot.umd.js,extensions:
upload_accept,raw/ilearn.thu.edu.tw/chatbot/chatbot.umd.js,extensions:
upload_accept,raw/ilearn.thu.edu.tw/chatbot/chatbot.umd.js,extensions:
upload_accept,raw/ilearn.thu.edu.tw/chatbot/chatbot.umd.js,extensions:
upload_accept,raw/ilearn.thu.edu.tw/chatbot/chatbot.umd.js,extensions:
upload_accept,raw/ilearn.thu.edu.tw/chatbot/chatbot.umd.js,extensions:
upload_accept,raw/ilearn.thu.edu.tw/chatbot/chatbot.umd.js,extensions:
upload_accept,raw/ilearn.thu.edu.tw/chatbot/chatbot.umd.js,extensions:
upload_accept,raw/ilearn.thu.edu.tw/chatbot/chatbot.umd.js,extensions:
upload_accept,raw/ilearn.thu.edu.tw/chatbot/chatbot.umd.js,extensions:
upload_accept,raw/ilearn.thu.edu.tw/chatbot/chatbot.umd.js,extensions:
upload_accept,raw/ilearn.thu.edu.tw/chatbot/chatbot.umd.js,extensions:
upload_accept,raw/ilearn.thu.edu.tw/chatbot/chatbot.umd.js,extensions:
upload_accept,raw/ilearn.thu.edu.tw/chatbot/chatbot.umd.js,extensions:
upload_accept,raw/ilearn.thu.edu.tw/chatbot/chatbot.umd.js,extensions:
upload_accept,raw/ilearn.thu.edu.tw/chatbot/chatbot.umd.js,extensions:
upload_accept,raw/ilearn.thu.edu.tw/chatbot/chatbot.umd.js,extensions:
upload_accept,raw/ilearn.thu.edu.tw/chatbot/chatbot.umd.js,extensions:
upload_accept,raw/ilearn.thu.edu.tw/chatbot/chatbot.umd.js,extensions:
upload_accept,raw/ilearn.thu.edu.tw/chatbot/chatbot.umd.js,extensions:
upload_accept,raw/ilearn.thu.edu.tw/chatbot/chatbot.umd.js,extensions:
upload_accept,raw/ilearn.thu.edu.tw/chatbot/chatbot.umd.js,extensions:
upload_accept,raw/ilearn.thu.edu.tw/chatbot/chatbot.umd.js,extensions:
upload_accept,raw/ilearn.thu.edu.tw/chatbot/chatbot.umd.js,extensions:
upload_accept,raw/ilearn.thu.edu.tw/chatbot/chatbot.umd.js,extensions:
upload_accept,raw/ilearn.thu.edu.tw/chatbot/chatbot.umd.js,extensions:
upload_accept,raw/ilearn.thu.edu.tw/chatbot/chatbot.umd.js,extensions:
upload_accept,raw/ilearn.thu.edu.tw/chatbot/chatbot.umd.js,extensions:
upload_accept,raw/ilearn.thu.edu.tw/chatbot/chatbot.umd.js,extensions:
upload_accept,raw/ilearn.thu.edu.tw/chatbot/chatbot.umd.js,extensions:
upload_accept,raw/ilearn.thu.edu.tw/chatbot/chatbot.umd.js,extensions:
upload_accept,raw/ilearn.thu.edu.tw/chatbot/chatbot.umd.js,extensions:
upload_accept,raw/ilearn.thu.edu.tw/chatbot/chatbot.umd.js,extensions:
upload_accept,raw/ilearn.thu.edu.tw/chatbot/chatbot.umd.js,extensions:
upload_accept,raw/ilearn.thu.edu.tw/chatbot/chatbot.umd.js,extensions:
upload_accept,raw/ilearn.thu.edu.tw/chatbot/chatbot.umd.js,extensions:
upload_accept,raw/ilearn.thu.edu.tw/chatbot/chatbot.umd.js,extensions:
upload_accept,raw/ilearn.thu.edu.tw/chatbot/chatbot.umd.js,extensions:
upload_accept,raw/ilearn.thu.edu.tw/chatbot/chatbot.umd.js,extensions:
upload_accept,raw/ilearn.thu.edu.tw/chatbot/chatbot.umd.js,extensions:
upload_accept,raw/ilearn.thu.edu.tw/chatbot/chatbot.umd.js,extensions:
upload_accept,raw/ilearn.thu.edu.tw/chatbot/chatbot.umd.js,extensions:
upload_accept,raw/ilearn.thu.edu.tw/chatbot/chatbot.umd.js,extensions:
upload_accept,raw/ilearn.thu.edu.tw/chatbot/chatbot.umd.js,extensions:
upload_accept,raw/ilearn.thu.edu.tw/chatbot/chatbot.umd.js,extensions:
upload_accept,raw/ilearn.thu.edu.tw/chatbot/chatbot.umd.js,extensions:
upload_accept,raw/ilearn.thu.edu.tw/chatbot/chatbot.umd.js,extensions:
upload_accept,raw/ilearn.thu.edu.tw/chatbot/chatbot.umd.js,extensions:
upload_accept,raw/ilearn.thu.edu.tw/chatbot/chatbot.umd.js,extensions:
upload_accept,raw/ilearn.thu.edu.tw/chatbot/chatbot.umd.js,extensions:
upload_accept,raw/ilearn.thu.edu.tw/chatbot/chatbot.umd.js,extensions:
upload_accept,raw/ilearn.thu.edu.tw/chatbot/chatbot.umd.js,extensions:
upload_accept,raw/ilearn.thu.edu.tw/chatbot/chatbot.umd.js,extensions:
upload_accept,raw/ilearn.thu.edu.tw/chatbot/chatbot.umd.js,extensions:
upload_accept,raw/ilearn.thu.edu.tw/chatbot/chatbot.umd.js,extensions:
upload_accept,raw/ilearn.thu.edu.tw/chatbot/chatbot.umd.js,extensions:
upload_accept,raw/ilearn.thu.edu.tw/chatbot/chatbot.umd.js,extensions:
upload_accept,raw/ilearn.thu.edu.tw/chatbot/chatbot.umd.js,extensions:
upload_accept,raw/ilearn.thu.edu.tw/chatbot/chatbot.umd.js,extensions:
upload_accept,raw/ilearn.thu.edu.tw/chatbot/chatbot.umd.js,extensions:
upload_accept,raw/ilearn.thu.edu.tw/chatbot/chatbot.umd.js,extensions:
upload_accept,raw/ilearn.thu.edu.tw/chatbot/chatbot.umd.js,extensions:
upload_accept,raw/ilearn.thu.edu.tw/chatbot/chatbot.umd.js,extensions:
upload_accept,raw/ilearn.thu.edu.tw/chatbot/chatbot.umd.js,extensions:
upload_accept,raw/ilearn.thu.edu.tw/chatbot/chatbot.umd.js,extensions:
upload_accept,raw/ilearn.thu.edu.tw/chatbot/chatbot.umd.js,extensions:
upload_accept,raw/ilearn.thu.edu.tw/chatbot/chatbot.umd.js,extensions:
upload_accept,raw/ilearn.thu.edu.tw/chatbot/chatbot.umd.js,extensions:
upload_accept,raw/ilearn.thu.edu.tw/chatbot/chatbot.umd.js,extensions:
upload_accept,raw/ilearn.thu.edu.tw/chatbot/chatbot.umd.js,extensions:
upload_accept,raw/ilearn.thu.edu.tw/chatbot/chatbot.umd.js,extensions:
upload_accept,raw/ilearn.thu.edu.tw/chatbot/chatbot.umd.js,extensions:
upload_accept,raw/ilearn.thu.edu.tw/chatbot/chatbot.umd.js,extensions:
upload_accept,raw/ilearn.thu.edu.tw/chatbot/chatbot.umd.js,extensions:
upload_accept,raw/ilearn.thu.edu.tw/chatbot/chatbot.umd.js,extensions:
upload_accept,raw/ilearn.thu.edu.tw/chatbot/chatbot.umd.js,extensions:
upload_accept,raw/ilearn.thu.edu.tw/chatbot/chatbot.umd.js,extensions:
upload_accept,raw/ilearn.thu.edu.tw/chatbot/chatbot.umd.js,extensions:
upload_accept,raw/ilearn.thu.edu.tw/chatbot/chatbot.umd.js,extensions:
upload_accept,raw/ilearn.thu.edu.tw/chatbot/chatbot.umd.js,extensions:
upload_accept,raw/ilearn.thu.edu.tw/chatbot/chatbot.umd.js,extensions:
upload_accept,raw/ilearn.thu.edu.tw/chatbot/chatbot.umd.js,extensions:
upload_accept,raw/ilearn.thu.edu.tw/chatbot/chatbot.umd.js,extensions:
upload_accept,raw/ilearn.thu.edu.tw/chatbot/chatbot.umd.js,extensions:
upload_accept,raw/ilearn.thu.edu.tw/chatbot/chatbot.umd.js,extensions:
upload_accept,raw/ilearn.thu.edu.tw/chatbot/chatbot.umd.js,extensions:
upload_accept,raw/ilearn.thu.edu.tw/chatbot/chatbot.umd.js,extensions:
upload_accept,raw/ilearn.thu.edu.tw/chatbot/chatbot.umd.js,extension
upload_accept,raw/ilearn.thu.edu.tw/chatbot/chatbot.umd.js,extensions:
upload_accept,raw/ilearn.thu.edu.tw/chatbot/chatbot.umd.js,extensions:
upload_accept,raw/ilearn.thu.edu.tw/chatbot/chatbot.umd.js,extensions:
upload_accept,raw/ilearn.thu.edu.tw/chatbot/chatbot.umd.js,extensions:
upload_accept,raw/ilearn.thu.edu.tw/chatbot/chatbot.umd.js,extensions:
upload_accept,raw/ilearn.thu.edu.tw/chatbot/chatbot.umd.js,extensions:
upload_accept,raw/ilearn.thu.edu.tw/chatbot/chatbot.umd.js,extensions:
upload_accept,raw/ilearn.thu.edu.tw/chatbot/chatbot.umd.js,extensions:
upload_accept,raw/ilearn.thu.edu.tw/chatbot/chatbot.umd.js,extensions:
upload_accept,raw/ilearn.thu.edu.tw/chatbot/chatbot.umd.js,extensions:
upload_accept,raw/ilearn.thu.edu.tw/chatbot/chatbot.umd.js,extensions:
upload_accept,raw/ilearn.thu.edu.tw/chatbot/chatbot.umd.js,extensions:
upload_accept,raw/ilearn.thu.edu.tw/chatbot/chatbot.umd.js,extensions:
upload_accept,raw/ilearn.thu.edu.tw/chatbot/chatbot.umd.js,extensions:
upload_accept,raw/ilearn.thu.edu.tw/chatbot/chatbot.umd.js,extensions:
upload_accept,raw/ilearn.thu.edu.tw/chatbot/chatbot.umd.js,extensions:
upload_accept,raw/ilearn.thu.edu.tw/chatbot/chatbot.umd.js,extensions:
upload_accept,raw/ilearn.thu.edu.tw/chatbot/chatbot.umd.js,extensions:
upload_accept,raw/ilearn.thu.edu.tw/chatbot/chatbot.umd.js,extensions:
upload_accept,raw/ilearn.thu.edu.tw/chatbot/chatbot.umd.js,extensions:
upload_accept,raw/ilearn.thu.edu.tw/chatbot/chatbot.umd.js,extensions:
upload_accept,raw/ilearn.thu.edu.tw/chatbot/chatbot.umd.js,extensions:
upload_accept,raw/ilearn.thu.edu.tw/chatbot/chatbot.umd.js,extensions:
upload_accept,raw/ilearn.thu.edu.tw/chatbot/chatbot.umd.js,extensions:
upload_accept,raw/ilearn.thu.edu.tw/chatbot/chatbot.umd.js,extensions:
upload_accept,raw/ilearn.thu.edu.tw/chatbot/chatbot.umd.js,extensions:
upload_accept,raw/ilearn.thu.edu.tw/chatbot/chatbot.umd.js,extensions:
upload_accept,raw/ilearn.thu.edu.tw/chatbot/chatbot.umd.js,extensions:
upload_accept,raw/ilearn.thu.edu.tw/chatbot/chatbot.umd.js,extensions:
upload_accept,raw/ilearn.thu.edu.tw/chatbot/chatbot.umd.js,extensions:
upload_accept,raw/ilearn.thu.edu.tw/chatbot/chatbot.umd.js,extensions:
upload_accept,raw/ilearn.thu.edu.tw/chatbot/chatbot.umd.js,extensions:
upload_accept,raw/ilearn.thu.edu.tw/chatbot/chatbot.umd.js,extensions:
upload_accept,raw/ilearn.thu.edu.tw/chatbot/chatbot.umd.js,extensions:
upload_accept,raw/ilearn.thu.edu.tw/chatbot/chatbot.umd.js,extensions:
upload_accept,raw/ilearn.thu.edu.tw/chatbot/chatbot.umd.js,extensions:
upload_accept,raw/ilearn.thu.edu.tw/chatbot/chatbot.umd.js,extensions:
upload_accept,raw/ilearn.thu.edu.tw/chatbot/chatbot.umd.js,extensions:
upload_accept,raw/ilearn.thu.edu.tw/chatbot/chatbot.umd.js,extensions:
upload_accept,raw/ilearn.thu.edu.tw/chatbot/chatbot.umd.js,extensions:
upload_accept,raw/ilearn.thu.edu.tw/chatbot/chatbot.umd.js,extensions:
upload_accept,raw/ilearn.thu.edu.tw/chatbot/chatbot.umd.js,extensions:
upload_accept,raw/ilearn.thu.edu.tw/chatbot/chatbot.umd.js,extensions:
upload_accept,raw/ilearn.thu.edu.tw/chatbot/chatbot.umd.js,extensions:
upload_accept,raw/ilearn.thu.edu.tw/chatbot/chatbot.umd.js,extensions:
upload_accept,raw/ilearn.thu.edu.tw/chatbot/chatbot.umd.js,extensions:
upload_accept,raw/ilearn.thu.edu.tw/chatbot/chatbot.umd.js,extensions:
upload_accept,raw/ilearn.thu.edu.tw/chatbot/chatbot.umd.js,extensions:
upload_accept,raw/ilearn.thu.edu.tw/chatbot/chatbot.umd.js,extensions:
upload_accept,raw/ilearn.thu.edu.tw/chatbot/chatbot.umd.js,extensions:
upload_accept,raw/ilearn.thu.edu.tw/chatbot/chatbot.umd.js,extensions:
upload_accept,raw/ilearn.thu.edu.tw/chatbot/chatbot.umd.js,extensions:
upload_accept,raw/ilearn.thu.edu.tw/chatbot/chatbot.umd.js,extensions:
upload_accept,raw/ilearn.thu.edu.tw/chatbot/chatbot.umd.js,extensions:
upload_accept,raw/ilearn.thu.edu.tw/chatbot/chatbot.umd.js,extensions:
upload_accept,raw/ilearn.thu.edu.tw/chatbot/chatbot.umd.js,extensions:
upload_accept,raw/ilearn.thu.edu.tw/chatbot/chatbot.umd.js,extensions:
upload_accept,raw/ilearn.thu.edu.tw/chatbot/chatbot.umd.js,extensions:
upload_accept,raw/ilearn.thu.edu.tw/chatbot/chatbot.umd.js,extensions:
upload_accept,raw/ilearn.thu.edu.tw/chatbot/chatbot.umd.js,extensions:
upload_accept,raw/ilearn.thu.edu.tw/chatbot/chatbot.umd.js,extensions:
upload_accept,raw/ilearn.thu.edu.tw/chatbot/chatbot.umd.js,extensions:
upload_accept,raw/ilearn.thu.edu.tw/chatbot/chatbot.umd.js,extensions:
upload_accept,raw/ilearn.thu.edu.tw/chatbot/chatbot.umd.js,extensions:
upload_accept,raw/ilearn.thu.edu.tw/chatbot/chatbot.umd.js,extensions:
upload_accept,raw/ilearn.thu.edu.tw/chatbot/chatbot.umd.js,extensions:
upload_accept,raw/ilearn.thu.edu.tw/chatbot/chatbot.umd.js,extensions:
upload_accept,raw/ilearn.thu.edu.tw/chatbot/chatbot.umd.js,extensions:
upload_accept,raw/ilearn.thu.edu.tw/chatbot/chatbot.umd.js,extensions:
upload_accept,raw/ilearn.thu.edu.tw/chatbot/chatbot.umd.js,extensions:
upload_accept,raw/ilearn.thu.edu.tw/chatbot/chatbot.umd.js,extensions:
upload_accept,raw/ilearn.thu.edu.tw/chatbot/chatbot.umd.js,extensions:
upload_accept,raw/ilearn.thu.edu.tw/chatbot/chatbot.umd.js,extensions:
upload_accept,raw/ilearn.thu.edu.tw/chatbot/chatbot.umd.js,extensions:
upload_accept,raw/ilearn.thu.edu.tw/chatbot/chatbot.umd.js,extensions:
upload_accept,raw/ilearn.thu.edu.tw/chatbot/chatbot.umd.js,extensions:
upload_accept,raw/ilearn.thu.edu.tw/chatbot/chatbot.umd.js,extensions:
upload_accept,raw/ilearn.thu.edu.tw/chatbot/chatbot.umd.js,extensions:
upload_accept,raw/ilearn.thu.edu.tw/chatbot/chatbot.umd.js,extensions:
upload_accept,raw/ilearn.thu.edu.tw/chatbot/chatbot.umd.js,extensions:
upload_accept,raw/ilearn.thu.edu.tw/chatbot/chatbot.umd.js,extensions:
upload_accept,raw/ilearn.thu.edu.tw/chatbot/chatbot.umd.js,extensions:
upload_accept,raw/ilearn.thu.edu.tw/chatbot/chatbot.umd.js,extensions:
upload_accept,raw/ilearn.thu.edu.tw/chatbot/chatbot.umd.js,extensions:
upload_accept,raw/ilearn.thu.edu.tw/chatbot/chatbot.umd.js,extensions:
upload_accept,raw/ilearn.thu.edu.tw/chatbot/chatbot.umd.js,extensions:
upload_accept,raw/ilearn.thu.edu.tw/chatbot/chatbot.umd.js,extensions:
upload_accept,raw/ilearn.thu.edu.tw/chatbot/chatbot.umd.js,extensions:
upload_accept,raw/ilearn.thu.edu.tw/chatbot/chatbot.umd.js,extensions:
upload_accept,raw/ilearn.thu.edu.tw/chatbot/chatbot.umd.js,extensions:
upload_accept,raw/ilearn.thu.edu.tw/chatbot/chatbot.umd.js,extensions:
upload_accept,raw/ilearn.thu.edu.tw/chatbot/chatbot.umd.js,extensions:
upload_accept,raw/ilearn.thu.edu.tw/chatbot/chatbot.umd.js,extensions:
upload_accept,raw/ilearn.thu.edu.tw/chatbot/chatbot.umd.js,extensions:
upload_accept,raw/ilearn.thu.edu.tw/chatbot/chatbot.umd.js,extensions:
upload_accept,raw/ilearn.thu.edu.tw/chatbot/chatbot.umd.js,extensions:
upload_accept,raw/ilearn.thu.edu.tw/chatbot/chatbot.umd.js,extensions:
upload_accept,raw/ilearn.thu.edu.tw/chatbot/chatbot.umd.js,extensions:
upload_accept,raw/ilearn.thu.edu.tw/chatbot/chatbot.umd.js,extensions:
upload_accept,raw/ilearn.thu.edu.tw/chatbot/chatbot.umd.js,extensions:
upload_accept,raw/ilearn.thu.edu.tw/chatbot/chatbot.umd.js,extensions:
upload_accept,raw/ilearn.thu.edu.tw/chatbot/chatbot.umd.js,extensions:
upload_accept,raw/ilearn.thu.edu.tw/chatbot/chatbot.umd.js,extensions:
upload_accept,raw/ilearn.thu.edu.tw/chatbot/chatbot.umd.js,extensions:
upload_accept,raw/ilearn.thu.edu.tw/chatbot/chatbot.umd.js,extensions:
upload_accept,raw/ilearn.thu.edu.tw/chatbot/chatbot.umd.js,extensions:
upload_accept,raw/ilearn.thu.edu.tw/chatbot/chatbot.umd.js,extensions:
upload_accept,raw/ilearn.thu.edu.tw/chatbot/chatbot.umd.js,extensions:
upload_accept,raw/ilearn.thu.edu.tw/chatbot/chatbot.umd.js,extensions:
upload_accept,raw/ilearn.thu.edu.tw/chatbot/chatbot.umd.js,extensions:
upload_accept,raw/ilearn.thu.edu.tw/chatbot/chatbot.umd.js,extensions:
upload_accept,raw/ilearn.thu.edu.tw/chatbot/chatbot.umd.js,extensions:
upload_accept,raw/ilearn.thu.edu.tw/chatbot/chatbot.umd.js,extensions:
upload_accept,raw/ilearn.thu.edu.tw/chatbot/chatbot.umd.js,extensions:
upload_accept,raw/ilearn.thu.edu.tw/chatbot/chatbot.umd.js,extensions:
upload_accept,raw/ilearn.thu.edu.tw/chatbot/chatbot.umd.js,extensions:
upload_accept,raw/ilearn.thu.edu.tw/chatbot/chatbot.umd.js,extensions:
upload_accept,raw/ilearn.thu.edu.tw/chatbot/chatbot.umd.js,extensions:
upload_accept,raw/ilearn.thu.edu.tw/chatbot/chatbot.umd.js,extensions:
upload_accept,raw/ilearn.thu.edu.tw/chatbot/chatbot.umd.js,extensions:
upload_accept,raw/ilearn.thu.edu.tw/chatbot/chatbot.umd.js,extensions:
upload_accept,raw/ilearn.thu.edu.tw/chatbot/chatbot.umd.js,extensions:
upload_accept,raw/ilearn.thu.edu.tw/chatbot/chatbot.umd.js,extensions:
upload_accept,raw/ilearn.thu.edu.tw/chatbot/chatbot.umd.js,extensions:
upload_accept,raw/ilearn.thu.edu.tw/chatbot/chatbot.umd.js,extensions:
upload_accept,raw/ilearn.thu.edu.tw/chatbot/chatbot.umd.js,extensions:
upload_accept,raw/ilearn.thu.edu.tw/chatbot/chatbot.umd.js,extensions:
upload_accept,raw/ilearn.thu.edu.tw/chatbot/chatbot.umd.js,extensions:
upload_accept,raw/ilearn.thu.edu.tw/chatbot/chatbot.umd.js,extensions:
upload_accept,raw/ilearn.thu.edu.tw/chatbot/chatbot.umd.js,extensions:
upload_accept,raw/ilearn.thu.edu.tw/chatbot/chatbot.umd.js,extensions:
upload_accept,raw/ilearn.thu.edu.tw/chatbot/chatbot.umd.js,extensions:
upload_accept,raw/ilearn.thu.edu.tw/chatbot/chatbot.umd.js,extensions:
upload_accept,raw/ilearn.thu.edu.tw/chatbot/chatbot.umd.js,extensions:
upload_accept,raw/ilearn.thu.edu.tw/chatbot/chatbot.umd.js,extensions:
upload_accept,raw/ilearn.thu.edu.tw/chatbot/chatbot.umd.js,extensions:
upload_accept,raw/ilearn.thu.edu.tw/chatbot/chatbot.umd.js,extensions:
upload_accept,raw/ilearn.thu.edu.tw/chatbot/chatbot.umd.js,extensions:
upload_accept,raw/ilearn.thu.edu.tw/chatbot/chatbot.umd.js,extensions:
upload_accept,raw/ilearn.thu.edu.tw/chatbot/chatbot.umd.js,extensions:
upload_accept,raw/ilearn.thu.edu.tw/chatbot/chatbot.umd.js,extensions:
upload_accept,raw/ilearn.thu.edu.tw/chatbot/chatbot.umd.js,extensions:
upload_accept,raw/ilearn.thu.edu.tw/chatbot/chatbot.umd.js,extensions:
upload_accept,raw/ilearn.thu.edu.tw/chatbot/chatbot.umd.js,extension
upload_accept,raw/ilearn.thu.edu.tw/chatbot/chatbot.umd.js,extensions:
upload_accept,raw/ilearn.thu.edu.tw/chatbot/chatbot.umd.js,extensions:
upload_accept,raw/ilearn.thu.edu.tw/chatbot/chatbot.umd.js,extensions:
upload_accept,raw/ilearn.thu.edu.tw/chatbot/chatbot.umd.js,extensions:
upload_accept,raw/ilearn.thu.edu.tw/chatbot/chatbot.umd.js,extensions:
upload_accept,raw/ilearn.thu.edu.tw/chatbot/chatbot.umd.js,extensions:
upload_accept,raw/ilearn.thu.edu.tw/chatbot/chatbot.umd.js,extensions:
upload_accept,raw/ilearn.thu.edu.tw/chatbot/chatbot.umd.js,extensions:
upload_accept,raw/ilearn.thu.edu.tw/chatbot/chatbot.umd.js,extensions:
upload_accept,raw/ilearn.thu.edu.tw/chatbot/chatbot.umd.js,extensions:
upload_accept,raw/ilearn.thu.edu.tw/chatbot/chatbot.umd.js,extensions:
upload_accept,raw/ilearn.thu.edu.tw/chatbot/chatbot.umd.js,extensions:
upload_accept,raw/ilearn.thu.edu.tw/chatbot/chatbot.umd.js,extensions:
upload_accept,raw/ilearn.thu.edu.tw/chatbot/chatbot.umd.js,extensions:
upload_accept,raw/ilearn.thu.edu.tw/chatbot/chatbot.umd.js,extensions:
upload_accept,raw/ilearn.thu.edu.tw/chatbot/chatbot.umd.js,extensions:
upload_accept,raw/ilearn.thu.edu.tw/chatbot/chatbot.umd.js,extensions:
upload_accept,raw/ilearn.thu.edu.tw/chatbot/chatbot.umd.js,extensions:
upload_accept,raw/ilearn.thu.edu.tw/chatbot/chatbot.umd.js,extensions:
upload_accept,raw/ilearn.thu.edu.tw/chatbot/chatbot.umd.js,extensions:
upload_accept,raw/ilearn.thu.edu.tw/chatbot/chatbot.umd.js,extensions:
upload_accept,raw/ilearn.thu.edu.tw/chatbot/chatbot.umd.js,extensions:
upload_accept,raw/ilearn.thu.edu.tw/chatbot/chatbot.umd.js,extensions:
upload_accept,raw/ilearn.thu.edu.tw/chatbot/chatbot.umd.js,extensions:
upload_accept,raw/ilearn.thu.edu.tw/chatbot/chatbot.umd.js,extensions:
upload_accept,raw/ilearn.thu.edu.tw/chatbot/chatbot.umd.js,extensions:
upload_accept,raw/ilearn.thu.edu.tw/chatbot/chatbot.umd.js,extensions:
upload_accept,raw/ilearn.thu.edu.tw/chatbot/chatbot.umd.js,extensions:
upload_accept,raw/ilearn.thu.edu.tw/chatbot/chatbot.umd.js,extensions:
upload_accept,raw/ilearn.thu.edu.tw/chatbot/chatbot.umd.js,extensions:
upload_accept,raw/ilearn.thu.edu.tw/chatbot/chatbot.umd.js,extensions:
upload_accept,raw/ilearn.thu.edu.tw/chatbot/chatbot.umd.js,extensions:
upload_accept,raw/ilearn.thu.edu.tw/chatbot/chatbot.umd.js,extensions:
upload_accept,raw/ilearn.thu.edu.tw/chatbot/chatbot.umd.js,extensions:
upload_accept,raw/ilearn.thu.edu.tw/chatbot/chatbot.umd.js,extensions:
upload_accept,raw/ilearn.thu.edu.tw/chatbot/chatbot.umd.js,extensions:
upload_accept,raw/ilearn.thu.edu.tw/chatbot/chatbot.umd.js,extensions:
upload_accept,raw/ilearn.thu.edu.tw/chatbot/chatbot.umd.js,extensions:
upload_accept,raw/ilearn.thu.edu.tw/chatbot/chatbot.umd.js,extensions:
upload_accept,raw/ilearn.thu.edu.tw/chatbot/chatbot.umd.js,extensions:
upload_accept,raw/ilearn.thu.edu.tw/chatbot/chatbot.umd.js,extensions:
upload_accept,raw/ilearn.thu.edu.tw/chatbot/chatbot.umd.js,extensions:
upload_accept,raw/ilearn.thu.edu.tw/chatbot/chatbot.umd.js,extensions:
upload_accept,raw/ilearn.thu.edu.tw/chatbot/chatbot.umd.js,extensions:
upload_accept,raw/ilearn.thu.edu.tw/chatbot/chatbot.umd.js,extensions:
upload_accept,raw/ilearn.thu.edu.tw/chatbot/chatbot.umd.js,extensions:
upload_accept,raw/ilearn.thu.edu.tw/chatbot/chatbot.umd.js,extensions:
upload_accept,raw/ilearn.thu.edu.tw/chatbot/chatbot.umd.js,extensions:
upload_accept,raw/ilearn.thu.edu.tw/chatbot/chatbot.umd.js,extensions:
upload_accept,raw/ilearn.thu.edu.tw/chatbot/chatbot.umd.js,extensions:
upload_accept,raw/ilearn.thu.edu.tw/chatbot/chatbot.umd.js,extensions:
upload_accept,raw/ilearn.thu.edu.tw/chatbot/chatbot.umd.js,extensions:
upload_accept,raw/ilearn.thu.edu.tw/chatbot/chatbot.umd.js,extensions:
upload_accept,raw/ilearn.thu.edu.tw/chatbot/chatbot.umd.js,extensions:
upload_accept,raw/ilearn.thu.edu.tw/chatbot/chatbot.umd.js,extensions:
upload_accept,raw/ilearn.thu.edu.tw/chatbot/chatbot.umd.js,extensions:
upload_accept,raw/ilearn.thu.edu.tw/chatbot/chatbot.umd.js,extensions:
upload_accept,raw/ilearn.thu.edu.tw/chatbot/chatbot.umd.js,extensions:
upload_accept,raw/ilearn.thu.edu.tw/chatbot/chatbot.umd.js,extensions:
upload_accept,raw/ilearn.thu.edu.tw/chatbot/chatbot.umd.js,extensions:
upload_accept,raw/ilearn.thu.edu.tw/chatbot/chatbot.umd.js,extensions:
upload_accept,raw/ilearn.thu.edu.tw/chatbot/chatbot.umd.js,extensions:
upload_accept,raw/ilearn.thu.edu.tw/chatbot/chatbot.umd.js,extensions:
upload_accept,raw/ilearn.thu.edu.tw/chatbot/chatbot.umd.js,extensions:
upload_accept,raw/ilearn.thu.edu.tw/chatbot/chatbot.umd.js,extensions:
upload_accept,raw/ilearn.thu.edu.tw/chatbot/chatbot.umd.js,extensions:
upload_accept,raw/ilearn.thu.edu.tw/chatbot/chatbot.umd.js,extensions:
upload_accept,raw/ilearn.thu.edu.tw/chatbot/chatbot.umd.js,extensions:
upload_accept,raw/ilearn.thu.edu.tw/chatbot/chatbot.umd.js,extensions:
upload_accept,raw/ilearn.thu.edu.tw/chatbot/chatbot.umd.js,extensions:
upload_accept,raw/ilearn.thu.edu.tw/chatbot/chatbot.umd.js,extensions:
upload_accept,raw/ilearn.thu.edu.tw/chatbot/chatbot.umd.js,extensions:
upload_accept,raw/ilearn.thu.edu.tw/chatbot/chatbot.umd.js,extensions:
upload_accept,raw/ilearn.thu.edu.tw/chatbot/chatbot.umd.js,extensions:
upload_accept,raw/ilearn.thu.edu.tw/chatbot/chatbot.umd.js,extensions:
upload_accept,raw/ilearn.thu.edu.tw/chatbot/chatbot.umd.js,extensions:
upload_accept,raw/ilearn.thu.edu.tw/chatbot/chatbot.umd.js,extensions:
upload_accept,raw/ilearn.thu.edu.tw/chatbot/chatbot.umd.js,extensions:
upload_accept,raw/ilearn.thu.edu.tw/chatbot/chatbot.umd.js,extensions:
upload_accept,raw/ilearn.thu.edu.tw/chatbot/chatbot.umd.js,extensions:
upload_accept,raw/ilearn.thu.edu.tw/chatbot/chatbot.umd.js,extensions:
upload_accept,raw/ilearn.thu.edu.tw/chatbot/chatbot.umd.js,extensions:
upload_accept,raw/ilearn.thu.edu.tw/chatbot/chatbot.umd.js,extensions:
upload_accept,raw/ilearn.thu.edu.tw/chatbot/chatbot.umd.js,extensions:
upload_accept,raw/ilearn.thu.edu.tw/chatbot/chatbot.umd.js,extensions:
upload_accept,raw/ilearn.thu.edu.tw/chatbot/chatbot.umd.js,extensions:
upload_accept,raw/ilearn.thu.edu.tw/chatbot/chatbot.umd.js,extensions:
upload_accept,raw/ilearn.thu.edu.tw/chatbot/chatbot.umd.js,extensions:
upload_accept,raw/ilearn.thu.edu.tw/chatbot/chatbot.umd.js,extensions:
upload_accept,raw/ilearn.thu.edu.tw/chatbot/chatbot.umd.js,extensions:
upload_accept,raw/ilearn.thu.edu.tw/chatbot/chatbot.umd.js,extensions:
upload_accept,raw/ilearn.thu.edu.tw/chatbot/chatbot.umd.js,extensions:
upload_accept,raw/ilearn.thu.edu.tw/chatbot/chatbot.umd.js,extensions:
upload_accept,raw/ilearn.thu.edu.tw/chatbot/chatbot.umd.js,extensions:
upload_accept,raw/ilearn.thu.edu.tw/chatbot/chatbot.umd.js,extensions:
upload_accept,raw/ilearn.thu.edu.tw/chatbot/chatbot.umd.js,extensions:
upload_accept,raw/ilearn.thu.edu.tw/chatbot/chatbot.umd.js,extensions:
upload_accept,raw/ilearn.thu.edu.tw/chatbot/chatbot.umd.js,extensions:
upload_accept,raw/ilearn.thu.edu.tw/chatbot/chatbot.umd.js,extensions:
upload_accept,raw/ilearn.thu.edu.tw/chatbot/chatbot.umd.js,extensions:
upload_accept,raw/ilearn.thu.edu.tw/chatbot/chatbot.umd.js,extensions:
upload_accept,raw/ilearn.thu.edu.tw/chatbot/chatbot.umd.js,extensions:
upload_accept,raw/ilearn.thu.edu.tw/chatbot/chatbot.umd.js,extensions:
upload_accept,raw/ilearn.thu.edu.tw/chatbot/chatbot.umd.js,extensions:
upload_accept,raw/ilearn.thu.edu.tw/chatbot/chatbot.umd.js,extensions:
upload_accept,raw/ilearn.thu.edu.tw/chatbot/chatbot.umd.js,extensions:
upload_accept,raw/ilearn.thu.edu.tw/chatbot/chatbot.umd.js,extensions:
upload_accept,raw/ilearn.thu.edu.tw/chatbot/chatbot.umd.js,extensions:
upload_accept,raw/ilearn.thu.edu.tw/chatbot/chatbot.umd.js,extensions:
upload_accept,raw/ilearn.thu.edu.tw/chatbot/chatbot.umd.js,extensions:
upload_accept,raw/ilearn.thu.edu.tw/chatbot/chatbot.umd.js,extensions:
upload_accept,raw/ilearn.thu.edu.tw/chatbot/chatbot.umd.js,extensions:
upload_accept,raw/ilearn.thu.edu.tw/chatbot/chatbot.umd.js,extensions:
upload_accept,raw/ilearn.thu.edu.tw/chatbot/chatbot.umd.js,extensions:
upload_accept,raw/ilearn.thu.edu.tw/chatbot/chatbot.umd.js,extensions:
upload_accept,raw/ilearn.thu.edu.tw/chatbot/chatbot.umd.js,extensions:
upload_accept,raw/ilearn.thu.edu.tw/chatbot/chatbot.umd.js,extensions:
upload_accept,raw/ilearn.thu.edu.tw/chatbot/chatbot.umd.js,extensions:
upload_accept,raw/ilearn.thu.edu.tw/chatbot/chatbot.umd.js,extensions:
upload_accept,raw/ilearn.thu.edu.tw/chatbot/chatbot.umd.js,extensions:
upload_accept,raw/ilearn.thu.edu.tw/chatbot/chatbot.umd.js,extensions:
upload_accept,raw/ilearn.thu.edu.tw/chatbot/chatbot.umd.js,extensions:
upload_accept,raw/ilearn.thu.edu.tw/chatbot/chatbot.umd.js,extensions:
upload_accept,raw/ilearn.thu.edu.tw/chatbot/chatbot.umd.js,extensions:
upload_accept,raw/ilearn.thu.edu.tw/chatbot/chatbot.umd.js,extensions:
upload_accept,raw/ilearn.thu.edu.tw/chatbot/chatbot.umd.js,extensions:
upload_accept,raw/ilearn.thu.edu.tw/chatbot/chatbot.umd.js,extensions:
upload_accept,raw/ilearn.thu.edu.tw/chatbot/chatbot.umd.js,extensions:
upload_accept,raw/ilearn.thu.edu.tw/chatbot/chatbot.umd.js,extensions:
upload_accept,raw/ilearn.thu.edu.tw/chatbot/chatbot.umd.js,extensions:
upload_accept,raw/ilearn.thu.edu.tw/chatbot/chatbot.umd.js,extensions:
upload_accept,raw/ilearn.thu.edu.tw/chatbot/chatbot.umd.js,extensions:
upload_accept,raw/ilearn.thu.edu.tw/chatbot/chatbot.umd.js,extensions:
upload_accept,raw/ilearn.thu.edu.tw/chatbot/chatbot.umd.js,extensions:
upload_accept,raw/ilearn.thu.edu.tw/chatbot/chatbot.umd.js,extensions:
upload_accept,raw/ilearn.thu.edu.tw/chatbot/chatbot.umd.js,extensions:
upload_accept,raw/ilearn.thu.edu.tw/chatbot/chatbot.umd.js,extensions:
upload_accept,raw/ilearn.thu.edu.tw/chatbot/chatbot.umd.js,extensions:
upload_accept,raw/ilearn.thu.edu.tw/chatbot/chatbot.umd.js,extensions:
upload_accept,raw/ilearn.thu.edu.tw/chatbot/chatbot.umd.js,extensions:
upload_accept,raw/ilearn.thu.edu.tw/chatbot/chatbot.umd.js,extensions:
upload_accept,raw/ilearn.thu.edu.tw/chatbot/chatbot.umd.js,extensions:
upload_accept,raw/ilearn.thu.edu.tw/chatbot/chatbot.umd.js,extensions:
upload_accept,raw/ilearn.thu.edu.tw/chatbot/chatbot.umd.js,extensions:
upload_accept,raw/ilearn.thu.edu.tw/chatbot/chatbot.umd.js,extensions:
upload_accept,raw/ilearn.thu.edu.tw/chatbot/chatbot.umd.js,extensions:
upload_accept,raw/ilearn.thu.edu.tw/chatbot/chatbot.umd.js,extensions:
upload_accept,raw/ilearn.thu.edu.tw/chatbot/chatbot.umd.js,extensions:
upload_accept,raw/ilearn.thu.edu.tw/chatbot/chatbot.umd.js,extensions:
upload_accept,raw/ilearn.thu.edu.tw/chatbot/chatbot.umd.js,extensions:
upload_accept,raw/ilearn.thu.edu.tw/chatbot/chatbot.umd.js,extensions:
upload_accept,raw/ilearn.thu.edu.tw/chatbot/chatbot.umd.js,extensions:
upload_accept,raw/ilearn.thu.edu.tw/chatbot/chatbot.umd.js,extensions:
upload_accept,raw/ilearn.thu.edu.tw/chatbot/chatbot.umd.js,extensions:
upload_accept,raw/ilearn.thu.edu.tw/chatbot/chatbot.umd.js,extensions:
upload_accept,raw/ilearn.thu.edu.tw/chatbot/chatbot.umd.js,extensions:
upload_accept,raw/ilearn.thu.edu.tw/chatbot/chatbot.umd.js,extensions:
upload_accept,raw/ilearn.thu.edu.tw/chatbot/chatbot.umd.js,extensions:
upload_accept,raw/ilearn.thu.edu.tw/chatbot/chatbot.umd.js,extensions:
upload_accept,raw/ilearn.thu.edu.tw/chatbot/chatbot.umd.js,extensions:
upload_accept,raw/ilearn.thu.edu.tw/chatbot/chatbot.umd.js,extensions:
upload_accept,raw/ilearn.thu.edu.tw/chatbot/chatbot.umd.js,extensions:
upload_accept,raw/ilearn.thu.edu.tw/chatbot/chatbot.umd.js,extensions:
upload_accept,raw/ilearn.thu.edu.tw/chatbot/chatbot.umd.js,extensions:
upload_accept,raw/ilearn.thu.edu.tw/chatbot/chatbot.umd.js,extensions:
upload_accept,raw/ilearn.thu.edu.tw/chatbot/chatbot.umd.js,extensions:
upload_accept,raw/ilearn.thu.edu.tw/chatbot/chatbot.umd.js,extensions:
upload_accept,raw/ilearn.thu.edu.tw/chatbot/chatbot.umd.js,extensions:
upload_accept,raw/ilearn.thu.edu.tw/chatbot/chatbot.umd.js,extensions:
upload_accept,raw/ilearn.thu.edu.tw/chatbot/chatbot.umd.js,extensions:
upload_accept,raw/ilearn.thu.edu.tw/chatbot/chatbot.umd.js,extensions:
upload_accept,raw/ilearn.thu.edu.tw/chatbot/chatbot.umd.js,extensions:
upload_accept,raw/ilearn.thu.edu.tw/chatbot/chatbot.umd.js,extensions:
upload_accept,raw/ilearn.thu.edu.tw/chatbot/chatbot.umd.js,extensions:
upload_accept,raw/ilearn.thu.edu.tw/chatbot/chatbot.umd.js,extensions:
upload_accept,raw/ilearn.thu.edu.tw/chatbot/chatbot.umd.js,extensions:
upload_accept,raw/ilearn.thu.edu.tw/chatbot/chatbot.umd.js,extensions:
upload_accept,raw/ilearn.thu.edu.tw/chatbot/chatbot.umd.js,extensions:
upload_accept,raw/ilearn.thu.edu.tw/chatbot/chatbot.umd.js,extensions:
upload_accept,raw/ilearn.thu.edu.tw/chatbot/chatbot.umd.js,extensions:
upload_accept,raw/ilearn.thu.edu.tw/chatbot/chatbot.umd.js,extensions:
upload_accept,raw/ilearn.thu.edu.tw/chatbot/chatbot.umd.js,extensions:
upload_accept,raw/ilearn.thu.edu.tw/chatbot/chatbot.umd.js,extensions:
upload_accept,raw/ilearn.thu.edu.tw/chatbot/chatbot.umd.js,extensions:
upload_accept,raw/ilearn.thu.edu.tw/chatbot/chatbot.umd.js,extensions:
upload_accept,raw/ilearn.thu.edu.tw/chatbot/chatbot.umd.js,extensions:
upload_accept,raw/ilearn.thu.edu.tw/chatbot/chatbot.umd.js,extensions:
upload_accept,raw/ilearn.thu.edu.tw/chatbot/chatbot.umd.js,extensions:
upload_accept,raw/ilearn.thu.edu.tw/chatbot/chatbot.umd.js,extensions:
upload_accept,raw/ilearn.thu.edu.tw/chatbot/chatbot.umd.js,extensions:
upload_accept,raw/ilearn.thu.edu.tw/chatbot/chatbot.umd.js,extensions:
upload_accept,raw/ilearn.thu.edu.tw/chatbot/chatbot.umd.js,extensions:
upload_accept,raw/ilearn.thu.edu.tw/chatbot/chatbot.umd.js,extensions:
upload_accept,raw/ilearn.thu.edu.tw/chatbot/chatbot.umd.js,extensions:
upload_accept,raw/ilearn.thu.edu.tw/chatbot/chatbot.umd.js,extensions:
upload_accept,raw/ilearn.thu.edu.tw/chatbot/chatbot.umd.js,extensions:
upload_accept,raw/ilearn.thu.edu.tw/chatbot/chatbot.umd.js,extensions:
upload_accept,raw/ilearn.thu.edu.tw/chatbot/chatbot.umd.js,extensions:
upload_accept,raw/ilearn.thu.edu.tw/chatbot/chatbot.umd.js,extensions:
upload_accept,raw/ilearn.thu.edu.tw/chatbot/chatbot.umd.js,extensions:
upload_accept,raw/ilearn.thu.edu.tw/chatbot/chatbot.umd.js,extensions:
upload_accept,raw/ilearn.thu.edu.tw/chatbot/chatbot.umd.js,extensions:
upload_accept,raw/ilearn.thu.edu.tw/chatbot/chatbot.umd.js,extensions:
upload_accept,raw/ilearn.thu.edu.tw/chatbot/chatbot.umd.js,extensions:
upload_accept,raw/ilearn.thu.edu.tw/chatbot/chatbot.umd.js,extensions:
upload_accept,raw/ilearn.thu.edu.tw/chatbot/chatbot.umd.js,extensions:
upload_accept,raw/ilearn.thu.edu.tw/chatbot/chatbot.umd.js,extensions:
upload_accept,raw/ilearn.thu.edu.tw/chatbot/chatbot.umd.js,extensions:
upload_accept,raw/ilearn.thu.edu.tw/chatbot/chatbot.umd.js,extensions:
upload_accept,raw/ilearn.thu.edu.tw/chatbot/chatbot.umd.js,extensions:
upload_accept,raw/ilearn.thu.edu.tw/chatbot/chatbot.umd.js,extensions:
upload_accept,raw/ilearn.thu.edu.tw/chatbot/chatbot.umd.js,extensions:
upload_accept,raw/ilearn.thu.edu.tw/chatbot/chatbot.umd.js,extensions:
upload_accept,raw/ilearn.thu.edu.tw/chatbot/chatbot.umd.js,extensions:
upload_accept,raw/ilearn.thu.edu.tw/chatbot/chatbot.umd.js,extensions:
upload_accept,raw/ilearn.thu.edu.tw/chatbot/chatbot.umd.js,extensions:
upload_accept,raw/ilearn.thu.edu.tw/chatbot/chatbot.umd.js,extensions:
upload_accept,raw/ilearn.thu.edu.tw/chatbot/chatbot.umd.js,extensions:
upload_accept,raw/ilearn.thu.edu.tw/chatbot/chatbot.umd.js,extensions:
upload_accept,raw/ilearn.thu.edu.tw/chatbot/chatbot.umd.js,extensions:
upload_accept,raw/ilearn.thu.edu.tw/chatbot/chatbot.umd.js,extensions:
upload_accept,raw/ilearn.thu.edu.tw/chatbot/chatbot.umd.js,extensions:
upload_accept,raw/ilearn.thu.edu.tw/chatbot/chatbot.umd.js,extensions:
upload_accept,raw/ilearn.thu.edu.tw/chatbot/chatbot.umd.js,extensions:
upload_accept,raw/ilearn.thu.edu.tw/chatbot/chatbot.umd.js,extensions:
upload_accept,raw/ilearn.thu.edu.tw/chatbot/chatbot.umd.js,extensions:
upload_accept,raw/ilearn.thu.edu.tw/chatbot/chatbot.umd.js,extensions:
upload_accept,raw/ilearn.thu.edu.tw/chatbot/chatbot.umd.js,extensions:
upload_accept,raw/ilearn.thu.edu.tw/chatbot/chatbot.umd.js,extensions:
upload_accept,raw/ilearn.thu.edu.tw/chatbot/chatbot.umd.js,extensions:
upload_accept,raw/ilearn.thu.edu.tw/chatbot/chatbot.umd.js,extensions:
upload_accept,raw/ilearn.thu.edu.tw/chatbot/chatbot.umd.js,extensions:
upload_accept,raw/ilearn.thu.edu.tw/chatbot/chatbot.umd.js,extensions:
upload_accept,raw/ilearn.thu.edu.tw/chatbot/chatbot.umd.js,extensions:
upload_accept,raw/ilearn.thu.edu.tw/chatbot/chatbot.umd.js,extensions:
upload_accept,raw/ilearn.thu.edu.tw/chatbot/chatbot.umd.js,extensions:
upload_accept,raw/ilearn.thu.edu.tw/chatbot/chatbot.umd.js,extensions:
upload_accept,raw/ilearn.thu.edu.tw/chatbot/chatbot.umd.js,extensions:
upload_accept,raw/ilearn.thu.edu.tw/chatbot/chatbot.umd.js,extensions:
upload_accept,raw/ilearn.thu.edu.tw/chatbot/chatbot.umd.js,extensions:
upload_accept,raw/ilearn.thu.edu.tw/chatbot/chatbot.umd.js,extensions:
upload_accept,raw/ilearn.thu.edu.tw/chatbot/chatbot.umd.js,extensions:
upload_accept,raw/ilearn.thu.edu.tw/chatbot/chatbot.umd.js,extensions:
upload_accept,raw/ilearn.thu.edu.tw/chatbot/chatbot.umd.js,extensions:
upload_accept,raw/ilearn.thu.edu.tw/chatbot/chatbot.umd.js,extensions:
upload_accept,raw/ilearn.thu.edu.tw/chatbot/chatbot.umd.js,extensions:
upload_accept,raw/ilearn.thu.edu.tw/chatbot/chatbot.umd.js,extensions:
upload_accept,raw/ilearn.thu.edu.tw/chatbot/chatbot.umd.js,extensions:
upload_accept,raw/ilearn.thu.edu.tw/chatbot/chatbot.umd.js,extensions:
upload_accept,raw/ilearn.thu.edu.tw/chatbot/chatbot.umd.js,extensions:
upload_accept,raw/ilearn.thu.edu.tw/chatbot/chatbot.umd.js,extensions:
upload_accept,raw/ilearn.thu.edu.tw/chatbot/chatbot.umd.js,extensions:
upload_accept,raw/ilearn.thu.edu.tw/chatbot/chatbot.umd.js,extensions:
upload_accept,raw/ilearn.thu.edu.tw/chatbot/chatbot.umd.js,extensions:
upload_accept,raw/ilearn.thu.edu.tw/chatbot/chatbot.umd.js,extensions:
upload_accept,raw/ilearn.thu.edu.tw/chatbot/chatbot.umd.js,extensions:
upload_accept,raw/ilearn.thu.edu.tw/chatbot/chatbot.umd.js,extensions:
upload_accept,raw/ilearn.thu.edu.tw/chatbot/chatbot.umd.js,extensions:
upload_accept,raw/ilearn.thu.edu.tw/chatbot/chatbot.umd.js,extensions:
upload_accept,raw/ilearn.thu.edu.tw/chatbot/chatbot.umd.js,extensions:
upload_accept,raw/ilearn.thu.edu.tw/chatbot/chatbot.umd.js,extensions:
upload_accept,raw/ilearn.thu.edu.tw/chatbot/chatbot.umd.js,extensions:
upload_accept,raw/ilearn.thu.edu.tw/chatbot/chatbot.umd.js,extensions:
upload_accept,raw/ilearn.thu.edu.tw/chatbot/chatbot.umd.js,extensions:
upload_accept,raw/ilearn.thu.edu.tw/chatbot/chatbot.umd.js,extensions:
upload_accept,raw/ilearn.thu.edu.tw/chatbot/chatbot.umd.js,extensions:
upload_accept,raw/ilearn.thu.edu.tw/chatbot/chatbot.umd.js,extensions:
upload_accept,raw/ilearn.thu.edu.tw/chatbot/chatbot.umd.js,extensions:
upload_accept,raw/ilearn.thu.edu.tw/chatbot/chatbot.umd.js,extensions:
upload_accept,raw/ilearn.thu.edu.tw/chatbot/chatbot.umd.js,extensions:
upload_accept,raw/ilearn.thu.edu.tw/chatbot/chatbot.umd.js,extensions:
upload_accept,raw/ilearn.thu.edu.tw/chatbot/chatbot.umd.js,extensions:
upload_accept,raw/ilearn.thu.edu.tw/chatbot/chatbot.umd.js,extensions:
upload_accept,raw/ilearn.thu.edu.tw/chatbot/chatbot.umd.js,extensions:
upload_accept,raw/ilearn.thu.edu.tw/chatbot/chatbot.umd.js,extensions:
upload_accept,raw/ilearn.thu.edu.tw/chatbot/chatbot.umd.js,extensions:
upload_accept,raw/ilearn.thu.edu.tw/chatbot/chatbot.umd.js,extensions:
upload_accept,raw/ilearn.thu.edu.tw/chatbot/chatbot.umd.js,extensions:
upload_accept,raw/ilearn.thu.edu.tw/chatbot/chatbot.umd.js,extensions:
upload_accept,raw/ilearn.thu.edu.tw/chatbot/chatbot.umd.js,extensions:
upload_accept,raw/ilearn.thu.edu.tw/chatbot/chatbot.umd.js,extensions:
upload_accept,raw/ilearn.thu.edu.tw/chatbot/chatbot.umd.js,extensions:
upload_accept,raw/ilearn.thu.edu.tw/chatbot/chatbot.umd.js,extensions:
upload_accept,raw/ilearn.thu.edu.tw/chatbot/chatbot.umd.js,mime
upload_accept,raw/ilearn.thu.edu.tw/chatbot/chatbot.umd.js,extensions:
upload_accept,raw/ilearn.thu.edu.tw/chatbot/chatbot.umd.js,extensions:
upload_accept,raw/ilearn.thu.edu.tw/chatbot/chatbot.umd.js,extensions:
upload_accept,raw/ilearn.thu.edu.tw/chatbot/chatbot.umd.js,extensions:
upload_accept,raw/ilearn.thu.edu.tw/chatbot/chatbot.umd.js,extensions:
upload_accept,raw/ilearn.thu.edu.tw/chatbot/chatbot.umd.js,extensions:
upload_accept,raw/ilearn.thu.edu.tw/chatbot/chatbot.umd.js,extensions:
upload_accept,raw/ilearn.thu.edu.tw/chatbot/chatbot.umd.js,extensions:
upload_accept,raw/ilearn.thu.edu.tw/chatbot/chatbot.umd.js,extensions:
upload_accept,raw/ilearn.thu.edu.tw/chatbot/chatbot.umd.js,extensions:
upload_accept,raw/ilearn.thu.edu.tw/chatbot/chatbot.umd.js,extensions:
upload_accept,raw/ilearn.thu.edu.tw/chatbot/chatbot.umd.js,extensions:
upload_accept,raw/ilearn.thu.edu.tw/chatbot/chatbot.umd.js,extensions:
upload_accept,raw/ilearn.thu.edu.tw/chatbot/chatbot.umd.js,extensions:
upload_accept,raw/ilearn.thu.edu.tw/chatbot/chatbot.umd.js,extensions:
upload_accept,raw/ilearn.thu.edu.tw/chatbot/chatbot.umd.js,extensions:
upload_accept,raw/ilearn.thu.edu.tw/chatbot/chatbot.umd.js,extensions:
upload_accept,raw/ilearn.thu.edu.tw/chatbot/chatbot.umd.js,extensions:
upload_accept,raw/ilearn.thu.edu.tw/chatbot/chatbot.umd.js,extensions:
upload_accept,raw/ilearn.thu.edu.tw/chatbot/chatbot.umd.js,extensions:
upload_accept,raw/ilearn.thu.edu.tw/chatbot/chatbot.umd.js,extensions:
upload_accept,raw/ilearn.thu.edu.tw/chatbot/chatbot.umd.js,extensions:
upload_accept,raw/ilearn.thu.edu.tw/chatbot/chatbot.umd.js,extensions:
upload_accept,raw/ilearn.thu.edu.tw/chatbot/chatbot.umd.js,extensions:
upload_accept,raw/ilearn.thu.edu.tw/chatbot/chatbot.umd.js,extensions:
upload_accept,raw/ilearn.thu.edu.tw/chatbot/chatbot.umd.js,extensions:
upload_accept,raw/ilearn.thu.edu.tw/chatbot/chatbot.umd.js,extensions:
upload_accept,raw/ilearn.thu.edu.tw/chatbot/chatbot.umd.js,extensions:
upload_accept,raw/ilearn.thu.edu.tw/chatbot/chatbot.umd.js,extensions:
upload_accept,raw/ilearn.thu.edu.tw/chatbot/chatbot.umd.js,extensions:
upload_accept,raw/ilearn.thu.edu.tw/chatbot/chatbot.umd.js,extensions:
upload_accept,raw/ilearn.thu.edu.tw/chatbot/chatbot.umd.js,extensions:
upload_accept,raw/ilearn.thu.edu.tw/chatbot/chatbot.umd.js,extensions:
upload_accept,raw/ilearn.thu.edu.tw/chatbot/chatbot.umd.js,extensions:
upload_accept,raw/ilearn.thu.edu.tw/chatbot/chatbot.umd.js,extensions:
upload_accept,raw/ilearn.thu.edu.tw/chatbot/chatbot.umd.js,extensions:
upload_accept,raw/ilearn.thu.edu.tw/chatbot/chatbot.umd.js,extensions:
upload_accept,raw/ilearn.thu.edu.tw/chatbot/chatbot.umd.js,extensions:
upload_accept,raw/ilearn.thu.edu.tw/chatbot/chatbot.umd.js,extensions:
upload_accept,raw/ilearn.thu.edu.tw/chatbot/chatbot.umd.js,extensions:
upload_accept,raw/ilearn.thu.edu.tw/chatbot/chatbot.umd.js,extensions:
upload_accept,raw/ilearn.thu.edu.tw/chatbot/chatbot.umd.js,extensions:
upload_accept,raw/ilearn.thu.edu.tw/chatbot/chatbot.umd.js,extensions:
upload_accept,raw/ilearn.thu.edu.tw/chatbot/chatbot.umd.js,extensions:
upload_accept,raw/ilearn.thu.edu.tw/chatbot/chatbot.umd.js,extensions:
upload_accept,raw/ilearn.thu.edu.tw/chatbot/chatbot.umd.js,extensions:
upload_accept,raw/ilearn.thu.edu.tw/chatbot/chatbot.umd.js,extensions:
upload_accept,raw/ilearn.thu.edu.tw/chatbot/chatbot.umd.js,extensions:
upload_accept,raw/ilearn.thu.edu.tw/chatbot/chatbot.umd.js,extensions:
upload_accept,raw/ilearn.thu.edu.tw/chatbot/chatbot.umd.js,extensions:
upload_accept,raw/ilearn.thu.edu.tw/chatbot/chatbot.umd.js,extensions:
upload_accept,raw/ilearn.thu.edu.tw/chatbot/chatbot.umd.js,extensions:
upload_accept,raw/ilearn.thu.edu.tw/chatbot/chatbot.umd.js,extensions:
upload_accept,raw/ilearn.thu.edu.tw/chatbot/chatbot.umd.js,extensions:
upload_accept,raw/ilearn.thu.edu.tw/chatbot/chatbot.umd.js,extensions:
upload_accept,raw/ilearn.thu.edu.tw/chatbot/chatbot.umd.js,extensions:
upload_accept,raw/ilearn.thu.edu.tw/chatbot/chatbot.umd.js,extensions:
upload_accept,raw/ilearn.thu.edu.tw/chatbot/chatbot.umd.js,extensions:
upload_accept,raw/ilearn.thu.edu.tw/chatbot/chatbot.umd.js,extensions:
upload_accept,raw/ilearn.thu.edu.tw/chatbot/chatbot.umd.js,extensions:
upload_accept,raw/ilearn.thu.edu.tw/chatbot/chatbot.umd.js,extensions:
upload_accept,raw/ilearn.thu.edu.tw/chatbot/chatbot.umd.js,extensions:
upload_accept,raw/ilearn.thu.edu.tw/chatbot/chatbot.umd.js,extensions:
upload_accept,raw/ilearn.thu.edu.tw/chatbot/chatbot.umd.js,extensions:
upload_accept,raw/ilearn.thu.edu.tw/chatbot/chatbot.umd.js,extensions:
upload_accept,raw/ilearn.thu.edu.tw/chatbot/chatbot.umd.js,extensions:
upload_accept,raw/ilearn.thu.edu.tw/chatbot/chatbot.umd.js,extensions:
upload_accept,raw/ilearn.thu.edu.tw/chatbot/chatbot.umd.js,extensions:
upload_accept,raw/ilearn.thu.edu.tw/chatbot/chatbot.umd.js,extensions:
upload_accept,raw/ilearn.thu.edu.tw/chatbot/chatbot.umd.js,extensions:
upload_accept,raw/ilearn.thu.edu.tw/chatbot/chatbot.umd.js,extensions:
upload_accept,raw/ilearn.thu.edu.tw/chatbot/chatbot.umd.js,extensions:
upload_accept,raw/ilearn.thu.edu.tw/chatbot/chatbot.umd.js,extensions:
upload_accept,raw/ilearn.thu.edu.tw/chatbot/chatbot.umd.js,extensions:
upload_accept,raw/ilearn.thu.edu.tw/chatbot/chatbot.umd.js,extensions:
upload_accept,raw/ilearn.thu.edu.tw/chatbot/chatbot.umd.js,extensions:
upload_accept,raw/ilearn.thu.edu.tw/chatbot/chatbot.umd.js,extensions:
upload_accept,raw/ilearn.thu.edu.tw/chatbot/chatbot.umd.js,extensions:
upload_accept,raw/ilearn.thu.edu.tw/chatbot/chatbot.umd.js,extensions:
upload_accept,raw/ilearn.thu.edu.tw/chatbot/chatbot.umd.js,extensions:
upload_accept,raw/ilearn.thu.edu.tw/chatbot/chatbot.umd.js,extensions:
upload_accept,raw/ilearn.thu.edu.tw/chatbot/chatbot.umd.js,extensions:
upload_accept,raw/ilearn.thu.edu.tw/chatbot/chatbot.umd.js,extensions:
upload_accept,raw/ilearn.thu.edu.tw/chatbot/chatbot.umd.js,extensions:
upload_accept,raw/ilearn.thu.edu.tw/chatbot/chatbot.umd.js,extensions:
upload_accept,raw/ilearn.thu.edu.tw/chatbot/chatbot.umd.js,extensions:
upload_accept,raw/ilearn.thu.edu.tw/chatbot/chatbot.umd.js,extensions:
upload_accept,raw/ilearn.thu.edu.tw/chatbot/chatbot.umd.js,extensions:
upload_accept,raw/ilearn.thu.edu.tw/chatbot/chatbot.umd.js,extensions:
upload_accept,raw/ilearn.thu.edu.tw/chatbot/chatbot.umd.js,extensions:
upload_accept,raw/ilearn.thu.edu.tw/chatbot/chatbot.umd.js,extensions:
upload_accept,raw/ilearn.thu.edu.tw/chatbot/chatbot.umd.js,extensions:
upload_accept,raw/ilearn.thu.edu.tw/chatbot/chatbot.umd.js,extensions:
upload_accept,raw/ilearn.thu.edu.tw/chatbot/chatbot.umd.js,extensions:
upload_accept,raw/ilearn.thu.edu.tw/chatbot/chatbot.umd.js,extensions:
upload_accept,raw/ilearn.thu.edu.tw/chatbot/chatbot.umd.js,extensions:
upload_accept,raw/ilearn.thu.edu.tw/chatbot/chatbot.umd.js,extensions:
upload_accept,raw/ilearn.thu.edu.tw/chatbot/chatbot.umd.js,extensions:
upload_accept,raw/ilearn.thu.edu.tw/chatbot/chatbot.umd.js,extensions:
upload_accept,raw/ilearn.thu.edu.tw/chatbot/chatbot.umd.js,extensions:
upload_accept,raw/ilearn.thu.edu.tw/chatbot/chatbot.umd.js,extensions:
upload_accept,raw/ilearn.thu.edu.tw/chatbot/chatbot.umd.js,extensions:
upload_accept,raw/ilearn.thu.edu.tw/chatbot/chatbot.umd.js,extensions:
upload_accept,raw/ilearn.thu.edu.tw/chatbot/chatbot.umd.js,extensions:
upload_accept,raw/ilearn.thu.edu.tw/chatbot/chatbot.umd.js,extensions:
upload_accept,raw/ilearn.thu.edu.tw/chatbot/chatbot.umd.js,extensions:
upload_accept,raw/ilearn.thu.edu.tw/chatbot/chatbot.umd.js,extensions:
upload_accept,raw/ilearn.thu.edu.tw/chatbot/chatbot.umd.js,extensions:
upload_accept,raw/ilearn.thu.edu.tw/chatbot/chatbot.umd.js,extensions:
upload_accept,raw/ilearn.thu.edu.tw/chatbot/chatbot.umd.js,extensions:
upload_accept,raw/ilearn.thu.edu.tw/chatbot/chatbot.umd.js,extensions:
upload_accept,raw/ilearn.thu.edu.tw/chatbot/chatbot.umd.js,extensions:
upload_accept,raw/ilearn.thu.edu.tw/chatbot/chatbot.umd.js,extensions:
upload_accept,raw/ilearn.thu.edu.tw/chatbot/chatbot.umd.js,extensions:
upload_accept,raw/ilearn.thu.edu.tw/chatbot/chatbot.umd.js,extensions:
upload_accept,raw/ilearn.thu.edu.tw/chatbot/chatbot.umd.js,extensions:
upload_accept,raw/ilearn.thu.edu.tw/chatbot/chatbot.umd.js,extensions:
upload_accept,raw/ilearn.thu.edu.tw/chatbot/chatbot.umd.js,extensions:
upload_accept,raw/ilearn.thu.edu.tw/chatbot/chatbot.umd.js,extensions:
upload_accept,raw/ilearn.thu.edu.tw/chatbot/chatbot.umd.js,extensions:
upload_accept,raw/ilearn.thu.edu.tw/chatbot/chatbot.umd.js,extensions:
upload_accept,raw/ilearn.thu.edu.tw/chatbot/chatbot.umd.js,extensions:
upload_accept,raw/ilearn.thu.edu.tw/chatbot/chatbot.umd.js,extensions:
upload_accept,raw/ilearn.thu.edu.tw/chatbot/chatbot.umd.js,extensions:
upload_accept,raw/ilearn.thu.edu.tw/chatbot/chatbot.umd.js,extensions:
upload_accept,raw/ilearn.thu.edu.tw/chatbot/chatbot.umd.js,extensions:
upload_accept,raw/ilearn.thu.edu.tw/chatbot/chatbot.umd.js,extensions:
upload_accept,raw/ilearn.thu.edu.tw/chatbot/chatbot.umd.js,extensions:
upload_accept,raw/ilearn.thu.edu.tw/chatbot/chatbot.umd.js,extensions:
upload_accept,raw/ilearn.thu.edu.tw/chatbot/chatbot.umd.js,extensions:
upload_accept,raw/ilearn.thu.edu.tw/chatbot/chatbot.umd.js,extensions:
upload_accept,raw/ilearn.thu.edu.tw/chatbot/chatbot.umd.js,extensions:
upload_accept,raw/ilearn.thu.edu.tw/chatbot/chatbot.umd.js,extensions:
upload_accept,raw/ilearn.thu.edu.tw/chatbot/chatbot.umd.js,extensions:
upload_accept,raw/ilearn.thu.edu.tw/chatbot/chatbot.umd.js,extensions:
upload_accept,raw/ilearn.thu.edu.tw/chatbot/chatbot.umd.js,extensions:
upload_accept,raw/ilearn.thu.edu.tw/chatbot/chatbot.umd.js,extensions:
upload_accept,raw/ilearn.thu.edu.tw/chatbot/chatbot.umd.js,extensions:
upload_accept,raw/ilearn.thu.edu.tw/chatbot/chatbot.umd.js,extensions:
upload_accept,raw/ilearn.thu.edu.tw/chatbot/chatbot.umd.js,extensions:
upload_accept,raw/ilearn.thu.edu.tw/chatbot/chatbot.umd.js,extensions:
upload_accept,raw/ilearn.thu.edu.tw/chatbot/chatbot.umd.js,extensions:
upload_accept,raw/ilearn.thu.edu.tw/chatbot/chatbot.umd.js,extensions:
upload_accept,raw/ilearn.thu.edu.tw/chatbot/chatbot.umd.js,extensions:
upload_accept,raw/ilearn.thu.edu.tw/chatbot/chatbot.umd.js,extensions:
upload_accept,raw/ilearn.thu.edu.tw/chatbot/chatbot.umd.js,extensions:
upload_accept,raw/ilearn.thu.edu.tw/chatbot/chatbot.umd.js,extensions:
upload_accept,raw/ilearn.thu.edu.tw/chatbot/chatbot.umd.js,uploadId:n.uploadId
upload_accept,raw/ilearn.thu.edu.tw/chatbot/chatbot.umd.js,uploadInfo
upload_accept,raw/ilearn.thu.edu.tw/chatbot/chatbot.umd.js,extensions
upload_accept,raw/ilearn.thu.edu.tw/chatbot/chatbot.umd.js,uploadSizeLimit:
upload_accept,raw/ilearn.thu.edu.tw/chatbot/chatbot.umd.js,upload
upload_accept,raw/ilearn.thu.edu.tw/chatbot/chatbot.umd.js,uploadExpand:
upload_accept,raw/ilearn.thu.edu.tw/chatbot/chatbot.umd.js,Upload
upload_accept,raw/ilearn.thu.edu.tw/chatbot/chatbot.umd.js,upload:
upload_accept,raw/ilearn.thu.edu.tw/chatbot/chatbot.umd.js,Upload
upload_accept,raw/ilearn.thu.edu.tw/chatbot/chatbot.umd.js,uploadLimitTips1:
upload_accept,raw/ilearn.thu.edu.tw/chatbot/chatbot.umd.js,upload
upload_accept,raw/ilearn.thu.edu.tw/chatbot/chatbot.umd.js,uploadLimitTips2:
upload_accept,raw/ilearn.thu.edu.tw/chatbot/chatbot.umd.js,upload
upload_accept,raw/ilearn.thu.edu.tw/chatbot/chatbot.umd.js,uploadLimitTipsByOutline:
upload_accept,raw/ilearn.thu.edu.tw/chatbot/chatbot.umd.js,uploading
upload_accept,raw/ilearn.thu.edu.tw/chatbot/chatbot.umd.js,uploadTips1:
upload_accept,raw/ilearn.thu.edu.tw/chatbot/chatbot.umd.js,Upload
upload_accept,raw/ilearn.thu.edu.tw/chatbot/chatbot.umd.js,uploadTips2:
upload_accept,raw/ilearn.thu.edu.tw/chatbot/chatbot.umd.js,uploaded
upload_accept,raw/ilearn.thu.edu.tw/chatbot/chatbot.umd.js,uploadManually:
upload_accept,raw/ilearn.thu.edu.tw/chatbot/chatbot.umd.js,upload:
upload_accept,raw/ilearn.thu.edu.tw/chatbot/chatbot.umd.js,Upload
upload_accept,raw/ilearn.thu.edu.tw/chatbot/chatbot.umd.js,uploadEmptyText:
upload_accept,raw/ilearn.thu.edu.tw/chatbot/chatbot.umd.js,upload
upload_accept,raw/ilearn.thu.edu.tw/chatbot/chatbot.umd.js,uploadExists:
upload_accept,raw/ilearn.thu.edu.tw/chatbot/chatbot.umd.js,Upload
upload_accept,raw/ilearn.thu.edu.tw/chatbot/chatbot.umd.js,uploadFailed:
upload_accept,raw/ilearn.thu.edu.tw/chatbot/chatbot.umd.js,Upload
upload_accept,raw/ilearn.thu.edu.tw/chatbot/chatbot.umd.js,uploadFile:
upload_accept,raw/ilearn.thu.edu.tw/chatbot/chatbot.umd.js,Upload
upload_accept,raw/ilearn.thu.edu.tw/chatbot/chatbot.umd.js,uploadSuccess:
upload_accept,raw/ilearn.thu.edu.tw/chatbot/chatbot.umd.js,Upload
upload_accept,raw/ilearn.thu.edu.tw/chatbot/chatbot.umd.js,upload
upload_accept,raw/ilearn.thu.edu.tw/chatbot/chatbot.umd.js,uploadSizeLimit:
upload_accept,raw/ilearn.thu.edu.tw/chatbot/chatbot.umd.js,uploadExpand:
upload_accept,raw/ilearn.thu.edu.tw/chatbot/chatbot.umd.js,upload:
upload_accept,raw/ilearn.thu.edu.tw/chatbot/chatbot.umd.js,uploadLimitTips1:
upload_accept,raw/ilearn.thu.edu.tw/chatbot/chatbot.umd.js,uploadLimitTips2:
upload_accept,raw/ilearn.thu.edu.tw/chatbot/chatbot.umd.js,uploadLimitTipsByOutline:
upload_accept,raw/ilearn.thu.edu.tw/chatbot/chatbot.umd.js,uploadTips1:
upload_accept,raw/ilearn.thu.edu.tw/chatbot/chatbot.umd.js,uploadTips2:
upload_accept,raw/ilearn.thu.edu.tw/chatbot/chatbot.umd.js,uploadManually:
upload_accept,raw/ilearn.thu.edu.tw/chatbot/chatbot.umd.js,upload:
upload_accept,raw/ilearn.thu.edu.tw/chatbot/chatbot.umd.js,uploadEmptyText:
upload_accept,raw/ilearn.thu.edu.tw/chatbot/chatbot.umd.js,uploadExists:
upload_accept,raw/ilearn.thu.edu.tw/chatbot/chatbot.umd.js,uploadFailed:
upload_accept,raw/ilearn.thu.edu.tw/chatbot/chatbot.umd.js,uploadFile:
upload_accept,raw/ilearn.thu.edu.tw/chatbot/chatbot.umd.js,uploadSuccess:
upload_accept,raw/ilearn.thu.edu.tw/chatbot/chatbot.umd.js,uploadSizeLimit:
upload_accept,raw/ilearn.thu.edu.tw/chatbot/chatbot.umd.js,uploadExpand:
upload_accept,raw/ilearn.thu.edu.tw/chatbot/chatbot.umd.js,upload:
upload_accept,raw/ilearn.thu.edu.tw/chatbot/chatbot.umd.js,uploadLimitTips1:
upload_accept,raw/ilearn.thu.edu.tw/chatbot/chatbot.umd.js,uploadLimitTips2:
upload_accept,raw/ilearn.thu.edu.tw/chatbot/chatbot.umd.js,uploadLimitTipsByOutline:
upload_accept,raw/ilearn.thu.edu.tw/chatbot/chatbot.umd.js,uploadTips1:
upload_accept,raw/ilearn.thu.edu.tw/chatbot/chatbot.umd.js,uploadTips2:
upload_accept,raw/ilearn.thu.edu.tw/chatbot/chatbot.umd.js,uploadManually:
upload_accept,raw/ilearn.thu.edu.tw/chatbot/chatbot.umd.js,upload:
upload_accept,raw/ilearn.thu.edu.tw/chatbot/chatbot.umd.js,uploadEmptyText:
upload_accept,raw/ilearn.thu.edu.tw/chatbot/chatbot.umd.js,uploadExists:
upload_accept,raw/ilearn.thu.edu.tw/chatbot/chatbot.umd.js,uploadFailed:
upload_accept,raw/ilearn.thu.edu.tw/chatbot/chatbot.umd.js,uploadFile:
upload_accept,raw/ilearn.thu.edu.tw/chatbot/chatbot.umd.js,uploadSuccess:
upload_accept,raw/ilearn.thu.edu.tw/chatbot/chatbot.umd.js,uploadManually:
upload_accept,raw/ilearn.thu.edu.tw/chatbot/chatbot.umd.js,uploadSizeLimit:
upload_accept,raw/ilearn.thu.edu.tw/chatbot/chatbot.umd.js,uploadExpand:
upload_accept,raw/ilearn.thu.edu.tw/chatbot/chatbot.umd.js,upload:
upload_accept,raw/ilearn.thu.edu.tw/chatbot/chatbot.umd.js,uploadLimitTips1:
upload_accept,raw/ilearn.thu.edu.tw/chatbot/chatbot.umd.js,uploadLimitTips2:
upload_accept,raw/ilearn.thu.edu.tw/chatbot/chatbot.umd.js,uploadLimitTipsByOutline:
upload_accept,raw/ilearn.thu.edu.tw/chatbot/chatbot.umd.js,uploadTips1:
upload_accept,raw/ilearn.thu.edu.tw/chatbot/chatbot.umd.js,uploadTips2:
upload_accept,raw/ilearn.thu.edu.tw/chatbot/chatbot.umd.js,uploadManually:
upload_accept,raw/ilearn.thu.edu.tw/chatbot/chatbot.umd.js,upload:
upload_accept,raw/ilearn.thu.edu.tw/chatbot/chatbot.umd.js,uploadEmptyText:
upload_accept,raw/ilearn.thu.edu.tw/chatbot/chatbot.umd.js,uploadExists:
upload_accept,raw/ilearn.thu.edu.tw/chatbot/chatbot.umd.js,uploadFailed:
upload_accept,raw/ilearn.thu.edu.tw/chatbot/chatbot.umd.js,uploadFile:
upload_accept,raw/ilearn.thu.edu.tw/chatbot/chatbot.umd.js,uploadSuccess:
upload_accept,raw/ilearn.thu.edu.tw/chatbot/chatbot.umd.js,uploadSizeLimit:
upload_accept,raw/ilearn.thu.edu.tw/chatbot/chatbot.umd.js,uploadExpand:
upload_accept,raw/ilearn.thu.edu.tw/chatbot/chatbot.umd.js,upload:
upload_accept,raw/ilearn.thu.edu.tw/chatbot/chatbot.umd.js,uploadLimitTips1:
upload_accept,raw/ilearn.thu.edu.tw/chatbot/chatbot.umd.js,uploadLimitTips2:
upload_accept,raw/ilearn.thu.edu.tw/chatbot/chatbot.umd.js,uploadLimitTipsByOutline:
upload_accept,raw/ilearn.thu.edu.tw/chatbot/chatbot.umd.js,uploadTips1:
upload_accept,raw/ilearn.thu.edu.tw/chatbot/chatbot.umd.js,uploadTips2:
upload_accept,raw/ilearn.thu.edu.tw/chatbot/chatbot.umd.js,uploadManually:
upload_accept,raw/ilearn.thu.edu.tw/chatbot/chatbot.umd.js,upload:
upload_accept,raw/ilearn.thu.edu.tw/chatbot/chatbot.umd.js,uploadEmptyText:
upload_accept,raw/ilearn.thu.edu.tw/chatbot/chatbot.umd.js,uploadExists:
upload_accept,raw/ilearn.thu.edu.tw/chatbot/chatbot.umd.js,uploadFailed:
upload_accept,raw/ilearn.thu.edu.tw/chatbot/chatbot.umd.js,uploadFile:
upload_accept,raw/ilearn.thu.edu.tw/chatbot/chatbot.umd.js,uploadSuccess:
upload_accept,raw/ilearn.thu.edu.tw/chatbot/chatbot.umd.js,uploadSizeLimit:
upload_accept,raw/ilearn.thu.edu.tw/chatbot/chatbot.umd.js,uploadExpand:
upload_accept,raw/ilearn.thu.edu.tw/chatbot/chatbot.umd.js,upload:
upload_accept,raw/ilearn.thu.edu.tw/chatbot/chatbot.umd.js,uploadLimitTips1:
upload_accept,raw/ilearn.thu.edu.tw/chatbot/chatbot.umd.js,uploadLimitTips2:
upload_accept,raw/ilearn.thu.edu.tw/chatbot/chatbot.umd.js,uploadLimitTipsByOutline:
upload_accept,raw/ilearn.thu.edu.tw/chatbot/chatbot.umd.js,uploadTips1:
upload_accept,raw/ilearn.thu.edu.tw/chatbot/chatbot.umd.js,uploadTips2:
upload_accept,raw/ilearn.thu.edu.tw/chatbot/chatbot.umd.js,uploadManually:
upload_accept,raw/ilearn.thu.edu.tw/chatbot/chatbot.umd.js,upload:
upload_accept,raw/ilearn.thu.edu.tw/chatbot/chatbot.umd.js,uploadEmptyText:
upload_accept,raw/ilearn.thu.edu.tw/chatbot/chatbot.umd.js,uploadExists:
upload_accept,raw/ilearn.thu.edu.tw/chatbot/chatbot.umd.js,uploadFailed:
upload_accept,raw/ilearn.thu.edu.tw/chatbot/chatbot.umd.js,uploadFile:
upload_accept,raw/ilearn.thu.edu.tw/chatbot/chatbot.umd.js,uploadSuccess:
upload_accept,raw/ilearn.thu.edu.tw/chatbot/chatbot.umd.js,uploadEmptyText:
upload_accept,raw/ilearn.thu.edu.tw/chatbot/chatbot.umd.js,uploadEmptyText:
upload_accept,raw/ilearn.thu.edu.tw/chatbot/chatbot.umd.js,uploadEmptyText:
upload_accept,raw/ilearn.thu.edu.tw/chatbot/chatbot.umd.js,uploadEmptyText:
upload_accept,raw/ilearn.thu.edu.tw/chatbot/chatbot.umd.js,uploadEmptyText:
upload_accept,raw/ilearn.thu.edu.tw/chatbot/chatbot.umd.js,uploadEmptyText:
upload_accept,raw/ilearn.thu.edu.tw/chatbot/chatbot.umd.js,Upload:
upload_accept,raw/ilearn.thu.edu.tw/chatbot/chatbot.umd.js,uploading:
upload_accept,raw/ilearn.thu.edu.tw/chatbot/chatbot.umd.js,Uploading...
upload_accept,raw/ilearn.thu.edu.tw/chatbot/chatbot.umd.js,uploadError:
upload_accept,raw/ilearn.thu.edu.tw/chatbot/chatbot.umd.js,Upload
upload_accept,raw/ilearn.thu.edu.tw/chatbot/chatbot.umd.js,upload
upload_accept,raw/ilearn.thu.edu.tw/chatbot/chatbot.umd.js,upload.onprogress
upload_accept,raw/ilearn.thu.edu.tw/chatbot/chatbot.umd.js,upload-
upload_accept,raw/ilearn.thu.edu.tw/chatbot/chatbot.umd.js,Upload:Function
upload_accept,raw/ilearn.thu.edu.tw/chatbot/chatbot.umd.js,Uploader
upload_accept,raw/ilearn.thu.edu.tw/chatbot/chatbot.umd.js,Upload:E
upload_accept,raw/ilearn.thu.edu.tw/chatbot/chatbot.umd.js,Upload
upload_accept,raw/ilearn.thu.edu.tw/chatbot/chatbot.umd.js,upload
upload_accept,raw/ilearn.thu.edu.tw/chatbot/chatbot.umd.js,Upload:null
upload_accept,raw/ilearn.thu.edu.tw/chatbot/chatbot.umd.js,UploadList:VA
upload_accept,raw/ilearn.thu.edu.tw/chatbot/chatbot.umd.js,Upload:_t
upload_accept,raw/ilearn.thu.edu.tw/chatbot/chatbot.umd.js,upload
upload_accept,raw/ilearn.thu.edu.tw/chatbot/chatbot.umd.js,uploading
upload_accept,raw/ilearn.thu.edu.tw/chatbot/chatbot.umd.js,uploading
upload_accept,raw/ilearn.thu.edu.tw/chatbot/chatbot.umd.js,uploading
upload_accept,raw/ilearn.thu.edu.tw/chatbot/chatbot.umd.js,uploading
upload_accept,raw/ilearn.thu.edu.tw/chatbot/chatbot.umd.js,uploadError
upload_accept,raw/ilearn.thu.edu.tw/chatbot/chatbot.umd.js,UploadList
upload_accept,raw/ilearn.thu.edu.tw/chatbot/chatbot.umd.js,uploading
upload_accept,raw/ilearn.thu.edu.tw/chatbot/chatbot.umd.js,uploading:C
upload_accept,raw/ilearn.thu.edu.tw/chatbot/chatbot.umd.js,upload
upload_accept,raw/ilearn.thu.edu.tw/chatbot/chatbot.umd.js,upload_appendAction
upload_accept,raw/ilearn.thu.edu.tw/chatbot/chatbot.umd.js,uploadThumbnailSize
upload_accept,raw/ilearn.thu.edu.tw/chatbot/chatbot.umd.js,uploadProgressOffset
upload_accept,raw/ilearn.thu.edu.tw/chatbot/chatbot.umd.js,uploadAnimateInlineIn
upload_accept,raw/ilearn.thu.edu.tw/chatbot/chatbot.umd.js,uploadAnimateInlineOut
upload_accept,raw/ilearn.thu.edu.tw/chatbot/chatbot.umd.js,uploadThumbnailSize:A
upload_accept,raw/ilearn.thu.edu.tw/chatbot/chatbot.umd.js,uploadProgressOffset:a
upload_accept,raw/ilearn.thu.edu.tw/chatbot/chatbot.umd.js,uploading
upload_accept,raw/ilearn.thu.edu.tw/chatbot/chatbot.umd.js,uploadPicCardSize
upload_accept,raw/ilearn.thu.edu.tw/chatbot/chatbot.umd.js,uploading
upload_accept,raw/ilearn.thu.edu.tw/chatbot/chatbot.umd.js,Upload
upload_accept,raw/ilearn.thu.edu.tw/chatbot/chatbot.umd.js,uploadThumbnailSize:t
upload_accept,raw/ilearn.thu.edu.tw/chatbot/chatbot.umd.js,uploadProgressOffset:o
upload_accept,raw/ilearn.thu.edu.tw/chatbot/chatbot.umd.js,uploadPicCardSize:i
upload_accept,raw/ilearn.thu.edu.tw/chatbot/chatbot.umd.js,Upload
upload_accept,raw/ilearn.thu.edu.tw/chatbot/chatbot.umd.js,UploadList:
upload_accept,raw/ilearn.thu.edu.tw/chatbot/chatbot.umd.js,upload
upload_accept,raw/ilearn.thu.edu.tw/chatbot/chatbot.umd.js,Upload
upload_accept,raw/ilearn.thu.edu.tw/chatbot/chatbot.umd.js,Upload
upload_accept,raw/ilearn.thu.edu.tw/chatbot/chatbot.umd.js,Upload
upload_accept,raw/ilearn.thu.edu.tw/chatbot/chatbot.umd.js,Upload
upload_accept,raw/ilearn.thu.edu.tw/chatbot/chatbot.umd.js,Upload:j
upload_accept,raw/ilearn.thu.edu.tw/chatbot/chatbot.umd.js,uploading
upload_accept,raw/ilearn.thu.edu.tw/chatbot/chatbot.umd.js,uploading
upload_accept,raw/ilearn.thu.edu.tw/chatbot/chatbot.umd.js,upload:f
upload_accept,raw/ilearn.thu.edu.tw/chatbot/chatbot.umd.js,Upload
upload_accept,raw/ilearn.thu.edu.tw/chatbot/chatbot.umd.js,Upload
upload_accept,raw/ilearn.thu.edu.tw/chatbot/chatbot.umd.js,UploadList:Ce
upload_accept,raw/ilearn.thu.edu.tw/chatbot/chatbot.umd.js,Upload:b
upload_accept,raw/ilearn.thu.edu.tw/chatbot/chatbot.umd.js,uploading
upload_accept,raw/ilearn.thu.edu.tw/chatbot/chatbot.umd.js,uploading
upload_accept,raw/ilearn.thu.edu.tw/chatbot/chatbot.umd.js,UploadDragger
upload_accept,raw/ilearn.thu.edu.tw/chatbot/chatbot.umd.js,uploadKnowledgeBaseResource:i
upload_accept,raw/ilearn.thu.edu.tw/chatbot/chatbot.umd.js,uploads
upload_accept,raw/ilearn.thu.edu.tw/chatbot/chatbot.umd.js,ExtensionIfDefined
upload_accept,raw/ilearn.thu.edu.tw/chatbot/chatbot.umd.js,Extension
upload_accept,raw/ilearn.thu.edu.tw/chatbot/chatbot.umd.js,ExtensionIfDefined
upload_accept,raw/ilearn.thu.edu.tw/chatbot/chatbot.umd.js,ExtensionIfDefined
upload_accept,raw/ilearn.thu.edu.tw/chatbot/chatbot.umd.js,ExtensionIfDefined
upload_accept,raw/ilearn.thu.edu.tw/chatbot/chatbot.umd.js,ExtensionIfDefined
upload_accept,raw/ilearn.thu.edu.tw/chatbot/chatbot.umd.js,Extension
upload_accept,raw/ilearn.thu.edu.tw/chatbot/chatbot.umd.js,Extension
upload_accept,raw/ilearn.thu.edu.tw/chatbot/chatbot.umd.js,Extensions:ci
upload_accept,raw/ilearn.thu.edu.tw/chatbot/chatbot.umd.js,extensionButton.prominentBackground
upload_accept,raw/ilearn.thu.edu.tw/chatbot/chatbot.umd.js,extensionButton.prominentForeground
upload_accept,raw/ilearn.thu.edu.tw/chatbot/chatbot.umd.js,extensionButton.prominentHoverBackground
upload_accept,raw/ilearn.thu.edu.tw/chatbot/chatbot.umd.js,extension.kotlin
upload_accept,raw/ilearn.thu.edu.tw/chatbot/chatbot.umd.js,Extension
upload_accept,raw/ilearn.thu.edu.tw/chatbot/chatbot.umd.js,EXTENSION
upload_accept,raw/ilearn.thu.edu.tw/chatbot/chatbot.umd.js,EXTENSION_DIR
upload_accept,raw/ilearn.thu.edu.tw/chatbot/chatbot.umd.js,EXTENSION
upload_accept,raw/ilearn.thu.edu.tw/chatbot/chatbot.umd.js,UPLOAD_ERR_
upload_accept,raw/ilearn.thu.edu.tw/chatbot/chatbot.umd.js,EXTENSION
upload_accept,raw/ilearn.thu.edu.tw/chatbot/chatbot.umd.js,MIME_TYPE_IS
upload_accept,raw/ilearn.thu.edu.tw/chatbot/chatbot.umd.js,FILE_SIZE_IS
upload_accept,raw/ilearn.thu.edu.tw/chatbot/chatbot.umd.js,UPLOAD
upload_accept,raw/ilearn.thu.edu.tw/chatbot/chatbot.umd.js,UPLOAD
upload_accept,raw/ilearn.thu.edu.tw/chatbot/chatbot.umd.js,UPLOAD
upload_accept,raw/ilearn.thu.edu.tw/chatbot/chatbot.umd.js,FILESIZE_EXCEEDED
upload_accept,raw/ilearn.thu.edu.tw/chatbot/chatbot.umd.js,MIME_DECODE_
upload_accept,raw/ilearn.thu.edu.tw/chatbot/chatbot.umd.js,MIME
upload_accept,raw/ilearn.thu.edu.tw/chatbot/chatbot.umd.js,uploaded_
upload_accept,raw/ilearn.thu.edu.tw/chatbot/chatbot.umd.js,uploaded_file
upload_accept,raw/ilearn.thu.edu.tw/chatbot/chatbot.umd.js,mime_content_type
upload_accept,raw/ilearn.thu.edu.tw/chatbot/chatbot.umd.js,mime_
upload_accept,raw/ilearn.thu.edu.tw/chatbot/chatbot.umd.js,extension
upload_accept,raw/ilearn.thu.edu.tw/chatbot/chatbot.umd.js,mime_type
upload_accept,raw/ilearn.thu.edu.tw/chatbot/chatbot.umd.js,extension_loaded
upload_accept,raw/ilearn.thu.edu.tw/chatbot/chatbot.umd.js,extension_funcs
upload_accept,raw/ilearn.thu.edu.tw/chatbot/chatbot.umd.js,extensions
upload_accept,raw/ilearn.thu.edu.tw/chatbot/chatbot.umd.js,mimeheader
upload_accept,raw/ilearn.thu.edu.tw/chatbot/chatbot.umd.js,mime_name
upload_accept,raw/ilearn.thu.edu.tw/chatbot/chatbot.umd.js,mimeheader
upload_accept,raw/ilearn.thu.edu.tw/chatbot/chatbot.umd.js,mime
upload_accept,raw/ilearn.thu.edu.tw/chatbot/chatbot.umd.js,mime_header_decode
upload_accept,raw/ilearn.thu.edu.tw/chatbot/chatbot.umd.js,extensions
upload_accept,raw/ilearn.thu.edu.tw/chatbot/chatbot.umd.js,filesize
upload_accept,raw/ilearn.thu.edu.tw/chatbot/chatbot.umd.js,Extension
upload_accept,raw/ilearn.thu.edu.tw/chatbot/chatbot.umd.js,extension
upload_accept,raw/ilearn.thu.edu.tw/chatbot/chatbot.umd.js,extension
upload_accept,raw/ilearn.thu.edu.tw/chatbot/chatbot.umd.js,extension
upload_accept,raw/ilearn.thu.edu.tw/chatbot/chatbot.umd.js,Extension
upload_accept,raw/ilearn.thu.edu.tw/chatbot/chatbot.umd.js,extension
upload_accept,raw/ilearn.thu.edu.tw/chatbot/chatbot.umd.js,extension
upload_accept,raw/ilearn.thu.edu.tw/chatbot/chatbot.umd.js,extension
feature_flag,raw/ilearn.thu.edu.tw/course.html,scope-variable
feature_flag,raw/ilearn.thu.edu.tw/course.html,scope-variable
feature_flag,raw/ilearn.thu.edu.tw/course.html,scope-variable
feature_flag,raw/ilearn.thu.edu.tw/course.html,scope-variable
feature_flag,raw/ilearn.thu.edu.tw/course.html,scope-variable
feature_flag,raw/ilearn.thu.edu.tw/course.html,scope-variable
feature_flag,raw/ilearn.thu.edu.tw/course.html,scope-variable
feature_flag,raw/ilearn.thu.edu.tw/course.html,scope-variable
feature_flag,raw/ilearn.thu.edu.tw/course.html,RoleNames
feature_flag,raw/ilearn.thu.edu.tw/course.html,scope
feature_flag,raw/ilearn.thu.edu.tw/course.html,scope
feature_flag,raw/ilearn.thu.edu.tw/course.html,scope-id
feature_flag,raw/ilearn.thu.edu.tw/course.html,ScopeId
feature_flag,raw/ilearn.thu.edu.tw/course.html,scope
feature_flag,raw/ilearn.thu.edu.tw/course.html,scope
feature_flag,raw/ilearn.thu.edu.tw/course.html,scope
feature_flag,raw/ilearn.thu.edu.tw/course.html,scope
feature_flag,raw/ilearn.thu.edu.tw/course.html,scope
feature_flag,raw/ilearn.thu.edu.tw/course.html,scope
feature_flag,raw/ilearn.thu.edu.tw/course.html,scope
feature_flag,raw/ilearn.thu.edu.tw/course.html,scope-label
feature_flag,raw/ilearn.thu.edu.tw/course.html,scope-choice
feature_flag,raw/ilearn.thu.edu.tw/course.html,scope
feature_flag,raw/ilearn.thu.edu.tw/course.html,scope
feature_flag,raw/ilearn.thu.edu.tw/course.html,scope
feature_flag,raw/ilearn.thu.edu.tw/course.html,scope
feature_flag,raw/ilearn.thu.edu.tw/course.html,scope
feature_flag,raw/ilearn.thu.edu.tw/course.html,scope
feature_flag,raw/ilearn.thu.edu.tw/course.html,Scope
feature_flag,raw/ilearn.thu.edu.tw/course.html,ScopeIds
feature_flag,raw/ilearn.thu.edu.tw/course.html,Enable
feature_flag,raw/ilearn.thu.edu.tw/course.html,Enable
feature_flag,raw/ilearn.thu.edu.tw/course.html,Enable
feature_flag,raw/ilearn.thu.edu.tw/course.html,Enabled
feature_flag,raw/ilearn.thu.edu.tw/course.html,Enable
feature_flag,raw/ilearn.thu.edu.tw/course.html,Enabled
feature_flag,raw/ilearn.thu.edu.tw/course.html,Enable
feature_flag,raw/ilearn.thu.edu.tw/course.html,Role
feature_flag,raw/ilearn.thu.edu.tw/course.html,scope-variable
feature_flag,raw/ilearn.thu.edu.tw/course.html,scope-variable
feature_flag,raw/ilearn.thu.edu.tw/course.html,scope-variable
feature_flag,raw/ilearn.thu.edu.tw/course.html,scope-variable
feature_flag,raw/ilearn.thu.edu.tw/course.html,scope-variable
feature_flag,raw/ilearn.thu.edu.tw/course.html,scope-variable
feature_flag,raw/ilearn.thu.edu.tw/course.html,scope-variable
feature_flag,raw/ilearn.thu.edu.tw/course.html,enableUpdateActivityDatetime
feature_flag,raw/ilearn.thu.edu.tw/course.html,scope-variable
feature_flag,raw/ilearn.thu.edu.tw/course.html,role:
feature_flag,raw/ilearn.thu.edu.tw/course.html,Roles:
feature_flag,raw/ilearn.thu.edu.tw/course.html,enableLoginCheck:
feature_flag,raw/ilearn.thu.edu.tw/course.html,enableLoginRollcallCheck:
feature_flag,raw/ilearn.thu.edu.tw/course.html,featureToggles
feature_flag,raw/ilearn.thu.edu.tw/course.html,enableProgram
feature_flag,raw/ilearn.thu.edu.tw/course.html,enableAuditorCourseRole
feature_flag,raw/ilearn.thu.edu.tw/course.html,enableDingTalkChat
feature_flag,raw/ilearn.thu.edu.tw/course.html,enableSobot
feature_flag,raw/ilearn.thu.edu.tw/course.html,enable_howxm
feature_flag,raw/ilearn.thu.edu.tw/course.html,enableTrainingLevelForAuthzRole
feature_flag,raw/ilearn.thu.edu.tw/course.html,enableHomework
feature_flag,raw/ilearn.thu.edu.tw/course.html,enableExam
feature_flag,raw/ilearn.thu.edu.tw/course.html,enableOnlineVideo
feature_flag,raw/ilearn.thu.edu.tw/course.html,enableLesson
feature_flag,raw/ilearn.thu.edu.tw/course.html,enableMaterial
feature_flag,raw/ilearn.thu.edu.tw/course.html,enableLink
feature_flag,raw/ilearn.thu.edu.tw/course.html,enableForum
feature_flag,raw/ilearn.thu.edu.tw/course.html,enableQuestionnaire
feature_flag,raw/ilearn.thu.edu.tw/course.html,enableSlide
feature_flag,raw/ilearn.thu.edu.tw/course.html,enableCourseSubjectLib
feature_flag,raw/ilearn.thu.edu.tw/course.html,enablePlayer2
feature_flag,raw/ilearn.thu.edu.tw/course.html,enableIndependentCoTeachingPermission
feature_flag,raw/ilearn.thu.edu.tw/course.html,enableKnowledgeReferenceCapture
feature_flag,raw/ilearn.thu.edu.tw/course.html,enableKnowledgeReferencePublicResource
feature_flag,raw/ilearn.thu.edu.tw/course.html,role
feature_flag,raw/ilearn.thu.edu.tw/course.html,enableRubrics
feature_flag,raw/ilearn.thu.edu.tw/course.html,enableLecturerCourseRole
feature_flag,raw/ilearn.thu.edu.tw/course.html,enableMyGroup
feature_flag,raw/ilearn.thu.edu.tw/course.html,enableScoreItemGroup
feature_flag,raw/ilearn.thu.edu.tw/course.html,enablePlayerWaterMark
feature_flag,raw/ilearn.thu.edu.tw/course.html,enableThroughCourse
feature_flag,raw/ilearn.thu.edu.tw/course.html,enable
feature_flag,raw/ilearn.thu.edu.tw/course.html,enableTextbook
feature_flag,raw/ilearn.thu.edu.tw/course.html,enableOffCampusUserFlag
feature_flag,raw/ilearn.thu.edu.tw/course.html,enable_electron
feature_flag,raw/ilearn.thu.edu.tw/course.html,enable_web
feature_flag,raw/ilearn.thu.edu.tw/course.html,enableTencentMeetingUseUserNoAsUid
feature_flag,raw/ilearn.thu.edu.tw/course.html,Enabled
feature_flag,raw/ilearn.thu.edu.tw/course.html,enableAhmuGetStudentsScore
feature_flag,raw/ilearn.thu.edu.tw/course.html,enabledUpdateActivityDatetime
feature_flag,raw/ilearn.thu.edu.tw/course.html,enableChinamCloudGraph
feature_flag,raw/ilearn.thu.edu.tw/course.html,enableTodayCourse
feature_flag,raw/ilearn.thu.edu.tw/course.html,enableDesignatedInspectCourse
feature_flag,raw/ilearn.thu.edu.tw/course.html,enable
feature_flag,raw/ilearn.thu.edu.tw/course.html,roles
feature_flag,raw/ilearn.thu.edu.tw/course.html,enableTongjiCommunityLayout
feature_flag,raw/ilearn.thu.edu.tw/course.html,enableTeachingScheduleAndOthers
feature_flag,raw/ilearn.thu.edu.tw/course.html,enableShowRetakeTag
feature_flag,raw/ilearn.thu.edu.tw/course.html,enableHomeworkReferenceAnswer
feature_flag,raw/ilearn.thu.edu.tw/course.html,enableDownloadCoursewareHelpFile
feature_flag,raw/ilearn.thu.edu.tw/course.html,enableEditImportedCourseClassName
feature_flag,raw/ilearn.thu.edu.tw/course.html,enable
feature_flag,raw/ilearn.thu.edu.tw/course.html,enabled
feature_flag,raw/ilearn.thu.edu.tw/course.html,enabled
feature_flag,raw/ilearn.thu.edu.tw/course.html,enableUseCourseNewBaseInfo
feature_flag,raw/ilearn.thu.edu.tw/course.html,enableFeedbackNewUi
feature_flag,raw/ilearn.thu.edu.tw/course.html,enableShanghaitechMeeting
feature_flag,raw/ilearn.thu.edu.tw/course.html,enableAuditJoinPublishCourse
feature_flag,raw/ilearn.thu.edu.tw/course.html,enableAutoRefreshUploadStatus
feature_flag,raw/ilearn.thu.edu.tw/course.html,enableCheckWpsUrlAccessibility
feature_flag,raw/ilearn.thu.edu.tw/course.html,enableLamsLessonVirtualExperiment
feature_flag,raw/ilearn.thu.edu.tw/course.html,enableMgsQueryCache:
feature_flag,raw/ilearn.thu.edu.tw/course.html,enableIdleWarning:
feature_flag,raw/ilearn.thu.edu.tw/course.html,scope
feature_flag,raw/ilearn.thu.edu.tw/course.html,scope
feature_flag,raw/ilearn.thu.edu.tw/course.html,scope
feature_flag,raw/ilearn.thu.edu.tw/course.html,enablePreviewMode
feature_flag,raw/ilearn.thu.edu.tw/course.html,scope
feature_flag,raw/ilearn.thu.edu.tw/course.html,scope
feature_flag,raw/ilearn.thu.edu.tw/course.html,scope
feature_flag,raw/ilearn.thu.edu.tw/course.html,scope
feature_flag,raw/ilearn.thu.edu.tw/course.html,scope
feature_flag,raw/ilearn.thu.edu.tw/course.html,scope
feature_flag,raw/ilearn.thu.edu.tw/course.html,scope
feature_flag,raw/ilearn.thu.edu.tw/course.html,scope
feature_flag,raw/ilearn.thu.edu.tw/course.html,scope
feature_flag,raw/ilearn.thu.edu.tw/course.html,scope
feature_flag,raw/ilearn.thu.edu.tw/course.html,enable-chapter
feature_flag,raw/ilearn.thu.edu.tw/course.html,enable-aisk
feature_flag,raw/ilearn.thu.edu.tw/course.html,permission
feature_flag,raw/ilearn.thu.edu.tw/course.html,permission
feature_flag,raw/ilearn.thu.edu.tw/course.html,enable-caption
feature_flag,raw/ilearn.thu.edu.tw/course.html,permission
feature_flag,raw/ilearn.thu.edu.tw/course.html,permission
feature_flag,raw/ilearn.thu.edu.tw/course.html,enable-topic
feature_flag,raw/ilearn.thu.edu.tw/course.html,permission
feature_flag,raw/ilearn.thu.edu.tw/course.html,permission
feature_flag,raw/ilearn.thu.edu.tw/course.html,enable-play-rate
feature_flag,raw/ilearn.thu.edu.tw/course.html,permission
feature_flag,raw/ilearn.thu.edu.tw/course.html,permission
feature_flag,raw/ilearn.thu.edu.tw/course.html,enable-caption-speech
feature_flag,raw/ilearn.thu.edu.tw/course.html,permission
feature_flag,raw/ilearn.thu.edu.tw/course.html,permission
feature_flag,raw/ilearn.thu.edu.tw/course.html,enable-play-rate
feature_flag,raw/ilearn.thu.edu.tw/course.html,enable-caption
feature_flag,raw/ilearn.thu.edu.tw/course.html,enable-topic
feature_flag,raw/ilearn.thu.edu.tw/course.html,enable_origin_text
feature_flag,raw/ilearn.thu.edu.tw/course.html,enable_origin_text
feature_flag,raw/ilearn.thu.edu.tw/course.html,enable_origin_text
feature_flag,raw/ilearn.thu.edu.tw/course.html,enable_origin_text
feature_flag,raw/ilearn.thu.edu.tw/course.html,enable_origin_text
feature_flag,raw/ilearn.thu.edu.tw/course.html,enable_origin_text
feature_flag,raw/ilearn.thu.edu.tw/course.html,enable_origin_text
feature_flag,raw/ilearn.thu.edu.tw/course.html,enable_origin_text
feature_flag,raw/ilearn.thu.edu.tw/course.html,enable_origin_text
feature_flag,raw/ilearn.thu.edu.tw/course.html,scope
feature_flag,raw/ilearn.thu.edu.tw/course.html,scope
feature_flag,raw/ilearn.thu.edu.tw/course.html,scope
feature_flag,raw/ilearn.thu.edu.tw/course.html,scope
feature_flag,raw/ilearn.thu.edu.tw/course.html,scope
feature_flag,raw/ilearn.thu.edu.tw/course.html,scope
feature_flag,raw/ilearn.thu.edu.tw/course.html,scope
feature_flag,raw/ilearn.thu.edu.tw/course.html,scope
feature_flag,raw/ilearn.thu.edu.tw/course.html,scope
feature_flag,raw/ilearn.thu.edu.tw/course.html,scope
feature_flag,raw/ilearn.thu.edu.tw/course.html,enable-chapter
feature_flag,raw/ilearn.thu.edu.tw/course.html,enable-aisk
feature_flag,raw/ilearn.thu.edu.tw/course.html,permission
feature_flag,raw/ilearn.thu.edu.tw/course.html,permission
feature_flag,raw/ilearn.thu.edu.tw/course.html,enable-caption
feature_flag,raw/ilearn.thu.edu.tw/course.html,permission
feature_flag,raw/ilearn.thu.edu.tw/course.html,permission
feature_flag,raw/ilearn.thu.edu.tw/course.html,enable-topic
feature_flag,raw/ilearn.thu.edu.tw/course.html,permission
feature_flag,raw/ilearn.thu.edu.tw/course.html,permission
feature_flag,raw/ilearn.thu.edu.tw/course.html,enable-play-rate
feature_flag,raw/ilearn.thu.edu.tw/course.html,permission
feature_flag,raw/ilearn.thu.edu.tw/course.html,permission
feature_flag,raw/ilearn.thu.edu.tw/course.html,enable-caption-speech
feature_flag,raw/ilearn.thu.edu.tw/course.html,permission
feature_flag,raw/ilearn.thu.edu.tw/course.html,permission
feature_flag,raw/ilearn.thu.edu.tw/course.html,enableSobot:false
feature_flag,raw/ilearn.thu.edu.tw/course.html,Scope.left_times
upload_accept,raw/ilearn.thu.edu.tw/course.html,uploadExtensionFormatAllowlist
upload_accept,raw/ilearn.thu.edu.tw/course.html,upload_extension_format_allowlist
upload_accept,raw/ilearn.thu.edu.tw/course.html,uploads
upload_accept,raw/ilearn.thu.edu.tw/course.html,uploads
upload_accept,raw/ilearn.thu.edu.tw/course.html,uploads
upload_accept,raw/ilearn.thu.edu.tw/course.html,upload.type
upload_accept,raw/ilearn.thu.edu.tw/course.html,upload.status
upload_accept,raw/ilearn.thu.edu.tw/course.html,upload.isTextFile
upload_accept,raw/ilearn.thu.edu.tw/course.html,upload.type
upload_accept,raw/ilearn.thu.edu.tw/course.html,upload.status
upload_accept,raw/ilearn.thu.edu.tw/course.html,uploading
upload_accept,raw/ilearn.thu.edu.tw/course.html,upload.type
upload_accept,raw/ilearn.thu.edu.tw/course.html,upload.type
upload_accept,raw/ilearn.thu.edu.tw/course.html,upload.status
upload_accept,raw/ilearn.thu.edu.tw/course.html,uploading
upload_accept,raw/ilearn.thu.edu.tw/course.html,upload.type
upload_accept,raw/ilearn.thu.edu.tw/course.html,upload.status
upload_accept,raw/ilearn.thu.edu.tw/course.html,uploading
upload_accept,raw/ilearn.thu.edu.tw/course.html,upload.type
upload_accept,raw/ilearn.thu.edu.tw/course.html,upload.status
upload_accept,raw/ilearn.thu.edu.tw/course.html,uploading
upload_accept,raw/ilearn.thu.edu.tw/course.html,upload.id
upload_accept,raw/ilearn.thu.edu.tw/course.html,upload.type
upload_accept,raw/ilearn.thu.edu.tw/course.html,upload.isFromKnowledgeGraph
upload_accept,raw/ilearn.thu.edu.tw/course.html,uploads
upload_accept,raw/ilearn.thu.edu.tw/course.html,upload.id
upload_accept,raw/ilearn.thu.edu.tw/course.html,upload.from_project
upload_accept,raw/ilearn.thu.edu.tw/course.html,upload.allow_download
upload_accept,raw/ilearn.thu.edu.tw/course.html,upload.project_id
upload_accept,raw/ilearn.thu.edu.tw/course.html,upload_id
upload_accept,raw/ilearn.thu.edu.tw/course.html,upload.id
upload_accept,raw/ilearn.thu.edu.tw/course.html,upload.node_ids
upload_accept,raw/ilearn.thu.edu.tw/course.html,upload.ref_id
upload_accept,raw/ilearn.thu.edu.tw/course.html,upload.id
upload_accept,raw/ilearn.thu.edu.tw/course.html,upload.type
upload_accept,raw/ilearn.thu.edu.tw/course.html,upload.status
upload_accept,raw/ilearn.thu.edu.tw/course.html,upload.status
upload_accept,raw/ilearn.thu.edu.tw/course.html,upload.status
upload_accept,raw/ilearn.thu.edu.tw/course.html,uploading
upload_accept,raw/ilearn.thu.edu.tw/course.html,upload.status
upload_accept,raw/ilearn.thu.edu.tw/course.html,upload.allow_download
upload_accept,raw/ilearn.thu.edu.tw/course.html,upload.owner_id
upload_accept,raw/ilearn.thu.edu.tw/course.html,upload.isFromKnowledgeGraph
upload_accept,raw/ilearn.thu.edu.tw/course.html,upload.from_project
upload_accept,raw/ilearn.thu.edu.tw/course.html,uploads
upload_accept,raw/ilearn.thu.edu.tw/course.html,upload.id
upload_accept,raw/ilearn.thu.edu.tw/course.html,upload
upload_accept,raw/ilearn.thu.edu.tw/course.html,upload.status
upload_accept,raw/ilearn.thu.edu.tw/course.html,uploading
upload_accept,raw/ilearn.thu.edu.tw/course.html,upload.status
upload_accept,raw/ilearn.thu.edu.tw/course.html,uploading
upload_accept,raw/ilearn.thu.edu.tw/course.html,upload.status
upload_accept,raw/ilearn.thu.edu.tw/course.html,uploading
upload_accept,raw/ilearn.thu.edu.tw/course.html,upload.type
upload_accept,raw/ilearn.thu.edu.tw/course.html,upload.type
upload_accept,raw/ilearn.thu.edu.tw/course.html,upload.type
upload_accept,raw/ilearn.thu.edu.tw/course.html,upload.status
upload_accept,raw/ilearn.thu.edu.tw/course.html,uploading
upload_accept,raw/ilearn.thu.edu.tw/course.html,upload.status
upload_accept,raw/ilearn.thu.edu.tw/course.html,upload.type
upload_accept,raw/ilearn.thu.edu.tw/course.html,upload.type
upload_accept,raw/ilearn.thu.edu.tw/course.html,upload.type
upload_accept,raw/ilearn.thu.edu.tw/course.html,upload.status
upload_accept,raw/ilearn.thu.edu.tw/course.html,uploading
upload_accept,raw/ilearn.thu.edu.tw/course.html,upload.type
upload_accept,raw/ilearn.thu.edu.tw/course.html,upload.link.url
upload_accept,raw/ilearn.thu.edu.tw/course.html,upload-wrapper
upload_accept,raw/ilearn.thu.edu.tw/course.html,uploads
upload_accept,raw/ilearn.thu.edu.tw/course.html,uploads
upload_accept,raw/ilearn.thu.edu.tw/course.html,upload
upload_accept,raw/ilearn.thu.edu.tw/course.html,uploads.length
upload_accept,raw/ilearn.thu.edu.tw/course.html,upload-status
upload_accept,raw/ilearn.thu.edu.tw/course.html,upload
upload_accept,raw/ilearn.thu.edu.tw/course.html,uploads
upload_accept,raw/ilearn.thu.edu.tw/course.html,upload
upload_accept,raw/ilearn.thu.edu.tw/course.html,upload.deleted
upload_accept,raw/ilearn.thu.edu.tw/course.html,upload
upload_accept,raw/ilearn.thu.edu.tw/course.html,uploads:
upload_accept,raw/ilearn.thu.edu.tw/course.html,uploads
upload_accept,raw/ilearn.thu.edu.tw/course.html,upload
upload_accept,raw/ilearn.thu.edu.tw/course.html,upload
upload_accept,raw/ilearn.thu.edu.tw/course.html,upload.type
upload_accept,raw/ilearn.thu.edu.tw/course.html,upload.source
upload_accept,raw/ilearn.thu.edu.tw/course.html,upload.source
upload_accept,raw/ilearn.thu.edu.tw/course.html,upload.name.split
upload_accept,raw/ilearn.thu.edu.tw/course.html,upload.name.split
upload_accept,raw/ilearn.thu.edu.tw/course.html,upload.source
upload_accept,raw/ilearn.thu.edu.tw/course.html,Extension
upload_accept,raw/ilearn.thu.edu.tw/course.html,upload
upload_accept,raw/ilearn.thu.edu.tw/course.html,upload.name
upload_accept,raw/ilearn.thu.edu.tw/course.html,upload.name
upload_accept,raw/ilearn.thu.edu.tw/course.html,extension
upload_accept,raw/ilearn.thu.edu.tw/course.html,upload.name
upload_accept,raw/ilearn.thu.edu.tw/course.html,Extension
upload_accept,raw/ilearn.thu.edu.tw/course.html,upload.type
upload_accept,raw/ilearn.thu.edu.tw/course.html,upload.title
upload_accept,raw/ilearn.thu.edu.tw/course.html,upload.title
upload_accept,raw/ilearn.thu.edu.tw/course.html,upload.deleted
upload_accept,raw/ilearn.thu.edu.tw/course.html,upload.source
upload_accept,raw/ilearn.thu.edu.tw/course.html,upload.status
upload_accept,raw/ilearn.thu.edu.tw/course.html,upload.status
upload_accept,raw/ilearn.thu.edu.tw/course.html,upload.status
upload_accept,raw/ilearn.thu.edu.tw/course.html,upload.type
upload_accept,raw/ilearn.thu.edu.tw/course.html,upload.videos
upload_accept,raw/ilearn.thu.edu.tw/course.html,upload.status
upload_accept,raw/ilearn.thu.edu.tw/course.html,upload.deleted
upload_accept,raw/ilearn.thu.edu.tw/course.html,upload
upload_accept,raw/ilearn.thu.edu.tw/course.html,upload.status
upload_accept,raw/ilearn.thu.edu.tw/course.html,uploadsStatus
upload_accept,raw/ilearn.thu.edu.tw/course.html,upload.id
upload_accept,raw/ilearn.thu.edu.tw/course.html,upload.deleted
upload_accept,raw/ilearn.thu.edu.tw/course.html,upload.status
upload_accept,raw/ilearn.thu.edu.tw/course.html,uploadsStatus
upload_accept,raw/ilearn.thu.edu.tw/course.html,upload.id
upload_accept,raw/ilearn.thu.edu.tw/course.html,upload.type
upload_accept,raw/ilearn.thu.edu.tw/course.html,upload.videos
upload_accept,raw/ilearn.thu.edu.tw/course.html,upload.deleted
upload_accept,raw/ilearn.thu.edu.tw/course.html,upload
upload_accept,raw/ilearn.thu.edu.tw/course.html,upload.deleted
upload_accept,raw/ilearn.thu.edu.tw/course.html,UploadFailed
upload_accept,raw/ilearn.thu.edu.tw/course.html,upload.status
upload_accept,raw/ilearn.thu.edu.tw/course.html,uploadsStatus
upload_accept,raw/ilearn.thu.edu.tw/course.html,upload.id
upload_accept,raw/ilearn.thu.edu.tw/course.html,UploadProcessing
upload_accept,raw/ilearn.thu.edu.tw/course.html,upload.status
upload_accept,raw/ilearn.thu.edu.tw/course.html,uploadsStatus
upload_accept,raw/ilearn.thu.edu.tw/course.html,upload.id
upload_accept,raw/ilearn.thu.edu.tw/course.html,upload.type
upload_accept,raw/ilearn.thu.edu.tw/course.html,upload.videos
upload_accept,raw/ilearn.thu.edu.tw/course.html,FileSize
upload_accept,raw/ilearn.thu.edu.tw/course.html,UploadFailed
upload_accept,raw/ilearn.thu.edu.tw/course.html,UploadProcessing
upload_accept,raw/ilearn.thu.edu.tw/course.html,upload.size
upload_accept,raw/ilearn.thu.edu.tw/course.html,upload.source
upload_accept,raw/ilearn.thu.edu.tw/course.html,upload.source
upload_accept,raw/ilearn.thu.edu.tw/course.html,FileSize
upload_accept,raw/ilearn.thu.edu.tw/course.html,upload.size
upload_accept,raw/ilearn.thu.edu.tw/course.html,upload.source
upload_accept,raw/ilearn.thu.edu.tw/course.html,FileSize
upload_accept,raw/ilearn.thu.edu.tw/course.html,upload.deleted
upload_accept,raw/ilearn.thu.edu.tw/course.html,UploadFailed
upload_accept,raw/ilearn.thu.edu.tw/course.html,UploadProcessing
upload_accept,raw/ilearn.thu.edu.tw/course.html,upload
upload_accept,raw/ilearn.thu.edu.tw/course.html,upload.type
upload_accept,raw/ilearn.thu.edu.tw/course.html,upload.scorm
upload_accept,raw/ilearn.thu.edu.tw/course.html,upload.scorm.files_size
upload_accept,raw/ilearn.thu.edu.tw/course.html,upload.type
upload_accept,raw/ilearn.thu.edu.tw/course.html,upload.duration
upload_accept,raw/ilearn.thu.edu.tw/course.html,upload.duration
upload_accept,raw/ilearn.thu.edu.tw/course.html,upload.id
upload_accept,raw/ilearn.thu.edu.tw/course.html,UploadKnowledgePointsMap
upload_accept,raw/ilearn.thu.edu.tw/course.html,upload.id
upload_accept,raw/ilearn.thu.edu.tw/course.html,UploadKnowledgePointsMap
upload_accept,raw/ilearn.thu.edu.tw/course.html,upload.id
upload_accept,raw/ilearn.thu.edu.tw/course.html,UploadKnowledgePointsMap
upload_accept,raw/ilearn.thu.edu.tw/course.html,upload.id
upload_accept,raw/ilearn.thu.edu.tw/course.html,UploadKnowledgePointsMap
upload_accept,raw/ilearn.thu.edu.tw/course.html,upload.id
upload_accept,raw/ilearn.thu.edu.tw/course.html,UploadKnowledgePointsMap
upload_accept,raw/ilearn.thu.edu.tw/course.html,upload.id
upload_accept,raw/ilearn.thu.edu.tw/course.html,upload.aiQuiz.subjectsCount
upload_accept,raw/ilearn.thu.edu.tw/course.html,upload.id
upload_accept,raw/ilearn.thu.edu.tw/course.html,uploadsStatus
upload_accept,raw/ilearn.thu.edu.tw/course.html,upload.id
upload_accept,raw/ilearn.thu.edu.tw/course.html,upload.deleted
upload_accept,raw/ilearn.thu.edu.tw/course.html,upload
upload_accept,raw/ilearn.thu.edu.tw/course.html,upload.id
upload_accept,raw/ilearn.thu.edu.tw/course.html,upload
upload_accept,raw/ilearn.thu.edu.tw/course.html,upload.source
upload_accept,raw/ilearn.thu.edu.tw/course.html,upload.url
upload_accept,raw/ilearn.thu.edu.tw/course.html,uploads:
upload_accept,raw/ilearn.thu.edu.tw/course.html,uploads
upload_accept,raw/ilearn.thu.edu.tw/course.html,upload
upload_accept,raw/ilearn.thu.edu.tw/course.html,upload
upload_accept,raw/ilearn.thu.edu.tw/course.html,upload.source
upload_accept,raw/ilearn.thu.edu.tw/course.html,upload
upload_accept,raw/ilearn.thu.edu.tw/course.html,upload.deleted
upload_accept,raw/ilearn.thu.edu.tw/course.html,upload
upload_accept,raw/ilearn.thu.edu.tw/course.html,upload.id
upload_accept,raw/ilearn.thu.edu.tw/course.html,upload.source
upload_accept,raw/ilearn.thu.edu.tw/course.html,upload
upload_accept,raw/ilearn.thu.edu.tw/course.html,upload.audit_status
upload_accept,raw/ilearn.thu.edu.tw/course.html,upload.viewCount
upload_accept,raw/ilearn.thu.edu.tw/course.html,upload
upload_accept,raw/ilearn.thu.edu.tw/course.html,upload.deleted
upload_accept,raw/ilearn.thu.edu.tw/course.html,upload
upload_accept,raw/ilearn.thu.edu.tw/course.html,upload
upload_accept,raw/ilearn.thu.edu.tw/course.html,upload.type
upload_accept,raw/ilearn.thu.edu.tw/course.html,upload.source
upload_accept,raw/ilearn.thu.edu.tw/course.html,upload.source
upload_accept,raw/ilearn.thu.edu.tw/course.html,upload.name.split
upload_accept,raw/ilearn.thu.edu.tw/course.html,upload.name.split
upload_accept,raw/ilearn.thu.edu.tw/course.html,upload.source
upload_accept,raw/ilearn.thu.edu.tw/course.html,Extension
upload_accept,raw/ilearn.thu.edu.tw/course.html,upload
upload_accept,raw/ilearn.thu.edu.tw/course.html,upload.name
upload_accept,raw/ilearn.thu.edu.tw/course.html,upload.name
upload_accept,raw/ilearn.thu.edu.tw/course.html,extension
upload_accept,raw/ilearn.thu.edu.tw/course.html,upload.name
upload_accept,raw/ilearn.thu.edu.tw/course.html,Extension
upload_accept,raw/ilearn.thu.edu.tw/course.html,upload.type
upload_accept,raw/ilearn.thu.edu.tw/course.html,upload.title
upload_accept,raw/ilearn.thu.edu.tw/course.html,upload.title
upload_accept,raw/ilearn.thu.edu.tw/course.html,upload.deleted
upload_accept,raw/ilearn.thu.edu.tw/course.html,upload.source
upload_accept,raw/ilearn.thu.edu.tw/course.html,upload.status
upload_accept,raw/ilearn.thu.edu.tw/course.html,upload.status
upload_accept,raw/ilearn.thu.edu.tw/course.html,upload.status
upload_accept,raw/ilearn.thu.edu.tw/course.html,upload.type
upload_accept,raw/ilearn.thu.edu.tw/course.html,upload.videos
upload_accept,raw/ilearn.thu.edu.tw/course.html,upload.status
upload_accept,raw/ilearn.thu.edu.tw/course.html,upload.deleted
upload_accept,raw/ilearn.thu.edu.tw/course.html,upload
upload_accept,raw/ilearn.thu.edu.tw/course.html,upload.status
upload_accept,raw/ilearn.thu.edu.tw/course.html,uploadsStatus
upload_accept,raw/ilearn.thu.edu.tw/course.html,upload.id
upload_accept,raw/ilearn.thu.edu.tw/course.html,upload.deleted
upload_accept,raw/ilearn.thu.edu.tw/course.html,upload.status
upload_accept,raw/ilearn.thu.edu.tw/course.html,uploadsStatus
upload_accept,raw/ilearn.thu.edu.tw/course.html,upload.id
upload_accept,raw/ilearn.thu.edu.tw/course.html,upload.type
upload_accept,raw/ilearn.thu.edu.tw/course.html,upload.videos
upload_accept,raw/ilearn.thu.edu.tw/course.html,upload.deleted
upload_accept,raw/ilearn.thu.edu.tw/course.html,upload
upload_accept,raw/ilearn.thu.edu.tw/course.html,upload.deleted
upload_accept,raw/ilearn.thu.edu.tw/course.html,UploadFailed
upload_accept,raw/ilearn.thu.edu.tw/course.html,upload.status
upload_accept,raw/ilearn.thu.edu.tw/course.html,uploadsStatus
upload_accept,raw/ilearn.thu.edu.tw/course.html,upload.id
upload_accept,raw/ilearn.thu.edu.tw/course.html,UploadProcessing
upload_accept,raw/ilearn.thu.edu.tw/course.html,upload.status
upload_accept,raw/ilearn.thu.edu.tw/course.html,uploadsStatus
upload_accept,raw/ilearn.thu.edu.tw/course.html,upload.id
upload_accept,raw/ilearn.thu.edu.tw/course.html,upload.type
upload_accept,raw/ilearn.thu.edu.tw/course.html,upload.videos
upload_accept,raw/ilearn.thu.edu.tw/course.html,FileSize
upload_accept,raw/ilearn.thu.edu.tw/course.html,UploadFailed
upload_accept,raw/ilearn.thu.edu.tw/course.html,UploadProcessing
upload_accept,raw/ilearn.thu.edu.tw/course.html,upload.size
upload_accept,raw/ilearn.thu.edu.tw/course.html,upload.source
upload_accept,raw/ilearn.thu.edu.tw/course.html,upload.source
upload_accept,raw/ilearn.thu.edu.tw/course.html,FileSize
upload_accept,raw/ilearn.thu.edu.tw/course.html,upload.size
upload_accept,raw/ilearn.thu.edu.tw/course.html,upload.source
upload_accept,raw/ilearn.thu.edu.tw/course.html,FileSize
upload_accept,raw/ilearn.thu.edu.tw/course.html,upload.deleted
upload_accept,raw/ilearn.thu.edu.tw/course.html,UploadFailed
upload_accept,raw/ilearn.thu.edu.tw/course.html,UploadProcessing
upload_accept,raw/ilearn.thu.edu.tw/course.html,upload
upload_accept,raw/ilearn.thu.edu.tw/course.html,upload.type
upload_accept,raw/ilearn.thu.edu.tw/course.html,upload.scorm
upload_accept,raw/ilearn.thu.edu.tw/course.html,upload.scorm.files_size
upload_accept,raw/ilearn.thu.edu.tw/course.html,upload.type
upload_accept,raw/ilearn.thu.edu.tw/course.html,upload.duration
upload_accept,raw/ilearn.thu.edu.tw/course.html,upload.duration
upload_accept,raw/ilearn.thu.edu.tw/course.html,upload.id
upload_accept,raw/ilearn.thu.edu.tw/course.html,UploadKnowledgePointsMap
upload_accept,raw/ilearn.thu.edu.tw/course.html,upload.id
upload_accept,raw/ilearn.thu.edu.tw/course.html,UploadKnowledgePointsMap
upload_accept,raw/ilearn.thu.edu.tw/course.html,upload.id
upload_accept,raw/ilearn.thu.edu.tw/course.html,UploadKnowledgePointsMap
upload_accept,raw/ilearn.thu.edu.tw/course.html,upload.id
upload_accept,raw/ilearn.thu.edu.tw/course.html,UploadKnowledgePointsMap
upload_accept,raw/ilearn.thu.edu.tw/course.html,upload.id
upload_accept,raw/ilearn.thu.edu.tw/course.html,UploadKnowledgePointsMap
upload_accept,raw/ilearn.thu.edu.tw/course.html,upload.id
upload_accept,raw/ilearn.thu.edu.tw/course.html,upload.aiQuiz.subjectsCount
upload_accept,raw/ilearn.thu.edu.tw/course.html,upload.id
upload_accept,raw/ilearn.thu.edu.tw/course.html,uploadsStatus
upload_accept,raw/ilearn.thu.edu.tw/course.html,upload.id
upload_accept,raw/ilearn.thu.edu.tw/course.html,upload.deleted
upload_accept,raw/ilearn.thu.edu.tw/course.html,upload
upload_accept,raw/ilearn.thu.edu.tw/course.html,upload.id
upload_accept,raw/ilearn.thu.edu.tw/course.html,upload
upload_accept,raw/ilearn.thu.edu.tw/course.html,upload.source
upload_accept,raw/ilearn.thu.edu.tw/course.html,upload.url
upload_accept,raw/ilearn.thu.edu.tw/course.html,uploads:
upload_accept,raw/ilearn.thu.edu.tw/course.html,uploads
upload_accept,raw/ilearn.thu.edu.tw/course.html,upload
upload_accept,raw/ilearn.thu.edu.tw/course.html,upload
upload_accept,raw/ilearn.thu.edu.tw/course.html,upload.source
upload_accept,raw/ilearn.thu.edu.tw/course.html,upload
upload_accept,raw/ilearn.thu.edu.tw/course.html,upload.deleted
upload_accept,raw/ilearn.thu.edu.tw/course.html,upload
upload_accept,raw/ilearn.thu.edu.tw/course.html,upload.id
upload_accept,raw/ilearn.thu.edu.tw/course.html,upload.source
upload_accept,raw/ilearn.thu.edu.tw/course.html,upload
upload_accept,raw/ilearn.thu.edu.tw/course.html,upload.audit_status
upload_accept,raw/ilearn.thu.edu.tw/course.html,upload.viewCount
upload_accept,raw/ilearn.thu.edu.tw/course.html,uploads
upload_accept,raw/ilearn.thu.edu.tw/course.html,uploads.length
upload_accept,raw/ilearn.thu.edu.tw/course.html,uploads.length
upload_accept,raw/ilearn.thu.edu.tw/course.html,upload-status
upload_accept,raw/ilearn.thu.edu.tw/course.html,upload
upload_accept,raw/ilearn.thu.edu.tw/course.html,uploads
upload_accept,raw/ilearn.thu.edu.tw/course.html,upload
upload_accept,raw/ilearn.thu.edu.tw/course.html,upload.deleted
upload_accept,raw/ilearn.thu.edu.tw/course.html,upload
upload_accept,raw/ilearn.thu.edu.tw/course.html,uploads:
upload_accept,raw/ilearn.thu.edu.tw/course.html,uploads
upload_accept,raw/ilearn.thu.edu.tw/course.html,upload
upload_accept,raw/ilearn.thu.edu.tw/course.html,upload
upload_accept,raw/ilearn.thu.edu.tw/course.html,upload.status
upload_accept,raw/ilearn.thu.edu.tw/course.html,uploadsStatus
upload_accept,raw/ilearn.thu.edu.tw/course.html,upload.id
upload_accept,raw/ilearn.thu.edu.tw/course.html,upload.deleted
upload_accept,raw/ilearn.thu.edu.tw/course.html,upload.status
upload_accept,raw/ilearn.thu.edu.tw/course.html,uploadsStatus
upload_accept,raw/ilearn.thu.edu.tw/course.html,upload.id
upload_accept,raw/ilearn.thu.edu.tw/course.html,upload.type
upload_accept,raw/ilearn.thu.edu.tw/course.html,upload.videos
upload_accept,raw/ilearn.thu.edu.tw/course.html,upload.deleted
upload_accept,raw/ilearn.thu.edu.tw/course.html,upload
upload_accept,raw/ilearn.thu.edu.tw/course.html,upload.type
upload_accept,raw/ilearn.thu.edu.tw/course.html,upload.source
upload_accept,raw/ilearn.thu.edu.tw/course.html,upload.source
upload_accept,raw/ilearn.thu.edu.tw/course.html,upload.name.split
upload_accept,raw/ilearn.thu.edu.tw/course.html,upload.name.split
upload_accept,raw/ilearn.thu.edu.tw/course.html,upload.source
upload_accept,raw/ilearn.thu.edu.tw/course.html,Extension
upload_accept,raw/ilearn.thu.edu.tw/course.html,upload
upload_accept,raw/ilearn.thu.edu.tw/course.html,upload.name
upload_accept,raw/ilearn.thu.edu.tw/course.html,upload.name
upload_accept,raw/ilearn.thu.edu.tw/course.html,extension
upload_accept,raw/ilearn.thu.edu.tw/course.html,upload.name
upload_accept,raw/ilearn.thu.edu.tw/course.html,Extension
upload_accept,raw/ilearn.thu.edu.tw/course.html,upload.type
upload_accept,raw/ilearn.thu.edu.tw/course.html,upload.title
upload_accept,raw/ilearn.thu.edu.tw/course.html,upload.title
upload_accept,raw/ilearn.thu.edu.tw/course.html,upload.status
upload_accept,raw/ilearn.thu.edu.tw/course.html,upload.status
upload_accept,raw/ilearn.thu.edu.tw/course.html,upload.status
upload_accept,raw/ilearn.thu.edu.tw/course.html,upload.type
upload_accept,raw/ilearn.thu.edu.tw/course.html,upload.videos
upload_accept,raw/ilearn.thu.edu.tw/course.html,upload.status
upload_accept,raw/ilearn.thu.edu.tw/course.html,upload.deleted
upload_accept,raw/ilearn.thu.edu.tw/course.html,upload
upload_accept,raw/ilearn.thu.edu.tw/course.html,upload.status
upload_accept,raw/ilearn.thu.edu.tw/course.html,uploadsStatus
upload_accept,raw/ilearn.thu.edu.tw/course.html,upload.id
upload_accept,raw/ilearn.thu.edu.tw/course.html,upload.deleted
upload_accept,raw/ilearn.thu.edu.tw/course.html,upload.status
upload_accept,raw/ilearn.thu.edu.tw/course.html,uploadsStatus
upload_accept,raw/ilearn.thu.edu.tw/course.html,upload.id
upload_accept,raw/ilearn.thu.edu.tw/course.html,upload.type
upload_accept,raw/ilearn.thu.edu.tw/course.html,upload.videos
upload_accept,raw/ilearn.thu.edu.tw/course.html,upload.deleted
upload_accept,raw/ilearn.thu.edu.tw/course.html,upload
upload_accept,raw/ilearn.thu.edu.tw/course.html,upload.deleted
upload_accept,raw/ilearn.thu.edu.tw/course.html,upload.id
upload_accept,raw/ilearn.thu.edu.tw/course.html,UploadKnowledgePointsMap
upload_accept,raw/ilearn.thu.edu.tw/course.html,upload.id
upload_accept,raw/ilearn.thu.edu.tw/course.html,UploadKnowledgePointsMap
upload_accept,raw/ilearn.thu.edu.tw/course.html,upload.id
upload_accept,raw/ilearn.thu.edu.tw/course.html,UploadKnowledgePointsMap
upload_accept,raw/ilearn.thu.edu.tw/course.html,upload.id
upload_accept,raw/ilearn.thu.edu.tw/course.html,UploadKnowledgePointsMap
upload_accept,raw/ilearn.thu.edu.tw/course.html,upload.id
upload_accept,raw/ilearn.thu.edu.tw/course.html,UploadKnowledgePointsMap
upload_accept,raw/ilearn.thu.edu.tw/course.html,upload.id
upload_accept,raw/ilearn.thu.edu.tw/course.html,upload.aiQuiz.subjectsCount
upload_accept,raw/ilearn.thu.edu.tw/course.html,upload.id
upload_accept,raw/ilearn.thu.edu.tw/course.html,uploadsStatus
upload_accept,raw/ilearn.thu.edu.tw/course.html,upload.id
upload_accept,raw/ilearn.thu.edu.tw/course.html,upload.deleted
upload_accept,raw/ilearn.thu.edu.tw/course.html,upload
upload_accept,raw/ilearn.thu.edu.tw/course.html,upload.id
upload_accept,raw/ilearn.thu.edu.tw/course.html,upload
upload_accept,raw/ilearn.thu.edu.tw/course.html,upload.source
upload_accept,raw/ilearn.thu.edu.tw/course.html,upload.url
upload_accept,raw/ilearn.thu.edu.tw/course.html,uploads:
upload_accept,raw/ilearn.thu.edu.tw/course.html,uploads
upload_accept,raw/ilearn.thu.edu.tw/course.html,upload
upload_accept,raw/ilearn.thu.edu.tw/course.html,upload
upload_accept,raw/ilearn.thu.edu.tw/course.html,upload.source
upload_accept,raw/ilearn.thu.edu.tw/course.html,upload
upload_accept,raw/ilearn.thu.edu.tw/course.html,upload.deleted
upload_accept,raw/ilearn.thu.edu.tw/course.html,upload
upload_accept,raw/ilearn.thu.edu.tw/course.html,upload.id
upload_accept,raw/ilearn.thu.edu.tw/course.html,upload.source
upload_accept,raw/ilearn.thu.edu.tw/course.html,uploads
upload_accept,raw/ilearn.thu.edu.tw/course.html,upload.reference_id
upload_accept,raw/ilearn.thu.edu.tw/course.html,upload
upload_accept,raw/ilearn.thu.edu.tw/course.html,upload.reference_id
upload_accept,raw/ilearn.thu.edu.tw/course.html,upload.deleted
upload_accept,raw/ilearn.thu.edu.tw/course.html,upload.allow_download
upload_accept,raw/ilearn.thu.edu.tw/course.html,upload
upload_accept,raw/ilearn.thu.edu.tw/course.html,uploads
upload_accept,raw/ilearn.thu.edu.tw/course.html,upload.id
upload_accept,raw/ilearn.thu.edu.tw/course.html,upload
upload_accept,raw/ilearn.thu.edu.tw/course.html,upload.reference_id
upload_accept,raw/ilearn.thu.edu.tw/course.html,upload.deleted
upload_accept,raw/ilearn.thu.edu.tw/course.html,upload.allow_download
upload_accept,raw/ilearn.thu.edu.tw/course.html,upload.source
upload_accept,raw/ilearn.thu.edu.tw/course.html,upload
upload_accept,raw/ilearn.thu.edu.tw/course.html,upload.url
upload_accept,raw/ilearn.thu.edu.tw/course.html,upload
upload_accept,raw/ilearn.thu.edu.tw/course.html,upload.source
upload_accept,raw/ilearn.thu.edu.tw/course.html,upload.source
upload_accept,raw/ilearn.thu.edu.tw/course.html,upload.reference_id
upload_accept,raw/ilearn.thu.edu.tw/course.html,upload.deleted
upload_accept,raw/ilearn.thu.edu.tw/course.html,upload.allow_download
upload_accept,raw/ilearn.thu.edu.tw/course.html,upload
upload_accept,raw/ilearn.thu.edu.tw/course.html,uploads
upload_accept,raw/ilearn.thu.edu.tw/course.html,upload.id
upload_accept,raw/ilearn.thu.edu.tw/course.html,upload
upload_accept,raw/ilearn.thu.edu.tw/course.html,upload.reference_id
upload_accept,raw/ilearn.thu.edu.tw/course.html,upload.deleted
upload_accept,raw/ilearn.thu.edu.tw/course.html,upload.allow_download
upload_accept,raw/ilearn.thu.edu.tw/course.html,upload.source
upload_accept,raw/ilearn.thu.edu.tw/course.html,upload
upload_accept,raw/ilearn.thu.edu.tw/course.html,upload.fileid
upload_accept,raw/ilearn.thu.edu.tw/course.html,upload.deleted
upload_accept,raw/ilearn.thu.edu.tw/course.html,upload.allow_download
upload_accept,raw/ilearn.thu.edu.tw/course.html,upload.source
upload_accept,raw/ilearn.thu.edu.tw/course.html,upload
upload_accept,raw/ilearn.thu.edu.tw/course.html,upload.status
upload_accept,raw/ilearn.thu.edu.tw/course.html,uploadsStatus
upload_accept,raw/ilearn.thu.edu.tw/course.html,upload.id
upload_accept,raw/ilearn.thu.edu.tw/course.html,upload.deleted
upload_accept,raw/ilearn.thu.edu.tw/course.html,upload.status
upload_accept,raw/ilearn.thu.edu.tw/course.html,uploadsStatus
upload_accept,raw/ilearn.thu.edu.tw/course.html,upload.id
upload_accept,raw/ilearn.thu.edu.tw/course.html,upload.type
upload_accept,raw/ilearn.thu.edu.tw/course.html,upload.videos
upload_accept,raw/ilearn.thu.edu.tw/course.html,upload.deleted
upload_accept,raw/ilearn.thu.edu.tw/course.html,upload
upload_accept,raw/ilearn.thu.edu.tw/course.html,upload.type
upload_accept,raw/ilearn.thu.edu.tw/course.html,upload.source
upload_accept,raw/ilearn.thu.edu.tw/course.html,upload.source
upload_accept,raw/ilearn.thu.edu.tw/course.html,upload.name.split
upload_accept,raw/ilearn.thu.edu.tw/course.html,upload.name.split
upload_accept,raw/ilearn.thu.edu.tw/course.html,upload.source
upload_accept,raw/ilearn.thu.edu.tw/course.html,Extension
upload_accept,raw/ilearn.thu.edu.tw/course.html,upload
upload_accept,raw/ilearn.thu.edu.tw/course.html,upload.name
upload_accept,raw/ilearn.thu.edu.tw/course.html,upload.name
upload_accept,raw/ilearn.thu.edu.tw/course.html,extension
upload_accept,raw/ilearn.thu.edu.tw/course.html,upload.name
upload_accept,raw/ilearn.thu.edu.tw/course.html,Extension
upload_accept,raw/ilearn.thu.edu.tw/course.html,upload.type
upload_accept,raw/ilearn.thu.edu.tw/course.html,upload.title
upload_accept,raw/ilearn.thu.edu.tw/course.html,upload.title
upload_accept,raw/ilearn.thu.edu.tw/course.html,upload.deleted
upload_accept,raw/ilearn.thu.edu.tw/course.html,upload.source
upload_accept,raw/ilearn.thu.edu.tw/course.html,upload.status
upload_accept,raw/ilearn.thu.edu.tw/course.html,upload.status
upload_accept,raw/ilearn.thu.edu.tw/course.html,upload.status
upload_accept,raw/ilearn.thu.edu.tw/course.html,upload.type
upload_accept,raw/ilearn.thu.edu.tw/course.html,upload.videos
upload_accept,raw/ilearn.thu.edu.tw/course.html,upload.status
upload_accept,raw/ilearn.thu.edu.tw/course.html,upload.deleted
upload_accept,raw/ilearn.thu.edu.tw/course.html,upload
upload_accept,raw/ilearn.thu.edu.tw/course.html,upload.status
upload_accept,raw/ilearn.thu.edu.tw/course.html,uploadsStatus
upload_accept,raw/ilearn.thu.edu.tw/course.html,upload.id
upload_accept,raw/ilearn.thu.edu.tw/course.html,upload.deleted
upload_accept,raw/ilearn.thu.edu.tw/course.html,upload.status
upload_accept,raw/ilearn.thu.edu.tw/course.html,uploadsStatus
upload_accept,raw/ilearn.thu.edu.tw/course.html,upload.id
upload_accept,raw/ilearn.thu.edu.tw/course.html,upload.type
upload_accept,raw/ilearn.thu.edu.tw/course.html,upload.videos
upload_accept,raw/ilearn.thu.edu.tw/course.html,upload.deleted
upload_accept,raw/ilearn.thu.edu.tw/course.html,upload
upload_accept,raw/ilearn.thu.edu.tw/course.html,upload.deleted
upload_accept,raw/ilearn.thu.edu.tw/course.html,UploadFailed
upload_accept,raw/ilearn.thu.edu.tw/course.html,upload.status
upload_accept,raw/ilearn.thu.edu.tw/course.html,uploadsStatus
upload_accept,raw/ilearn.thu.edu.tw/course.html,upload.id
upload_accept,raw/ilearn.thu.edu.tw/course.html,UploadProcessing
upload_accept,raw/ilearn.thu.edu.tw/course.html,upload.status
upload_accept,raw/ilearn.thu.edu.tw/course.html,uploadsStatus
upload_accept,raw/ilearn.thu.edu.tw/course.html,upload.id
upload_accept,raw/ilearn.thu.edu.tw/course.html,upload.type
upload_accept,raw/ilearn.thu.edu.tw/course.html,upload.videos
upload_accept,raw/ilearn.thu.edu.tw/course.html,FileSize
upload_accept,raw/ilearn.thu.edu.tw/course.html,UploadFailed
upload_accept,raw/ilearn.thu.edu.tw/course.html,UploadProcessing
upload_accept,raw/ilearn.thu.edu.tw/course.html,upload.size
upload_accept,raw/ilearn.thu.edu.tw/course.html,upload.source
upload_accept,raw/ilearn.thu.edu.tw/course.html,upload.source
upload_accept,raw/ilearn.thu.edu.tw/course.html,FileSize
upload_accept,raw/ilearn.thu.edu.tw/course.html,upload.size
upload_accept,raw/ilearn.thu.edu.tw/course.html,upload.source
upload_accept,raw/ilearn.thu.edu.tw/course.html,FileSize
upload_accept,raw/ilearn.thu.edu.tw/course.html,upload.deleted
upload_accept,raw/ilearn.thu.edu.tw/course.html,UploadFailed
upload_accept,raw/ilearn.thu.edu.tw/course.html,UploadProcessing
upload_accept,raw/ilearn.thu.edu.tw/course.html,upload
upload_accept,raw/ilearn.thu.edu.tw/course.html,upload.type
upload_accept,raw/ilearn.thu.edu.tw/course.html,upload.scorm
upload_accept,raw/ilearn.thu.edu.tw/course.html,upload.scorm.files_size
upload_accept,raw/ilearn.thu.edu.tw/course.html,upload.type
upload_accept,raw/ilearn.thu.edu.tw/course.html,upload.duration
upload_accept,raw/ilearn.thu.edu.tw/course.html,upload.duration
upload_accept,raw/ilearn.thu.edu.tw/course.html,upload.id
upload_accept,raw/ilearn.thu.edu.tw/course.html,UploadKnowledgePointsMap
upload_accept,raw/ilearn.thu.edu.tw/course.html,upload.id
upload_accept,raw/ilearn.thu.edu.tw/course.html,UploadKnowledgePointsMap
upload_accept,raw/ilearn.thu.edu.tw/course.html,upload.id
upload_accept,raw/ilearn.thu.edu.tw/course.html,UploadKnowledgePointsMap
upload_accept,raw/ilearn.thu.edu.tw/course.html,upload.id
upload_accept,raw/ilearn.thu.edu.tw/course.html,UploadKnowledgePointsMap
upload_accept,raw/ilearn.thu.edu.tw/course.html,upload.id
upload_accept,raw/ilearn.thu.edu.tw/course.html,UploadKnowledgePointsMap
upload_accept,raw/ilearn.thu.edu.tw/course.html,upload.id
upload_accept,raw/ilearn.thu.edu.tw/course.html,upload.aiQuiz.subjectsCount
upload_accept,raw/ilearn.thu.edu.tw/course.html,upload.id
upload_accept,raw/ilearn.thu.edu.tw/course.html,uploadsStatus
upload_accept,raw/ilearn.thu.edu.tw/course.html,upload.id
upload_accept,raw/ilearn.thu.edu.tw/course.html,upload.deleted
upload_accept,raw/ilearn.thu.edu.tw/course.html,upload
upload_accept,raw/ilearn.thu.edu.tw/course.html,upload.id
upload_accept,raw/ilearn.thu.edu.tw/course.html,upload
upload_accept,raw/ilearn.thu.edu.tw/course.html,upload.source
upload_accept,raw/ilearn.thu.edu.tw/course.html,upload.url
upload_accept,raw/ilearn.thu.edu.tw/course.html,uploads:
upload_accept,raw/ilearn.thu.edu.tw/course.html,uploads
upload_accept,raw/ilearn.thu.edu.tw/course.html,upload
upload_accept,raw/ilearn.thu.edu.tw/course.html,upload
upload_accept,raw/ilearn.thu.edu.tw/course.html,upload.source
upload_accept,raw/ilearn.thu.edu.tw/course.html,upload
upload_accept,raw/ilearn.thu.edu.tw/course.html,upload.deleted
upload_accept,raw/ilearn.thu.edu.tw/course.html,upload
upload_accept,raw/ilearn.thu.edu.tw/course.html,upload.id
upload_accept,raw/ilearn.thu.edu.tw/course.html,upload.source
upload_accept,raw/ilearn.thu.edu.tw/course.html,uploads
upload_accept,raw/ilearn.thu.edu.tw/course.html,upload.reference_id
upload_accept,raw/ilearn.thu.edu.tw/course.html,upload
upload_accept,raw/ilearn.thu.edu.tw/course.html,upload.reference_id
upload_accept,raw/ilearn.thu.edu.tw/course.html,upload.deleted
upload_accept,raw/ilearn.thu.edu.tw/course.html,upload.allow_download
upload_accept,raw/ilearn.thu.edu.tw/course.html,upload
upload_accept,raw/ilearn.thu.edu.tw/course.html,uploads
upload_accept,raw/ilearn.thu.edu.tw/course.html,upload.id
upload_accept,raw/ilearn.thu.edu.tw/course.html,upload
upload_accept,raw/ilearn.thu.edu.tw/course.html,upload.reference_id
upload_accept,raw/ilearn.thu.edu.tw/course.html,upload.deleted
upload_accept,raw/ilearn.thu.edu.tw/course.html,upload.allow_download
upload_accept,raw/ilearn.thu.edu.tw/course.html,upload.source
upload_accept,raw/ilearn.thu.edu.tw/course.html,upload
upload_accept,raw/ilearn.thu.edu.tw/course.html,upload.url
upload_accept,raw/ilearn.thu.edu.tw/course.html,upload
upload_accept,raw/ilearn.thu.edu.tw/course.html,upload.source
upload_accept,raw/ilearn.thu.edu.tw/course.html,upload.source
upload_accept,raw/ilearn.thu.edu.tw/course.html,upload.reference_id
upload_accept,raw/ilearn.thu.edu.tw/course.html,upload.deleted
upload_accept,raw/ilearn.thu.edu.tw/course.html,upload.allow_download
upload_accept,raw/ilearn.thu.edu.tw/course.html,upload
upload_accept,raw/ilearn.thu.edu.tw/course.html,uploads
upload_accept,raw/ilearn.thu.edu.tw/course.html,upload.id
upload_accept,raw/ilearn.thu.edu.tw/course.html,upload
upload_accept,raw/ilearn.thu.edu.tw/course.html,upload.reference_id
upload_accept,raw/ilearn.thu.edu.tw/course.html,upload.deleted
upload_accept,raw/ilearn.thu.edu.tw/course.html,upload.allow_download
upload_accept,raw/ilearn.thu.edu.tw/course.html,upload.source
upload_accept,raw/ilearn.thu.edu.tw/course.html,upload
upload_accept,raw/ilearn.thu.edu.tw/course.html,upload.fileid
upload_accept,raw/ilearn.thu.edu.tw/course.html,upload.deleted
upload_accept,raw/ilearn.thu.edu.tw/course.html,upload.allow_download
upload_accept,raw/ilearn.thu.edu.tw/course.html,upload.source
upload_accept,raw/ilearn.thu.edu.tw/course.html,upload
upload_accept,raw/ilearn.thu.edu.tw/course.html,upload
upload_accept,raw/ilearn.thu.edu.tw/course.html,upload.deleted
upload_accept,raw/ilearn.thu.edu.tw/course.html,upload
upload_accept,raw/ilearn.thu.edu.tw/course.html,upload
upload_accept,raw/ilearn.thu.edu.tw/course.html,upload.type
upload_accept,raw/ilearn.thu.edu.tw/course.html,upload.source
upload_accept,raw/ilearn.thu.edu.tw/course.html,upload.source
upload_accept,raw/ilearn.thu.edu.tw/course.html,upload.name.split
upload_accept,raw/ilearn.thu.edu.tw/course.html,upload.name.split
upload_accept,raw/ilearn.thu.edu.tw/course.html,upload.source
upload_accept,raw/ilearn.thu.edu.tw/course.html,Extension
upload_accept,raw/ilearn.thu.edu.tw/course.html,upload
upload_accept,raw/ilearn.thu.edu.tw/course.html,upload.name
upload_accept,raw/ilearn.thu.edu.tw/course.html,upload.name
upload_accept,raw/ilearn.thu.edu.tw/course.html,extension
upload_accept,raw/ilearn.thu.edu.tw/course.html,upload.name
upload_accept,raw/ilearn.thu.edu.tw/course.html,Extension
upload_accept,raw/ilearn.thu.edu.tw/course.html,upload.type
upload_accept,raw/ilearn.thu.edu.tw/course.html,upload.title
upload_accept,raw/ilearn.thu.edu.tw/course.html,upload.title
upload_accept,raw/ilearn.thu.edu.tw/course.html,upload.deleted
upload_accept,raw/ilearn.thu.edu.tw/course.html,upload.source
upload_accept,raw/ilearn.thu.edu.tw/course.html,upload.status
upload_accept,raw/ilearn.thu.edu.tw/course.html,upload.status
upload_accept,raw/ilearn.thu.edu.tw/course.html,upload.status
upload_accept,raw/ilearn.thu.edu.tw/course.html,upload.type
upload_accept,raw/ilearn.thu.edu.tw/course.html,upload.videos
upload_accept,raw/ilearn.thu.edu.tw/course.html,upload.status
upload_accept,raw/ilearn.thu.edu.tw/course.html,upload.deleted
upload_accept,raw/ilearn.thu.edu.tw/course.html,upload
upload_accept,raw/ilearn.thu.edu.tw/course.html,upload.status
upload_accept,raw/ilearn.thu.edu.tw/course.html,uploadsStatus
upload_accept,raw/ilearn.thu.edu.tw/course.html,upload.id
upload_accept,raw/ilearn.thu.edu.tw/course.html,upload.deleted
upload_accept,raw/ilearn.thu.edu.tw/course.html,upload.status
upload_accept,raw/ilearn.thu.edu.tw/course.html,uploadsStatus
upload_accept,raw/ilearn.thu.edu.tw/course.html,upload.id
upload_accept,raw/ilearn.thu.edu.tw/course.html,upload.type
upload_accept,raw/ilearn.thu.edu.tw/course.html,upload.videos
upload_accept,raw/ilearn.thu.edu.tw/course.html,upload.deleted
upload_accept,raw/ilearn.thu.edu.tw/course.html,upload
upload_accept,raw/ilearn.thu.edu.tw/course.html,upload.deleted
upload_accept,raw/ilearn.thu.edu.tw/course.html,UploadFailed
upload_accept,raw/ilearn.thu.edu.tw/course.html,upload.status
upload_accept,raw/ilearn.thu.edu.tw/course.html,uploadsStatus
upload_accept,raw/ilearn.thu.edu.tw/course.html,upload.id
upload_accept,raw/ilearn.thu.edu.tw/course.html,UploadProcessing
upload_accept,raw/ilearn.thu.edu.tw/course.html,upload.status
upload_accept,raw/ilearn.thu.edu.tw/course.html,uploadsStatus
upload_accept,raw/ilearn.thu.edu.tw/course.html,upload.id
upload_accept,raw/ilearn.thu.edu.tw/course.html,upload.type
upload_accept,raw/ilearn.thu.edu.tw/course.html,upload.videos
upload_accept,raw/ilearn.thu.edu.tw/course.html,FileSize
upload_accept,raw/ilearn.thu.edu.tw/course.html,UploadFailed
upload_accept,raw/ilearn.thu.edu.tw/course.html,UploadProcessing
upload_accept,raw/ilearn.thu.edu.tw/course.html,upload.size
upload_accept,raw/ilearn.thu.edu.tw/course.html,upload.source
upload_accept,raw/ilearn.thu.edu.tw/course.html,upload.source
upload_accept,raw/ilearn.thu.edu.tw/course.html,FileSize
upload_accept,raw/ilearn.thu.edu.tw/course.html,upload.size
upload_accept,raw/ilearn.thu.edu.tw/course.html,upload.source
upload_accept,raw/ilearn.thu.edu.tw/course.html,FileSize
upload_accept,raw/ilearn.thu.edu.tw/course.html,upload.deleted
upload_accept,raw/ilearn.thu.edu.tw/course.html,UploadFailed
upload_accept,raw/ilearn.thu.edu.tw/course.html,UploadProcessing
upload_accept,raw/ilearn.thu.edu.tw/course.html,upload
upload_accept,raw/ilearn.thu.edu.tw/course.html,upload.type
upload_accept,raw/ilearn.thu.edu.tw/course.html,upload.scorm
upload_accept,raw/ilearn.thu.edu.tw/course.html,upload.scorm.files_size
upload_accept,raw/ilearn.thu.edu.tw/course.html,upload.type
upload_accept,raw/ilearn.thu.edu.tw/course.html,upload.duration
upload_accept,raw/ilearn.thu.edu.tw/course.html,upload.duration
upload_accept,raw/ilearn.thu.edu.tw/course.html,upload.id
upload_accept,raw/ilearn.thu.edu.tw/course.html,UploadKnowledgePointsMap
upload_accept,raw/ilearn.thu.edu.tw/course.html,upload.id
upload_accept,raw/ilearn.thu.edu.tw/course.html,UploadKnowledgePointsMap
upload_accept,raw/ilearn.thu.edu.tw/course.html,upload.id
upload_accept,raw/ilearn.thu.edu.tw/course.html,UploadKnowledgePointsMap
upload_accept,raw/ilearn.thu.edu.tw/course.html,upload.id
upload_accept,raw/ilearn.thu.edu.tw/course.html,UploadKnowledgePointsMap
upload_accept,raw/ilearn.thu.edu.tw/course.html,upload.id
upload_accept,raw/ilearn.thu.edu.tw/course.html,UploadKnowledgePointsMap
upload_accept,raw/ilearn.thu.edu.tw/course.html,upload.id
upload_accept,raw/ilearn.thu.edu.tw/course.html,upload.aiQuiz.subjectsCount
upload_accept,raw/ilearn.thu.edu.tw/course.html,upload.id
upload_accept,raw/ilearn.thu.edu.tw/course.html,uploadsStatus
upload_accept,raw/ilearn.thu.edu.tw/course.html,upload.id
upload_accept,raw/ilearn.thu.edu.tw/course.html,upload.deleted
upload_accept,raw/ilearn.thu.edu.tw/course.html,upload
upload_accept,raw/ilearn.thu.edu.tw/course.html,upload.id
upload_accept,raw/ilearn.thu.edu.tw/course.html,upload
upload_accept,raw/ilearn.thu.edu.tw/course.html,upload.source
upload_accept,raw/ilearn.thu.edu.tw/course.html,upload.url
upload_accept,raw/ilearn.thu.edu.tw/course.html,uploads:
upload_accept,raw/ilearn.thu.edu.tw/course.html,uploads
upload_accept,raw/ilearn.thu.edu.tw/course.html,upload
upload_accept,raw/ilearn.thu.edu.tw/course.html,upload
upload_accept,raw/ilearn.thu.edu.tw/course.html,upload.source
upload_accept,raw/ilearn.thu.edu.tw/course.html,upload
upload_accept,raw/ilearn.thu.edu.tw/course.html,upload.deleted
upload_accept,raw/ilearn.thu.edu.tw/course.html,upload
upload_accept,raw/ilearn.thu.edu.tw/course.html,upload.id
upload_accept,raw/ilearn.thu.edu.tw/course.html,upload.source
upload_accept,raw/ilearn.thu.edu.tw/course.html,uploads
upload_accept,raw/ilearn.thu.edu.tw/course.html,upload.reference_id
upload_accept,raw/ilearn.thu.edu.tw/course.html,upload
upload_accept,raw/ilearn.thu.edu.tw/course.html,upload.reference_id
upload_accept,raw/ilearn.thu.edu.tw/course.html,upload.deleted
upload_accept,raw/ilearn.thu.edu.tw/course.html,upload.allow_download
upload_accept,raw/ilearn.thu.edu.tw/course.html,upload
upload_accept,raw/ilearn.thu.edu.tw/course.html,uploads
upload_accept,raw/ilearn.thu.edu.tw/course.html,upload.id
upload_accept,raw/ilearn.thu.edu.tw/course.html,upload
upload_accept,raw/ilearn.thu.edu.tw/course.html,upload.reference_id
upload_accept,raw/ilearn.thu.edu.tw/course.html,upload.deleted
upload_accept,raw/ilearn.thu.edu.tw/course.html,upload.allow_download
upload_accept,raw/ilearn.thu.edu.tw/course.html,upload.source
upload_accept,raw/ilearn.thu.edu.tw/course.html,upload
upload_accept,raw/ilearn.thu.edu.tw/course.html,upload.url
upload_accept,raw/ilearn.thu.edu.tw/course.html,upload
upload_accept,raw/ilearn.thu.edu.tw/course.html,upload.source
upload_accept,raw/ilearn.thu.edu.tw/course.html,upload.source
upload_accept,raw/ilearn.thu.edu.tw/course.html,upload.reference_id
upload_accept,raw/ilearn.thu.edu.tw/course.html,upload.deleted
upload_accept,raw/ilearn.thu.edu.tw/course.html,upload.allow_download
upload_accept,raw/ilearn.thu.edu.tw/course.html,upload
upload_accept,raw/ilearn.thu.edu.tw/course.html,uploads
upload_accept,raw/ilearn.thu.edu.tw/course.html,upload.id
upload_accept,raw/ilearn.thu.edu.tw/course.html,upload
upload_accept,raw/ilearn.thu.edu.tw/course.html,upload.reference_id
upload_accept,raw/ilearn.thu.edu.tw/course.html,upload.deleted
upload_accept,raw/ilearn.thu.edu.tw/course.html,upload.allow_download
upload_accept,raw/ilearn.thu.edu.tw/course.html,upload.source
upload_accept,raw/ilearn.thu.edu.tw/course.html,upload
upload_accept,raw/ilearn.thu.edu.tw/course.html,upload.fileid
upload_accept,raw/ilearn.thu.edu.tw/course.html,upload.deleted
upload_accept,raw/ilearn.thu.edu.tw/course.html,upload.allow_download
upload_accept,raw/ilearn.thu.edu.tw/course.html,upload.source
upload_accept,raw/ilearn.thu.edu.tw/course.html,upload
upload_accept,raw/ilearn.thu.edu.tw/course.html,uploadZeroSizeFileErrorMessage
upload_accept,raw/ilearn.thu.edu.tw/course.html,uploadSizeLimitErrorMessage
upload_accept,raw/ilearn.thu.edu.tw/course.html,uploadFileFormatLimitErrorMessage
upload_accept,raw/ilearn.thu.edu.tw/course.html,UploadFile
upload_accept,raw/ilearn.thu.edu.tw/course.html,UploadSize
upload_accept,raw/ilearn.thu.edu.tw/course.html,ExtensionCheckEnable
upload_accept,raw/ilearn.thu.edu.tw/course.html,UploadController
upload_accept,raw/ilearn.thu.edu.tw/course.html,upload-confirmation-popup
upload_accept,raw/ilearn.thu.edu.tw/course.html,upload-confirmation-popup
upload_accept,raw/ilearn.thu.edu.tw/course.html,upload-confirmation-popup
upload_accept,raw/ilearn.thu.edu.tw/course.html,upload-confirmation-popup
upload_accept,raw/ilearn.thu.edu.tw/course.html,upload-area
upload_accept,raw/ilearn.thu.edu.tw/course.html,UploadEnabled
upload_accept,raw/ilearn.thu.edu.tw/course.html,Upload
upload_accept,raw/ilearn.thu.edu.tw/course.html,UploadFile
upload_accept,raw/ilearn.thu.edu.tw/course.html,ExtensionCheckEnable
upload_accept,raw/ilearn.thu.edu.tw/course.html,upload-gray
upload_accept,raw/ilearn.thu.edu.tw/course.html,UploadSize
upload_accept,raw/ilearn.thu.edu.tw/course.html,UploadSize
upload_accept,raw/ilearn.thu.edu.tw/course.html,UploadSize
upload_accept,raw/ilearn.thu.edu.tw/course.html,UploadSize
upload_accept,raw/ilearn.thu.edu.tw/course.html,UploadSize
upload_accept,raw/ilearn.thu.edu.tw/course.html,UploadSize
upload_accept,raw/ilearn.thu.edu.tw/course.html,upload-gray
upload_accept,raw/ilearn.thu.edu.tw/course.html,UploadSize
upload_accept,raw/ilearn.thu.edu.tw/course.html,upload-gray
upload_accept,raw/ilearn.thu.edu.tw/course.html,UploadSize
upload_accept,raw/ilearn.thu.edu.tw/course.html,upload-area
upload_accept,raw/ilearn.thu.edu.tw/course.html,UploadEnabled
upload_accept,raw/ilearn.thu.edu.tw/course.html,Upload
upload_accept,raw/ilearn.thu.edu.tw/course.html,upload-types
upload_accept,raw/ilearn.thu.edu.tw/course.html,upload-local
upload_accept,raw/ilearn.thu.edu.tw/course.html,upload-select-area
upload_accept,raw/ilearn.thu.edu.tw/course.html,UploadList
upload_accept,raw/ilearn.thu.edu.tw/course.html,UploadList
upload_accept,raw/ilearn.thu.edu.tw/course.html,upload-alt
upload_accept,raw/ilearn.thu.edu.tw/course.html,UploadOptions
upload_accept,raw/ilearn.thu.edu.tw/course.html,UploadList
upload_accept,raw/ilearn.thu.edu.tw/course.html,UploadList
upload_accept,raw/ilearn.thu.edu.tw/course.html,upload-client
upload_accept,raw/ilearn.thu.edu.tw/course.html,UploadFile
upload_accept,raw/ilearn.thu.edu.tw/course.html,ExtensionCheckEnable
upload_accept,raw/ilearn.thu.edu.tw/course.html,upload-gray
upload_accept,raw/ilearn.thu.edu.tw/course.html,UploadSize
upload_accept,raw/ilearn.thu.edu.tw/course.html,UploadSize
upload_accept,raw/ilearn.thu.edu.tw/course.html,UploadSize
upload_accept,raw/ilearn.thu.edu.tw/course.html,UploadSize
upload_accept,raw/ilearn.thu.edu.tw/course.html,UploadSize
upload_accept,raw/ilearn.thu.edu.tw/course.html,UploadSize
upload_accept,raw/ilearn.thu.edu.tw/course.html,upload-gray
upload_accept,raw/ilearn.thu.edu.tw/course.html,UploadSize
upload_accept,raw/ilearn.thu.edu.tw/course.html,upload-gray
upload_accept,raw/ilearn.thu.edu.tw/course.html,UploadSize
upload_accept,raw/ilearn.thu.edu.tw/course.html,upload-content
upload_accept,raw/ilearn.thu.edu.tw/course.html,upload-content
upload_accept,raw/ilearn.thu.edu.tw/course.html,upload
upload_accept,raw/ilearn.thu.edu.tw/course.html,upload.is_folder
upload_accept,raw/ilearn.thu.edu.tw/course.html,upload.selectable
upload_accept,raw/ilearn.thu.edu.tw/course.html,UploadClick
upload_accept,raw/ilearn.thu.edu.tw/course.html,upload
upload_accept,raw/ilearn.thu.edu.tw/course.html,UploadClick
upload_accept,raw/ilearn.thu.edu.tw/course.html,upload
upload_accept,raw/ilearn.thu.edu.tw/course.html,upload.selected
upload_accept,raw/ilearn.thu.edu.tw/course.html,upload.failed
upload_accept,raw/ilearn.thu.edu.tw/course.html,upload.failedWithAMessage
upload_accept,raw/ilearn.thu.edu.tw/course.html,upload.selectable
upload_accept,raw/ilearn.thu.edu.tw/course.html,upload.id
upload_accept,raw/ilearn.thu.edu.tw/course.html,upload
upload_accept,raw/ilearn.thu.edu.tw/course.html,upload
upload_accept,raw/ilearn.thu.edu.tw/course.html,Upload
upload_accept,raw/ilearn.thu.edu.tw/course.html,upload.failed
upload_accept,raw/ilearn.thu.edu.tw/course.html,upload.failedWithAMessage
upload_accept,raw/ilearn.thu.edu.tw/course.html,upload.selectable
upload_accept,raw/ilearn.thu.edu.tw/course.html,upload.id
upload_accept,raw/ilearn.thu.edu.tw/course.html,Extension
upload_accept,raw/ilearn.thu.edu.tw/course.html,upload
upload_accept,raw/ilearn.thu.edu.tw/course.html,upload
upload_accept,raw/ilearn.thu.edu.tw/course.html,upload.name
upload_accept,raw/ilearn.thu.edu.tw/course.html,upload.name
upload_accept,raw/ilearn.thu.edu.tw/course.html,upload.created_at
upload_accept,raw/ilearn.thu.edu.tw/course.html,upload.size
upload_accept,raw/ilearn.thu.edu.tw/course.html,upload.size
upload_accept,raw/ilearn.thu.edu.tw/course.html,upload.size
upload_accept,raw/ilearn.thu.edu.tw/course.html,upload.failed
upload_accept,raw/ilearn.thu.edu.tw/course.html,upload.failedWithAMessage
upload_accept,raw/ilearn.thu.edu.tw/course.html,upload.is_upload_folder
upload_accept,raw/ilearn.thu.edu.tw/course.html,upload.failed
upload_accept,raw/ilearn.thu.edu.tw/course.html,upload.failedWithAMessage
upload_accept,raw/ilearn.thu.edu.tw/course.html,upload.progress
upload_accept,raw/ilearn.thu.edu.tw/course.html,upload.progress
upload_accept,raw/ilearn.thu.edu.tw/course.html,upload.progress
upload_accept,raw/ilearn.thu.edu.tw/course.html,upload.is_upload_folder
upload_accept,raw/ilearn.thu.edu.tw/course.html,upload.progressing
upload_accept,raw/ilearn.thu.edu.tw/course.html,upload.progress
upload_accept,raw/ilearn.thu.edu.tw/course.html,upload.progress
upload_accept,raw/ilearn.thu.edu.tw/course.html,upload.finishedCount
upload_accept,raw/ilearn.thu.edu.tw/course.html,upload.filesCount
upload_accept,raw/ilearn.thu.edu.tw/course.html,upload.is_upload_folder
upload_accept,raw/ilearn.thu.edu.tw/course.html,upload.failed
upload_accept,raw/ilearn.thu.edu.tw/course.html,upload.failedWithAMessage
upload_accept,raw/ilearn.thu.edu.tw/course.html,upload-failed
upload_accept,raw/ilearn.thu.edu.tw/course.html,upload.failed
upload_accept,raw/ilearn.thu.edu.tw/course.html,upload.failedWithAMessage
upload_accept,raw/ilearn.thu.edu.tw/course.html,upload.failedMessage
upload_accept,raw/ilearn.thu.edu.tw/course.html,upload.is_upload_folder
upload_accept,raw/ilearn.thu.edu.tw/course.html,upload.progressing
upload_accept,raw/ilearn.thu.edu.tw/course.html,upload.failed
upload_accept,raw/ilearn.thu.edu.tw/course.html,upload.failedFiles.length
upload_accept,raw/ilearn.thu.edu.tw/course.html,upload-failed-warning-area
upload_accept,raw/ilearn.thu.edu.tw/course.html,upload-failed-warning
upload_accept,raw/ilearn.thu.edu.tw/course.html,upload
upload_accept,raw/ilearn.thu.edu.tw/course.html,upload.failed
upload_accept,raw/ilearn.thu.edu.tw/course.html,upload-failed-warning-area
upload_accept,raw/ilearn.thu.edu.tw/course.html,upload-failed-warning
upload_accept,raw/ilearn.thu.edu.tw/course.html,upload.id
upload_accept,raw/ilearn.thu.edu.tw/course.html,upload-failed
upload_accept,raw/ilearn.thu.edu.tw/course.html,upload.id
upload_accept,raw/ilearn.thu.edu.tw/course.html,upload.speed
upload_accept,raw/ilearn.thu.edu.tw/course.html,upload.speed
upload_accept,raw/ilearn.thu.edu.tw/course.html,upload.speed
upload_accept,raw/ilearn.thu.edu.tw/course.html,upload-buttons
upload_accept,raw/ilearn.thu.edu.tw/course.html,upload-button
upload_accept,raw/ilearn.thu.edu.tw/course.html,UploadingUpload
upload_accept,raw/ilearn.thu.edu.tw/course.html,upload
upload_accept,raw/ilearn.thu.edu.tw/course.html,upload.is_upload_folder
upload_accept,raw/ilearn.thu.edu.tw/course.html,upload.failed
upload_accept,raw/ilearn.thu.edu.tw/course.html,upload.finished
upload_accept,raw/ilearn.thu.edu.tw/course.html,upload.finished
upload_accept,raw/ilearn.thu.edu.tw/course.html,upload.is_folder
upload_accept,raw/ilearn.thu.edu.tw/course.html,UploadClick
upload_accept,raw/ilearn.thu.edu.tw/course.html,upload
upload_accept,raw/ilearn.thu.edu.tw/course.html,upload.selected
upload_accept,raw/ilearn.thu.edu.tw/course.html,upload.failed
upload_accept,raw/ilearn.thu.edu.tw/course.html,upload.failedWithAMessage
upload_accept,raw/ilearn.thu.edu.tw/course.html,upload.selectable
upload_accept,raw/ilearn.thu.edu.tw/course.html,upload.id
upload_accept,raw/ilearn.thu.edu.tw/course.html,upload
upload_accept,raw/ilearn.thu.edu.tw/course.html,upload
upload_accept,raw/ilearn.thu.edu.tw/course.html,Upload
upload_accept,raw/ilearn.thu.edu.tw/course.html,upload.failed
upload_accept,raw/ilearn.thu.edu.tw/course.html,upload.failedWithAMessage
upload_accept,raw/ilearn.thu.edu.tw/course.html,upload.selectable
upload_accept,raw/ilearn.thu.edu.tw/course.html,upload.id
upload_accept,raw/ilearn.thu.edu.tw/course.html,upload.type
upload_accept,raw/ilearn.thu.edu.tw/course.html,upload.type
upload_accept,raw/ilearn.thu.edu.tw/course.html,Extension
upload_accept,raw/ilearn.thu.edu.tw/course.html,upload
upload_accept,raw/ilearn.thu.edu.tw/course.html,upload.type
upload_accept,raw/ilearn.thu.edu.tw/course.html,upload.type
upload_accept,raw/ilearn.thu.edu.tw/course.html,upload.type
upload_accept,raw/ilearn.thu.edu.tw/course.html,upload.type
upload_accept,raw/ilearn.thu.edu.tw/course.html,upload.name
upload_accept,raw/ilearn.thu.edu.tw/course.html,upload.name
upload_accept,raw/ilearn.thu.edu.tw/course.html,upload.type
upload_accept,raw/ilearn.thu.edu.tw/course.html,upload.type
upload_accept,raw/ilearn.thu.edu.tw/course.html,upload.title
upload_accept,raw/ilearn.thu.edu.tw/course.html,upload.title
upload_accept,raw/ilearn.thu.edu.tw/course.html,upload.type
upload_accept,raw/ilearn.thu.edu.tw/course.html,upload.type
upload_accept,raw/ilearn.thu.edu.tw/course.html,extension
upload_accept,raw/ilearn.thu.edu.tw/course.html,upload.name
upload_accept,raw/ilearn.thu.edu.tw/course.html,Extension
upload_accept,raw/ilearn.thu.edu.tw/course.html,upload.type
upload_accept,raw/ilearn.thu.edu.tw/course.html,upload.uploads
upload_accept,raw/ilearn.thu.edu.tw/course.html,upload.type
upload_accept,raw/ilearn.thu.edu.tw/course.html,upload.duration
upload_accept,raw/ilearn.thu.edu.tw/course.html,upload.type
upload_accept,raw/ilearn.thu.edu.tw/course.html,upload.type
upload_accept,raw/ilearn.thu.edu.tw/course.html,upload.num_of_subjects
upload_accept,raw/ilearn.thu.edu.tw/course.html,upload.created_at
upload_accept,raw/ilearn.thu.edu.tw/course.html,upload.size
upload_accept,raw/ilearn.thu.edu.tw/course.html,upload.size
upload_accept,raw/ilearn.thu.edu.tw/course.html,upload.size
upload_accept,raw/ilearn.thu.edu.tw/course.html,upload.failed
upload_accept,raw/ilearn.thu.edu.tw/course.html,upload.failedWithAMessage
upload_accept,raw/ilearn.thu.edu.tw/course.html,upload.failed
upload_accept,raw/ilearn.thu.edu.tw/course.html,upload.failedWithAMessage
upload_accept,raw/ilearn.thu.edu.tw/course.html,upload.progress
upload_accept,raw/ilearn.thu.edu.tw/course.html,upload.progress
upload_accept,raw/ilearn.thu.edu.tw/course.html,upload.progress
upload_accept,raw/ilearn.thu.edu.tw/course.html,upload.failed
upload_accept,raw/ilearn.thu.edu.tw/course.html,upload.failedWithAMessage
upload_accept,raw/ilearn.thu.edu.tw/course.html,upload-failed
upload_accept,raw/ilearn.thu.edu.tw/course.html,upload.failed
upload_accept,raw/ilearn.thu.edu.tw/course.html,upload.failedWithAMessage
upload_accept,raw/ilearn.thu.edu.tw/course.html,upload.failedMessage
upload_accept,raw/ilearn.thu.edu.tw/course.html,upload.id
upload_accept,raw/ilearn.thu.edu.tw/course.html,upload-failed
upload_accept,raw/ilearn.thu.edu.tw/course.html,upload.id
upload_accept,raw/ilearn.thu.edu.tw/course.html,upload.speed
upload_accept,raw/ilearn.thu.edu.tw/course.html,upload.speed
upload_accept,raw/ilearn.thu.edu.tw/course.html,upload.speed
upload_accept,raw/ilearn.thu.edu.tw/course.html,upload-buttons
upload_accept,raw/ilearn.thu.edu.tw/course.html,upload-button
upload_accept,raw/ilearn.thu.edu.tw/course.html,UploadingUpload
upload_accept,raw/ilearn.thu.edu.tw/course.html,upload
upload_accept,raw/ilearn.thu.edu.tw/course.html,upload.failed
upload_accept,raw/ilearn.thu.edu.tw/course.html,upload.finished
upload_accept,raw/ilearn.thu.edu.tw/course.html,upload.finished
upload_accept,raw/ilearn.thu.edu.tw/course.html,upload
upload_accept,raw/ilearn.thu.edu.tw/course.html,upload.selected
upload_accept,raw/ilearn.thu.edu.tw/course.html,upload.id
upload_accept,raw/ilearn.thu.edu.tw/course.html,Upload.id
upload_accept,raw/ilearn.thu.edu.tw/course.html,UploadClick
upload_accept,raw/ilearn.thu.edu.tw/course.html,upload
upload_accept,raw/ilearn.thu.edu.tw/course.html,upload.selected
upload_accept,raw/ilearn.thu.edu.tw/course.html,upload.failed
upload_accept,raw/ilearn.thu.edu.tw/course.html,upload.failedWithAMessage
upload_accept,raw/ilearn.thu.edu.tw/course.html,upload.selectable
upload_accept,raw/ilearn.thu.edu.tw/course.html,upload
upload_accept,raw/ilearn.thu.edu.tw/course.html,upload
upload_accept,raw/ilearn.thu.edu.tw/course.html,Upload
upload_accept,raw/ilearn.thu.edu.tw/course.html,upload.failed
upload_accept,raw/ilearn.thu.edu.tw/course.html,upload.failedWithAMessage
upload_accept,raw/ilearn.thu.edu.tw/course.html,upload.selectable
upload_accept,raw/ilearn.thu.edu.tw/course.html,uploads
upload_accept,raw/ilearn.thu.edu.tw/course.html,upload.thumbnail.id
upload_accept,raw/ilearn.thu.edu.tw/course.html,upload.isThirdPartResource
upload_accept,raw/ilearn.thu.edu.tw/course.html,upload.thumbnail
upload_accept,raw/ilearn.thu.edu.tw/course.html,upload.thumbnail.id
upload_accept,raw/ilearn.thu.edu.tw/course.html,uploads
upload_accept,raw/ilearn.thu.edu.tw/course.html,upload.id
upload_accept,raw/ilearn.thu.edu.tw/course.html,upload.isThirdPartResource
upload_accept,raw/ilearn.thu.edu.tw/course.html,upload.thumbnail
upload_accept,raw/ilearn.thu.edu.tw/course.html,upload.thumbnail.id
upload_accept,raw/ilearn.thu.edu.tw/course.html,uploads
upload_accept,raw/ilearn.thu.edu.tw/course.html,upload.thumbnail.id
upload_accept,raw/ilearn.thu.edu.tw/course.html,upload.isThirdPartResource
upload_accept,raw/ilearn.thu.edu.tw/course.html,upload.thumbnail
upload_accept,raw/ilearn.thu.edu.tw/course.html,upload.thumbnail.id
upload_accept,raw/ilearn.thu.edu.tw/course.html,uploads
upload_accept,raw/ilearn.thu.edu.tw/course.html,upload.id
upload_accept,raw/ilearn.thu.edu.tw/course.html,upload.isThirdPartResource
upload_accept,raw/ilearn.thu.edu.tw/course.html,upload.thumbnail
upload_accept,raw/ilearn.thu.edu.tw/course.html,upload.thumbnail.id
upload_accept,raw/ilearn.thu.edu.tw/course.html,upload.name
upload_accept,raw/ilearn.thu.edu.tw/course.html,upload.name
upload_accept,raw/ilearn.thu.edu.tw/course.html,upload-content
upload_accept,raw/ilearn.thu.edu.tw/course.html,upload
upload_accept,raw/ilearn.thu.edu.tw/course.html,upload.is_folder
upload_accept,raw/ilearn.thu.edu.tw/course.html,upload.selectable
upload_accept,raw/ilearn.thu.edu.tw/course.html,UploadClick
upload_accept,raw/ilearn.thu.edu.tw/course.html,upload
upload_accept,raw/ilearn.thu.edu.tw/course.html,UploadClick
upload_accept,raw/ilearn.thu.edu.tw/course.html,upload
upload_accept,raw/ilearn.thu.edu.tw/course.html,upload.selected
upload_accept,raw/ilearn.thu.edu.tw/course.html,upload
upload_accept,raw/ilearn.thu.edu.tw/course.html,upload
upload_accept,raw/ilearn.thu.edu.tw/course.html,Upload
upload_accept,raw/ilearn.thu.edu.tw/course.html,upload.failed
upload_accept,raw/ilearn.thu.edu.tw/course.html,upload.failedWithAMessage
upload_accept,raw/ilearn.thu.edu.tw/course.html,upload.selectable
upload_accept,raw/ilearn.thu.edu.tw/course.html,Extension
upload_accept,raw/ilearn.thu.edu.tw/course.html,upload
upload_accept,raw/ilearn.thu.edu.tw/course.html,upload
upload_accept,raw/ilearn.thu.edu.tw/course.html,upload.name
upload_accept,raw/ilearn.thu.edu.tw/course.html,upload.name
upload_accept,raw/ilearn.thu.edu.tw/course.html,upload.failed
upload_accept,raw/ilearn.thu.edu.tw/course.html,upload.failedWithAMessage
upload_accept,raw/ilearn.thu.edu.tw/course.html,upload.failed
upload_accept,raw/ilearn.thu.edu.tw/course.html,upload.failedWithAMessage
upload_accept,raw/ilearn.thu.edu.tw/course.html,upload.progress
upload_accept,raw/ilearn.thu.edu.tw/course.html,upload.progress
upload_accept,raw/ilearn.thu.edu.tw/course.html,upload.progress
upload_accept,raw/ilearn.thu.edu.tw/course.html,upload.failed
upload_accept,raw/ilearn.thu.edu.tw/course.html,upload.failedWithAMessage
upload_accept,raw/ilearn.thu.edu.tw/course.html,upload-failed
upload_accept,raw/ilearn.thu.edu.tw/course.html,upload.failed
upload_accept,raw/ilearn.thu.edu.tw/course.html,upload.failedWithAMessage
upload_accept,raw/ilearn.thu.edu.tw/course.html,upload.failedMessage
upload_accept,raw/ilearn.thu.edu.tw/course.html,upload.speed
upload_accept,raw/ilearn.thu.edu.tw/course.html,upload.speed
upload_accept,raw/ilearn.thu.edu.tw/course.html,upload.speed
upload_accept,raw/ilearn.thu.edu.tw/course.html,upload-buttons
upload_accept,raw/ilearn.thu.edu.tw/course.html,upload-button
upload_accept,raw/ilearn.thu.edu.tw/course.html,UploadingUpload
upload_accept,raw/ilearn.thu.edu.tw/course.html,upload
upload_accept,raw/ilearn.thu.edu.tw/course.html,upload.failed
upload_accept,raw/ilearn.thu.edu.tw/course.html,upload.finished
upload_accept,raw/ilearn.thu.edu.tw/course.html,upload.finished
upload_accept,raw/ilearn.thu.edu.tw/course.html,upload.is_folder
upload_accept,raw/ilearn.thu.edu.tw/course.html,UploadClick
upload_accept,raw/ilearn.thu.edu.tw/course.html,upload
upload_accept,raw/ilearn.thu.edu.tw/course.html,upload.selected
upload_accept,raw/ilearn.thu.edu.tw/course.html,upload.failed
upload_accept,raw/ilearn.thu.edu.tw/course.html,upload.failedWithAMessage
upload_accept,raw/ilearn.thu.edu.tw/course.html,upload.selectable
upload_accept,raw/ilearn.thu.edu.tw/course.html,upload
upload_accept,raw/ilearn.thu.edu.tw/course.html,upload
upload_accept,raw/ilearn.thu.edu.tw/course.html,Upload
upload_accept,raw/ilearn.thu.edu.tw/course.html,upload.failed
upload_accept,raw/ilearn.thu.edu.tw/course.html,upload.failedWithAMessage
upload_accept,raw/ilearn.thu.edu.tw/course.html,upload.selectable
upload_accept,raw/ilearn.thu.edu.tw/course.html,upload.type
upload_accept,raw/ilearn.thu.edu.tw/course.html,upload.type
upload_accept,raw/ilearn.thu.edu.tw/course.html,Extension
upload_accept,raw/ilearn.thu.edu.tw/course.html,upload
upload_accept,raw/ilearn.thu.edu.tw/course.html,upload.type
upload_accept,raw/ilearn.thu.edu.tw/course.html,upload.type
upload_accept,raw/ilearn.thu.edu.tw/course.html,upload.type
upload_accept,raw/ilearn.thu.edu.tw/course.html,upload.type
upload_accept,raw/ilearn.thu.edu.tw/course.html,upload.name
upload_accept,raw/ilearn.thu.edu.tw/course.html,upload.name
upload_accept,raw/ilearn.thu.edu.tw/course.html,upload.type
upload_accept,raw/ilearn.thu.edu.tw/course.html,upload.type
upload_accept,raw/ilearn.thu.edu.tw/course.html,upload.title
upload_accept,raw/ilearn.thu.edu.tw/course.html,upload.title
upload_accept,raw/ilearn.thu.edu.tw/course.html,upload.type
upload_accept,raw/ilearn.thu.edu.tw/course.html,upload.type
upload_accept,raw/ilearn.thu.edu.tw/course.html,extension
upload_accept,raw/ilearn.thu.edu.tw/course.html,upload.name
upload_accept,raw/ilearn.thu.edu.tw/course.html,Extension
upload_accept,raw/ilearn.thu.edu.tw/course.html,upload.type
upload_accept,raw/ilearn.thu.edu.tw/course.html,upload.uploads
upload_accept,raw/ilearn.thu.edu.tw/course.html,upload-buttons
upload_accept,raw/ilearn.thu.edu.tw/course.html,upload-button
upload_accept,raw/ilearn.thu.edu.tw/course.html,UploadingUpload
upload_accept,raw/ilearn.thu.edu.tw/course.html,upload
upload_accept,raw/ilearn.thu.edu.tw/course.html,upload.failed
upload_accept,raw/ilearn.thu.edu.tw/course.html,upload.finished
upload_accept,raw/ilearn.thu.edu.tw/course.html,upload.finished
upload_accept,raw/ilearn.thu.edu.tw/course.html,upload
upload_accept,raw/ilearn.thu.edu.tw/course.html,upload.selected
upload_accept,raw/ilearn.thu.edu.tw/course.html,upload.id
upload_accept,raw/ilearn.thu.edu.tw/course.html,Upload.id
upload_accept,raw/ilearn.thu.edu.tw/course.html,UploadClick
upload_accept,raw/ilearn.thu.edu.tw/course.html,upload
upload_accept,raw/ilearn.thu.edu.tw/course.html,upload.selected
upload_accept,raw/ilearn.thu.edu.tw/course.html,upload
upload_accept,raw/ilearn.thu.edu.tw/course.html,upload
upload_accept,raw/ilearn.thu.edu.tw/course.html,Upload
upload_accept,raw/ilearn.thu.edu.tw/course.html,uploads
upload_accept,raw/ilearn.thu.edu.tw/course.html,upload.thumbnail.id
upload_accept,raw/ilearn.thu.edu.tw/course.html,upload.isThirdPartResource
upload_accept,raw/ilearn.thu.edu.tw/course.html,upload.thumbnail
upload_accept,raw/ilearn.thu.edu.tw/course.html,upload.thumbnail.id
upload_accept,raw/ilearn.thu.edu.tw/course.html,uploads
upload_accept,raw/ilearn.thu.edu.tw/course.html,upload.id
upload_accept,raw/ilearn.thu.edu.tw/course.html,upload.isThirdPartResource
upload_accept,raw/ilearn.thu.edu.tw/course.html,upload.thumbnail
upload_accept,raw/ilearn.thu.edu.tw/course.html,upload.thumbnail.id
upload_accept,raw/ilearn.thu.edu.tw/course.html,uploads
upload_accept,raw/ilearn.thu.edu.tw/course.html,upload.thumbnail.id
upload_accept,raw/ilearn.thu.edu.tw/course.html,upload.isThirdPartResource
upload_accept,raw/ilearn.thu.edu.tw/course.html,upload.thumbnail
upload_accept,raw/ilearn.thu.edu.tw/course.html,upload.thumbnail.id
upload_accept,raw/ilearn.thu.edu.tw/course.html,uploads
upload_accept,raw/ilearn.thu.edu.tw/course.html,upload.id
upload_accept,raw/ilearn.thu.edu.tw/course.html,upload.isThirdPartResource
upload_accept,raw/ilearn.thu.edu.tw/course.html,upload.thumbnail
upload_accept,raw/ilearn.thu.edu.tw/course.html,upload.thumbnail.id
upload_accept,raw/ilearn.thu.edu.tw/course.html,upload.name
upload_accept,raw/ilearn.thu.edu.tw/course.html,upload.name
upload_accept,raw/ilearn.thu.edu.tw/course.html,upload-content
upload_accept,raw/ilearn.thu.edu.tw/course.html,upload
upload_accept,raw/ilearn.thu.edu.tw/course.html,upload.is_folder
upload_accept,raw/ilearn.thu.edu.tw/course.html,upload.selectable
upload_accept,raw/ilearn.thu.edu.tw/course.html,UploadClick
upload_accept,raw/ilearn.thu.edu.tw/course.html,upload
upload_accept,raw/ilearn.thu.edu.tw/course.html,UploadClick
upload_accept,raw/ilearn.thu.edu.tw/course.html,upload
upload_accept,raw/ilearn.thu.edu.tw/course.html,upload.selected
upload_accept,raw/ilearn.thu.edu.tw/course.html,upload
upload_accept,raw/ilearn.thu.edu.tw/course.html,upload
upload_accept,raw/ilearn.thu.edu.tw/course.html,Upload
upload_accept,raw/ilearn.thu.edu.tw/course.html,upload.failed
upload_accept,raw/ilearn.thu.edu.tw/course.html,upload.failedWithAMessage
upload_accept,raw/ilearn.thu.edu.tw/course.html,upload.selectable
upload_accept,raw/ilearn.thu.edu.tw/course.html,Extension
upload_accept,raw/ilearn.thu.edu.tw/course.html,upload
upload_accept,raw/ilearn.thu.edu.tw/course.html,upload
upload_accept,raw/ilearn.thu.edu.tw/course.html,upload.name
upload_accept,raw/ilearn.thu.edu.tw/course.html,upload.name
upload_accept,raw/ilearn.thu.edu.tw/course.html,upload.failed
upload_accept,raw/ilearn.thu.edu.tw/course.html,upload.failedWithAMessage
upload_accept,raw/ilearn.thu.edu.tw/course.html,upload.failed
upload_accept,raw/ilearn.thu.edu.tw/course.html,upload.failedWithAMessage
upload_accept,raw/ilearn.thu.edu.tw/course.html,upload.progress
upload_accept,raw/ilearn.thu.edu.tw/course.html,upload.progress
upload_accept,raw/ilearn.thu.edu.tw/course.html,upload.progress
upload_accept,raw/ilearn.thu.edu.tw/course.html,upload.failed
upload_accept,raw/ilearn.thu.edu.tw/course.html,upload.failedWithAMessage
upload_accept,raw/ilearn.thu.edu.tw/course.html,upload-failed
upload_accept,raw/ilearn.thu.edu.tw/course.html,upload.failed
upload_accept,raw/ilearn.thu.edu.tw/course.html,upload.failedWithAMessage
upload_accept,raw/ilearn.thu.edu.tw/course.html,upload.failedMessage
upload_accept,raw/ilearn.thu.edu.tw/course.html,upload.speed
upload_accept,raw/ilearn.thu.edu.tw/course.html,upload.speed
upload_accept,raw/ilearn.thu.edu.tw/course.html,upload.speed
upload_accept,raw/ilearn.thu.edu.tw/course.html,upload-buttons
upload_accept,raw/ilearn.thu.edu.tw/course.html,upload-button
upload_accept,raw/ilearn.thu.edu.tw/course.html,UploadingUpload
upload_accept,raw/ilearn.thu.edu.tw/course.html,upload
upload_accept,raw/ilearn.thu.edu.tw/course.html,upload.failed
upload_accept,raw/ilearn.thu.edu.tw/course.html,upload.finished
upload_accept,raw/ilearn.thu.edu.tw/course.html,upload.finished
upload_accept,raw/ilearn.thu.edu.tw/course.html,upload.is_folder
upload_accept,raw/ilearn.thu.edu.tw/course.html,UploadClick
upload_accept,raw/ilearn.thu.edu.tw/course.html,upload
upload_accept,raw/ilearn.thu.edu.tw/course.html,upload.selected
upload_accept,raw/ilearn.thu.edu.tw/course.html,upload.failed
upload_accept,raw/ilearn.thu.edu.tw/course.html,upload.failedWithAMessage
upload_accept,raw/ilearn.thu.edu.tw/course.html,upload.selectable
upload_accept,raw/ilearn.thu.edu.tw/course.html,upload
upload_accept,raw/ilearn.thu.edu.tw/course.html,upload
upload_accept,raw/ilearn.thu.edu.tw/course.html,Upload
upload_accept,raw/ilearn.thu.edu.tw/course.html,upload.failed
upload_accept,raw/ilearn.thu.edu.tw/course.html,upload.failedWithAMessage
upload_accept,raw/ilearn.thu.edu.tw/course.html,upload.selectable
upload_accept,raw/ilearn.thu.edu.tw/course.html,upload.type
upload_accept,raw/ilearn.thu.edu.tw/course.html,upload.type
upload_accept,raw/ilearn.thu.edu.tw/course.html,Extension
upload_accept,raw/ilearn.thu.edu.tw/course.html,upload
upload_accept,raw/ilearn.thu.edu.tw/course.html,upload.type
upload_accept,raw/ilearn.thu.edu.tw/course.html,upload.type
upload_accept,raw/ilearn.thu.edu.tw/course.html,upload.type
upload_accept,raw/ilearn.thu.edu.tw/course.html,upload.type
upload_accept,raw/ilearn.thu.edu.tw/course.html,upload.name
upload_accept,raw/ilearn.thu.edu.tw/course.html,upload.name
upload_accept,raw/ilearn.thu.edu.tw/course.html,upload.type
upload_accept,raw/ilearn.thu.edu.tw/course.html,upload.type
upload_accept,raw/ilearn.thu.edu.tw/course.html,upload.title
upload_accept,raw/ilearn.thu.edu.tw/course.html,upload.title
upload_accept,raw/ilearn.thu.edu.tw/course.html,upload.type
upload_accept,raw/ilearn.thu.edu.tw/course.html,upload.type
upload_accept,raw/ilearn.thu.edu.tw/course.html,extension
upload_accept,raw/ilearn.thu.edu.tw/course.html,upload.name
upload_accept,raw/ilearn.thu.edu.tw/course.html,Extension
upload_accept,raw/ilearn.thu.edu.tw/course.html,upload.type
upload_accept,raw/ilearn.thu.edu.tw/course.html,upload.uploads
upload_accept,raw/ilearn.thu.edu.tw/course.html,upload-buttons
upload_accept,raw/ilearn.thu.edu.tw/course.html,upload-button
upload_accept,raw/ilearn.thu.edu.tw/course.html,UploadingUpload
upload_accept,raw/ilearn.thu.edu.tw/course.html,upload
upload_accept,raw/ilearn.thu.edu.tw/course.html,upload.failed
upload_accept,raw/ilearn.thu.edu.tw/course.html,upload.finished
upload_accept,raw/ilearn.thu.edu.tw/course.html,upload.finished
upload_accept,raw/ilearn.thu.edu.tw/course.html,upload
upload_accept,raw/ilearn.thu.edu.tw/course.html,upload.selected
upload_accept,raw/ilearn.thu.edu.tw/course.html,upload.id
upload_accept,raw/ilearn.thu.edu.tw/course.html,Upload.id
upload_accept,raw/ilearn.thu.edu.tw/course.html,UploadClick
upload_accept,raw/ilearn.thu.edu.tw/course.html,upload
upload_accept,raw/ilearn.thu.edu.tw/course.html,upload.selected
upload_accept,raw/ilearn.thu.edu.tw/course.html,upload
upload_accept,raw/ilearn.thu.edu.tw/course.html,upload
upload_accept,raw/ilearn.thu.edu.tw/course.html,Upload
upload_accept,raw/ilearn.thu.edu.tw/course.html,uploads
upload_accept,raw/ilearn.thu.edu.tw/course.html,upload.thumbnail.id
upload_accept,raw/ilearn.thu.edu.tw/course.html,upload.isThirdPartResource
upload_accept,raw/ilearn.thu.edu.tw/course.html,upload.thumbnail
upload_accept,raw/ilearn.thu.edu.tw/course.html,upload.thumbnail.id
upload_accept,raw/ilearn.thu.edu.tw/course.html,uploads
upload_accept,raw/ilearn.thu.edu.tw/course.html,upload.id
upload_accept,raw/ilearn.thu.edu.tw/course.html,upload.isThirdPartResource
upload_accept,raw/ilearn.thu.edu.tw/course.html,upload.thumbnail
upload_accept,raw/ilearn.thu.edu.tw/course.html,upload.thumbnail.id
upload_accept,raw/ilearn.thu.edu.tw/course.html,uploads
upload_accept,raw/ilearn.thu.edu.tw/course.html,upload.thumbnail.id
upload_accept,raw/ilearn.thu.edu.tw/course.html,upload.isThirdPartResource
upload_accept,raw/ilearn.thu.edu.tw/course.html,upload.thumbnail
upload_accept,raw/ilearn.thu.edu.tw/course.html,upload.thumbnail.id
upload_accept,raw/ilearn.thu.edu.tw/course.html,uploads
upload_accept,raw/ilearn.thu.edu.tw/course.html,upload.id
upload_accept,raw/ilearn.thu.edu.tw/course.html,upload.isThirdPartResource
upload_accept,raw/ilearn.thu.edu.tw/course.html,upload.thumbnail
upload_accept,raw/ilearn.thu.edu.tw/course.html,upload.thumbnail.id
upload_accept,raw/ilearn.thu.edu.tw/course.html,upload.name
upload_accept,raw/ilearn.thu.edu.tw/course.html,upload.name
upload_accept,raw/ilearn.thu.edu.tw/course.html,upload-content
upload_accept,raw/ilearn.thu.edu.tw/course.html,upload-content
upload_accept,raw/ilearn.thu.edu.tw/course.html,upload
upload_accept,raw/ilearn.thu.edu.tw/course.html,upload.is_folder
upload_accept,raw/ilearn.thu.edu.tw/course.html,upload.selectable
upload_accept,raw/ilearn.thu.edu.tw/course.html,UploadClick
upload_accept,raw/ilearn.thu.edu.tw/course.html,upload
upload_accept,raw/ilearn.thu.edu.tw/course.html,UploadClick
upload_accept,raw/ilearn.thu.edu.tw/course.html,upload
upload_accept,raw/ilearn.thu.edu.tw/course.html,upload.selected
upload_accept,raw/ilearn.thu.edu.tw/course.html,upload.is_folder
upload_accept,raw/ilearn.thu.edu.tw/course.html,upload
upload_accept,raw/ilearn.thu.edu.tw/course.html,upload
upload_accept,raw/ilearn.thu.edu.tw/course.html,Upload
upload_accept,raw/ilearn.thu.edu.tw/course.html,upload.is_folder
upload_accept,raw/ilearn.thu.edu.tw/course.html,Extension
upload_accept,raw/ilearn.thu.edu.tw/course.html,upload
upload_accept,raw/ilearn.thu.edu.tw/course.html,upload
upload_accept,raw/ilearn.thu.edu.tw/course.html,upload.name
upload_accept,raw/ilearn.thu.edu.tw/course.html,upload.name
upload_accept,raw/ilearn.thu.edu.tw/course.html,upload.created_at
upload_accept,raw/ilearn.thu.edu.tw/course.html,upload.size
upload_accept,raw/ilearn.thu.edu.tw/course.html,upload.size
upload_accept,raw/ilearn.thu.edu.tw/course.html,upload.size
upload_accept,raw/ilearn.thu.edu.tw/course.html,upload.is_folder
upload_accept,raw/ilearn.thu.edu.tw/course.html,UploadClick
upload_accept,raw/ilearn.thu.edu.tw/course.html,upload
upload_accept,raw/ilearn.thu.edu.tw/course.html,upload.selected
upload_accept,raw/ilearn.thu.edu.tw/course.html,upload.failed
upload_accept,raw/ilearn.thu.edu.tw/course.html,upload.failedWithAMessage
upload_accept,raw/ilearn.thu.edu.tw/course.html,upload.selectable
upload_accept,raw/ilearn.thu.edu.tw/course.html,upload.resource_id
upload_accept,raw/ilearn.thu.edu.tw/course.html,upload
upload_accept,raw/ilearn.thu.edu.tw/course.html,upload
upload_accept,raw/ilearn.thu.edu.tw/course.html,Upload
upload_accept,raw/ilearn.thu.edu.tw/course.html,upload.failed
upload_accept,raw/ilearn.thu.edu.tw/course.html,upload.failedWithAMessage
upload_accept,raw/ilearn.thu.edu.tw/course.html,upload.selectable
upload_accept,raw/ilearn.thu.edu.tw/course.html,upload.resource_id
upload_accept,raw/ilearn.thu.edu.tw/course.html,upload.type
upload_accept,raw/ilearn.thu.edu.tw/course.html,upload.type
upload_accept,raw/ilearn.thu.edu.tw/course.html,Extension
upload_accept,raw/ilearn.thu.edu.tw/course.html,upload
upload_accept,raw/ilearn.thu.edu.tw/course.html,upload.type
upload_accept,raw/ilearn.thu.edu.tw/course.html,upload.type
upload_accept,raw/ilearn.thu.edu.tw/course.html,upload.type
upload_accept,raw/ilearn.thu.edu.tw/course.html,upload.type
upload_accept,raw/ilearn.thu.edu.tw/course.html,upload.name
upload_accept,raw/ilearn.thu.edu.tw/course.html,upload.name
upload_accept,raw/ilearn.thu.edu.tw/course.html,upload.type
upload_accept,raw/ilearn.thu.edu.tw/course.html,upload.type
upload_accept,raw/ilearn.thu.edu.tw/course.html,upload.title
upload_accept,raw/ilearn.thu.edu.tw/course.html,upload.title
upload_accept,raw/ilearn.thu.edu.tw/course.html,upload.type
upload_accept,raw/ilearn.thu.edu.tw/course.html,upload.type
upload_accept,raw/ilearn.thu.edu.tw/course.html,extension
upload_accept,raw/ilearn.thu.edu.tw/course.html,upload.name
upload_accept,raw/ilearn.thu.edu.tw/course.html,Extension
upload_accept,raw/ilearn.thu.edu.tw/course.html,upload.type
upload_accept,raw/ilearn.thu.edu.tw/course.html,upload.uploads
upload_accept,raw/ilearn.thu.edu.tw/course.html,upload.type
upload_accept,raw/ilearn.thu.edu.tw/course.html,upload.duration
upload_accept,raw/ilearn.thu.edu.tw/course.html,upload.type
upload_accept,raw/ilearn.thu.edu.tw/course.html,upload.type
upload_accept,raw/ilearn.thu.edu.tw/course.html,upload.num_of_subjects
upload_accept,raw/ilearn.thu.edu.tw/course.html,upload.created_at
upload_accept,raw/ilearn.thu.edu.tw/course.html,upload.size
upload_accept,raw/ilearn.thu.edu.tw/course.html,upload.size
upload_accept,raw/ilearn.thu.edu.tw/course.html,upload.size
upload_accept,raw/ilearn.thu.edu.tw/course.html,upload-not-support-popup
upload_accept,raw/ilearn.thu.edu.tw/course.html,upload-not-support-popup
upload_accept,raw/ilearn.thu.edu.tw/course.html,upload-list
upload_accept,raw/ilearn.thu.edu.tw/course.html,Upload
upload_accept,raw/ilearn.thu.edu.tw/course.html,upload-not-support-popup
upload_accept,raw/ilearn.thu.edu.tw/course.html,upload-failed-popup
upload_accept,raw/ilearn.thu.edu.tw/course.html,upload-failed-popup
upload_accept,raw/ilearn.thu.edu.tw/course.html,upload-list
upload_accept,raw/ilearn.thu.edu.tw/course.html,upload-failed-popup
upload_accept,raw/ilearn.thu.edu.tw/course.html,Upload
upload_accept,raw/ilearn.thu.edu.tw/course.html,upload-hint
upload_accept,raw/ilearn.thu.edu.tw/course.html,upload_hint
upload_accept,raw/ilearn.thu.edu.tw/course.html,upload_hint_popup
upload_accept,raw/ilearn.thu.edu.tw/course.html,upload_hint_popup
upload_accept,raw/ilearn.thu.edu.tw/course.html,upload_hint_popup
upload_accept,raw/ilearn.thu.edu.tw/course.html,Uploading
upload_accept,raw/ilearn.thu.edu.tw/course.html,Uploads
upload_accept,raw/ilearn.thu.edu.tw/course.html,UploadFolder
upload_accept,raw/ilearn.thu.edu.tw/course.html,UploadFolder
upload_accept,raw/ilearn.thu.edu.tw/course.html,MimeTypes
upload_accept,raw/ilearn.thu.edu.tw/course.html,upload_file
upload_accept,raw/ilearn.thu.edu.tw/course.html,UploadStatus
upload_accept,raw/ilearn.thu.edu.tw/course.html,uploads
upload_accept,raw/ilearn.thu.edu.tw/course.html,uploads.length
upload_accept,raw/ilearn.thu.edu.tw/course.html,upload.type
upload_accept,raw/ilearn.thu.edu.tw/course.html,upload.type
upload_accept,raw/ilearn.thu.edu.tw/course.html,upload.name
upload_accept,raw/ilearn.thu.edu.tw/course.html,upload.file_name
upload_accept,raw/ilearn.thu.edu.tw/course.html,upload.name
upload_accept,raw/ilearn.thu.edu.tw/course.html,upload.name
upload_accept,raw/ilearn.thu.edu.tw/course.html,extension
upload_accept,raw/ilearn.thu.edu.tw/course.html,upload.name
upload_accept,raw/ilearn.thu.edu.tw/course.html,Extension
upload_accept,raw/ilearn.thu.edu.tw/course.html,upload.cc_license_code
upload_accept,raw/ilearn.thu.edu.tw/course.html,upload.cc_license_code
upload_accept,raw/ilearn.thu.edu.tw/course.html,upload.cc_license_code
upload_accept,raw/ilearn.thu.edu.tw/course.html,upload.cc_license_description
upload_accept,raw/ilearn.thu.edu.tw/course.html,upload.cc_license_code
upload_accept,raw/ilearn.thu.edu.tw/course.html,upload.cc_license_link
upload_accept,raw/ilearn.thu.edu.tw/course.html,upload.cc_license_code
upload_accept,raw/ilearn.thu.edu.tw/course.html,upload.cc_license_code
upload_accept,raw/ilearn.thu.edu.tw/course.html,upload.cc_license_code
upload_accept,raw/ilearn.thu.edu.tw/course.html,upload.cc_license_description
upload_accept,raw/ilearn.thu.edu.tw/course.html,upload.cc_license_code
upload_accept,raw/ilearn.thu.edu.tw/course.html,upload
upload_accept,raw/ilearn.thu.edu.tw/course.html,upload.aiQuiz.id
