runtime_source,asset_url,asset_type,present_200,local_path,status
raw/ilearn.thu.edu.tw/static/runtime~js/lms-main-d55bfefd.js,https://ilearn.thu.edu.tw/static/10035.853f7abc.js,.js,True,raw/ilearn.thu.edu.tw/static/10035.853f7abc.js,200
raw/ilearn.thu.edu.tw/static/runtime~js/lms-main-d55bfefd.js,https://ilearn.thu.edu.tw/static/10067.39ff48db.js,.js,True,raw/ilearn.thu.edu.tw/static/10067.39ff48db.js,200
raw/ilearn.thu.edu.tw/static/runtime~js/lms-main-d55bfefd.js,https://ilearn.thu.edu.tw/static/10188.0cd009aa.js,.js,True,raw/ilearn.thu.edu.tw/static/10188.0cd009aa.js,200
raw/ilearn.thu.edu.tw/static/runtime~js/lms-main-d55bfefd.js,https://ilearn.thu.edu.tw/static/10242.1acb04a8.js,.js,True,raw/ilearn.thu.edu.tw/static/10242.1acb04a8.js,200
raw/ilearn.thu.edu.tw/static/runtime~js/lms-main-d55bfefd.js,https://ilearn.thu.edu.tw/static/10248-98bfa44a.chunk.css,.css,True,raw/ilearn.thu.edu.tw/static/10248-98bfa44a.chunk.css,200
raw/ilearn.thu.edu.tw/static/runtime~js/lms-main-d55bfefd.js,https://ilearn.thu.edu.tw/static/10248.e193e757.js,.js,True,raw/ilearn.thu.edu.tw/static/10248.e193e757.js,200
raw/ilearn.thu.edu.tw/static/runtime~js/lms-main-d55bfefd.js,https://ilearn.thu.edu.tw/static/10257.5f75a4b2.js,.js,True,raw/ilearn.thu.edu.tw/static/10257.5f75a4b2.js,200
raw/ilearn.thu.edu.tw/static/runtime~js/lms-main-d55bfefd.js,https://ilearn.thu.edu.tw/static/10309.2e240c82.js,.js,True,raw/ilearn.thu.edu.tw/static/10309.2e240c82.js,200
raw/ilearn.thu.edu.tw/static/runtime~js/lms-main-d55bfefd.js,https://ilearn.thu.edu.tw/static/10310.1168e67d.js,.js,True,raw/ilearn.thu.edu.tw/static/10310.1168e67d.js,200
raw/ilearn.thu.edu.tw/static/runtime~js/lms-main-d55bfefd.js,https://ilearn.thu.edu.tw/static/10380.988cf572.js,.js,True,raw/ilearn.thu.edu.tw/static/10380.988cf572.js,200
raw/ilearn.thu.edu.tw/static/runtime~js/lms-main-d55bfefd.js,https://ilearn.thu.edu.tw/static/10383-960bbf42.chunk.css,.css,True,raw/ilearn.thu.edu.tw/static/10383-960bbf42.chunk.css,200
raw/ilearn.thu.edu.tw/static/runtime~js/lms-main-d55bfefd.js,https://ilearn.thu.edu.tw/static/10383.d04ce83a.js,.js,True,raw/ilearn.thu.edu.tw/static/10383.d04ce83a.js,200
raw/ilearn.thu.edu.tw/static/runtime~js/lms-main-d55bfefd.js,https://ilearn.thu.edu.tw/static/10409.3c0dcb73.js,.js,True,raw/ilearn.thu.edu.tw/static/10409.3c0dcb73.js,200
raw/ilearn.thu.edu.tw/static/runtime~js/lms-main-d55bfefd.js,https://ilearn.thu.edu.tw/static/1065.e951cf0f.js,.js,True,raw/ilearn.thu.edu.tw/static/1065.e951cf0f.js,200
raw/ilearn.thu.edu.tw/static/runtime~js/lms-main-d55bfefd.js,https://ilearn.thu.edu.tw/static/10844.0d26da39.js,.js,True,raw/ilearn.thu.edu.tw/static/10844.0d26da39.js,200
raw/ilearn.thu.edu.tw/static/runtime~js/lms-main-d55bfefd.js,https://ilearn.thu.edu.tw/static/1104.a7791db6.js,.js,True,raw/ilearn.thu.edu.tw/static/1104.a7791db6.js,200
raw/ilearn.thu.edu.tw/static/runtime~js/lms-main-d55bfefd.js,https://ilearn.thu.edu.tw/static/11580.a7791db6.js,.js,True,raw/ilearn.thu.edu.tw/static/11580.a7791db6.js,200
raw/ilearn.thu.edu.tw/static/runtime~js/lms-main-d55bfefd.js,https://ilearn.thu.edu.tw/static/11708.a556fce2.js,.js,True,raw/ilearn.thu.edu.tw/static/11708.a556fce2.js,200
raw/ilearn.thu.edu.tw/static/runtime~js/lms-main-d55bfefd.js,https://ilearn.thu.edu.tw/static/11812.92e9ccfe.js,.js,True,raw/ilearn.thu.edu.tw/static/11812.92e9ccfe.js,200
raw/ilearn.thu.edu.tw/static/runtime~js/lms-main-d55bfefd.js,https://ilearn.thu.edu.tw/static/11836-7c4b2711.chunk.css,.css,True,raw/ilearn.thu.edu.tw/static/11836-7c4b2711.chunk.css,200
raw/ilearn.thu.edu.tw/static/runtime~js/lms-main-d55bfefd.js,https://ilearn.thu.edu.tw/static/11836.f57019c4.js,.js,True,raw/ilearn.thu.edu.tw/static/11836.f57019c4.js,200
raw/ilearn.thu.edu.tw/static/runtime~js/lms-main-d55bfefd.js,https://ilearn.thu.edu.tw/static/11903.fdf6e5ec.js,.js,True,raw/ilearn.thu.edu.tw/static/11903.fdf6e5ec.js,200
raw/ilearn.thu.edu.tw/static/runtime~js/lms-main-d55bfefd.js,https://ilearn.thu.edu.tw/static/120-2ca4a78b.chunk.css,.css,True,raw/ilearn.thu.edu.tw/static/120-2ca4a78b.chunk.css,200
raw/ilearn.thu.edu.tw/static/runtime~js/lms-main-d55bfefd.js,https://ilearn.thu.edu.tw/static/120.e0d9ff72.js,.js,True,raw/ilearn.thu.edu.tw/static/120.e0d9ff72.js,200
raw/ilearn.thu.edu.tw/static/runtime~js/lms-main-d55bfefd.js,https://ilearn.thu.edu.tw/static/12117.76d49271.js,.js,True,raw/ilearn.thu.edu.tw/static/12117.76d49271.js,200
raw/ilearn.thu.edu.tw/static/runtime~js/lms-main-d55bfefd.js,https://ilearn.thu.edu.tw/static/12149.3c82261f.js,.js,True,raw/ilearn.thu.edu.tw/static/12149.3c82261f.js,200
raw/ilearn.thu.edu.tw/static/runtime~js/lms-main-d55bfefd.js,https://ilearn.thu.edu.tw/static/12159-e10443e1.chunk.css,.css,True,raw/ilearn.thu.edu.tw/static/12159-e10443e1.chunk.css,200
raw/ilearn.thu.edu.tw/static/runtime~js/lms-main-d55bfefd.js,https://ilearn.thu.edu.tw/static/12159.7fb514eb.js,.js,True,raw/ilearn.thu.edu.tw/static/12159.7fb514eb.js,200
raw/ilearn.thu.edu.tw/static/runtime~js/lms-main-d55bfefd.js,https://ilearn.thu.edu.tw/static/12308.102041f5.js,.js,True,raw/ilearn.thu.edu.tw/static/12308.102041f5.js,200
raw/ilearn.thu.edu.tw/static/runtime~js/lms-main-d55bfefd.js,https://ilearn.thu.edu.tw/static/12472.7cff0687.js,.js,True,raw/ilearn.thu.edu.tw/static/12472.7cff0687.js,200
raw/ilearn.thu.edu.tw/static/runtime~js/lms-main-d55bfefd.js,https://ilearn.thu.edu.tw/static/12798-c867edb0.chunk.css,.css,True,raw/ilearn.thu.edu.tw/static/12798-c867edb0.chunk.css,200
raw/ilearn.thu.edu.tw/static/runtime~js/lms-main-d55bfefd.js,https://ilearn.thu.edu.tw/static/12798.0fbe5454.js,.js,True,raw/ilearn.thu.edu.tw/static/12798.0fbe5454.js,200
raw/ilearn.thu.edu.tw/static/runtime~js/lms-main-d55bfefd.js,https://ilearn.thu.edu.tw/static/12855-d64fef13.chunk.css,.css,True,raw/ilearn.thu.edu.tw/static/12855-d64fef13.chunk.css,200
raw/ilearn.thu.edu.tw/static/runtime~js/lms-main-d55bfefd.js,https://ilearn.thu.edu.tw/static/12919.4817e094.js,.js,True,raw/ilearn.thu.edu.tw/static/12919.4817e094.js,200
raw/ilearn.thu.edu.tw/static/runtime~js/lms-main-d55bfefd.js,https://ilearn.thu.edu.tw/static/13529.d8cb667c.js,.js,True,raw/ilearn.thu.edu.tw/static/13529.d8cb667c.js,200
raw/ilearn.thu.edu.tw/static/runtime~js/lms-main-d55bfefd.js,https://ilearn.thu.edu.tw/static/13642.2932c270.js,.js,True,raw/ilearn.thu.edu.tw/static/13642.2932c270.js,200
raw/ilearn.thu.edu.tw/static/runtime~js/lms-main-d55bfefd.js,https://ilearn.thu.edu.tw/static/13706.e0d1043a.js,.js,True,raw/ilearn.thu.edu.tw/static/13706.e0d1043a.js,200
raw/ilearn.thu.edu.tw/static/runtime~js/lms-main-d55bfefd.js,https://ilearn.thu.edu.tw/static/13775.3b2bed97.js,.js,True,raw/ilearn.thu.edu.tw/static/13775.3b2bed97.js,200
raw/ilearn.thu.edu.tw/static/runtime~js/lms-main-d55bfefd.js,https://ilearn.thu.edu.tw/static/13821.19c32f7f.js,.js,True,raw/ilearn.thu.edu.tw/static/13821.19c32f7f.js,200
raw/ilearn.thu.edu.tw/static/runtime~js/lms-main-d55bfefd.js,https://ilearn.thu.edu.tw/static/13856.6c8c84cd.js,.js,True,raw/ilearn.thu.edu.tw/static/13856.6c8c84cd.js,200
raw/ilearn.thu.edu.tw/static/runtime~js/lms-main-d55bfefd.js,https://ilearn.thu.edu.tw/static/13944-0beebd42.chunk.css,.css,True,raw/ilearn.thu.edu.tw/static/13944-0beebd42.chunk.css,200
raw/ilearn.thu.edu.tw/static/runtime~js/lms-main-d55bfefd.js,https://ilearn.thu.edu.tw/static/13944.4d81e66c.js,.js,True,raw/ilearn.thu.edu.tw/static/13944.4d81e66c.js,200
raw/ilearn.thu.edu.tw/static/runtime~js/lms-main-d55bfefd.js,https://ilearn.thu.edu.tw/static/13969.2a552dd2.js,.js,True,raw/ilearn.thu.edu.tw/static/13969.2a552dd2.js,200
raw/ilearn.thu.edu.tw/static/runtime~js/lms-main-d55bfefd.js,https://ilearn.thu.edu.tw/static/14054-3613432e.chunk.css,.css,True,raw/ilearn.thu.edu.tw/static/14054-3613432e.chunk.css,200
raw/ilearn.thu.edu.tw/static/runtime~js/lms-main-d55bfefd.js,https://ilearn.thu.edu.tw/static/14054.10797ea7.js,.js,True,raw/ilearn.thu.edu.tw/static/14054.10797ea7.js,200
raw/ilearn.thu.edu.tw/static/runtime~js/lms-main-d55bfefd.js,https://ilearn.thu.edu.tw/static/14068.31ea119d.js,.js,True,raw/ilearn.thu.edu.tw/static/14068.31ea119d.js,200
raw/ilearn.thu.edu.tw/static/runtime~js/lms-main-d55bfefd.js,https://ilearn.thu.edu.tw/static/14279.f75486f1.js,.js,True,raw/ilearn.thu.edu.tw/static/14279.f75486f1.js,200
raw/ilearn.thu.edu.tw/static/runtime~js/lms-main-d55bfefd.js,https://ilearn.thu.edu.tw/static/14433.8da36488.js,.js,True,raw/ilearn.thu.edu.tw/static/14433.8da36488.js,200
raw/ilearn.thu.edu.tw/static/runtime~js/lms-main-d55bfefd.js,https://ilearn.thu.edu.tw/static/14615.8c38d7d4.js,.js,True,raw/ilearn.thu.edu.tw/static/14615.8c38d7d4.js,200
raw/ilearn.thu.edu.tw/static/runtime~js/lms-main-d55bfefd.js,https://ilearn.thu.edu.tw/static/14631.e54876b2.js,.js,True,raw/ilearn.thu.edu.tw/static/14631.e54876b2.js,200
raw/ilearn.thu.edu.tw/static/runtime~js/lms-main-d55bfefd.js,https://ilearn.thu.edu.tw/static/14769.c100af91.js,.js,True,raw/ilearn.thu.edu.tw/static/14769.c100af91.js,200
raw/ilearn.thu.edu.tw/static/runtime~js/lms-main-d55bfefd.js,https://ilearn.thu.edu.tw/static/14891-1970a0da.js,.js,True,raw/ilearn.thu.edu.tw/static/14891-1970a0da.js,200
raw/ilearn.thu.edu.tw/static/runtime~js/lms-main-d55bfefd.js,https://ilearn.thu.edu.tw/static/14928.ccbfea64.js,.js,True,raw/ilearn.thu.edu.tw/static/14928.ccbfea64.js,200
raw/ilearn.thu.edu.tw/static/runtime~js/lms-main-d55bfefd.js,https://ilearn.thu.edu.tw/static/15034-f3c55e37.chunk.css,.css,True,raw/ilearn.thu.edu.tw/static/15034-f3c55e37.chunk.css,200
raw/ilearn.thu.edu.tw/static/runtime~js/lms-main-d55bfefd.js,https://ilearn.thu.edu.tw/static/15034.a0e65e77.js,.js,True,raw/ilearn.thu.edu.tw/static/15034.a0e65e77.js,200
raw/ilearn.thu.edu.tw/static/runtime~js/lms-main-d55bfefd.js,https://ilearn.thu.edu.tw/static/15134.740fc306.js,.js,True,raw/ilearn.thu.edu.tw/static/15134.740fc306.js,200
raw/ilearn.thu.edu.tw/static/runtime~js/lms-main-d55bfefd.js,https://ilearn.thu.edu.tw/static/15175.570cff7b.js,.js,True,raw/ilearn.thu.edu.tw/static/15175.570cff7b.js,200
raw/ilearn.thu.edu.tw/static/runtime~js/lms-main-d55bfefd.js,https://ilearn.thu.edu.tw/static/15225.71f0582a.js,.js,True,raw/ilearn.thu.edu.tw/static/15225.71f0582a.js,200
raw/ilearn.thu.edu.tw/static/runtime~js/lms-main-d55bfefd.js,https://ilearn.thu.edu.tw/static/15435.660824cb.js,.js,True,raw/ilearn.thu.edu.tw/static/15435.660824cb.js,200
raw/ilearn.thu.edu.tw/static/runtime~js/lms-main-d55bfefd.js,https://ilearn.thu.edu.tw/static/15448.d1593c31.js,.js,True,raw/ilearn.thu.edu.tw/static/15448.d1593c31.js,200
raw/ilearn.thu.edu.tw/static/runtime~js/lms-main-d55bfefd.js,https://ilearn.thu.edu.tw/static/15471.49137ee2.js,.js,True,raw/ilearn.thu.edu.tw/static/15471.49137ee2.js,200
raw/ilearn.thu.edu.tw/static/runtime~js/lms-main-d55bfefd.js,https://ilearn.thu.edu.tw/static/15587-364162b9.chunk.css,.css,True,raw/ilearn.thu.edu.tw/static/15587-364162b9.chunk.css,200
raw/ilearn.thu.edu.tw/static/runtime~js/lms-main-d55bfefd.js,https://ilearn.thu.edu.tw/static/15587.dbb2fed1.js,.js,True,raw/ilearn.thu.edu.tw/static/15587.dbb2fed1.js,200
raw/ilearn.thu.edu.tw/static/runtime~js/lms-main-d55bfefd.js,https://ilearn.thu.edu.tw/static/1561-3ff15ef9.css,.css,True,raw/ilearn.thu.edu.tw/static/1561-3ff15ef9.css,200
raw/ilearn.thu.edu.tw/static/runtime~js/lms-main-d55bfefd.js,https://ilearn.thu.edu.tw/static/15682-ea91cd13.chunk.css,.css,True,raw/ilearn.thu.edu.tw/static/15682-ea91cd13.chunk.css,200
raw/ilearn.thu.edu.tw/static/runtime~js/lms-main-d55bfefd.js,https://ilearn.thu.edu.tw/static/15682.5cfcfdda.js,.js,True,raw/ilearn.thu.edu.tw/static/15682.5cfcfdda.js,200
raw/ilearn.thu.edu.tw/static/runtime~js/lms-main-d55bfefd.js,https://ilearn.thu.edu.tw/static/15731.bd0f7825.js,.js,True,raw/ilearn.thu.edu.tw/static/15731.bd0f7825.js,200
raw/ilearn.thu.edu.tw/static/runtime~js/lms-main-d55bfefd.js,https://ilearn.thu.edu.tw/static/15738-2fb62eab.js,.js,True,raw/ilearn.thu.edu.tw/static/15738-2fb62eab.js,200
raw/ilearn.thu.edu.tw/static/runtime~js/lms-main-d55bfefd.js,https://ilearn.thu.edu.tw/static/15770.c0eea2d2.js,.js,True,raw/ilearn.thu.edu.tw/static/15770.c0eea2d2.js,200
raw/ilearn.thu.edu.tw/static/runtime~js/lms-main-d55bfefd.js,https://ilearn.thu.edu.tw/static/16064-89607b11.chunk.css,.css,True,raw/ilearn.thu.edu.tw/static/16064-89607b11.chunk.css,200
raw/ilearn.thu.edu.tw/static/runtime~js/lms-main-d55bfefd.js,https://ilearn.thu.edu.tw/static/16064.6c2c8939.js,.js,True,raw/ilearn.thu.edu.tw/static/16064.6c2c8939.js,200
raw/ilearn.thu.edu.tw/static/runtime~js/lms-main-d55bfefd.js,https://ilearn.thu.edu.tw/static/16065.63e765ac.js,.js,True,raw/ilearn.thu.edu.tw/static/16065.63e765ac.js,200
raw/ilearn.thu.edu.tw/static/runtime~js/lms-main-d55bfefd.js,https://ilearn.thu.edu.tw/static/16591.cb86ad23.js,.js,True,raw/ilearn.thu.edu.tw/static/16591.cb86ad23.js,200
raw/ilearn.thu.edu.tw/static/runtime~js/lms-main-d55bfefd.js,https://ilearn.thu.edu.tw/static/16761-9275ca8e.chunk.css,.css,True,raw/ilearn.thu.edu.tw/static/16761-9275ca8e.chunk.css,200
raw/ilearn.thu.edu.tw/static/runtime~js/lms-main-d55bfefd.js,https://ilearn.thu.edu.tw/static/16761.11351936.js,.js,True,raw/ilearn.thu.edu.tw/static/16761.11351936.js,200
raw/ilearn.thu.edu.tw/static/runtime~js/lms-main-d55bfefd.js,https://ilearn.thu.edu.tw/static/16831.3050f543.js,.js,True,raw/ilearn.thu.edu.tw/static/16831.3050f543.js,200
raw/ilearn.thu.edu.tw/static/runtime~js/lms-main-d55bfefd.js,https://ilearn.thu.edu.tw/static/16985.5dac5529.js,.js,True,raw/ilearn.thu.edu.tw/static/16985.5dac5529.js,200
raw/ilearn.thu.edu.tw/static/runtime~js/lms-main-d55bfefd.js,https://ilearn.thu.edu.tw/static/17224.1924c797.js,.js,True,raw/ilearn.thu.edu.tw/static/17224.1924c797.js,200
raw/ilearn.thu.edu.tw/static/runtime~js/lms-main-d55bfefd.js,https://ilearn.thu.edu.tw/static/17246.fe27ddb2.js,.js,True,raw/ilearn.thu.edu.tw/static/17246.fe27ddb2.js,200
raw/ilearn.thu.edu.tw/static/runtime~js/lms-main-d55bfefd.js,https://ilearn.thu.edu.tw/static/17261.40691132.js,.js,True,raw/ilearn.thu.edu.tw/static/17261.40691132.js,200
raw/ilearn.thu.edu.tw/static/runtime~js/lms-main-d55bfefd.js,https://ilearn.thu.edu.tw/static/17414.7596b044.js,.js,True,raw/ilearn.thu.edu.tw/static/17414.7596b044.js,200
raw/ilearn.thu.edu.tw/static/runtime~js/lms-main-d55bfefd.js,https://ilearn.thu.edu.tw/static/17621.f956d0b8.js,.js,True,raw/ilearn.thu.edu.tw/static/17621.f956d0b8.js,200
raw/ilearn.thu.edu.tw/static/runtime~js/lms-main-d55bfefd.js,https://ilearn.thu.edu.tw/static/17636.a056dd6d.js,.js,True,raw/ilearn.thu.edu.tw/static/17636.a056dd6d.js,200
raw/ilearn.thu.edu.tw/static/runtime~js/lms-main-d55bfefd.js,https://ilearn.thu.edu.tw/static/17767.aae6c84c.js,.js,True,raw/ilearn.thu.edu.tw/static/17767.aae6c84c.js,200
raw/ilearn.thu.edu.tw/static/runtime~js/lms-main-d55bfefd.js,https://ilearn.thu.edu.tw/static/17983.a5926995.js,.js,True,raw/ilearn.thu.edu.tw/static/17983.a5926995.js,200
raw/ilearn.thu.edu.tw/static/runtime~js/lms-main-d55bfefd.js,https://ilearn.thu.edu.tw/static/18012.8701c2e1.js,.js,True,raw/ilearn.thu.edu.tw/static/18012.8701c2e1.js,200
raw/ilearn.thu.edu.tw/static/runtime~js/lms-main-d55bfefd.js,https://ilearn.thu.edu.tw/static/18041.e129ba21.js,.js,True,raw/ilearn.thu.edu.tw/static/18041.e129ba21.js,200
raw/ilearn.thu.edu.tw/static/runtime~js/lms-main-d55bfefd.js,https://ilearn.thu.edu.tw/static/18147-886382b1.chunk.css,.css,True,raw/ilearn.thu.edu.tw/static/18147-886382b1.chunk.css,200
raw/ilearn.thu.edu.tw/static/runtime~js/lms-main-d55bfefd.js,https://ilearn.thu.edu.tw/static/18147.b98c675a.js,.js,True,raw/ilearn.thu.edu.tw/static/18147.b98c675a.js,200
raw/ilearn.thu.edu.tw/static/runtime~js/lms-main-d55bfefd.js,https://ilearn.thu.edu.tw/static/18278.e25f810b.js,.js,True,raw/ilearn.thu.edu.tw/static/18278.e25f810b.js,200
raw/ilearn.thu.edu.tw/static/runtime~js/lms-main-d55bfefd.js,https://ilearn.thu.edu.tw/static/18283-93850a95.chunk.css,.css,True,raw/ilearn.thu.edu.tw/static/18283-93850a95.chunk.css,200
raw/ilearn.thu.edu.tw/static/runtime~js/lms-main-d55bfefd.js,https://ilearn.thu.edu.tw/static/18283.f40cd1f6.js,.js,True,raw/ilearn.thu.edu.tw/static/18283.f40cd1f6.js,200
raw/ilearn.thu.edu.tw/static/runtime~js/lms-main-d55bfefd.js,https://ilearn.thu.edu.tw/static/18326.bedfc73f.js,.js,True,raw/ilearn.thu.edu.tw/static/18326.bedfc73f.js,200
raw/ilearn.thu.edu.tw/static/runtime~js/lms-main-d55bfefd.js,https://ilearn.thu.edu.tw/static/18406.eb86529e.js,.js,True,raw/ilearn.thu.edu.tw/static/18406.eb86529e.js,200
raw/ilearn.thu.edu.tw/static/runtime~js/lms-main-d55bfefd.js,https://ilearn.thu.edu.tw/static/18464-35ceaff8.chunk.css,.css,True,raw/ilearn.thu.edu.tw/static/18464-35ceaff8.chunk.css,200
raw/ilearn.thu.edu.tw/static/runtime~js/lms-main-d55bfefd.js,https://ilearn.thu.edu.tw/static/18464.45bffd86.js,.js,True,raw/ilearn.thu.edu.tw/static/18464.45bffd86.js,200
raw/ilearn.thu.edu.tw/static/runtime~js/lms-main-d55bfefd.js,https://ilearn.thu.edu.tw/static/1872.dfc6f143.js,.js,True,raw/ilearn.thu.edu.tw/static/1872.dfc6f143.js,200
raw/ilearn.thu.edu.tw/static/runtime~js/lms-main-d55bfefd.js,https://ilearn.thu.edu.tw/static/18835.4a84ef1e.js,.js,True,raw/ilearn.thu.edu.tw/static/18835.4a84ef1e.js,200
raw/ilearn.thu.edu.tw/static/runtime~js/lms-main-d55bfefd.js,https://ilearn.thu.edu.tw/static/1893.5a13c4ac.js,.js,True,raw/ilearn.thu.edu.tw/static/1893.5a13c4ac.js,200
raw/ilearn.thu.edu.tw/static/runtime~js/lms-main-d55bfefd.js,https://ilearn.thu.edu.tw/static/19186.c2183f69.js,.js,True,raw/ilearn.thu.edu.tw/static/19186.c2183f69.js,200
raw/ilearn.thu.edu.tw/static/runtime~js/lms-main-d55bfefd.js,https://ilearn.thu.edu.tw/static/19326-9deb26f0.js,.js,True,raw/ilearn.thu.edu.tw/static/19326-9deb26f0.js,200
raw/ilearn.thu.edu.tw/static/runtime~js/lms-main-d55bfefd.js,https://ilearn.thu.edu.tw/static/19332.1c341036.js,.js,True,raw/ilearn.thu.edu.tw/static/19332.1c341036.js,200
raw/ilearn.thu.edu.tw/static/runtime~js/lms-main-d55bfefd.js,https://ilearn.thu.edu.tw/static/19446.6fdaa169.js,.js,True,raw/ilearn.thu.edu.tw/static/19446.6fdaa169.js,200
raw/ilearn.thu.edu.tw/static/runtime~js/lms-main-d55bfefd.js,https://ilearn.thu.edu.tw/static/19552.d3ef0a6f.js,.js,True,raw/ilearn.thu.edu.tw/static/19552.d3ef0a6f.js,200
raw/ilearn.thu.edu.tw/static/runtime~js/lms-main-d55bfefd.js,https://ilearn.thu.edu.tw/static/19619-92f29745.chunk.css,.css,True,raw/ilearn.thu.edu.tw/static/19619-92f29745.chunk.css,200
raw/ilearn.thu.edu.tw/static/runtime~js/lms-main-d55bfefd.js,https://ilearn.thu.edu.tw/static/19619.6081b084.js,.js,True,raw/ilearn.thu.edu.tw/static/19619.6081b084.js,200
raw/ilearn.thu.edu.tw/static/runtime~js/lms-main-d55bfefd.js,https://ilearn.thu.edu.tw/static/19705.6a8993c5.js,.js,True,raw/ilearn.thu.edu.tw/static/19705.6a8993c5.js,200
raw/ilearn.thu.edu.tw/static/runtime~js/lms-main-d55bfefd.js,https://ilearn.thu.edu.tw/static/19707-f61245e0.chunk.css,.css,True,raw/ilearn.thu.edu.tw/static/19707-f61245e0.chunk.css,200
raw/ilearn.thu.edu.tw/static/runtime~js/lms-main-d55bfefd.js,https://ilearn.thu.edu.tw/static/19707.41fb3387.js,.js,True,raw/ilearn.thu.edu.tw/static/19707.41fb3387.js,200
raw/ilearn.thu.edu.tw/static/runtime~js/lms-main-d55bfefd.js,https://ilearn.thu.edu.tw/static/19832-61b2e8e9.chunk.css,.css,True,raw/ilearn.thu.edu.tw/static/19832-61b2e8e9.chunk.css,200
raw/ilearn.thu.edu.tw/static/runtime~js/lms-main-d55bfefd.js,https://ilearn.thu.edu.tw/static/19832.b33b43a5.js,.js,True,raw/ilearn.thu.edu.tw/static/19832.b33b43a5.js,200
raw/ilearn.thu.edu.tw/static/runtime~js/lms-main-d55bfefd.js,https://ilearn.thu.edu.tw/static/19981.0db9110e.js,.js,True,raw/ilearn.thu.edu.tw/static/19981.0db9110e.js,200
raw/ilearn.thu.edu.tw/static/runtime~js/lms-main-d55bfefd.js,https://ilearn.thu.edu.tw/static/20152.3ad1066f.js,.js,True,raw/ilearn.thu.edu.tw/static/20152.3ad1066f.js,200
raw/ilearn.thu.edu.tw/static/runtime~js/lms-main-d55bfefd.js,https://ilearn.thu.edu.tw/static/20215.c33a19b6.js,.js,True,raw/ilearn.thu.edu.tw/static/20215.c33a19b6.js,200
raw/ilearn.thu.edu.tw/static/runtime~js/lms-main-d55bfefd.js,https://ilearn.thu.edu.tw/static/20307-0fd301f4.js,.js,True,raw/ilearn.thu.edu.tw/static/20307-0fd301f4.js,200
raw/ilearn.thu.edu.tw/static/runtime~js/lms-main-d55bfefd.js,https://ilearn.thu.edu.tw/static/20373.d3bf5aed.js,.js,True,raw/ilearn.thu.edu.tw/static/20373.d3bf5aed.js,200
raw/ilearn.thu.edu.tw/static/runtime~js/lms-main-d55bfefd.js,https://ilearn.thu.edu.tw/static/20394-906d9bf0.chunk.css,.css,True,raw/ilearn.thu.edu.tw/static/20394-906d9bf0.chunk.css,200
raw/ilearn.thu.edu.tw/static/runtime~js/lms-main-d55bfefd.js,https://ilearn.thu.edu.tw/static/20394.23ecfc5d.js,.js,True,raw/ilearn.thu.edu.tw/static/20394.23ecfc5d.js,200
raw/ilearn.thu.edu.tw/static/runtime~js/lms-main-d55bfefd.js,https://ilearn.thu.edu.tw/static/20591.f56df586.js,.js,True,raw/ilearn.thu.edu.tw/static/20591.f56df586.js,200
raw/ilearn.thu.edu.tw/static/runtime~js/lms-main-d55bfefd.js,https://ilearn.thu.edu.tw/static/20807.fed7a5e0.js,.js,True,raw/ilearn.thu.edu.tw/static/20807.fed7a5e0.js,200
raw/ilearn.thu.edu.tw/static/runtime~js/lms-main-d55bfefd.js,https://ilearn.thu.edu.tw/static/20808-3613432e.chunk.css,.css,True,raw/ilearn.thu.edu.tw/static/20808-3613432e.chunk.css,200
raw/ilearn.thu.edu.tw/static/runtime~js/lms-main-d55bfefd.js,https://ilearn.thu.edu.tw/static/20808.e2422bac.js,.js,True,raw/ilearn.thu.edu.tw/static/20808.e2422bac.js,200
raw/ilearn.thu.edu.tw/static/runtime~js/lms-main-d55bfefd.js,https://ilearn.thu.edu.tw/static/2105-fd07c71f.chunk.css,.css,True,raw/ilearn.thu.edu.tw/static/2105-fd07c71f.chunk.css,200
raw/ilearn.thu.edu.tw/static/runtime~js/lms-main-d55bfefd.js,https://ilearn.thu.edu.tw/static/2105.8004fd54.js,.js,True,raw/ilearn.thu.edu.tw/static/2105.8004fd54.js,200
raw/ilearn.thu.edu.tw/static/runtime~js/lms-main-d55bfefd.js,https://ilearn.thu.edu.tw/static/21137-8ac96197.chunk.css,.css,True,raw/ilearn.thu.edu.tw/static/21137-8ac96197.chunk.css,200
raw/ilearn.thu.edu.tw/static/runtime~js/lms-main-d55bfefd.js,https://ilearn.thu.edu.tw/static/21137.a69eb96c.js,.js,True,raw/ilearn.thu.edu.tw/static/21137.a69eb96c.js,200
raw/ilearn.thu.edu.tw/static/runtime~js/lms-main-d55bfefd.js,https://ilearn.thu.edu.tw/static/212-bb9a7d4c.chunk.css,.css,True,raw/ilearn.thu.edu.tw/static/212-bb9a7d4c.chunk.css,200
raw/ilearn.thu.edu.tw/static/runtime~js/lms-main-d55bfefd.js,https://ilearn.thu.edu.tw/static/2127.e81c5e64.js,.js,True,raw/ilearn.thu.edu.tw/static/2127.e81c5e64.js,200
raw/ilearn.thu.edu.tw/static/runtime~js/lms-main-d55bfefd.js,https://ilearn.thu.edu.tw/static/213-886382b1.chunk.css,.css,True,raw/ilearn.thu.edu.tw/static/213-886382b1.chunk.css,200
raw/ilearn.thu.edu.tw/static/runtime~js/lms-main-d55bfefd.js,https://ilearn.thu.edu.tw/static/213.fe741934.js,.js,True,raw/ilearn.thu.edu.tw/static/213.fe741934.js,200
raw/ilearn.thu.edu.tw/static/runtime~js/lms-main-d55bfefd.js,https://ilearn.thu.edu.tw/static/21356-edb3ff17.chunk.css,.css,True,raw/ilearn.thu.edu.tw/static/21356-edb3ff17.chunk.css,200
raw/ilearn.thu.edu.tw/static/runtime~js/lms-main-d55bfefd.js,https://ilearn.thu.edu.tw/static/21356.22ba888a.js,.js,True,raw/ilearn.thu.edu.tw/static/21356.22ba888a.js,200
raw/ilearn.thu.edu.tw/static/runtime~js/lms-main-d55bfefd.js,https://ilearn.thu.edu.tw/static/21443.6aaf6134.js,.js,True,raw/ilearn.thu.edu.tw/static/21443.6aaf6134.js,200
raw/ilearn.thu.edu.tw/static/runtime~js/lms-main-d55bfefd.js,https://ilearn.thu.edu.tw/static/21589-4ec40a1d.chunk.css,.css,True,raw/ilearn.thu.edu.tw/static/21589-4ec40a1d.chunk.css,200
raw/ilearn.thu.edu.tw/static/runtime~js/lms-main-d55bfefd.js,https://ilearn.thu.edu.tw/static/21589.4d5fd106.js,.js,True,raw/ilearn.thu.edu.tw/static/21589.4d5fd106.js,200
raw/ilearn.thu.edu.tw/static/runtime~js/lms-main-d55bfefd.js,https://ilearn.thu.edu.tw/static/21943.5dca6268.js,.js,True,raw/ilearn.thu.edu.tw/static/21943.5dca6268.js,200
raw/ilearn.thu.edu.tw/static/runtime~js/lms-main-d55bfefd.js,https://ilearn.thu.edu.tw/static/22522.777285ba.js,.js,True,raw/ilearn.thu.edu.tw/static/22522.777285ba.js,200
raw/ilearn.thu.edu.tw/static/runtime~js/lms-main-d55bfefd.js,https://ilearn.thu.edu.tw/static/22594-886382b1.chunk.css,.css,True,raw/ilearn.thu.edu.tw/static/22594-886382b1.chunk.css,200
raw/ilearn.thu.edu.tw/static/runtime~js/lms-main-d55bfefd.js,https://ilearn.thu.edu.tw/static/22594.058c8b1e.js,.js,True,raw/ilearn.thu.edu.tw/static/22594.058c8b1e.js,200
raw/ilearn.thu.edu.tw/static/runtime~js/lms-main-d55bfefd.js,https://ilearn.thu.edu.tw/static/2276.c8da6806.js,.js,True,raw/ilearn.thu.edu.tw/static/2276.c8da6806.js,200
raw/ilearn.thu.edu.tw/static/runtime~js/lms-main-d55bfefd.js,https://ilearn.thu.edu.tw/static/22787-bd07e80f.chunk.css,.css,True,raw/ilearn.thu.edu.tw/static/22787-bd07e80f.chunk.css,200
raw/ilearn.thu.edu.tw/static/runtime~js/lms-main-d55bfefd.js,https://ilearn.thu.edu.tw/static/22787.a70ab1cd.js,.js,True,raw/ilearn.thu.edu.tw/static/22787.a70ab1cd.js,200
raw/ilearn.thu.edu.tw/static/runtime~js/lms-main-d55bfefd.js,https://ilearn.thu.edu.tw/static/22931.71278fd1.js,.js,True,raw/ilearn.thu.edu.tw/static/22931.71278fd1.js,200
raw/ilearn.thu.edu.tw/static/runtime~js/lms-main-d55bfefd.js,https://ilearn.thu.edu.tw/static/2298.81c6c2ad.js,.js,True,raw/ilearn.thu.edu.tw/static/2298.81c6c2ad.js,200
raw/ilearn.thu.edu.tw/static/runtime~js/lms-main-d55bfefd.js,https://ilearn.thu.edu.tw/static/23015.8b8960ab.js,.js,True,raw/ilearn.thu.edu.tw/static/23015.8b8960ab.js,200
raw/ilearn.thu.edu.tw/static/runtime~js/lms-main-d55bfefd.js,https://ilearn.thu.edu.tw/static/23467.58f50ede.js,.js,True,raw/ilearn.thu.edu.tw/static/23467.58f50ede.js,200
raw/ilearn.thu.edu.tw/static/runtime~js/lms-main-d55bfefd.js,https://ilearn.thu.edu.tw/static/23719.0f493096.js,.js,True,raw/ilearn.thu.edu.tw/static/23719.0f493096.js,200
raw/ilearn.thu.edu.tw/static/runtime~js/lms-main-d55bfefd.js,https://ilearn.thu.edu.tw/static/23977-575e4297.chunk.css,.css,True,raw/ilearn.thu.edu.tw/static/23977-575e4297.chunk.css,200
raw/ilearn.thu.edu.tw/static/runtime~js/lms-main-d55bfefd.js,https://ilearn.thu.edu.tw/static/23977.ebaa5322.js,.js,True,raw/ilearn.thu.edu.tw/static/23977.ebaa5322.js,200
raw/ilearn.thu.edu.tw/static/runtime~js/lms-main-d55bfefd.js,https://ilearn.thu.edu.tw/static/24059.e4bb5098.js,.js,True,raw/ilearn.thu.edu.tw/static/24059.e4bb5098.js,200
raw/ilearn.thu.edu.tw/static/runtime~js/lms-main-d55bfefd.js,https://ilearn.thu.edu.tw/static/24072.ab960016.js,.js,True,raw/ilearn.thu.edu.tw/static/24072.ab960016.js,200
raw/ilearn.thu.edu.tw/static/runtime~js/lms-main-d55bfefd.js,https://ilearn.thu.edu.tw/static/24262.bfbc60d3.js,.js,True,raw/ilearn.thu.edu.tw/static/24262.bfbc60d3.js,200
raw/ilearn.thu.edu.tw/static/runtime~js/lms-main-d55bfefd.js,https://ilearn.thu.edu.tw/static/24371-f678cc20.chunk.css,.css,True,raw/ilearn.thu.edu.tw/static/24371-f678cc20.chunk.css,200
raw/ilearn.thu.edu.tw/static/runtime~js/lms-main-d55bfefd.js,https://ilearn.thu.edu.tw/static/24371.6373ecd8.js,.js,True,raw/ilearn.thu.edu.tw/static/24371.6373ecd8.js,200
raw/ilearn.thu.edu.tw/static/runtime~js/lms-main-d55bfefd.js,https://ilearn.thu.edu.tw/static/24381.0c635568.js,.js,True,raw/ilearn.thu.edu.tw/static/24381.0c635568.js,200
raw/ilearn.thu.edu.tw/static/runtime~js/lms-main-d55bfefd.js,https://ilearn.thu.edu.tw/static/24418.a3bc3234.js,.js,True,raw/ilearn.thu.edu.tw/static/24418.a3bc3234.js,200
raw/ilearn.thu.edu.tw/static/runtime~js/lms-main-d55bfefd.js,https://ilearn.thu.edu.tw/static/24549.cf667c52.js,.js,True,raw/ilearn.thu.edu.tw/static/24549.cf667c52.js,200
raw/ilearn.thu.edu.tw/static/runtime~js/lms-main-d55bfefd.js,https://ilearn.thu.edu.tw/static/24598.127c6b42.js,.js,True,raw/ilearn.thu.edu.tw/static/24598.127c6b42.js,200
raw/ilearn.thu.edu.tw/static/runtime~js/lms-main-d55bfefd.js,https://ilearn.thu.edu.tw/static/24659-093eb96f.chunk.css,.css,True,raw/ilearn.thu.edu.tw/static/24659-093eb96f.chunk.css,200
raw/ilearn.thu.edu.tw/static/runtime~js/lms-main-d55bfefd.js,https://ilearn.thu.edu.tw/static/24659.7b933a47.js,.js,True,raw/ilearn.thu.edu.tw/static/24659.7b933a47.js,200
raw/ilearn.thu.edu.tw/static/runtime~js/lms-main-d55bfefd.js,https://ilearn.thu.edu.tw/static/2469.2015e9b3.js,.js,True,raw/ilearn.thu.edu.tw/static/2469.2015e9b3.js,200
raw/ilearn.thu.edu.tw/static/runtime~js/lms-main-d55bfefd.js,https://ilearn.thu.edu.tw/static/24712-18317acc.js,.js,True,raw/ilearn.thu.edu.tw/static/24712-18317acc.js,200
raw/ilearn.thu.edu.tw/static/runtime~js/lms-main-d55bfefd.js,https://ilearn.thu.edu.tw/static/24814.1f61e344.js,.js,True,raw/ilearn.thu.edu.tw/static/24814.1f61e344.js,200
raw/ilearn.thu.edu.tw/static/runtime~js/lms-main-d55bfefd.js,https://ilearn.thu.edu.tw/static/25163.4f7c3b16.js,.js,True,raw/ilearn.thu.edu.tw/static/25163.4f7c3b16.js,200
raw/ilearn.thu.edu.tw/static/runtime~js/lms-main-d55bfefd.js,https://ilearn.thu.edu.tw/static/25169-bd964bec.chunk.css,.css,True,raw/ilearn.thu.edu.tw/static/25169-bd964bec.chunk.css,200
raw/ilearn.thu.edu.tw/static/runtime~js/lms-main-d55bfefd.js,https://ilearn.thu.edu.tw/static/25169.4fd83919.js,.js,True,raw/ilearn.thu.edu.tw/static/25169.4fd83919.js,200
raw/ilearn.thu.edu.tw/static/runtime~js/lms-main-d55bfefd.js,https://ilearn.thu.edu.tw/static/25170.2159310c.js,.js,True,raw/ilearn.thu.edu.tw/static/25170.2159310c.js,200
raw/ilearn.thu.edu.tw/static/runtime~js/lms-main-d55bfefd.js,https://ilearn.thu.edu.tw/static/25177.a00d3fc0.js,.js,True,raw/ilearn.thu.edu.tw/static/25177.a00d3fc0.js,200
raw/ilearn.thu.edu.tw/static/runtime~js/lms-main-d55bfefd.js,https://ilearn.thu.edu.tw/static/25223.d9348946.js,.js,True,raw/ilearn.thu.edu.tw/static/25223.d9348946.js,200
raw/ilearn.thu.edu.tw/static/runtime~js/lms-main-d55bfefd.js,https://ilearn.thu.edu.tw/static/25489.a2b39580.js,.js,True,raw/ilearn.thu.edu.tw/static/25489.a2b39580.js,200
raw/ilearn.thu.edu.tw/static/runtime~js/lms-main-d55bfefd.js,https://ilearn.thu.edu.tw/static/25629.d20b1ba9.js,.js,True,raw/ilearn.thu.edu.tw/static/25629.d20b1ba9.js,200
raw/ilearn.thu.edu.tw/static/runtime~js/lms-main-d55bfefd.js,https://ilearn.thu.edu.tw/static/25690.6f62ca93.js,.js,True,raw/ilearn.thu.edu.tw/static/25690.6f62ca93.js,200
raw/ilearn.thu.edu.tw/static/runtime~js/lms-main-d55bfefd.js,https://ilearn.thu.edu.tw/static/25695.1e9f7e35.js,.js,True,raw/ilearn.thu.edu.tw/static/25695.1e9f7e35.js,200
raw/ilearn.thu.edu.tw/static/runtime~js/lms-main-d55bfefd.js,https://ilearn.thu.edu.tw/static/25753.6c691880.js,.js,True,raw/ilearn.thu.edu.tw/static/25753.6c691880.js,200
raw/ilearn.thu.edu.tw/static/runtime~js/lms-main-d55bfefd.js,https://ilearn.thu.edu.tw/static/25802.f65d672c.js,.js,True,raw/ilearn.thu.edu.tw/static/25802.f65d672c.js,200
raw/ilearn.thu.edu.tw/static/runtime~js/lms-main-d55bfefd.js,https://ilearn.thu.edu.tw/static/25919.fd7b60aa.js,.js,True,raw/ilearn.thu.edu.tw/static/25919.fd7b60aa.js,200
raw/ilearn.thu.edu.tw/static/runtime~js/lms-main-d55bfefd.js,https://ilearn.thu.edu.tw/static/26039.b4a636ae.js,.js,True,raw/ilearn.thu.edu.tw/static/26039.b4a636ae.js,200
raw/ilearn.thu.edu.tw/static/runtime~js/lms-main-d55bfefd.js,https://ilearn.thu.edu.tw/static/26155-18604e98.chunk.css,.css,True,raw/ilearn.thu.edu.tw/static/26155-18604e98.chunk.css,200
raw/ilearn.thu.edu.tw/static/runtime~js/lms-main-d55bfefd.js,https://ilearn.thu.edu.tw/static/26155.fb0dcb45.js,.js,True,raw/ilearn.thu.edu.tw/static/26155.fb0dcb45.js,200
raw/ilearn.thu.edu.tw/static/runtime~js/lms-main-d55bfefd.js,https://ilearn.thu.edu.tw/static/26158.3edb1bbc.js,.js,True,raw/ilearn.thu.edu.tw/static/26158.3edb1bbc.js,200
raw/ilearn.thu.edu.tw/static/runtime~js/lms-main-d55bfefd.js,https://ilearn.thu.edu.tw/static/26296-0d2e8412.js,.js,True,raw/ilearn.thu.edu.tw/static/26296-0d2e8412.js,200
raw/ilearn.thu.edu.tw/static/runtime~js/lms-main-d55bfefd.js,https://ilearn.thu.edu.tw/static/26308-8adceacd.chunk.css,.css,True,raw/ilearn.thu.edu.tw/static/26308-8adceacd.chunk.css,200
raw/ilearn.thu.edu.tw/static/runtime~js/lms-main-d55bfefd.js,https://ilearn.thu.edu.tw/static/26308.440652eb.js,.js,True,raw/ilearn.thu.edu.tw/static/26308.440652eb.js,200
raw/ilearn.thu.edu.tw/static/runtime~js/lms-main-d55bfefd.js,https://ilearn.thu.edu.tw/static/26359-4b776c7f.js,.js,True,raw/ilearn.thu.edu.tw/static/26359-4b776c7f.js,200
raw/ilearn.thu.edu.tw/static/runtime~js/lms-main-d55bfefd.js,https://ilearn.thu.edu.tw/static/26541-04ca0d0c.chunk.css,.css,True,raw/ilearn.thu.edu.tw/static/26541-04ca0d0c.chunk.css,200
raw/ilearn.thu.edu.tw/static/runtime~js/lms-main-d55bfefd.js,https://ilearn.thu.edu.tw/static/26541.02bf130a.js,.js,True,raw/ilearn.thu.edu.tw/static/26541.02bf130a.js,200
raw/ilearn.thu.edu.tw/static/runtime~js/lms-main-d55bfefd.js,https://ilearn.thu.edu.tw/static/26645.3ac5e040.js,.js,True,raw/ilearn.thu.edu.tw/static/26645.3ac5e040.js,200
raw/ilearn.thu.edu.tw/static/runtime~js/lms-main-d55bfefd.js,https://ilearn.thu.edu.tw/static/26648.5d159b57.js,.js,True,raw/ilearn.thu.edu.tw/static/26648.5d159b57.js,200
raw/ilearn.thu.edu.tw/static/runtime~js/lms-main-d55bfefd.js,https://ilearn.thu.edu.tw/static/26703.244911cf.js,.js,True,raw/ilearn.thu.edu.tw/static/26703.244911cf.js,200
raw/ilearn.thu.edu.tw/static/runtime~js/lms-main-d55bfefd.js,https://ilearn.thu.edu.tw/static/27093.22d65938.js,.js,True,raw/ilearn.thu.edu.tw/static/27093.22d65938.js,200
raw/ilearn.thu.edu.tw/static/runtime~js/lms-main-d55bfefd.js,https://ilearn.thu.edu.tw/static/27124.080abd31.js,.js,True,raw/ilearn.thu.edu.tw/static/27124.080abd31.js,200
raw/ilearn.thu.edu.tw/static/runtime~js/lms-main-d55bfefd.js,https://ilearn.thu.edu.tw/static/27148.dc9a1b6d.js,.js,True,raw/ilearn.thu.edu.tw/static/27148.dc9a1b6d.js,200
raw/ilearn.thu.edu.tw/static/runtime~js/lms-main-d55bfefd.js,https://ilearn.thu.edu.tw/static/27359.c8e5eebe.js,.js,True,raw/ilearn.thu.edu.tw/static/27359.c8e5eebe.js,200
raw/ilearn.thu.edu.tw/static/runtime~js/lms-main-d55bfefd.js,https://ilearn.thu.edu.tw/static/27589.ae3b1ca0.js,.js,True,raw/ilearn.thu.edu.tw/static/27589.ae3b1ca0.js,200
raw/ilearn.thu.edu.tw/static/runtime~js/lms-main-d55bfefd.js,https://ilearn.thu.edu.tw/static/27609-988062d9.chunk.css,.css,True,raw/ilearn.thu.edu.tw/static/27609-988062d9.chunk.css,200
raw/ilearn.thu.edu.tw/static/runtime~js/lms-main-d55bfefd.js,https://ilearn.thu.edu.tw/static/27609.04e6959b.js,.js,True,raw/ilearn.thu.edu.tw/static/27609.04e6959b.js,200
raw/ilearn.thu.edu.tw/static/runtime~js/lms-main-d55bfefd.js,https://ilearn.thu.edu.tw/static/2764-f25f2bd3.js,.js,True,raw/ilearn.thu.edu.tw/static/2764-f25f2bd3.js,200
raw/ilearn.thu.edu.tw/static/runtime~js/lms-main-d55bfefd.js,https://ilearn.thu.edu.tw/static/27718.f3eb488f.js,.js,True,raw/ilearn.thu.edu.tw/static/27718.f3eb488f.js,200
raw/ilearn.thu.edu.tw/static/runtime~js/lms-main-d55bfefd.js,https://ilearn.thu.edu.tw/static/27724.2ef3f54f.js,.js,True,raw/ilearn.thu.edu.tw/static/27724.2ef3f54f.js,200
raw/ilearn.thu.edu.tw/static/runtime~js/lms-main-d55bfefd.js,https://ilearn.thu.edu.tw/static/27783-f0ef0edb.js,.js,True,raw/ilearn.thu.edu.tw/static/27783-f0ef0edb.js,200
raw/ilearn.thu.edu.tw/static/runtime~js/lms-main-d55bfefd.js,https://ilearn.thu.edu.tw/static/27968-85c3bf0b.chunk.css,.css,True,raw/ilearn.thu.edu.tw/static/27968-85c3bf0b.chunk.css,200
raw/ilearn.thu.edu.tw/static/runtime~js/lms-main-d55bfefd.js,https://ilearn.thu.edu.tw/static/28053.55204cf2.js,.js,True,raw/ilearn.thu.edu.tw/static/28053.55204cf2.js,200
raw/ilearn.thu.edu.tw/static/runtime~js/lms-main-d55bfefd.js,https://ilearn.thu.edu.tw/static/28230.a1d0d664.js,.js,True,raw/ilearn.thu.edu.tw/static/28230.a1d0d664.js,200
raw/ilearn.thu.edu.tw/static/runtime~js/lms-main-d55bfefd.js,https://ilearn.thu.edu.tw/static/28245-9485b80f.chunk.css,.css,True,raw/ilearn.thu.edu.tw/static/28245-9485b80f.chunk.css,200
raw/ilearn.thu.edu.tw/static/runtime~js/lms-main-d55bfefd.js,https://ilearn.thu.edu.tw/static/28245.9d3509d0.js,.js,True,raw/ilearn.thu.edu.tw/static/28245.9d3509d0.js,200
raw/ilearn.thu.edu.tw/static/runtime~js/lms-main-d55bfefd.js,https://ilearn.thu.edu.tw/static/2828-7ec9b0e7.chunk.css,.css,True,raw/ilearn.thu.edu.tw/static/2828-7ec9b0e7.chunk.css,200
raw/ilearn.thu.edu.tw/static/runtime~js/lms-main-d55bfefd.js,https://ilearn.thu.edu.tw/static/2828.ed6f8396.js,.js,True,raw/ilearn.thu.edu.tw/static/2828.ed6f8396.js,200
raw/ilearn.thu.edu.tw/static/runtime~js/lms-main-d55bfefd.js,https://ilearn.thu.edu.tw/static/28413.2c9b36eb.js,.js,True,raw/ilearn.thu.edu.tw/static/28413.2c9b36eb.js,200
raw/ilearn.thu.edu.tw/static/runtime~js/lms-main-d55bfefd.js,https://ilearn.thu.edu.tw/static/28492.65731154.js,.js,True,raw/ilearn.thu.edu.tw/static/28492.65731154.js,200
raw/ilearn.thu.edu.tw/static/runtime~js/lms-main-d55bfefd.js,https://ilearn.thu.edu.tw/static/28509.a0b2d0f0.js,.js,True,raw/ilearn.thu.edu.tw/static/28509.a0b2d0f0.js,200
raw/ilearn.thu.edu.tw/static/runtime~js/lms-main-d55bfefd.js,https://ilearn.thu.edu.tw/static/28605.fa92e51e.js,.js,True,raw/ilearn.thu.edu.tw/static/28605.fa92e51e.js,200
raw/ilearn.thu.edu.tw/static/runtime~js/lms-main-d55bfefd.js,https://ilearn.thu.edu.tw/static/28606.6d24bf59.js,.js,True,raw/ilearn.thu.edu.tw/static/28606.6d24bf59.js,200
raw/ilearn.thu.edu.tw/static/runtime~js/lms-main-d55bfefd.js,https://ilearn.thu.edu.tw/static/28794.ce183abf.js,.js,True,raw/ilearn.thu.edu.tw/static/28794.ce183abf.js,200
raw/ilearn.thu.edu.tw/static/runtime~js/lms-main-d55bfefd.js,https://ilearn.thu.edu.tw/static/2896.c02ef48c.js,.js,True,raw/ilearn.thu.edu.tw/static/2896.c02ef48c.js,200
raw/ilearn.thu.edu.tw/static/runtime~js/lms-main-d55bfefd.js,https://ilearn.thu.edu.tw/static/29155.ad8982cf.js,.js,True,raw/ilearn.thu.edu.tw/static/29155.ad8982cf.js,200
raw/ilearn.thu.edu.tw/static/runtime~js/lms-main-d55bfefd.js,https://ilearn.thu.edu.tw/static/29180-6ab28c7d.chunk.css,.css,True,raw/ilearn.thu.edu.tw/static/29180-6ab28c7d.chunk.css,200
raw/ilearn.thu.edu.tw/static/runtime~js/lms-main-d55bfefd.js,https://ilearn.thu.edu.tw/static/29180.f763abc6.js,.js,True,raw/ilearn.thu.edu.tw/static/29180.f763abc6.js,200
raw/ilearn.thu.edu.tw/static/runtime~js/lms-main-d55bfefd.js,https://ilearn.thu.edu.tw/static/30027.7e8aebed.js,.js,True,raw/ilearn.thu.edu.tw/static/30027.7e8aebed.js,200
raw/ilearn.thu.edu.tw/static/runtime~js/lms-main-d55bfefd.js,https://ilearn.thu.edu.tw/static/30424.727a85a7.js,.js,True,raw/ilearn.thu.edu.tw/static/30424.727a85a7.js,200
raw/ilearn.thu.edu.tw/static/runtime~js/lms-main-d55bfefd.js,https://ilearn.thu.edu.tw/static/30646.324b9f88.js,.js,True,raw/ilearn.thu.edu.tw/static/30646.324b9f88.js,200
raw/ilearn.thu.edu.tw/static/runtime~js/lms-main-d55bfefd.js,https://ilearn.thu.edu.tw/static/30699-fba5d5f5.chunk.css,.css,True,raw/ilearn.thu.edu.tw/static/30699-fba5d5f5.chunk.css,200
raw/ilearn.thu.edu.tw/static/runtime~js/lms-main-d55bfefd.js,https://ilearn.thu.edu.tw/static/30699.190d3e8e.js,.js,True,raw/ilearn.thu.edu.tw/static/30699.190d3e8e.js,200
raw/ilearn.thu.edu.tw/static/runtime~js/lms-main-d55bfefd.js,https://ilearn.thu.edu.tw/static/30801-25982468.js,.js,True,raw/ilearn.thu.edu.tw/static/30801-25982468.js,200
raw/ilearn.thu.edu.tw/static/runtime~js/lms-main-d55bfefd.js,https://ilearn.thu.edu.tw/static/30802.e40e015e.js,.js,True,raw/ilearn.thu.edu.tw/static/30802.e40e015e.js,200
raw/ilearn.thu.edu.tw/static/runtime~js/lms-main-d55bfefd.js,https://ilearn.thu.edu.tw/static/30851.b313f6ae.js,.js,True,raw/ilearn.thu.edu.tw/static/30851.b313f6ae.js,200
raw/ilearn.thu.edu.tw/static/runtime~js/lms-main-d55bfefd.js,https://ilearn.thu.edu.tw/static/31066.55bf1d09.js,.js,True,raw/ilearn.thu.edu.tw/static/31066.55bf1d09.js,200
raw/ilearn.thu.edu.tw/static/runtime~js/lms-main-d55bfefd.js,https://ilearn.thu.edu.tw/static/31076.a8c88684.js,.js,True,raw/ilearn.thu.edu.tw/static/31076.a8c88684.js,200
raw/ilearn.thu.edu.tw/static/runtime~js/lms-main-d55bfefd.js,https://ilearn.thu.edu.tw/static/31110-80c68c74.chunk.css,.css,True,raw/ilearn.thu.edu.tw/static/31110-80c68c74.chunk.css,200
raw/ilearn.thu.edu.tw/static/runtime~js/lms-main-d55bfefd.js,https://ilearn.thu.edu.tw/static/31110.2a0173f2.js,.js,True,raw/ilearn.thu.edu.tw/static/31110.2a0173f2.js,200
raw/ilearn.thu.edu.tw/static/runtime~js/lms-main-d55bfefd.js,https://ilearn.thu.edu.tw/static/31275.12236065.js,.js,True,raw/ilearn.thu.edu.tw/static/31275.12236065.js,200
raw/ilearn.thu.edu.tw/static/runtime~js/lms-main-d55bfefd.js,https://ilearn.thu.edu.tw/static/31345.ad1e1769.js,.js,True,raw/ilearn.thu.edu.tw/static/31345.ad1e1769.js,200
raw/ilearn.thu.edu.tw/static/runtime~js/lms-main-d55bfefd.js,https://ilearn.thu.edu.tw/static/31348.dc0becf0.js,.js,True,raw/ilearn.thu.edu.tw/static/31348.dc0becf0.js,200
raw/ilearn.thu.edu.tw/static/runtime~js/lms-main-d55bfefd.js,https://ilearn.thu.edu.tw/static/31510-0292ff20.chunk.css,.css,True,raw/ilearn.thu.edu.tw/static/31510-0292ff20.chunk.css,200
raw/ilearn.thu.edu.tw/static/runtime~js/lms-main-d55bfefd.js,https://ilearn.thu.edu.tw/static/31510.c03f0ff5.js,.js,True,raw/ilearn.thu.edu.tw/static/31510.c03f0ff5.js,200
raw/ilearn.thu.edu.tw/static/runtime~js/lms-main-d55bfefd.js,https://ilearn.thu.edu.tw/static/31552-ff4013ad.chunk.css,.css,True,raw/ilearn.thu.edu.tw/static/31552-ff4013ad.chunk.css,200
raw/ilearn.thu.edu.tw/static/runtime~js/lms-main-d55bfefd.js,https://ilearn.thu.edu.tw/static/31552.691da904.js,.js,True,raw/ilearn.thu.edu.tw/static/31552.691da904.js,200
raw/ilearn.thu.edu.tw/static/runtime~js/lms-main-d55bfefd.js,https://ilearn.thu.edu.tw/static/31651-b6c6ca18.chunk.css,.css,True,raw/ilearn.thu.edu.tw/static/31651-b6c6ca18.chunk.css,200
raw/ilearn.thu.edu.tw/static/runtime~js/lms-main-d55bfefd.js,https://ilearn.thu.edu.tw/static/31651.9857c692.js,.js,True,raw/ilearn.thu.edu.tw/static/31651.9857c692.js,200
raw/ilearn.thu.edu.tw/static/runtime~js/lms-main-d55bfefd.js,https://ilearn.thu.edu.tw/static/31734-d6da493d.chunk.css,.css,True,raw/ilearn.thu.edu.tw/static/31734-d6da493d.chunk.css,200
raw/ilearn.thu.edu.tw/static/runtime~js/lms-main-d55bfefd.js,https://ilearn.thu.edu.tw/static/31734.e28d9ef8.js,.js,True,raw/ilearn.thu.edu.tw/static/31734.e28d9ef8.js,200
raw/ilearn.thu.edu.tw/static/runtime~js/lms-main-d55bfefd.js,https://ilearn.thu.edu.tw/static/31786-bdcd1a7c.chunk.css,.css,True,raw/ilearn.thu.edu.tw/static/31786-bdcd1a7c.chunk.css,200
raw/ilearn.thu.edu.tw/static/runtime~js/lms-main-d55bfefd.js,https://ilearn.thu.edu.tw/static/31786.62752df3.js,.js,True,raw/ilearn.thu.edu.tw/static/31786.62752df3.js,200
raw/ilearn.thu.edu.tw/static/runtime~js/lms-main-d55bfefd.js,https://ilearn.thu.edu.tw/static/31937.5b34c824.js,.js,True,raw/ilearn.thu.edu.tw/static/31937.5b34c824.js,200
raw/ilearn.thu.edu.tw/static/runtime~js/lms-main-d55bfefd.js,https://ilearn.thu.edu.tw/static/31975.e0a4fe1f.js,.js,True,raw/ilearn.thu.edu.tw/static/31975.e0a4fe1f.js,200
raw/ilearn.thu.edu.tw/static/runtime~js/lms-main-d55bfefd.js,https://ilearn.thu.edu.tw/static/32063-f56d3b7f.chunk.css,.css,True,raw/ilearn.thu.edu.tw/static/32063-f56d3b7f.chunk.css,200
raw/ilearn.thu.edu.tw/static/runtime~js/lms-main-d55bfefd.js,https://ilearn.thu.edu.tw/static/32063.7b204944.js,.js,True,raw/ilearn.thu.edu.tw/static/32063.7b204944.js,200
raw/ilearn.thu.edu.tw/static/runtime~js/lms-main-d55bfefd.js,https://ilearn.thu.edu.tw/static/32177.f2bc5d50.js,.js,True,raw/ilearn.thu.edu.tw/static/32177.f2bc5d50.js,200
raw/ilearn.thu.edu.tw/static/runtime~js/lms-main-d55bfefd.js,https://ilearn.thu.edu.tw/static/32352-2d5449e8.chunk.css,.css,True,raw/ilearn.thu.edu.tw/static/32352-2d5449e8.chunk.css,200
raw/ilearn.thu.edu.tw/static/runtime~js/lms-main-d55bfefd.js,https://ilearn.thu.edu.tw/static/32419.cdd214b3.js,.js,True,raw/ilearn.thu.edu.tw/static/32419.cdd214b3.js,200
raw/ilearn.thu.edu.tw/static/runtime~js/lms-main-d55bfefd.js,https://ilearn.thu.edu.tw/static/32436-fe7bb203.chunk.css,.css,True,raw/ilearn.thu.edu.tw/static/32436-fe7bb203.chunk.css,200
raw/ilearn.thu.edu.tw/static/runtime~js/lms-main-d55bfefd.js,https://ilearn.thu.edu.tw/static/32436.9894d604.js,.js,True,raw/ilearn.thu.edu.tw/static/32436.9894d604.js,200
raw/ilearn.thu.edu.tw/static/runtime~js/lms-main-d55bfefd.js,https://ilearn.thu.edu.tw/static/32622.ac8af71b.js,.js,True,raw/ilearn.thu.edu.tw/static/32622.ac8af71b.js,200
raw/ilearn.thu.edu.tw/static/runtime~js/lms-main-d55bfefd.js,https://ilearn.thu.edu.tw/static/32655.2fc40410.js,.js,True,raw/ilearn.thu.edu.tw/static/32655.2fc40410.js,200
raw/ilearn.thu.edu.tw/static/runtime~js/lms-main-d55bfefd.js,https://ilearn.thu.edu.tw/static/32757.c48389b1.js,.js,True,raw/ilearn.thu.edu.tw/static/32757.c48389b1.js,200
raw/ilearn.thu.edu.tw/static/runtime~js/lms-main-d55bfefd.js,https://ilearn.thu.edu.tw/static/32767.abfcc0ce.js,.js,True,raw/ilearn.thu.edu.tw/static/32767.abfcc0ce.js,200
raw/ilearn.thu.edu.tw/static/runtime~js/lms-main-d55bfefd.js,https://ilearn.thu.edu.tw/static/328.7ecb97ad.js,.js,True,raw/ilearn.thu.edu.tw/static/328.7ecb97ad.js,200
raw/ilearn.thu.edu.tw/static/runtime~js/lms-main-d55bfefd.js,https://ilearn.thu.edu.tw/static/32862.4dbbb627.js,.js,True,raw/ilearn.thu.edu.tw/static/32862.4dbbb627.js,200
raw/ilearn.thu.edu.tw/static/runtime~js/lms-main-d55bfefd.js,https://ilearn.thu.edu.tw/static/3324.1e4898ec.js,.js,True,raw/ilearn.thu.edu.tw/static/3324.1e4898ec.js,200
raw/ilearn.thu.edu.tw/static/runtime~js/lms-main-d55bfefd.js,https://ilearn.thu.edu.tw/static/3347-d08db718.js,.js,True,raw/ilearn.thu.edu.tw/static/3347-d08db718.js,200
raw/ilearn.thu.edu.tw/static/runtime~js/lms-main-d55bfefd.js,https://ilearn.thu.edu.tw/static/33537-f0cc3b75.chunk.css,.css,True,raw/ilearn.thu.edu.tw/static/33537-f0cc3b75.chunk.css,200
raw/ilearn.thu.edu.tw/static/runtime~js/lms-main-d55bfefd.js,https://ilearn.thu.edu.tw/static/33537.592a6b63.js,.js,True,raw/ilearn.thu.edu.tw/static/33537.592a6b63.js,200
raw/ilearn.thu.edu.tw/static/runtime~js/lms-main-d55bfefd.js,https://ilearn.thu.edu.tw/static/33589-7dd9bc8f.chunk.css,.css,True,raw/ilearn.thu.edu.tw/static/33589-7dd9bc8f.chunk.css,200
raw/ilearn.thu.edu.tw/static/runtime~js/lms-main-d55bfefd.js,https://ilearn.thu.edu.tw/static/33589.3ce833c7.js,.js,True,raw/ilearn.thu.edu.tw/static/33589.3ce833c7.js,200
raw/ilearn.thu.edu.tw/static/runtime~js/lms-main-d55bfefd.js,https://ilearn.thu.edu.tw/static/33655.ef38fe8c.js,.js,True,raw/ilearn.thu.edu.tw/static/33655.ef38fe8c.js,200
raw/ilearn.thu.edu.tw/static/runtime~js/lms-main-d55bfefd.js,https://ilearn.thu.edu.tw/static/339.eaa62448.js,.js,True,raw/ilearn.thu.edu.tw/static/339.eaa62448.js,200
raw/ilearn.thu.edu.tw/static/runtime~js/lms-main-d55bfefd.js,https://ilearn.thu.edu.tw/static/33961.a7791db6.js,.js,True,raw/ilearn.thu.edu.tw/static/33961.a7791db6.js,200
raw/ilearn.thu.edu.tw/static/runtime~js/lms-main-d55bfefd.js,https://ilearn.thu.edu.tw/static/34019-6a795072.chunk.css,.css,True,raw/ilearn.thu.edu.tw/static/34019-6a795072.chunk.css,200
raw/ilearn.thu.edu.tw/static/runtime~js/lms-main-d55bfefd.js,https://ilearn.thu.edu.tw/static/34019.031e8874.js,.js,True,raw/ilearn.thu.edu.tw/static/34019.031e8874.js,200
raw/ilearn.thu.edu.tw/static/runtime~js/lms-main-d55bfefd.js,https://ilearn.thu.edu.tw/static/34059.dd17524e.js,.js,True,raw/ilearn.thu.edu.tw/static/34059.dd17524e.js,200
raw/ilearn.thu.edu.tw/static/runtime~js/lms-main-d55bfefd.js,https://ilearn.thu.edu.tw/static/34150-ad8f26f9.chunk.css,.css,True,raw/ilearn.thu.edu.tw/static/34150-ad8f26f9.chunk.css,200
raw/ilearn.thu.edu.tw/static/runtime~js/lms-main-d55bfefd.js,https://ilearn.thu.edu.tw/static/34150.cc77b606.js,.js,True,raw/ilearn.thu.edu.tw/static/34150.cc77b606.js,200
raw/ilearn.thu.edu.tw/static/runtime~js/lms-main-d55bfefd.js,https://ilearn.thu.edu.tw/static/3421.f65d672c.js,.js,True,raw/ilearn.thu.edu.tw/static/3421.f65d672c.js,200
raw/ilearn.thu.edu.tw/static/runtime~js/lms-main-d55bfefd.js,https://ilearn.thu.edu.tw/static/34423.a5cefcd5.js,.js,True,raw/ilearn.thu.edu.tw/static/34423.a5cefcd5.js,200
raw/ilearn.thu.edu.tw/static/runtime~js/lms-main-d55bfefd.js,https://ilearn.thu.edu.tw/static/34671-036915c1.chunk.css,.css,True,raw/ilearn.thu.edu.tw/static/34671-036915c1.chunk.css,200
raw/ilearn.thu.edu.tw/static/runtime~js/lms-main-d55bfefd.js,https://ilearn.thu.edu.tw/static/34671.c9d36f7b.js,.js,True,raw/ilearn.thu.edu.tw/static/34671.c9d36f7b.js,200
raw/ilearn.thu.edu.tw/static/runtime~js/lms-main-d55bfefd.js,https://ilearn.thu.edu.tw/static/34673.1196ba35.js,.js,True,raw/ilearn.thu.edu.tw/static/34673.1196ba35.js,200
raw/ilearn.thu.edu.tw/static/runtime~js/lms-main-d55bfefd.js,https://ilearn.thu.edu.tw/static/34691.515731f8.js,.js,True,raw/ilearn.thu.edu.tw/static/34691.515731f8.js,200
raw/ilearn.thu.edu.tw/static/runtime~js/lms-main-d55bfefd.js,https://ilearn.thu.edu.tw/static/34897-5c482ad1.chunk.css,.css,True,raw/ilearn.thu.edu.tw/static/34897-5c482ad1.chunk.css,200
raw/ilearn.thu.edu.tw/static/runtime~js/lms-main-d55bfefd.js,https://ilearn.thu.edu.tw/static/34908-683cb506.js,.js,True,raw/ilearn.thu.edu.tw/static/34908-683cb506.js,200
raw/ilearn.thu.edu.tw/static/runtime~js/lms-main-d55bfefd.js,https://ilearn.thu.edu.tw/static/34918-e9199d6f.chunk.css,.css,True,raw/ilearn.thu.edu.tw/static/34918-e9199d6f.chunk.css,200
raw/ilearn.thu.edu.tw/static/runtime~js/lms-main-d55bfefd.js,https://ilearn.thu.edu.tw/static/34918.2e4498f0.js,.js,True,raw/ilearn.thu.edu.tw/static/34918.2e4498f0.js,200
raw/ilearn.thu.edu.tw/static/runtime~js/lms-main-d55bfefd.js,https://ilearn.thu.edu.tw/static/34964-234863b4.chunk.css,.css,True,raw/ilearn.thu.edu.tw/static/34964-234863b4.chunk.css,200
raw/ilearn.thu.edu.tw/static/runtime~js/lms-main-d55bfefd.js,https://ilearn.thu.edu.tw/static/34964.401287a2.js,.js,True,raw/ilearn.thu.edu.tw/static/34964.401287a2.js,200
raw/ilearn.thu.edu.tw/static/runtime~js/lms-main-d55bfefd.js,https://ilearn.thu.edu.tw/static/35045-d53c237b.chunk.css,.css,True,raw/ilearn.thu.edu.tw/static/35045-d53c237b.chunk.css,200
raw/ilearn.thu.edu.tw/static/runtime~js/lms-main-d55bfefd.js,https://ilearn.thu.edu.tw/static/35045.42d7f4d9.js,.js,True,raw/ilearn.thu.edu.tw/static/35045.42d7f4d9.js,200
raw/ilearn.thu.edu.tw/static/runtime~js/lms-main-d55bfefd.js,https://ilearn.thu.edu.tw/static/35169-f421f9c3.chunk.css,.css,True,raw/ilearn.thu.edu.tw/static/35169-f421f9c3.chunk.css,200
raw/ilearn.thu.edu.tw/static/runtime~js/lms-main-d55bfefd.js,https://ilearn.thu.edu.tw/static/35169.c1d1c9fe.js,.js,True,raw/ilearn.thu.edu.tw/static/35169.c1d1c9fe.js,200
raw/ilearn.thu.edu.tw/static/runtime~js/lms-main-d55bfefd.js,https://ilearn.thu.edu.tw/static/35205.a1ccb6f5.js,.js,True,raw/ilearn.thu.edu.tw/static/35205.a1ccb6f5.js,200
raw/ilearn.thu.edu.tw/static/runtime~js/lms-main-d55bfefd.js,https://ilearn.thu.edu.tw/static/35455.ff8a7c72.js,.js,True,raw/ilearn.thu.edu.tw/static/35455.ff8a7c72.js,200
raw/ilearn.thu.edu.tw/static/runtime~js/lms-main-d55bfefd.js,https://ilearn.thu.edu.tw/static/35552-9cb6cec8.chunk.css,.css,True,raw/ilearn.thu.edu.tw/static/35552-9cb6cec8.chunk.css,200
raw/ilearn.thu.edu.tw/static/runtime~js/lms-main-d55bfefd.js,https://ilearn.thu.edu.tw/static/35552.0ab94f1d.js,.js,True,raw/ilearn.thu.edu.tw/static/35552.0ab94f1d.js,200
raw/ilearn.thu.edu.tw/static/runtime~js/lms-main-d55bfefd.js,https://ilearn.thu.edu.tw/static/35636.d4d67afe.js,.js,True,raw/ilearn.thu.edu.tw/static/35636.d4d67afe.js,200
raw/ilearn.thu.edu.tw/static/runtime~js/lms-main-d55bfefd.js,https://ilearn.thu.edu.tw/static/35655.2969eda4.js,.js,True,raw/ilearn.thu.edu.tw/static/35655.2969eda4.js,200
raw/ilearn.thu.edu.tw/static/runtime~js/lms-main-d55bfefd.js,https://ilearn.thu.edu.tw/static/35675.f5eca35c.js,.js,True,raw/ilearn.thu.edu.tw/static/35675.f5eca35c.js,200
raw/ilearn.thu.edu.tw/static/runtime~js/lms-main-d55bfefd.js,https://ilearn.thu.edu.tw/static/35684.22e582e5.js,.js,True,raw/ilearn.thu.edu.tw/static/35684.22e582e5.js,200
raw/ilearn.thu.edu.tw/static/runtime~js/lms-main-d55bfefd.js,https://ilearn.thu.edu.tw/static/35918-9f18f5e8.chunk.css,.css,True,raw/ilearn.thu.edu.tw/static/35918-9f18f5e8.chunk.css,200
raw/ilearn.thu.edu.tw/static/runtime~js/lms-main-d55bfefd.js,https://ilearn.thu.edu.tw/static/35918.b5c140f6.js,.js,True,raw/ilearn.thu.edu.tw/static/35918.b5c140f6.js,200
raw/ilearn.thu.edu.tw/static/runtime~js/lms-main-d55bfefd.js,https://ilearn.thu.edu.tw/static/35995-c29fcc41.js,.js,True,raw/ilearn.thu.edu.tw/static/35995-c29fcc41.js,200
raw/ilearn.thu.edu.tw/static/runtime~js/lms-main-d55bfefd.js,https://ilearn.thu.edu.tw/static/36105.3af57479.js,.js,True,raw/ilearn.thu.edu.tw/static/36105.3af57479.js,200
raw/ilearn.thu.edu.tw/static/runtime~js/lms-main-d55bfefd.js,https://ilearn.thu.edu.tw/static/36162.22238ca1.js,.js,True,raw/ilearn.thu.edu.tw/static/36162.22238ca1.js,200
raw/ilearn.thu.edu.tw/static/runtime~js/lms-main-d55bfefd.js,https://ilearn.thu.edu.tw/static/36692-c12d2bf6.chunk.css,.css,True,raw/ilearn.thu.edu.tw/static/36692-c12d2bf6.chunk.css,200
raw/ilearn.thu.edu.tw/static/runtime~js/lms-main-d55bfefd.js,https://ilearn.thu.edu.tw/static/36692.c9e90cd7.js,.js,True,raw/ilearn.thu.edu.tw/static/36692.c9e90cd7.js,200
raw/ilearn.thu.edu.tw/static/runtime~js/lms-main-d55bfefd.js,https://ilearn.thu.edu.tw/static/36813.2216cbed.js,.js,True,raw/ilearn.thu.edu.tw/static/36813.2216cbed.js,200
raw/ilearn.thu.edu.tw/static/runtime~js/lms-main-d55bfefd.js,https://ilearn.thu.edu.tw/static/36824.bcd6489f.js,.js,True,raw/ilearn.thu.edu.tw/static/36824.bcd6489f.js,200
raw/ilearn.thu.edu.tw/static/runtime~js/lms-main-d55bfefd.js,https://ilearn.thu.edu.tw/static/36852.9efb6056.js,.js,True,raw/ilearn.thu.edu.tw/static/36852.9efb6056.js,200
raw/ilearn.thu.edu.tw/static/runtime~js/lms-main-d55bfefd.js,https://ilearn.thu.edu.tw/static/36972-886382b1.chunk.css,.css,True,raw/ilearn.thu.edu.tw/static/36972-886382b1.chunk.css,200
raw/ilearn.thu.edu.tw/static/runtime~js/lms-main-d55bfefd.js,https://ilearn.thu.edu.tw/static/36972.cf8417d8.js,.js,True,raw/ilearn.thu.edu.tw/static/36972.cf8417d8.js,200
raw/ilearn.thu.edu.tw/static/runtime~js/lms-main-d55bfefd.js,https://ilearn.thu.edu.tw/static/37135.fcaaadd2.js,.js,True,raw/ilearn.thu.edu.tw/static/37135.fcaaadd2.js,200
raw/ilearn.thu.edu.tw/static/runtime~js/lms-main-d55bfefd.js,https://ilearn.thu.edu.tw/static/37192-9a63a566.chunk.css,.css,True,raw/ilearn.thu.edu.tw/static/37192-9a63a566.chunk.css,200
raw/ilearn.thu.edu.tw/static/runtime~js/lms-main-d55bfefd.js,https://ilearn.thu.edu.tw/static/37192.d0839c93.js,.js,True,raw/ilearn.thu.edu.tw/static/37192.d0839c93.js,200
raw/ilearn.thu.edu.tw/static/runtime~js/lms-main-d55bfefd.js,https://ilearn.thu.edu.tw/static/37275.2912d9c7.js,.js,True,raw/ilearn.thu.edu.tw/static/37275.2912d9c7.js,200
raw/ilearn.thu.edu.tw/static/runtime~js/lms-main-d55bfefd.js,https://ilearn.thu.edu.tw/static/37291-b52e91d2.chunk.css,.css,True,raw/ilearn.thu.edu.tw/static/37291-b52e91d2.chunk.css,200
raw/ilearn.thu.edu.tw/static/runtime~js/lms-main-d55bfefd.js,https://ilearn.thu.edu.tw/static/37291.dc77dff6.js,.js,True,raw/ilearn.thu.edu.tw/static/37291.dc77dff6.js,200
raw/ilearn.thu.edu.tw/static/runtime~js/lms-main-d55bfefd.js,https://ilearn.thu.edu.tw/static/37336-7c206342.chunk.css,.css,True,raw/ilearn.thu.edu.tw/static/37336-7c206342.chunk.css,200
raw/ilearn.thu.edu.tw/static/runtime~js/lms-main-d55bfefd.js,https://ilearn.thu.edu.tw/static/37336.084b8613.js,.js,True,raw/ilearn.thu.edu.tw/static/37336.084b8613.js,200
raw/ilearn.thu.edu.tw/static/runtime~js/lms-main-d55bfefd.js,https://ilearn.thu.edu.tw/static/3734.fcaf65a6.js,.js,True,raw/ilearn.thu.edu.tw/static/3734.fcaf65a6.js,200
raw/ilearn.thu.edu.tw/static/runtime~js/lms-main-d55bfefd.js,https://ilearn.thu.edu.tw/static/37464-b0fb534c.js,.js,True,raw/ilearn.thu.edu.tw/static/37464-b0fb534c.js,200
raw/ilearn.thu.edu.tw/static/runtime~js/lms-main-d55bfefd.js,https://ilearn.thu.edu.tw/static/37705.d942f4e7.js,.js,True,raw/ilearn.thu.edu.tw/static/37705.d942f4e7.js,200
raw/ilearn.thu.edu.tw/static/runtime~js/lms-main-d55bfefd.js,https://ilearn.thu.edu.tw/static/37873-2905b78d.chunk.css,.css,True,raw/ilearn.thu.edu.tw/static/37873-2905b78d.chunk.css,200
raw/ilearn.thu.edu.tw/static/runtime~js/lms-main-d55bfefd.js,https://ilearn.thu.edu.tw/static/37873.f1187b3e.js,.js,True,raw/ilearn.thu.edu.tw/static/37873.f1187b3e.js,200
raw/ilearn.thu.edu.tw/static/runtime~js/lms-main-d55bfefd.js,https://ilearn.thu.edu.tw/static/37879.f5192a93.js,.js,True,raw/ilearn.thu.edu.tw/static/37879.f5192a93.js,200
raw/ilearn.thu.edu.tw/static/runtime~js/lms-main-d55bfefd.js,https://ilearn.thu.edu.tw/static/37884-9799461d.css,.css,True,raw/ilearn.thu.edu.tw/static/37884-9799461d.css,200
raw/ilearn.thu.edu.tw/static/runtime~js/lms-main-d55bfefd.js,https://ilearn.thu.edu.tw/static/37967-9e58a0c0.chunk.css,.css,True,raw/ilearn.thu.edu.tw/static/37967-9e58a0c0.chunk.css,200
raw/ilearn.thu.edu.tw/static/runtime~js/lms-main-d55bfefd.js,https://ilearn.thu.edu.tw/static/37967.9cc01d62.js,.js,True,raw/ilearn.thu.edu.tw/static/37967.9cc01d62.js,200
raw/ilearn.thu.edu.tw/static/runtime~js/lms-main-d55bfefd.js,https://ilearn.thu.edu.tw/static/38151.47d6c4f9.js,.js,True,raw/ilearn.thu.edu.tw/static/38151.47d6c4f9.js,200
raw/ilearn.thu.edu.tw/static/runtime~js/lms-main-d55bfefd.js,https://ilearn.thu.edu.tw/static/38189.4905d083.js,.js,True,raw/ilearn.thu.edu.tw/static/38189.4905d083.js,200
raw/ilearn.thu.edu.tw/static/runtime~js/lms-main-d55bfefd.js,https://ilearn.thu.edu.tw/static/38329.024cd20f.js,.js,True,raw/ilearn.thu.edu.tw/static/38329.024cd20f.js,200
raw/ilearn.thu.edu.tw/static/runtime~js/lms-main-d55bfefd.js,https://ilearn.thu.edu.tw/static/38480-b611bdce.chunk.css,.css,True,raw/ilearn.thu.edu.tw/static/38480-b611bdce.chunk.css,200
raw/ilearn.thu.edu.tw/static/runtime~js/lms-main-d55bfefd.js,https://ilearn.thu.edu.tw/static/38480.defdcfac.js,.js,True,raw/ilearn.thu.edu.tw/static/38480.defdcfac.js,200
raw/ilearn.thu.edu.tw/static/runtime~js/lms-main-d55bfefd.js,https://ilearn.thu.edu.tw/static/3855.0c93f189.js,.js,True,raw/ilearn.thu.edu.tw/static/3855.0c93f189.js,200
raw/ilearn.thu.edu.tw/static/runtime~js/lms-main-d55bfefd.js,https://ilearn.thu.edu.tw/static/38849.f0738bfd.js,.js,True,raw/ilearn.thu.edu.tw/static/38849.f0738bfd.js,200
raw/ilearn.thu.edu.tw/static/runtime~js/lms-main-d55bfefd.js,https://ilearn.thu.edu.tw/static/38941.c87e76c7.js,.js,True,raw/ilearn.thu.edu.tw/static/38941.c87e76c7.js,200
raw/ilearn.thu.edu.tw/static/runtime~js/lms-main-d55bfefd.js,https://ilearn.thu.edu.tw/static/39370-ff09ccaa.chunk.css,.css,True,raw/ilearn.thu.edu.tw/static/39370-ff09ccaa.chunk.css,200
raw/ilearn.thu.edu.tw/static/runtime~js/lms-main-d55bfefd.js,https://ilearn.thu.edu.tw/static/39370.ef589feb.js,.js,True,raw/ilearn.thu.edu.tw/static/39370.ef589feb.js,200
raw/ilearn.thu.edu.tw/static/runtime~js/lms-main-d55bfefd.js,https://ilearn.thu.edu.tw/static/39538-4ec91da4.chunk.css,.css,True,raw/ilearn.thu.edu.tw/static/39538-4ec91da4.chunk.css,200
raw/ilearn.thu.edu.tw/static/runtime~js/lms-main-d55bfefd.js,https://ilearn.thu.edu.tw/static/39538.e12d5a24.js,.js,True,raw/ilearn.thu.edu.tw/static/39538.e12d5a24.js,200
raw/ilearn.thu.edu.tw/static/runtime~js/lms-main-d55bfefd.js,https://ilearn.thu.edu.tw/static/3998-37a9d468.chunk.css,.css,True,raw/ilearn.thu.edu.tw/static/3998-37a9d468.chunk.css,200
raw/ilearn.thu.edu.tw/static/runtime~js/lms-main-d55bfefd.js,https://ilearn.thu.edu.tw/static/3998.fd6d67c1.js,.js,True,raw/ilearn.thu.edu.tw/static/3998.fd6d67c1.js,200
raw/ilearn.thu.edu.tw/static/runtime~js/lms-main-d55bfefd.js,https://ilearn.thu.edu.tw/static/40002.f956d0b8.js,.js,True,raw/ilearn.thu.edu.tw/static/40002.f956d0b8.js,200
raw/ilearn.thu.edu.tw/static/runtime~js/lms-main-d55bfefd.js,https://ilearn.thu.edu.tw/static/40073-442cb969.chunk.css,.css,True,raw/ilearn.thu.edu.tw/static/40073-442cb969.chunk.css,200
raw/ilearn.thu.edu.tw/static/runtime~js/lms-main-d55bfefd.js,https://ilearn.thu.edu.tw/static/40073.72e0a8e2.js,.js,True,raw/ilearn.thu.edu.tw/static/40073.72e0a8e2.js,200
raw/ilearn.thu.edu.tw/static/runtime~js/lms-main-d55bfefd.js,https://ilearn.thu.edu.tw/static/40173.0a285bf5.js,.js,True,raw/ilearn.thu.edu.tw/static/40173.0a285bf5.js,200
raw/ilearn.thu.edu.tw/static/runtime~js/lms-main-d55bfefd.js,https://ilearn.thu.edu.tw/static/40251-ba8c4104.chunk.css,.css,True,raw/ilearn.thu.edu.tw/static/40251-ba8c4104.chunk.css,200
raw/ilearn.thu.edu.tw/static/runtime~js/lms-main-d55bfefd.js,https://ilearn.thu.edu.tw/static/40251.b93d27d4.js,.js,True,raw/ilearn.thu.edu.tw/static/40251.b93d27d4.js,200
raw/ilearn.thu.edu.tw/static/runtime~js/lms-main-d55bfefd.js,https://ilearn.thu.edu.tw/static/40287-6134fd77.js,.js,True,raw/ilearn.thu.edu.tw/static/40287-6134fd77.js,200
raw/ilearn.thu.edu.tw/static/runtime~js/lms-main-d55bfefd.js,https://ilearn.thu.edu.tw/static/40365-62f8dd71.chunk.css,.css,True,raw/ilearn.thu.edu.tw/static/40365-62f8dd71.chunk.css,200
raw/ilearn.thu.edu.tw/static/runtime~js/lms-main-d55bfefd.js,https://ilearn.thu.edu.tw/static/40365.63ada24f.js,.js,True,raw/ilearn.thu.edu.tw/static/40365.63ada24f.js,200
raw/ilearn.thu.edu.tw/static/runtime~js/lms-main-d55bfefd.js,https://ilearn.thu.edu.tw/static/40496.c49c1a86.js,.js,True,raw/ilearn.thu.edu.tw/static/40496.c49c1a86.js,200
raw/ilearn.thu.edu.tw/static/runtime~js/lms-main-d55bfefd.js,https://ilearn.thu.edu.tw/static/4064-f4a8af25.chunk.css,.css,True,raw/ilearn.thu.edu.tw/static/4064-f4a8af25.chunk.css,200
raw/ilearn.thu.edu.tw/static/runtime~js/lms-main-d55bfefd.js,https://ilearn.thu.edu.tw/static/4064.23477b84.js,.js,True,raw/ilearn.thu.edu.tw/static/4064.23477b84.js,200
raw/ilearn.thu.edu.tw/static/runtime~js/lms-main-d55bfefd.js,https://ilearn.thu.edu.tw/static/40991-a382ee93.chunk.css,.css,True,raw/ilearn.thu.edu.tw/static/40991-a382ee93.chunk.css,200
raw/ilearn.thu.edu.tw/static/runtime~js/lms-main-d55bfefd.js,https://ilearn.thu.edu.tw/static/40991.c161b769.js,.js,True,raw/ilearn.thu.edu.tw/static/40991.c161b769.js,200
raw/ilearn.thu.edu.tw/static/runtime~js/lms-main-d55bfefd.js,https://ilearn.thu.edu.tw/static/41567.34eed4ea.js,.js,True,raw/ilearn.thu.edu.tw/static/41567.34eed4ea.js,200
raw/ilearn.thu.edu.tw/static/runtime~js/lms-main-d55bfefd.js,https://ilearn.thu.edu.tw/static/41568-66752b3a.chunk.css,.css,True,raw/ilearn.thu.edu.tw/static/41568-66752b3a.chunk.css,200
raw/ilearn.thu.edu.tw/static/runtime~js/lms-main-d55bfefd.js,https://ilearn.thu.edu.tw/static/41568.0adf30d4.js,.js,True,raw/ilearn.thu.edu.tw/static/41568.0adf30d4.js,200
raw/ilearn.thu.edu.tw/static/runtime~js/lms-main-d55bfefd.js,https://ilearn.thu.edu.tw/static/41594.1a10db7f.js,.js,True,raw/ilearn.thu.edu.tw/static/41594.1a10db7f.js,200
raw/ilearn.thu.edu.tw/static/runtime~js/lms-main-d55bfefd.js,https://ilearn.thu.edu.tw/static/41789.52c6778d.js,.js,True,raw/ilearn.thu.edu.tw/static/41789.52c6778d.js,200
raw/ilearn.thu.edu.tw/static/runtime~js/lms-main-d55bfefd.js,https://ilearn.thu.edu.tw/static/41962.bc8e08bd.js,.js,True,raw/ilearn.thu.edu.tw/static/41962.bc8e08bd.js,200
raw/ilearn.thu.edu.tw/static/runtime~js/lms-main-d55bfefd.js,https://ilearn.thu.edu.tw/static/41986.fbf3188d.js,.js,True,raw/ilearn.thu.edu.tw/static/41986.fbf3188d.js,200
raw/ilearn.thu.edu.tw/static/runtime~js/lms-main-d55bfefd.js,https://ilearn.thu.edu.tw/static/42041.c3faf34c.js,.js,True,raw/ilearn.thu.edu.tw/static/42041.c3faf34c.js,200
raw/ilearn.thu.edu.tw/static/runtime~js/lms-main-d55bfefd.js,https://ilearn.thu.edu.tw/static/42088.8de37de0.js,.js,True,raw/ilearn.thu.edu.tw/static/42088.8de37de0.js,200
raw/ilearn.thu.edu.tw/static/runtime~js/lms-main-d55bfefd.js,https://ilearn.thu.edu.tw/static/42157.2415ae54.js,.js,True,raw/ilearn.thu.edu.tw/static/42157.2415ae54.js,200
raw/ilearn.thu.edu.tw/static/runtime~js/lms-main-d55bfefd.js,https://ilearn.thu.edu.tw/static/42227.9531c22f.js,.js,True,raw/ilearn.thu.edu.tw/static/42227.9531c22f.js,200
raw/ilearn.thu.edu.tw/static/runtime~js/lms-main-d55bfefd.js,https://ilearn.thu.edu.tw/static/42431.4a39f309.js,.js,True,raw/ilearn.thu.edu.tw/static/42431.4a39f309.js,200
raw/ilearn.thu.edu.tw/static/runtime~js/lms-main-d55bfefd.js,https://ilearn.thu.edu.tw/static/42535.1c3df5f8.js,.js,True,raw/ilearn.thu.edu.tw/static/42535.1c3df5f8.js,200
raw/ilearn.thu.edu.tw/static/runtime~js/lms-main-d55bfefd.js,https://ilearn.thu.edu.tw/static/42585-cb309f8b.chunk.css,.css,True,raw/ilearn.thu.edu.tw/static/42585-cb309f8b.chunk.css,200
raw/ilearn.thu.edu.tw/static/runtime~js/lms-main-d55bfefd.js,https://ilearn.thu.edu.tw/static/42585.3fa356ed.js,.js,True,raw/ilearn.thu.edu.tw/static/42585.3fa356ed.js,200
raw/ilearn.thu.edu.tw/static/runtime~js/lms-main-d55bfefd.js,https://ilearn.thu.edu.tw/static/42714-7b76587c.chunk.css,.css,True,raw/ilearn.thu.edu.tw/static/42714-7b76587c.chunk.css,200
raw/ilearn.thu.edu.tw/static/runtime~js/lms-main-d55bfefd.js,https://ilearn.thu.edu.tw/static/42714.ab5289df.js,.js,True,raw/ilearn.thu.edu.tw/static/42714.ab5289df.js,200
raw/ilearn.thu.edu.tw/static/runtime~js/lms-main-d55bfefd.js,https://ilearn.thu.edu.tw/static/42748.fd2e7477.js,.js,True,raw/ilearn.thu.edu.tw/static/42748.fd2e7477.js,200
raw/ilearn.thu.edu.tw/static/runtime~js/lms-main-d55bfefd.js,https://ilearn.thu.edu.tw/static/42753.47feb217.js,.js,True,raw/ilearn.thu.edu.tw/static/42753.47feb217.js,200
raw/ilearn.thu.edu.tw/static/runtime~js/lms-main-d55bfefd.js,https://ilearn.thu.edu.tw/static/42929-b8174e31.chunk.css,.css,True,raw/ilearn.thu.edu.tw/static/42929-b8174e31.chunk.css,200
raw/ilearn.thu.edu.tw/static/runtime~js/lms-main-d55bfefd.js,https://ilearn.thu.edu.tw/static/42929.d8d41bb3.js,.js,True,raw/ilearn.thu.edu.tw/static/42929.d8d41bb3.js,200
raw/ilearn.thu.edu.tw/static/runtime~js/lms-main-d55bfefd.js,https://ilearn.thu.edu.tw/static/43087.44bea03a.js,.js,True,raw/ilearn.thu.edu.tw/static/43087.44bea03a.js,200
raw/ilearn.thu.edu.tw/static/runtime~js/lms-main-d55bfefd.js,https://ilearn.thu.edu.tw/static/43107.3fe4db7f.js,.js,True,raw/ilearn.thu.edu.tw/static/43107.3fe4db7f.js,200
raw/ilearn.thu.edu.tw/static/runtime~js/lms-main-d55bfefd.js,https://ilearn.thu.edu.tw/static/43161.4bd4e9a7.js,.js,True,raw/ilearn.thu.edu.tw/static/43161.4bd4e9a7.js,200
raw/ilearn.thu.edu.tw/static/runtime~js/lms-main-d55bfefd.js,https://ilearn.thu.edu.tw/static/432-55bea773.js,.js,True,raw/ilearn.thu.edu.tw/static/432-55bea773.js,200
raw/ilearn.thu.edu.tw/static/runtime~js/lms-main-d55bfefd.js,https://ilearn.thu.edu.tw/static/43586.d1d9af5d.js,.js,True,raw/ilearn.thu.edu.tw/static/43586.d1d9af5d.js,200
raw/ilearn.thu.edu.tw/static/runtime~js/lms-main-d55bfefd.js,https://ilearn.thu.edu.tw/static/43823-bfba4179.js,.js,True,raw/ilearn.thu.edu.tw/static/43823-bfba4179.js,200
raw/ilearn.thu.edu.tw/static/runtime~js/lms-main-d55bfefd.js,https://ilearn.thu.edu.tw/static/43944-26432c49.chunk.css,.css,True,raw/ilearn.thu.edu.tw/static/43944-26432c49.chunk.css,200
raw/ilearn.thu.edu.tw/static/runtime~js/lms-main-d55bfefd.js,https://ilearn.thu.edu.tw/static/43944.c35dfa08.js,.js,True,raw/ilearn.thu.edu.tw/static/43944.c35dfa08.js,200
raw/ilearn.thu.edu.tw/static/runtime~js/lms-main-d55bfefd.js,https://ilearn.thu.edu.tw/static/4396.fcd26037.js,.js,True,raw/ilearn.thu.edu.tw/static/4396.fcd26037.js,200
raw/ilearn.thu.edu.tw/static/runtime~js/lms-main-d55bfefd.js,https://ilearn.thu.edu.tw/static/4408.799f2f84.js,.js,True,raw/ilearn.thu.edu.tw/static/4408.799f2f84.js,200
raw/ilearn.thu.edu.tw/static/runtime~js/lms-main-d55bfefd.js,https://ilearn.thu.edu.tw/static/44093-778293da.chunk.css,.css,True,raw/ilearn.thu.edu.tw/static/44093-778293da.chunk.css,200
raw/ilearn.thu.edu.tw/static/runtime~js/lms-main-d55bfefd.js,https://ilearn.thu.edu.tw/static/44093.3708899a.js,.js,True,raw/ilearn.thu.edu.tw/static/44093.3708899a.js,200
raw/ilearn.thu.edu.tw/static/runtime~js/lms-main-d55bfefd.js,https://ilearn.thu.edu.tw/static/4413-b3416b81.chunk.css,.css,True,raw/ilearn.thu.edu.tw/static/4413-b3416b81.chunk.css,200
raw/ilearn.thu.edu.tw/static/runtime~js/lms-main-d55bfefd.js,https://ilearn.thu.edu.tw/static/4413.48fd5df4.js,.js,True,raw/ilearn.thu.edu.tw/static/4413.48fd5df4.js,200
raw/ilearn.thu.edu.tw/static/runtime~js/lms-main-d55bfefd.js,https://ilearn.thu.edu.tw/static/44184-695366db.chunk.css,.css,True,raw/ilearn.thu.edu.tw/static/44184-695366db.chunk.css,200
raw/ilearn.thu.edu.tw/static/runtime~js/lms-main-d55bfefd.js,https://ilearn.thu.edu.tw/static/44184.7677cc88.js,.js,True,raw/ilearn.thu.edu.tw/static/44184.7677cc88.js,200
raw/ilearn.thu.edu.tw/static/runtime~js/lms-main-d55bfefd.js,https://ilearn.thu.edu.tw/static/44194.476375f7.js,.js,True,raw/ilearn.thu.edu.tw/static/44194.476375f7.js,200
raw/ilearn.thu.edu.tw/static/runtime~js/lms-main-d55bfefd.js,https://ilearn.thu.edu.tw/static/44296.a19be59d.js,.js,True,raw/ilearn.thu.edu.tw/static/44296.a19be59d.js,200
raw/ilearn.thu.edu.tw/static/runtime~js/lms-main-d55bfefd.js,https://ilearn.thu.edu.tw/static/44346-d648aeb8.chunk.css,.css,True,raw/ilearn.thu.edu.tw/static/44346-d648aeb8.chunk.css,200
raw/ilearn.thu.edu.tw/static/runtime~js/lms-main-d55bfefd.js,https://ilearn.thu.edu.tw/static/44346.7b57b52e.js,.js,True,raw/ilearn.thu.edu.tw/static/44346.7b57b52e.js,200
raw/ilearn.thu.edu.tw/static/runtime~js/lms-main-d55bfefd.js,https://ilearn.thu.edu.tw/static/44388.63410d70.js,.js,True,raw/ilearn.thu.edu.tw/static/44388.63410d70.js,200
raw/ilearn.thu.edu.tw/static/runtime~js/lms-main-d55bfefd.js,https://ilearn.thu.edu.tw/static/44404-25a60c5d.chunk.css,.css,True,raw/ilearn.thu.edu.tw/static/44404-25a60c5d.chunk.css,200
raw/ilearn.thu.edu.tw/static/runtime~js/lms-main-d55bfefd.js,https://ilearn.thu.edu.tw/static/44404.b4467c25.js,.js,True,raw/ilearn.thu.edu.tw/static/44404.b4467c25.js,200
raw/ilearn.thu.edu.tw/static/runtime~js/lms-main-d55bfefd.js,https://ilearn.thu.edu.tw/static/44437.a7791db6.js,.js,True,raw/ilearn.thu.edu.tw/static/44437.a7791db6.js,200
raw/ilearn.thu.edu.tw/static/runtime~js/lms-main-d55bfefd.js,https://ilearn.thu.edu.tw/static/44443-2e0d4f74.chunk.css,.css,True,raw/ilearn.thu.edu.tw/static/44443-2e0d4f74.chunk.css,200
raw/ilearn.thu.edu.tw/static/runtime~js/lms-main-d55bfefd.js,https://ilearn.thu.edu.tw/static/44443.e6f5eb69.js,.js,True,raw/ilearn.thu.edu.tw/static/44443.e6f5eb69.js,200
raw/ilearn.thu.edu.tw/static/runtime~js/lms-main-d55bfefd.js,https://ilearn.thu.edu.tw/static/44449-627731f2.chunk.css,.css,True,raw/ilearn.thu.edu.tw/static/44449-627731f2.chunk.css,200
raw/ilearn.thu.edu.tw/static/runtime~js/lms-main-d55bfefd.js,https://ilearn.thu.edu.tw/static/44449.71f5c8bd.js,.js,True,raw/ilearn.thu.edu.tw/static/44449.71f5c8bd.js,200
raw/ilearn.thu.edu.tw/static/runtime~js/lms-main-d55bfefd.js,https://ilearn.thu.edu.tw/static/44617.0bd4d631.js,.js,True,raw/ilearn.thu.edu.tw/static/44617.0bd4d631.js,200
raw/ilearn.thu.edu.tw/static/runtime~js/lms-main-d55bfefd.js,https://ilearn.thu.edu.tw/static/44703.d94fc9bb.js,.js,True,raw/ilearn.thu.edu.tw/static/44703.d94fc9bb.js,200
raw/ilearn.thu.edu.tw/static/runtime~js/lms-main-d55bfefd.js,https://ilearn.thu.edu.tw/static/4485.bc892e89.js,.js,True,raw/ilearn.thu.edu.tw/static/4485.bc892e89.js,200
raw/ilearn.thu.edu.tw/static/runtime~js/lms-main-d55bfefd.js,https://ilearn.thu.edu.tw/static/4488-5b173e1b.chunk.css,.css,True,raw/ilearn.thu.edu.tw/static/4488-5b173e1b.chunk.css,200
raw/ilearn.thu.edu.tw/static/runtime~js/lms-main-d55bfefd.js,https://ilearn.thu.edu.tw/static/4488.04563646.js,.js,True,raw/ilearn.thu.edu.tw/static/4488.04563646.js,200
raw/ilearn.thu.edu.tw/static/runtime~js/lms-main-d55bfefd.js,https://ilearn.thu.edu.tw/static/44893.6b7d178e.js,.js,True,raw/ilearn.thu.edu.tw/static/44893.6b7d178e.js,200
raw/ilearn.thu.edu.tw/static/runtime~js/lms-main-d55bfefd.js,https://ilearn.thu.edu.tw/static/4495.92a6bcab.js,.js,True,raw/ilearn.thu.edu.tw/static/4495.92a6bcab.js,200
raw/ilearn.thu.edu.tw/static/runtime~js/lms-main-d55bfefd.js,https://ilearn.thu.edu.tw/static/44975-886382b1.chunk.css,.css,True,raw/ilearn.thu.edu.tw/static/44975-886382b1.chunk.css,200
raw/ilearn.thu.edu.tw/static/runtime~js/lms-main-d55bfefd.js,https://ilearn.thu.edu.tw/static/44975.b06e0074.js,.js,True,raw/ilearn.thu.edu.tw/static/44975.b06e0074.js,200
raw/ilearn.thu.edu.tw/static/runtime~js/lms-main-d55bfefd.js,https://ilearn.thu.edu.tw/static/45109-b9de6e0e.chunk.css,.css,True,raw/ilearn.thu.edu.tw/static/45109-b9de6e0e.chunk.css,200
raw/ilearn.thu.edu.tw/static/runtime~js/lms-main-d55bfefd.js,https://ilearn.thu.edu.tw/static/45109.5f739864.js,.js,True,raw/ilearn.thu.edu.tw/static/45109.5f739864.js,200
raw/ilearn.thu.edu.tw/static/runtime~js/lms-main-d55bfefd.js,https://ilearn.thu.edu.tw/static/45312.71278fd1.js,.js,True,raw/ilearn.thu.edu.tw/static/45312.71278fd1.js,200
raw/ilearn.thu.edu.tw/static/runtime~js/lms-main-d55bfefd.js,https://ilearn.thu.edu.tw/static/45567-eb6ef182.chunk.css,.css,True,raw/ilearn.thu.edu.tw/static/45567-eb6ef182.chunk.css,200
raw/ilearn.thu.edu.tw/static/runtime~js/lms-main-d55bfefd.js,https://ilearn.thu.edu.tw/static/45567.01dfb060.js,.js,True,raw/ilearn.thu.edu.tw/static/45567.01dfb060.js,200
raw/ilearn.thu.edu.tw/static/runtime~js/lms-main-d55bfefd.js,https://ilearn.thu.edu.tw/static/45605.d7e10a35.js,.js,True,raw/ilearn.thu.edu.tw/static/45605.d7e10a35.js,200
raw/ilearn.thu.edu.tw/static/runtime~js/lms-main-d55bfefd.js,https://ilearn.thu.edu.tw/static/45683.64768b43.js,.js,True,raw/ilearn.thu.edu.tw/static/45683.64768b43.js,200
raw/ilearn.thu.edu.tw/static/runtime~js/lms-main-d55bfefd.js,https://ilearn.thu.edu.tw/static/45685-e4bd0eb5.chunk.css,.css,True,raw/ilearn.thu.edu.tw/static/45685-e4bd0eb5.chunk.css,200
raw/ilearn.thu.edu.tw/static/runtime~js/lms-main-d55bfefd.js,https://ilearn.thu.edu.tw/static/45685.4e07b7a7.js,.js,True,raw/ilearn.thu.edu.tw/static/45685.4e07b7a7.js,200
raw/ilearn.thu.edu.tw/static/runtime~js/lms-main-d55bfefd.js,https://ilearn.thu.edu.tw/static/45699-eddae570.chunk.css,.css,True,raw/ilearn.thu.edu.tw/static/45699-eddae570.chunk.css,200
raw/ilearn.thu.edu.tw/static/runtime~js/lms-main-d55bfefd.js,https://ilearn.thu.edu.tw/static/45699.39731727.js,.js,True,raw/ilearn.thu.edu.tw/static/45699.39731727.js,200
raw/ilearn.thu.edu.tw/static/runtime~js/lms-main-d55bfefd.js,https://ilearn.thu.edu.tw/static/46169.a4bec735.js,.js,True,raw/ilearn.thu.edu.tw/static/46169.a4bec735.js,200
raw/ilearn.thu.edu.tw/static/runtime~js/lms-main-d55bfefd.js,https://ilearn.thu.edu.tw/static/46780-7b98e7c2.chunk.css,.css,True,raw/ilearn.thu.edu.tw/static/46780-7b98e7c2.chunk.css,200
raw/ilearn.thu.edu.tw/static/runtime~js/lms-main-d55bfefd.js,https://ilearn.thu.edu.tw/static/46780.7821b5b3.js,.js,True,raw/ilearn.thu.edu.tw/static/46780.7821b5b3.js,200
raw/ilearn.thu.edu.tw/static/runtime~js/lms-main-d55bfefd.js,https://ilearn.thu.edu.tw/static/46865.870c4965.js,.js,True,raw/ilearn.thu.edu.tw/static/46865.870c4965.js,200
raw/ilearn.thu.edu.tw/static/runtime~js/lms-main-d55bfefd.js,https://ilearn.thu.edu.tw/static/4706.a4501a25.js,.js,True,raw/ilearn.thu.edu.tw/static/4706.a4501a25.js,200
raw/ilearn.thu.edu.tw/static/runtime~js/lms-main-d55bfefd.js,https://ilearn.thu.edu.tw/static/47219.985432f4.js,.js,True,raw/ilearn.thu.edu.tw/static/47219.985432f4.js,200
raw/ilearn.thu.edu.tw/static/runtime~js/lms-main-d55bfefd.js,https://ilearn.thu.edu.tw/static/47273.0f291c3d.js,.js,True,raw/ilearn.thu.edu.tw/static/47273.0f291c3d.js,200
raw/ilearn.thu.edu.tw/static/runtime~js/lms-main-d55bfefd.js,https://ilearn.thu.edu.tw/static/47303-8514fba9.chunk.css,.css,True,raw/ilearn.thu.edu.tw/static/47303-8514fba9.chunk.css,200
raw/ilearn.thu.edu.tw/static/runtime~js/lms-main-d55bfefd.js,https://ilearn.thu.edu.tw/static/4742-61f31323.chunk.css,.css,True,raw/ilearn.thu.edu.tw/static/4742-61f31323.chunk.css,200
raw/ilearn.thu.edu.tw/static/runtime~js/lms-main-d55bfefd.js,https://ilearn.thu.edu.tw/static/4742.b8a8d253.js,.js,True,raw/ilearn.thu.edu.tw/static/4742.b8a8d253.js,200
raw/ilearn.thu.edu.tw/static/runtime~js/lms-main-d55bfefd.js,https://ilearn.thu.edu.tw/static/47578-3880a424.chunk.css,.css,True,raw/ilearn.thu.edu.tw/static/47578-3880a424.chunk.css,200
raw/ilearn.thu.edu.tw/static/runtime~js/lms-main-d55bfefd.js,https://ilearn.thu.edu.tw/static/47578.6f793523.js,.js,True,raw/ilearn.thu.edu.tw/static/47578.6f793523.js,200
raw/ilearn.thu.edu.tw/static/runtime~js/lms-main-d55bfefd.js,https://ilearn.thu.edu.tw/static/47611.42ee6df9.js,.js,True,raw/ilearn.thu.edu.tw/static/47611.42ee6df9.js,200
raw/ilearn.thu.edu.tw/static/runtime~js/lms-main-d55bfefd.js,https://ilearn.thu.edu.tw/static/47678.6fd39676.js,.js,True,raw/ilearn.thu.edu.tw/static/47678.6fd39676.js,200
raw/ilearn.thu.edu.tw/static/runtime~js/lms-main-d55bfefd.js,https://ilearn.thu.edu.tw/static/47695-948c96b0.chunk.css,.css,True,raw/ilearn.thu.edu.tw/static/47695-948c96b0.chunk.css,200
raw/ilearn.thu.edu.tw/static/runtime~js/lms-main-d55bfefd.js,https://ilearn.thu.edu.tw/static/47695.1d992af3.js,.js,True,raw/ilearn.thu.edu.tw/static/47695.1d992af3.js,200
raw/ilearn.thu.edu.tw/static/runtime~js/lms-main-d55bfefd.js,https://ilearn.thu.edu.tw/static/48423-963338af.chunk.css,.css,True,raw/ilearn.thu.edu.tw/static/48423-963338af.chunk.css,200
raw/ilearn.thu.edu.tw/static/runtime~js/lms-main-d55bfefd.js,https://ilearn.thu.edu.tw/static/48423.d255ae31.js,.js,True,raw/ilearn.thu.edu.tw/static/48423.d255ae31.js,200
raw/ilearn.thu.edu.tw/static/runtime~js/lms-main-d55bfefd.js,https://ilearn.thu.edu.tw/static/48446-82e08a76.chunk.css,.css,True,raw/ilearn.thu.edu.tw/static/48446-82e08a76.chunk.css,200
raw/ilearn.thu.edu.tw/static/runtime~js/lms-main-d55bfefd.js,https://ilearn.thu.edu.tw/static/48446.adcff68e.js,.js,True,raw/ilearn.thu.edu.tw/static/48446.adcff68e.js,200
raw/ilearn.thu.edu.tw/static/runtime~js/lms-main-d55bfefd.js,https://ilearn.thu.edu.tw/static/48458.a917af91.js,.js,True,raw/ilearn.thu.edu.tw/static/48458.a917af91.js,200
raw/ilearn.thu.edu.tw/static/runtime~js/lms-main-d55bfefd.js,https://ilearn.thu.edu.tw/static/48471.89184ab3.js,.js,True,raw/ilearn.thu.edu.tw/static/48471.89184ab3.js,200
raw/ilearn.thu.edu.tw/static/runtime~js/lms-main-d55bfefd.js,https://ilearn.thu.edu.tw/static/48597.fe53365b.js,.js,True,raw/ilearn.thu.edu.tw/static/48597.fe53365b.js,200
raw/ilearn.thu.edu.tw/static/runtime~js/lms-main-d55bfefd.js,https://ilearn.thu.edu.tw/static/48776-3613432e.chunk.css,.css,True,raw/ilearn.thu.edu.tw/static/48776-3613432e.chunk.css,200
raw/ilearn.thu.edu.tw/static/runtime~js/lms-main-d55bfefd.js,https://ilearn.thu.edu.tw/static/48776.9c949b8c.js,.js,True,raw/ilearn.thu.edu.tw/static/48776.9c949b8c.js,200
raw/ilearn.thu.edu.tw/static/runtime~js/lms-main-d55bfefd.js,https://ilearn.thu.edu.tw/static/48925.39b391b4.js,.js,True,raw/ilearn.thu.edu.tw/static/48925.39b391b4.js,200
raw/ilearn.thu.edu.tw/static/runtime~js/lms-main-d55bfefd.js,https://ilearn.thu.edu.tw/static/48941.c9b6c945.js,.js,True,raw/ilearn.thu.edu.tw/static/48941.c9b6c945.js,200
raw/ilearn.thu.edu.tw/static/runtime~js/lms-main-d55bfefd.js,https://ilearn.thu.edu.tw/static/48987.308f1465.js,.js,True,raw/ilearn.thu.edu.tw/static/48987.308f1465.js,200
raw/ilearn.thu.edu.tw/static/runtime~js/lms-main-d55bfefd.js,https://ilearn.thu.edu.tw/static/4899-f746e58c.chunk.css,.css,True,raw/ilearn.thu.edu.tw/static/4899-f746e58c.chunk.css,200
raw/ilearn.thu.edu.tw/static/runtime~js/lms-main-d55bfefd.js,https://ilearn.thu.edu.tw/static/4899.ac95a13b.js,.js,True,raw/ilearn.thu.edu.tw/static/4899.ac95a13b.js,200
raw/ilearn.thu.edu.tw/static/runtime~js/lms-main-d55bfefd.js,https://ilearn.thu.edu.tw/static/49009.a1deb8c2.js,.js,True,raw/ilearn.thu.edu.tw/static/49009.a1deb8c2.js,200
raw/ilearn.thu.edu.tw/static/runtime~js/lms-main-d55bfefd.js,https://ilearn.thu.edu.tw/static/4909.392a8d33.js,.js,True,raw/ilearn.thu.edu.tw/static/4909.392a8d33.js,200
raw/ilearn.thu.edu.tw/static/runtime~js/lms-main-d55bfefd.js,https://ilearn.thu.edu.tw/static/49111.059def0d.js,.js,True,raw/ilearn.thu.edu.tw/static/49111.059def0d.js,200
raw/ilearn.thu.edu.tw/static/runtime~js/lms-main-d55bfefd.js,https://ilearn.thu.edu.tw/static/49116-0857b3d5.chunk.css,.css,True,raw/ilearn.thu.edu.tw/static/49116-0857b3d5.chunk.css,200
raw/ilearn.thu.edu.tw/static/runtime~js/lms-main-d55bfefd.js,https://ilearn.thu.edu.tw/static/49116.4e33c3c8.js,.js,True,raw/ilearn.thu.edu.tw/static/49116.4e33c3c8.js,200
raw/ilearn.thu.edu.tw/static/runtime~js/lms-main-d55bfefd.js,https://ilearn.thu.edu.tw/static/49294-a975461a.chunk.css,.css,True,raw/ilearn.thu.edu.tw/static/49294-a975461a.chunk.css,200
raw/ilearn.thu.edu.tw/static/runtime~js/lms-main-d55bfefd.js,https://ilearn.thu.edu.tw/static/49294.50a0a8b3.js,.js,True,raw/ilearn.thu.edu.tw/static/49294.50a0a8b3.js,200
raw/ilearn.thu.edu.tw/static/runtime~js/lms-main-d55bfefd.js,https://ilearn.thu.edu.tw/static/49360.56d01019.js,.js,True,raw/ilearn.thu.edu.tw/static/49360.56d01019.js,200
raw/ilearn.thu.edu.tw/static/runtime~js/lms-main-d55bfefd.js,https://ilearn.thu.edu.tw/static/49412.3bf7965d.js,.js,True,raw/ilearn.thu.edu.tw/static/49412.3bf7965d.js,200
raw/ilearn.thu.edu.tw/static/runtime~js/lms-main-d55bfefd.js,https://ilearn.thu.edu.tw/static/49420.b30bc6e4.js,.js,True,raw/ilearn.thu.edu.tw/static/49420.b30bc6e4.js,200
raw/ilearn.thu.edu.tw/static/runtime~js/lms-main-d55bfefd.js,https://ilearn.thu.edu.tw/static/49430-fc436d96.chunk.css,.css,True,raw/ilearn.thu.edu.tw/static/49430-fc436d96.chunk.css,200
raw/ilearn.thu.edu.tw/static/runtime~js/lms-main-d55bfefd.js,https://ilearn.thu.edu.tw/static/49430.5dab1d92.js,.js,True,raw/ilearn.thu.edu.tw/static/49430.5dab1d92.js,200
raw/ilearn.thu.edu.tw/static/runtime~js/lms-main-d55bfefd.js,https://ilearn.thu.edu.tw/static/49592.0ad88a29.js,.js,True,raw/ilearn.thu.edu.tw/static/49592.0ad88a29.js,200
raw/ilearn.thu.edu.tw/static/runtime~js/lms-main-d55bfefd.js,https://ilearn.thu.edu.tw/static/49666.78967a94.js,.js,True,raw/ilearn.thu.edu.tw/static/49666.78967a94.js,200
raw/ilearn.thu.edu.tw/static/runtime~js/lms-main-d55bfefd.js,https://ilearn.thu.edu.tw/static/49732.71a2fe4e.js,.js,True,raw/ilearn.thu.edu.tw/static/49732.71a2fe4e.js,200
raw/ilearn.thu.edu.tw/static/runtime~js/lms-main-d55bfefd.js,https://ilearn.thu.edu.tw/static/5010-f91aede3.chunk.css,.css,True,raw/ilearn.thu.edu.tw/static/5010-f91aede3.chunk.css,200
raw/ilearn.thu.edu.tw/static/runtime~js/lms-main-d55bfefd.js,https://ilearn.thu.edu.tw/static/5010.2709fee9.js,.js,True,raw/ilearn.thu.edu.tw/static/5010.2709fee9.js,200
raw/ilearn.thu.edu.tw/static/runtime~js/lms-main-d55bfefd.js,https://ilearn.thu.edu.tw/static/50446.4b9b0bcc.js,.js,True,raw/ilearn.thu.edu.tw/static/50446.4b9b0bcc.js,200
raw/ilearn.thu.edu.tw/static/runtime~js/lms-main-d55bfefd.js,https://ilearn.thu.edu.tw/static/50559-af323960.chunk.css,.css,True,raw/ilearn.thu.edu.tw/static/50559-af323960.chunk.css,200
raw/ilearn.thu.edu.tw/static/runtime~js/lms-main-d55bfefd.js,https://ilearn.thu.edu.tw/static/50559.79503daf.js,.js,True,raw/ilearn.thu.edu.tw/static/50559.79503daf.js,200
raw/ilearn.thu.edu.tw/static/runtime~js/lms-main-d55bfefd.js,https://ilearn.thu.edu.tw/static/50574-1c64454c.chunk.css,.css,True,raw/ilearn.thu.edu.tw/static/50574-1c64454c.chunk.css,200
raw/ilearn.thu.edu.tw/static/runtime~js/lms-main-d55bfefd.js,https://ilearn.thu.edu.tw/static/50574.d4b1d445.js,.js,True,raw/ilearn.thu.edu.tw/static/50574.d4b1d445.js,200
raw/ilearn.thu.edu.tw/static/runtime~js/lms-main-d55bfefd.js,https://ilearn.thu.edu.tw/static/50600.2a8f1b1f.js,.js,True,raw/ilearn.thu.edu.tw/static/50600.2a8f1b1f.js,200
raw/ilearn.thu.edu.tw/static/runtime~js/lms-main-d55bfefd.js,https://ilearn.thu.edu.tw/static/50625-0c27f6fd.js,.js,True,raw/ilearn.thu.edu.tw/static/50625-0c27f6fd.js,200
raw/ilearn.thu.edu.tw/static/runtime~js/lms-main-d55bfefd.js,https://ilearn.thu.edu.tw/static/50674-0e23c731.chunk.css,.css,True,raw/ilearn.thu.edu.tw/static/50674-0e23c731.chunk.css,200
raw/ilearn.thu.edu.tw/static/runtime~js/lms-main-d55bfefd.js,https://ilearn.thu.edu.tw/static/50674.577c5280.js,.js,True,raw/ilearn.thu.edu.tw/static/50674.577c5280.js,200
raw/ilearn.thu.edu.tw/static/runtime~js/lms-main-d55bfefd.js,https://ilearn.thu.edu.tw/static/50759.ba0ade2f.js,.js,True,raw/ilearn.thu.edu.tw/static/50759.ba0ade2f.js,200
raw/ilearn.thu.edu.tw/static/runtime~js/lms-main-d55bfefd.js,https://ilearn.thu.edu.tw/static/50963-f09c0965.chunk.css,.css,True,raw/ilearn.thu.edu.tw/static/50963-f09c0965.chunk.css,200
raw/ilearn.thu.edu.tw/static/runtime~js/lms-main-d55bfefd.js,https://ilearn.thu.edu.tw/static/50963.291c278e.js,.js,True,raw/ilearn.thu.edu.tw/static/50963.291c278e.js,200
raw/ilearn.thu.edu.tw/static/runtime~js/lms-main-d55bfefd.js,https://ilearn.thu.edu.tw/static/51217.afd18812.js,.js,True,raw/ilearn.thu.edu.tw/static/51217.afd18812.js,200
raw/ilearn.thu.edu.tw/static/runtime~js/lms-main-d55bfefd.js,https://ilearn.thu.edu.tw/static/51223.6186db26.js,.js,True,raw/ilearn.thu.edu.tw/static/51223.6186db26.js,200
raw/ilearn.thu.edu.tw/static/runtime~js/lms-main-d55bfefd.js,https://ilearn.thu.edu.tw/static/51262-7c0c0f31.chunk.css,.css,True,raw/ilearn.thu.edu.tw/static/51262-7c0c0f31.chunk.css,200
raw/ilearn.thu.edu.tw/static/runtime~js/lms-main-d55bfefd.js,https://ilearn.thu.edu.tw/static/51262.4b082c39.js,.js,True,raw/ilearn.thu.edu.tw/static/51262.4b082c39.js,200
raw/ilearn.thu.edu.tw/static/runtime~js/lms-main-d55bfefd.js,https://ilearn.thu.edu.tw/static/51310-f39e7edf.chunk.css,.css,True,raw/ilearn.thu.edu.tw/static/51310-f39e7edf.chunk.css,200
raw/ilearn.thu.edu.tw/static/runtime~js/lms-main-d55bfefd.js,https://ilearn.thu.edu.tw/static/51310.68c3f526.js,.js,True,raw/ilearn.thu.edu.tw/static/51310.68c3f526.js,200
raw/ilearn.thu.edu.tw/static/runtime~js/lms-main-d55bfefd.js,https://ilearn.thu.edu.tw/static/51412.4dc52355.js,.js,True,raw/ilearn.thu.edu.tw/static/51412.4dc52355.js,200
raw/ilearn.thu.edu.tw/static/runtime~js/lms-main-d55bfefd.js,https://ilearn.thu.edu.tw/static/51517.ee722171.js,.js,True,raw/ilearn.thu.edu.tw/static/51517.ee722171.js,200
raw/ilearn.thu.edu.tw/static/runtime~js/lms-main-d55bfefd.js,https://ilearn.thu.edu.tw/static/51533.32779be1.js,.js,True,raw/ilearn.thu.edu.tw/static/51533.32779be1.js,200
raw/ilearn.thu.edu.tw/static/runtime~js/lms-main-d55bfefd.js,https://ilearn.thu.edu.tw/static/51607-31ac8894.chunk.css,.css,True,raw/ilearn.thu.edu.tw/static/51607-31ac8894.chunk.css,200
raw/ilearn.thu.edu.tw/static/runtime~js/lms-main-d55bfefd.js,https://ilearn.thu.edu.tw/static/51607.2d4828e2.js,.js,True,raw/ilearn.thu.edu.tw/static/51607.2d4828e2.js,200
raw/ilearn.thu.edu.tw/static/runtime~js/lms-main-d55bfefd.js,https://ilearn.thu.edu.tw/static/51708-096d42d6.js,.js,True,raw/ilearn.thu.edu.tw/static/51708-096d42d6.js,200
raw/ilearn.thu.edu.tw/static/runtime~js/lms-main-d55bfefd.js,https://ilearn.thu.edu.tw/static/51713.3931dcf9.js,.js,True,raw/ilearn.thu.edu.tw/static/51713.3931dcf9.js,200
raw/ilearn.thu.edu.tw/static/runtime~js/lms-main-d55bfefd.js,https://ilearn.thu.edu.tw/static/52003.a789feda.js,.js,True,raw/ilearn.thu.edu.tw/static/52003.a789feda.js,200
raw/ilearn.thu.edu.tw/static/runtime~js/lms-main-d55bfefd.js,https://ilearn.thu.edu.tw/static/52010.1669d605.js,.js,True,raw/ilearn.thu.edu.tw/static/52010.1669d605.js,200
raw/ilearn.thu.edu.tw/static/runtime~js/lms-main-d55bfefd.js,https://ilearn.thu.edu.tw/static/52042.ed0e59eb.js,.js,True,raw/ilearn.thu.edu.tw/static/52042.ed0e59eb.js,200
raw/ilearn.thu.edu.tw/static/runtime~js/lms-main-d55bfefd.js,https://ilearn.thu.edu.tw/static/52089.d0fdfa73.js,.js,True,raw/ilearn.thu.edu.tw/static/52089.d0fdfa73.js,200
raw/ilearn.thu.edu.tw/static/runtime~js/lms-main-d55bfefd.js,https://ilearn.thu.edu.tw/static/5247.66a7f918.js,.js,True,raw/ilearn.thu.edu.tw/static/5247.66a7f918.js,200
raw/ilearn.thu.edu.tw/static/runtime~js/lms-main-d55bfefd.js,https://ilearn.thu.edu.tw/static/52497.cd3c0177.js,.js,True,raw/ilearn.thu.edu.tw/static/52497.cd3c0177.js,200
raw/ilearn.thu.edu.tw/static/runtime~js/lms-main-d55bfefd.js,https://ilearn.thu.edu.tw/static/52507-b7877082.chunk.css,.css,True,raw/ilearn.thu.edu.tw/static/52507-b7877082.chunk.css,200
raw/ilearn.thu.edu.tw/static/runtime~js/lms-main-d55bfefd.js,https://ilearn.thu.edu.tw/static/52507.583e35f3.js,.js,True,raw/ilearn.thu.edu.tw/static/52507.583e35f3.js,200
raw/ilearn.thu.edu.tw/static/runtime~js/lms-main-d55bfefd.js,https://ilearn.thu.edu.tw/static/52580-5ab45eee.chunk.css,.css,True,raw/ilearn.thu.edu.tw/static/52580-5ab45eee.chunk.css,200
raw/ilearn.thu.edu.tw/static/runtime~js/lms-main-d55bfefd.js,https://ilearn.thu.edu.tw/static/52580.bfff837c.js,.js,True,raw/ilearn.thu.edu.tw/static/52580.bfff837c.js,200
raw/ilearn.thu.edu.tw/static/runtime~js/lms-main-d55bfefd.js,https://ilearn.thu.edu.tw/static/52655.be43f9ac.js,.js,True,raw/ilearn.thu.edu.tw/static/52655.be43f9ac.js,200
raw/ilearn.thu.edu.tw/static/runtime~js/lms-main-d55bfefd.js,https://ilearn.thu.edu.tw/static/52701-d9206257.chunk.css,.css,True,raw/ilearn.thu.edu.tw/static/52701-d9206257.chunk.css,200
raw/ilearn.thu.edu.tw/static/runtime~js/lms-main-d55bfefd.js,https://ilearn.thu.edu.tw/static/52701.c51d7c92.js,.js,True,raw/ilearn.thu.edu.tw/static/52701.c51d7c92.js,200
raw/ilearn.thu.edu.tw/static/runtime~js/lms-main-d55bfefd.js,https://ilearn.thu.edu.tw/static/52738-df115efb.chunk.css,.css,True,raw/ilearn.thu.edu.tw/static/52738-df115efb.chunk.css,200
raw/ilearn.thu.edu.tw/static/runtime~js/lms-main-d55bfefd.js,https://ilearn.thu.edu.tw/static/52738.a09d146e.js,.js,True,raw/ilearn.thu.edu.tw/static/52738.a09d146e.js,200
raw/ilearn.thu.edu.tw/static/runtime~js/lms-main-d55bfefd.js,https://ilearn.thu.edu.tw/static/52751.70ce00c5.js,.js,True,raw/ilearn.thu.edu.tw/static/52751.70ce00c5.js,200
raw/ilearn.thu.edu.tw/static/runtime~js/lms-main-d55bfefd.js,https://ilearn.thu.edu.tw/static/53105.ebe47697.js,.js,True,raw/ilearn.thu.edu.tw/static/53105.ebe47697.js,200
raw/ilearn.thu.edu.tw/static/runtime~js/lms-main-d55bfefd.js,https://ilearn.thu.edu.tw/static/53118.9e442bef.js,.js,True,raw/ilearn.thu.edu.tw/static/53118.9e442bef.js,200
raw/ilearn.thu.edu.tw/static/runtime~js/lms-main-d55bfefd.js,https://ilearn.thu.edu.tw/static/53193.a73c57fa.js,.js,True,raw/ilearn.thu.edu.tw/static/53193.a73c57fa.js,200
raw/ilearn.thu.edu.tw/static/runtime~js/lms-main-d55bfefd.js,https://ilearn.thu.edu.tw/static/5324-3afdb00e.chunk.css,.css,True,raw/ilearn.thu.edu.tw/static/5324-3afdb00e.chunk.css,200
raw/ilearn.thu.edu.tw/static/runtime~js/lms-main-d55bfefd.js,https://ilearn.thu.edu.tw/static/5324.24c49169.js,.js,True,raw/ilearn.thu.edu.tw/static/5324.24c49169.js,200
raw/ilearn.thu.edu.tw/static/runtime~js/lms-main-d55bfefd.js,https://ilearn.thu.edu.tw/static/53352.cf45ec1b.js,.js,True,raw/ilearn.thu.edu.tw/static/53352.cf45ec1b.js,200
raw/ilearn.thu.edu.tw/static/runtime~js/lms-main-d55bfefd.js,https://ilearn.thu.edu.tw/static/53360-2302b21d.chunk.css,.css,True,raw/ilearn.thu.edu.tw/static/53360-2302b21d.chunk.css,200
raw/ilearn.thu.edu.tw/static/runtime~js/lms-main-d55bfefd.js,https://ilearn.thu.edu.tw/static/53360.c4eb14f8.js,.js,True,raw/ilearn.thu.edu.tw/static/53360.c4eb14f8.js,200
raw/ilearn.thu.edu.tw/static/runtime~js/lms-main-d55bfefd.js,https://ilearn.thu.edu.tw/static/53517-ee6ba8df.chunk.css,.css,True,raw/ilearn.thu.edu.tw/static/53517-ee6ba8df.chunk.css,200
raw/ilearn.thu.edu.tw/static/runtime~js/lms-main-d55bfefd.js,https://ilearn.thu.edu.tw/static/53517.939eb523.js,.js,True,raw/ilearn.thu.edu.tw/static/53517.939eb523.js,200
raw/ilearn.thu.edu.tw/static/runtime~js/lms-main-d55bfefd.js,https://ilearn.thu.edu.tw/static/53701.67275a68.js,.js,True,raw/ilearn.thu.edu.tw/static/53701.67275a68.js,200
raw/ilearn.thu.edu.tw/static/runtime~js/lms-main-d55bfefd.js,https://ilearn.thu.edu.tw/static/53726.ad1e1769.js,.js,True,raw/ilearn.thu.edu.tw/static/53726.ad1e1769.js,200
raw/ilearn.thu.edu.tw/static/runtime~js/lms-main-d55bfefd.js,https://ilearn.thu.edu.tw/static/53744.b15db598.js,.js,True,raw/ilearn.thu.edu.tw/static/53744.b15db598.js,200
raw/ilearn.thu.edu.tw/static/runtime~js/lms-main-d55bfefd.js,https://ilearn.thu.edu.tw/static/53787.f789eea3.js,.js,True,raw/ilearn.thu.edu.tw/static/53787.f789eea3.js,200
raw/ilearn.thu.edu.tw/static/runtime~js/lms-main-d55bfefd.js,https://ilearn.thu.edu.tw/static/5380.198de5fe.js,.js,True,raw/ilearn.thu.edu.tw/static/5380.198de5fe.js,200
raw/ilearn.thu.edu.tw/static/runtime~js/lms-main-d55bfefd.js,https://ilearn.thu.edu.tw/static/54032.7674116c.js,.js,True,raw/ilearn.thu.edu.tw/static/54032.7674116c.js,200
raw/ilearn.thu.edu.tw/static/runtime~js/lms-main-d55bfefd.js,https://ilearn.thu.edu.tw/static/54345.354d5629.js,.js,True,raw/ilearn.thu.edu.tw/static/54345.354d5629.js,200
raw/ilearn.thu.edu.tw/static/runtime~js/lms-main-d55bfefd.js,https://ilearn.thu.edu.tw/static/54501.8d428f86.js,.js,True,raw/ilearn.thu.edu.tw/static/54501.8d428f86.js,200
raw/ilearn.thu.edu.tw/static/runtime~js/lms-main-d55bfefd.js,https://ilearn.thu.edu.tw/static/55200.e380810d.js,.js,True,raw/ilearn.thu.edu.tw/static/55200.e380810d.js,200
raw/ilearn.thu.edu.tw/static/runtime~js/lms-main-d55bfefd.js,https://ilearn.thu.edu.tw/static/55224.939853c3.js,.js,True,raw/ilearn.thu.edu.tw/static/55224.939853c3.js,200
raw/ilearn.thu.edu.tw/static/runtime~js/lms-main-d55bfefd.js,https://ilearn.thu.edu.tw/static/55269-55b3198d.chunk.css,.css,True,raw/ilearn.thu.edu.tw/static/55269-55b3198d.chunk.css,200
raw/ilearn.thu.edu.tw/static/runtime~js/lms-main-d55bfefd.js,https://ilearn.thu.edu.tw/static/55269.751db329.js,.js,True,raw/ilearn.thu.edu.tw/static/55269.751db329.js,200
raw/ilearn.thu.edu.tw/static/runtime~js/lms-main-d55bfefd.js,https://ilearn.thu.edu.tw/static/55430.e7db0da9.js,.js,True,raw/ilearn.thu.edu.tw/static/55430.e7db0da9.js,200
raw/ilearn.thu.edu.tw/static/runtime~js/lms-main-d55bfefd.js,https://ilearn.thu.edu.tw/static/5552.a05f048d.js,.js,True,raw/ilearn.thu.edu.tw/static/5552.a05f048d.js,200
raw/ilearn.thu.edu.tw/static/runtime~js/lms-main-d55bfefd.js,https://ilearn.thu.edu.tw/static/5587.35565f0b.js,.js,True,raw/ilearn.thu.edu.tw/static/5587.35565f0b.js,200
raw/ilearn.thu.edu.tw/static/runtime~js/lms-main-d55bfefd.js,https://ilearn.thu.edu.tw/static/55883-5cbf025a.chunk.css,.css,True,raw/ilearn.thu.edu.tw/static/55883-5cbf025a.chunk.css,200
raw/ilearn.thu.edu.tw/static/runtime~js/lms-main-d55bfefd.js,https://ilearn.thu.edu.tw/static/55883.4fb44abe.js,.js,True,raw/ilearn.thu.edu.tw/static/55883.4fb44abe.js,200
raw/ilearn.thu.edu.tw/static/runtime~js/lms-main-d55bfefd.js,https://ilearn.thu.edu.tw/static/56097.6e052f70.js,.js,True,raw/ilearn.thu.edu.tw/static/56097.6e052f70.js,200
raw/ilearn.thu.edu.tw/static/runtime~js/lms-main-d55bfefd.js,https://ilearn.thu.edu.tw/static/56238-e6d14d32.chunk.css,.css,True,raw/ilearn.thu.edu.tw/static/56238-e6d14d32.chunk.css,200
raw/ilearn.thu.edu.tw/static/runtime~js/lms-main-d55bfefd.js,https://ilearn.thu.edu.tw/static/56238.f31939a7.js,.js,True,raw/ilearn.thu.edu.tw/static/56238.f31939a7.js,200
raw/ilearn.thu.edu.tw/static/runtime~js/lms-main-d55bfefd.js,https://ilearn.thu.edu.tw/static/56342.a7791db6.js,.js,True,raw/ilearn.thu.edu.tw/static/56342.a7791db6.js,200
raw/ilearn.thu.edu.tw/static/runtime~js/lms-main-d55bfefd.js,https://ilearn.thu.edu.tw/static/56473.a646da96.js,.js,True,raw/ilearn.thu.edu.tw/static/56473.a646da96.js,200
raw/ilearn.thu.edu.tw/static/runtime~js/lms-main-d55bfefd.js,https://ilearn.thu.edu.tw/static/56488.5dafa7c7.js,.js,True,raw/ilearn.thu.edu.tw/static/56488.5dafa7c7.js,200
raw/ilearn.thu.edu.tw/static/runtime~js/lms-main-d55bfefd.js,https://ilearn.thu.edu.tw/static/56557.a1d013f3.js,.js,True,raw/ilearn.thu.edu.tw/static/56557.a1d013f3.js,200
raw/ilearn.thu.edu.tw/static/runtime~js/lms-main-d55bfefd.js,https://ilearn.thu.edu.tw/static/56586-ee6d4aaf.chunk.css,.css,True,raw/ilearn.thu.edu.tw/static/56586-ee6d4aaf.chunk.css,200
raw/ilearn.thu.edu.tw/static/runtime~js/lms-main-d55bfefd.js,https://ilearn.thu.edu.tw/static/56586.a238b339.js,.js,True,raw/ilearn.thu.edu.tw/static/56586.a238b339.js,200
raw/ilearn.thu.edu.tw/static/runtime~js/lms-main-d55bfefd.js,https://ilearn.thu.edu.tw/static/56690.f382cd2d.js,.js,True,raw/ilearn.thu.edu.tw/static/56690.f382cd2d.js,200
raw/ilearn.thu.edu.tw/static/runtime~js/lms-main-d55bfefd.js,https://ilearn.thu.edu.tw/static/56713.bccc0b10.js,.js,True,raw/ilearn.thu.edu.tw/static/56713.bccc0b10.js,200
raw/ilearn.thu.edu.tw/static/runtime~js/lms-main-d55bfefd.js,https://ilearn.thu.edu.tw/static/56821.10ffdb15.js,.js,True,raw/ilearn.thu.edu.tw/static/56821.10ffdb15.js,200
raw/ilearn.thu.edu.tw/static/runtime~js/lms-main-d55bfefd.js,https://ilearn.thu.edu.tw/static/56863.7dd32aa6.js,.js,True,raw/ilearn.thu.edu.tw/static/56863.7dd32aa6.js,200
raw/ilearn.thu.edu.tw/static/runtime~js/lms-main-d55bfefd.js,https://ilearn.thu.edu.tw/static/56998.6f4a56d4.js,.js,True,raw/ilearn.thu.edu.tw/static/56998.6f4a56d4.js,200
raw/ilearn.thu.edu.tw/static/runtime~js/lms-main-d55bfefd.js,https://ilearn.thu.edu.tw/static/57006.98dfde3c.js,.js,True,raw/ilearn.thu.edu.tw/static/57006.98dfde3c.js,200
raw/ilearn.thu.edu.tw/static/runtime~js/lms-main-d55bfefd.js,https://ilearn.thu.edu.tw/static/57105.8d4f2c6b.js,.js,True,raw/ilearn.thu.edu.tw/static/57105.8d4f2c6b.js,200
raw/ilearn.thu.edu.tw/static/runtime~js/lms-main-d55bfefd.js,https://ilearn.thu.edu.tw/static/57123.05c32fa9.js,.js,True,raw/ilearn.thu.edu.tw/static/57123.05c32fa9.js,200
raw/ilearn.thu.edu.tw/static/runtime~js/lms-main-d55bfefd.js,https://ilearn.thu.edu.tw/static/57143.4e035d36.js,.js,True,raw/ilearn.thu.edu.tw/static/57143.4e035d36.js,200
raw/ilearn.thu.edu.tw/static/runtime~js/lms-main-d55bfefd.js,https://ilearn.thu.edu.tw/static/5727-eea9a5ad.chunk.css,.css,True,raw/ilearn.thu.edu.tw/static/5727-eea9a5ad.chunk.css,200
raw/ilearn.thu.edu.tw/static/runtime~js/lms-main-d55bfefd.js,https://ilearn.thu.edu.tw/static/5727.fe67c462.js,.js,True,raw/ilearn.thu.edu.tw/static/5727.fe67c462.js,200
raw/ilearn.thu.edu.tw/static/runtime~js/lms-main-d55bfefd.js,https://ilearn.thu.edu.tw/static/5747.0616b035.js,.js,True,raw/ilearn.thu.edu.tw/static/5747.0616b035.js,200
raw/ilearn.thu.edu.tw/static/runtime~js/lms-main-d55bfefd.js,https://ilearn.thu.edu.tw/static/57492-7f0270f4.chunk.css,.css,True,raw/ilearn.thu.edu.tw/static/57492-7f0270f4.chunk.css,200
raw/ilearn.thu.edu.tw/static/runtime~js/lms-main-d55bfefd.js,https://ilearn.thu.edu.tw/static/57492.7746cf06.js,.js,True,raw/ilearn.thu.edu.tw/static/57492.7746cf06.js,200
raw/ilearn.thu.edu.tw/static/runtime~js/lms-main-d55bfefd.js,https://ilearn.thu.edu.tw/static/577-fe65fcbb.chunk.css,.css,True,raw/ilearn.thu.edu.tw/static/577-fe65fcbb.chunk.css,200
raw/ilearn.thu.edu.tw/static/runtime~js/lms-main-d55bfefd.js,https://ilearn.thu.edu.tw/static/577.ebb262f3.js,.js,True,raw/ilearn.thu.edu.tw/static/577.ebb262f3.js,200
raw/ilearn.thu.edu.tw/static/runtime~js/lms-main-d55bfefd.js,https://ilearn.thu.edu.tw/static/57717.10d6c03a.js,.js,True,raw/ilearn.thu.edu.tw/static/57717.10d6c03a.js,200
raw/ilearn.thu.edu.tw/static/runtime~js/lms-main-d55bfefd.js,https://ilearn.thu.edu.tw/static/57719-ffadfbca.chunk.css,.css,True,raw/ilearn.thu.edu.tw/static/57719-ffadfbca.chunk.css,200
raw/ilearn.thu.edu.tw/static/runtime~js/lms-main-d55bfefd.js,https://ilearn.thu.edu.tw/static/57719.311a757c.js,.js,True,raw/ilearn.thu.edu.tw/static/57719.311a757c.js,200
raw/ilearn.thu.edu.tw/static/runtime~js/lms-main-d55bfefd.js,https://ilearn.thu.edu.tw/static/57829-7fda68c1.chunk.css,.css,True,raw/ilearn.thu.edu.tw/static/57829-7fda68c1.chunk.css,200
raw/ilearn.thu.edu.tw/static/runtime~js/lms-main-d55bfefd.js,https://ilearn.thu.edu.tw/static/57829.57c25bf0.js,.js,True,raw/ilearn.thu.edu.tw/static/57829.57c25bf0.js,200
raw/ilearn.thu.edu.tw/static/runtime~js/lms-main-d55bfefd.js,https://ilearn.thu.edu.tw/static/58058.12a2afe7.js,.js,True,raw/ilearn.thu.edu.tw/static/58058.12a2afe7.js,200
raw/ilearn.thu.edu.tw/static/runtime~js/lms-main-d55bfefd.js,https://ilearn.thu.edu.tw/static/58273-ee524950.chunk.css,.css,True,raw/ilearn.thu.edu.tw/static/58273-ee524950.chunk.css,200
raw/ilearn.thu.edu.tw/static/runtime~js/lms-main-d55bfefd.js,https://ilearn.thu.edu.tw/static/58273.e82db5f8.js,.js,True,raw/ilearn.thu.edu.tw/static/58273.e82db5f8.js,200
raw/ilearn.thu.edu.tw/static/runtime~js/lms-main-d55bfefd.js,https://ilearn.thu.edu.tw/static/58305.075ff37e.js,.js,True,raw/ilearn.thu.edu.tw/static/58305.075ff37e.js,200
raw/ilearn.thu.edu.tw/static/runtime~js/lms-main-d55bfefd.js,https://ilearn.thu.edu.tw/static/58315-efee6077.chunk.css,.css,True,raw/ilearn.thu.edu.tw/static/58315-efee6077.chunk.css,200
raw/ilearn.thu.edu.tw/static/runtime~js/lms-main-d55bfefd.js,https://ilearn.thu.edu.tw/static/58315.5206b873.js,.js,True,raw/ilearn.thu.edu.tw/static/58315.5206b873.js,200
raw/ilearn.thu.edu.tw/static/runtime~js/lms-main-d55bfefd.js,https://ilearn.thu.edu.tw/static/58354.7f76f53b.js,.js,True,raw/ilearn.thu.edu.tw/static/58354.7f76f53b.js,200
raw/ilearn.thu.edu.tw/static/runtime~js/lms-main-d55bfefd.js,https://ilearn.thu.edu.tw/static/58605.e8c4b20e.js,.js,True,raw/ilearn.thu.edu.tw/static/58605.e8c4b20e.js,200
raw/ilearn.thu.edu.tw/static/runtime~js/lms-main-d55bfefd.js,https://ilearn.thu.edu.tw/static/58675.da882e8a.js,.js,True,raw/ilearn.thu.edu.tw/static/58675.da882e8a.js,200
raw/ilearn.thu.edu.tw/static/runtime~js/lms-main-d55bfefd.js,https://ilearn.thu.edu.tw/static/58684-e3e80b5d.chunk.css,.css,True,raw/ilearn.thu.edu.tw/static/58684-e3e80b5d.chunk.css,200
raw/ilearn.thu.edu.tw/static/runtime~js/lms-main-d55bfefd.js,https://ilearn.thu.edu.tw/static/58684.6591aa99.js,.js,True,raw/ilearn.thu.edu.tw/static/58684.6591aa99.js,200
raw/ilearn.thu.edu.tw/static/runtime~js/lms-main-d55bfefd.js,https://ilearn.thu.edu.tw/static/58765.25ce6d88.js,.js,True,raw/ilearn.thu.edu.tw/static/58765.25ce6d88.js,200
raw/ilearn.thu.edu.tw/static/runtime~js/lms-main-d55bfefd.js,https://ilearn.thu.edu.tw/static/58791-8786fc4a.chunk.css,.css,True,raw/ilearn.thu.edu.tw/static/58791-8786fc4a.chunk.css,200
raw/ilearn.thu.edu.tw/static/runtime~js/lms-main-d55bfefd.js,https://ilearn.thu.edu.tw/static/58791.0d781150.js,.js,True,raw/ilearn.thu.edu.tw/static/58791.0d781150.js,200
raw/ilearn.thu.edu.tw/static/runtime~js/lms-main-d55bfefd.js,https://ilearn.thu.edu.tw/static/58870-3f72807e.chunk.css,.css,True,raw/ilearn.thu.edu.tw/static/58870-3f72807e.chunk.css,200
raw/ilearn.thu.edu.tw/static/runtime~js/lms-main-d55bfefd.js,https://ilearn.thu.edu.tw/static/58870.a1dc1e8d.js,.js,True,raw/ilearn.thu.edu.tw/static/58870.a1dc1e8d.js,200
raw/ilearn.thu.edu.tw/static/runtime~js/lms-main-d55bfefd.js,https://ilearn.thu.edu.tw/static/58960.1daf8fad.js,.js,True,raw/ilearn.thu.edu.tw/static/58960.1daf8fad.js,200
raw/ilearn.thu.edu.tw/static/runtime~js/lms-main-d55bfefd.js,https://ilearn.thu.edu.tw/static/58977.6c2f35bd.js,.js,True,raw/ilearn.thu.edu.tw/static/58977.6c2f35bd.js,200
raw/ilearn.thu.edu.tw/static/runtime~js/lms-main-d55bfefd.js,https://ilearn.thu.edu.tw/static/58986.b8ea3e0e.js,.js,True,raw/ilearn.thu.edu.tw/static/58986.b8ea3e0e.js,200
raw/ilearn.thu.edu.tw/static/runtime~js/lms-main-d55bfefd.js,https://ilearn.thu.edu.tw/static/59093.0c93f189.js,.js,True,raw/ilearn.thu.edu.tw/static/59093.0c93f189.js,200
raw/ilearn.thu.edu.tw/static/runtime~js/lms-main-d55bfefd.js,https://ilearn.thu.edu.tw/static/59127-e4158134.chunk.css,.css,True,raw/ilearn.thu.edu.tw/static/59127-e4158134.chunk.css,200
raw/ilearn.thu.edu.tw/static/runtime~js/lms-main-d55bfefd.js,https://ilearn.thu.edu.tw/static/59127.d25a97b1.js,.js,True,raw/ilearn.thu.edu.tw/static/59127.d25a97b1.js,200
raw/ilearn.thu.edu.tw/static/runtime~js/lms-main-d55bfefd.js,https://ilearn.thu.edu.tw/static/59241-2c6c4de7.chunk.css,.css,True,raw/ilearn.thu.edu.tw/static/59241-2c6c4de7.chunk.css,200
raw/ilearn.thu.edu.tw/static/runtime~js/lms-main-d55bfefd.js,https://ilearn.thu.edu.tw/static/59241.4f8fae2d.js,.js,True,raw/ilearn.thu.edu.tw/static/59241.4f8fae2d.js,200
raw/ilearn.thu.edu.tw/static/runtime~js/lms-main-d55bfefd.js,https://ilearn.thu.edu.tw/static/59246.3ab4838a.js,.js,True,raw/ilearn.thu.edu.tw/static/59246.3ab4838a.js,200
raw/ilearn.thu.edu.tw/static/runtime~js/lms-main-d55bfefd.js,https://ilearn.thu.edu.tw/static/59414.7893dd9b.js,.js,True,raw/ilearn.thu.edu.tw/static/59414.7893dd9b.js,200
raw/ilearn.thu.edu.tw/static/runtime~js/lms-main-d55bfefd.js,https://ilearn.thu.edu.tw/static/59576.7aadb53f.js,.js,True,raw/ilearn.thu.edu.tw/static/59576.7aadb53f.js,200
raw/ilearn.thu.edu.tw/static/runtime~js/lms-main-d55bfefd.js,https://ilearn.thu.edu.tw/static/59611-4fe84569.chunk.css,.css,True,raw/ilearn.thu.edu.tw/static/59611-4fe84569.chunk.css,200
raw/ilearn.thu.edu.tw/static/runtime~js/lms-main-d55bfefd.js,https://ilearn.thu.edu.tw/static/59611.26dbf0b9.js,.js,True,raw/ilearn.thu.edu.tw/static/59611.26dbf0b9.js,200
raw/ilearn.thu.edu.tw/static/runtime~js/lms-main-d55bfefd.js,https://ilearn.thu.edu.tw/static/59661-d1719dd8.chunk.css,.css,True,raw/ilearn.thu.edu.tw/static/59661-d1719dd8.chunk.css,200
raw/ilearn.thu.edu.tw/static/runtime~js/lms-main-d55bfefd.js,https://ilearn.thu.edu.tw/static/59661.91f42efe.js,.js,True,raw/ilearn.thu.edu.tw/static/59661.91f42efe.js,200
raw/ilearn.thu.edu.tw/static/runtime~js/lms-main-d55bfefd.js,https://ilearn.thu.edu.tw/static/59931.0b50618d.js,.js,True,raw/ilearn.thu.edu.tw/static/59931.0b50618d.js,200
raw/ilearn.thu.edu.tw/static/runtime~js/lms-main-d55bfefd.js,https://ilearn.thu.edu.tw/static/59988-09b8540a.js,.js,True,raw/ilearn.thu.edu.tw/static/59988-09b8540a.js,200
raw/ilearn.thu.edu.tw/static/runtime~js/lms-main-d55bfefd.js,https://ilearn.thu.edu.tw/static/60004-96de9cbd.chunk.css,.css,True,raw/ilearn.thu.edu.tw/static/60004-96de9cbd.chunk.css,200
raw/ilearn.thu.edu.tw/static/runtime~js/lms-main-d55bfefd.js,https://ilearn.thu.edu.tw/static/60004.a0b49431.js,.js,True,raw/ilearn.thu.edu.tw/static/60004.a0b49431.js,200
raw/ilearn.thu.edu.tw/static/runtime~js/lms-main-d55bfefd.js,https://ilearn.thu.edu.tw/static/60088.2732e1e3.js,.js,True,raw/ilearn.thu.edu.tw/static/60088.2732e1e3.js,200
raw/ilearn.thu.edu.tw/static/runtime~js/lms-main-d55bfefd.js,https://ilearn.thu.edu.tw/static/60532.47d6c4f9.js,.js,True,raw/ilearn.thu.edu.tw/static/60532.47d6c4f9.js,200
raw/ilearn.thu.edu.tw/static/runtime~js/lms-main-d55bfefd.js,https://ilearn.thu.edu.tw/static/60648.54941882.js,.js,True,raw/ilearn.thu.edu.tw/static/60648.54941882.js,200
raw/ilearn.thu.edu.tw/static/runtime~js/lms-main-d55bfefd.js,https://ilearn.thu.edu.tw/static/6066.db556320.js,.js,True,raw/ilearn.thu.edu.tw/static/6066.db556320.js,200
raw/ilearn.thu.edu.tw/static/runtime~js/lms-main-d55bfefd.js,https://ilearn.thu.edu.tw/static/60797-e6b2c218.chunk.css,.css,True,raw/ilearn.thu.edu.tw/static/60797-e6b2c218.chunk.css,200
raw/ilearn.thu.edu.tw/static/runtime~js/lms-main-d55bfefd.js,https://ilearn.thu.edu.tw/static/60797.036cfe1d.js,.js,True,raw/ilearn.thu.edu.tw/static/60797.036cfe1d.js,200
raw/ilearn.thu.edu.tw/static/runtime~js/lms-main-d55bfefd.js,https://ilearn.thu.edu.tw/static/60808.b6e6469e.js,.js,True,raw/ilearn.thu.edu.tw/static/60808.b6e6469e.js,200
raw/ilearn.thu.edu.tw/static/runtime~js/lms-main-d55bfefd.js,https://ilearn.thu.edu.tw/static/60868-9c24b52d.js,.js,True,raw/ilearn.thu.edu.tw/static/60868-9c24b52d.js,200
raw/ilearn.thu.edu.tw/static/runtime~js/lms-main-d55bfefd.js,https://ilearn.thu.edu.tw/static/61116.cffc9940.js,.js,True,raw/ilearn.thu.edu.tw/static/61116.cffc9940.js,200
raw/ilearn.thu.edu.tw/static/runtime~js/lms-main-d55bfefd.js,https://ilearn.thu.edu.tw/static/61141.27f30369.js,.js,True,raw/ilearn.thu.edu.tw/static/61141.27f30369.js,200
raw/ilearn.thu.edu.tw/static/runtime~js/lms-main-d55bfefd.js,https://ilearn.thu.edu.tw/static/61268.45d99379.js,.js,True,raw/ilearn.thu.edu.tw/static/61268.45d99379.js,200
raw/ilearn.thu.edu.tw/static/runtime~js/lms-main-d55bfefd.js,https://ilearn.thu.edu.tw/static/61362-6401467b.chunk.css,.css,True,raw/ilearn.thu.edu.tw/static/61362-6401467b.chunk.css,200
raw/ilearn.thu.edu.tw/static/runtime~js/lms-main-d55bfefd.js,https://ilearn.thu.edu.tw/static/61362.bfd86d99.js,.js,True,raw/ilearn.thu.edu.tw/static/61362.bfd86d99.js,200
raw/ilearn.thu.edu.tw/static/runtime~js/lms-main-d55bfefd.js,https://ilearn.thu.edu.tw/static/61508.ff3d35a7.js,.js,True,raw/ilearn.thu.edu.tw/static/61508.ff3d35a7.js,200
raw/ilearn.thu.edu.tw/static/runtime~js/lms-main-d55bfefd.js,https://ilearn.thu.edu.tw/static/61813-f9d62ef1.chunk.css,.css,True,raw/ilearn.thu.edu.tw/static/61813-f9d62ef1.chunk.css,200
raw/ilearn.thu.edu.tw/static/runtime~js/lms-main-d55bfefd.js,https://ilearn.thu.edu.tw/static/61813.953957a8.js,.js,True,raw/ilearn.thu.edu.tw/static/61813.953957a8.js,200
raw/ilearn.thu.edu.tw/static/runtime~js/lms-main-d55bfefd.js,https://ilearn.thu.edu.tw/static/61827.21c6f16e.js,.js,True,raw/ilearn.thu.edu.tw/static/61827.21c6f16e.js,200
raw/ilearn.thu.edu.tw/static/runtime~js/lms-main-d55bfefd.js,https://ilearn.thu.edu.tw/static/6194-2099889d.chunk.css,.css,True,raw/ilearn.thu.edu.tw/static/6194-2099889d.chunk.css,200
raw/ilearn.thu.edu.tw/static/runtime~js/lms-main-d55bfefd.js,https://ilearn.thu.edu.tw/static/6194.9278dbfd.js,.js,True,raw/ilearn.thu.edu.tw/static/6194.9278dbfd.js,200
raw/ilearn.thu.edu.tw/static/runtime~js/lms-main-d55bfefd.js,https://ilearn.thu.edu.tw/static/61977.30ecd202.js,.js,True,raw/ilearn.thu.edu.tw/static/61977.30ecd202.js,200
raw/ilearn.thu.edu.tw/static/runtime~js/lms-main-d55bfefd.js,https://ilearn.thu.edu.tw/static/62115.535dac38.js,.js,True,raw/ilearn.thu.edu.tw/static/62115.535dac38.js,200
raw/ilearn.thu.edu.tw/static/runtime~js/lms-main-d55bfefd.js,https://ilearn.thu.edu.tw/static/62208.be9a7e29.js,.js,True,raw/ilearn.thu.edu.tw/static/62208.be9a7e29.js,200
raw/ilearn.thu.edu.tw/static/runtime~js/lms-main-d55bfefd.js,https://ilearn.thu.edu.tw/static/62383.f956d0b8.js,.js,True,raw/ilearn.thu.edu.tw/static/62383.f956d0b8.js,200
raw/ilearn.thu.edu.tw/static/runtime~js/lms-main-d55bfefd.js,https://ilearn.thu.edu.tw/static/6240-25958ca2.chunk.css,.css,True,raw/ilearn.thu.edu.tw/static/6240-25958ca2.chunk.css,200
raw/ilearn.thu.edu.tw/static/runtime~js/lms-main-d55bfefd.js,https://ilearn.thu.edu.tw/static/6240.72c6e2a0.js,.js,True,raw/ilearn.thu.edu.tw/static/6240.72c6e2a0.js,200
raw/ilearn.thu.edu.tw/static/runtime~js/lms-main-d55bfefd.js,https://ilearn.thu.edu.tw/static/62431-eea2ade2.chunk.css,.css,True,raw/ilearn.thu.edu.tw/static/62431-eea2ade2.chunk.css,200
raw/ilearn.thu.edu.tw/static/runtime~js/lms-main-d55bfefd.js,https://ilearn.thu.edu.tw/static/62431.398c2bf4.js,.js,True,raw/ilearn.thu.edu.tw/static/62431.398c2bf4.js,200
raw/ilearn.thu.edu.tw/static/runtime~js/lms-main-d55bfefd.js,https://ilearn.thu.edu.tw/static/62481-17fb0552.css,.css,True,raw/ilearn.thu.edu.tw/static/62481-17fb0552.css,200
raw/ilearn.thu.edu.tw/static/runtime~js/lms-main-d55bfefd.js,https://ilearn.thu.edu.tw/static/6258.d663801d.js,.js,True,raw/ilearn.thu.edu.tw/static/6258.d663801d.js,200
raw/ilearn.thu.edu.tw/static/runtime~js/lms-main-d55bfefd.js,https://ilearn.thu.edu.tw/static/62691.5eda5538.js,.js,True,raw/ilearn.thu.edu.tw/static/62691.5eda5538.js,200
raw/ilearn.thu.edu.tw/static/runtime~js/lms-main-d55bfefd.js,https://ilearn.thu.edu.tw/static/62698-12c30edb.chunk.css,.css,True,raw/ilearn.thu.edu.tw/static/62698-12c30edb.chunk.css,200
raw/ilearn.thu.edu.tw/static/runtime~js/lms-main-d55bfefd.js,https://ilearn.thu.edu.tw/static/62698.d680d277.js,.js,True,raw/ilearn.thu.edu.tw/static/62698.d680d277.js,200
raw/ilearn.thu.edu.tw/static/runtime~js/lms-main-d55bfefd.js,https://ilearn.thu.edu.tw/static/62699.d8a837e2.js,.js,True,raw/ilearn.thu.edu.tw/static/62699.d8a837e2.js,200
raw/ilearn.thu.edu.tw/static/runtime~js/lms-main-d55bfefd.js,https://ilearn.thu.edu.tw/static/62964.d4f645ea.js,.js,True,raw/ilearn.thu.edu.tw/static/62964.d4f645ea.js,200
raw/ilearn.thu.edu.tw/static/runtime~js/lms-main-d55bfefd.js,https://ilearn.thu.edu.tw/static/63109.9d573414.js,.js,True,raw/ilearn.thu.edu.tw/static/63109.9d573414.js,200
raw/ilearn.thu.edu.tw/static/runtime~js/lms-main-d55bfefd.js,https://ilearn.thu.edu.tw/static/63256.3e10694e.js,.js,True,raw/ilearn.thu.edu.tw/static/63256.3e10694e.js,200
raw/ilearn.thu.edu.tw/static/runtime~js/lms-main-d55bfefd.js,https://ilearn.thu.edu.tw/static/63294.a7cff4a3.js,.js,True,raw/ilearn.thu.edu.tw/static/63294.a7cff4a3.js,200
raw/ilearn.thu.edu.tw/static/runtime~js/lms-main-d55bfefd.js,https://ilearn.thu.edu.tw/static/63328.1e42b11a.js,.js,True,raw/ilearn.thu.edu.tw/static/63328.1e42b11a.js,200
raw/ilearn.thu.edu.tw/static/runtime~js/lms-main-d55bfefd.js,https://ilearn.thu.edu.tw/static/63492.d3abe7f7.js,.js,True,raw/ilearn.thu.edu.tw/static/63492.d3abe7f7.js,200
raw/ilearn.thu.edu.tw/static/runtime~js/lms-main-d55bfefd.js,https://ilearn.thu.edu.tw/static/63534.15e051cd.js,.js,True,raw/ilearn.thu.edu.tw/static/63534.15e051cd.js,200
raw/ilearn.thu.edu.tw/static/runtime~js/lms-main-d55bfefd.js,https://ilearn.thu.edu.tw/static/63597-394f2191.chunk.css,.css,True,raw/ilearn.thu.edu.tw/static/63597-394f2191.chunk.css,200
raw/ilearn.thu.edu.tw/static/runtime~js/lms-main-d55bfefd.js,https://ilearn.thu.edu.tw/static/63597.86ed0d86.js,.js,True,raw/ilearn.thu.edu.tw/static/63597.86ed0d86.js,200
raw/ilearn.thu.edu.tw/static/runtime~js/lms-main-d55bfefd.js,https://ilearn.thu.edu.tw/static/63694.55639e9f.js,.js,True,raw/ilearn.thu.edu.tw/static/63694.55639e9f.js,200
raw/ilearn.thu.edu.tw/static/runtime~js/lms-main-d55bfefd.js,https://ilearn.thu.edu.tw/static/63756-b6ed5817.js,.js,True,raw/ilearn.thu.edu.tw/static/63756-b6ed5817.js,200
raw/ilearn.thu.edu.tw/static/runtime~js/lms-main-d55bfefd.js,https://ilearn.thu.edu.tw/static/63893.9f967263.js,.js,True,raw/ilearn.thu.edu.tw/static/63893.9f967263.js,200
raw/ilearn.thu.edu.tw/static/runtime~js/lms-main-d55bfefd.js,https://ilearn.thu.edu.tw/static/63918-d58e56c6.chunk.css,.css,True,raw/ilearn.thu.edu.tw/static/63918-d58e56c6.chunk.css,200
raw/ilearn.thu.edu.tw/static/runtime~js/lms-main-d55bfefd.js,https://ilearn.thu.edu.tw/static/63918.0915f565.js,.js,True,raw/ilearn.thu.edu.tw/static/63918.0915f565.js,200
raw/ilearn.thu.edu.tw/static/runtime~js/lms-main-d55bfefd.js,https://ilearn.thu.edu.tw/static/64060-4e455ced.chunk.css,.css,True,raw/ilearn.thu.edu.tw/static/64060-4e455ced.chunk.css,200
raw/ilearn.thu.edu.tw/static/runtime~js/lms-main-d55bfefd.js,https://ilearn.thu.edu.tw/static/64060.3772bf8f.js,.js,True,raw/ilearn.thu.edu.tw/static/64060.3772bf8f.js,200
raw/ilearn.thu.edu.tw/static/runtime~js/lms-main-d55bfefd.js,https://ilearn.thu.edu.tw/static/64096-dad4b95c.chunk.css,.css,True,raw/ilearn.thu.edu.tw/static/64096-dad4b95c.chunk.css,200
raw/ilearn.thu.edu.tw/static/runtime~js/lms-main-d55bfefd.js,https://ilearn.thu.edu.tw/static/64096.4ab88408.js,.js,True,raw/ilearn.thu.edu.tw/static/64096.4ab88408.js,200
raw/ilearn.thu.edu.tw/static/runtime~js/lms-main-d55bfefd.js,https://ilearn.thu.edu.tw/static/6411.88ba6ff3.js,.js,True,raw/ilearn.thu.edu.tw/static/6411.88ba6ff3.js,200
raw/ilearn.thu.edu.tw/static/runtime~js/lms-main-d55bfefd.js,https://ilearn.thu.edu.tw/static/64274.801be9be.js,.js,True,raw/ilearn.thu.edu.tw/static/64274.801be9be.js,200
raw/ilearn.thu.edu.tw/static/runtime~js/lms-main-d55bfefd.js,https://ilearn.thu.edu.tw/static/64288-e49c4b74.chunk.css,.css,True,raw/ilearn.thu.edu.tw/static/64288-e49c4b74.chunk.css,200
raw/ilearn.thu.edu.tw/static/runtime~js/lms-main-d55bfefd.js,https://ilearn.thu.edu.tw/static/64288.ea478172.js,.js,True,raw/ilearn.thu.edu.tw/static/64288.ea478172.js,200
raw/ilearn.thu.edu.tw/static/runtime~js/lms-main-d55bfefd.js,https://ilearn.thu.edu.tw/static/64422.c3faf34c.js,.js,True,raw/ilearn.thu.edu.tw/static/64422.c3faf34c.js,200
raw/ilearn.thu.edu.tw/static/runtime~js/lms-main-d55bfefd.js,https://ilearn.thu.edu.tw/static/64524-c1849d25.chunk.css,.css,True,raw/ilearn.thu.edu.tw/static/64524-c1849d25.chunk.css,200
raw/ilearn.thu.edu.tw/static/runtime~js/lms-main-d55bfefd.js,https://ilearn.thu.edu.tw/static/64524.998ab750.js,.js,True,raw/ilearn.thu.edu.tw/static/64524.998ab750.js,200
raw/ilearn.thu.edu.tw/static/runtime~js/lms-main-d55bfefd.js,https://ilearn.thu.edu.tw/static/64608.9531c22f.js,.js,True,raw/ilearn.thu.edu.tw/static/64608.9531c22f.js,200
raw/ilearn.thu.edu.tw/static/runtime~js/lms-main-d55bfefd.js,https://ilearn.thu.edu.tw/static/64611.ccf22dfb.js,.js,True,raw/ilearn.thu.edu.tw/static/64611.ccf22dfb.js,200
raw/ilearn.thu.edu.tw/static/runtime~js/lms-main-d55bfefd.js,https://ilearn.thu.edu.tw/static/64727-efff0e33.chunk.css,.css,True,raw/ilearn.thu.edu.tw/static/64727-efff0e33.chunk.css,200
raw/ilearn.thu.edu.tw/static/runtime~js/lms-main-d55bfefd.js,https://ilearn.thu.edu.tw/static/64727.dfb7503c.js,.js,True,raw/ilearn.thu.edu.tw/static/64727.dfb7503c.js,200
raw/ilearn.thu.edu.tw/static/runtime~js/lms-main-d55bfefd.js,https://ilearn.thu.edu.tw/static/64911-bfa95e02.chunk.css,.css,True,raw/ilearn.thu.edu.tw/static/64911-bfa95e02.chunk.css,200
raw/ilearn.thu.edu.tw/static/runtime~js/lms-main-d55bfefd.js,https://ilearn.thu.edu.tw/static/64911.f8406418.js,.js,True,raw/ilearn.thu.edu.tw/static/64911.f8406418.js,200
raw/ilearn.thu.edu.tw/static/runtime~js/lms-main-d55bfefd.js,https://ilearn.thu.edu.tw/static/64918.24ecb27b.js,.js,True,raw/ilearn.thu.edu.tw/static/64918.24ecb27b.js,200
raw/ilearn.thu.edu.tw/static/runtime~js/lms-main-d55bfefd.js,https://ilearn.thu.edu.tw/static/651.c5c890af.js,.js,True,raw/ilearn.thu.edu.tw/static/651.c5c890af.js,200
raw/ilearn.thu.edu.tw/static/runtime~js/lms-main-d55bfefd.js,https://ilearn.thu.edu.tw/static/65174.dce3e42d.js,.js,True,raw/ilearn.thu.edu.tw/static/65174.dce3e42d.js,200
raw/ilearn.thu.edu.tw/static/runtime~js/lms-main-d55bfefd.js,https://ilearn.thu.edu.tw/static/6610-4ac05e13.chunk.css,.css,True,raw/ilearn.thu.edu.tw/static/6610-4ac05e13.chunk.css,200
raw/ilearn.thu.edu.tw/static/runtime~js/lms-main-d55bfefd.js,https://ilearn.thu.edu.tw/static/6610.7655c044.js,.js,True,raw/ilearn.thu.edu.tw/static/6610.7655c044.js,200
raw/ilearn.thu.edu.tw/static/runtime~js/lms-main-d55bfefd.js,https://ilearn.thu.edu.tw/static/66278-ce5b93dc.chunk.css,.css,True,raw/ilearn.thu.edu.tw/static/66278-ce5b93dc.chunk.css,200
raw/ilearn.thu.edu.tw/static/runtime~js/lms-main-d55bfefd.js,https://ilearn.thu.edu.tw/static/66278.7b246336.js,.js,True,raw/ilearn.thu.edu.tw/static/66278.7b246336.js,200
raw/ilearn.thu.edu.tw/static/runtime~js/lms-main-d55bfefd.js,https://ilearn.thu.edu.tw/static/66286.f8a7aa7c.js,.js,True,raw/ilearn.thu.edu.tw/static/66286.f8a7aa7c.js,200
raw/ilearn.thu.edu.tw/static/runtime~js/lms-main-d55bfefd.js,https://ilearn.thu.edu.tw/static/66297-eb6ef182.chunk.css,.css,True,raw/ilearn.thu.edu.tw/static/66297-eb6ef182.chunk.css,200
raw/ilearn.thu.edu.tw/static/runtime~js/lms-main-d55bfefd.js,https://ilearn.thu.edu.tw/static/66297.9aa2f6d5.js,.js,True,raw/ilearn.thu.edu.tw/static/66297.9aa2f6d5.js,200
raw/ilearn.thu.edu.tw/static/runtime~js/lms-main-d55bfefd.js,https://ilearn.thu.edu.tw/static/66340.b22fd651.js,.js,True,raw/ilearn.thu.edu.tw/static/66340.b22fd651.js,200
raw/ilearn.thu.edu.tw/static/runtime~js/lms-main-d55bfefd.js,https://ilearn.thu.edu.tw/static/66491-75fbe9d2.js,.js,True,raw/ilearn.thu.edu.tw/static/66491-75fbe9d2.js,200
raw/ilearn.thu.edu.tw/static/runtime~js/lms-main-d55bfefd.js,https://ilearn.thu.edu.tw/static/66498.ce4f1ab9.js,.js,True,raw/ilearn.thu.edu.tw/static/66498.ce4f1ab9.js,200
raw/ilearn.thu.edu.tw/static/runtime~js/lms-main-d55bfefd.js,https://ilearn.thu.edu.tw/static/66543.3ea1411c.js,.js,True,raw/ilearn.thu.edu.tw/static/66543.3ea1411c.js,200
raw/ilearn.thu.edu.tw/static/runtime~js/lms-main-d55bfefd.js,https://ilearn.thu.edu.tw/static/66563.ae6e7541.js,.js,True,raw/ilearn.thu.edu.tw/static/66563.ae6e7541.js,200
raw/ilearn.thu.edu.tw/static/runtime~js/lms-main-d55bfefd.js,https://ilearn.thu.edu.tw/static/6670.d8c7a443.js,.js,True,raw/ilearn.thu.edu.tw/static/6670.d8c7a443.js,200
raw/ilearn.thu.edu.tw/static/runtime~js/lms-main-d55bfefd.js,https://ilearn.thu.edu.tw/static/66818.a7791db6.js,.js,True,raw/ilearn.thu.edu.tw/static/66818.a7791db6.js,200
raw/ilearn.thu.edu.tw/static/runtime~js/lms-main-d55bfefd.js,https://ilearn.thu.edu.tw/static/66824.03546cd1.js,.js,True,raw/ilearn.thu.edu.tw/static/66824.03546cd1.js,200
raw/ilearn.thu.edu.tw/static/runtime~js/lms-main-d55bfefd.js,https://ilearn.thu.edu.tw/static/66832.e9aa9685.js,.js,True,raw/ilearn.thu.edu.tw/static/66832.e9aa9685.js,200
raw/ilearn.thu.edu.tw/static/runtime~js/lms-main-d55bfefd.js,https://ilearn.thu.edu.tw/static/6696.3bfff1df.js,.js,True,raw/ilearn.thu.edu.tw/static/6696.3bfff1df.js,200
raw/ilearn.thu.edu.tw/static/runtime~js/lms-main-d55bfefd.js,https://ilearn.thu.edu.tw/static/67133.08e1a687.js,.js,True,raw/ilearn.thu.edu.tw/static/67133.08e1a687.js,200
raw/ilearn.thu.edu.tw/static/runtime~js/lms-main-d55bfefd.js,https://ilearn.thu.edu.tw/static/67206.a13276c1.js,.js,True,raw/ilearn.thu.edu.tw/static/67206.a13276c1.js,200
raw/ilearn.thu.edu.tw/static/runtime~js/lms-main-d55bfefd.js,https://ilearn.thu.edu.tw/static/67356-886382b1.chunk.css,.css,True,raw/ilearn.thu.edu.tw/static/67356-886382b1.chunk.css,200
raw/ilearn.thu.edu.tw/static/runtime~js/lms-main-d55bfefd.js,https://ilearn.thu.edu.tw/static/67356.e8082ef9.js,.js,True,raw/ilearn.thu.edu.tw/static/67356.e8082ef9.js,200
raw/ilearn.thu.edu.tw/static/runtime~js/lms-main-d55bfefd.js,https://ilearn.thu.edu.tw/static/67409-e449dddc.chunk.css,.css,True,raw/ilearn.thu.edu.tw/static/67409-e449dddc.chunk.css,200
raw/ilearn.thu.edu.tw/static/runtime~js/lms-main-d55bfefd.js,https://ilearn.thu.edu.tw/static/67409.a640391a.js,.js,True,raw/ilearn.thu.edu.tw/static/67409.a640391a.js,200
raw/ilearn.thu.edu.tw/static/runtime~js/lms-main-d55bfefd.js,https://ilearn.thu.edu.tw/static/68245-886382b1.chunk.css,.css,True,raw/ilearn.thu.edu.tw/static/68245-886382b1.chunk.css,200
raw/ilearn.thu.edu.tw/static/runtime~js/lms-main-d55bfefd.js,https://ilearn.thu.edu.tw/static/68245.1304549e.js,.js,True,raw/ilearn.thu.edu.tw/static/68245.1304549e.js,200
raw/ilearn.thu.edu.tw/static/runtime~js/lms-main-d55bfefd.js,https://ilearn.thu.edu.tw/static/68502-1cdd417a.chunk.css,.css,True,raw/ilearn.thu.edu.tw/static/68502-1cdd417a.chunk.css,200
raw/ilearn.thu.edu.tw/static/runtime~js/lms-main-d55bfefd.js,https://ilearn.thu.edu.tw/static/68502.5795455a.js,.js,True,raw/ilearn.thu.edu.tw/static/68502.5795455a.js,200
raw/ilearn.thu.edu.tw/static/runtime~js/lms-main-d55bfefd.js,https://ilearn.thu.edu.tw/static/68610.a1465cdd.js,.js,True,raw/ilearn.thu.edu.tw/static/68610.a1465cdd.js,200
raw/ilearn.thu.edu.tw/static/runtime~js/lms-main-d55bfefd.js,https://ilearn.thu.edu.tw/static/68805.a47db79c.js,.js,True,raw/ilearn.thu.edu.tw/static/68805.a47db79c.js,200
raw/ilearn.thu.edu.tw/static/runtime~js/lms-main-d55bfefd.js,https://ilearn.thu.edu.tw/static/68932.dcb81e7e.js,.js,True,raw/ilearn.thu.edu.tw/static/68932.dcb81e7e.js,200
raw/ilearn.thu.edu.tw/static/runtime~js/lms-main-d55bfefd.js,https://ilearn.thu.edu.tw/static/69119-8ff8637a.chunk.css,.css,True,raw/ilearn.thu.edu.tw/static/69119-8ff8637a.chunk.css,200
raw/ilearn.thu.edu.tw/static/runtime~js/lms-main-d55bfefd.js,https://ilearn.thu.edu.tw/static/69119.3d53b5e8.js,.js,True,raw/ilearn.thu.edu.tw/static/69119.3d53b5e8.js,200
raw/ilearn.thu.edu.tw/static/runtime~js/lms-main-d55bfefd.js,https://ilearn.thu.edu.tw/static/69310-5bfb4315.chunk.css,.css,True,raw/ilearn.thu.edu.tw/static/69310-5bfb4315.chunk.css,200
raw/ilearn.thu.edu.tw/static/runtime~js/lms-main-d55bfefd.js,https://ilearn.thu.edu.tw/static/69310.c3bfcfbc.js,.js,True,raw/ilearn.thu.edu.tw/static/69310.c3bfcfbc.js,200
raw/ilearn.thu.edu.tw/static/runtime~js/lms-main-d55bfefd.js,https://ilearn.thu.edu.tw/static/69385-ee055694.chunk.css,.css,True,raw/ilearn.thu.edu.tw/static/69385-ee055694.chunk.css,200
raw/ilearn.thu.edu.tw/static/runtime~js/lms-main-d55bfefd.js,https://ilearn.thu.edu.tw/static/69385.e9b89c36.js,.js,True,raw/ilearn.thu.edu.tw/static/69385.e9b89c36.js,200
raw/ilearn.thu.edu.tw/static/runtime~js/lms-main-d55bfefd.js,https://ilearn.thu.edu.tw/static/69410.09c7ddd2.js,.js,True,raw/ilearn.thu.edu.tw/static/69410.09c7ddd2.js,200
raw/ilearn.thu.edu.tw/static/runtime~js/lms-main-d55bfefd.js,https://ilearn.thu.edu.tw/static/69491.39eb865f.js,.js,True,raw/ilearn.thu.edu.tw/static/69491.39eb865f.js,200
raw/ilearn.thu.edu.tw/static/runtime~js/lms-main-d55bfefd.js,https://ilearn.thu.edu.tw/static/69624.cf0f0c03.js,.js,True,raw/ilearn.thu.edu.tw/static/69624.cf0f0c03.js,200
raw/ilearn.thu.edu.tw/static/runtime~js/lms-main-d55bfefd.js,https://ilearn.thu.edu.tw/static/69818-74de9a75.chunk.css,.css,True,raw/ilearn.thu.edu.tw/static/69818-74de9a75.chunk.css,200
raw/ilearn.thu.edu.tw/static/runtime~js/lms-main-d55bfefd.js,https://ilearn.thu.edu.tw/static/69818.d9060642.js,.js,True,raw/ilearn.thu.edu.tw/static/69818.d9060642.js,200
raw/ilearn.thu.edu.tw/static/runtime~js/lms-main-d55bfefd.js,https://ilearn.thu.edu.tw/static/69895.09b1942e.js,.js,True,raw/ilearn.thu.edu.tw/static/69895.09b1942e.js,200
raw/ilearn.thu.edu.tw/static/runtime~js/lms-main-d55bfefd.js,https://ilearn.thu.edu.tw/static/69931.fc821509.js,.js,True,raw/ilearn.thu.edu.tw/static/69931.fc821509.js,200
raw/ilearn.thu.edu.tw/static/runtime~js/lms-main-d55bfefd.js,https://ilearn.thu.edu.tw/static/69942.24c3a1ff.js,.js,True,raw/ilearn.thu.edu.tw/static/69942.24c3a1ff.js,200
raw/ilearn.thu.edu.tw/static/runtime~js/lms-main-d55bfefd.js,https://ilearn.thu.edu.tw/static/70397-3a79603d.chunk.css,.css,True,raw/ilearn.thu.edu.tw/static/70397-3a79603d.chunk.css,200
raw/ilearn.thu.edu.tw/static/runtime~js/lms-main-d55bfefd.js,https://ilearn.thu.edu.tw/static/70397.11a0efa6.js,.js,True,raw/ilearn.thu.edu.tw/static/70397.11a0efa6.js,200
raw/ilearn.thu.edu.tw/static/runtime~js/lms-main-d55bfefd.js,https://ilearn.thu.edu.tw/static/70413.570cff7b.js,.js,True,raw/ilearn.thu.edu.tw/static/70413.570cff7b.js,200
raw/ilearn.thu.edu.tw/static/runtime~js/lms-main-d55bfefd.js,https://ilearn.thu.edu.tw/static/70536.a9427994.js,.js,True,raw/ilearn.thu.edu.tw/static/70536.a9427994.js,200
raw/ilearn.thu.edu.tw/static/runtime~js/lms-main-d55bfefd.js,https://ilearn.thu.edu.tw/static/70650-b5e8d981.js,.js,True,raw/ilearn.thu.edu.tw/static/70650-b5e8d981.js,200
raw/ilearn.thu.edu.tw/static/runtime~js/lms-main-d55bfefd.js,https://ilearn.thu.edu.tw/static/70818-11026d4b.chunk.css,.css,True,raw/ilearn.thu.edu.tw/static/70818-11026d4b.chunk.css,200
raw/ilearn.thu.edu.tw/static/runtime~js/lms-main-d55bfefd.js,https://ilearn.thu.edu.tw/static/70818.aa217ae8.js,.js,True,raw/ilearn.thu.edu.tw/static/70818.aa217ae8.js,200
raw/ilearn.thu.edu.tw/static/runtime~js/lms-main-d55bfefd.js,https://ilearn.thu.edu.tw/static/71196.5077b7df.js,.js,True,raw/ilearn.thu.edu.tw/static/71196.5077b7df.js,200
raw/ilearn.thu.edu.tw/static/runtime~js/lms-main-d55bfefd.js,https://ilearn.thu.edu.tw/static/71218.801909bf.js,.js,True,raw/ilearn.thu.edu.tw/static/71218.801909bf.js,200
raw/ilearn.thu.edu.tw/static/runtime~js/lms-main-d55bfefd.js,https://ilearn.thu.edu.tw/static/71296-a946de96.chunk.css,.css,True,raw/ilearn.thu.edu.tw/static/71296-a946de96.chunk.css,200
raw/ilearn.thu.edu.tw/static/runtime~js/lms-main-d55bfefd.js,https://ilearn.thu.edu.tw/static/71296.d5cd8d3e.js,.js,True,raw/ilearn.thu.edu.tw/static/71296.d5cd8d3e.js,200
raw/ilearn.thu.edu.tw/static/runtime~js/lms-main-d55bfefd.js,https://ilearn.thu.edu.tw/static/71307.f18bb4c2.js,.js,True,raw/ilearn.thu.edu.tw/static/71307.f18bb4c2.js,200
raw/ilearn.thu.edu.tw/static/runtime~js/lms-main-d55bfefd.js,https://ilearn.thu.edu.tw/static/7145.f956d0b8.js,.js,True,raw/ilearn.thu.edu.tw/static/7145.f956d0b8.js,200
raw/ilearn.thu.edu.tw/static/runtime~js/lms-main-d55bfefd.js,https://ilearn.thu.edu.tw/static/71492.b1878ad3.js,.js,True,raw/ilearn.thu.edu.tw/static/71492.b1878ad3.js,200
raw/ilearn.thu.edu.tw/static/runtime~js/lms-main-d55bfefd.js,https://ilearn.thu.edu.tw/static/71801.117745a3.js,.js,True,raw/ilearn.thu.edu.tw/static/71801.117745a3.js,200
raw/ilearn.thu.edu.tw/static/runtime~js/lms-main-d55bfefd.js,https://ilearn.thu.edu.tw/static/71852.f013338f.js,.js,True,raw/ilearn.thu.edu.tw/static/71852.f013338f.js,200
raw/ilearn.thu.edu.tw/static/runtime~js/lms-main-d55bfefd.js,https://ilearn.thu.edu.tw/static/71999-e66f2ab9.chunk.css,.css,True,raw/ilearn.thu.edu.tw/static/71999-e66f2ab9.chunk.css,200
raw/ilearn.thu.edu.tw/static/runtime~js/lms-main-d55bfefd.js,https://ilearn.thu.edu.tw/static/71999.889e7289.js,.js,True,raw/ilearn.thu.edu.tw/static/71999.889e7289.js,200
raw/ilearn.thu.edu.tw/static/runtime~js/lms-main-d55bfefd.js,https://ilearn.thu.edu.tw/static/72088.556a45f3.js,.js,True,raw/ilearn.thu.edu.tw/static/72088.556a45f3.js,200
raw/ilearn.thu.edu.tw/static/runtime~js/lms-main-d55bfefd.js,https://ilearn.thu.edu.tw/static/72203.0823b722.js,.js,True,raw/ilearn.thu.edu.tw/static/72203.0823b722.js,200
raw/ilearn.thu.edu.tw/static/runtime~js/lms-main-d55bfefd.js,https://ilearn.thu.edu.tw/static/72317.6146d22a.js,.js,True,raw/ilearn.thu.edu.tw/static/72317.6146d22a.js,200
raw/ilearn.thu.edu.tw/static/runtime~js/lms-main-d55bfefd.js,https://ilearn.thu.edu.tw/static/72366.cf741b4a.js,.js,True,raw/ilearn.thu.edu.tw/static/72366.cf741b4a.js,200
raw/ilearn.thu.edu.tw/static/runtime~js/lms-main-d55bfefd.js,https://ilearn.thu.edu.tw/static/72525.f719bf4f.js,.js,True,raw/ilearn.thu.edu.tw/static/72525.f719bf4f.js,200
raw/ilearn.thu.edu.tw/static/runtime~js/lms-main-d55bfefd.js,https://ilearn.thu.edu.tw/static/72581.a741bb8b.js,.js,True,raw/ilearn.thu.edu.tw/static/72581.a741bb8b.js,200
raw/ilearn.thu.edu.tw/static/runtime~js/lms-main-d55bfefd.js,https://ilearn.thu.edu.tw/static/72592.28fdf93c.js,.js,True,raw/ilearn.thu.edu.tw/static/72592.28fdf93c.js,200
raw/ilearn.thu.edu.tw/static/runtime~js/lms-main-d55bfefd.js,https://ilearn.thu.edu.tw/static/72698-c289ae89.chunk.css,.css,True,raw/ilearn.thu.edu.tw/static/72698-c289ae89.chunk.css,200
raw/ilearn.thu.edu.tw/static/runtime~js/lms-main-d55bfefd.js,https://ilearn.thu.edu.tw/static/72698.25719124.js,.js,True,raw/ilearn.thu.edu.tw/static/72698.25719124.js,200
raw/ilearn.thu.edu.tw/static/runtime~js/lms-main-d55bfefd.js,https://ilearn.thu.edu.tw/static/72784.c98de2e9.js,.js,True,raw/ilearn.thu.edu.tw/static/72784.c98de2e9.js,200
raw/ilearn.thu.edu.tw/static/runtime~js/lms-main-d55bfefd.js,https://ilearn.thu.edu.tw/static/72914-5c9523da.css,.css,True,raw/ilearn.thu.edu.tw/static/72914-5c9523da.css,200
raw/ilearn.thu.edu.tw/static/runtime~js/lms-main-d55bfefd.js,https://ilearn.thu.edu.tw/static/73096.41e0a073.js,.js,True,raw/ilearn.thu.edu.tw/static/73096.41e0a073.js,200
raw/ilearn.thu.edu.tw/static/runtime~js/lms-main-d55bfefd.js,https://ilearn.thu.edu.tw/static/73226.e0f58569.js,.js,True,raw/ilearn.thu.edu.tw/static/73226.e0f58569.js,200
raw/ilearn.thu.edu.tw/static/runtime~js/lms-main-d55bfefd.js,https://ilearn.thu.edu.tw/static/73391.4d36f82b.js,.js,True,raw/ilearn.thu.edu.tw/static/73391.4d36f82b.js,200
raw/ilearn.thu.edu.tw/static/runtime~js/lms-main-d55bfefd.js,https://ilearn.thu.edu.tw/static/73419.26b2eb87.js,.js,True,raw/ilearn.thu.edu.tw/static/73419.26b2eb87.js,200
raw/ilearn.thu.edu.tw/static/runtime~js/lms-main-d55bfefd.js,https://ilearn.thu.edu.tw/static/73644.1ab1287a.js,.js,True,raw/ilearn.thu.edu.tw/static/73644.1ab1287a.js,200
raw/ilearn.thu.edu.tw/static/runtime~js/lms-main-d55bfefd.js,https://ilearn.thu.edu.tw/static/73679.df4f3b27.js,.js,True,raw/ilearn.thu.edu.tw/static/73679.df4f3b27.js,200
raw/ilearn.thu.edu.tw/static/runtime~js/lms-main-d55bfefd.js,https://ilearn.thu.edu.tw/static/74211.308e4e7a.js,.js,True,raw/ilearn.thu.edu.tw/static/74211.308e4e7a.js,200
raw/ilearn.thu.edu.tw/static/runtime~js/lms-main-d55bfefd.js,https://ilearn.thu.edu.tw/static/74300.8f215a9f.js,.js,True,raw/ilearn.thu.edu.tw/static/74300.8f215a9f.js,200
raw/ilearn.thu.edu.tw/static/runtime~js/lms-main-d55bfefd.js,https://ilearn.thu.edu.tw/static/74302.a9e02d94.js,.js,True,raw/ilearn.thu.edu.tw/static/74302.a9e02d94.js,200
raw/ilearn.thu.edu.tw/static/runtime~js/lms-main-d55bfefd.js,https://ilearn.thu.edu.tw/static/74316-0ca71a0e.chunk.css,.css,True,raw/ilearn.thu.edu.tw/static/74316-0ca71a0e.chunk.css,200
raw/ilearn.thu.edu.tw/static/runtime~js/lms-main-d55bfefd.js,https://ilearn.thu.edu.tw/static/74316.5d723c22.js,.js,True,raw/ilearn.thu.edu.tw/static/74316.5d723c22.js,200
raw/ilearn.thu.edu.tw/static/runtime~js/lms-main-d55bfefd.js,https://ilearn.thu.edu.tw/static/74405-dae1a8d2.chunk.css,.css,True,raw/ilearn.thu.edu.tw/static/74405-dae1a8d2.chunk.css,200
raw/ilearn.thu.edu.tw/static/runtime~js/lms-main-d55bfefd.js,https://ilearn.thu.edu.tw/static/74405.8daaabec.js,.js,True,raw/ilearn.thu.edu.tw/static/74405.8daaabec.js,200
raw/ilearn.thu.edu.tw/static/runtime~js/lms-main-d55bfefd.js,https://ilearn.thu.edu.tw/static/74447-6d68f4d9.chunk.css,.css,True,raw/ilearn.thu.edu.tw/static/74447-6d68f4d9.chunk.css,200
raw/ilearn.thu.edu.tw/static/runtime~js/lms-main-d55bfefd.js,https://ilearn.thu.edu.tw/static/74447.a214c8b5.js,.js,True,raw/ilearn.thu.edu.tw/static/74447.a214c8b5.js,200
raw/ilearn.thu.edu.tw/static/runtime~js/lms-main-d55bfefd.js,https://ilearn.thu.edu.tw/static/74613-94715a6a.chunk.css,.css,True,raw/ilearn.thu.edu.tw/static/74613-94715a6a.chunk.css,200
raw/ilearn.thu.edu.tw/static/runtime~js/lms-main-d55bfefd.js,https://ilearn.thu.edu.tw/static/74613.79d89a15.js,.js,True,raw/ilearn.thu.edu.tw/static/74613.79d89a15.js,200
raw/ilearn.thu.edu.tw/static/runtime~js/lms-main-d55bfefd.js,https://ilearn.thu.edu.tw/static/74648-36765c06.chunk.css,.css,True,raw/ilearn.thu.edu.tw/static/74648-36765c06.chunk.css,200
raw/ilearn.thu.edu.tw/static/runtime~js/lms-main-d55bfefd.js,https://ilearn.thu.edu.tw/static/74648.4d9950d2.js,.js,True,raw/ilearn.thu.edu.tw/static/74648.4d9950d2.js,200
raw/ilearn.thu.edu.tw/static/runtime~js/lms-main-d55bfefd.js,https://ilearn.thu.edu.tw/static/74678-aff1b786.chunk.css,.css,True,raw/ilearn.thu.edu.tw/static/74678-aff1b786.chunk.css,200
raw/ilearn.thu.edu.tw/static/runtime~js/lms-main-d55bfefd.js,https://ilearn.thu.edu.tw/static/74678.1c824e2e.js,.js,True,raw/ilearn.thu.edu.tw/static/74678.1c824e2e.js,200
raw/ilearn.thu.edu.tw/static/runtime~js/lms-main-d55bfefd.js,https://ilearn.thu.edu.tw/static/74679.c6d29d91.js,.js,True,raw/ilearn.thu.edu.tw/static/74679.c6d29d91.js,200
raw/ilearn.thu.edu.tw/static/runtime~js/lms-main-d55bfefd.js,https://ilearn.thu.edu.tw/static/74753.00805e88.js,.js,True,raw/ilearn.thu.edu.tw/static/74753.00805e88.js,200
raw/ilearn.thu.edu.tw/static/runtime~js/lms-main-d55bfefd.js,https://ilearn.thu.edu.tw/static/74927.c4fad5cf.js,.js,True,raw/ilearn.thu.edu.tw/static/74927.c4fad5cf.js,200
raw/ilearn.thu.edu.tw/static/runtime~js/lms-main-d55bfefd.js,https://ilearn.thu.edu.tw/static/75086.6771c875.js,.js,True,raw/ilearn.thu.edu.tw/static/75086.6771c875.js,200
raw/ilearn.thu.edu.tw/static/runtime~js/lms-main-d55bfefd.js,https://ilearn.thu.edu.tw/static/75360-6745dc29.js,.js,True,raw/ilearn.thu.edu.tw/static/75360-6745dc29.js,200
raw/ilearn.thu.edu.tw/static/runtime~js/lms-main-d55bfefd.js,https://ilearn.thu.edu.tw/static/75513.92e7c98f.js,.js,True,raw/ilearn.thu.edu.tw/static/75513.92e7c98f.js,200
raw/ilearn.thu.edu.tw/static/runtime~js/lms-main-d55bfefd.js,https://ilearn.thu.edu.tw/static/75596.4847a7c2.js,.js,True,raw/ilearn.thu.edu.tw/static/75596.4847a7c2.js,200
raw/ilearn.thu.edu.tw/static/runtime~js/lms-main-d55bfefd.js,https://ilearn.thu.edu.tw/static/75679.dae04b74.js,.js,True,raw/ilearn.thu.edu.tw/static/75679.dae04b74.js,200
raw/ilearn.thu.edu.tw/static/runtime~js/lms-main-d55bfefd.js,https://ilearn.thu.edu.tw/static/75789.017d3b22.js,.js,True,raw/ilearn.thu.edu.tw/static/75789.017d3b22.js,200
raw/ilearn.thu.edu.tw/static/runtime~js/lms-main-d55bfefd.js,https://ilearn.thu.edu.tw/static/75978.a48c8fb8.js,.js,True,raw/ilearn.thu.edu.tw/static/75978.a48c8fb8.js,200
raw/ilearn.thu.edu.tw/static/runtime~js/lms-main-d55bfefd.js,https://ilearn.thu.edu.tw/static/7612.6b87818f.js,.js,True,raw/ilearn.thu.edu.tw/static/7612.6b87818f.js,200
raw/ilearn.thu.edu.tw/static/runtime~js/lms-main-d55bfefd.js,https://ilearn.thu.edu.tw/static/7623.13351f8c.js,.js,True,raw/ilearn.thu.edu.tw/static/7623.13351f8c.js,200
raw/ilearn.thu.edu.tw/static/runtime~js/lms-main-d55bfefd.js,https://ilearn.thu.edu.tw/static/76445.efefe93a.js,.js,True,raw/ilearn.thu.edu.tw/static/76445.efefe93a.js,200
raw/ilearn.thu.edu.tw/static/runtime~js/lms-main-d55bfefd.js,https://ilearn.thu.edu.tw/static/76541-f45c96fd.js,.js,True,raw/ilearn.thu.edu.tw/static/76541-f45c96fd.js,200
raw/ilearn.thu.edu.tw/static/runtime~js/lms-main-d55bfefd.js,https://ilearn.thu.edu.tw/static/76546.56ad0d6e.js,.js,True,raw/ilearn.thu.edu.tw/static/76546.56ad0d6e.js,200
raw/ilearn.thu.edu.tw/static/runtime~js/lms-main-d55bfefd.js,https://ilearn.thu.edu.tw/static/76657.045a1940.js,.js,True,raw/ilearn.thu.edu.tw/static/76657.045a1940.js,200
raw/ilearn.thu.edu.tw/static/runtime~js/lms-main-d55bfefd.js,https://ilearn.thu.edu.tw/static/76679-669c788f.chunk.css,.css,True,raw/ilearn.thu.edu.tw/static/76679-669c788f.chunk.css,200
raw/ilearn.thu.edu.tw/static/runtime~js/lms-main-d55bfefd.js,https://ilearn.thu.edu.tw/static/76679.ac1eb26c.js,.js,True,raw/ilearn.thu.edu.tw/static/76679.ac1eb26c.js,200
raw/ilearn.thu.edu.tw/static/runtime~js/lms-main-d55bfefd.js,https://ilearn.thu.edu.tw/static/76756-eb6ef182.chunk.css,.css,True,raw/ilearn.thu.edu.tw/static/76756-eb6ef182.chunk.css,200
raw/ilearn.thu.edu.tw/static/runtime~js/lms-main-d55bfefd.js,https://ilearn.thu.edu.tw/static/76756.7b06f21b.js,.js,True,raw/ilearn.thu.edu.tw/static/76756.7b06f21b.js,200
raw/ilearn.thu.edu.tw/static/runtime~js/lms-main-d55bfefd.js,https://ilearn.thu.edu.tw/static/7693.6ddfbed1.js,.js,True,raw/ilearn.thu.edu.tw/static/7693.6ddfbed1.js,200
raw/ilearn.thu.edu.tw/static/runtime~js/lms-main-d55bfefd.js,https://ilearn.thu.edu.tw/static/76949-e2b17f60.chunk.css,.css,True,raw/ilearn.thu.edu.tw/static/76949-e2b17f60.chunk.css,200
raw/ilearn.thu.edu.tw/static/runtime~js/lms-main-d55bfefd.js,https://ilearn.thu.edu.tw/static/76949.ca02eb97.js,.js,True,raw/ilearn.thu.edu.tw/static/76949.ca02eb97.js,200
raw/ilearn.thu.edu.tw/static/runtime~js/lms-main-d55bfefd.js,https://ilearn.thu.edu.tw/static/76987.9d0adda9.js,.js,True,raw/ilearn.thu.edu.tw/static/76987.9d0adda9.js,200
raw/ilearn.thu.edu.tw/static/runtime~js/lms-main-d55bfefd.js,https://ilearn.thu.edu.tw/static/77089-3ef1dc53.chunk.css,.css,True,raw/ilearn.thu.edu.tw/static/77089-3ef1dc53.chunk.css,200
raw/ilearn.thu.edu.tw/static/runtime~js/lms-main-d55bfefd.js,https://ilearn.thu.edu.tw/static/77089.2a979735.js,.js,True,raw/ilearn.thu.edu.tw/static/77089.2a979735.js,200
raw/ilearn.thu.edu.tw/static/runtime~js/lms-main-d55bfefd.js,https://ilearn.thu.edu.tw/static/77136.1ef29590.js,.js,True,raw/ilearn.thu.edu.tw/static/77136.1ef29590.js,200
raw/ilearn.thu.edu.tw/static/runtime~js/lms-main-d55bfefd.js,https://ilearn.thu.edu.tw/static/77144.0d6d20d8.js,.js,True,raw/ilearn.thu.edu.tw/static/77144.0d6d20d8.js,200
raw/ilearn.thu.edu.tw/static/runtime~js/lms-main-d55bfefd.js,https://ilearn.thu.edu.tw/static/77444.f1068012.js,.js,True,raw/ilearn.thu.edu.tw/static/77444.f1068012.js,200
raw/ilearn.thu.edu.tw/static/runtime~js/lms-main-d55bfefd.js,https://ilearn.thu.edu.tw/static/77547-c777c935.chunk.css,.css,True,raw/ilearn.thu.edu.tw/static/77547-c777c935.chunk.css,200
raw/ilearn.thu.edu.tw/static/runtime~js/lms-main-d55bfefd.js,https://ilearn.thu.edu.tw/static/77547.1ee921ff.js,.js,True,raw/ilearn.thu.edu.tw/static/77547.1ee921ff.js,200
raw/ilearn.thu.edu.tw/static/runtime~js/lms-main-d55bfefd.js,https://ilearn.thu.edu.tw/static/77577-2bfd96c5.chunk.css,.css,True,raw/ilearn.thu.edu.tw/static/77577-2bfd96c5.chunk.css,200
raw/ilearn.thu.edu.tw/static/runtime~js/lms-main-d55bfefd.js,https://ilearn.thu.edu.tw/static/77577.6fec6f96.js,.js,True,raw/ilearn.thu.edu.tw/static/77577.6fec6f96.js,200
raw/ilearn.thu.edu.tw/static/runtime~js/lms-main-d55bfefd.js,https://ilearn.thu.edu.tw/static/77676.71559eab.js,.js,True,raw/ilearn.thu.edu.tw/static/77676.71559eab.js,200
raw/ilearn.thu.edu.tw/static/runtime~js/lms-main-d55bfefd.js,https://ilearn.thu.edu.tw/static/77887.e982b363.js,.js,True,raw/ilearn.thu.edu.tw/static/77887.e982b363.js,200
raw/ilearn.thu.edu.tw/static/runtime~js/lms-main-d55bfefd.js,https://ilearn.thu.edu.tw/static/77896.cdec4673.js,.js,True,raw/ilearn.thu.edu.tw/static/77896.cdec4673.js,200
raw/ilearn.thu.edu.tw/static/runtime~js/lms-main-d55bfefd.js,https://ilearn.thu.edu.tw/static/7796-28ebd2f3.js,.js,True,raw/ilearn.thu.edu.tw/static/7796-28ebd2f3.js,200
raw/ilearn.thu.edu.tw/static/runtime~js/lms-main-d55bfefd.js,https://ilearn.thu.edu.tw/static/78264-5cbf025a.chunk.css,.css,True,raw/ilearn.thu.edu.tw/static/78264-5cbf025a.chunk.css,200
raw/ilearn.thu.edu.tw/static/runtime~js/lms-main-d55bfefd.js,https://ilearn.thu.edu.tw/static/78264.289f7125.js,.js,True,raw/ilearn.thu.edu.tw/static/78264.289f7125.js,200
raw/ilearn.thu.edu.tw/static/runtime~js/lms-main-d55bfefd.js,https://ilearn.thu.edu.tw/static/78310-ee524950.chunk.css,.css,True,raw/ilearn.thu.edu.tw/static/78310-ee524950.chunk.css,200
raw/ilearn.thu.edu.tw/static/runtime~js/lms-main-d55bfefd.js,https://ilearn.thu.edu.tw/static/78310.c45679af.js,.js,True,raw/ilearn.thu.edu.tw/static/78310.c45679af.js,200
raw/ilearn.thu.edu.tw/static/runtime~js/lms-main-d55bfefd.js,https://ilearn.thu.edu.tw/static/78723.49249bea.js,.js,True,raw/ilearn.thu.edu.tw/static/78723.49249bea.js,200
raw/ilearn.thu.edu.tw/static/runtime~js/lms-main-d55bfefd.js,https://ilearn.thu.edu.tw/static/78796-73d55209.css,.css,True,raw/ilearn.thu.edu.tw/static/78796-73d55209.css,200
raw/ilearn.thu.edu.tw/static/runtime~js/lms-main-d55bfefd.js,https://ilearn.thu.edu.tw/static/78797.e8389488.js,.js,True,raw/ilearn.thu.edu.tw/static/78797.e8389488.js,200
raw/ilearn.thu.edu.tw/static/runtime~js/lms-main-d55bfefd.js,https://ilearn.thu.edu.tw/static/78924.ba69a532.js,.js,True,raw/ilearn.thu.edu.tw/static/78924.ba69a532.js,200
raw/ilearn.thu.edu.tw/static/runtime~js/lms-main-d55bfefd.js,https://ilearn.thu.edu.tw/static/78946-e7a18e9f.chunk.css,.css,True,raw/ilearn.thu.edu.tw/static/78946-e7a18e9f.chunk.css,200
raw/ilearn.thu.edu.tw/static/runtime~js/lms-main-d55bfefd.js,https://ilearn.thu.edu.tw/static/78946.84d34ae9.js,.js,True,raw/ilearn.thu.edu.tw/static/78946.84d34ae9.js,200
raw/ilearn.thu.edu.tw/static/runtime~js/lms-main-d55bfefd.js,https://ilearn.thu.edu.tw/static/78959-6806da28.chunk.css,.css,True,raw/ilearn.thu.edu.tw/static/78959-6806da28.chunk.css,200
raw/ilearn.thu.edu.tw/static/runtime~js/lms-main-d55bfefd.js,https://ilearn.thu.edu.tw/static/78959.10ff053a.js,.js,True,raw/ilearn.thu.edu.tw/static/78959.10ff053a.js,200
raw/ilearn.thu.edu.tw/static/runtime~js/lms-main-d55bfefd.js,https://ilearn.thu.edu.tw/static/79001.978df930.js,.js,True,raw/ilearn.thu.edu.tw/static/79001.978df930.js,200
raw/ilearn.thu.edu.tw/static/runtime~js/lms-main-d55bfefd.js,https://ilearn.thu.edu.tw/static/79055.ee36c6a2.js,.js,True,raw/ilearn.thu.edu.tw/static/79055.ee36c6a2.js,200
raw/ilearn.thu.edu.tw/static/runtime~js/lms-main-d55bfefd.js,https://ilearn.thu.edu.tw/static/79067-eece7788.chunk.css,.css,True,raw/ilearn.thu.edu.tw/static/79067-eece7788.chunk.css,200
raw/ilearn.thu.edu.tw/static/runtime~js/lms-main-d55bfefd.js,https://ilearn.thu.edu.tw/static/79067.19cccb75.js,.js,True,raw/ilearn.thu.edu.tw/static/79067.19cccb75.js,200
raw/ilearn.thu.edu.tw/static/runtime~js/lms-main-d55bfefd.js,https://ilearn.thu.edu.tw/static/79137.cf5b6a1f.js,.js,True,raw/ilearn.thu.edu.tw/static/79137.cf5b6a1f.js,200
raw/ilearn.thu.edu.tw/static/runtime~js/lms-main-d55bfefd.js,https://ilearn.thu.edu.tw/static/79189.267840be.js,.js,True,raw/ilearn.thu.edu.tw/static/79189.267840be.js,200
raw/ilearn.thu.edu.tw/static/runtime~js/lms-main-d55bfefd.js,https://ilearn.thu.edu.tw/static/79240-1e2330b5.chunk.css,.css,True,raw/ilearn.thu.edu.tw/static/79240-1e2330b5.chunk.css,200
raw/ilearn.thu.edu.tw/static/runtime~js/lms-main-d55bfefd.js,https://ilearn.thu.edu.tw/static/79240.07736eba.js,.js,True,raw/ilearn.thu.edu.tw/static/79240.07736eba.js,200
raw/ilearn.thu.edu.tw/static/runtime~js/lms-main-d55bfefd.js,https://ilearn.thu.edu.tw/static/7930.cc04692e.js,.js,True,raw/ilearn.thu.edu.tw/static/7930.cc04692e.js,200
raw/ilearn.thu.edu.tw/static/runtime~js/lms-main-d55bfefd.js,https://ilearn.thu.edu.tw/static/79494.a9faaec3.js,.js,True,raw/ilearn.thu.edu.tw/static/79494.a9faaec3.js,200
raw/ilearn.thu.edu.tw/static/runtime~js/lms-main-d55bfefd.js,https://ilearn.thu.edu.tw/static/7974.c6317f1b.js,.js,True,raw/ilearn.thu.edu.tw/static/7974.c6317f1b.js,200
raw/ilearn.thu.edu.tw/static/runtime~js/lms-main-d55bfefd.js,https://ilearn.thu.edu.tw/static/80123.00a036be.js,.js,True,raw/ilearn.thu.edu.tw/static/80123.00a036be.js,200
raw/ilearn.thu.edu.tw/static/runtime~js/lms-main-d55bfefd.js,https://ilearn.thu.edu.tw/static/80232.4f121263.js,.js,True,raw/ilearn.thu.edu.tw/static/80232.4f121263.js,200
raw/ilearn.thu.edu.tw/static/runtime~js/lms-main-d55bfefd.js,https://ilearn.thu.edu.tw/static/80243-fbb4505d.chunk.css,.css,True,raw/ilearn.thu.edu.tw/static/80243-fbb4505d.chunk.css,200
raw/ilearn.thu.edu.tw/static/runtime~js/lms-main-d55bfefd.js,https://ilearn.thu.edu.tw/static/80243.eb4c2912.js,.js,True,raw/ilearn.thu.edu.tw/static/80243.eb4c2912.js,200
raw/ilearn.thu.edu.tw/static/runtime~js/lms-main-d55bfefd.js,https://ilearn.thu.edu.tw/static/80546-426d4eca.chunk.css,.css,True,raw/ilearn.thu.edu.tw/static/80546-426d4eca.chunk.css,200
raw/ilearn.thu.edu.tw/static/runtime~js/lms-main-d55bfefd.js,https://ilearn.thu.edu.tw/static/80546.45c5dcab.js,.js,True,raw/ilearn.thu.edu.tw/static/80546.45c5dcab.js,200
raw/ilearn.thu.edu.tw/static/runtime~js/lms-main-d55bfefd.js,https://ilearn.thu.edu.tw/static/80575.32ea74f5.js,.js,True,raw/ilearn.thu.edu.tw/static/80575.32ea74f5.js,200
raw/ilearn.thu.edu.tw/static/runtime~js/lms-main-d55bfefd.js,https://ilearn.thu.edu.tw/static/80688.cdddfc22.js,.js,True,raw/ilearn.thu.edu.tw/static/80688.cdddfc22.js,200
raw/ilearn.thu.edu.tw/static/runtime~js/lms-main-d55bfefd.js,https://ilearn.thu.edu.tw/static/80824.30d4b893.js,.js,True,raw/ilearn.thu.edu.tw/static/80824.30d4b893.js,200
raw/ilearn.thu.edu.tw/static/runtime~js/lms-main-d55bfefd.js,https://ilearn.thu.edu.tw/static/8110-342cf4b8.chunk.css,.css,True,raw/ilearn.thu.edu.tw/static/8110-342cf4b8.chunk.css,200
raw/ilearn.thu.edu.tw/static/runtime~js/lms-main-d55bfefd.js,https://ilearn.thu.edu.tw/static/8110.900a44fb.js,.js,True,raw/ilearn.thu.edu.tw/static/8110.900a44fb.js,200
raw/ilearn.thu.edu.tw/static/runtime~js/lms-main-d55bfefd.js,https://ilearn.thu.edu.tw/static/81169.86495dea.js,.js,True,raw/ilearn.thu.edu.tw/static/81169.86495dea.js,200
raw/ilearn.thu.edu.tw/static/runtime~js/lms-main-d55bfefd.js,https://ilearn.thu.edu.tw/static/81401.5b776cb7.js,.js,True,raw/ilearn.thu.edu.tw/static/81401.5b776cb7.js,200
raw/ilearn.thu.edu.tw/static/runtime~js/lms-main-d55bfefd.js,https://ilearn.thu.edu.tw/static/81474.0c93f189.js,.js,True,raw/ilearn.thu.edu.tw/static/81474.0c93f189.js,200
raw/ilearn.thu.edu.tw/static/runtime~js/lms-main-d55bfefd.js,https://ilearn.thu.edu.tw/static/81635.6818788a.js,.js,True,raw/ilearn.thu.edu.tw/static/81635.6818788a.js,200
raw/ilearn.thu.edu.tw/static/runtime~js/lms-main-d55bfefd.js,https://ilearn.thu.edu.tw/static/81684.a42641d1.js,.js,True,raw/ilearn.thu.edu.tw/static/81684.a42641d1.js,200
raw/ilearn.thu.edu.tw/static/runtime~js/lms-main-d55bfefd.js,https://ilearn.thu.edu.tw/static/81854.5595ac26.js,.js,True,raw/ilearn.thu.edu.tw/static/81854.5595ac26.js,200
raw/ilearn.thu.edu.tw/static/runtime~js/lms-main-d55bfefd.js,https://ilearn.thu.edu.tw/static/81931.d129fe73.js,.js,True,raw/ilearn.thu.edu.tw/static/81931.d129fe73.js,200
raw/ilearn.thu.edu.tw/static/runtime~js/lms-main-d55bfefd.js,https://ilearn.thu.edu.tw/static/81959.f1d9d1b3.js,.js,True,raw/ilearn.thu.edu.tw/static/81959.f1d9d1b3.js,200
raw/ilearn.thu.edu.tw/static/runtime~js/lms-main-d55bfefd.js,https://ilearn.thu.edu.tw/static/82017-04ae4691.css,.css,True,raw/ilearn.thu.edu.tw/static/82017-04ae4691.css,200
raw/ilearn.thu.edu.tw/static/runtime~js/lms-main-d55bfefd.js,https://ilearn.thu.edu.tw/static/82438.2858f04a.js,.js,True,raw/ilearn.thu.edu.tw/static/82438.2858f04a.js,200
raw/ilearn.thu.edu.tw/static/runtime~js/lms-main-d55bfefd.js,https://ilearn.thu.edu.tw/static/82440.2e3d1706.js,.js,True,raw/ilearn.thu.edu.tw/static/82440.2e3d1706.js,200
raw/ilearn.thu.edu.tw/static/runtime~js/lms-main-d55bfefd.js,https://ilearn.thu.edu.tw/static/82611-8004a8a1.css,.css,True,raw/ilearn.thu.edu.tw/static/82611-8004a8a1.css,200
raw/ilearn.thu.edu.tw/static/runtime~js/lms-main-d55bfefd.js,https://ilearn.thu.edu.tw/static/82831.135ef996.js,.js,True,raw/ilearn.thu.edu.tw/static/82831.135ef996.js,200
raw/ilearn.thu.edu.tw/static/runtime~js/lms-main-d55bfefd.js,https://ilearn.thu.edu.tw/static/82906.5e360954.js,.js,True,raw/ilearn.thu.edu.tw/static/82906.5e360954.js,200
raw/ilearn.thu.edu.tw/static/runtime~js/lms-main-d55bfefd.js,https://ilearn.thu.edu.tw/static/83170-1ffef691.js,.js,True,raw/ilearn.thu.edu.tw/static/83170-1ffef691.js,200
raw/ilearn.thu.edu.tw/static/runtime~js/lms-main-d55bfefd.js,https://ilearn.thu.edu.tw/static/83176-54ecd42b.chunk.css,.css,True,raw/ilearn.thu.edu.tw/static/83176-54ecd42b.chunk.css,200
raw/ilearn.thu.edu.tw/static/runtime~js/lms-main-d55bfefd.js,https://ilearn.thu.edu.tw/static/83176.908d40cb.js,.js,True,raw/ilearn.thu.edu.tw/static/83176.908d40cb.js,200
raw/ilearn.thu.edu.tw/static/runtime~js/lms-main-d55bfefd.js,https://ilearn.thu.edu.tw/static/83383.c4e6a35f.js,.js,True,raw/ilearn.thu.edu.tw/static/83383.c4e6a35f.js,200
raw/ilearn.thu.edu.tw/static/runtime~js/lms-main-d55bfefd.js,https://ilearn.thu.edu.tw/static/83434.275db7c2.js,.js,True,raw/ilearn.thu.edu.tw/static/83434.275db7c2.js,200
raw/ilearn.thu.edu.tw/static/runtime~js/lms-main-d55bfefd.js,https://ilearn.thu.edu.tw/static/83440.3b6f5365.js,.js,True,raw/ilearn.thu.edu.tw/static/83440.3b6f5365.js,200
raw/ilearn.thu.edu.tw/static/runtime~js/lms-main-d55bfefd.js,https://ilearn.thu.edu.tw/static/83522.27f30369.js,.js,True,raw/ilearn.thu.edu.tw/static/83522.27f30369.js,200
raw/ilearn.thu.edu.tw/static/runtime~js/lms-main-d55bfefd.js,https://ilearn.thu.edu.tw/static/83564.7e35e3f5.js,.js,True,raw/ilearn.thu.edu.tw/static/83564.7e35e3f5.js,200
raw/ilearn.thu.edu.tw/static/runtime~js/lms-main-d55bfefd.js,https://ilearn.thu.edu.tw/static/83595-83003043.chunk.css,.css,True,raw/ilearn.thu.edu.tw/static/83595-83003043.chunk.css,200
raw/ilearn.thu.edu.tw/static/runtime~js/lms-main-d55bfefd.js,https://ilearn.thu.edu.tw/static/83595.147fb33c.js,.js,True,raw/ilearn.thu.edu.tw/static/83595.147fb33c.js,200
raw/ilearn.thu.edu.tw/static/runtime~js/lms-main-d55bfefd.js,https://ilearn.thu.edu.tw/static/83696-11535847.chunk.css,.css,True,raw/ilearn.thu.edu.tw/static/83696-11535847.chunk.css,200
raw/ilearn.thu.edu.tw/static/runtime~js/lms-main-d55bfefd.js,https://ilearn.thu.edu.tw/static/83696.caad878f.js,.js,True,raw/ilearn.thu.edu.tw/static/83696.caad878f.js,200
raw/ilearn.thu.edu.tw/static/runtime~js/lms-main-d55bfefd.js,https://ilearn.thu.edu.tw/static/83727.aab0cb48.js,.js,True,raw/ilearn.thu.edu.tw/static/83727.aab0cb48.js,200
raw/ilearn.thu.edu.tw/static/runtime~js/lms-main-d55bfefd.js,https://ilearn.thu.edu.tw/static/83825.3fa3def0.js,.js,True,raw/ilearn.thu.edu.tw/static/83825.3fa3def0.js,200
raw/ilearn.thu.edu.tw/static/runtime~js/lms-main-d55bfefd.js,https://ilearn.thu.edu.tw/static/84010.27abc590.js,.js,True,raw/ilearn.thu.edu.tw/static/84010.27abc590.js,200
raw/ilearn.thu.edu.tw/static/runtime~js/lms-main-d55bfefd.js,https://ilearn.thu.edu.tw/static/84208.21c6f16e.js,.js,True,raw/ilearn.thu.edu.tw/static/84208.21c6f16e.js,200
raw/ilearn.thu.edu.tw/static/runtime~js/lms-main-d55bfefd.js,https://ilearn.thu.edu.tw/static/84419-83c45f33.chunk.css,.css,True,raw/ilearn.thu.edu.tw/static/84419-83c45f33.chunk.css,200
raw/ilearn.thu.edu.tw/static/runtime~js/lms-main-d55bfefd.js,https://ilearn.thu.edu.tw/static/84711.cdc9aeb9.js,.js,True,raw/ilearn.thu.edu.tw/static/84711.cdc9aeb9.js,200
raw/ilearn.thu.edu.tw/static/runtime~js/lms-main-d55bfefd.js,https://ilearn.thu.edu.tw/static/84764.f956d0b8.js,.js,True,raw/ilearn.thu.edu.tw/static/84764.f956d0b8.js,200
raw/ilearn.thu.edu.tw/static/runtime~js/lms-main-d55bfefd.js,https://ilearn.thu.edu.tw/static/84769-c448a950.chunk.css,.css,True,raw/ilearn.thu.edu.tw/static/84769-c448a950.chunk.css,200
raw/ilearn.thu.edu.tw/static/runtime~js/lms-main-d55bfefd.js,https://ilearn.thu.edu.tw/static/84769.6cb6a87f.js,.js,True,raw/ilearn.thu.edu.tw/static/84769.6cb6a87f.js,200
raw/ilearn.thu.edu.tw/static/runtime~js/lms-main-d55bfefd.js,https://ilearn.thu.edu.tw/static/84840.bf105711.js,.js,True,raw/ilearn.thu.edu.tw/static/84840.bf105711.js,200
raw/ilearn.thu.edu.tw/static/runtime~js/lms-main-d55bfefd.js,https://ilearn.thu.edu.tw/static/85059-4ba70400.chunk.css,.css,True,raw/ilearn.thu.edu.tw/static/85059-4ba70400.chunk.css,200
raw/ilearn.thu.edu.tw/static/runtime~js/lms-main-d55bfefd.js,https://ilearn.thu.edu.tw/static/85059.c0056724.js,.js,True,raw/ilearn.thu.edu.tw/static/85059.c0056724.js,200
raw/ilearn.thu.edu.tw/static/runtime~js/lms-main-d55bfefd.js,https://ilearn.thu.edu.tw/static/85080.d8a837e2.js,.js,True,raw/ilearn.thu.edu.tw/static/85080.d8a837e2.js,200
raw/ilearn.thu.edu.tw/static/runtime~js/lms-main-d55bfefd.js,https://ilearn.thu.edu.tw/static/85489.5300ac04.js,.js,True,raw/ilearn.thu.edu.tw/static/85489.5300ac04.js,200
raw/ilearn.thu.edu.tw/static/runtime~js/lms-main-d55bfefd.js,https://ilearn.thu.edu.tw/static/85559.77deee0c.js,.js,True,raw/ilearn.thu.edu.tw/static/85559.77deee0c.js,200
raw/ilearn.thu.edu.tw/static/runtime~js/lms-main-d55bfefd.js,https://ilearn.thu.edu.tw/static/85598.6b20bcca.js,.js,True,raw/ilearn.thu.edu.tw/static/85598.6b20bcca.js,200
raw/ilearn.thu.edu.tw/static/runtime~js/lms-main-d55bfefd.js,https://ilearn.thu.edu.tw/static/85700.09352f8a.js,.js,True,raw/ilearn.thu.edu.tw/static/85700.09352f8a.js,200
raw/ilearn.thu.edu.tw/static/runtime~js/lms-main-d55bfefd.js,https://ilearn.thu.edu.tw/static/86066.8fa17c6e.js,.js,True,raw/ilearn.thu.edu.tw/static/86066.8fa17c6e.js,200
raw/ilearn.thu.edu.tw/static/runtime~js/lms-main-d55bfefd.js,https://ilearn.thu.edu.tw/static/8609.eb461692.js,.js,True,raw/ilearn.thu.edu.tw/static/8609.eb461692.js,200
raw/ilearn.thu.edu.tw/static/runtime~js/lms-main-d55bfefd.js,https://ilearn.thu.edu.tw/static/86325.ebafe1db.js,.js,True,raw/ilearn.thu.edu.tw/static/86325.ebafe1db.js,200
raw/ilearn.thu.edu.tw/static/runtime~js/lms-main-d55bfefd.js,https://ilearn.thu.edu.tw/static/86422.36d3f50f.js,.js,True,raw/ilearn.thu.edu.tw/static/86422.36d3f50f.js,200
raw/ilearn.thu.edu.tw/static/runtime~js/lms-main-d55bfefd.js,https://ilearn.thu.edu.tw/static/86711.1eb7c6ef.js,.js,True,raw/ilearn.thu.edu.tw/static/86711.1eb7c6ef.js,200
raw/ilearn.thu.edu.tw/static/runtime~js/lms-main-d55bfefd.js,https://ilearn.thu.edu.tw/static/86826.fd8d4ff1.js,.js,True,raw/ilearn.thu.edu.tw/static/86826.fd8d4ff1.js,200
raw/ilearn.thu.edu.tw/static/runtime~js/lms-main-d55bfefd.js,https://ilearn.thu.edu.tw/static/86889.be2f56be.js,.js,True,raw/ilearn.thu.edu.tw/static/86889.be2f56be.js,200
raw/ilearn.thu.edu.tw/static/runtime~js/lms-main-d55bfefd.js,https://ilearn.thu.edu.tw/static/87056-42fea3d8.chunk.css,.css,True,raw/ilearn.thu.edu.tw/static/87056-42fea3d8.chunk.css,200
raw/ilearn.thu.edu.tw/static/runtime~js/lms-main-d55bfefd.js,https://ilearn.thu.edu.tw/static/87056.5d7f912b.js,.js,True,raw/ilearn.thu.edu.tw/static/87056.5d7f912b.js,200
raw/ilearn.thu.edu.tw/static/runtime~js/lms-main-d55bfefd.js,https://ilearn.thu.edu.tw/static/87219.2ace1570.js,.js,True,raw/ilearn.thu.edu.tw/static/87219.2ace1570.js,200
raw/ilearn.thu.edu.tw/static/runtime~js/lms-main-d55bfefd.js,https://ilearn.thu.edu.tw/static/87298.2dc9119d.js,.js,True,raw/ilearn.thu.edu.tw/static/87298.2dc9119d.js,200
raw/ilearn.thu.edu.tw/static/runtime~js/lms-main-d55bfefd.js,https://ilearn.thu.edu.tw/static/87349.d701ccfd.js,.js,True,raw/ilearn.thu.edu.tw/static/87349.d701ccfd.js,200
raw/ilearn.thu.edu.tw/static/runtime~js/lms-main-d55bfefd.js,https://ilearn.thu.edu.tw/static/87474.3dfe9474.js,.js,True,raw/ilearn.thu.edu.tw/static/87474.3dfe9474.js,200
raw/ilearn.thu.edu.tw/static/runtime~js/lms-main-d55bfefd.js,https://ilearn.thu.edu.tw/static/8751.50229f20.js,.js,True,raw/ilearn.thu.edu.tw/static/8751.50229f20.js,200
raw/ilearn.thu.edu.tw/static/runtime~js/lms-main-d55bfefd.js,https://ilearn.thu.edu.tw/static/87863.5d85bf1f.js,.js,True,raw/ilearn.thu.edu.tw/static/87863.5d85bf1f.js,200
raw/ilearn.thu.edu.tw/static/runtime~js/lms-main-d55bfefd.js,https://ilearn.thu.edu.tw/static/87899-2c919b23.chunk.css,.css,True,raw/ilearn.thu.edu.tw/static/87899-2c919b23.chunk.css,200
raw/ilearn.thu.edu.tw/static/runtime~js/lms-main-d55bfefd.js,https://ilearn.thu.edu.tw/static/87899.f2d33e40.js,.js,True,raw/ilearn.thu.edu.tw/static/87899.f2d33e40.js,200
raw/ilearn.thu.edu.tw/static/runtime~js/lms-main-d55bfefd.js,https://ilearn.thu.edu.tw/static/87925.0d6e0258.js,.js,True,raw/ilearn.thu.edu.tw/static/87925.0d6e0258.js,200
raw/ilearn.thu.edu.tw/static/runtime~js/lms-main-d55bfefd.js,https://ilearn.thu.edu.tw/static/87942-dc90e165.chunk.css,.css,True,raw/ilearn.thu.edu.tw/static/87942-dc90e165.chunk.css,200
raw/ilearn.thu.edu.tw/static/runtime~js/lms-main-d55bfefd.js,https://ilearn.thu.edu.tw/static/88032.23e4cc2e.js,.js,True,raw/ilearn.thu.edu.tw/static/88032.23e4cc2e.js,200
raw/ilearn.thu.edu.tw/static/runtime~js/lms-main-d55bfefd.js,https://ilearn.thu.edu.tw/static/8820-167f9e35.js,.js,True,raw/ilearn.thu.edu.tw/static/8820-167f9e35.js,200
raw/ilearn.thu.edu.tw/static/runtime~js/lms-main-d55bfefd.js,https://ilearn.thu.edu.tw/static/88465-f841f4bf.chunk.css,.css,True,raw/ilearn.thu.edu.tw/static/88465-f841f4bf.chunk.css,200
raw/ilearn.thu.edu.tw/static/runtime~js/lms-main-d55bfefd.js,https://ilearn.thu.edu.tw/static/88465.7abac50f.js,.js,True,raw/ilearn.thu.edu.tw/static/88465.7abac50f.js,200
raw/ilearn.thu.edu.tw/static/runtime~js/lms-main-d55bfefd.js,https://ilearn.thu.edu.tw/static/88478.a888aade.js,.js,True,raw/ilearn.thu.edu.tw/static/88478.a888aade.js,200
raw/ilearn.thu.edu.tw/static/runtime~js/lms-main-d55bfefd.js,https://ilearn.thu.edu.tw/static/88518.164d9e78.js,.js,True,raw/ilearn.thu.edu.tw/static/88518.164d9e78.js,200
raw/ilearn.thu.edu.tw/static/runtime~js/lms-main-d55bfefd.js,https://ilearn.thu.edu.tw/static/88591.8be95795.js,.js,True,raw/ilearn.thu.edu.tw/static/88591.8be95795.js,200
raw/ilearn.thu.edu.tw/static/runtime~js/lms-main-d55bfefd.js,https://ilearn.thu.edu.tw/static/8870.8a2f9339.js,.js,True,raw/ilearn.thu.edu.tw/static/8870.8a2f9339.js,200
raw/ilearn.thu.edu.tw/static/runtime~js/lms-main-d55bfefd.js,https://ilearn.thu.edu.tw/static/88788-a86f6b64.chunk.css,.css,True,raw/ilearn.thu.edu.tw/static/88788-a86f6b64.chunk.css,200
raw/ilearn.thu.edu.tw/static/runtime~js/lms-main-d55bfefd.js,https://ilearn.thu.edu.tw/static/88788.161d6b6a.js,.js,True,raw/ilearn.thu.edu.tw/static/88788.161d6b6a.js,200
raw/ilearn.thu.edu.tw/static/runtime~js/lms-main-d55bfefd.js,https://ilearn.thu.edu.tw/static/88951.3d50816c.js,.js,True,raw/ilearn.thu.edu.tw/static/88951.3d50816c.js,200
raw/ilearn.thu.edu.tw/static/runtime~js/lms-main-d55bfefd.js,https://ilearn.thu.edu.tw/static/89151-7a970f2f.chunk.css,.css,True,raw/ilearn.thu.edu.tw/static/89151-7a970f2f.chunk.css,200
raw/ilearn.thu.edu.tw/static/runtime~js/lms-main-d55bfefd.js,https://ilearn.thu.edu.tw/static/89151.33ad6225.js,.js,True,raw/ilearn.thu.edu.tw/static/89151.33ad6225.js,200
raw/ilearn.thu.edu.tw/static/runtime~js/lms-main-d55bfefd.js,https://ilearn.thu.edu.tw/static/89163.40489500.js,.js,True,raw/ilearn.thu.edu.tw/static/89163.40489500.js,200
raw/ilearn.thu.edu.tw/static/runtime~js/lms-main-d55bfefd.js,https://ilearn.thu.edu.tw/static/8919.7d3d5c6a.js,.js,True,raw/ilearn.thu.edu.tw/static/8919.7d3d5c6a.js,200
raw/ilearn.thu.edu.tw/static/runtime~js/lms-main-d55bfefd.js,https://ilearn.thu.edu.tw/static/89199.a7791db6.js,.js,True,raw/ilearn.thu.edu.tw/static/89199.a7791db6.js,200
raw/ilearn.thu.edu.tw/static/runtime~js/lms-main-d55bfefd.js,https://ilearn.thu.edu.tw/static/8937-aac3c00d.chunk.css,.css,True,raw/ilearn.thu.edu.tw/static/8937-aac3c00d.chunk.css,200
raw/ilearn.thu.edu.tw/static/runtime~js/lms-main-d55bfefd.js,https://ilearn.thu.edu.tw/static/8937.98779eb4.js,.js,True,raw/ilearn.thu.edu.tw/static/8937.98779eb4.js,200
raw/ilearn.thu.edu.tw/static/runtime~js/lms-main-d55bfefd.js,https://ilearn.thu.edu.tw/static/89548-fe8f04f2.chunk.css,.css,True,raw/ilearn.thu.edu.tw/static/89548-fe8f04f2.chunk.css,200
raw/ilearn.thu.edu.tw/static/runtime~js/lms-main-d55bfefd.js,https://ilearn.thu.edu.tw/static/89548.bcbf55ce.js,.js,True,raw/ilearn.thu.edu.tw/static/89548.bcbf55ce.js,200
raw/ilearn.thu.edu.tw/static/runtime~js/lms-main-d55bfefd.js,https://ilearn.thu.edu.tw/static/89616-8dcadc31.chunk.css,.css,True,raw/ilearn.thu.edu.tw/static/89616-8dcadc31.chunk.css,200
raw/ilearn.thu.edu.tw/static/runtime~js/lms-main-d55bfefd.js,https://ilearn.thu.edu.tw/static/89616.6d040071.js,.js,True,raw/ilearn.thu.edu.tw/static/89616.6d040071.js,200
raw/ilearn.thu.edu.tw/static/runtime~js/lms-main-d55bfefd.js,https://ilearn.thu.edu.tw/static/89781.8f83b56c.js,.js,True,raw/ilearn.thu.edu.tw/static/89781.8f83b56c.js,200
raw/ilearn.thu.edu.tw/static/runtime~js/lms-main-d55bfefd.js,https://ilearn.thu.edu.tw/static/8979.df45e854.js,.js,True,raw/ilearn.thu.edu.tw/static/8979.df45e854.js,200
raw/ilearn.thu.edu.tw/static/runtime~js/lms-main-d55bfefd.js,https://ilearn.thu.edu.tw/static/89898-5ef99534.chunk.css,.css,True,raw/ilearn.thu.edu.tw/static/89898-5ef99534.chunk.css,200
raw/ilearn.thu.edu.tw/static/runtime~js/lms-main-d55bfefd.js,https://ilearn.thu.edu.tw/static/89898.fcb9a984.js,.js,True,raw/ilearn.thu.edu.tw/static/89898.fcb9a984.js,200
raw/ilearn.thu.edu.tw/static/runtime~js/lms-main-d55bfefd.js,https://ilearn.thu.edu.tw/static/90179.4a3256c6.js,.js,True,raw/ilearn.thu.edu.tw/static/90179.4a3256c6.js,200
raw/ilearn.thu.edu.tw/static/runtime~js/lms-main-d55bfefd.js,https://ilearn.thu.edu.tw/static/90406.9cacc319.js,.js,True,raw/ilearn.thu.edu.tw/static/90406.9cacc319.js,200
raw/ilearn.thu.edu.tw/static/runtime~js/lms-main-d55bfefd.js,https://ilearn.thu.edu.tw/static/90525.dbf7e0f1.js,.js,True,raw/ilearn.thu.edu.tw/static/90525.dbf7e0f1.js,200
raw/ilearn.thu.edu.tw/static/runtime~js/lms-main-d55bfefd.js,https://ilearn.thu.edu.tw/static/9056.3f2c59f2.js,.js,True,raw/ilearn.thu.edu.tw/static/9056.3f2c59f2.js,200
raw/ilearn.thu.edu.tw/static/runtime~js/lms-main-d55bfefd.js,https://ilearn.thu.edu.tw/static/90625-60e50e58.chunk.css,.css,True,raw/ilearn.thu.edu.tw/static/90625-60e50e58.chunk.css,200
raw/ilearn.thu.edu.tw/static/runtime~js/lms-main-d55bfefd.js,https://ilearn.thu.edu.tw/static/90625.550ad754.js,.js,True,raw/ilearn.thu.edu.tw/static/90625.550ad754.js,200
raw/ilearn.thu.edu.tw/static/runtime~js/lms-main-d55bfefd.js,https://ilearn.thu.edu.tw/static/90719-920047c0.chunk.css,.css,True,raw/ilearn.thu.edu.tw/static/90719-920047c0.chunk.css,200
raw/ilearn.thu.edu.tw/static/runtime~js/lms-main-d55bfefd.js,https://ilearn.thu.edu.tw/static/90719.45743397.js,.js,True,raw/ilearn.thu.edu.tw/static/90719.45743397.js,200
raw/ilearn.thu.edu.tw/static/runtime~js/lms-main-d55bfefd.js,https://ilearn.thu.edu.tw/static/90775.e33dd884.js,.js,True,raw/ilearn.thu.edu.tw/static/90775.e33dd884.js,200
raw/ilearn.thu.edu.tw/static/runtime~js/lms-main-d55bfefd.js,https://ilearn.thu.edu.tw/static/90924.0f5da29e.js,.js,True,raw/ilearn.thu.edu.tw/static/90924.0f5da29e.js,200
raw/ilearn.thu.edu.tw/static/runtime~js/lms-main-d55bfefd.js,https://ilearn.thu.edu.tw/static/90936-350031f2.chunk.css,.css,True,raw/ilearn.thu.edu.tw/static/90936-350031f2.chunk.css,200
raw/ilearn.thu.edu.tw/static/runtime~js/lms-main-d55bfefd.js,https://ilearn.thu.edu.tw/static/90936.c26839d0.js,.js,True,raw/ilearn.thu.edu.tw/static/90936.c26839d0.js,200
raw/ilearn.thu.edu.tw/static/runtime~js/lms-main-d55bfefd.js,https://ilearn.thu.edu.tw/static/91320.6f83888e.js,.js,True,raw/ilearn.thu.edu.tw/static/91320.6f83888e.js,200
raw/ilearn.thu.edu.tw/static/runtime~js/lms-main-d55bfefd.js,https://ilearn.thu.edu.tw/static/91852.eaeb96c8.js,.js,True,raw/ilearn.thu.edu.tw/static/91852.eaeb96c8.js,200
raw/ilearn.thu.edu.tw/static/runtime~js/lms-main-d55bfefd.js,https://ilearn.thu.edu.tw/static/91882.ab0217bc.js,.js,True,raw/ilearn.thu.edu.tw/static/91882.ab0217bc.js,200
raw/ilearn.thu.edu.tw/static/runtime~js/lms-main-d55bfefd.js,https://ilearn.thu.edu.tw/static/92082-209ef185.chunk.css,.css,True,raw/ilearn.thu.edu.tw/static/92082-209ef185.chunk.css,200
raw/ilearn.thu.edu.tw/static/runtime~js/lms-main-d55bfefd.js,https://ilearn.thu.edu.tw/static/92082.4c9d5e26.js,.js,True,raw/ilearn.thu.edu.tw/static/92082.4c9d5e26.js,200
raw/ilearn.thu.edu.tw/static/runtime~js/lms-main-d55bfefd.js,https://ilearn.thu.edu.tw/static/92085.9f610fe1.js,.js,True,raw/ilearn.thu.edu.tw/static/92085.9f610fe1.js,200
raw/ilearn.thu.edu.tw/static/runtime~js/lms-main-d55bfefd.js,https://ilearn.thu.edu.tw/static/9217-15f4a0df.chunk.css,.css,True,raw/ilearn.thu.edu.tw/static/9217-15f4a0df.chunk.css,200
raw/ilearn.thu.edu.tw/static/runtime~js/lms-main-d55bfefd.js,https://ilearn.thu.edu.tw/static/9217.3ccc580b.js,.js,True,raw/ilearn.thu.edu.tw/static/9217.3ccc580b.js,200
raw/ilearn.thu.edu.tw/static/runtime~js/lms-main-d55bfefd.js,https://ilearn.thu.edu.tw/static/92245-6062b7bb.chunk.css,.css,True,raw/ilearn.thu.edu.tw/static/92245-6062b7bb.chunk.css,200
raw/ilearn.thu.edu.tw/static/runtime~js/lms-main-d55bfefd.js,https://ilearn.thu.edu.tw/static/92245.31ede0b5.js,.js,True,raw/ilearn.thu.edu.tw/static/92245.31ede0b5.js,200
raw/ilearn.thu.edu.tw/static/runtime~js/lms-main-d55bfefd.js,https://ilearn.thu.edu.tw/static/92455-93af5f94.chunk.css,.css,True,raw/ilearn.thu.edu.tw/static/92455-93af5f94.chunk.css,200
raw/ilearn.thu.edu.tw/static/runtime~js/lms-main-d55bfefd.js,https://ilearn.thu.edu.tw/static/92455.9596e32b.js,.js,True,raw/ilearn.thu.edu.tw/static/92455.9596e32b.js,200
raw/ilearn.thu.edu.tw/static/runtime~js/lms-main-d55bfefd.js,https://ilearn.thu.edu.tw/static/92519.1c10a6fc.js,.js,True,raw/ilearn.thu.edu.tw/static/92519.1c10a6fc.js,200
raw/ilearn.thu.edu.tw/static/runtime~js/lms-main-d55bfefd.js,https://ilearn.thu.edu.tw/static/92556.15283730.js,.js,True,raw/ilearn.thu.edu.tw/static/92556.15283730.js,200
raw/ilearn.thu.edu.tw/static/runtime~js/lms-main-d55bfefd.js,https://ilearn.thu.edu.tw/static/92702-e80c4026.chunk.css,.css,True,raw/ilearn.thu.edu.tw/static/92702-e80c4026.chunk.css,200
raw/ilearn.thu.edu.tw/static/runtime~js/lms-main-d55bfefd.js,https://ilearn.thu.edu.tw/static/92794.570cff7b.js,.js,True,raw/ilearn.thu.edu.tw/static/92794.570cff7b.js,200
raw/ilearn.thu.edu.tw/static/runtime~js/lms-main-d55bfefd.js,https://ilearn.thu.edu.tw/static/93084.502a2adb.js,.js,True,raw/ilearn.thu.edu.tw/static/93084.502a2adb.js,200
raw/ilearn.thu.edu.tw/static/runtime~js/lms-main-d55bfefd.js,https://ilearn.thu.edu.tw/static/93155.0c0ec13a.js,.js,True,raw/ilearn.thu.edu.tw/static/93155.0c0ec13a.js,200
raw/ilearn.thu.edu.tw/static/runtime~js/lms-main-d55bfefd.js,https://ilearn.thu.edu.tw/static/93163-c671509c.chunk.css,.css,True,raw/ilearn.thu.edu.tw/static/93163-c671509c.chunk.css,200
raw/ilearn.thu.edu.tw/static/runtime~js/lms-main-d55bfefd.js,https://ilearn.thu.edu.tw/static/93163.ee12a54e.js,.js,True,raw/ilearn.thu.edu.tw/static/93163.ee12a54e.js,200
raw/ilearn.thu.edu.tw/static/runtime~js/lms-main-d55bfefd.js,https://ilearn.thu.edu.tw/static/93171.b583fe89.js,.js,True,raw/ilearn.thu.edu.tw/static/93171.b583fe89.js,200
raw/ilearn.thu.edu.tw/static/runtime~js/lms-main-d55bfefd.js,https://ilearn.thu.edu.tw/static/93198.dceb561e.js,.js,True,raw/ilearn.thu.edu.tw/static/93198.dceb561e.js,200
raw/ilearn.thu.edu.tw/static/runtime~js/lms-main-d55bfefd.js,https://ilearn.thu.edu.tw/static/93281.cb5e4d75.js,.js,True,raw/ilearn.thu.edu.tw/static/93281.cb5e4d75.js,200
raw/ilearn.thu.edu.tw/static/runtime~js/lms-main-d55bfefd.js,https://ilearn.thu.edu.tw/static/93341-28b62aba.chunk.css,.css,True,raw/ilearn.thu.edu.tw/static/93341-28b62aba.chunk.css,200
raw/ilearn.thu.edu.tw/static/runtime~js/lms-main-d55bfefd.js,https://ilearn.thu.edu.tw/static/93341.d3187e73.js,.js,True,raw/ilearn.thu.edu.tw/static/93341.d3187e73.js,200
raw/ilearn.thu.edu.tw/static/runtime~js/lms-main-d55bfefd.js,https://ilearn.thu.edu.tw/static/93366-9ec5bda6.chunk.css,.css,True,raw/ilearn.thu.edu.tw/static/93366-9ec5bda6.chunk.css,200
raw/ilearn.thu.edu.tw/static/runtime~js/lms-main-d55bfefd.js,https://ilearn.thu.edu.tw/static/93366.14a0fcf7.js,.js,True,raw/ilearn.thu.edu.tw/static/93366.14a0fcf7.js,200
raw/ilearn.thu.edu.tw/static/runtime~js/lms-main-d55bfefd.js,https://ilearn.thu.edu.tw/static/93392.97d11656.js,.js,True,raw/ilearn.thu.edu.tw/static/93392.97d11656.js,200
raw/ilearn.thu.edu.tw/static/runtime~js/lms-main-d55bfefd.js,https://ilearn.thu.edu.tw/static/93707-2c8eaaf5.chunk.css,.css,True,raw/ilearn.thu.edu.tw/static/93707-2c8eaaf5.chunk.css,200
raw/ilearn.thu.edu.tw/static/runtime~js/lms-main-d55bfefd.js,https://ilearn.thu.edu.tw/static/93707.998416bf.js,.js,True,raw/ilearn.thu.edu.tw/static/93707.998416bf.js,200
raw/ilearn.thu.edu.tw/static/runtime~js/lms-main-d55bfefd.js,https://ilearn.thu.edu.tw/static/93714.ed691a45.js,.js,True,raw/ilearn.thu.edu.tw/static/93714.ed691a45.js,200
raw/ilearn.thu.edu.tw/static/runtime~js/lms-main-d55bfefd.js,https://ilearn.thu.edu.tw/static/93746.df010f77.js,.js,True,raw/ilearn.thu.edu.tw/static/93746.df010f77.js,200
raw/ilearn.thu.edu.tw/static/runtime~js/lms-main-d55bfefd.js,https://ilearn.thu.edu.tw/static/93780.c5d539c8.js,.js,True,raw/ilearn.thu.edu.tw/static/93780.c5d539c8.js,200
raw/ilearn.thu.edu.tw/static/runtime~js/lms-main-d55bfefd.js,https://ilearn.thu.edu.tw/static/93884.fff48217.js,.js,True,raw/ilearn.thu.edu.tw/static/93884.fff48217.js,200
raw/ilearn.thu.edu.tw/static/runtime~js/lms-main-d55bfefd.js,https://ilearn.thu.edu.tw/static/93926.b408e087.js,.js,True,raw/ilearn.thu.edu.tw/static/93926.b408e087.js,200
raw/ilearn.thu.edu.tw/static/runtime~js/lms-main-d55bfefd.js,https://ilearn.thu.edu.tw/static/94064.3246640d.js,.js,True,raw/ilearn.thu.edu.tw/static/94064.3246640d.js,200
raw/ilearn.thu.edu.tw/static/runtime~js/lms-main-d55bfefd.js,https://ilearn.thu.edu.tw/static/94084-198e70ff.chunk.css,.css,True,raw/ilearn.thu.edu.tw/static/94084-198e70ff.chunk.css,200
raw/ilearn.thu.edu.tw/static/runtime~js/lms-main-d55bfefd.js,https://ilearn.thu.edu.tw/static/94084.256de11c.js,.js,True,raw/ilearn.thu.edu.tw/static/94084.256de11c.js,200
raw/ilearn.thu.edu.tw/static/runtime~js/lms-main-d55bfefd.js,https://ilearn.thu.edu.tw/static/94119.6a53ddb1.js,.js,True,raw/ilearn.thu.edu.tw/static/94119.6a53ddb1.js,200
raw/ilearn.thu.edu.tw/static/runtime~js/lms-main-d55bfefd.js,https://ilearn.thu.edu.tw/static/94170.7b87e45d.js,.js,True,raw/ilearn.thu.edu.tw/static/94170.7b87e45d.js,200
raw/ilearn.thu.edu.tw/static/runtime~js/lms-main-d55bfefd.js,https://ilearn.thu.edu.tw/static/94207.55993ecf.js,.js,True,raw/ilearn.thu.edu.tw/static/94207.55993ecf.js,200
raw/ilearn.thu.edu.tw/static/runtime~js/lms-main-d55bfefd.js,https://ilearn.thu.edu.tw/static/94266-82908132.chunk.css,.css,True,raw/ilearn.thu.edu.tw/static/94266-82908132.chunk.css,200
raw/ilearn.thu.edu.tw/static/runtime~js/lms-main-d55bfefd.js,https://ilearn.thu.edu.tw/static/94266.e5ff0ac2.js,.js,True,raw/ilearn.thu.edu.tw/static/94266.e5ff0ac2.js,200
raw/ilearn.thu.edu.tw/static/runtime~js/lms-main-d55bfefd.js,https://ilearn.thu.edu.tw/static/94290-7289bec6.chunk.css,.css,True,raw/ilearn.thu.edu.tw/static/94290-7289bec6.chunk.css,200
raw/ilearn.thu.edu.tw/static/runtime~js/lms-main-d55bfefd.js,https://ilearn.thu.edu.tw/static/94290.afac436a.js,.js,True,raw/ilearn.thu.edu.tw/static/94290.afac436a.js,200
raw/ilearn.thu.edu.tw/static/runtime~js/lms-main-d55bfefd.js,https://ilearn.thu.edu.tw/static/94299-db06345e.chunk.css,.css,True,raw/ilearn.thu.edu.tw/static/94299-db06345e.chunk.css,200
raw/ilearn.thu.edu.tw/static/runtime~js/lms-main-d55bfefd.js,https://ilearn.thu.edu.tw/static/94299.52749a48.js,.js,True,raw/ilearn.thu.edu.tw/static/94299.52749a48.js,200
raw/ilearn.thu.edu.tw/static/runtime~js/lms-main-d55bfefd.js,https://ilearn.thu.edu.tw/static/943-eece7788.chunk.css,.css,True,raw/ilearn.thu.edu.tw/static/943-eece7788.chunk.css,200
raw/ilearn.thu.edu.tw/static/runtime~js/lms-main-d55bfefd.js,https://ilearn.thu.edu.tw/static/943.9f27a35c.js,.js,True,raw/ilearn.thu.edu.tw/static/943.9f27a35c.js,200
raw/ilearn.thu.edu.tw/static/runtime~js/lms-main-d55bfefd.js,https://ilearn.thu.edu.tw/static/94591.2a6f5e72.js,.js,True,raw/ilearn.thu.edu.tw/static/94591.2a6f5e72.js,200
raw/ilearn.thu.edu.tw/static/runtime~js/lms-main-d55bfefd.js,https://ilearn.thu.edu.tw/static/94795.2ff75664.js,.js,True,raw/ilearn.thu.edu.tw/static/94795.2ff75664.js,200
raw/ilearn.thu.edu.tw/static/runtime~js/lms-main-d55bfefd.js,https://ilearn.thu.edu.tw/static/94862.200578e9.js,.js,True,raw/ilearn.thu.edu.tw/static/94862.200578e9.js,200
raw/ilearn.thu.edu.tw/static/runtime~js/lms-main-d55bfefd.js,https://ilearn.thu.edu.tw/static/95034.c578be3f.js,.js,True,raw/ilearn.thu.edu.tw/static/95034.c578be3f.js,200
raw/ilearn.thu.edu.tw/static/runtime~js/lms-main-d55bfefd.js,https://ilearn.thu.edu.tw/static/95078.fcfc24e6.js,.js,True,raw/ilearn.thu.edu.tw/static/95078.fcfc24e6.js,200
raw/ilearn.thu.edu.tw/static/runtime~js/lms-main-d55bfefd.js,https://ilearn.thu.edu.tw/static/95128.8705b488.js,.js,True,raw/ilearn.thu.edu.tw/static/95128.8705b488.js,200
raw/ilearn.thu.edu.tw/static/runtime~js/lms-main-d55bfefd.js,https://ilearn.thu.edu.tw/static/95397-5f6909f9.chunk.css,.css,True,raw/ilearn.thu.edu.tw/static/95397-5f6909f9.chunk.css,200
raw/ilearn.thu.edu.tw/static/runtime~js/lms-main-d55bfefd.js,https://ilearn.thu.edu.tw/static/95397.bb70580d.js,.js,True,raw/ilearn.thu.edu.tw/static/95397.bb70580d.js,200
raw/ilearn.thu.edu.tw/static/runtime~js/lms-main-d55bfefd.js,https://ilearn.thu.edu.tw/static/95526.f68dcdae.js,.js,True,raw/ilearn.thu.edu.tw/static/95526.f68dcdae.js,200
raw/ilearn.thu.edu.tw/static/runtime~js/lms-main-d55bfefd.js,https://ilearn.thu.edu.tw/static/95825.9d586b3c.js,.js,True,raw/ilearn.thu.edu.tw/static/95825.9d586b3c.js,200
raw/ilearn.thu.edu.tw/static/runtime~js/lms-main-d55bfefd.js,https://ilearn.thu.edu.tw/static/95877.fecdc441.js,.js,True,raw/ilearn.thu.edu.tw/static/95877.fecdc441.js,200
raw/ilearn.thu.edu.tw/static/runtime~js/lms-main-d55bfefd.js,https://ilearn.thu.edu.tw/static/96140-2276bc17.chunk.css,.css,True,raw/ilearn.thu.edu.tw/static/96140-2276bc17.chunk.css,200
raw/ilearn.thu.edu.tw/static/runtime~js/lms-main-d55bfefd.js,https://ilearn.thu.edu.tw/static/96140.a5ad6c1d.js,.js,True,raw/ilearn.thu.edu.tw/static/96140.a5ad6c1d.js,200
raw/ilearn.thu.edu.tw/static/runtime~js/lms-main-d55bfefd.js,https://ilearn.thu.edu.tw/static/96190.4e7c05f5.js,.js,True,raw/ilearn.thu.edu.tw/static/96190.4e7c05f5.js,200
raw/ilearn.thu.edu.tw/static/runtime~js/lms-main-d55bfefd.js,https://ilearn.thu.edu.tw/static/96209-7e6b6625.chunk.css,.css,True,raw/ilearn.thu.edu.tw/static/96209-7e6b6625.chunk.css,200
raw/ilearn.thu.edu.tw/static/runtime~js/lms-main-d55bfefd.js,https://ilearn.thu.edu.tw/static/96209.eab6623e.js,.js,True,raw/ilearn.thu.edu.tw/static/96209.eab6623e.js,200
raw/ilearn.thu.edu.tw/static/runtime~js/lms-main-d55bfefd.js,https://ilearn.thu.edu.tw/static/96258.25a0a2a3.js,.js,True,raw/ilearn.thu.edu.tw/static/96258.25a0a2a3.js,200
raw/ilearn.thu.edu.tw/static/runtime~js/lms-main-d55bfefd.js,https://ilearn.thu.edu.tw/static/96531.6cf2d69c.js,.js,True,raw/ilearn.thu.edu.tw/static/96531.6cf2d69c.js,200
raw/ilearn.thu.edu.tw/static/runtime~js/lms-main-d55bfefd.js,https://ilearn.thu.edu.tw/static/96553.acc9dcc4.js,.js,True,raw/ilearn.thu.edu.tw/static/96553.acc9dcc4.js,200
raw/ilearn.thu.edu.tw/static/runtime~js/lms-main-d55bfefd.js,https://ilearn.thu.edu.tw/static/96594.0de9518d.js,.js,True,raw/ilearn.thu.edu.tw/static/96594.0de9518d.js,200
raw/ilearn.thu.edu.tw/static/runtime~js/lms-main-d55bfefd.js,https://ilearn.thu.edu.tw/static/96674-0662e627.chunk.css,.css,True,raw/ilearn.thu.edu.tw/static/96674-0662e627.chunk.css,200
raw/ilearn.thu.edu.tw/static/runtime~js/lms-main-d55bfefd.js,https://ilearn.thu.edu.tw/static/96674.e7c69224.js,.js,True,raw/ilearn.thu.edu.tw/static/96674.e7c69224.js,200
raw/ilearn.thu.edu.tw/static/runtime~js/lms-main-d55bfefd.js,https://ilearn.thu.edu.tw/static/96717.643d9050.js,.js,True,raw/ilearn.thu.edu.tw/static/96717.643d9050.js,200
raw/ilearn.thu.edu.tw/static/runtime~js/lms-main-d55bfefd.js,https://ilearn.thu.edu.tw/static/96781.5b15a99b.js,.js,True,raw/ilearn.thu.edu.tw/static/96781.5b15a99b.js,200
raw/ilearn.thu.edu.tw/static/runtime~js/lms-main-d55bfefd.js,https://ilearn.thu.edu.tw/static/96966.ce16085e.js,.js,True,raw/ilearn.thu.edu.tw/static/96966.ce16085e.js,200
raw/ilearn.thu.edu.tw/static/runtime~js/lms-main-d55bfefd.js,https://ilearn.thu.edu.tw/static/97170.21bce3c1.js,.js,True,raw/ilearn.thu.edu.tw/static/97170.21bce3c1.js,200
raw/ilearn.thu.edu.tw/static/runtime~js/lms-main-d55bfefd.js,https://ilearn.thu.edu.tw/static/97195-43fd1547.chunk.css,.css,True,raw/ilearn.thu.edu.tw/static/97195-43fd1547.chunk.css,200
raw/ilearn.thu.edu.tw/static/runtime~js/lms-main-d55bfefd.js,https://ilearn.thu.edu.tw/static/97195.2faf10fc.js,.js,True,raw/ilearn.thu.edu.tw/static/97195.2faf10fc.js,200
raw/ilearn.thu.edu.tw/static/runtime~js/lms-main-d55bfefd.js,https://ilearn.thu.edu.tw/static/97222-7a130436.js,.js,True,raw/ilearn.thu.edu.tw/static/97222-7a130436.js,200
raw/ilearn.thu.edu.tw/static/runtime~js/lms-main-d55bfefd.js,https://ilearn.thu.edu.tw/static/9727.544f163b.js,.js,True,raw/ilearn.thu.edu.tw/static/9727.544f163b.js,200
raw/ilearn.thu.edu.tw/static/runtime~js/lms-main-d55bfefd.js,https://ilearn.thu.edu.tw/static/9733.dbcbf3d9.js,.js,True,raw/ilearn.thu.edu.tw/static/9733.dbcbf3d9.js,200
raw/ilearn.thu.edu.tw/static/runtime~js/lms-main-d55bfefd.js,https://ilearn.thu.edu.tw/static/97381-087aef3b.chunk.css,.css,True,raw/ilearn.thu.edu.tw/static/97381-087aef3b.chunk.css,200
raw/ilearn.thu.edu.tw/static/runtime~js/lms-main-d55bfefd.js,https://ilearn.thu.edu.tw/static/97381.d0865143.js,.js,True,raw/ilearn.thu.edu.tw/static/97381.d0865143.js,200
raw/ilearn.thu.edu.tw/static/runtime~js/lms-main-d55bfefd.js,https://ilearn.thu.edu.tw/static/97620-09432542.chunk.css,.css,True,raw/ilearn.thu.edu.tw/static/97620-09432542.chunk.css,200
raw/ilearn.thu.edu.tw/static/runtime~js/lms-main-d55bfefd.js,https://ilearn.thu.edu.tw/static/97620.c8167195.js,.js,True,raw/ilearn.thu.edu.tw/static/97620.c8167195.js,200
raw/ilearn.thu.edu.tw/static/runtime~js/lms-main-d55bfefd.js,https://ilearn.thu.edu.tw/static/97675.79548d56.js,.js,True,raw/ilearn.thu.edu.tw/static/97675.79548d56.js,200
raw/ilearn.thu.edu.tw/static/runtime~js/lms-main-d55bfefd.js,https://ilearn.thu.edu.tw/static/97992.59d1ce65.js,.js,True,raw/ilearn.thu.edu.tw/static/97992.59d1ce65.js,200
raw/ilearn.thu.edu.tw/static/runtime~js/lms-main-d55bfefd.js,https://ilearn.thu.edu.tw/static/98222-8a4fb695.chunk.css,.css,True,raw/ilearn.thu.edu.tw/static/98222-8a4fb695.chunk.css,200
raw/ilearn.thu.edu.tw/static/runtime~js/lms-main-d55bfefd.js,https://ilearn.thu.edu.tw/static/98222.8de0acc8.js,.js,True,raw/ilearn.thu.edu.tw/static/98222.8de0acc8.js,200
raw/ilearn.thu.edu.tw/static/runtime~js/lms-main-d55bfefd.js,https://ilearn.thu.edu.tw/static/98451.e84ea91c.js,.js,True,raw/ilearn.thu.edu.tw/static/98451.e84ea91c.js,200
raw/ilearn.thu.edu.tw/static/runtime~js/lms-main-d55bfefd.js,https://ilearn.thu.edu.tw/static/9862.d5cc01ba.js,.js,True,raw/ilearn.thu.edu.tw/static/9862.d5cc01ba.js,200
raw/ilearn.thu.edu.tw/static/runtime~js/lms-main-d55bfefd.js,https://ilearn.thu.edu.tw/static/98766.dfd08580.js,.js,True,raw/ilearn.thu.edu.tw/static/98766.dfd08580.js,200
raw/ilearn.thu.edu.tw/static/runtime~js/lms-main-d55bfefd.js,https://ilearn.thu.edu.tw/static/99006-f91aede3.chunk.css,.css,True,raw/ilearn.thu.edu.tw/static/99006-f91aede3.chunk.css,200
raw/ilearn.thu.edu.tw/static/runtime~js/lms-main-d55bfefd.js,https://ilearn.thu.edu.tw/static/99006.38242dc9.js,.js,True,raw/ilearn.thu.edu.tw/static/99006.38242dc9.js,200
raw/ilearn.thu.edu.tw/static/runtime~js/lms-main-d55bfefd.js,https://ilearn.thu.edu.tw/static/99038-17730c9a.chunk.css,.css,True,raw/ilearn.thu.edu.tw/static/99038-17730c9a.chunk.css,200
raw/ilearn.thu.edu.tw/static/runtime~js/lms-main-d55bfefd.js,https://ilearn.thu.edu.tw/static/99038.bc3a4ccc.js,.js,True,raw/ilearn.thu.edu.tw/static/99038.bc3a4ccc.js,200
raw/ilearn.thu.edu.tw/static/runtime~js/lms-main-d55bfefd.js,https://ilearn.thu.edu.tw/static/99113.4bb3dd4a.js,.js,True,raw/ilearn.thu.edu.tw/static/99113.4bb3dd4a.js,200
raw/ilearn.thu.edu.tw/static/runtime~js/lms-main-d55bfefd.js,https://ilearn.thu.edu.tw/static/99224.622b68bb.js,.js,True,raw/ilearn.thu.edu.tw/static/99224.622b68bb.js,200
raw/ilearn.thu.edu.tw/static/runtime~js/lms-main-d55bfefd.js,https://ilearn.thu.edu.tw/static/99393-9568e05c.chunk.css,.css,True,raw/ilearn.thu.edu.tw/static/99393-9568e05c.chunk.css,200
raw/ilearn.thu.edu.tw/static/runtime~js/lms-main-d55bfefd.js,https://ilearn.thu.edu.tw/static/99393.17a82ead.js,.js,True,raw/ilearn.thu.edu.tw/static/99393.17a82ead.js,200
raw/ilearn.thu.edu.tw/static/runtime~js/lms-main-d55bfefd.js,https://ilearn.thu.edu.tw/static/99439-a70472ff.chunk.css,.css,True,raw/ilearn.thu.edu.tw/static/99439-a70472ff.chunk.css,200
raw/ilearn.thu.edu.tw/static/runtime~js/lms-main-d55bfefd.js,https://ilearn.thu.edu.tw/static/99439.0d4c2abb.js,.js,True,raw/ilearn.thu.edu.tw/static/99439.0d4c2abb.js,200
raw/ilearn.thu.edu.tw/static/runtime~js/lms-main-d55bfefd.js,https://ilearn.thu.edu.tw/static/99560-dad24394.chunk.css,.css,True,raw/ilearn.thu.edu.tw/static/99560-dad24394.chunk.css,200
raw/ilearn.thu.edu.tw/static/runtime~js/lms-main-d55bfefd.js,https://ilearn.thu.edu.tw/static/99955-4e2de18c.chunk.css,.css,True,raw/ilearn.thu.edu.tw/static/99955-4e2de18c.chunk.css,200
raw/ilearn.thu.edu.tw/static/runtime~js/lms-main-d55bfefd.js,https://ilearn.thu.edu.tw/static/99955.ed221ecb.js,.js,True,raw/ilearn.thu.edu.tw/static/99955.ed221ecb.js,200
raw/ilearn.thu.edu.tw/static/runtime~js/lms-main-d55bfefd.js,https://ilearn.thu.edu.tw/static/js/lms-main-c9dd7ace.css,.css,True,raw/ilearn.thu.edu.tw/static/js/lms-main-c9dd7ace.css,200
raw/ilearn.thu.edu.tw/static/runtime~js/lms-main-d55bfefd.js,https://ilearn.thu.edu.tw/static/styles-base-b3360956.css,.css,True,raw/ilearn.thu.edu.tw/static/styles-base-b3360956.css,200
raw/ilearn.thu.edu.tw/static/runtime~js/lms-main-d55bfefd.js,https://ilearn.thu.edu.tw/static/styles-course-037f0dda-4f232b81.css,.css,True,raw/ilearn.thu.edu.tw/static/styles-course-037f0dda-4f232b81.css,200
raw/ilearn.thu.edu.tw/static/runtime~js/lms-main-d55bfefd.js,https://ilearn.thu.edu.tw/static/styles-course-127037c2-0b33d085.css,.css,True,raw/ilearn.thu.edu.tw/static/styles-course-127037c2-0b33d085.css,200
raw/ilearn.thu.edu.tw/static/runtime~js/lms-main-d55bfefd.js,https://ilearn.thu.edu.tw/static/styles-course-30349872-659401ca.css,.css,True,raw/ilearn.thu.edu.tw/static/styles-course-30349872-659401ca.css,200
raw/ilearn.thu.edu.tw/static/runtime~js/lms-main-d55bfefd.js,https://ilearn.thu.edu.tw/static/styles-course-ce409320-2e476976.css,.css,True,raw/ilearn.thu.edu.tw/static/styles-course-ce409320-2e476976.css,200
raw/ilearn.thu.edu.tw/static/runtime~js/lms-main-d55bfefd.js,https://ilearn.thu.edu.tw/static/styles-course-f15203a0-c3fcafaa.css,.css,True,raw/ilearn.thu.edu.tw/static/styles-course-f15203a0-c3fcafaa.css,200
raw/ilearn.thu.edu.tw/static/runtime~js/lms-main-d55bfefd.js,https://ilearn.thu.edu.tw/static/styles-iview-58339d95.css,.css,True,raw/ilearn.thu.edu.tw/static/styles-iview-58339d95.css,200
raw/ilearn.thu.edu.tw/static/runtime~js/lms-main-d55bfefd.js,https://ilearn.thu.edu.tw/static/styles-lms-main-053bba23.css,.css,True,raw/ilearn.thu.edu.tw/static/styles-lms-main-053bba23.css,200
raw/ilearn.thu.edu.tw/static/runtime~js/lms-main-d55bfefd.js,https://ilearn.thu.edu.tw/static/styles-user-ad3bda01.css,.css,True,raw/ilearn.thu.edu.tw/static/styles-user-ad3bda01.css,200
raw/ilearn.thu.edu.tw/static/runtime~js/main-portal-86d88036.js,https://ilearn.thu.edu.tw/static/10035.853f7abc.js,.js,True,raw/ilearn.thu.edu.tw/static/10035.853f7abc.js,200
raw/ilearn.thu.edu.tw/static/runtime~js/main-portal-86d88036.js,https://ilearn.thu.edu.tw/static/10067.39ff48db.js,.js,True,raw/ilearn.thu.edu.tw/static/10067.39ff48db.js,200
raw/ilearn.thu.edu.tw/static/runtime~js/main-portal-86d88036.js,https://ilearn.thu.edu.tw/static/10188.0cd009aa.js,.js,True,raw/ilearn.thu.edu.tw/static/10188.0cd009aa.js,200
raw/ilearn.thu.edu.tw/static/runtime~js/main-portal-86d88036.js,https://ilearn.thu.edu.tw/static/10242.1acb04a8.js,.js,True,raw/ilearn.thu.edu.tw/static/10242.1acb04a8.js,200
raw/ilearn.thu.edu.tw/static/runtime~js/main-portal-86d88036.js,https://ilearn.thu.edu.tw/static/10248-98bfa44a.chunk.css,.css,True,raw/ilearn.thu.edu.tw/static/10248-98bfa44a.chunk.css,200
raw/ilearn.thu.edu.tw/static/runtime~js/main-portal-86d88036.js,https://ilearn.thu.edu.tw/static/10248.e193e757.js,.js,True,raw/ilearn.thu.edu.tw/static/10248.e193e757.js,200
raw/ilearn.thu.edu.tw/static/runtime~js/main-portal-86d88036.js,https://ilearn.thu.edu.tw/static/10257.5f75a4b2.js,.js,True,raw/ilearn.thu.edu.tw/static/10257.5f75a4b2.js,200
raw/ilearn.thu.edu.tw/static/runtime~js/main-portal-86d88036.js,https://ilearn.thu.edu.tw/static/10309.2e240c82.js,.js,True,raw/ilearn.thu.edu.tw/static/10309.2e240c82.js,200
raw/ilearn.thu.edu.tw/static/runtime~js/main-portal-86d88036.js,https://ilearn.thu.edu.tw/static/10310.1168e67d.js,.js,True,raw/ilearn.thu.edu.tw/static/10310.1168e67d.js,200
raw/ilearn.thu.edu.tw/static/runtime~js/main-portal-86d88036.js,https://ilearn.thu.edu.tw/static/10380.988cf572.js,.js,True,raw/ilearn.thu.edu.tw/static/10380.988cf572.js,200
raw/ilearn.thu.edu.tw/static/runtime~js/main-portal-86d88036.js,https://ilearn.thu.edu.tw/static/10383-960bbf42.chunk.css,.css,True,raw/ilearn.thu.edu.tw/static/10383-960bbf42.chunk.css,200
raw/ilearn.thu.edu.tw/static/runtime~js/main-portal-86d88036.js,https://ilearn.thu.edu.tw/static/10383.d04ce83a.js,.js,True,raw/ilearn.thu.edu.tw/static/10383.d04ce83a.js,200
raw/ilearn.thu.edu.tw/static/runtime~js/main-portal-86d88036.js,https://ilearn.thu.edu.tw/static/10409.3c0dcb73.js,.js,True,raw/ilearn.thu.edu.tw/static/10409.3c0dcb73.js,200
raw/ilearn.thu.edu.tw/static/runtime~js/main-portal-86d88036.js,https://ilearn.thu.edu.tw/static/1065.e951cf0f.js,.js,True,raw/ilearn.thu.edu.tw/static/1065.e951cf0f.js,200
raw/ilearn.thu.edu.tw/static/runtime~js/main-portal-86d88036.js,https://ilearn.thu.edu.tw/static/10844.0d26da39.js,.js,True,raw/ilearn.thu.edu.tw/static/10844.0d26da39.js,200
raw/ilearn.thu.edu.tw/static/runtime~js/main-portal-86d88036.js,https://ilearn.thu.edu.tw/static/1104.a7791db6.js,.js,True,raw/ilearn.thu.edu.tw/static/1104.a7791db6.js,200
raw/ilearn.thu.edu.tw/static/runtime~js/main-portal-86d88036.js,https://ilearn.thu.edu.tw/static/11580.a7791db6.js,.js,True,raw/ilearn.thu.edu.tw/static/11580.a7791db6.js,200
raw/ilearn.thu.edu.tw/static/runtime~js/main-portal-86d88036.js,https://ilearn.thu.edu.tw/static/11708.a556fce2.js,.js,True,raw/ilearn.thu.edu.tw/static/11708.a556fce2.js,200
raw/ilearn.thu.edu.tw/static/runtime~js/main-portal-86d88036.js,https://ilearn.thu.edu.tw/static/11812.92e9ccfe.js,.js,True,raw/ilearn.thu.edu.tw/static/11812.92e9ccfe.js,200
raw/ilearn.thu.edu.tw/static/runtime~js/main-portal-86d88036.js,https://ilearn.thu.edu.tw/static/11836-7c4b2711.chunk.css,.css,True,raw/ilearn.thu.edu.tw/static/11836-7c4b2711.chunk.css,200
raw/ilearn.thu.edu.tw/static/runtime~js/main-portal-86d88036.js,https://ilearn.thu.edu.tw/static/11836.f57019c4.js,.js,True,raw/ilearn.thu.edu.tw/static/11836.f57019c4.js,200
raw/ilearn.thu.edu.tw/static/runtime~js/main-portal-86d88036.js,https://ilearn.thu.edu.tw/static/11903.fdf6e5ec.js,.js,True,raw/ilearn.thu.edu.tw/static/11903.fdf6e5ec.js,200
raw/ilearn.thu.edu.tw/static/runtime~js/main-portal-86d88036.js,https://ilearn.thu.edu.tw/static/12117.76d49271.js,.js,True,raw/ilearn.thu.edu.tw/static/12117.76d49271.js,200
raw/ilearn.thu.edu.tw/static/runtime~js/main-portal-86d88036.js,https://ilearn.thu.edu.tw/static/12159-e10443e1.chunk.css,.css,True,raw/ilearn.thu.edu.tw/static/12159-e10443e1.chunk.css,200
raw/ilearn.thu.edu.tw/static/runtime~js/main-portal-86d88036.js,https://ilearn.thu.edu.tw/static/12159.7fb514eb.js,.js,True,raw/ilearn.thu.edu.tw/static/12159.7fb514eb.js,200
raw/ilearn.thu.edu.tw/static/runtime~js/main-portal-86d88036.js,https://ilearn.thu.edu.tw/static/12308.102041f5.js,.js,True,raw/ilearn.thu.edu.tw/static/12308.102041f5.js,200
raw/ilearn.thu.edu.tw/static/runtime~js/main-portal-86d88036.js,https://ilearn.thu.edu.tw/static/12472.7cff0687.js,.js,True,raw/ilearn.thu.edu.tw/static/12472.7cff0687.js,200
raw/ilearn.thu.edu.tw/static/runtime~js/main-portal-86d88036.js,https://ilearn.thu.edu.tw/static/12798-c867edb0.chunk.css,.css,True,raw/ilearn.thu.edu.tw/static/12798-c867edb0.chunk.css,200
raw/ilearn.thu.edu.tw/static/runtime~js/main-portal-86d88036.js,https://ilearn.thu.edu.tw/static/12798.0fbe5454.js,.js,True,raw/ilearn.thu.edu.tw/static/12798.0fbe5454.js,200
raw/ilearn.thu.edu.tw/static/runtime~js/main-portal-86d88036.js,https://ilearn.thu.edu.tw/static/12855-d64fef13.chunk.css,.css,True,raw/ilearn.thu.edu.tw/static/12855-d64fef13.chunk.css,200
raw/ilearn.thu.edu.tw/static/runtime~js/main-portal-86d88036.js,https://ilearn.thu.edu.tw/static/12919.4817e094.js,.js,True,raw/ilearn.thu.edu.tw/static/12919.4817e094.js,200
raw/ilearn.thu.edu.tw/static/runtime~js/main-portal-86d88036.js,https://ilearn.thu.edu.tw/static/13529.d8cb667c.js,.js,True,raw/ilearn.thu.edu.tw/static/13529.d8cb667c.js,200
raw/ilearn.thu.edu.tw/static/runtime~js/main-portal-86d88036.js,https://ilearn.thu.edu.tw/static/13642.2932c270.js,.js,True,raw/ilearn.thu.edu.tw/static/13642.2932c270.js,200
raw/ilearn.thu.edu.tw/static/runtime~js/main-portal-86d88036.js,https://ilearn.thu.edu.tw/static/13709-b1e35863.js,.js,True,raw/ilearn.thu.edu.tw/static/13709-b1e35863.js,200
raw/ilearn.thu.edu.tw/static/runtime~js/main-portal-86d88036.js,https://ilearn.thu.edu.tw/static/13821.19c32f7f.js,.js,True,raw/ilearn.thu.edu.tw/static/13821.19c32f7f.js,200
raw/ilearn.thu.edu.tw/static/runtime~js/main-portal-86d88036.js,https://ilearn.thu.edu.tw/static/13856.6c8c84cd.js,.js,True,raw/ilearn.thu.edu.tw/static/13856.6c8c84cd.js,200
raw/ilearn.thu.edu.tw/static/runtime~js/main-portal-86d88036.js,https://ilearn.thu.edu.tw/static/13944-0beebd42.chunk.css,.css,True,raw/ilearn.thu.edu.tw/static/13944-0beebd42.chunk.css,200
raw/ilearn.thu.edu.tw/static/runtime~js/main-portal-86d88036.js,https://ilearn.thu.edu.tw/static/13944.4d81e66c.js,.js,True,raw/ilearn.thu.edu.tw/static/13944.4d81e66c.js,200
raw/ilearn.thu.edu.tw/static/runtime~js/main-portal-86d88036.js,https://ilearn.thu.edu.tw/static/13969.2a552dd2.js,.js,True,raw/ilearn.thu.edu.tw/static/13969.2a552dd2.js,200
raw/ilearn.thu.edu.tw/static/runtime~js/main-portal-86d88036.js,https://ilearn.thu.edu.tw/static/14054-3613432e.chunk.css,.css,True,raw/ilearn.thu.edu.tw/static/14054-3613432e.chunk.css,200
raw/ilearn.thu.edu.tw/static/runtime~js/main-portal-86d88036.js,https://ilearn.thu.edu.tw/static/14054.10797ea7.js,.js,True,raw/ilearn.thu.edu.tw/static/14054.10797ea7.js,200
raw/ilearn.thu.edu.tw/static/runtime~js/main-portal-86d88036.js,https://ilearn.thu.edu.tw/static/14068.31ea119d.js,.js,True,raw/ilearn.thu.edu.tw/static/14068.31ea119d.js,200
raw/ilearn.thu.edu.tw/static/runtime~js/main-portal-86d88036.js,https://ilearn.thu.edu.tw/static/14279.f75486f1.js,.js,True,raw/ilearn.thu.edu.tw/static/14279.f75486f1.js,200
raw/ilearn.thu.edu.tw/static/runtime~js/main-portal-86d88036.js,https://ilearn.thu.edu.tw/static/14433.8da36488.js,.js,True,raw/ilearn.thu.edu.tw/static/14433.8da36488.js,200
raw/ilearn.thu.edu.tw/static/runtime~js/main-portal-86d88036.js,https://ilearn.thu.edu.tw/static/14615.8c38d7d4.js,.js,True,raw/ilearn.thu.edu.tw/static/14615.8c38d7d4.js,200
raw/ilearn.thu.edu.tw/static/runtime~js/main-portal-86d88036.js,https://ilearn.thu.edu.tw/static/14631.e54876b2.js,.js,True,raw/ilearn.thu.edu.tw/static/14631.e54876b2.js,200
raw/ilearn.thu.edu.tw/static/runtime~js/main-portal-86d88036.js,https://ilearn.thu.edu.tw/static/14769.c100af91.js,.js,True,raw/ilearn.thu.edu.tw/static/14769.c100af91.js,200
raw/ilearn.thu.edu.tw/static/runtime~js/main-portal-86d88036.js,https://ilearn.thu.edu.tw/static/14891-1970a0da.js,.js,True,raw/ilearn.thu.edu.tw/static/14891-1970a0da.js,200
raw/ilearn.thu.edu.tw/static/runtime~js/main-portal-86d88036.js,https://ilearn.thu.edu.tw/static/14928.ccbfea64.js,.js,True,raw/ilearn.thu.edu.tw/static/14928.ccbfea64.js,200
raw/ilearn.thu.edu.tw/static/runtime~js/main-portal-86d88036.js,https://ilearn.thu.edu.tw/static/15034-f3c55e37.chunk.css,.css,True,raw/ilearn.thu.edu.tw/static/15034-f3c55e37.chunk.css,200
raw/ilearn.thu.edu.tw/static/runtime~js/main-portal-86d88036.js,https://ilearn.thu.edu.tw/static/15034.a0e65e77.js,.js,True,raw/ilearn.thu.edu.tw/static/15034.a0e65e77.js,200
raw/ilearn.thu.edu.tw/static/runtime~js/main-portal-86d88036.js,https://ilearn.thu.edu.tw/static/15134.740fc306.js,.js,True,raw/ilearn.thu.edu.tw/static/15134.740fc306.js,200
raw/ilearn.thu.edu.tw/static/runtime~js/main-portal-86d88036.js,https://ilearn.thu.edu.tw/static/15175.570cff7b.js,.js,True,raw/ilearn.thu.edu.tw/static/15175.570cff7b.js,200
raw/ilearn.thu.edu.tw/static/runtime~js/main-portal-86d88036.js,https://ilearn.thu.edu.tw/static/15225.71f0582a.js,.js,True,raw/ilearn.thu.edu.tw/static/15225.71f0582a.js,200
raw/ilearn.thu.edu.tw/static/runtime~js/main-portal-86d88036.js,https://ilearn.thu.edu.tw/static/15435.660824cb.js,.js,True,raw/ilearn.thu.edu.tw/static/15435.660824cb.js,200
raw/ilearn.thu.edu.tw/static/runtime~js/main-portal-86d88036.js,https://ilearn.thu.edu.tw/static/15448.d1593c31.js,.js,True,raw/ilearn.thu.edu.tw/static/15448.d1593c31.js,200
raw/ilearn.thu.edu.tw/static/runtime~js/main-portal-86d88036.js,https://ilearn.thu.edu.tw/static/15471.49137ee2.js,.js,True,raw/ilearn.thu.edu.tw/static/15471.49137ee2.js,200
raw/ilearn.thu.edu.tw/static/runtime~js/main-portal-86d88036.js,https://ilearn.thu.edu.tw/static/15587-364162b9.chunk.css,.css,True,raw/ilearn.thu.edu.tw/static/15587-364162b9.chunk.css,200
raw/ilearn.thu.edu.tw/static/runtime~js/main-portal-86d88036.js,https://ilearn.thu.edu.tw/static/15587.dbb2fed1.js,.js,True,raw/ilearn.thu.edu.tw/static/15587.dbb2fed1.js,200
raw/ilearn.thu.edu.tw/static/runtime~js/main-portal-86d88036.js,https://ilearn.thu.edu.tw/static/1561-3ff15ef9.css,.css,True,raw/ilearn.thu.edu.tw/static/1561-3ff15ef9.css,200
raw/ilearn.thu.edu.tw/static/runtime~js/main-portal-86d88036.js,https://ilearn.thu.edu.tw/static/15682-ea91cd13.chunk.css,.css,True,raw/ilearn.thu.edu.tw/static/15682-ea91cd13.chunk.css,200
raw/ilearn.thu.edu.tw/static/runtime~js/main-portal-86d88036.js,https://ilearn.thu.edu.tw/static/15682.5cfcfdda.js,.js,True,raw/ilearn.thu.edu.tw/static/15682.5cfcfdda.js,200
raw/ilearn.thu.edu.tw/static/runtime~js/main-portal-86d88036.js,https://ilearn.thu.edu.tw/static/15738-2fb62eab.js,.js,True,raw/ilearn.thu.edu.tw/static/15738-2fb62eab.js,200
raw/ilearn.thu.edu.tw/static/runtime~js/main-portal-86d88036.js,https://ilearn.thu.edu.tw/static/15770.c0eea2d2.js,.js,True,raw/ilearn.thu.edu.tw/static/15770.c0eea2d2.js,200
raw/ilearn.thu.edu.tw/static/runtime~js/main-portal-86d88036.js,https://ilearn.thu.edu.tw/static/16064-89607b11.chunk.css,.css,True,raw/ilearn.thu.edu.tw/static/16064-89607b11.chunk.css,200
raw/ilearn.thu.edu.tw/static/runtime~js/main-portal-86d88036.js,https://ilearn.thu.edu.tw/static/16064.6c2c8939.js,.js,True,raw/ilearn.thu.edu.tw/static/16064.6c2c8939.js,200
raw/ilearn.thu.edu.tw/static/runtime~js/main-portal-86d88036.js,https://ilearn.thu.edu.tw/static/16065.63e765ac.js,.js,True,raw/ilearn.thu.edu.tw/static/16065.63e765ac.js,200
raw/ilearn.thu.edu.tw/static/runtime~js/main-portal-86d88036.js,https://ilearn.thu.edu.tw/static/16591.cb86ad23.js,.js,True,raw/ilearn.thu.edu.tw/static/16591.cb86ad23.js,200
raw/ilearn.thu.edu.tw/static/runtime~js/main-portal-86d88036.js,https://ilearn.thu.edu.tw/static/16761-9275ca8e.chunk.css,.css,True,raw/ilearn.thu.edu.tw/static/16761-9275ca8e.chunk.css,200
raw/ilearn.thu.edu.tw/static/runtime~js/main-portal-86d88036.js,https://ilearn.thu.edu.tw/static/16761.11351936.js,.js,True,raw/ilearn.thu.edu.tw/static/16761.11351936.js,200
raw/ilearn.thu.edu.tw/static/runtime~js/main-portal-86d88036.js,https://ilearn.thu.edu.tw/static/16831.3050f543.js,.js,True,raw/ilearn.thu.edu.tw/static/16831.3050f543.js,200
raw/ilearn.thu.edu.tw/static/runtime~js/main-portal-86d88036.js,https://ilearn.thu.edu.tw/static/16985.5dac5529.js,.js,True,raw/ilearn.thu.edu.tw/static/16985.5dac5529.js,200
raw/ilearn.thu.edu.tw/static/runtime~js/main-portal-86d88036.js,https://ilearn.thu.edu.tw/static/17224.1924c797.js,.js,True,raw/ilearn.thu.edu.tw/static/17224.1924c797.js,200
raw/ilearn.thu.edu.tw/static/runtime~js/main-portal-86d88036.js,https://ilearn.thu.edu.tw/static/17246.fe27ddb2.js,.js,True,raw/ilearn.thu.edu.tw/static/17246.fe27ddb2.js,200
raw/ilearn.thu.edu.tw/static/runtime~js/main-portal-86d88036.js,https://ilearn.thu.edu.tw/static/17261.40691132.js,.js,True,raw/ilearn.thu.edu.tw/static/17261.40691132.js,200
raw/ilearn.thu.edu.tw/static/runtime~js/main-portal-86d88036.js,https://ilearn.thu.edu.tw/static/17414.7596b044.js,.js,True,raw/ilearn.thu.edu.tw/static/17414.7596b044.js,200
raw/ilearn.thu.edu.tw/static/runtime~js/main-portal-86d88036.js,https://ilearn.thu.edu.tw/static/17621.f956d0b8.js,.js,True,raw/ilearn.thu.edu.tw/static/17621.f956d0b8.js,200
raw/ilearn.thu.edu.tw/static/runtime~js/main-portal-86d88036.js,https://ilearn.thu.edu.tw/static/17767.aae6c84c.js,.js,True,raw/ilearn.thu.edu.tw/static/17767.aae6c84c.js,200
raw/ilearn.thu.edu.tw/static/runtime~js/main-portal-86d88036.js,https://ilearn.thu.edu.tw/static/17983.a5926995.js,.js,True,raw/ilearn.thu.edu.tw/static/17983.a5926995.js,200
raw/ilearn.thu.edu.tw/static/runtime~js/main-portal-86d88036.js,https://ilearn.thu.edu.tw/static/18012.8701c2e1.js,.js,True,raw/ilearn.thu.edu.tw/static/18012.8701c2e1.js,200
raw/ilearn.thu.edu.tw/static/runtime~js/main-portal-86d88036.js,https://ilearn.thu.edu.tw/static/18041.e129ba21.js,.js,True,raw/ilearn.thu.edu.tw/static/18041.e129ba21.js,200
raw/ilearn.thu.edu.tw/static/runtime~js/main-portal-86d88036.js,https://ilearn.thu.edu.tw/static/18147-886382b1.chunk.css,.css,True,raw/ilearn.thu.edu.tw/static/18147-886382b1.chunk.css,200
raw/ilearn.thu.edu.tw/static/runtime~js/main-portal-86d88036.js,https://ilearn.thu.edu.tw/static/18147.b98c675a.js,.js,True,raw/ilearn.thu.edu.tw/static/18147.b98c675a.js,200
raw/ilearn.thu.edu.tw/static/runtime~js/main-portal-86d88036.js,https://ilearn.thu.edu.tw/static/18278.e25f810b.js,.js,True,raw/ilearn.thu.edu.tw/static/18278.e25f810b.js,200
raw/ilearn.thu.edu.tw/static/runtime~js/main-portal-86d88036.js,https://ilearn.thu.edu.tw/static/18283-93850a95.chunk.css,.css,True,raw/ilearn.thu.edu.tw/static/18283-93850a95.chunk.css,200
raw/ilearn.thu.edu.tw/static/runtime~js/main-portal-86d88036.js,https://ilearn.thu.edu.tw/static/18283.f40cd1f6.js,.js,True,raw/ilearn.thu.edu.tw/static/18283.f40cd1f6.js,200
raw/ilearn.thu.edu.tw/static/runtime~js/main-portal-86d88036.js,https://ilearn.thu.edu.tw/static/18326.bedfc73f.js,.js,True,raw/ilearn.thu.edu.tw/static/18326.bedfc73f.js,200
raw/ilearn.thu.edu.tw/static/runtime~js/main-portal-86d88036.js,https://ilearn.thu.edu.tw/static/18406.eb86529e.js,.js,True,raw/ilearn.thu.edu.tw/static/18406.eb86529e.js,200
raw/ilearn.thu.edu.tw/static/runtime~js/main-portal-86d88036.js,https://ilearn.thu.edu.tw/static/18835.4a84ef1e.js,.js,True,raw/ilearn.thu.edu.tw/static/18835.4a84ef1e.js,200
raw/ilearn.thu.edu.tw/static/runtime~js/main-portal-86d88036.js,https://ilearn.thu.edu.tw/static/1893.5a13c4ac.js,.js,True,raw/ilearn.thu.edu.tw/static/1893.5a13c4ac.js,200
raw/ilearn.thu.edu.tw/static/runtime~js/main-portal-86d88036.js,https://ilearn.thu.edu.tw/static/19186.c2183f69.js,.js,True,raw/ilearn.thu.edu.tw/static/19186.c2183f69.js,200
raw/ilearn.thu.edu.tw/static/runtime~js/main-portal-86d88036.js,https://ilearn.thu.edu.tw/static/19326-9deb26f0.js,.js,True,raw/ilearn.thu.edu.tw/static/19326-9deb26f0.js,200
raw/ilearn.thu.edu.tw/static/runtime~js/main-portal-86d88036.js,https://ilearn.thu.edu.tw/static/19332.1c341036.js,.js,True,raw/ilearn.thu.edu.tw/static/19332.1c341036.js,200
raw/ilearn.thu.edu.tw/static/runtime~js/main-portal-86d88036.js,https://ilearn.thu.edu.tw/static/19446.6fdaa169.js,.js,True,raw/ilearn.thu.edu.tw/static/19446.6fdaa169.js,200
raw/ilearn.thu.edu.tw/static/runtime~js/main-portal-86d88036.js,https://ilearn.thu.edu.tw/static/19552.d3ef0a6f.js,.js,True,raw/ilearn.thu.edu.tw/static/19552.d3ef0a6f.js,200
raw/ilearn.thu.edu.tw/static/runtime~js/main-portal-86d88036.js,https://ilearn.thu.edu.tw/static/19705.6a8993c5.js,.js,True,raw/ilearn.thu.edu.tw/static/19705.6a8993c5.js,200
raw/ilearn.thu.edu.tw/static/runtime~js/main-portal-86d88036.js,https://ilearn.thu.edu.tw/static/19707-f61245e0.chunk.css,.css,True,raw/ilearn.thu.edu.tw/static/19707-f61245e0.chunk.css,200
raw/ilearn.thu.edu.tw/static/runtime~js/main-portal-86d88036.js,https://ilearn.thu.edu.tw/static/19707.41fb3387.js,.js,True,raw/ilearn.thu.edu.tw/static/19707.41fb3387.js,200
raw/ilearn.thu.edu.tw/static/runtime~js/main-portal-86d88036.js,https://ilearn.thu.edu.tw/static/19832-61b2e8e9.chunk.css,.css,True,raw/ilearn.thu.edu.tw/static/19832-61b2e8e9.chunk.css,200
raw/ilearn.thu.edu.tw/static/runtime~js/main-portal-86d88036.js,https://ilearn.thu.edu.tw/static/19832.b33b43a5.js,.js,True,raw/ilearn.thu.edu.tw/static/19832.b33b43a5.js,200
raw/ilearn.thu.edu.tw/static/runtime~js/main-portal-86d88036.js,https://ilearn.thu.edu.tw/static/19981.0db9110e.js,.js,True,raw/ilearn.thu.edu.tw/static/19981.0db9110e.js,200
raw/ilearn.thu.edu.tw/static/runtime~js/main-portal-86d88036.js,https://ilearn.thu.edu.tw/static/20152.3ad1066f.js,.js,True,raw/ilearn.thu.edu.tw/static/20152.3ad1066f.js,200
raw/ilearn.thu.edu.tw/static/runtime~js/main-portal-86d88036.js,https://ilearn.thu.edu.tw/static/20215.c33a19b6.js,.js,True,raw/ilearn.thu.edu.tw/static/20215.c33a19b6.js,200
raw/ilearn.thu.edu.tw/static/runtime~js/main-portal-86d88036.js,https://ilearn.thu.edu.tw/static/20307-0fd301f4.js,.js,True,raw/ilearn.thu.edu.tw/static/20307-0fd301f4.js,200
raw/ilearn.thu.edu.tw/static/runtime~js/main-portal-86d88036.js,https://ilearn.thu.edu.tw/static/20373.d3bf5aed.js,.js,True,raw/ilearn.thu.edu.tw/static/20373.d3bf5aed.js,200
raw/ilearn.thu.edu.tw/static/runtime~js/main-portal-86d88036.js,https://ilearn.thu.edu.tw/static/20394-906d9bf0.chunk.css,.css,True,raw/ilearn.thu.edu.tw/static/20394-906d9bf0.chunk.css,200
raw/ilearn.thu.edu.tw/static/runtime~js/main-portal-86d88036.js,https://ilearn.thu.edu.tw/static/20394.23ecfc5d.js,.js,True,raw/ilearn.thu.edu.tw/static/20394.23ecfc5d.js,200
raw/ilearn.thu.edu.tw/static/runtime~js/main-portal-86d88036.js,https://ilearn.thu.edu.tw/static/20591.f56df586.js,.js,True,raw/ilearn.thu.edu.tw/static/20591.f56df586.js,200
raw/ilearn.thu.edu.tw/static/runtime~js/main-portal-86d88036.js,https://ilearn.thu.edu.tw/static/20807.fed7a5e0.js,.js,True,raw/ilearn.thu.edu.tw/static/20807.fed7a5e0.js,200
raw/ilearn.thu.edu.tw/static/runtime~js/main-portal-86d88036.js,https://ilearn.thu.edu.tw/static/20808-3613432e.chunk.css,.css,True,raw/ilearn.thu.edu.tw/static/20808-3613432e.chunk.css,200
raw/ilearn.thu.edu.tw/static/runtime~js/main-portal-86d88036.js,https://ilearn.thu.edu.tw/static/20808.e2422bac.js,.js,True,raw/ilearn.thu.edu.tw/static/20808.e2422bac.js,200
raw/ilearn.thu.edu.tw/static/runtime~js/main-portal-86d88036.js,https://ilearn.thu.edu.tw/static/2105-fd07c71f.chunk.css,.css,True,raw/ilearn.thu.edu.tw/static/2105-fd07c71f.chunk.css,200
raw/ilearn.thu.edu.tw/static/runtime~js/main-portal-86d88036.js,https://ilearn.thu.edu.tw/static/2105.8004fd54.js,.js,True,raw/ilearn.thu.edu.tw/static/2105.8004fd54.js,200
raw/ilearn.thu.edu.tw/static/runtime~js/main-portal-86d88036.js,https://ilearn.thu.edu.tw/static/21093-1aa02d68.js,.js,True,raw/ilearn.thu.edu.tw/static/21093-1aa02d68.js,200
raw/ilearn.thu.edu.tw/static/runtime~js/main-portal-86d88036.js,https://ilearn.thu.edu.tw/static/21137-8ac96197.chunk.css,.css,True,raw/ilearn.thu.edu.tw/static/21137-8ac96197.chunk.css,200
raw/ilearn.thu.edu.tw/static/runtime~js/main-portal-86d88036.js,https://ilearn.thu.edu.tw/static/21137.a69eb96c.js,.js,True,raw/ilearn.thu.edu.tw/static/21137.a69eb96c.js,200
raw/ilearn.thu.edu.tw/static/runtime~js/main-portal-86d88036.js,https://ilearn.thu.edu.tw/static/2127.e81c5e64.js,.js,True,raw/ilearn.thu.edu.tw/static/2127.e81c5e64.js,200
raw/ilearn.thu.edu.tw/static/runtime~js/main-portal-86d88036.js,https://ilearn.thu.edu.tw/static/213-886382b1.chunk.css,.css,True,raw/ilearn.thu.edu.tw/static/213-886382b1.chunk.css,200
raw/ilearn.thu.edu.tw/static/runtime~js/main-portal-86d88036.js,https://ilearn.thu.edu.tw/static/213.fe741934.js,.js,True,raw/ilearn.thu.edu.tw/static/213.fe741934.js,200
raw/ilearn.thu.edu.tw/static/runtime~js/main-portal-86d88036.js,https://ilearn.thu.edu.tw/static/21356-edb3ff17.chunk.css,.css,True,raw/ilearn.thu.edu.tw/static/21356-edb3ff17.chunk.css,200
raw/ilearn.thu.edu.tw/static/runtime~js/main-portal-86d88036.js,https://ilearn.thu.edu.tw/static/21356.22ba888a.js,.js,True,raw/ilearn.thu.edu.tw/static/21356.22ba888a.js,200
raw/ilearn.thu.edu.tw/static/runtime~js/main-portal-86d88036.js,https://ilearn.thu.edu.tw/static/21443.6aaf6134.js,.js,True,raw/ilearn.thu.edu.tw/static/21443.6aaf6134.js,200
raw/ilearn.thu.edu.tw/static/runtime~js/main-portal-86d88036.js,https://ilearn.thu.edu.tw/static/21943.5dca6268.js,.js,True,raw/ilearn.thu.edu.tw/static/21943.5dca6268.js,200
raw/ilearn.thu.edu.tw/static/runtime~js/main-portal-86d88036.js,https://ilearn.thu.edu.tw/static/22522.777285ba.js,.js,True,raw/ilearn.thu.edu.tw/static/22522.777285ba.js,200
raw/ilearn.thu.edu.tw/static/runtime~js/main-portal-86d88036.js,https://ilearn.thu.edu.tw/static/22594-886382b1.chunk.css,.css,True,raw/ilearn.thu.edu.tw/static/22594-886382b1.chunk.css,200
raw/ilearn.thu.edu.tw/static/runtime~js/main-portal-86d88036.js,https://ilearn.thu.edu.tw/static/22594.058c8b1e.js,.js,True,raw/ilearn.thu.edu.tw/static/22594.058c8b1e.js,200
raw/ilearn.thu.edu.tw/static/runtime~js/main-portal-86d88036.js,https://ilearn.thu.edu.tw/static/2276.c8da6806.js,.js,True,raw/ilearn.thu.edu.tw/static/2276.c8da6806.js,200
raw/ilearn.thu.edu.tw/static/runtime~js/main-portal-86d88036.js,https://ilearn.thu.edu.tw/static/22787-bd07e80f.chunk.css,.css,True,raw/ilearn.thu.edu.tw/static/22787-bd07e80f.chunk.css,200
raw/ilearn.thu.edu.tw/static/runtime~js/main-portal-86d88036.js,https://ilearn.thu.edu.tw/static/22787.a70ab1cd.js,.js,True,raw/ilearn.thu.edu.tw/static/22787.a70ab1cd.js,200
raw/ilearn.thu.edu.tw/static/runtime~js/main-portal-86d88036.js,https://ilearn.thu.edu.tw/static/22931.71278fd1.js,.js,True,raw/ilearn.thu.edu.tw/static/22931.71278fd1.js,200
raw/ilearn.thu.edu.tw/static/runtime~js/main-portal-86d88036.js,https://ilearn.thu.edu.tw/static/2298.81c6c2ad.js,.js,True,raw/ilearn.thu.edu.tw/static/2298.81c6c2ad.js,200
raw/ilearn.thu.edu.tw/static/runtime~js/main-portal-86d88036.js,https://ilearn.thu.edu.tw/static/23015.8b8960ab.js,.js,True,raw/ilearn.thu.edu.tw/static/23015.8b8960ab.js,200
raw/ilearn.thu.edu.tw/static/runtime~js/main-portal-86d88036.js,https://ilearn.thu.edu.tw/static/23719.0f493096.js,.js,True,raw/ilearn.thu.edu.tw/static/23719.0f493096.js,200
raw/ilearn.thu.edu.tw/static/runtime~js/main-portal-86d88036.js,https://ilearn.thu.edu.tw/static/23977-575e4297.chunk.css,.css,True,raw/ilearn.thu.edu.tw/static/23977-575e4297.chunk.css,200
raw/ilearn.thu.edu.tw/static/runtime~js/main-portal-86d88036.js,https://ilearn.thu.edu.tw/static/23977.ebaa5322.js,.js,True,raw/ilearn.thu.edu.tw/static/23977.ebaa5322.js,200
raw/ilearn.thu.edu.tw/static/runtime~js/main-portal-86d88036.js,https://ilearn.thu.edu.tw/static/24059.e4bb5098.js,.js,True,raw/ilearn.thu.edu.tw/static/24059.e4bb5098.js,200
raw/ilearn.thu.edu.tw/static/runtime~js/main-portal-86d88036.js,https://ilearn.thu.edu.tw/static/24072.ab960016.js,.js,True,raw/ilearn.thu.edu.tw/static/24072.ab960016.js,200
raw/ilearn.thu.edu.tw/static/runtime~js/main-portal-86d88036.js,https://ilearn.thu.edu.tw/static/24262.bfbc60d3.js,.js,True,raw/ilearn.thu.edu.tw/static/24262.bfbc60d3.js,200
raw/ilearn.thu.edu.tw/static/runtime~js/main-portal-86d88036.js,https://ilearn.thu.edu.tw/static/24371-f678cc20.chunk.css,.css,True,raw/ilearn.thu.edu.tw/static/24371-f678cc20.chunk.css,200
raw/ilearn.thu.edu.tw/static/runtime~js/main-portal-86d88036.js,https://ilearn.thu.edu.tw/static/24371.6373ecd8.js,.js,True,raw/ilearn.thu.edu.tw/static/24371.6373ecd8.js,200
raw/ilearn.thu.edu.tw/static/runtime~js/main-portal-86d88036.js,https://ilearn.thu.edu.tw/static/24381.0c635568.js,.js,True,raw/ilearn.thu.edu.tw/static/24381.0c635568.js,200
raw/ilearn.thu.edu.tw/static/runtime~js/main-portal-86d88036.js,https://ilearn.thu.edu.tw/static/24418.a3bc3234.js,.js,True,raw/ilearn.thu.edu.tw/static/24418.a3bc3234.js,200
raw/ilearn.thu.edu.tw/static/runtime~js/main-portal-86d88036.js,https://ilearn.thu.edu.tw/static/24549.cf667c52.js,.js,True,raw/ilearn.thu.edu.tw/static/24549.cf667c52.js,200
raw/ilearn.thu.edu.tw/static/runtime~js/main-portal-86d88036.js,https://ilearn.thu.edu.tw/static/24598.127c6b42.js,.js,True,raw/ilearn.thu.edu.tw/static/24598.127c6b42.js,200
raw/ilearn.thu.edu.tw/static/runtime~js/main-portal-86d88036.js,https://ilearn.thu.edu.tw/static/24659-093eb96f.chunk.css,.css,True,raw/ilearn.thu.edu.tw/static/24659-093eb96f.chunk.css,200
raw/ilearn.thu.edu.tw/static/runtime~js/main-portal-86d88036.js,https://ilearn.thu.edu.tw/static/24659.7b933a47.js,.js,True,raw/ilearn.thu.edu.tw/static/24659.7b933a47.js,200
raw/ilearn.thu.edu.tw/static/runtime~js/main-portal-86d88036.js,https://ilearn.thu.edu.tw/static/2469.2015e9b3.js,.js,True,raw/ilearn.thu.edu.tw/static/2469.2015e9b3.js,200
raw/ilearn.thu.edu.tw/static/runtime~js/main-portal-86d88036.js,https://ilearn.thu.edu.tw/static/24712-18317acc.js,.js,True,raw/ilearn.thu.edu.tw/static/24712-18317acc.js,200
raw/ilearn.thu.edu.tw/static/runtime~js/main-portal-86d88036.js,https://ilearn.thu.edu.tw/static/24814.1f61e344.js,.js,True,raw/ilearn.thu.edu.tw/static/24814.1f61e344.js,200
raw/ilearn.thu.edu.tw/static/runtime~js/main-portal-86d88036.js,https://ilearn.thu.edu.tw/static/25163.4f7c3b16.js,.js,True,raw/ilearn.thu.edu.tw/static/25163.4f7c3b16.js,200
raw/ilearn.thu.edu.tw/static/runtime~js/main-portal-86d88036.js,https://ilearn.thu.edu.tw/static/25170.2159310c.js,.js,True,raw/ilearn.thu.edu.tw/static/25170.2159310c.js,200
raw/ilearn.thu.edu.tw/static/runtime~js/main-portal-86d88036.js,https://ilearn.thu.edu.tw/static/25177.a00d3fc0.js,.js,True,raw/ilearn.thu.edu.tw/static/25177.a00d3fc0.js,200
raw/ilearn.thu.edu.tw/static/runtime~js/main-portal-86d88036.js,https://ilearn.thu.edu.tw/static/25223.d9348946.js,.js,True,raw/ilearn.thu.edu.tw/static/25223.d9348946.js,200
raw/ilearn.thu.edu.tw/static/runtime~js/main-portal-86d88036.js,https://ilearn.thu.edu.tw/static/25489.a2b39580.js,.js,True,raw/ilearn.thu.edu.tw/static/25489.a2b39580.js,200
raw/ilearn.thu.edu.tw/static/runtime~js/main-portal-86d88036.js,https://ilearn.thu.edu.tw/static/25629.d20b1ba9.js,.js,True,raw/ilearn.thu.edu.tw/static/25629.d20b1ba9.js,200
raw/ilearn.thu.edu.tw/static/runtime~js/main-portal-86d88036.js,https://ilearn.thu.edu.tw/static/25690.6f62ca93.js,.js,True,raw/ilearn.thu.edu.tw/static/25690.6f62ca93.js,200
raw/ilearn.thu.edu.tw/static/runtime~js/main-portal-86d88036.js,https://ilearn.thu.edu.tw/static/25695.1e9f7e35.js,.js,True,raw/ilearn.thu.edu.tw/static/25695.1e9f7e35.js,200
raw/ilearn.thu.edu.tw/static/runtime~js/main-portal-86d88036.js,https://ilearn.thu.edu.tw/static/25753.6c691880.js,.js,True,raw/ilearn.thu.edu.tw/static/25753.6c691880.js,200
raw/ilearn.thu.edu.tw/static/runtime~js/main-portal-86d88036.js,https://ilearn.thu.edu.tw/static/25919.fd7b60aa.js,.js,True,raw/ilearn.thu.edu.tw/static/25919.fd7b60aa.js,200
raw/ilearn.thu.edu.tw/static/runtime~js/main-portal-86d88036.js,https://ilearn.thu.edu.tw/static/26039.b4a636ae.js,.js,True,raw/ilearn.thu.edu.tw/static/26039.b4a636ae.js,200
raw/ilearn.thu.edu.tw/static/runtime~js/main-portal-86d88036.js,https://ilearn.thu.edu.tw/static/26132-3e4ab0d2.js,.js,True,raw/ilearn.thu.edu.tw/static/26132-3e4ab0d2.js,200
raw/ilearn.thu.edu.tw/static/runtime~js/main-portal-86d88036.js,https://ilearn.thu.edu.tw/static/26155-18604e98.chunk.css,.css,True,raw/ilearn.thu.edu.tw/static/26155-18604e98.chunk.css,200
raw/ilearn.thu.edu.tw/static/runtime~js/main-portal-86d88036.js,https://ilearn.thu.edu.tw/static/26155.fb0dcb45.js,.js,True,raw/ilearn.thu.edu.tw/static/26155.fb0dcb45.js,200
raw/ilearn.thu.edu.tw/static/runtime~js/main-portal-86d88036.js,https://ilearn.thu.edu.tw/static/26158.3edb1bbc.js,.js,True,raw/ilearn.thu.edu.tw/static/26158.3edb1bbc.js,200
raw/ilearn.thu.edu.tw/static/runtime~js/main-portal-86d88036.js,https://ilearn.thu.edu.tw/static/26296-0d2e8412.js,.js,True,raw/ilearn.thu.edu.tw/static/26296-0d2e8412.js,200
raw/ilearn.thu.edu.tw/static/runtime~js/main-portal-86d88036.js,https://ilearn.thu.edu.tw/static/26308-8adceacd.chunk.css,.css,True,raw/ilearn.thu.edu.tw/static/26308-8adceacd.chunk.css,200
raw/ilearn.thu.edu.tw/static/runtime~js/main-portal-86d88036.js,https://ilearn.thu.edu.tw/static/26308.440652eb.js,.js,True,raw/ilearn.thu.edu.tw/static/26308.440652eb.js,200
raw/ilearn.thu.edu.tw/static/runtime~js/main-portal-86d88036.js,https://ilearn.thu.edu.tw/static/26359-4b776c7f.js,.js,True,raw/ilearn.thu.edu.tw/static/26359-4b776c7f.js,200
raw/ilearn.thu.edu.tw/static/runtime~js/main-portal-86d88036.js,https://ilearn.thu.edu.tw/static/26541-04ca0d0c.chunk.css,.css,True,raw/ilearn.thu.edu.tw/static/26541-04ca0d0c.chunk.css,200
raw/ilearn.thu.edu.tw/static/runtime~js/main-portal-86d88036.js,https://ilearn.thu.edu.tw/static/26541.02bf130a.js,.js,True,raw/ilearn.thu.edu.tw/static/26541.02bf130a.js,200
raw/ilearn.thu.edu.tw/static/runtime~js/main-portal-86d88036.js,https://ilearn.thu.edu.tw/static/26645.3ac5e040.js,.js,True,raw/ilearn.thu.edu.tw/static/26645.3ac5e040.js,200
raw/ilearn.thu.edu.tw/static/runtime~js/main-portal-86d88036.js,https://ilearn.thu.edu.tw/static/26648.5d159b57.js,.js,True,raw/ilearn.thu.edu.tw/static/26648.5d159b57.js,200
raw/ilearn.thu.edu.tw/static/runtime~js/main-portal-86d88036.js,https://ilearn.thu.edu.tw/static/26703.244911cf.js,.js,True,raw/ilearn.thu.edu.tw/static/26703.244911cf.js,200
raw/ilearn.thu.edu.tw/static/runtime~js/main-portal-86d88036.js,https://ilearn.thu.edu.tw/static/26755.0336f93f.js,.js,True,raw/ilearn.thu.edu.tw/static/26755.0336f93f.js,200
raw/ilearn.thu.edu.tw/static/runtime~js/main-portal-86d88036.js,https://ilearn.thu.edu.tw/static/27093.22d65938.js,.js,True,raw/ilearn.thu.edu.tw/static/27093.22d65938.js,200
raw/ilearn.thu.edu.tw/static/runtime~js/main-portal-86d88036.js,https://ilearn.thu.edu.tw/static/27124.080abd31.js,.js,True,raw/ilearn.thu.edu.tw/static/27124.080abd31.js,200
raw/ilearn.thu.edu.tw/static/runtime~js/main-portal-86d88036.js,https://ilearn.thu.edu.tw/static/27359.c8e5eebe.js,.js,True,raw/ilearn.thu.edu.tw/static/27359.c8e5eebe.js,200
raw/ilearn.thu.edu.tw/static/runtime~js/main-portal-86d88036.js,https://ilearn.thu.edu.tw/static/27589.ae3b1ca0.js,.js,True,raw/ilearn.thu.edu.tw/static/27589.ae3b1ca0.js,200
raw/ilearn.thu.edu.tw/static/runtime~js/main-portal-86d88036.js,https://ilearn.thu.edu.tw/static/27609-988062d9.chunk.css,.css,True,raw/ilearn.thu.edu.tw/static/27609-988062d9.chunk.css,200
raw/ilearn.thu.edu.tw/static/runtime~js/main-portal-86d88036.js,https://ilearn.thu.edu.tw/static/27609.04e6959b.js,.js,True,raw/ilearn.thu.edu.tw/static/27609.04e6959b.js,200
raw/ilearn.thu.edu.tw/static/runtime~js/main-portal-86d88036.js,https://ilearn.thu.edu.tw/static/2764-f25f2bd3.js,.js,True,raw/ilearn.thu.edu.tw/static/2764-f25f2bd3.js,200
raw/ilearn.thu.edu.tw/static/runtime~js/main-portal-86d88036.js,https://ilearn.thu.edu.tw/static/27718.f3eb488f.js,.js,True,raw/ilearn.thu.edu.tw/static/27718.f3eb488f.js,200
raw/ilearn.thu.edu.tw/static/runtime~js/main-portal-86d88036.js,https://ilearn.thu.edu.tw/static/27724.2ef3f54f.js,.js,True,raw/ilearn.thu.edu.tw/static/27724.2ef3f54f.js,200
raw/ilearn.thu.edu.tw/static/runtime~js/main-portal-86d88036.js,https://ilearn.thu.edu.tw/static/27783-f0ef0edb.js,.js,True,raw/ilearn.thu.edu.tw/static/27783-f0ef0edb.js,200
raw/ilearn.thu.edu.tw/static/runtime~js/main-portal-86d88036.js,https://ilearn.thu.edu.tw/static/27968-85c3bf0b.chunk.css,.css,True,raw/ilearn.thu.edu.tw/static/27968-85c3bf0b.chunk.css,200
raw/ilearn.thu.edu.tw/static/runtime~js/main-portal-86d88036.js,https://ilearn.thu.edu.tw/static/28053.55204cf2.js,.js,True,raw/ilearn.thu.edu.tw/static/28053.55204cf2.js,200
raw/ilearn.thu.edu.tw/static/runtime~js/main-portal-86d88036.js,https://ilearn.thu.edu.tw/static/28230.a1d0d664.js,.js,True,raw/ilearn.thu.edu.tw/static/28230.a1d0d664.js,200
raw/ilearn.thu.edu.tw/static/runtime~js/main-portal-86d88036.js,https://ilearn.thu.edu.tw/static/28245-9485b80f.chunk.css,.css,True,raw/ilearn.thu.edu.tw/static/28245-9485b80f.chunk.css,200
raw/ilearn.thu.edu.tw/static/runtime~js/main-portal-86d88036.js,https://ilearn.thu.edu.tw/static/28245.9d3509d0.js,.js,True,raw/ilearn.thu.edu.tw/static/28245.9d3509d0.js,200
raw/ilearn.thu.edu.tw/static/runtime~js/main-portal-86d88036.js,https://ilearn.thu.edu.tw/static/2828-7ec9b0e7.chunk.css,.css,True,raw/ilearn.thu.edu.tw/static/2828-7ec9b0e7.chunk.css,200
raw/ilearn.thu.edu.tw/static/runtime~js/main-portal-86d88036.js,https://ilearn.thu.edu.tw/static/2828.ed6f8396.js,.js,True,raw/ilearn.thu.edu.tw/static/2828.ed6f8396.js,200
raw/ilearn.thu.edu.tw/static/runtime~js/main-portal-86d88036.js,https://ilearn.thu.edu.tw/static/28413.2c9b36eb.js,.js,True,raw/ilearn.thu.edu.tw/static/28413.2c9b36eb.js,200
raw/ilearn.thu.edu.tw/static/runtime~js/main-portal-86d88036.js,https://ilearn.thu.edu.tw/static/28492.65731154.js,.js,True,raw/ilearn.thu.edu.tw/static/28492.65731154.js,200
raw/ilearn.thu.edu.tw/static/runtime~js/main-portal-86d88036.js,https://ilearn.thu.edu.tw/static/28509.a0b2d0f0.js,.js,True,raw/ilearn.thu.edu.tw/static/28509.a0b2d0f0.js,200
raw/ilearn.thu.edu.tw/static/runtime~js/main-portal-86d88036.js,https://ilearn.thu.edu.tw/static/28605.fa92e51e.js,.js,True,raw/ilearn.thu.edu.tw/static/28605.fa92e51e.js,200
raw/ilearn.thu.edu.tw/static/runtime~js/main-portal-86d88036.js,https://ilearn.thu.edu.tw/static/28606.6d24bf59.js,.js,True,raw/ilearn.thu.edu.tw/static/28606.6d24bf59.js,200
raw/ilearn.thu.edu.tw/static/runtime~js/main-portal-86d88036.js,https://ilearn.thu.edu.tw/static/28794.ce183abf.js,.js,True,raw/ilearn.thu.edu.tw/static/28794.ce183abf.js,200
raw/ilearn.thu.edu.tw/static/runtime~js/main-portal-86d88036.js,https://ilearn.thu.edu.tw/static/2896.c02ef48c.js,.js,True,raw/ilearn.thu.edu.tw/static/2896.c02ef48c.js,200
raw/ilearn.thu.edu.tw/static/runtime~js/main-portal-86d88036.js,https://ilearn.thu.edu.tw/static/29155.ad8982cf.js,.js,True,raw/ilearn.thu.edu.tw/static/29155.ad8982cf.js,200
raw/ilearn.thu.edu.tw/static/runtime~js/main-portal-86d88036.js,https://ilearn.thu.edu.tw/static/29180-6ab28c7d.chunk.css,.css,True,raw/ilearn.thu.edu.tw/static/29180-6ab28c7d.chunk.css,200
raw/ilearn.thu.edu.tw/static/runtime~js/main-portal-86d88036.js,https://ilearn.thu.edu.tw/static/29180.f763abc6.js,.js,True,raw/ilearn.thu.edu.tw/static/29180.f763abc6.js,200
raw/ilearn.thu.edu.tw/static/runtime~js/main-portal-86d88036.js,https://ilearn.thu.edu.tw/static/30027.7e8aebed.js,.js,True,raw/ilearn.thu.edu.tw/static/30027.7e8aebed.js,200
raw/ilearn.thu.edu.tw/static/runtime~js/main-portal-86d88036.js,https://ilearn.thu.edu.tw/static/30646.324b9f88.js,.js,True,raw/ilearn.thu.edu.tw/static/30646.324b9f88.js,200
raw/ilearn.thu.edu.tw/static/runtime~js/main-portal-86d88036.js,https://ilearn.thu.edu.tw/static/30699-fba5d5f5.chunk.css,.css,True,raw/ilearn.thu.edu.tw/static/30699-fba5d5f5.chunk.css,200
raw/ilearn.thu.edu.tw/static/runtime~js/main-portal-86d88036.js,https://ilearn.thu.edu.tw/static/30699.190d3e8e.js,.js,True,raw/ilearn.thu.edu.tw/static/30699.190d3e8e.js,200
raw/ilearn.thu.edu.tw/static/runtime~js/main-portal-86d88036.js,https://ilearn.thu.edu.tw/static/30801-25982468.js,.js,True,raw/ilearn.thu.edu.tw/static/30801-25982468.js,200
raw/ilearn.thu.edu.tw/static/runtime~js/main-portal-86d88036.js,https://ilearn.thu.edu.tw/static/30802.e40e015e.js,.js,True,raw/ilearn.thu.edu.tw/static/30802.e40e015e.js,200
raw/ilearn.thu.edu.tw/static/runtime~js/main-portal-86d88036.js,https://ilearn.thu.edu.tw/static/30851.b313f6ae.js,.js,True,raw/ilearn.thu.edu.tw/static/30851.b313f6ae.js,200
raw/ilearn.thu.edu.tw/static/runtime~js/main-portal-86d88036.js,https://ilearn.thu.edu.tw/static/31066.55bf1d09.js,.js,True,raw/ilearn.thu.edu.tw/static/31066.55bf1d09.js,200
raw/ilearn.thu.edu.tw/static/runtime~js/main-portal-86d88036.js,https://ilearn.thu.edu.tw/static/31076.a8c88684.js,.js,True,raw/ilearn.thu.edu.tw/static/31076.a8c88684.js,200
raw/ilearn.thu.edu.tw/static/runtime~js/main-portal-86d88036.js,https://ilearn.thu.edu.tw/static/31110-80c68c74.chunk.css,.css,True,raw/ilearn.thu.edu.tw/static/31110-80c68c74.chunk.css,200
raw/ilearn.thu.edu.tw/static/runtime~js/main-portal-86d88036.js,https://ilearn.thu.edu.tw/static/31110.2a0173f2.js,.js,True,raw/ilearn.thu.edu.tw/static/31110.2a0173f2.js,200
raw/ilearn.thu.edu.tw/static/runtime~js/main-portal-86d88036.js,https://ilearn.thu.edu.tw/static/31345.ad1e1769.js,.js,True,raw/ilearn.thu.edu.tw/static/31345.ad1e1769.js,200
raw/ilearn.thu.edu.tw/static/runtime~js/main-portal-86d88036.js,https://ilearn.thu.edu.tw/static/31348.dc0becf0.js,.js,True,raw/ilearn.thu.edu.tw/static/31348.dc0becf0.js,200
raw/ilearn.thu.edu.tw/static/runtime~js/main-portal-86d88036.js,https://ilearn.thu.edu.tw/static/31417-0c1728e8.js,.js,True,raw/ilearn.thu.edu.tw/static/31417-0c1728e8.js,200
raw/ilearn.thu.edu.tw/static/runtime~js/main-portal-86d88036.js,https://ilearn.thu.edu.tw/static/31510-0292ff20.chunk.css,.css,True,raw/ilearn.thu.edu.tw/static/31510-0292ff20.chunk.css,200
raw/ilearn.thu.edu.tw/static/runtime~js/main-portal-86d88036.js,https://ilearn.thu.edu.tw/static/31510.c03f0ff5.js,.js,True,raw/ilearn.thu.edu.tw/static/31510.c03f0ff5.js,200
raw/ilearn.thu.edu.tw/static/runtime~js/main-portal-86d88036.js,https://ilearn.thu.edu.tw/static/31552-ff4013ad.chunk.css,.css,True,raw/ilearn.thu.edu.tw/static/31552-ff4013ad.chunk.css,200
raw/ilearn.thu.edu.tw/static/runtime~js/main-portal-86d88036.js,https://ilearn.thu.edu.tw/static/31552.691da904.js,.js,True,raw/ilearn.thu.edu.tw/static/31552.691da904.js,200
raw/ilearn.thu.edu.tw/static/runtime~js/main-portal-86d88036.js,https://ilearn.thu.edu.tw/static/31651-b6c6ca18.chunk.css,.css,True,raw/ilearn.thu.edu.tw/static/31651-b6c6ca18.chunk.css,200
raw/ilearn.thu.edu.tw/static/runtime~js/main-portal-86d88036.js,https://ilearn.thu.edu.tw/static/31651.9857c692.js,.js,True,raw/ilearn.thu.edu.tw/static/31651.9857c692.js,200
raw/ilearn.thu.edu.tw/static/runtime~js/main-portal-86d88036.js,https://ilearn.thu.edu.tw/static/31734-d6da493d.chunk.css,.css,True,raw/ilearn.thu.edu.tw/static/31734-d6da493d.chunk.css,200
raw/ilearn.thu.edu.tw/static/runtime~js/main-portal-86d88036.js,https://ilearn.thu.edu.tw/static/31734.e28d9ef8.js,.js,True,raw/ilearn.thu.edu.tw/static/31734.e28d9ef8.js,200
raw/ilearn.thu.edu.tw/static/runtime~js/main-portal-86d88036.js,https://ilearn.thu.edu.tw/static/31937.5b34c824.js,.js,True,raw/ilearn.thu.edu.tw/static/31937.5b34c824.js,200
raw/ilearn.thu.edu.tw/static/runtime~js/main-portal-86d88036.js,https://ilearn.thu.edu.tw/static/31975.e0a4fe1f.js,.js,True,raw/ilearn.thu.edu.tw/static/31975.e0a4fe1f.js,200
raw/ilearn.thu.edu.tw/static/runtime~js/main-portal-86d88036.js,https://ilearn.thu.edu.tw/static/32063-f56d3b7f.chunk.css,.css,True,raw/ilearn.thu.edu.tw/static/32063-f56d3b7f.chunk.css,200
raw/ilearn.thu.edu.tw/static/runtime~js/main-portal-86d88036.js,https://ilearn.thu.edu.tw/static/32063.7b204944.js,.js,True,raw/ilearn.thu.edu.tw/static/32063.7b204944.js,200
raw/ilearn.thu.edu.tw/static/runtime~js/main-portal-86d88036.js,https://ilearn.thu.edu.tw/static/32177.f2bc5d50.js,.js,True,raw/ilearn.thu.edu.tw/static/32177.f2bc5d50.js,200
raw/ilearn.thu.edu.tw/static/runtime~js/main-portal-86d88036.js,https://ilearn.thu.edu.tw/static/32419.cdd214b3.js,.js,True,raw/ilearn.thu.edu.tw/static/32419.cdd214b3.js,200
raw/ilearn.thu.edu.tw/static/runtime~js/main-portal-86d88036.js,https://ilearn.thu.edu.tw/static/32436-fe7bb203.chunk.css,.css,True,raw/ilearn.thu.edu.tw/static/32436-fe7bb203.chunk.css,200
raw/ilearn.thu.edu.tw/static/runtime~js/main-portal-86d88036.js,https://ilearn.thu.edu.tw/static/32436.9894d604.js,.js,True,raw/ilearn.thu.edu.tw/static/32436.9894d604.js,200
raw/ilearn.thu.edu.tw/static/runtime~js/main-portal-86d88036.js,https://ilearn.thu.edu.tw/static/32622.ac8af71b.js,.js,True,raw/ilearn.thu.edu.tw/static/32622.ac8af71b.js,200
raw/ilearn.thu.edu.tw/static/runtime~js/main-portal-86d88036.js,https://ilearn.thu.edu.tw/static/32655.2fc40410.js,.js,True,raw/ilearn.thu.edu.tw/static/32655.2fc40410.js,200
raw/ilearn.thu.edu.tw/static/runtime~js/main-portal-86d88036.js,https://ilearn.thu.edu.tw/static/32757.c48389b1.js,.js,True,raw/ilearn.thu.edu.tw/static/32757.c48389b1.js,200
raw/ilearn.thu.edu.tw/static/runtime~js/main-portal-86d88036.js,https://ilearn.thu.edu.tw/static/32767.abfcc0ce.js,.js,True,raw/ilearn.thu.edu.tw/static/32767.abfcc0ce.js,200
raw/ilearn.thu.edu.tw/static/runtime~js/main-portal-86d88036.js,https://ilearn.thu.edu.tw/static/32862.4dbbb627.js,.js,True,raw/ilearn.thu.edu.tw/static/32862.4dbbb627.js,200
raw/ilearn.thu.edu.tw/static/runtime~js/main-portal-86d88036.js,https://ilearn.thu.edu.tw/static/3324.1e4898ec.js,.js,True,raw/ilearn.thu.edu.tw/static/3324.1e4898ec.js,200
raw/ilearn.thu.edu.tw/static/runtime~js/main-portal-86d88036.js,https://ilearn.thu.edu.tw/static/3347-d08db718.js,.js,True,raw/ilearn.thu.edu.tw/static/3347-d08db718.js,200
raw/ilearn.thu.edu.tw/static/runtime~js/main-portal-86d88036.js,https://ilearn.thu.edu.tw/static/33489-328d8393.js,.js,True,raw/ilearn.thu.edu.tw/static/33489-328d8393.js,200
raw/ilearn.thu.edu.tw/static/runtime~js/main-portal-86d88036.js,https://ilearn.thu.edu.tw/static/33537-f0cc3b75.chunk.css,.css,True,raw/ilearn.thu.edu.tw/static/33537-f0cc3b75.chunk.css,200
raw/ilearn.thu.edu.tw/static/runtime~js/main-portal-86d88036.js,https://ilearn.thu.edu.tw/static/33537.592a6b63.js,.js,True,raw/ilearn.thu.edu.tw/static/33537.592a6b63.js,200
raw/ilearn.thu.edu.tw/static/runtime~js/main-portal-86d88036.js,https://ilearn.thu.edu.tw/static/33589-7dd9bc8f.chunk.css,.css,True,raw/ilearn.thu.edu.tw/static/33589-7dd9bc8f.chunk.css,200
raw/ilearn.thu.edu.tw/static/runtime~js/main-portal-86d88036.js,https://ilearn.thu.edu.tw/static/33589.3ce833c7.js,.js,True,raw/ilearn.thu.edu.tw/static/33589.3ce833c7.js,200
raw/ilearn.thu.edu.tw/static/runtime~js/main-portal-86d88036.js,https://ilearn.thu.edu.tw/static/33659-64ed8510.chunk.css,.css,True,raw/ilearn.thu.edu.tw/static/33659-64ed8510.chunk.css,200
raw/ilearn.thu.edu.tw/static/runtime~js/main-portal-86d88036.js,https://ilearn.thu.edu.tw/static/33659.837adcb3.js,.js,True,raw/ilearn.thu.edu.tw/static/33659.837adcb3.js,200
raw/ilearn.thu.edu.tw/static/runtime~js/main-portal-86d88036.js,https://ilearn.thu.edu.tw/static/339.eaa62448.js,.js,True,raw/ilearn.thu.edu.tw/static/339.eaa62448.js,200
raw/ilearn.thu.edu.tw/static/runtime~js/main-portal-86d88036.js,https://ilearn.thu.edu.tw/static/33961.a7791db6.js,.js,True,raw/ilearn.thu.edu.tw/static/33961.a7791db6.js,200
raw/ilearn.thu.edu.tw/static/runtime~js/main-portal-86d88036.js,https://ilearn.thu.edu.tw/static/34019-6a795072.chunk.css,.css,True,raw/ilearn.thu.edu.tw/static/34019-6a795072.chunk.css,200
raw/ilearn.thu.edu.tw/static/runtime~js/main-portal-86d88036.js,https://ilearn.thu.edu.tw/static/34019.031e8874.js,.js,True,raw/ilearn.thu.edu.tw/static/34019.031e8874.js,200
raw/ilearn.thu.edu.tw/static/runtime~js/main-portal-86d88036.js,https://ilearn.thu.edu.tw/static/34059.dd17524e.js,.js,True,raw/ilearn.thu.edu.tw/static/34059.dd17524e.js,200
raw/ilearn.thu.edu.tw/static/runtime~js/main-portal-86d88036.js,https://ilearn.thu.edu.tw/static/34150-ad8f26f9.chunk.css,.css,True,raw/ilearn.thu.edu.tw/static/34150-ad8f26f9.chunk.css,200
raw/ilearn.thu.edu.tw/static/runtime~js/main-portal-86d88036.js,https://ilearn.thu.edu.tw/static/34150.cc77b606.js,.js,True,raw/ilearn.thu.edu.tw/static/34150.cc77b606.js,200
raw/ilearn.thu.edu.tw/static/runtime~js/main-portal-86d88036.js,https://ilearn.thu.edu.tw/static/34423.a5cefcd5.js,.js,True,raw/ilearn.thu.edu.tw/static/34423.a5cefcd5.js,200
raw/ilearn.thu.edu.tw/static/runtime~js/main-portal-86d88036.js,https://ilearn.thu.edu.tw/static/34673.1196ba35.js,.js,True,raw/ilearn.thu.edu.tw/static/34673.1196ba35.js,200
raw/ilearn.thu.edu.tw/static/runtime~js/main-portal-86d88036.js,https://ilearn.thu.edu.tw/static/34691.515731f8.js,.js,True,raw/ilearn.thu.edu.tw/static/34691.515731f8.js,200
raw/ilearn.thu.edu.tw/static/runtime~js/main-portal-86d88036.js,https://ilearn.thu.edu.tw/static/34897-5c482ad1.chunk.css,.css,True,raw/ilearn.thu.edu.tw/static/34897-5c482ad1.chunk.css,200
raw/ilearn.thu.edu.tw/static/runtime~js/main-portal-86d88036.js,https://ilearn.thu.edu.tw/static/34908-683cb506.js,.js,True,raw/ilearn.thu.edu.tw/static/34908-683cb506.js,200
raw/ilearn.thu.edu.tw/static/runtime~js/main-portal-86d88036.js,https://ilearn.thu.edu.tw/static/35045-d53c237b.chunk.css,.css,True,raw/ilearn.thu.edu.tw/static/35045-d53c237b.chunk.css,200
raw/ilearn.thu.edu.tw/static/runtime~js/main-portal-86d88036.js,https://ilearn.thu.edu.tw/static/35045.42d7f4d9.js,.js,True,raw/ilearn.thu.edu.tw/static/35045.42d7f4d9.js,200
raw/ilearn.thu.edu.tw/static/runtime~js/main-portal-86d88036.js,https://ilearn.thu.edu.tw/static/35169-f421f9c3.chunk.css,.css,True,raw/ilearn.thu.edu.tw/static/35169-f421f9c3.chunk.css,200
raw/ilearn.thu.edu.tw/static/runtime~js/main-portal-86d88036.js,https://ilearn.thu.edu.tw/static/35169.c1d1c9fe.js,.js,True,raw/ilearn.thu.edu.tw/static/35169.c1d1c9fe.js,200
raw/ilearn.thu.edu.tw/static/runtime~js/main-portal-86d88036.js,https://ilearn.thu.edu.tw/static/35205.a1ccb6f5.js,.js,True,raw/ilearn.thu.edu.tw/static/35205.a1ccb6f5.js,200
raw/ilearn.thu.edu.tw/static/runtime~js/main-portal-86d88036.js,https://ilearn.thu.edu.tw/static/35455.ff8a7c72.js,.js,True,raw/ilearn.thu.edu.tw/static/35455.ff8a7c72.js,200
raw/ilearn.thu.edu.tw/static/runtime~js/main-portal-86d88036.js,https://ilearn.thu.edu.tw/static/35552-9cb6cec8.chunk.css,.css,True,raw/ilearn.thu.edu.tw/static/35552-9cb6cec8.chunk.css,200
raw/ilearn.thu.edu.tw/static/runtime~js/main-portal-86d88036.js,https://ilearn.thu.edu.tw/static/35552.0ab94f1d.js,.js,True,raw/ilearn.thu.edu.tw/static/35552.0ab94f1d.js,200
raw/ilearn.thu.edu.tw/static/runtime~js/main-portal-86d88036.js,https://ilearn.thu.edu.tw/static/35636.d4d67afe.js,.js,True,raw/ilearn.thu.edu.tw/static/35636.d4d67afe.js,200
raw/ilearn.thu.edu.tw/static/runtime~js/main-portal-86d88036.js,https://ilearn.thu.edu.tw/static/35655.2969eda4.js,.js,True,raw/ilearn.thu.edu.tw/static/35655.2969eda4.js,200
raw/ilearn.thu.edu.tw/static/runtime~js/main-portal-86d88036.js,https://ilearn.thu.edu.tw/static/35675.f5eca35c.js,.js,True,raw/ilearn.thu.edu.tw/static/35675.f5eca35c.js,200
raw/ilearn.thu.edu.tw/static/runtime~js/main-portal-86d88036.js,https://ilearn.thu.edu.tw/static/35684.22e582e5.js,.js,True,raw/ilearn.thu.edu.tw/static/35684.22e582e5.js,200
raw/ilearn.thu.edu.tw/static/runtime~js/main-portal-86d88036.js,https://ilearn.thu.edu.tw/static/35918-9f18f5e8.chunk.css,.css,True,raw/ilearn.thu.edu.tw/static/35918-9f18f5e8.chunk.css,200
raw/ilearn.thu.edu.tw/static/runtime~js/main-portal-86d88036.js,https://ilearn.thu.edu.tw/static/35918.b5c140f6.js,.js,True,raw/ilearn.thu.edu.tw/static/35918.b5c140f6.js,200
raw/ilearn.thu.edu.tw/static/runtime~js/main-portal-86d88036.js,https://ilearn.thu.edu.tw/static/35995-c29fcc41.js,.js,True,raw/ilearn.thu.edu.tw/static/35995-c29fcc41.js,200
raw/ilearn.thu.edu.tw/static/runtime~js/main-portal-86d88036.js,https://ilearn.thu.edu.tw/static/36105.3af57479.js,.js,True,raw/ilearn.thu.edu.tw/static/36105.3af57479.js,200
raw/ilearn.thu.edu.tw/static/runtime~js/main-portal-86d88036.js,https://ilearn.thu.edu.tw/static/36162.22238ca1.js,.js,True,raw/ilearn.thu.edu.tw/static/36162.22238ca1.js,200
raw/ilearn.thu.edu.tw/static/runtime~js/main-portal-86d88036.js,https://ilearn.thu.edu.tw/static/36813.2216cbed.js,.js,True,raw/ilearn.thu.edu.tw/static/36813.2216cbed.js,200
raw/ilearn.thu.edu.tw/static/runtime~js/main-portal-86d88036.js,https://ilearn.thu.edu.tw/static/36824.bcd6489f.js,.js,True,raw/ilearn.thu.edu.tw/static/36824.bcd6489f.js,200
raw/ilearn.thu.edu.tw/static/runtime~js/main-portal-86d88036.js,https://ilearn.thu.edu.tw/static/36852.9efb6056.js,.js,True,raw/ilearn.thu.edu.tw/static/36852.9efb6056.js,200
raw/ilearn.thu.edu.tw/static/runtime~js/main-portal-86d88036.js,https://ilearn.thu.edu.tw/static/36972-886382b1.chunk.css,.css,True,raw/ilearn.thu.edu.tw/static/36972-886382b1.chunk.css,200
raw/ilearn.thu.edu.tw/static/runtime~js/main-portal-86d88036.js,https://ilearn.thu.edu.tw/static/36972.cf8417d8.js,.js,True,raw/ilearn.thu.edu.tw/static/36972.cf8417d8.js,200
raw/ilearn.thu.edu.tw/static/runtime~js/main-portal-86d88036.js,https://ilearn.thu.edu.tw/static/37135.fcaaadd2.js,.js,True,raw/ilearn.thu.edu.tw/static/37135.fcaaadd2.js,200
raw/ilearn.thu.edu.tw/static/runtime~js/main-portal-86d88036.js,https://ilearn.thu.edu.tw/static/37192-9a63a566.chunk.css,.css,True,raw/ilearn.thu.edu.tw/static/37192-9a63a566.chunk.css,200
raw/ilearn.thu.edu.tw/static/runtime~js/main-portal-86d88036.js,https://ilearn.thu.edu.tw/static/37192.d0839c93.js,.js,True,raw/ilearn.thu.edu.tw/static/37192.d0839c93.js,200
raw/ilearn.thu.edu.tw/static/runtime~js/main-portal-86d88036.js,https://ilearn.thu.edu.tw/static/37275.2912d9c7.js,.js,True,raw/ilearn.thu.edu.tw/static/37275.2912d9c7.js,200
raw/ilearn.thu.edu.tw/static/runtime~js/main-portal-86d88036.js,https://ilearn.thu.edu.tw/static/37291-b52e91d2.chunk.css,.css,True,raw/ilearn.thu.edu.tw/static/37291-b52e91d2.chunk.css,200
raw/ilearn.thu.edu.tw/static/runtime~js/main-portal-86d88036.js,https://ilearn.thu.edu.tw/static/37291.dc77dff6.js,.js,True,raw/ilearn.thu.edu.tw/static/37291.dc77dff6.js,200
raw/ilearn.thu.edu.tw/static/runtime~js/main-portal-86d88036.js,https://ilearn.thu.edu.tw/static/37336-7c206342.chunk.css,.css,True,raw/ilearn.thu.edu.tw/static/37336-7c206342.chunk.css,200
raw/ilearn.thu.edu.tw/static/runtime~js/main-portal-86d88036.js,https://ilearn.thu.edu.tw/static/37336.084b8613.js,.js,True,raw/ilearn.thu.edu.tw/static/37336.084b8613.js,200
raw/ilearn.thu.edu.tw/static/runtime~js/main-portal-86d88036.js,https://ilearn.thu.edu.tw/static/3734.fcaf65a6.js,.js,True,raw/ilearn.thu.edu.tw/static/3734.fcaf65a6.js,200
raw/ilearn.thu.edu.tw/static/runtime~js/main-portal-86d88036.js,https://ilearn.thu.edu.tw/static/3738-63068e80.js,.js,True,raw/ilearn.thu.edu.tw/static/3738-63068e80.js,200
raw/ilearn.thu.edu.tw/static/runtime~js/main-portal-86d88036.js,https://ilearn.thu.edu.tw/static/37705.d942f4e7.js,.js,True,raw/ilearn.thu.edu.tw/static/37705.d942f4e7.js,200
raw/ilearn.thu.edu.tw/static/runtime~js/main-portal-86d88036.js,https://ilearn.thu.edu.tw/static/37873-2905b78d.chunk.css,.css,True,raw/ilearn.thu.edu.tw/static/37873-2905b78d.chunk.css,200
raw/ilearn.thu.edu.tw/static/runtime~js/main-portal-86d88036.js,https://ilearn.thu.edu.tw/static/37873.f1187b3e.js,.js,True,raw/ilearn.thu.edu.tw/static/37873.f1187b3e.js,200
raw/ilearn.thu.edu.tw/static/runtime~js/main-portal-86d88036.js,https://ilearn.thu.edu.tw/static/37879.f5192a93.js,.js,True,raw/ilearn.thu.edu.tw/static/37879.f5192a93.js,200
raw/ilearn.thu.edu.tw/static/runtime~js/main-portal-86d88036.js,https://ilearn.thu.edu.tw/static/37884-9799461d.css,.css,True,raw/ilearn.thu.edu.tw/static/37884-9799461d.css,200
raw/ilearn.thu.edu.tw/static/runtime~js/main-portal-86d88036.js,https://ilearn.thu.edu.tw/static/38151.47d6c4f9.js,.js,True,raw/ilearn.thu.edu.tw/static/38151.47d6c4f9.js,200
raw/ilearn.thu.edu.tw/static/runtime~js/main-portal-86d88036.js,https://ilearn.thu.edu.tw/static/38189.4905d083.js,.js,True,raw/ilearn.thu.edu.tw/static/38189.4905d083.js,200
raw/ilearn.thu.edu.tw/static/runtime~js/main-portal-86d88036.js,https://ilearn.thu.edu.tw/static/38329.024cd20f.js,.js,True,raw/ilearn.thu.edu.tw/static/38329.024cd20f.js,200
raw/ilearn.thu.edu.tw/static/runtime~js/main-portal-86d88036.js,https://ilearn.thu.edu.tw/static/38480-b611bdce.chunk.css,.css,True,raw/ilearn.thu.edu.tw/static/38480-b611bdce.chunk.css,200
raw/ilearn.thu.edu.tw/static/runtime~js/main-portal-86d88036.js,https://ilearn.thu.edu.tw/static/38480.defdcfac.js,.js,True,raw/ilearn.thu.edu.tw/static/38480.defdcfac.js,200
raw/ilearn.thu.edu.tw/static/runtime~js/main-portal-86d88036.js,https://ilearn.thu.edu.tw/static/3855.0c93f189.js,.js,True,raw/ilearn.thu.edu.tw/static/3855.0c93f189.js,200
raw/ilearn.thu.edu.tw/static/runtime~js/main-portal-86d88036.js,https://ilearn.thu.edu.tw/static/38849.f0738bfd.js,.js,True,raw/ilearn.thu.edu.tw/static/38849.f0738bfd.js,200
raw/ilearn.thu.edu.tw/static/runtime~js/main-portal-86d88036.js,https://ilearn.thu.edu.tw/static/38941.c87e76c7.js,.js,True,raw/ilearn.thu.edu.tw/static/38941.c87e76c7.js,200
raw/ilearn.thu.edu.tw/static/runtime~js/main-portal-86d88036.js,https://ilearn.thu.edu.tw/static/39176-82f1062e.js,.js,True,raw/ilearn.thu.edu.tw/static/39176-82f1062e.js,200
raw/ilearn.thu.edu.tw/static/runtime~js/main-portal-86d88036.js,https://ilearn.thu.edu.tw/static/39370-ff09ccaa.chunk.css,.css,True,raw/ilearn.thu.edu.tw/static/39370-ff09ccaa.chunk.css,200
raw/ilearn.thu.edu.tw/static/runtime~js/main-portal-86d88036.js,https://ilearn.thu.edu.tw/static/39370.ef589feb.js,.js,True,raw/ilearn.thu.edu.tw/static/39370.ef589feb.js,200
raw/ilearn.thu.edu.tw/static/runtime~js/main-portal-86d88036.js,https://ilearn.thu.edu.tw/static/3998-37a9d468.chunk.css,.css,True,raw/ilearn.thu.edu.tw/static/3998-37a9d468.chunk.css,200
raw/ilearn.thu.edu.tw/static/runtime~js/main-portal-86d88036.js,https://ilearn.thu.edu.tw/static/3998.fd6d67c1.js,.js,True,raw/ilearn.thu.edu.tw/static/3998.fd6d67c1.js,200
raw/ilearn.thu.edu.tw/static/runtime~js/main-portal-86d88036.js,https://ilearn.thu.edu.tw/static/40002.f956d0b8.js,.js,True,raw/ilearn.thu.edu.tw/static/40002.f956d0b8.js,200
raw/ilearn.thu.edu.tw/static/runtime~js/main-portal-86d88036.js,https://ilearn.thu.edu.tw/static/40073-442cb969.chunk.css,.css,True,raw/ilearn.thu.edu.tw/static/40073-442cb969.chunk.css,200
raw/ilearn.thu.edu.tw/static/runtime~js/main-portal-86d88036.js,https://ilearn.thu.edu.tw/static/40073.72e0a8e2.js,.js,True,raw/ilearn.thu.edu.tw/static/40073.72e0a8e2.js,200
raw/ilearn.thu.edu.tw/static/runtime~js/main-portal-86d88036.js,https://ilearn.thu.edu.tw/static/40173.0a285bf5.js,.js,True,raw/ilearn.thu.edu.tw/static/40173.0a285bf5.js,200
raw/ilearn.thu.edu.tw/static/runtime~js/main-portal-86d88036.js,https://ilearn.thu.edu.tw/static/40251-ba8c4104.chunk.css,.css,True,raw/ilearn.thu.edu.tw/static/40251-ba8c4104.chunk.css,200
raw/ilearn.thu.edu.tw/static/runtime~js/main-portal-86d88036.js,https://ilearn.thu.edu.tw/static/40251.b93d27d4.js,.js,True,raw/ilearn.thu.edu.tw/static/40251.b93d27d4.js,200
raw/ilearn.thu.edu.tw/static/runtime~js/main-portal-86d88036.js,https://ilearn.thu.edu.tw/static/40287-6134fd77.js,.js,True,raw/ilearn.thu.edu.tw/static/40287-6134fd77.js,200
raw/ilearn.thu.edu.tw/static/runtime~js/main-portal-86d88036.js,https://ilearn.thu.edu.tw/static/40365-62f8dd71.chunk.css,.css,True,raw/ilearn.thu.edu.tw/static/40365-62f8dd71.chunk.css,200
raw/ilearn.thu.edu.tw/static/runtime~js/main-portal-86d88036.js,https://ilearn.thu.edu.tw/static/40365.63ada24f.js,.js,True,raw/ilearn.thu.edu.tw/static/40365.63ada24f.js,200
raw/ilearn.thu.edu.tw/static/runtime~js/main-portal-86d88036.js,https://ilearn.thu.edu.tw/static/40496.c49c1a86.js,.js,True,raw/ilearn.thu.edu.tw/static/40496.c49c1a86.js,200
raw/ilearn.thu.edu.tw/static/runtime~js/main-portal-86d88036.js,https://ilearn.thu.edu.tw/static/4064-f4a8af25.chunk.css,.css,True,raw/ilearn.thu.edu.tw/static/4064-f4a8af25.chunk.css,200
raw/ilearn.thu.edu.tw/static/runtime~js/main-portal-86d88036.js,https://ilearn.thu.edu.tw/static/4064.23477b84.js,.js,True,raw/ilearn.thu.edu.tw/static/4064.23477b84.js,200
raw/ilearn.thu.edu.tw/static/runtime~js/main-portal-86d88036.js,https://ilearn.thu.edu.tw/static/41567.34eed4ea.js,.js,True,raw/ilearn.thu.edu.tw/static/41567.34eed4ea.js,200
raw/ilearn.thu.edu.tw/static/runtime~js/main-portal-86d88036.js,https://ilearn.thu.edu.tw/static/41568-66752b3a.chunk.css,.css,True,raw/ilearn.thu.edu.tw/static/41568-66752b3a.chunk.css,200
raw/ilearn.thu.edu.tw/static/runtime~js/main-portal-86d88036.js,https://ilearn.thu.edu.tw/static/41568.0adf30d4.js,.js,True,raw/ilearn.thu.edu.tw/static/41568.0adf30d4.js,200
raw/ilearn.thu.edu.tw/static/runtime~js/main-portal-86d88036.js,https://ilearn.thu.edu.tw/static/41594.1a10db7f.js,.js,True,raw/ilearn.thu.edu.tw/static/41594.1a10db7f.js,200
raw/ilearn.thu.edu.tw/static/runtime~js/main-portal-86d88036.js,https://ilearn.thu.edu.tw/static/41789.52c6778d.js,.js,True,raw/ilearn.thu.edu.tw/static/41789.52c6778d.js,200
raw/ilearn.thu.edu.tw/static/runtime~js/main-portal-86d88036.js,https://ilearn.thu.edu.tw/static/41962.bc8e08bd.js,.js,True,raw/ilearn.thu.edu.tw/static/41962.bc8e08bd.js,200
raw/ilearn.thu.edu.tw/static/runtime~js/main-portal-86d88036.js,https://ilearn.thu.edu.tw/static/42041.c3faf34c.js,.js,True,raw/ilearn.thu.edu.tw/static/42041.c3faf34c.js,200
raw/ilearn.thu.edu.tw/static/runtime~js/main-portal-86d88036.js,https://ilearn.thu.edu.tw/static/42088.8de37de0.js,.js,True,raw/ilearn.thu.edu.tw/static/42088.8de37de0.js,200
raw/ilearn.thu.edu.tw/static/runtime~js/main-portal-86d88036.js,https://ilearn.thu.edu.tw/static/42157.2415ae54.js,.js,True,raw/ilearn.thu.edu.tw/static/42157.2415ae54.js,200
raw/ilearn.thu.edu.tw/static/runtime~js/main-portal-86d88036.js,https://ilearn.thu.edu.tw/static/42227.9531c22f.js,.js,True,raw/ilearn.thu.edu.tw/static/42227.9531c22f.js,200
raw/ilearn.thu.edu.tw/static/runtime~js/main-portal-86d88036.js,https://ilearn.thu.edu.tw/static/42431.4a39f309.js,.js,True,raw/ilearn.thu.edu.tw/static/42431.4a39f309.js,200
raw/ilearn.thu.edu.tw/static/runtime~js/main-portal-86d88036.js,https://ilearn.thu.edu.tw/static/42585-cb309f8b.chunk.css,.css,True,raw/ilearn.thu.edu.tw/static/42585-cb309f8b.chunk.css,200
raw/ilearn.thu.edu.tw/static/runtime~js/main-portal-86d88036.js,https://ilearn.thu.edu.tw/static/42585.3fa356ed.js,.js,True,raw/ilearn.thu.edu.tw/static/42585.3fa356ed.js,200
raw/ilearn.thu.edu.tw/static/runtime~js/main-portal-86d88036.js,https://ilearn.thu.edu.tw/static/42714-7b76587c.chunk.css,.css,True,raw/ilearn.thu.edu.tw/static/42714-7b76587c.chunk.css,200
raw/ilearn.thu.edu.tw/static/runtime~js/main-portal-86d88036.js,https://ilearn.thu.edu.tw/static/42714.ab5289df.js,.js,True,raw/ilearn.thu.edu.tw/static/42714.ab5289df.js,200
raw/ilearn.thu.edu.tw/static/runtime~js/main-portal-86d88036.js,https://ilearn.thu.edu.tw/static/42748.fd2e7477.js,.js,True,raw/ilearn.thu.edu.tw/static/42748.fd2e7477.js,200
raw/ilearn.thu.edu.tw/static/runtime~js/main-portal-86d88036.js,https://ilearn.thu.edu.tw/static/42753.47feb217.js,.js,True,raw/ilearn.thu.edu.tw/static/42753.47feb217.js,200
raw/ilearn.thu.edu.tw/static/runtime~js/main-portal-86d88036.js,https://ilearn.thu.edu.tw/static/42929-b8174e31.chunk.css,.css,True,raw/ilearn.thu.edu.tw/static/42929-b8174e31.chunk.css,200
raw/ilearn.thu.edu.tw/static/runtime~js/main-portal-86d88036.js,https://ilearn.thu.edu.tw/static/42929.d8d41bb3.js,.js,True,raw/ilearn.thu.edu.tw/static/42929.d8d41bb3.js,200
raw/ilearn.thu.edu.tw/static/runtime~js/main-portal-86d88036.js,https://ilearn.thu.edu.tw/static/43087.44bea03a.js,.js,True,raw/ilearn.thu.edu.tw/static/43087.44bea03a.js,200
raw/ilearn.thu.edu.tw/static/runtime~js/main-portal-86d88036.js,https://ilearn.thu.edu.tw/static/43107.3fe4db7f.js,.js,True,raw/ilearn.thu.edu.tw/static/43107.3fe4db7f.js,200
raw/ilearn.thu.edu.tw/static/runtime~js/main-portal-86d88036.js,https://ilearn.thu.edu.tw/static/43161.4bd4e9a7.js,.js,True,raw/ilearn.thu.edu.tw/static/43161.4bd4e9a7.js,200
raw/ilearn.thu.edu.tw/static/runtime~js/main-portal-86d88036.js,https://ilearn.thu.edu.tw/static/432-55bea773.js,.js,True,raw/ilearn.thu.edu.tw/static/432-55bea773.js,200
raw/ilearn.thu.edu.tw/static/runtime~js/main-portal-86d88036.js,https://ilearn.thu.edu.tw/static/43586.d1d9af5d.js,.js,True,raw/ilearn.thu.edu.tw/static/43586.d1d9af5d.js,200
raw/ilearn.thu.edu.tw/static/runtime~js/main-portal-86d88036.js,https://ilearn.thu.edu.tw/static/43823-bfba4179.js,.js,True,raw/ilearn.thu.edu.tw/static/43823-bfba4179.js,200
raw/ilearn.thu.edu.tw/static/runtime~js/main-portal-86d88036.js,https://ilearn.thu.edu.tw/static/43944-26432c49.chunk.css,.css,True,raw/ilearn.thu.edu.tw/static/43944-26432c49.chunk.css,200
raw/ilearn.thu.edu.tw/static/runtime~js/main-portal-86d88036.js,https://ilearn.thu.edu.tw/static/43944.c35dfa08.js,.js,True,raw/ilearn.thu.edu.tw/static/43944.c35dfa08.js,200
raw/ilearn.thu.edu.tw/static/runtime~js/main-portal-86d88036.js,https://ilearn.thu.edu.tw/static/4396.fcd26037.js,.js,True,raw/ilearn.thu.edu.tw/static/4396.fcd26037.js,200
raw/ilearn.thu.edu.tw/static/runtime~js/main-portal-86d88036.js,https://ilearn.thu.edu.tw/static/44093-778293da.chunk.css,.css,True,raw/ilearn.thu.edu.tw/static/44093-778293da.chunk.css,200
raw/ilearn.thu.edu.tw/static/runtime~js/main-portal-86d88036.js,https://ilearn.thu.edu.tw/static/44093.3708899a.js,.js,True,raw/ilearn.thu.edu.tw/static/44093.3708899a.js,200
raw/ilearn.thu.edu.tw/static/runtime~js/main-portal-86d88036.js,https://ilearn.thu.edu.tw/static/4413-b3416b81.chunk.css,.css,True,raw/ilearn.thu.edu.tw/static/4413-b3416b81.chunk.css,200
raw/ilearn.thu.edu.tw/static/runtime~js/main-portal-86d88036.js,https://ilearn.thu.edu.tw/static/4413.48fd5df4.js,.js,True,raw/ilearn.thu.edu.tw/static/4413.48fd5df4.js,200
raw/ilearn.thu.edu.tw/static/runtime~js/main-portal-86d88036.js,https://ilearn.thu.edu.tw/static/44184-695366db.chunk.css,.css,True,raw/ilearn.thu.edu.tw/static/44184-695366db.chunk.css,200
raw/ilearn.thu.edu.tw/static/runtime~js/main-portal-86d88036.js,https://ilearn.thu.edu.tw/static/44184.7677cc88.js,.js,True,raw/ilearn.thu.edu.tw/static/44184.7677cc88.js,200
raw/ilearn.thu.edu.tw/static/runtime~js/main-portal-86d88036.js,https://ilearn.thu.edu.tw/static/44194.476375f7.js,.js,True,raw/ilearn.thu.edu.tw/static/44194.476375f7.js,200
raw/ilearn.thu.edu.tw/static/runtime~js/main-portal-86d88036.js,https://ilearn.thu.edu.tw/static/44296.a19be59d.js,.js,True,raw/ilearn.thu.edu.tw/static/44296.a19be59d.js,200
raw/ilearn.thu.edu.tw/static/runtime~js/main-portal-86d88036.js,https://ilearn.thu.edu.tw/static/44346-d648aeb8.chunk.css,.css,True,raw/ilearn.thu.edu.tw/static/44346-d648aeb8.chunk.css,200
raw/ilearn.thu.edu.tw/static/runtime~js/main-portal-86d88036.js,https://ilearn.thu.edu.tw/static/44346.7b57b52e.js,.js,True,raw/ilearn.thu.edu.tw/static/44346.7b57b52e.js,200
raw/ilearn.thu.edu.tw/static/runtime~js/main-portal-86d88036.js,https://ilearn.thu.edu.tw/static/44388.63410d70.js,.js,True,raw/ilearn.thu.edu.tw/static/44388.63410d70.js,200
raw/ilearn.thu.edu.tw/static/runtime~js/main-portal-86d88036.js,https://ilearn.thu.edu.tw/static/44404-25a60c5d.chunk.css,.css,True,raw/ilearn.thu.edu.tw/static/44404-25a60c5d.chunk.css,200
raw/ilearn.thu.edu.tw/static/runtime~js/main-portal-86d88036.js,https://ilearn.thu.edu.tw/static/44404.b4467c25.js,.js,True,raw/ilearn.thu.edu.tw/static/44404.b4467c25.js,200
raw/ilearn.thu.edu.tw/static/runtime~js/main-portal-86d88036.js,https://ilearn.thu.edu.tw/static/44437.a7791db6.js,.js,True,raw/ilearn.thu.edu.tw/static/44437.a7791db6.js,200
raw/ilearn.thu.edu.tw/static/runtime~js/main-portal-86d88036.js,https://ilearn.thu.edu.tw/static/44443-2e0d4f74.chunk.css,.css,True,raw/ilearn.thu.edu.tw/static/44443-2e0d4f74.chunk.css,200
raw/ilearn.thu.edu.tw/static/runtime~js/main-portal-86d88036.js,https://ilearn.thu.edu.tw/static/44443.e6f5eb69.js,.js,True,raw/ilearn.thu.edu.tw/static/44443.e6f5eb69.js,200
raw/ilearn.thu.edu.tw/static/runtime~js/main-portal-86d88036.js,https://ilearn.thu.edu.tw/static/44617.0bd4d631.js,.js,True,raw/ilearn.thu.edu.tw/static/44617.0bd4d631.js,200
raw/ilearn.thu.edu.tw/static/runtime~js/main-portal-86d88036.js,https://ilearn.thu.edu.tw/static/44703.d94fc9bb.js,.js,True,raw/ilearn.thu.edu.tw/static/44703.d94fc9bb.js,200
raw/ilearn.thu.edu.tw/static/runtime~js/main-portal-86d88036.js,https://ilearn.thu.edu.tw/static/4488-5b173e1b.chunk.css,.css,True,raw/ilearn.thu.edu.tw/static/4488-5b173e1b.chunk.css,200
raw/ilearn.thu.edu.tw/static/runtime~js/main-portal-86d88036.js,https://ilearn.thu.edu.tw/static/4488.04563646.js,.js,True,raw/ilearn.thu.edu.tw/static/4488.04563646.js,200
raw/ilearn.thu.edu.tw/static/runtime~js/main-portal-86d88036.js,https://ilearn.thu.edu.tw/static/44893.6b7d178e.js,.js,True,raw/ilearn.thu.edu.tw/static/44893.6b7d178e.js,200
raw/ilearn.thu.edu.tw/static/runtime~js/main-portal-86d88036.js,https://ilearn.thu.edu.tw/static/4495.92a6bcab.js,.js,True,raw/ilearn.thu.edu.tw/static/4495.92a6bcab.js,200
raw/ilearn.thu.edu.tw/static/runtime~js/main-portal-86d88036.js,https://ilearn.thu.edu.tw/static/44975-886382b1.chunk.css,.css,True,raw/ilearn.thu.edu.tw/static/44975-886382b1.chunk.css,200
raw/ilearn.thu.edu.tw/static/runtime~js/main-portal-86d88036.js,https://ilearn.thu.edu.tw/static/44975.b06e0074.js,.js,True,raw/ilearn.thu.edu.tw/static/44975.b06e0074.js,200
raw/ilearn.thu.edu.tw/static/runtime~js/main-portal-86d88036.js,https://ilearn.thu.edu.tw/static/45109-b9de6e0e.chunk.css,.css,True,raw/ilearn.thu.edu.tw/static/45109-b9de6e0e.chunk.css,200
raw/ilearn.thu.edu.tw/static/runtime~js/main-portal-86d88036.js,https://ilearn.thu.edu.tw/static/45109.5f739864.js,.js,True,raw/ilearn.thu.edu.tw/static/45109.5f739864.js,200
raw/ilearn.thu.edu.tw/static/runtime~js/main-portal-86d88036.js,https://ilearn.thu.edu.tw/static/45312.71278fd1.js,.js,True,raw/ilearn.thu.edu.tw/static/45312.71278fd1.js,200
raw/ilearn.thu.edu.tw/static/runtime~js/main-portal-86d88036.js,https://ilearn.thu.edu.tw/static/45567-eb6ef182.chunk.css,.css,True,raw/ilearn.thu.edu.tw/static/45567-eb6ef182.chunk.css,200
raw/ilearn.thu.edu.tw/static/runtime~js/main-portal-86d88036.js,https://ilearn.thu.edu.tw/static/45567.01dfb060.js,.js,True,raw/ilearn.thu.edu.tw/static/45567.01dfb060.js,200
raw/ilearn.thu.edu.tw/static/runtime~js/main-portal-86d88036.js,https://ilearn.thu.edu.tw/static/45605.d7e10a35.js,.js,True,raw/ilearn.thu.edu.tw/static/45605.d7e10a35.js,200
raw/ilearn.thu.edu.tw/static/runtime~js/main-portal-86d88036.js,https://ilearn.thu.edu.tw/static/45683.64768b43.js,.js,True,raw/ilearn.thu.edu.tw/static/45683.64768b43.js,200
raw/ilearn.thu.edu.tw/static/runtime~js/main-portal-86d88036.js,https://ilearn.thu.edu.tw/static/45685-e4bd0eb5.chunk.css,.css,True,raw/ilearn.thu.edu.tw/static/45685-e4bd0eb5.chunk.css,200
raw/ilearn.thu.edu.tw/static/runtime~js/main-portal-86d88036.js,https://ilearn.thu.edu.tw/static/45685.4e07b7a7.js,.js,True,raw/ilearn.thu.edu.tw/static/45685.4e07b7a7.js,200
raw/ilearn.thu.edu.tw/static/runtime~js/main-portal-86d88036.js,https://ilearn.thu.edu.tw/static/46169.a4bec735.js,.js,True,raw/ilearn.thu.edu.tw/static/46169.a4bec735.js,200
raw/ilearn.thu.edu.tw/static/runtime~js/main-portal-86d88036.js,https://ilearn.thu.edu.tw/static/46865.870c4965.js,.js,True,raw/ilearn.thu.edu.tw/static/46865.870c4965.js,200
raw/ilearn.thu.edu.tw/static/runtime~js/main-portal-86d88036.js,https://ilearn.thu.edu.tw/static/4706.a4501a25.js,.js,True,raw/ilearn.thu.edu.tw/static/4706.a4501a25.js,200
raw/ilearn.thu.edu.tw/static/runtime~js/main-portal-86d88036.js,https://ilearn.thu.edu.tw/static/47219.985432f4.js,.js,True,raw/ilearn.thu.edu.tw/static/47219.985432f4.js,200
raw/ilearn.thu.edu.tw/static/runtime~js/main-portal-86d88036.js,https://ilearn.thu.edu.tw/static/47273.0f291c3d.js,.js,True,raw/ilearn.thu.edu.tw/static/47273.0f291c3d.js,200
raw/ilearn.thu.edu.tw/static/runtime~js/main-portal-86d88036.js,https://ilearn.thu.edu.tw/static/47303-8514fba9.chunk.css,.css,True,raw/ilearn.thu.edu.tw/static/47303-8514fba9.chunk.css,200
raw/ilearn.thu.edu.tw/static/runtime~js/main-portal-86d88036.js,https://ilearn.thu.edu.tw/static/4742-61f31323.chunk.css,.css,True,raw/ilearn.thu.edu.tw/static/4742-61f31323.chunk.css,200
raw/ilearn.thu.edu.tw/static/runtime~js/main-portal-86d88036.js,https://ilearn.thu.edu.tw/static/4742.b8a8d253.js,.js,True,raw/ilearn.thu.edu.tw/static/4742.b8a8d253.js,200
raw/ilearn.thu.edu.tw/static/runtime~js/main-portal-86d88036.js,https://ilearn.thu.edu.tw/static/47578-3880a424.chunk.css,.css,True,raw/ilearn.thu.edu.tw/static/47578-3880a424.chunk.css,200
raw/ilearn.thu.edu.tw/static/runtime~js/main-portal-86d88036.js,https://ilearn.thu.edu.tw/static/47578.6f793523.js,.js,True,raw/ilearn.thu.edu.tw/static/47578.6f793523.js,200
raw/ilearn.thu.edu.tw/static/runtime~js/main-portal-86d88036.js,https://ilearn.thu.edu.tw/static/47611.42ee6df9.js,.js,True,raw/ilearn.thu.edu.tw/static/47611.42ee6df9.js,200
raw/ilearn.thu.edu.tw/static/runtime~js/main-portal-86d88036.js,https://ilearn.thu.edu.tw/static/47678.6fd39676.js,.js,True,raw/ilearn.thu.edu.tw/static/47678.6fd39676.js,200
raw/ilearn.thu.edu.tw/static/runtime~js/main-portal-86d88036.js,https://ilearn.thu.edu.tw/static/47695-948c96b0.chunk.css,.css,True,raw/ilearn.thu.edu.tw/static/47695-948c96b0.chunk.css,200
raw/ilearn.thu.edu.tw/static/runtime~js/main-portal-86d88036.js,https://ilearn.thu.edu.tw/static/47695.1d992af3.js,.js,True,raw/ilearn.thu.edu.tw/static/47695.1d992af3.js,200
raw/ilearn.thu.edu.tw/static/runtime~js/main-portal-86d88036.js,https://ilearn.thu.edu.tw/static/48423-963338af.chunk.css,.css,True,raw/ilearn.thu.edu.tw/static/48423-963338af.chunk.css,200
raw/ilearn.thu.edu.tw/static/runtime~js/main-portal-86d88036.js,https://ilearn.thu.edu.tw/static/48423.d255ae31.js,.js,True,raw/ilearn.thu.edu.tw/static/48423.d255ae31.js,200
raw/ilearn.thu.edu.tw/static/runtime~js/main-portal-86d88036.js,https://ilearn.thu.edu.tw/static/48446-82e08a76.chunk.css,.css,True,raw/ilearn.thu.edu.tw/static/48446-82e08a76.chunk.css,200
raw/ilearn.thu.edu.tw/static/runtime~js/main-portal-86d88036.js,https://ilearn.thu.edu.tw/static/48446.adcff68e.js,.js,True,raw/ilearn.thu.edu.tw/static/48446.adcff68e.js,200
raw/ilearn.thu.edu.tw/static/runtime~js/main-portal-86d88036.js,https://ilearn.thu.edu.tw/static/48458.a917af91.js,.js,True,raw/ilearn.thu.edu.tw/static/48458.a917af91.js,200
raw/ilearn.thu.edu.tw/static/runtime~js/main-portal-86d88036.js,https://ilearn.thu.edu.tw/static/48471.89184ab3.js,.js,True,raw/ilearn.thu.edu.tw/static/48471.89184ab3.js,200
raw/ilearn.thu.edu.tw/static/runtime~js/main-portal-86d88036.js,https://ilearn.thu.edu.tw/static/48597.fe53365b.js,.js,True,raw/ilearn.thu.edu.tw/static/48597.fe53365b.js,200
raw/ilearn.thu.edu.tw/static/runtime~js/main-portal-86d88036.js,https://ilearn.thu.edu.tw/static/48776-3613432e.chunk.css,.css,True,raw/ilearn.thu.edu.tw/static/48776-3613432e.chunk.css,200
raw/ilearn.thu.edu.tw/static/runtime~js/main-portal-86d88036.js,https://ilearn.thu.edu.tw/static/48776.9c949b8c.js,.js,True,raw/ilearn.thu.edu.tw/static/48776.9c949b8c.js,200
raw/ilearn.thu.edu.tw/static/runtime~js/main-portal-86d88036.js,https://ilearn.thu.edu.tw/static/48925.39b391b4.js,.js,True,raw/ilearn.thu.edu.tw/static/48925.39b391b4.js,200
raw/ilearn.thu.edu.tw/static/runtime~js/main-portal-86d88036.js,https://ilearn.thu.edu.tw/static/48941.c9b6c945.js,.js,True,raw/ilearn.thu.edu.tw/static/48941.c9b6c945.js,200
raw/ilearn.thu.edu.tw/static/runtime~js/main-portal-86d88036.js,https://ilearn.thu.edu.tw/static/48987.308f1465.js,.js,True,raw/ilearn.thu.edu.tw/static/48987.308f1465.js,200
raw/ilearn.thu.edu.tw/static/runtime~js/main-portal-86d88036.js,https://ilearn.thu.edu.tw/static/4899-f746e58c.chunk.css,.css,True,raw/ilearn.thu.edu.tw/static/4899-f746e58c.chunk.css,200
raw/ilearn.thu.edu.tw/static/runtime~js/main-portal-86d88036.js,https://ilearn.thu.edu.tw/static/4899.ac95a13b.js,.js,True,raw/ilearn.thu.edu.tw/static/4899.ac95a13b.js,200
raw/ilearn.thu.edu.tw/static/runtime~js/main-portal-86d88036.js,https://ilearn.thu.edu.tw/static/49009.a1deb8c2.js,.js,True,raw/ilearn.thu.edu.tw/static/49009.a1deb8c2.js,200
raw/ilearn.thu.edu.tw/static/runtime~js/main-portal-86d88036.js,https://ilearn.thu.edu.tw/static/4909.392a8d33.js,.js,True,raw/ilearn.thu.edu.tw/static/4909.392a8d33.js,200
raw/ilearn.thu.edu.tw/static/runtime~js/main-portal-86d88036.js,https://ilearn.thu.edu.tw/static/49111.059def0d.js,.js,True,raw/ilearn.thu.edu.tw/static/49111.059def0d.js,200
raw/ilearn.thu.edu.tw/static/runtime~js/main-portal-86d88036.js,https://ilearn.thu.edu.tw/static/49116-0857b3d5.chunk.css,.css,True,raw/ilearn.thu.edu.tw/static/49116-0857b3d5.chunk.css,200
raw/ilearn.thu.edu.tw/static/runtime~js/main-portal-86d88036.js,https://ilearn.thu.edu.tw/static/49116.4e33c3c8.js,.js,True,raw/ilearn.thu.edu.tw/static/49116.4e33c3c8.js,200
raw/ilearn.thu.edu.tw/static/runtime~js/main-portal-86d88036.js,https://ilearn.thu.edu.tw/static/49123-8cda630f.js,.js,True,raw/ilearn.thu.edu.tw/static/49123-8cda630f.js,200
raw/ilearn.thu.edu.tw/static/runtime~js/main-portal-86d88036.js,https://ilearn.thu.edu.tw/static/49294-a975461a.chunk.css,.css,True,raw/ilearn.thu.edu.tw/static/49294-a975461a.chunk.css,200
raw/ilearn.thu.edu.tw/static/runtime~js/main-portal-86d88036.js,https://ilearn.thu.edu.tw/static/49294.50a0a8b3.js,.js,True,raw/ilearn.thu.edu.tw/static/49294.50a0a8b3.js,200
raw/ilearn.thu.edu.tw/static/runtime~js/main-portal-86d88036.js,https://ilearn.thu.edu.tw/static/49360.56d01019.js,.js,True,raw/ilearn.thu.edu.tw/static/49360.56d01019.js,200
raw/ilearn.thu.edu.tw/static/runtime~js/main-portal-86d88036.js,https://ilearn.thu.edu.tw/static/49412.3bf7965d.js,.js,True,raw/ilearn.thu.edu.tw/static/49412.3bf7965d.js,200
raw/ilearn.thu.edu.tw/static/runtime~js/main-portal-86d88036.js,https://ilearn.thu.edu.tw/static/49420.b30bc6e4.js,.js,True,raw/ilearn.thu.edu.tw/static/49420.b30bc6e4.js,200
raw/ilearn.thu.edu.tw/static/runtime~js/main-portal-86d88036.js,https://ilearn.thu.edu.tw/static/49430-fc436d96.chunk.css,.css,True,raw/ilearn.thu.edu.tw/static/49430-fc436d96.chunk.css,200
raw/ilearn.thu.edu.tw/static/runtime~js/main-portal-86d88036.js,https://ilearn.thu.edu.tw/static/49430.5dab1d92.js,.js,True,raw/ilearn.thu.edu.tw/static/49430.5dab1d92.js,200
raw/ilearn.thu.edu.tw/static/runtime~js/main-portal-86d88036.js,https://ilearn.thu.edu.tw/static/49592.0ad88a29.js,.js,True,raw/ilearn.thu.edu.tw/static/49592.0ad88a29.js,200
raw/ilearn.thu.edu.tw/static/runtime~js/main-portal-86d88036.js,https://ilearn.thu.edu.tw/static/49666.78967a94.js,.js,True,raw/ilearn.thu.edu.tw/static/49666.78967a94.js,200
raw/ilearn.thu.edu.tw/static/runtime~js/main-portal-86d88036.js,https://ilearn.thu.edu.tw/static/49732.71a2fe4e.js,.js,True,raw/ilearn.thu.edu.tw/static/49732.71a2fe4e.js,200
raw/ilearn.thu.edu.tw/static/runtime~js/main-portal-86d88036.js,https://ilearn.thu.edu.tw/static/5010-f91aede3.chunk.css,.css,True,raw/ilearn.thu.edu.tw/static/5010-f91aede3.chunk.css,200
raw/ilearn.thu.edu.tw/static/runtime~js/main-portal-86d88036.js,https://ilearn.thu.edu.tw/static/5010.2709fee9.js,.js,True,raw/ilearn.thu.edu.tw/static/5010.2709fee9.js,200
raw/ilearn.thu.edu.tw/static/runtime~js/main-portal-86d88036.js,https://ilearn.thu.edu.tw/static/50446.4b9b0bcc.js,.js,True,raw/ilearn.thu.edu.tw/static/50446.4b9b0bcc.js,200
raw/ilearn.thu.edu.tw/static/runtime~js/main-portal-86d88036.js,https://ilearn.thu.edu.tw/static/50559-af323960.chunk.css,.css,True,raw/ilearn.thu.edu.tw/static/50559-af323960.chunk.css,200
raw/ilearn.thu.edu.tw/static/runtime~js/main-portal-86d88036.js,https://ilearn.thu.edu.tw/static/50559.79503daf.js,.js,True,raw/ilearn.thu.edu.tw/static/50559.79503daf.js,200
raw/ilearn.thu.edu.tw/static/runtime~js/main-portal-86d88036.js,https://ilearn.thu.edu.tw/static/50574-1c64454c.chunk.css,.css,True,raw/ilearn.thu.edu.tw/static/50574-1c64454c.chunk.css,200
raw/ilearn.thu.edu.tw/static/runtime~js/main-portal-86d88036.js,https://ilearn.thu.edu.tw/static/50574.d4b1d445.js,.js,True,raw/ilearn.thu.edu.tw/static/50574.d4b1d445.js,200
raw/ilearn.thu.edu.tw/static/runtime~js/main-portal-86d88036.js,https://ilearn.thu.edu.tw/static/50600.2a8f1b1f.js,.js,True,raw/ilearn.thu.edu.tw/static/50600.2a8f1b1f.js,200
raw/ilearn.thu.edu.tw/static/runtime~js/main-portal-86d88036.js,https://ilearn.thu.edu.tw/static/50625-0c27f6fd.js,.js,True,raw/ilearn.thu.edu.tw/static/50625-0c27f6fd.js,200
raw/ilearn.thu.edu.tw/static/runtime~js/main-portal-86d88036.js,https://ilearn.thu.edu.tw/static/50674-0e23c731.chunk.css,.css,True,raw/ilearn.thu.edu.tw/static/50674-0e23c731.chunk.css,200
raw/ilearn.thu.edu.tw/static/runtime~js/main-portal-86d88036.js,https://ilearn.thu.edu.tw/static/50674.577c5280.js,.js,True,raw/ilearn.thu.edu.tw/static/50674.577c5280.js,200
raw/ilearn.thu.edu.tw/static/runtime~js/main-portal-86d88036.js,https://ilearn.thu.edu.tw/static/50759.ba0ade2f.js,.js,True,raw/ilearn.thu.edu.tw/static/50759.ba0ade2f.js,200
raw/ilearn.thu.edu.tw/static/runtime~js/main-portal-86d88036.js,https://ilearn.thu.edu.tw/static/51217.afd18812.js,.js,True,raw/ilearn.thu.edu.tw/static/51217.afd18812.js,200
raw/ilearn.thu.edu.tw/static/runtime~js/main-portal-86d88036.js,https://ilearn.thu.edu.tw/static/51223.6186db26.js,.js,True,raw/ilearn.thu.edu.tw/static/51223.6186db26.js,200
raw/ilearn.thu.edu.tw/static/runtime~js/main-portal-86d88036.js,https://ilearn.thu.edu.tw/static/51262-7c0c0f31.chunk.css,.css,True,raw/ilearn.thu.edu.tw/static/51262-7c0c0f31.chunk.css,200
raw/ilearn.thu.edu.tw/static/runtime~js/main-portal-86d88036.js,https://ilearn.thu.edu.tw/static/51262.4b082c39.js,.js,True,raw/ilearn.thu.edu.tw/static/51262.4b082c39.js,200
raw/ilearn.thu.edu.tw/static/runtime~js/main-portal-86d88036.js,https://ilearn.thu.edu.tw/static/51412.4dc52355.js,.js,True,raw/ilearn.thu.edu.tw/static/51412.4dc52355.js,200
raw/ilearn.thu.edu.tw/static/runtime~js/main-portal-86d88036.js,https://ilearn.thu.edu.tw/static/51517.ee722171.js,.js,True,raw/ilearn.thu.edu.tw/static/51517.ee722171.js,200
raw/ilearn.thu.edu.tw/static/runtime~js/main-portal-86d88036.js,https://ilearn.thu.edu.tw/static/51533.32779be1.js,.js,True,raw/ilearn.thu.edu.tw/static/51533.32779be1.js,200
raw/ilearn.thu.edu.tw/static/runtime~js/main-portal-86d88036.js,https://ilearn.thu.edu.tw/static/51708-096d42d6.js,.js,True,raw/ilearn.thu.edu.tw/static/51708-096d42d6.js,200
raw/ilearn.thu.edu.tw/static/runtime~js/main-portal-86d88036.js,https://ilearn.thu.edu.tw/static/51713.3931dcf9.js,.js,True,raw/ilearn.thu.edu.tw/static/51713.3931dcf9.js,200
raw/ilearn.thu.edu.tw/static/runtime~js/main-portal-86d88036.js,https://ilearn.thu.edu.tw/static/52010.1669d605.js,.js,True,raw/ilearn.thu.edu.tw/static/52010.1669d605.js,200
raw/ilearn.thu.edu.tw/static/runtime~js/main-portal-86d88036.js,https://ilearn.thu.edu.tw/static/52042.ed0e59eb.js,.js,True,raw/ilearn.thu.edu.tw/static/52042.ed0e59eb.js,200
raw/ilearn.thu.edu.tw/static/runtime~js/main-portal-86d88036.js,https://ilearn.thu.edu.tw/static/52089.d0fdfa73.js,.js,True,raw/ilearn.thu.edu.tw/static/52089.d0fdfa73.js,200
raw/ilearn.thu.edu.tw/static/runtime~js/main-portal-86d88036.js,https://ilearn.thu.edu.tw/static/5247.66a7f918.js,.js,True,raw/ilearn.thu.edu.tw/static/5247.66a7f918.js,200
raw/ilearn.thu.edu.tw/static/runtime~js/main-portal-86d88036.js,https://ilearn.thu.edu.tw/static/52497.cd3c0177.js,.js,True,raw/ilearn.thu.edu.tw/static/52497.cd3c0177.js,200
raw/ilearn.thu.edu.tw/static/runtime~js/main-portal-86d88036.js,https://ilearn.thu.edu.tw/static/52507-b7877082.chunk.css,.css,True,raw/ilearn.thu.edu.tw/static/52507-b7877082.chunk.css,200
raw/ilearn.thu.edu.tw/static/runtime~js/main-portal-86d88036.js,https://ilearn.thu.edu.tw/static/52507.583e35f3.js,.js,True,raw/ilearn.thu.edu.tw/static/52507.583e35f3.js,200
raw/ilearn.thu.edu.tw/static/runtime~js/main-portal-86d88036.js,https://ilearn.thu.edu.tw/static/52580-5ab45eee.chunk.css,.css,True,raw/ilearn.thu.edu.tw/static/52580-5ab45eee.chunk.css,200
raw/ilearn.thu.edu.tw/static/runtime~js/main-portal-86d88036.js,https://ilearn.thu.edu.tw/static/52580.bfff837c.js,.js,True,raw/ilearn.thu.edu.tw/static/52580.bfff837c.js,200
raw/ilearn.thu.edu.tw/static/runtime~js/main-portal-86d88036.js,https://ilearn.thu.edu.tw/static/52655.be43f9ac.js,.js,True,raw/ilearn.thu.edu.tw/static/52655.be43f9ac.js,200
raw/ilearn.thu.edu.tw/static/runtime~js/main-portal-86d88036.js,https://ilearn.thu.edu.tw/static/52701-d9206257.chunk.css,.css,True,raw/ilearn.thu.edu.tw/static/52701-d9206257.chunk.css,200
raw/ilearn.thu.edu.tw/static/runtime~js/main-portal-86d88036.js,https://ilearn.thu.edu.tw/static/52701.c51d7c92.js,.js,True,raw/ilearn.thu.edu.tw/static/52701.c51d7c92.js,200
raw/ilearn.thu.edu.tw/static/runtime~js/main-portal-86d88036.js,https://ilearn.thu.edu.tw/static/52738-df115efb.chunk.css,.css,True,raw/ilearn.thu.edu.tw/static/52738-df115efb.chunk.css,200
raw/ilearn.thu.edu.tw/static/runtime~js/main-portal-86d88036.js,https://ilearn.thu.edu.tw/static/52738.a09d146e.js,.js,True,raw/ilearn.thu.edu.tw/static/52738.a09d146e.js,200
raw/ilearn.thu.edu.tw/static/runtime~js/main-portal-86d88036.js,https://ilearn.thu.edu.tw/static/52751.70ce00c5.js,.js,True,raw/ilearn.thu.edu.tw/static/52751.70ce00c5.js,200
raw/ilearn.thu.edu.tw/static/runtime~js/main-portal-86d88036.js,https://ilearn.thu.edu.tw/static/53105.ebe47697.js,.js,True,raw/ilearn.thu.edu.tw/static/53105.ebe47697.js,200
raw/ilearn.thu.edu.tw/static/runtime~js/main-portal-86d88036.js,https://ilearn.thu.edu.tw/static/53118.9e442bef.js,.js,True,raw/ilearn.thu.edu.tw/static/53118.9e442bef.js,200
raw/ilearn.thu.edu.tw/static/runtime~js/main-portal-86d88036.js,https://ilearn.thu.edu.tw/static/53193.a73c57fa.js,.js,True,raw/ilearn.thu.edu.tw/static/53193.a73c57fa.js,200
raw/ilearn.thu.edu.tw/static/runtime~js/main-portal-86d88036.js,https://ilearn.thu.edu.tw/static/5324-3afdb00e.chunk.css,.css,True,raw/ilearn.thu.edu.tw/static/5324-3afdb00e.chunk.css,200
raw/ilearn.thu.edu.tw/static/runtime~js/main-portal-86d88036.js,https://ilearn.thu.edu.tw/static/5324.24c49169.js,.js,True,raw/ilearn.thu.edu.tw/static/5324.24c49169.js,200
raw/ilearn.thu.edu.tw/static/runtime~js/main-portal-86d88036.js,https://ilearn.thu.edu.tw/static/53352.cf45ec1b.js,.js,True,raw/ilearn.thu.edu.tw/static/53352.cf45ec1b.js,200
raw/ilearn.thu.edu.tw/static/runtime~js/main-portal-86d88036.js,https://ilearn.thu.edu.tw/static/53360-2302b21d.chunk.css,.css,True,raw/ilearn.thu.edu.tw/static/53360-2302b21d.chunk.css,200
raw/ilearn.thu.edu.tw/static/runtime~js/main-portal-86d88036.js,https://ilearn.thu.edu.tw/static/53360.c4eb14f8.js,.js,True,raw/ilearn.thu.edu.tw/static/53360.c4eb14f8.js,200
raw/ilearn.thu.edu.tw/static/runtime~js/main-portal-86d88036.js,https://ilearn.thu.edu.tw/static/53517-ee6ba8df.chunk.css,.css,True,raw/ilearn.thu.edu.tw/static/53517-ee6ba8df.chunk.css,200
raw/ilearn.thu.edu.tw/static/runtime~js/main-portal-86d88036.js,https://ilearn.thu.edu.tw/static/53517.939eb523.js,.js,True,raw/ilearn.thu.edu.tw/static/53517.939eb523.js,200
raw/ilearn.thu.edu.tw/static/runtime~js/main-portal-86d88036.js,https://ilearn.thu.edu.tw/static/53701.67275a68.js,.js,True,raw/ilearn.thu.edu.tw/static/53701.67275a68.js,200
raw/ilearn.thu.edu.tw/static/runtime~js/main-portal-86d88036.js,https://ilearn.thu.edu.tw/static/53726.ad1e1769.js,.js,True,raw/ilearn.thu.edu.tw/static/53726.ad1e1769.js,200
raw/ilearn.thu.edu.tw/static/runtime~js/main-portal-86d88036.js,https://ilearn.thu.edu.tw/static/53744.b15db598.js,.js,True,raw/ilearn.thu.edu.tw/static/53744.b15db598.js,200
raw/ilearn.thu.edu.tw/static/runtime~js/main-portal-86d88036.js,https://ilearn.thu.edu.tw/static/53787.f789eea3.js,.js,True,raw/ilearn.thu.edu.tw/static/53787.f789eea3.js,200
raw/ilearn.thu.edu.tw/static/runtime~js/main-portal-86d88036.js,https://ilearn.thu.edu.tw/static/5380.198de5fe.js,.js,True,raw/ilearn.thu.edu.tw/static/5380.198de5fe.js,200
raw/ilearn.thu.edu.tw/static/runtime~js/main-portal-86d88036.js,https://ilearn.thu.edu.tw/static/54032.7674116c.js,.js,True,raw/ilearn.thu.edu.tw/static/54032.7674116c.js,200
raw/ilearn.thu.edu.tw/static/runtime~js/main-portal-86d88036.js,https://ilearn.thu.edu.tw/static/54345.354d5629.js,.js,True,raw/ilearn.thu.edu.tw/static/54345.354d5629.js,200
raw/ilearn.thu.edu.tw/static/runtime~js/main-portal-86d88036.js,https://ilearn.thu.edu.tw/static/54501.8d428f86.js,.js,True,raw/ilearn.thu.edu.tw/static/54501.8d428f86.js,200
raw/ilearn.thu.edu.tw/static/runtime~js/main-portal-86d88036.js,https://ilearn.thu.edu.tw/static/55200.e380810d.js,.js,True,raw/ilearn.thu.edu.tw/static/55200.e380810d.js,200
raw/ilearn.thu.edu.tw/static/runtime~js/main-portal-86d88036.js,https://ilearn.thu.edu.tw/static/55269-55b3198d.chunk.css,.css,True,raw/ilearn.thu.edu.tw/static/55269-55b3198d.chunk.css,200
raw/ilearn.thu.edu.tw/static/runtime~js/main-portal-86d88036.js,https://ilearn.thu.edu.tw/static/55269.751db329.js,.js,True,raw/ilearn.thu.edu.tw/static/55269.751db329.js,200
raw/ilearn.thu.edu.tw/static/runtime~js/main-portal-86d88036.js,https://ilearn.thu.edu.tw/static/5552.a05f048d.js,.js,True,raw/ilearn.thu.edu.tw/static/5552.a05f048d.js,200
raw/ilearn.thu.edu.tw/static/runtime~js/main-portal-86d88036.js,https://ilearn.thu.edu.tw/static/55789-71944412.js,.js,True,raw/ilearn.thu.edu.tw/static/55789-71944412.js,200
raw/ilearn.thu.edu.tw/static/runtime~js/main-portal-86d88036.js,https://ilearn.thu.edu.tw/static/5587.35565f0b.js,.js,True,raw/ilearn.thu.edu.tw/static/5587.35565f0b.js,200
raw/ilearn.thu.edu.tw/static/runtime~js/main-portal-86d88036.js,https://ilearn.thu.edu.tw/static/55883-5cbf025a.chunk.css,.css,True,raw/ilearn.thu.edu.tw/static/55883-5cbf025a.chunk.css,200
raw/ilearn.thu.edu.tw/static/runtime~js/main-portal-86d88036.js,https://ilearn.thu.edu.tw/static/55883.4fb44abe.js,.js,True,raw/ilearn.thu.edu.tw/static/55883.4fb44abe.js,200
raw/ilearn.thu.edu.tw/static/runtime~js/main-portal-86d88036.js,https://ilearn.thu.edu.tw/static/56097.6e052f70.js,.js,True,raw/ilearn.thu.edu.tw/static/56097.6e052f70.js,200
raw/ilearn.thu.edu.tw/static/runtime~js/main-portal-86d88036.js,https://ilearn.thu.edu.tw/static/56238-e6d14d32.chunk.css,.css,True,raw/ilearn.thu.edu.tw/static/56238-e6d14d32.chunk.css,200
raw/ilearn.thu.edu.tw/static/runtime~js/main-portal-86d88036.js,https://ilearn.thu.edu.tw/static/56238.f31939a7.js,.js,True,raw/ilearn.thu.edu.tw/static/56238.f31939a7.js,200
raw/ilearn.thu.edu.tw/static/runtime~js/main-portal-86d88036.js,https://ilearn.thu.edu.tw/static/56342.a7791db6.js,.js,True,raw/ilearn.thu.edu.tw/static/56342.a7791db6.js,200
raw/ilearn.thu.edu.tw/static/runtime~js/main-portal-86d88036.js,https://ilearn.thu.edu.tw/static/5636-3297b778.js,.js,True,raw/ilearn.thu.edu.tw/static/5636-3297b778.js,200
raw/ilearn.thu.edu.tw/static/runtime~js/main-portal-86d88036.js,https://ilearn.thu.edu.tw/static/56473.a646da96.js,.js,True,raw/ilearn.thu.edu.tw/static/56473.a646da96.js,200
raw/ilearn.thu.edu.tw/static/runtime~js/main-portal-86d88036.js,https://ilearn.thu.edu.tw/static/56488.5dafa7c7.js,.js,True,raw/ilearn.thu.edu.tw/static/56488.5dafa7c7.js,200
raw/ilearn.thu.edu.tw/static/runtime~js/main-portal-86d88036.js,https://ilearn.thu.edu.tw/static/56557.a1d013f3.js,.js,True,raw/ilearn.thu.edu.tw/static/56557.a1d013f3.js,200
raw/ilearn.thu.edu.tw/static/runtime~js/main-portal-86d88036.js,https://ilearn.thu.edu.tw/static/56586-ee6d4aaf.chunk.css,.css,True,raw/ilearn.thu.edu.tw/static/56586-ee6d4aaf.chunk.css,200
raw/ilearn.thu.edu.tw/static/runtime~js/main-portal-86d88036.js,https://ilearn.thu.edu.tw/static/56586.a238b339.js,.js,True,raw/ilearn.thu.edu.tw/static/56586.a238b339.js,200
raw/ilearn.thu.edu.tw/static/runtime~js/main-portal-86d88036.js,https://ilearn.thu.edu.tw/static/56690.f382cd2d.js,.js,True,raw/ilearn.thu.edu.tw/static/56690.f382cd2d.js,200
raw/ilearn.thu.edu.tw/static/runtime~js/main-portal-86d88036.js,https://ilearn.thu.edu.tw/static/56713.bccc0b10.js,.js,True,raw/ilearn.thu.edu.tw/static/56713.bccc0b10.js,200
raw/ilearn.thu.edu.tw/static/runtime~js/main-portal-86d88036.js,https://ilearn.thu.edu.tw/static/56821.10ffdb15.js,.js,True,raw/ilearn.thu.edu.tw/static/56821.10ffdb15.js,200
raw/ilearn.thu.edu.tw/static/runtime~js/main-portal-86d88036.js,https://ilearn.thu.edu.tw/static/56863.7dd32aa6.js,.js,True,raw/ilearn.thu.edu.tw/static/56863.7dd32aa6.js,200
raw/ilearn.thu.edu.tw/static/runtime~js/main-portal-86d88036.js,https://ilearn.thu.edu.tw/static/56998.6f4a56d4.js,.js,True,raw/ilearn.thu.edu.tw/static/56998.6f4a56d4.js,200
raw/ilearn.thu.edu.tw/static/runtime~js/main-portal-86d88036.js,https://ilearn.thu.edu.tw/static/57006.98dfde3c.js,.js,True,raw/ilearn.thu.edu.tw/static/57006.98dfde3c.js,200
raw/ilearn.thu.edu.tw/static/runtime~js/main-portal-86d88036.js,https://ilearn.thu.edu.tw/static/57105.8d4f2c6b.js,.js,True,raw/ilearn.thu.edu.tw/static/57105.8d4f2c6b.js,200
raw/ilearn.thu.edu.tw/static/runtime~js/main-portal-86d88036.js,https://ilearn.thu.edu.tw/static/57143.4e035d36.js,.js,True,raw/ilearn.thu.edu.tw/static/57143.4e035d36.js,200
raw/ilearn.thu.edu.tw/static/runtime~js/main-portal-86d88036.js,https://ilearn.thu.edu.tw/static/5727-eea9a5ad.chunk.css,.css,True,raw/ilearn.thu.edu.tw/static/5727-eea9a5ad.chunk.css,200
raw/ilearn.thu.edu.tw/static/runtime~js/main-portal-86d88036.js,https://ilearn.thu.edu.tw/static/5727.fe67c462.js,.js,True,raw/ilearn.thu.edu.tw/static/5727.fe67c462.js,200
raw/ilearn.thu.edu.tw/static/runtime~js/main-portal-86d88036.js,https://ilearn.thu.edu.tw/static/5747.0616b035.js,.js,True,raw/ilearn.thu.edu.tw/static/5747.0616b035.js,200
raw/ilearn.thu.edu.tw/static/runtime~js/main-portal-86d88036.js,https://ilearn.thu.edu.tw/static/57492-7f0270f4.chunk.css,.css,True,raw/ilearn.thu.edu.tw/static/57492-7f0270f4.chunk.css,200
raw/ilearn.thu.edu.tw/static/runtime~js/main-portal-86d88036.js,https://ilearn.thu.edu.tw/static/57492.7746cf06.js,.js,True,raw/ilearn.thu.edu.tw/static/57492.7746cf06.js,200
raw/ilearn.thu.edu.tw/static/runtime~js/main-portal-86d88036.js,https://ilearn.thu.edu.tw/static/577-fe65fcbb.chunk.css,.css,True,raw/ilearn.thu.edu.tw/static/577-fe65fcbb.chunk.css,200
raw/ilearn.thu.edu.tw/static/runtime~js/main-portal-86d88036.js,https://ilearn.thu.edu.tw/static/577.ebb262f3.js,.js,True,raw/ilearn.thu.edu.tw/static/577.ebb262f3.js,200
raw/ilearn.thu.edu.tw/static/runtime~js/main-portal-86d88036.js,https://ilearn.thu.edu.tw/static/57717.10d6c03a.js,.js,True,raw/ilearn.thu.edu.tw/static/57717.10d6c03a.js,200
raw/ilearn.thu.edu.tw/static/runtime~js/main-portal-86d88036.js,https://ilearn.thu.edu.tw/static/57719-ffadfbca.chunk.css,.css,True,raw/ilearn.thu.edu.tw/static/57719-ffadfbca.chunk.css,200
raw/ilearn.thu.edu.tw/static/runtime~js/main-portal-86d88036.js,https://ilearn.thu.edu.tw/static/57719.311a757c.js,.js,True,raw/ilearn.thu.edu.tw/static/57719.311a757c.js,200
raw/ilearn.thu.edu.tw/static/runtime~js/main-portal-86d88036.js,https://ilearn.thu.edu.tw/static/57829-7fda68c1.chunk.css,.css,True,raw/ilearn.thu.edu.tw/static/57829-7fda68c1.chunk.css,200
raw/ilearn.thu.edu.tw/static/runtime~js/main-portal-86d88036.js,https://ilearn.thu.edu.tw/static/57829.57c25bf0.js,.js,True,raw/ilearn.thu.edu.tw/static/57829.57c25bf0.js,200
raw/ilearn.thu.edu.tw/static/runtime~js/main-portal-86d88036.js,https://ilearn.thu.edu.tw/static/58058.12a2afe7.js,.js,True,raw/ilearn.thu.edu.tw/static/58058.12a2afe7.js,200
raw/ilearn.thu.edu.tw/static/runtime~js/main-portal-86d88036.js,https://ilearn.thu.edu.tw/static/58273-ee524950.chunk.css,.css,True,raw/ilearn.thu.edu.tw/static/58273-ee524950.chunk.css,200
raw/ilearn.thu.edu.tw/static/runtime~js/main-portal-86d88036.js,https://ilearn.thu.edu.tw/static/58273.e82db5f8.js,.js,True,raw/ilearn.thu.edu.tw/static/58273.e82db5f8.js,200
raw/ilearn.thu.edu.tw/static/runtime~js/main-portal-86d88036.js,https://ilearn.thu.edu.tw/static/58305.075ff37e.js,.js,True,raw/ilearn.thu.edu.tw/static/58305.075ff37e.js,200
raw/ilearn.thu.edu.tw/static/runtime~js/main-portal-86d88036.js,https://ilearn.thu.edu.tw/static/58315-efee6077.chunk.css,.css,True,raw/ilearn.thu.edu.tw/static/58315-efee6077.chunk.css,200
raw/ilearn.thu.edu.tw/static/runtime~js/main-portal-86d88036.js,https://ilearn.thu.edu.tw/static/58315.5206b873.js,.js,True,raw/ilearn.thu.edu.tw/static/58315.5206b873.js,200
raw/ilearn.thu.edu.tw/static/runtime~js/main-portal-86d88036.js,https://ilearn.thu.edu.tw/static/58605.e8c4b20e.js,.js,True,raw/ilearn.thu.edu.tw/static/58605.e8c4b20e.js,200
raw/ilearn.thu.edu.tw/static/runtime~js/main-portal-86d88036.js,https://ilearn.thu.edu.tw/static/58675.da882e8a.js,.js,True,raw/ilearn.thu.edu.tw/static/58675.da882e8a.js,200
raw/ilearn.thu.edu.tw/static/runtime~js/main-portal-86d88036.js,https://ilearn.thu.edu.tw/static/58684-e3e80b5d.chunk.css,.css,True,raw/ilearn.thu.edu.tw/static/58684-e3e80b5d.chunk.css,200
raw/ilearn.thu.edu.tw/static/runtime~js/main-portal-86d88036.js,https://ilearn.thu.edu.tw/static/58684.6591aa99.js,.js,True,raw/ilearn.thu.edu.tw/static/58684.6591aa99.js,200
raw/ilearn.thu.edu.tw/static/runtime~js/main-portal-86d88036.js,https://ilearn.thu.edu.tw/static/58765.25ce6d88.js,.js,True,raw/ilearn.thu.edu.tw/static/58765.25ce6d88.js,200
raw/ilearn.thu.edu.tw/static/runtime~js/main-portal-86d88036.js,https://ilearn.thu.edu.tw/static/58791-8786fc4a.chunk.css,.css,True,raw/ilearn.thu.edu.tw/static/58791-8786fc4a.chunk.css,200
raw/ilearn.thu.edu.tw/static/runtime~js/main-portal-86d88036.js,https://ilearn.thu.edu.tw/static/58791.0d781150.js,.js,True,raw/ilearn.thu.edu.tw/static/58791.0d781150.js,200
raw/ilearn.thu.edu.tw/static/runtime~js/main-portal-86d88036.js,https://ilearn.thu.edu.tw/static/58870-3f72807e.chunk.css,.css,True,raw/ilearn.thu.edu.tw/static/58870-3f72807e.chunk.css,200
raw/ilearn.thu.edu.tw/static/runtime~js/main-portal-86d88036.js,https://ilearn.thu.edu.tw/static/58870.a1dc1e8d.js,.js,True,raw/ilearn.thu.edu.tw/static/58870.a1dc1e8d.js,200
raw/ilearn.thu.edu.tw/static/runtime~js/main-portal-86d88036.js,https://ilearn.thu.edu.tw/static/58960.1daf8fad.js,.js,True,raw/ilearn.thu.edu.tw/static/58960.1daf8fad.js,200
raw/ilearn.thu.edu.tw/static/runtime~js/main-portal-86d88036.js,https://ilearn.thu.edu.tw/static/58977.6c2f35bd.js,.js,True,raw/ilearn.thu.edu.tw/static/58977.6c2f35bd.js,200
raw/ilearn.thu.edu.tw/static/runtime~js/main-portal-86d88036.js,https://ilearn.thu.edu.tw/static/58986.b8ea3e0e.js,.js,True,raw/ilearn.thu.edu.tw/static/58986.b8ea3e0e.js,200
raw/ilearn.thu.edu.tw/static/runtime~js/main-portal-86d88036.js,https://ilearn.thu.edu.tw/static/59093.0c93f189.js,.js,True,raw/ilearn.thu.edu.tw/static/59093.0c93f189.js,200
raw/ilearn.thu.edu.tw/static/runtime~js/main-portal-86d88036.js,https://ilearn.thu.edu.tw/static/59127-e4158134.chunk.css,.css,True,raw/ilearn.thu.edu.tw/static/59127-e4158134.chunk.css,200
raw/ilearn.thu.edu.tw/static/runtime~js/main-portal-86d88036.js,https://ilearn.thu.edu.tw/static/59127.d25a97b1.js,.js,True,raw/ilearn.thu.edu.tw/static/59127.d25a97b1.js,200
raw/ilearn.thu.edu.tw/static/runtime~js/main-portal-86d88036.js,https://ilearn.thu.edu.tw/static/59241-2c6c4de7.chunk.css,.css,True,raw/ilearn.thu.edu.tw/static/59241-2c6c4de7.chunk.css,200
raw/ilearn.thu.edu.tw/static/runtime~js/main-portal-86d88036.js,https://ilearn.thu.edu.tw/static/59241.4f8fae2d.js,.js,True,raw/ilearn.thu.edu.tw/static/59241.4f8fae2d.js,200
raw/ilearn.thu.edu.tw/static/runtime~js/main-portal-86d88036.js,https://ilearn.thu.edu.tw/static/59246.3ab4838a.js,.js,True,raw/ilearn.thu.edu.tw/static/59246.3ab4838a.js,200
raw/ilearn.thu.edu.tw/static/runtime~js/main-portal-86d88036.js,https://ilearn.thu.edu.tw/static/59414.7893dd9b.js,.js,True,raw/ilearn.thu.edu.tw/static/59414.7893dd9b.js,200
raw/ilearn.thu.edu.tw/static/runtime~js/main-portal-86d88036.js,https://ilearn.thu.edu.tw/static/59576.7aadb53f.js,.js,True,raw/ilearn.thu.edu.tw/static/59576.7aadb53f.js,200
raw/ilearn.thu.edu.tw/static/runtime~js/main-portal-86d88036.js,https://ilearn.thu.edu.tw/static/59931.0b50618d.js,.js,True,raw/ilearn.thu.edu.tw/static/59931.0b50618d.js,200
raw/ilearn.thu.edu.tw/static/runtime~js/main-portal-86d88036.js,https://ilearn.thu.edu.tw/static/59988-09b8540a.js,.js,True,raw/ilearn.thu.edu.tw/static/59988-09b8540a.js,200
raw/ilearn.thu.edu.tw/static/runtime~js/main-portal-86d88036.js,https://ilearn.thu.edu.tw/static/60088.2732e1e3.js,.js,True,raw/ilearn.thu.edu.tw/static/60088.2732e1e3.js,200
raw/ilearn.thu.edu.tw/static/runtime~js/main-portal-86d88036.js,https://ilearn.thu.edu.tw/static/60532.47d6c4f9.js,.js,True,raw/ilearn.thu.edu.tw/static/60532.47d6c4f9.js,200
raw/ilearn.thu.edu.tw/static/runtime~js/main-portal-86d88036.js,https://ilearn.thu.edu.tw/static/60648.54941882.js,.js,True,raw/ilearn.thu.edu.tw/static/60648.54941882.js,200
raw/ilearn.thu.edu.tw/static/runtime~js/main-portal-86d88036.js,https://ilearn.thu.edu.tw/static/6066.db556320.js,.js,True,raw/ilearn.thu.edu.tw/static/6066.db556320.js,200
raw/ilearn.thu.edu.tw/static/runtime~js/main-portal-86d88036.js,https://ilearn.thu.edu.tw/static/60797-e6b2c218.chunk.css,.css,True,raw/ilearn.thu.edu.tw/static/60797-e6b2c218.chunk.css,200
raw/ilearn.thu.edu.tw/static/runtime~js/main-portal-86d88036.js,https://ilearn.thu.edu.tw/static/60797.036cfe1d.js,.js,True,raw/ilearn.thu.edu.tw/static/60797.036cfe1d.js,200
raw/ilearn.thu.edu.tw/static/runtime~js/main-portal-86d88036.js,https://ilearn.thu.edu.tw/static/60808.b6e6469e.js,.js,True,raw/ilearn.thu.edu.tw/static/60808.b6e6469e.js,200
raw/ilearn.thu.edu.tw/static/runtime~js/main-portal-86d88036.js,https://ilearn.thu.edu.tw/static/60868-9c24b52d.js,.js,True,raw/ilearn.thu.edu.tw/static/60868-9c24b52d.js,200
raw/ilearn.thu.edu.tw/static/runtime~js/main-portal-86d88036.js,https://ilearn.thu.edu.tw/static/61116.cffc9940.js,.js,True,raw/ilearn.thu.edu.tw/static/61116.cffc9940.js,200
raw/ilearn.thu.edu.tw/static/runtime~js/main-portal-86d88036.js,https://ilearn.thu.edu.tw/static/61141.27f30369.js,.js,True,raw/ilearn.thu.edu.tw/static/61141.27f30369.js,200
raw/ilearn.thu.edu.tw/static/runtime~js/main-portal-86d88036.js,https://ilearn.thu.edu.tw/static/61268.45d99379.js,.js,True,raw/ilearn.thu.edu.tw/static/61268.45d99379.js,200
raw/ilearn.thu.edu.tw/static/runtime~js/main-portal-86d88036.js,https://ilearn.thu.edu.tw/static/61362-6401467b.chunk.css,.css,True,raw/ilearn.thu.edu.tw/static/61362-6401467b.chunk.css,200
raw/ilearn.thu.edu.tw/static/runtime~js/main-portal-86d88036.js,https://ilearn.thu.edu.tw/static/61362.bfd86d99.js,.js,True,raw/ilearn.thu.edu.tw/static/61362.bfd86d99.js,200
raw/ilearn.thu.edu.tw/static/runtime~js/main-portal-86d88036.js,https://ilearn.thu.edu.tw/static/61508.ff3d35a7.js,.js,True,raw/ilearn.thu.edu.tw/static/61508.ff3d35a7.js,200
raw/ilearn.thu.edu.tw/static/runtime~js/main-portal-86d88036.js,https://ilearn.thu.edu.tw/static/61813-f9d62ef1.chunk.css,.css,True,raw/ilearn.thu.edu.tw/static/61813-f9d62ef1.chunk.css,200
raw/ilearn.thu.edu.tw/static/runtime~js/main-portal-86d88036.js,https://ilearn.thu.edu.tw/static/61813.953957a8.js,.js,True,raw/ilearn.thu.edu.tw/static/61813.953957a8.js,200
raw/ilearn.thu.edu.tw/static/runtime~js/main-portal-86d88036.js,https://ilearn.thu.edu.tw/static/61827.21c6f16e.js,.js,True,raw/ilearn.thu.edu.tw/static/61827.21c6f16e.js,200
raw/ilearn.thu.edu.tw/static/runtime~js/main-portal-86d88036.js,https://ilearn.thu.edu.tw/static/6194-2099889d.chunk.css,.css,True,raw/ilearn.thu.edu.tw/static/6194-2099889d.chunk.css,200
raw/ilearn.thu.edu.tw/static/runtime~js/main-portal-86d88036.js,https://ilearn.thu.edu.tw/static/6194.9278dbfd.js,.js,True,raw/ilearn.thu.edu.tw/static/6194.9278dbfd.js,200
raw/ilearn.thu.edu.tw/static/runtime~js/main-portal-86d88036.js,https://ilearn.thu.edu.tw/static/61977.30ecd202.js,.js,True,raw/ilearn.thu.edu.tw/static/61977.30ecd202.js,200
raw/ilearn.thu.edu.tw/static/runtime~js/main-portal-86d88036.js,https://ilearn.thu.edu.tw/static/62115.535dac38.js,.js,True,raw/ilearn.thu.edu.tw/static/62115.535dac38.js,200
raw/ilearn.thu.edu.tw/static/runtime~js/main-portal-86d88036.js,https://ilearn.thu.edu.tw/static/62208.be9a7e29.js,.js,True,raw/ilearn.thu.edu.tw/static/62208.be9a7e29.js,200
raw/ilearn.thu.edu.tw/static/runtime~js/main-portal-86d88036.js,https://ilearn.thu.edu.tw/static/62383.f956d0b8.js,.js,True,raw/ilearn.thu.edu.tw/static/62383.f956d0b8.js,200
raw/ilearn.thu.edu.tw/static/runtime~js/main-portal-86d88036.js,https://ilearn.thu.edu.tw/static/62431-eea2ade2.chunk.css,.css,True,raw/ilearn.thu.edu.tw/static/62431-eea2ade2.chunk.css,200
raw/ilearn.thu.edu.tw/static/runtime~js/main-portal-86d88036.js,https://ilearn.thu.edu.tw/static/62431.398c2bf4.js,.js,True,raw/ilearn.thu.edu.tw/static/62431.398c2bf4.js,200
raw/ilearn.thu.edu.tw/static/runtime~js/main-portal-86d88036.js,https://ilearn.thu.edu.tw/static/62481-17fb0552.css,.css,True,raw/ilearn.thu.edu.tw/static/62481-17fb0552.css,200
raw/ilearn.thu.edu.tw/static/runtime~js/main-portal-86d88036.js,https://ilearn.thu.edu.tw/static/6258.d663801d.js,.js,True,raw/ilearn.thu.edu.tw/static/6258.d663801d.js,200
raw/ilearn.thu.edu.tw/static/runtime~js/main-portal-86d88036.js,https://ilearn.thu.edu.tw/static/62691.5eda5538.js,.js,True,raw/ilearn.thu.edu.tw/static/62691.5eda5538.js,200
raw/ilearn.thu.edu.tw/static/runtime~js/main-portal-86d88036.js,https://ilearn.thu.edu.tw/static/62698-12c30edb.chunk.css,.css,True,raw/ilearn.thu.edu.tw/static/62698-12c30edb.chunk.css,200
raw/ilearn.thu.edu.tw/static/runtime~js/main-portal-86d88036.js,https://ilearn.thu.edu.tw/static/62698.d680d277.js,.js,True,raw/ilearn.thu.edu.tw/static/62698.d680d277.js,200
raw/ilearn.thu.edu.tw/static/runtime~js/main-portal-86d88036.js,https://ilearn.thu.edu.tw/static/62699.d8a837e2.js,.js,True,raw/ilearn.thu.edu.tw/static/62699.d8a837e2.js,200
raw/ilearn.thu.edu.tw/static/runtime~js/main-portal-86d88036.js,https://ilearn.thu.edu.tw/static/62964.d4f645ea.js,.js,True,raw/ilearn.thu.edu.tw/static/62964.d4f645ea.js,200
raw/ilearn.thu.edu.tw/static/runtime~js/main-portal-86d88036.js,https://ilearn.thu.edu.tw/static/63109.9d573414.js,.js,True,raw/ilearn.thu.edu.tw/static/63109.9d573414.js,200
raw/ilearn.thu.edu.tw/static/runtime~js/main-portal-86d88036.js,https://ilearn.thu.edu.tw/static/63226-bccf16b4.chunk.css,.css,True,raw/ilearn.thu.edu.tw/static/63226-bccf16b4.chunk.css,200
raw/ilearn.thu.edu.tw/static/runtime~js/main-portal-86d88036.js,https://ilearn.thu.edu.tw/static/63226.ebd683a4.js,.js,True,raw/ilearn.thu.edu.tw/static/63226.ebd683a4.js,200
raw/ilearn.thu.edu.tw/static/runtime~js/main-portal-86d88036.js,https://ilearn.thu.edu.tw/static/63256.3e10694e.js,.js,True,raw/ilearn.thu.edu.tw/static/63256.3e10694e.js,200
raw/ilearn.thu.edu.tw/static/runtime~js/main-portal-86d88036.js,https://ilearn.thu.edu.tw/static/63294.a7cff4a3.js,.js,True,raw/ilearn.thu.edu.tw/static/63294.a7cff4a3.js,200
raw/ilearn.thu.edu.tw/static/runtime~js/main-portal-86d88036.js,https://ilearn.thu.edu.tw/static/63328.1e42b11a.js,.js,True,raw/ilearn.thu.edu.tw/static/63328.1e42b11a.js,200
raw/ilearn.thu.edu.tw/static/runtime~js/main-portal-86d88036.js,https://ilearn.thu.edu.tw/static/63492.d3abe7f7.js,.js,True,raw/ilearn.thu.edu.tw/static/63492.d3abe7f7.js,200
raw/ilearn.thu.edu.tw/static/runtime~js/main-portal-86d88036.js,https://ilearn.thu.edu.tw/static/63534.15e051cd.js,.js,True,raw/ilearn.thu.edu.tw/static/63534.15e051cd.js,200
raw/ilearn.thu.edu.tw/static/runtime~js/main-portal-86d88036.js,https://ilearn.thu.edu.tw/static/63694.55639e9f.js,.js,True,raw/ilearn.thu.edu.tw/static/63694.55639e9f.js,200
raw/ilearn.thu.edu.tw/static/runtime~js/main-portal-86d88036.js,https://ilearn.thu.edu.tw/static/63756-b6ed5817.js,.js,True,raw/ilearn.thu.edu.tw/static/63756-b6ed5817.js,200
raw/ilearn.thu.edu.tw/static/runtime~js/main-portal-86d88036.js,https://ilearn.thu.edu.tw/static/63893.9f967263.js,.js,True,raw/ilearn.thu.edu.tw/static/63893.9f967263.js,200
raw/ilearn.thu.edu.tw/static/runtime~js/main-portal-86d88036.js,https://ilearn.thu.edu.tw/static/63918-d58e56c6.chunk.css,.css,True,raw/ilearn.thu.edu.tw/static/63918-d58e56c6.chunk.css,200
raw/ilearn.thu.edu.tw/static/runtime~js/main-portal-86d88036.js,https://ilearn.thu.edu.tw/static/63918.0915f565.js,.js,True,raw/ilearn.thu.edu.tw/static/63918.0915f565.js,200
raw/ilearn.thu.edu.tw/static/runtime~js/main-portal-86d88036.js,https://ilearn.thu.edu.tw/static/64060-4e455ced.chunk.css,.css,True,raw/ilearn.thu.edu.tw/static/64060-4e455ced.chunk.css,200
raw/ilearn.thu.edu.tw/static/runtime~js/main-portal-86d88036.js,https://ilearn.thu.edu.tw/static/64060.3772bf8f.js,.js,True,raw/ilearn.thu.edu.tw/static/64060.3772bf8f.js,200
raw/ilearn.thu.edu.tw/static/runtime~js/main-portal-86d88036.js,https://ilearn.thu.edu.tw/static/6411.88ba6ff3.js,.js,True,raw/ilearn.thu.edu.tw/static/6411.88ba6ff3.js,200
raw/ilearn.thu.edu.tw/static/runtime~js/main-portal-86d88036.js,https://ilearn.thu.edu.tw/static/64274.801be9be.js,.js,True,raw/ilearn.thu.edu.tw/static/64274.801be9be.js,200
raw/ilearn.thu.edu.tw/static/runtime~js/main-portal-86d88036.js,https://ilearn.thu.edu.tw/static/64288-e49c4b74.chunk.css,.css,True,raw/ilearn.thu.edu.tw/static/64288-e49c4b74.chunk.css,200
raw/ilearn.thu.edu.tw/static/runtime~js/main-portal-86d88036.js,https://ilearn.thu.edu.tw/static/64288.ea478172.js,.js,True,raw/ilearn.thu.edu.tw/static/64288.ea478172.js,200
raw/ilearn.thu.edu.tw/static/runtime~js/main-portal-86d88036.js,https://ilearn.thu.edu.tw/static/64422.c3faf34c.js,.js,True,raw/ilearn.thu.edu.tw/static/64422.c3faf34c.js,200
raw/ilearn.thu.edu.tw/static/runtime~js/main-portal-86d88036.js,https://ilearn.thu.edu.tw/static/64524-c1849d25.chunk.css,.css,True,raw/ilearn.thu.edu.tw/static/64524-c1849d25.chunk.css,200
raw/ilearn.thu.edu.tw/static/runtime~js/main-portal-86d88036.js,https://ilearn.thu.edu.tw/static/64524.998ab750.js,.js,True,raw/ilearn.thu.edu.tw/static/64524.998ab750.js,200
raw/ilearn.thu.edu.tw/static/runtime~js/main-portal-86d88036.js,https://ilearn.thu.edu.tw/static/64608.9531c22f.js,.js,True,raw/ilearn.thu.edu.tw/static/64608.9531c22f.js,200
raw/ilearn.thu.edu.tw/static/runtime~js/main-portal-86d88036.js,https://ilearn.thu.edu.tw/static/64611.ccf22dfb.js,.js,True,raw/ilearn.thu.edu.tw/static/64611.ccf22dfb.js,200
raw/ilearn.thu.edu.tw/static/runtime~js/main-portal-86d88036.js,https://ilearn.thu.edu.tw/static/6485-41033c6b.js,.js,True,raw/ilearn.thu.edu.tw/static/6485-41033c6b.js,200
raw/ilearn.thu.edu.tw/static/runtime~js/main-portal-86d88036.js,https://ilearn.thu.edu.tw/static/64918.24ecb27b.js,.js,True,raw/ilearn.thu.edu.tw/static/64918.24ecb27b.js,200
raw/ilearn.thu.edu.tw/static/runtime~js/main-portal-86d88036.js,https://ilearn.thu.edu.tw/static/651.c5c890af.js,.js,True,raw/ilearn.thu.edu.tw/static/651.c5c890af.js,200
raw/ilearn.thu.edu.tw/static/runtime~js/main-portal-86d88036.js,https://ilearn.thu.edu.tw/static/6610-4ac05e13.chunk.css,.css,True,raw/ilearn.thu.edu.tw/static/6610-4ac05e13.chunk.css,200
raw/ilearn.thu.edu.tw/static/runtime~js/main-portal-86d88036.js,https://ilearn.thu.edu.tw/static/6610.7655c044.js,.js,True,raw/ilearn.thu.edu.tw/static/6610.7655c044.js,200
raw/ilearn.thu.edu.tw/static/runtime~js/main-portal-86d88036.js,https://ilearn.thu.edu.tw/static/66278-ce5b93dc.chunk.css,.css,True,raw/ilearn.thu.edu.tw/static/66278-ce5b93dc.chunk.css,200
raw/ilearn.thu.edu.tw/static/runtime~js/main-portal-86d88036.js,https://ilearn.thu.edu.tw/static/66278.7b246336.js,.js,True,raw/ilearn.thu.edu.tw/static/66278.7b246336.js,200
raw/ilearn.thu.edu.tw/static/runtime~js/main-portal-86d88036.js,https://ilearn.thu.edu.tw/static/66286.f8a7aa7c.js,.js,True,raw/ilearn.thu.edu.tw/static/66286.f8a7aa7c.js,200
raw/ilearn.thu.edu.tw/static/runtime~js/main-portal-86d88036.js,https://ilearn.thu.edu.tw/static/66297-eb6ef182.chunk.css,.css,True,raw/ilearn.thu.edu.tw/static/66297-eb6ef182.chunk.css,200
raw/ilearn.thu.edu.tw/static/runtime~js/main-portal-86d88036.js,https://ilearn.thu.edu.tw/static/66297.9aa2f6d5.js,.js,True,raw/ilearn.thu.edu.tw/static/66297.9aa2f6d5.js,200
raw/ilearn.thu.edu.tw/static/runtime~js/main-portal-86d88036.js,https://ilearn.thu.edu.tw/static/66340.b22fd651.js,.js,True,raw/ilearn.thu.edu.tw/static/66340.b22fd651.js,200
raw/ilearn.thu.edu.tw/static/runtime~js/main-portal-86d88036.js,https://ilearn.thu.edu.tw/static/6641-b0587888.js,.js,True,raw/ilearn.thu.edu.tw/static/6641-b0587888.js,200
raw/ilearn.thu.edu.tw/static/runtime~js/main-portal-86d88036.js,https://ilearn.thu.edu.tw/static/66498.ce4f1ab9.js,.js,True,raw/ilearn.thu.edu.tw/static/66498.ce4f1ab9.js,200
raw/ilearn.thu.edu.tw/static/runtime~js/main-portal-86d88036.js,https://ilearn.thu.edu.tw/static/66543.3ea1411c.js,.js,True,raw/ilearn.thu.edu.tw/static/66543.3ea1411c.js,200
raw/ilearn.thu.edu.tw/static/runtime~js/main-portal-86d88036.js,https://ilearn.thu.edu.tw/static/66563.ae6e7541.js,.js,True,raw/ilearn.thu.edu.tw/static/66563.ae6e7541.js,200
raw/ilearn.thu.edu.tw/static/runtime~js/main-portal-86d88036.js,https://ilearn.thu.edu.tw/static/6670.d8c7a443.js,.js,True,raw/ilearn.thu.edu.tw/static/6670.d8c7a443.js,200
raw/ilearn.thu.edu.tw/static/runtime~js/main-portal-86d88036.js,https://ilearn.thu.edu.tw/static/66818.a7791db6.js,.js,True,raw/ilearn.thu.edu.tw/static/66818.a7791db6.js,200
raw/ilearn.thu.edu.tw/static/runtime~js/main-portal-86d88036.js,https://ilearn.thu.edu.tw/static/66824.03546cd1.js,.js,True,raw/ilearn.thu.edu.tw/static/66824.03546cd1.js,200
raw/ilearn.thu.edu.tw/static/runtime~js/main-portal-86d88036.js,https://ilearn.thu.edu.tw/static/66832.e9aa9685.js,.js,True,raw/ilearn.thu.edu.tw/static/66832.e9aa9685.js,200
raw/ilearn.thu.edu.tw/static/runtime~js/main-portal-86d88036.js,https://ilearn.thu.edu.tw/static/6696.3bfff1df.js,.js,True,raw/ilearn.thu.edu.tw/static/6696.3bfff1df.js,200
raw/ilearn.thu.edu.tw/static/runtime~js/main-portal-86d88036.js,https://ilearn.thu.edu.tw/static/67133.08e1a687.js,.js,True,raw/ilearn.thu.edu.tw/static/67133.08e1a687.js,200
raw/ilearn.thu.edu.tw/static/runtime~js/main-portal-86d88036.js,https://ilearn.thu.edu.tw/static/67163-92a547d6.chunk.css,.css,True,raw/ilearn.thu.edu.tw/static/67163-92a547d6.chunk.css,200
raw/ilearn.thu.edu.tw/static/runtime~js/main-portal-86d88036.js,https://ilearn.thu.edu.tw/static/67163.4abe9584.js,.js,True,raw/ilearn.thu.edu.tw/static/67163.4abe9584.js,200
raw/ilearn.thu.edu.tw/static/runtime~js/main-portal-86d88036.js,https://ilearn.thu.edu.tw/static/67184-b33fe039.js,.js,True,raw/ilearn.thu.edu.tw/static/67184-b33fe039.js,200
raw/ilearn.thu.edu.tw/static/runtime~js/main-portal-86d88036.js,https://ilearn.thu.edu.tw/static/67206.a13276c1.js,.js,True,raw/ilearn.thu.edu.tw/static/67206.a13276c1.js,200
raw/ilearn.thu.edu.tw/static/runtime~js/main-portal-86d88036.js,https://ilearn.thu.edu.tw/static/67356-886382b1.chunk.css,.css,True,raw/ilearn.thu.edu.tw/static/67356-886382b1.chunk.css,200
raw/ilearn.thu.edu.tw/static/runtime~js/main-portal-86d88036.js,https://ilearn.thu.edu.tw/static/67356.e8082ef9.js,.js,True,raw/ilearn.thu.edu.tw/static/67356.e8082ef9.js,200
raw/ilearn.thu.edu.tw/static/runtime~js/main-portal-86d88036.js,https://ilearn.thu.edu.tw/static/67853-6eb5a068.js,.js,True,raw/ilearn.thu.edu.tw/static/67853-6eb5a068.js,200
raw/ilearn.thu.edu.tw/static/runtime~js/main-portal-86d88036.js,https://ilearn.thu.edu.tw/static/68245-886382b1.chunk.css,.css,True,raw/ilearn.thu.edu.tw/static/68245-886382b1.chunk.css,200
raw/ilearn.thu.edu.tw/static/runtime~js/main-portal-86d88036.js,https://ilearn.thu.edu.tw/static/68245.1304549e.js,.js,True,raw/ilearn.thu.edu.tw/static/68245.1304549e.js,200
raw/ilearn.thu.edu.tw/static/runtime~js/main-portal-86d88036.js,https://ilearn.thu.edu.tw/static/68502-1cdd417a.chunk.css,.css,True,raw/ilearn.thu.edu.tw/static/68502-1cdd417a.chunk.css,200
raw/ilearn.thu.edu.tw/static/runtime~js/main-portal-86d88036.js,https://ilearn.thu.edu.tw/static/68502.5795455a.js,.js,True,raw/ilearn.thu.edu.tw/static/68502.5795455a.js,200
raw/ilearn.thu.edu.tw/static/runtime~js/main-portal-86d88036.js,https://ilearn.thu.edu.tw/static/68610.a1465cdd.js,.js,True,raw/ilearn.thu.edu.tw/static/68610.a1465cdd.js,200
raw/ilearn.thu.edu.tw/static/runtime~js/main-portal-86d88036.js,https://ilearn.thu.edu.tw/static/68805.a47db79c.js,.js,True,raw/ilearn.thu.edu.tw/static/68805.a47db79c.js,200
raw/ilearn.thu.edu.tw/static/runtime~js/main-portal-86d88036.js,https://ilearn.thu.edu.tw/static/69119-8ff8637a.chunk.css,.css,True,raw/ilearn.thu.edu.tw/static/69119-8ff8637a.chunk.css,200
raw/ilearn.thu.edu.tw/static/runtime~js/main-portal-86d88036.js,https://ilearn.thu.edu.tw/static/69119.3d53b5e8.js,.js,True,raw/ilearn.thu.edu.tw/static/69119.3d53b5e8.js,200
raw/ilearn.thu.edu.tw/static/runtime~js/main-portal-86d88036.js,https://ilearn.thu.edu.tw/static/69310-5bfb4315.chunk.css,.css,True,raw/ilearn.thu.edu.tw/static/69310-5bfb4315.chunk.css,200
raw/ilearn.thu.edu.tw/static/runtime~js/main-portal-86d88036.js,https://ilearn.thu.edu.tw/static/69310.c3bfcfbc.js,.js,True,raw/ilearn.thu.edu.tw/static/69310.c3bfcfbc.js,200
raw/ilearn.thu.edu.tw/static/runtime~js/main-portal-86d88036.js,https://ilearn.thu.edu.tw/static/69385-ee055694.chunk.css,.css,True,raw/ilearn.thu.edu.tw/static/69385-ee055694.chunk.css,200
raw/ilearn.thu.edu.tw/static/runtime~js/main-portal-86d88036.js,https://ilearn.thu.edu.tw/static/69385.e9b89c36.js,.js,True,raw/ilearn.thu.edu.tw/static/69385.e9b89c36.js,200
raw/ilearn.thu.edu.tw/static/runtime~js/main-portal-86d88036.js,https://ilearn.thu.edu.tw/static/69410.09c7ddd2.js,.js,True,raw/ilearn.thu.edu.tw/static/69410.09c7ddd2.js,200
raw/ilearn.thu.edu.tw/static/runtime~js/main-portal-86d88036.js,https://ilearn.thu.edu.tw/static/69491.39eb865f.js,.js,True,raw/ilearn.thu.edu.tw/static/69491.39eb865f.js,200
raw/ilearn.thu.edu.tw/static/runtime~js/main-portal-86d88036.js,https://ilearn.thu.edu.tw/static/69624.cf0f0c03.js,.js,True,raw/ilearn.thu.edu.tw/static/69624.cf0f0c03.js,200
raw/ilearn.thu.edu.tw/static/runtime~js/main-portal-86d88036.js,https://ilearn.thu.edu.tw/static/69818-74de9a75.chunk.css,.css,True,raw/ilearn.thu.edu.tw/static/69818-74de9a75.chunk.css,200
raw/ilearn.thu.edu.tw/static/runtime~js/main-portal-86d88036.js,https://ilearn.thu.edu.tw/static/69818.d9060642.js,.js,True,raw/ilearn.thu.edu.tw/static/69818.d9060642.js,200
raw/ilearn.thu.edu.tw/static/runtime~js/main-portal-86d88036.js,https://ilearn.thu.edu.tw/static/69847-4ca30ed3.chunk.css,.css,True,raw/ilearn.thu.edu.tw/static/69847-4ca30ed3.chunk.css,200
raw/ilearn.thu.edu.tw/static/runtime~js/main-portal-86d88036.js,https://ilearn.thu.edu.tw/static/69847.a8ffeea2.js,.js,True,raw/ilearn.thu.edu.tw/static/69847.a8ffeea2.js,200
raw/ilearn.thu.edu.tw/static/runtime~js/main-portal-86d88036.js,https://ilearn.thu.edu.tw/static/69895.09b1942e.js,.js,True,raw/ilearn.thu.edu.tw/static/69895.09b1942e.js,200
raw/ilearn.thu.edu.tw/static/runtime~js/main-portal-86d88036.js,https://ilearn.thu.edu.tw/static/69931.fc821509.js,.js,True,raw/ilearn.thu.edu.tw/static/69931.fc821509.js,200
raw/ilearn.thu.edu.tw/static/runtime~js/main-portal-86d88036.js,https://ilearn.thu.edu.tw/static/69942.24c3a1ff.js,.js,True,raw/ilearn.thu.edu.tw/static/69942.24c3a1ff.js,200
raw/ilearn.thu.edu.tw/static/runtime~js/main-portal-86d88036.js,https://ilearn.thu.edu.tw/static/70397-3a79603d.chunk.css,.css,True,raw/ilearn.thu.edu.tw/static/70397-3a79603d.chunk.css,200
raw/ilearn.thu.edu.tw/static/runtime~js/main-portal-86d88036.js,https://ilearn.thu.edu.tw/static/70397.11a0efa6.js,.js,True,raw/ilearn.thu.edu.tw/static/70397.11a0efa6.js,200
raw/ilearn.thu.edu.tw/static/runtime~js/main-portal-86d88036.js,https://ilearn.thu.edu.tw/static/70413.570cff7b.js,.js,True,raw/ilearn.thu.edu.tw/static/70413.570cff7b.js,200
raw/ilearn.thu.edu.tw/static/runtime~js/main-portal-86d88036.js,https://ilearn.thu.edu.tw/static/70536.a9427994.js,.js,True,raw/ilearn.thu.edu.tw/static/70536.a9427994.js,200
raw/ilearn.thu.edu.tw/static/runtime~js/main-portal-86d88036.js,https://ilearn.thu.edu.tw/static/70619-686c4819.js,.js,True,raw/ilearn.thu.edu.tw/static/70619-686c4819.js,200
raw/ilearn.thu.edu.tw/static/runtime~js/main-portal-86d88036.js,https://ilearn.thu.edu.tw/static/70818-11026d4b.chunk.css,.css,True,raw/ilearn.thu.edu.tw/static/70818-11026d4b.chunk.css,200
raw/ilearn.thu.edu.tw/static/runtime~js/main-portal-86d88036.js,https://ilearn.thu.edu.tw/static/70818.aa217ae8.js,.js,True,raw/ilearn.thu.edu.tw/static/70818.aa217ae8.js,200
raw/ilearn.thu.edu.tw/static/runtime~js/main-portal-86d88036.js,https://ilearn.thu.edu.tw/static/71196.5077b7df.js,.js,True,raw/ilearn.thu.edu.tw/static/71196.5077b7df.js,200
raw/ilearn.thu.edu.tw/static/runtime~js/main-portal-86d88036.js,https://ilearn.thu.edu.tw/static/71218.801909bf.js,.js,True,raw/ilearn.thu.edu.tw/static/71218.801909bf.js,200
raw/ilearn.thu.edu.tw/static/runtime~js/main-portal-86d88036.js,https://ilearn.thu.edu.tw/static/71296-a946de96.chunk.css,.css,True,raw/ilearn.thu.edu.tw/static/71296-a946de96.chunk.css,200
raw/ilearn.thu.edu.tw/static/runtime~js/main-portal-86d88036.js,https://ilearn.thu.edu.tw/static/71296.d5cd8d3e.js,.js,True,raw/ilearn.thu.edu.tw/static/71296.d5cd8d3e.js,200
raw/ilearn.thu.edu.tw/static/runtime~js/main-portal-86d88036.js,https://ilearn.thu.edu.tw/static/71307.f18bb4c2.js,.js,True,raw/ilearn.thu.edu.tw/static/71307.f18bb4c2.js,200
raw/ilearn.thu.edu.tw/static/runtime~js/main-portal-86d88036.js,https://ilearn.thu.edu.tw/static/7145.f956d0b8.js,.js,True,raw/ilearn.thu.edu.tw/static/7145.f956d0b8.js,200
raw/ilearn.thu.edu.tw/static/runtime~js/main-portal-86d88036.js,https://ilearn.thu.edu.tw/static/71492.b1878ad3.js,.js,True,raw/ilearn.thu.edu.tw/static/71492.b1878ad3.js,200
raw/ilearn.thu.edu.tw/static/runtime~js/main-portal-86d88036.js,https://ilearn.thu.edu.tw/static/71801.117745a3.js,.js,True,raw/ilearn.thu.edu.tw/static/71801.117745a3.js,200
raw/ilearn.thu.edu.tw/static/runtime~js/main-portal-86d88036.js,https://ilearn.thu.edu.tw/static/71852.f013338f.js,.js,True,raw/ilearn.thu.edu.tw/static/71852.f013338f.js,200
raw/ilearn.thu.edu.tw/static/runtime~js/main-portal-86d88036.js,https://ilearn.thu.edu.tw/static/72088.556a45f3.js,.js,True,raw/ilearn.thu.edu.tw/static/72088.556a45f3.js,200
raw/ilearn.thu.edu.tw/static/runtime~js/main-portal-86d88036.js,https://ilearn.thu.edu.tw/static/72203.0823b722.js,.js,True,raw/ilearn.thu.edu.tw/static/72203.0823b722.js,200
raw/ilearn.thu.edu.tw/static/runtime~js/main-portal-86d88036.js,https://ilearn.thu.edu.tw/static/72317.6146d22a.js,.js,True,raw/ilearn.thu.edu.tw/static/72317.6146d22a.js,200
raw/ilearn.thu.edu.tw/static/runtime~js/main-portal-86d88036.js,https://ilearn.thu.edu.tw/static/72366.cf741b4a.js,.js,True,raw/ilearn.thu.edu.tw/static/72366.cf741b4a.js,200
raw/ilearn.thu.edu.tw/static/runtime~js/main-portal-86d88036.js,https://ilearn.thu.edu.tw/static/72525.f719bf4f.js,.js,True,raw/ilearn.thu.edu.tw/static/72525.f719bf4f.js,200
raw/ilearn.thu.edu.tw/static/runtime~js/main-portal-86d88036.js,https://ilearn.thu.edu.tw/static/72581.a741bb8b.js,.js,True,raw/ilearn.thu.edu.tw/static/72581.a741bb8b.js,200
raw/ilearn.thu.edu.tw/static/runtime~js/main-portal-86d88036.js,https://ilearn.thu.edu.tw/static/72592.28fdf93c.js,.js,True,raw/ilearn.thu.edu.tw/static/72592.28fdf93c.js,200
raw/ilearn.thu.edu.tw/static/runtime~js/main-portal-86d88036.js,https://ilearn.thu.edu.tw/static/72698-c289ae89.chunk.css,.css,True,raw/ilearn.thu.edu.tw/static/72698-c289ae89.chunk.css,200
raw/ilearn.thu.edu.tw/static/runtime~js/main-portal-86d88036.js,https://ilearn.thu.edu.tw/static/72698.25719124.js,.js,True,raw/ilearn.thu.edu.tw/static/72698.25719124.js,200
raw/ilearn.thu.edu.tw/static/runtime~js/main-portal-86d88036.js,https://ilearn.thu.edu.tw/static/72784.c98de2e9.js,.js,True,raw/ilearn.thu.edu.tw/static/72784.c98de2e9.js,200
raw/ilearn.thu.edu.tw/static/runtime~js/main-portal-86d88036.js,https://ilearn.thu.edu.tw/static/72914-5c9523da.css,.css,True,raw/ilearn.thu.edu.tw/static/72914-5c9523da.css,200
raw/ilearn.thu.edu.tw/static/runtime~js/main-portal-86d88036.js,https://ilearn.thu.edu.tw/static/73096.41e0a073.js,.js,True,raw/ilearn.thu.edu.tw/static/73096.41e0a073.js,200
raw/ilearn.thu.edu.tw/static/runtime~js/main-portal-86d88036.js,https://ilearn.thu.edu.tw/static/73226.e0f58569.js,.js,True,raw/ilearn.thu.edu.tw/static/73226.e0f58569.js,200
raw/ilearn.thu.edu.tw/static/runtime~js/main-portal-86d88036.js,https://ilearn.thu.edu.tw/static/73391.4d36f82b.js,.js,True,raw/ilearn.thu.edu.tw/static/73391.4d36f82b.js,200
raw/ilearn.thu.edu.tw/static/runtime~js/main-portal-86d88036.js,https://ilearn.thu.edu.tw/static/73419.26b2eb87.js,.js,True,raw/ilearn.thu.edu.tw/static/73419.26b2eb87.js,200
raw/ilearn.thu.edu.tw/static/runtime~js/main-portal-86d88036.js,https://ilearn.thu.edu.tw/static/73644.1ab1287a.js,.js,True,raw/ilearn.thu.edu.tw/static/73644.1ab1287a.js,200
raw/ilearn.thu.edu.tw/static/runtime~js/main-portal-86d88036.js,https://ilearn.thu.edu.tw/static/74211.308e4e7a.js,.js,True,raw/ilearn.thu.edu.tw/static/74211.308e4e7a.js,200
raw/ilearn.thu.edu.tw/static/runtime~js/main-portal-86d88036.js,https://ilearn.thu.edu.tw/static/74300.8f215a9f.js,.js,True,raw/ilearn.thu.edu.tw/static/74300.8f215a9f.js,200
raw/ilearn.thu.edu.tw/static/runtime~js/main-portal-86d88036.js,https://ilearn.thu.edu.tw/static/74302.a9e02d94.js,.js,True,raw/ilearn.thu.edu.tw/static/74302.a9e02d94.js,200
raw/ilearn.thu.edu.tw/static/runtime~js/main-portal-86d88036.js,https://ilearn.thu.edu.tw/static/74316-0ca71a0e.chunk.css,.css,True,raw/ilearn.thu.edu.tw/static/74316-0ca71a0e.chunk.css,200
raw/ilearn.thu.edu.tw/static/runtime~js/main-portal-86d88036.js,https://ilearn.thu.edu.tw/static/74316.5d723c22.js,.js,True,raw/ilearn.thu.edu.tw/static/74316.5d723c22.js,200
raw/ilearn.thu.edu.tw/static/runtime~js/main-portal-86d88036.js,https://ilearn.thu.edu.tw/static/74447-6d68f4d9.chunk.css,.css,True,raw/ilearn.thu.edu.tw/static/74447-6d68f4d9.chunk.css,200
raw/ilearn.thu.edu.tw/static/runtime~js/main-portal-86d88036.js,https://ilearn.thu.edu.tw/static/74447.a214c8b5.js,.js,True,raw/ilearn.thu.edu.tw/static/74447.a214c8b5.js,200
raw/ilearn.thu.edu.tw/static/runtime~js/main-portal-86d88036.js,https://ilearn.thu.edu.tw/static/74613-94715a6a.chunk.css,.css,True,raw/ilearn.thu.edu.tw/static/74613-94715a6a.chunk.css,200
raw/ilearn.thu.edu.tw/static/runtime~js/main-portal-86d88036.js,https://ilearn.thu.edu.tw/static/74613.79d89a15.js,.js,True,raw/ilearn.thu.edu.tw/static/74613.79d89a15.js,200
raw/ilearn.thu.edu.tw/static/runtime~js/main-portal-86d88036.js,https://ilearn.thu.edu.tw/static/74648-36765c06.chunk.css,.css,True,raw/ilearn.thu.edu.tw/static/74648-36765c06.chunk.css,200
raw/ilearn.thu.edu.tw/static/runtime~js/main-portal-86d88036.js,https://ilearn.thu.edu.tw/static/74648.4d9950d2.js,.js,True,raw/ilearn.thu.edu.tw/static/74648.4d9950d2.js,200
raw/ilearn.thu.edu.tw/static/runtime~js/main-portal-86d88036.js,https://ilearn.thu.edu.tw/static/74678-aff1b786.chunk.css,.css,True,raw/ilearn.thu.edu.tw/static/74678-aff1b786.chunk.css,200
raw/ilearn.thu.edu.tw/static/runtime~js/main-portal-86d88036.js,https://ilearn.thu.edu.tw/static/74678.1c824e2e.js,.js,True,raw/ilearn.thu.edu.tw/static/74678.1c824e2e.js,200
raw/ilearn.thu.edu.tw/static/runtime~js/main-portal-86d88036.js,https://ilearn.thu.edu.tw/static/74679.c6d29d91.js,.js,True,raw/ilearn.thu.edu.tw/static/74679.c6d29d91.js,200
raw/ilearn.thu.edu.tw/static/runtime~js/main-portal-86d88036.js,https://ilearn.thu.edu.tw/static/74753.00805e88.js,.js,True,raw/ilearn.thu.edu.tw/static/74753.00805e88.js,200
raw/ilearn.thu.edu.tw/static/runtime~js/main-portal-86d88036.js,https://ilearn.thu.edu.tw/static/74927.c4fad5cf.js,.js,True,raw/ilearn.thu.edu.tw/static/74927.c4fad5cf.js,200
raw/ilearn.thu.edu.tw/static/runtime~js/main-portal-86d88036.js,https://ilearn.thu.edu.tw/static/75086.6771c875.js,.js,True,raw/ilearn.thu.edu.tw/static/75086.6771c875.js,200
raw/ilearn.thu.edu.tw/static/runtime~js/main-portal-86d88036.js,https://ilearn.thu.edu.tw/static/75513.92e7c98f.js,.js,True,raw/ilearn.thu.edu.tw/static/75513.92e7c98f.js,200
raw/ilearn.thu.edu.tw/static/runtime~js/main-portal-86d88036.js,https://ilearn.thu.edu.tw/static/75596.4847a7c2.js,.js,True,raw/ilearn.thu.edu.tw/static/75596.4847a7c2.js,200
raw/ilearn.thu.edu.tw/static/runtime~js/main-portal-86d88036.js,https://ilearn.thu.edu.tw/static/75679.dae04b74.js,.js,True,raw/ilearn.thu.edu.tw/static/75679.dae04b74.js,200
raw/ilearn.thu.edu.tw/static/runtime~js/main-portal-86d88036.js,https://ilearn.thu.edu.tw/static/75789.017d3b22.js,.js,True,raw/ilearn.thu.edu.tw/static/75789.017d3b22.js,200
raw/ilearn.thu.edu.tw/static/runtime~js/main-portal-86d88036.js,https://ilearn.thu.edu.tw/static/75978.a48c8fb8.js,.js,True,raw/ilearn.thu.edu.tw/static/75978.a48c8fb8.js,200
raw/ilearn.thu.edu.tw/static/runtime~js/main-portal-86d88036.js,https://ilearn.thu.edu.tw/static/7612.6b87818f.js,.js,True,raw/ilearn.thu.edu.tw/static/7612.6b87818f.js,200
raw/ilearn.thu.edu.tw/static/runtime~js/main-portal-86d88036.js,https://ilearn.thu.edu.tw/static/7623.13351f8c.js,.js,True,raw/ilearn.thu.edu.tw/static/7623.13351f8c.js,200
raw/ilearn.thu.edu.tw/static/runtime~js/main-portal-86d88036.js,https://ilearn.thu.edu.tw/static/76445.efefe93a.js,.js,True,raw/ilearn.thu.edu.tw/static/76445.efefe93a.js,200
raw/ilearn.thu.edu.tw/static/runtime~js/main-portal-86d88036.js,https://ilearn.thu.edu.tw/static/76541-f45c96fd.js,.js,True,raw/ilearn.thu.edu.tw/static/76541-f45c96fd.js,200
raw/ilearn.thu.edu.tw/static/runtime~js/main-portal-86d88036.js,https://ilearn.thu.edu.tw/static/76546.56ad0d6e.js,.js,True,raw/ilearn.thu.edu.tw/static/76546.56ad0d6e.js,200
raw/ilearn.thu.edu.tw/static/runtime~js/main-portal-86d88036.js,https://ilearn.thu.edu.tw/static/76657.045a1940.js,.js,True,raw/ilearn.thu.edu.tw/static/76657.045a1940.js,200
raw/ilearn.thu.edu.tw/static/runtime~js/main-portal-86d88036.js,https://ilearn.thu.edu.tw/static/76679-669c788f.chunk.css,.css,True,raw/ilearn.thu.edu.tw/static/76679-669c788f.chunk.css,200
raw/ilearn.thu.edu.tw/static/runtime~js/main-portal-86d88036.js,https://ilearn.thu.edu.tw/static/76679.ac1eb26c.js,.js,True,raw/ilearn.thu.edu.tw/static/76679.ac1eb26c.js,200
raw/ilearn.thu.edu.tw/static/runtime~js/main-portal-86d88036.js,https://ilearn.thu.edu.tw/static/76756-eb6ef182.chunk.css,.css,True,raw/ilearn.thu.edu.tw/static/76756-eb6ef182.chunk.css,200
raw/ilearn.thu.edu.tw/static/runtime~js/main-portal-86d88036.js,https://ilearn.thu.edu.tw/static/76756.7b06f21b.js,.js,True,raw/ilearn.thu.edu.tw/static/76756.7b06f21b.js,200
raw/ilearn.thu.edu.tw/static/runtime~js/main-portal-86d88036.js,https://ilearn.thu.edu.tw/static/7693.6ddfbed1.js,.js,True,raw/ilearn.thu.edu.tw/static/7693.6ddfbed1.js,200
raw/ilearn.thu.edu.tw/static/runtime~js/main-portal-86d88036.js,https://ilearn.thu.edu.tw/static/76987.9d0adda9.js,.js,True,raw/ilearn.thu.edu.tw/static/76987.9d0adda9.js,200
raw/ilearn.thu.edu.tw/static/runtime~js/main-portal-86d88036.js,https://ilearn.thu.edu.tw/static/77089-3ef1dc53.chunk.css,.css,True,raw/ilearn.thu.edu.tw/static/77089-3ef1dc53.chunk.css,200
raw/ilearn.thu.edu.tw/static/runtime~js/main-portal-86d88036.js,https://ilearn.thu.edu.tw/static/77089.2a979735.js,.js,True,raw/ilearn.thu.edu.tw/static/77089.2a979735.js,200
raw/ilearn.thu.edu.tw/static/runtime~js/main-portal-86d88036.js,https://ilearn.thu.edu.tw/static/77136.1ef29590.js,.js,True,raw/ilearn.thu.edu.tw/static/77136.1ef29590.js,200
raw/ilearn.thu.edu.tw/static/runtime~js/main-portal-86d88036.js,https://ilearn.thu.edu.tw/static/77144.0d6d20d8.js,.js,True,raw/ilearn.thu.edu.tw/static/77144.0d6d20d8.js,200
raw/ilearn.thu.edu.tw/static/runtime~js/main-portal-86d88036.js,https://ilearn.thu.edu.tw/static/77444.f1068012.js,.js,True,raw/ilearn.thu.edu.tw/static/77444.f1068012.js,200
raw/ilearn.thu.edu.tw/static/runtime~js/main-portal-86d88036.js,https://ilearn.thu.edu.tw/static/77547-c777c935.chunk.css,.css,True,raw/ilearn.thu.edu.tw/static/77547-c777c935.chunk.css,200
raw/ilearn.thu.edu.tw/static/runtime~js/main-portal-86d88036.js,https://ilearn.thu.edu.tw/static/77547.1ee921ff.js,.js,True,raw/ilearn.thu.edu.tw/static/77547.1ee921ff.js,200
raw/ilearn.thu.edu.tw/static/runtime~js/main-portal-86d88036.js,https://ilearn.thu.edu.tw/static/77577-2bfd96c5.chunk.css,.css,True,raw/ilearn.thu.edu.tw/static/77577-2bfd96c5.chunk.css,200
raw/ilearn.thu.edu.tw/static/runtime~js/main-portal-86d88036.js,https://ilearn.thu.edu.tw/static/77577.6fec6f96.js,.js,True,raw/ilearn.thu.edu.tw/static/77577.6fec6f96.js,200
raw/ilearn.thu.edu.tw/static/runtime~js/main-portal-86d88036.js,https://ilearn.thu.edu.tw/static/77676.71559eab.js,.js,True,raw/ilearn.thu.edu.tw/static/77676.71559eab.js,200
raw/ilearn.thu.edu.tw/static/runtime~js/main-portal-86d88036.js,https://ilearn.thu.edu.tw/static/77887.e982b363.js,.js,True,raw/ilearn.thu.edu.tw/static/77887.e982b363.js,200
raw/ilearn.thu.edu.tw/static/runtime~js/main-portal-86d88036.js,https://ilearn.thu.edu.tw/static/77896.cdec4673.js,.js,True,raw/ilearn.thu.edu.tw/static/77896.cdec4673.js,200
raw/ilearn.thu.edu.tw/static/runtime~js/main-portal-86d88036.js,https://ilearn.thu.edu.tw/static/7796-28ebd2f3.js,.js,True,raw/ilearn.thu.edu.tw/static/7796-28ebd2f3.js,200
raw/ilearn.thu.edu.tw/static/runtime~js/main-portal-86d88036.js,https://ilearn.thu.edu.tw/static/78264-5cbf025a.chunk.css,.css,True,raw/ilearn.thu.edu.tw/static/78264-5cbf025a.chunk.css,200
raw/ilearn.thu.edu.tw/static/runtime~js/main-portal-86d88036.js,https://ilearn.thu.edu.tw/static/78264.289f7125.js,.js,True,raw/ilearn.thu.edu.tw/static/78264.289f7125.js,200
raw/ilearn.thu.edu.tw/static/runtime~js/main-portal-86d88036.js,https://ilearn.thu.edu.tw/static/78310-ee524950.chunk.css,.css,True,raw/ilearn.thu.edu.tw/static/78310-ee524950.chunk.css,200
raw/ilearn.thu.edu.tw/static/runtime~js/main-portal-86d88036.js,https://ilearn.thu.edu.tw/static/78310.c45679af.js,.js,True,raw/ilearn.thu.edu.tw/static/78310.c45679af.js,200
raw/ilearn.thu.edu.tw/static/runtime~js/main-portal-86d88036.js,https://ilearn.thu.edu.tw/static/78435-bff624c3.js,.js,True,raw/ilearn.thu.edu.tw/static/78435-bff624c3.js,200
raw/ilearn.thu.edu.tw/static/runtime~js/main-portal-86d88036.js,https://ilearn.thu.edu.tw/static/78723.49249bea.js,.js,True,raw/ilearn.thu.edu.tw/static/78723.49249bea.js,200
raw/ilearn.thu.edu.tw/static/runtime~js/main-portal-86d88036.js,https://ilearn.thu.edu.tw/static/78796-73d55209.css,.css,True,raw/ilearn.thu.edu.tw/static/78796-73d55209.css,200
raw/ilearn.thu.edu.tw/static/runtime~js/main-portal-86d88036.js,https://ilearn.thu.edu.tw/static/78797.e8389488.js,.js,True,raw/ilearn.thu.edu.tw/static/78797.e8389488.js,200
raw/ilearn.thu.edu.tw/static/runtime~js/main-portal-86d88036.js,https://ilearn.thu.edu.tw/static/78924.ba69a532.js,.js,True,raw/ilearn.thu.edu.tw/static/78924.ba69a532.js,200
raw/ilearn.thu.edu.tw/static/runtime~js/main-portal-86d88036.js,https://ilearn.thu.edu.tw/static/78946-e7a18e9f.chunk.css,.css,True,raw/ilearn.thu.edu.tw/static/78946-e7a18e9f.chunk.css,200
raw/ilearn.thu.edu.tw/static/runtime~js/main-portal-86d88036.js,https://ilearn.thu.edu.tw/static/78946.84d34ae9.js,.js,True,raw/ilearn.thu.edu.tw/static/78946.84d34ae9.js,200
raw/ilearn.thu.edu.tw/static/runtime~js/main-portal-86d88036.js,https://ilearn.thu.edu.tw/static/79001.978df930.js,.js,True,raw/ilearn.thu.edu.tw/static/79001.978df930.js,200
raw/ilearn.thu.edu.tw/static/runtime~js/main-portal-86d88036.js,https://ilearn.thu.edu.tw/static/79055.ee36c6a2.js,.js,True,raw/ilearn.thu.edu.tw/static/79055.ee36c6a2.js,200
raw/ilearn.thu.edu.tw/static/runtime~js/main-portal-86d88036.js,https://ilearn.thu.edu.tw/static/79067-eece7788.chunk.css,.css,True,raw/ilearn.thu.edu.tw/static/79067-eece7788.chunk.css,200
raw/ilearn.thu.edu.tw/static/runtime~js/main-portal-86d88036.js,https://ilearn.thu.edu.tw/static/79067.19cccb75.js,.js,True,raw/ilearn.thu.edu.tw/static/79067.19cccb75.js,200
raw/ilearn.thu.edu.tw/static/runtime~js/main-portal-86d88036.js,https://ilearn.thu.edu.tw/static/79137.cf5b6a1f.js,.js,True,raw/ilearn.thu.edu.tw/static/79137.cf5b6a1f.js,200
raw/ilearn.thu.edu.tw/static/runtime~js/main-portal-86d88036.js,https://ilearn.thu.edu.tw/static/79189.267840be.js,.js,True,raw/ilearn.thu.edu.tw/static/79189.267840be.js,200
raw/ilearn.thu.edu.tw/static/runtime~js/main-portal-86d88036.js,https://ilearn.thu.edu.tw/static/79240-1e2330b5.chunk.css,.css,True,raw/ilearn.thu.edu.tw/static/79240-1e2330b5.chunk.css,200
raw/ilearn.thu.edu.tw/static/runtime~js/main-portal-86d88036.js,https://ilearn.thu.edu.tw/static/79240.07736eba.js,.js,True,raw/ilearn.thu.edu.tw/static/79240.07736eba.js,200
raw/ilearn.thu.edu.tw/static/runtime~js/main-portal-86d88036.js,https://ilearn.thu.edu.tw/static/7930.cc04692e.js,.js,True,raw/ilearn.thu.edu.tw/static/7930.cc04692e.js,200
raw/ilearn.thu.edu.tw/static/runtime~js/main-portal-86d88036.js,https://ilearn.thu.edu.tw/static/79494.a9faaec3.js,.js,True,raw/ilearn.thu.edu.tw/static/79494.a9faaec3.js,200
raw/ilearn.thu.edu.tw/static/runtime~js/main-portal-86d88036.js,https://ilearn.thu.edu.tw/static/7974.c6317f1b.js,.js,True,raw/ilearn.thu.edu.tw/static/7974.c6317f1b.js,200
raw/ilearn.thu.edu.tw/static/runtime~js/main-portal-86d88036.js,https://ilearn.thu.edu.tw/static/80123.00a036be.js,.js,True,raw/ilearn.thu.edu.tw/static/80123.00a036be.js,200
raw/ilearn.thu.edu.tw/static/runtime~js/main-portal-86d88036.js,https://ilearn.thu.edu.tw/static/80232.4f121263.js,.js,True,raw/ilearn.thu.edu.tw/static/80232.4f121263.js,200
raw/ilearn.thu.edu.tw/static/runtime~js/main-portal-86d88036.js,https://ilearn.thu.edu.tw/static/80243-fbb4505d.chunk.css,.css,True,raw/ilearn.thu.edu.tw/static/80243-fbb4505d.chunk.css,200
raw/ilearn.thu.edu.tw/static/runtime~js/main-portal-86d88036.js,https://ilearn.thu.edu.tw/static/80243.eb4c2912.js,.js,True,raw/ilearn.thu.edu.tw/static/80243.eb4c2912.js,200
raw/ilearn.thu.edu.tw/static/runtime~js/main-portal-86d88036.js,https://ilearn.thu.edu.tw/static/80575.32ea74f5.js,.js,True,raw/ilearn.thu.edu.tw/static/80575.32ea74f5.js,200
raw/ilearn.thu.edu.tw/static/runtime~js/main-portal-86d88036.js,https://ilearn.thu.edu.tw/static/80688.cdddfc22.js,.js,True,raw/ilearn.thu.edu.tw/static/80688.cdddfc22.js,200
raw/ilearn.thu.edu.tw/static/runtime~js/main-portal-86d88036.js,https://ilearn.thu.edu.tw/static/80824.30d4b893.js,.js,True,raw/ilearn.thu.edu.tw/static/80824.30d4b893.js,200
raw/ilearn.thu.edu.tw/static/runtime~js/main-portal-86d88036.js,https://ilearn.thu.edu.tw/static/8110-342cf4b8.chunk.css,.css,True,raw/ilearn.thu.edu.tw/static/8110-342cf4b8.chunk.css,200
raw/ilearn.thu.edu.tw/static/runtime~js/main-portal-86d88036.js,https://ilearn.thu.edu.tw/static/8110.900a44fb.js,.js,True,raw/ilearn.thu.edu.tw/static/8110.900a44fb.js,200
raw/ilearn.thu.edu.tw/static/runtime~js/main-portal-86d88036.js,https://ilearn.thu.edu.tw/static/81169.86495dea.js,.js,True,raw/ilearn.thu.edu.tw/static/81169.86495dea.js,200
raw/ilearn.thu.edu.tw/static/runtime~js/main-portal-86d88036.js,https://ilearn.thu.edu.tw/static/81401.5b776cb7.js,.js,True,raw/ilearn.thu.edu.tw/static/81401.5b776cb7.js,200
raw/ilearn.thu.edu.tw/static/runtime~js/main-portal-86d88036.js,https://ilearn.thu.edu.tw/static/81474.0c93f189.js,.js,True,raw/ilearn.thu.edu.tw/static/81474.0c93f189.js,200
raw/ilearn.thu.edu.tw/static/runtime~js/main-portal-86d88036.js,https://ilearn.thu.edu.tw/static/81635.6818788a.js,.js,True,raw/ilearn.thu.edu.tw/static/81635.6818788a.js,200
raw/ilearn.thu.edu.tw/static/runtime~js/main-portal-86d88036.js,https://ilearn.thu.edu.tw/static/81684.a42641d1.js,.js,True,raw/ilearn.thu.edu.tw/static/81684.a42641d1.js,200
raw/ilearn.thu.edu.tw/static/runtime~js/main-portal-86d88036.js,https://ilearn.thu.edu.tw/static/81854.5595ac26.js,.js,True,raw/ilearn.thu.edu.tw/static/81854.5595ac26.js,200
raw/ilearn.thu.edu.tw/static/runtime~js/main-portal-86d88036.js,https://ilearn.thu.edu.tw/static/81931.d129fe73.js,.js,True,raw/ilearn.thu.edu.tw/static/81931.d129fe73.js,200
raw/ilearn.thu.edu.tw/static/runtime~js/main-portal-86d88036.js,https://ilearn.thu.edu.tw/static/81959.f1d9d1b3.js,.js,True,raw/ilearn.thu.edu.tw/static/81959.f1d9d1b3.js,200
raw/ilearn.thu.edu.tw/static/runtime~js/main-portal-86d88036.js,https://ilearn.thu.edu.tw/static/82438.2858f04a.js,.js,True,raw/ilearn.thu.edu.tw/static/82438.2858f04a.js,200
raw/ilearn.thu.edu.tw/static/runtime~js/main-portal-86d88036.js,https://ilearn.thu.edu.tw/static/82440.2e3d1706.js,.js,True,raw/ilearn.thu.edu.tw/static/82440.2e3d1706.js,200
raw/ilearn.thu.edu.tw/static/runtime~js/main-portal-86d88036.js,https://ilearn.thu.edu.tw/static/82611-8004a8a1.css,.css,True,raw/ilearn.thu.edu.tw/static/82611-8004a8a1.css,200
raw/ilearn.thu.edu.tw/static/runtime~js/main-portal-86d88036.js,https://ilearn.thu.edu.tw/static/82831.135ef996.js,.js,True,raw/ilearn.thu.edu.tw/static/82831.135ef996.js,200
raw/ilearn.thu.edu.tw/static/runtime~js/main-portal-86d88036.js,https://ilearn.thu.edu.tw/static/82906.5e360954.js,.js,True,raw/ilearn.thu.edu.tw/static/82906.5e360954.js,200
raw/ilearn.thu.edu.tw/static/runtime~js/main-portal-86d88036.js,https://ilearn.thu.edu.tw/static/83170-1ffef691.js,.js,True,raw/ilearn.thu.edu.tw/static/83170-1ffef691.js,200
raw/ilearn.thu.edu.tw/static/runtime~js/main-portal-86d88036.js,https://ilearn.thu.edu.tw/static/83176-54ecd42b.chunk.css,.css,True,raw/ilearn.thu.edu.tw/static/83176-54ecd42b.chunk.css,200
raw/ilearn.thu.edu.tw/static/runtime~js/main-portal-86d88036.js,https://ilearn.thu.edu.tw/static/83176.908d40cb.js,.js,True,raw/ilearn.thu.edu.tw/static/83176.908d40cb.js,200
raw/ilearn.thu.edu.tw/static/runtime~js/main-portal-86d88036.js,https://ilearn.thu.edu.tw/static/83383.c4e6a35f.js,.js,True,raw/ilearn.thu.edu.tw/static/83383.c4e6a35f.js,200
raw/ilearn.thu.edu.tw/static/runtime~js/main-portal-86d88036.js,https://ilearn.thu.edu.tw/static/83434.275db7c2.js,.js,True,raw/ilearn.thu.edu.tw/static/83434.275db7c2.js,200
raw/ilearn.thu.edu.tw/static/runtime~js/main-portal-86d88036.js,https://ilearn.thu.edu.tw/static/83440.3b6f5365.js,.js,True,raw/ilearn.thu.edu.tw/static/83440.3b6f5365.js,200
raw/ilearn.thu.edu.tw/static/runtime~js/main-portal-86d88036.js,https://ilearn.thu.edu.tw/static/83522.27f30369.js,.js,True,raw/ilearn.thu.edu.tw/static/83522.27f30369.js,200
raw/ilearn.thu.edu.tw/static/runtime~js/main-portal-86d88036.js,https://ilearn.thu.edu.tw/static/83564.7e35e3f5.js,.js,True,raw/ilearn.thu.edu.tw/static/83564.7e35e3f5.js,200
raw/ilearn.thu.edu.tw/static/runtime~js/main-portal-86d88036.js,https://ilearn.thu.edu.tw/static/83696-11535847.chunk.css,.css,True,raw/ilearn.thu.edu.tw/static/83696-11535847.chunk.css,200
raw/ilearn.thu.edu.tw/static/runtime~js/main-portal-86d88036.js,https://ilearn.thu.edu.tw/static/83696.caad878f.js,.js,True,raw/ilearn.thu.edu.tw/static/83696.caad878f.js,200
raw/ilearn.thu.edu.tw/static/runtime~js/main-portal-86d88036.js,https://ilearn.thu.edu.tw/static/83727.aab0cb48.js,.js,True,raw/ilearn.thu.edu.tw/static/83727.aab0cb48.js,200
raw/ilearn.thu.edu.tw/static/runtime~js/main-portal-86d88036.js,https://ilearn.thu.edu.tw/static/83735-784775ae.js,.js,True,raw/ilearn.thu.edu.tw/static/83735-784775ae.js,200
raw/ilearn.thu.edu.tw/static/runtime~js/main-portal-86d88036.js,https://ilearn.thu.edu.tw/static/83825.3fa3def0.js,.js,True,raw/ilearn.thu.edu.tw/static/83825.3fa3def0.js,200
raw/ilearn.thu.edu.tw/static/runtime~js/main-portal-86d88036.js,https://ilearn.thu.edu.tw/static/84010.27abc590.js,.js,True,raw/ilearn.thu.edu.tw/static/84010.27abc590.js,200
raw/ilearn.thu.edu.tw/static/runtime~js/main-portal-86d88036.js,https://ilearn.thu.edu.tw/static/84208.21c6f16e.js,.js,True,raw/ilearn.thu.edu.tw/static/84208.21c6f16e.js,200
raw/ilearn.thu.edu.tw/static/runtime~js/main-portal-86d88036.js,https://ilearn.thu.edu.tw/static/84711.cdc9aeb9.js,.js,True,raw/ilearn.thu.edu.tw/static/84711.cdc9aeb9.js,200
raw/ilearn.thu.edu.tw/static/runtime~js/main-portal-86d88036.js,https://ilearn.thu.edu.tw/static/84764.f956d0b8.js,.js,True,raw/ilearn.thu.edu.tw/static/84764.f956d0b8.js,200
raw/ilearn.thu.edu.tw/static/runtime~js/main-portal-86d88036.js,https://ilearn.thu.edu.tw/static/84769-c448a950.chunk.css,.css,True,raw/ilearn.thu.edu.tw/static/84769-c448a950.chunk.css,200
raw/ilearn.thu.edu.tw/static/runtime~js/main-portal-86d88036.js,https://ilearn.thu.edu.tw/static/84769.6cb6a87f.js,.js,True,raw/ilearn.thu.edu.tw/static/84769.6cb6a87f.js,200
raw/ilearn.thu.edu.tw/static/runtime~js/main-portal-86d88036.js,https://ilearn.thu.edu.tw/static/84840.bf105711.js,.js,True,raw/ilearn.thu.edu.tw/static/84840.bf105711.js,200
raw/ilearn.thu.edu.tw/static/runtime~js/main-portal-86d88036.js,https://ilearn.thu.edu.tw/static/85059-4ba70400.chunk.css,.css,True,raw/ilearn.thu.edu.tw/static/85059-4ba70400.chunk.css,200
raw/ilearn.thu.edu.tw/static/runtime~js/main-portal-86d88036.js,https://ilearn.thu.edu.tw/static/85059.c0056724.js,.js,True,raw/ilearn.thu.edu.tw/static/85059.c0056724.js,200
raw/ilearn.thu.edu.tw/static/runtime~js/main-portal-86d88036.js,https://ilearn.thu.edu.tw/static/85080.d8a837e2.js,.js,True,raw/ilearn.thu.edu.tw/static/85080.d8a837e2.js,200
raw/ilearn.thu.edu.tw/static/runtime~js/main-portal-86d88036.js,https://ilearn.thu.edu.tw/static/85489.5300ac04.js,.js,True,raw/ilearn.thu.edu.tw/static/85489.5300ac04.js,200
raw/ilearn.thu.edu.tw/static/runtime~js/main-portal-86d88036.js,https://ilearn.thu.edu.tw/static/85559.77deee0c.js,.js,True,raw/ilearn.thu.edu.tw/static/85559.77deee0c.js,200
raw/ilearn.thu.edu.tw/static/runtime~js/main-portal-86d88036.js,https://ilearn.thu.edu.tw/static/85598.6b20bcca.js,.js,True,raw/ilearn.thu.edu.tw/static/85598.6b20bcca.js,200
raw/ilearn.thu.edu.tw/static/runtime~js/main-portal-86d88036.js,https://ilearn.thu.edu.tw/static/85700.09352f8a.js,.js,True,raw/ilearn.thu.edu.tw/static/85700.09352f8a.js,200
raw/ilearn.thu.edu.tw/static/runtime~js/main-portal-86d88036.js,https://ilearn.thu.edu.tw/static/86066.8fa17c6e.js,.js,True,raw/ilearn.thu.edu.tw/static/86066.8fa17c6e.js,200
raw/ilearn.thu.edu.tw/static/runtime~js/main-portal-86d88036.js,https://ilearn.thu.edu.tw/static/8609.eb461692.js,.js,True,raw/ilearn.thu.edu.tw/static/8609.eb461692.js,200
raw/ilearn.thu.edu.tw/static/runtime~js/main-portal-86d88036.js,https://ilearn.thu.edu.tw/static/86325.ebafe1db.js,.js,True,raw/ilearn.thu.edu.tw/static/86325.ebafe1db.js,200
raw/ilearn.thu.edu.tw/static/runtime~js/main-portal-86d88036.js,https://ilearn.thu.edu.tw/static/86422.36d3f50f.js,.js,True,raw/ilearn.thu.edu.tw/static/86422.36d3f50f.js,200
raw/ilearn.thu.edu.tw/static/runtime~js/main-portal-86d88036.js,https://ilearn.thu.edu.tw/static/86711.1eb7c6ef.js,.js,True,raw/ilearn.thu.edu.tw/static/86711.1eb7c6ef.js,200
raw/ilearn.thu.edu.tw/static/runtime~js/main-portal-86d88036.js,https://ilearn.thu.edu.tw/static/86826.fd8d4ff1.js,.js,True,raw/ilearn.thu.edu.tw/static/86826.fd8d4ff1.js,200
raw/ilearn.thu.edu.tw/static/runtime~js/main-portal-86d88036.js,https://ilearn.thu.edu.tw/static/86889.be2f56be.js,.js,True,raw/ilearn.thu.edu.tw/static/86889.be2f56be.js,200
raw/ilearn.thu.edu.tw/static/runtime~js/main-portal-86d88036.js,https://ilearn.thu.edu.tw/static/87056-42fea3d8.chunk.css,.css,True,raw/ilearn.thu.edu.tw/static/87056-42fea3d8.chunk.css,200
raw/ilearn.thu.edu.tw/static/runtime~js/main-portal-86d88036.js,https://ilearn.thu.edu.tw/static/87056.5d7f912b.js,.js,True,raw/ilearn.thu.edu.tw/static/87056.5d7f912b.js,200
raw/ilearn.thu.edu.tw/static/runtime~js/main-portal-86d88036.js,https://ilearn.thu.edu.tw/static/87219.2ace1570.js,.js,True,raw/ilearn.thu.edu.tw/static/87219.2ace1570.js,200
raw/ilearn.thu.edu.tw/static/runtime~js/main-portal-86d88036.js,https://ilearn.thu.edu.tw/static/87298.2dc9119d.js,.js,True,raw/ilearn.thu.edu.tw/static/87298.2dc9119d.js,200
raw/ilearn.thu.edu.tw/static/runtime~js/main-portal-86d88036.js,https://ilearn.thu.edu.tw/static/87349.d701ccfd.js,.js,True,raw/ilearn.thu.edu.tw/static/87349.d701ccfd.js,200
raw/ilearn.thu.edu.tw/static/runtime~js/main-portal-86d88036.js,https://ilearn.thu.edu.tw/static/8751.50229f20.js,.js,True,raw/ilearn.thu.edu.tw/static/8751.50229f20.js,200
raw/ilearn.thu.edu.tw/static/runtime~js/main-portal-86d88036.js,https://ilearn.thu.edu.tw/static/87863.5d85bf1f.js,.js,True,raw/ilearn.thu.edu.tw/static/87863.5d85bf1f.js,200
raw/ilearn.thu.edu.tw/static/runtime~js/main-portal-86d88036.js,https://ilearn.thu.edu.tw/static/87899-2c919b23.chunk.css,.css,True,raw/ilearn.thu.edu.tw/static/87899-2c919b23.chunk.css,200
raw/ilearn.thu.edu.tw/static/runtime~js/main-portal-86d88036.js,https://ilearn.thu.edu.tw/static/87899.f2d33e40.js,.js,True,raw/ilearn.thu.edu.tw/static/87899.f2d33e40.js,200
raw/ilearn.thu.edu.tw/static/runtime~js/main-portal-86d88036.js,https://ilearn.thu.edu.tw/static/87925.0d6e0258.js,.js,True,raw/ilearn.thu.edu.tw/static/87925.0d6e0258.js,200
raw/ilearn.thu.edu.tw/static/runtime~js/main-portal-86d88036.js,https://ilearn.thu.edu.tw/static/88032.23e4cc2e.js,.js,True,raw/ilearn.thu.edu.tw/static/88032.23e4cc2e.js,200
raw/ilearn.thu.edu.tw/static/runtime~js/main-portal-86d88036.js,https://ilearn.thu.edu.tw/static/8820-167f9e35.js,.js,True,raw/ilearn.thu.edu.tw/static/8820-167f9e35.js,200
raw/ilearn.thu.edu.tw/static/runtime~js/main-portal-86d88036.js,https://ilearn.thu.edu.tw/static/88465-f841f4bf.chunk.css,.css,True,raw/ilearn.thu.edu.tw/static/88465-f841f4bf.chunk.css,200
raw/ilearn.thu.edu.tw/static/runtime~js/main-portal-86d88036.js,https://ilearn.thu.edu.tw/static/88465.7abac50f.js,.js,True,raw/ilearn.thu.edu.tw/static/88465.7abac50f.js,200
raw/ilearn.thu.edu.tw/static/runtime~js/main-portal-86d88036.js,https://ilearn.thu.edu.tw/static/88478.a888aade.js,.js,True,raw/ilearn.thu.edu.tw/static/88478.a888aade.js,200
raw/ilearn.thu.edu.tw/static/runtime~js/main-portal-86d88036.js,https://ilearn.thu.edu.tw/static/88518.164d9e78.js,.js,True,raw/ilearn.thu.edu.tw/static/88518.164d9e78.js,200
raw/ilearn.thu.edu.tw/static/runtime~js/main-portal-86d88036.js,https://ilearn.thu.edu.tw/static/88591.8be95795.js,.js,True,raw/ilearn.thu.edu.tw/static/88591.8be95795.js,200
raw/ilearn.thu.edu.tw/static/runtime~js/main-portal-86d88036.js,https://ilearn.thu.edu.tw/static/8870.8a2f9339.js,.js,True,raw/ilearn.thu.edu.tw/static/8870.8a2f9339.js,200
raw/ilearn.thu.edu.tw/static/runtime~js/main-portal-86d88036.js,https://ilearn.thu.edu.tw/static/88788-a86f6b64.chunk.css,.css,True,raw/ilearn.thu.edu.tw/static/88788-a86f6b64.chunk.css,200
raw/ilearn.thu.edu.tw/static/runtime~js/main-portal-86d88036.js,https://ilearn.thu.edu.tw/static/88788.161d6b6a.js,.js,True,raw/ilearn.thu.edu.tw/static/88788.161d6b6a.js,200
raw/ilearn.thu.edu.tw/static/runtime~js/main-portal-86d88036.js,https://ilearn.thu.edu.tw/static/88951.3d50816c.js,.js,True,raw/ilearn.thu.edu.tw/static/88951.3d50816c.js,200
raw/ilearn.thu.edu.tw/static/runtime~js/main-portal-86d88036.js,https://ilearn.thu.edu.tw/static/89151-7a970f2f.chunk.css,.css,True,raw/ilearn.thu.edu.tw/static/89151-7a970f2f.chunk.css,200
raw/ilearn.thu.edu.tw/static/runtime~js/main-portal-86d88036.js,https://ilearn.thu.edu.tw/static/89151.33ad6225.js,.js,True,raw/ilearn.thu.edu.tw/static/89151.33ad6225.js,200
raw/ilearn.thu.edu.tw/static/runtime~js/main-portal-86d88036.js,https://ilearn.thu.edu.tw/static/89163.40489500.js,.js,True,raw/ilearn.thu.edu.tw/static/89163.40489500.js,200
raw/ilearn.thu.edu.tw/static/runtime~js/main-portal-86d88036.js,https://ilearn.thu.edu.tw/static/8919.7d3d5c6a.js,.js,True,raw/ilearn.thu.edu.tw/static/8919.7d3d5c6a.js,200
raw/ilearn.thu.edu.tw/static/runtime~js/main-portal-86d88036.js,https://ilearn.thu.edu.tw/static/89199.a7791db6.js,.js,True,raw/ilearn.thu.edu.tw/static/89199.a7791db6.js,200
raw/ilearn.thu.edu.tw/static/runtime~js/main-portal-86d88036.js,https://ilearn.thu.edu.tw/static/8937-aac3c00d.chunk.css,.css,True,raw/ilearn.thu.edu.tw/static/8937-aac3c00d.chunk.css,200
raw/ilearn.thu.edu.tw/static/runtime~js/main-portal-86d88036.js,https://ilearn.thu.edu.tw/static/8937.98779eb4.js,.js,True,raw/ilearn.thu.edu.tw/static/8937.98779eb4.js,200
raw/ilearn.thu.edu.tw/static/runtime~js/main-portal-86d88036.js,https://ilearn.thu.edu.tw/static/89548-fe8f04f2.chunk.css,.css,True,raw/ilearn.thu.edu.tw/static/89548-fe8f04f2.chunk.css,200
raw/ilearn.thu.edu.tw/static/runtime~js/main-portal-86d88036.js,https://ilearn.thu.edu.tw/static/89548.bcbf55ce.js,.js,True,raw/ilearn.thu.edu.tw/static/89548.bcbf55ce.js,200
raw/ilearn.thu.edu.tw/static/runtime~js/main-portal-86d88036.js,https://ilearn.thu.edu.tw/static/89616-8dcadc31.chunk.css,.css,True,raw/ilearn.thu.edu.tw/static/89616-8dcadc31.chunk.css,200
raw/ilearn.thu.edu.tw/static/runtime~js/main-portal-86d88036.js,https://ilearn.thu.edu.tw/static/89616.6d040071.js,.js,True,raw/ilearn.thu.edu.tw/static/89616.6d040071.js,200
raw/ilearn.thu.edu.tw/static/runtime~js/main-portal-86d88036.js,https://ilearn.thu.edu.tw/static/89781.8f83b56c.js,.js,True,raw/ilearn.thu.edu.tw/static/89781.8f83b56c.js,200
raw/ilearn.thu.edu.tw/static/runtime~js/main-portal-86d88036.js,https://ilearn.thu.edu.tw/static/8979.df45e854.js,.js,True,raw/ilearn.thu.edu.tw/static/8979.df45e854.js,200
raw/ilearn.thu.edu.tw/static/runtime~js/main-portal-86d88036.js,https://ilearn.thu.edu.tw/static/89898-5ef99534.chunk.css,.css,True,raw/ilearn.thu.edu.tw/static/89898-5ef99534.chunk.css,200
raw/ilearn.thu.edu.tw/static/runtime~js/main-portal-86d88036.js,https://ilearn.thu.edu.tw/static/89898.fcb9a984.js,.js,True,raw/ilearn.thu.edu.tw/static/89898.fcb9a984.js,200
raw/ilearn.thu.edu.tw/static/runtime~js/main-portal-86d88036.js,https://ilearn.thu.edu.tw/static/90179.4a3256c6.js,.js,True,raw/ilearn.thu.edu.tw/static/90179.4a3256c6.js,200
raw/ilearn.thu.edu.tw/static/runtime~js/main-portal-86d88036.js,https://ilearn.thu.edu.tw/static/90406.9cacc319.js,.js,True,raw/ilearn.thu.edu.tw/static/90406.9cacc319.js,200
raw/ilearn.thu.edu.tw/static/runtime~js/main-portal-86d88036.js,https://ilearn.thu.edu.tw/static/90525.dbf7e0f1.js,.js,True,raw/ilearn.thu.edu.tw/static/90525.dbf7e0f1.js,200
raw/ilearn.thu.edu.tw/static/runtime~js/main-portal-86d88036.js,https://ilearn.thu.edu.tw/static/9056.3f2c59f2.js,.js,True,raw/ilearn.thu.edu.tw/static/9056.3f2c59f2.js,200
raw/ilearn.thu.edu.tw/static/runtime~js/main-portal-86d88036.js,https://ilearn.thu.edu.tw/static/90625-60e50e58.chunk.css,.css,True,raw/ilearn.thu.edu.tw/static/90625-60e50e58.chunk.css,200
raw/ilearn.thu.edu.tw/static/runtime~js/main-portal-86d88036.js,https://ilearn.thu.edu.tw/static/90625.550ad754.js,.js,True,raw/ilearn.thu.edu.tw/static/90625.550ad754.js,200
raw/ilearn.thu.edu.tw/static/runtime~js/main-portal-86d88036.js,https://ilearn.thu.edu.tw/static/90775.e33dd884.js,.js,True,raw/ilearn.thu.edu.tw/static/90775.e33dd884.js,200
raw/ilearn.thu.edu.tw/static/runtime~js/main-portal-86d88036.js,https://ilearn.thu.edu.tw/static/90924.0f5da29e.js,.js,True,raw/ilearn.thu.edu.tw/static/90924.0f5da29e.js,200
raw/ilearn.thu.edu.tw/static/runtime~js/main-portal-86d88036.js,https://ilearn.thu.edu.tw/static/91320.6f83888e.js,.js,True,raw/ilearn.thu.edu.tw/static/91320.6f83888e.js,200
raw/ilearn.thu.edu.tw/static/runtime~js/main-portal-86d88036.js,https://ilearn.thu.edu.tw/static/91852.eaeb96c8.js,.js,True,raw/ilearn.thu.edu.tw/static/91852.eaeb96c8.js,200
raw/ilearn.thu.edu.tw/static/runtime~js/main-portal-86d88036.js,https://ilearn.thu.edu.tw/static/91882.ab0217bc.js,.js,True,raw/ilearn.thu.edu.tw/static/91882.ab0217bc.js,200
raw/ilearn.thu.edu.tw/static/runtime~js/main-portal-86d88036.js,https://ilearn.thu.edu.tw/static/92082-209ef185.chunk.css,.css,True,raw/ilearn.thu.edu.tw/static/92082-209ef185.chunk.css,200
raw/ilearn.thu.edu.tw/static/runtime~js/main-portal-86d88036.js,https://ilearn.thu.edu.tw/static/92082.4c9d5e26.js,.js,True,raw/ilearn.thu.edu.tw/static/92082.4c9d5e26.js,200
raw/ilearn.thu.edu.tw/static/runtime~js/main-portal-86d88036.js,https://ilearn.thu.edu.tw/static/92085.9f610fe1.js,.js,True,raw/ilearn.thu.edu.tw/static/92085.9f610fe1.js,200
raw/ilearn.thu.edu.tw/static/runtime~js/main-portal-86d88036.js,https://ilearn.thu.edu.tw/static/9217-15f4a0df.chunk.css,.css,True,raw/ilearn.thu.edu.tw/static/9217-15f4a0df.chunk.css,200
raw/ilearn.thu.edu.tw/static/runtime~js/main-portal-86d88036.js,https://ilearn.thu.edu.tw/static/9217.3ccc580b.js,.js,True,raw/ilearn.thu.edu.tw/static/9217.3ccc580b.js,200
raw/ilearn.thu.edu.tw/static/runtime~js/main-portal-86d88036.js,https://ilearn.thu.edu.tw/static/92245-6062b7bb.chunk.css,.css,True,raw/ilearn.thu.edu.tw/static/92245-6062b7bb.chunk.css,200
raw/ilearn.thu.edu.tw/static/runtime~js/main-portal-86d88036.js,https://ilearn.thu.edu.tw/static/92245.31ede0b5.js,.js,True,raw/ilearn.thu.edu.tw/static/92245.31ede0b5.js,200
raw/ilearn.thu.edu.tw/static/runtime~js/main-portal-86d88036.js,https://ilearn.thu.edu.tw/static/92455-93af5f94.chunk.css,.css,True,raw/ilearn.thu.edu.tw/static/92455-93af5f94.chunk.css,200
raw/ilearn.thu.edu.tw/static/runtime~js/main-portal-86d88036.js,https://ilearn.thu.edu.tw/static/92455.9596e32b.js,.js,True,raw/ilearn.thu.edu.tw/static/92455.9596e32b.js,200
raw/ilearn.thu.edu.tw/static/runtime~js/main-portal-86d88036.js,https://ilearn.thu.edu.tw/static/92519.1c10a6fc.js,.js,True,raw/ilearn.thu.edu.tw/static/92519.1c10a6fc.js,200
raw/ilearn.thu.edu.tw/static/runtime~js/main-portal-86d88036.js,https://ilearn.thu.edu.tw/static/92556.15283730.js,.js,True,raw/ilearn.thu.edu.tw/static/92556.15283730.js,200
raw/ilearn.thu.edu.tw/static/runtime~js/main-portal-86d88036.js,https://ilearn.thu.edu.tw/static/92702-e80c4026.chunk.css,.css,True,raw/ilearn.thu.edu.tw/static/92702-e80c4026.chunk.css,200
raw/ilearn.thu.edu.tw/static/runtime~js/main-portal-86d88036.js,https://ilearn.thu.edu.tw/static/92794.570cff7b.js,.js,True,raw/ilearn.thu.edu.tw/static/92794.570cff7b.js,200
raw/ilearn.thu.edu.tw/static/runtime~js/main-portal-86d88036.js,https://ilearn.thu.edu.tw/static/93084.502a2adb.js,.js,True,raw/ilearn.thu.edu.tw/static/93084.502a2adb.js,200
raw/ilearn.thu.edu.tw/static/runtime~js/main-portal-86d88036.js,https://ilearn.thu.edu.tw/static/93155.0c0ec13a.js,.js,True,raw/ilearn.thu.edu.tw/static/93155.0c0ec13a.js,200
raw/ilearn.thu.edu.tw/static/runtime~js/main-portal-86d88036.js,https://ilearn.thu.edu.tw/static/93171.b583fe89.js,.js,True,raw/ilearn.thu.edu.tw/static/93171.b583fe89.js,200
raw/ilearn.thu.edu.tw/static/runtime~js/main-portal-86d88036.js,https://ilearn.thu.edu.tw/static/93198.dceb561e.js,.js,True,raw/ilearn.thu.edu.tw/static/93198.dceb561e.js,200
raw/ilearn.thu.edu.tw/static/runtime~js/main-portal-86d88036.js,https://ilearn.thu.edu.tw/static/93281.cb5e4d75.js,.js,True,raw/ilearn.thu.edu.tw/static/93281.cb5e4d75.js,200
raw/ilearn.thu.edu.tw/static/runtime~js/main-portal-86d88036.js,https://ilearn.thu.edu.tw/static/93366-9ec5bda6.chunk.css,.css,True,raw/ilearn.thu.edu.tw/static/93366-9ec5bda6.chunk.css,200
raw/ilearn.thu.edu.tw/static/runtime~js/main-portal-86d88036.js,https://ilearn.thu.edu.tw/static/93366.14a0fcf7.js,.js,True,raw/ilearn.thu.edu.tw/static/93366.14a0fcf7.js,200
raw/ilearn.thu.edu.tw/static/runtime~js/main-portal-86d88036.js,https://ilearn.thu.edu.tw/static/93392.97d11656.js,.js,True,raw/ilearn.thu.edu.tw/static/93392.97d11656.js,200
raw/ilearn.thu.edu.tw/static/runtime~js/main-portal-86d88036.js,https://ilearn.thu.edu.tw/static/93707-2c8eaaf5.chunk.css,.css,True,raw/ilearn.thu.edu.tw/static/93707-2c8eaaf5.chunk.css,200
raw/ilearn.thu.edu.tw/static/runtime~js/main-portal-86d88036.js,https://ilearn.thu.edu.tw/static/93707.998416bf.js,.js,True,raw/ilearn.thu.edu.tw/static/93707.998416bf.js,200
raw/ilearn.thu.edu.tw/static/runtime~js/main-portal-86d88036.js,https://ilearn.thu.edu.tw/static/93714.ed691a45.js,.js,True,raw/ilearn.thu.edu.tw/static/93714.ed691a45.js,200
raw/ilearn.thu.edu.tw/static/runtime~js/main-portal-86d88036.js,https://ilearn.thu.edu.tw/static/93746.df010f77.js,.js,True,raw/ilearn.thu.edu.tw/static/93746.df010f77.js,200
raw/ilearn.thu.edu.tw/static/runtime~js/main-portal-86d88036.js,https://ilearn.thu.edu.tw/static/93780.c5d539c8.js,.js,True,raw/ilearn.thu.edu.tw/static/93780.c5d539c8.js,200
raw/ilearn.thu.edu.tw/static/runtime~js/main-portal-86d88036.js,https://ilearn.thu.edu.tw/static/93884.fff48217.js,.js,True,raw/ilearn.thu.edu.tw/static/93884.fff48217.js,200
raw/ilearn.thu.edu.tw/static/runtime~js/main-portal-86d88036.js,https://ilearn.thu.edu.tw/static/93926.b408e087.js,.js,True,raw/ilearn.thu.edu.tw/static/93926.b408e087.js,200
raw/ilearn.thu.edu.tw/static/runtime~js/main-portal-86d88036.js,https://ilearn.thu.edu.tw/static/94064.3246640d.js,.js,True,raw/ilearn.thu.edu.tw/static/94064.3246640d.js,200
raw/ilearn.thu.edu.tw/static/runtime~js/main-portal-86d88036.js,https://ilearn.thu.edu.tw/static/94084-198e70ff.chunk.css,.css,True,raw/ilearn.thu.edu.tw/static/94084-198e70ff.chunk.css,200
raw/ilearn.thu.edu.tw/static/runtime~js/main-portal-86d88036.js,https://ilearn.thu.edu.tw/static/94084.256de11c.js,.js,True,raw/ilearn.thu.edu.tw/static/94084.256de11c.js,200
raw/ilearn.thu.edu.tw/static/runtime~js/main-portal-86d88036.js,https://ilearn.thu.edu.tw/static/94119.6a53ddb1.js,.js,True,raw/ilearn.thu.edu.tw/static/94119.6a53ddb1.js,200
raw/ilearn.thu.edu.tw/static/runtime~js/main-portal-86d88036.js,https://ilearn.thu.edu.tw/static/94170.7b87e45d.js,.js,True,raw/ilearn.thu.edu.tw/static/94170.7b87e45d.js,200
raw/ilearn.thu.edu.tw/static/runtime~js/main-portal-86d88036.js,https://ilearn.thu.edu.tw/static/94207.55993ecf.js,.js,True,raw/ilearn.thu.edu.tw/static/94207.55993ecf.js,200
raw/ilearn.thu.edu.tw/static/runtime~js/main-portal-86d88036.js,https://ilearn.thu.edu.tw/static/94299-db06345e.chunk.css,.css,True,raw/ilearn.thu.edu.tw/static/94299-db06345e.chunk.css,200
raw/ilearn.thu.edu.tw/static/runtime~js/main-portal-86d88036.js,https://ilearn.thu.edu.tw/static/94299.52749a48.js,.js,True,raw/ilearn.thu.edu.tw/static/94299.52749a48.js,200
raw/ilearn.thu.edu.tw/static/runtime~js/main-portal-86d88036.js,https://ilearn.thu.edu.tw/static/94591.2a6f5e72.js,.js,True,raw/ilearn.thu.edu.tw/static/94591.2a6f5e72.js,200
raw/ilearn.thu.edu.tw/static/runtime~js/main-portal-86d88036.js,https://ilearn.thu.edu.tw/static/94795.2ff75664.js,.js,True,raw/ilearn.thu.edu.tw/static/94795.2ff75664.js,200
raw/ilearn.thu.edu.tw/static/runtime~js/main-portal-86d88036.js,https://ilearn.thu.edu.tw/static/94862.200578e9.js,.js,True,raw/ilearn.thu.edu.tw/static/94862.200578e9.js,200
raw/ilearn.thu.edu.tw/static/runtime~js/main-portal-86d88036.js,https://ilearn.thu.edu.tw/static/95034.c578be3f.js,.js,True,raw/ilearn.thu.edu.tw/static/95034.c578be3f.js,200
raw/ilearn.thu.edu.tw/static/runtime~js/main-portal-86d88036.js,https://ilearn.thu.edu.tw/static/95078.fcfc24e6.js,.js,True,raw/ilearn.thu.edu.tw/static/95078.fcfc24e6.js,200
raw/ilearn.thu.edu.tw/static/runtime~js/main-portal-86d88036.js,https://ilearn.thu.edu.tw/static/95128.8705b488.js,.js,True,raw/ilearn.thu.edu.tw/static/95128.8705b488.js,200
raw/ilearn.thu.edu.tw/static/runtime~js/main-portal-86d88036.js,https://ilearn.thu.edu.tw/static/95397-5f6909f9.chunk.css,.css,True,raw/ilearn.thu.edu.tw/static/95397-5f6909f9.chunk.css,200
raw/ilearn.thu.edu.tw/static/runtime~js/main-portal-86d88036.js,https://ilearn.thu.edu.tw/static/95397.bb70580d.js,.js,True,raw/ilearn.thu.edu.tw/static/95397.bb70580d.js,200
raw/ilearn.thu.edu.tw/static/runtime~js/main-portal-86d88036.js,https://ilearn.thu.edu.tw/static/95526.f68dcdae.js,.js,True,raw/ilearn.thu.edu.tw/static/95526.f68dcdae.js,200
raw/ilearn.thu.edu.tw/static/runtime~js/main-portal-86d88036.js,https://ilearn.thu.edu.tw/static/95825.9d586b3c.js,.js,True,raw/ilearn.thu.edu.tw/static/95825.9d586b3c.js,200
raw/ilearn.thu.edu.tw/static/runtime~js/main-portal-86d88036.js,https://ilearn.thu.edu.tw/static/95877.fecdc441.js,.js,True,raw/ilearn.thu.edu.tw/static/95877.fecdc441.js,200
raw/ilearn.thu.edu.tw/static/runtime~js/main-portal-86d88036.js,https://ilearn.thu.edu.tw/static/96140-2276bc17.chunk.css,.css,True,raw/ilearn.thu.edu.tw/static/96140-2276bc17.chunk.css,200
raw/ilearn.thu.edu.tw/static/runtime~js/main-portal-86d88036.js,https://ilearn.thu.edu.tw/static/96140.a5ad6c1d.js,.js,True,raw/ilearn.thu.edu.tw/static/96140.a5ad6c1d.js,200
raw/ilearn.thu.edu.tw/static/runtime~js/main-portal-86d88036.js,https://ilearn.thu.edu.tw/static/96190.4e7c05f5.js,.js,True,raw/ilearn.thu.edu.tw/static/96190.4e7c05f5.js,200
raw/ilearn.thu.edu.tw/static/runtime~js/main-portal-86d88036.js,https://ilearn.thu.edu.tw/static/96258.25a0a2a3.js,.js,True,raw/ilearn.thu.edu.tw/static/96258.25a0a2a3.js,200
raw/ilearn.thu.edu.tw/static/runtime~js/main-portal-86d88036.js,https://ilearn.thu.edu.tw/static/96431-8c3957af.js,.js,True,raw/ilearn.thu.edu.tw/static/96431-8c3957af.js,200
raw/ilearn.thu.edu.tw/static/runtime~js/main-portal-86d88036.js,https://ilearn.thu.edu.tw/static/96531.6cf2d69c.js,.js,True,raw/ilearn.thu.edu.tw/static/96531.6cf2d69c.js,200
raw/ilearn.thu.edu.tw/static/runtime~js/main-portal-86d88036.js,https://ilearn.thu.edu.tw/static/96553.acc9dcc4.js,.js,True,raw/ilearn.thu.edu.tw/static/96553.acc9dcc4.js,200
raw/ilearn.thu.edu.tw/static/runtime~js/main-portal-86d88036.js,https://ilearn.thu.edu.tw/static/96594.0de9518d.js,.js,True,raw/ilearn.thu.edu.tw/static/96594.0de9518d.js,200
raw/ilearn.thu.edu.tw/static/runtime~js/main-portal-86d88036.js,https://ilearn.thu.edu.tw/static/96674-0662e627.chunk.css,.css,True,raw/ilearn.thu.edu.tw/static/96674-0662e627.chunk.css,200
raw/ilearn.thu.edu.tw/static/runtime~js/main-portal-86d88036.js,https://ilearn.thu.edu.tw/static/96674.e7c69224.js,.js,True,raw/ilearn.thu.edu.tw/static/96674.e7c69224.js,200
raw/ilearn.thu.edu.tw/static/runtime~js/main-portal-86d88036.js,https://ilearn.thu.edu.tw/static/96717.643d9050.js,.js,True,raw/ilearn.thu.edu.tw/static/96717.643d9050.js,200
raw/ilearn.thu.edu.tw/static/runtime~js/main-portal-86d88036.js,https://ilearn.thu.edu.tw/static/96781.5b15a99b.js,.js,True,raw/ilearn.thu.edu.tw/static/96781.5b15a99b.js,200
raw/ilearn.thu.edu.tw/static/runtime~js/main-portal-86d88036.js,https://ilearn.thu.edu.tw/static/96966.ce16085e.js,.js,True,raw/ilearn.thu.edu.tw/static/96966.ce16085e.js,200
raw/ilearn.thu.edu.tw/static/runtime~js/main-portal-86d88036.js,https://ilearn.thu.edu.tw/static/97170.21bce3c1.js,.js,True,raw/ilearn.thu.edu.tw/static/97170.21bce3c1.js,200
raw/ilearn.thu.edu.tw/static/runtime~js/main-portal-86d88036.js,https://ilearn.thu.edu.tw/static/97195-43fd1547.chunk.css,.css,True,raw/ilearn.thu.edu.tw/static/97195-43fd1547.chunk.css,200
raw/ilearn.thu.edu.tw/static/runtime~js/main-portal-86d88036.js,https://ilearn.thu.edu.tw/static/97195.2faf10fc.js,.js,True,raw/ilearn.thu.edu.tw/static/97195.2faf10fc.js,200
raw/ilearn.thu.edu.tw/static/runtime~js/main-portal-86d88036.js,https://ilearn.thu.edu.tw/static/97222-7a130436.js,.js,True,raw/ilearn.thu.edu.tw/static/97222-7a130436.js,200
raw/ilearn.thu.edu.tw/static/runtime~js/main-portal-86d88036.js,https://ilearn.thu.edu.tw/static/9727.544f163b.js,.js,True,raw/ilearn.thu.edu.tw/static/9727.544f163b.js,200
raw/ilearn.thu.edu.tw/static/runtime~js/main-portal-86d88036.js,https://ilearn.thu.edu.tw/static/9733.dbcbf3d9.js,.js,True,raw/ilearn.thu.edu.tw/static/9733.dbcbf3d9.js,200
raw/ilearn.thu.edu.tw/static/runtime~js/main-portal-86d88036.js,https://ilearn.thu.edu.tw/static/97381-087aef3b.chunk.css,.css,True,raw/ilearn.thu.edu.tw/static/97381-087aef3b.chunk.css,200
raw/ilearn.thu.edu.tw/static/runtime~js/main-portal-86d88036.js,https://ilearn.thu.edu.tw/static/97381.d0865143.js,.js,True,raw/ilearn.thu.edu.tw/static/97381.d0865143.js,200
raw/ilearn.thu.edu.tw/static/runtime~js/main-portal-86d88036.js,https://ilearn.thu.edu.tw/static/97620-09432542.chunk.css,.css,True,raw/ilearn.thu.edu.tw/static/97620-09432542.chunk.css,200
raw/ilearn.thu.edu.tw/static/runtime~js/main-portal-86d88036.js,https://ilearn.thu.edu.tw/static/97620.c8167195.js,.js,True,raw/ilearn.thu.edu.tw/static/97620.c8167195.js,200
raw/ilearn.thu.edu.tw/static/runtime~js/main-portal-86d88036.js,https://ilearn.thu.edu.tw/static/97675.79548d56.js,.js,True,raw/ilearn.thu.edu.tw/static/97675.79548d56.js,200
raw/ilearn.thu.edu.tw/static/runtime~js/main-portal-86d88036.js,https://ilearn.thu.edu.tw/static/97992.59d1ce65.js,.js,True,raw/ilearn.thu.edu.tw/static/97992.59d1ce65.js,200
raw/ilearn.thu.edu.tw/static/runtime~js/main-portal-86d88036.js,https://ilearn.thu.edu.tw/static/98451.e84ea91c.js,.js,True,raw/ilearn.thu.edu.tw/static/98451.e84ea91c.js,200
raw/ilearn.thu.edu.tw/static/runtime~js/main-portal-86d88036.js,https://ilearn.thu.edu.tw/static/9862.d5cc01ba.js,.js,True,raw/ilearn.thu.edu.tw/static/9862.d5cc01ba.js,200
raw/ilearn.thu.edu.tw/static/runtime~js/main-portal-86d88036.js,https://ilearn.thu.edu.tw/static/98766.dfd08580.js,.js,True,raw/ilearn.thu.edu.tw/static/98766.dfd08580.js,200
raw/ilearn.thu.edu.tw/static/runtime~js/main-portal-86d88036.js,https://ilearn.thu.edu.tw/static/99006-f91aede3.chunk.css,.css,True,raw/ilearn.thu.edu.tw/static/99006-f91aede3.chunk.css,200
raw/ilearn.thu.edu.tw/static/runtime~js/main-portal-86d88036.js,https://ilearn.thu.edu.tw/static/99006.38242dc9.js,.js,True,raw/ilearn.thu.edu.tw/static/99006.38242dc9.js,200
raw/ilearn.thu.edu.tw/static/runtime~js/main-portal-86d88036.js,https://ilearn.thu.edu.tw/static/99113.4bb3dd4a.js,.js,True,raw/ilearn.thu.edu.tw/static/99113.4bb3dd4a.js,200
raw/ilearn.thu.edu.tw/static/runtime~js/main-portal-86d88036.js,https://ilearn.thu.edu.tw/static/99224.622b68bb.js,.js,True,raw/ilearn.thu.edu.tw/static/99224.622b68bb.js,200
raw/ilearn.thu.edu.tw/static/runtime~js/main-portal-86d88036.js,https://ilearn.thu.edu.tw/static/99393-9568e05c.chunk.css,.css,True,raw/ilearn.thu.edu.tw/static/99393-9568e05c.chunk.css,200
raw/ilearn.thu.edu.tw/static/runtime~js/main-portal-86d88036.js,https://ilearn.thu.edu.tw/static/99393.17a82ead.js,.js,True,raw/ilearn.thu.edu.tw/static/99393.17a82ead.js,200
raw/ilearn.thu.edu.tw/static/runtime~js/main-portal-86d88036.js,https://ilearn.thu.edu.tw/static/99418-8d2e703c.js,.js,True,raw/ilearn.thu.edu.tw/static/99418-8d2e703c.js,200
raw/ilearn.thu.edu.tw/static/runtime~js/main-portal-86d88036.js,https://ilearn.thu.edu.tw/static/99439-a70472ff.chunk.css,.css,True,raw/ilearn.thu.edu.tw/static/99439-a70472ff.chunk.css,200
raw/ilearn.thu.edu.tw/static/runtime~js/main-portal-86d88036.js,https://ilearn.thu.edu.tw/static/99439.0d4c2abb.js,.js,True,raw/ilearn.thu.edu.tw/static/99439.0d4c2abb.js,200
raw/ilearn.thu.edu.tw/static/runtime~js/main-portal-86d88036.js,https://ilearn.thu.edu.tw/static/99955-4e2de18c.chunk.css,.css,True,raw/ilearn.thu.edu.tw/static/99955-4e2de18c.chunk.css,200
raw/ilearn.thu.edu.tw/static/runtime~js/main-portal-86d88036.js,https://ilearn.thu.edu.tw/static/99955.ed221ecb.js,.js,True,raw/ilearn.thu.edu.tw/static/99955.ed221ecb.js,200
raw/ilearn.thu.edu.tw/static/runtime~js/main-portal-86d88036.js,https://ilearn.thu.edu.tw/static/js/main-portal-c353cedb.css,.css,True,raw/ilearn.thu.edu.tw/static/js/main-portal-c353cedb.css,200
raw/ilearn.thu.edu.tw/static/runtime~js/main-portal-86d88036.js,https://ilearn.thu.edu.tw/static/styles-base-b3360956.css,.css,True,raw/ilearn.thu.edu.tw/static/styles-base-b3360956.css,200
raw/ilearn.thu.edu.tw/static/runtime~js/main-portal-86d88036.js,https://ilearn.thu.edu.tw/static/styles-course-037f0dda-4f232b81.css,.css,True,raw/ilearn.thu.edu.tw/static/styles-course-037f0dda-4f232b81.css,200
raw/ilearn.thu.edu.tw/static/runtime~js/main-portal-86d88036.js,https://ilearn.thu.edu.tw/static/styles-course-127037c2-0b33d085.css,.css,True,raw/ilearn.thu.edu.tw/static/styles-course-127037c2-0b33d085.css,200
raw/ilearn.thu.edu.tw/static/runtime~js/main-portal-86d88036.js,https://ilearn.thu.edu.tw/static/styles-course-30349872-659401ca.css,.css,True,raw/ilearn.thu.edu.tw/static/styles-course-30349872-659401ca.css,200
raw/ilearn.thu.edu.tw/static/runtime~js/main-portal-86d88036.js,https://ilearn.thu.edu.tw/static/styles-course-ce409320-2e476976.css,.css,True,raw/ilearn.thu.edu.tw/static/styles-course-ce409320-2e476976.css,200
raw/ilearn.thu.edu.tw/static/runtime~js/main-portal-86d88036.js,https://ilearn.thu.edu.tw/static/styles-course-f15203a0-c3fcafaa.css,.css,True,raw/ilearn.thu.edu.tw/static/styles-course-f15203a0-c3fcafaa.css,200
raw/ilearn.thu.edu.tw/static/runtime~js/main-portal-86d88036.js,https://ilearn.thu.edu.tw/static/styles-iview-58339d95.css,.css,True,raw/ilearn.thu.edu.tw/static/styles-iview-58339d95.css,200
raw/ilearn.thu.edu.tw/static/runtime~js/main-public-course-e9dcc59d.js,https://ilearn.thu.edu.tw/static/10035.853f7abc.js,.js,True,raw/ilearn.thu.edu.tw/static/10035.853f7abc.js,200
raw/ilearn.thu.edu.tw/static/runtime~js/main-public-course-e9dcc59d.js,https://ilearn.thu.edu.tw/static/10067.39ff48db.js,.js,True,raw/ilearn.thu.edu.tw/static/10067.39ff48db.js,200
raw/ilearn.thu.edu.tw/static/runtime~js/main-public-course-e9dcc59d.js,https://ilearn.thu.edu.tw/static/10188.0cd009aa.js,.js,True,raw/ilearn.thu.edu.tw/static/10188.0cd009aa.js,200
raw/ilearn.thu.edu.tw/static/runtime~js/main-public-course-e9dcc59d.js,https://ilearn.thu.edu.tw/static/10242.1acb04a8.js,.js,True,raw/ilearn.thu.edu.tw/static/10242.1acb04a8.js,200
raw/ilearn.thu.edu.tw/static/runtime~js/main-public-course-e9dcc59d.js,https://ilearn.thu.edu.tw/static/10248-98bfa44a.chunk.css,.css,True,raw/ilearn.thu.edu.tw/static/10248-98bfa44a.chunk.css,200
raw/ilearn.thu.edu.tw/static/runtime~js/main-public-course-e9dcc59d.js,https://ilearn.thu.edu.tw/static/10248.e193e757.js,.js,True,raw/ilearn.thu.edu.tw/static/10248.e193e757.js,200
raw/ilearn.thu.edu.tw/static/runtime~js/main-public-course-e9dcc59d.js,https://ilearn.thu.edu.tw/static/10257.5f75a4b2.js,.js,True,raw/ilearn.thu.edu.tw/static/10257.5f75a4b2.js,200
raw/ilearn.thu.edu.tw/static/runtime~js/main-public-course-e9dcc59d.js,https://ilearn.thu.edu.tw/static/10309.2e240c82.js,.js,True,raw/ilearn.thu.edu.tw/static/10309.2e240c82.js,200
raw/ilearn.thu.edu.tw/static/runtime~js/main-public-course-e9dcc59d.js,https://ilearn.thu.edu.tw/static/10310.1168e67d.js,.js,True,raw/ilearn.thu.edu.tw/static/10310.1168e67d.js,200
raw/ilearn.thu.edu.tw/static/runtime~js/main-public-course-e9dcc59d.js,https://ilearn.thu.edu.tw/static/10380.988cf572.js,.js,True,raw/ilearn.thu.edu.tw/static/10380.988cf572.js,200
raw/ilearn.thu.edu.tw/static/runtime~js/main-public-course-e9dcc59d.js,https://ilearn.thu.edu.tw/static/10383-960bbf42.chunk.css,.css,True,raw/ilearn.thu.edu.tw/static/10383-960bbf42.chunk.css,200
raw/ilearn.thu.edu.tw/static/runtime~js/main-public-course-e9dcc59d.js,https://ilearn.thu.edu.tw/static/10383.d04ce83a.js,.js,True,raw/ilearn.thu.edu.tw/static/10383.d04ce83a.js,200
raw/ilearn.thu.edu.tw/static/runtime~js/main-public-course-e9dcc59d.js,https://ilearn.thu.edu.tw/static/10409.3c0dcb73.js,.js,True,raw/ilearn.thu.edu.tw/static/10409.3c0dcb73.js,200
raw/ilearn.thu.edu.tw/static/runtime~js/main-public-course-e9dcc59d.js,https://ilearn.thu.edu.tw/static/1065.e951cf0f.js,.js,True,raw/ilearn.thu.edu.tw/static/1065.e951cf0f.js,200
raw/ilearn.thu.edu.tw/static/runtime~js/main-public-course-e9dcc59d.js,https://ilearn.thu.edu.tw/static/10844.0d26da39.js,.js,True,raw/ilearn.thu.edu.tw/static/10844.0d26da39.js,200
raw/ilearn.thu.edu.tw/static/runtime~js/main-public-course-e9dcc59d.js,https://ilearn.thu.edu.tw/static/1104.a7791db6.js,.js,True,raw/ilearn.thu.edu.tw/static/1104.a7791db6.js,200
raw/ilearn.thu.edu.tw/static/runtime~js/main-public-course-e9dcc59d.js,https://ilearn.thu.edu.tw/static/11580.a7791db6.js,.js,True,raw/ilearn.thu.edu.tw/static/11580.a7791db6.js,200
raw/ilearn.thu.edu.tw/static/runtime~js/main-public-course-e9dcc59d.js,https://ilearn.thu.edu.tw/static/11708.a556fce2.js,.js,True,raw/ilearn.thu.edu.tw/static/11708.a556fce2.js,200
raw/ilearn.thu.edu.tw/static/runtime~js/main-public-course-e9dcc59d.js,https://ilearn.thu.edu.tw/static/11812.92e9ccfe.js,.js,True,raw/ilearn.thu.edu.tw/static/11812.92e9ccfe.js,200
raw/ilearn.thu.edu.tw/static/runtime~js/main-public-course-e9dcc59d.js,https://ilearn.thu.edu.tw/static/11836-7c4b2711.chunk.css,.css,True,raw/ilearn.thu.edu.tw/static/11836-7c4b2711.chunk.css,200
raw/ilearn.thu.edu.tw/static/runtime~js/main-public-course-e9dcc59d.js,https://ilearn.thu.edu.tw/static/11836.f57019c4.js,.js,True,raw/ilearn.thu.edu.tw/static/11836.f57019c4.js,200
raw/ilearn.thu.edu.tw/static/runtime~js/main-public-course-e9dcc59d.js,https://ilearn.thu.edu.tw/static/11903.fdf6e5ec.js,.js,True,raw/ilearn.thu.edu.tw/static/11903.fdf6e5ec.js,200
raw/ilearn.thu.edu.tw/static/runtime~js/main-public-course-e9dcc59d.js,https://ilearn.thu.edu.tw/static/120-2ca4a78b.chunk.css,.css,True,raw/ilearn.thu.edu.tw/static/120-2ca4a78b.chunk.css,200
raw/ilearn.thu.edu.tw/static/runtime~js/main-public-course-e9dcc59d.js,https://ilearn.thu.edu.tw/static/120.e0d9ff72.js,.js,True,raw/ilearn.thu.edu.tw/static/120.e0d9ff72.js,200
raw/ilearn.thu.edu.tw/static/runtime~js/main-public-course-e9dcc59d.js,https://ilearn.thu.edu.tw/static/12117.76d49271.js,.js,True,raw/ilearn.thu.edu.tw/static/12117.76d49271.js,200
raw/ilearn.thu.edu.tw/static/runtime~js/main-public-course-e9dcc59d.js,https://ilearn.thu.edu.tw/static/12149.3c82261f.js,.js,True,raw/ilearn.thu.edu.tw/static/12149.3c82261f.js,200
raw/ilearn.thu.edu.tw/static/runtime~js/main-public-course-e9dcc59d.js,https://ilearn.thu.edu.tw/static/12159-e10443e1.chunk.css,.css,True,raw/ilearn.thu.edu.tw/static/12159-e10443e1.chunk.css,200
raw/ilearn.thu.edu.tw/static/runtime~js/main-public-course-e9dcc59d.js,https://ilearn.thu.edu.tw/static/12159.7fb514eb.js,.js,True,raw/ilearn.thu.edu.tw/static/12159.7fb514eb.js,200
raw/ilearn.thu.edu.tw/static/runtime~js/main-public-course-e9dcc59d.js,https://ilearn.thu.edu.tw/static/12308.102041f5.js,.js,True,raw/ilearn.thu.edu.tw/static/12308.102041f5.js,200
raw/ilearn.thu.edu.tw/static/runtime~js/main-public-course-e9dcc59d.js,https://ilearn.thu.edu.tw/static/12472.7cff0687.js,.js,True,raw/ilearn.thu.edu.tw/static/12472.7cff0687.js,200
raw/ilearn.thu.edu.tw/static/runtime~js/main-public-course-e9dcc59d.js,https://ilearn.thu.edu.tw/static/12798-c867edb0.chunk.css,.css,True,raw/ilearn.thu.edu.tw/static/12798-c867edb0.chunk.css,200
raw/ilearn.thu.edu.tw/static/runtime~js/main-public-course-e9dcc59d.js,https://ilearn.thu.edu.tw/static/12798.0fbe5454.js,.js,True,raw/ilearn.thu.edu.tw/static/12798.0fbe5454.js,200
raw/ilearn.thu.edu.tw/static/runtime~js/main-public-course-e9dcc59d.js,https://ilearn.thu.edu.tw/static/12855-d64fef13.chunk.css,.css,True,raw/ilearn.thu.edu.tw/static/12855-d64fef13.chunk.css,200
raw/ilearn.thu.edu.tw/static/runtime~js/main-public-course-e9dcc59d.js,https://ilearn.thu.edu.tw/static/12919.4817e094.js,.js,True,raw/ilearn.thu.edu.tw/static/12919.4817e094.js,200
raw/ilearn.thu.edu.tw/static/runtime~js/main-public-course-e9dcc59d.js,https://ilearn.thu.edu.tw/static/13529.d8cb667c.js,.js,True,raw/ilearn.thu.edu.tw/static/13529.d8cb667c.js,200
raw/ilearn.thu.edu.tw/static/runtime~js/main-public-course-e9dcc59d.js,https://ilearn.thu.edu.tw/static/13642.2932c270.js,.js,True,raw/ilearn.thu.edu.tw/static/13642.2932c270.js,200
raw/ilearn.thu.edu.tw/static/runtime~js/main-public-course-e9dcc59d.js,https://ilearn.thu.edu.tw/static/13706.e0d1043a.js,.js,True,raw/ilearn.thu.edu.tw/static/13706.e0d1043a.js,200
raw/ilearn.thu.edu.tw/static/runtime~js/main-public-course-e9dcc59d.js,https://ilearn.thu.edu.tw/static/13775.3b2bed97.js,.js,True,raw/ilearn.thu.edu.tw/static/13775.3b2bed97.js,200
raw/ilearn.thu.edu.tw/static/runtime~js/main-public-course-e9dcc59d.js,https://ilearn.thu.edu.tw/static/13821.19c32f7f.js,.js,True,raw/ilearn.thu.edu.tw/static/13821.19c32f7f.js,200
raw/ilearn.thu.edu.tw/static/runtime~js/main-public-course-e9dcc59d.js,https://ilearn.thu.edu.tw/static/13856.6c8c84cd.js,.js,True,raw/ilearn.thu.edu.tw/static/13856.6c8c84cd.js,200
raw/ilearn.thu.edu.tw/static/runtime~js/main-public-course-e9dcc59d.js,https://ilearn.thu.edu.tw/static/13944-0beebd42.chunk.css,.css,True,raw/ilearn.thu.edu.tw/static/13944-0beebd42.chunk.css,200
raw/ilearn.thu.edu.tw/static/runtime~js/main-public-course-e9dcc59d.js,https://ilearn.thu.edu.tw/static/13944.4d81e66c.js,.js,True,raw/ilearn.thu.edu.tw/static/13944.4d81e66c.js,200
raw/ilearn.thu.edu.tw/static/runtime~js/main-public-course-e9dcc59d.js,https://ilearn.thu.edu.tw/static/13969.2a552dd2.js,.js,True,raw/ilearn.thu.edu.tw/static/13969.2a552dd2.js,200
raw/ilearn.thu.edu.tw/static/runtime~js/main-public-course-e9dcc59d.js,https://ilearn.thu.edu.tw/static/14054-3613432e.chunk.css,.css,True,raw/ilearn.thu.edu.tw/static/14054-3613432e.chunk.css,200
raw/ilearn.thu.edu.tw/static/runtime~js/main-public-course-e9dcc59d.js,https://ilearn.thu.edu.tw/static/14054.10797ea7.js,.js,True,raw/ilearn.thu.edu.tw/static/14054.10797ea7.js,200
raw/ilearn.thu.edu.tw/static/runtime~js/main-public-course-e9dcc59d.js,https://ilearn.thu.edu.tw/static/14068.31ea119d.js,.js,True,raw/ilearn.thu.edu.tw/static/14068.31ea119d.js,200
raw/ilearn.thu.edu.tw/static/runtime~js/main-public-course-e9dcc59d.js,https://ilearn.thu.edu.tw/static/14279.f75486f1.js,.js,True,raw/ilearn.thu.edu.tw/static/14279.f75486f1.js,200
raw/ilearn.thu.edu.tw/static/runtime~js/main-public-course-e9dcc59d.js,https://ilearn.thu.edu.tw/static/14433.8da36488.js,.js,True,raw/ilearn.thu.edu.tw/static/14433.8da36488.js,200
raw/ilearn.thu.edu.tw/static/runtime~js/main-public-course-e9dcc59d.js,https://ilearn.thu.edu.tw/static/14615.8c38d7d4.js,.js,True,raw/ilearn.thu.edu.tw/static/14615.8c38d7d4.js,200
raw/ilearn.thu.edu.tw/static/runtime~js/main-public-course-e9dcc59d.js,https://ilearn.thu.edu.tw/static/14631.e54876b2.js,.js,True,raw/ilearn.thu.edu.tw/static/14631.e54876b2.js,200
raw/ilearn.thu.edu.tw/static/runtime~js/main-public-course-e9dcc59d.js,https://ilearn.thu.edu.tw/static/14769.c100af91.js,.js,True,raw/ilearn.thu.edu.tw/static/14769.c100af91.js,200
raw/ilearn.thu.edu.tw/static/runtime~js/main-public-course-e9dcc59d.js,https://ilearn.thu.edu.tw/static/14891-1970a0da.js,.js,True,raw/ilearn.thu.edu.tw/static/14891-1970a0da.js,200
raw/ilearn.thu.edu.tw/static/runtime~js/main-public-course-e9dcc59d.js,https://ilearn.thu.edu.tw/static/14928.ccbfea64.js,.js,True,raw/ilearn.thu.edu.tw/static/14928.ccbfea64.js,200
raw/ilearn.thu.edu.tw/static/runtime~js/main-public-course-e9dcc59d.js,https://ilearn.thu.edu.tw/static/15034-f3c55e37.chunk.css,.css,True,raw/ilearn.thu.edu.tw/static/15034-f3c55e37.chunk.css,200
raw/ilearn.thu.edu.tw/static/runtime~js/main-public-course-e9dcc59d.js,https://ilearn.thu.edu.tw/static/15034.a0e65e77.js,.js,True,raw/ilearn.thu.edu.tw/static/15034.a0e65e77.js,200
raw/ilearn.thu.edu.tw/static/runtime~js/main-public-course-e9dcc59d.js,https://ilearn.thu.edu.tw/static/15134.740fc306.js,.js,True,raw/ilearn.thu.edu.tw/static/15134.740fc306.js,200
raw/ilearn.thu.edu.tw/static/runtime~js/main-public-course-e9dcc59d.js,https://ilearn.thu.edu.tw/static/15175.570cff7b.js,.js,True,raw/ilearn.thu.edu.tw/static/15175.570cff7b.js,200
raw/ilearn.thu.edu.tw/static/runtime~js/main-public-course-e9dcc59d.js,https://ilearn.thu.edu.tw/static/15225.71f0582a.js,.js,True,raw/ilearn.thu.edu.tw/static/15225.71f0582a.js,200
raw/ilearn.thu.edu.tw/static/runtime~js/main-public-course-e9dcc59d.js,https://ilearn.thu.edu.tw/static/15435.660824cb.js,.js,True,raw/ilearn.thu.edu.tw/static/15435.660824cb.js,200
raw/ilearn.thu.edu.tw/static/runtime~js/main-public-course-e9dcc59d.js,https://ilearn.thu.edu.tw/static/15448.d1593c31.js,.js,True,raw/ilearn.thu.edu.tw/static/15448.d1593c31.js,200
raw/ilearn.thu.edu.tw/static/runtime~js/main-public-course-e9dcc59d.js,https://ilearn.thu.edu.tw/static/15471.49137ee2.js,.js,True,raw/ilearn.thu.edu.tw/static/15471.49137ee2.js,200
raw/ilearn.thu.edu.tw/static/runtime~js/main-public-course-e9dcc59d.js,https://ilearn.thu.edu.tw/static/15587-364162b9.chunk.css,.css,True,raw/ilearn.thu.edu.tw/static/15587-364162b9.chunk.css,200
raw/ilearn.thu.edu.tw/static/runtime~js/main-public-course-e9dcc59d.js,https://ilearn.thu.edu.tw/static/15587.dbb2fed1.js,.js,True,raw/ilearn.thu.edu.tw/static/15587.dbb2fed1.js,200
raw/ilearn.thu.edu.tw/static/runtime~js/main-public-course-e9dcc59d.js,https://ilearn.thu.edu.tw/static/1561-3ff15ef9.css,.css,True,raw/ilearn.thu.edu.tw/static/1561-3ff15ef9.css,200
raw/ilearn.thu.edu.tw/static/runtime~js/main-public-course-e9dcc59d.js,https://ilearn.thu.edu.tw/static/15682-ea91cd13.chunk.css,.css,True,raw/ilearn.thu.edu.tw/static/15682-ea91cd13.chunk.css,200
raw/ilearn.thu.edu.tw/static/runtime~js/main-public-course-e9dcc59d.js,https://ilearn.thu.edu.tw/static/15682.5cfcfdda.js,.js,True,raw/ilearn.thu.edu.tw/static/15682.5cfcfdda.js,200
raw/ilearn.thu.edu.tw/static/runtime~js/main-public-course-e9dcc59d.js,https://ilearn.thu.edu.tw/static/15731.bd0f7825.js,.js,True,raw/ilearn.thu.edu.tw/static/15731.bd0f7825.js,200
raw/ilearn.thu.edu.tw/static/runtime~js/main-public-course-e9dcc59d.js,https://ilearn.thu.edu.tw/static/15738-2fb62eab.js,.js,True,raw/ilearn.thu.edu.tw/static/15738-2fb62eab.js,200
raw/ilearn.thu.edu.tw/static/runtime~js/main-public-course-e9dcc59d.js,https://ilearn.thu.edu.tw/static/15770.c0eea2d2.js,.js,True,raw/ilearn.thu.edu.tw/static/15770.c0eea2d2.js,200
raw/ilearn.thu.edu.tw/static/runtime~js/main-public-course-e9dcc59d.js,https://ilearn.thu.edu.tw/static/16064-89607b11.chunk.css,.css,True,raw/ilearn.thu.edu.tw/static/16064-89607b11.chunk.css,200
raw/ilearn.thu.edu.tw/static/runtime~js/main-public-course-e9dcc59d.js,https://ilearn.thu.edu.tw/static/16064.6c2c8939.js,.js,True,raw/ilearn.thu.edu.tw/static/16064.6c2c8939.js,200
raw/ilearn.thu.edu.tw/static/runtime~js/main-public-course-e9dcc59d.js,https://ilearn.thu.edu.tw/static/16065.63e765ac.js,.js,True,raw/ilearn.thu.edu.tw/static/16065.63e765ac.js,200
raw/ilearn.thu.edu.tw/static/runtime~js/main-public-course-e9dcc59d.js,https://ilearn.thu.edu.tw/static/16591.cb86ad23.js,.js,True,raw/ilearn.thu.edu.tw/static/16591.cb86ad23.js,200
raw/ilearn.thu.edu.tw/static/runtime~js/main-public-course-e9dcc59d.js,https://ilearn.thu.edu.tw/static/16761-9275ca8e.chunk.css,.css,True,raw/ilearn.thu.edu.tw/static/16761-9275ca8e.chunk.css,200
raw/ilearn.thu.edu.tw/static/runtime~js/main-public-course-e9dcc59d.js,https://ilearn.thu.edu.tw/static/16761.11351936.js,.js,True,raw/ilearn.thu.edu.tw/static/16761.11351936.js,200
raw/ilearn.thu.edu.tw/static/runtime~js/main-public-course-e9dcc59d.js,https://ilearn.thu.edu.tw/static/16831.3050f543.js,.js,True,raw/ilearn.thu.edu.tw/static/16831.3050f543.js,200
raw/ilearn.thu.edu.tw/static/runtime~js/main-public-course-e9dcc59d.js,https://ilearn.thu.edu.tw/static/16985.5dac5529.js,.js,True,raw/ilearn.thu.edu.tw/static/16985.5dac5529.js,200
raw/ilearn.thu.edu.tw/static/runtime~js/main-public-course-e9dcc59d.js,https://ilearn.thu.edu.tw/static/17224.1924c797.js,.js,True,raw/ilearn.thu.edu.tw/static/17224.1924c797.js,200
raw/ilearn.thu.edu.tw/static/runtime~js/main-public-course-e9dcc59d.js,https://ilearn.thu.edu.tw/static/17246.fe27ddb2.js,.js,True,raw/ilearn.thu.edu.tw/static/17246.fe27ddb2.js,200
raw/ilearn.thu.edu.tw/static/runtime~js/main-public-course-e9dcc59d.js,https://ilearn.thu.edu.tw/static/17261.40691132.js,.js,True,raw/ilearn.thu.edu.tw/static/17261.40691132.js,200
raw/ilearn.thu.edu.tw/static/runtime~js/main-public-course-e9dcc59d.js,https://ilearn.thu.edu.tw/static/17414.7596b044.js,.js,True,raw/ilearn.thu.edu.tw/static/17414.7596b044.js,200
raw/ilearn.thu.edu.tw/static/runtime~js/main-public-course-e9dcc59d.js,https://ilearn.thu.edu.tw/static/17621.f956d0b8.js,.js,True,raw/ilearn.thu.edu.tw/static/17621.f956d0b8.js,200
raw/ilearn.thu.edu.tw/static/runtime~js/main-public-course-e9dcc59d.js,https://ilearn.thu.edu.tw/static/17636.a056dd6d.js,.js,True,raw/ilearn.thu.edu.tw/static/17636.a056dd6d.js,200
raw/ilearn.thu.edu.tw/static/runtime~js/main-public-course-e9dcc59d.js,https://ilearn.thu.edu.tw/static/17767.aae6c84c.js,.js,True,raw/ilearn.thu.edu.tw/static/17767.aae6c84c.js,200
raw/ilearn.thu.edu.tw/static/runtime~js/main-public-course-e9dcc59d.js,https://ilearn.thu.edu.tw/static/17983.a5926995.js,.js,True,raw/ilearn.thu.edu.tw/static/17983.a5926995.js,200
raw/ilearn.thu.edu.tw/static/runtime~js/main-public-course-e9dcc59d.js,https://ilearn.thu.edu.tw/static/18012.8701c2e1.js,.js,True,raw/ilearn.thu.edu.tw/static/18012.8701c2e1.js,200
raw/ilearn.thu.edu.tw/static/runtime~js/main-public-course-e9dcc59d.js,https://ilearn.thu.edu.tw/static/18041.e129ba21.js,.js,True,raw/ilearn.thu.edu.tw/static/18041.e129ba21.js,200
raw/ilearn.thu.edu.tw/static/runtime~js/main-public-course-e9dcc59d.js,https://ilearn.thu.edu.tw/static/18147-886382b1.chunk.css,.css,True,raw/ilearn.thu.edu.tw/static/18147-886382b1.chunk.css,200
raw/ilearn.thu.edu.tw/static/runtime~js/main-public-course-e9dcc59d.js,https://ilearn.thu.edu.tw/static/18147.b98c675a.js,.js,True,raw/ilearn.thu.edu.tw/static/18147.b98c675a.js,200
raw/ilearn.thu.edu.tw/static/runtime~js/main-public-course-e9dcc59d.js,https://ilearn.thu.edu.tw/static/18278.e25f810b.js,.js,True,raw/ilearn.thu.edu.tw/static/18278.e25f810b.js,200
raw/ilearn.thu.edu.tw/static/runtime~js/main-public-course-e9dcc59d.js,https://ilearn.thu.edu.tw/static/18283-93850a95.chunk.css,.css,True,raw/ilearn.thu.edu.tw/static/18283-93850a95.chunk.css,200
raw/ilearn.thu.edu.tw/static/runtime~js/main-public-course-e9dcc59d.js,https://ilearn.thu.edu.tw/static/18283.f40cd1f6.js,.js,True,raw/ilearn.thu.edu.tw/static/18283.f40cd1f6.js,200
raw/ilearn.thu.edu.tw/static/runtime~js/main-public-course-e9dcc59d.js,https://ilearn.thu.edu.tw/static/18326.bedfc73f.js,.js,True,raw/ilearn.thu.edu.tw/static/18326.bedfc73f.js,200
raw/ilearn.thu.edu.tw/static/runtime~js/main-public-course-e9dcc59d.js,https://ilearn.thu.edu.tw/static/18406.eb86529e.js,.js,True,raw/ilearn.thu.edu.tw/static/18406.eb86529e.js,200
raw/ilearn.thu.edu.tw/static/runtime~js/main-public-course-e9dcc59d.js,https://ilearn.thu.edu.tw/static/18464-35ceaff8.chunk.css,.css,True,raw/ilearn.thu.edu.tw/static/18464-35ceaff8.chunk.css,200
raw/ilearn.thu.edu.tw/static/runtime~js/main-public-course-e9dcc59d.js,https://ilearn.thu.edu.tw/static/18464.45bffd86.js,.js,True,raw/ilearn.thu.edu.tw/static/18464.45bffd86.js,200
raw/ilearn.thu.edu.tw/static/runtime~js/main-public-course-e9dcc59d.js,https://ilearn.thu.edu.tw/static/1872.dfc6f143.js,.js,True,raw/ilearn.thu.edu.tw/static/1872.dfc6f143.js,200
raw/ilearn.thu.edu.tw/static/runtime~js/main-public-course-e9dcc59d.js,https://ilearn.thu.edu.tw/static/18835.4a84ef1e.js,.js,True,raw/ilearn.thu.edu.tw/static/18835.4a84ef1e.js,200
raw/ilearn.thu.edu.tw/static/runtime~js/main-public-course-e9dcc59d.js,https://ilearn.thu.edu.tw/static/1893.5a13c4ac.js,.js,True,raw/ilearn.thu.edu.tw/static/1893.5a13c4ac.js,200
raw/ilearn.thu.edu.tw/static/runtime~js/main-public-course-e9dcc59d.js,https://ilearn.thu.edu.tw/static/19186.c2183f69.js,.js,True,raw/ilearn.thu.edu.tw/static/19186.c2183f69.js,200
raw/ilearn.thu.edu.tw/static/runtime~js/main-public-course-e9dcc59d.js,https://ilearn.thu.edu.tw/static/19326-9deb26f0.js,.js,True,raw/ilearn.thu.edu.tw/static/19326-9deb26f0.js,200
raw/ilearn.thu.edu.tw/static/runtime~js/main-public-course-e9dcc59d.js,https://ilearn.thu.edu.tw/static/19332.1c341036.js,.js,True,raw/ilearn.thu.edu.tw/static/19332.1c341036.js,200
raw/ilearn.thu.edu.tw/static/runtime~js/main-public-course-e9dcc59d.js,https://ilearn.thu.edu.tw/static/19446.6fdaa169.js,.js,True,raw/ilearn.thu.edu.tw/static/19446.6fdaa169.js,200
raw/ilearn.thu.edu.tw/static/runtime~js/main-public-course-e9dcc59d.js,https://ilearn.thu.edu.tw/static/19552.d3ef0a6f.js,.js,True,raw/ilearn.thu.edu.tw/static/19552.d3ef0a6f.js,200
raw/ilearn.thu.edu.tw/static/runtime~js/main-public-course-e9dcc59d.js,https://ilearn.thu.edu.tw/static/19619-92f29745.chunk.css,.css,True,raw/ilearn.thu.edu.tw/static/19619-92f29745.chunk.css,200
raw/ilearn.thu.edu.tw/static/runtime~js/main-public-course-e9dcc59d.js,https://ilearn.thu.edu.tw/static/19619.6081b084.js,.js,True,raw/ilearn.thu.edu.tw/static/19619.6081b084.js,200
raw/ilearn.thu.edu.tw/static/runtime~js/main-public-course-e9dcc59d.js,https://ilearn.thu.edu.tw/static/19705.6a8993c5.js,.js,True,raw/ilearn.thu.edu.tw/static/19705.6a8993c5.js,200
raw/ilearn.thu.edu.tw/static/runtime~js/main-public-course-e9dcc59d.js,https://ilearn.thu.edu.tw/static/19707-f61245e0.chunk.css,.css,True,raw/ilearn.thu.edu.tw/static/19707-f61245e0.chunk.css,200
raw/ilearn.thu.edu.tw/static/runtime~js/main-public-course-e9dcc59d.js,https://ilearn.thu.edu.tw/static/19707.41fb3387.js,.js,True,raw/ilearn.thu.edu.tw/static/19707.41fb3387.js,200
raw/ilearn.thu.edu.tw/static/runtime~js/main-public-course-e9dcc59d.js,https://ilearn.thu.edu.tw/static/19832-61b2e8e9.chunk.css,.css,True,raw/ilearn.thu.edu.tw/static/19832-61b2e8e9.chunk.css,200
raw/ilearn.thu.edu.tw/static/runtime~js/main-public-course-e9dcc59d.js,https://ilearn.thu.edu.tw/static/19832.b33b43a5.js,.js,True,raw/ilearn.thu.edu.tw/static/19832.b33b43a5.js,200
raw/ilearn.thu.edu.tw/static/runtime~js/main-public-course-e9dcc59d.js,https://ilearn.thu.edu.tw/static/19981.0db9110e.js,.js,True,raw/ilearn.thu.edu.tw/static/19981.0db9110e.js,200
raw/ilearn.thu.edu.tw/static/runtime~js/main-public-course-e9dcc59d.js,https://ilearn.thu.edu.tw/static/20152.3ad1066f.js,.js,True,raw/ilearn.thu.edu.tw/static/20152.3ad1066f.js,200
raw/ilearn.thu.edu.tw/static/runtime~js/main-public-course-e9dcc59d.js,https://ilearn.thu.edu.tw/static/20215.c33a19b6.js,.js,True,raw/ilearn.thu.edu.tw/static/20215.c33a19b6.js,200
raw/ilearn.thu.edu.tw/static/runtime~js/main-public-course-e9dcc59d.js,https://ilearn.thu.edu.tw/static/20307-0fd301f4.js,.js,True,raw/ilearn.thu.edu.tw/static/20307-0fd301f4.js,200
raw/ilearn.thu.edu.tw/static/runtime~js/main-public-course-e9dcc59d.js,https://ilearn.thu.edu.tw/static/20373.d3bf5aed.js,.js,True,raw/ilearn.thu.edu.tw/static/20373.d3bf5aed.js,200
raw/ilearn.thu.edu.tw/static/runtime~js/main-public-course-e9dcc59d.js,https://ilearn.thu.edu.tw/static/20394-906d9bf0.chunk.css,.css,True,raw/ilearn.thu.edu.tw/static/20394-906d9bf0.chunk.css,200
raw/ilearn.thu.edu.tw/static/runtime~js/main-public-course-e9dcc59d.js,https://ilearn.thu.edu.tw/static/20394.23ecfc5d.js,.js,True,raw/ilearn.thu.edu.tw/static/20394.23ecfc5d.js,200
raw/ilearn.thu.edu.tw/static/runtime~js/main-public-course-e9dcc59d.js,https://ilearn.thu.edu.tw/static/20591.f56df586.js,.js,True,raw/ilearn.thu.edu.tw/static/20591.f56df586.js,200
raw/ilearn.thu.edu.tw/static/runtime~js/main-public-course-e9dcc59d.js,https://ilearn.thu.edu.tw/static/20807.fed7a5e0.js,.js,True,raw/ilearn.thu.edu.tw/static/20807.fed7a5e0.js,200
raw/ilearn.thu.edu.tw/static/runtime~js/main-public-course-e9dcc59d.js,https://ilearn.thu.edu.tw/static/20808-3613432e.chunk.css,.css,True,raw/ilearn.thu.edu.tw/static/20808-3613432e.chunk.css,200
raw/ilearn.thu.edu.tw/static/runtime~js/main-public-course-e9dcc59d.js,https://ilearn.thu.edu.tw/static/20808.e2422bac.js,.js,True,raw/ilearn.thu.edu.tw/static/20808.e2422bac.js,200
raw/ilearn.thu.edu.tw/static/runtime~js/main-public-course-e9dcc59d.js,https://ilearn.thu.edu.tw/static/2105-fd07c71f.chunk.css,.css,True,raw/ilearn.thu.edu.tw/static/2105-fd07c71f.chunk.css,200
raw/ilearn.thu.edu.tw/static/runtime~js/main-public-course-e9dcc59d.js,https://ilearn.thu.edu.tw/static/2105.8004fd54.js,.js,True,raw/ilearn.thu.edu.tw/static/2105.8004fd54.js,200
raw/ilearn.thu.edu.tw/static/runtime~js/main-public-course-e9dcc59d.js,https://ilearn.thu.edu.tw/static/21137-8ac96197.chunk.css,.css,True,raw/ilearn.thu.edu.tw/static/21137-8ac96197.chunk.css,200
raw/ilearn.thu.edu.tw/static/runtime~js/main-public-course-e9dcc59d.js,https://ilearn.thu.edu.tw/static/21137.a69eb96c.js,.js,True,raw/ilearn.thu.edu.tw/static/21137.a69eb96c.js,200
raw/ilearn.thu.edu.tw/static/runtime~js/main-public-course-e9dcc59d.js,https://ilearn.thu.edu.tw/static/212-bb9a7d4c.chunk.css,.css,True,raw/ilearn.thu.edu.tw/static/212-bb9a7d4c.chunk.css,200
raw/ilearn.thu.edu.tw/static/runtime~js/main-public-course-e9dcc59d.js,https://ilearn.thu.edu.tw/static/2127.e81c5e64.js,.js,True,raw/ilearn.thu.edu.tw/static/2127.e81c5e64.js,200
raw/ilearn.thu.edu.tw/static/runtime~js/main-public-course-e9dcc59d.js,https://ilearn.thu.edu.tw/static/213-886382b1.chunk.css,.css,True,raw/ilearn.thu.edu.tw/static/213-886382b1.chunk.css,200
raw/ilearn.thu.edu.tw/static/runtime~js/main-public-course-e9dcc59d.js,https://ilearn.thu.edu.tw/static/213.fe741934.js,.js,True,raw/ilearn.thu.edu.tw/static/213.fe741934.js,200
raw/ilearn.thu.edu.tw/static/runtime~js/main-public-course-e9dcc59d.js,https://ilearn.thu.edu.tw/static/21356-edb3ff17.chunk.css,.css,True,raw/ilearn.thu.edu.tw/static/21356-edb3ff17.chunk.css,200
raw/ilearn.thu.edu.tw/static/runtime~js/main-public-course-e9dcc59d.js,https://ilearn.thu.edu.tw/static/21356.22ba888a.js,.js,True,raw/ilearn.thu.edu.tw/static/21356.22ba888a.js,200
raw/ilearn.thu.edu.tw/static/runtime~js/main-public-course-e9dcc59d.js,https://ilearn.thu.edu.tw/static/21443.6aaf6134.js,.js,True,raw/ilearn.thu.edu.tw/static/21443.6aaf6134.js,200
raw/ilearn.thu.edu.tw/static/runtime~js/main-public-course-e9dcc59d.js,https://ilearn.thu.edu.tw/static/21589-4ec40a1d.chunk.css,.css,True,raw/ilearn.thu.edu.tw/static/21589-4ec40a1d.chunk.css,200
raw/ilearn.thu.edu.tw/static/runtime~js/main-public-course-e9dcc59d.js,https://ilearn.thu.edu.tw/static/21589.4d5fd106.js,.js,True,raw/ilearn.thu.edu.tw/static/21589.4d5fd106.js,200
raw/ilearn.thu.edu.tw/static/runtime~js/main-public-course-e9dcc59d.js,https://ilearn.thu.edu.tw/static/21943.5dca6268.js,.js,True,raw/ilearn.thu.edu.tw/static/21943.5dca6268.js,200
raw/ilearn.thu.edu.tw/static/runtime~js/main-public-course-e9dcc59d.js,https://ilearn.thu.edu.tw/static/22522.777285ba.js,.js,True,raw/ilearn.thu.edu.tw/static/22522.777285ba.js,200
raw/ilearn.thu.edu.tw/static/runtime~js/main-public-course-e9dcc59d.js,https://ilearn.thu.edu.tw/static/22594-886382b1.chunk.css,.css,True,raw/ilearn.thu.edu.tw/static/22594-886382b1.chunk.css,200
raw/ilearn.thu.edu.tw/static/runtime~js/main-public-course-e9dcc59d.js,https://ilearn.thu.edu.tw/static/22594.058c8b1e.js,.js,True,raw/ilearn.thu.edu.tw/static/22594.058c8b1e.js,200
raw/ilearn.thu.edu.tw/static/runtime~js/main-public-course-e9dcc59d.js,https://ilearn.thu.edu.tw/static/2276.c8da6806.js,.js,True,raw/ilearn.thu.edu.tw/static/2276.c8da6806.js,200
raw/ilearn.thu.edu.tw/static/runtime~js/main-public-course-e9dcc59d.js,https://ilearn.thu.edu.tw/static/22787-bd07e80f.chunk.css,.css,True,raw/ilearn.thu.edu.tw/static/22787-bd07e80f.chunk.css,200
raw/ilearn.thu.edu.tw/static/runtime~js/main-public-course-e9dcc59d.js,https://ilearn.thu.edu.tw/static/22787.a70ab1cd.js,.js,True,raw/ilearn.thu.edu.tw/static/22787.a70ab1cd.js,200
raw/ilearn.thu.edu.tw/static/runtime~js/main-public-course-e9dcc59d.js,https://ilearn.thu.edu.tw/static/22931.71278fd1.js,.js,True,raw/ilearn.thu.edu.tw/static/22931.71278fd1.js,200
raw/ilearn.thu.edu.tw/static/runtime~js/main-public-course-e9dcc59d.js,https://ilearn.thu.edu.tw/static/2298.81c6c2ad.js,.js,True,raw/ilearn.thu.edu.tw/static/2298.81c6c2ad.js,200
raw/ilearn.thu.edu.tw/static/runtime~js/main-public-course-e9dcc59d.js,https://ilearn.thu.edu.tw/static/23015.8b8960ab.js,.js,True,raw/ilearn.thu.edu.tw/static/23015.8b8960ab.js,200
raw/ilearn.thu.edu.tw/static/runtime~js/main-public-course-e9dcc59d.js,https://ilearn.thu.edu.tw/static/23467.58f50ede.js,.js,True,raw/ilearn.thu.edu.tw/static/23467.58f50ede.js,200
raw/ilearn.thu.edu.tw/static/runtime~js/main-public-course-e9dcc59d.js,https://ilearn.thu.edu.tw/static/23719.0f493096.js,.js,True,raw/ilearn.thu.edu.tw/static/23719.0f493096.js,200
raw/ilearn.thu.edu.tw/static/runtime~js/main-public-course-e9dcc59d.js,https://ilearn.thu.edu.tw/static/23977-575e4297.chunk.css,.css,True,raw/ilearn.thu.edu.tw/static/23977-575e4297.chunk.css,200
raw/ilearn.thu.edu.tw/static/runtime~js/main-public-course-e9dcc59d.js,https://ilearn.thu.edu.tw/static/23977.ebaa5322.js,.js,True,raw/ilearn.thu.edu.tw/static/23977.ebaa5322.js,200
raw/ilearn.thu.edu.tw/static/runtime~js/main-public-course-e9dcc59d.js,https://ilearn.thu.edu.tw/static/24059.e4bb5098.js,.js,True,raw/ilearn.thu.edu.tw/static/24059.e4bb5098.js,200
raw/ilearn.thu.edu.tw/static/runtime~js/main-public-course-e9dcc59d.js,https://ilearn.thu.edu.tw/static/24072.ab960016.js,.js,True,raw/ilearn.thu.edu.tw/static/24072.ab960016.js,200
raw/ilearn.thu.edu.tw/static/runtime~js/main-public-course-e9dcc59d.js,https://ilearn.thu.edu.tw/static/24262.bfbc60d3.js,.js,True,raw/ilearn.thu.edu.tw/static/24262.bfbc60d3.js,200
raw/ilearn.thu.edu.tw/static/runtime~js/main-public-course-e9dcc59d.js,https://ilearn.thu.edu.tw/static/24371-f678cc20.chunk.css,.css,True,raw/ilearn.thu.edu.tw/static/24371-f678cc20.chunk.css,200
raw/ilearn.thu.edu.tw/static/runtime~js/main-public-course-e9dcc59d.js,https://ilearn.thu.edu.tw/static/24371.6373ecd8.js,.js,True,raw/ilearn.thu.edu.tw/static/24371.6373ecd8.js,200
raw/ilearn.thu.edu.tw/static/runtime~js/main-public-course-e9dcc59d.js,https://ilearn.thu.edu.tw/static/24381.0c635568.js,.js,True,raw/ilearn.thu.edu.tw/static/24381.0c635568.js,200
raw/ilearn.thu.edu.tw/static/runtime~js/main-public-course-e9dcc59d.js,https://ilearn.thu.edu.tw/static/24418.a3bc3234.js,.js,True,raw/ilearn.thu.edu.tw/static/24418.a3bc3234.js,200
raw/ilearn.thu.edu.tw/static/runtime~js/main-public-course-e9dcc59d.js,https://ilearn.thu.edu.tw/static/24549.cf667c52.js,.js,True,raw/ilearn.thu.edu.tw/static/24549.cf667c52.js,200
raw/ilearn.thu.edu.tw/static/runtime~js/main-public-course-e9dcc59d.js,https://ilearn.thu.edu.tw/static/24598.127c6b42.js,.js,True,raw/ilearn.thu.edu.tw/static/24598.127c6b42.js,200
raw/ilearn.thu.edu.tw/static/runtime~js/main-public-course-e9dcc59d.js,https://ilearn.thu.edu.tw/static/24659-093eb96f.chunk.css,.css,True,raw/ilearn.thu.edu.tw/static/24659-093eb96f.chunk.css,200
raw/ilearn.thu.edu.tw/static/runtime~js/main-public-course-e9dcc59d.js,https://ilearn.thu.edu.tw/static/24659.7b933a47.js,.js,True,raw/ilearn.thu.edu.tw/static/24659.7b933a47.js,200
raw/ilearn.thu.edu.tw/static/runtime~js/main-public-course-e9dcc59d.js,https://ilearn.thu.edu.tw/static/2469.2015e9b3.js,.js,True,raw/ilearn.thu.edu.tw/static/2469.2015e9b3.js,200
raw/ilearn.thu.edu.tw/static/runtime~js/main-public-course-e9dcc59d.js,https://ilearn.thu.edu.tw/static/24712-18317acc.js,.js,True,raw/ilearn.thu.edu.tw/static/24712-18317acc.js,200
raw/ilearn.thu.edu.tw/static/runtime~js/main-public-course-e9dcc59d.js,https://ilearn.thu.edu.tw/static/24814.1f61e344.js,.js,True,raw/ilearn.thu.edu.tw/static/24814.1f61e344.js,200
raw/ilearn.thu.edu.tw/static/runtime~js/main-public-course-e9dcc59d.js,https://ilearn.thu.edu.tw/static/25163.4f7c3b16.js,.js,True,raw/ilearn.thu.edu.tw/static/25163.4f7c3b16.js,200
raw/ilearn.thu.edu.tw/static/runtime~js/main-public-course-e9dcc59d.js,https://ilearn.thu.edu.tw/static/25169-bd964bec.chunk.css,.css,True,raw/ilearn.thu.edu.tw/static/25169-bd964bec.chunk.css,200
raw/ilearn.thu.edu.tw/static/runtime~js/main-public-course-e9dcc59d.js,https://ilearn.thu.edu.tw/static/25169.4fd83919.js,.js,True,raw/ilearn.thu.edu.tw/static/25169.4fd83919.js,200
raw/ilearn.thu.edu.tw/static/runtime~js/main-public-course-e9dcc59d.js,https://ilearn.thu.edu.tw/static/25170.2159310c.js,.js,True,raw/ilearn.thu.edu.tw/static/25170.2159310c.js,200
raw/ilearn.thu.edu.tw/static/runtime~js/main-public-course-e9dcc59d.js,https://ilearn.thu.edu.tw/static/25177.a00d3fc0.js,.js,True,raw/ilearn.thu.edu.tw/static/25177.a00d3fc0.js,200
raw/ilearn.thu.edu.tw/static/runtime~js/main-public-course-e9dcc59d.js,https://ilearn.thu.edu.tw/static/25223.d9348946.js,.js,True,raw/ilearn.thu.edu.tw/static/25223.d9348946.js,200
raw/ilearn.thu.edu.tw/static/runtime~js/main-public-course-e9dcc59d.js,https://ilearn.thu.edu.tw/static/25489.a2b39580.js,.js,True,raw/ilearn.thu.edu.tw/static/25489.a2b39580.js,200
raw/ilearn.thu.edu.tw/static/runtime~js/main-public-course-e9dcc59d.js,https://ilearn.thu.edu.tw/static/25629.d20b1ba9.js,.js,True,raw/ilearn.thu.edu.tw/static/25629.d20b1ba9.js,200
raw/ilearn.thu.edu.tw/static/runtime~js/main-public-course-e9dcc59d.js,https://ilearn.thu.edu.tw/static/25690.6f62ca93.js,.js,True,raw/ilearn.thu.edu.tw/static/25690.6f62ca93.js,200
raw/ilearn.thu.edu.tw/static/runtime~js/main-public-course-e9dcc59d.js,https://ilearn.thu.edu.tw/static/25695.1e9f7e35.js,.js,True,raw/ilearn.thu.edu.tw/static/25695.1e9f7e35.js,200
raw/ilearn.thu.edu.tw/static/runtime~js/main-public-course-e9dcc59d.js,https://ilearn.thu.edu.tw/static/25753.6c691880.js,.js,True,raw/ilearn.thu.edu.tw/static/25753.6c691880.js,200
raw/ilearn.thu.edu.tw/static/runtime~js/main-public-course-e9dcc59d.js,https://ilearn.thu.edu.tw/static/25802.f65d672c.js,.js,True,raw/ilearn.thu.edu.tw/static/25802.f65d672c.js,200
raw/ilearn.thu.edu.tw/static/runtime~js/main-public-course-e9dcc59d.js,https://ilearn.thu.edu.tw/static/25919.fd7b60aa.js,.js,True,raw/ilearn.thu.edu.tw/static/25919.fd7b60aa.js,200
raw/ilearn.thu.edu.tw/static/runtime~js/main-public-course-e9dcc59d.js,https://ilearn.thu.edu.tw/static/26039.b4a636ae.js,.js,True,raw/ilearn.thu.edu.tw/static/26039.b4a636ae.js,200
raw/ilearn.thu.edu.tw/static/runtime~js/main-public-course-e9dcc59d.js,https://ilearn.thu.edu.tw/static/26155-18604e98.chunk.css,.css,True,raw/ilearn.thu.edu.tw/static/26155-18604e98.chunk.css,200
raw/ilearn.thu.edu.tw/static/runtime~js/main-public-course-e9dcc59d.js,https://ilearn.thu.edu.tw/static/26155.fb0dcb45.js,.js,True,raw/ilearn.thu.edu.tw/static/26155.fb0dcb45.js,200
raw/ilearn.thu.edu.tw/static/runtime~js/main-public-course-e9dcc59d.js,https://ilearn.thu.edu.tw/static/26158.3edb1bbc.js,.js,True,raw/ilearn.thu.edu.tw/static/26158.3edb1bbc.js,200
raw/ilearn.thu.edu.tw/static/runtime~js/main-public-course-e9dcc59d.js,https://ilearn.thu.edu.tw/static/26296-0d2e8412.js,.js,True,raw/ilearn.thu.edu.tw/static/26296-0d2e8412.js,200
raw/ilearn.thu.edu.tw/static/runtime~js/main-public-course-e9dcc59d.js,https://ilearn.thu.edu.tw/static/26308-8adceacd.chunk.css,.css,True,raw/ilearn.thu.edu.tw/static/26308-8adceacd.chunk.css,200
raw/ilearn.thu.edu.tw/static/runtime~js/main-public-course-e9dcc59d.js,https://ilearn.thu.edu.tw/static/26308.440652eb.js,.js,True,raw/ilearn.thu.edu.tw/static/26308.440652eb.js,200
raw/ilearn.thu.edu.tw/static/runtime~js/main-public-course-e9dcc59d.js,https://ilearn.thu.edu.tw/static/26359-4b776c7f.js,.js,True,raw/ilearn.thu.edu.tw/static/26359-4b776c7f.js,200
raw/ilearn.thu.edu.tw/static/runtime~js/main-public-course-e9dcc59d.js,https://ilearn.thu.edu.tw/static/26541-04ca0d0c.chunk.css,.css,True,raw/ilearn.thu.edu.tw/static/26541-04ca0d0c.chunk.css,200
raw/ilearn.thu.edu.tw/static/runtime~js/main-public-course-e9dcc59d.js,https://ilearn.thu.edu.tw/static/26541.02bf130a.js,.js,True,raw/ilearn.thu.edu.tw/static/26541.02bf130a.js,200
raw/ilearn.thu.edu.tw/static/runtime~js/main-public-course-e9dcc59d.js,https://ilearn.thu.edu.tw/static/26645.3ac5e040.js,.js,True,raw/ilearn.thu.edu.tw/static/26645.3ac5e040.js,200
raw/ilearn.thu.edu.tw/static/runtime~js/main-public-course-e9dcc59d.js,https://ilearn.thu.edu.tw/static/26648.5d159b57.js,.js,True,raw/ilearn.thu.edu.tw/static/26648.5d159b57.js,200
raw/ilearn.thu.edu.tw/static/runtime~js/main-public-course-e9dcc59d.js,https://ilearn.thu.edu.tw/static/26703.244911cf.js,.js,True,raw/ilearn.thu.edu.tw/static/26703.244911cf.js,200
raw/ilearn.thu.edu.tw/static/runtime~js/main-public-course-e9dcc59d.js,https://ilearn.thu.edu.tw/static/27093.22d65938.js,.js,True,raw/ilearn.thu.edu.tw/static/27093.22d65938.js,200
raw/ilearn.thu.edu.tw/static/runtime~js/main-public-course-e9dcc59d.js,https://ilearn.thu.edu.tw/static/27124.080abd31.js,.js,True,raw/ilearn.thu.edu.tw/static/27124.080abd31.js,200
raw/ilearn.thu.edu.tw/static/runtime~js/main-public-course-e9dcc59d.js,https://ilearn.thu.edu.tw/static/27148.dc9a1b6d.js,.js,True,raw/ilearn.thu.edu.tw/static/27148.dc9a1b6d.js,200
raw/ilearn.thu.edu.tw/static/runtime~js/main-public-course-e9dcc59d.js,https://ilearn.thu.edu.tw/static/27359.c8e5eebe.js,.js,True,raw/ilearn.thu.edu.tw/static/27359.c8e5eebe.js,200
raw/ilearn.thu.edu.tw/static/runtime~js/main-public-course-e9dcc59d.js,https://ilearn.thu.edu.tw/static/27589.ae3b1ca0.js,.js,True,raw/ilearn.thu.edu.tw/static/27589.ae3b1ca0.js,200
raw/ilearn.thu.edu.tw/static/runtime~js/main-public-course-e9dcc59d.js,https://ilearn.thu.edu.tw/static/27609-988062d9.chunk.css,.css,True,raw/ilearn.thu.edu.tw/static/27609-988062d9.chunk.css,200
raw/ilearn.thu.edu.tw/static/runtime~js/main-public-course-e9dcc59d.js,https://ilearn.thu.edu.tw/static/27609.04e6959b.js,.js,True,raw/ilearn.thu.edu.tw/static/27609.04e6959b.js,200
raw/ilearn.thu.edu.tw/static/runtime~js/main-public-course-e9dcc59d.js,https://ilearn.thu.edu.tw/static/2764-f25f2bd3.js,.js,True,raw/ilearn.thu.edu.tw/static/2764-f25f2bd3.js,200
raw/ilearn.thu.edu.tw/static/runtime~js/main-public-course-e9dcc59d.js,https://ilearn.thu.edu.tw/static/27718.f3eb488f.js,.js,True,raw/ilearn.thu.edu.tw/static/27718.f3eb488f.js,200
raw/ilearn.thu.edu.tw/static/runtime~js/main-public-course-e9dcc59d.js,https://ilearn.thu.edu.tw/static/27724.2ef3f54f.js,.js,True,raw/ilearn.thu.edu.tw/static/27724.2ef3f54f.js,200
raw/ilearn.thu.edu.tw/static/runtime~js/main-public-course-e9dcc59d.js,https://ilearn.thu.edu.tw/static/27783-f0ef0edb.js,.js,True,raw/ilearn.thu.edu.tw/static/27783-f0ef0edb.js,200
raw/ilearn.thu.edu.tw/static/runtime~js/main-public-course-e9dcc59d.js,https://ilearn.thu.edu.tw/static/27968-85c3bf0b.chunk.css,.css,True,raw/ilearn.thu.edu.tw/static/27968-85c3bf0b.chunk.css,200
raw/ilearn.thu.edu.tw/static/runtime~js/main-public-course-e9dcc59d.js,https://ilearn.thu.edu.tw/static/28053.55204cf2.js,.js,True,raw/ilearn.thu.edu.tw/static/28053.55204cf2.js,200
raw/ilearn.thu.edu.tw/static/runtime~js/main-public-course-e9dcc59d.js,https://ilearn.thu.edu.tw/static/28230.a1d0d664.js,.js,True,raw/ilearn.thu.edu.tw/static/28230.a1d0d664.js,200
raw/ilearn.thu.edu.tw/static/runtime~js/main-public-course-e9dcc59d.js,https://ilearn.thu.edu.tw/static/28245-9485b80f.chunk.css,.css,True,raw/ilearn.thu.edu.tw/static/28245-9485b80f.chunk.css,200
raw/ilearn.thu.edu.tw/static/runtime~js/main-public-course-e9dcc59d.js,https://ilearn.thu.edu.tw/static/28245.9d3509d0.js,.js,True,raw/ilearn.thu.edu.tw/static/28245.9d3509d0.js,200
raw/ilearn.thu.edu.tw/static/runtime~js/main-public-course-e9dcc59d.js,https://ilearn.thu.edu.tw/static/2828-7ec9b0e7.chunk.css,.css,True,raw/ilearn.thu.edu.tw/static/2828-7ec9b0e7.chunk.css,200
raw/ilearn.thu.edu.tw/static/runtime~js/main-public-course-e9dcc59d.js,https://ilearn.thu.edu.tw/static/2828.ed6f8396.js,.js,True,raw/ilearn.thu.edu.tw/static/2828.ed6f8396.js,200
raw/ilearn.thu.edu.tw/static/runtime~js/main-public-course-e9dcc59d.js,https://ilearn.thu.edu.tw/static/28413.2c9b36eb.js,.js,True,raw/ilearn.thu.edu.tw/static/28413.2c9b36eb.js,200
raw/ilearn.thu.edu.tw/static/runtime~js/main-public-course-e9dcc59d.js,https://ilearn.thu.edu.tw/static/28492.65731154.js,.js,True,raw/ilearn.thu.edu.tw/static/28492.65731154.js,200
raw/ilearn.thu.edu.tw/static/runtime~js/main-public-course-e9dcc59d.js,https://ilearn.thu.edu.tw/static/28509.a0b2d0f0.js,.js,True,raw/ilearn.thu.edu.tw/static/28509.a0b2d0f0.js,200
raw/ilearn.thu.edu.tw/static/runtime~js/main-public-course-e9dcc59d.js,https://ilearn.thu.edu.tw/static/28605.fa92e51e.js,.js,True,raw/ilearn.thu.edu.tw/static/28605.fa92e51e.js,200
raw/ilearn.thu.edu.tw/static/runtime~js/main-public-course-e9dcc59d.js,https://ilearn.thu.edu.tw/static/28606.6d24bf59.js,.js,True,raw/ilearn.thu.edu.tw/static/28606.6d24bf59.js,200
raw/ilearn.thu.edu.tw/static/runtime~js/main-public-course-e9dcc59d.js,https://ilearn.thu.edu.tw/static/28794.ce183abf.js,.js,True,raw/ilearn.thu.edu.tw/static/28794.ce183abf.js,200
raw/ilearn.thu.edu.tw/static/runtime~js/main-public-course-e9dcc59d.js,https://ilearn.thu.edu.tw/static/2896.c02ef48c.js,.js,True,raw/ilearn.thu.edu.tw/static/2896.c02ef48c.js,200
raw/ilearn.thu.edu.tw/static/runtime~js/main-public-course-e9dcc59d.js,https://ilearn.thu.edu.tw/static/29155.ad8982cf.js,.js,True,raw/ilearn.thu.edu.tw/static/29155.ad8982cf.js,200
raw/ilearn.thu.edu.tw/static/runtime~js/main-public-course-e9dcc59d.js,https://ilearn.thu.edu.tw/static/29180-6ab28c7d.chunk.css,.css,True,raw/ilearn.thu.edu.tw/static/29180-6ab28c7d.chunk.css,200
raw/ilearn.thu.edu.tw/static/runtime~js/main-public-course-e9dcc59d.js,https://ilearn.thu.edu.tw/static/29180.f763abc6.js,.js,True,raw/ilearn.thu.edu.tw/static/29180.f763abc6.js,200
raw/ilearn.thu.edu.tw/static/runtime~js/main-public-course-e9dcc59d.js,https://ilearn.thu.edu.tw/static/30027.7e8aebed.js,.js,True,raw/ilearn.thu.edu.tw/static/30027.7e8aebed.js,200
raw/ilearn.thu.edu.tw/static/runtime~js/main-public-course-e9dcc59d.js,https://ilearn.thu.edu.tw/static/30424.727a85a7.js,.js,True,raw/ilearn.thu.edu.tw/static/30424.727a85a7.js,200
raw/ilearn.thu.edu.tw/static/runtime~js/main-public-course-e9dcc59d.js,https://ilearn.thu.edu.tw/static/30646.324b9f88.js,.js,True,raw/ilearn.thu.edu.tw/static/30646.324b9f88.js,200
raw/ilearn.thu.edu.tw/static/runtime~js/main-public-course-e9dcc59d.js,https://ilearn.thu.edu.tw/static/30699-fba5d5f5.chunk.css,.css,True,raw/ilearn.thu.edu.tw/static/30699-fba5d5f5.chunk.css,200
raw/ilearn.thu.edu.tw/static/runtime~js/main-public-course-e9dcc59d.js,https://ilearn.thu.edu.tw/static/30699.190d3e8e.js,.js,True,raw/ilearn.thu.edu.tw/static/30699.190d3e8e.js,200
raw/ilearn.thu.edu.tw/static/runtime~js/main-public-course-e9dcc59d.js,https://ilearn.thu.edu.tw/static/30801-25982468.js,.js,True,raw/ilearn.thu.edu.tw/static/30801-25982468.js,200
raw/ilearn.thu.edu.tw/static/runtime~js/main-public-course-e9dcc59d.js,https://ilearn.thu.edu.tw/static/30802.e40e015e.js,.js,True,raw/ilearn.thu.edu.tw/static/30802.e40e015e.js,200
raw/ilearn.thu.edu.tw/static/runtime~js/main-public-course-e9dcc59d.js,https://ilearn.thu.edu.tw/static/30851.b313f6ae.js,.js,True,raw/ilearn.thu.edu.tw/static/30851.b313f6ae.js,200
raw/ilearn.thu.edu.tw/static/runtime~js/main-public-course-e9dcc59d.js,https://ilearn.thu.edu.tw/static/31066.55bf1d09.js,.js,True,raw/ilearn.thu.edu.tw/static/31066.55bf1d09.js,200
raw/ilearn.thu.edu.tw/static/runtime~js/main-public-course-e9dcc59d.js,https://ilearn.thu.edu.tw/static/31076.a8c88684.js,.js,True,raw/ilearn.thu.edu.tw/static/31076.a8c88684.js,200
raw/ilearn.thu.edu.tw/static/runtime~js/main-public-course-e9dcc59d.js,https://ilearn.thu.edu.tw/static/31110-80c68c74.chunk.css,.css,True,raw/ilearn.thu.edu.tw/static/31110-80c68c74.chunk.css,200
raw/ilearn.thu.edu.tw/static/runtime~js/main-public-course-e9dcc59d.js,https://ilearn.thu.edu.tw/static/31110.2a0173f2.js,.js,True,raw/ilearn.thu.edu.tw/static/31110.2a0173f2.js,200
raw/ilearn.thu.edu.tw/static/runtime~js/main-public-course-e9dcc59d.js,https://ilearn.thu.edu.tw/static/31275.12236065.js,.js,True,raw/ilearn.thu.edu.tw/static/31275.12236065.js,200
raw/ilearn.thu.edu.tw/static/runtime~js/main-public-course-e9dcc59d.js,https://ilearn.thu.edu.tw/static/31345.ad1e1769.js,.js,True,raw/ilearn.thu.edu.tw/static/31345.ad1e1769.js,200
raw/ilearn.thu.edu.tw/static/runtime~js/main-public-course-e9dcc59d.js,https://ilearn.thu.edu.tw/static/31348.dc0becf0.js,.js,True,raw/ilearn.thu.edu.tw/static/31348.dc0becf0.js,200
raw/ilearn.thu.edu.tw/static/runtime~js/main-public-course-e9dcc59d.js,https://ilearn.thu.edu.tw/static/31510-0292ff20.chunk.css,.css,True,raw/ilearn.thu.edu.tw/static/31510-0292ff20.chunk.css,200
raw/ilearn.thu.edu.tw/static/runtime~js/main-public-course-e9dcc59d.js,https://ilearn.thu.edu.tw/static/31510.c03f0ff5.js,.js,True,raw/ilearn.thu.edu.tw/static/31510.c03f0ff5.js,200
raw/ilearn.thu.edu.tw/static/runtime~js/main-public-course-e9dcc59d.js,https://ilearn.thu.edu.tw/static/31552-ff4013ad.chunk.css,.css,True,raw/ilearn.thu.edu.tw/static/31552-ff4013ad.chunk.css,200
raw/ilearn.thu.edu.tw/static/runtime~js/main-public-course-e9dcc59d.js,https://ilearn.thu.edu.tw/static/31552.691da904.js,.js,True,raw/ilearn.thu.edu.tw/static/31552.691da904.js,200
raw/ilearn.thu.edu.tw/static/runtime~js/main-public-course-e9dcc59d.js,https://ilearn.thu.edu.tw/static/31651-b6c6ca18.chunk.css,.css,True,raw/ilearn.thu.edu.tw/static/31651-b6c6ca18.chunk.css,200
raw/ilearn.thu.edu.tw/static/runtime~js/main-public-course-e9dcc59d.js,https://ilearn.thu.edu.tw/static/31651.9857c692.js,.js,True,raw/ilearn.thu.edu.tw/static/31651.9857c692.js,200
raw/ilearn.thu.edu.tw/static/runtime~js/main-public-course-e9dcc59d.js,https://ilearn.thu.edu.tw/static/31734-d6da493d.chunk.css,.css,True,raw/ilearn.thu.edu.tw/static/31734-d6da493d.chunk.css,200
raw/ilearn.thu.edu.tw/static/runtime~js/main-public-course-e9dcc59d.js,https://ilearn.thu.edu.tw/static/31734.e28d9ef8.js,.js,True,raw/ilearn.thu.edu.tw/static/31734.e28d9ef8.js,200
raw/ilearn.thu.edu.tw/static/runtime~js/main-public-course-e9dcc59d.js,https://ilearn.thu.edu.tw/static/31786-bdcd1a7c.chunk.css,.css,True,raw/ilearn.thu.edu.tw/static/31786-bdcd1a7c.chunk.css,200
raw/ilearn.thu.edu.tw/static/runtime~js/main-public-course-e9dcc59d.js,https://ilearn.thu.edu.tw/static/31786.62752df3.js,.js,True,raw/ilearn.thu.edu.tw/static/31786.62752df3.js,200
raw/ilearn.thu.edu.tw/static/runtime~js/main-public-course-e9dcc59d.js,https://ilearn.thu.edu.tw/static/31937.5b34c824.js,.js,True,raw/ilearn.thu.edu.tw/static/31937.5b34c824.js,200
raw/ilearn.thu.edu.tw/static/runtime~js/main-public-course-e9dcc59d.js,https://ilearn.thu.edu.tw/static/31975.e0a4fe1f.js,.js,True,raw/ilearn.thu.edu.tw/static/31975.e0a4fe1f.js,200
raw/ilearn.thu.edu.tw/static/runtime~js/main-public-course-e9dcc59d.js,https://ilearn.thu.edu.tw/static/32063-f56d3b7f.chunk.css,.css,True,raw/ilearn.thu.edu.tw/static/32063-f56d3b7f.chunk.css,200
raw/ilearn.thu.edu.tw/static/runtime~js/main-public-course-e9dcc59d.js,https://ilearn.thu.edu.tw/static/32063.7b204944.js,.js,True,raw/ilearn.thu.edu.tw/static/32063.7b204944.js,200
raw/ilearn.thu.edu.tw/static/runtime~js/main-public-course-e9dcc59d.js,https://ilearn.thu.edu.tw/static/32177.f2bc5d50.js,.js,True,raw/ilearn.thu.edu.tw/static/32177.f2bc5d50.js,200
raw/ilearn.thu.edu.tw/static/runtime~js/main-public-course-e9dcc59d.js,https://ilearn.thu.edu.tw/static/32352-2d5449e8.chunk.css,.css,True,raw/ilearn.thu.edu.tw/static/32352-2d5449e8.chunk.css,200
raw/ilearn.thu.edu.tw/static/runtime~js/main-public-course-e9dcc59d.js,https://ilearn.thu.edu.tw/static/32419.cdd214b3.js,.js,True,raw/ilearn.thu.edu.tw/static/32419.cdd214b3.js,200
raw/ilearn.thu.edu.tw/static/runtime~js/main-public-course-e9dcc59d.js,https://ilearn.thu.edu.tw/static/32436-fe7bb203.chunk.css,.css,True,raw/ilearn.thu.edu.tw/static/32436-fe7bb203.chunk.css,200
raw/ilearn.thu.edu.tw/static/runtime~js/main-public-course-e9dcc59d.js,https://ilearn.thu.edu.tw/static/32436.9894d604.js,.js,True,raw/ilearn.thu.edu.tw/static/32436.9894d604.js,200
raw/ilearn.thu.edu.tw/static/runtime~js/main-public-course-e9dcc59d.js,https://ilearn.thu.edu.tw/static/32622.ac8af71b.js,.js,True,raw/ilearn.thu.edu.tw/static/32622.ac8af71b.js,200
raw/ilearn.thu.edu.tw/static/runtime~js/main-public-course-e9dcc59d.js,https://ilearn.thu.edu.tw/static/32655.2fc40410.js,.js,True,raw/ilearn.thu.edu.tw/static/32655.2fc40410.js,200
raw/ilearn.thu.edu.tw/static/runtime~js/main-public-course-e9dcc59d.js,https://ilearn.thu.edu.tw/static/32757.c48389b1.js,.js,True,raw/ilearn.thu.edu.tw/static/32757.c48389b1.js,200
raw/ilearn.thu.edu.tw/static/runtime~js/main-public-course-e9dcc59d.js,https://ilearn.thu.edu.tw/static/32767.abfcc0ce.js,.js,True,raw/ilearn.thu.edu.tw/static/32767.abfcc0ce.js,200
raw/ilearn.thu.edu.tw/static/runtime~js/main-public-course-e9dcc59d.js,https://ilearn.thu.edu.tw/static/328.7ecb97ad.js,.js,True,raw/ilearn.thu.edu.tw/static/328.7ecb97ad.js,200
raw/ilearn.thu.edu.tw/static/runtime~js/main-public-course-e9dcc59d.js,https://ilearn.thu.edu.tw/static/32862.4dbbb627.js,.js,True,raw/ilearn.thu.edu.tw/static/32862.4dbbb627.js,200
raw/ilearn.thu.edu.tw/static/runtime~js/main-public-course-e9dcc59d.js,https://ilearn.thu.edu.tw/static/3324.1e4898ec.js,.js,True,raw/ilearn.thu.edu.tw/static/3324.1e4898ec.js,200
raw/ilearn.thu.edu.tw/static/runtime~js/main-public-course-e9dcc59d.js,https://ilearn.thu.edu.tw/static/3347-d08db718.js,.js,True,raw/ilearn.thu.edu.tw/static/3347-d08db718.js,200
raw/ilearn.thu.edu.tw/static/runtime~js/main-public-course-e9dcc59d.js,https://ilearn.thu.edu.tw/static/33537-f0cc3b75.chunk.css,.css,True,raw/ilearn.thu.edu.tw/static/33537-f0cc3b75.chunk.css,200
raw/ilearn.thu.edu.tw/static/runtime~js/main-public-course-e9dcc59d.js,https://ilearn.thu.edu.tw/static/33537.592a6b63.js,.js,True,raw/ilearn.thu.edu.tw/static/33537.592a6b63.js,200
raw/ilearn.thu.edu.tw/static/runtime~js/main-public-course-e9dcc59d.js,https://ilearn.thu.edu.tw/static/33589-7dd9bc8f.chunk.css,.css,True,raw/ilearn.thu.edu.tw/static/33589-7dd9bc8f.chunk.css,200
raw/ilearn.thu.edu.tw/static/runtime~js/main-public-course-e9dcc59d.js,https://ilearn.thu.edu.tw/static/33589.3ce833c7.js,.js,True,raw/ilearn.thu.edu.tw/static/33589.3ce833c7.js,200
raw/ilearn.thu.edu.tw/static/runtime~js/main-public-course-e9dcc59d.js,https://ilearn.thu.edu.tw/static/33655.ef38fe8c.js,.js,True,raw/ilearn.thu.edu.tw/static/33655.ef38fe8c.js,200
raw/ilearn.thu.edu.tw/static/runtime~js/main-public-course-e9dcc59d.js,https://ilearn.thu.edu.tw/static/339.eaa62448.js,.js,True,raw/ilearn.thu.edu.tw/static/339.eaa62448.js,200
raw/ilearn.thu.edu.tw/static/runtime~js/main-public-course-e9dcc59d.js,https://ilearn.thu.edu.tw/static/33961.a7791db6.js,.js,True,raw/ilearn.thu.edu.tw/static/33961.a7791db6.js,200
raw/ilearn.thu.edu.tw/static/runtime~js/main-public-course-e9dcc59d.js,https://ilearn.thu.edu.tw/static/34019-6a795072.chunk.css,.css,True,raw/ilearn.thu.edu.tw/static/34019-6a795072.chunk.css,200
raw/ilearn.thu.edu.tw/static/runtime~js/main-public-course-e9dcc59d.js,https://ilearn.thu.edu.tw/static/34019.031e8874.js,.js,True,raw/ilearn.thu.edu.tw/static/34019.031e8874.js,200
raw/ilearn.thu.edu.tw/static/runtime~js/main-public-course-e9dcc59d.js,https://ilearn.thu.edu.tw/static/34059.dd17524e.js,.js,True,raw/ilearn.thu.edu.tw/static/34059.dd17524e.js,200
raw/ilearn.thu.edu.tw/static/runtime~js/main-public-course-e9dcc59d.js,https://ilearn.thu.edu.tw/static/34150-ad8f26f9.chunk.css,.css,True,raw/ilearn.thu.edu.tw/static/34150-ad8f26f9.chunk.css,200
raw/ilearn.thu.edu.tw/static/runtime~js/main-public-course-e9dcc59d.js,https://ilearn.thu.edu.tw/static/34150.cc77b606.js,.js,True,raw/ilearn.thu.edu.tw/static/34150.cc77b606.js,200
raw/ilearn.thu.edu.tw/static/runtime~js/main-public-course-e9dcc59d.js,https://ilearn.thu.edu.tw/static/3421.f65d672c.js,.js,True,raw/ilearn.thu.edu.tw/static/3421.f65d672c.js,200
raw/ilearn.thu.edu.tw/static/runtime~js/main-public-course-e9dcc59d.js,https://ilearn.thu.edu.tw/static/34423.a5cefcd5.js,.js,True,raw/ilearn.thu.edu.tw/static/34423.a5cefcd5.js,200
raw/ilearn.thu.edu.tw/static/runtime~js/main-public-course-e9dcc59d.js,https://ilearn.thu.edu.tw/static/34671-036915c1.chunk.css,.css,True,raw/ilearn.thu.edu.tw/static/34671-036915c1.chunk.css,200
raw/ilearn.thu.edu.tw/static/runtime~js/main-public-course-e9dcc59d.js,https://ilearn.thu.edu.tw/static/34671.c9d36f7b.js,.js,True,raw/ilearn.thu.edu.tw/static/34671.c9d36f7b.js,200
raw/ilearn.thu.edu.tw/static/runtime~js/main-public-course-e9dcc59d.js,https://ilearn.thu.edu.tw/static/34673.1196ba35.js,.js,True,raw/ilearn.thu.edu.tw/static/34673.1196ba35.js,200
raw/ilearn.thu.edu.tw/static/runtime~js/main-public-course-e9dcc59d.js,https://ilearn.thu.edu.tw/static/34691.515731f8.js,.js,True,raw/ilearn.thu.edu.tw/static/34691.515731f8.js,200
raw/ilearn.thu.edu.tw/static/runtime~js/main-public-course-e9dcc59d.js,https://ilearn.thu.edu.tw/static/34897-5c482ad1.chunk.css,.css,True,raw/ilearn.thu.edu.tw/static/34897-5c482ad1.chunk.css,200
raw/ilearn.thu.edu.tw/static/runtime~js/main-public-course-e9dcc59d.js,https://ilearn.thu.edu.tw/static/34908-683cb506.js,.js,True,raw/ilearn.thu.edu.tw/static/34908-683cb506.js,200
raw/ilearn.thu.edu.tw/static/runtime~js/main-public-course-e9dcc59d.js,https://ilearn.thu.edu.tw/static/34918-e9199d6f.chunk.css,.css,True,raw/ilearn.thu.edu.tw/static/34918-e9199d6f.chunk.css,200
raw/ilearn.thu.edu.tw/static/runtime~js/main-public-course-e9dcc59d.js,https://ilearn.thu.edu.tw/static/34918.2e4498f0.js,.js,True,raw/ilearn.thu.edu.tw/static/34918.2e4498f0.js,200
raw/ilearn.thu.edu.tw/static/runtime~js/main-public-course-e9dcc59d.js,https://ilearn.thu.edu.tw/static/34964-234863b4.chunk.css,.css,True,raw/ilearn.thu.edu.tw/static/34964-234863b4.chunk.css,200
raw/ilearn.thu.edu.tw/static/runtime~js/main-public-course-e9dcc59d.js,https://ilearn.thu.edu.tw/static/34964.401287a2.js,.js,True,raw/ilearn.thu.edu.tw/static/34964.401287a2.js,200
raw/ilearn.thu.edu.tw/static/runtime~js/main-public-course-e9dcc59d.js,https://ilearn.thu.edu.tw/static/35045-d53c237b.chunk.css,.css,True,raw/ilearn.thu.edu.tw/static/35045-d53c237b.chunk.css,200
raw/ilearn.thu.edu.tw/static/runtime~js/main-public-course-e9dcc59d.js,https://ilearn.thu.edu.tw/static/35045.42d7f4d9.js,.js,True,raw/ilearn.thu.edu.tw/static/35045.42d7f4d9.js,200
raw/ilearn.thu.edu.tw/static/runtime~js/main-public-course-e9dcc59d.js,https://ilearn.thu.edu.tw/static/35169-f421f9c3.chunk.css,.css,True,raw/ilearn.thu.edu.tw/static/35169-f421f9c3.chunk.css,200
raw/ilearn.thu.edu.tw/static/runtime~js/main-public-course-e9dcc59d.js,https://ilearn.thu.edu.tw/static/35169.c1d1c9fe.js,.js,True,raw/ilearn.thu.edu.tw/static/35169.c1d1c9fe.js,200
raw/ilearn.thu.edu.tw/static/runtime~js/main-public-course-e9dcc59d.js,https://ilearn.thu.edu.tw/static/35205.a1ccb6f5.js,.js,True,raw/ilearn.thu.edu.tw/static/35205.a1ccb6f5.js,200
raw/ilearn.thu.edu.tw/static/runtime~js/main-public-course-e9dcc59d.js,https://ilearn.thu.edu.tw/static/35455.ff8a7c72.js,.js,True,raw/ilearn.thu.edu.tw/static/35455.ff8a7c72.js,200
raw/ilearn.thu.edu.tw/static/runtime~js/main-public-course-e9dcc59d.js,https://ilearn.thu.edu.tw/static/35552-9cb6cec8.chunk.css,.css,True,raw/ilearn.thu.edu.tw/static/35552-9cb6cec8.chunk.css,200
raw/ilearn.thu.edu.tw/static/runtime~js/main-public-course-e9dcc59d.js,https://ilearn.thu.edu.tw/static/35552.0ab94f1d.js,.js,True,raw/ilearn.thu.edu.tw/static/35552.0ab94f1d.js,200
raw/ilearn.thu.edu.tw/static/runtime~js/main-public-course-e9dcc59d.js,https://ilearn.thu.edu.tw/static/35636.d4d67afe.js,.js,True,raw/ilearn.thu.edu.tw/static/35636.d4d67afe.js,200
raw/ilearn.thu.edu.tw/static/runtime~js/main-public-course-e9dcc59d.js,https://ilearn.thu.edu.tw/static/35655.2969eda4.js,.js,True,raw/ilearn.thu.edu.tw/static/35655.2969eda4.js,200
raw/ilearn.thu.edu.tw/static/runtime~js/main-public-course-e9dcc59d.js,https://ilearn.thu.edu.tw/static/35675.f5eca35c.js,.js,True,raw/ilearn.thu.edu.tw/static/35675.f5eca35c.js,200
raw/ilearn.thu.edu.tw/static/runtime~js/main-public-course-e9dcc59d.js,https://ilearn.thu.edu.tw/static/35684.22e582e5.js,.js,True,raw/ilearn.thu.edu.tw/static/35684.22e582e5.js,200
raw/ilearn.thu.edu.tw/static/runtime~js/main-public-course-e9dcc59d.js,https://ilearn.thu.edu.tw/static/35918-9f18f5e8.chunk.css,.css,True,raw/ilearn.thu.edu.tw/static/35918-9f18f5e8.chunk.css,200
raw/ilearn.thu.edu.tw/static/runtime~js/main-public-course-e9dcc59d.js,https://ilearn.thu.edu.tw/static/35918.b5c140f6.js,.js,True,raw/ilearn.thu.edu.tw/static/35918.b5c140f6.js,200
raw/ilearn.thu.edu.tw/static/runtime~js/main-public-course-e9dcc59d.js,https://ilearn.thu.edu.tw/static/35995-c29fcc41.js,.js,True,raw/ilearn.thu.edu.tw/static/35995-c29fcc41.js,200
raw/ilearn.thu.edu.tw/static/runtime~js/main-public-course-e9dcc59d.js,https://ilearn.thu.edu.tw/static/36105.3af57479.js,.js,True,raw/ilearn.thu.edu.tw/static/36105.3af57479.js,200
raw/ilearn.thu.edu.tw/static/runtime~js/main-public-course-e9dcc59d.js,https://ilearn.thu.edu.tw/static/36162.22238ca1.js,.js,True,raw/ilearn.thu.edu.tw/static/36162.22238ca1.js,200
raw/ilearn.thu.edu.tw/static/runtime~js/main-public-course-e9dcc59d.js,https://ilearn.thu.edu.tw/static/36692-c12d2bf6.chunk.css,.css,True,raw/ilearn.thu.edu.tw/static/36692-c12d2bf6.chunk.css,200
raw/ilearn.thu.edu.tw/static/runtime~js/main-public-course-e9dcc59d.js,https://ilearn.thu.edu.tw/static/36692.c9e90cd7.js,.js,True,raw/ilearn.thu.edu.tw/static/36692.c9e90cd7.js,200
raw/ilearn.thu.edu.tw/static/runtime~js/main-public-course-e9dcc59d.js,https://ilearn.thu.edu.tw/static/36813.2216cbed.js,.js,True,raw/ilearn.thu.edu.tw/static/36813.2216cbed.js,200
raw/ilearn.thu.edu.tw/static/runtime~js/main-public-course-e9dcc59d.js,https://ilearn.thu.edu.tw/static/36824.bcd6489f.js,.js,True,raw/ilearn.thu.edu.tw/static/36824.bcd6489f.js,200
raw/ilearn.thu.edu.tw/static/runtime~js/main-public-course-e9dcc59d.js,https://ilearn.thu.edu.tw/static/36852.9efb6056.js,.js,True,raw/ilearn.thu.edu.tw/static/36852.9efb6056.js,200
raw/ilearn.thu.edu.tw/static/runtime~js/main-public-course-e9dcc59d.js,https://ilearn.thu.edu.tw/static/36972-886382b1.chunk.css,.css,True,raw/ilearn.thu.edu.tw/static/36972-886382b1.chunk.css,200
raw/ilearn.thu.edu.tw/static/runtime~js/main-public-course-e9dcc59d.js,https://ilearn.thu.edu.tw/static/36972.cf8417d8.js,.js,True,raw/ilearn.thu.edu.tw/static/36972.cf8417d8.js,200
raw/ilearn.thu.edu.tw/static/runtime~js/main-public-course-e9dcc59d.js,https://ilearn.thu.edu.tw/static/37135.fcaaadd2.js,.js,True,raw/ilearn.thu.edu.tw/static/37135.fcaaadd2.js,200
raw/ilearn.thu.edu.tw/static/runtime~js/main-public-course-e9dcc59d.js,https://ilearn.thu.edu.tw/static/37192-9a63a566.chunk.css,.css,True,raw/ilearn.thu.edu.tw/static/37192-9a63a566.chunk.css,200
raw/ilearn.thu.edu.tw/static/runtime~js/main-public-course-e9dcc59d.js,https://ilearn.thu.edu.tw/static/37192.d0839c93.js,.js,True,raw/ilearn.thu.edu.tw/static/37192.d0839c93.js,200
raw/ilearn.thu.edu.tw/static/runtime~js/main-public-course-e9dcc59d.js,https://ilearn.thu.edu.tw/static/37275.2912d9c7.js,.js,True,raw/ilearn.thu.edu.tw/static/37275.2912d9c7.js,200
raw/ilearn.thu.edu.tw/static/runtime~js/main-public-course-e9dcc59d.js,https://ilearn.thu.edu.tw/static/37291-b52e91d2.chunk.css,.css,True,raw/ilearn.thu.edu.tw/static/37291-b52e91d2.chunk.css,200
raw/ilearn.thu.edu.tw/static/runtime~js/main-public-course-e9dcc59d.js,https://ilearn.thu.edu.tw/static/37291.dc77dff6.js,.js,True,raw/ilearn.thu.edu.tw/static/37291.dc77dff6.js,200
raw/ilearn.thu.edu.tw/static/runtime~js/main-public-course-e9dcc59d.js,https://ilearn.thu.edu.tw/static/37336-7c206342.chunk.css,.css,True,raw/ilearn.thu.edu.tw/static/37336-7c206342.chunk.css,200
raw/ilearn.thu.edu.tw/static/runtime~js/main-public-course-e9dcc59d.js,https://ilearn.thu.edu.tw/static/37336.084b8613.js,.js,True,raw/ilearn.thu.edu.tw/static/37336.084b8613.js,200
raw/ilearn.thu.edu.tw/static/runtime~js/main-public-course-e9dcc59d.js,https://ilearn.thu.edu.tw/static/3734.fcaf65a6.js,.js,True,raw/ilearn.thu.edu.tw/static/3734.fcaf65a6.js,200
raw/ilearn.thu.edu.tw/static/runtime~js/main-public-course-e9dcc59d.js,https://ilearn.thu.edu.tw/static/37464-b0fb534c.js,.js,True,raw/ilearn.thu.edu.tw/static/37464-b0fb534c.js,200
raw/ilearn.thu.edu.tw/static/runtime~js/main-public-course-e9dcc59d.js,https://ilearn.thu.edu.tw/static/37705.d942f4e7.js,.js,True,raw/ilearn.thu.edu.tw/static/37705.d942f4e7.js,200
raw/ilearn.thu.edu.tw/static/runtime~js/main-public-course-e9dcc59d.js,https://ilearn.thu.edu.tw/static/37873-2905b78d.chunk.css,.css,True,raw/ilearn.thu.edu.tw/static/37873-2905b78d.chunk.css,200
raw/ilearn.thu.edu.tw/static/runtime~js/main-public-course-e9dcc59d.js,https://ilearn.thu.edu.tw/static/37873.f1187b3e.js,.js,True,raw/ilearn.thu.edu.tw/static/37873.f1187b3e.js,200
raw/ilearn.thu.edu.tw/static/runtime~js/main-public-course-e9dcc59d.js,https://ilearn.thu.edu.tw/static/37879.f5192a93.js,.js,True,raw/ilearn.thu.edu.tw/static/37879.f5192a93.js,200
raw/ilearn.thu.edu.tw/static/runtime~js/main-public-course-e9dcc59d.js,https://ilearn.thu.edu.tw/static/37884-9799461d.css,.css,True,raw/ilearn.thu.edu.tw/static/37884-9799461d.css,200
raw/ilearn.thu.edu.tw/static/runtime~js/main-public-course-e9dcc59d.js,https://ilearn.thu.edu.tw/static/37967-9e58a0c0.chunk.css,.css,True,raw/ilearn.thu.edu.tw/static/37967-9e58a0c0.chunk.css,200
raw/ilearn.thu.edu.tw/static/runtime~js/main-public-course-e9dcc59d.js,https://ilearn.thu.edu.tw/static/37967.9cc01d62.js,.js,True,raw/ilearn.thu.edu.tw/static/37967.9cc01d62.js,200
raw/ilearn.thu.edu.tw/static/runtime~js/main-public-course-e9dcc59d.js,https://ilearn.thu.edu.tw/static/38151.47d6c4f9.js,.js,True,raw/ilearn.thu.edu.tw/static/38151.47d6c4f9.js,200
raw/ilearn.thu.edu.tw/static/runtime~js/main-public-course-e9dcc59d.js,https://ilearn.thu.edu.tw/static/38189.4905d083.js,.js,True,raw/ilearn.thu.edu.tw/static/38189.4905d083.js,200
raw/ilearn.thu.edu.tw/static/runtime~js/main-public-course-e9dcc59d.js,https://ilearn.thu.edu.tw/static/38329.024cd20f.js,.js,True,raw/ilearn.thu.edu.tw/static/38329.024cd20f.js,200
raw/ilearn.thu.edu.tw/static/runtime~js/main-public-course-e9dcc59d.js,https://ilearn.thu.edu.tw/static/38480-b611bdce.chunk.css,.css,True,raw/ilearn.thu.edu.tw/static/38480-b611bdce.chunk.css,200
raw/ilearn.thu.edu.tw/static/runtime~js/main-public-course-e9dcc59d.js,https://ilearn.thu.edu.tw/static/38480.defdcfac.js,.js,True,raw/ilearn.thu.edu.tw/static/38480.defdcfac.js,200
raw/ilearn.thu.edu.tw/static/runtime~js/main-public-course-e9dcc59d.js,https://ilearn.thu.edu.tw/static/3855.0c93f189.js,.js,True,raw/ilearn.thu.edu.tw/static/3855.0c93f189.js,200
raw/ilearn.thu.edu.tw/static/runtime~js/main-public-course-e9dcc59d.js,https://ilearn.thu.edu.tw/static/38849.f0738bfd.js,.js,True,raw/ilearn.thu.edu.tw/static/38849.f0738bfd.js,200
raw/ilearn.thu.edu.tw/static/runtime~js/main-public-course-e9dcc59d.js,https://ilearn.thu.edu.tw/static/38941.c87e76c7.js,.js,True,raw/ilearn.thu.edu.tw/static/38941.c87e76c7.js,200
raw/ilearn.thu.edu.tw/static/runtime~js/main-public-course-e9dcc59d.js,https://ilearn.thu.edu.tw/static/39370-ff09ccaa.chunk.css,.css,True,raw/ilearn.thu.edu.tw/static/39370-ff09ccaa.chunk.css,200
raw/ilearn.thu.edu.tw/static/runtime~js/main-public-course-e9dcc59d.js,https://ilearn.thu.edu.tw/static/39370.ef589feb.js,.js,True,raw/ilearn.thu.edu.tw/static/39370.ef589feb.js,200
raw/ilearn.thu.edu.tw/static/runtime~js/main-public-course-e9dcc59d.js,https://ilearn.thu.edu.tw/static/39538-4ec91da4.chunk.css,.css,True,raw/ilearn.thu.edu.tw/static/39538-4ec91da4.chunk.css,200
raw/ilearn.thu.edu.tw/static/runtime~js/main-public-course-e9dcc59d.js,https://ilearn.thu.edu.tw/static/39538.e12d5a24.js,.js,True,raw/ilearn.thu.edu.tw/static/39538.e12d5a24.js,200
raw/ilearn.thu.edu.tw/static/runtime~js/main-public-course-e9dcc59d.js,https://ilearn.thu.edu.tw/static/3998-37a9d468.chunk.css,.css,True,raw/ilearn.thu.edu.tw/static/3998-37a9d468.chunk.css,200
raw/ilearn.thu.edu.tw/static/runtime~js/main-public-course-e9dcc59d.js,https://ilearn.thu.edu.tw/static/3998.fd6d67c1.js,.js,True,raw/ilearn.thu.edu.tw/static/3998.fd6d67c1.js,200
raw/ilearn.thu.edu.tw/static/runtime~js/main-public-course-e9dcc59d.js,https://ilearn.thu.edu.tw/static/40002.f956d0b8.js,.js,True,raw/ilearn.thu.edu.tw/static/40002.f956d0b8.js,200
raw/ilearn.thu.edu.tw/static/runtime~js/main-public-course-e9dcc59d.js,https://ilearn.thu.edu.tw/static/40073-442cb969.chunk.css,.css,True,raw/ilearn.thu.edu.tw/static/40073-442cb969.chunk.css,200
raw/ilearn.thu.edu.tw/static/runtime~js/main-public-course-e9dcc59d.js,https://ilearn.thu.edu.tw/static/40073.72e0a8e2.js,.js,True,raw/ilearn.thu.edu.tw/static/40073.72e0a8e2.js,200
raw/ilearn.thu.edu.tw/static/runtime~js/main-public-course-e9dcc59d.js,https://ilearn.thu.edu.tw/static/40173.0a285bf5.js,.js,True,raw/ilearn.thu.edu.tw/static/40173.0a285bf5.js,200
raw/ilearn.thu.edu.tw/static/runtime~js/main-public-course-e9dcc59d.js,https://ilearn.thu.edu.tw/static/40251-ba8c4104.chunk.css,.css,True,raw/ilearn.thu.edu.tw/static/40251-ba8c4104.chunk.css,200
raw/ilearn.thu.edu.tw/static/runtime~js/main-public-course-e9dcc59d.js,https://ilearn.thu.edu.tw/static/40251.b93d27d4.js,.js,True,raw/ilearn.thu.edu.tw/static/40251.b93d27d4.js,200
raw/ilearn.thu.edu.tw/static/runtime~js/main-public-course-e9dcc59d.js,https://ilearn.thu.edu.tw/static/40287-6134fd77.js,.js,True,raw/ilearn.thu.edu.tw/static/40287-6134fd77.js,200
raw/ilearn.thu.edu.tw/static/runtime~js/main-public-course-e9dcc59d.js,https://ilearn.thu.edu.tw/static/40365-62f8dd71.chunk.css,.css,True,raw/ilearn.thu.edu.tw/static/40365-62f8dd71.chunk.css,200
raw/ilearn.thu.edu.tw/static/runtime~js/main-public-course-e9dcc59d.js,https://ilearn.thu.edu.tw/static/40365.63ada24f.js,.js,True,raw/ilearn.thu.edu.tw/static/40365.63ada24f.js,200
raw/ilearn.thu.edu.tw/static/runtime~js/main-public-course-e9dcc59d.js,https://ilearn.thu.edu.tw/static/40496.c49c1a86.js,.js,True,raw/ilearn.thu.edu.tw/static/40496.c49c1a86.js,200
raw/ilearn.thu.edu.tw/static/runtime~js/main-public-course-e9dcc59d.js,https://ilearn.thu.edu.tw/static/4064-f4a8af25.chunk.css,.css,True,raw/ilearn.thu.edu.tw/static/4064-f4a8af25.chunk.css,200
raw/ilearn.thu.edu.tw/static/runtime~js/main-public-course-e9dcc59d.js,https://ilearn.thu.edu.tw/static/4064.23477b84.js,.js,True,raw/ilearn.thu.edu.tw/static/4064.23477b84.js,200
raw/ilearn.thu.edu.tw/static/runtime~js/main-public-course-e9dcc59d.js,https://ilearn.thu.edu.tw/static/40991-a382ee93.chunk.css,.css,True,raw/ilearn.thu.edu.tw/static/40991-a382ee93.chunk.css,200
raw/ilearn.thu.edu.tw/static/runtime~js/main-public-course-e9dcc59d.js,https://ilearn.thu.edu.tw/static/40991.c161b769.js,.js,True,raw/ilearn.thu.edu.tw/static/40991.c161b769.js,200
raw/ilearn.thu.edu.tw/static/runtime~js/main-public-course-e9dcc59d.js,https://ilearn.thu.edu.tw/static/41567.34eed4ea.js,.js,True,raw/ilearn.thu.edu.tw/static/41567.34eed4ea.js,200
raw/ilearn.thu.edu.tw/static/runtime~js/main-public-course-e9dcc59d.js,https://ilearn.thu.edu.tw/static/41568-66752b3a.chunk.css,.css,True,raw/ilearn.thu.edu.tw/static/41568-66752b3a.chunk.css,200
raw/ilearn.thu.edu.tw/static/runtime~js/main-public-course-e9dcc59d.js,https://ilearn.thu.edu.tw/static/41568.0adf30d4.js,.js,True,raw/ilearn.thu.edu.tw/static/41568.0adf30d4.js,200
raw/ilearn.thu.edu.tw/static/runtime~js/main-public-course-e9dcc59d.js,https://ilearn.thu.edu.tw/static/41594.1a10db7f.js,.js,True,raw/ilearn.thu.edu.tw/static/41594.1a10db7f.js,200
raw/ilearn.thu.edu.tw/static/runtime~js/main-public-course-e9dcc59d.js,https://ilearn.thu.edu.tw/static/41789.52c6778d.js,.js,True,raw/ilearn.thu.edu.tw/static/41789.52c6778d.js,200
raw/ilearn.thu.edu.tw/static/runtime~js/main-public-course-e9dcc59d.js,https://ilearn.thu.edu.tw/static/41962.bc8e08bd.js,.js,True,raw/ilearn.thu.edu.tw/static/41962.bc8e08bd.js,200
raw/ilearn.thu.edu.tw/static/runtime~js/main-public-course-e9dcc59d.js,https://ilearn.thu.edu.tw/static/41986.fbf3188d.js,.js,True,raw/ilearn.thu.edu.tw/static/41986.fbf3188d.js,200
raw/ilearn.thu.edu.tw/static/runtime~js/main-public-course-e9dcc59d.js,https://ilearn.thu.edu.tw/static/42041.c3faf34c.js,.js,True,raw/ilearn.thu.edu.tw/static/42041.c3faf34c.js,200
raw/ilearn.thu.edu.tw/static/runtime~js/main-public-course-e9dcc59d.js,https://ilearn.thu.edu.tw/static/42088.8de37de0.js,.js,True,raw/ilearn.thu.edu.tw/static/42088.8de37de0.js,200
raw/ilearn.thu.edu.tw/static/runtime~js/main-public-course-e9dcc59d.js,https://ilearn.thu.edu.tw/static/42157.2415ae54.js,.js,True,raw/ilearn.thu.edu.tw/static/42157.2415ae54.js,200
raw/ilearn.thu.edu.tw/static/runtime~js/main-public-course-e9dcc59d.js,https://ilearn.thu.edu.tw/static/42227.9531c22f.js,.js,True,raw/ilearn.thu.edu.tw/static/42227.9531c22f.js,200
raw/ilearn.thu.edu.tw/static/runtime~js/main-public-course-e9dcc59d.js,https://ilearn.thu.edu.tw/static/42431.4a39f309.js,.js,True,raw/ilearn.thu.edu.tw/static/42431.4a39f309.js,200
raw/ilearn.thu.edu.tw/static/runtime~js/main-public-course-e9dcc59d.js,https://ilearn.thu.edu.tw/static/42535.1c3df5f8.js,.js,True,raw/ilearn.thu.edu.tw/static/42535.1c3df5f8.js,200
raw/ilearn.thu.edu.tw/static/runtime~js/main-public-course-e9dcc59d.js,https://ilearn.thu.edu.tw/static/42585-cb309f8b.chunk.css,.css,True,raw/ilearn.thu.edu.tw/static/42585-cb309f8b.chunk.css,200
raw/ilearn.thu.edu.tw/static/runtime~js/main-public-course-e9dcc59d.js,https://ilearn.thu.edu.tw/static/42585.3fa356ed.js,.js,True,raw/ilearn.thu.edu.tw/static/42585.3fa356ed.js,200
raw/ilearn.thu.edu.tw/static/runtime~js/main-public-course-e9dcc59d.js,https://ilearn.thu.edu.tw/static/42714-7b76587c.chunk.css,.css,True,raw/ilearn.thu.edu.tw/static/42714-7b76587c.chunk.css,200
raw/ilearn.thu.edu.tw/static/runtime~js/main-public-course-e9dcc59d.js,https://ilearn.thu.edu.tw/static/42714.ab5289df.js,.js,True,raw/ilearn.thu.edu.tw/static/42714.ab5289df.js,200
raw/ilearn.thu.edu.tw/static/runtime~js/main-public-course-e9dcc59d.js,https://ilearn.thu.edu.tw/static/42748.fd2e7477.js,.js,True,raw/ilearn.thu.edu.tw/static/42748.fd2e7477.js,200
raw/ilearn.thu.edu.tw/static/runtime~js/main-public-course-e9dcc59d.js,https://ilearn.thu.edu.tw/static/42753.47feb217.js,.js,True,raw/ilearn.thu.edu.tw/static/42753.47feb217.js,200
raw/ilearn.thu.edu.tw/static/runtime~js/main-public-course-e9dcc59d.js,https://ilearn.thu.edu.tw/static/42929-b8174e31.chunk.css,.css,True,raw/ilearn.thu.edu.tw/static/42929-b8174e31.chunk.css,200
raw/ilearn.thu.edu.tw/static/runtime~js/main-public-course-e9dcc59d.js,https://ilearn.thu.edu.tw/static/42929.d8d41bb3.js,.js,True,raw/ilearn.thu.edu.tw/static/42929.d8d41bb3.js,200
raw/ilearn.thu.edu.tw/static/runtime~js/main-public-course-e9dcc59d.js,https://ilearn.thu.edu.tw/static/43087.44bea03a.js,.js,True,raw/ilearn.thu.edu.tw/static/43087.44bea03a.js,200
raw/ilearn.thu.edu.tw/static/runtime~js/main-public-course-e9dcc59d.js,https://ilearn.thu.edu.tw/static/43107.3fe4db7f.js,.js,True,raw/ilearn.thu.edu.tw/static/43107.3fe4db7f.js,200
raw/ilearn.thu.edu.tw/static/runtime~js/main-public-course-e9dcc59d.js,https://ilearn.thu.edu.tw/static/43161.4bd4e9a7.js,.js,True,raw/ilearn.thu.edu.tw/static/43161.4bd4e9a7.js,200
raw/ilearn.thu.edu.tw/static/runtime~js/main-public-course-e9dcc59d.js,https://ilearn.thu.edu.tw/static/432-55bea773.js,.js,True,raw/ilearn.thu.edu.tw/static/432-55bea773.js,200
raw/ilearn.thu.edu.tw/static/runtime~js/main-public-course-e9dcc59d.js,https://ilearn.thu.edu.tw/static/43586.d1d9af5d.js,.js,True,raw/ilearn.thu.edu.tw/static/43586.d1d9af5d.js,200
raw/ilearn.thu.edu.tw/static/runtime~js/main-public-course-e9dcc59d.js,https://ilearn.thu.edu.tw/static/43823-bfba4179.js,.js,True,raw/ilearn.thu.edu.tw/static/43823-bfba4179.js,200
raw/ilearn.thu.edu.tw/static/runtime~js/main-public-course-e9dcc59d.js,https://ilearn.thu.edu.tw/static/43944-26432c49.chunk.css,.css,True,raw/ilearn.thu.edu.tw/static/43944-26432c49.chunk.css,200
raw/ilearn.thu.edu.tw/static/runtime~js/main-public-course-e9dcc59d.js,https://ilearn.thu.edu.tw/static/43944.c35dfa08.js,.js,True,raw/ilearn.thu.edu.tw/static/43944.c35dfa08.js,200
raw/ilearn.thu.edu.tw/static/runtime~js/main-public-course-e9dcc59d.js,https://ilearn.thu.edu.tw/static/4396.fcd26037.js,.js,True,raw/ilearn.thu.edu.tw/static/4396.fcd26037.js,200
raw/ilearn.thu.edu.tw/static/runtime~js/main-public-course-e9dcc59d.js,https://ilearn.thu.edu.tw/static/4408.799f2f84.js,.js,True,raw/ilearn.thu.edu.tw/static/4408.799f2f84.js,200
raw/ilearn.thu.edu.tw/static/runtime~js/main-public-course-e9dcc59d.js,https://ilearn.thu.edu.tw/static/44093-778293da.chunk.css,.css,True,raw/ilearn.thu.edu.tw/static/44093-778293da.chunk.css,200
raw/ilearn.thu.edu.tw/static/runtime~js/main-public-course-e9dcc59d.js,https://ilearn.thu.edu.tw/static/44093.3708899a.js,.js,True,raw/ilearn.thu.edu.tw/static/44093.3708899a.js,200
raw/ilearn.thu.edu.tw/static/runtime~js/main-public-course-e9dcc59d.js,https://ilearn.thu.edu.tw/static/4413-b3416b81.chunk.css,.css,True,raw/ilearn.thu.edu.tw/static/4413-b3416b81.chunk.css,200
raw/ilearn.thu.edu.tw/static/runtime~js/main-public-course-e9dcc59d.js,https://ilearn.thu.edu.tw/static/4413.48fd5df4.js,.js,True,raw/ilearn.thu.edu.tw/static/4413.48fd5df4.js,200
raw/ilearn.thu.edu.tw/static/runtime~js/main-public-course-e9dcc59d.js,https://ilearn.thu.edu.tw/static/44184-695366db.chunk.css,.css,True,raw/ilearn.thu.edu.tw/static/44184-695366db.chunk.css,200
raw/ilearn.thu.edu.tw/static/runtime~js/main-public-course-e9dcc59d.js,https://ilearn.thu.edu.tw/static/44184.7677cc88.js,.js,True,raw/ilearn.thu.edu.tw/static/44184.7677cc88.js,200
raw/ilearn.thu.edu.tw/static/runtime~js/main-public-course-e9dcc59d.js,https://ilearn.thu.edu.tw/static/44194.476375f7.js,.js,True,raw/ilearn.thu.edu.tw/static/44194.476375f7.js,200
raw/ilearn.thu.edu.tw/static/runtime~js/main-public-course-e9dcc59d.js,https://ilearn.thu.edu.tw/static/44296.a19be59d.js,.js,True,raw/ilearn.thu.edu.tw/static/44296.a19be59d.js,200
raw/ilearn.thu.edu.tw/static/runtime~js/main-public-course-e9dcc59d.js,https://ilearn.thu.edu.tw/static/44346-d648aeb8.chunk.css,.css,True,raw/ilearn.thu.edu.tw/static/44346-d648aeb8.chunk.css,200
raw/ilearn.thu.edu.tw/static/runtime~js/main-public-course-e9dcc59d.js,https://ilearn.thu.edu.tw/static/44346.7b57b52e.js,.js,True,raw/ilearn.thu.edu.tw/static/44346.7b57b52e.js,200
raw/ilearn.thu.edu.tw/static/runtime~js/main-public-course-e9dcc59d.js,https://ilearn.thu.edu.tw/static/44388.63410d70.js,.js,True,raw/ilearn.thu.edu.tw/static/44388.63410d70.js,200
raw/ilearn.thu.edu.tw/static/runtime~js/main-public-course-e9dcc59d.js,https://ilearn.thu.edu.tw/static/44404-25a60c5d.chunk.css,.css,True,raw/ilearn.thu.edu.tw/static/44404-25a60c5d.chunk.css,200
raw/ilearn.thu.edu.tw/static/runtime~js/main-public-course-e9dcc59d.js,https://ilearn.thu.edu.tw/static/44404.b4467c25.js,.js,True,raw/ilearn.thu.edu.tw/static/44404.b4467c25.js,200
raw/ilearn.thu.edu.tw/static/runtime~js/main-public-course-e9dcc59d.js,https://ilearn.thu.edu.tw/static/44437.a7791db6.js,.js,True,raw/ilearn.thu.edu.tw/static/44437.a7791db6.js,200
raw/ilearn.thu.edu.tw/static/runtime~js/main-public-course-e9dcc59d.js,https://ilearn.thu.edu.tw/static/44443-2e0d4f74.chunk.css,.css,True,raw/ilearn.thu.edu.tw/static/44443-2e0d4f74.chunk.css,200
raw/ilearn.thu.edu.tw/static/runtime~js/main-public-course-e9dcc59d.js,https://ilearn.thu.edu.tw/static/44443.e6f5eb69.js,.js,True,raw/ilearn.thu.edu.tw/static/44443.e6f5eb69.js,200
raw/ilearn.thu.edu.tw/static/runtime~js/main-public-course-e9dcc59d.js,https://ilearn.thu.edu.tw/static/44449-627731f2.chunk.css,.css,True,raw/ilearn.thu.edu.tw/static/44449-627731f2.chunk.css,200
raw/ilearn.thu.edu.tw/static/runtime~js/main-public-course-e9dcc59d.js,https://ilearn.thu.edu.tw/static/44449.71f5c8bd.js,.js,True,raw/ilearn.thu.edu.tw/static/44449.71f5c8bd.js,200
raw/ilearn.thu.edu.tw/static/runtime~js/main-public-course-e9dcc59d.js,https://ilearn.thu.edu.tw/static/44617.0bd4d631.js,.js,True,raw/ilearn.thu.edu.tw/static/44617.0bd4d631.js,200
raw/ilearn.thu.edu.tw/static/runtime~js/main-public-course-e9dcc59d.js,https://ilearn.thu.edu.tw/static/44703.d94fc9bb.js,.js,True,raw/ilearn.thu.edu.tw/static/44703.d94fc9bb.js,200
raw/ilearn.thu.edu.tw/static/runtime~js/main-public-course-e9dcc59d.js,https://ilearn.thu.edu.tw/static/4485.bc892e89.js,.js,True,raw/ilearn.thu.edu.tw/static/4485.bc892e89.js,200
raw/ilearn.thu.edu.tw/static/runtime~js/main-public-course-e9dcc59d.js,https://ilearn.thu.edu.tw/static/4488-5b173e1b.chunk.css,.css,True,raw/ilearn.thu.edu.tw/static/4488-5b173e1b.chunk.css,200
raw/ilearn.thu.edu.tw/static/runtime~js/main-public-course-e9dcc59d.js,https://ilearn.thu.edu.tw/static/4488.04563646.js,.js,True,raw/ilearn.thu.edu.tw/static/4488.04563646.js,200
raw/ilearn.thu.edu.tw/static/runtime~js/main-public-course-e9dcc59d.js,https://ilearn.thu.edu.tw/static/44893.6b7d178e.js,.js,True,raw/ilearn.thu.edu.tw/static/44893.6b7d178e.js,200
raw/ilearn.thu.edu.tw/static/runtime~js/main-public-course-e9dcc59d.js,https://ilearn.thu.edu.tw/static/4495.92a6bcab.js,.js,True,raw/ilearn.thu.edu.tw/static/4495.92a6bcab.js,200
raw/ilearn.thu.edu.tw/static/runtime~js/main-public-course-e9dcc59d.js,https://ilearn.thu.edu.tw/static/44975-886382b1.chunk.css,.css,True,raw/ilearn.thu.edu.tw/static/44975-886382b1.chunk.css,200
raw/ilearn.thu.edu.tw/static/runtime~js/main-public-course-e9dcc59d.js,https://ilearn.thu.edu.tw/static/44975.b06e0074.js,.js,True,raw/ilearn.thu.edu.tw/static/44975.b06e0074.js,200
raw/ilearn.thu.edu.tw/static/runtime~js/main-public-course-e9dcc59d.js,https://ilearn.thu.edu.tw/static/45109-b9de6e0e.chunk.css,.css,True,raw/ilearn.thu.edu.tw/static/45109-b9de6e0e.chunk.css,200
raw/ilearn.thu.edu.tw/static/runtime~js/main-public-course-e9dcc59d.js,https://ilearn.thu.edu.tw/static/45109.5f739864.js,.js,True,raw/ilearn.thu.edu.tw/static/45109.5f739864.js,200
raw/ilearn.thu.edu.tw/static/runtime~js/main-public-course-e9dcc59d.js,https://ilearn.thu.edu.tw/static/45312.71278fd1.js,.js,True,raw/ilearn.thu.edu.tw/static/45312.71278fd1.js,200
raw/ilearn.thu.edu.tw/static/runtime~js/main-public-course-e9dcc59d.js,https://ilearn.thu.edu.tw/static/45567-eb6ef182.chunk.css,.css,True,raw/ilearn.thu.edu.tw/static/45567-eb6ef182.chunk.css,200
raw/ilearn.thu.edu.tw/static/runtime~js/main-public-course-e9dcc59d.js,https://ilearn.thu.edu.tw/static/45567.01dfb060.js,.js,True,raw/ilearn.thu.edu.tw/static/45567.01dfb060.js,200
raw/ilearn.thu.edu.tw/static/runtime~js/main-public-course-e9dcc59d.js,https://ilearn.thu.edu.tw/static/45605.d7e10a35.js,.js,True,raw/ilearn.thu.edu.tw/static/45605.d7e10a35.js,200
raw/ilearn.thu.edu.tw/static/runtime~js/main-public-course-e9dcc59d.js,https://ilearn.thu.edu.tw/static/45683.64768b43.js,.js,True,raw/ilearn.thu.edu.tw/static/45683.64768b43.js,200
raw/ilearn.thu.edu.tw/static/runtime~js/main-public-course-e9dcc59d.js,https://ilearn.thu.edu.tw/static/45685-e4bd0eb5.chunk.css,.css,True,raw/ilearn.thu.edu.tw/static/45685-e4bd0eb5.chunk.css,200
raw/ilearn.thu.edu.tw/static/runtime~js/main-public-course-e9dcc59d.js,https://ilearn.thu.edu.tw/static/45685.4e07b7a7.js,.js,True,raw/ilearn.thu.edu.tw/static/45685.4e07b7a7.js,200
raw/ilearn.thu.edu.tw/static/runtime~js/main-public-course-e9dcc59d.js,https://ilearn.thu.edu.tw/static/45699-eddae570.chunk.css,.css,True,raw/ilearn.thu.edu.tw/static/45699-eddae570.chunk.css,200
raw/ilearn.thu.edu.tw/static/runtime~js/main-public-course-e9dcc59d.js,https://ilearn.thu.edu.tw/static/45699.39731727.js,.js,True,raw/ilearn.thu.edu.tw/static/45699.39731727.js,200
raw/ilearn.thu.edu.tw/static/runtime~js/main-public-course-e9dcc59d.js,https://ilearn.thu.edu.tw/static/46169.a4bec735.js,.js,True,raw/ilearn.thu.edu.tw/static/46169.a4bec735.js,200
raw/ilearn.thu.edu.tw/static/runtime~js/main-public-course-e9dcc59d.js,https://ilearn.thu.edu.tw/static/46780-7b98e7c2.chunk.css,.css,True,raw/ilearn.thu.edu.tw/static/46780-7b98e7c2.chunk.css,200
raw/ilearn.thu.edu.tw/static/runtime~js/main-public-course-e9dcc59d.js,https://ilearn.thu.edu.tw/static/46780.7821b5b3.js,.js,True,raw/ilearn.thu.edu.tw/static/46780.7821b5b3.js,200
raw/ilearn.thu.edu.tw/static/runtime~js/main-public-course-e9dcc59d.js,https://ilearn.thu.edu.tw/static/46865.870c4965.js,.js,True,raw/ilearn.thu.edu.tw/static/46865.870c4965.js,200
raw/ilearn.thu.edu.tw/static/runtime~js/main-public-course-e9dcc59d.js,https://ilearn.thu.edu.tw/static/4706.a4501a25.js,.js,True,raw/ilearn.thu.edu.tw/static/4706.a4501a25.js,200
raw/ilearn.thu.edu.tw/static/runtime~js/main-public-course-e9dcc59d.js,https://ilearn.thu.edu.tw/static/47219.985432f4.js,.js,True,raw/ilearn.thu.edu.tw/static/47219.985432f4.js,200
raw/ilearn.thu.edu.tw/static/runtime~js/main-public-course-e9dcc59d.js,https://ilearn.thu.edu.tw/static/47273.0f291c3d.js,.js,True,raw/ilearn.thu.edu.tw/static/47273.0f291c3d.js,200
raw/ilearn.thu.edu.tw/static/runtime~js/main-public-course-e9dcc59d.js,https://ilearn.thu.edu.tw/static/47303-8514fba9.chunk.css,.css,True,raw/ilearn.thu.edu.tw/static/47303-8514fba9.chunk.css,200
raw/ilearn.thu.edu.tw/static/runtime~js/main-public-course-e9dcc59d.js,https://ilearn.thu.edu.tw/static/4742-61f31323.chunk.css,.css,True,raw/ilearn.thu.edu.tw/static/4742-61f31323.chunk.css,200
raw/ilearn.thu.edu.tw/static/runtime~js/main-public-course-e9dcc59d.js,https://ilearn.thu.edu.tw/static/4742.b8a8d253.js,.js,True,raw/ilearn.thu.edu.tw/static/4742.b8a8d253.js,200
raw/ilearn.thu.edu.tw/static/runtime~js/main-public-course-e9dcc59d.js,https://ilearn.thu.edu.tw/static/47578-3880a424.chunk.css,.css,True,raw/ilearn.thu.edu.tw/static/47578-3880a424.chunk.css,200
raw/ilearn.thu.edu.tw/static/runtime~js/main-public-course-e9dcc59d.js,https://ilearn.thu.edu.tw/static/47578.6f793523.js,.js,True,raw/ilearn.thu.edu.tw/static/47578.6f793523.js,200
raw/ilearn.thu.edu.tw/static/runtime~js/main-public-course-e9dcc59d.js,https://ilearn.thu.edu.tw/static/47611.42ee6df9.js,.js,True,raw/ilearn.thu.edu.tw/static/47611.42ee6df9.js,200
raw/ilearn.thu.edu.tw/static/runtime~js/main-public-course-e9dcc59d.js,https://ilearn.thu.edu.tw/static/47678.6fd39676.js,.js,True,raw/ilearn.thu.edu.tw/static/47678.6fd39676.js,200
raw/ilearn.thu.edu.tw/static/runtime~js/main-public-course-e9dcc59d.js,https://ilearn.thu.edu.tw/static/47695-948c96b0.chunk.css,.css,True,raw/ilearn.thu.edu.tw/static/47695-948c96b0.chunk.css,200
raw/ilearn.thu.edu.tw/static/runtime~js/main-public-course-e9dcc59d.js,https://ilearn.thu.edu.tw/static/47695.1d992af3.js,.js,True,raw/ilearn.thu.edu.tw/static/47695.1d992af3.js,200
raw/ilearn.thu.edu.tw/static/runtime~js/main-public-course-e9dcc59d.js,https://ilearn.thu.edu.tw/static/48423-963338af.chunk.css,.css,True,raw/ilearn.thu.edu.tw/static/48423-963338af.chunk.css,200
raw/ilearn.thu.edu.tw/static/runtime~js/main-public-course-e9dcc59d.js,https://ilearn.thu.edu.tw/static/48423.d255ae31.js,.js,True,raw/ilearn.thu.edu.tw/static/48423.d255ae31.js,200
raw/ilearn.thu.edu.tw/static/runtime~js/main-public-course-e9dcc59d.js,https://ilearn.thu.edu.tw/static/48446-82e08a76.chunk.css,.css,True,raw/ilearn.thu.edu.tw/static/48446-82e08a76.chunk.css,200
raw/ilearn.thu.edu.tw/static/runtime~js/main-public-course-e9dcc59d.js,https://ilearn.thu.edu.tw/static/48446.adcff68e.js,.js,True,raw/ilearn.thu.edu.tw/static/48446.adcff68e.js,200
raw/ilearn.thu.edu.tw/static/runtime~js/main-public-course-e9dcc59d.js,https://ilearn.thu.edu.tw/static/48458.a917af91.js,.js,True,raw/ilearn.thu.edu.tw/static/48458.a917af91.js,200
raw/ilearn.thu.edu.tw/static/runtime~js/main-public-course-e9dcc59d.js,https://ilearn.thu.edu.tw/static/48471.89184ab3.js,.js,True,raw/ilearn.thu.edu.tw/static/48471.89184ab3.js,200
raw/ilearn.thu.edu.tw/static/runtime~js/main-public-course-e9dcc59d.js,https://ilearn.thu.edu.tw/static/48597.fe53365b.js,.js,True,raw/ilearn.thu.edu.tw/static/48597.fe53365b.js,200
raw/ilearn.thu.edu.tw/static/runtime~js/main-public-course-e9dcc59d.js,https://ilearn.thu.edu.tw/static/48776-3613432e.chunk.css,.css,True,raw/ilearn.thu.edu.tw/static/48776-3613432e.chunk.css,200
raw/ilearn.thu.edu.tw/static/runtime~js/main-public-course-e9dcc59d.js,https://ilearn.thu.edu.tw/static/48776.9c949b8c.js,.js,True,raw/ilearn.thu.edu.tw/static/48776.9c949b8c.js,200
raw/ilearn.thu.edu.tw/static/runtime~js/main-public-course-e9dcc59d.js,https://ilearn.thu.edu.tw/static/48925.39b391b4.js,.js,True,raw/ilearn.thu.edu.tw/static/48925.39b391b4.js,200
raw/ilearn.thu.edu.tw/static/runtime~js/main-public-course-e9dcc59d.js,https://ilearn.thu.edu.tw/static/48941.c9b6c945.js,.js,True,raw/ilearn.thu.edu.tw/static/48941.c9b6c945.js,200
raw/ilearn.thu.edu.tw/static/runtime~js/main-public-course-e9dcc59d.js,https://ilearn.thu.edu.tw/static/48987.308f1465.js,.js,True,raw/ilearn.thu.edu.tw/static/48987.308f1465.js,200
raw/ilearn.thu.edu.tw/static/runtime~js/main-public-course-e9dcc59d.js,https://ilearn.thu.edu.tw/static/4899-f746e58c.chunk.css,.css,True,raw/ilearn.thu.edu.tw/static/4899-f746e58c.chunk.css,200
raw/ilearn.thu.edu.tw/static/runtime~js/main-public-course-e9dcc59d.js,https://ilearn.thu.edu.tw/static/4899.ac95a13b.js,.js,True,raw/ilearn.thu.edu.tw/static/4899.ac95a13b.js,200
raw/ilearn.thu.edu.tw/static/runtime~js/main-public-course-e9dcc59d.js,https://ilearn.thu.edu.tw/static/49009.a1deb8c2.js,.js,True,raw/ilearn.thu.edu.tw/static/49009.a1deb8c2.js,200
raw/ilearn.thu.edu.tw/static/runtime~js/main-public-course-e9dcc59d.js,https://ilearn.thu.edu.tw/static/4909.392a8d33.js,.js,True,raw/ilearn.thu.edu.tw/static/4909.392a8d33.js,200
raw/ilearn.thu.edu.tw/static/runtime~js/main-public-course-e9dcc59d.js,https://ilearn.thu.edu.tw/static/49111.059def0d.js,.js,True,raw/ilearn.thu.edu.tw/static/49111.059def0d.js,200
raw/ilearn.thu.edu.tw/static/runtime~js/main-public-course-e9dcc59d.js,https://ilearn.thu.edu.tw/static/49116-0857b3d5.chunk.css,.css,True,raw/ilearn.thu.edu.tw/static/49116-0857b3d5.chunk.css,200
raw/ilearn.thu.edu.tw/static/runtime~js/main-public-course-e9dcc59d.js,https://ilearn.thu.edu.tw/static/49116.4e33c3c8.js,.js,True,raw/ilearn.thu.edu.tw/static/49116.4e33c3c8.js,200
raw/ilearn.thu.edu.tw/static/runtime~js/main-public-course-e9dcc59d.js,https://ilearn.thu.edu.tw/static/49294-a975461a.chunk.css,.css,True,raw/ilearn.thu.edu.tw/static/49294-a975461a.chunk.css,200
raw/ilearn.thu.edu.tw/static/runtime~js/main-public-course-e9dcc59d.js,https://ilearn.thu.edu.tw/static/49294.50a0a8b3.js,.js,True,raw/ilearn.thu.edu.tw/static/49294.50a0a8b3.js,200
raw/ilearn.thu.edu.tw/static/runtime~js/main-public-course-e9dcc59d.js,https://ilearn.thu.edu.tw/static/49360.56d01019.js,.js,True,raw/ilearn.thu.edu.tw/static/49360.56d01019.js,200
raw/ilearn.thu.edu.tw/static/runtime~js/main-public-course-e9dcc59d.js,https://ilearn.thu.edu.tw/static/49412.3bf7965d.js,.js,True,raw/ilearn.thu.edu.tw/static/49412.3bf7965d.js,200
raw/ilearn.thu.edu.tw/static/runtime~js/main-public-course-e9dcc59d.js,https://ilearn.thu.edu.tw/static/49420.b30bc6e4.js,.js,True,raw/ilearn.thu.edu.tw/static/49420.b30bc6e4.js,200
raw/ilearn.thu.edu.tw/static/runtime~js/main-public-course-e9dcc59d.js,https://ilearn.thu.edu.tw/static/49430-fc436d96.chunk.css,.css,True,raw/ilearn.thu.edu.tw/static/49430-fc436d96.chunk.css,200
raw/ilearn.thu.edu.tw/static/runtime~js/main-public-course-e9dcc59d.js,https://ilearn.thu.edu.tw/static/49430.5dab1d92.js,.js,True,raw/ilearn.thu.edu.tw/static/49430.5dab1d92.js,200
raw/ilearn.thu.edu.tw/static/runtime~js/main-public-course-e9dcc59d.js,https://ilearn.thu.edu.tw/static/49592.0ad88a29.js,.js,True,raw/ilearn.thu.edu.tw/static/49592.0ad88a29.js,200
raw/ilearn.thu.edu.tw/static/runtime~js/main-public-course-e9dcc59d.js,https://ilearn.thu.edu.tw/static/49666.78967a94.js,.js,True,raw/ilearn.thu.edu.tw/static/49666.78967a94.js,200
raw/ilearn.thu.edu.tw/static/runtime~js/main-public-course-e9dcc59d.js,https://ilearn.thu.edu.tw/static/49732.71a2fe4e.js,.js,True,raw/ilearn.thu.edu.tw/static/49732.71a2fe4e.js,200
raw/ilearn.thu.edu.tw/static/runtime~js/main-public-course-e9dcc59d.js,https://ilearn.thu.edu.tw/static/5010-f91aede3.chunk.css,.css,True,raw/ilearn.thu.edu.tw/static/5010-f91aede3.chunk.css,200
raw/ilearn.thu.edu.tw/static/runtime~js/main-public-course-e9dcc59d.js,https://ilearn.thu.edu.tw/static/5010.2709fee9.js,.js,True,raw/ilearn.thu.edu.tw/static/5010.2709fee9.js,200
raw/ilearn.thu.edu.tw/static/runtime~js/main-public-course-e9dcc59d.js,https://ilearn.thu.edu.tw/static/50446.4b9b0bcc.js,.js,True,raw/ilearn.thu.edu.tw/static/50446.4b9b0bcc.js,200
raw/ilearn.thu.edu.tw/static/runtime~js/main-public-course-e9dcc59d.js,https://ilearn.thu.edu.tw/static/50559-af323960.chunk.css,.css,True,raw/ilearn.thu.edu.tw/static/50559-af323960.chunk.css,200
raw/ilearn.thu.edu.tw/static/runtime~js/main-public-course-e9dcc59d.js,https://ilearn.thu.edu.tw/static/50559.79503daf.js,.js,True,raw/ilearn.thu.edu.tw/static/50559.79503daf.js,200
raw/ilearn.thu.edu.tw/static/runtime~js/main-public-course-e9dcc59d.js,https://ilearn.thu.edu.tw/static/50574-1c64454c.chunk.css,.css,True,raw/ilearn.thu.edu.tw/static/50574-1c64454c.chunk.css,200
raw/ilearn.thu.edu.tw/static/runtime~js/main-public-course-e9dcc59d.js,https://ilearn.thu.edu.tw/static/50574.d4b1d445.js,.js,True,raw/ilearn.thu.edu.tw/static/50574.d4b1d445.js,200
raw/ilearn.thu.edu.tw/static/runtime~js/main-public-course-e9dcc59d.js,https://ilearn.thu.edu.tw/static/50600.2a8f1b1f.js,.js,True,raw/ilearn.thu.edu.tw/static/50600.2a8f1b1f.js,200
raw/ilearn.thu.edu.tw/static/runtime~js/main-public-course-e9dcc59d.js,https://ilearn.thu.edu.tw/static/50625-0c27f6fd.js,.js,True,raw/ilearn.thu.edu.tw/static/50625-0c27f6fd.js,200
raw/ilearn.thu.edu.tw/static/runtime~js/main-public-course-e9dcc59d.js,https://ilearn.thu.edu.tw/static/50674-0e23c731.chunk.css,.css,True,raw/ilearn.thu.edu.tw/static/50674-0e23c731.chunk.css,200
raw/ilearn.thu.edu.tw/static/runtime~js/main-public-course-e9dcc59d.js,https://ilearn.thu.edu.tw/static/50674.577c5280.js,.js,True,raw/ilearn.thu.edu.tw/static/50674.577c5280.js,200
raw/ilearn.thu.edu.tw/static/runtime~js/main-public-course-e9dcc59d.js,https://ilearn.thu.edu.tw/static/50759.ba0ade2f.js,.js,True,raw/ilearn.thu.edu.tw/static/50759.ba0ade2f.js,200
raw/ilearn.thu.edu.tw/static/runtime~js/main-public-course-e9dcc59d.js,https://ilearn.thu.edu.tw/static/50963-f09c0965.chunk.css,.css,True,raw/ilearn.thu.edu.tw/static/50963-f09c0965.chunk.css,200
raw/ilearn.thu.edu.tw/static/runtime~js/main-public-course-e9dcc59d.js,https://ilearn.thu.edu.tw/static/50963.291c278e.js,.js,True,raw/ilearn.thu.edu.tw/static/50963.291c278e.js,200
raw/ilearn.thu.edu.tw/static/runtime~js/main-public-course-e9dcc59d.js,https://ilearn.thu.edu.tw/static/51217.afd18812.js,.js,True,raw/ilearn.thu.edu.tw/static/51217.afd18812.js,200
raw/ilearn.thu.edu.tw/static/runtime~js/main-public-course-e9dcc59d.js,https://ilearn.thu.edu.tw/static/51223.6186db26.js,.js,True,raw/ilearn.thu.edu.tw/static/51223.6186db26.js,200
raw/ilearn.thu.edu.tw/static/runtime~js/main-public-course-e9dcc59d.js,https://ilearn.thu.edu.tw/static/51262-7c0c0f31.chunk.css,.css,True,raw/ilearn.thu.edu.tw/static/51262-7c0c0f31.chunk.css,200
raw/ilearn.thu.edu.tw/static/runtime~js/main-public-course-e9dcc59d.js,https://ilearn.thu.edu.tw/static/51262.4b082c39.js,.js,True,raw/ilearn.thu.edu.tw/static/51262.4b082c39.js,200
raw/ilearn.thu.edu.tw/static/runtime~js/main-public-course-e9dcc59d.js,https://ilearn.thu.edu.tw/static/51310-f39e7edf.chunk.css,.css,True,raw/ilearn.thu.edu.tw/static/51310-f39e7edf.chunk.css,200
raw/ilearn.thu.edu.tw/static/runtime~js/main-public-course-e9dcc59d.js,https://ilearn.thu.edu.tw/static/51310.68c3f526.js,.js,True,raw/ilearn.thu.edu.tw/static/51310.68c3f526.js,200
raw/ilearn.thu.edu.tw/static/runtime~js/main-public-course-e9dcc59d.js,https://ilearn.thu.edu.tw/static/51412.4dc52355.js,.js,True,raw/ilearn.thu.edu.tw/static/51412.4dc52355.js,200
raw/ilearn.thu.edu.tw/static/runtime~js/main-public-course-e9dcc59d.js,https://ilearn.thu.edu.tw/static/51517.ee722171.js,.js,True,raw/ilearn.thu.edu.tw/static/51517.ee722171.js,200
raw/ilearn.thu.edu.tw/static/runtime~js/main-public-course-e9dcc59d.js,https://ilearn.thu.edu.tw/static/51533.32779be1.js,.js,True,raw/ilearn.thu.edu.tw/static/51533.32779be1.js,200
raw/ilearn.thu.edu.tw/static/runtime~js/main-public-course-e9dcc59d.js,https://ilearn.thu.edu.tw/static/51607-31ac8894.chunk.css,.css,True,raw/ilearn.thu.edu.tw/static/51607-31ac8894.chunk.css,200
raw/ilearn.thu.edu.tw/static/runtime~js/main-public-course-e9dcc59d.js,https://ilearn.thu.edu.tw/static/51607.2d4828e2.js,.js,True,raw/ilearn.thu.edu.tw/static/51607.2d4828e2.js,200
raw/ilearn.thu.edu.tw/static/runtime~js/main-public-course-e9dcc59d.js,https://ilearn.thu.edu.tw/static/51708-096d42d6.js,.js,True,raw/ilearn.thu.edu.tw/static/51708-096d42d6.js,200
raw/ilearn.thu.edu.tw/static/runtime~js/main-public-course-e9dcc59d.js,https://ilearn.thu.edu.tw/static/51713.3931dcf9.js,.js,True,raw/ilearn.thu.edu.tw/static/51713.3931dcf9.js,200
raw/ilearn.thu.edu.tw/static/runtime~js/main-public-course-e9dcc59d.js,https://ilearn.thu.edu.tw/static/52003.a789feda.js,.js,True,raw/ilearn.thu.edu.tw/static/52003.a789feda.js,200
raw/ilearn.thu.edu.tw/static/runtime~js/main-public-course-e9dcc59d.js,https://ilearn.thu.edu.tw/static/52010.1669d605.js,.js,True,raw/ilearn.thu.edu.tw/static/52010.1669d605.js,200
raw/ilearn.thu.edu.tw/static/runtime~js/main-public-course-e9dcc59d.js,https://ilearn.thu.edu.tw/static/52042.ed0e59eb.js,.js,True,raw/ilearn.thu.edu.tw/static/52042.ed0e59eb.js,200
raw/ilearn.thu.edu.tw/static/runtime~js/main-public-course-e9dcc59d.js,https://ilearn.thu.edu.tw/static/52089.d0fdfa73.js,.js,True,raw/ilearn.thu.edu.tw/static/52089.d0fdfa73.js,200
raw/ilearn.thu.edu.tw/static/runtime~js/main-public-course-e9dcc59d.js,https://ilearn.thu.edu.tw/static/5247.66a7f918.js,.js,True,raw/ilearn.thu.edu.tw/static/5247.66a7f918.js,200
raw/ilearn.thu.edu.tw/static/runtime~js/main-public-course-e9dcc59d.js,https://ilearn.thu.edu.tw/static/52497.cd3c0177.js,.js,True,raw/ilearn.thu.edu.tw/static/52497.cd3c0177.js,200
raw/ilearn.thu.edu.tw/static/runtime~js/main-public-course-e9dcc59d.js,https://ilearn.thu.edu.tw/static/52507-b7877082.chunk.css,.css,True,raw/ilearn.thu.edu.tw/static/52507-b7877082.chunk.css,200
raw/ilearn.thu.edu.tw/static/runtime~js/main-public-course-e9dcc59d.js,https://ilearn.thu.edu.tw/static/52507.583e35f3.js,.js,True,raw/ilearn.thu.edu.tw/static/52507.583e35f3.js,200
raw/ilearn.thu.edu.tw/static/runtime~js/main-public-course-e9dcc59d.js,https://ilearn.thu.edu.tw/static/52580-5ab45eee.chunk.css,.css,True,raw/ilearn.thu.edu.tw/static/52580-5ab45eee.chunk.css,200
raw/ilearn.thu.edu.tw/static/runtime~js/main-public-course-e9dcc59d.js,https://ilearn.thu.edu.tw/static/52580.bfff837c.js,.js,True,raw/ilearn.thu.edu.tw/static/52580.bfff837c.js,200
raw/ilearn.thu.edu.tw/static/runtime~js/main-public-course-e9dcc59d.js,https://ilearn.thu.edu.tw/static/52655.be43f9ac.js,.js,True,raw/ilearn.thu.edu.tw/static/52655.be43f9ac.js,200
raw/ilearn.thu.edu.tw/static/runtime~js/main-public-course-e9dcc59d.js,https://ilearn.thu.edu.tw/static/52701-d9206257.chunk.css,.css,True,raw/ilearn.thu.edu.tw/static/52701-d9206257.chunk.css,200
raw/ilearn.thu.edu.tw/static/runtime~js/main-public-course-e9dcc59d.js,https://ilearn.thu.edu.tw/static/52701.c51d7c92.js,.js,True,raw/ilearn.thu.edu.tw/static/52701.c51d7c92.js,200
raw/ilearn.thu.edu.tw/static/runtime~js/main-public-course-e9dcc59d.js,https://ilearn.thu.edu.tw/static/52738-df115efb.chunk.css,.css,True,raw/ilearn.thu.edu.tw/static/52738-df115efb.chunk.css,200
raw/ilearn.thu.edu.tw/static/runtime~js/main-public-course-e9dcc59d.js,https://ilearn.thu.edu.tw/static/52738.a09d146e.js,.js,True,raw/ilearn.thu.edu.tw/static/52738.a09d146e.js,200
raw/ilearn.thu.edu.tw/static/runtime~js/main-public-course-e9dcc59d.js,https://ilearn.thu.edu.tw/static/52751.70ce00c5.js,.js,True,raw/ilearn.thu.edu.tw/static/52751.70ce00c5.js,200
raw/ilearn.thu.edu.tw/static/runtime~js/main-public-course-e9dcc59d.js,https://ilearn.thu.edu.tw/static/53105.ebe47697.js,.js,True,raw/ilearn.thu.edu.tw/static/53105.ebe47697.js,200
raw/ilearn.thu.edu.tw/static/runtime~js/main-public-course-e9dcc59d.js,https://ilearn.thu.edu.tw/static/53118.9e442bef.js,.js,True,raw/ilearn.thu.edu.tw/static/53118.9e442bef.js,200
raw/ilearn.thu.edu.tw/static/runtime~js/main-public-course-e9dcc59d.js,https://ilearn.thu.edu.tw/static/53193.a73c57fa.js,.js,True,raw/ilearn.thu.edu.tw/static/53193.a73c57fa.js,200
raw/ilearn.thu.edu.tw/static/runtime~js/main-public-course-e9dcc59d.js,https://ilearn.thu.edu.tw/static/5324-3afdb00e.chunk.css,.css,True,raw/ilearn.thu.edu.tw/static/5324-3afdb00e.chunk.css,200
raw/ilearn.thu.edu.tw/static/runtime~js/main-public-course-e9dcc59d.js,https://ilearn.thu.edu.tw/static/5324.24c49169.js,.js,True,raw/ilearn.thu.edu.tw/static/5324.24c49169.js,200
raw/ilearn.thu.edu.tw/static/runtime~js/main-public-course-e9dcc59d.js,https://ilearn.thu.edu.tw/static/53352.cf45ec1b.js,.js,True,raw/ilearn.thu.edu.tw/static/53352.cf45ec1b.js,200
raw/ilearn.thu.edu.tw/static/runtime~js/main-public-course-e9dcc59d.js,https://ilearn.thu.edu.tw/static/53360-2302b21d.chunk.css,.css,True,raw/ilearn.thu.edu.tw/static/53360-2302b21d.chunk.css,200
raw/ilearn.thu.edu.tw/static/runtime~js/main-public-course-e9dcc59d.js,https://ilearn.thu.edu.tw/static/53360.c4eb14f8.js,.js,True,raw/ilearn.thu.edu.tw/static/53360.c4eb14f8.js,200
raw/ilearn.thu.edu.tw/static/runtime~js/main-public-course-e9dcc59d.js,https://ilearn.thu.edu.tw/static/53517-ee6ba8df.chunk.css,.css,True,raw/ilearn.thu.edu.tw/static/53517-ee6ba8df.chunk.css,200
raw/ilearn.thu.edu.tw/static/runtime~js/main-public-course-e9dcc59d.js,https://ilearn.thu.edu.tw/static/53517.939eb523.js,.js,True,raw/ilearn.thu.edu.tw/static/53517.939eb523.js,200
raw/ilearn.thu.edu.tw/static/runtime~js/main-public-course-e9dcc59d.js,https://ilearn.thu.edu.tw/static/53701.67275a68.js,.js,True,raw/ilearn.thu.edu.tw/static/53701.67275a68.js,200
raw/ilearn.thu.edu.tw/static/runtime~js/main-public-course-e9dcc59d.js,https://ilearn.thu.edu.tw/static/53726.ad1e1769.js,.js,True,raw/ilearn.thu.edu.tw/static/53726.ad1e1769.js,200
raw/ilearn.thu.edu.tw/static/runtime~js/main-public-course-e9dcc59d.js,https://ilearn.thu.edu.tw/static/53744.b15db598.js,.js,True,raw/ilearn.thu.edu.tw/static/53744.b15db598.js,200
raw/ilearn.thu.edu.tw/static/runtime~js/main-public-course-e9dcc59d.js,https://ilearn.thu.edu.tw/static/53787.f789eea3.js,.js,True,raw/ilearn.thu.edu.tw/static/53787.f789eea3.js,200
raw/ilearn.thu.edu.tw/static/runtime~js/main-public-course-e9dcc59d.js,https://ilearn.thu.edu.tw/static/5380.198de5fe.js,.js,True,raw/ilearn.thu.edu.tw/static/5380.198de5fe.js,200
raw/ilearn.thu.edu.tw/static/runtime~js/main-public-course-e9dcc59d.js,https://ilearn.thu.edu.tw/static/54032.7674116c.js,.js,True,raw/ilearn.thu.edu.tw/static/54032.7674116c.js,200
raw/ilearn.thu.edu.tw/static/runtime~js/main-public-course-e9dcc59d.js,https://ilearn.thu.edu.tw/static/54345.354d5629.js,.js,True,raw/ilearn.thu.edu.tw/static/54345.354d5629.js,200
raw/ilearn.thu.edu.tw/static/runtime~js/main-public-course-e9dcc59d.js,https://ilearn.thu.edu.tw/static/54501.8d428f86.js,.js,True,raw/ilearn.thu.edu.tw/static/54501.8d428f86.js,200
raw/ilearn.thu.edu.tw/static/runtime~js/main-public-course-e9dcc59d.js,https://ilearn.thu.edu.tw/static/55200.e380810d.js,.js,True,raw/ilearn.thu.edu.tw/static/55200.e380810d.js,200
raw/ilearn.thu.edu.tw/static/runtime~js/main-public-course-e9dcc59d.js,https://ilearn.thu.edu.tw/static/55224.939853c3.js,.js,True,raw/ilearn.thu.edu.tw/static/55224.939853c3.js,200
raw/ilearn.thu.edu.tw/static/runtime~js/main-public-course-e9dcc59d.js,https://ilearn.thu.edu.tw/static/55269-55b3198d.chunk.css,.css,True,raw/ilearn.thu.edu.tw/static/55269-55b3198d.chunk.css,200
raw/ilearn.thu.edu.tw/static/runtime~js/main-public-course-e9dcc59d.js,https://ilearn.thu.edu.tw/static/55269.751db329.js,.js,True,raw/ilearn.thu.edu.tw/static/55269.751db329.js,200
raw/ilearn.thu.edu.tw/static/runtime~js/main-public-course-e9dcc59d.js,https://ilearn.thu.edu.tw/static/55430.e7db0da9.js,.js,True,raw/ilearn.thu.edu.tw/static/55430.e7db0da9.js,200
raw/ilearn.thu.edu.tw/static/runtime~js/main-public-course-e9dcc59d.js,https://ilearn.thu.edu.tw/static/5552.a05f048d.js,.js,True,raw/ilearn.thu.edu.tw/static/5552.a05f048d.js,200
raw/ilearn.thu.edu.tw/static/runtime~js/main-public-course-e9dcc59d.js,https://ilearn.thu.edu.tw/static/5587.35565f0b.js,.js,True,raw/ilearn.thu.edu.tw/static/5587.35565f0b.js,200
raw/ilearn.thu.edu.tw/static/runtime~js/main-public-course-e9dcc59d.js,https://ilearn.thu.edu.tw/static/55883-5cbf025a.chunk.css,.css,True,raw/ilearn.thu.edu.tw/static/55883-5cbf025a.chunk.css,200
raw/ilearn.thu.edu.tw/static/runtime~js/main-public-course-e9dcc59d.js,https://ilearn.thu.edu.tw/static/55883.4fb44abe.js,.js,True,raw/ilearn.thu.edu.tw/static/55883.4fb44abe.js,200
raw/ilearn.thu.edu.tw/static/runtime~js/main-public-course-e9dcc59d.js,https://ilearn.thu.edu.tw/static/56097.6e052f70.js,.js,True,raw/ilearn.thu.edu.tw/static/56097.6e052f70.js,200
raw/ilearn.thu.edu.tw/static/runtime~js/main-public-course-e9dcc59d.js,https://ilearn.thu.edu.tw/static/56238-e6d14d32.chunk.css,.css,True,raw/ilearn.thu.edu.tw/static/56238-e6d14d32.chunk.css,200
raw/ilearn.thu.edu.tw/static/runtime~js/main-public-course-e9dcc59d.js,https://ilearn.thu.edu.tw/static/56238.f31939a7.js,.js,True,raw/ilearn.thu.edu.tw/static/56238.f31939a7.js,200
raw/ilearn.thu.edu.tw/static/runtime~js/main-public-course-e9dcc59d.js,https://ilearn.thu.edu.tw/static/56342.a7791db6.js,.js,True,raw/ilearn.thu.edu.tw/static/56342.a7791db6.js,200
raw/ilearn.thu.edu.tw/static/runtime~js/main-public-course-e9dcc59d.js,https://ilearn.thu.edu.tw/static/56473.a646da96.js,.js,True,raw/ilearn.thu.edu.tw/static/56473.a646da96.js,200
raw/ilearn.thu.edu.tw/static/runtime~js/main-public-course-e9dcc59d.js,https://ilearn.thu.edu.tw/static/56488.5dafa7c7.js,.js,True,raw/ilearn.thu.edu.tw/static/56488.5dafa7c7.js,200
raw/ilearn.thu.edu.tw/static/runtime~js/main-public-course-e9dcc59d.js,https://ilearn.thu.edu.tw/static/56557.a1d013f3.js,.js,True,raw/ilearn.thu.edu.tw/static/56557.a1d013f3.js,200
raw/ilearn.thu.edu.tw/static/runtime~js/main-public-course-e9dcc59d.js,https://ilearn.thu.edu.tw/static/56586-ee6d4aaf.chunk.css,.css,True,raw/ilearn.thu.edu.tw/static/56586-ee6d4aaf.chunk.css,200
raw/ilearn.thu.edu.tw/static/runtime~js/main-public-course-e9dcc59d.js,https://ilearn.thu.edu.tw/static/56586.a238b339.js,.js,True,raw/ilearn.thu.edu.tw/static/56586.a238b339.js,200
raw/ilearn.thu.edu.tw/static/runtime~js/main-public-course-e9dcc59d.js,https://ilearn.thu.edu.tw/static/56690.f382cd2d.js,.js,True,raw/ilearn.thu.edu.tw/static/56690.f382cd2d.js,200
raw/ilearn.thu.edu.tw/static/runtime~js/main-public-course-e9dcc59d.js,https://ilearn.thu.edu.tw/static/56713.bccc0b10.js,.js,True,raw/ilearn.thu.edu.tw/static/56713.bccc0b10.js,200
raw/ilearn.thu.edu.tw/static/runtime~js/main-public-course-e9dcc59d.js,https://ilearn.thu.edu.tw/static/56821.10ffdb15.js,.js,True,raw/ilearn.thu.edu.tw/static/56821.10ffdb15.js,200
raw/ilearn.thu.edu.tw/static/runtime~js/main-public-course-e9dcc59d.js,https://ilearn.thu.edu.tw/static/56863.7dd32aa6.js,.js,True,raw/ilearn.thu.edu.tw/static/56863.7dd32aa6.js,200
raw/ilearn.thu.edu.tw/static/runtime~js/main-public-course-e9dcc59d.js,https://ilearn.thu.edu.tw/static/56998.6f4a56d4.js,.js,True,raw/ilearn.thu.edu.tw/static/56998.6f4a56d4.js,200
raw/ilearn.thu.edu.tw/static/runtime~js/main-public-course-e9dcc59d.js,https://ilearn.thu.edu.tw/static/57006.98dfde3c.js,.js,True,raw/ilearn.thu.edu.tw/static/57006.98dfde3c.js,200
raw/ilearn.thu.edu.tw/static/runtime~js/main-public-course-e9dcc59d.js,https://ilearn.thu.edu.tw/static/57105.8d4f2c6b.js,.js,True,raw/ilearn.thu.edu.tw/static/57105.8d4f2c6b.js,200
raw/ilearn.thu.edu.tw/static/runtime~js/main-public-course-e9dcc59d.js,https://ilearn.thu.edu.tw/static/57123.05c32fa9.js,.js,True,raw/ilearn.thu.edu.tw/static/57123.05c32fa9.js,200
raw/ilearn.thu.edu.tw/static/runtime~js/main-public-course-e9dcc59d.js,https://ilearn.thu.edu.tw/static/57143.4e035d36.js,.js,True,raw/ilearn.thu.edu.tw/static/57143.4e035d36.js,200
raw/ilearn.thu.edu.tw/static/runtime~js/main-public-course-e9dcc59d.js,https://ilearn.thu.edu.tw/static/5727-eea9a5ad.chunk.css,.css,True,raw/ilearn.thu.edu.tw/static/5727-eea9a5ad.chunk.css,200
raw/ilearn.thu.edu.tw/static/runtime~js/main-public-course-e9dcc59d.js,https://ilearn.thu.edu.tw/static/5727.fe67c462.js,.js,True,raw/ilearn.thu.edu.tw/static/5727.fe67c462.js,200
raw/ilearn.thu.edu.tw/static/runtime~js/main-public-course-e9dcc59d.js,https://ilearn.thu.edu.tw/static/5747.0616b035.js,.js,True,raw/ilearn.thu.edu.tw/static/5747.0616b035.js,200
raw/ilearn.thu.edu.tw/static/runtime~js/main-public-course-e9dcc59d.js,https://ilearn.thu.edu.tw/static/57492-7f0270f4.chunk.css,.css,True,raw/ilearn.thu.edu.tw/static/57492-7f0270f4.chunk.css,200
raw/ilearn.thu.edu.tw/static/runtime~js/main-public-course-e9dcc59d.js,https://ilearn.thu.edu.tw/static/57492.7746cf06.js,.js,True,raw/ilearn.thu.edu.tw/static/57492.7746cf06.js,200
raw/ilearn.thu.edu.tw/static/runtime~js/main-public-course-e9dcc59d.js,https://ilearn.thu.edu.tw/static/577-fe65fcbb.chunk.css,.css,True,raw/ilearn.thu.edu.tw/static/577-fe65fcbb.chunk.css,200
raw/ilearn.thu.edu.tw/static/runtime~js/main-public-course-e9dcc59d.js,https://ilearn.thu.edu.tw/static/577.ebb262f3.js,.js,True,raw/ilearn.thu.edu.tw/static/577.ebb262f3.js,200
raw/ilearn.thu.edu.tw/static/runtime~js/main-public-course-e9dcc59d.js,https://ilearn.thu.edu.tw/static/57717.10d6c03a.js,.js,True,raw/ilearn.thu.edu.tw/static/57717.10d6c03a.js,200
raw/ilearn.thu.edu.tw/static/runtime~js/main-public-course-e9dcc59d.js,https://ilearn.thu.edu.tw/static/57719-ffadfbca.chunk.css,.css,True,raw/ilearn.thu.edu.tw/static/57719-ffadfbca.chunk.css,200
raw/ilearn.thu.edu.tw/static/runtime~js/main-public-course-e9dcc59d.js,https://ilearn.thu.edu.tw/static/57719.311a757c.js,.js,True,raw/ilearn.thu.edu.tw/static/57719.311a757c.js,200
raw/ilearn.thu.edu.tw/static/runtime~js/main-public-course-e9dcc59d.js,https://ilearn.thu.edu.tw/static/57829-7fda68c1.chunk.css,.css,True,raw/ilearn.thu.edu.tw/static/57829-7fda68c1.chunk.css,200
raw/ilearn.thu.edu.tw/static/runtime~js/main-public-course-e9dcc59d.js,https://ilearn.thu.edu.tw/static/57829.57c25bf0.js,.js,True,raw/ilearn.thu.edu.tw/static/57829.57c25bf0.js,200
raw/ilearn.thu.edu.tw/static/runtime~js/main-public-course-e9dcc59d.js,https://ilearn.thu.edu.tw/static/58058.12a2afe7.js,.js,True,raw/ilearn.thu.edu.tw/static/58058.12a2afe7.js,200
raw/ilearn.thu.edu.tw/static/runtime~js/main-public-course-e9dcc59d.js,https://ilearn.thu.edu.tw/static/58273-ee524950.chunk.css,.css,True,raw/ilearn.thu.edu.tw/static/58273-ee524950.chunk.css,200
raw/ilearn.thu.edu.tw/static/runtime~js/main-public-course-e9dcc59d.js,https://ilearn.thu.edu.tw/static/58273.e82db5f8.js,.js,True,raw/ilearn.thu.edu.tw/static/58273.e82db5f8.js,200
raw/ilearn.thu.edu.tw/static/runtime~js/main-public-course-e9dcc59d.js,https://ilearn.thu.edu.tw/static/58305.075ff37e.js,.js,True,raw/ilearn.thu.edu.tw/static/58305.075ff37e.js,200
raw/ilearn.thu.edu.tw/static/runtime~js/main-public-course-e9dcc59d.js,https://ilearn.thu.edu.tw/static/58315-efee6077.chunk.css,.css,True,raw/ilearn.thu.edu.tw/static/58315-efee6077.chunk.css,200
raw/ilearn.thu.edu.tw/static/runtime~js/main-public-course-e9dcc59d.js,https://ilearn.thu.edu.tw/static/58315.5206b873.js,.js,True,raw/ilearn.thu.edu.tw/static/58315.5206b873.js,200
raw/ilearn.thu.edu.tw/static/runtime~js/main-public-course-e9dcc59d.js,https://ilearn.thu.edu.tw/static/58354.7f76f53b.js,.js,True,raw/ilearn.thu.edu.tw/static/58354.7f76f53b.js,200
raw/ilearn.thu.edu.tw/static/runtime~js/main-public-course-e9dcc59d.js,https://ilearn.thu.edu.tw/static/58605.e8c4b20e.js,.js,True,raw/ilearn.thu.edu.tw/static/58605.e8c4b20e.js,200
raw/ilearn.thu.edu.tw/static/runtime~js/main-public-course-e9dcc59d.js,https://ilearn.thu.edu.tw/static/58675.da882e8a.js,.js,True,raw/ilearn.thu.edu.tw/static/58675.da882e8a.js,200
raw/ilearn.thu.edu.tw/static/runtime~js/main-public-course-e9dcc59d.js,https://ilearn.thu.edu.tw/static/58684-e3e80b5d.chunk.css,.css,True,raw/ilearn.thu.edu.tw/static/58684-e3e80b5d.chunk.css,200
raw/ilearn.thu.edu.tw/static/runtime~js/main-public-course-e9dcc59d.js,https://ilearn.thu.edu.tw/static/58684.6591aa99.js,.js,True,raw/ilearn.thu.edu.tw/static/58684.6591aa99.js,200
raw/ilearn.thu.edu.tw/static/runtime~js/main-public-course-e9dcc59d.js,https://ilearn.thu.edu.tw/static/58765.25ce6d88.js,.js,True,raw/ilearn.thu.edu.tw/static/58765.25ce6d88.js,200
raw/ilearn.thu.edu.tw/static/runtime~js/main-public-course-e9dcc59d.js,https://ilearn.thu.edu.tw/static/58791-8786fc4a.chunk.css,.css,True,raw/ilearn.thu.edu.tw/static/58791-8786fc4a.chunk.css,200
raw/ilearn.thu.edu.tw/static/runtime~js/main-public-course-e9dcc59d.js,https://ilearn.thu.edu.tw/static/58791.0d781150.js,.js,True,raw/ilearn.thu.edu.tw/static/58791.0d781150.js,200
raw/ilearn.thu.edu.tw/static/runtime~js/main-public-course-e9dcc59d.js,https://ilearn.thu.edu.tw/static/58870-3f72807e.chunk.css,.css,True,raw/ilearn.thu.edu.tw/static/58870-3f72807e.chunk.css,200
raw/ilearn.thu.edu.tw/static/runtime~js/main-public-course-e9dcc59d.js,https://ilearn.thu.edu.tw/static/58870.a1dc1e8d.js,.js,True,raw/ilearn.thu.edu.tw/static/58870.a1dc1e8d.js,200
raw/ilearn.thu.edu.tw/static/runtime~js/main-public-course-e9dcc59d.js,https://ilearn.thu.edu.tw/static/58960.1daf8fad.js,.js,True,raw/ilearn.thu.edu.tw/static/58960.1daf8fad.js,200
raw/ilearn.thu.edu.tw/static/runtime~js/main-public-course-e9dcc59d.js,https://ilearn.thu.edu.tw/static/58977.6c2f35bd.js,.js,True,raw/ilearn.thu.edu.tw/static/58977.6c2f35bd.js,200
raw/ilearn.thu.edu.tw/static/runtime~js/main-public-course-e9dcc59d.js,https://ilearn.thu.edu.tw/static/58986.b8ea3e0e.js,.js,True,raw/ilearn.thu.edu.tw/static/58986.b8ea3e0e.js,200
raw/ilearn.thu.edu.tw/static/runtime~js/main-public-course-e9dcc59d.js,https://ilearn.thu.edu.tw/static/59093.0c93f189.js,.js,True,raw/ilearn.thu.edu.tw/static/59093.0c93f189.js,200
raw/ilearn.thu.edu.tw/static/runtime~js/main-public-course-e9dcc59d.js,https://ilearn.thu.edu.tw/static/59127-e4158134.chunk.css,.css,True,raw/ilearn.thu.edu.tw/static/59127-e4158134.chunk.css,200
raw/ilearn.thu.edu.tw/static/runtime~js/main-public-course-e9dcc59d.js,https://ilearn.thu.edu.tw/static/59127.d25a97b1.js,.js,True,raw/ilearn.thu.edu.tw/static/59127.d25a97b1.js,200
raw/ilearn.thu.edu.tw/static/runtime~js/main-public-course-e9dcc59d.js,https://ilearn.thu.edu.tw/static/59241-2c6c4de7.chunk.css,.css,True,raw/ilearn.thu.edu.tw/static/59241-2c6c4de7.chunk.css,200
raw/ilearn.thu.edu.tw/static/runtime~js/main-public-course-e9dcc59d.js,https://ilearn.thu.edu.tw/static/59241.4f8fae2d.js,.js,True,raw/ilearn.thu.edu.tw/static/59241.4f8fae2d.js,200
raw/ilearn.thu.edu.tw/static/runtime~js/main-public-course-e9dcc59d.js,https://ilearn.thu.edu.tw/static/59246.3ab4838a.js,.js,True,raw/ilearn.thu.edu.tw/static/59246.3ab4838a.js,200
raw/ilearn.thu.edu.tw/static/runtime~js/main-public-course-e9dcc59d.js,https://ilearn.thu.edu.tw/static/59414.7893dd9b.js,.js,True,raw/ilearn.thu.edu.tw/static/59414.7893dd9b.js,200
raw/ilearn.thu.edu.tw/static/runtime~js/main-public-course-e9dcc59d.js,https://ilearn.thu.edu.tw/static/59576.7aadb53f.js,.js,True,raw/ilearn.thu.edu.tw/static/59576.7aadb53f.js,200
raw/ilearn.thu.edu.tw/static/runtime~js/main-public-course-e9dcc59d.js,https://ilearn.thu.edu.tw/static/59611-4fe84569.chunk.css,.css,True,raw/ilearn.thu.edu.tw/static/59611-4fe84569.chunk.css,200
raw/ilearn.thu.edu.tw/static/runtime~js/main-public-course-e9dcc59d.js,https://ilearn.thu.edu.tw/static/59611.26dbf0b9.js,.js,True,raw/ilearn.thu.edu.tw/static/59611.26dbf0b9.js,200
raw/ilearn.thu.edu.tw/static/runtime~js/main-public-course-e9dcc59d.js,https://ilearn.thu.edu.tw/static/59661-d1719dd8.chunk.css,.css,True,raw/ilearn.thu.edu.tw/static/59661-d1719dd8.chunk.css,200
raw/ilearn.thu.edu.tw/static/runtime~js/main-public-course-e9dcc59d.js,https://ilearn.thu.edu.tw/static/59661.91f42efe.js,.js,True,raw/ilearn.thu.edu.tw/static/59661.91f42efe.js,200
raw/ilearn.thu.edu.tw/static/runtime~js/main-public-course-e9dcc59d.js,https://ilearn.thu.edu.tw/static/59931.0b50618d.js,.js,True,raw/ilearn.thu.edu.tw/static/59931.0b50618d.js,200
raw/ilearn.thu.edu.tw/static/runtime~js/main-public-course-e9dcc59d.js,https://ilearn.thu.edu.tw/static/59988-09b8540a.js,.js,True,raw/ilearn.thu.edu.tw/static/59988-09b8540a.js,200
raw/ilearn.thu.edu.tw/static/runtime~js/main-public-course-e9dcc59d.js,https://ilearn.thu.edu.tw/static/60004-96de9cbd.chunk.css,.css,True,raw/ilearn.thu.edu.tw/static/60004-96de9cbd.chunk.css,200
raw/ilearn.thu.edu.tw/static/runtime~js/main-public-course-e9dcc59d.js,https://ilearn.thu.edu.tw/static/60004.a0b49431.js,.js,True,raw/ilearn.thu.edu.tw/static/60004.a0b49431.js,200
raw/ilearn.thu.edu.tw/static/runtime~js/main-public-course-e9dcc59d.js,https://ilearn.thu.edu.tw/static/60088.2732e1e3.js,.js,True,raw/ilearn.thu.edu.tw/static/60088.2732e1e3.js,200
raw/ilearn.thu.edu.tw/static/runtime~js/main-public-course-e9dcc59d.js,https://ilearn.thu.edu.tw/static/60532.47d6c4f9.js,.js,True,raw/ilearn.thu.edu.tw/static/60532.47d6c4f9.js,200
raw/ilearn.thu.edu.tw/static/runtime~js/main-public-course-e9dcc59d.js,https://ilearn.thu.edu.tw/static/60648.54941882.js,.js,True,raw/ilearn.thu.edu.tw/static/60648.54941882.js,200
raw/ilearn.thu.edu.tw/static/runtime~js/main-public-course-e9dcc59d.js,https://ilearn.thu.edu.tw/static/6066.db556320.js,.js,True,raw/ilearn.thu.edu.tw/static/6066.db556320.js,200
raw/ilearn.thu.edu.tw/static/runtime~js/main-public-course-e9dcc59d.js,https://ilearn.thu.edu.tw/static/60797-e6b2c218.chunk.css,.css,True,raw/ilearn.thu.edu.tw/static/60797-e6b2c218.chunk.css,200
raw/ilearn.thu.edu.tw/static/runtime~js/main-public-course-e9dcc59d.js,https://ilearn.thu.edu.tw/static/60797.036cfe1d.js,.js,True,raw/ilearn.thu.edu.tw/static/60797.036cfe1d.js,200
raw/ilearn.thu.edu.tw/static/runtime~js/main-public-course-e9dcc59d.js,https://ilearn.thu.edu.tw/static/60808.b6e6469e.js,.js,True,raw/ilearn.thu.edu.tw/static/60808.b6e6469e.js,200
raw/ilearn.thu.edu.tw/static/runtime~js/main-public-course-e9dcc59d.js,https://ilearn.thu.edu.tw/static/60868-9c24b52d.js,.js,True,raw/ilearn.thu.edu.tw/static/60868-9c24b52d.js,200
raw/ilearn.thu.edu.tw/static/runtime~js/main-public-course-e9dcc59d.js,https://ilearn.thu.edu.tw/static/61116.cffc9940.js,.js,True,raw/ilearn.thu.edu.tw/static/61116.cffc9940.js,200
raw/ilearn.thu.edu.tw/static/runtime~js/main-public-course-e9dcc59d.js,https://ilearn.thu.edu.tw/static/61141.27f30369.js,.js,True,raw/ilearn.thu.edu.tw/static/61141.27f30369.js,200
raw/ilearn.thu.edu.tw/static/runtime~js/main-public-course-e9dcc59d.js,https://ilearn.thu.edu.tw/static/61268.45d99379.js,.js,True,raw/ilearn.thu.edu.tw/static/61268.45d99379.js,200
raw/ilearn.thu.edu.tw/static/runtime~js/main-public-course-e9dcc59d.js,https://ilearn.thu.edu.tw/static/61362-6401467b.chunk.css,.css,True,raw/ilearn.thu.edu.tw/static/61362-6401467b.chunk.css,200
raw/ilearn.thu.edu.tw/static/runtime~js/main-public-course-e9dcc59d.js,https://ilearn.thu.edu.tw/static/61362.bfd86d99.js,.js,True,raw/ilearn.thu.edu.tw/static/61362.bfd86d99.js,200
raw/ilearn.thu.edu.tw/static/runtime~js/main-public-course-e9dcc59d.js,https://ilearn.thu.edu.tw/static/61508.ff3d35a7.js,.js,True,raw/ilearn.thu.edu.tw/static/61508.ff3d35a7.js,200
raw/ilearn.thu.edu.tw/static/runtime~js/main-public-course-e9dcc59d.js,https://ilearn.thu.edu.tw/static/61813-f9d62ef1.chunk.css,.css,True,raw/ilearn.thu.edu.tw/static/61813-f9d62ef1.chunk.css,200
raw/ilearn.thu.edu.tw/static/runtime~js/main-public-course-e9dcc59d.js,https://ilearn.thu.edu.tw/static/61813.953957a8.js,.js,True,raw/ilearn.thu.edu.tw/static/61813.953957a8.js,200
raw/ilearn.thu.edu.tw/static/runtime~js/main-public-course-e9dcc59d.js,https://ilearn.thu.edu.tw/static/61827.21c6f16e.js,.js,True,raw/ilearn.thu.edu.tw/static/61827.21c6f16e.js,200
raw/ilearn.thu.edu.tw/static/runtime~js/main-public-course-e9dcc59d.js,https://ilearn.thu.edu.tw/static/6194-2099889d.chunk.css,.css,True,raw/ilearn.thu.edu.tw/static/6194-2099889d.chunk.css,200
raw/ilearn.thu.edu.tw/static/runtime~js/main-public-course-e9dcc59d.js,https://ilearn.thu.edu.tw/static/6194.9278dbfd.js,.js,True,raw/ilearn.thu.edu.tw/static/6194.9278dbfd.js,200
raw/ilearn.thu.edu.tw/static/runtime~js/main-public-course-e9dcc59d.js,https://ilearn.thu.edu.tw/static/61977.30ecd202.js,.js,True,raw/ilearn.thu.edu.tw/static/61977.30ecd202.js,200
raw/ilearn.thu.edu.tw/static/runtime~js/main-public-course-e9dcc59d.js,https://ilearn.thu.edu.tw/static/62115.535dac38.js,.js,True,raw/ilearn.thu.edu.tw/static/62115.535dac38.js,200
raw/ilearn.thu.edu.tw/static/runtime~js/main-public-course-e9dcc59d.js,https://ilearn.thu.edu.tw/static/62208.be9a7e29.js,.js,True,raw/ilearn.thu.edu.tw/static/62208.be9a7e29.js,200
raw/ilearn.thu.edu.tw/static/runtime~js/main-public-course-e9dcc59d.js,https://ilearn.thu.edu.tw/static/62383.f956d0b8.js,.js,True,raw/ilearn.thu.edu.tw/static/62383.f956d0b8.js,200
raw/ilearn.thu.edu.tw/static/runtime~js/main-public-course-e9dcc59d.js,https://ilearn.thu.edu.tw/static/6240-25958ca2.chunk.css,.css,True,raw/ilearn.thu.edu.tw/static/6240-25958ca2.chunk.css,200
raw/ilearn.thu.edu.tw/static/runtime~js/main-public-course-e9dcc59d.js,https://ilearn.thu.edu.tw/static/6240.72c6e2a0.js,.js,True,raw/ilearn.thu.edu.tw/static/6240.72c6e2a0.js,200
raw/ilearn.thu.edu.tw/static/runtime~js/main-public-course-e9dcc59d.js,https://ilearn.thu.edu.tw/static/62431-eea2ade2.chunk.css,.css,True,raw/ilearn.thu.edu.tw/static/62431-eea2ade2.chunk.css,200
raw/ilearn.thu.edu.tw/static/runtime~js/main-public-course-e9dcc59d.js,https://ilearn.thu.edu.tw/static/62431.398c2bf4.js,.js,True,raw/ilearn.thu.edu.tw/static/62431.398c2bf4.js,200
raw/ilearn.thu.edu.tw/static/runtime~js/main-public-course-e9dcc59d.js,https://ilearn.thu.edu.tw/static/62481-17fb0552.css,.css,True,raw/ilearn.thu.edu.tw/static/62481-17fb0552.css,200
raw/ilearn.thu.edu.tw/static/runtime~js/main-public-course-e9dcc59d.js,https://ilearn.thu.edu.tw/static/6258.d663801d.js,.js,True,raw/ilearn.thu.edu.tw/static/6258.d663801d.js,200
raw/ilearn.thu.edu.tw/static/runtime~js/main-public-course-e9dcc59d.js,https://ilearn.thu.edu.tw/static/62691.5eda5538.js,.js,True,raw/ilearn.thu.edu.tw/static/62691.5eda5538.js,200
raw/ilearn.thu.edu.tw/static/runtime~js/main-public-course-e9dcc59d.js,https://ilearn.thu.edu.tw/static/62698-12c30edb.chunk.css,.css,True,raw/ilearn.thu.edu.tw/static/62698-12c30edb.chunk.css,200
raw/ilearn.thu.edu.tw/static/runtime~js/main-public-course-e9dcc59d.js,https://ilearn.thu.edu.tw/static/62698.d680d277.js,.js,True,raw/ilearn.thu.edu.tw/static/62698.d680d277.js,200
raw/ilearn.thu.edu.tw/static/runtime~js/main-public-course-e9dcc59d.js,https://ilearn.thu.edu.tw/static/62699.d8a837e2.js,.js,True,raw/ilearn.thu.edu.tw/static/62699.d8a837e2.js,200
raw/ilearn.thu.edu.tw/static/runtime~js/main-public-course-e9dcc59d.js,https://ilearn.thu.edu.tw/static/62964.d4f645ea.js,.js,True,raw/ilearn.thu.edu.tw/static/62964.d4f645ea.js,200
raw/ilearn.thu.edu.tw/static/runtime~js/main-public-course-e9dcc59d.js,https://ilearn.thu.edu.tw/static/63109.9d573414.js,.js,True,raw/ilearn.thu.edu.tw/static/63109.9d573414.js,200
raw/ilearn.thu.edu.tw/static/runtime~js/main-public-course-e9dcc59d.js,https://ilearn.thu.edu.tw/static/63256.3e10694e.js,.js,True,raw/ilearn.thu.edu.tw/static/63256.3e10694e.js,200
raw/ilearn.thu.edu.tw/static/runtime~js/main-public-course-e9dcc59d.js,https://ilearn.thu.edu.tw/static/63294.a7cff4a3.js,.js,True,raw/ilearn.thu.edu.tw/static/63294.a7cff4a3.js,200
raw/ilearn.thu.edu.tw/static/runtime~js/main-public-course-e9dcc59d.js,https://ilearn.thu.edu.tw/static/63328.1e42b11a.js,.js,True,raw/ilearn.thu.edu.tw/static/63328.1e42b11a.js,200
raw/ilearn.thu.edu.tw/static/runtime~js/main-public-course-e9dcc59d.js,https://ilearn.thu.edu.tw/static/63492.d3abe7f7.js,.js,True,raw/ilearn.thu.edu.tw/static/63492.d3abe7f7.js,200
raw/ilearn.thu.edu.tw/static/runtime~js/main-public-course-e9dcc59d.js,https://ilearn.thu.edu.tw/static/63534.15e051cd.js,.js,True,raw/ilearn.thu.edu.tw/static/63534.15e051cd.js,200
raw/ilearn.thu.edu.tw/static/runtime~js/main-public-course-e9dcc59d.js,https://ilearn.thu.edu.tw/static/63597-394f2191.chunk.css,.css,True,raw/ilearn.thu.edu.tw/static/63597-394f2191.chunk.css,200
raw/ilearn.thu.edu.tw/static/runtime~js/main-public-course-e9dcc59d.js,https://ilearn.thu.edu.tw/static/63597.86ed0d86.js,.js,True,raw/ilearn.thu.edu.tw/static/63597.86ed0d86.js,200
raw/ilearn.thu.edu.tw/static/runtime~js/main-public-course-e9dcc59d.js,https://ilearn.thu.edu.tw/static/63694.55639e9f.js,.js,True,raw/ilearn.thu.edu.tw/static/63694.55639e9f.js,200
raw/ilearn.thu.edu.tw/static/runtime~js/main-public-course-e9dcc59d.js,https://ilearn.thu.edu.tw/static/63756-b6ed5817.js,.js,True,raw/ilearn.thu.edu.tw/static/63756-b6ed5817.js,200
raw/ilearn.thu.edu.tw/static/runtime~js/main-public-course-e9dcc59d.js,https://ilearn.thu.edu.tw/static/63893.9f967263.js,.js,True,raw/ilearn.thu.edu.tw/static/63893.9f967263.js,200
raw/ilearn.thu.edu.tw/static/runtime~js/main-public-course-e9dcc59d.js,https://ilearn.thu.edu.tw/static/63918-d58e56c6.chunk.css,.css,True,raw/ilearn.thu.edu.tw/static/63918-d58e56c6.chunk.css,200
raw/ilearn.thu.edu.tw/static/runtime~js/main-public-course-e9dcc59d.js,https://ilearn.thu.edu.tw/static/63918.0915f565.js,.js,True,raw/ilearn.thu.edu.tw/static/63918.0915f565.js,200
raw/ilearn.thu.edu.tw/static/runtime~js/main-public-course-e9dcc59d.js,https://ilearn.thu.edu.tw/static/64060-4e455ced.chunk.css,.css,True,raw/ilearn.thu.edu.tw/static/64060-4e455ced.chunk.css,200
raw/ilearn.thu.edu.tw/static/runtime~js/main-public-course-e9dcc59d.js,https://ilearn.thu.edu.tw/static/64060.3772bf8f.js,.js,True,raw/ilearn.thu.edu.tw/static/64060.3772bf8f.js,200
raw/ilearn.thu.edu.tw/static/runtime~js/main-public-course-e9dcc59d.js,https://ilearn.thu.edu.tw/static/64096-dad4b95c.chunk.css,.css,True,raw/ilearn.thu.edu.tw/static/64096-dad4b95c.chunk.css,200
raw/ilearn.thu.edu.tw/static/runtime~js/main-public-course-e9dcc59d.js,https://ilearn.thu.edu.tw/static/64096.4ab88408.js,.js,True,raw/ilearn.thu.edu.tw/static/64096.4ab88408.js,200
raw/ilearn.thu.edu.tw/static/runtime~js/main-public-course-e9dcc59d.js,https://ilearn.thu.edu.tw/static/6411.88ba6ff3.js,.js,True,raw/ilearn.thu.edu.tw/static/6411.88ba6ff3.js,200
raw/ilearn.thu.edu.tw/static/runtime~js/main-public-course-e9dcc59d.js,https://ilearn.thu.edu.tw/static/64274.801be9be.js,.js,True,raw/ilearn.thu.edu.tw/static/64274.801be9be.js,200
raw/ilearn.thu.edu.tw/static/runtime~js/main-public-course-e9dcc59d.js,https://ilearn.thu.edu.tw/static/64288-e49c4b74.chunk.css,.css,True,raw/ilearn.thu.edu.tw/static/64288-e49c4b74.chunk.css,200
raw/ilearn.thu.edu.tw/static/runtime~js/main-public-course-e9dcc59d.js,https://ilearn.thu.edu.tw/static/64288.ea478172.js,.js,True,raw/ilearn.thu.edu.tw/static/64288.ea478172.js,200
raw/ilearn.thu.edu.tw/static/runtime~js/main-public-course-e9dcc59d.js,https://ilearn.thu.edu.tw/static/64422.c3faf34c.js,.js,True,raw/ilearn.thu.edu.tw/static/64422.c3faf34c.js,200
raw/ilearn.thu.edu.tw/static/runtime~js/main-public-course-e9dcc59d.js,https://ilearn.thu.edu.tw/static/64524-c1849d25.chunk.css,.css,True,raw/ilearn.thu.edu.tw/static/64524-c1849d25.chunk.css,200
raw/ilearn.thu.edu.tw/static/runtime~js/main-public-course-e9dcc59d.js,https://ilearn.thu.edu.tw/static/64524.998ab750.js,.js,True,raw/ilearn.thu.edu.tw/static/64524.998ab750.js,200
raw/ilearn.thu.edu.tw/static/runtime~js/main-public-course-e9dcc59d.js,https://ilearn.thu.edu.tw/static/64608.9531c22f.js,.js,True,raw/ilearn.thu.edu.tw/static/64608.9531c22f.js,200
raw/ilearn.thu.edu.tw/static/runtime~js/main-public-course-e9dcc59d.js,https://ilearn.thu.edu.tw/static/64611.ccf22dfb.js,.js,True,raw/ilearn.thu.edu.tw/static/64611.ccf22dfb.js,200
raw/ilearn.thu.edu.tw/static/runtime~js/main-public-course-e9dcc59d.js,https://ilearn.thu.edu.tw/static/64727-efff0e33.chunk.css,.css,True,raw/ilearn.thu.edu.tw/static/64727-efff0e33.chunk.css,200
raw/ilearn.thu.edu.tw/static/runtime~js/main-public-course-e9dcc59d.js,https://ilearn.thu.edu.tw/static/64727.dfb7503c.js,.js,True,raw/ilearn.thu.edu.tw/static/64727.dfb7503c.js,200
raw/ilearn.thu.edu.tw/static/runtime~js/main-public-course-e9dcc59d.js,https://ilearn.thu.edu.tw/static/64911-bfa95e02.chunk.css,.css,True,raw/ilearn.thu.edu.tw/static/64911-bfa95e02.chunk.css,200
raw/ilearn.thu.edu.tw/static/runtime~js/main-public-course-e9dcc59d.js,https://ilearn.thu.edu.tw/static/64911.f8406418.js,.js,True,raw/ilearn.thu.edu.tw/static/64911.f8406418.js,200
raw/ilearn.thu.edu.tw/static/runtime~js/main-public-course-e9dcc59d.js,https://ilearn.thu.edu.tw/static/64918.24ecb27b.js,.js,True,raw/ilearn.thu.edu.tw/static/64918.24ecb27b.js,200
raw/ilearn.thu.edu.tw/static/runtime~js/main-public-course-e9dcc59d.js,https://ilearn.thu.edu.tw/static/651.c5c890af.js,.js,True,raw/ilearn.thu.edu.tw/static/651.c5c890af.js,200
raw/ilearn.thu.edu.tw/static/runtime~js/main-public-course-e9dcc59d.js,https://ilearn.thu.edu.tw/static/65174.dce3e42d.js,.js,True,raw/ilearn.thu.edu.tw/static/65174.dce3e42d.js,200
raw/ilearn.thu.edu.tw/static/runtime~js/main-public-course-e9dcc59d.js,https://ilearn.thu.edu.tw/static/6610-4ac05e13.chunk.css,.css,True,raw/ilearn.thu.edu.tw/static/6610-4ac05e13.chunk.css,200
raw/ilearn.thu.edu.tw/static/runtime~js/main-public-course-e9dcc59d.js,https://ilearn.thu.edu.tw/static/6610.7655c044.js,.js,True,raw/ilearn.thu.edu.tw/static/6610.7655c044.js,200
raw/ilearn.thu.edu.tw/static/runtime~js/main-public-course-e9dcc59d.js,https://ilearn.thu.edu.tw/static/66278-ce5b93dc.chunk.css,.css,True,raw/ilearn.thu.edu.tw/static/66278-ce5b93dc.chunk.css,200
raw/ilearn.thu.edu.tw/static/runtime~js/main-public-course-e9dcc59d.js,https://ilearn.thu.edu.tw/static/66278.7b246336.js,.js,True,raw/ilearn.thu.edu.tw/static/66278.7b246336.js,200
raw/ilearn.thu.edu.tw/static/runtime~js/main-public-course-e9dcc59d.js,https://ilearn.thu.edu.tw/static/66286.f8a7aa7c.js,.js,True,raw/ilearn.thu.edu.tw/static/66286.f8a7aa7c.js,200
raw/ilearn.thu.edu.tw/static/runtime~js/main-public-course-e9dcc59d.js,https://ilearn.thu.edu.tw/static/66297-eb6ef182.chunk.css,.css,True,raw/ilearn.thu.edu.tw/static/66297-eb6ef182.chunk.css,200
raw/ilearn.thu.edu.tw/static/runtime~js/main-public-course-e9dcc59d.js,https://ilearn.thu.edu.tw/static/66297.9aa2f6d5.js,.js,True,raw/ilearn.thu.edu.tw/static/66297.9aa2f6d5.js,200
raw/ilearn.thu.edu.tw/static/runtime~js/main-public-course-e9dcc59d.js,https://ilearn.thu.edu.tw/static/66340.b22fd651.js,.js,True,raw/ilearn.thu.edu.tw/static/66340.b22fd651.js,200
raw/ilearn.thu.edu.tw/static/runtime~js/main-public-course-e9dcc59d.js,https://ilearn.thu.edu.tw/static/66491-75fbe9d2.js,.js,True,raw/ilearn.thu.edu.tw/static/66491-75fbe9d2.js,200
raw/ilearn.thu.edu.tw/static/runtime~js/main-public-course-e9dcc59d.js,https://ilearn.thu.edu.tw/static/66498.ce4f1ab9.js,.js,True,raw/ilearn.thu.edu.tw/static/66498.ce4f1ab9.js,200
raw/ilearn.thu.edu.tw/static/runtime~js/main-public-course-e9dcc59d.js,https://ilearn.thu.edu.tw/static/66543.3ea1411c.js,.js,True,raw/ilearn.thu.edu.tw/static/66543.3ea1411c.js,200
raw/ilearn.thu.edu.tw/static/runtime~js/main-public-course-e9dcc59d.js,https://ilearn.thu.edu.tw/static/66563.ae6e7541.js,.js,True,raw/ilearn.thu.edu.tw/static/66563.ae6e7541.js,200
raw/ilearn.thu.edu.tw/static/runtime~js/main-public-course-e9dcc59d.js,https://ilearn.thu.edu.tw/static/6670.d8c7a443.js,.js,True,raw/ilearn.thu.edu.tw/static/6670.d8c7a443.js,200
raw/ilearn.thu.edu.tw/static/runtime~js/main-public-course-e9dcc59d.js,https://ilearn.thu.edu.tw/static/66818.a7791db6.js,.js,True,raw/ilearn.thu.edu.tw/static/66818.a7791db6.js,200
raw/ilearn.thu.edu.tw/static/runtime~js/main-public-course-e9dcc59d.js,https://ilearn.thu.edu.tw/static/66824.03546cd1.js,.js,True,raw/ilearn.thu.edu.tw/static/66824.03546cd1.js,200
raw/ilearn.thu.edu.tw/static/runtime~js/main-public-course-e9dcc59d.js,https://ilearn.thu.edu.tw/static/66832.e9aa9685.js,.js,True,raw/ilearn.thu.edu.tw/static/66832.e9aa9685.js,200
raw/ilearn.thu.edu.tw/static/runtime~js/main-public-course-e9dcc59d.js,https://ilearn.thu.edu.tw/static/6696.3bfff1df.js,.js,True,raw/ilearn.thu.edu.tw/static/6696.3bfff1df.js,200
raw/ilearn.thu.edu.tw/static/runtime~js/main-public-course-e9dcc59d.js,https://ilearn.thu.edu.tw/static/67133.08e1a687.js,.js,True,raw/ilearn.thu.edu.tw/static/67133.08e1a687.js,200
raw/ilearn.thu.edu.tw/static/runtime~js/main-public-course-e9dcc59d.js,https://ilearn.thu.edu.tw/static/67206.a13276c1.js,.js,True,raw/ilearn.thu.edu.tw/static/67206.a13276c1.js,200
raw/ilearn.thu.edu.tw/static/runtime~js/main-public-course-e9dcc59d.js,https://ilearn.thu.edu.tw/static/67356-886382b1.chunk.css,.css,True,raw/ilearn.thu.edu.tw/static/67356-886382b1.chunk.css,200
raw/ilearn.thu.edu.tw/static/runtime~js/main-public-course-e9dcc59d.js,https://ilearn.thu.edu.tw/static/67356.e8082ef9.js,.js,True,raw/ilearn.thu.edu.tw/static/67356.e8082ef9.js,200
raw/ilearn.thu.edu.tw/static/runtime~js/main-public-course-e9dcc59d.js,https://ilearn.thu.edu.tw/static/67409-e449dddc.chunk.css,.css,True,raw/ilearn.thu.edu.tw/static/67409-e449dddc.chunk.css,200
raw/ilearn.thu.edu.tw/static/runtime~js/main-public-course-e9dcc59d.js,https://ilearn.thu.edu.tw/static/67409.a640391a.js,.js,True,raw/ilearn.thu.edu.tw/static/67409.a640391a.js,200
raw/ilearn.thu.edu.tw/static/runtime~js/main-public-course-e9dcc59d.js,https://ilearn.thu.edu.tw/static/68245-886382b1.chunk.css,.css,True,raw/ilearn.thu.edu.tw/static/68245-886382b1.chunk.css,200
raw/ilearn.thu.edu.tw/static/runtime~js/main-public-course-e9dcc59d.js,https://ilearn.thu.edu.tw/static/68245.1304549e.js,.js,True,raw/ilearn.thu.edu.tw/static/68245.1304549e.js,200
raw/ilearn.thu.edu.tw/static/runtime~js/main-public-course-e9dcc59d.js,https://ilearn.thu.edu.tw/static/68502-1cdd417a.chunk.css,.css,True,raw/ilearn.thu.edu.tw/static/68502-1cdd417a.chunk.css,200
raw/ilearn.thu.edu.tw/static/runtime~js/main-public-course-e9dcc59d.js,https://ilearn.thu.edu.tw/static/68502.5795455a.js,.js,True,raw/ilearn.thu.edu.tw/static/68502.5795455a.js,200
raw/ilearn.thu.edu.tw/static/runtime~js/main-public-course-e9dcc59d.js,https://ilearn.thu.edu.tw/static/68610.a1465cdd.js,.js,True,raw/ilearn.thu.edu.tw/static/68610.a1465cdd.js,200
raw/ilearn.thu.edu.tw/static/runtime~js/main-public-course-e9dcc59d.js,https://ilearn.thu.edu.tw/static/68805.a47db79c.js,.js,True,raw/ilearn.thu.edu.tw/static/68805.a47db79c.js,200
raw/ilearn.thu.edu.tw/static/runtime~js/main-public-course-e9dcc59d.js,https://ilearn.thu.edu.tw/static/68932.dcb81e7e.js,.js,True,raw/ilearn.thu.edu.tw/static/68932.dcb81e7e.js,200
raw/ilearn.thu.edu.tw/static/runtime~js/main-public-course-e9dcc59d.js,https://ilearn.thu.edu.tw/static/69119-8ff8637a.chunk.css,.css,True,raw/ilearn.thu.edu.tw/static/69119-8ff8637a.chunk.css,200
raw/ilearn.thu.edu.tw/static/runtime~js/main-public-course-e9dcc59d.js,https://ilearn.thu.edu.tw/static/69119.3d53b5e8.js,.js,True,raw/ilearn.thu.edu.tw/static/69119.3d53b5e8.js,200
raw/ilearn.thu.edu.tw/static/runtime~js/main-public-course-e9dcc59d.js,https://ilearn.thu.edu.tw/static/69310-5bfb4315.chunk.css,.css,True,raw/ilearn.thu.edu.tw/static/69310-5bfb4315.chunk.css,200
raw/ilearn.thu.edu.tw/static/runtime~js/main-public-course-e9dcc59d.js,https://ilearn.thu.edu.tw/static/69310.c3bfcfbc.js,.js,True,raw/ilearn.thu.edu.tw/static/69310.c3bfcfbc.js,200
raw/ilearn.thu.edu.tw/static/runtime~js/main-public-course-e9dcc59d.js,https://ilearn.thu.edu.tw/static/69385-ee055694.chunk.css,.css,True,raw/ilearn.thu.edu.tw/static/69385-ee055694.chunk.css,200
raw/ilearn.thu.edu.tw/static/runtime~js/main-public-course-e9dcc59d.js,https://ilearn.thu.edu.tw/static/69385.e9b89c36.js,.js,True,raw/ilearn.thu.edu.tw/static/69385.e9b89c36.js,200
raw/ilearn.thu.edu.tw/static/runtime~js/main-public-course-e9dcc59d.js,https://ilearn.thu.edu.tw/static/69410.09c7ddd2.js,.js,True,raw/ilearn.thu.edu.tw/static/69410.09c7ddd2.js,200
raw/ilearn.thu.edu.tw/static/runtime~js/main-public-course-e9dcc59d.js,https://ilearn.thu.edu.tw/static/69491.39eb865f.js,.js,True,raw/ilearn.thu.edu.tw/static/69491.39eb865f.js,200
raw/ilearn.thu.edu.tw/static/runtime~js/main-public-course-e9dcc59d.js,https://ilearn.thu.edu.tw/static/69624.cf0f0c03.js,.js,True,raw/ilearn.thu.edu.tw/static/69624.cf0f0c03.js,200
raw/ilearn.thu.edu.tw/static/runtime~js/main-public-course-e9dcc59d.js,https://ilearn.thu.edu.tw/static/69818-74de9a75.chunk.css,.css,True,raw/ilearn.thu.edu.tw/static/69818-74de9a75.chunk.css,200
raw/ilearn.thu.edu.tw/static/runtime~js/main-public-course-e9dcc59d.js,https://ilearn.thu.edu.tw/static/69818.d9060642.js,.js,True,raw/ilearn.thu.edu.tw/static/69818.d9060642.js,200
raw/ilearn.thu.edu.tw/static/runtime~js/main-public-course-e9dcc59d.js,https://ilearn.thu.edu.tw/static/69895.09b1942e.js,.js,True,raw/ilearn.thu.edu.tw/static/69895.09b1942e.js,200
raw/ilearn.thu.edu.tw/static/runtime~js/main-public-course-e9dcc59d.js,https://ilearn.thu.edu.tw/static/69931.fc821509.js,.js,True,raw/ilearn.thu.edu.tw/static/69931.fc821509.js,200
raw/ilearn.thu.edu.tw/static/runtime~js/main-public-course-e9dcc59d.js,https://ilearn.thu.edu.tw/static/69942.24c3a1ff.js,.js,True,raw/ilearn.thu.edu.tw/static/69942.24c3a1ff.js,200
raw/ilearn.thu.edu.tw/static/runtime~js/main-public-course-e9dcc59d.js,https://ilearn.thu.edu.tw/static/70397-3a79603d.chunk.css,.css,True,raw/ilearn.thu.edu.tw/static/70397-3a79603d.chunk.css,200
raw/ilearn.thu.edu.tw/static/runtime~js/main-public-course-e9dcc59d.js,https://ilearn.thu.edu.tw/static/70397.11a0efa6.js,.js,True,raw/ilearn.thu.edu.tw/static/70397.11a0efa6.js,200
raw/ilearn.thu.edu.tw/static/runtime~js/main-public-course-e9dcc59d.js,https://ilearn.thu.edu.tw/static/70413.570cff7b.js,.js,True,raw/ilearn.thu.edu.tw/static/70413.570cff7b.js,200
raw/ilearn.thu.edu.tw/static/runtime~js/main-public-course-e9dcc59d.js,https://ilearn.thu.edu.tw/static/70536.a9427994.js,.js,True,raw/ilearn.thu.edu.tw/static/70536.a9427994.js,200
raw/ilearn.thu.edu.tw/static/runtime~js/main-public-course-e9dcc59d.js,https://ilearn.thu.edu.tw/static/70650-b5e8d981.js,.js,True,raw/ilearn.thu.edu.tw/static/70650-b5e8d981.js,200
raw/ilearn.thu.edu.tw/static/runtime~js/main-public-course-e9dcc59d.js,https://ilearn.thu.edu.tw/static/70818-11026d4b.chunk.css,.css,True,raw/ilearn.thu.edu.tw/static/70818-11026d4b.chunk.css,200
raw/ilearn.thu.edu.tw/static/runtime~js/main-public-course-e9dcc59d.js,https://ilearn.thu.edu.tw/static/70818.aa217ae8.js,.js,True,raw/ilearn.thu.edu.tw/static/70818.aa217ae8.js,200
raw/ilearn.thu.edu.tw/static/runtime~js/main-public-course-e9dcc59d.js,https://ilearn.thu.edu.tw/static/71196.5077b7df.js,.js,True,raw/ilearn.thu.edu.tw/static/71196.5077b7df.js,200
raw/ilearn.thu.edu.tw/static/runtime~js/main-public-course-e9dcc59d.js,https://ilearn.thu.edu.tw/static/71218.801909bf.js,.js,True,raw/ilearn.thu.edu.tw/static/71218.801909bf.js,200
raw/ilearn.thu.edu.tw/static/runtime~js/main-public-course-e9dcc59d.js,https://ilearn.thu.edu.tw/static/71296-a946de96.chunk.css,.css,True,raw/ilearn.thu.edu.tw/static/71296-a946de96.chunk.css,200
raw/ilearn.thu.edu.tw/static/runtime~js/main-public-course-e9dcc59d.js,https://ilearn.thu.edu.tw/static/71296.d5cd8d3e.js,.js,True,raw/ilearn.thu.edu.tw/static/71296.d5cd8d3e.js,200
raw/ilearn.thu.edu.tw/static/runtime~js/main-public-course-e9dcc59d.js,https://ilearn.thu.edu.tw/static/71307.f18bb4c2.js,.js,True,raw/ilearn.thu.edu.tw/static/71307.f18bb4c2.js,200
raw/ilearn.thu.edu.tw/static/runtime~js/main-public-course-e9dcc59d.js,https://ilearn.thu.edu.tw/static/7145.f956d0b8.js,.js,True,raw/ilearn.thu.edu.tw/static/7145.f956d0b8.js,200
raw/ilearn.thu.edu.tw/static/runtime~js/main-public-course-e9dcc59d.js,https://ilearn.thu.edu.tw/static/71492.b1878ad3.js,.js,True,raw/ilearn.thu.edu.tw/static/71492.b1878ad3.js,200
raw/ilearn.thu.edu.tw/static/runtime~js/main-public-course-e9dcc59d.js,https://ilearn.thu.edu.tw/static/71801.117745a3.js,.js,True,raw/ilearn.thu.edu.tw/static/71801.117745a3.js,200
raw/ilearn.thu.edu.tw/static/runtime~js/main-public-course-e9dcc59d.js,https://ilearn.thu.edu.tw/static/71852.f013338f.js,.js,True,raw/ilearn.thu.edu.tw/static/71852.f013338f.js,200
raw/ilearn.thu.edu.tw/static/runtime~js/main-public-course-e9dcc59d.js,https://ilearn.thu.edu.tw/static/71999-e66f2ab9.chunk.css,.css,True,raw/ilearn.thu.edu.tw/static/71999-e66f2ab9.chunk.css,200
raw/ilearn.thu.edu.tw/static/runtime~js/main-public-course-e9dcc59d.js,https://ilearn.thu.edu.tw/static/71999.889e7289.js,.js,True,raw/ilearn.thu.edu.tw/static/71999.889e7289.js,200
raw/ilearn.thu.edu.tw/static/runtime~js/main-public-course-e9dcc59d.js,https://ilearn.thu.edu.tw/static/72088.556a45f3.js,.js,True,raw/ilearn.thu.edu.tw/static/72088.556a45f3.js,200
raw/ilearn.thu.edu.tw/static/runtime~js/main-public-course-e9dcc59d.js,https://ilearn.thu.edu.tw/static/72203.0823b722.js,.js,True,raw/ilearn.thu.edu.tw/static/72203.0823b722.js,200
raw/ilearn.thu.edu.tw/static/runtime~js/main-public-course-e9dcc59d.js,https://ilearn.thu.edu.tw/static/72317.6146d22a.js,.js,True,raw/ilearn.thu.edu.tw/static/72317.6146d22a.js,200
raw/ilearn.thu.edu.tw/static/runtime~js/main-public-course-e9dcc59d.js,https://ilearn.thu.edu.tw/static/72366.cf741b4a.js,.js,True,raw/ilearn.thu.edu.tw/static/72366.cf741b4a.js,200
raw/ilearn.thu.edu.tw/static/runtime~js/main-public-course-e9dcc59d.js,https://ilearn.thu.edu.tw/static/72525.f719bf4f.js,.js,True,raw/ilearn.thu.edu.tw/static/72525.f719bf4f.js,200
raw/ilearn.thu.edu.tw/static/runtime~js/main-public-course-e9dcc59d.js,https://ilearn.thu.edu.tw/static/72581.a741bb8b.js,.js,True,raw/ilearn.thu.edu.tw/static/72581.a741bb8b.js,200
raw/ilearn.thu.edu.tw/static/runtime~js/main-public-course-e9dcc59d.js,https://ilearn.thu.edu.tw/static/72592.28fdf93c.js,.js,True,raw/ilearn.thu.edu.tw/static/72592.28fdf93c.js,200
raw/ilearn.thu.edu.tw/static/runtime~js/main-public-course-e9dcc59d.js,https://ilearn.thu.edu.tw/static/72698-c289ae89.chunk.css,.css,True,raw/ilearn.thu.edu.tw/static/72698-c289ae89.chunk.css,200
raw/ilearn.thu.edu.tw/static/runtime~js/main-public-course-e9dcc59d.js,https://ilearn.thu.edu.tw/static/72698.25719124.js,.js,True,raw/ilearn.thu.edu.tw/static/72698.25719124.js,200
raw/ilearn.thu.edu.tw/static/runtime~js/main-public-course-e9dcc59d.js,https://ilearn.thu.edu.tw/static/72784.c98de2e9.js,.js,True,raw/ilearn.thu.edu.tw/static/72784.c98de2e9.js,200
raw/ilearn.thu.edu.tw/static/runtime~js/main-public-course-e9dcc59d.js,https://ilearn.thu.edu.tw/static/72914-5c9523da.css,.css,True,raw/ilearn.thu.edu.tw/static/72914-5c9523da.css,200
raw/ilearn.thu.edu.tw/static/runtime~js/main-public-course-e9dcc59d.js,https://ilearn.thu.edu.tw/static/73096.41e0a073.js,.js,True,raw/ilearn.thu.edu.tw/static/73096.41e0a073.js,200
raw/ilearn.thu.edu.tw/static/runtime~js/main-public-course-e9dcc59d.js,https://ilearn.thu.edu.tw/static/73226.e0f58569.js,.js,True,raw/ilearn.thu.edu.tw/static/73226.e0f58569.js,200
raw/ilearn.thu.edu.tw/static/runtime~js/main-public-course-e9dcc59d.js,https://ilearn.thu.edu.tw/static/73391.4d36f82b.js,.js,True,raw/ilearn.thu.edu.tw/static/73391.4d36f82b.js,200
raw/ilearn.thu.edu.tw/static/runtime~js/main-public-course-e9dcc59d.js,https://ilearn.thu.edu.tw/static/73419.26b2eb87.js,.js,True,raw/ilearn.thu.edu.tw/static/73419.26b2eb87.js,200
raw/ilearn.thu.edu.tw/static/runtime~js/main-public-course-e9dcc59d.js,https://ilearn.thu.edu.tw/static/73644.1ab1287a.js,.js,True,raw/ilearn.thu.edu.tw/static/73644.1ab1287a.js,200
raw/ilearn.thu.edu.tw/static/runtime~js/main-public-course-e9dcc59d.js,https://ilearn.thu.edu.tw/static/73679.df4f3b27.js,.js,True,raw/ilearn.thu.edu.tw/static/73679.df4f3b27.js,200
raw/ilearn.thu.edu.tw/static/runtime~js/main-public-course-e9dcc59d.js,https://ilearn.thu.edu.tw/static/74211.308e4e7a.js,.js,True,raw/ilearn.thu.edu.tw/static/74211.308e4e7a.js,200
raw/ilearn.thu.edu.tw/static/runtime~js/main-public-course-e9dcc59d.js,https://ilearn.thu.edu.tw/static/74300.8f215a9f.js,.js,True,raw/ilearn.thu.edu.tw/static/74300.8f215a9f.js,200
raw/ilearn.thu.edu.tw/static/runtime~js/main-public-course-e9dcc59d.js,https://ilearn.thu.edu.tw/static/74302.a9e02d94.js,.js,True,raw/ilearn.thu.edu.tw/static/74302.a9e02d94.js,200
raw/ilearn.thu.edu.tw/static/runtime~js/main-public-course-e9dcc59d.js,https://ilearn.thu.edu.tw/static/74316-0ca71a0e.chunk.css,.css,True,raw/ilearn.thu.edu.tw/static/74316-0ca71a0e.chunk.css,200
raw/ilearn.thu.edu.tw/static/runtime~js/main-public-course-e9dcc59d.js,https://ilearn.thu.edu.tw/static/74316.5d723c22.js,.js,True,raw/ilearn.thu.edu.tw/static/74316.5d723c22.js,200
raw/ilearn.thu.edu.tw/static/runtime~js/main-public-course-e9dcc59d.js,https://ilearn.thu.edu.tw/static/74405-dae1a8d2.chunk.css,.css,True,raw/ilearn.thu.edu.tw/static/74405-dae1a8d2.chunk.css,200
raw/ilearn.thu.edu.tw/static/runtime~js/main-public-course-e9dcc59d.js,https://ilearn.thu.edu.tw/static/74405.8daaabec.js,.js,True,raw/ilearn.thu.edu.tw/static/74405.8daaabec.js,200
raw/ilearn.thu.edu.tw/static/runtime~js/main-public-course-e9dcc59d.js,https://ilearn.thu.edu.tw/static/74447-6d68f4d9.chunk.css,.css,True,raw/ilearn.thu.edu.tw/static/74447-6d68f4d9.chunk.css,200
raw/ilearn.thu.edu.tw/static/runtime~js/main-public-course-e9dcc59d.js,https://ilearn.thu.edu.tw/static/74447.a214c8b5.js,.js,True,raw/ilearn.thu.edu.tw/static/74447.a214c8b5.js,200
raw/ilearn.thu.edu.tw/static/runtime~js/main-public-course-e9dcc59d.js,https://ilearn.thu.edu.tw/static/74613-94715a6a.chunk.css,.css,True,raw/ilearn.thu.edu.tw/static/74613-94715a6a.chunk.css,200
raw/ilearn.thu.edu.tw/static/runtime~js/main-public-course-e9dcc59d.js,https://ilearn.thu.edu.tw/static/74613.79d89a15.js,.js,True,raw/ilearn.thu.edu.tw/static/74613.79d89a15.js,200
raw/ilearn.thu.edu.tw/static/runtime~js/main-public-course-e9dcc59d.js,https://ilearn.thu.edu.tw/static/74648-36765c06.chunk.css,.css,True,raw/ilearn.thu.edu.tw/static/74648-36765c06.chunk.css,200
raw/ilearn.thu.edu.tw/static/runtime~js/main-public-course-e9dcc59d.js,https://ilearn.thu.edu.tw/static/74648.4d9950d2.js,.js,True,raw/ilearn.thu.edu.tw/static/74648.4d9950d2.js,200
raw/ilearn.thu.edu.tw/static/runtime~js/main-public-course-e9dcc59d.js,https://ilearn.thu.edu.tw/static/74678-aff1b786.chunk.css,.css,True,raw/ilearn.thu.edu.tw/static/74678-aff1b786.chunk.css,200
raw/ilearn.thu.edu.tw/static/runtime~js/main-public-course-e9dcc59d.js,https://ilearn.thu.edu.tw/static/74678.1c824e2e.js,.js,True,raw/ilearn.thu.edu.tw/static/74678.1c824e2e.js,200
raw/ilearn.thu.edu.tw/static/runtime~js/main-public-course-e9dcc59d.js,https://ilearn.thu.edu.tw/static/74679.c6d29d91.js,.js,True,raw/ilearn.thu.edu.tw/static/74679.c6d29d91.js,200
raw/ilearn.thu.edu.tw/static/runtime~js/main-public-course-e9dcc59d.js,https://ilearn.thu.edu.tw/static/74753.00805e88.js,.js,True,raw/ilearn.thu.edu.tw/static/74753.00805e88.js,200
raw/ilearn.thu.edu.tw/static/runtime~js/main-public-course-e9dcc59d.js,https://ilearn.thu.edu.tw/static/74927.c4fad5cf.js,.js,True,raw/ilearn.thu.edu.tw/static/74927.c4fad5cf.js,200
raw/ilearn.thu.edu.tw/static/runtime~js/main-public-course-e9dcc59d.js,https://ilearn.thu.edu.tw/static/75086.6771c875.js,.js,True,raw/ilearn.thu.edu.tw/static/75086.6771c875.js,200
raw/ilearn.thu.edu.tw/static/runtime~js/main-public-course-e9dcc59d.js,https://ilearn.thu.edu.tw/static/75360-6745dc29.js,.js,True,raw/ilearn.thu.edu.tw/static/75360-6745dc29.js,200
raw/ilearn.thu.edu.tw/static/runtime~js/main-public-course-e9dcc59d.js,https://ilearn.thu.edu.tw/static/75513.92e7c98f.js,.js,True,raw/ilearn.thu.edu.tw/static/75513.92e7c98f.js,200
raw/ilearn.thu.edu.tw/static/runtime~js/main-public-course-e9dcc59d.js,https://ilearn.thu.edu.tw/static/75596.4847a7c2.js,.js,True,raw/ilearn.thu.edu.tw/static/75596.4847a7c2.js,200
raw/ilearn.thu.edu.tw/static/runtime~js/main-public-course-e9dcc59d.js,https://ilearn.thu.edu.tw/static/75679.dae04b74.js,.js,True,raw/ilearn.thu.edu.tw/static/75679.dae04b74.js,200
raw/ilearn.thu.edu.tw/static/runtime~js/main-public-course-e9dcc59d.js,https://ilearn.thu.edu.tw/static/75789.017d3b22.js,.js,True,raw/ilearn.thu.edu.tw/static/75789.017d3b22.js,200
raw/ilearn.thu.edu.tw/static/runtime~js/main-public-course-e9dcc59d.js,https://ilearn.thu.edu.tw/static/75978.a48c8fb8.js,.js,True,raw/ilearn.thu.edu.tw/static/75978.a48c8fb8.js,200
raw/ilearn.thu.edu.tw/static/runtime~js/main-public-course-e9dcc59d.js,https://ilearn.thu.edu.tw/static/7612.6b87818f.js,.js,True,raw/ilearn.thu.edu.tw/static/7612.6b87818f.js,200
raw/ilearn.thu.edu.tw/static/runtime~js/main-public-course-e9dcc59d.js,https://ilearn.thu.edu.tw/static/7623.13351f8c.js,.js,True,raw/ilearn.thu.edu.tw/static/7623.13351f8c.js,200
raw/ilearn.thu.edu.tw/static/runtime~js/main-public-course-e9dcc59d.js,https://ilearn.thu.edu.tw/static/76445.efefe93a.js,.js,True,raw/ilearn.thu.edu.tw/static/76445.efefe93a.js,200
raw/ilearn.thu.edu.tw/static/runtime~js/main-public-course-e9dcc59d.js,https://ilearn.thu.edu.tw/static/76541-f45c96fd.js,.js,True,raw/ilearn.thu.edu.tw/static/76541-f45c96fd.js,200
raw/ilearn.thu.edu.tw/static/runtime~js/main-public-course-e9dcc59d.js,https://ilearn.thu.edu.tw/static/76546.56ad0d6e.js,.js,True,raw/ilearn.thu.edu.tw/static/76546.56ad0d6e.js,200
raw/ilearn.thu.edu.tw/static/runtime~js/main-public-course-e9dcc59d.js,https://ilearn.thu.edu.tw/static/76657.045a1940.js,.js,True,raw/ilearn.thu.edu.tw/static/76657.045a1940.js,200
raw/ilearn.thu.edu.tw/static/runtime~js/main-public-course-e9dcc59d.js,https://ilearn.thu.edu.tw/static/76679-669c788f.chunk.css,.css,True,raw/ilearn.thu.edu.tw/static/76679-669c788f.chunk.css,200
raw/ilearn.thu.edu.tw/static/runtime~js/main-public-course-e9dcc59d.js,https://ilearn.thu.edu.tw/static/76679.ac1eb26c.js,.js,True,raw/ilearn.thu.edu.tw/static/76679.ac1eb26c.js,200
raw/ilearn.thu.edu.tw/static/runtime~js/main-public-course-e9dcc59d.js,https://ilearn.thu.edu.tw/static/76756-eb6ef182.chunk.css,.css,True,raw/ilearn.thu.edu.tw/static/76756-eb6ef182.chunk.css,200
raw/ilearn.thu.edu.tw/static/runtime~js/main-public-course-e9dcc59d.js,https://ilearn.thu.edu.tw/static/76756.7b06f21b.js,.js,True,raw/ilearn.thu.edu.tw/static/76756.7b06f21b.js,200
raw/ilearn.thu.edu.tw/static/runtime~js/main-public-course-e9dcc59d.js,https://ilearn.thu.edu.tw/static/7693.6ddfbed1.js,.js,True,raw/ilearn.thu.edu.tw/static/7693.6ddfbed1.js,200
raw/ilearn.thu.edu.tw/static/runtime~js/main-public-course-e9dcc59d.js,https://ilearn.thu.edu.tw/static/76949-e2b17f60.chunk.css,.css,True,raw/ilearn.thu.edu.tw/static/76949-e2b17f60.chunk.css,200
raw/ilearn.thu.edu.tw/static/runtime~js/main-public-course-e9dcc59d.js,https://ilearn.thu.edu.tw/static/76949.ca02eb97.js,.js,True,raw/ilearn.thu.edu.tw/static/76949.ca02eb97.js,200
raw/ilearn.thu.edu.tw/static/runtime~js/main-public-course-e9dcc59d.js,https://ilearn.thu.edu.tw/static/76987.9d0adda9.js,.js,True,raw/ilearn.thu.edu.tw/static/76987.9d0adda9.js,200
raw/ilearn.thu.edu.tw/static/runtime~js/main-public-course-e9dcc59d.js,https://ilearn.thu.edu.tw/static/77089-3ef1dc53.chunk.css,.css,True,raw/ilearn.thu.edu.tw/static/77089-3ef1dc53.chunk.css,200
raw/ilearn.thu.edu.tw/static/runtime~js/main-public-course-e9dcc59d.js,https://ilearn.thu.edu.tw/static/77089.2a979735.js,.js,True,raw/ilearn.thu.edu.tw/static/77089.2a979735.js,200
raw/ilearn.thu.edu.tw/static/runtime~js/main-public-course-e9dcc59d.js,https://ilearn.thu.edu.tw/static/77136.1ef29590.js,.js,True,raw/ilearn.thu.edu.tw/static/77136.1ef29590.js,200
raw/ilearn.thu.edu.tw/static/runtime~js/main-public-course-e9dcc59d.js,https://ilearn.thu.edu.tw/static/77144.0d6d20d8.js,.js,True,raw/ilearn.thu.edu.tw/static/77144.0d6d20d8.js,200
raw/ilearn.thu.edu.tw/static/runtime~js/main-public-course-e9dcc59d.js,https://ilearn.thu.edu.tw/static/77444.f1068012.js,.js,True,raw/ilearn.thu.edu.tw/static/77444.f1068012.js,200
raw/ilearn.thu.edu.tw/static/runtime~js/main-public-course-e9dcc59d.js,https://ilearn.thu.edu.tw/static/77547-c777c935.chunk.css,.css,True,raw/ilearn.thu.edu.tw/static/77547-c777c935.chunk.css,200
raw/ilearn.thu.edu.tw/static/runtime~js/main-public-course-e9dcc59d.js,https://ilearn.thu.edu.tw/static/77547.1ee921ff.js,.js,True,raw/ilearn.thu.edu.tw/static/77547.1ee921ff.js,200
raw/ilearn.thu.edu.tw/static/runtime~js/main-public-course-e9dcc59d.js,https://ilearn.thu.edu.tw/static/77577-2bfd96c5.chunk.css,.css,True,raw/ilearn.thu.edu.tw/static/77577-2bfd96c5.chunk.css,200
raw/ilearn.thu.edu.tw/static/runtime~js/main-public-course-e9dcc59d.js,https://ilearn.thu.edu.tw/static/77577.6fec6f96.js,.js,True,raw/ilearn.thu.edu.tw/static/77577.6fec6f96.js,200
raw/ilearn.thu.edu.tw/static/runtime~js/main-public-course-e9dcc59d.js,https://ilearn.thu.edu.tw/static/77676.71559eab.js,.js,True,raw/ilearn.thu.edu.tw/static/77676.71559eab.js,200
raw/ilearn.thu.edu.tw/static/runtime~js/main-public-course-e9dcc59d.js,https://ilearn.thu.edu.tw/static/77887.e982b363.js,.js,True,raw/ilearn.thu.edu.tw/static/77887.e982b363.js,200
raw/ilearn.thu.edu.tw/static/runtime~js/main-public-course-e9dcc59d.js,https://ilearn.thu.edu.tw/static/77896.cdec4673.js,.js,True,raw/ilearn.thu.edu.tw/static/77896.cdec4673.js,200
raw/ilearn.thu.edu.tw/static/runtime~js/main-public-course-e9dcc59d.js,https://ilearn.thu.edu.tw/static/7796-28ebd2f3.js,.js,True,raw/ilearn.thu.edu.tw/static/7796-28ebd2f3.js,200
raw/ilearn.thu.edu.tw/static/runtime~js/main-public-course-e9dcc59d.js,https://ilearn.thu.edu.tw/static/78264-5cbf025a.chunk.css,.css,True,raw/ilearn.thu.edu.tw/static/78264-5cbf025a.chunk.css,200
raw/ilearn.thu.edu.tw/static/runtime~js/main-public-course-e9dcc59d.js,https://ilearn.thu.edu.tw/static/78264.289f7125.js,.js,True,raw/ilearn.thu.edu.tw/static/78264.289f7125.js,200
raw/ilearn.thu.edu.tw/static/runtime~js/main-public-course-e9dcc59d.js,https://ilearn.thu.edu.tw/static/78310-ee524950.chunk.css,.css,True,raw/ilearn.thu.edu.tw/static/78310-ee524950.chunk.css,200
raw/ilearn.thu.edu.tw/static/runtime~js/main-public-course-e9dcc59d.js,https://ilearn.thu.edu.tw/static/78310.c45679af.js,.js,True,raw/ilearn.thu.edu.tw/static/78310.c45679af.js,200
raw/ilearn.thu.edu.tw/static/runtime~js/main-public-course-e9dcc59d.js,https://ilearn.thu.edu.tw/static/78723.49249bea.js,.js,True,raw/ilearn.thu.edu.tw/static/78723.49249bea.js,200
raw/ilearn.thu.edu.tw/static/runtime~js/main-public-course-e9dcc59d.js,https://ilearn.thu.edu.tw/static/78796-73d55209.css,.css,True,raw/ilearn.thu.edu.tw/static/78796-73d55209.css,200
raw/ilearn.thu.edu.tw/static/runtime~js/main-public-course-e9dcc59d.js,https://ilearn.thu.edu.tw/static/78797.e8389488.js,.js,True,raw/ilearn.thu.edu.tw/static/78797.e8389488.js,200
raw/ilearn.thu.edu.tw/static/runtime~js/main-public-course-e9dcc59d.js,https://ilearn.thu.edu.tw/static/78924.ba69a532.js,.js,True,raw/ilearn.thu.edu.tw/static/78924.ba69a532.js,200
raw/ilearn.thu.edu.tw/static/runtime~js/main-public-course-e9dcc59d.js,https://ilearn.thu.edu.tw/static/78946-e7a18e9f.chunk.css,.css,True,raw/ilearn.thu.edu.tw/static/78946-e7a18e9f.chunk.css,200
raw/ilearn.thu.edu.tw/static/runtime~js/main-public-course-e9dcc59d.js,https://ilearn.thu.edu.tw/static/78946.84d34ae9.js,.js,True,raw/ilearn.thu.edu.tw/static/78946.84d34ae9.js,200
raw/ilearn.thu.edu.tw/static/runtime~js/main-public-course-e9dcc59d.js,https://ilearn.thu.edu.tw/static/78959-6806da28.chunk.css,.css,True,raw/ilearn.thu.edu.tw/static/78959-6806da28.chunk.css,200
raw/ilearn.thu.edu.tw/static/runtime~js/main-public-course-e9dcc59d.js,https://ilearn.thu.edu.tw/static/78959.10ff053a.js,.js,True,raw/ilearn.thu.edu.tw/static/78959.10ff053a.js,200
raw/ilearn.thu.edu.tw/static/runtime~js/main-public-course-e9dcc59d.js,https://ilearn.thu.edu.tw/static/79001.978df930.js,.js,True,raw/ilearn.thu.edu.tw/static/79001.978df930.js,200
raw/ilearn.thu.edu.tw/static/runtime~js/main-public-course-e9dcc59d.js,https://ilearn.thu.edu.tw/static/79055.ee36c6a2.js,.js,True,raw/ilearn.thu.edu.tw/static/79055.ee36c6a2.js,200
raw/ilearn.thu.edu.tw/static/runtime~js/main-public-course-e9dcc59d.js,https://ilearn.thu.edu.tw/static/79067-eece7788.chunk.css,.css,True,raw/ilearn.thu.edu.tw/static/79067-eece7788.chunk.css,200
raw/ilearn.thu.edu.tw/static/runtime~js/main-public-course-e9dcc59d.js,https://ilearn.thu.edu.tw/static/79067.19cccb75.js,.js,True,raw/ilearn.thu.edu.tw/static/79067.19cccb75.js,200
raw/ilearn.thu.edu.tw/static/runtime~js/main-public-course-e9dcc59d.js,https://ilearn.thu.edu.tw/static/79137.cf5b6a1f.js,.js,True,raw/ilearn.thu.edu.tw/static/79137.cf5b6a1f.js,200
raw/ilearn.thu.edu.tw/static/runtime~js/main-public-course-e9dcc59d.js,https://ilearn.thu.edu.tw/static/79189.267840be.js,.js,True,raw/ilearn.thu.edu.tw/static/79189.267840be.js,200
raw/ilearn.thu.edu.tw/static/runtime~js/main-public-course-e9dcc59d.js,https://ilearn.thu.edu.tw/static/79240-1e2330b5.chunk.css,.css,True,raw/ilearn.thu.edu.tw/static/79240-1e2330b5.chunk.css,200
raw/ilearn.thu.edu.tw/static/runtime~js/main-public-course-e9dcc59d.js,https://ilearn.thu.edu.tw/static/79240.07736eba.js,.js,True,raw/ilearn.thu.edu.tw/static/79240.07736eba.js,200
raw/ilearn.thu.edu.tw/static/runtime~js/main-public-course-e9dcc59d.js,https://ilearn.thu.edu.tw/static/7930.cc04692e.js,.js,True,raw/ilearn.thu.edu.tw/static/7930.cc04692e.js,200
raw/ilearn.thu.edu.tw/static/runtime~js/main-public-course-e9dcc59d.js,https://ilearn.thu.edu.tw/static/79494.a9faaec3.js,.js,True,raw/ilearn.thu.edu.tw/static/79494.a9faaec3.js,200
raw/ilearn.thu.edu.tw/static/runtime~js/main-public-course-e9dcc59d.js,https://ilearn.thu.edu.tw/static/7974.c6317f1b.js,.js,True,raw/ilearn.thu.edu.tw/static/7974.c6317f1b.js,200
raw/ilearn.thu.edu.tw/static/runtime~js/main-public-course-e9dcc59d.js,https://ilearn.thu.edu.tw/static/80123.00a036be.js,.js,True,raw/ilearn.thu.edu.tw/static/80123.00a036be.js,200
raw/ilearn.thu.edu.tw/static/runtime~js/main-public-course-e9dcc59d.js,https://ilearn.thu.edu.tw/static/80232.4f121263.js,.js,True,raw/ilearn.thu.edu.tw/static/80232.4f121263.js,200
raw/ilearn.thu.edu.tw/static/runtime~js/main-public-course-e9dcc59d.js,https://ilearn.thu.edu.tw/static/80243-fbb4505d.chunk.css,.css,True,raw/ilearn.thu.edu.tw/static/80243-fbb4505d.chunk.css,200
raw/ilearn.thu.edu.tw/static/runtime~js/main-public-course-e9dcc59d.js,https://ilearn.thu.edu.tw/static/80243.eb4c2912.js,.js,True,raw/ilearn.thu.edu.tw/static/80243.eb4c2912.js,200
raw/ilearn.thu.edu.tw/static/runtime~js/main-public-course-e9dcc59d.js,https://ilearn.thu.edu.tw/static/80546-426d4eca.chunk.css,.css,True,raw/ilearn.thu.edu.tw/static/80546-426d4eca.chunk.css,200
raw/ilearn.thu.edu.tw/static/runtime~js/main-public-course-e9dcc59d.js,https://ilearn.thu.edu.tw/static/80546.45c5dcab.js,.js,True,raw/ilearn.thu.edu.tw/static/80546.45c5dcab.js,200
raw/ilearn.thu.edu.tw/static/runtime~js/main-public-course-e9dcc59d.js,https://ilearn.thu.edu.tw/static/80575.32ea74f5.js,.js,True,raw/ilearn.thu.edu.tw/static/80575.32ea74f5.js,200
raw/ilearn.thu.edu.tw/static/runtime~js/main-public-course-e9dcc59d.js,https://ilearn.thu.edu.tw/static/80688.cdddfc22.js,.js,True,raw/ilearn.thu.edu.tw/static/80688.cdddfc22.js,200
raw/ilearn.thu.edu.tw/static/runtime~js/main-public-course-e9dcc59d.js,https://ilearn.thu.edu.tw/static/80824.30d4b893.js,.js,True,raw/ilearn.thu.edu.tw/static/80824.30d4b893.js,200
raw/ilearn.thu.edu.tw/static/runtime~js/main-public-course-e9dcc59d.js,https://ilearn.thu.edu.tw/static/8110-342cf4b8.chunk.css,.css,True,raw/ilearn.thu.edu.tw/static/8110-342cf4b8.chunk.css,200
raw/ilearn.thu.edu.tw/static/runtime~js/main-public-course-e9dcc59d.js,https://ilearn.thu.edu.tw/static/8110.900a44fb.js,.js,True,raw/ilearn.thu.edu.tw/static/8110.900a44fb.js,200
raw/ilearn.thu.edu.tw/static/runtime~js/main-public-course-e9dcc59d.js,https://ilearn.thu.edu.tw/static/81169.86495dea.js,.js,True,raw/ilearn.thu.edu.tw/static/81169.86495dea.js,200
raw/ilearn.thu.edu.tw/static/runtime~js/main-public-course-e9dcc59d.js,https://ilearn.thu.edu.tw/static/81401.5b776cb7.js,.js,True,raw/ilearn.thu.edu.tw/static/81401.5b776cb7.js,200
raw/ilearn.thu.edu.tw/static/runtime~js/main-public-course-e9dcc59d.js,https://ilearn.thu.edu.tw/static/81474.0c93f189.js,.js,True,raw/ilearn.thu.edu.tw/static/81474.0c93f189.js,200
raw/ilearn.thu.edu.tw/static/runtime~js/main-public-course-e9dcc59d.js,https://ilearn.thu.edu.tw/static/81635.6818788a.js,.js,True,raw/ilearn.thu.edu.tw/static/81635.6818788a.js,200
raw/ilearn.thu.edu.tw/static/runtime~js/main-public-course-e9dcc59d.js,https://ilearn.thu.edu.tw/static/81684.a42641d1.js,.js,True,raw/ilearn.thu.edu.tw/static/81684.a42641d1.js,200
raw/ilearn.thu.edu.tw/static/runtime~js/main-public-course-e9dcc59d.js,https://ilearn.thu.edu.tw/static/81854.5595ac26.js,.js,True,raw/ilearn.thu.edu.tw/static/81854.5595ac26.js,200
raw/ilearn.thu.edu.tw/static/runtime~js/main-public-course-e9dcc59d.js,https://ilearn.thu.edu.tw/static/81931.d129fe73.js,.js,True,raw/ilearn.thu.edu.tw/static/81931.d129fe73.js,200
raw/ilearn.thu.edu.tw/static/runtime~js/main-public-course-e9dcc59d.js,https://ilearn.thu.edu.tw/static/81959.f1d9d1b3.js,.js,True,raw/ilearn.thu.edu.tw/static/81959.f1d9d1b3.js,200
raw/ilearn.thu.edu.tw/static/runtime~js/main-public-course-e9dcc59d.js,https://ilearn.thu.edu.tw/static/82017-04ae4691.css,.css,True,raw/ilearn.thu.edu.tw/static/82017-04ae4691.css,200
raw/ilearn.thu.edu.tw/static/runtime~js/main-public-course-e9dcc59d.js,https://ilearn.thu.edu.tw/static/82438.2858f04a.js,.js,True,raw/ilearn.thu.edu.tw/static/82438.2858f04a.js,200
raw/ilearn.thu.edu.tw/static/runtime~js/main-public-course-e9dcc59d.js,https://ilearn.thu.edu.tw/static/82440.2e3d1706.js,.js,True,raw/ilearn.thu.edu.tw/static/82440.2e3d1706.js,200
raw/ilearn.thu.edu.tw/static/runtime~js/main-public-course-e9dcc59d.js,https://ilearn.thu.edu.tw/static/82611-8004a8a1.css,.css,True,raw/ilearn.thu.edu.tw/static/82611-8004a8a1.css,200
raw/ilearn.thu.edu.tw/static/runtime~js/main-public-course-e9dcc59d.js,https://ilearn.thu.edu.tw/static/82831.135ef996.js,.js,True,raw/ilearn.thu.edu.tw/static/82831.135ef996.js,200
raw/ilearn.thu.edu.tw/static/runtime~js/main-public-course-e9dcc59d.js,https://ilearn.thu.edu.tw/static/82906.5e360954.js,.js,True,raw/ilearn.thu.edu.tw/static/82906.5e360954.js,200
raw/ilearn.thu.edu.tw/static/runtime~js/main-public-course-e9dcc59d.js,https://ilearn.thu.edu.tw/static/83170-1ffef691.js,.js,True,raw/ilearn.thu.edu.tw/static/83170-1ffef691.js,200
raw/ilearn.thu.edu.tw/static/runtime~js/main-public-course-e9dcc59d.js,https://ilearn.thu.edu.tw/static/83176-54ecd42b.chunk.css,.css,True,raw/ilearn.thu.edu.tw/static/83176-54ecd42b.chunk.css,200
raw/ilearn.thu.edu.tw/static/runtime~js/main-public-course-e9dcc59d.js,https://ilearn.thu.edu.tw/static/83176.908d40cb.js,.js,True,raw/ilearn.thu.edu.tw/static/83176.908d40cb.js,200
raw/ilearn.thu.edu.tw/static/runtime~js/main-public-course-e9dcc59d.js,https://ilearn.thu.edu.tw/static/83383.c4e6a35f.js,.js,True,raw/ilearn.thu.edu.tw/static/83383.c4e6a35f.js,200
raw/ilearn.thu.edu.tw/static/runtime~js/main-public-course-e9dcc59d.js,https://ilearn.thu.edu.tw/static/83434.275db7c2.js,.js,True,raw/ilearn.thu.edu.tw/static/83434.275db7c2.js,200
raw/ilearn.thu.edu.tw/static/runtime~js/main-public-course-e9dcc59d.js,https://ilearn.thu.edu.tw/static/83440.3b6f5365.js,.js,True,raw/ilearn.thu.edu.tw/static/83440.3b6f5365.js,200
raw/ilearn.thu.edu.tw/static/runtime~js/main-public-course-e9dcc59d.js,https://ilearn.thu.edu.tw/static/83522.27f30369.js,.js,True,raw/ilearn.thu.edu.tw/static/83522.27f30369.js,200
raw/ilearn.thu.edu.tw/static/runtime~js/main-public-course-e9dcc59d.js,https://ilearn.thu.edu.tw/static/83564.7e35e3f5.js,.js,True,raw/ilearn.thu.edu.tw/static/83564.7e35e3f5.js,200
raw/ilearn.thu.edu.tw/static/runtime~js/main-public-course-e9dcc59d.js,https://ilearn.thu.edu.tw/static/83595-83003043.chunk.css,.css,True,raw/ilearn.thu.edu.tw/static/83595-83003043.chunk.css,200
raw/ilearn.thu.edu.tw/static/runtime~js/main-public-course-e9dcc59d.js,https://ilearn.thu.edu.tw/static/83595.147fb33c.js,.js,True,raw/ilearn.thu.edu.tw/static/83595.147fb33c.js,200
raw/ilearn.thu.edu.tw/static/runtime~js/main-public-course-e9dcc59d.js,https://ilearn.thu.edu.tw/static/83696-11535847.chunk.css,.css,True,raw/ilearn.thu.edu.tw/static/83696-11535847.chunk.css,200
raw/ilearn.thu.edu.tw/static/runtime~js/main-public-course-e9dcc59d.js,https://ilearn.thu.edu.tw/static/83696.caad878f.js,.js,True,raw/ilearn.thu.edu.tw/static/83696.caad878f.js,200
raw/ilearn.thu.edu.tw/static/runtime~js/main-public-course-e9dcc59d.js,https://ilearn.thu.edu.tw/static/83727.aab0cb48.js,.js,True,raw/ilearn.thu.edu.tw/static/83727.aab0cb48.js,200
raw/ilearn.thu.edu.tw/static/runtime~js/main-public-course-e9dcc59d.js,https://ilearn.thu.edu.tw/static/83825.3fa3def0.js,.js,True,raw/ilearn.thu.edu.tw/static/83825.3fa3def0.js,200
raw/ilearn.thu.edu.tw/static/runtime~js/main-public-course-e9dcc59d.js,https://ilearn.thu.edu.tw/static/84010.27abc590.js,.js,True,raw/ilearn.thu.edu.tw/static/84010.27abc590.js,200
raw/ilearn.thu.edu.tw/static/runtime~js/main-public-course-e9dcc59d.js,https://ilearn.thu.edu.tw/static/84208.21c6f16e.js,.js,True,raw/ilearn.thu.edu.tw/static/84208.21c6f16e.js,200
raw/ilearn.thu.edu.tw/static/runtime~js/main-public-course-e9dcc59d.js,https://ilearn.thu.edu.tw/static/84419-83c45f33.chunk.css,.css,True,raw/ilearn.thu.edu.tw/static/84419-83c45f33.chunk.css,200
raw/ilearn.thu.edu.tw/static/runtime~js/main-public-course-e9dcc59d.js,https://ilearn.thu.edu.tw/static/84711.cdc9aeb9.js,.js,True,raw/ilearn.thu.edu.tw/static/84711.cdc9aeb9.js,200
raw/ilearn.thu.edu.tw/static/runtime~js/main-public-course-e9dcc59d.js,https://ilearn.thu.edu.tw/static/84764.f956d0b8.js,.js,True,raw/ilearn.thu.edu.tw/static/84764.f956d0b8.js,200
raw/ilearn.thu.edu.tw/static/runtime~js/main-public-course-e9dcc59d.js,https://ilearn.thu.edu.tw/static/84769-c448a950.chunk.css,.css,True,raw/ilearn.thu.edu.tw/static/84769-c448a950.chunk.css,200
raw/ilearn.thu.edu.tw/static/runtime~js/main-public-course-e9dcc59d.js,https://ilearn.thu.edu.tw/static/84769.6cb6a87f.js,.js,True,raw/ilearn.thu.edu.tw/static/84769.6cb6a87f.js,200
raw/ilearn.thu.edu.tw/static/runtime~js/main-public-course-e9dcc59d.js,https://ilearn.thu.edu.tw/static/84840.bf105711.js,.js,True,raw/ilearn.thu.edu.tw/static/84840.bf105711.js,200
raw/ilearn.thu.edu.tw/static/runtime~js/main-public-course-e9dcc59d.js,https://ilearn.thu.edu.tw/static/85059-4ba70400.chunk.css,.css,True,raw/ilearn.thu.edu.tw/static/85059-4ba70400.chunk.css,200
raw/ilearn.thu.edu.tw/static/runtime~js/main-public-course-e9dcc59d.js,https://ilearn.thu.edu.tw/static/85059.c0056724.js,.js,True,raw/ilearn.thu.edu.tw/static/85059.c0056724.js,200
raw/ilearn.thu.edu.tw/static/runtime~js/main-public-course-e9dcc59d.js,https://ilearn.thu.edu.tw/static/85080.d8a837e2.js,.js,True,raw/ilearn.thu.edu.tw/static/85080.d8a837e2.js,200
raw/ilearn.thu.edu.tw/static/runtime~js/main-public-course-e9dcc59d.js,https://ilearn.thu.edu.tw/static/85489.5300ac04.js,.js,True,raw/ilearn.thu.edu.tw/static/85489.5300ac04.js,200
raw/ilearn.thu.edu.tw/static/runtime~js/main-public-course-e9dcc59d.js,https://ilearn.thu.edu.tw/static/85559.77deee0c.js,.js,True,raw/ilearn.thu.edu.tw/static/85559.77deee0c.js,200
raw/ilearn.thu.edu.tw/static/runtime~js/main-public-course-e9dcc59d.js,https://ilearn.thu.edu.tw/static/85598.6b20bcca.js,.js,True,raw/ilearn.thu.edu.tw/static/85598.6b20bcca.js,200
raw/ilearn.thu.edu.tw/static/runtime~js/main-public-course-e9dcc59d.js,https://ilearn.thu.edu.tw/static/85700.09352f8a.js,.js,True,raw/ilearn.thu.edu.tw/static/85700.09352f8a.js,200
raw/ilearn.thu.edu.tw/static/runtime~js/main-public-course-e9dcc59d.js,https://ilearn.thu.edu.tw/static/86066.8fa17c6e.js,.js,True,raw/ilearn.thu.edu.tw/static/86066.8fa17c6e.js,200
raw/ilearn.thu.edu.tw/static/runtime~js/main-public-course-e9dcc59d.js,https://ilearn.thu.edu.tw/static/8609.eb461692.js,.js,True,raw/ilearn.thu.edu.tw/static/8609.eb461692.js,200
raw/ilearn.thu.edu.tw/static/runtime~js/main-public-course-e9dcc59d.js,https://ilearn.thu.edu.tw/static/86325.ebafe1db.js,.js,True,raw/ilearn.thu.edu.tw/static/86325.ebafe1db.js,200
raw/ilearn.thu.edu.tw/static/runtime~js/main-public-course-e9dcc59d.js,https://ilearn.thu.edu.tw/static/86422.36d3f50f.js,.js,True,raw/ilearn.thu.edu.tw/static/86422.36d3f50f.js,200
raw/ilearn.thu.edu.tw/static/runtime~js/main-public-course-e9dcc59d.js,https://ilearn.thu.edu.tw/static/86711.1eb7c6ef.js,.js,True,raw/ilearn.thu.edu.tw/static/86711.1eb7c6ef.js,200
raw/ilearn.thu.edu.tw/static/runtime~js/main-public-course-e9dcc59d.js,https://ilearn.thu.edu.tw/static/86826.fd8d4ff1.js,.js,True,raw/ilearn.thu.edu.tw/static/86826.fd8d4ff1.js,200
raw/ilearn.thu.edu.tw/static/runtime~js/main-public-course-e9dcc59d.js,https://ilearn.thu.edu.tw/static/86889.be2f56be.js,.js,True,raw/ilearn.thu.edu.tw/static/86889.be2f56be.js,200
raw/ilearn.thu.edu.tw/static/runtime~js/main-public-course-e9dcc59d.js,https://ilearn.thu.edu.tw/static/87056-42fea3d8.chunk.css,.css,True,raw/ilearn.thu.edu.tw/static/87056-42fea3d8.chunk.css,200
raw/ilearn.thu.edu.tw/static/runtime~js/main-public-course-e9dcc59d.js,https://ilearn.thu.edu.tw/static/87056.5d7f912b.js,.js,True,raw/ilearn.thu.edu.tw/static/87056.5d7f912b.js,200
raw/ilearn.thu.edu.tw/static/runtime~js/main-public-course-e9dcc59d.js,https://ilearn.thu.edu.tw/static/87219.2ace1570.js,.js,True,raw/ilearn.thu.edu.tw/static/87219.2ace1570.js,200
raw/ilearn.thu.edu.tw/static/runtime~js/main-public-course-e9dcc59d.js,https://ilearn.thu.edu.tw/static/87298.2dc9119d.js,.js,True,raw/ilearn.thu.edu.tw/static/87298.2dc9119d.js,200
raw/ilearn.thu.edu.tw/static/runtime~js/main-public-course-e9dcc59d.js,https://ilearn.thu.edu.tw/static/87349.d701ccfd.js,.js,True,raw/ilearn.thu.edu.tw/static/87349.d701ccfd.js,200
raw/ilearn.thu.edu.tw/static/runtime~js/main-public-course-e9dcc59d.js,https://ilearn.thu.edu.tw/static/87474.3dfe9474.js,.js,True,raw/ilearn.thu.edu.tw/static/87474.3dfe9474.js,200
raw/ilearn.thu.edu.tw/static/runtime~js/main-public-course-e9dcc59d.js,https://ilearn.thu.edu.tw/static/8751.50229f20.js,.js,True,raw/ilearn.thu.edu.tw/static/8751.50229f20.js,200
raw/ilearn.thu.edu.tw/static/runtime~js/main-public-course-e9dcc59d.js,https://ilearn.thu.edu.tw/static/87863.5d85bf1f.js,.js,True,raw/ilearn.thu.edu.tw/static/87863.5d85bf1f.js,200
raw/ilearn.thu.edu.tw/static/runtime~js/main-public-course-e9dcc59d.js,https://ilearn.thu.edu.tw/static/87899-2c919b23.chunk.css,.css,True,raw/ilearn.thu.edu.tw/static/87899-2c919b23.chunk.css,200
raw/ilearn.thu.edu.tw/static/runtime~js/main-public-course-e9dcc59d.js,https://ilearn.thu.edu.tw/static/87899.f2d33e40.js,.js,True,raw/ilearn.thu.edu.tw/static/87899.f2d33e40.js,200
raw/ilearn.thu.edu.tw/static/runtime~js/main-public-course-e9dcc59d.js,https://ilearn.thu.edu.tw/static/87925.0d6e0258.js,.js,True,raw/ilearn.thu.edu.tw/static/87925.0d6e0258.js,200
raw/ilearn.thu.edu.tw/static/runtime~js/main-public-course-e9dcc59d.js,https://ilearn.thu.edu.tw/static/87942-dc90e165.chunk.css,.css,True,raw/ilearn.thu.edu.tw/static/87942-dc90e165.chunk.css,200
raw/ilearn.thu.edu.tw/static/runtime~js/main-public-course-e9dcc59d.js,https://ilearn.thu.edu.tw/static/88032.23e4cc2e.js,.js,True,raw/ilearn.thu.edu.tw/static/88032.23e4cc2e.js,200
raw/ilearn.thu.edu.tw/static/runtime~js/main-public-course-e9dcc59d.js,https://ilearn.thu.edu.tw/static/8820-167f9e35.js,.js,True,raw/ilearn.thu.edu.tw/static/8820-167f9e35.js,200
raw/ilearn.thu.edu.tw/static/runtime~js/main-public-course-e9dcc59d.js,https://ilearn.thu.edu.tw/static/88465-f841f4bf.chunk.css,.css,True,raw/ilearn.thu.edu.tw/static/88465-f841f4bf.chunk.css,200
raw/ilearn.thu.edu.tw/static/runtime~js/main-public-course-e9dcc59d.js,https://ilearn.thu.edu.tw/static/88465.7abac50f.js,.js,True,raw/ilearn.thu.edu.tw/static/88465.7abac50f.js,200
raw/ilearn.thu.edu.tw/static/runtime~js/main-public-course-e9dcc59d.js,https://ilearn.thu.edu.tw/static/88478.a888aade.js,.js,True,raw/ilearn.thu.edu.tw/static/88478.a888aade.js,200
raw/ilearn.thu.edu.tw/static/runtime~js/main-public-course-e9dcc59d.js,https://ilearn.thu.edu.tw/static/88518.164d9e78.js,.js,True,raw/ilearn.thu.edu.tw/static/88518.164d9e78.js,200
raw/ilearn.thu.edu.tw/static/runtime~js/main-public-course-e9dcc59d.js,https://ilearn.thu.edu.tw/static/88591.8be95795.js,.js,True,raw/ilearn.thu.edu.tw/static/88591.8be95795.js,200
raw/ilearn.thu.edu.tw/static/runtime~js/main-public-course-e9dcc59d.js,https://ilearn.thu.edu.tw/static/8870.8a2f9339.js,.js,True,raw/ilearn.thu.edu.tw/static/8870.8a2f9339.js,200
raw/ilearn.thu.edu.tw/static/runtime~js/main-public-course-e9dcc59d.js,https://ilearn.thu.edu.tw/static/88788-a86f6b64.chunk.css,.css,True,raw/ilearn.thu.edu.tw/static/88788-a86f6b64.chunk.css,200
raw/ilearn.thu.edu.tw/static/runtime~js/main-public-course-e9dcc59d.js,https://ilearn.thu.edu.tw/static/88788.161d6b6a.js,.js,True,raw/ilearn.thu.edu.tw/static/88788.161d6b6a.js,200
raw/ilearn.thu.edu.tw/static/runtime~js/main-public-course-e9dcc59d.js,https://ilearn.thu.edu.tw/static/88951.3d50816c.js,.js,True,raw/ilearn.thu.edu.tw/static/88951.3d50816c.js,200
raw/ilearn.thu.edu.tw/static/runtime~js/main-public-course-e9dcc59d.js,https://ilearn.thu.edu.tw/static/89151-7a970f2f.chunk.css,.css,True,raw/ilearn.thu.edu.tw/static/89151-7a970f2f.chunk.css,200
raw/ilearn.thu.edu.tw/static/runtime~js/main-public-course-e9dcc59d.js,https://ilearn.thu.edu.tw/static/89151.33ad6225.js,.js,True,raw/ilearn.thu.edu.tw/static/89151.33ad6225.js,200
raw/ilearn.thu.edu.tw/static/runtime~js/main-public-course-e9dcc59d.js,https://ilearn.thu.edu.tw/static/89163.40489500.js,.js,True,raw/ilearn.thu.edu.tw/static/89163.40489500.js,200
raw/ilearn.thu.edu.tw/static/runtime~js/main-public-course-e9dcc59d.js,https://ilearn.thu.edu.tw/static/8919.7d3d5c6a.js,.js,True,raw/ilearn.thu.edu.tw/static/8919.7d3d5c6a.js,200
raw/ilearn.thu.edu.tw/static/runtime~js/main-public-course-e9dcc59d.js,https://ilearn.thu.edu.tw/static/89199.a7791db6.js,.js,True,raw/ilearn.thu.edu.tw/static/89199.a7791db6.js,200
raw/ilearn.thu.edu.tw/static/runtime~js/main-public-course-e9dcc59d.js,https://ilearn.thu.edu.tw/static/8937-aac3c00d.chunk.css,.css,True,raw/ilearn.thu.edu.tw/static/8937-aac3c00d.chunk.css,200
raw/ilearn.thu.edu.tw/static/runtime~js/main-public-course-e9dcc59d.js,https://ilearn.thu.edu.tw/static/8937.98779eb4.js,.js,True,raw/ilearn.thu.edu.tw/static/8937.98779eb4.js,200
raw/ilearn.thu.edu.tw/static/runtime~js/main-public-course-e9dcc59d.js,https://ilearn.thu.edu.tw/static/89548-fe8f04f2.chunk.css,.css,True,raw/ilearn.thu.edu.tw/static/89548-fe8f04f2.chunk.css,200
raw/ilearn.thu.edu.tw/static/runtime~js/main-public-course-e9dcc59d.js,https://ilearn.thu.edu.tw/static/89548.bcbf55ce.js,.js,True,raw/ilearn.thu.edu.tw/static/89548.bcbf55ce.js,200
raw/ilearn.thu.edu.tw/static/runtime~js/main-public-course-e9dcc59d.js,https://ilearn.thu.edu.tw/static/89616-8dcadc31.chunk.css,.css,True,raw/ilearn.thu.edu.tw/static/89616-8dcadc31.chunk.css,200
raw/ilearn.thu.edu.tw/static/runtime~js/main-public-course-e9dcc59d.js,https://ilearn.thu.edu.tw/static/89616.6d040071.js,.js,True,raw/ilearn.thu.edu.tw/static/89616.6d040071.js,200
raw/ilearn.thu.edu.tw/static/runtime~js/main-public-course-e9dcc59d.js,https://ilearn.thu.edu.tw/static/89781.8f83b56c.js,.js,True,raw/ilearn.thu.edu.tw/static/89781.8f83b56c.js,200
raw/ilearn.thu.edu.tw/static/runtime~js/main-public-course-e9dcc59d.js,https://ilearn.thu.edu.tw/static/8979.df45e854.js,.js,True,raw/ilearn.thu.edu.tw/static/8979.df45e854.js,200
raw/ilearn.thu.edu.tw/static/runtime~js/main-public-course-e9dcc59d.js,https://ilearn.thu.edu.tw/static/89898-5ef99534.chunk.css,.css,True,raw/ilearn.thu.edu.tw/static/89898-5ef99534.chunk.css,200
raw/ilearn.thu.edu.tw/static/runtime~js/main-public-course-e9dcc59d.js,https://ilearn.thu.edu.tw/static/89898.fcb9a984.js,.js,True,raw/ilearn.thu.edu.tw/static/89898.fcb9a984.js,200
raw/ilearn.thu.edu.tw/static/runtime~js/main-public-course-e9dcc59d.js,https://ilearn.thu.edu.tw/static/90179.4a3256c6.js,.js,True,raw/ilearn.thu.edu.tw/static/90179.4a3256c6.js,200
raw/ilearn.thu.edu.tw/static/runtime~js/main-public-course-e9dcc59d.js,https://ilearn.thu.edu.tw/static/90406.9cacc319.js,.js,True,raw/ilearn.thu.edu.tw/static/90406.9cacc319.js,200
raw/ilearn.thu.edu.tw/static/runtime~js/main-public-course-e9dcc59d.js,https://ilearn.thu.edu.tw/static/90525.dbf7e0f1.js,.js,True,raw/ilearn.thu.edu.tw/static/90525.dbf7e0f1.js,200
raw/ilearn.thu.edu.tw/static/runtime~js/main-public-course-e9dcc59d.js,https://ilearn.thu.edu.tw/static/9056.3f2c59f2.js,.js,True,raw/ilearn.thu.edu.tw/static/9056.3f2c59f2.js,200
raw/ilearn.thu.edu.tw/static/runtime~js/main-public-course-e9dcc59d.js,https://ilearn.thu.edu.tw/static/90625-60e50e58.chunk.css,.css,True,raw/ilearn.thu.edu.tw/static/90625-60e50e58.chunk.css,200
raw/ilearn.thu.edu.tw/static/runtime~js/main-public-course-e9dcc59d.js,https://ilearn.thu.edu.tw/static/90625.550ad754.js,.js,True,raw/ilearn.thu.edu.tw/static/90625.550ad754.js,200
raw/ilearn.thu.edu.tw/static/runtime~js/main-public-course-e9dcc59d.js,https://ilearn.thu.edu.tw/static/90719-920047c0.chunk.css,.css,True,raw/ilearn.thu.edu.tw/static/90719-920047c0.chunk.css,200
raw/ilearn.thu.edu.tw/static/runtime~js/main-public-course-e9dcc59d.js,https://ilearn.thu.edu.tw/static/90719.45743397.js,.js,True,raw/ilearn.thu.edu.tw/static/90719.45743397.js,200
raw/ilearn.thu.edu.tw/static/runtime~js/main-public-course-e9dcc59d.js,https://ilearn.thu.edu.tw/static/90775.e33dd884.js,.js,True,raw/ilearn.thu.edu.tw/static/90775.e33dd884.js,200
raw/ilearn.thu.edu.tw/static/runtime~js/main-public-course-e9dcc59d.js,https://ilearn.thu.edu.tw/static/90924.0f5da29e.js,.js,True,raw/ilearn.thu.edu.tw/static/90924.0f5da29e.js,200
raw/ilearn.thu.edu.tw/static/runtime~js/main-public-course-e9dcc59d.js,https://ilearn.thu.edu.tw/static/90936-350031f2.chunk.css,.css,True,raw/ilearn.thu.edu.tw/static/90936-350031f2.chunk.css,200
raw/ilearn.thu.edu.tw/static/runtime~js/main-public-course-e9dcc59d.js,https://ilearn.thu.edu.tw/static/90936.c26839d0.js,.js,True,raw/ilearn.thu.edu.tw/static/90936.c26839d0.js,200
raw/ilearn.thu.edu.tw/static/runtime~js/main-public-course-e9dcc59d.js,https://ilearn.thu.edu.tw/static/91320.6f83888e.js,.js,True,raw/ilearn.thu.edu.tw/static/91320.6f83888e.js,200
raw/ilearn.thu.edu.tw/static/runtime~js/main-public-course-e9dcc59d.js,https://ilearn.thu.edu.tw/static/91852.eaeb96c8.js,.js,True,raw/ilearn.thu.edu.tw/static/91852.eaeb96c8.js,200
raw/ilearn.thu.edu.tw/static/runtime~js/main-public-course-e9dcc59d.js,https://ilearn.thu.edu.tw/static/91882.ab0217bc.js,.js,True,raw/ilearn.thu.edu.tw/static/91882.ab0217bc.js,200
raw/ilearn.thu.edu.tw/static/runtime~js/main-public-course-e9dcc59d.js,https://ilearn.thu.edu.tw/static/92082-209ef185.chunk.css,.css,True,raw/ilearn.thu.edu.tw/static/92082-209ef185.chunk.css,200
raw/ilearn.thu.edu.tw/static/runtime~js/main-public-course-e9dcc59d.js,https://ilearn.thu.edu.tw/static/92082.4c9d5e26.js,.js,True,raw/ilearn.thu.edu.tw/static/92082.4c9d5e26.js,200
raw/ilearn.thu.edu.tw/static/runtime~js/main-public-course-e9dcc59d.js,https://ilearn.thu.edu.tw/static/92085.9f610fe1.js,.js,True,raw/ilearn.thu.edu.tw/static/92085.9f610fe1.js,200
raw/ilearn.thu.edu.tw/static/runtime~js/main-public-course-e9dcc59d.js,https://ilearn.thu.edu.tw/static/9217-15f4a0df.chunk.css,.css,True,raw/ilearn.thu.edu.tw/static/9217-15f4a0df.chunk.css,200
raw/ilearn.thu.edu.tw/static/runtime~js/main-public-course-e9dcc59d.js,https://ilearn.thu.edu.tw/static/9217.3ccc580b.js,.js,True,raw/ilearn.thu.edu.tw/static/9217.3ccc580b.js,200
raw/ilearn.thu.edu.tw/static/runtime~js/main-public-course-e9dcc59d.js,https://ilearn.thu.edu.tw/static/92245-6062b7bb.chunk.css,.css,True,raw/ilearn.thu.edu.tw/static/92245-6062b7bb.chunk.css,200
raw/ilearn.thu.edu.tw/static/runtime~js/main-public-course-e9dcc59d.js,https://ilearn.thu.edu.tw/static/92245.31ede0b5.js,.js,True,raw/ilearn.thu.edu.tw/static/92245.31ede0b5.js,200
raw/ilearn.thu.edu.tw/static/runtime~js/main-public-course-e9dcc59d.js,https://ilearn.thu.edu.tw/static/92455-93af5f94.chunk.css,.css,True,raw/ilearn.thu.edu.tw/static/92455-93af5f94.chunk.css,200
raw/ilearn.thu.edu.tw/static/runtime~js/main-public-course-e9dcc59d.js,https://ilearn.thu.edu.tw/static/92455.9596e32b.js,.js,True,raw/ilearn.thu.edu.tw/static/92455.9596e32b.js,200
raw/ilearn.thu.edu.tw/static/runtime~js/main-public-course-e9dcc59d.js,https://ilearn.thu.edu.tw/static/92519.1c10a6fc.js,.js,True,raw/ilearn.thu.edu.tw/static/92519.1c10a6fc.js,200
raw/ilearn.thu.edu.tw/static/runtime~js/main-public-course-e9dcc59d.js,https://ilearn.thu.edu.tw/static/92556.15283730.js,.js,True,raw/ilearn.thu.edu.tw/static/92556.15283730.js,200
raw/ilearn.thu.edu.tw/static/runtime~js/main-public-course-e9dcc59d.js,https://ilearn.thu.edu.tw/static/92702-e80c4026.chunk.css,.css,True,raw/ilearn.thu.edu.tw/static/92702-e80c4026.chunk.css,200
raw/ilearn.thu.edu.tw/static/runtime~js/main-public-course-e9dcc59d.js,https://ilearn.thu.edu.tw/static/92794.570cff7b.js,.js,True,raw/ilearn.thu.edu.tw/static/92794.570cff7b.js,200
raw/ilearn.thu.edu.tw/static/runtime~js/main-public-course-e9dcc59d.js,https://ilearn.thu.edu.tw/static/93084.502a2adb.js,.js,True,raw/ilearn.thu.edu.tw/static/93084.502a2adb.js,200
raw/ilearn.thu.edu.tw/static/runtime~js/main-public-course-e9dcc59d.js,https://ilearn.thu.edu.tw/static/93155.0c0ec13a.js,.js,True,raw/ilearn.thu.edu.tw/static/93155.0c0ec13a.js,200
raw/ilearn.thu.edu.tw/static/runtime~js/main-public-course-e9dcc59d.js,https://ilearn.thu.edu.tw/static/93163-c671509c.chunk.css,.css,True,raw/ilearn.thu.edu.tw/static/93163-c671509c.chunk.css,200
raw/ilearn.thu.edu.tw/static/runtime~js/main-public-course-e9dcc59d.js,https://ilearn.thu.edu.tw/static/93163.ee12a54e.js,.js,True,raw/ilearn.thu.edu.tw/static/93163.ee12a54e.js,200
raw/ilearn.thu.edu.tw/static/runtime~js/main-public-course-e9dcc59d.js,https://ilearn.thu.edu.tw/static/93171.b583fe89.js,.js,True,raw/ilearn.thu.edu.tw/static/93171.b583fe89.js,200
raw/ilearn.thu.edu.tw/static/runtime~js/main-public-course-e9dcc59d.js,https://ilearn.thu.edu.tw/static/93198.dceb561e.js,.js,True,raw/ilearn.thu.edu.tw/static/93198.dceb561e.js,200
raw/ilearn.thu.edu.tw/static/runtime~js/main-public-course-e9dcc59d.js,https://ilearn.thu.edu.tw/static/93281.cb5e4d75.js,.js,True,raw/ilearn.thu.edu.tw/static/93281.cb5e4d75.js,200
raw/ilearn.thu.edu.tw/static/runtime~js/main-public-course-e9dcc59d.js,https://ilearn.thu.edu.tw/static/93341-28b62aba.chunk.css,.css,True,raw/ilearn.thu.edu.tw/static/93341-28b62aba.chunk.css,200
raw/ilearn.thu.edu.tw/static/runtime~js/main-public-course-e9dcc59d.js,https://ilearn.thu.edu.tw/static/93341.d3187e73.js,.js,True,raw/ilearn.thu.edu.tw/static/93341.d3187e73.js,200
raw/ilearn.thu.edu.tw/static/runtime~js/main-public-course-e9dcc59d.js,https://ilearn.thu.edu.tw/static/93366-9ec5bda6.chunk.css,.css,True,raw/ilearn.thu.edu.tw/static/93366-9ec5bda6.chunk.css,200
raw/ilearn.thu.edu.tw/static/runtime~js/main-public-course-e9dcc59d.js,https://ilearn.thu.edu.tw/static/93366.14a0fcf7.js,.js,True,raw/ilearn.thu.edu.tw/static/93366.14a0fcf7.js,200
raw/ilearn.thu.edu.tw/static/runtime~js/main-public-course-e9dcc59d.js,https://ilearn.thu.edu.tw/static/93392.97d11656.js,.js,True,raw/ilearn.thu.edu.tw/static/93392.97d11656.js,200
raw/ilearn.thu.edu.tw/static/runtime~js/main-public-course-e9dcc59d.js,https://ilearn.thu.edu.tw/static/93707-2c8eaaf5.chunk.css,.css,True,raw/ilearn.thu.edu.tw/static/93707-2c8eaaf5.chunk.css,200
raw/ilearn.thu.edu.tw/static/runtime~js/main-public-course-e9dcc59d.js,https://ilearn.thu.edu.tw/static/93707.998416bf.js,.js,True,raw/ilearn.thu.edu.tw/static/93707.998416bf.js,200
raw/ilearn.thu.edu.tw/static/runtime~js/main-public-course-e9dcc59d.js,https://ilearn.thu.edu.tw/static/93714.ed691a45.js,.js,True,raw/ilearn.thu.edu.tw/static/93714.ed691a45.js,200
raw/ilearn.thu.edu.tw/static/runtime~js/main-public-course-e9dcc59d.js,https://ilearn.thu.edu.tw/static/93746.df010f77.js,.js,True,raw/ilearn.thu.edu.tw/static/93746.df010f77.js,200
raw/ilearn.thu.edu.tw/static/runtime~js/main-public-course-e9dcc59d.js,https://ilearn.thu.edu.tw/static/93780.c5d539c8.js,.js,True,raw/ilearn.thu.edu.tw/static/93780.c5d539c8.js,200
raw/ilearn.thu.edu.tw/static/runtime~js/main-public-course-e9dcc59d.js,https://ilearn.thu.edu.tw/static/93884.fff48217.js,.js,True,raw/ilearn.thu.edu.tw/static/93884.fff48217.js,200
raw/ilearn.thu.edu.tw/static/runtime~js/main-public-course-e9dcc59d.js,https://ilearn.thu.edu.tw/static/93926.b408e087.js,.js,True,raw/ilearn.thu.edu.tw/static/93926.b408e087.js,200
raw/ilearn.thu.edu.tw/static/runtime~js/main-public-course-e9dcc59d.js,https://ilearn.thu.edu.tw/static/94064.3246640d.js,.js,True,raw/ilearn.thu.edu.tw/static/94064.3246640d.js,200
raw/ilearn.thu.edu.tw/static/runtime~js/main-public-course-e9dcc59d.js,https://ilearn.thu.edu.tw/static/94084-198e70ff.chunk.css,.css,True,raw/ilearn.thu.edu.tw/static/94084-198e70ff.chunk.css,200
raw/ilearn.thu.edu.tw/static/runtime~js/main-public-course-e9dcc59d.js,https://ilearn.thu.edu.tw/static/94084.256de11c.js,.js,True,raw/ilearn.thu.edu.tw/static/94084.256de11c.js,200
raw/ilearn.thu.edu.tw/static/runtime~js/main-public-course-e9dcc59d.js,https://ilearn.thu.edu.tw/static/94119.6a53ddb1.js,.js,True,raw/ilearn.thu.edu.tw/static/94119.6a53ddb1.js,200
raw/ilearn.thu.edu.tw/static/runtime~js/main-public-course-e9dcc59d.js,https://ilearn.thu.edu.tw/static/94170.7b87e45d.js,.js,True,raw/ilearn.thu.edu.tw/static/94170.7b87e45d.js,200
raw/ilearn.thu.edu.tw/static/runtime~js/main-public-course-e9dcc59d.js,https://ilearn.thu.edu.tw/static/94207.55993ecf.js,.js,True,raw/ilearn.thu.edu.tw/static/94207.55993ecf.js,200
raw/ilearn.thu.edu.tw/static/runtime~js/main-public-course-e9dcc59d.js,https://ilearn.thu.edu.tw/static/94266-82908132.chunk.css,.css,True,raw/ilearn.thu.edu.tw/static/94266-82908132.chunk.css,200
raw/ilearn.thu.edu.tw/static/runtime~js/main-public-course-e9dcc59d.js,https://ilearn.thu.edu.tw/static/94266.e5ff0ac2.js,.js,True,raw/ilearn.thu.edu.tw/static/94266.e5ff0ac2.js,200
raw/ilearn.thu.edu.tw/static/runtime~js/main-public-course-e9dcc59d.js,https://ilearn.thu.edu.tw/static/94290-7289bec6.chunk.css,.css,True,raw/ilearn.thu.edu.tw/static/94290-7289bec6.chunk.css,200
raw/ilearn.thu.edu.tw/static/runtime~js/main-public-course-e9dcc59d.js,https://ilearn.thu.edu.tw/static/94290.afac436a.js,.js,True,raw/ilearn.thu.edu.tw/static/94290.afac436a.js,200
raw/ilearn.thu.edu.tw/static/runtime~js/main-public-course-e9dcc59d.js,https://ilearn.thu.edu.tw/static/94299-db06345e.chunk.css,.css,True,raw/ilearn.thu.edu.tw/static/94299-db06345e.chunk.css,200
raw/ilearn.thu.edu.tw/static/runtime~js/main-public-course-e9dcc59d.js,https://ilearn.thu.edu.tw/static/94299.52749a48.js,.js,True,raw/ilearn.thu.edu.tw/static/94299.52749a48.js,200
raw/ilearn.thu.edu.tw/static/runtime~js/main-public-course-e9dcc59d.js,https://ilearn.thu.edu.tw/static/943-eece7788.chunk.css,.css,True,raw/ilearn.thu.edu.tw/static/943-eece7788.chunk.css,200
raw/ilearn.thu.edu.tw/static/runtime~js/main-public-course-e9dcc59d.js,https://ilearn.thu.edu.tw/static/943.9f27a35c.js,.js,True,raw/ilearn.thu.edu.tw/static/943.9f27a35c.js,200
raw/ilearn.thu.edu.tw/static/runtime~js/main-public-course-e9dcc59d.js,https://ilearn.thu.edu.tw/static/94591.2a6f5e72.js,.js,True,raw/ilearn.thu.edu.tw/static/94591.2a6f5e72.js,200
raw/ilearn.thu.edu.tw/static/runtime~js/main-public-course-e9dcc59d.js,https://ilearn.thu.edu.tw/static/94795.2ff75664.js,.js,True,raw/ilearn.thu.edu.tw/static/94795.2ff75664.js,200
raw/ilearn.thu.edu.tw/static/runtime~js/main-public-course-e9dcc59d.js,https://ilearn.thu.edu.tw/static/94862.200578e9.js,.js,True,raw/ilearn.thu.edu.tw/static/94862.200578e9.js,200
raw/ilearn.thu.edu.tw/static/runtime~js/main-public-course-e9dcc59d.js,https://ilearn.thu.edu.tw/static/95034.c578be3f.js,.js,True,raw/ilearn.thu.edu.tw/static/95034.c578be3f.js,200
raw/ilearn.thu.edu.tw/static/runtime~js/main-public-course-e9dcc59d.js,https://ilearn.thu.edu.tw/static/95078.fcfc24e6.js,.js,True,raw/ilearn.thu.edu.tw/static/95078.fcfc24e6.js,200
raw/ilearn.thu.edu.tw/static/runtime~js/main-public-course-e9dcc59d.js,https://ilearn.thu.edu.tw/static/95128.8705b488.js,.js,True,raw/ilearn.thu.edu.tw/static/95128.8705b488.js,200
raw/ilearn.thu.edu.tw/static/runtime~js/main-public-course-e9dcc59d.js,https://ilearn.thu.edu.tw/static/95397-5f6909f9.chunk.css,.css,True,raw/ilearn.thu.edu.tw/static/95397-5f6909f9.chunk.css,200
raw/ilearn.thu.edu.tw/static/runtime~js/main-public-course-e9dcc59d.js,https://ilearn.thu.edu.tw/static/95397.bb70580d.js,.js,True,raw/ilearn.thu.edu.tw/static/95397.bb70580d.js,200
raw/ilearn.thu.edu.tw/static/runtime~js/main-public-course-e9dcc59d.js,https://ilearn.thu.edu.tw/static/95526.f68dcdae.js,.js,True,raw/ilearn.thu.edu.tw/static/95526.f68dcdae.js,200
raw/ilearn.thu.edu.tw/static/runtime~js/main-public-course-e9dcc59d.js,https://ilearn.thu.edu.tw/static/95825.9d586b3c.js,.js,True,raw/ilearn.thu.edu.tw/static/95825.9d586b3c.js,200
raw/ilearn.thu.edu.tw/static/runtime~js/main-public-course-e9dcc59d.js,https://ilearn.thu.edu.tw/static/95877.fecdc441.js,.js,True,raw/ilearn.thu.edu.tw/static/95877.fecdc441.js,200
raw/ilearn.thu.edu.tw/static/runtime~js/main-public-course-e9dcc59d.js,https://ilearn.thu.edu.tw/static/96140-2276bc17.chunk.css,.css,True,raw/ilearn.thu.edu.tw/static/96140-2276bc17.chunk.css,200
raw/ilearn.thu.edu.tw/static/runtime~js/main-public-course-e9dcc59d.js,https://ilearn.thu.edu.tw/static/96140.a5ad6c1d.js,.js,True,raw/ilearn.thu.edu.tw/static/96140.a5ad6c1d.js,200
raw/ilearn.thu.edu.tw/static/runtime~js/main-public-course-e9dcc59d.js,https://ilearn.thu.edu.tw/static/96190.4e7c05f5.js,.js,True,raw/ilearn.thu.edu.tw/static/96190.4e7c05f5.js,200
raw/ilearn.thu.edu.tw/static/runtime~js/main-public-course-e9dcc59d.js,https://ilearn.thu.edu.tw/static/96209-7e6b6625.chunk.css,.css,True,raw/ilearn.thu.edu.tw/static/96209-7e6b6625.chunk.css,200
raw/ilearn.thu.edu.tw/static/runtime~js/main-public-course-e9dcc59d.js,https://ilearn.thu.edu.tw/static/96209.eab6623e.js,.js,True,raw/ilearn.thu.edu.tw/static/96209.eab6623e.js,200
raw/ilearn.thu.edu.tw/static/runtime~js/main-public-course-e9dcc59d.js,https://ilearn.thu.edu.tw/static/96258.25a0a2a3.js,.js,True,raw/ilearn.thu.edu.tw/static/96258.25a0a2a3.js,200
raw/ilearn.thu.edu.tw/static/runtime~js/main-public-course-e9dcc59d.js,https://ilearn.thu.edu.tw/static/96531.6cf2d69c.js,.js,True,raw/ilearn.thu.edu.tw/static/96531.6cf2d69c.js,200
raw/ilearn.thu.edu.tw/static/runtime~js/main-public-course-e9dcc59d.js,https://ilearn.thu.edu.tw/static/96553.acc9dcc4.js,.js,True,raw/ilearn.thu.edu.tw/static/96553.acc9dcc4.js,200
raw/ilearn.thu.edu.tw/static/runtime~js/main-public-course-e9dcc59d.js,https://ilearn.thu.edu.tw/static/96594.0de9518d.js,.js,True,raw/ilearn.thu.edu.tw/static/96594.0de9518d.js,200
raw/ilearn.thu.edu.tw/static/runtime~js/main-public-course-e9dcc59d.js,https://ilearn.thu.edu.tw/static/96674-0662e627.chunk.css,.css,True,raw/ilearn.thu.edu.tw/static/96674-0662e627.chunk.css,200
raw/ilearn.thu.edu.tw/static/runtime~js/main-public-course-e9dcc59d.js,https://ilearn.thu.edu.tw/static/96674.e7c69224.js,.js,True,raw/ilearn.thu.edu.tw/static/96674.e7c69224.js,200
raw/ilearn.thu.edu.tw/static/runtime~js/main-public-course-e9dcc59d.js,https://ilearn.thu.edu.tw/static/96717.643d9050.js,.js,True,raw/ilearn.thu.edu.tw/static/96717.643d9050.js,200
raw/ilearn.thu.edu.tw/static/runtime~js/main-public-course-e9dcc59d.js,https://ilearn.thu.edu.tw/static/96781.5b15a99b.js,.js,True,raw/ilearn.thu.edu.tw/static/96781.5b15a99b.js,200
raw/ilearn.thu.edu.tw/static/runtime~js/main-public-course-e9dcc59d.js,https://ilearn.thu.edu.tw/static/96966.ce16085e.js,.js,True,raw/ilearn.thu.edu.tw/static/96966.ce16085e.js,200
raw/ilearn.thu.edu.tw/static/runtime~js/main-public-course-e9dcc59d.js,https://ilearn.thu.edu.tw/static/97170.21bce3c1.js,.js,True,raw/ilearn.thu.edu.tw/static/97170.21bce3c1.js,200
raw/ilearn.thu.edu.tw/static/runtime~js/main-public-course-e9dcc59d.js,https://ilearn.thu.edu.tw/static/97195-43fd1547.chunk.css,.css,True,raw/ilearn.thu.edu.tw/static/97195-43fd1547.chunk.css,200
raw/ilearn.thu.edu.tw/static/runtime~js/main-public-course-e9dcc59d.js,https://ilearn.thu.edu.tw/static/97195.2faf10fc.js,.js,True,raw/ilearn.thu.edu.tw/static/97195.2faf10fc.js,200
raw/ilearn.thu.edu.tw/static/runtime~js/main-public-course-e9dcc59d.js,https://ilearn.thu.edu.tw/static/97222-7a130436.js,.js,True,raw/ilearn.thu.edu.tw/static/97222-7a130436.js,200
raw/ilearn.thu.edu.tw/static/runtime~js/main-public-course-e9dcc59d.js,https://ilearn.thu.edu.tw/static/9727.544f163b.js,.js,True,raw/ilearn.thu.edu.tw/static/9727.544f163b.js,200
raw/ilearn.thu.edu.tw/static/runtime~js/main-public-course-e9dcc59d.js,https://ilearn.thu.edu.tw/static/9733.dbcbf3d9.js,.js,True,raw/ilearn.thu.edu.tw/static/9733.dbcbf3d9.js,200
raw/ilearn.thu.edu.tw/static/runtime~js/main-public-course-e9dcc59d.js,https://ilearn.thu.edu.tw/static/97381-087aef3b.chunk.css,.css,True,raw/ilearn.thu.edu.tw/static/97381-087aef3b.chunk.css,200
raw/ilearn.thu.edu.tw/static/runtime~js/main-public-course-e9dcc59d.js,https://ilearn.thu.edu.tw/static/97381.d0865143.js,.js,True,raw/ilearn.thu.edu.tw/static/97381.d0865143.js,200
raw/ilearn.thu.edu.tw/static/runtime~js/main-public-course-e9dcc59d.js,https://ilearn.thu.edu.tw/static/97620-09432542.chunk.css,.css,True,raw/ilearn.thu.edu.tw/static/97620-09432542.chunk.css,200
raw/ilearn.thu.edu.tw/static/runtime~js/main-public-course-e9dcc59d.js,https://ilearn.thu.edu.tw/static/97620.c8167195.js,.js,True,raw/ilearn.thu.edu.tw/static/97620.c8167195.js,200
raw/ilearn.thu.edu.tw/static/runtime~js/main-public-course-e9dcc59d.js,https://ilearn.thu.edu.tw/static/97675.79548d56.js,.js,True,raw/ilearn.thu.edu.tw/static/97675.79548d56.js,200
raw/ilearn.thu.edu.tw/static/runtime~js/main-public-course-e9dcc59d.js,https://ilearn.thu.edu.tw/static/97992.59d1ce65.js,.js,True,raw/ilearn.thu.edu.tw/static/97992.59d1ce65.js,200
raw/ilearn.thu.edu.tw/static/runtime~js/main-public-course-e9dcc59d.js,https://ilearn.thu.edu.tw/static/98222-8a4fb695.chunk.css,.css,True,raw/ilearn.thu.edu.tw/static/98222-8a4fb695.chunk.css,200
raw/ilearn.thu.edu.tw/static/runtime~js/main-public-course-e9dcc59d.js,https://ilearn.thu.edu.tw/static/98222.8de0acc8.js,.js,True,raw/ilearn.thu.edu.tw/static/98222.8de0acc8.js,200
raw/ilearn.thu.edu.tw/static/runtime~js/main-public-course-e9dcc59d.js,https://ilearn.thu.edu.tw/static/98451.e84ea91c.js,.js,True,raw/ilearn.thu.edu.tw/static/98451.e84ea91c.js,200
raw/ilearn.thu.edu.tw/static/runtime~js/main-public-course-e9dcc59d.js,https://ilearn.thu.edu.tw/static/9862.d5cc01ba.js,.js,True,raw/ilearn.thu.edu.tw/static/9862.d5cc01ba.js,200
raw/ilearn.thu.edu.tw/static/runtime~js/main-public-course-e9dcc59d.js,https://ilearn.thu.edu.tw/static/98766.dfd08580.js,.js,True,raw/ilearn.thu.edu.tw/static/98766.dfd08580.js,200
raw/ilearn.thu.edu.tw/static/runtime~js/main-public-course-e9dcc59d.js,https://ilearn.thu.edu.tw/static/99006-f91aede3.chunk.css,.css,True,raw/ilearn.thu.edu.tw/static/99006-f91aede3.chunk.css,200
raw/ilearn.thu.edu.tw/static/runtime~js/main-public-course-e9dcc59d.js,https://ilearn.thu.edu.tw/static/99006.38242dc9.js,.js,True,raw/ilearn.thu.edu.tw/static/99006.38242dc9.js,200
raw/ilearn.thu.edu.tw/static/runtime~js/main-public-course-e9dcc59d.js,https://ilearn.thu.edu.tw/static/99038-17730c9a.chunk.css,.css,True,raw/ilearn.thu.edu.tw/static/99038-17730c9a.chunk.css,200
raw/ilearn.thu.edu.tw/static/runtime~js/main-public-course-e9dcc59d.js,https://ilearn.thu.edu.tw/static/99038.bc3a4ccc.js,.js,True,raw/ilearn.thu.edu.tw/static/99038.bc3a4ccc.js,200
raw/ilearn.thu.edu.tw/static/runtime~js/main-public-course-e9dcc59d.js,https://ilearn.thu.edu.tw/static/99113.4bb3dd4a.js,.js,True,raw/ilearn.thu.edu.tw/static/99113.4bb3dd4a.js,200
raw/ilearn.thu.edu.tw/static/runtime~js/main-public-course-e9dcc59d.js,https://ilearn.thu.edu.tw/static/99224.622b68bb.js,.js,True,raw/ilearn.thu.edu.tw/static/99224.622b68bb.js,200
raw/ilearn.thu.edu.tw/static/runtime~js/main-public-course-e9dcc59d.js,https://ilearn.thu.edu.tw/static/99393-9568e05c.chunk.css,.css,True,raw/ilearn.thu.edu.tw/static/99393-9568e05c.chunk.css,200
raw/ilearn.thu.edu.tw/static/runtime~js/main-public-course-e9dcc59d.js,https://ilearn.thu.edu.tw/static/99393.17a82ead.js,.js,True,raw/ilearn.thu.edu.tw/static/99393.17a82ead.js,200
raw/ilearn.thu.edu.tw/static/runtime~js/main-public-course-e9dcc59d.js,https://ilearn.thu.edu.tw/static/99439-a70472ff.chunk.css,.css,True,raw/ilearn.thu.edu.tw/static/99439-a70472ff.chunk.css,200
raw/ilearn.thu.edu.tw/static/runtime~js/main-public-course-e9dcc59d.js,https://ilearn.thu.edu.tw/static/99439.0d4c2abb.js,.js,True,raw/ilearn.thu.edu.tw/static/99439.0d4c2abb.js,200
raw/ilearn.thu.edu.tw/static/runtime~js/main-public-course-e9dcc59d.js,https://ilearn.thu.edu.tw/static/99560-dad24394.chunk.css,.css,True,raw/ilearn.thu.edu.tw/static/99560-dad24394.chunk.css,200
raw/ilearn.thu.edu.tw/static/runtime~js/main-public-course-e9dcc59d.js,https://ilearn.thu.edu.tw/static/99955-4e2de18c.chunk.css,.css,True,raw/ilearn.thu.edu.tw/static/99955-4e2de18c.chunk.css,200
raw/ilearn.thu.edu.tw/static/runtime~js/main-public-course-e9dcc59d.js,https://ilearn.thu.edu.tw/static/99955.ed221ecb.js,.js,True,raw/ilearn.thu.edu.tw/static/99955.ed221ecb.js,200
raw/ilearn.thu.edu.tw/static/runtime~js/main-public-course-e9dcc59d.js,https://ilearn.thu.edu.tw/static/js/main-public-course-e8564729.css,.css,True,raw/ilearn.thu.edu.tw/static/js/main-public-course-e8564729.css,200
raw/ilearn.thu.edu.tw/static/runtime~js/main-public-course-e9dcc59d.js,https://ilearn.thu.edu.tw/static/styles-base-b3360956.css,.css,True,raw/ilearn.thu.edu.tw/static/styles-base-b3360956.css,200
raw/ilearn.thu.edu.tw/static/runtime~js/main-public-course-e9dcc59d.js,https://ilearn.thu.edu.tw/static/styles-course-037f0dda-4f232b81.css,.css,True,raw/ilearn.thu.edu.tw/static/styles-course-037f0dda-4f232b81.css,200
raw/ilearn.thu.edu.tw/static/runtime~js/main-public-course-e9dcc59d.js,https://ilearn.thu.edu.tw/static/styles-course-127037c2-0b33d085.css,.css,True,raw/ilearn.thu.edu.tw/static/styles-course-127037c2-0b33d085.css,200
raw/ilearn.thu.edu.tw/static/runtime~js/main-public-course-e9dcc59d.js,https://ilearn.thu.edu.tw/static/styles-course-30349872-659401ca.css,.css,True,raw/ilearn.thu.edu.tw/static/styles-course-30349872-659401ca.css,200
raw/ilearn.thu.edu.tw/static/runtime~js/main-public-course-e9dcc59d.js,https://ilearn.thu.edu.tw/static/styles-course-ce409320-2e476976.css,.css,True,raw/ilearn.thu.edu.tw/static/styles-course-ce409320-2e476976.css,200
raw/ilearn.thu.edu.tw/static/runtime~js/main-public-course-e9dcc59d.js,https://ilearn.thu.edu.tw/static/styles-course-f15203a0-c3fcafaa.css,.css,True,raw/ilearn.thu.edu.tw/static/styles-course-f15203a0-c3fcafaa.css,200
raw/ilearn.thu.edu.tw/static/runtime~js/main-public-course-e9dcc59d.js,https://ilearn.thu.edu.tw/static/styles-iview-58339d95.css,.css,True,raw/ilearn.thu.edu.tw/static/styles-iview-58339d95.css,200
raw/ilearn.thu.edu.tw/static/runtime~js/main-public-course-e9dcc59d.js,https://ilearn.thu.edu.tw/static/styles-lms-main-053bba23.css,.css,True,raw/ilearn.thu.edu.tw/static/styles-lms-main-053bba23.css,200
raw/ilearn.thu.edu.tw/static/runtime~js/main-public-course-e9dcc59d.js,https://ilearn.thu.edu.tw/static/styles-user-ad3bda01.css,.css,True,raw/ilearn.thu.edu.tw/static/styles-user-ad3bda01.css,200
